# FreeCAD v1.1 build3 Arch module
# https://www.freecad.org
mtllib object.mtl
o Body
usemtl color_adb5bd
v 19.950001 6.0 0.0
v -19.950001 6.0 0.0
v -19.950001 6.0 30.0
v 19.950001 6.0 30.0
v -17.325001 0.0 0.0
v -17.325001 0.0 30.0
v 17.325001 0.0 30.0
v 17.325001 0.0 0.0
v 17.325001 -3.0 0.0
v -17.325001 -3.0 0.0
v -17.325001 -3.0 30.0
v 17.325001 -3.0 30.0
v -17.325001 -3.0 20.0
v -17.325001 -7.891558 11.779425
v -17.325001 -7.325724 11.233413
v -17.325001 -6.787399 10.66026
v -17.325001 -8.483534 12.296978
v -17.325001 -6.277883 10.061352
v -17.325001 -9.100224 12.784822
v -17.325001 -5.798407 9.438135
v -17.325001 -9.740135 13.241779
v -17.325001 -5.350129 8.792113
v -17.325001 -10.401725 13.666746
v -17.325001 -13.0 20.0
v -17.325001 -4.934131 8.124848
v -17.325001 -11.083394 14.058696
v -17.325001 -4.551418 7.437951
v -17.325001 -11.783496 14.416681
v -17.325001 -4.202914 6.73308
v -17.325001 -12.500341 14.739839
v -17.325001 -3.889462 6.011939
v -17.325001 -13.232197 15.027387
v -17.325001 -13.977297 15.278631
v -17.325001 -14.73384 15.492966
v -17.325001 -15.5 15.669873
v -17.325001 -3.166549 3.768478
v -17.325001 -3.370653 4.527845
v -17.325001 -3.611818 5.276268
v -17.325001 -3.0 3.0
v -17.325001 -32.820507 25.669872
v -17.325001 -30.320509 30.0
v 17.325001 -3.0 3.0
v 17.325001 -3.166549 3.768478
v 17.325001 -3.370653 4.527845
v 17.325001 -3.611818 5.276268
v 17.325001 -3.889462 6.011939
v 17.325001 -3.0 20.0
v 17.325001 -4.202914 6.73308
v 17.325001 -4.551418 7.437951
v 17.325001 -4.934131 8.124848
v 17.325001 -5.350129 8.792113
v 17.325001 -5.798407 9.438135
v 17.325001 -6.277883 10.061352
v 17.325001 -6.787399 10.66026
v 17.325001 -7.325724 11.233413
v 17.325001 -7.891558 11.779425
v 17.325001 -8.483534 12.296978
v 17.325001 -9.100224 12.784822
v 17.325001 -9.740135 13.241779
v 17.325001 -10.401725 13.666746
v 17.325001 -13.0 20.0
v 17.325001 -11.083394 14.058696
v 17.325001 -11.783496 14.416681
v 17.325001 -12.500341 14.739839
v 17.325001 -13.232197 15.027387
v 17.325001 -13.977297 15.278631
v 17.325001 -14.73384 15.492966
v 17.325001 -15.5 15.669873
v 17.325001 -30.320509 30.0
v 17.325001 -32.820507 25.669872
v -10.861655 -25.927395 21.690132
v -10.757211 -26.02013 21.743673
v -10.647557 -26.108242 21.794544
v -10.960633 -25.830265 21.634054
v -10.532969 -26.191511 21.842621
v -11.053898 -25.728985 21.575579
v -10.413731 -26.269732 21.887779
v -11.141216 -25.623802 21.514853
v -10.290139 -26.342705 21.929913
v -11.222373 -25.514982 21.452026
v -10.1625 -26.410254 21.96891
v -11.297165 -25.402794 21.387255
v -10.031132 -26.472208 22.004681
v -11.365407 -25.287518 21.320698
v -9.896361 -26.528416 22.037132
v -11.426929 -25.169437 21.252525
v -9.758523 -26.578735 22.066183
v -11.481578 -25.048849 21.182903
v -9.61796 -26.623041 22.091764
v -11.529219 -24.92605 21.112005
v -9.475021 -26.661224 22.11381
v -11.569732 -24.801348 21.040009
v -9.330063 -26.693192 22.132265
v -11.603018 -24.675053 20.967093
v -9.183445 -26.718859 22.147085
v -11.628992 -24.547478 20.893436
v -9.035531 -26.738167 22.158232
v -11.647593 -24.41894 20.819225
v -8.88669 -26.751066 22.165678
v -11.658771 -24.289757 20.744642
v -8.737292 -26.757523 22.169407
v -11.6625 -24.160254 20.669872
v -8.587708 -26.757523 22.169407
v -8.43831 -26.751066 22.165678
v -8.289469 -26.738167 22.158232
v -8.141556 -26.718859 22.147085
v -7.994937 -26.693192 22.132265
v -10.031132 -21.848299 19.335066
v -10.1625 -21.910254 19.370834
v -10.290139 -21.977802 19.409834
v -10.413731 -22.050777 19.451965
v -10.532969 -22.128996 19.497126
v -10.647557 -22.212265 19.5452
v -10.757211 -22.300377 19.596073
v -10.861655 -22.393114 19.649614
v -10.960633 -22.490242 19.705692
v -11.053898 -22.591524 19.764166
v -11.141216 -22.696705 19.824892
v -11.222373 -22.805525 19.88772
v -11.297165 -22.917713 19.952492
v -11.365407 -23.032991 20.019047
v -11.426929 -23.151072 20.087221
v -11.481578 -23.27166 20.156843
v -11.529219 -23.394457 20.227739
v -11.569732 -23.519159 20.299736
v -11.603018 -23.645454 20.372654
v -11.628992 -23.773031 20.44631
v -11.647593 -23.901569 20.520521
v -11.658771 -24.03075 20.595104
v -9.896361 -21.792093 19.302614
v -9.758523 -21.741774 19.273561
v -9.61796 -21.697466 19.247982
v -9.475021 -21.659283 19.225937
v -9.330063 -21.627317 19.207481
v -9.183445 -21.601648 19.192661
v -9.035531 -21.58234 19.181515
v -8.88669 -21.569443 19.174067
v -8.737292 -21.562984 19.17034
v -8.587708 -21.562984 19.17034
v -8.43831 -21.569443 19.174067
v -8.289469 -21.58234 19.181515
v -8.141556 -21.601648 19.192661
v -7.994937 -21.627317 19.207481
v -2.199156 -25.927395 21.690132
v -6.56779 -26.02013 21.743673
v -6.463345 -25.927395 21.690132
v -2.09471 -26.02013 21.743673
v -1.985057 -26.108242 21.794544
v -6.677443 -26.108242 21.794544
v -2.298133 -25.830265 21.634054
v -6.364367 -25.830265 21.634054
v -1.870469 -26.191511 21.842621
v -6.792031 -26.191511 21.842621
v -2.391397 -25.728985 21.575579
v -6.271102 -25.728985 21.575579
v -1.751231 -26.269732 21.887779
v -7.034861 -26.342705 21.929913
v -6.911269 -26.269732 21.887779
v -2.478716 -25.623802 21.514853
v -6.183784 -25.623802 21.514853
v -1.627639 -26.342705 21.929913
v -2.559873 -25.514982 21.452026
v -6.102627 -25.514982 21.452026
v -1.5 -26.410254 21.96891
v -7.293868 -26.472208 22.004681
v -7.1625 -26.410254 21.96891
v -2.634665 -25.402794 21.387255
v -6.027835 -25.402794 21.387255
v -1.368632 -26.472208 22.004681
v -2.702907 -25.287518 21.320698
v -5.959593 -25.287518 21.320698
v -1.233861 -26.528416 22.037132
v -7.566477 -26.578735 22.066183
v -7.428638 -26.528416 22.037132
v -2.764429 -25.169437 21.252525
v -5.898071 -25.169437 21.252525
v -1.096023 -26.578735 22.066183
v -2.819078 -25.048849 21.182903
v -5.843422 -25.048849 21.182903
v -0.95546 -26.623041 22.091764
v -7.70704 -26.623041 22.091764
v -2.866719 -24.92605 21.112005
v -5.795782 -24.92605 21.112005
v -0.812521 -26.661224 22.11381
v -7.849978 -26.661224 22.11381
v -2.907232 -24.801348 21.040009
v -5.755268 -24.801348 21.040009
v -0.667563 -26.693192 22.132265
v -2.940517 -24.675053 20.967093
v -5.721982 -24.675053 20.967093
v -0.520945 -26.718859 22.147085
v -2.966492 -24.547478 20.893436
v -5.696008 -24.547478 20.893436
v -0.373031 -26.738167 22.158232
v -2.985092 -24.41894 20.819225
v -5.677408 -24.41894 20.819225
v -0.22419 -26.751066 22.165678
v -2.996271 -24.289757 20.744642
v -5.666229 -24.289757 20.744642
v -0.074792 -26.757523 22.169407
v -3.0 -24.160254 20.669872
v -5.6625 -24.160254 20.669872
v -5.666229 -24.03075 20.595104
v -2.996271 -24.03075 20.595104
v -5.677408 -23.901569 20.520521
v -2.985092 -23.901569 20.520521
v -2.966492 -23.773031 20.44631
v -5.696008 -23.773031 20.44631
v -5.721982 -23.645454 20.372654
v -2.940517 -23.645454 20.372654
v -5.755268 -23.519159 20.299736
v -2.907232 -23.519159 20.299736
v -2.866719 -23.394457 20.227739
v -5.795782 -23.394457 20.227739
v -2.819078 -23.27166 20.156843
v -5.843422 -23.27166 20.156843
v -5.898071 -23.151072 20.087221
v -2.764429 -23.151072 20.087221
v -5.959593 -23.032991 20.019047
v -2.702907 -23.032991 20.019047
v -2.634665 -22.917713 19.952492
v -6.027835 -22.917713 19.952492
v -2.559873 -22.805525 19.88772
v -6.102627 -22.805525 19.88772
v -6.183784 -22.696705 19.824892
v -2.478716 -22.696705 19.824892
v -2.391397 -22.591524 19.764166
v -6.271102 -22.591524 19.764166
v -2.298133 -22.490242 19.705692
v -6.364367 -22.490242 19.705692
v -2.199156 -22.393114 19.649614
v -6.463345 -22.393114 19.649614
v -6.56779 -22.300377 19.596073
v -2.09471 -22.300377 19.596073
v -1.985057 -22.212265 19.5452
v -6.677443 -22.212265 19.5452
v -6.792031 -22.128996 19.497126
v -1.870469 -22.128996 19.497126
v -6.911269 -22.050777 19.451965
v -1.751231 -22.050777 19.451965
v -1.627639 -21.977802 19.409834
v -7.034861 -21.977802 19.409834
v -7.1625 -21.910254 19.370834
v -1.5 -21.910254 19.370834
v -1.368632 -21.848299 19.335066
v -7.293868 -21.848299 19.335066
v -1.233861 -21.792093 19.302614
v -7.428638 -21.792093 19.302614
v -1.096023 -21.741774 19.273561
v -7.566477 -21.741774 19.273561
v -7.70704 -21.697466 19.247982
v -0.95546 -21.697466 19.247982
v -0.812521 -21.659283 19.225937
v -7.849978 -21.659283 19.225937
v -0.667563 -21.627317 19.207481
v -0.520945 -21.601648 19.192661
v -0.373031 -21.58234 19.181515
v -0.22419 -21.569443 19.174067
v -0.074792 -21.562984 19.17034
v 6.463345 -25.927395 21.690132
v 2.09471 -26.02013 21.743673
v 2.199156 -25.927395 21.690132
v 6.56779 -26.02013 21.743673
v 6.677443 -26.108242 21.794544
v 1.985057 -26.108242 21.794544
v 6.364367 -25.830265 21.634054
v 2.298133 -25.830265 21.634054
v 6.792031 -26.191511 21.842621
v 1.751231 -26.269732 21.887779
v 1.870469 -26.191511 21.842621
v 6.271102 -25.728985 21.575579
v 2.391397 -25.728985 21.575579
v 6.911269 -26.269732 21.887779
v 1.627639 -26.342705 21.929913
v 6.183784 -25.623802 21.514853
v 2.478716 -25.623802 21.514853
v 7.034861 -26.342705 21.929913
v 6.102627 -25.514982 21.452026
v 2.559873 -25.514982 21.452026
v 7.1625 -26.410254 21.96891
v 1.5 -26.410254 21.96891
v 6.027835 -25.402794 21.387255
v 2.634665 -25.402794 21.387255
v 7.293868 -26.472208 22.004681
v 1.368632 -26.472208 22.004681
v 5.959593 -25.287518 21.320698
v 2.702907 -25.287518 21.320698
v 7.428638 -26.528416 22.037132
v 1.233861 -26.528416 22.037132
v 5.898071 -25.169437 21.252525
v 2.764429 -25.169437 21.252525
v 7.566477 -26.578735 22.066183
v 0.95546 -26.623041 22.091764
v 1.096023 -26.578735 22.066183
v 5.843422 -25.048849 21.182903
v 2.819078 -25.048849 21.182903
v 7.70704 -26.623041 22.091764
v 5.795782 -24.92605 21.112005
v 2.866719 -24.92605 21.112005
v 7.849978 -26.661224 22.11381
v 0.667563 -26.693192 22.132265
v 0.812521 -26.661224 22.11381
v 5.755268 -24.801348 21.040009
v 2.907232 -24.801348 21.040009
v 2.940517 -24.675053 20.967093
v 7.994937 -26.693192 22.132265
v 5.721982 -24.675053 20.967093
v 5.696008 -24.547478 20.893436
v 2.966492 -24.547478 20.893436
v 5.677408 -24.41894 20.819225
v 2.985092 -24.41894 20.819225
v 5.666229 -24.289757 20.744642
v 2.996271 -24.289757 20.744642
v 3.0 -24.160254 20.669872
v 5.6625 -24.160254 20.669872
v 5.666229 -24.03075 20.595104
v 2.996271 -24.03075 20.595104
v 2.985092 -23.901569 20.520521
v 5.677408 -23.901569 20.520521
v 5.696008 -23.773031 20.44631
v 2.966492 -23.773031 20.44631
v 2.940517 -23.645454 20.372654
v 5.721982 -23.645454 20.372654
v 5.755268 -23.519159 20.299736
v 2.907232 -23.519159 20.299736
v 5.795782 -23.394457 20.227739
v 2.866719 -23.394457 20.227739
v 5.843422 -23.27166 20.156843
v 2.819078 -23.27166 20.156843
v 5.898071 -23.151072 20.087221
v 2.764429 -23.151072 20.087221
v 2.702907 -23.032991 20.019047
v 5.959593 -23.032991 20.019047
v 0.074792 -26.757523 22.169407
v 0.22419 -26.751066 22.165678
v 0.373031 -26.738167 22.158232
v 0.520945 -26.718859 22.147085
v 8.141556 -26.718859 22.147085
v 8.289469 -26.738167 22.158232
v 8.43831 -26.751066 22.165678
v 8.587708 -26.757523 22.169407
v 8.737292 -26.757523 22.169407
v 8.88669 -26.751066 22.165678
v 9.035531 -26.738167 22.158232
v 9.183445 -26.718859 22.147085
v 9.330063 -26.693192 22.132265
v 9.475021 -26.661224 22.11381
v 9.61796 -26.623041 22.091764
v 9.758523 -26.578735 22.066183
v 9.896361 -26.528416 22.037132
v 10.031132 -26.472208 22.004681
v 6.027835 -22.917713 19.952492
v 2.634665 -22.917713 19.952492
v 2.559873 -22.805525 19.88772
v 10.1625 -26.410254 21.96891
v 6.102627 -22.805525 19.88772
v 10.290139 -26.342705 21.929913
v 6.183784 -22.696705 19.824892
v 2.478716 -22.696705 19.824892
v 10.413731 -26.269732 21.887779
v 6.271102 -22.591524 19.764166
v 2.391397 -22.591524 19.764166
v 10.532969 -26.191511 21.842621
v 6.364367 -22.490242 19.705692
v 2.298133 -22.490242 19.705692
v 10.647557 -26.108242 21.794544
v 6.463345 -22.393114 19.649614
v 2.199156 -22.393114 19.649614
v 10.757211 -26.02013 21.743673
v 6.56779 -22.300377 19.596073
v 2.09471 -22.300377 19.596073
v 10.861655 -25.927395 21.690132
v 6.677443 -22.212265 19.5452
v 1.985057 -22.212265 19.5452
v 1.870469 -22.128996 19.497126
v 10.960633 -25.830265 21.634054
v 6.792031 -22.128996 19.497126
v 1.751231 -22.050777 19.451965
v 11.053898 -25.728985 21.575579
v 6.911269 -22.050777 19.451965
v 11.141216 -25.623802 21.514853
v 7.034861 -21.977802 19.409834
v 1.627639 -21.977802 19.409834
v 11.222373 -25.514982 21.452026
v 7.1625 -21.910254 19.370834
v 1.5 -21.910254 19.370834
v 1.368632 -21.848299 19.335066
v 11.297165 -25.402794 21.387255
v 7.293868 -21.848299 19.335066
v 11.365407 -25.287518 21.320698
v 7.428638 -21.792093 19.302614
v 1.233861 -21.792093 19.302614
v 11.426929 -25.169437 21.252525
v 7.566477 -21.741774 19.273561
v 1.096023 -21.741774 19.273561
v 0.95546 -21.697466 19.247982
v 11.481578 -25.048849 21.182903
v 7.70704 -21.697466 19.247982
v 0.812521 -21.659283 19.225937
v 11.529219 -24.92605 21.112005
v 7.849978 -21.659283 19.225937
v 0.667563 -21.627317 19.207481
v 11.569732 -24.801348 21.040009
v 7.994937 -21.627317 19.207481
v 11.603018 -24.675053 20.967093
v 11.628992 -24.547478 20.893436
v 11.647593 -24.41894 20.819225
v 11.658771 -24.289757 20.744642
v 11.6625 -24.160254 20.669872
v 11.658771 -24.03075 20.595104
v 11.647593 -23.901569 20.520521
v 0.520945 -21.601648 19.192661
v 11.628992 -23.773031 20.44631
v 0.373031 -21.58234 19.181515
v 11.603018 -23.645454 20.372654
v 0.22419 -21.569443 19.174067
v 11.569732 -23.519159 20.299736
v 0.074792 -21.562984 19.17034
v 11.529219 -23.394457 20.227739
v 11.481578 -23.27166 20.156843
v 11.426929 -23.151072 20.087221
v 11.365407 -23.032991 20.019047
v 11.297165 -22.917713 19.952492
v 11.222373 -22.805525 19.88772
v 11.141216 -22.696705 19.824892
v 11.053898 -22.591524 19.764166
v 10.960633 -22.490242 19.705692
v 10.861655 -22.393114 19.649614
v 10.757211 -22.300377 19.596073
v 10.647557 -22.212265 19.5452
v 10.532969 -22.128996 19.497126
v 10.413731 -22.050777 19.451965
v 10.290139 -21.977802 19.409834
v 10.1625 -21.910254 19.370834
v 10.031132 -21.848299 19.335066
v 9.896361 -21.792093 19.302614
v 9.758523 -21.741774 19.273561
v 9.61796 -21.697466 19.247982
v 9.475021 -21.659283 19.225937
v 9.330063 -21.627317 19.207481
v 9.183445 -21.601648 19.192661
v 9.035531 -21.58234 19.181515
v 8.88669 -21.569443 19.174067
v 8.737292 -21.562984 19.17034
v 8.587708 -21.562984 19.17034
v 8.43831 -21.569443 19.174067
v 8.289469 -21.58234 19.181515
v 8.141556 -21.601648 19.192661
v -10.861655 -19.893114 23.97974
v -10.757211 -19.800377 23.926199
v -10.647557 -19.712265 23.875328
v -10.960633 -19.990242 24.035818
v -10.532969 -19.628996 23.827253
v -11.053898 -20.091524 24.094294
v -10.413731 -19.550777 23.782093
v -11.141216 -20.196705 24.15502
v -10.290139 -19.477802 23.739962
v -11.222373 -20.305525 24.217848
v -10.1625 -19.410254 23.700962
v -11.297165 -20.417713 24.282619
v -10.031132 -19.348299 23.665192
v -11.365407 -20.532991 24.349174
v -9.896361 -19.292093 23.632742
v -11.426929 -20.651072 24.417347
v -9.758523 -19.241774 23.603689
v -11.481578 -20.77166 24.486969
v -9.61796 -19.197466 23.57811
v -11.529219 -20.894457 24.557867
v -9.475021 -19.159283 23.556063
v -11.569732 -21.019159 24.629864
v -9.330063 -19.127317 23.537607
v -11.603018 -21.145454 24.702782
v -9.183445 -19.101648 23.522789
v -11.628992 -21.273031 24.776436
v -9.035531 -19.08234 23.511641
v -11.647593 -21.401569 24.850649
v -8.88669 -19.069443 23.504194
v -11.658771 -21.53075 24.925232
v -8.737292 -19.062984 23.500465
v -11.6625 -21.660254 25.0
v -8.587708 -19.062984 23.500465
v -8.43831 -19.069443 23.504194
v -8.289469 -19.08234 23.511641
v -8.141556 -19.101648 23.522789
v -7.994937 -19.127317 23.537607
v -11.658771 -21.789757 25.074768
v -11.647593 -21.91894 25.149351
v -11.628992 -22.047478 25.223564
v -11.603018 -22.175053 25.297218
v -11.569732 -22.301348 25.370136
v -11.529219 -22.42605 25.442133
v -11.481578 -22.548849 25.513031
v -11.426929 -22.669437 25.582653
v -11.365407 -22.787518 25.650826
v -11.297165 -22.902794 25.717381
v -11.222373 -23.014982 25.782152
v -11.141216 -23.123802 25.84498
v -11.053898 -23.228985 25.905706
v -10.960633 -23.330265 25.964182
v -10.861655 -23.427395 26.02026
v -10.757211 -23.52013 26.073801
v -10.647557 -23.608242 26.124672
v -10.532969 -23.691511 26.172747
v -10.413731 -23.769732 26.217907
v -10.290139 -23.842705 26.260038
v -10.1625 -23.910254 26.299038
v -10.031132 -23.972208 26.334808
v -9.896361 -24.028416 26.367258
v -9.758523 -24.078735 26.396311
v -9.61796 -24.123041 26.42189
v -9.475021 -24.161224 26.443937
v -9.330063 -24.193192 26.462393
v -9.183445 -24.218859 26.477211
v -9.035531 -24.238167 26.488359
v -8.88669 -24.251066 26.495806
v -8.737292 -24.257523 26.499535
v -8.587708 -24.257523 26.499535
v -8.43831 -24.251066 26.495806
v -8.289469 -24.238167 26.488359
v -8.141556 -24.218859 26.477211
v -7.994937 -24.193192 26.462393
v -2.199156 -19.893114 23.97974
v -6.56779 -19.800377 23.926199
v -6.463345 -19.893114 23.97974
v -2.09471 -19.800377 23.926199
v -1.985057 -19.712265 23.875328
v -6.677443 -19.712265 23.875328
v -6.792031 -19.628996 23.827253
v -2.298133 -19.990242 24.035818
v -6.364367 -19.990242 24.035818
v -1.870469 -19.628996 23.827253
v -2.391397 -20.091524 24.094294
v -6.271102 -20.091524 24.094294
v -1.751231 -19.550777 23.782093
v -6.911269 -19.550777 23.782093
v -2.478716 -20.196705 24.15502
v -6.183784 -20.196705 24.15502
v -1.627639 -19.477802 23.739962
v -7.034861 -19.477802 23.739962
v -2.559873 -20.305525 24.217848
v -6.102627 -20.305525 24.217848
v -1.5 -19.410254 23.700962
v -7.1625 -19.410254 23.700962
v -2.634665 -20.417713 24.282619
v -6.027835 -20.417713 24.282619
v -1.368632 -19.348299 23.665192
v -7.293868 -19.348299 23.665192
v -2.702907 -20.532991 24.349174
v -5.959593 -20.532991 24.349174
v -1.233861 -19.292093 23.632742
v -7.428638 -19.292093 23.632742
v -2.764429 -20.651072 24.417347
v -5.898071 -20.651072 24.417347
v -1.096023 -19.241774 23.603689
v -7.566477 -19.241774 23.603689
v -2.819078 -20.77166 24.486969
v -5.843422 -20.77166 24.486969
v -0.95546 -19.197466 23.57811
v -7.70704 -19.197466 23.57811
v -7.849978 -19.159283 23.556063
v -2.866719 -20.894457 24.557867
v -5.795782 -20.894457 24.557867
v -0.812521 -19.159283 23.556063
v -2.907232 -21.019159 24.629864
v -5.755268 -21.019159 24.629864
v -0.667563 -19.127317 23.537607
v -2.940517 -21.145454 24.702782
v -5.721982 -21.145454 24.702782
v -0.520945 -19.101648 23.522789
v -2.966492 -21.273031 24.776436
v -5.696008 -21.273031 24.776436
v -0.373031 -19.08234 23.511641
v -2.985092 -21.401569 24.850649
v -5.677408 -21.401569 24.850649
v -0.22419 -19.069443 23.504194
v -2.996271 -21.53075 24.925232
v -5.666229 -21.53075 24.925232
v -5.6625 -21.660254 25.0
v -0.074792 -19.062984 23.500465
v -3.0 -21.660254 25.0
v -5.666229 -21.789757 25.074768
v -2.996271 -21.789757 25.074768
v -5.677408 -21.91894 25.149351
v -2.985092 -21.91894 25.149351
v -5.696008 -22.047478 25.223564
v -2.966492 -22.047478 25.223564
v -5.721982 -22.175053 25.297218
v -2.940517 -22.175053 25.297218
v -2.907232 -22.301348 25.370136
v -5.755268 -22.301348 25.370136
v -2.866719 -22.42605 25.442133
v -5.795782 -22.42605 25.442133
v -2.819078 -22.548849 25.513031
v -5.843422 -22.548849 25.513031
v -5.898071 -22.669437 25.582653
v -2.764429 -22.669437 25.582653
v -2.702907 -22.787518 25.650826
v -5.959593 -22.787518 25.650826
v -2.634665 -22.902794 25.717381
v -6.027835 -22.902794 25.717381
v -2.559873 -23.014982 25.782152
v -6.102627 -23.014982 25.782152
v -6.183784 -23.123802 25.84498
v -2.478716 -23.123802 25.84498
v -6.271102 -23.228985 25.905706
v -2.391397 -23.228985 25.905706
v -2.298133 -23.330265 25.964182
v -6.364367 -23.330265 25.964182
v -6.463345 -23.427395 26.02026
v -2.199156 -23.427395 26.02026
v -2.09471 -23.52013 26.073801
v -6.56779 -23.52013 26.073801
v -1.985057 -23.608242 26.124672
v -6.677443 -23.608242 26.124672
v -6.792031 -23.691511 26.172747
v -1.870469 -23.691511 26.172747
v -1.751231 -23.769732 26.217907
v -6.911269 -23.769732 26.217907
v -7.034861 -23.842705 26.260038
v -1.627639 -23.842705 26.260038
v -7.1625 -23.910254 26.299038
v -1.5 -23.910254 26.299038
v -7.293868 -23.972208 26.334808
v -1.368632 -23.972208 26.334808
v -1.233861 -24.028416 26.367258
v -7.428638 -24.028416 26.367258
v -7.566477 -24.078735 26.396311
v -1.096023 -24.078735 26.396311
v -0.95546 -24.123041 26.42189
v -7.70704 -24.123041 26.42189
v -7.849978 -24.161224 26.443937
v -0.812521 -24.161224 26.443937
v -0.667563 -24.193192 26.462393
v -0.520945 -24.218859 26.477211
v -0.373031 -24.238167 26.488359
v -0.22419 -24.251066 26.495806
v -0.074792 -24.257523 26.499535
v 6.463345 -19.893114 23.97974
v 2.09471 -19.800377 23.926199
v 2.199156 -19.893114 23.97974
v 6.56779 -19.800377 23.926199
v 6.677443 -19.712265 23.875328
v 1.985057 -19.712265 23.875328
v 6.364367 -19.990242 24.035818
v 2.298133 -19.990242 24.035818
v 6.792031 -19.628996 23.827253
v 1.870469 -19.628996 23.827253
v 6.271102 -20.091524 24.094294
v 2.391397 -20.091524 24.094294
v 6.911269 -19.550777 23.782093
v 1.751231 -19.550777 23.782093
v 6.183784 -20.196705 24.15502
v 2.478716 -20.196705 24.15502
v 7.034861 -19.477802 23.739962
v 1.627639 -19.477802 23.739962
v 1.5 -19.410254 23.700962
v 6.102627 -20.305525 24.217848
v 2.559873 -20.305525 24.217848
v 7.1625 -19.410254 23.700962
v 6.027835 -20.417713 24.282619
v 2.634665 -20.417713 24.282619
v 7.293868 -19.348299 23.665192
v 1.368632 -19.348299 23.665192
v 1.233861 -19.292093 23.632742
v 5.959593 -20.532991 24.349174
v 2.702907 -20.532991 24.349174
v 7.428638 -19.292093 23.632742
v 5.898071 -20.651072 24.417347
v 2.764429 -20.651072 24.417347
v 7.566477 -19.241774 23.603689
v 1.096023 -19.241774 23.603689
v 5.843422 -20.77166 24.486969
v 2.819078 -20.77166 24.486969
v 7.70704 -19.197466 23.57811
v 0.95546 -19.197466 23.57811
v 5.795782 -20.894457 24.557867
v 2.866719 -20.894457 24.557867
v 7.849978 -19.159283 23.556063
v 0.812521 -19.159283 23.556063
v 5.755268 -21.019159 24.629864
v 2.907232 -21.019159 24.629864
v 7.994937 -19.127317 23.537607
v 0.667563 -19.127317 23.537607
v 5.721982 -21.145454 24.702782
v 2.940517 -21.145454 24.702782
v 5.696008 -21.273031 24.776436
v 2.966492 -21.273031 24.776436
v 5.677408 -21.401569 24.850649
v 2.985092 -21.401569 24.850649
v 5.666229 -21.53075 24.925232
v 2.996271 -21.53075 24.925232
v 5.6625 -21.660254 25.0
v 3.0 -21.660254 25.0
v 2.996271 -21.789757 25.074768
v 5.666229 -21.789757 25.074768
v 2.985092 -21.91894 25.149351
v 5.677408 -21.91894 25.149351
v 5.696008 -22.047478 25.223564
v 2.966492 -22.047478 25.223564
v 2.940517 -22.175053 25.297218
v 5.721982 -22.175053 25.297218
v 5.755268 -22.301348 25.370136
v 2.907232 -22.301348 25.370136
v 5.795782 -22.42605 25.442133
v 2.866719 -22.42605 25.442133
v 2.819078 -22.548849 25.513031
v 5.843422 -22.548849 25.513031
v 5.898071 -22.669437 25.582653
v 2.764429 -22.669437 25.582653
v 5.959593 -22.787518 25.650826
v 2.702907 -22.787518 25.650826
v 2.634665 -22.902794 25.717381
v 0.520945 -19.101648 23.522789
v 0.373031 -19.08234 23.511641
v 0.22419 -19.069443 23.504194
v 0.074792 -19.062984 23.500465
v 9.758523 -19.241774 23.603689
v 9.896361 -19.292093 23.632742
v 9.61796 -19.197466 23.57811
v 9.475021 -19.159283 23.556063
v 9.330063 -19.127317 23.537607
v 9.183445 -19.101648 23.522789
v 9.035531 -19.08234 23.511641
v 8.88669 -19.069443 23.504194
v 8.737292 -19.062984 23.500465
v 8.587708 -19.062984 23.500465
v 8.43831 -19.069443 23.504194
v 8.289469 -19.08234 23.511641
v 8.141556 -19.101648 23.522789
v 10.031132 -19.348299 23.665192
v 6.027835 -22.902794 25.717381
v 10.1625 -19.410254 23.700962
v 6.102627 -23.014982 25.782152
v 2.559873 -23.014982 25.782152
v 10.290139 -19.477802 23.739962
v 6.183784 -23.123802 25.84498
v 2.478716 -23.123802 25.84498
v 2.391397 -23.228985 25.905706
v 10.413731 -19.550777 23.782093
v 6.271102 -23.228985 25.905706
v 10.532969 -19.628996 23.827253
v 6.364367 -23.330265 25.964182
v 2.298133 -23.330265 25.964182
v 2.199156 -23.427395 26.02026
v 10.647557 -19.712265 23.875328
v 6.463345 -23.427395 26.02026
v 10.757211 -19.800377 23.926199
v 6.56779 -23.52013 26.073801
v 2.09471 -23.52013 26.073801
v 10.861655 -19.893114 23.97974
v 6.677443 -23.608242 26.124672
v 1.985057 -23.608242 26.124672
v 1.870469 -23.691511 26.172747
v 10.960633 -19.990242 24.035818
v 6.792031 -23.691511 26.172747
v 11.053898 -20.091524 24.094294
v 6.911269 -23.769732 26.217907
v 1.751231 -23.769732 26.217907
v 1.627639 -23.842705 26.260038
v 11.141216 -20.196705 24.15502
v 7.034861 -23.842705 26.260038
v 1.5 -23.910254 26.299038
v 11.222373 -20.305525 24.217848
v 7.1625 -23.910254 26.299038
v 11.297165 -20.417713 24.282619
v 7.293868 -23.972208 26.334808
v 1.368632 -23.972208 26.334808
v 1.233861 -24.028416 26.367258
v 11.365407 -20.532991 24.349174
v 7.428638 -24.028416 26.367258
v 11.426929 -20.651072 24.417347
v 7.566477 -24.078735 26.396311
v 1.096023 -24.078735 26.396311
v 0.95546 -24.123041 26.42189
v 11.481578 -20.77166 24.486969
v 7.70704 -24.123041 26.42189
v 0.812521 -24.161224 26.443937
v 11.529219 -20.894457 24.557867
v 7.849978 -24.161224 26.443937
v 0.667563 -24.193192 26.462393
v 11.569732 -21.019159 24.629864
v 7.994937 -24.193192 26.462393
v 11.603018 -21.145454 24.702782
v 11.628992 -21.273031 24.776436
v 11.647593 -21.401569 24.850649
v 11.658771 -21.53075 24.925232
v 11.6625 -21.660254 25.0
v 0.074792 -24.257523 26.499535
v 0.22419 -24.251066 26.495806
v 0.373031 -24.238167 26.488359
v 0.520945 -24.218859 26.477211
v 8.141556 -24.218859 26.477211
v 8.289469 -24.238167 26.488359
v 8.43831 -24.251066 26.495806
v 8.587708 -24.257523 26.499535
v 8.737292 -24.257523 26.499535
v 8.88669 -24.251066 26.495806
v 9.035531 -24.238167 26.488359
v 9.183445 -24.218859 26.477211
v 9.330063 -24.193192 26.462393
v 9.475021 -24.161224 26.443937
v 9.61796 -24.123041 26.42189
v 9.758523 -24.078735 26.396311
v 9.896361 -24.028416 26.367258
v 10.031132 -23.972208 26.334808
v 10.1625 -23.910254 26.299038
v 10.290139 -23.842705 26.260038
v 10.413731 -23.769732 26.217907
v 10.532969 -23.691511 26.172747
v 10.647557 -23.608242 26.124672
v 10.757211 -23.52013 26.073801
v 10.861655 -23.427395 26.02026
v 10.960633 -23.330265 25.964182
v 11.053898 -23.228985 25.905706
v 11.141216 -23.123802 25.84498
v 11.222373 -23.014982 25.782152
v 11.297165 -22.902794 25.717381
v 11.365407 -22.787518 25.650826
v 11.426929 -22.669437 25.582653
v 11.481578 -22.548849 25.513031
v 11.529219 -22.42605 25.442133
v 11.569732 -22.301348 25.370136
v 11.603018 -22.175053 25.297218
v 11.628992 -22.047478 25.223564
v 11.647593 -21.91894 25.149351
v 11.658771 -21.789757 25.074768
vn 0.0 1.0 0.0
vn 0.0 1.0 -0.0
vn -0.916157 -0.400819 0.0
vn -0.916157 -0.400819 0.0
vn 0.916157 -0.400819 0.0
vn 0.916157 -0.400819 0.0
vn 0.0 0.0 -1.0
vn 0.0 0.0 -1.0
vn 0.0 0.0 -1.0
vn 0.0 0.0 -1.0
vn 0.0 0.0 1.0
vn 0.0 0.0 1.0
vn 0.0 0.0 1.0
vn 0.0 0.0 1.0
vn -1.0 0.0 0.0
vn -1.0 0.0 0.0
vn -1.0 0.0 0.0
vn -1.0 0.0 0.0
vn -1.0 0.0 0.0
vn -1.0 0.0 0.0
vn -1.0 0.0 0.0
vn -1.0 0.0 0.0
vn -1.0 0.0 0.0
vn -1.0 0.0 0.0
vn -1.0 0.0 0.0
vn -1.0 0.0 0.0
vn -1.0 0.0 0.0
vn -1.0 0.0 0.0
vn -1.0 0.0 0.0
vn -1.0 0.0 0.0
vn -1.0 0.0 0.0
vn -1.0 0.0 0.0
vn -1.0 0.0 0.0
vn -1.0 0.0 0.0
vn -1.0 0.0 0.0
vn -1.0 0.0 0.0
vn -1.0 0.0 0.0
vn -1.0 0.0 0.0
vn -1.0 0.0 0.0
vn -1.0 0.0 0.0
vn -1.0 0.0 0.0
vn -1.0 0.0 0.0
vn -1.0 0.0 0.0
vn -1.0 0.0 0.0
vn -1.0 0.0 0.0
vn 1.0 0.0 0.0
vn 1.0 0.0 0.0
vn 1.0 0.0 0.0
vn 1.0 0.0 0.0
vn 1.0 0.0 0.0
vn 1.0 0.0 0.0
vn 1.0 0.0 0.0
vn 1.0 0.0 0.0
vn 1.0 0.0 0.0
vn 1.0 0.0 0.0
vn 1.0 0.0 0.0
vn 1.0 0.0 0.0
vn 1.0 0.0 0.0
vn 1.0 0.0 0.0
vn 1.0 0.0 0.0
vn 1.0 0.0 0.0
vn 1.0 0.0 0.0
vn 1.0 0.0 0.0
vn 1.0 -0.0 0.0
vn 1.0 0.0 0.0
vn 1.0 0.0 0.0
vn 1.0 0.0 0.0
vn 1.0 0.0 0.0
vn 1.0 0.0 0.0
vn 1.0 0.0 0.0
vn 1.0 0.0 0.0
vn 1.0 0.0 0.0
vn 1.0 -0.0 0.0
vn 1.0 -0.0 0.0
vn 1.0 0.0 0.0
vn 1.0 0.0 0.0
vn 0.0 -1.0 0.0
vn 0.0 -1.0 0.0
vn 0.0 -1.0 0.0
vn 0.0 -1.0 0.0
vn -0.0 -0.977311 -0.211809
vn -0.0 -0.977311 -0.211809
vn 0.0 -0.965725 -0.259569
vn -0.0 -0.965725 -0.259569
vn 0.0 -0.951806 -0.306701
vn -0.0 -0.951806 -0.306701
vn 0.0 -0.935588 -0.353093
vn -0.0 -0.935588 -0.353093
vn -0.0 -0.917111 -0.398632
vn -0.0 -0.917111 -0.398632
vn -0.0 -0.896418 -0.443209
vn -0.0 -0.896418 -0.443209
vn -0.0 -0.873561 -0.486715
vn -0.0 -0.873561 -0.486715
vn -0.0 -0.848594 -0.529045
vn -0.0 -0.848594 -0.529045
vn 0.0 -0.821577 -0.570097
vn 0.0 -0.792576 -0.609774
vn -0.0 -0.821577 -0.570097
vn 0.0 -0.761661 -0.647976
vn -0.0 -0.792576 -0.609774
vn 0.0 -0.761661 -0.647976
vn -0.0 -0.728906 -0.684614
vn 0.0 -0.728906 -0.684614
vn 0.0 -0.69439 -0.719599
vn -0.0 -0.69439 -0.719599
vn -0.0 -0.658198 -0.752845
vn 0.0 -0.658198 -0.752845
vn 0.0 -0.620415 -0.784274
vn -0.0 -0.620415 -0.784274
vn -0.0 -0.581135 -0.813807
vn -0.0 -0.581135 -0.813807
vn -0.0 -0.540451 -0.841376
vn -0.0 -0.540451 -0.841376
vn 0.0 -0.498461 -0.866912
vn -0.0 -0.498461 -0.866912
vn -0.0 -0.455268 -0.890354
vn -0.0 -0.455268 -0.890354
vn 0.0 -0.410975 -0.911647
vn 0.0 -0.365689 -0.930737
vn -0.0 -0.410975 -0.911647
vn -0.0 -0.365689 -0.930737
vn 0.0 -0.31952 -0.94758
vn -0.0 -0.31952 -0.94758
vn -0.0 -0.27258 -0.962133
vn -0.0 -0.27258 -0.962133
vn 0.0 -0.224982 -0.974363
vn -0.0 -0.224982 -0.974363
vn 2e-06 -0.500001 -0.866025
vn -2e-06 -0.499998 -0.866026
vn 0.0 -0.5 -0.866025
vn 5e-06 -0.500004 -0.866023
vn 6e-06 -0.500004 -0.866023
vn -9e-06 -0.499993 -0.86603
vn -5e-06 -0.499997 -0.866027
vn 9e-06 -0.500008 -0.866021
vn -5e-06 -0.499997 -0.866027
vn -7e-06 -0.499994 -0.866029
vn -2e-06 -0.499999 -0.866026
vn 4e-06 -0.500004 -0.866023
vn 1.1e-05 -0.500007 -0.866021
vn 1e-06 -0.5 -0.866025
vn -6e-06 -0.499996 -0.866028
vn -5e-06 -0.499995 -0.866028
vn 2e-06 -0.500001 -0.866025
vn 6e-06 -0.500006 -0.866022
vn 0.0 -0.5 -0.866025
vn 0.0 -0.5 -0.866025
vn -2e-06 -0.499999 -0.866026
vn -3e-06 -0.499997 -0.866027
vn -3e-06 -0.499998 -0.866026
vn 5e-06 -0.500005 -0.866022
vn 5e-06 -0.500003 -0.866024
vn -5e-06 -0.499995 -0.866028
vn -3e-06 -0.499998 -0.866026
vn -6e-06 -0.499994 -0.866029
vn -6e-06 -0.499997 -0.866027
vn 7e-06 -0.500007 -0.866021
vn 1.2e-05 -0.500006 -0.866022
vn -0.0 -0.5 -0.866025
vn -8e-06 -0.499991 -0.86603
vn 8e-06 -0.500009 -0.86602
vn 7e-06 -0.500008 -0.866021
vn -9e-06 -0.49999 -0.866031
vn -0.0 -0.5 -0.866025
vn 4e-06 -0.499997 -0.866027
vn -1e-06 -0.500001 -0.866025
vn 3e-06 -0.499997 -0.866027
vn -4e-06 -0.500003 -0.866024
vn 4e-06 -0.499997 -0.866027
vn -6e-06 -0.500004 -0.866023
vn 3e-06 -0.499998 -0.866027
vn -5e-06 -0.500003 -0.866023
vn 8e-06 -0.499995 -0.866028
vn -0.0 -0.5 -0.866026
vn -4e-06 -0.500003 -0.866024
vn 1e-06 -0.499999 -0.866026
vn 5e-06 -0.499997 -0.866027
vn -5e-06 -0.500002 -0.866024
vn -3e-06 -0.500002 -0.866024
vn 5e-06 -0.499997 -0.866027
vn 2e-06 -0.499999 -0.866026
vn -9e-06 -0.500006 -0.866022
vn 2e-06 -0.499999 -0.866026
vn 4e-06 -0.499999 -0.866026
vn -5e-06 -0.500002 -0.866024
vn 5e-06 -0.499998 -0.866027
vn -5e-06 -0.500005 -0.866023
vn -3e-06 -0.500003 -0.866024
vn 7e-06 -0.499993 -0.866029
vn -0.0 -0.5 -0.866025
vn -2e-06 -0.500002 -0.866025
vn -0.0 -0.5 -0.866025
vn 5e-06 -0.499995 -0.866028
vn -9e-06 -0.50001 -0.86602
vn 9e-06 -0.49999 -0.866031
vn -0.0 -0.5 -0.866025
vn -1.1e-05 -0.500012 -0.866019
vn 1.2e-05 -0.499986 -0.866033
vn -7e-06 -0.500008 -0.866021
vn 0.0 -0.5 -0.866026
vn -0.0 -0.500003 -0.866024
vn 0.0 -0.500003 -0.866024
vn -0.0 -0.499996 -0.866028
vn 0.0 -0.499996 -0.866028
vn -0.0 -0.5 -0.866025
vn -0.0 -0.5 -0.866025
vn -0.0 -0.500009 -0.86602
vn -0.0 -0.500009 -0.86602
vn 0.0 -0.500009 -0.86602
vn -0.0 -0.500009 -0.86602
vn -0.0 -0.50002 -0.866014
vn -0.0 -0.499982 -0.866036
vn 0.0 -0.499982 -0.866036
vn -0.0 -0.499993 -0.866029
vn 0.0 -0.499993 -0.866029
vn -0.0 -0.50002 -0.866014
vn -0.0 -0.499994 -0.866029
vn -0.0 -0.499994 -0.866029
vn -0.0 -0.50001 -0.86602
vn -0.0 -0.499984 -0.866035
vn 0.0 -0.499984 -0.866035
vn -0.0 -0.499998 -0.866026
vn -0.0 -0.499998 -0.866026
vn -0.0 -0.50001 -0.86602
vn -0.0 -0.500012 -0.866019
vn 0.0 -0.500012 -0.866019
vn -0.0 -0.499984 -0.866035
vn -0.0 -0.500001 -0.866025
vn 0.0 -0.500001 -0.866025
vn -0.0 -0.499994 -0.866029
vn 0.0 -0.499994 -0.866029
vn -0.0 -0.499984 -0.866035
vn -0.0 -0.500002 -0.866024
vn 0.0 -0.500002 -0.866024
vn -0.0 -0.50002 -0.866014
vn 0.0 -0.50002 -0.866014
vn -0.0 -0.5 -0.866025
vn -0.0 -0.5 -0.866025
vn -0.0 -0.499985 -0.866034
vn -0.0 -0.500001 -0.866025
vn -0.0 -0.500001 -0.866025
vn -0.0 -0.499998 -0.866026
vn 0.0 -0.499998 -0.866026
vn -0.0 -0.5 -0.866025
vn -0.0 -0.499985 -0.866034
vn -0.0 -0.499998 -0.866027
vn -0.0 -0.499998 -0.866027
vn 5e-06 -0.500009 -0.86602
vn -0.0 -0.500003 -0.866023
vn -0.0 -0.500003 -0.866023
vn -4e-06 -0.499991 -0.866031
vn -0.0 -0.499998 -0.866027
vn -0.0 -0.499998 -0.866027
vn -6e-06 -0.499988 -0.866032
vn -0.0 -0.499997 -0.866027
vn -0.0 -0.499997 -0.866027
vn 7e-06 -0.500014 -0.866017
vn -0.0 -0.499997 -0.866027
vn -0.0 -0.500006 -0.866022
vn -0.0 -0.500006 -0.866022
vn -0.0 -0.500002 -0.866024
vn -0.0 -0.499997 -0.866027
vn -0.0 -0.500002 -0.866024
vn -0.0 -0.499998 -0.866027
vn -0.0 -0.499998 -0.866027
vn -0.0 -0.499998 -0.866027
vn -0.0 -0.500007 -0.866021
vn -0.0 -0.499998 -0.866027
vn -0.0 -0.500007 -0.866021
vn -0.0 -0.499998 -0.866026
vn 0.0 -0.499998 -0.866026
vn -0.0 -0.499996 -0.866028
vn -0.0 -0.499996 -0.866028
vn -0.0 -0.500002 -0.866024
vn -0.0 -0.500002 -0.866024
vn -0.0 -0.500004 -0.866023
vn -0.0 -0.500004 -0.866023
vn -0.0 -0.499995 -0.866028
vn -0.0 -0.499995 -0.866028
vn -0.0 -0.499998 -0.866026
vn -0.0 -0.500005 -0.866023
vn -0.0 -0.499998 -0.866026
vn -0.0 -0.500005 -0.866023
vn -0.0 -0.5 -0.866025
vn -0.0 -0.5 -0.866025
vn -0.0 -0.499989 -0.866032
vn -0.0 -0.499989 -0.866032
vn -0.0 -0.500008 -0.866021
vn -0.0 -0.499995 -0.866028
vn -0.0 -0.500008 -0.866021
vn -0.0 -0.499995 -0.866028
vn -0.0 -0.50001 -0.86602
vn -0.0 -0.499994 -0.866029
vn 0.0 -0.50001 -0.866019
vn -0.0 -0.500007 -0.866021
vn -0.0 -0.499994 -0.866029
vn -0.0 -0.500007 -0.866021
vn -0.0 -0.499993 -0.86603
vn -0.0 -0.499993 -0.86603
vn -0.0 -0.500003 -0.866024
vn -0.0 -0.500003 -0.866024
vn -0.0 -0.49999 -0.866031
vn 0.0 -0.49999 -0.866031
vn -0.0 -0.500014 -0.866017
vn -0.0 -0.500014 -0.866017
vn -0.0 -0.500008 -0.866021
vn -0.0 -0.499976 -0.866039
vn 0.0 -0.500008 -0.866021
vn -0.0 -0.499976 -0.866039
vn -0.0 -0.500001 -0.866025
vn -0.0 -0.500007 -0.866021
vn -0.0 -0.500001 -0.866025
vn -0.0 -0.500007 -0.866021
vn -0.0 -0.5 -0.866025
vn -0.0 -0.5 -0.866025
vn 4e-06 -0.499991 -0.86603
vn -9e-06 -0.500018 -0.866015
vn 9e-06 -0.499981 -0.866036
vn -0.0 -0.500003 -0.866024
vn 0.0 -0.500003 -0.866024
vn -0.0 -0.499996 -0.866028
vn 0.0 -0.499996 -0.866028
vn -0.0 -0.5 -0.866025
vn -0.0 -0.5 -0.866025
vn -0.0 -0.499982 -0.866036
vn -0.0 -0.500009 -0.86602
vn -0.0 -0.500009 -0.86602
vn -0.0 -0.500009 -0.86602
vn 0.0 -0.500009 -0.86602
vn -0.0 -0.499982 -0.866036
vn -0.0 -0.50002 -0.866014
vn 0.0 -0.499993 -0.866029
vn -0.0 -0.499993 -0.866029
vn -0.0 -0.50002 -0.866014
vn -0.0 -0.499994 -0.866029
vn -0.0 -0.499994 -0.866029
vn -0.0 -0.499984 -0.866035
vn 0.0 -0.499984 -0.866035
vn -0.0 -0.499998 -0.866026
vn -0.0 -0.499998 -0.866026
vn -0.0 -0.50001 -0.86602
vn -0.0 -0.50001 -0.86602
vn 0.0 -0.500012 -0.866019
vn -0.0 -0.500012 -0.866019
vn -0.0 -0.500001 -0.866025
vn 0.0 -0.500001 -0.866025
vn 0.0 -0.499994 -0.866029
vn -0.0 -0.499994 -0.866029
vn -0.0 -0.50002 -0.866014
vn -0.0 -0.499984 -0.866035
vn 0.0 -0.499984 -0.866035
vn -0.0 -0.500002 -0.866024
vn 0.0 -0.500002 -0.866024
vn -0.0 -0.50002 -0.866014
vn -0.0 -0.5 -0.866025
vn -0.0 -0.5 -0.866025
vn -0.0 -0.500001 -0.866025
vn -0.0 -0.499985 -0.866034
vn -0.0 -0.500001 -0.866025
vn -0.0 -0.499998 -0.866026
vn -0.0 -0.499998 -0.866027
vn 0.0 -0.499998 -0.866026
vn -0.0 -0.499985 -0.866034
vn -0.0 -0.499998 -0.866027
vn -0.0 -0.500003 -0.866023
vn -0.0 -0.500003 -0.866023
vn -0.0 -0.499998 -0.866027
vn -0.0 -0.499998 -0.866027
vn -0.0 -0.499997 -0.866027
vn -0.0 -0.499997 -0.866027
vn -0.0 -0.500006 -0.866022
vn -0.0 -0.500006 -0.866022
vn -0.0 -0.499997 -0.866027
vn -0.0 -0.500002 -0.866024
vn -0.0 -0.499997 -0.866027
vn -0.0 -0.500002 -0.866024
vn -0.0 -0.499998 -0.866027
vn -0.0 -0.499998 -0.866027
vn -0.0 -0.499998 -0.866027
vn -0.0 -0.499998 -0.866027
vn -0.0 -0.500007 -0.866021
vn -0.0 -0.500007 -0.866021
vn -0.0 -0.499998 -0.866026
vn 0.0 -0.499998 -0.866026
vn -0.0 -0.499996 -0.866028
vn -0.0 -0.499996 -0.866028
vn -0.0 -0.500002 -0.866024
vn -0.0 -0.500004 -0.866023
vn 0.0 -0.500002 -0.866024
vn -0.0 -0.500004 -0.866023
vn -1e-06 -0.500001 -0.866025
vn -7e-06 -0.500014 -0.866017
vn 5e-06 -0.49999 -0.866031
vn 4e-06 -0.49999 -0.866031
vn -5e-06 -0.500011 -0.866019
vn 1e-05 -0.499988 -0.866032
vn -7e-06 -0.500008 -0.866021
vn -9e-06 -0.50001 -0.86602
vn 9e-06 -0.499991 -0.86603
vn -1e-06 -0.5 -0.866025
vn -8e-06 -0.500007 -0.866021
vn 6e-06 -0.499994 -0.866029
vn 5e-06 -0.499995 -0.866028
vn -6e-06 -0.500005 -0.866022
vn 4e-06 -0.499996 -0.866028
vn 0.0 -0.5 -0.866025
vn -6e-06 -0.500005 -0.866023
vn 6e-06 -0.499995 -0.866028
vn -0.0 -0.5 -0.866025
vn -0.0 -0.5 -0.866025
vn -1e-06 -0.5 -0.866025
vn -0.0 -0.499995 -0.866028
vn -0.0 -0.499998 -0.866026
vn -0.0 -0.499995 -0.866028
vn -4e-06 -0.500004 -0.866023
vn -0.0 -0.499998 -0.866026
vn 7e-06 -0.499994 -0.866029
vn -0.0 -0.500005 -0.866023
vn 0.0 -0.500005 -0.866023
vn -9e-06 -0.500008 -0.866021
vn -0.0 -0.5 -0.866025
vn -0.0 -0.5 -0.866025
vn 9e-06 -0.499993 -0.86603
vn -0.0 -0.499989 -0.866032
vn -0.0 -0.499989 -0.866032
vn -5e-06 -0.500004 -0.866023
vn -0.0 -0.500008 -0.866021
vn -0.0 -0.500008 -0.866021
vn 2e-06 -0.499998 -0.866026
vn -0.0 -0.499995 -0.866028
vn -0.0 -0.499995 -0.866028
vn -2e-06 -0.500001 -0.866025
vn 0.0 -0.50001 -0.866019
vn -0.0 -0.50001 -0.86602
vn -0.0 -0.499994 -0.866029
vn -0.0 -0.5 -0.866025
vn -0.0 -0.499994 -0.866029
vn -0.0 -0.500007 -0.866021
vn -6e-06 -0.500004 -0.866023
vn -0.0 -0.500007 -0.866021
vn 5e-06 -0.499997 -0.866027
vn -0.0 -0.499993 -0.86603
vn -0.0 -0.499993 -0.86603
vn 5e-06 -0.499997 -0.866027
vn -0.0 -0.500003 -0.866024
vn -0.0 -0.500003 -0.866024
vn -0.0 -0.49999 -0.866031
vn 2e-06 -0.499999 -0.866026
vn -0.0 -0.49999 -0.866031
vn -1.1e-05 -0.500007 -0.866021
vn -0.0 -0.500014 -0.866017
vn -0.0 -0.500014 -0.866017
vn 7e-06 -0.499996 -0.866028
vn 0.0 -0.500008 -0.866021
vn -0.0 -0.500008 -0.866021
vn -0.0 -0.499976 -0.866039
vn -2e-06 -0.500001 -0.866025
vn -0.0 -0.500001 -0.866025
vn -0.0 -0.499976 -0.866039
vn -0.0 -0.5 -0.866025
vn -0.0 -0.500001 -0.866025
vn -0.0 -0.500007 -0.866021
vn 2e-06 -0.499999 -0.866026
vn -0.0 -0.500007 -0.866021
vn 3e-06 -0.499998 -0.866026
vn -5e-06 -0.500003 -0.866024
vn 3e-06 -0.499998 -0.866026
vn 6e-06 -0.499997 -0.866027
vn -1.2e-05 -0.500006 -0.866022
vn -0.0 -0.5 -0.866025
vn 0.0 -0.5 -0.866025
vn -6e-06 -0.499996 -0.866028
vn 3e-06 -0.500001 -0.866025
vn 0.0 -0.5 -0.866025
vn -3e-06 -0.499999 -0.866026
vn -4e-06 -0.499991 -0.866031
vn -2e-06 -0.499998 -0.866026
vn 9e-06 -0.500017 -0.866016
vn 1.1e-05 -0.500005 -0.866022
vn -1e-05 -0.499981 -0.866036
vn -3e-06 -0.5 -0.866026
vn -1e-06 -0.500001 -0.866025
vn -5e-06 -0.499997 -0.866027
vn 2e-06 -0.500002 -0.866024
vn 5e-06 -0.500003 -0.866024
vn -5e-06 -0.499997 -0.866027
vn -2e-06 -0.499999 -0.866026
vn 4e-06 -0.500002 -0.866024
vn 0.0 -0.5 -0.866025
vn -8e-06 -0.499995 -0.866028
vn 5e-06 -0.500003 -0.866024
vn -3e-06 -0.499998 -0.866027
vn 7e-06 -0.500004 -0.866023
vn -3e-06 -0.499998 -0.866026
vn 0.0 -0.5 -0.866025
vn 3e-06 -0.500003 -0.866024
vn -3e-06 -0.499997 -0.866027
vn 1e-06 -0.5 -0.866025
vn -4e-06 -0.499996 -0.866028
vn 5e-06 -0.500004 -0.866023
vn 3e-06 -0.500003 -0.866024
vn -7e-06 -0.499994 -0.866029
vn 0.0 -0.500001 -0.866025
vn 2e-06 -0.500001 -0.866025
vn 1e-06 -0.5 -0.866025
vn -5e-06 -0.499995 -0.866028
vn 1e-05 -0.500009 -0.86602
vn -1e-05 -0.49999 -0.866031
vn -1e-06 -0.500001 -0.866025
vn 1.1e-05 -0.500011 -0.866019
vn -1.2e-05 -0.499986 -0.866033
vn 7e-06 -0.500007 -0.866022
vn 1e-06 -0.499998 -0.866027
vn 0.0 -0.866026 0.5
vn 0.0 -0.866026 0.5
vn -3e-06 0.499998 0.866027
vn -2e-06 0.499998 0.866026
vn 5e-06 0.500004 0.866023
vn -3e-06 0.499998 0.866027
vn 1e-06 0.500001 0.866025
vn 4e-06 0.500003 0.866024
vn 0.0 0.5 0.866025
vn -3e-06 0.499997 0.866027
vn 4e-06 0.500003 0.866024
vn 1e-06 0.500001 0.866025
vn -2e-06 0.499999 0.866026
vn 4e-06 0.500004 0.866023
vn -5e-06 0.499997 0.866027
vn -3e-06 0.499997 0.866027
vn -6e-06 0.499996 0.866028
vn 3e-06 0.500003 0.866024
vn 2e-06 0.500001 0.866025
vn -7e-06 0.499993 0.866029
vn 7e-06 0.500004 0.866023
vn 9e-06 0.500008 0.866021
vn -2e-06 0.499999 0.866026
vn 2e-06 0.500001 0.866025
vn 1e-05 0.500005 0.866022
vn -9e-06 0.499991 0.866031
vn -1.8e-05 0.499991 0.866031
vn 5e-06 0.500005 0.866023
vn 1.2e-05 0.500006 0.866022
vn -0.0 0.5 0.866026
vn 4e-06 0.500002 0.866024
vn 1e-06 0.500001 0.866025
vn -7e-06 0.499997 0.866027
vn 0.0 0.5 0.866025
vn -1e-06 0.499999 0.866026
vn 1e-06 0.500001 0.866025
vn -7e-06 0.499992 0.86603
vn 1.5e-05 0.500017 0.866016
vn -0.0 0.5 0.866025
vn 6e-06 0.499995 0.866028
vn 7e-06 0.499997 0.866027
vn -1.1e-05 0.500006 0.866022
vn 1.1e-05 0.499996 0.866028
vn -1e-05 0.500005 0.866022
vn 1e-06 0.499999 0.866026
vn -1e-06 0.5 0.866025
vn -3e-06 0.500001 0.866024
vn 6e-06 0.499996 0.866028
vn -0.0 0.500001 0.866025
vn 1e-06 0.499999 0.866026
vn -4e-06 0.500003 0.866024
vn 6e-06 0.499996 0.866028
vn -6e-06 0.500004 0.866023
vn 0.0 0.5 0.866025
vn -2e-06 0.500001 0.866025
vn 2e-06 0.499998 0.866026
vn 4e-06 0.499998 0.866027
vn 2e-06 0.499999 0.866026
vn -1e-06 0.500001 0.866025
vn -1e-06 0.500002 0.866024
vn -5e-06 0.500004 0.866023
vn 8e-06 0.499993 0.866029
vn -3e-06 0.500003 0.866024
vn 2e-06 0.499998 0.866027
vn -9e-06 0.500008 0.866021
vn 3e-06 0.499997 0.866027
vn 4e-06 0.499996 0.866028
vn -5e-06 0.500005 0.866023
vn 6e-06 0.499994 0.866029
vn -7e-06 0.500007 0.866021
vn 0.0 0.5 0.866026
vn 8e-06 0.499991 0.86603
vn -8e-06 0.500009 0.86602
vn 7e-06 0.499992 0.86603
vn -6e-06 0.500007 0.866021
vn 0.0 0.499995 0.866028
vn -0.0 0.499995 0.866028
vn 0.0 0.499996 0.866028
vn 0.0 0.499994 0.866029
vn 0.0 0.499996 0.866028
vn -0.0 0.500008 0.866021
vn 0.0 0.500008 0.866021
vn 0.0 0.499994 0.866029
vn 0.0 0.500001 0.866024
vn -0.0 0.500001 0.866024
vn 0.0 0.500007 0.866021
vn 0.0 0.500007 0.866021
vn -0.0 0.5 0.866025
vn 0.0 0.5 0.866025
vn 0.0 0.499993 0.86603
vn -0.0 0.499993 0.86603
vn 0.0 0.500005 0.866023
vn 0.0 0.500005 0.866023
vn 0.0 0.500003 0.866024
vn -0.0 0.500003 0.866024
vn 0.0 0.499998 0.866026
vn -0.0 0.499998 0.866026
vn 0.0 0.50001 0.86602
vn -0.0 0.50001 0.86602
vn 0.0 0.499995 0.866028
vn -0.0 0.499995 0.866028
vn 0.0 0.499992 0.86603
vn -0.0 0.499992 0.86603
vn 0.0 0.499994 0.866029
vn 0.0 0.499994 0.866029
vn 0.0 0.500008 0.866021
vn 0.0 0.500008 0.866021
vn 0.0 0.500002 0.866024
vn 0.0 0.500002 0.866024
vn 0.0 0.499976 0.866039
vn 0.0 0.500033 0.866006
vn 0.0 0.499976 0.866039
vn 0.0 0.500006 0.866022
vn 0.0 0.500006 0.866022
vn 0.0 0.500033 0.866006
vn 0.0 0.499998 0.866026
vn 0.0 0.499998 0.866026
vn 0.0 0.500007 0.866021
vn 0.0 0.5 0.866025
vn -0.0 0.500007 0.866021
vn 0.0 0.500007 0.866021
vn -0.0 0.500007 0.866021
vn -7e-06 0.499985 0.866034
vn 0.0 0.499988 0.866032
vn 0.0 0.499988 0.866032
vn 4e-06 0.500008 0.866021
vn 0.0 0.500008 0.866021
vn -0.0 0.500008 0.866021
vn -0.0 0.499999 0.866026
vn 0.0 0.499997 0.866027
vn 0.0 0.500002 0.866024
vn -0.0 0.500002 0.866024
vn 1e-06 0.500002 0.866024
vn 0.0 0.499997 0.866027
vn 0.0 0.499997 0.866027
vn 0.0 0.499997 0.866027
vn 0.0 0.499997 0.866027
vn 0.0 0.500008 0.866021
vn 0.0 0.499997 0.866027
vn 0.0 0.499994 0.866029
vn 0.0 0.500008 0.866021
vn 0.0 0.499994 0.866029
vn -0.0 0.500007 0.866021
vn 0.0 0.500007 0.866021
vn 0.0 0.499998 0.866026
vn 0.0 0.499998 0.866026
vn 0.0 0.500002 0.866024
vn 0.0 0.5 0.866025
vn -0.0 0.5 0.866025
vn 0.0 0.500002 0.866024
vn 0.0 0.499994 0.866029
vn 0.0 0.499994 0.866029
vn -0.0 0.500001 0.866025
vn 0.0 0.500001 0.866025
vn -0.0 0.499998 0.866026
vn 0.0 0.500005 0.866023
vn 0.0 0.499998 0.866026
vn 0.0 0.500005 0.866023
vn 0.0 0.499993 0.866029
vn 0.0 0.499993 0.866029
vn 0.0 0.5 0.866025
vn 0.0 0.500009 0.86602
vn 0.0 0.500009 0.86602
vn 0.0 0.5 0.866025
vn 0.0 0.500003 0.866024
vn 0.0 0.500003 0.866024
vn 0.0 0.499994 0.866029
vn 0.0 0.499996 0.866028
vn 0.0 0.499996 0.866028
vn 0.0 0.499994 0.866029
vn 0.0 0.500003 0.866024
vn 0.0 0.499998 0.866027
vn 0.0 0.499998 0.866027
vn 0.0 0.500003 0.866024
vn 0.0 0.500003 0.866024
vn 0.0 0.50001 0.86602
vn 0.0 0.500003 0.866024
vn 0.0 0.50001 0.86602
vn 0.0 0.500008 0.866021
vn 0.0 0.499979 0.866037
vn -0.0 0.499979 0.866037
vn 0.0 0.500008 0.866021
vn 0.0 0.500033 0.866006
vn 0.0 0.499992 0.86603
vn 0.0 0.499992 0.86603
vn 0.0 0.500033 0.866006
vn 0.0 0.499985 0.866034
vn 0.0 0.5 0.866025
vn 0.0 0.499985 0.866034
vn 3e-06 0.499994 0.866029
vn -4e-06 0.500008 0.866021
vn 6e-06 0.499988 0.866032
vn -7e-06 0.500014 0.866017
vn 0.0 0.499995 0.866028
vn -0.0 0.499995 0.866028
vn 0.0 0.499996 0.866028
vn 0.0 0.499996 0.866028
vn 0.0 0.500008 0.866021
vn -0.0 0.500008 0.866021
vn 0.0 0.499994 0.866029
vn -0.0 0.499994 0.866029
vn -0.0 0.500001 0.866024
vn 0.0 0.500001 0.866024
vn 0.0 0.500007 0.866021
vn 0.0 0.500007 0.866021
vn -0.0 0.5 0.866025
vn 0.0 0.5 0.866025
vn 0.0 0.499993 0.86603
vn 0.0 0.500003 0.866024
vn -0.0 0.499993 0.86603
vn 0.0 0.500005 0.866023
vn 0.0 0.500005 0.866023
vn 0.0 0.500003 0.866024
vn 0.0 0.499998 0.866026
vn -0.0 0.499998 0.866026
vn 0.0 0.50001 0.86602
vn 0.0 0.499992 0.86603
vn -0.0 0.50001 0.86602
vn 0.0 0.499995 0.866028
vn -0.0 0.499995 0.866028
vn 0.0 0.499992 0.86603
vn 0.0 0.499994 0.866029
vn 0.0 0.499994 0.866029
vn 0.0 0.500008 0.866021
vn 0.0 0.500008 0.866021
vn 0.0 0.500002 0.866024
vn 0.0 0.500002 0.866024
vn 0.0 0.499976 0.866039
vn 0.0 0.499976 0.866039
vn 0.0 0.500006 0.866022
vn 0.0 0.500006 0.866022
vn -0.0 0.500033 0.866006
vn 0.0 0.500033 0.866006
vn 0.0 0.499998 0.866026
vn 0.0 0.499998 0.866026
vn -0.0 0.500007 0.866021
vn 0.0 0.500007 0.866021
vn -0.0 0.500007 0.866021
vn 0.0 0.500007 0.866021
vn 0.0 0.499988 0.866032
vn 0.0 0.499988 0.866032
vn -0.0 0.500008 0.866021
vn 0.0 0.500008 0.866021
vn 0.0 0.500002 0.866024
vn -0.0 0.500002 0.866024
vn 0.0 0.499997 0.866027
vn -0.0 0.499997 0.866027
vn 0.0 0.499997 0.866027
vn 0.0 0.499997 0.866027
vn 0.0 0.499997 0.866027
vn 0.0 0.499997 0.866027
vn 0.0 0.499994 0.866029
vn 0.0 0.500008 0.866021
vn -0.0 0.500008 0.866021
vn 0.0 0.499994 0.866029
vn 0.0 0.500007 0.866021
vn -0.0 0.500007 0.866021
vn 0.0 0.5 0.866025
vn 0.0 0.499998 0.866026
vn 0.0 0.499998 0.866026
vn 0.0 0.5 0.866025
vn 0.0 0.500002 0.866024
vn 0.0 0.500002 0.866024
vn 0.0 0.500001 0.866025
vn 0.0 0.499994 0.866029
vn 0.0 0.499994 0.866029
vn 0.0 0.5 0.866025
vn 8e-06 0.499986 0.866033
vn -4e-06 0.500009 0.866021
vn 0.0 0.5 0.866025
vn -1e-06 0.500002 0.866024
vn -1e-06 0.500001 0.866025
vn -2e-06 0.500002 0.866024
vn 8e-06 0.499993 0.86603
vn -8e-06 0.500007 0.866021
vn -1e-06 0.500001 0.866025
vn 9e-06 0.499991 0.866031
vn -4e-06 0.500004 0.866023
vn 0.0 0.5 0.866025
vn -1e-06 0.500001 0.866025
vn -1e-06 0.5 0.866025
vn 2e-06 0.5 0.866026
vn -0.0 0.500002 0.866024
vn 7e-06 0.499993 0.86603
vn -1.4e-05 0.500018 0.866015
vn 0.0 0.5 0.866025
vn 3e-06 0.499997 0.866027
vn 0.0 0.500001 0.866025
vn -4e-06 0.500004 0.866023
vn 0.0 0.499998 0.866026
vn -0.0 0.499998 0.866026
vn -1e-06 0.500001 0.866025
vn 0.0 0.499993 0.866029
vn 0.0 0.500005 0.866023
vn 0.0 0.500005 0.866023
vn 3e-06 0.499997 0.866027
vn 0.0 0.499993 0.866029
vn -4e-06 0.500003 0.866024
vn 0.0 0.5 0.866025
vn 0.0 0.500009 0.86602
vn 0.0 0.500009 0.86602
vn 3e-06 0.499998 0.866027
vn 0.0 0.5 0.866025
vn 2e-06 0.499998 0.866026
vn 0.0 0.500003 0.866024
vn 0.0 0.500003 0.866024
vn 3e-06 0.499998 0.866027
vn 0.0 0.499996 0.866028
vn 0.0 0.499994 0.866029
vn 0.0 0.499996 0.866028
vn -5e-06 0.500004 0.866023
vn 0.0 0.499994 0.866029
vn -1e-06 0.500001 0.866025
vn 0.0 0.499998 0.866027
vn 0.0 0.500003 0.866024
vn 0.0 0.499998 0.866027
vn -0.0 0.5 0.866025
vn 0.0 0.500003 0.866024
vn 0.0 0.500003 0.866024
vn -4e-06 0.500003 0.866024
vn 0.0 0.500003 0.866024
vn 2e-06 0.499999 0.866026
vn 0.0 0.499979 0.866037
vn 0.0 0.50001 0.86602
vn -0.0 0.50001 0.86602
vn 5e-06 0.499997 0.866027
vn 0.0 0.499979 0.866037
vn 6e-06 0.499996 0.866028
vn 0.0 0.499992 0.86603
vn 0.0 0.500008 0.866021
vn 0.0 0.500008 0.866021
vn -2e-06 0.500001 0.866025
vn 0.0 0.500033 0.866006
vn 0.0 0.499992 0.86603
vn -7e-06 0.500004 0.866023
vn 0.0 0.499985 0.866034
vn 0.0 0.500033 0.866006
vn 2e-06 0.499999 0.866026
vn 0.0 0.499985 0.866034
vn -1e-05 0.500005 0.866022
vn 1.8e-05 0.499991 0.866031
vn -1.2e-05 0.500006 0.866022
vn -4e-06 0.500002 0.866024
vn 7e-06 0.499997 0.866027
vn 0.0 0.5 0.866026
vn 0.0 0.5 0.866025
vn 7e-06 0.500013 0.866018
vn -5e-06 0.499988 0.866032
vn 4e-06 0.500008 0.866021
vn -3e-06 0.499994 0.866029
vn 0.0 0.5 0.866025
vn 7e-06 0.500009 0.86602
vn -8e-06 0.499993 0.86603
vn 9e-06 0.500008 0.866021
vn -8e-06 0.499992 0.86603
vn 0.0 0.5 0.866026
vn 7e-06 0.500008 0.866021
vn -6e-06 0.499994 0.866029
vn 4e-06 0.500004 0.866023
vn -4e-06 0.499996 0.866027
vn -3e-06 0.499996 0.866028
vn 1e-05 0.500008 0.866021
vn -2e-06 0.499998 0.866027
vn 3e-06 0.500003 0.866024
vn -8e-06 0.499993 0.866029
vn 5e-06 0.500004 0.866023
vn 1e-06 0.500001 0.866025
vn 2e-06 0.500001 0.866025
vn 0.0 0.5 0.866025
vn -1e-06 0.499998 0.866026
vn -3e-06 0.499997 0.866027
vn -3e-06 0.499998 0.866026
vn 2e-06 0.500001 0.866025
vn 0.0 0.499999 0.866026
vn 7e-06 0.500005 0.866023
vn -5e-06 0.499996 0.866028
vn 4e-06 0.500002 0.866024
vn -2e-06 0.499999 0.866026
vn 1e-06 0.500001 0.866025
vn -6e-06 0.499996 0.866027
vn 2e-06 0.500002 0.866024
vn -0.0 0.5 0.866025
vn -1e-06 0.5 0.866026
vn 1e-05 0.500006 0.866022
vn -9e-06 0.499996 0.866028
vn 1.3e-05 0.500006 0.866022
vn -7e-06 0.499996 0.866028
vn -4e-06 0.499998 0.866027
vn 0.0 0.0 1.0
vn 0.0 -0.0 1.0
vn -0.999689 -0.021591 0.012466
vn -0.999689 -0.021591 0.012466
vn -0.997204 -0.064719 0.037365
vn -0.997204 -0.064719 0.037365
vn -0.992239 -0.107686 0.062172
vn -0.992239 -0.107685 0.062172
vn -0.984808 -0.150381 0.086823
vn -0.974928 -0.192709 0.111261
vn -0.984808 -0.150382 0.086823
vn -0.974928 -0.192709 0.111261
vn -0.962624 -0.234554 0.13542
vn -0.962624 -0.234554 0.13542
vn -0.947927 -0.275819 0.159244
vn -0.947927 -0.275817 0.159243
vn -0.930873 -0.316396 0.182671
vn -0.911507 -0.356183 0.205643
vn -0.930873 -0.316396 0.182671
vn -0.911506 -0.356185 0.205644
vn -0.889872 -0.395089 0.228105
vn -0.866026 -0.433012 0.249999
vn -0.889872 -0.395089 0.228105
vn -0.866026 -0.433012 0.249999
vn -0.840027 -0.469858 0.271272
vn -0.840027 -0.469858 0.271272
vn -0.811936 -0.505539 0.291873
vn -0.811936 -0.505539 0.291873
vn -0.781834 -0.539955 0.311743
vn -0.781832 -0.539957 0.311745
vn -0.749777 -0.573041 0.330846
vn -0.749777 -0.573041 0.330846
vn -0.715871 -0.604687 0.349116
vn -0.715871 -0.604687 0.349116
vn -0.680174 -0.63484 0.366525
vn -0.680171 -0.634843 0.366527
vn -0.642786 -0.663415 0.383023
vn -0.642786 -0.663415 0.383023
vn -0.603803 -0.690338 0.398567
vn -0.603803 -0.690338 0.398567
vn -0.563322 -0.715542 0.413119
vn -0.563322 -0.715542 0.413119
vn -0.521436 -0.738971 0.426645
vn -0.521436 -0.738971 0.426645
vn -0.478254 -0.760562 0.439111
vn -0.478249 -0.760564 0.439112
vn -0.433881 -0.780263 0.450485
vn -0.433875 -0.780265 0.450487
vn -0.388439 -0.79802 0.460737
vn -0.388439 -0.79802 0.460737
vn -0.342024 -0.813797 0.469846
vn -0.342024 -0.813797 0.469846
vn -0.294752 -0.827551 0.477787
vn -0.294758 -0.82755 0.477786
vn -0.246754 -0.839246 0.484539
vn -0.246754 -0.839246 0.484539
vn -0.19815 -0.848854 0.490086
vn -0.198144 -0.848855 0.490087
vn -0.149044 -0.856352 0.494415
vn -0.099567 -0.861722 0.497516
vn -0.14905 -0.856352 0.494415
vn -0.099561 -0.861723 0.497516
vn -0.049848 -0.864949 0.499378
vn -0.049855 -0.864949 0.499378
vn 0.0 -0.866025 0.5
vn 0.049848 -0.864949 0.499378
vn 0.0 -0.866025 0.5
vn 0.099567 -0.861722 0.497515
vn 0.049855 -0.864949 0.499378
vn 0.099561 -0.861723 0.497516
vn 0.149043 -0.856353 0.494415
vn 0.149049 -0.856352 0.494415
vn 0.198151 -0.848853 0.490086
vn 0.246754 -0.839246 0.484539
vn 0.198144 -0.848855 0.490086
vn 0.246754 -0.839246 0.484539
vn 0.294752 -0.827551 0.477787
vn 0.294758 -0.82755 0.477786
vn 0.342024 -0.813797 0.469846
vn 0.342024 -0.813797 0.469846
vn 0.388439 -0.79802 0.460737
vn 0.388439 -0.79802 0.460737
vn 0.433875 -0.780265 0.450486
vn 0.433881 -0.780263 0.450485
vn 0.478253 -0.760563 0.439111
vn 0.478248 -0.760565 0.439112
vn 0.521436 -0.738971 0.426645
vn 0.521436 -0.738971 0.426645
vn 0.563324 -0.715541 0.413118
vn 0.563324 -0.715541 0.413118
vn 0.603802 -0.690339 0.398567
vn 0.603802 -0.690339 0.398567
vn 0.642788 -0.663414 0.383022
vn 0.642788 -0.663414 0.383022
vn 0.680169 -0.634844 0.366527
vn 0.680173 -0.634842 0.366526
vn 0.715872 -0.604686 0.349116
vn 0.715872 -0.604686 0.349116
vn 0.749777 -0.573041 0.330846
vn 0.749777 -0.573041 0.330846
vn 0.78183 -0.539959 0.311746
vn 0.781833 -0.539956 0.311744
vn 0.811937 -0.505538 0.291872
vn 0.811937 -0.505538 0.291872
vn 0.840025 -0.46986 0.271274
vn 0.840025 -0.46986 0.271274
vn 0.866026 -0.433012 0.249999
vn 0.866026 -0.433012 0.249999
vn 0.889872 -0.395089 0.228105
vn 0.889872 -0.395089 0.228105
vn 0.911507 -0.356183 0.205642
vn 0.911508 -0.356181 0.205641
vn 0.930873 -0.316396 0.182671
vn 0.930873 -0.316396 0.182671
vn 0.947926 -0.275821 0.159246
vn 0.947926 -0.27582 0.159245
vn 0.962625 -0.234552 0.135419
vn 0.974927 -0.192712 0.111262
vn 0.962625 -0.234552 0.135419
vn 0.974927 -0.192712 0.111262
vn 0.984809 -0.150378 0.086821
vn 0.992239 -0.107689 0.062174
vn 0.984809 -0.150379 0.086822
vn 0.992239 -0.107688 0.062174
vn 0.997204 -0.064716 0.037364
vn 0.997204 -0.064716 0.037364
vn 0.999689 -0.021594 0.012467
vn 0.999689 -0.021594 0.012467
vn 0.999689 0.021594 -0.012467
vn 0.999689 0.021594 -0.012467
vn 0.997204 0.064715 -0.037363
vn 0.997204 0.064715 -0.037363
vn 0.992239 0.107688 -0.062174
vn 0.992239 0.107689 -0.062174
vn 0.984808 0.150381 -0.086822
vn 0.984809 0.15038 -0.086822
vn 0.974927 0.192712 -0.111262
vn 0.974927 0.192713 -0.111263
vn 0.962625 0.234552 -0.135419
vn 0.962625 0.234552 -0.135419
vn 0.947928 0.275817 -0.159243
vn 0.947928 0.275817 -0.159243
vn 0.930873 0.316396 -0.182671
vn 0.930873 0.316396 -0.182671
vn 0.911507 0.356183 -0.205642
vn 0.911507 0.356183 -0.205642
vn 0.88987 0.395093 -0.228107
vn 0.889871 0.395091 -0.228106
vn 0.866026 0.433012 -0.249999
vn 0.866026 0.433012 -0.249999
vn 0.840023 0.469862 -0.271275
vn 0.811941 0.505533 -0.29187
vn 0.840025 0.46986 -0.271274
vn 0.811941 0.505533 -0.29187
vn 0.781829 0.539961 -0.311747
vn 0.781829 0.539961 -0.311747
vn 0.749782 0.573036 -0.330843
vn 0.749782 0.573036 -0.330843
vn 0.715867 0.604691 -0.349118
vn 0.715867 0.604691 -0.349118
vn 0.680169 0.634844 -0.366528
vn 0.680169 0.634844 -0.366527
vn 0.642791 0.663411 -0.383021
vn 0.642788 0.663414 -0.383022
vn 0.603805 0.690337 -0.398566
vn 0.563321 0.715543 -0.413119
vn 0.603809 0.690334 -0.398565
vn 0.563316 0.715546 -0.413121
vn 0.521432 0.738973 -0.426646
vn 0.521436 0.738971 -0.426645
vn 0.478253 0.760563 -0.439111
vn 0.43389 0.78026 -0.450483
vn 0.478253 0.760563 -0.439111
vn 0.388434 0.798022 -0.460738
vn 0.433884 0.780262 -0.450484
vn 0.388439 0.79802 -0.460737
vn 0.342019 0.813798 -0.469846
vn 0.342014 0.8138 -0.469848
vn 0.294758 0.82755 -0.477786
vn 0.294752 0.827551 -0.477787
vn 0.246765 0.839244 -0.484538
vn 0.246765 0.839244 -0.484538
vn 0.19814 0.848855 -0.490087
vn 0.198134 0.848856 -0.490088
vn 0.149043 0.856353 -0.494415
vn 0.149049 0.856352 -0.494415
vn 0.099572 0.861722 -0.497515
vn 0.049844 0.864949 -0.499378
vn 0.099572 0.861722 -0.497515
vn 0.049844 0.864949 -0.499378
vn 0.0 0.866025 -0.5
vn 0.0 0.866025 -0.5
vn -0.049844 0.864949 -0.499378
vn -0.049844 0.864949 -0.499378
vn -0.099572 0.861722 -0.497515
vn -0.149044 0.856352 -0.494415
vn -0.099572 0.861722 -0.497515
vn -0.14905 0.856351 -0.494415
vn -0.198139 0.848855 -0.490087
vn -0.198133 0.848856 -0.490088
vn -0.246764 0.839244 -0.484538
vn -0.246764 0.839244 -0.484538
vn -0.294752 0.827551 -0.477787
vn -0.342019 0.813798 -0.469847
vn -0.294758 0.82755 -0.477786
vn -0.342014 0.8138 -0.469847
vn -0.388434 0.798022 -0.460738
vn -0.388439 0.79802 -0.460737
vn -0.43389 0.78026 -0.450483
vn -0.433884 0.780262 -0.450484
vn -0.478254 0.760562 -0.439111
vn -0.521432 0.738973 -0.426646
vn -0.478254 0.760562 -0.439111
vn -0.563319 0.715544 -0.41312
vn -0.521436 0.738971 -0.426645
vn -0.563315 0.715547 -0.413121
vn -0.603806 0.690336 -0.398566
vn -0.64279 0.663412 -0.383021
vn -0.60381 0.690333 -0.398564
vn -0.642786 0.663415 -0.383023
vn -0.680171 0.634843 -0.366527
vn -0.680171 0.634843 -0.366527
vn -0.715865 0.604692 -0.349119
vn -0.749782 0.573036 -0.330843
vn -0.715865 0.604692 -0.349119
vn -0.749782 0.573036 -0.330843
vn -0.78183 0.539959 -0.311746
vn -0.78183 0.539959 -0.311746
vn -0.81194 0.505535 -0.291871
vn -0.81194 0.505535 -0.291871
vn -0.840027 0.469858 -0.271272
vn -0.840025 0.46986 -0.271274
vn -0.866026 0.433012 -0.249999
vn -0.866026 0.433012 -0.249999
vn -0.889871 0.395091 -0.228106
vn -0.88987 0.395093 -0.228107
vn -0.911506 0.356185 -0.205644
vn -0.911506 0.356185 -0.205644
vn -0.930873 0.316396 -0.182671
vn -0.930873 0.316396 -0.182671
vn -0.947929 0.275814 -0.159241
vn -0.947929 0.275814 -0.159241
vn -0.962624 0.234554 -0.13542
vn -0.962624 0.234554 -0.13542
vn -0.974928 0.19271 -0.111261
vn -0.974928 0.192709 -0.111261
vn -0.984808 0.150383 -0.086824
vn -0.984808 0.150384 -0.086824
vn -0.992239 0.107686 -0.062172
vn -0.992239 0.107685 -0.062172
vn -0.997204 0.064718 -0.037365
vn -0.997204 0.064718 -0.037365
vn -0.999689 0.021591 -0.012466
vn -0.999689 0.021591 -0.012466
vn -0.999689 -0.021591 0.012466
vn -0.999689 -0.021591 0.012466
vn -0.997204 -0.064717 0.037365
vn -0.997204 -0.064717 0.037365
vn -0.992239 -0.107686 0.062172
vn -0.992239 -0.107685 0.062172
vn -0.984808 -0.150382 0.086823
vn -0.974928 -0.192709 0.111261
vn -0.984808 -0.150383 0.086824
vn -0.974928 -0.192709 0.111261
vn -0.962625 -0.234553 0.135419
vn -0.962625 -0.234553 0.135419
vn -0.947926 -0.27582 0.159245
vn -0.947927 -0.275819 0.159244
vn -0.930873 -0.316396 0.182671
vn -0.911507 -0.356183 0.205643
vn -0.930873 -0.316396 0.182671
vn -0.911506 -0.356185 0.205644
vn -0.889873 -0.395088 0.228104
vn -0.866025 -0.433013 0.25
vn -0.889873 -0.395088 0.228104
vn -0.866025 -0.433013 0.25
vn -0.840027 -0.469858 0.271272
vn -0.840027 -0.469858 0.271272
vn -0.811936 -0.505539 0.291873
vn -0.811936 -0.505539 0.291873
vn -0.781834 -0.539955 0.311743
vn -0.781832 -0.539957 0.311745
vn -0.749777 -0.57304 0.330845
vn -0.749777 -0.57304 0.330845
vn -0.71587 -0.604688 0.349117
vn -0.71587 -0.604688 0.349117
vn -0.680175 -0.63484 0.366525
vn -0.680171 -0.634843 0.366527
vn -0.642787 -0.663415 0.383023
vn -0.642787 -0.663415 0.383023
vn -0.603803 -0.690338 0.398567
vn -0.603803 -0.690338 0.398567
vn -0.563321 -0.715543 0.413119
vn -0.563321 -0.715543 0.413119
vn -0.521436 -0.738971 0.426645
vn -0.521436 -0.738971 0.426645
vn -0.478255 -0.760562 0.439111
vn -0.47825 -0.760564 0.439112
vn -0.43388 -0.780263 0.450485
vn -0.433875 -0.780266 0.450487
vn -0.388439 -0.79802 0.460737
vn -0.388439 -0.79802 0.460737
vn -0.342023 -0.813797 0.469846
vn -0.342023 -0.813797 0.469846
vn -0.294752 -0.827551 0.477787
vn -0.294758 -0.82755 0.477786
vn -0.246754 -0.839246 0.484539
vn -0.246754 -0.839246 0.484539
vn -0.19815 -0.848854 0.490086
vn -0.198144 -0.848855 0.490087
vn -0.149044 -0.856352 0.494415
vn -0.099567 -0.861722 0.497516
vn -0.14905 -0.856352 0.494415
vn -0.099561 -0.861723 0.497516
vn -0.049848 -0.864949 0.499379
vn -0.049855 -0.864949 0.499378
vn 0.0 -0.866025 0.5
vn 0.049848 -0.864949 0.499379
vn 0.0 -0.866025 0.5
vn 0.099567 -0.861722 0.497515
vn 0.049855 -0.864949 0.499378
vn 0.099561 -0.861722 0.497516
vn 0.149044 -0.856352 0.494415
vn 0.14905 -0.856352 0.494415
vn 0.19815 -0.848854 0.490086
vn 0.246754 -0.839246 0.484539
vn 0.198144 -0.848855 0.490086
vn 0.246754 -0.839246 0.484539
vn 0.294752 -0.827551 0.477787
vn 0.294758 -0.82755 0.477786
vn 0.342023 -0.813797 0.469846
vn 0.342023 -0.813797 0.469846
vn 0.388439 -0.79802 0.460737
vn 0.388439 -0.79802 0.460737
vn 0.433875 -0.780266 0.450487
vn 0.43388 -0.780263 0.450485
vn 0.478255 -0.760562 0.439111
vn 0.47825 -0.760564 0.439112
vn 0.521436 -0.738971 0.426645
vn 0.521436 -0.738971 0.426645
vn 0.563321 -0.715543 0.413119
vn 0.563321 -0.715543 0.413119
vn 0.603803 -0.690338 0.398567
vn 0.603803 -0.690338 0.398567
vn 0.642787 -0.663415 0.383023
vn 0.642787 -0.663415 0.383023
vn 0.680171 -0.634843 0.366527
vn 0.680175 -0.63484 0.366525
vn 0.71587 -0.604688 0.349117
vn 0.71587 -0.604688 0.349117
vn 0.749777 -0.57304 0.330845
vn 0.749777 -0.57304 0.330845
vn 0.781832 -0.539957 0.311745
vn 0.781834 -0.539955 0.311743
vn 0.811936 -0.505539 0.291873
vn 0.811936 -0.505539 0.291873
vn 0.840027 -0.469858 0.271272
vn 0.840027 -0.469858 0.271272
vn 0.866025 -0.433013 0.25
vn 0.866025 -0.433013 0.25
vn 0.889873 -0.395088 0.228104
vn 0.889873 -0.395088 0.228104
vn 0.911506 -0.356185 0.205644
vn 0.911507 -0.356183 0.205643
vn 0.930873 -0.316396 0.182671
vn 0.930873 -0.316396 0.182671
vn 0.947926 -0.27582 0.159245
vn 0.947927 -0.275819 0.159244
vn 0.962625 -0.234553 0.135419
vn 0.974928 -0.192709 0.111261
vn 0.962625 -0.234553 0.135419
vn 0.974928 -0.192709 0.111261
vn 0.984808 -0.150382 0.086823
vn 0.992239 -0.107686 0.062172
vn 0.984808 -0.150383 0.086824
vn 0.992239 -0.107685 0.062172
vn 0.997204 -0.064717 0.037365
vn 0.997204 -0.064717 0.037365
vn 0.999689 -0.021591 0.012466
vn 0.999689 -0.021591 0.012466
vn 0.999689 0.021591 -0.012466
vn 0.999689 0.021591 -0.012466
vn 0.997204 0.064717 -0.037364
vn 0.997204 0.064717 -0.037364
vn 0.992239 0.107685 -0.062172
vn 0.992239 0.107686 -0.062172
vn 0.984807 0.150385 -0.086825
vn 0.984808 0.150384 -0.086824
vn 0.974928 0.192709 -0.111261
vn 0.974928 0.19271 -0.111261
vn 0.962625 0.234553 -0.135419
vn 0.962625 0.234553 -0.135419
vn 0.947928 0.275816 -0.159242
vn 0.947928 0.275816 -0.159242
vn 0.930873 0.316396 -0.182671
vn 0.930873 0.316396 -0.182671
vn 0.911506 0.356185 -0.205644
vn 0.911506 0.356185 -0.205644
vn 0.889871 0.395092 -0.228106
vn 0.889872 0.39509 -0.228105
vn 0.866025 0.433013 -0.25
vn 0.866025 0.433013 -0.25
vn 0.840025 0.46986 -0.271274
vn 0.81194 0.505535 -0.291871
vn 0.840027 0.469858 -0.271273
vn 0.81194 0.505535 -0.291871
vn 0.78183 0.539959 -0.311746
vn 0.78183 0.539959 -0.311746
vn 0.749782 0.573036 -0.330842
vn 0.749782 0.573036 -0.330842
vn 0.715865 0.604693 -0.349119
vn 0.715865 0.604693 -0.349119
vn 0.680171 0.634843 -0.366527
vn 0.680171 0.634843 -0.366527
vn 0.64279 0.663412 -0.383021
vn 0.642787 0.663415 -0.383023
vn 0.603806 0.690336 -0.398565
vn 0.563318 0.715545 -0.41312
vn 0.60381 0.690333 -0.398564
vn 0.563314 0.715547 -0.413122
vn 0.521432 0.738973 -0.426646
vn 0.521436 0.738971 -0.426645
vn 0.478255 0.760562 -0.439111
vn 0.433889 0.78026 -0.450483
vn 0.478255 0.760562 -0.439111
vn 0.388434 0.798022 -0.460738
vn 0.433884 0.780262 -0.450485
vn 0.388439 0.79802 -0.460737
vn 0.342019 0.813798 -0.469846
vn 0.342014 0.8138 -0.469848
vn 0.294758 0.82755 -0.477786
vn 0.294752 0.827551 -0.477787
vn 0.246764 0.839244 -0.484538
vn 0.246764 0.839244 -0.484538
vn 0.19814 0.848855 -0.490087
vn 0.198133 0.848856 -0.490088
vn 0.149044 0.856352 -0.494415
vn 0.14905 0.856352 -0.494415
vn 0.099572 0.861722 -0.497515
vn 0.049844 0.864949 -0.499378
vn 0.099572 0.861722 -0.497515
vn 0.049844 0.864949 -0.499378
vn 0.0 0.866025 -0.5
vn 0.0 0.866025 -0.5
vn -0.049844 0.864949 -0.499378
vn -0.049844 0.864949 -0.499378
vn -0.099572 0.861722 -0.497515
vn -0.149044 0.856352 -0.494415
vn -0.099572 0.861722 -0.497515
vn -0.14905 0.856352 -0.494415
vn -0.19814 0.848855 -0.490087
vn -0.198133 0.848856 -0.490088
vn -0.246764 0.839244 -0.484538
vn -0.246764 0.839244 -0.484538
vn -0.294752 0.827551 -0.477787
vn -0.342019 0.813798 -0.469847
vn -0.294758 0.82755 -0.477786
vn -0.342014 0.8138 -0.469847
vn -0.388434 0.798022 -0.460738
vn -0.388439 0.79802 -0.460737
vn -0.433889 0.78026 -0.450483
vn -0.433884 0.780262 -0.450484
vn -0.478255 0.760562 -0.439111
vn -0.521432 0.738973 -0.426646
vn -0.478255 0.760562 -0.439111
vn -0.563318 0.715545 -0.41312
vn -0.521436 0.738971 -0.426645
vn -0.563314 0.715548 -0.413121
vn -0.603806 0.690336 -0.398566
vn -0.64279 0.663412 -0.383021
vn -0.60381 0.690333 -0.398564
vn -0.642787 0.663415 -0.383023
vn -0.680171 0.634843 -0.366527
vn -0.680171 0.634843 -0.366527
vn -0.715865 0.604693 -0.349119
vn -0.749782 0.573036 -0.330842
vn -0.715865 0.604693 -0.349119
vn -0.749782 0.573036 -0.330842
vn -0.78183 0.539959 -0.311746
vn -0.78183 0.539959 -0.311746
vn -0.81194 0.505535 -0.291871
vn -0.81194 0.505535 -0.291871
vn -0.840027 0.469858 -0.271272
vn -0.840025 0.46986 -0.271274
vn -0.866025 0.433013 -0.25
vn -0.866025 0.433013 -0.25
vn -0.889872 0.39509 -0.228105
vn -0.889871 0.395092 -0.228106
vn -0.911506 0.356185 -0.205644
vn -0.911506 0.356185 -0.205644
vn -0.930873 0.316396 -0.182671
vn -0.930873 0.316396 -0.182671
vn -0.947928 0.275816 -0.159242
vn -0.947928 0.275816 -0.159242
vn -0.962625 0.234553 -0.135419
vn -0.962625 0.234553 -0.135419
vn -0.974928 0.19271 -0.111261
vn -0.974928 0.192709 -0.111261
vn -0.984808 0.150384 -0.086824
vn -0.984807 0.150385 -0.086825
vn -0.992239 0.107686 -0.062172
vn -0.992239 0.107685 -0.062172
vn -0.997204 0.064717 -0.037364
vn -0.997204 0.064717 -0.037364
vn -0.999689 0.021591 -0.012466
vn -0.999689 0.021591 -0.012466
vn -0.999689 -0.021594 0.012467
vn -0.999689 -0.021594 0.012467
vn -0.997204 -0.064716 0.037364
vn -0.997204 -0.064716 0.037364
vn -0.992239 -0.107689 0.062174
vn -0.992239 -0.107688 0.062174
vn -0.984809 -0.150378 0.086821
vn -0.974927 -0.192712 0.111262
vn -0.984809 -0.150379 0.086822
vn -0.974927 -0.192712 0.111262
vn -0.962625 -0.234552 0.135419
vn -0.962625 -0.234552 0.135419
vn -0.947926 -0.275821 0.159246
vn -0.947926 -0.27582 0.159245
vn -0.930873 -0.316396 0.182671
vn -0.911508 -0.356181 0.205641
vn -0.930873 -0.316396 0.182671
vn -0.911507 -0.356183 0.205642
vn -0.889872 -0.395089 0.228105
vn -0.866026 -0.433012 0.249999
vn -0.889872 -0.395089 0.228105
vn -0.866026 -0.433012 0.249999
vn -0.840025 -0.46986 0.271274
vn -0.840025 -0.46986 0.271274
vn -0.811937 -0.505538 0.291872
vn -0.811937 -0.505538 0.291872
vn -0.781833 -0.539956 0.311744
vn -0.78183 -0.539959 0.311746
vn -0.749777 -0.573041 0.330846
vn -0.749777 -0.573041 0.330846
vn -0.715872 -0.604686 0.349116
vn -0.715872 -0.604686 0.349116
vn -0.680173 -0.634842 0.366526
vn -0.680169 -0.634844 0.366527
vn -0.642788 -0.663414 0.383022
vn -0.642787 -0.663414 0.383022
vn -0.603802 -0.690339 0.398567
vn -0.603802 -0.690339 0.398567
vn -0.563324 -0.715541 0.413118
vn -0.563324 -0.715541 0.413118
vn -0.521436 -0.738971 0.426645
vn -0.521436 -0.738971 0.426645
vn -0.478253 -0.760563 0.439111
vn -0.478248 -0.760565 0.439112
vn -0.433881 -0.780263 0.450485
vn -0.433875 -0.780265 0.450487
vn -0.388439 -0.79802 0.460737
vn -0.388439 -0.79802 0.460737
vn -0.342024 -0.813797 0.469846
vn -0.342024 -0.813797 0.469846
vn -0.294752 -0.827551 0.477787
vn -0.294758 -0.82755 0.477786
vn -0.246754 -0.839246 0.484539
vn -0.246754 -0.839246 0.484539
vn -0.198151 -0.848854 0.490086
vn -0.198144 -0.848854 0.490086
vn -0.149043 -0.856353 0.494415
vn -0.099567 -0.861722 0.497516
vn -0.149049 -0.856352 0.494415
vn -0.099561 -0.861723 0.497516
vn -0.049848 -0.864949 0.499378
vn -0.049855 -0.864949 0.499378
vn 0.0 -0.866025 0.5
vn 0.049848 -0.864949 0.499378
vn 0.0 -0.866025 0.5
vn 0.099567 -0.861722 0.497515
vn 0.049855 -0.864949 0.499378
vn 0.099561 -0.861723 0.497516
vn 0.149044 -0.856352 0.494415
vn 0.14905 -0.856351 0.494415
vn 0.19815 -0.848853 0.490086
vn 0.246754 -0.839246 0.484539
vn 0.198144 -0.848855 0.490086
vn 0.246754 -0.839246 0.484539
vn 0.294752 -0.827551 0.477787
vn 0.294758 -0.82755 0.477786
vn 0.342024 -0.813797 0.469846
vn 0.342024 -0.813797 0.469846
vn 0.388439 -0.79802 0.460737
vn 0.388439 -0.79802 0.460737
vn 0.433875 -0.780265 0.450486
vn 0.433881 -0.780263 0.450485
vn 0.478254 -0.760562 0.439111
vn 0.47825 -0.760564 0.439112
vn 0.521436 -0.738971 0.426645
vn 0.521436 -0.738971 0.426645
vn 0.563322 -0.715542 0.413119
vn 0.563322 -0.715542 0.413119
vn 0.603803 -0.690338 0.398567
vn 0.603803 -0.690338 0.398567
vn 0.642786 -0.663415 0.383023
vn 0.642786 -0.663415 0.383023
vn 0.680171 -0.634843 0.366527
vn 0.680174 -0.63484 0.366525
vn 0.715871 -0.604687 0.349116
vn 0.715871 -0.604687 0.349116
vn 0.749777 -0.573041 0.330846
vn 0.749777 -0.573041 0.330846
vn 0.781832 -0.539957 0.311745
vn 0.781834 -0.539955 0.311743
vn 0.811936 -0.505539 0.291873
vn 0.811936 -0.505539 0.291873
vn 0.840027 -0.469858 0.271272
vn 0.840027 -0.469858 0.271272
vn 0.866026 -0.433012 0.249999
vn 0.866026 -0.433012 0.249999
vn 0.889872 -0.395089 0.228105
vn 0.889872 -0.395089 0.228105
vn 0.911506 -0.356185 0.205644
vn 0.911507 -0.356183 0.205643
vn 0.930873 -0.316396 0.182671
vn 0.930873 -0.316396 0.182671
vn 0.947927 -0.275819 0.159244
vn 0.947927 -0.275817 0.159243
vn 0.962624 -0.234554 0.13542
vn 0.974928 -0.192709 0.111261
vn 0.962624 -0.234554 0.13542
vn 0.974928 -0.192709 0.111261
vn 0.984808 -0.150381 0.086823
vn 0.992239 -0.107686 0.062172
vn 0.984808 -0.150382 0.086823
vn 0.992239 -0.107685 0.062172
vn 0.997204 -0.064719 0.037365
vn 0.997204 -0.064719 0.037365
vn 0.999689 -0.021591 0.012466
vn 0.999689 -0.021591 0.012466
vn 0.999689 0.021591 -0.012466
vn 0.999689 0.021591 -0.012466
vn 0.997204 0.064718 -0.037365
vn 0.997204 0.064718 -0.037365
vn 0.992239 0.107685 -0.062172
vn 0.992239 0.107686 -0.062172
vn 0.984808 0.150384 -0.086824
vn 0.984808 0.150383 -0.086824
vn 0.974928 0.192709 -0.111261
vn 0.974928 0.19271 -0.111261
vn 0.962624 0.234554 -0.13542
vn 0.962624 0.234554 -0.13542
vn 0.947929 0.275814 -0.159241
vn 0.947929 0.275814 -0.159241
vn 0.930873 0.316396 -0.182671
vn 0.930873 0.316396 -0.182671
vn 0.911506 0.356185 -0.205644
vn 0.911506 0.356185 -0.205644
vn 0.88987 0.395093 -0.228107
vn 0.889871 0.395091 -0.228106
vn 0.866026 0.433012 -0.249999
vn 0.866026 0.433012 -0.249999
vn 0.840025 0.46986 -0.271274
vn 0.81194 0.505535 -0.291871
vn 0.840027 0.469858 -0.271273
vn 0.81194 0.505535 -0.291871
vn 0.78183 0.539959 -0.311746
vn 0.78183 0.539959 -0.311746
vn 0.749782 0.573036 -0.330843
vn 0.749782 0.573036 -0.330843
vn 0.715865 0.604692 -0.349119
vn 0.715865 0.604692 -0.349119
vn 0.680171 0.634843 -0.366527
vn 0.680171 0.634843 -0.366527
vn 0.64279 0.663412 -0.383021
vn 0.642786 0.663415 -0.383023
vn 0.603806 0.690336 -0.398565
vn 0.563319 0.715544 -0.41312
vn 0.60381 0.690333 -0.398564
vn 0.563315 0.715547 -0.413121
vn 0.521432 0.738973 -0.426646
vn 0.521436 0.738971 -0.426645
vn 0.478254 0.760562 -0.439111
vn 0.43389 0.78026 -0.450483
vn 0.478254 0.760562 -0.439111
vn 0.388434 0.798022 -0.460738
vn 0.433884 0.780262 -0.450484
vn 0.388439 0.79802 -0.460737
vn 0.342019 0.813798 -0.469846
vn 0.342014 0.8138 -0.469848
vn 0.294758 0.82755 -0.477786
vn 0.294752 0.827551 -0.477787
vn 0.246764 0.839244 -0.484538
vn 0.246764 0.839244 -0.484538
vn 0.198139 0.848855 -0.490087
vn 0.198133 0.848856 -0.490088
vn 0.149044 0.856352 -0.494415
vn 0.14905 0.856351 -0.494415
vn 0.099572 0.861722 -0.497515
vn 0.049844 0.864949 -0.499378
vn 0.099572 0.861722 -0.497515
vn 0.049844 0.864949 -0.499378
vn 0.0 0.866025 -0.5
vn 0.0 0.866025 -0.5
vn -0.049844 0.864949 -0.499378
vn -0.049844 0.864949 -0.499378
vn -0.099572 0.861722 -0.497515
vn -0.149043 0.856353 -0.494415
vn -0.099572 0.861722 -0.497515
vn -0.149049 0.856352 -0.494415
vn -0.19814 0.848855 -0.490087
vn -0.198134 0.848856 -0.490088
vn -0.246765 0.839244 -0.484538
vn -0.246765 0.839244 -0.484538
vn -0.294752 0.827551 -0.477787
vn -0.342019 0.813798 -0.469847
vn -0.294758 0.82755 -0.477786
vn -0.342014 0.8138 -0.469847
vn -0.388434 0.798022 -0.460738
vn -0.388439 0.79802 -0.460737
vn -0.43389 0.78026 -0.450483
vn -0.433884 0.780262 -0.450484
vn -0.478253 0.760563 -0.439111
vn -0.521432 0.738973 -0.426646
vn -0.478253 0.760563 -0.439111
vn -0.563321 0.715543 -0.413119
vn -0.521436 0.738971 -0.426645
vn -0.563316 0.715546 -0.413121
vn -0.603805 0.690337 -0.398566
vn -0.642791 0.663411 -0.383021
vn -0.603809 0.690334 -0.398565
vn -0.642787 0.663414 -0.383022
vn -0.680169 0.634844 -0.366527
vn -0.680169 0.634844 -0.366527
vn -0.715867 0.604691 -0.349118
vn -0.749782 0.573036 -0.330843
vn -0.715867 0.604691 -0.349118
vn -0.749782 0.573036 -0.330843
vn -0.781829 0.539961 -0.311747
vn -0.781829 0.539961 -0.311747
vn -0.811941 0.505533 -0.29187
vn -0.811941 0.505533 -0.29187
vn -0.840025 0.46986 -0.271274
vn -0.840023 0.469862 -0.271275
vn -0.866026 0.433012 -0.249999
vn -0.866026 0.433012 -0.249999
vn -0.889871 0.395091 -0.228106
vn -0.88987 0.395093 -0.228107
vn -0.911507 0.356183 -0.205642
vn -0.911507 0.356183 -0.205642
vn -0.930873 0.316396 -0.182671
vn -0.930873 0.316396 -0.182671
vn -0.947928 0.275817 -0.159243
vn -0.947928 0.275817 -0.159243
vn -0.962625 0.234552 -0.135419
vn -0.962625 0.234552 -0.135419
vn -0.974927 0.192713 -0.111263
vn -0.974927 0.192712 -0.111262
vn -0.984809 0.15038 -0.086822
vn -0.984808 0.150381 -0.086822
vn -0.992239 0.107689 -0.062174
vn -0.992239 0.107688 -0.062174
vn -0.997204 0.064715 -0.037363
vn -0.997204 0.064715 -0.037363
vn -0.999689 0.021594 -0.012467
vn -0.999689 0.021594 -0.012467
f 1//1 2//1 3//1 
f 1//2 3//2 4//2 
f 5//3 6//3 3//3 
f 2//4 5//4 3//4 
f 1//5 4//5 7//5 
f 8//6 1//6 7//6 
f 5//7 8//7 9//7 
f 5//8 9//8 10//8 
f 2//9 1//9 8//9 
f 2//10 8//10 5//10 
f 7//11 6//11 11//11 
f 7//12 11//12 12//12 
f 4//13 3//13 6//13 
f 4//14 6//14 7//14 
f 13//15 11//15 6//15 
f 14//16 13//16 15//16 
f 16//17 15//17 13//17 
f 17//18 13//18 14//18 
f 18//19 16//19 13//19 
f 19//20 13//20 17//20 
f 20//21 18//21 13//21 
f 21//22 13//22 19//22 
f 22//23 20//23 13//23 
f 23//24 24//24 13//24 
f 23//25 13//25 21//25 
f 25//26 22//26 13//26 
f 26//27 24//27 23//27 
f 27//28 25//28 13//28 
f 28//29 24//29 26//29 
f 29//30 27//30 13//30 
f 30//31 24//31 28//31 
f 31//32 29//32 13//32 
f 32//33 24//33 30//33 
f 33//34 24//34 32//34 
f 34//35 24//35 33//35 
f 35//36 24//36 34//36 
f 5//37 36//37 37//37 
f 5//38 37//38 38//38 
f 5//39 38//39 31//39 
f 5//40 13//40 6//40 
f 5//41 31//41 13//41 
f 39//42 36//42 5//42 
f 10//43 39//43 5//43 
f 40//44 41//44 24//44 
f 40//45 24//45 35//45 
f 42//46 9//46 8//46 
f 43//47 42//47 8//47 
f 44//48 43//48 8//48 
f 45//49 44//49 8//49 
f 46//50 45//50 8//50 
f 47//51 48//51 46//51 
f 47//52 49//52 48//52 
f 47//53 50//53 49//53 
f 47//54 51//54 50//54 
f 47//55 52//55 51//55 
f 47//56 53//56 52//56 
f 47//57 54//57 53//57 
f 47//58 55//58 54//58 
f 47//59 56//59 55//59 
f 47//60 57//60 56//60 
f 47//61 58//61 57//61 
f 47//62 59//62 58//62 
f 47//63 46//63 8//63 
f 60//64 59//64 47//64 
f 7//65 47//65 8//65 
f 61//66 62//66 60//66 
f 61//67 63//67 62//67 
f 61//68 64//68 63//68 
f 61//69 65//69 64//69 
f 61//70 66//70 65//70 
f 61//71 67//71 66//71 
f 61//72 68//72 67//72 
f 61//73 60//73 47//73 
f 12//74 47//74 7//74 
f 69//75 70//75 68//75 
f 69//76 68//76 61//76 
f 10//77 9//77 42//77 
f 10//78 42//78 39//78 
f 13//79 47//79 12//79 
f 13//80 12//80 11//80 
f 42//81 43//81 39//81 
f 39//82 43//82 36//82 
f 36//83 43//83 37//83 
f 43//84 44//84 37//84 
f 37//85 45//85 38//85 
f 44//86 45//86 37//86 
f 38//87 46//87 31//87 
f 45//88 46//88 38//88 
f 31//89 48//89 29//89 
f 46//90 48//90 31//90 
f 29//91 49//91 27//91 
f 48//92 49//92 29//92 
f 27//93 50//93 25//93 
f 49//94 50//94 27//94 
f 25//95 51//95 22//95 
f 50//96 51//96 25//96 
f 22//97 52//97 20//97 
f 20//98 52//98 18//98 
f 51//99 52//99 22//99 
f 18//100 53//100 16//100 
f 52//101 53//101 18//101 
f 53//102 54//102 16//102 
f 54//103 55//103 16//103 
f 16//104 55//104 15//104 
f 15//105 55//105 14//105 
f 55//106 56//106 14//106 
f 56//107 57//107 14//107 
f 14//108 57//108 17//108 
f 17//109 58//109 19//109 
f 57//110 58//110 17//110 
f 19//111 59//111 21//111 
f 58//112 59//112 19//112 
f 21//113 60//113 23//113 
f 59//114 60//114 21//114 
f 23//115 62//115 26//115 
f 60//116 62//116 23//116 
f 26//117 63//117 28//117 
f 62//118 63//118 26//118 
f 28//119 64//119 30//119 
f 30//120 64//120 32//120 
f 63//121 64//121 28//121 
f 64//122 65//122 32//122 
f 32//123 66//123 33//123 
f 65//124 66//124 32//124 
f 33//125 67//125 34//125 
f 66//126 67//126 33//126 
f 34//127 68//127 35//127 
f 67//128 68//128 34//128 
f 71//129 72//129 40//129 
f 73//130 40//130 72//130 
f 74//131 71//131 40//131 
f 75//132 40//132 73//132 
f 76//133 74//133 40//133 
f 77//134 40//134 75//134 
f 78//135 76//135 40//135 
f 79//136 40//136 77//136 
f 80//137 78//137 40//137 
f 81//138 40//138 79//138 
f 82//139 80//139 40//139 
f 83//140 40//140 81//140 
f 84//141 82//141 40//141 
f 85//142 40//142 83//142 
f 86//143 84//143 40//143 
f 87//144 40//144 85//144 
f 88//145 86//145 40//145 
f 89//146 40//146 87//146 
f 90//147 88//147 40//147 
f 91//148 40//148 89//148 
f 92//149 90//149 40//149 
f 93//150 40//150 91//150 
f 94//151 92//151 40//151 
f 95//152 40//152 93//152 
f 96//153 94//153 40//153 
f 97//154 40//154 95//154 
f 98//155 96//155 40//155 
f 99//156 40//156 97//156 
f 100//157 98//157 40//157 
f 101//158 40//158 99//158 
f 102//159 100//159 40//159 
f 103//160 40//160 101//160 
f 104//161 40//161 103//161 
f 105//162 40//162 104//162 
f 106//163 40//163 105//163 
f 107//164 40//164 106//164 
f 35//165 102//165 40//165 
f 35//166 108//166 109//166 
f 35//167 109//167 110//167 
f 35//168 110//168 111//168 
f 35//169 111//169 112//169 
f 35//170 112//170 113//170 
f 35//171 113//171 114//171 
f 35//172 114//172 115//172 
f 35//173 115//173 116//173 
f 35//174 116//174 117//174 
f 35//175 117//175 118//175 
f 35//176 118//176 119//176 
f 35//177 119//177 120//177 
f 35//178 120//178 121//178 
f 35//179 121//179 122//179 
f 35//180 122//180 123//180 
f 35//181 123//181 124//181 
f 35//182 124//182 125//182 
f 35//183 125//183 126//183 
f 35//184 126//184 127//184 
f 35//185 127//185 128//185 
f 35//186 128//186 129//186 
f 35//187 129//187 102//187 
f 130//188 108//188 35//188 
f 131//189 130//189 35//189 
f 132//190 131//190 35//190 
f 133//191 132//191 35//191 
f 134//192 133//192 35//192 
f 135//193 134//193 35//193 
f 136//194 135//194 35//194 
f 137//195 136//195 35//195 
f 138//196 137//196 35//196 
f 139//197 138//197 35//197 
f 140//198 139//198 35//198 
f 141//199 140//199 35//199 
f 142//200 141//200 35//200 
f 143//201 142//201 35//201 
f 144//202 145//202 146//202 
f 144//203 147//203 145//203 
f 148//204 149//204 145//204 
f 148//205 145//205 147//205 
f 150//206 146//206 151//206 
f 150//207 144//207 146//207 
f 152//208 153//208 149//208 
f 152//209 149//209 148//209 
f 154//210 150//210 151//210 
f 154//211 151//211 155//211 
f 156//212 157//212 158//212 
f 156//213 158//213 153//213 
f 156//214 153//214 152//214 
f 159//215 155//215 160//215 
f 159//216 154//216 155//216 
f 161//217 157//217 156//217 
f 162//218 160//218 163//218 
f 162//219 159//219 160//219 
f 164//220 165//220 166//220 
f 164//221 166//221 157//221 
f 164//222 157//222 161//222 
f 167//223 163//223 168//223 
f 167//224 162//224 163//224 
f 169//225 165//225 164//225 
f 170//226 168//226 171//226 
f 170//227 167//227 168//227 
f 172//228 173//228 174//228 
f 172//229 174//229 165//229 
f 172//230 165//230 169//230 
f 175//231 171//231 176//231 
f 175//232 170//232 171//232 
f 177//233 173//233 172//233 
f 178//234 176//234 179//234 
f 178//235 175//235 176//235 
f 180//236 181//236 173//236 
f 180//237 173//237 177//237 
f 182//238 179//238 183//238 
f 182//239 178//239 179//239 
f 184//240 107//240 185//240 
f 184//241 185//241 181//241 
f 184//242 181//242 180//242 
f 186//243 183//243 187//243 
f 186//244 182//244 183//244 
f 188//245 40//245 107//245 
f 188//246 107//246 184//246 
f 189//247 187//247 190//247 
f 189//248 186//248 187//248 
f 191//249 40//249 188//249 
f 192//250 190//250 193//250 
f 192//251 189//251 190//251 
f 194//252 40//252 191//252 
f 195//253 193//253 196//253 
f 195//254 192//254 193//254 
f 197//255 40//255 194//255 
f 198//256 196//256 199//256 
f 198//257 195//257 196//257 
f 200//258 40//258 197//258 
f 201//259 202//259 203//259 
f 201//260 199//260 202//260 
f 201//261 198//261 199//261 
f 204//262 203//262 205//262 
f 204//263 201//263 203//263 
f 206//264 204//264 205//264 
f 207//265 206//265 205//265 
f 207//266 205//266 208//266 
f 207//267 208//267 209//267 
f 210//268 209//268 211//268 
f 210//269 207//269 209//269 
f 212//270 210//270 211//270 
f 213//271 211//271 214//271 
f 213//272 212//272 211//272 
f 215//273 213//273 214//273 
f 215//274 214//274 216//274 
f 215//275 216//275 217//275 
f 218//276 215//276 217//276 
f 218//277 217//277 219//277 
f 220//278 218//278 219//278 
f 221//279 219//279 222//279 
f 221//280 220//280 219//280 
f 223//281 222//281 224//281 
f 223//282 224//282 225//282 
f 223//283 221//283 222//283 
f 226//284 223//284 225//284 
f 227//285 225//285 228//285 
f 227//286 226//286 225//286 
f 229//287 228//287 230//287 
f 229//288 227//288 228//288 
f 231//289 230//289 232//289 
f 231//290 232//290 233//290 
f 231//291 229//291 230//291 
f 234//292 231//292 233//292 
f 235//293 233//293 236//293 
f 235//294 236//294 237//294 
f 235//295 234//295 233//295 
f 238//296 237//296 239//296 
f 238//297 235//297 237//297 
f 240//298 238//298 239//298 
f 241//299 240//299 239//299 
f 241//300 239//300 242//300 
f 241//301 242//301 243//301 
f 244//302 241//302 243//302 
f 245//303 243//303 246//303 
f 245//304 244//304 243//304 
f 247//305 246//305 248//305 
f 247//306 245//306 246//306 
f 249//307 248//307 250//307 
f 249//308 250//308 251//308 
f 249//309 247//309 248//309 
f 252//310 249//310 251//310 
f 253//311 251//311 254//311 
f 253//312 254//312 143//312 
f 253//313 252//313 251//313 
f 255//314 253//314 143//314 
f 255//315 143//315 35//315 
f 256//316 255//316 35//316 
f 257//317 256//317 35//317 
f 258//318 257//318 35//318 
f 259//319 258//319 35//319 
f 260//320 261//320 262//320 
f 260//321 263//321 261//321 
f 264//322 265//322 261//322 
f 264//323 261//323 263//323 
f 266//324 262//324 267//324 
f 266//325 260//325 262//325 
f 268//326 269//326 270//326 
f 268//327 265//327 264//327 
f 268//328 270//328 265//328 
f 271//329 267//329 272//329 
f 271//330 266//330 267//330 
f 273//331 269//331 268//331 
f 273//332 274//332 269//332 
f 275//333 271//333 272//333 
f 275//334 272//334 276//334 
f 277//335 274//335 273//335 
f 278//336 276//336 279//336 
f 278//337 275//337 276//337 
f 280//338 281//338 274//338 
f 280//339 274//339 277//339 
f 282//340 279//340 283//340 
f 282//341 278//341 279//341 
f 284//342 281//342 280//342 
f 284//343 285//343 281//343 
f 286//344 282//344 283//344 
f 286//345 283//345 287//345 
f 288//346 289//346 285//346 
f 288//347 285//347 284//347 
f 290//348 286//348 287//348 
f 290//349 287//349 291//349 
f 292//350 293//350 294//350 
f 292//351 294//351 289//351 
f 292//352 289//352 288//352 
f 295//353 291//353 296//353 
f 295//354 290//354 291//354 
f 297//355 293//355 292//355 
f 298//356 295//356 296//356 
f 298//357 296//357 299//357 
f 300//358 293//358 297//358 
f 300//359 301//359 302//359 
f 300//360 302//360 293//360 
f 303//361 299//361 304//361 
f 303//362 304//362 305//362 
f 303//363 298//363 299//363 
f 306//364 301//364 300//364 
f 307//365 303//365 305//365 
f 308//366 307//366 305//366 
f 308//367 305//367 309//367 
f 310//368 309//368 311//368 
f 310//369 308//369 309//369 
f 312//370 310//370 311//370 
f 312//371 311//371 313//371 
f 312//372 313//372 314//372 
f 315//373 312//373 314//373 
f 316//374 314//374 317//374 
f 316//375 317//375 318//375 
f 316//376 315//376 314//376 
f 319//377 316//377 318//377 
f 320//378 318//378 321//378 
f 320//379 321//379 322//379 
f 320//380 319//380 318//380 
f 323//381 320//381 322//381 
f 324//382 322//382 325//382 
f 324//383 323//383 322//383 
f 326//384 325//384 327//384 
f 326//385 324//385 325//385 
f 328//386 327//386 329//386 
f 328//387 326//387 327//387 
f 330//388 329//388 331//388 
f 330//389 331//389 332//389 
f 330//390 328//390 329//390 
f 333//391 330//391 332//391 
f 70//392 200//392 334//392 
f 70//393 334//393 335//393 
f 70//394 335//394 336//394 
f 70//395 336//395 337//395 
f 70//396 337//396 301//396 
f 70//397 306//397 338//397 
f 70//398 338//398 339//398 
f 70//399 339//399 340//399 
f 70//400 340//400 341//400 
f 70//401 341//401 342//401 
f 70//402 342//402 343//402 
f 70//403 343//403 344//403 
f 70//404 344//404 345//404 
f 70//405 345//405 346//405 
f 70//406 346//406 347//406 
f 70//407 347//407 348//407 
f 70//408 348//408 349//408 
f 70//409 349//409 350//409 
f 70//410 301//410 306//410 
f 70//411 40//411 200//411 
f 351//412 70//412 350//412 
f 352//413 332//413 353//413 
f 352//414 353//414 354//414 
f 352//415 333//415 332//415 
f 355//416 70//416 351//416 
f 356//417 352//417 354//417 
f 357//418 70//418 355//418 
f 358//419 354//419 359//419 
f 358//420 356//420 354//420 
f 360//421 70//421 357//421 
f 361//422 359//422 362//422 
f 361//423 358//423 359//423 
f 363//424 70//424 360//424 
f 364//425 362//425 365//425 
f 364//426 361//426 362//426 
f 366//427 70//427 363//427 
f 367//428 365//428 368//428 
f 367//429 364//429 365//429 
f 369//430 70//430 366//430 
f 370//431 368//431 371//431 
f 370//432 367//432 368//432 
f 372//433 70//433 369//433 
f 373//434 370//434 371//434 
f 373//435 371//435 374//435 
f 373//436 374//436 375//436 
f 376//437 70//437 372//437 
f 377//438 373//438 375//438 
f 377//439 375//439 378//439 
f 379//440 70//440 376//440 
f 380//441 377//441 378//441 
f 381//442 70//442 379//442 
f 382//443 380//443 378//443 
f 382//444 378//444 383//444 
f 384//445 70//445 381//445 
f 385//446 382//446 383//446 
f 385//447 383//447 386//447 
f 385//448 386//448 387//448 
f 388//449 70//449 384//449 
f 389//450 385//450 387//450 
f 390//451 70//451 388//451 
f 391//452 389//452 387//452 
f 391//453 387//453 392//453 
f 393//454 70//454 390//454 
f 394//455 391//455 392//455 
f 394//456 392//456 395//456 
f 394//457 395//457 396//457 
f 397//458 70//458 393//458 
f 398//459 396//459 399//459 
f 398//460 394//460 396//460 
f 400//461 70//461 397//461 
f 401//462 398//462 399//462 
f 401//463 399//463 402//463 
f 403//464 70//464 400//464 
f 404//465 401//465 402//465 
f 405//466 70//466 403//466 
f 406//467 70//467 405//467 
f 407//468 70//468 406//468 
f 408//469 70//469 407//469 
f 409//470 70//470 408//470 
f 68//471 259//471 35//471 
f 68//472 404//472 402//472 
f 68//473 409//473 410//473 
f 68//474 410//474 411//474 
f 68//475 402//475 412//475 
f 68//476 411//476 413//476 
f 68//477 412//477 414//477 
f 68//478 413//478 415//478 
f 68//479 414//479 416//479 
f 68//480 415//480 417//480 
f 68//481 416//481 418//481 
f 68//482 417//482 419//482 
f 68//483 418//483 259//483 
f 68//484 419//484 420//484 
f 68//485 420//485 421//485 
f 68//486 421//486 422//486 
f 68//487 422//487 423//487 
f 68//488 423//488 424//488 
f 68//489 424//489 425//489 
f 68//490 425//490 426//490 
f 68//491 426//491 427//491 
f 68//492 427//492 428//492 
f 68//493 428//493 429//493 
f 68//494 429//494 430//494 
f 68//495 430//495 431//495 
f 68//496 70//496 409//496 
f 68//497 431//497 432//497 
f 68//498 432//498 433//498 
f 68//499 433//499 434//499 
f 68//500 434//500 435//500 
f 68//501 435//501 436//501 
f 68//502 436//502 437//502 
f 68//503 437//503 438//503 
f 68//504 438//504 439//504 
f 68//505 439//505 440//505 
f 68//506 440//506 441//506 
f 68//507 441//507 442//507 
f 68//508 442//508 443//508 
f 68//509 443//509 444//509 
f 68//510 444//510 445//510 
f 68//511 445//511 446//511 
f 68//512 446//512 447//512 
f 68//513 447//513 448//513 
f 68//514 448//514 404//514 
f 69//515 41//515 40//515 
f 70//516 69//516 40//516 
f 449//517 450//517 24//517 
f 451//518 24//518 450//518 
f 452//519 449//519 24//519 
f 453//520 24//520 451//520 
f 454//521 452//521 24//521 
f 455//522 24//522 453//522 
f 456//523 454//523 24//523 
f 457//524 24//524 455//524 
f 458//525 456//525 24//525 
f 459//526 24//526 457//526 
f 460//527 458//527 24//527 
f 461//528 24//528 459//528 
f 462//529 460//529 24//529 
f 463//530 24//530 461//530 
f 464//531 462//531 24//531 
f 465//532 24//532 463//532 
f 466//533 464//533 24//533 
f 467//534 24//534 465//534 
f 468//535 466//535 24//535 
f 469//536 24//536 467//536 
f 470//537 468//537 24//537 
f 471//538 24//538 469//538 
f 472//539 470//539 24//539 
f 473//540 24//540 471//540 
f 474//541 472//541 24//541 
f 475//542 24//542 473//542 
f 476//543 474//543 24//543 
f 477//544 24//544 475//544 
f 478//545 476//545 24//545 
f 479//546 24//546 477//546 
f 480//547 478//547 24//547 
f 481//548 24//548 479//548 
f 482//549 24//549 481//549 
f 483//550 24//550 482//550 
f 484//551 24//551 483//551 
f 485//552 24//552 484//552 
f 41//553 480//553 24//553 
f 41//554 486//554 480//554 
f 41//555 487//555 486//555 
f 41//556 488//556 487//556 
f 41//557 489//557 488//557 
f 41//558 490//558 489//558 
f 41//559 491//559 490//559 
f 41//560 492//560 491//560 
f 41//561 493//561 492//561 
f 41//562 494//562 493//562 
f 41//563 495//563 494//563 
f 41//564 496//564 495//564 
f 41//565 497//565 496//565 
f 41//566 498//566 497//566 
f 41//567 499//567 498//567 
f 41//568 500//568 499//568 
f 41//569 501//569 500//569 
f 41//570 502//570 501//570 
f 41//571 503//571 502//571 
f 41//572 504//572 503//572 
f 41//573 505//573 504//573 
f 41//574 506//574 505//574 
f 41//575 507//575 506//575 
f 508//576 507//576 41//576 
f 509//577 508//577 41//577 
f 510//578 509//578 41//578 
f 511//579 510//579 41//579 
f 512//580 511//580 41//580 
f 513//581 512//581 41//581 
f 514//582 513//582 41//582 
f 515//583 514//583 41//583 
f 516//584 515//584 41//584 
f 517//585 516//585 41//585 
f 518//586 517//586 41//586 
f 519//587 518//587 41//587 
f 520//588 519//588 41//588 
f 521//589 520//589 41//589 
f 522//590 523//590 524//590 
f 522//591 525//591 523//591 
f 526//592 527//592 523//592 
f 526//593 528//593 527//593 
f 526//594 523//594 525//594 
f 529//595 522//595 524//595 
f 529//596 524//596 530//596 
f 531//597 528//597 526//597 
f 532//598 530//598 533//598 
f 532//599 529//599 530//599 
f 534//600 535//600 528//600 
f 534//601 528//601 531//601 
f 536//602 532//602 533//602 
f 536//603 533//603 537//603 
f 538//604 539//604 535//604 
f 538//605 535//605 534//605 
f 540//606 537//606 541//606 
f 540//607 536//607 537//607 
f 542//608 543//608 539//608 
f 542//609 539//609 538//609 
f 544//610 541//610 545//610 
f 544//611 540//611 541//611 
f 546//612 547//612 543//612 
f 546//613 543//613 542//613 
f 548//614 545//614 549//614 
f 548//615 544//615 545//615 
f 550//616 551//616 547//616 
f 550//617 547//617 546//617 
f 552//618 549//618 553//618 
f 552//619 548//619 549//619 
f 554//620 555//620 551//620 
f 554//621 551//621 550//621 
f 556//622 553//622 557//622 
f 556//623 552//623 553//623 
f 558//624 559//624 555//624 
f 558//625 560//625 559//625 
f 558//626 555//626 554//626 
f 561//627 557//627 562//627 
f 561//628 556//628 557//628 
f 563//629 560//629 558//629 
f 564//630 562//630 565//630 
f 564//631 561//631 562//631 
f 566//632 485//632 560//632 
f 566//633 24//633 485//633 
f 566//634 560//634 563//634 
f 567//635 565//635 568//635 
f 567//636 564//636 565//636 
f 569//637 24//637 566//637 
f 570//638 568//638 571//638 
f 570//639 567//639 568//639 
f 572//640 24//640 569//640 
f 573//641 571//641 574//641 
f 573//642 570//642 571//642 
f 575//643 24//643 572//643 
f 576//644 577//644 578//644 
f 576//645 574//645 577//645 
f 576//646 573//646 574//646 
f 579//647 24//647 575//647 
f 580//648 578//648 581//648 
f 580//649 576//649 578//649 
f 582//650 581//650 583//650 
f 582//651 580//651 581//651 
f 584//652 583//652 585//652 
f 584//653 582//653 583//653 
f 586//654 585//654 587//654 
f 586//655 584//655 585//655 
f 588//656 586//656 587//656 
f 589//657 588//657 587//657 
f 589//658 587//658 590//658 
f 591//659 590//659 592//659 
f 591//660 589//660 590//660 
f 593//661 594//661 595//661 
f 593//662 592//662 594//662 
f 593//663 591//663 592//663 
f 596//664 593//664 595//664 
f 597//665 596//665 595//665 
f 597//666 595//666 598//666 
f 599//667 597//667 598//667 
f 599//668 598//668 600//668 
f 601//669 599//669 600//669 
f 601//670 602//670 603//670 
f 601//671 600//671 602//671 
f 604//672 601//672 603//672 
f 604//673 603//673 605//673 
f 606//674 604//674 605//674 
f 607//675 608//675 609//675 
f 607//676 605//676 608//676 
f 607//677 606//677 605//677 
f 610//678 607//678 609//678 
f 611//679 609//679 612//679 
f 611//680 610//680 609//680 
f 613//681 614//681 615//681 
f 613//682 612//682 614//682 
f 613//683 611//683 612//683 
f 616//684 613//684 615//684 
f 617//685 618//685 619//685 
f 617//686 615//686 618//686 
f 617//687 616//687 615//687 
f 620//688 617//688 619//688 
f 620//689 619//689 621//689 
f 622//690 621//690 623//690 
f 622//691 620//691 621//691 
f 624//692 622//692 623//692 
f 625//693 626//693 627//693 
f 625//694 623//694 626//694 
f 625//695 624//695 623//695 
f 628//696 625//696 627//696 
f 629//697 630//697 631//697 
f 629//698 627//698 630//698 
f 629//699 628//699 627//699 
f 632//700 629//700 631//700 
f 633//701 631//701 521//701 
f 633//702 521//702 41//702 
f 633//703 632//703 631//703 
f 634//704 633//704 41//704 
f 635//705 634//705 41//705 
f 636//706 635//706 41//706 
f 637//707 636//707 41//707 
f 638//708 639//708 640//708 
f 638//709 641//709 639//709 
f 642//710 643//710 639//710 
f 642//711 639//711 641//711 
f 644//712 640//712 645//712 
f 644//713 638//713 640//713 
f 646//714 647//714 643//714 
f 646//715 643//715 642//715 
f 648//716 644//716 645//716 
f 648//717 645//717 649//717 
f 650//718 651//718 647//718 
f 650//719 647//719 646//719 
f 652//720 648//720 649//720 
f 652//721 649//721 653//721 
f 654//722 655//722 651//722 
f 654//723 656//723 655//723 
f 654//724 651//724 650//724 
f 657//725 652//725 653//725 
f 657//726 653//726 658//726 
f 659//727 656//727 654//727 
f 660//728 658//728 661//728 
f 660//729 657//729 658//729 
f 662//730 663//730 656//730 
f 662//731 664//731 663//731 
f 662//732 656//732 659//732 
f 665//733 661//733 666//733 
f 665//734 660//734 661//734 
f 667//735 664//735 662//735 
f 668//736 666//736 669//736 
f 668//737 665//737 666//737 
f 670//738 671//738 664//738 
f 670//739 664//739 667//739 
f 672//740 669//740 673//740 
f 672//741 668//741 669//741 
f 674//742 671//742 670//742 
f 674//743 675//743 671//743 
f 676//744 672//744 673//744 
f 676//745 673//745 677//745 
f 678//746 675//746 674//746 
f 678//747 679//747 675//747 
f 680//748 677//748 681//748 
f 680//749 676//749 677//749 
f 682//750 679//750 678//750 
f 682//751 683//751 679//751 
f 684//752 680//752 681//752 
f 684//753 681//753 685//753 
f 686//754 684//754 685//754 
f 686//755 685//755 687//755 
f 688//756 686//756 687//756 
f 688//757 687//757 689//757 
f 690//758 689//758 691//758 
f 690//759 688//759 689//759 
f 692//760 691//760 693//760 
f 692//761 690//761 691//761 
f 692//762 693//762 694//762 
f 695//763 692//763 694//763 
f 695//764 694//764 696//764 
f 697//765 695//765 696//765 
f 698//766 699//766 700//766 
f 698//767 696//767 699//767 
f 698//768 697//768 696//768 
f 701//769 698//769 700//769 
f 702//770 700//770 703//770 
f 702//771 701//771 700//771 
f 704//772 705//772 706//772 
f 704//773 703//773 705//773 
f 704//774 702//774 703//774 
f 707//775 704//775 706//775 
f 708//776 706//776 709//776 
f 708//777 707//777 706//777 
f 710//778 711//778 712//778 
f 710//779 709//779 711//779 
f 710//780 708//780 709//780 
f 61//781 683//781 682//781 
f 61//782 713//782 683//782 
f 61//783 714//783 713//783 
f 61//784 715//784 714//784 
f 61//785 716//785 715//785 
f 61//786 579//786 716//786 
f 61//787 717//787 718//787 
f 61//788 719//788 717//788 
f 61//789 720//789 719//789 
f 61//790 721//790 720//790 
f 61//791 722//791 721//791 
f 61//792 723//792 722//792 
f 61//793 724//793 723//793 
f 61//794 725//794 724//794 
f 61//795 726//795 725//795 
f 61//796 727//796 726//796 
f 61//797 728//797 727//797 
f 61//798 729//798 728//798 
f 61//799 682//799 729//799 
f 61//800 24//800 579//800 
f 730//801 61//801 718//801 
f 731//802 710//802 712//802 
f 732//803 61//803 730//803 
f 733//804 712//804 734//804 
f 733//805 731//805 712//805 
f 735//806 61//806 732//806 
f 736//807 737//807 738//807 
f 736//808 734//808 737//808 
f 736//809 733//809 734//809 
f 739//810 61//810 735//810 
f 740//811 736//811 738//811 
f 741//812 61//812 739//812 
f 742//813 743//813 744//813 
f 742//814 738//814 743//814 
f 742//815 740//815 738//815 
f 745//816 61//816 741//816 
f 746//817 742//817 744//817 
f 747//818 61//818 745//818 
f 748//819 746//819 744//819 
f 748//820 744//820 749//820 
f 750//821 61//821 747//821 
f 751//822 748//822 749//822 
f 751//823 752//823 753//823 
f 751//824 749//824 752//824 
f 754//825 61//825 750//825 
f 755//826 751//826 753//826 
f 756//827 61//827 754//827 
f 757//828 755//828 753//828 
f 757//829 758//829 759//829 
f 757//830 753//830 758//830 
f 760//831 61//831 756//831 
f 761//832 759//832 762//832 
f 761//833 757//833 759//833 
f 763//834 61//834 760//834 
f 764//835 761//835 762//835 
f 765//836 61//836 763//836 
f 766//837 767//837 768//837 
f 766//838 762//838 767//838 
f 766//839 764//839 762//839 
f 769//840 61//840 765//840 
f 770//841 766//841 768//841 
f 771//842 61//842 769//842 
f 772//843 773//843 774//843 
f 772//844 768//844 773//844 
f 772//845 770//845 768//845 
f 775//846 61//846 771//846 
f 776//847 774//847 777//847 
f 776//848 772//848 774//848 
f 778//849 61//849 775//849 
f 779//850 777//850 780//850 
f 779//851 776//851 777//851 
f 781//852 61//852 778//852 
f 782//853 779//853 780//853 
f 783//854 61//854 781//854 
f 784//855 61//855 783//855 
f 785//856 61//856 784//856 
f 786//857 61//857 785//857 
f 787//858 61//858 786//858 
f 69//859 637//859 41//859 
f 69//860 788//860 637//860 
f 69//861 789//861 788//861 
f 69//862 790//862 789//862 
f 69//863 791//863 790//863 
f 69//864 780//864 791//864 
f 69//865 782//865 780//865 
f 69//866 792//866 782//866 
f 69//867 793//867 792//867 
f 69//868 794//868 793//868 
f 69//869 795//869 794//869 
f 69//870 796//870 795//870 
f 69//871 797//871 796//871 
f 69//872 798//872 797//872 
f 69//873 799//873 798//873 
f 69//874 800//874 799//874 
f 69//875 801//875 800//875 
f 69//876 802//876 801//876 
f 69//877 803//877 802//877 
f 69//878 804//878 803//878 
f 69//879 805//879 804//879 
f 69//880 806//880 805//880 
f 69//881 807//881 806//881 
f 69//882 808//882 807//882 
f 69//883 61//883 787//883 
f 69//884 809//884 808//884 
f 69//885 810//885 809//885 
f 69//886 811//886 810//886 
f 69//887 812//887 811//887 
f 69//888 813//888 812//888 
f 69//889 814//889 813//889 
f 69//890 815//890 814//890 
f 69//891 816//891 815//891 
f 69//892 817//892 816//892 
f 69//893 818//893 817//893 
f 69//894 819//894 818//894 
f 69//895 820//895 819//895 
f 69//896 821//896 820//896 
f 69//897 822//897 821//897 
f 69//898 823//898 822//898 
f 69//899 824//899 823//899 
f 69//900 825//900 824//900 
f 69//901 826//901 825//901 
f 69//902 787//902 826//902 
f 47//903 13//903 24//903 
f 61//904 47//904 24//904 
f 578//905 577//905 202//905 
f 202//906 577//906 203//906 
f 203//907 574//907 205//907 
f 577//908 574//908 203//908 
f 205//909 571//909 208//909 
f 574//910 571//910 205//910 
f 208//911 568//911 209//911 
f 209//912 568//912 211//912 
f 571//913 568//913 208//913 
f 568//914 565//914 211//914 
f 211//915 562//915 214//915 
f 565//916 562//916 211//916 
f 214//917 557//917 216//917 
f 562//918 557//918 214//918 
f 216//919 553//919 217//919 
f 217//920 553//920 219//920 
f 557//921 553//921 216//921 
f 553//922 549//922 219//922 
f 219//923 545//923 222//923 
f 222//924 545//924 224//924 
f 549//925 545//925 219//925 
f 545//926 541//926 224//926 
f 541//927 537//927 224//927 
f 224//928 537//928 225//928 
f 537//929 533//929 225//929 
f 225//930 533//930 228//930 
f 533//931 530//931 228//931 
f 228//932 530//932 230//932 
f 230//933 530//933 232//933 
f 530//934 524//934 232//934 
f 524//935 523//935 232//935 
f 232//936 523//936 233//936 
f 233//937 523//937 236//937 
f 523//938 527//938 236//938 
f 236//939 527//939 237//939 
f 527//940 528//940 237//940 
f 528//941 535//941 237//941 
f 237//942 535//942 239//942 
f 239//943 535//943 242//943 
f 535//944 539//944 242//944 
f 539//945 543//945 242//945 
f 242//946 543//946 243//946 
f 543//947 547//947 243//947 
f 243//948 547//948 246//948 
f 246//949 551//949 248//949 
f 547//950 551//950 246//950 
f 248//951 555//951 250//951 
f 551//952 555//952 248//952 
f 250//953 559//953 251//953 
f 555//954 559//954 250//954 
f 251//955 560//955 254//955 
f 559//956 560//956 251//956 
f 254//957 485//957 143//957 
f 560//958 485//958 254//958 
f 143//959 484//959 142//959 
f 485//960 484//960 143//960 
f 142//961 483//961 141//961 
f 141//962 483//962 140//962 
f 484//963 483//963 142//963 
f 483//964 482//964 140//964 
f 140//965 481//965 139//965 
f 482//966 481//966 140//966 
f 139//967 479//967 138//967 
f 138//968 479//968 137//968 
f 481//969 479//969 139//969 
f 137//970 477//970 136//970 
f 479//971 477//971 137//971 
f 477//972 475//972 136//972 
f 136//973 473//973 135//973 
f 475//974 473//974 136//974 
f 135//975 471//975 134//975 
f 134//976 471//976 133//976 
f 473//977 471//977 135//977 
f 471//978 469//978 133//978 
f 133//979 469//979 132//979 
f 469//980 467//980 132//980 
f 132//981 467//981 131//981 
f 467//982 465//982 131//982 
f 465//983 463//983 131//983 
f 131//984 463//984 130//984 
f 463//985 461//985 130//985 
f 130//986 461//986 108//986 
f 461//987 459//987 108//987 
f 108//988 459//988 109//988 
f 459//989 457//989 109//989 
f 109//990 457//990 110//990 
f 457//991 455//991 110//991 
f 110//992 455//992 111//992 
f 455//993 453//993 111//993 
f 111//994 453//994 112//994 
f 112//995 453//995 113//995 
f 453//996 451//996 113//996 
f 451//997 450//997 113//997 
f 113//998 450//998 114//998 
f 450//999 449//999 114//999 
f 114//1000 449//1000 115//1000 
f 449//1001 452//1001 115//1001 
f 115//1002 452//1002 116//1002 
f 116//1003 452//1003 117//1003 
f 452//1004 454//1004 117//1004 
f 454//1005 456//1005 117//1005 
f 117//1006 456//1006 118//1006 
f 118//1007 456//1007 119//1007 
f 456//1008 458//1008 119//1008 
f 458//1009 460//1009 119//1009 
f 119//1010 460//1010 120//1010 
f 120//1011 460//1011 121//1011 
f 460//1012 462//1012 121//1012 
f 462//1013 464//1013 121//1013 
f 121//1014 464//1014 122//1014 
f 122//1015 464//1015 123//1015 
f 464//1016 466//1016 123//1016 
f 123//1017 466//1017 124//1017 
f 466//1018 468//1018 124//1018 
f 124//1019 470//1019 125//1019 
f 125//1020 470//1020 126//1020 
f 468//1021 470//1021 124//1021 
f 470//1022 472//1022 126//1022 
f 126//1023 474//1023 127//1023 
f 127//1024 474//1024 128//1024 
f 472//1025 474//1025 126//1025 
f 474//1026 476//1026 128//1026 
f 476//1027 478//1027 128//1027 
f 128//1028 478//1028 129//1028 
f 129//1029 478//1029 102//1029 
f 478//1030 480//1030 102//1030 
f 480//1031 486//1031 102//1031 
f 102//1032 486//1032 100//1032 
f 486//1033 487//1033 100//1033 
f 100//1034 487//1034 98//1034 
f 487//1035 488//1035 98//1035 
f 98//1036 488//1036 96//1036 
f 488//1037 489//1037 96//1037 
f 96//1038 489//1038 94//1038 
f 489//1039 490//1039 94//1039 
f 94//1040 490//1040 92//1040 
f 490//1041 491//1041 92//1041 
f 92//1042 491//1042 90//1042 
f 90//1043 491//1043 88//1043 
f 491//1044 492//1044 88//1044 
f 492//1045 493//1045 88//1045 
f 88//1046 493//1046 86//1046 
f 86//1047 493//1047 84//1047 
f 493//1048 494//1048 84//1048 
f 494//1049 495//1049 84//1049 
f 84//1050 495//1050 82//1050 
f 82//1051 495//1051 80//1051 
f 495//1052 496//1052 80//1052 
f 80//1053 497//1053 78//1053 
f 78//1054 497//1054 76//1054 
f 496//1055 497//1055 80//1055 
f 497//1056 498//1056 76//1056 
f 76//1057 499//1057 74//1057 
f 498//1058 499//1058 76//1058 
f 74//1059 500//1059 71//1059 
f 499//1060 500//1060 74//1060 
f 71//1061 501//1061 72//1061 
f 500//1062 501//1062 71//1062 
f 72//1063 502//1063 73//1063 
f 501//1064 502//1064 72//1064 
f 73//1065 503//1065 75//1065 
f 502//1066 503//1066 73//1066 
f 75//1067 504//1067 77//1067 
f 77//1068 504//1068 79//1068 
f 503//1069 504//1069 75//1069 
f 504//1070 505//1070 79//1070 
f 79//1071 506//1071 81//1071 
f 505//1072 506//1072 79//1072 
f 81//1073 507//1073 83//1073 
f 83//1074 507//1074 85//1074 
f 506//1075 507//1075 81//1075 
f 85//1076 508//1076 87//1076 
f 507//1077 508//1077 85//1077 
f 508//1078 509//1078 87//1078 
f 87//1079 509//1079 89//1079 
f 509//1080 510//1080 89//1080 
f 510//1081 511//1081 89//1081 
f 89//1082 511//1082 91//1082 
f 511//1083 512//1083 91//1083 
f 91//1084 512//1084 93//1084 
f 93//1085 512//1085 95//1085 
f 512//1086 513//1086 95//1086 
f 95//1087 514//1087 97//1087 
f 513//1088 514//1088 95//1088 
f 97//1089 515//1089 99//1089 
f 99//1090 515//1090 101//1090 
f 514//1091 515//1091 97//1091 
f 515//1092 516//1092 101//1092 
f 101//1093 517//1093 103//1093 
f 516//1094 517//1094 101//1094 
f 103//1095 518//1095 104//1095 
f 517//1096 518//1096 103//1096 
f 104//1097 519//1097 105//1097 
f 105//1098 519//1098 106//1098 
f 518//1099 519//1099 104//1099 
f 519//1100 520//1100 106//1100 
f 106//1101 521//1101 107//1101 
f 520//1102 521//1102 106//1102 
f 107//1103 631//1103 185//1103 
f 521//1104 631//1104 107//1104 
f 185//1105 630//1105 181//1105 
f 181//1106 630//1106 173//1106 
f 631//1107 630//1107 185//1107 
f 630//1108 627//1108 173//1108 
f 173//1109 626//1109 174//1109 
f 627//1110 626//1110 173//1110 
f 174//1111 623//1111 165//1111 
f 626//1112 623//1112 174//1112 
f 165//1113 621//1113 166//1113 
f 166//1114 621//1114 157//1114 
f 623//1115 621//1115 165//1115 
f 157//1116 619//1116 158//1116 
f 621//1117 619//1117 157//1117 
f 619//1118 618//1118 158//1118 
f 158//1119 615//1119 153//1119 
f 153//1120 615//1120 149//1120 
f 618//1121 615//1121 158//1121 
f 615//1122 614//1122 149//1122 
f 149//1123 612//1123 145//1123 
f 614//1124 612//1124 149//1124 
f 145//1125 609//1125 146//1125 
f 146//1126 609//1126 151//1126 
f 612//1127 609//1127 145//1127 
f 609//1128 608//1128 151//1128 
f 608//1129 605//1129 151//1129 
f 151//1130 605//1130 155//1130 
f 605//1131 603//1131 155//1131 
f 155//1132 603//1132 160//1132 
f 603//1133 602//1133 160//1133 
f 160//1134 602//1134 163//1134 
f 163//1135 602//1135 168//1135 
f 602//1136 600//1136 168//1136 
f 168//1137 600//1137 171//1137 
f 600//1138 598//1138 171//1138 
f 171//1139 598//1139 176//1139 
f 598//1140 595//1140 176//1140 
f 595//1141 594//1141 176//1141 
f 176//1142 594//1142 179//1142 
f 594//1143 592//1143 179//1143 
f 179//1144 592//1144 183//1144 
f 592//1145 590//1145 183//1145 
f 183//1146 590//1146 187//1146 
f 187//1147 590//1147 190//1147 
f 590//1148 587//1148 190//1148 
f 190//1149 587//1149 193//1149 
f 587//1150 585//1150 193//1150 
f 193//1151 585//1151 196//1151 
f 585//1152 583//1152 196//1152 
f 196//1153 581//1153 199//1153 
f 583//1154 581//1154 196//1154 
f 199//1155 578//1155 202//1155 
f 581//1156 578//1156 199//1156 
f 693//1157 691//1157 314//1157 
f 314//1158 691//1158 317//1158 
f 317//1159 689//1159 318//1159 
f 691//1160 689//1160 317//1160 
f 318//1161 687//1161 321//1161 
f 689//1162 687//1162 318//1162 
f 321//1163 685//1163 322//1163 
f 322//1164 685//1164 325//1164 
f 687//1165 685//1165 321//1165 
f 685//1166 681//1166 325//1166 
f 325//1167 677//1167 327//1167 
f 681//1168 677//1168 325//1168 
f 327//1169 673//1169 329//1169 
f 677//1170 673//1170 327//1170 
f 329//1171 669//1171 331//1171 
f 331//1172 669//1172 332//1172 
f 673//1173 669//1173 329//1173 
f 669//1174 666//1174 332//1174 
f 332//1175 661//1175 353//1175 
f 353//1176 661//1176 354//1176 
f 666//1177 661//1177 332//1177 
f 661//1178 658//1178 354//1178 
f 658//1179 653//1179 354//1179 
f 354//1180 653//1180 359//1180 
f 653//1181 649//1181 359//1181 
f 359//1182 649//1182 362//1182 
f 649//1183 645//1183 362//1183 
f 362//1184 645//1184 365//1184 
f 365//1185 645//1185 368//1185 
f 645//1186 640//1186 368//1186 
f 640//1187 639//1187 368//1187 
f 368//1188 639//1188 371//1188 
f 371//1189 639//1189 374//1189 
f 639//1190 643//1190 374//1190 
f 374//1191 643//1191 375//1191 
f 643//1192 647//1192 375//1192 
f 647//1193 651//1193 375//1193 
f 375//1194 651//1194 378//1194 
f 378//1195 651//1195 383//1195 
f 651//1196 655//1196 383//1196 
f 655//1197 656//1197 383//1197 
f 383//1198 656//1198 386//1198 
f 656//1199 663//1199 386//1199 
f 386//1200 663//1200 387//1200 
f 387//1201 664//1201 392//1201 
f 663//1202 664//1202 387//1202 
f 392//1203 671//1203 395//1203 
f 664//1204 671//1204 392//1204 
f 395//1205 675//1205 396//1205 
f 671//1206 675//1206 395//1206 
f 396//1207 679//1207 399//1207 
f 675//1208 679//1208 396//1208 
f 399//1209 683//1209 402//1209 
f 679//1210 683//1210 399//1210 
f 402//1211 713//1211 412//1211 
f 683//1212 713//1212 402//1212 
f 412//1213 714//1213 414//1213 
f 414//1214 714//1214 416//1214 
f 713//1215 714//1215 412//1215 
f 714//1216 715//1216 416//1216 
f 416//1217 716//1217 418//1217 
f 715//1218 716//1218 416//1218 
f 418//1219 579//1219 259//1219 
f 259//1220 579//1220 258//1220 
f 716//1221 579//1221 418//1221 
f 258//1222 575//1222 257//1222 
f 579//1223 575//1223 258//1223 
f 575//1224 572//1224 257//1224 
f 257//1225 569//1225 256//1225 
f 572//1226 569//1226 257//1226 
f 256//1227 566//1227 255//1227 
f 255//1228 566//1228 253//1228 
f 569//1229 566//1229 256//1229 
f 566//1230 563//1230 253//1230 
f 253//1231 563//1231 252//1231 
f 563//1232 558//1232 252//1232 
f 252//1233 558//1233 249//1233 
f 558//1234 554//1234 249//1234 
f 554//1235 550//1235 249//1235 
f 249//1236 550//1236 247//1236 
f 550//1237 546//1237 247//1237 
f 247//1238 546//1238 245//1238 
f 546//1239 542//1239 245//1239 
f 245//1240 542//1240 244//1240 
f 542//1241 538//1241 244//1241 
f 244//1242 538//1242 241//1242 
f 538//1243 534//1243 241//1243 
f 241//1244 534//1244 240//1244 
f 534//1245 531//1245 240//1245 
f 240//1246 531//1246 238//1246 
f 238//1247 531//1247 235//1247 
f 531//1248 526//1248 235//1248 
f 526//1249 525//1249 235//1249 
f 235//1250 525//1250 234//1250 
f 525//1251 522//1251 234//1251 
f 234//1252 522//1252 231//1252 
f 522//1253 529//1253 231//1253 
f 231//1254 529//1254 229//1254 
f 229//1255 529//1255 227//1255 
f 529//1256 532//1256 227//1256 
f 532//1257 536//1257 227//1257 
f 227//1258 536//1258 226//1258 
f 226//1259 536//1259 223//1259 
f 536//1260 540//1260 223//1260 
f 540//1261 544//1261 223//1261 
f 223//1262 544//1262 221//1262 
f 221//1263 544//1263 220//1263 
f 544//1264 548//1264 220//1264 
f 548//1265 552//1265 220//1265 
f 220//1266 552//1266 218//1266 
f 218//1267 552//1267 215//1267 
f 552//1268 556//1268 215//1268 
f 215//1269 556//1269 213//1269 
f 556//1270 561//1270 213//1270 
f 213//1271 564//1271 212//1271 
f 212//1272 564//1272 210//1272 
f 561//1273 564//1273 213//1273 
f 564//1274 567//1274 210//1274 
f 210//1275 570//1275 207//1275 
f 207//1276 570//1276 206//1276 
f 567//1277 570//1277 210//1277 
f 570//1278 573//1278 206//1278 
f 573//1279 576//1279 206//1279 
f 206//1280 576//1280 204//1280 
f 204//1281 576//1281 201//1281 
f 576//1282 580//1282 201//1282 
f 580//1283 582//1283 201//1283 
f 201//1284 582//1284 198//1284 
f 582//1285 584//1285 198//1285 
f 198//1286 584//1286 195//1286 
f 584//1287 586//1287 195//1287 
f 195//1288 586//1288 192//1288 
f 586//1289 588//1289 192//1289 
f 192//1290 588//1290 189//1290 
f 588//1291 589//1291 189//1291 
f 189//1292 589//1292 186//1292 
f 589//1293 591//1293 186//1293 
f 186//1294 591//1294 182//1294 
f 182//1295 591//1295 178//1295 
f 591//1296 593//1296 178//1296 
f 593//1297 596//1297 178//1297 
f 178//1298 596//1298 175//1298 
f 175//1299 596//1299 170//1299 
f 596//1300 597//1300 170//1300 
f 597//1301 599//1301 170//1301 
f 170//1302 599//1302 167//1302 
f 167//1303 599//1303 162//1303 
f 599//1304 601//1304 162//1304 
f 162//1305 604//1305 159//1305 
f 159//1306 604//1306 154//1306 
f 601//1307 604//1307 162//1307 
f 604//1308 606//1308 154//1308 
f 154//1309 607//1309 150//1309 
f 606//1310 607//1310 154//1310 
f 150//1311 610//1311 144//1311 
f 607//1312 610//1312 150//1312 
f 144//1313 611//1313 147//1313 
f 610//1314 611//1314 144//1314 
f 147//1315 613//1315 148//1315 
f 611//1316 613//1316 147//1316 
f 148//1317 616//1317 152//1317 
f 613//1318 616//1318 148//1318 
f 152//1319 617//1319 156//1319 
f 156//1320 617//1320 161//1320 
f 616//1321 617//1321 152//1321 
f 617//1322 620//1322 161//1322 
f 161//1323 622//1323 164//1323 
f 620//1324 622//1324 161//1324 
f 164//1325 624//1325 169//1325 
f 169//1326 624//1326 172//1326 
f 622//1327 624//1327 164//1327 
f 172//1328 625//1328 177//1328 
f 624//1329 625//1329 172//1329 
f 625//1330 628//1330 177//1330 
f 177//1331 628//1331 180//1331 
f 628//1332 629//1332 180//1332 
f 629//1333 632//1333 180//1333 
f 180//1334 632//1334 184//1334 
f 632//1335 633//1335 184//1335 
f 184//1336 633//1336 188//1336 
f 188//1337 633//1337 191//1337 
f 633//1338 634//1338 191//1338 
f 191//1339 635//1339 194//1339 
f 634//1340 635//1340 191//1340 
f 194//1341 636//1341 197//1341 
f 197//1342 636//1342 200//1342 
f 635//1343 636//1343 194//1343 
f 636//1344 637//1344 200//1344 
f 200//1345 788//1345 334//1345 
f 637//1346 788//1346 200//1346 
f 334//1347 789//1347 335//1347 
f 788//1348 789//1348 334//1348 
f 335//1349 790//1349 336//1349 
f 336//1350 790//1350 337//1350 
f 789//1351 790//1351 335//1351 
f 790//1352 791//1352 337//1352 
f 337//1353 780//1353 301//1353 
f 791//1354 780//1354 337//1354 
f 301//1355 777//1355 302//1355 
f 780//1356 777//1356 301//1356 
f 302//1357 774//1357 293//1357 
f 293//1358 774//1358 294//1358 
f 777//1359 774//1359 302//1359 
f 774//1360 773//1360 294//1360 
f 294//1361 768//1361 289//1361 
f 773//1362 768//1362 294//1362 
f 289//1363 767//1363 285//1363 
f 768//1364 767//1364 289//1364 
f 285//1365 762//1365 281//1365 
f 281//1366 762//1366 274//1366 
f 767//1367 762//1367 285//1367 
f 274//1368 759//1368 269//1368 
f 762//1369 759//1369 274//1369 
f 759//1370 758//1370 269//1370 
f 269//1371 753//1371 270//1371 
f 270//1372 753//1372 265//1372 
f 758//1373 753//1373 269//1373 
f 753//1374 752//1374 265//1374 
f 265//1375 749//1375 261//1375 
f 752//1376 749//1376 265//1376 
f 261//1377 744//1377 262//1377 
f 262//1378 744//1378 267//1378 
f 749//1379 744//1379 261//1379 
f 744//1380 743//1380 267//1380 
f 743//1381 738//1381 267//1381 
f 267//1382 738//1382 272//1382 
f 738//1383 737//1383 272//1383 
f 272//1384 737//1384 276//1384 
f 737//1385 734//1385 276//1385 
f 276//1386 734//1386 279//1386 
f 279//1387 734//1387 283//1387 
f 734//1388 712//1388 283//1388 
f 283//1389 712//1389 287//1389 
f 712//1390 711//1390 287//1390 
f 287//1391 711//1391 291//1391 
f 711//1392 709//1392 291//1392 
f 709//1393 706//1393 291//1393 
f 291//1394 706//1394 296//1394 
f 706//1395 705//1395 296//1395 
f 296//1396 705//1396 299//1396 
f 705//1397 703//1397 299//1397 
f 299//1398 703//1398 304//1398 
f 304//1399 703//1399 305//1399 
f 703//1400 700//1400 305//1400 
f 305//1401 700//1401 309//1401 
f 700//1402 699//1402 309//1402 
f 309//1403 699//1403 311//1403 
f 699//1404 696//1404 311//1404 
f 311//1405 694//1405 313//1405 
f 696//1406 694//1406 311//1406 
f 313//1407 693//1407 314//1407 
f 694//1408 693//1408 313//1408 
f 787//1409 786//1409 409//1409 
f 409//1410 786//1410 410//1410 
f 410//1411 785//1411 411//1411 
f 786//1412 785//1412 410//1412 
f 411//1413 784//1413 413//1413 
f 785//1414 784//1414 411//1414 
f 413//1415 783//1415 415//1415 
f 415//1416 783//1416 417//1416 
f 784//1417 783//1417 413//1417 
f 783//1418 781//1418 417//1418 
f 417//1419 778//1419 419//1419 
f 781//1420 778//1420 417//1420 
f 419//1421 775//1421 420//1421 
f 778//1422 775//1422 419//1422 
f 420//1423 771//1423 421//1423 
f 421//1424 771//1424 422//1424 
f 775//1425 771//1425 420//1425 
f 771//1426 769//1426 422//1426 
f 422//1427 765//1427 423//1427 
f 423//1428 765//1428 424//1428 
f 769//1429 765//1429 422//1429 
f 765//1430 763//1430 424//1430 
f 763//1431 760//1431 424//1431 
f 424//1432 760//1432 425//1432 
f 760//1433 756//1433 425//1433 
f 425//1434 756//1434 426//1434 
f 756//1435 754//1435 426//1435 
f 426//1436 754//1436 427//1436 
f 427//1437 754//1437 428//1437 
f 754//1438 750//1438 428//1438 
f 750//1439 747//1439 428//1439 
f 428//1440 747//1440 429//1440 
f 429//1441 747//1441 430//1441 
f 747//1442 745//1442 430//1442 
f 430//1443 745//1443 431//1443 
f 745//1444 741//1444 431//1444 
f 741//1445 739//1445 431//1445 
f 431//1446 739//1446 432//1446 
f 432//1447 739//1447 433//1447 
f 739//1448 735//1448 433//1448 
f 735//1449 732//1449 433//1449 
f 433//1450 732//1450 434//1450 
f 732//1451 730//1451 434//1451 
f 434//1452 730//1452 435//1452 
f 435//1453 718//1453 436//1453 
f 730//1454 718//1454 435//1454 
f 436//1455 717//1455 437//1455 
f 718//1456 717//1456 436//1456 
f 437//1457 719//1457 438//1457 
f 717//1458 719//1458 437//1458 
f 438//1459 720//1459 439//1459 
f 719//1460 720//1460 438//1460 
f 439//1461 721//1461 440//1461 
f 720//1462 721//1462 439//1462 
f 440//1463 722//1463 441//1463 
f 721//1464 722//1464 440//1464 
f 441//1465 723//1465 442//1465 
f 442//1466 723//1466 443//1466 
f 722//1467 723//1467 441//1467 
f 723//1468 724//1468 443//1468 
f 443//1469 725//1469 444//1469 
f 724//1470 725//1470 443//1470 
f 444//1471 726//1471 445//1471 
f 445//1472 726//1472 446//1472 
f 725//1473 726//1473 444//1473 
f 446//1474 727//1474 447//1474 
f 726//1475 727//1475 446//1475 
f 727//1476 728//1476 447//1476 
f 447//1477 729//1477 448//1477 
f 728//1478 729//1478 447//1478 
f 448//1479 682//1479 404//1479 
f 404//1480 682//1480 401//1480 
f 729//1481 682//1481 448//1481 
f 682//1482 678//1482 401//1482 
f 401//1483 678//1483 398//1483 
f 678//1484 674//1484 398//1484 
f 398//1485 674//1485 394//1485 
f 674//1486 670//1486 394//1486 
f 670//1487 667//1487 394//1487 
f 394//1488 667//1488 391//1488 
f 667//1489 662//1489 391//1489 
f 391//1490 662//1490 389//1490 
f 662//1491 659//1491 389//1491 
f 389//1492 659//1492 385//1492 
f 659//1493 654//1493 385//1493 
f 385//1494 654//1494 382//1494 
f 654//1495 650//1495 382//1495 
f 382//1496 650//1496 380//1496 
f 650//1497 646//1497 380//1497 
f 380//1498 646//1498 377//1498 
f 377//1499 646//1499 373//1499 
f 646//1500 642//1500 373//1500 
f 642//1501 641//1501 373//1501 
f 373//1502 641//1502 370//1502 
f 641//1503 638//1503 370//1503 
f 370//1504 638//1504 367//1504 
f 638//1505 644//1505 367//1505 
f 367//1506 644//1506 364//1506 
f 364//1507 644//1507 361//1507 
f 644//1508 648//1508 361//1508 
f 648//1509 652//1509 361//1509 
f 361//1510 652//1510 358//1510 
f 358//1511 652//1511 356//1511 
f 652//1512 657//1512 356//1512 
f 657//1513 660//1513 356//1513 
f 356//1514 660//1514 352//1514 
f 352//1515 660//1515 333//1515 
f 660//1516 665//1516 333//1516 
f 665//1517 668//1517 333//1517 
f 333//1518 668//1518 330//1518 
f 330//1519 668//1519 328//1519 
f 668//1520 672//1520 328//1520 
f 328//1521 672//1521 326//1521 
f 672//1522 676//1522 326//1522 
f 326//1523 680//1523 324//1523 
f 324//1524 680//1524 323//1524 
f 676//1525 680//1525 326//1525 
f 680//1526 684//1526 323//1526 
f 323//1527 686//1527 320//1527 
f 320//1528 686//1528 319//1528 
f 684//1529 686//1529 323//1529 
f 686//1530 688//1530 319//1530 
f 688//1531 690//1531 319//1531 
f 319//1532 690//1532 316//1532 
f 316//1533 690//1533 315//1533 
f 690//1534 692//1534 315//1534 
f 692//1535 695//1535 315//1535 
f 315//1536 695//1536 312//1536 
f 695//1537 697//1537 312//1537 
f 312//1538 697//1538 310//1538 
f 697//1539 698//1539 310//1539 
f 310//1540 698//1540 308//1540 
f 698//1541 701//1541 308//1541 
f 308//1542 701//1542 307//1542 
f 701//1543 702//1543 307//1543 
f 307//1544 702//1544 303//1544 
f 702//1545 704//1545 303//1545 
f 303//1546 704//1546 298//1546 
f 298//1547 704//1547 295//1547 
f 704//1548 707//1548 295//1548 
f 707//1549 708//1549 295//1549 
f 295//1550 708//1550 290//1550 
f 290//1551 708//1551 286//1551 
f 708//1552 710//1552 286//1552 
f 710//1553 731//1553 286//1553 
f 286//1554 731//1554 282//1554 
f 282//1555 731//1555 278//1555 
f 731//1556 733//1556 278//1556 
f 278//1557 736//1557 275//1557 
f 275//1558 736//1558 271//1558 
f 733//1559 736//1559 278//1559 
f 736//1560 740//1560 271//1560 
f 271//1561 742//1561 266//1561 
f 740//1562 742//1562 271//1562 
f 266//1563 746//1563 260//1563 
f 742//1564 746//1564 266//1564 
f 260//1565 748//1565 263//1565 
f 746//1566 748//1566 260//1566 
f 263//1567 751//1567 264//1567 
f 748//1568 751//1568 263//1568 
f 264//1569 755//1569 268//1569 
f 751//1570 755//1570 264//1570 
f 268//1571 757//1571 273//1571 
f 273//1572 757//1572 277//1572 
f 755//1573 757//1573 268//1573 
f 757//1574 761//1574 277//1574 
f 277//1575 764//1575 280//1575 
f 761//1576 764//1576 277//1576 
f 280//1577 766//1577 284//1577 
f 284//1578 766//1578 288//1578 
f 764//1579 766//1579 280//1579 
f 288//1580 770//1580 292//1580 
f 766//1581 770//1581 288//1581 
f 770//1582 772//1582 292//1582 
f 292//1583 772//1583 297//1583 
f 772//1584 776//1584 297//1584 
f 776//1585 779//1585 297//1585 
f 297//1586 779//1586 300//1586 
f 779//1587 782//1587 300//1587 
f 300//1588 782//1588 306//1588 
f 306//1589 782//1589 338//1589 
f 782//1590 792//1590 338//1590 
f 338//1591 793//1591 339//1591 
f 792//1592 793//1592 338//1592 
f 339//1593 794//1593 340//1593 
f 340//1594 794//1594 341//1594 
f 793//1595 794//1595 339//1595 
f 794//1596 795//1596 341//1596 
f 341//1597 796//1597 342//1597 
f 795//1598 796//1598 341//1598 
f 342//1599 797//1599 343//1599 
f 796//1600 797//1600 342//1600 
f 343//1601 798//1601 344//1601 
f 344//1602 798//1602 345//1602 
f 797//1603 798//1603 343//1603 
f 798//1604 799//1604 345//1604 
f 345//1605 800//1605 346//1605 
f 799//1606 800//1606 345//1606 
f 346//1607 801//1607 347//1607 
f 800//1608 801//1608 346//1608 
f 347//1609 802//1609 348//1609 
f 348//1610 802//1610 349//1610 
f 801//1611 802//1611 347//1611 
f 802//1612 803//1612 349//1612 
f 349//1613 804//1613 350//1613 
f 803//1614 804//1614 349//1614 
f 350//1615 805//1615 351//1615 
f 804//1616 805//1616 350//1616 
f 351//1617 806//1617 355//1617 
f 355//1618 806//1618 357//1618 
f 805//1619 806//1619 351//1619 
f 357//1620 807//1620 360//1620 
f 806//1621 807//1621 357//1621 
f 807//1622 808//1622 360//1622 
f 360//1623 809//1623 363//1623 
f 363//1624 809//1624 366//1624 
f 808//1625 809//1625 360//1625 
f 809//1626 810//1626 366//1626 
f 366//1627 811//1627 369//1627 
f 810//1628 811//1628 366//1628 
f 369//1629 812//1629 372//1629 
f 372//1630 812//1630 376//1630 
f 811//1631 812//1631 369//1631 
f 812//1632 813//1632 376//1632 
f 813//1633 814//1633 376//1633 
f 376//1634 814//1634 379//1634 
f 814//1635 815//1635 379//1635 
f 379//1636 815//1636 381//1636 
f 815//1637 816//1637 381//1637 
f 381//1638 816//1638 384//1638 
f 384//1639 816//1639 388//1639 
f 816//1640 817//1640 388//1640 
f 388//1641 817//1641 390//1641 
f 817//1642 818//1642 390//1642 
f 390//1643 818//1643 393//1643 
f 818//1644 819//1644 393//1644 
f 819//1645 820//1645 393//1645 
f 393//1646 820//1646 397//1646 
f 820//1647 821//1647 397//1647 
f 397//1648 821//1648 400//1648 
f 821//1649 822//1649 400//1649 
f 400//1650 822//1650 403//1650 
f 403//1651 822//1651 405//1651 
f 822//1652 823//1652 405//1652 
f 405//1653 823//1653 406//1653 
f 823//1654 824//1654 406//1654 
f 406//1655 824//1655 407//1655 
f 824//1656 825//1656 407//1656 
f 407//1657 826//1657 408//1657 
f 825//1658 826//1658 407//1658 
f 408//1659 787//1659 409//1659 
f 826//1660 787//1660 408//1660 
