ISO-10303-21;
HEADER;
FILE_DESCRIPTION(('FreeCAD Model'),'2;1');
FILE_NAME('Open CASCADE Shape Model','2026-08-31T11:05:52',(''),(''),
  'Open CASCADE STEP processor 7.8','FreeCAD','Unknown');
FILE_SCHEMA(('AUTOMOTIVE_DESIGN { 1 0 10303 214 1 1 1 1 }'));
ENDSEC;
DATA;
#1 = APPLICATION_PROTOCOL_DEFINITION('international standard',
  'automotive_design',2000,#2);
#2 = APPLICATION_CONTEXT(
  'core data for automotive mechanical design processes');
#3 = SHAPE_DEFINITION_REPRESENTATION(#4,#10);
#4 = PRODUCT_DEFINITION_SHAPE('','',#5);
#5 = PRODUCT_DEFINITION('design','',#6,#9);
#6 = PRODUCT_DEFINITION_FORMATION('','',#7);
#7 = PRODUCT('Corner','Corner','',(#8));
#8 = PRODUCT_CONTEXT('',#2,'mechanical');
#9 = PRODUCT_DEFINITION_CONTEXT('part definition',#2,'design');
#10 = ADVANCED_BREP_SHAPE_REPRESENTATION('',(#11,#15),#12958);
#11 = AXIS2_PLACEMENT_3D('',#12,#13,#14);
#12 = CARTESIAN_POINT('',(0.,0.,0.));
#13 = DIRECTION('',(0.,0.,1.));
#14 = DIRECTION('',(1.,0.,-0.));
#15 = MANIFOLD_SOLID_BREP('',#16);
#16 = CLOSED_SHELL('',(#17,#92,#123,#148,#183,#207,#231,#256,#281,#298,
    #314,#339,#365,#2878,#2911,#2937,#2963,#2989,#3015,#3041,#3067,#3093
    ,#3119,#3145,#3171,#3197,#3223,#3249,#3275,#3294,#3327,#3353,#3379,
    #3405,#3429,#3455,#3481,#3507,#3533,#3559,#3585,#3611,#3637,#3663,
    #3689,#3715,#3739,#3765,#3791,#3817,#3843,#3869,#3895,#3921,#3947,
    #3973,#3999,#4025,#4051,#4077,#4103,#4129,#4153,#4179,#4205,#4231,
    #4257,#4283,#4309,#4335,#4361,#4387,#4413,#4439,#4465,#4491,#4517,
    #4543,#4569,#4595,#4614,#4647,#4673,#4699,#4725,#4751,#4777,#4803,
    #4829,#4855,#4881,#4907,#4933,#4959,#4985,#5011,#5030,#5063,#5089,
    #5115,#5141,#5167,#5193,#5219,#5245,#5271,#5297,#5323,#5349,#5375,
    #5401,#5427,#5446,#5477,#5501,#5527,#5553,#5579,#5605,#5629,#5653,
    #5677,#5703,#5729,#5755,#5781,#5807,#5833,#5857,#5881,#5905,#5931,
    #5957,#5983,#6009,#6035,#6061,#6087,#6113,#6139,#6165,#6191,#6217,
    #6243,#6269,#6293,#6319,#6343,#6360,#6391,#6415,#6441,#6467,#6493,
    #6519,#6543,#6567,#6591,#6617,#6643,#6669,#6695,#6721,#6747,#6771,
    #6795,#6819,#6845,#6871,#6897,#6923,#6949,#6975,#7001,#7027,#7053,
    #7079,#7105,#7131,#7157,#7183,#7207,#7233,#7257,#7274,#7305,#7329,
    #7353,#7370,#7401,#7427,#7453,#7479,#7505,#7531,#7557,#7583,#7609,
    #7635,#7661,#7687,#7713,#7739,#7765,#7791,#7817,#7843,#7869,#7895,
    #7921,#7947,#7973,#7999,#8025,#8051,#8077,#8103,#8129,#8155,#8181,
    #8207,#8233,#8259,#8285,#8311,#8337,#8363,#8389,#8415,#8441,#8467,
    #8493,#8519,#8545,#8571,#8597,#8623,#8649,#8666,#8697,#8723,#8747,
    #8773,#8797,#8821,#8845,#8871,#8895,#8921,#8947,#8971,#8997,#9021,
    #9047,#9073,#9099,#9125,#9151,#9177,#9196,#9229,#9255,#9281,#9307,
    #9333,#9359,#9385,#9411,#9437,#9463,#9489,#9515,#9541,#9567,#9593,
    #9612,#9645,#9671,#9697,#9723,#9749,#9775,#9801,#9827,#9853,#9879,
    #9905,#9931,#9957,#9983,#10009,#10035,#10061,#10087,#10111,#10137,
    #10163,#10189,#10215,#10239,#10265,#10291,#10317,#10343,#10369,
    #10388,#10419,#10443,#10467,#10493,#10517,#10543,#10567,#10593,
    #10619,#10645,#10671,#10695,#10721,#10745,#10771,#10795,#10821,
    #10840,#10864,#10923,#11077,#11231,#11275,#11319,#11331,#11389,
    #11492,#11516,#11612,#11638,#11671,#11697,#11723,#11749,#11775,
    #11801,#11827,#11853,#11879,#11905,#11931,#11957,#11983,#12009,
    #12035,#12054,#12087,#12113,#12139,#12165,#12191,#12217,#12243,
    #12269,#12295,#12321,#12347,#12373,#12399,#12425,#12451,#12470,
    #12501,#12525,#12549,#12575,#12601,#12627,#12653,#12679,#12698,
    #12731,#12757,#12783,#12809,#12835,#12859,#12878,#12902,#12926,
    #12943));
#17 = ADVANCED_FACE('',(#18),#87,.F.);
#18 = FACE_BOUND('',#19,.F.);
#19 = EDGE_LOOP('',(#20,#30,#38,#46,#55,#63,#72,#80));
#20 = ORIENTED_EDGE('',*,*,#21,.F.);
#21 = EDGE_CURVE('',#22,#24,#26,.T.);
#22 = VERTEX_POINT('',#23);
#23 = CARTESIAN_POINT('',(-10.,4.5,0.));
#24 = VERTEX_POINT('',#25);
#25 = CARTESIAN_POINT('',(-10.,4.5,-22.58578643762));
#26 = LINE('',#27,#28);
#27 = CARTESIAN_POINT('',(-10.,4.5,0.));
#28 = VECTOR('',#29,1.);
#29 = DIRECTION('',(0.,0.,-1.));
#30 = ORIENTED_EDGE('',*,*,#31,.F.);
#31 = EDGE_CURVE('',#32,#22,#34,.T.);
#32 = VERTEX_POINT('',#33);
#33 = CARTESIAN_POINT('',(-10.,-4.5,0.));
#34 = LINE('',#35,#36);
#35 = CARTESIAN_POINT('',(-10.,-4.5,0.));
#36 = VECTOR('',#37,1.);
#37 = DIRECTION('',(0.,1.,0.));
#38 = ORIENTED_EDGE('',*,*,#39,.T.);
#39 = EDGE_CURVE('',#32,#40,#42,.T.);
#40 = VERTEX_POINT('',#41);
#41 = CARTESIAN_POINT('',(-10.,-4.5,-22.58578643762));
#42 = LINE('',#43,#44);
#43 = CARTESIAN_POINT('',(-10.,-4.5,0.));
#44 = VECTOR('',#45,1.);
#45 = DIRECTION('',(0.,0.,-1.));
#46 = ORIENTED_EDGE('',*,*,#47,.T.);
#47 = EDGE_CURVE('',#40,#48,#50,.T.);
#48 = VERTEX_POINT('',#49);
#49 = CARTESIAN_POINT('',(-10.,-2.792893218813,-23.29289321881));
#50 = CIRCLE('',#51,1.);
#51 = AXIS2_PLACEMENT_3D('',#52,#53,#54);
#52 = CARTESIAN_POINT('',(-10.,-3.5,-22.58578643762));
#53 = DIRECTION('',(1.,-0.,0.));
#54 = DIRECTION('',(0.,0.,-1.));
#55 = ORIENTED_EDGE('',*,*,#56,.T.);
#56 = EDGE_CURVE('',#48,#57,#59,.T.);
#57 = VERTEX_POINT('',#58);
#58 = CARTESIAN_POINT('',(-10.,-2.12132034356,-22.62132034356));
#59 = LINE('',#60,#61);
#60 = CARTESIAN_POINT('',(-10.,0.75,-19.75));
#61 = VECTOR('',#62,1.);
#62 = DIRECTION('',(0.,0.707106781187,0.707106781187));
#63 = ORIENTED_EDGE('',*,*,#64,.F.);
#64 = EDGE_CURVE('',#65,#57,#67,.T.);
#65 = VERTEX_POINT('',#66);
#66 = CARTESIAN_POINT('',(-10.,2.12132034356,-22.62132034356));
#67 = CIRCLE('',#68,3.);
#68 = AXIS2_PLACEMENT_3D('',#69,#70,#71);
#69 = CARTESIAN_POINT('',(-10.,2.239737010549E-23,-24.74264068711));
#70 = DIRECTION('',(1.,0.,0.));
#71 = DIRECTION('',(0.,1.,0.));
#72 = ORIENTED_EDGE('',*,*,#73,.T.);
#73 = EDGE_CURVE('',#65,#74,#76,.T.);
#74 = VERTEX_POINT('',#75);
#75 = CARTESIAN_POINT('',(-10.,2.792893218813,-23.29289321881));
#76 = LINE('',#77,#78);
#77 = CARTESIAN_POINT('',(-10.,-5.18933982822,-15.31066017178));
#78 = VECTOR('',#79,1.);
#79 = DIRECTION('',(0.,0.707106781187,-0.707106781187));
#80 = ORIENTED_EDGE('',*,*,#81,.F.);
#81 = EDGE_CURVE('',#24,#74,#82,.T.);
#82 = CIRCLE('',#83,1.);
#83 = AXIS2_PLACEMENT_3D('',#84,#85,#86);
#84 = CARTESIAN_POINT('',(-10.,3.5,-22.58578643762));
#85 = DIRECTION('',(-1.,0.,0.));
#86 = DIRECTION('',(0.,0.,1.));
#87 = PLANE('',#88);
#88 = AXIS2_PLACEMENT_3D('',#89,#90,#91);
#89 = CARTESIAN_POINT('',(-10.,-4.5,0.));
#90 = DIRECTION('',(1.,0.,0.));
#91 = DIRECTION('',(0.,1.,0.));
#92 = ADVANCED_FACE('',(#93),#118,.F.);
#93 = FACE_BOUND('',#94,.F.);
#94 = EDGE_LOOP('',(#95,#96,#104,#112));
#95 = ORIENTED_EDGE('',*,*,#21,.T.);
#96 = ORIENTED_EDGE('',*,*,#97,.T.);
#97 = EDGE_CURVE('',#24,#98,#100,.T.);
#98 = VERTEX_POINT('',#99);
#99 = CARTESIAN_POINT('',(10.,4.5,-22.58578643762));
#100 = LINE('',#101,#102);
#101 = CARTESIAN_POINT('',(-10.,4.5,-22.58578643762));
#102 = VECTOR('',#103,1.);
#103 = DIRECTION('',(1.,0.,0.));
#104 = ORIENTED_EDGE('',*,*,#105,.F.);
#105 = EDGE_CURVE('',#106,#98,#108,.T.);
#106 = VERTEX_POINT('',#107);
#107 = CARTESIAN_POINT('',(10.,4.5,0.));
#108 = LINE('',#109,#110);
#109 = CARTESIAN_POINT('',(10.,4.5,0.));
#110 = VECTOR('',#111,1.);
#111 = DIRECTION('',(0.,0.,-1.));
#112 = ORIENTED_EDGE('',*,*,#113,.F.);
#113 = EDGE_CURVE('',#22,#106,#114,.T.);
#114 = LINE('',#115,#116);
#115 = CARTESIAN_POINT('',(-10.,4.5,0.));
#116 = VECTOR('',#117,1.);
#117 = DIRECTION('',(1.,0.,0.));
#118 = PLANE('',#119);
#119 = AXIS2_PLACEMENT_3D('',#120,#121,#122);
#120 = CARTESIAN_POINT('',(-10.,4.5,0.));
#121 = DIRECTION('',(0.,-1.,0.));
#122 = DIRECTION('',(1.,0.,0.));
#123 = ADVANCED_FACE('',(#124),#143,.T.);
#124 = FACE_BOUND('',#125,.F.);
#125 = EDGE_LOOP('',(#126,#127,#135,#142));
#126 = ORIENTED_EDGE('',*,*,#81,.T.);
#127 = ORIENTED_EDGE('',*,*,#128,.T.);
#128 = EDGE_CURVE('',#74,#129,#131,.T.);
#129 = VERTEX_POINT('',#130);
#130 = CARTESIAN_POINT('',(10.,2.792893218813,-23.29289321881));
#131 = LINE('',#132,#133);
#132 = CARTESIAN_POINT('',(-10.,2.792893218813,-23.29289321881));
#133 = VECTOR('',#134,1.);
#134 = DIRECTION('',(1.,0.,0.));
#135 = ORIENTED_EDGE('',*,*,#136,.F.);
#136 = EDGE_CURVE('',#98,#129,#137,.T.);
#137 = CIRCLE('',#138,1.);
#138 = AXIS2_PLACEMENT_3D('',#139,#140,#141);
#139 = CARTESIAN_POINT('',(10.,3.5,-22.58578643762));
#140 = DIRECTION('',(-1.,0.,0.));
#141 = DIRECTION('',(0.,0.,1.));
#142 = ORIENTED_EDGE('',*,*,#97,.F.);
#143 = CYLINDRICAL_SURFACE('',#144,1.);
#144 = AXIS2_PLACEMENT_3D('',#145,#146,#147);
#145 = CARTESIAN_POINT('',(-10.,3.5,-22.58578643762));
#146 = DIRECTION('',(1.,0.,0.));
#147 = DIRECTION('',(0.,1.,0.));
#148 = ADVANCED_FACE('',(#149,#160),#178,.F.);
#149 = FACE_BOUND('',#150,.F.);
#150 = EDGE_LOOP('',(#151));
#151 = ORIENTED_EDGE('',*,*,#152,.T.);
#152 = EDGE_CURVE('',#153,#153,#155,.T.);
#153 = VERTEX_POINT('',#154);
#154 = CARTESIAN_POINT('',(20.,0.,0.));
#155 = CIRCLE('',#156,20.);
#156 = AXIS2_PLACEMENT_3D('',#157,#158,#159);
#157 = CARTESIAN_POINT('',(0.,0.,0.));
#158 = DIRECTION('',(0.,0.,1.));
#159 = DIRECTION('',(1.,0.,0.));
#160 = FACE_BOUND('',#161,.F.);
#161 = EDGE_LOOP('',(#162,#163,#164,#172));
#162 = ORIENTED_EDGE('',*,*,#31,.T.);
#163 = ORIENTED_EDGE('',*,*,#113,.T.);
#164 = ORIENTED_EDGE('',*,*,#165,.T.);
#165 = EDGE_CURVE('',#106,#166,#168,.T.);
#166 = VERTEX_POINT('',#167);
#167 = CARTESIAN_POINT('',(10.,-4.5,0.));
#168 = LINE('',#169,#170);
#169 = CARTESIAN_POINT('',(10.,4.5,0.));
#170 = VECTOR('',#171,1.);
#171 = DIRECTION('',(0.,-1.,0.));
#172 = ORIENTED_EDGE('',*,*,#173,.T.);
#173 = EDGE_CURVE('',#166,#32,#174,.T.);
#174 = LINE('',#175,#176);
#175 = CARTESIAN_POINT('',(10.,-4.5,0.));
#176 = VECTOR('',#177,1.);
#177 = DIRECTION('',(-1.,0.,0.));
#178 = PLANE('',#179);
#179 = AXIS2_PLACEMENT_3D('',#180,#181,#182);
#180 = CARTESIAN_POINT('',(-1.093952106032E-15,1.371473012632E-15,0.));
#181 = DIRECTION('',(0.,0.,1.));
#182 = DIRECTION('',(1.,0.,0.));
#183 = ADVANCED_FACE('',(#184),#202,.T.);
#184 = FACE_BOUND('',#185,.T.);
#185 = EDGE_LOOP('',(#186,#194,#200,#201));
#186 = ORIENTED_EDGE('',*,*,#187,.F.);
#187 = EDGE_CURVE('',#188,#129,#190,.T.);
#188 = VERTEX_POINT('',#189);
#189 = CARTESIAN_POINT('',(10.,2.12132034356,-22.62132034356));
#190 = LINE('',#191,#192);
#191 = CARTESIAN_POINT('',(10.,2.12132034356,-22.62132034356));
#192 = VECTOR('',#193,1.);
#193 = DIRECTION('',(0.,0.707106781187,-0.707106781187));
#194 = ORIENTED_EDGE('',*,*,#195,.T.);
#195 = EDGE_CURVE('',#188,#65,#196,.T.);
#196 = LINE('',#197,#198);
#197 = CARTESIAN_POINT('',(10.,2.12132034356,-22.62132034356));
#198 = VECTOR('',#199,1.);
#199 = DIRECTION('',(-1.,-0.,-0.));
#200 = ORIENTED_EDGE('',*,*,#73,.T.);
#201 = ORIENTED_EDGE('',*,*,#128,.T.);
#202 = PLANE('',#203);
#203 = AXIS2_PLACEMENT_3D('',#204,#205,#206);
#204 = CARTESIAN_POINT('',(10.,2.12132034356,-22.62132034356));
#205 = DIRECTION('',(0.,-0.707106781187,-0.707106781187));
#206 = DIRECTION('',(0.,0.707106781187,-0.707106781187));
#207 = ADVANCED_FACE('',(#208),#226,.F.);
#208 = FACE_BOUND('',#209,.F.);
#209 = EDGE_LOOP('',(#210,#218,#224,#225));
#210 = ORIENTED_EDGE('',*,*,#211,.T.);
#211 = EDGE_CURVE('',#166,#212,#214,.T.);
#212 = VERTEX_POINT('',#213);
#213 = CARTESIAN_POINT('',(10.,-4.5,-22.58578643762));
#214 = LINE('',#215,#216);
#215 = CARTESIAN_POINT('',(10.,-4.5,0.));
#216 = VECTOR('',#217,1.);
#217 = DIRECTION('',(0.,0.,-1.));
#218 = ORIENTED_EDGE('',*,*,#219,.T.);
#219 = EDGE_CURVE('',#212,#40,#220,.T.);
#220 = LINE('',#221,#222);
#221 = CARTESIAN_POINT('',(10.,-4.5,-22.58578643762));
#222 = VECTOR('',#223,1.);
#223 = DIRECTION('',(-1.,0.,0.));
#224 = ORIENTED_EDGE('',*,*,#39,.F.);
#225 = ORIENTED_EDGE('',*,*,#173,.F.);
#226 = PLANE('',#227);
#227 = AXIS2_PLACEMENT_3D('',#228,#229,#230);
#228 = CARTESIAN_POINT('',(10.,-4.5,0.));
#229 = DIRECTION('',(0.,1.,0.));
#230 = DIRECTION('',(-1.,0.,0.));
#231 = ADVANCED_FACE('',(#232),#251,.F.);
#232 = FACE_BOUND('',#233,.F.);
#233 = EDGE_LOOP('',(#234,#243,#244,#245));
#234 = ORIENTED_EDGE('',*,*,#235,.F.);
#235 = EDGE_CURVE('',#188,#236,#238,.T.);
#236 = VERTEX_POINT('',#237);
#237 = CARTESIAN_POINT('',(10.,-2.12132034356,-22.62132034356));
#238 = CIRCLE('',#239,3.);
#239 = AXIS2_PLACEMENT_3D('',#240,#241,#242);
#240 = CARTESIAN_POINT('',(10.,2.239737010549E-23,-24.74264068711));
#241 = DIRECTION('',(1.,0.,0.));
#242 = DIRECTION('',(0.,1.,0.));
#243 = ORIENTED_EDGE('',*,*,#195,.T.);
#244 = ORIENTED_EDGE('',*,*,#64,.T.);
#245 = ORIENTED_EDGE('',*,*,#246,.F.);
#246 = EDGE_CURVE('',#236,#57,#247,.T.);
#247 = LINE('',#248,#249);
#248 = CARTESIAN_POINT('',(10.,-2.12132034356,-22.62132034356));
#249 = VECTOR('',#250,1.);
#250 = DIRECTION('',(-1.,-0.,-0.));
#251 = CYLINDRICAL_SURFACE('',#252,3.);
#252 = AXIS2_PLACEMENT_3D('',#253,#254,#255);
#253 = CARTESIAN_POINT('',(10.,2.239737010549E-23,-24.74264068711));
#254 = DIRECTION('',(1.,0.,0.));
#255 = DIRECTION('',(0.,1.,0.));
#256 = ADVANCED_FACE('',(#257),#276,.T.);
#257 = FACE_BOUND('',#258,.F.);
#258 = EDGE_LOOP('',(#259,#268,#274,#275));
#259 = ORIENTED_EDGE('',*,*,#260,.T.);
#260 = EDGE_CURVE('',#212,#261,#263,.T.);
#261 = VERTEX_POINT('',#262);
#262 = CARTESIAN_POINT('',(10.,-2.792893218813,-23.29289321881));
#263 = CIRCLE('',#264,1.);
#264 = AXIS2_PLACEMENT_3D('',#265,#266,#267);
#265 = CARTESIAN_POINT('',(10.,-3.5,-22.58578643762));
#266 = DIRECTION('',(1.,-0.,0.));
#267 = DIRECTION('',(0.,0.,-1.));
#268 = ORIENTED_EDGE('',*,*,#269,.T.);
#269 = EDGE_CURVE('',#261,#48,#270,.T.);
#270 = LINE('',#271,#272);
#271 = CARTESIAN_POINT('',(10.,-2.792893218813,-23.29289321881));
#272 = VECTOR('',#273,1.);
#273 = DIRECTION('',(-1.,0.,0.));
#274 = ORIENTED_EDGE('',*,*,#47,.F.);
#275 = ORIENTED_EDGE('',*,*,#219,.F.);
#276 = CYLINDRICAL_SURFACE('',#277,1.);
#277 = AXIS2_PLACEMENT_3D('',#278,#279,#280);
#278 = CARTESIAN_POINT('',(10.,-3.5,-22.58578643762));
#279 = DIRECTION('',(-1.,0.,0.));
#280 = DIRECTION('',(0.,-1.,0.));
#281 = ADVANCED_FACE('',(#282),#293,.T.);
#282 = FACE_BOUND('',#283,.T.);
#283 = EDGE_LOOP('',(#284,#290,#291,#292));
#284 = ORIENTED_EDGE('',*,*,#285,.F.);
#285 = EDGE_CURVE('',#261,#236,#286,.T.);
#286 = LINE('',#287,#288);
#287 = CARTESIAN_POINT('',(10.,-6.5,-27.));
#288 = VECTOR('',#289,1.);
#289 = DIRECTION('',(0.,0.707106781187,0.707106781187));
#290 = ORIENTED_EDGE('',*,*,#269,.T.);
#291 = ORIENTED_EDGE('',*,*,#56,.T.);
#292 = ORIENTED_EDGE('',*,*,#246,.F.);
#293 = PLANE('',#294);
#294 = AXIS2_PLACEMENT_3D('',#295,#296,#297);
#295 = CARTESIAN_POINT('',(10.,-6.5,-27.));
#296 = DIRECTION('',(0.,0.707106781187,-0.707106781187));
#297 = DIRECTION('',(0.,0.707106781187,0.707106781187));
#298 = ADVANCED_FACE('',(#299),#309,.F.);
#299 = FACE_BOUND('',#300,.F.);
#300 = EDGE_LOOP('',(#301,#302,#303,#304,#305,#306,#307,#308));
#301 = ORIENTED_EDGE('',*,*,#211,.F.);
#302 = ORIENTED_EDGE('',*,*,#165,.F.);
#303 = ORIENTED_EDGE('',*,*,#105,.T.);
#304 = ORIENTED_EDGE('',*,*,#136,.T.);
#305 = ORIENTED_EDGE('',*,*,#187,.F.);
#306 = ORIENTED_EDGE('',*,*,#235,.T.);
#307 = ORIENTED_EDGE('',*,*,#285,.F.);
#308 = ORIENTED_EDGE('',*,*,#260,.F.);
#309 = PLANE('',#310);
#310 = AXIS2_PLACEMENT_3D('',#311,#312,#313);
#311 = CARTESIAN_POINT('',(10.,4.5,0.));
#312 = DIRECTION('',(-1.,-0.,-0.));
#313 = DIRECTION('',(0.,-1.,0.));
#314 = ADVANCED_FACE('',(#315),#334,.T.);
#315 = FACE_BOUND('',#316,.F.);
#316 = EDGE_LOOP('',(#317,#325,#332,#333));
#317 = ORIENTED_EDGE('',*,*,#318,.T.);
#318 = EDGE_CURVE('',#153,#319,#321,.T.);
#319 = VERTEX_POINT('',#320);
#320 = CARTESIAN_POINT('',(20.,0.,21.));
#321 = LINE('',#322,#323);
#322 = CARTESIAN_POINT('',(20.,0.,0.));
#323 = VECTOR('',#324,1.);
#324 = DIRECTION('',(0.,0.,1.));
#325 = ORIENTED_EDGE('',*,*,#326,.T.);
#326 = EDGE_CURVE('',#319,#319,#327,.T.);
#327 = CIRCLE('',#328,20.);
#328 = AXIS2_PLACEMENT_3D('',#329,#330,#331);
#329 = CARTESIAN_POINT('',(0.,0.,21.));
#330 = DIRECTION('',(0.,0.,1.));
#331 = DIRECTION('',(1.,0.,0.));
#332 = ORIENTED_EDGE('',*,*,#318,.F.);
#333 = ORIENTED_EDGE('',*,*,#152,.F.);
#334 = CYLINDRICAL_SURFACE('',#335,20.);
#335 = AXIS2_PLACEMENT_3D('',#336,#337,#338);
#336 = CARTESIAN_POINT('',(0.,0.,0.));
#337 = DIRECTION('',(-0.,-0.,-1.));
#338 = DIRECTION('',(1.,0.,0.));
#339 = ADVANCED_FACE('',(#340),#360,.T.);
#340 = FACE_BOUND('',#341,.T.);
#341 = EDGE_LOOP('',(#342,#351,#352,#353));
#342 = ORIENTED_EDGE('',*,*,#343,.F.);
#343 = EDGE_CURVE('',#319,#344,#346,.T.);
#344 = VERTEX_POINT('',#345);
#345 = CARTESIAN_POINT('',(16.,0.,25.));
#346 = CIRCLE('',#347,4.);
#347 = AXIS2_PLACEMENT_3D('',#348,#349,#350);
#348 = CARTESIAN_POINT('',(16.,0.,21.));
#349 = DIRECTION('',(0.,-1.,0.));
#350 = DIRECTION('',(1.,0.,0.));
#351 = ORIENTED_EDGE('',*,*,#326,.T.);
#352 = ORIENTED_EDGE('',*,*,#343,.T.);
#353 = ORIENTED_EDGE('',*,*,#354,.F.);
#354 = EDGE_CURVE('',#344,#344,#355,.T.);
#355 = CIRCLE('',#356,16.);
#356 = AXIS2_PLACEMENT_3D('',#357,#358,#359);
#357 = CARTESIAN_POINT('',(0.,0.,25.));
#358 = DIRECTION('',(0.,0.,1.));
#359 = DIRECTION('',(1.,0.,0.));
#360 = TOROIDAL_SURFACE('',#361,16.,4.);
#361 = AXIS2_PLACEMENT_3D('',#362,#363,#364);
#362 = CARTESIAN_POINT('',(0.,0.,21.));
#363 = DIRECTION('',(0.,0.,1.));
#364 = DIRECTION('',(1.,0.,0.));
#365 = ADVANCED_FACE('',(#366,#369,#499,#909,#1039,#1169,#1459,#1749,
    #1783,#2185,#2355,#2485,#2727),#2873,.T.);
#366 = FACE_BOUND('',#367,.T.);
#367 = EDGE_LOOP('',(#368));
#368 = ORIENTED_EDGE('',*,*,#354,.T.);
#369 = FACE_BOUND('',#370,.T.);
#370 = EDGE_LOOP('',(#371,#381,#389,#397,#405,#413,#421,#429,#437,#445,
    #453,#461,#469,#477,#485,#493));
#371 = ORIENTED_EDGE('',*,*,#372,.T.);
#372 = EDGE_CURVE('',#373,#375,#377,.T.);
#373 = VERTEX_POINT('',#374);
#374 = CARTESIAN_POINT('',(-4.746468015585,-7.349371035804,25.));
#375 = VERTEX_POINT('',#376);
#376 = CARTESIAN_POINT('',(-4.770378318179,-7.226307274997,25.));
#377 = B_SPLINE_CURVE_WITH_KNOTS('',2,(#378,#379,#380),.UNSPECIFIED.,.F.
  ,.F.,(3,3),(0.,1.),.PIECEWISE_BEZIER_KNOTS.);
#378 = CARTESIAN_POINT('',(-4.746468015585,-7.349371035804,25.));
#379 = CARTESIAN_POINT('',(-4.770378318179,-7.292499638109,25.));
#380 = CARTESIAN_POINT('',(-4.770378318179,-7.226307274997,25.));
#381 = ORIENTED_EDGE('',*,*,#382,.T.);
#382 = EDGE_CURVE('',#375,#383,#385,.T.);
#383 = VERTEX_POINT('',#384);
#384 = CARTESIAN_POINT('',(-4.746468015585,-7.104324205833,25.));
#385 = B_SPLINE_CURVE_WITH_KNOTS('',2,(#386,#387,#388),.UNSPECIFIED.,.F.
  ,.F.,(3,3),(0.,1.),.PIECEWISE_BEZIER_KNOTS.);
#386 = CARTESIAN_POINT('',(-4.770378318179,-7.226307274997,25.));
#387 = CARTESIAN_POINT('',(-4.770378318179,-7.162141208715,25.));
#388 = CARTESIAN_POINT('',(-4.746468015585,-7.104324205833,25.));
#389 = ORIENTED_EDGE('',*,*,#390,.T.);
#390 = EDGE_CURVE('',#383,#391,#393,.T.);
#391 = VERTEX_POINT('',#392);
#392 = CARTESIAN_POINT('',(-4.680140566018,-7.005035661164,25.));
#393 = B_SPLINE_CURVE_WITH_KNOTS('',2,(#394,#395,#396),.UNSPECIFIED.,.F.
  ,.F.,(3,3),(0.,1.),.PIECEWISE_BEZIER_KNOTS.);
#394 = CARTESIAN_POINT('',(-4.746468015585,-7.104324205833,25.));
#395 = CARTESIAN_POINT('',(-4.722557712992,-7.046372116496,25.));
#396 = CARTESIAN_POINT('',(-4.680140566018,-7.005035661164,25.));
#397 = ORIENTED_EDGE('',*,*,#398,.T.);
#398 = EDGE_CURVE('',#391,#399,#401,.T.);
#399 = VERTEX_POINT('',#400);
#400 = CARTESIAN_POINT('',(-4.579501156796,-6.938843298052,25.));
#401 = B_SPLINE_CURVE_WITH_KNOTS('',2,(#402,#403,#404),.UNSPECIFIED.,.F.
  ,.F.,(3,3),(0.,1.),.PIECEWISE_BEZIER_KNOTS.);
#402 = CARTESIAN_POINT('',(-4.680140566018,-7.005035661164,25.));
#403 = CARTESIAN_POINT('',(-4.637588332588,-6.963564119377,25.));
#404 = CARTESIAN_POINT('',(-4.579501156796,-6.938843298052,25.));
#405 = ORIENTED_EDGE('',*,*,#406,.T.);
#406 = EDGE_CURVE('',#399,#407,#409,.T.);
#407 = VERTEX_POINT('',#408);
#408 = CARTESIAN_POINT('',(-4.45495144498,-6.913987390271,25.));
#409 = B_SPLINE_CURVE_WITH_KNOTS('',2,(#410,#411,#412),.UNSPECIFIED.,.F.
  ,.F.,(3,3),(0.,1.),.PIECEWISE_BEZIER_KNOTS.);
#410 = CARTESIAN_POINT('',(-4.579501156796,-6.938843298052,25.));
#411 = CARTESIAN_POINT('',(-4.521413981003,-6.913987390271,25.));
#412 = CARTESIAN_POINT('',(-4.45495144498,-6.913987390271,25.));
#413 = ORIENTED_EDGE('',*,*,#414,.T.);
#414 = EDGE_CURVE('',#407,#415,#417,.T.);
#415 = VERTEX_POINT('',#416);
#416 = CARTESIAN_POINT('',(-4.33256311645,-6.938843298052,25.));
#417 = B_SPLINE_CURVE_WITH_KNOTS('',2,(#418,#419,#420),.UNSPECIFIED.,.F.
  ,.F.,(3,3),(0.,1.),.PIECEWISE_BEZIER_KNOTS.);
#418 = CARTESIAN_POINT('',(-4.45495144498,-6.913987390271,25.));
#419 = CARTESIAN_POINT('',(-4.390650292242,-6.913987390271,25.));
#420 = CARTESIAN_POINT('',(-4.33256311645,-6.938843298052,25.));
#421 = ORIENTED_EDGE('',*,*,#422,.T.);
#422 = EDGE_CURVE('',#415,#423,#425,.T.);
#423 = VERTEX_POINT('',#424);
#424 = CARTESIAN_POINT('',(-4.233004398871,-7.005035661164,25.));
#425 = B_SPLINE_CURVE_WITH_KNOTS('',2,(#426,#427,#428),.UNSPECIFIED.,.F.
  ,.F.,(3,3),(0.,1.),.PIECEWISE_BEZIER_KNOTS.);
#426 = CARTESIAN_POINT('',(-4.33256311645,-6.938843298052,25.));
#427 = CARTESIAN_POINT('',(-4.274475940657,-6.963564119377,25.));
#428 = CARTESIAN_POINT('',(-4.233004398871,-7.005035661164,25.));
#429 = ORIENTED_EDGE('',*,*,#430,.T.);
#430 = EDGE_CURVE('',#423,#431,#433,.T.);
#431 = VERTEX_POINT('',#432);
#432 = CARTESIAN_POINT('',(-4.166541862848,-7.104324205833,25.));
#433 = B_SPLINE_CURVE_WITH_KNOTS('',2,(#434,#435,#436),.UNSPECIFIED.,.F.
  ,.F.,(3,3),(0.,1.),.PIECEWISE_BEZIER_KNOTS.);
#434 = CARTESIAN_POINT('',(-4.233004398871,-7.005035661164,25.));
#435 = CARTESIAN_POINT('',(-4.191397770629,-7.046372116496,25.));
#436 = CARTESIAN_POINT('',(-4.166541862848,-7.104324205833,25.));
#437 = ORIENTED_EDGE('',*,*,#438,.T.);
#438 = EDGE_CURVE('',#431,#439,#441,.T.);
#439 = VERTEX_POINT('',#440);
#440 = CARTESIAN_POINT('',(-4.141685955067,-7.226307274997,25.));
#441 = B_SPLINE_CURVE_WITH_KNOTS('',2,(#442,#443,#444),.UNSPECIFIED.,.F.
  ,.F.,(3,3),(0.,1.),.PIECEWISE_BEZIER_KNOTS.);
#442 = CARTESIAN_POINT('',(-4.166541862848,-7.104324205833,25.));
#443 = CARTESIAN_POINT('',(-4.141685955067,-7.162141208715,25.));
#444 = CARTESIAN_POINT('',(-4.141685955067,-7.226307274997,25.));
#445 = ORIENTED_EDGE('',*,*,#446,.T.);
#446 = EDGE_CURVE('',#439,#447,#449,.T.);
#447 = VERTEX_POINT('',#448);
#448 = CARTESIAN_POINT('',(-4.166541862848,-7.349371035804,25.));
#449 = B_SPLINE_CURVE_WITH_KNOTS('',2,(#450,#451,#452),.UNSPECIFIED.,.F.
  ,.F.,(3,3),(0.,1.),.PIECEWISE_BEZIER_KNOTS.);
#450 = CARTESIAN_POINT('',(-4.141685955067,-7.226307274997,25.));
#451 = CARTESIAN_POINT('',(-4.141685955067,-7.292499638109,25.));
#452 = CARTESIAN_POINT('',(-4.166541862848,-7.349371035804,25.));
#453 = ORIENTED_EDGE('',*,*,#454,.T.);
#454 = EDGE_CURVE('',#447,#455,#457,.T.);
#455 = VERTEX_POINT('',#456);
#456 = CARTESIAN_POINT('',(-4.233004398871,-7.44757888883,25.));
#457 = B_SPLINE_CURVE_WITH_KNOTS('',2,(#458,#459,#460),.UNSPECIFIED.,.F.
  ,.F.,(3,3),(0.,1.),.PIECEWISE_BEZIER_KNOTS.);
#458 = CARTESIAN_POINT('',(-4.166541862848,-7.349371035804,25.));
#459 = CARTESIAN_POINT('',(-4.191397770629,-7.406242433499,25.));
#460 = CARTESIAN_POINT('',(-4.233004398871,-7.44757888883,25.));
#461 = ORIENTED_EDGE('',*,*,#462,.T.);
#462 = EDGE_CURVE('',#455,#463,#465,.T.);
#463 = VERTEX_POINT('',#464);
#464 = CARTESIAN_POINT('',(-4.33256311645,-7.5126905603,25.));
#465 = B_SPLINE_CURVE_WITH_KNOTS('',2,(#466,#467,#468),.UNSPECIFIED.,.F.
  ,.F.,(3,3),(0.,1.),.PIECEWISE_BEZIER_KNOTS.);
#466 = CARTESIAN_POINT('',(-4.233004398871,-7.44757888883,25.));
#467 = CARTESIAN_POINT('',(-4.274475940657,-7.488915344161,25.));
#468 = CARTESIAN_POINT('',(-4.33256311645,-7.5126905603,25.));
#469 = ORIENTED_EDGE('',*,*,#470,.T.);
#470 = EDGE_CURVE('',#463,#471,#473,.T.);
#471 = VERTEX_POINT('',#472);
#472 = CARTESIAN_POINT('',(-4.45495144498,-7.536465776438,25.));
#473 = B_SPLINE_CURVE_WITH_KNOTS('',2,(#474,#475,#476),.UNSPECIFIED.,.F.
  ,.F.,(3,3),(0.,1.),.PIECEWISE_BEZIER_KNOTS.);
#474 = CARTESIAN_POINT('',(-4.33256311645,-7.5126905603,25.));
#475 = CARTESIAN_POINT('',(-4.390650292242,-7.536465776438,25.));
#476 = CARTESIAN_POINT('',(-4.45495144498,-7.536465776438,25.));
#477 = ORIENTED_EDGE('',*,*,#478,.T.);
#478 = EDGE_CURVE('',#471,#479,#481,.T.);
#479 = VERTEX_POINT('',#480);
#480 = CARTESIAN_POINT('',(-4.579501156796,-7.5126905603,25.));
#481 = B_SPLINE_CURVE_WITH_KNOTS('',2,(#482,#483,#484),.UNSPECIFIED.,.F.
  ,.F.,(3,3),(0.,1.),.PIECEWISE_BEZIER_KNOTS.);
#482 = CARTESIAN_POINT('',(-4.45495144498,-7.536465776438,25.));
#483 = CARTESIAN_POINT('',(-4.521413981003,-7.536465776438,25.));
#484 = CARTESIAN_POINT('',(-4.579501156796,-7.5126905603,25.));
#485 = ORIENTED_EDGE('',*,*,#486,.T.);
#486 = EDGE_CURVE('',#479,#487,#489,.T.);
#487 = VERTEX_POINT('',#488);
#488 = CARTESIAN_POINT('',(-4.680140566018,-7.44757888883,25.));
#489 = B_SPLINE_CURVE_WITH_KNOTS('',2,(#490,#491,#492),.UNSPECIFIED.,.F.
  ,.F.,(3,3),(0.,1.),.PIECEWISE_BEZIER_KNOTS.);
#490 = CARTESIAN_POINT('',(-4.579501156796,-7.5126905603,25.));
#491 = CARTESIAN_POINT('',(-4.637588332588,-7.488915344161,25.));
#492 = CARTESIAN_POINT('',(-4.680140566018,-7.44757888883,25.));
#493 = ORIENTED_EDGE('',*,*,#494,.T.);
#494 = EDGE_CURVE('',#487,#373,#495,.T.);
#495 = B_SPLINE_CURVE_WITH_KNOTS('',2,(#496,#497,#498),.UNSPECIFIED.,.F.
  ,.F.,(3,3),(0.,1.),.PIECEWISE_BEZIER_KNOTS.);
#496 = CARTESIAN_POINT('',(-4.680140566018,-7.44757888883,25.));
#497 = CARTESIAN_POINT('',(-4.722557712992,-7.406242433499,25.));
#498 = CARTESIAN_POINT('',(-4.746468015585,-7.349371035804,25.));
#499 = FACE_BOUND('',#500,.T.);
#500 = EDGE_LOOP('',(#501,#511,#519,#527,#535,#543,#551,#559,#567,#575,
    #583,#591,#599,#607,#615,#623,#631,#639,#647,#655,#663,#671,#679,
    #687,#695,#703,#711,#719,#727,#735,#743,#751,#759,#767,#775,#783,
    #791,#799,#807,#815,#823,#831,#839,#847,#855,#863,#871,#879,#887,
    #895,#903));
#501 = ORIENTED_EDGE('',*,*,#502,.T.);
#502 = EDGE_CURVE('',#503,#505,#507,.T.);
#503 = VERTEX_POINT('',#504);
#504 = CARTESIAN_POINT('',(-6.401006920484,-4.531332491135,25.));
#505 = VERTEX_POINT('',#506);
#506 = CARTESIAN_POINT('',(-6.02843847668,-4.47594704445,25.));
#507 = B_SPLINE_CURVE_WITH_KNOTS('',2,(#508,#509,#510),.UNSPECIFIED.,.F.
  ,.F.,(3,3),(0.,1.),.PIECEWISE_BEZIER_KNOTS.);
#508 = CARTESIAN_POINT('',(-6.401006920484,-4.531332491135,25.));
#509 = CARTESIAN_POINT('',(-6.227690998294,-4.47594704445,25.));
#510 = CARTESIAN_POINT('',(-6.02843847668,-4.47594704445,25.));
#511 = ORIENTED_EDGE('',*,*,#512,.T.);
#512 = EDGE_CURVE('',#505,#513,#515,.T.);
#513 = VERTEX_POINT('',#514);
#514 = CARTESIAN_POINT('',(-5.653978822502,-4.535520171251,25.));
#515 = B_SPLINE_CURVE_WITH_KNOTS('',2,(#516,#517,#518),.UNSPECIFIED.,.F.
  ,.F.,(3,3),(0.,1.),.PIECEWISE_BEZIER_KNOTS.);
#516 = CARTESIAN_POINT('',(-6.02843847668,-4.47594704445,25.));
#517 = CARTESIAN_POINT('',(-5.820945681291,-4.47594704445,25.));
#518 = CARTESIAN_POINT('',(-5.653978822502,-4.535520171251,25.));
#519 = ORIENTED_EDGE('',*,*,#520,.T.);
#520 = EDGE_CURVE('',#513,#521,#523,.T.);
#521 = VERTEX_POINT('',#522);
#522 = CARTESIAN_POINT('',(-5.368676228842,-4.70046073321,25.));
#523 = B_SPLINE_CURVE_WITH_KNOTS('',2,(#524,#525,#526),.UNSPECIFIED.,.F.
  ,.F.,(3,3),(0.,1.),.PIECEWISE_BEZIER_KNOTS.);
#524 = CARTESIAN_POINT('',(-5.653978822502,-4.535520171251,25.));
#525 = CARTESIAN_POINT('',(-5.486876877257,-4.594958211597,25.));
#526 = CARTESIAN_POINT('',(-5.368676228842,-4.70046073321,25.));
#527 = ORIENTED_EDGE('',*,*,#528,.T.);
#528 = EDGE_CURVE('',#521,#529,#531,.T.);
#529 = VERTEX_POINT('',#530);
#530 = CARTESIAN_POINT('',(-5.187120032876,-4.947804032922,25.));
#531 = B_SPLINE_CURVE_WITH_KNOTS('',2,(#532,#533,#534),.UNSPECIFIED.,.F.
  ,.F.,(3,3),(0.,1.),.PIECEWISE_BEZIER_KNOTS.);
#532 = CARTESIAN_POINT('',(-5.368676228842,-4.70046073321,25.));
#533 = CARTESIAN_POINT('',(-5.250340493971,-4.805828168369,25.));
#534 = CARTESIAN_POINT('',(-5.187120032876,-4.947804032922,25.));
#535 = ORIENTED_EDGE('',*,*,#536,.T.);
#536 = EDGE_CURVE('',#529,#537,#539,.T.);
#537 = VERTEX_POINT('',#538);
#538 = CARTESIAN_POINT('',(-5.123764485326,-5.254720459435,25.));
#539 = B_SPLINE_CURVE_WITH_KNOTS('',2,(#540,#541,#542),.UNSPECIFIED.,.F.
  ,.F.,(3,3),(0.,1.),.PIECEWISE_BEZIER_KNOTS.);
#540 = CARTESIAN_POINT('',(-5.187120032876,-4.947804032922,25.));
#541 = CARTESIAN_POINT('',(-5.123764485326,-5.089779897475,25.));
#542 = CARTESIAN_POINT('',(-5.123764485326,-5.254720459435,25.));
#543 = ORIENTED_EDGE('',*,*,#544,.T.);
#544 = EDGE_CURVE('',#537,#545,#547,.T.);
#545 = VERTEX_POINT('',#546);
#546 = CARTESIAN_POINT('',(-5.155915061695,-5.508412822548,25.));
#547 = B_SPLINE_CURVE_WITH_KNOTS('',2,(#548,#549,#550),.UNSPECIFIED.,.F.
  ,.F.,(3,3),(0.,1.),.PIECEWISE_BEZIER_KNOTS.);
#548 = CARTESIAN_POINT('',(-5.123764485326,-5.254720459435,25.));
#549 = CARTESIAN_POINT('',(-5.123764485326,-5.398722620818,25.));
#550 = CARTESIAN_POINT('',(-5.155915061695,-5.508412822548,25.));
#551 = ORIENTED_EDGE('',*,*,#552,.T.);
#552 = EDGE_CURVE('',#545,#553,#555,.T.);
#553 = VERTEX_POINT('',#554);
#554 = CARTESIAN_POINT('',(-5.249259802329,-5.699425070386,25.));
#555 = B_SPLINE_CURVE_WITH_KNOTS('',2,(#556,#557,#558),.UNSPECIFIED.,.F.
  ,.F.,(3,3),(0.,1.),.PIECEWISE_BEZIER_KNOTS.);
#556 = CARTESIAN_POINT('',(-5.155915061695,-5.508412822548,25.));
#557 = CARTESIAN_POINT('',(-5.188065638064,-5.617967937821,25.));
#558 = CARTESIAN_POINT('',(-5.249259802329,-5.699425070386,25.));
#559 = ORIENTED_EDGE('',*,*,#560,.T.);
#560 = EDGE_CURVE('',#553,#561,#563,.T.);
#561 = VERTEX_POINT('',#562);
#562 = CARTESIAN_POINT('',(-5.398665421925,-5.837213254824,25.));
#563 = B_SPLINE_CURVE_WITH_KNOTS('',2,(#564,#565,#566),.UNSPECIFIED.,.F.
  ,.F.,(3,3),(0.,1.),.PIECEWISE_BEZIER_KNOTS.);
#564 = CARTESIAN_POINT('',(-5.249259802329,-5.699425070386,25.));
#565 = CARTESIAN_POINT('',(-5.310453966594,-5.780747116496,25.));
#566 = CARTESIAN_POINT('',(-5.398665421925,-5.837213254824,25.));
#567 = ORIENTED_EDGE('',*,*,#568,.T.);
#568 = EDGE_CURVE('',#561,#569,#571,.T.);
#569 = VERTEX_POINT('',#570);
#570 = CARTESIAN_POINT('',(-5.598863548727,-5.93109834128,25.));
#571 = B_SPLINE_CURVE_WITH_KNOTS('',2,(#572,#573,#574),.UNSPECIFIED.,.F.
  ,.F.,(3,3),(0.,1.),.PIECEWISE_BEZIER_KNOTS.);
#572 = CARTESIAN_POINT('',(-5.398665421925,-5.837213254824,25.));
#573 = CARTESIAN_POINT('',(-5.486876877257,-5.893544306697,25.));
#574 = CARTESIAN_POINT('',(-5.598863548727,-5.93109834128,25.));
#575 = ORIENTED_EDGE('',*,*,#576,.T.);
#576 = EDGE_CURVE('',#569,#577,#579,.T.);
#577 = VERTEX_POINT('',#578);
#578 = CARTESIAN_POINT('',(-5.196440998294,-6.189383643873,25.));
#579 = B_SPLINE_CURVE_WITH_KNOTS('',2,(#580,#581,#582),.UNSPECIFIED.,.F.
  ,.F.,(3,3),(0.,1.),.PIECEWISE_BEZIER_KNOTS.);
#580 = CARTESIAN_POINT('',(-5.598863548727,-5.93109834128,25.));
#581 = CARTESIAN_POINT('',(-5.329230983885,-6.015797548772,25.));
#582 = CARTESIAN_POINT('',(-5.196440998294,-6.189383643873,25.));
#583 = ORIENTED_EDGE('',*,*,#584,.T.);
#584 = EDGE_CURVE('',#577,#585,#587,.T.);
#585 = VERTEX_POINT('',#586);
#586 = CARTESIAN_POINT('',(-5.063651012703,-6.625442721683,25.));
#587 = B_SPLINE_CURVE_WITH_KNOTS('',2,(#588,#589,#590),.UNSPECIFIED.,.F.
  ,.F.,(3,3),(0.,1.),.PIECEWISE_BEZIER_KNOTS.);
#588 = CARTESIAN_POINT('',(-5.196440998294,-6.189383643873,25.));
#589 = CARTESIAN_POINT('',(-5.063651012703,-6.362969738974,25.));
#590 = CARTESIAN_POINT('',(-5.063651012703,-6.625442721683,25.));
#591 = ORIENTED_EDGE('',*,*,#592,.T.);
#592 = EDGE_CURVE('',#585,#593,#595,.T.);
#593 = VERTEX_POINT('',#594);
#594 = CARTESIAN_POINT('',(-5.146594096277,-7.020165344161,25.));
#595 = B_SPLINE_CURVE_WITH_KNOTS('',2,(#596,#597,#598),.UNSPECIFIED.,.F.
  ,.F.,(3,3),(0.,1.),.PIECEWISE_BEZIER_KNOTS.);
#596 = CARTESIAN_POINT('',(-5.063651012703,-6.625442721683,25.));
#597 = CARTESIAN_POINT('',(-5.063651012703,-6.84860554589,25.));
#598 = CARTESIAN_POINT('',(-5.146594096277,-7.020165344161,25.));
#599 = ORIENTED_EDGE('',*,*,#600,.T.);
#600 = EDGE_CURVE('',#593,#601,#603,.T.);
#601 = VERTEX_POINT('',#602);
#602 = CARTESIAN_POINT('',(-5.370702525672,-7.308574926294,25.));
#603 = B_SPLINE_CURVE_WITH_KNOTS('',2,(#604,#605,#606),.UNSPECIFIED.,.F.
  ,.F.,(3,3),(0.,1.),.PIECEWISE_BEZIER_KNOTS.);
#604 = CARTESIAN_POINT('',(-5.146594096277,-7.020165344161,25.));
#605 = CARTESIAN_POINT('',(-5.22953717985,-7.191725142432,25.));
#606 = CARTESIAN_POINT('',(-5.370702525672,-7.308574926294,25.));
#607 = ORIENTED_EDGE('',*,*,#608,.T.);
#608 = EDGE_CURVE('',#601,#609,#611,.T.);
#609 = VERTEX_POINT('',#610);
#610 = CARTESIAN_POINT('',(-5.697476661118,-7.485268009867,25.));
#611 = B_SPLINE_CURVE_WITH_KNOTS('',2,(#612,#613,#614),.UNSPECIFIED.,.F.
  ,.F.,(3,3),(0.,1.),.PIECEWISE_BEZIER_KNOTS.);
#612 = CARTESIAN_POINT('',(-5.370702525672,-7.308574926294,25.));
#613 = CARTESIAN_POINT('',(-5.511732785038,-7.4252896237,25.));
#614 = CARTESIAN_POINT('',(-5.697476661118,-7.485268009867,25.));
#615 = ORIENTED_EDGE('',*,*,#616,.T.);
#616 = EDGE_CURVE('',#609,#617,#619,.T.);
#617 = VERTEX_POINT('',#618);
#618 = CARTESIAN_POINT('',(-6.090713332588,-7.545111309579,25.));
#619 = B_SPLINE_CURVE_WITH_KNOTS('',2,(#620,#621,#622),.UNSPECIFIED.,.F.
  ,.F.,(3,3),(0.,1.),.PIECEWISE_BEZIER_KNOTS.);
#620 = CARTESIAN_POINT('',(-5.697476661118,-7.485268009867,25.));
#621 = CARTESIAN_POINT('',(-5.883220537199,-7.545111309579,25.));
#622 = CARTESIAN_POINT('',(-6.090713332588,-7.545111309579,25.));
#623 = ORIENTED_EDGE('',*,*,#624,.T.);
#624 = EDGE_CURVE('',#617,#625,#627,.T.);
#625 = VERTEX_POINT('',#626);
#626 = CARTESIAN_POINT('',(-6.484895609245,-7.493643370098,25.));
#627 = B_SPLINE_CURVE_WITH_KNOTS('',2,(#628,#629,#630),.UNSPECIFIED.,.F.
  ,.F.,(3,3),(0.,1.),.PIECEWISE_BEZIER_KNOTS.);
#628 = CARTESIAN_POINT('',(-6.090713332588,-7.545111309579,25.));
#629 = CARTESIAN_POINT('',(-6.316848058813,-7.545111309579,25.));
#630 = CARTESIAN_POINT('',(-6.484895609245,-7.493643370098,25.));
#631 = ORIENTED_EDGE('',*,*,#632,.T.);
#632 = EDGE_CURVE('',#625,#633,#635,.T.);
#633 = VERTEX_POINT('',#634);
#634 = CARTESIAN_POINT('',(-6.777492871493,-7.340995675573,25.));
#635 = B_SPLINE_CURVE_WITH_KNOTS('',2,(#636,#637,#638),.UNSPECIFIED.,.F.
  ,.F.,(3,3),(0.,1.),.PIECEWISE_BEZIER_KNOTS.);
#636 = CARTESIAN_POINT('',(-6.484895609245,-7.493643370098,25.));
#637 = CARTESIAN_POINT('',(-6.652943159678,-7.442040344161,25.));
#638 = CARTESIAN_POINT('',(-6.777492871493,-7.340995675573,25.));
#639 = ORIENTED_EDGE('',*,*,#640,.T.);
#640 = EDGE_CURVE('',#633,#641,#643,.T.);
#641 = VERTEX_POINT('',#642);
#642 = CARTESIAN_POINT('',(-6.989173346997,-7.093652375862,25.));
#643 = B_SPLINE_CURVE_WITH_KNOTS('',2,(#644,#645,#646),.UNSPECIFIED.,.F.
  ,.F.,(3,3),(0.,1.),.PIECEWISE_BEZIER_KNOTS.);
#644 = CARTESIAN_POINT('',(-6.777492871493,-7.340995675573,25.));
#645 = CARTESIAN_POINT('',(-6.902042583309,-7.239951006986,25.));
#646 = CARTESIAN_POINT('',(-6.989173346997,-7.093652375862,25.));
#647 = ORIENTED_EDGE('',*,*,#648,.T.);
#648 = EDGE_CURVE('',#641,#649,#651,.T.);
#649 = VERTEX_POINT('',#650);
#650 = CARTESIAN_POINT('',(-7.138578966594,-6.755530978167,25.));
#651 = B_SPLINE_CURVE_WITH_KNOTS('',2,(#652,#653,#654),.UNSPECIFIED.,.F.
  ,.F.,(3,3),(0.,1.),.PIECEWISE_BEZIER_KNOTS.);
#652 = CARTESIAN_POINT('',(-6.989173346997,-7.093652375862,25.));
#653 = CARTESIAN_POINT('',(-7.076304110686,-6.947218658282,25.));
#654 = CARTESIAN_POINT('',(-7.138578966594,-6.755530978167,25.));
#655 = ORIENTED_EDGE('',*,*,#656,.T.);
#656 = EDGE_CURVE('',#649,#657,#659,.T.);
#657 = VERTEX_POINT('',#658);
#658 = CARTESIAN_POINT('',(-6.912309153914,-6.65880907615,25.));
#659 = LINE('',#660,#661);
#660 = CARTESIAN_POINT('',(-7.138578966594,-6.755530978167,25.));
#661 = VECTOR('',#662,1.);
#662 = DIRECTION('',(0.919513757053,0.393057820925,0.));
#663 = ORIENTED_EDGE('',*,*,#664,.T.);
#664 = EDGE_CURVE('',#657,#665,#667,.T.);
#665 = VERTEX_POINT('',#666);
#666 = CARTESIAN_POINT('',(-6.794108505499,-6.633007563182,25.));
#667 = B_SPLINE_CURVE_WITH_KNOTS('',2,(#668,#669,#670),.UNSPECIFIED.,.F.
  ,.F.,(3,3),(0.,1.),.PIECEWISE_BEZIER_KNOTS.);
#668 = CARTESIAN_POINT('',(-6.912309153914,-6.65880907615,25.));
#669 = CARTESIAN_POINT('',(-6.854221978121,-6.633007563182,25.));
#670 = CARTESIAN_POINT('',(-6.794108505499,-6.633007563182,25.));
#671 = ORIENTED_EDGE('',*,*,#672,.T.);
#672 = EDGE_CURVE('',#665,#673,#675,.T.);
#673 = VERTEX_POINT('',#674);
#674 = CARTESIAN_POINT('',(-6.697656776392,-6.655837174133,25.));
#675 = B_SPLINE_CURVE_WITH_KNOTS('',2,(#676,#677,#678),.UNSPECIFIED.,.F.
  ,.F.,(3,3),(0.,1.),.PIECEWISE_BEZIER_KNOTS.);
#676 = CARTESIAN_POINT('',(-6.794108505499,-6.633007563182,25.));
#677 = CARTESIAN_POINT('',(-6.740073923366,-6.633007563182,25.));
#678 = CARTESIAN_POINT('',(-6.697656776392,-6.655837174133,25.));
#679 = ORIENTED_EDGE('',*,*,#680,.T.);
#680 = EDGE_CURVE('',#673,#681,#683,.T.);
#681 = VERTEX_POINT('',#682);
#682 = CARTESIAN_POINT('',(-6.632274932012,-6.72189445079,25.));
#683 = B_SPLINE_CURVE_WITH_KNOTS('',2,(#684,#685,#686),.UNSPECIFIED.,.F.
  ,.F.,(3,3),(0.,1.),.PIECEWISE_BEZIER_KNOTS.);
#684 = CARTESIAN_POINT('',(-6.697656776392,-6.655837174133,25.));
#685 = CARTESIAN_POINT('',(-6.655104542963,-6.678531698628,25.));
#686 = CARTESIAN_POINT('',(-6.632274932012,-6.72189445079,25.));
#687 = ORIENTED_EDGE('',*,*,#688,.T.);
#688 = EDGE_CURVE('',#681,#689,#691,.T.);
#689 = VERTEX_POINT('',#690);
#690 = CARTESIAN_POINT('',(-6.550277453626,-6.864680834075,25.));
#691 = B_SPLINE_CURVE_WITH_KNOTS('',2,(#692,#693,#694),.UNSPECIFIED.,.F.
  ,.F.,(3,3),(0.,1.),.PIECEWISE_BEZIER_KNOTS.);
#692 = CARTESIAN_POINT('',(-6.632274932012,-6.72189445079,25.));
#693 = CARTESIAN_POINT('',(-6.594855983885,-6.794300790847,25.));
#694 = CARTESIAN_POINT('',(-6.550277453626,-6.864680834075,25.));
#695 = ORIENTED_EDGE('',*,*,#696,.T.);
#696 = EDGE_CURVE('',#689,#697,#699,.T.);
#697 = VERTEX_POINT('',#698);
#698 = CARTESIAN_POINT('',(-6.443424067459,-6.989770891712,25.));
#699 = B_SPLINE_CURVE_WITH_KNOTS('',2,(#700,#701,#702),.UNSPECIFIED.,.F.
  ,.F.,(3,3),(0.,1.),.PIECEWISE_BEZIER_KNOTS.);
#700 = CARTESIAN_POINT('',(-6.550277453626,-6.864680834075,25.));
#701 = CARTESIAN_POINT('',(-6.505698923366,-6.934925790847,25.));
#702 = CARTESIAN_POINT('',(-6.443424067459,-6.989770891712,25.));
#703 = ORIENTED_EDGE('',*,*,#704,.T.);
#704 = EDGE_CURVE('',#697,#705,#707,.T.);
#705 = VERTEX_POINT('',#706);
#706 = CARTESIAN_POINT('',(-6.297125436335,-7.078792865775,25.));
#707 = B_SPLINE_CURVE_WITH_KNOTS('',2,(#708,#709,#710),.UNSPECIFIED.,.F.
  ,.F.,(3,3),(0.,1.),.PIECEWISE_BEZIER_KNOTS.);
#708 = CARTESIAN_POINT('',(-6.443424067459,-6.989770891712,25.));
#709 = CARTESIAN_POINT('',(-6.381149211551,-7.044615992576,25.));
#710 = CARTESIAN_POINT('',(-6.297125436335,-7.078792865775,25.));
#711 = ORIENTED_EDGE('',*,*,#712,.T.);
#712 = EDGE_CURVE('',#705,#713,#715,.T.);
#713 = VERTEX_POINT('',#714);
#714 = CARTESIAN_POINT('',(-6.096927309533,-7.112834652519,25.));
#715 = B_SPLINE_CURVE_WITH_KNOTS('',2,(#716,#717,#718),.UNSPECIFIED.,.F.
  ,.F.,(3,3),(0.,1.),.PIECEWISE_BEZIER_KNOTS.);
#716 = CARTESIAN_POINT('',(-6.297125436335,-7.078792865775,25.));
#717 = CARTESIAN_POINT('',(-6.213101661118,-7.112834652519,25.));
#718 = CARTESIAN_POINT('',(-6.096927309533,-7.112834652519,25.));
#719 = ORIENTED_EDGE('',*,*,#720,.T.);
#720 = EDGE_CURVE('',#713,#721,#723,.T.);
#721 = VERTEX_POINT('',#722);
#722 = CARTESIAN_POINT('',(-5.868631200023,-7.070552592,25.));
#723 = B_SPLINE_CURVE_WITH_KNOTS('',2,(#724,#725,#726),.UNSPECIFIED.,.F.
  ,.F.,(3,3),(0.,1.),.PIECEWISE_BEZIER_KNOTS.);
#724 = CARTESIAN_POINT('',(-6.096927309533,-7.112834652519,25.));
#725 = CARTESIAN_POINT('',(-5.966163620773,-7.112834652519,25.));
#726 = CARTESIAN_POINT('',(-5.868631200023,-7.070552592,25.));
#727 = ORIENTED_EDGE('',*,*,#728,.T.);
#728 = EDGE_CURVE('',#721,#729,#731,.T.);
#729 = VERTEX_POINT('',#730);
#730 = CARTESIAN_POINT('',(-5.705852021349,-6.959916785084,25.));
#731 = B_SPLINE_CURVE_WITH_KNOTS('',2,(#732,#733,#734),.UNSPECIFIED.,.F.
  ,.F.,(3,3),(0.,1.),.PIECEWISE_BEZIER_KNOTS.);
#732 = CARTESIAN_POINT('',(-5.868631200023,-7.070552592,25.));
#733 = CARTESIAN_POINT('',(-5.771098779274,-7.028135445026,25.));
#734 = CARTESIAN_POINT('',(-5.705852021349,-6.959916785084,25.));
#735 = ORIENTED_EDGE('',*,*,#736,.T.);
#736 = EDGE_CURVE('',#729,#737,#739,.T.);
#737 = VERTEX_POINT('',#738);
#738 = CARTESIAN_POINT('',(-5.6083196006,-6.807944522836,25.));
#739 = B_SPLINE_CURVE_WITH_KNOTS('',2,(#740,#741,#742),.UNSPECIFIED.,.F.
  ,.F.,(3,3),(0.,1.),.PIECEWISE_BEZIER_KNOTS.);
#740 = CARTESIAN_POINT('',(-5.705852021349,-6.959916785084,25.));
#741 = CARTESIAN_POINT('',(-5.640470176969,-6.891563038686,25.));
#742 = CARTESIAN_POINT('',(-5.6083196006,-6.807944522836,25.));
#743 = ORIENTED_EDGE('',*,*,#744,.T.);
#744 = EDGE_CURVE('',#737,#745,#747,.T.);
#745 = VERTEX_POINT('',#746);
#746 = CARTESIAN_POINT('',(-5.576169024231,-6.639356626582,25.));
#747 = B_SPLINE_CURVE_WITH_KNOTS('',2,(#748,#749,#750),.UNSPECIFIED.,.F.
  ,.F.,(3,3),(0.,1.),.PIECEWISE_BEZIER_KNOTS.);
#748 = CARTESIAN_POINT('',(-5.6083196006,-6.807944522836,25.));
#749 = CARTESIAN_POINT('',(-5.576169024231,-6.72419092053,25.));
#750 = CARTESIAN_POINT('',(-5.576169024231,-6.639356626582,25.));
#751 = ORIENTED_EDGE('',*,*,#752,.T.);
#752 = EDGE_CURVE('',#745,#753,#755,.T.);
#753 = VERTEX_POINT('',#754);
#754 = CARTESIAN_POINT('',(-5.598998635182,-6.444021612173,25.));
#755 = B_SPLINE_CURVE_WITH_KNOTS('',2,(#756,#757,#758),.UNSPECIFIED.,.F.
  ,.F.,(3,3),(0.,1.),.PIECEWISE_BEZIER_KNOTS.);
#756 = CARTESIAN_POINT('',(-5.576169024231,-6.639356626582,25.));
#757 = CARTESIAN_POINT('',(-5.576169024231,-6.531827808138,25.));
#758 = CARTESIAN_POINT('',(-5.598998635182,-6.444021612173,25.));
#759 = ORIENTED_EDGE('',*,*,#760,.T.);
#760 = EDGE_CURVE('',#753,#761,#763,.T.);
#761 = VERTEX_POINT('',#762);
#762 = CARTESIAN_POINT('',(-5.694369672646,-6.29421073321,25.));
#763 = B_SPLINE_CURVE_WITH_KNOTS('',2,(#764,#765,#766),.UNSPECIFIED.,.F.
  ,.F.,(3,3),(0.,1.),.PIECEWISE_BEZIER_KNOTS.);
#764 = CARTESIAN_POINT('',(-5.598998635182,-6.444021612173,25.));
#765 = CARTESIAN_POINT('',(-5.621693159678,-6.356215416207,25.));
#766 = CARTESIAN_POINT('',(-5.694369672646,-6.29421073321,25.));
#767 = ORIENTED_EDGE('',*,*,#768,.T.);
#768 = EDGE_CURVE('',#761,#769,#771,.T.);
#769 = VERTEX_POINT('',#770);
#770 = CARTESIAN_POINT('',(-5.902943159678,-6.196948485372,25.));
#771 = B_SPLINE_CURVE_WITH_KNOTS('',2,(#772,#773,#774),.UNSPECIFIED.,.F.
  ,.F.,(3,3),(0.,1.),.PIECEWISE_BEZIER_KNOTS.);
#772 = CARTESIAN_POINT('',(-5.694369672646,-6.29421073321,25.));
#773 = CARTESIAN_POINT('',(-5.767046185614,-6.232070963758,25.));
#774 = CARTESIAN_POINT('',(-5.902943159678,-6.196948485372,25.));
#775 = ORIENTED_EDGE('',*,*,#776,.T.);
#776 = EDGE_CURVE('',#769,#777,#779,.T.);
#777 = VERTEX_POINT('',#778);
#778 = CARTESIAN_POINT('',(-6.267001156796,-6.161826006986,25.));
#779 = B_SPLINE_CURVE_WITH_KNOTS('',2,(#780,#781,#782),.UNSPECIFIED.,.F.
  ,.F.,(3,3),(0.,1.),.PIECEWISE_BEZIER_KNOTS.);
#780 = CARTESIAN_POINT('',(-5.902943159678,-6.196948485372,25.));
#781 = CARTESIAN_POINT('',(-6.038840133741,-6.161826006986,25.));
#782 = CARTESIAN_POINT('',(-6.267001156796,-6.161826006986,25.));
#783 = ORIENTED_EDGE('',*,*,#784,.T.);
#784 = EDGE_CURVE('',#777,#785,#787,.T.);
#785 = VERTEX_POINT('',#786);
#786 = CARTESIAN_POINT('',(-6.267001156796,-5.798713615055,25.));
#787 = LINE('',#788,#789);
#788 = CARTESIAN_POINT('',(-6.267001156796,-6.161826006986,25.));
#789 = VECTOR('',#790,1.);
#790 = DIRECTION('',(0.,1.,0.));
#791 = ORIENTED_EDGE('',*,*,#792,.T.);
#792 = EDGE_CURVE('',#785,#793,#795,.T.);
#793 = VERTEX_POINT('',#794);
#794 = CARTESIAN_POINT('',(-5.953735666882,-5.765212174133,25.));
#795 = B_SPLINE_CURVE_WITH_KNOTS('',2,(#796,#797,#798),.UNSPECIFIED.,.F.
  ,.F.,(3,3),(0.,1.),.PIECEWISE_BEZIER_KNOTS.);
#796 = CARTESIAN_POINT('',(-6.267001156796,-5.798713615055,25.));
#797 = CARTESIAN_POINT('',(-6.078285378698,-5.798713615055,25.));
#798 = CARTESIAN_POINT('',(-5.953735666882,-5.765212174133,25.));
#799 = ORIENTED_EDGE('',*,*,#800,.T.);
#800 = EDGE_CURVE('',#793,#801,#803,.T.);
#801 = VERTEX_POINT('',#802);
#802 = CARTESIAN_POINT('',(-5.755563836911,-5.672002519954,25.));
#803 = B_SPLINE_CURVE_WITH_KNOTS('',2,(#804,#805,#806),.UNSPECIFIED.,.F.
  ,.F.,(3,3),(0.,1.),.PIECEWISE_BEZIER_KNOTS.);
#804 = CARTESIAN_POINT('',(-5.953735666882,-5.765212174133,25.));
#805 = CARTESIAN_POINT('',(-5.829185955067,-5.73171073321,25.));
#806 = CARTESIAN_POINT('',(-5.755563836911,-5.672002519954,25.));
#807 = ORIENTED_EDGE('',*,*,#808,.T.);
#808 = EDGE_CURVE('',#801,#809,#811,.T.);
#809 = VERTEX_POINT('',#810);
#810 = CARTESIAN_POINT('',(-5.652898130859,-5.528540704392,25.));
#811 = B_SPLINE_CURVE_WITH_KNOTS('',2,(#812,#813,#814),.UNSPECIFIED.,.F.
  ,.F.,(3,3),(0.,1.),.PIECEWISE_BEZIER_KNOTS.);
#812 = CARTESIAN_POINT('',(-5.755563836911,-5.672002519954,25.));
#813 = CARTESIAN_POINT('',(-5.681941718755,-5.612294306697,25.));
#814 = CARTESIAN_POINT('',(-5.652898130859,-5.528540704392,25.));
#815 = ORIENTED_EDGE('',*,*,#816,.T.);
#816 = EDGE_CURVE('',#809,#817,#819,.T.);
#817 = VERTEX_POINT('',#818);
#818 = CARTESIAN_POINT('',(-5.623854542963,-5.344012606409,25.));
#819 = B_SPLINE_CURVE_WITH_KNOTS('',2,(#820,#821,#822),.UNSPECIFIED.,.F.
  ,.F.,(3,3),(0.,1.),.PIECEWISE_BEZIER_KNOTS.);
#820 = CARTESIAN_POINT('',(-5.652898130859,-5.528540704392,25.));
#821 = CARTESIAN_POINT('',(-5.623854542963,-5.444652015631,25.));
#822 = CARTESIAN_POINT('',(-5.623854542963,-5.344012606409,25.));
#823 = ORIENTED_EDGE('',*,*,#824,.T.);
#824 = EDGE_CURVE('',#817,#825,#827,.T.);
#825 = VERTEX_POINT('',#826);
#826 = CARTESIAN_POINT('',(-5.740028894548,-5.018319162605,25.));
#827 = B_SPLINE_CURVE_WITH_KNOTS('',2,(#828,#829,#830),.UNSPECIFIED.,.F.
  ,.F.,(3,3),(0.,1.),.PIECEWISE_BEZIER_KNOTS.);
#828 = CARTESIAN_POINT('',(-5.623854542963,-5.344012606409,25.));
#829 = CARTESIAN_POINT('',(-5.623854542963,-5.128279537245,25.));
#830 = CARTESIAN_POINT('',(-5.740028894548,-5.018319162605,25.));
#831 = ORIENTED_EDGE('',*,*,#832,.T.);
#832 = EDGE_CURVE('',#825,#833,#835,.T.);
#833 = VERTEX_POINT('',#834);
#834 = CARTESIAN_POINT('',(-6.057482064577,-4.90822370151,25.));
#835 = B_SPLINE_CURVE_WITH_KNOTS('',2,(#836,#837,#838),.UNSPECIFIED.,.F.
  ,.F.,(3,3),(0.,1.),.PIECEWISE_BEZIER_KNOTS.);
#836 = CARTESIAN_POINT('',(-5.740028894548,-5.018319162605,25.));
#837 = CARTESIAN_POINT('',(-5.856203246133,-4.90822370151,25.));
#838 = CARTESIAN_POINT('',(-6.057482064577,-4.90822370151,25.));
#839 = ORIENTED_EDGE('',*,*,#840,.T.);
#840 = EDGE_CURVE('',#833,#841,#843,.T.);
#841 = VERTEX_POINT('',#842);
#842 = CARTESIAN_POINT('',(-6.360480983885,-5.005621035804,25.));
#843 = B_SPLINE_CURVE_WITH_KNOTS('',2,(#844,#845,#846),.UNSPECIFIED.,.F.
  ,.F.,(3,3),(0.,1.),.PIECEWISE_BEZIER_KNOTS.);
#844 = CARTESIAN_POINT('',(-6.057482064577,-4.90822370151,25.));
#845 = CARTESIAN_POINT('',(-6.240118952185,-4.90822370151,25.));
#846 = CARTESIAN_POINT('',(-6.360480983885,-5.005621035804,25.));
#847 = ORIENTED_EDGE('',*,*,#848,.T.);
#848 = EDGE_CURVE('',#841,#849,#851,.T.);
#849 = VERTEX_POINT('',#850);
#850 = CARTESIAN_POINT('',(-6.528528534317,-5.255666064622,25.));
#851 = B_SPLINE_CURVE_WITH_KNOTS('',2,(#852,#853,#854),.UNSPECIFIED.,.F.
  ,.F.,(3,3),(0.,1.),.PIECEWISE_BEZIER_KNOTS.);
#852 = CARTESIAN_POINT('',(-6.360480983885,-5.005621035804,25.));
#853 = CARTESIAN_POINT('',(-6.48070792913,-5.102883283643,25.));
#854 = CARTESIAN_POINT('',(-6.528528534317,-5.255666064622,25.));
#855 = ORIENTED_EDGE('',*,*,#856,.T.);
#856 = EDGE_CURVE('',#849,#857,#859,.T.);
#857 = VERTEX_POINT('',#858);
#858 = CARTESIAN_POINT('',(-6.59701736717,-5.369814119377,25.));
#859 = B_SPLINE_CURVE_WITH_KNOTS('',2,(#860,#861,#862),.UNSPECIFIED.,.F.
  ,.F.,(3,3),(0.,1.),.PIECEWISE_BEZIER_KNOTS.);
#860 = CARTESIAN_POINT('',(-6.528528534317,-5.255666064622,25.));
#861 = CARTESIAN_POINT('',(-6.553384442098,-5.335231986813,25.));
#862 = CARTESIAN_POINT('',(-6.59701736717,-5.369814119377,25.));
#863 = ORIENTED_EDGE('',*,*,#864,.T.);
#864 = EDGE_CURVE('',#857,#865,#867,.T.);
#865 = VERTEX_POINT('',#866);
#866 = CARTESIAN_POINT('',(-6.71103033547,-5.404261165487,25.));
#867 = B_SPLINE_CURVE_WITH_KNOTS('',2,(#868,#869,#870),.UNSPECIFIED.,.F.
  ,.F.,(3,3),(0.,1.),.PIECEWISE_BEZIER_KNOTS.);
#868 = CARTESIAN_POINT('',(-6.59701736717,-5.369814119377,25.));
#869 = CARTESIAN_POINT('',(-6.640515205787,-5.404261165487,25.));
#870 = CARTESIAN_POINT('',(-6.71103033547,-5.404261165487,25.));
#871 = ORIENTED_EDGE('',*,*,#872,.T.);
#872 = EDGE_CURVE('',#865,#873,#875,.T.);
#873 = VERTEX_POINT('',#874);
#874 = CARTESIAN_POINT('',(-6.781680551608,-5.398047188542,25.));
#875 = B_SPLINE_CURVE_WITH_KNOTS('',2,(#876,#877,#878),.UNSPECIFIED.,.F.
  ,.F.,(3,3),(0.,1.),.PIECEWISE_BEZIER_KNOTS.);
#876 = CARTESIAN_POINT('',(-6.71103033547,-5.404261165487,25.));
#877 = CARTESIAN_POINT('',(-6.744261603482,-5.404261165487,25.));
#878 = CARTESIAN_POINT('',(-6.781680551608,-5.398047188542,25.));
#879 = ORIENTED_EDGE('',*,*,#880,.T.);
#880 = EDGE_CURVE('',#873,#881,#883,.T.);
#881 = VERTEX_POINT('',#882);
#882 = CARTESIAN_POINT('',(-7.05131311645,-5.35036166981,25.));
#883 = LINE('',#884,#885);
#884 = CARTESIAN_POINT('',(-6.781680551608,-5.398047188542,25.));
#885 = VECTOR('',#886,1.);
#886 = DIRECTION('',(-0.984718925417,0.174151192721,0.));
#887 = ORIENTED_EDGE('',*,*,#888,.T.);
#888 = EDGE_CURVE('',#881,#889,#891,.T.);
#889 = VERTEX_POINT('',#890);
#890 = CARTESIAN_POINT('',(-6.931086171205,-4.969552952231,25.));
#891 = B_SPLINE_CURVE_WITH_KNOTS('',2,(#892,#893,#894),.UNSPECIFIED.,.F.
  ,.F.,(3,3),(0.,1.),.PIECEWISE_BEZIER_KNOTS.);
#892 = CARTESIAN_POINT('',(-7.05131311645,-5.35036166981,25.));
#893 = CARTESIAN_POINT('',(-7.020243231724,-5.133277736092,25.));
#894 = CARTESIAN_POINT('',(-6.931086171205,-4.969552952231,25.));
#895 = ORIENTED_EDGE('',*,*,#896,.T.);
#896 = EDGE_CURVE('',#889,#897,#899,.T.);
#897 = VERTEX_POINT('',#898);
#898 = CARTESIAN_POINT('',(-6.708058433453,-4.69613796664,25.));
#899 = B_SPLINE_CURVE_WITH_KNOTS('',2,(#900,#901,#902),.UNSPECIFIED.,.F.
  ,.F.,(3,3),(0.,1.),.PIECEWISE_BEZIER_KNOTS.);
#900 = CARTESIAN_POINT('',(-6.931086171205,-4.969552952231,25.));
#901 = CARTESIAN_POINT('',(-6.841794024231,-4.805693081914,25.));
#902 = CARTESIAN_POINT('',(-6.708058433453,-4.69613796664,25.));
#903 = ORIENTED_EDGE('',*,*,#904,.T.);
#904 = EDGE_CURVE('',#897,#503,#905,.T.);
#905 = B_SPLINE_CURVE_WITH_KNOTS('',2,(#906,#907,#908),.UNSPECIFIED.,.F.
  ,.F.,(3,3),(0.,1.),.PIECEWISE_BEZIER_KNOTS.);
#906 = CARTESIAN_POINT('',(-6.708058433453,-4.69613796664,25.));
#907 = CARTESIAN_POINT('',(-6.574187756219,-4.586582851366,25.));
#908 = CARTESIAN_POINT('',(-6.401006920484,-4.531332491135,25.));
#909 = FACE_BOUND('',#910,.T.);
#910 = EDGE_LOOP('',(#911,#921,#929,#937,#945,#953,#961,#969,#977,#985,
    #993,#1001,#1009,#1017,#1025,#1033));
#911 = ORIENTED_EDGE('',*,*,#912,.T.);
#912 = EDGE_CURVE('',#913,#915,#917,.T.);
#913 = VERTEX_POINT('',#914);
#914 = CARTESIAN_POINT('',(-1.769027453626,-5.327396972403,25.));
#915 = VERTEX_POINT('',#916);
#916 = CARTESIAN_POINT('',(-1.684868591954,-6.010529177014,25.));
#917 = B_SPLINE_CURVE_WITH_KNOTS('',2,(#918,#919,#920),.UNSPECIFIED.,.F.
  ,.F.,(3,3),(0.,1.),.PIECEWISE_BEZIER_KNOTS.);
#918 = CARTESIAN_POINT('',(-1.769027453626,-5.327396972403,25.));
#919 = CARTESIAN_POINT('',(-1.684868591954,-5.615941640991,25.));
#920 = CARTESIAN_POINT('',(-1.684868591954,-6.010529177014,25.));
#921 = ORIENTED_EDGE('',*,*,#922,.T.);
#922 = EDGE_CURVE('',#915,#923,#925,.T.);
#923 = VERTEX_POINT('',#924);
#924 = CARTESIAN_POINT('',(-1.769027453626,-6.692715776438,25.));
#925 = B_SPLINE_CURVE_WITH_KNOTS('',2,(#926,#927,#928),.UNSPECIFIED.,.F.
  ,.F.,(3,3),(0.,1.),.PIECEWISE_BEZIER_KNOTS.);
#926 = CARTESIAN_POINT('',(-1.684868591954,-6.010529177014,25.));
#927 = CARTESIAN_POINT('',(-1.684868591954,-6.402955329752,25.));
#928 = CARTESIAN_POINT('',(-1.769027453626,-6.692715776438,25.));
#929 = ORIENTED_EDGE('',*,*,#930,.T.);
#930 = EDGE_CURVE('',#923,#931,#933,.T.);
#931 = VERTEX_POINT('',#932);
#932 = CARTESIAN_POINT('',(-2.001376156796,-7.171327087677,25.));
#933 = B_SPLINE_CURVE_WITH_KNOTS('',2,(#934,#935,#936),.UNSPECIFIED.,.F.
  ,.F.,(3,3),(0.,1.),.PIECEWISE_BEZIER_KNOTS.);
#934 = CARTESIAN_POINT('',(-1.769027453626,-6.692715776438,25.));
#935 = CARTESIAN_POINT('',(-1.853051228842,-6.982341136669,25.));
#936 = CARTESIAN_POINT('',(-2.001376156796,-7.171327087677,25.));
#937 = ORIENTED_EDGE('',*,*,#938,.T.);
#938 = EDGE_CURVE('',#931,#939,#941,.T.);
#939 = VERTEX_POINT('',#940);
#940 = CARTESIAN_POINT('',(-2.352060594836,-7.452712174133,25.));
#941 = B_SPLINE_CURVE_WITH_KNOTS('',2,(#942,#943,#944),.UNSPECIFIED.,.F.
  ,.F.,(3,3),(0.,1.),.PIECEWISE_BEZIER_KNOTS.);
#942 = CARTESIAN_POINT('',(-2.001376156796,-7.171327087677,25.));
#943 = CARTESIAN_POINT('',(-2.14970108475,-7.360313038686,25.));
#944 = CARTESIAN_POINT('',(-2.352060594836,-7.452712174133,25.));
#945 = ORIENTED_EDGE('',*,*,#946,.T.);
#946 = EDGE_CURVE('',#939,#947,#949,.T.);
#947 = VERTEX_POINT('',#948);
#948 = CARTESIAN_POINT('',(-2.788795104922,-7.545111309579,25.));
#949 = B_SPLINE_CURVE_WITH_KNOTS('',2,(#950,#951,#952),.UNSPECIFIED.,.F.
  ,.F.,(3,3),(0.,1.),.PIECEWISE_BEZIER_KNOTS.);
#950 = CARTESIAN_POINT('',(-2.352060594836,-7.452712174133,25.));
#951 = CARTESIAN_POINT('',(-2.554285018467,-7.545111309579,25.));
#952 = CARTESIAN_POINT('',(-2.788795104922,-7.545111309579,25.));
#953 = ORIENTED_EDGE('',*,*,#954,.T.);
#954 = EDGE_CURVE('',#947,#955,#957,.T.);
#955 = VERTEX_POINT('',#956);
#956 = CARTESIAN_POINT('',(-3.223503318179,-7.452712174133,25.));
#957 = B_SPLINE_CURVE_WITH_KNOTS('',2,(#958,#959,#960),.UNSPECIFIED.,.F.
  ,.F.,(3,3),(0.,1.),.PIECEWISE_BEZIER_KNOTS.);
#958 = CARTESIAN_POINT('',(-2.788795104922,-7.545111309579,25.));
#959 = CARTESIAN_POINT('',(-3.023305191378,-7.545111309579,25.));
#960 = CARTESIAN_POINT('',(-3.223503318179,-7.452712174133,25.));
#961 = ORIENTED_EDGE('',*,*,#962,.T.);
#962 = EDGE_CURVE('',#955,#963,#965,.T.);
#963 = VERTEX_POINT('',#964);
#964 = CARTESIAN_POINT('',(-3.571080767747,-7.171327087677,25.));
#965 = B_SPLINE_CURVE_WITH_KNOTS('',2,(#966,#967,#968),.UNSPECIFIED.,.F.
  ,.F.,(3,3),(0.,1.),.PIECEWISE_BEZIER_KNOTS.);
#966 = CARTESIAN_POINT('',(-3.223503318179,-7.452712174133,25.));
#967 = CARTESIAN_POINT('',(-3.42370144498,-7.360313038686,25.));
#968 = CARTESIAN_POINT('',(-3.571080767747,-7.171327087677,25.));
#969 = ORIENTED_EDGE('',*,*,#970,.T.);
#970 = EDGE_CURVE('',#963,#971,#973,.T.);
#971 = VERTEX_POINT('',#972);
#972 = CARTESIAN_POINT('',(-3.801403174087,-6.692715776438,25.));
#973 = B_SPLINE_CURVE_WITH_KNOTS('',2,(#974,#975,#976),.UNSPECIFIED.,.F.
  ,.F.,(3,3),(0.,1.),.PIECEWISE_BEZIER_KNOTS.);
#974 = CARTESIAN_POINT('',(-3.571080767747,-7.171327087677,25.));
#975 = CARTESIAN_POINT('',(-3.718325004058,-6.982341136669,25.));
#976 = CARTESIAN_POINT('',(-3.801403174087,-6.692715776438,25.));
#977 = ORIENTED_EDGE('',*,*,#978,.T.);
#978 = EDGE_CURVE('',#971,#979,#981,.T.);
#979 = VERTEX_POINT('',#980);
#980 = CARTESIAN_POINT('',(-3.88434625766,-6.010529177014,25.));
#981 = B_SPLINE_CURVE_WITH_KNOTS('',2,(#982,#983,#984),.UNSPECIFIED.,.F.
  ,.F.,(3,3),(0.,1.),.PIECEWISE_BEZIER_KNOTS.);
#982 = CARTESIAN_POINT('',(-3.801403174087,-6.692715776438,25.));
#983 = CARTESIAN_POINT('',(-3.88434625766,-6.402955329752,25.));
#984 = CARTESIAN_POINT('',(-3.88434625766,-6.010529177014,25.));
#985 = ORIENTED_EDGE('',*,*,#986,.T.);
#986 = EDGE_CURVE('',#979,#987,#989,.T.);
#987 = VERTEX_POINT('',#988);
#988 = CARTESIAN_POINT('',(-3.801403174087,-5.327396972403,25.));
#989 = B_SPLINE_CURVE_WITH_KNOTS('',2,(#990,#991,#992),.UNSPECIFIED.,.F.
  ,.F.,(3,3),(0.,1.),.PIECEWISE_BEZIER_KNOTS.);
#990 = CARTESIAN_POINT('',(-3.88434625766,-6.010529177014,25.));
#991 = CARTESIAN_POINT('',(-3.88434625766,-5.615941640991,25.));
#992 = CARTESIAN_POINT('',(-3.801403174087,-5.327396972403,25.));
#993 = ORIENTED_EDGE('',*,*,#994,.T.);
#994 = EDGE_CURVE('',#987,#995,#997,.T.);
#995 = VERTEX_POINT('',#996);
#996 = CARTESIAN_POINT('',(-3.571080767747,-4.849731266352,25.));
#997 = B_SPLINE_CURVE_WITH_KNOTS('',2,(#998,#999,#1000),.UNSPECIFIED.,
  .F.,.F.,(3,3),(0.,1.),.PIECEWISE_BEZIER_KNOTS.);
#998 = CARTESIAN_POINT('',(-3.801403174087,-5.327396972403,25.));
#999 = CARTESIAN_POINT('',(-3.718325004058,-5.03871721736,25.));
#1000 = CARTESIAN_POINT('',(-3.571080767747,-4.849731266352,25.));
#1001 = ORIENTED_EDGE('',*,*,#1002,.T.);
#1002 = EDGE_CURVE('',#995,#1003,#1005,.T.);
#1003 = VERTEX_POINT('',#1004);
#1004 = CARTESIAN_POINT('',(-3.223503318179,-4.568346179896,25.));
#1005 = B_SPLINE_CURVE_WITH_KNOTS('',2,(#1006,#1007,#1008),
  .UNSPECIFIED.,.F.,.F.,(3,3),(0.,1.),.PIECEWISE_BEZIER_KNOTS.);
#1006 = CARTESIAN_POINT('',(-3.571080767747,-4.849731266352,25.));
#1007 = CARTESIAN_POINT('',(-3.42370144498,-4.660745315343,25.));
#1008 = CARTESIAN_POINT('',(-3.223503318179,-4.568346179896,25.));
#1009 = ORIENTED_EDGE('',*,*,#1010,.T.);
#1010 = EDGE_CURVE('',#1003,#1011,#1013,.T.);
#1011 = VERTEX_POINT('',#1012);
#1012 = CARTESIAN_POINT('',(-2.788795104922,-4.47594704445,25.));
#1013 = B_SPLINE_CURVE_WITH_KNOTS('',2,(#1014,#1015,#1016),
  .UNSPECIFIED.,.F.,.F.,(3,3),(0.,1.),.PIECEWISE_BEZIER_KNOTS.);
#1014 = CARTESIAN_POINT('',(-3.223503318179,-4.568346179896,25.));
#1015 = CARTESIAN_POINT('',(-3.023305191378,-4.47594704445,25.));
#1016 = CARTESIAN_POINT('',(-2.788795104922,-4.47594704445,25.));
#1017 = ORIENTED_EDGE('',*,*,#1018,.T.);
#1018 = EDGE_CURVE('',#1011,#1019,#1021,.T.);
#1019 = VERTEX_POINT('',#1020);
#1020 = CARTESIAN_POINT('',(-2.352060594836,-4.568346179896,25.));
#1021 = B_SPLINE_CURVE_WITH_KNOTS('',2,(#1022,#1023,#1024),
  .UNSPECIFIED.,.F.,.F.,(3,3),(0.,1.),.PIECEWISE_BEZIER_KNOTS.);
#1022 = CARTESIAN_POINT('',(-2.788795104922,-4.47594704445,25.));
#1023 = CARTESIAN_POINT('',(-2.554285018467,-4.47594704445,25.));
#1024 = CARTESIAN_POINT('',(-2.352060594836,-4.568346179896,25.));
#1025 = ORIENTED_EDGE('',*,*,#1026,.T.);
#1026 = EDGE_CURVE('',#1019,#1027,#1029,.T.);
#1027 = VERTEX_POINT('',#1028);
#1028 = CARTESIAN_POINT('',(-2.001376156796,-4.849731266352,25.));
#1029 = B_SPLINE_CURVE_WITH_KNOTS('',2,(#1030,#1031,#1032),
  .UNSPECIFIED.,.F.,.F.,(3,3),(0.,1.),.PIECEWISE_BEZIER_KNOTS.);
#1030 = CARTESIAN_POINT('',(-2.352060594836,-4.568346179896,25.));
#1031 = CARTESIAN_POINT('',(-2.14970108475,-4.660745315343,25.));
#1032 = CARTESIAN_POINT('',(-2.001376156796,-4.849731266352,25.));
#1033 = ORIENTED_EDGE('',*,*,#1034,.T.);
#1034 = EDGE_CURVE('',#1027,#913,#1035,.T.);
#1035 = B_SPLINE_CURVE_WITH_KNOTS('',2,(#1036,#1037,#1038),
  .UNSPECIFIED.,.F.,.F.,(3,3),(0.,1.),.PIECEWISE_BEZIER_KNOTS.);
#1036 = CARTESIAN_POINT('',(-2.001376156796,-4.849731266352,25.));
#1037 = CARTESIAN_POINT('',(-1.853051228842,-5.03871721736,25.));
#1038 = CARTESIAN_POINT('',(-1.769027453626,-5.327396972403,25.));
#1039 = FACE_BOUND('',#1040,.T.);
#1040 = EDGE_LOOP('',(#1041,#1051,#1059,#1067,#1075,#1083,#1091,#1099,
    #1107,#1115,#1123,#1131,#1139,#1147,#1155,#1163));
#1041 = ORIENTED_EDGE('',*,*,#1042,.T.);
#1042 = EDGE_CURVE('',#1043,#1045,#1047,.T.);
#1043 = VERTEX_POINT('',#1044);
#1044 = CARTESIAN_POINT('',(0.634430759631,-5.327396972403,25.));
#1045 = VERTEX_POINT('',#1046);
#1046 = CARTESIAN_POINT('',(0.718589621302,-6.010529177014,25.));
#1047 = B_SPLINE_CURVE_WITH_KNOTS('',2,(#1048,#1049,#1050),
  .UNSPECIFIED.,.F.,.F.,(3,3),(0.,1.),.PIECEWISE_BEZIER_KNOTS.);
#1048 = CARTESIAN_POINT('',(0.634430759631,-5.327396972403,25.));
#1049 = CARTESIAN_POINT('',(0.718589621302,-5.615941640991,25.));
#1050 = CARTESIAN_POINT('',(0.718589621302,-6.010529177014,25.));
#1051 = ORIENTED_EDGE('',*,*,#1052,.T.);
#1052 = EDGE_CURVE('',#1045,#1053,#1055,.T.);
#1053 = VERTEX_POINT('',#1054);
#1054 = CARTESIAN_POINT('',(0.634430759631,-6.692715776438,25.));
#1055 = B_SPLINE_CURVE_WITH_KNOTS('',2,(#1056,#1057,#1058),
  .UNSPECIFIED.,.F.,.F.,(3,3),(0.,1.),.PIECEWISE_BEZIER_KNOTS.);
#1056 = CARTESIAN_POINT('',(0.718589621302,-6.010529177014,25.));
#1057 = CARTESIAN_POINT('',(0.718589621302,-6.402955329752,25.));
#1058 = CARTESIAN_POINT('',(0.634430759631,-6.692715776438,25.));
#1059 = ORIENTED_EDGE('',*,*,#1060,.T.);
#1060 = EDGE_CURVE('',#1053,#1061,#1063,.T.);
#1061 = VERTEX_POINT('',#1062);
#1062 = CARTESIAN_POINT('',(0.402082056461,-7.171327087677,25.));
#1063 = B_SPLINE_CURVE_WITH_KNOTS('',2,(#1064,#1065,#1066),
  .UNSPECIFIED.,.F.,.F.,(3,3),(0.,1.),.PIECEWISE_BEZIER_KNOTS.);
#1064 = CARTESIAN_POINT('',(0.634430759631,-6.692715776438,25.));
#1065 = CARTESIAN_POINT('',(0.550406984415,-6.982341136669,25.));
#1066 = CARTESIAN_POINT('',(0.402082056461,-7.171327087677,25.));
#1067 = ORIENTED_EDGE('',*,*,#1068,.T.);
#1068 = EDGE_CURVE('',#1061,#1069,#1071,.T.);
#1069 = VERTEX_POINT('',#1070);
#1070 = CARTESIAN_POINT('',(5.139761842046E-02,-7.452712174133,25.));
#1071 = B_SPLINE_CURVE_WITH_KNOTS('',2,(#1072,#1073,#1074),
  .UNSPECIFIED.,.F.,.F.,(3,3),(0.,1.),.PIECEWISE_BEZIER_KNOTS.);
#1072 = CARTESIAN_POINT('',(0.402082056461,-7.171327087677,25.));
#1073 = CARTESIAN_POINT('',(0.253757128507,-7.360313038686,25.));
#1074 = CARTESIAN_POINT('',(5.139761842046E-02,-7.452712174133,25.));
#1075 = ORIENTED_EDGE('',*,*,#1076,.T.);
#1076 = EDGE_CURVE('',#1069,#1077,#1079,.T.);
#1077 = VERTEX_POINT('',#1078);
#1078 = CARTESIAN_POINT('',(-0.385336891666,-7.545111309579,25.));
#1079 = B_SPLINE_CURVE_WITH_KNOTS('',2,(#1080,#1081,#1082),
  .UNSPECIFIED.,.F.,.F.,(3,3),(0.,1.),.PIECEWISE_BEZIER_KNOTS.);
#1080 = CARTESIAN_POINT('',(5.139761842046E-02,-7.452712174133,25.));
#1081 = CARTESIAN_POINT('',(-0.150826805211,-7.545111309579,25.));
#1082 = CARTESIAN_POINT('',(-0.385336891666,-7.545111309579,25.));
#1083 = ORIENTED_EDGE('',*,*,#1084,.T.);
#1084 = EDGE_CURVE('',#1077,#1085,#1087,.T.);
#1085 = VERTEX_POINT('',#1086);
#1086 = CARTESIAN_POINT('',(-0.820045104922,-7.452712174133,25.));
#1087 = B_SPLINE_CURVE_WITH_KNOTS('',2,(#1088,#1089,#1090),
  .UNSPECIFIED.,.F.,.F.,(3,3),(0.,1.),.PIECEWISE_BEZIER_KNOTS.);
#1088 = CARTESIAN_POINT('',(-0.385336891666,-7.545111309579,25.));
#1089 = CARTESIAN_POINT('',(-0.619846978121,-7.545111309579,25.));
#1090 = CARTESIAN_POINT('',(-0.820045104922,-7.452712174133,25.));
#1091 = ORIENTED_EDGE('',*,*,#1092,.T.);
#1092 = EDGE_CURVE('',#1085,#1093,#1095,.T.);
#1093 = VERTEX_POINT('',#1094);
#1094 = CARTESIAN_POINT('',(-1.16762255449,-7.171327087677,25.));
#1095 = B_SPLINE_CURVE_WITH_KNOTS('',2,(#1096,#1097,#1098),
  .UNSPECIFIED.,.F.,.F.,(3,3),(0.,1.),.PIECEWISE_BEZIER_KNOTS.);
#1096 = CARTESIAN_POINT('',(-0.820045104922,-7.452712174133,25.));
#1097 = CARTESIAN_POINT('',(-1.020243231724,-7.360313038686,25.));
#1098 = CARTESIAN_POINT('',(-1.16762255449,-7.171327087677,25.));
#1099 = ORIENTED_EDGE('',*,*,#1100,.T.);
#1100 = EDGE_CURVE('',#1093,#1101,#1103,.T.);
#1101 = VERTEX_POINT('',#1102);
#1102 = CARTESIAN_POINT('',(-1.39794496083,-6.692715776438,25.));
#1103 = B_SPLINE_CURVE_WITH_KNOTS('',2,(#1104,#1105,#1106),
  .UNSPECIFIED.,.F.,.F.,(3,3),(0.,1.),.PIECEWISE_BEZIER_KNOTS.);
#1104 = CARTESIAN_POINT('',(-1.16762255449,-7.171327087677,25.));
#1105 = CARTESIAN_POINT('',(-1.314866790801,-6.982341136669,25.));
#1106 = CARTESIAN_POINT('',(-1.39794496083,-6.692715776438,25.));
#1107 = ORIENTED_EDGE('',*,*,#1108,.T.);
#1108 = EDGE_CURVE('',#1101,#1109,#1111,.T.);
#1109 = VERTEX_POINT('',#1110);
#1110 = CARTESIAN_POINT('',(-1.480888044404,-6.010529177014,25.));
#1111 = B_SPLINE_CURVE_WITH_KNOTS('',2,(#1112,#1113,#1114),
  .UNSPECIFIED.,.F.,.F.,(3,3),(0.,1.),.PIECEWISE_BEZIER_KNOTS.);
#1112 = CARTESIAN_POINT('',(-1.39794496083,-6.692715776438,25.));
#1113 = CARTESIAN_POINT('',(-1.480888044404,-6.402955329752,25.));
#1114 = CARTESIAN_POINT('',(-1.480888044404,-6.010529177014,25.));
#1115 = ORIENTED_EDGE('',*,*,#1116,.T.);
#1116 = EDGE_CURVE('',#1109,#1117,#1119,.T.);
#1117 = VERTEX_POINT('',#1118);
#1118 = CARTESIAN_POINT('',(-1.39794496083,-5.327396972403,25.));
#1119 = B_SPLINE_CURVE_WITH_KNOTS('',2,(#1120,#1121,#1122),
  .UNSPECIFIED.,.F.,.F.,(3,3),(0.,1.),.PIECEWISE_BEZIER_KNOTS.);
#1120 = CARTESIAN_POINT('',(-1.480888044404,-6.010529177014,25.));
#1121 = CARTESIAN_POINT('',(-1.480888044404,-5.615941640991,25.));
#1122 = CARTESIAN_POINT('',(-1.39794496083,-5.327396972403,25.));
#1123 = ORIENTED_EDGE('',*,*,#1124,.T.);
#1124 = EDGE_CURVE('',#1117,#1125,#1127,.T.);
#1125 = VERTEX_POINT('',#1126);
#1126 = CARTESIAN_POINT('',(-1.16762255449,-4.849731266352,25.));
#1127 = B_SPLINE_CURVE_WITH_KNOTS('',2,(#1128,#1129,#1130),
  .UNSPECIFIED.,.F.,.F.,(3,3),(0.,1.),.PIECEWISE_BEZIER_KNOTS.);
#1128 = CARTESIAN_POINT('',(-1.39794496083,-5.327396972403,25.));
#1129 = CARTESIAN_POINT('',(-1.314866790801,-5.03871721736,25.));
#1130 = CARTESIAN_POINT('',(-1.16762255449,-4.849731266352,25.));
#1131 = ORIENTED_EDGE('',*,*,#1132,.T.);
#1132 = EDGE_CURVE('',#1125,#1133,#1135,.T.);
#1133 = VERTEX_POINT('',#1134);
#1134 = CARTESIAN_POINT('',(-0.820045104922,-4.568346179896,25.));
#1135 = B_SPLINE_CURVE_WITH_KNOTS('',2,(#1136,#1137,#1138),
  .UNSPECIFIED.,.F.,.F.,(3,3),(0.,1.),.PIECEWISE_BEZIER_KNOTS.);
#1136 = CARTESIAN_POINT('',(-1.16762255449,-4.849731266352,25.));
#1137 = CARTESIAN_POINT('',(-1.020243231724,-4.660745315343,25.));
#1138 = CARTESIAN_POINT('',(-0.820045104922,-4.568346179896,25.));
#1139 = ORIENTED_EDGE('',*,*,#1140,.T.);
#1140 = EDGE_CURVE('',#1133,#1141,#1143,.T.);
#1141 = VERTEX_POINT('',#1142);
#1142 = CARTESIAN_POINT('',(-0.385336891666,-4.47594704445,25.));
#1143 = B_SPLINE_CURVE_WITH_KNOTS('',2,(#1144,#1145,#1146),
  .UNSPECIFIED.,.F.,.F.,(3,3),(0.,1.),.PIECEWISE_BEZIER_KNOTS.);
#1144 = CARTESIAN_POINT('',(-0.820045104922,-4.568346179896,25.));
#1145 = CARTESIAN_POINT('',(-0.619846978121,-4.47594704445,25.));
#1146 = CARTESIAN_POINT('',(-0.385336891666,-4.47594704445,25.));
#1147 = ORIENTED_EDGE('',*,*,#1148,.T.);
#1148 = EDGE_CURVE('',#1141,#1149,#1151,.T.);
#1149 = VERTEX_POINT('',#1150);
#1150 = CARTESIAN_POINT('',(5.139761842046E-02,-4.568346179896,25.));
#1151 = B_SPLINE_CURVE_WITH_KNOTS('',2,(#1152,#1153,#1154),
  .UNSPECIFIED.,.F.,.F.,(3,3),(0.,1.),.PIECEWISE_BEZIER_KNOTS.);
#1152 = CARTESIAN_POINT('',(-0.385336891666,-4.47594704445,25.));
#1153 = CARTESIAN_POINT('',(-0.150826805211,-4.47594704445,25.));
#1154 = CARTESIAN_POINT('',(5.139761842046E-02,-4.568346179896,25.));
#1155 = ORIENTED_EDGE('',*,*,#1156,.T.);
#1156 = EDGE_CURVE('',#1149,#1157,#1159,.T.);
#1157 = VERTEX_POINT('',#1158);
#1158 = CARTESIAN_POINT('',(0.402082056461,-4.849731266352,25.));
#1159 = B_SPLINE_CURVE_WITH_KNOTS('',2,(#1160,#1161,#1162),
  .UNSPECIFIED.,.F.,.F.,(3,3),(0.,1.),.PIECEWISE_BEZIER_KNOTS.);
#1160 = CARTESIAN_POINT('',(5.139761842046E-02,-4.568346179896,25.));
#1161 = CARTESIAN_POINT('',(0.253757128507,-4.660745315343,25.));
#1162 = CARTESIAN_POINT('',(0.402082056461,-4.849731266352,25.));
#1163 = ORIENTED_EDGE('',*,*,#1164,.T.);
#1164 = EDGE_CURVE('',#1157,#1043,#1165,.T.);
#1165 = B_SPLINE_CURVE_WITH_KNOTS('',2,(#1166,#1167,#1168),
  .UNSPECIFIED.,.F.,.F.,(3,3),(0.,1.),.PIECEWISE_BEZIER_KNOTS.);
#1166 = CARTESIAN_POINT('',(0.402082056461,-4.849731266352,25.));
#1167 = CARTESIAN_POINT('',(0.550406984415,-5.03871721736,25.));
#1168 = CARTESIAN_POINT('',(0.634430759631,-5.327396972403,25.));
#1169 = FACE_BOUND('',#1170,.T.);
#1170 = EDGE_LOOP('',(#1171,#1181,#1189,#1197,#1205,#1213,#1221,#1229,
    #1237,#1245,#1253,#1261,#1269,#1277,#1285,#1293,#1301,#1309,#1317,
    #1325,#1333,#1341,#1349,#1357,#1365,#1373,#1381,#1389,#1397,#1405,
    #1413,#1421,#1429,#1437,#1445,#1453));
#1171 = ORIENTED_EDGE('',*,*,#1172,.T.);
#1172 = EDGE_CURVE('',#1173,#1175,#1177,.T.);
#1173 = VERTEX_POINT('',#1174);
#1174 = CARTESIAN_POINT('',(2.409196609775,-7.510529177014,25.));
#1175 = VERTEX_POINT('',#1176);
#1176 = CARTESIAN_POINT('',(1.896813684703,-7.510529177014,25.));
#1177 = LINE('',#1178,#1179);
#1178 = CARTESIAN_POINT('',(2.409196609775,-7.510529177014,25.));
#1179 = VECTOR('',#1180,1.);
#1180 = DIRECTION('',(-1.,0.,0.));
#1181 = ORIENTED_EDGE('',*,*,#1182,.T.);
#1182 = EDGE_CURVE('',#1175,#1183,#1185,.T.);
#1183 = VERTEX_POINT('',#1184);
#1184 = CARTESIAN_POINT('',(1.896813684703,-5.383728024277,25.));
#1185 = LINE('',#1186,#1187);
#1186 = CARTESIAN_POINT('',(1.896813684703,-7.510529177014,25.));
#1187 = VECTOR('',#1188,1.);
#1188 = DIRECTION('',(0.,1.,0.));
#1189 = ORIENTED_EDGE('',*,*,#1190,.T.);
#1190 = EDGE_CURVE('',#1183,#1191,#1193,.T.);
#1191 = VERTEX_POINT('',#1192);
#1192 = CARTESIAN_POINT('',(2.210079174616,-5.383728024277,25.));
#1193 = LINE('',#1194,#1195);
#1194 = CARTESIAN_POINT('',(1.896813684703,-5.383728024277,25.));
#1195 = VECTOR('',#1196,1.);
#1196 = DIRECTION('',(1.,0.,0.));
#1197 = ORIENTED_EDGE('',*,*,#1198,.T.);
#1198 = EDGE_CURVE('',#1191,#1199,#1201,.T.);
#1199 = VERTEX_POINT('',#1200);
#1200 = CARTESIAN_POINT('',(2.340842863377,-5.477072764911,25.));
#1201 = B_SPLINE_CURVE_WITH_KNOTS('',2,(#1202,#1203,#1204),
  .UNSPECIFIED.,.F.,.F.,(3,3),(0.,1.),.PIECEWISE_BEZIER_KNOTS.);
#1202 = CARTESIAN_POINT('',(2.210079174616,-5.383728024277,25.));
#1203 = CARTESIAN_POINT('',(2.309637892196,-5.383728024277,25.));
#1204 = CARTESIAN_POINT('',(2.340842863377,-5.477072764911,25.));
#1205 = ORIENTED_EDGE('',*,*,#1206,.T.);
#1206 = EDGE_CURVE('',#1199,#1207,#1209,.T.);
#1207 = VERTEX_POINT('',#1208);
#1208 = CARTESIAN_POINT('',(2.373939044933,-5.634583571827,25.));
#1209 = LINE('',#1210,#1211);
#1210 = CARTESIAN_POINT('',(2.340842863377,-5.477072764911,25.));
#1211 = VECTOR('',#1212,1.);
#1212 = DIRECTION('',(0.205629772653,-0.978629856789,0.));
#1213 = ORIENTED_EDGE('',*,*,#1214,.T.);
#1214 = EDGE_CURVE('',#1207,#1215,#1217,.T.);
#1215 = VERTEX_POINT('',#1216);
#1216 = CARTESIAN_POINT('',(2.491194088161,-5.520030257706,25.));
#1217 = B_SPLINE_CURVE_WITH_KNOTS('',2,(#1218,#1219,#1220),
  .UNSPECIFIED.,.F.,.F.,(3,3),(0.,1.),.PIECEWISE_BEZIER_KNOTS.);
#1218 = CARTESIAN_POINT('',(2.373939044933,-5.634583571827,25.));
#1219 = CARTESIAN_POINT('',(2.429999923896,-5.572038543009,25.));
#1220 = CARTESIAN_POINT('',(2.491194088161,-5.520030257706,25.));
#1221 = ORIENTED_EDGE('',*,*,#1222,.T.);
#1222 = EDGE_CURVE('',#1215,#1223,#1225,.T.);
#1223 = VERTEX_POINT('',#1224);
#1224 = CARTESIAN_POINT('',(2.621822690467,-5.430467937821,25.));
#1225 = B_SPLINE_CURVE_WITH_KNOTS('',2,(#1226,#1227,#1228),
  .UNSPECIFIED.,.F.,.F.,(3,3),(0.,1.),.PIECEWISE_BEZIER_KNOTS.);
#1226 = CARTESIAN_POINT('',(2.491194088161,-5.520030257706,25.));
#1227 = CARTESIAN_POINT('',(2.552388252426,-5.467886885948,25.));
#1228 = CARTESIAN_POINT('',(2.621822690467,-5.430467937821,25.));
#1229 = ORIENTED_EDGE('',*,*,#1230,.T.);
#1230 = EDGE_CURVE('',#1223,#1231,#1233,.T.);
#1231 = VERTEX_POINT('',#1232);
#1232 = CARTESIAN_POINT('',(2.771228310063,-5.371029897475,25.));
#1233 = B_SPLINE_CURVE_WITH_KNOTS('',2,(#1234,#1235,#1236),
  .UNSPECIFIED.,.F.,.F.,(3,3),(0.,1.),.PIECEWISE_BEZIER_KNOTS.);
#1234 = CARTESIAN_POINT('',(2.621822690467,-5.430467937821,25.));
#1235 = CARTESIAN_POINT('',(2.691392214962,-5.392913903239,25.));
#1236 = CARTESIAN_POINT('',(2.771228310063,-5.371029897475,25.));
#1237 = ORIENTED_EDGE('',*,*,#1238,.T.);
#1238 = EDGE_CURVE('',#1231,#1239,#1241,.T.);
#1239 = VERTEX_POINT('',#1240);
#1240 = CARTESIAN_POINT('',(2.946705615539,-5.349145891712,25.));
#1241 = B_SPLINE_CURVE_WITH_KNOTS('',2,(#1242,#1243,#1244),
  .UNSPECIFIED.,.F.,.F.,(3,3),(0.,1.),.PIECEWISE_BEZIER_KNOTS.);
#1242 = CARTESIAN_POINT('',(2.771228310063,-5.371029897475,25.));
#1243 = CARTESIAN_POINT('',(2.851199491619,-5.349145891712,25.));
#1244 = CARTESIAN_POINT('',(2.946705615539,-5.349145891712,25.));
#1245 = ORIENTED_EDGE('',*,*,#1246,.T.);
#1246 = EDGE_CURVE('',#1239,#1247,#1249,.T.);
#1247 = VERTEX_POINT('',#1248);
#1248 = CARTESIAN_POINT('',(3.277667431101,-5.457890488254,25.));
#1249 = B_SPLINE_CURVE_WITH_KNOTS('',2,(#1250,#1251,#1252),
  .UNSPECIFIED.,.F.,.F.,(3,3),(0.,1.),.PIECEWISE_BEZIER_KNOTS.);
#1250 = CARTESIAN_POINT('',(2.946705615539,-5.349145891712,25.));
#1251 = CARTESIAN_POINT('',(3.147984433982,-5.349145891712,25.));
#1252 = CARTESIAN_POINT('',(3.277667431101,-5.457890488254,25.));
#1253 = ORIENTED_EDGE('',*,*,#1254,.T.);
#1254 = EDGE_CURVE('',#1247,#1255,#1257,.T.);
#1255 = VERTEX_POINT('',#1256);
#1256 = CARTESIAN_POINT('',(3.471651580956,-5.746840416207,25.));
#1257 = B_SPLINE_CURVE_WITH_KNOTS('',2,(#1258,#1259,#1260),
  .UNSPECIFIED.,.F.,.F.,(3,3),(0.,1.),.PIECEWISE_BEZIER_KNOTS.);
#1258 = CARTESIAN_POINT('',(3.277667431101,-5.457890488254,25.));
#1259 = CARTESIAN_POINT('',(3.407350428219,-5.566635084795,25.));
#1260 = CARTESIAN_POINT('',(3.471651580956,-5.746840416207,25.));
#1261 = ORIENTED_EDGE('',*,*,#1262,.T.);
#1262 = EDGE_CURVE('',#1255,#1263,#1265,.T.);
#1263 = VERTEX_POINT('',#1264);
#1264 = CARTESIAN_POINT('',(3.596066206317,-5.565689479608,25.));
#1265 = B_SPLINE_CURVE_WITH_KNOTS('',2,(#1266,#1267,#1268),
  .UNSPECIFIED.,.F.,.F.,(3,3),(0.,1.),.PIECEWISE_BEZIER_KNOTS.);
#1266 = CARTESIAN_POINT('',(3.471651580956,-5.746840416207,25.));
#1267 = CARTESIAN_POINT('',(3.521363396518,-5.641202808138,25.));
#1268 = CARTESIAN_POINT('',(3.596066206317,-5.565689479608,25.));
#1269 = ORIENTED_EDGE('',*,*,#1270,.T.);
#1270 = EDGE_CURVE('',#1263,#1271,#1273,.T.);
#1271 = VERTEX_POINT('',#1272);
#1272 = CARTESIAN_POINT('',(3.759926076634,-5.44235554589,25.));
#1273 = B_SPLINE_CURVE_WITH_KNOTS('',2,(#1274,#1275,#1276),
  .UNSPECIFIED.,.F.,.F.,(3,3),(0.,1.),.PIECEWISE_BEZIER_KNOTS.);
#1274 = CARTESIAN_POINT('',(3.596066206317,-5.565689479608,25.));
#1275 = CARTESIAN_POINT('',(3.670769016115,-5.490041064622,25.));
#1276 = CARTESIAN_POINT('',(3.759926076634,-5.44235554589,25.));
#1277 = ORIENTED_EDGE('',*,*,#1278,.T.);
#1278 = EDGE_CURVE('',#1271,#1279,#1281,.T.);
#1279 = VERTEX_POINT('',#1280);
#1280 = CARTESIAN_POINT('',(3.94985763283,-5.371975502663,25.));
#1281 = B_SPLINE_CURVE_WITH_KNOTS('',2,(#1282,#1283,#1284),
  .UNSPECIFIED.,.F.,.F.,(3,3),(0.,1.),.PIECEWISE_BEZIER_KNOTS.);
#1282 = CARTESIAN_POINT('',(3.759926076634,-5.44235554589,25.));
#1283 = CARTESIAN_POINT('',(3.849218223608,-5.394670027158,25.));
#1284 = CARTESIAN_POINT('',(3.94985763283,-5.371975502663,25.));
#1285 = ORIENTED_EDGE('',*,*,#1286,.T.);
#1286 = EDGE_CURVE('',#1279,#1287,#1289,.T.);
#1287 = VERTEX_POINT('',#1288);
#1288 = CARTESIAN_POINT('',(4.152217142916,-5.349145891712,25.));
#1289 = B_SPLINE_CURVE_WITH_KNOTS('',2,(#1290,#1291,#1292),
  .UNSPECIFIED.,.F.,.F.,(3,3),(0.,1.),.PIECEWISE_BEZIER_KNOTS.);
#1290 = CARTESIAN_POINT('',(3.94985763283,-5.371975502663,25.));
#1291 = CARTESIAN_POINT('',(4.050497042052,-5.349145891712,25.));
#1292 = CARTESIAN_POINT('',(4.152217142916,-5.349145891712,25.));
#1293 = ORIENTED_EDGE('',*,*,#1294,.T.);
#1294 = EDGE_CURVE('',#1287,#1295,#1297,.T.);
#1295 = VERTEX_POINT('',#1296);
#1296 = CARTESIAN_POINT('',(4.46548263283,-5.403045387389,25.));
#1297 = B_SPLINE_CURVE_WITH_KNOTS('',2,(#1298,#1299,#1300),
  .UNSPECIFIED.,.F.,.F.,(3,3),(0.,1.),.PIECEWISE_BEZIER_KNOTS.);
#1298 = CARTESIAN_POINT('',(4.152217142916,-5.349145891712,25.));
#1299 = CARTESIAN_POINT('',(4.328504967124,-5.349145891712,25.));
#1300 = CARTESIAN_POINT('',(4.46548263283,-5.403045387389,25.));
#1301 = ORIENTED_EDGE('',*,*,#1302,.T.);
#1302 = EDGE_CURVE('',#1295,#1303,#1305,.T.);
#1303 = VERTEX_POINT('',#1304);
#1304 = CARTESIAN_POINT('',(4.69580503917,-5.560691280761,25.));
#1305 = B_SPLINE_CURVE_WITH_KNOTS('',2,(#1306,#1307,#1308),
  .UNSPECIFIED.,.F.,.F.,(3,3),(0.,1.),.PIECEWISE_BEZIER_KNOTS.);
#1306 = CARTESIAN_POINT('',(4.46548263283,-5.403045387389,25.));
#1307 = CARTESIAN_POINT('',(4.602460298536,-5.456944883066,25.));
#1308 = CARTESIAN_POINT('',(4.69580503917,-5.560691280761,25.));
#1309 = ORIENTED_EDGE('',*,*,#1310,.T.);
#1310 = EDGE_CURVE('',#1303,#1311,#1313,.T.);
#1311 = VERTEX_POINT('',#1312);
#1312 = CARTESIAN_POINT('',(4.837915990178,-5.813843298052,25.));
#1313 = B_SPLINE_CURVE_WITH_KNOTS('',2,(#1314,#1315,#1316),
  .UNSPECIFIED.,.F.,.F.,(3,3),(0.,1.),.PIECEWISE_BEZIER_KNOTS.);
#1314 = CARTESIAN_POINT('',(4.69580503917,-5.560691280761,25.));
#1315 = CARTESIAN_POINT('',(4.789149779804,-5.664437678455,25.));
#1316 = CARTESIAN_POINT('',(4.837915990178,-5.813843298052,25.));
#1317 = ORIENTED_EDGE('',*,*,#1318,.T.);
#1318 = EDGE_CURVE('',#1311,#1319,#1321,.T.);
#1319 = VERTEX_POINT('',#1320);
#1320 = CARTESIAN_POINT('',(4.886682200553,-6.156017289406,25.));
#1321 = B_SPLINE_CURVE_WITH_KNOTS('',2,(#1322,#1323,#1324),
  .UNSPECIFIED.,.F.,.F.,(3,3),(0.,1.),.PIECEWISE_BEZIER_KNOTS.);
#1322 = CARTESIAN_POINT('',(4.837915990178,-5.813843298052,25.));
#1323 = CARTESIAN_POINT('',(4.886682200553,-5.963113831193,25.));
#1324 = CARTESIAN_POINT('',(4.886682200553,-6.156017289406,25.));
#1325 = ORIENTED_EDGE('',*,*,#1326,.T.);
#1326 = EDGE_CURVE('',#1319,#1327,#1329,.T.);
#1327 = VERTEX_POINT('',#1328);
#1328 = CARTESIAN_POINT('',(4.886682200553,-7.510529177014,25.));
#1329 = LINE('',#1330,#1331);
#1330 = CARTESIAN_POINT('',(4.886682200553,-6.156017289406,25.));
#1331 = VECTOR('',#1332,1.);
#1332 = DIRECTION('',(0.,-1.,0.));
#1333 = ORIENTED_EDGE('',*,*,#1334,.T.);
#1334 = EDGE_CURVE('',#1327,#1335,#1337,.T.);
#1335 = VERTEX_POINT('',#1336);
#1336 = CARTESIAN_POINT('',(4.374164189026,-7.510529177014,25.));
#1337 = LINE('',#1338,#1339);
#1338 = CARTESIAN_POINT('',(4.886682200553,-7.510529177014,25.));
#1339 = VECTOR('',#1340,1.);
#1340 = DIRECTION('',(-1.,0.,0.));
#1341 = ORIENTED_EDGE('',*,*,#1342,.T.);
#1342 = EDGE_CURVE('',#1335,#1343,#1345,.T.);
#1343 = VERTEX_POINT('',#1344);
#1344 = CARTESIAN_POINT('',(4.374164189026,-6.15561203004,25.));
#1345 = LINE('',#1346,#1347);
#1346 = CARTESIAN_POINT('',(4.374164189026,-7.510529177014,25.));
#1347 = VECTOR('',#1348,1.);
#1348 = DIRECTION('',(0.,1.,0.));
#1349 = ORIENTED_EDGE('',*,*,#1350,.T.);
#1350 = EDGE_CURVE('',#1343,#1351,#1353,.T.);
#1351 = VERTEX_POINT('',#1352);
#1352 = CARTESIAN_POINT('',(4.284872042052,-5.849641208715,25.));
#1353 = B_SPLINE_CURVE_WITH_KNOTS('',2,(#1354,#1355,#1356),
  .UNSPECIFIED.,.F.,.F.,(3,3),(0.,1.),.PIECEWISE_BEZIER_KNOTS.);
#1354 = CARTESIAN_POINT('',(4.374164189026,-6.15561203004,25.));
#1355 = CARTESIAN_POINT('',(4.374164189026,-5.952306914767,25.));
#1356 = CARTESIAN_POINT('',(4.284872042052,-5.849641208715,25.));
#1357 = ORIENTED_EDGE('',*,*,#1358,.T.);
#1358 = EDGE_CURVE('',#1351,#1359,#1361,.T.);
#1359 = VERTEX_POINT('',#1360);
#1360 = CARTESIAN_POINT('',(4.023614837441,-5.746840416207,25.));
#1361 = B_SPLINE_CURVE_WITH_KNOTS('',2,(#1362,#1363,#1364),
  .UNSPECIFIED.,.F.,.F.,(3,3),(0.,1.),.PIECEWISE_BEZIER_KNOTS.);
#1362 = CARTESIAN_POINT('',(4.284872042052,-5.849641208715,25.));
#1363 = CARTESIAN_POINT('',(4.195714981533,-5.746840416207,25.));
#1364 = CARTESIAN_POINT('',(4.023614837441,-5.746840416207,25.));
#1365 = ORIENTED_EDGE('',*,*,#1366,.T.);
#1366 = EDGE_CURVE('',#1359,#1367,#1369,.T.);
#1367 = VERTEX_POINT('',#1368);
#1368 = CARTESIAN_POINT('',(3.877181119861,-5.773857707274,25.));
#1369 = B_SPLINE_CURVE_WITH_KNOTS('',2,(#1370,#1371,#1372),
  .UNSPECIFIED.,.F.,.F.,(3,3),(0.,1.),.PIECEWISE_BEZIER_KNOTS.);
#1370 = CARTESIAN_POINT('',(4.023614837441,-5.746840416207,25.));
#1371 = CARTESIAN_POINT('',(3.944724347527,-5.746840416207,25.));
#1372 = CARTESIAN_POINT('',(3.877181119861,-5.773857707274,25.));
#1373 = ORIENTED_EDGE('',*,*,#1374,.T.);
#1374 = EDGE_CURVE('',#1367,#1375,#1377,.T.);
#1375 = VERTEX_POINT('',#1376);
#1376 = CARTESIAN_POINT('',(3.758980471446,-5.851667505545,25.));
#1377 = B_SPLINE_CURVE_WITH_KNOTS('',2,(#1378,#1379,#1380),
  .UNSPECIFIED.,.F.,.F.,(3,3),(0.,1.),.PIECEWISE_BEZIER_KNOTS.);
#1378 = CARTESIAN_POINT('',(3.877181119861,-5.773857707274,25.));
#1379 = CARTESIAN_POINT('',(3.809772978651,-5.800739911885,25.));
#1380 = CARTESIAN_POINT('',(3.758980471446,-5.851667505545,25.));
#1381 = ORIENTED_EDGE('',*,*,#1382,.T.);
#1382 = EDGE_CURVE('',#1375,#1383,#1385,.T.);
#1383 = VERTEX_POINT('',#1384);
#1384 = CARTESIAN_POINT('',(3.679144376346,-5.979324205833,25.));
#1385 = B_SPLINE_CURVE_WITH_KNOTS('',2,(#1386,#1387,#1388),
  .UNSPECIFIED.,.F.,.F.,(3,3),(0.,1.),.PIECEWISE_BEZIER_KNOTS.);
#1386 = CARTESIAN_POINT('',(3.758980471446,-5.851667505545,25.));
#1387 = CARTESIAN_POINT('',(3.708187964242,-5.902460012749,25.));
#1388 = CARTESIAN_POINT('',(3.679144376346,-5.979324205833,25.));
#1389 = ORIENTED_EDGE('',*,*,#1390,.T.);
#1390 = EDGE_CURVE('',#1383,#1391,#1393,.T.);
#1391 = VERTEX_POINT('',#1392);
#1392 = CARTESIAN_POINT('',(3.650100788449,-6.15561203004,25.));
#1393 = B_SPLINE_CURVE_WITH_KNOTS('',2,(#1394,#1395,#1396),
  .UNSPECIFIED.,.F.,.F.,(3,3),(0.,1.),.PIECEWISE_BEZIER_KNOTS.);
#1394 = CARTESIAN_POINT('',(3.679144376346,-5.979324205833,25.));
#1395 = CARTESIAN_POINT('',(3.650100788449,-6.056053312461,25.));
#1396 = CARTESIAN_POINT('',(3.650100788449,-6.15561203004,25.));
#1397 = ORIENTED_EDGE('',*,*,#1398,.T.);
#1398 = EDGE_CURVE('',#1391,#1399,#1401,.T.);
#1399 = VERTEX_POINT('',#1400);
#1400 = CARTESIAN_POINT('',(3.650100788449,-7.510529177014,25.));
#1401 = LINE('',#1402,#1403);
#1402 = CARTESIAN_POINT('',(3.650100788449,-6.15561203004,25.));
#1403 = VECTOR('',#1404,1.);
#1404 = DIRECTION('',(0.,-1.,0.));
#1405 = ORIENTED_EDGE('',*,*,#1406,.T.);
#1406 = EDGE_CURVE('',#1399,#1407,#1409,.T.);
#1407 = VERTEX_POINT('',#1408);
#1408 = CARTESIAN_POINT('',(3.135421393637,-7.510529177014,25.));
#1409 = LINE('',#1410,#1411);
#1410 = CARTESIAN_POINT('',(3.650100788449,-7.510529177014,25.));
#1411 = VECTOR('',#1412,1.);
#1412 = DIRECTION('',(-1.,0.,0.));
#1413 = ORIENTED_EDGE('',*,*,#1414,.T.);
#1414 = EDGE_CURVE('',#1407,#1415,#1417,.T.);
#1415 = VERTEX_POINT('',#1416);
#1416 = CARTESIAN_POINT('',(3.135421393637,-6.15561203004,25.));
#1417 = LINE('',#1418,#1419);
#1418 = CARTESIAN_POINT('',(3.135421393637,-7.510529177014,25.));
#1419 = VECTOR('',#1420,1.);
#1420 = DIRECTION('',(0.,1.,0.));
#1421 = ORIENTED_EDGE('',*,*,#1422,.T.);
#1422 = EDGE_CURVE('',#1415,#1423,#1425,.T.);
#1423 = VERTEX_POINT('',#1424);
#1424 = CARTESIAN_POINT('',(3.04937132159,-5.844372836957,25.));
#1425 = B_SPLINE_CURVE_WITH_KNOTS('',2,(#1426,#1427,#1428),
  .UNSPECIFIED.,.F.,.F.,(3,3),(0.,1.),.PIECEWISE_BEZIER_KNOTS.);
#1426 = CARTESIAN_POINT('',(3.135421393637,-6.15561203004,25.));
#1427 = CARTESIAN_POINT('',(3.135421393637,-5.941905257706,25.));
#1428 = CARTESIAN_POINT('',(3.04937132159,-5.844372836957,25.));
#1429 = ORIENTED_EDGE('',*,*,#1430,.T.);
#1430 = EDGE_CURVE('',#1423,#1431,#1433,.T.);
#1431 = VERTEX_POINT('',#1432);
#1432 = CARTESIAN_POINT('',(2.795138612657,-5.746840416207,25.));
#1433 = B_SPLINE_CURVE_WITH_KNOTS('',2,(#1434,#1435,#1436),
  .UNSPECIFIED.,.F.,.F.,(3,3),(0.,1.),.PIECEWISE_BEZIER_KNOTS.);
#1434 = CARTESIAN_POINT('',(3.04937132159,-5.844372836957,25.));
#1435 = CARTESIAN_POINT('',(2.963321249544,-5.746840416207,25.));
#1436 = CARTESIAN_POINT('',(2.795138612657,-5.746840416207,25.));
#1437 = ORIENTED_EDGE('',*,*,#1438,.T.);
#1438 = EDGE_CURVE('',#1431,#1439,#1441,.T.);
#1439 = VERTEX_POINT('',#1440);
#1440 = CARTESIAN_POINT('',(2.58872650891,-5.801955689983,25.));
#1441 = B_SPLINE_CURVE_WITH_KNOTS('',2,(#1442,#1443,#1444),
  .UNSPECIFIED.,.F.,.F.,(3,3),(0.,1.),.PIECEWISE_BEZIER_KNOTS.);
#1442 = CARTESIAN_POINT('',(2.795138612657,-5.746840416207,25.));
#1443 = CARTESIAN_POINT('',(2.685178238017,-5.746840416207,25.));
#1444 = CARTESIAN_POINT('',(2.58872650891,-5.801955689983,25.));
#1445 = ORIENTED_EDGE('',*,*,#1446,.T.);
#1446 = EDGE_CURVE('',#1439,#1447,#1449,.T.);
#1447 = VERTEX_POINT('',#1448);
#1448 = CARTESIAN_POINT('',(2.409196609775,-5.952712174133,25.));
#1449 = B_SPLINE_CURVE_WITH_KNOTS('',2,(#1450,#1451,#1452),
  .UNSPECIFIED.,.F.,.F.,(3,3),(0.,1.),.PIECEWISE_BEZIER_KNOTS.);
#1450 = CARTESIAN_POINT('',(2.58872650891,-5.801955689983,25.));
#1451 = CARTESIAN_POINT('',(2.492274779804,-5.857070963758,25.));
#1452 = CARTESIAN_POINT('',(2.409196609775,-5.952712174133,25.));
#1453 = ORIENTED_EDGE('',*,*,#1454,.T.);
#1454 = EDGE_CURVE('',#1447,#1173,#1455,.T.);
#1455 = LINE('',#1456,#1457);
#1456 = CARTESIAN_POINT('',(2.409196609775,-5.952712174133,25.));
#1457 = VECTOR('',#1458,1.);
#1458 = DIRECTION('',(0.,-1.,0.));
#1459 = FACE_BOUND('',#1460,.T.);
#1460 = EDGE_LOOP('',(#1461,#1471,#1479,#1487,#1495,#1503,#1511,#1519,
    #1527,#1535,#1543,#1551,#1559,#1567,#1575,#1583,#1591,#1599,#1607,
    #1615,#1623,#1631,#1639,#1647,#1655,#1663,#1671,#1679,#1687,#1695,
    #1703,#1711,#1719,#1727,#1735,#1743));
#1461 = ORIENTED_EDGE('',*,*,#1462,.T.);
#1462 = EDGE_CURVE('',#1463,#1465,#1467,.T.);
#1463 = VERTEX_POINT('',#1464);
#1464 = CARTESIAN_POINT('',(5.901991998824,-7.510529177014,25.));
#1465 = VERTEX_POINT('',#1466);
#1466 = CARTESIAN_POINT('',(5.389609073752,-7.510529177014,25.));
#1467 = LINE('',#1468,#1469);
#1468 = CARTESIAN_POINT('',(5.901991998824,-7.510529177014,25.));
#1469 = VECTOR('',#1470,1.);
#1470 = DIRECTION('',(-1.,0.,0.));
#1471 = ORIENTED_EDGE('',*,*,#1472,.T.);
#1472 = EDGE_CURVE('',#1465,#1473,#1475,.T.);
#1473 = VERTEX_POINT('',#1474);
#1474 = CARTESIAN_POINT('',(5.389609073752,-5.383728024277,25.));
#1475 = LINE('',#1476,#1477);
#1476 = CARTESIAN_POINT('',(5.389609073752,-7.510529177014,25.));
#1477 = VECTOR('',#1478,1.);
#1478 = DIRECTION('',(0.,1.,0.));
#1479 = ORIENTED_EDGE('',*,*,#1480,.T.);
#1480 = EDGE_CURVE('',#1473,#1481,#1483,.T.);
#1481 = VERTEX_POINT('',#1482);
#1482 = CARTESIAN_POINT('',(5.702874563665,-5.383728024277,25.));
#1483 = LINE('',#1484,#1485);
#1484 = CARTESIAN_POINT('',(5.389609073752,-5.383728024277,25.));
#1485 = VECTOR('',#1486,1.);
#1486 = DIRECTION('',(1.,0.,0.));
#1487 = ORIENTED_EDGE('',*,*,#1488,.T.);
#1488 = EDGE_CURVE('',#1481,#1489,#1491,.T.);
#1489 = VERTEX_POINT('',#1490);
#1490 = CARTESIAN_POINT('',(5.833638252426,-5.477072764911,25.));
#1491 = B_SPLINE_CURVE_WITH_KNOTS('',2,(#1492,#1493,#1494),
  .UNSPECIFIED.,.F.,.F.,(3,3),(0.,1.),.PIECEWISE_BEZIER_KNOTS.);
#1492 = CARTESIAN_POINT('',(5.702874563665,-5.383728024277,25.));
#1493 = CARTESIAN_POINT('',(5.802433281245,-5.383728024277,25.));
#1494 = CARTESIAN_POINT('',(5.833638252426,-5.477072764911,25.));
#1495 = ORIENTED_EDGE('',*,*,#1496,.T.);
#1496 = EDGE_CURVE('',#1489,#1497,#1499,.T.);
#1497 = VERTEX_POINT('',#1498);
#1498 = CARTESIAN_POINT('',(5.866734433982,-5.634583571827,25.));
#1499 = LINE('',#1500,#1501);
#1500 = CARTESIAN_POINT('',(5.833638252426,-5.477072764911,25.));
#1501 = VECTOR('',#1502,1.);
#1502 = DIRECTION('',(0.205629772653,-0.978629856789,0.));
#1503 = ORIENTED_EDGE('',*,*,#1504,.T.);
#1504 = EDGE_CURVE('',#1497,#1505,#1507,.T.);
#1505 = VERTEX_POINT('',#1506);
#1506 = CARTESIAN_POINT('',(5.98398947721,-5.520030257706,25.));
#1507 = B_SPLINE_CURVE_WITH_KNOTS('',2,(#1508,#1509,#1510),
  .UNSPECIFIED.,.F.,.F.,(3,3),(0.,1.),.PIECEWISE_BEZIER_KNOTS.);
#1508 = CARTESIAN_POINT('',(5.866734433982,-5.634583571827,25.));
#1509 = CARTESIAN_POINT('',(5.922795312945,-5.572038543009,25.));
#1510 = CARTESIAN_POINT('',(5.98398947721,-5.520030257706,25.));
#1511 = ORIENTED_EDGE('',*,*,#1512,.T.);
#1512 = EDGE_CURVE('',#1505,#1513,#1515,.T.);
#1513 = VERTEX_POINT('',#1514);
#1514 = CARTESIAN_POINT('',(6.114618079516,-5.430467937821,25.));
#1515 = B_SPLINE_CURVE_WITH_KNOTS('',2,(#1516,#1517,#1518),
  .UNSPECIFIED.,.F.,.F.,(3,3),(0.,1.),.PIECEWISE_BEZIER_KNOTS.);
#1516 = CARTESIAN_POINT('',(5.98398947721,-5.520030257706,25.));
#1517 = CARTESIAN_POINT('',(6.045183641475,-5.467886885948,25.));
#1518 = CARTESIAN_POINT('',(6.114618079516,-5.430467937821,25.));
#1519 = ORIENTED_EDGE('',*,*,#1520,.T.);
#1520 = EDGE_CURVE('',#1513,#1521,#1523,.T.);
#1521 = VERTEX_POINT('',#1522);
#1522 = CARTESIAN_POINT('',(6.264023699112,-5.371029897475,25.));
#1523 = B_SPLINE_CURVE_WITH_KNOTS('',2,(#1524,#1525,#1526),
  .UNSPECIFIED.,.F.,.F.,(3,3),(0.,1.),.PIECEWISE_BEZIER_KNOTS.);
#1524 = CARTESIAN_POINT('',(6.114618079516,-5.430467937821,25.));
#1525 = CARTESIAN_POINT('',(6.184187604011,-5.392913903239,25.));
#1526 = CARTESIAN_POINT('',(6.264023699112,-5.371029897475,25.));
#1527 = ORIENTED_EDGE('',*,*,#1528,.T.);
#1528 = EDGE_CURVE('',#1521,#1529,#1531,.T.);
#1529 = VERTEX_POINT('',#1530);
#1530 = CARTESIAN_POINT('',(6.439501004588,-5.349145891712,25.));
#1531 = B_SPLINE_CURVE_WITH_KNOTS('',2,(#1532,#1533,#1534),
  .UNSPECIFIED.,.F.,.F.,(3,3),(0.,1.),.PIECEWISE_BEZIER_KNOTS.);
#1532 = CARTESIAN_POINT('',(6.264023699112,-5.371029897475,25.));
#1533 = CARTESIAN_POINT('',(6.343994880668,-5.349145891712,25.));
#1534 = CARTESIAN_POINT('',(6.439501004588,-5.349145891712,25.));
#1535 = ORIENTED_EDGE('',*,*,#1536,.T.);
#1536 = EDGE_CURVE('',#1529,#1537,#1539,.T.);
#1537 = VERTEX_POINT('',#1538);
#1538 = CARTESIAN_POINT('',(6.77046282015,-5.457890488254,25.));
#1539 = B_SPLINE_CURVE_WITH_KNOTS('',2,(#1540,#1541,#1542),
  .UNSPECIFIED.,.F.,.F.,(3,3),(0.,1.),.PIECEWISE_BEZIER_KNOTS.);
#1540 = CARTESIAN_POINT('',(6.439501004588,-5.349145891712,25.));
#1541 = CARTESIAN_POINT('',(6.640779823031,-5.349145891712,25.));
#1542 = CARTESIAN_POINT('',(6.77046282015,-5.457890488254,25.));
#1543 = ORIENTED_EDGE('',*,*,#1544,.T.);
#1544 = EDGE_CURVE('',#1537,#1545,#1547,.T.);
#1545 = VERTEX_POINT('',#1546);
#1546 = CARTESIAN_POINT('',(6.964446970005,-5.746840416207,25.));
#1547 = B_SPLINE_CURVE_WITH_KNOTS('',2,(#1548,#1549,#1550),
  .UNSPECIFIED.,.F.,.F.,(3,3),(0.,1.),.PIECEWISE_BEZIER_KNOTS.);
#1548 = CARTESIAN_POINT('',(6.77046282015,-5.457890488254,25.));
#1549 = CARTESIAN_POINT('',(6.900145817268,-5.566635084795,25.));
#1550 = CARTESIAN_POINT('',(6.964446970005,-5.746840416207,25.));
#1551 = ORIENTED_EDGE('',*,*,#1552,.T.);
#1552 = EDGE_CURVE('',#1545,#1553,#1555,.T.);
#1553 = VERTEX_POINT('',#1554);
#1554 = CARTESIAN_POINT('',(7.088861595366,-5.565689479608,25.));
#1555 = B_SPLINE_CURVE_WITH_KNOTS('',2,(#1556,#1557,#1558),
  .UNSPECIFIED.,.F.,.F.,(3,3),(0.,1.),.PIECEWISE_BEZIER_KNOTS.);
#1556 = CARTESIAN_POINT('',(6.964446970005,-5.746840416207,25.));
#1557 = CARTESIAN_POINT('',(7.014158785567,-5.641202808138,25.));
#1558 = CARTESIAN_POINT('',(7.088861595366,-5.565689479608,25.));
#1559 = ORIENTED_EDGE('',*,*,#1560,.T.);
#1560 = EDGE_CURVE('',#1553,#1561,#1563,.T.);
#1561 = VERTEX_POINT('',#1562);
#1562 = CARTESIAN_POINT('',(7.252721465683,-5.44235554589,25.));
#1563 = B_SPLINE_CURVE_WITH_KNOTS('',2,(#1564,#1565,#1566),
  .UNSPECIFIED.,.F.,.F.,(3,3),(0.,1.),.PIECEWISE_BEZIER_KNOTS.);
#1564 = CARTESIAN_POINT('',(7.088861595366,-5.565689479608,25.));
#1565 = CARTESIAN_POINT('',(7.163564405164,-5.490041064622,25.));
#1566 = CARTESIAN_POINT('',(7.252721465683,-5.44235554589,25.));
#1567 = ORIENTED_EDGE('',*,*,#1568,.T.);
#1568 = EDGE_CURVE('',#1561,#1569,#1571,.T.);
#1569 = VERTEX_POINT('',#1570);
#1570 = CARTESIAN_POINT('',(7.442653021879,-5.371975502663,25.));
#1571 = B_SPLINE_CURVE_WITH_KNOTS('',2,(#1572,#1573,#1574),
  .UNSPECIFIED.,.F.,.F.,(3,3),(0.,1.),.PIECEWISE_BEZIER_KNOTS.);
#1572 = CARTESIAN_POINT('',(7.252721465683,-5.44235554589,25.));
#1573 = CARTESIAN_POINT('',(7.342013612657,-5.394670027158,25.));
#1574 = CARTESIAN_POINT('',(7.442653021879,-5.371975502663,25.));
#1575 = ORIENTED_EDGE('',*,*,#1576,.T.);
#1576 = EDGE_CURVE('',#1569,#1577,#1579,.T.);
#1577 = VERTEX_POINT('',#1578);
#1578 = CARTESIAN_POINT('',(7.645012531965,-5.349145891712,25.));
#1579 = B_SPLINE_CURVE_WITH_KNOTS('',2,(#1580,#1581,#1582),
  .UNSPECIFIED.,.F.,.F.,(3,3),(0.,1.),.PIECEWISE_BEZIER_KNOTS.);
#1580 = CARTESIAN_POINT('',(7.442653021879,-5.371975502663,25.));
#1581 = CARTESIAN_POINT('',(7.543292431101,-5.349145891712,25.));
#1582 = CARTESIAN_POINT('',(7.645012531965,-5.349145891712,25.));
#1583 = ORIENTED_EDGE('',*,*,#1584,.T.);
#1584 = EDGE_CURVE('',#1577,#1585,#1587,.T.);
#1585 = VERTEX_POINT('',#1586);
#1586 = CARTESIAN_POINT('',(7.958278021879,-5.403045387389,25.));
#1587 = B_SPLINE_CURVE_WITH_KNOTS('',2,(#1588,#1589,#1590),
  .UNSPECIFIED.,.F.,.F.,(3,3),(0.,1.),.PIECEWISE_BEZIER_KNOTS.);
#1588 = CARTESIAN_POINT('',(7.645012531965,-5.349145891712,25.));
#1589 = CARTESIAN_POINT('',(7.821300356173,-5.349145891712,25.));
#1590 = CARTESIAN_POINT('',(7.958278021879,-5.403045387389,25.));
#1591 = ORIENTED_EDGE('',*,*,#1592,.T.);
#1592 = EDGE_CURVE('',#1585,#1593,#1595,.T.);
#1593 = VERTEX_POINT('',#1594);
#1594 = CARTESIAN_POINT('',(8.188600428219,-5.560691280761,25.));
#1595 = B_SPLINE_CURVE_WITH_KNOTS('',2,(#1596,#1597,#1598),
  .UNSPECIFIED.,.F.,.F.,(3,3),(0.,1.),.PIECEWISE_BEZIER_KNOTS.);
#1596 = CARTESIAN_POINT('',(7.958278021879,-5.403045387389,25.));
#1597 = CARTESIAN_POINT('',(8.095255687585,-5.456944883066,25.));
#1598 = CARTESIAN_POINT('',(8.188600428219,-5.560691280761,25.));
#1599 = ORIENTED_EDGE('',*,*,#1600,.T.);
#1600 = EDGE_CURVE('',#1593,#1601,#1603,.T.);
#1601 = VERTEX_POINT('',#1602);
#1602 = CARTESIAN_POINT('',(8.330711379227,-5.813843298052,25.));
#1603 = B_SPLINE_CURVE_WITH_KNOTS('',2,(#1604,#1605,#1606),
  .UNSPECIFIED.,.F.,.F.,(3,3),(0.,1.),.PIECEWISE_BEZIER_KNOTS.);
#1604 = CARTESIAN_POINT('',(8.188600428219,-5.560691280761,25.));
#1605 = CARTESIAN_POINT('',(8.281945168853,-5.664437678455,25.));
#1606 = CARTESIAN_POINT('',(8.330711379227,-5.813843298052,25.));
#1607 = ORIENTED_EDGE('',*,*,#1608,.T.);
#1608 = EDGE_CURVE('',#1601,#1609,#1611,.T.);
#1609 = VERTEX_POINT('',#1610);
#1610 = CARTESIAN_POINT('',(8.379477589602,-6.156017289406,25.));
#1611 = B_SPLINE_CURVE_WITH_KNOTS('',2,(#1612,#1613,#1614),
  .UNSPECIFIED.,.F.,.F.,(3,3),(0.,1.),.PIECEWISE_BEZIER_KNOTS.);
#1612 = CARTESIAN_POINT('',(8.330711379227,-5.813843298052,25.));
#1613 = CARTESIAN_POINT('',(8.379477589602,-5.963113831193,25.));
#1614 = CARTESIAN_POINT('',(8.379477589602,-6.156017289406,25.));
#1615 = ORIENTED_EDGE('',*,*,#1616,.T.);
#1616 = EDGE_CURVE('',#1609,#1617,#1619,.T.);
#1617 = VERTEX_POINT('',#1618);
#1618 = CARTESIAN_POINT('',(8.379477589602,-7.510529177014,25.));
#1619 = LINE('',#1620,#1621);
#1620 = CARTESIAN_POINT('',(8.379477589602,-6.156017289406,25.));
#1621 = VECTOR('',#1622,1.);
#1622 = DIRECTION('',(0.,-1.,0.));
#1623 = ORIENTED_EDGE('',*,*,#1624,.T.);
#1624 = EDGE_CURVE('',#1617,#1625,#1627,.T.);
#1625 = VERTEX_POINT('',#1626);
#1626 = CARTESIAN_POINT('',(7.866959578075,-7.510529177014,25.));
#1627 = LINE('',#1628,#1629);
#1628 = CARTESIAN_POINT('',(8.379477589602,-7.510529177014,25.));
#1629 = VECTOR('',#1630,1.);
#1630 = DIRECTION('',(-1.,0.,0.));
#1631 = ORIENTED_EDGE('',*,*,#1632,.T.);
#1632 = EDGE_CURVE('',#1625,#1633,#1635,.T.);
#1633 = VERTEX_POINT('',#1634);
#1634 = CARTESIAN_POINT('',(7.866959578075,-6.15561203004,25.));
#1635 = LINE('',#1636,#1637);
#1636 = CARTESIAN_POINT('',(7.866959578075,-7.510529177014,25.));
#1637 = VECTOR('',#1638,1.);
#1638 = DIRECTION('',(0.,1.,0.));
#1639 = ORIENTED_EDGE('',*,*,#1640,.T.);
#1640 = EDGE_CURVE('',#1633,#1641,#1643,.T.);
#1641 = VERTEX_POINT('',#1642);
#1642 = CARTESIAN_POINT('',(7.777667431101,-5.849641208715,25.));
#1643 = B_SPLINE_CURVE_WITH_KNOTS('',2,(#1644,#1645,#1646),
  .UNSPECIFIED.,.F.,.F.,(3,3),(0.,1.),.PIECEWISE_BEZIER_KNOTS.);
#1644 = CARTESIAN_POINT('',(7.866959578075,-6.15561203004,25.));
#1645 = CARTESIAN_POINT('',(7.866959578075,-5.952306914767,25.));
#1646 = CARTESIAN_POINT('',(7.777667431101,-5.849641208715,25.));
#1647 = ORIENTED_EDGE('',*,*,#1648,.T.);
#1648 = EDGE_CURVE('',#1641,#1649,#1651,.T.);
#1649 = VERTEX_POINT('',#1650);
#1650 = CARTESIAN_POINT('',(7.51641022649,-5.746840416207,25.));
#1651 = B_SPLINE_CURVE_WITH_KNOTS('',2,(#1652,#1653,#1654),
  .UNSPECIFIED.,.F.,.F.,(3,3),(0.,1.),.PIECEWISE_BEZIER_KNOTS.);
#1652 = CARTESIAN_POINT('',(7.777667431101,-5.849641208715,25.));
#1653 = CARTESIAN_POINT('',(7.688510370582,-5.746840416207,25.));
#1654 = CARTESIAN_POINT('',(7.51641022649,-5.746840416207,25.));
#1655 = ORIENTED_EDGE('',*,*,#1656,.T.);
#1656 = EDGE_CURVE('',#1649,#1657,#1659,.T.);
#1657 = VERTEX_POINT('',#1658);
#1658 = CARTESIAN_POINT('',(7.36997650891,-5.773857707274,25.));
#1659 = B_SPLINE_CURVE_WITH_KNOTS('',2,(#1660,#1661,#1662),
  .UNSPECIFIED.,.F.,.F.,(3,3),(0.,1.),.PIECEWISE_BEZIER_KNOTS.);
#1660 = CARTESIAN_POINT('',(7.51641022649,-5.746840416207,25.));
#1661 = CARTESIAN_POINT('',(7.437519736576,-5.746840416207,25.));
#1662 = CARTESIAN_POINT('',(7.36997650891,-5.773857707274,25.));
#1663 = ORIENTED_EDGE('',*,*,#1664,.T.);
#1664 = EDGE_CURVE('',#1657,#1665,#1667,.T.);
#1665 = VERTEX_POINT('',#1666);
#1666 = CARTESIAN_POINT('',(7.251775860495,-5.851667505545,25.));
#1667 = B_SPLINE_CURVE_WITH_KNOTS('',2,(#1668,#1669,#1670),
  .UNSPECIFIED.,.F.,.F.,(3,3),(0.,1.),.PIECEWISE_BEZIER_KNOTS.);
#1668 = CARTESIAN_POINT('',(7.36997650891,-5.773857707274,25.));
#1669 = CARTESIAN_POINT('',(7.3025683677,-5.800739911885,25.));
#1670 = CARTESIAN_POINT('',(7.251775860495,-5.851667505545,25.));
#1671 = ORIENTED_EDGE('',*,*,#1672,.T.);
#1672 = EDGE_CURVE('',#1665,#1673,#1675,.T.);
#1673 = VERTEX_POINT('',#1674);
#1674 = CARTESIAN_POINT('',(7.171939765395,-5.979324205833,25.));
#1675 = B_SPLINE_CURVE_WITH_KNOTS('',2,(#1676,#1677,#1678),
  .UNSPECIFIED.,.F.,.F.,(3,3),(0.,1.),.PIECEWISE_BEZIER_KNOTS.);
#1676 = CARTESIAN_POINT('',(7.251775860495,-5.851667505545,25.));
#1677 = CARTESIAN_POINT('',(7.200983353291,-5.902460012749,25.));
#1678 = CARTESIAN_POINT('',(7.171939765395,-5.979324205833,25.));
#1679 = ORIENTED_EDGE('',*,*,#1680,.T.);
#1680 = EDGE_CURVE('',#1673,#1681,#1683,.T.);
#1681 = VERTEX_POINT('',#1682);
#1682 = CARTESIAN_POINT('',(7.142896177498,-6.15561203004,25.));
#1683 = B_SPLINE_CURVE_WITH_KNOTS('',2,(#1684,#1685,#1686),
  .UNSPECIFIED.,.F.,.F.,(3,3),(0.,1.),.PIECEWISE_BEZIER_KNOTS.);
#1684 = CARTESIAN_POINT('',(7.171939765395,-5.979324205833,25.));
#1685 = CARTESIAN_POINT('',(7.142896177498,-6.056053312461,25.));
#1686 = CARTESIAN_POINT('',(7.142896177498,-6.15561203004,25.));
#1687 = ORIENTED_EDGE('',*,*,#1688,.T.);
#1688 = EDGE_CURVE('',#1681,#1689,#1691,.T.);
#1689 = VERTEX_POINT('',#1690);
#1690 = CARTESIAN_POINT('',(7.142896177498,-7.510529177014,25.));
#1691 = LINE('',#1692,#1693);
#1692 = CARTESIAN_POINT('',(7.142896177498,-6.15561203004,25.));
#1693 = VECTOR('',#1694,1.);
#1694 = DIRECTION('',(0.,-1.,0.));
#1695 = ORIENTED_EDGE('',*,*,#1696,.T.);
#1696 = EDGE_CURVE('',#1689,#1697,#1699,.T.);
#1697 = VERTEX_POINT('',#1698);
#1698 = CARTESIAN_POINT('',(6.628216782686,-7.510529177014,25.));
#1699 = LINE('',#1700,#1701);
#1700 = CARTESIAN_POINT('',(7.142896177498,-7.510529177014,25.));
#1701 = VECTOR('',#1702,1.);
#1702 = DIRECTION('',(-1.,0.,0.));
#1703 = ORIENTED_EDGE('',*,*,#1704,.T.);
#1704 = EDGE_CURVE('',#1697,#1705,#1707,.T.);
#1705 = VERTEX_POINT('',#1706);
#1706 = CARTESIAN_POINT('',(6.628216782686,-6.15561203004,25.));
#1707 = LINE('',#1708,#1709);
#1708 = CARTESIAN_POINT('',(6.628216782686,-7.510529177014,25.));
#1709 = VECTOR('',#1710,1.);
#1710 = DIRECTION('',(0.,1.,0.));
#1711 = ORIENTED_EDGE('',*,*,#1712,.T.);
#1712 = EDGE_CURVE('',#1705,#1713,#1715,.T.);
#1713 = VERTEX_POINT('',#1714);
#1714 = CARTESIAN_POINT('',(6.542166710639,-5.844372836957,25.));
#1715 = B_SPLINE_CURVE_WITH_KNOTS('',2,(#1716,#1717,#1718),
  .UNSPECIFIED.,.F.,.F.,(3,3),(0.,1.),.PIECEWISE_BEZIER_KNOTS.);
#1716 = CARTESIAN_POINT('',(6.628216782686,-6.15561203004,25.));
#1717 = CARTESIAN_POINT('',(6.628216782686,-5.941905257706,25.));
#1718 = CARTESIAN_POINT('',(6.542166710639,-5.844372836957,25.));
#1719 = ORIENTED_EDGE('',*,*,#1720,.T.);
#1720 = EDGE_CURVE('',#1713,#1721,#1723,.T.);
#1721 = VERTEX_POINT('',#1722);
#1722 = CARTESIAN_POINT('',(6.287934001706,-5.746840416207,25.));
#1723 = B_SPLINE_CURVE_WITH_KNOTS('',2,(#1724,#1725,#1726),
  .UNSPECIFIED.,.F.,.F.,(3,3),(0.,1.),.PIECEWISE_BEZIER_KNOTS.);
#1724 = CARTESIAN_POINT('',(6.542166710639,-5.844372836957,25.));
#1725 = CARTESIAN_POINT('',(6.456116638593,-5.746840416207,25.));
#1726 = CARTESIAN_POINT('',(6.287934001706,-5.746840416207,25.));
#1727 = ORIENTED_EDGE('',*,*,#1728,.T.);
#1728 = EDGE_CURVE('',#1721,#1729,#1731,.T.);
#1729 = VERTEX_POINT('',#1730);
#1730 = CARTESIAN_POINT('',(6.081521897959,-5.801955689983,25.));
#1731 = B_SPLINE_CURVE_WITH_KNOTS('',2,(#1732,#1733,#1734),
  .UNSPECIFIED.,.F.,.F.,(3,3),(0.,1.),.PIECEWISE_BEZIER_KNOTS.);
#1732 = CARTESIAN_POINT('',(6.287934001706,-5.746840416207,25.));
#1733 = CARTESIAN_POINT('',(6.177973627066,-5.746840416207,25.));
#1734 = CARTESIAN_POINT('',(6.081521897959,-5.801955689983,25.));
#1735 = ORIENTED_EDGE('',*,*,#1736,.T.);
#1736 = EDGE_CURVE('',#1729,#1737,#1739,.T.);
#1737 = VERTEX_POINT('',#1738);
#1738 = CARTESIAN_POINT('',(5.901991998824,-5.952712174133,25.));
#1739 = B_SPLINE_CURVE_WITH_KNOTS('',2,(#1740,#1741,#1742),
  .UNSPECIFIED.,.F.,.F.,(3,3),(0.,1.),.PIECEWISE_BEZIER_KNOTS.);
#1740 = CARTESIAN_POINT('',(6.081521897959,-5.801955689983,25.));
#1741 = CARTESIAN_POINT('',(5.985070168853,-5.857070963758,25.));
#1742 = CARTESIAN_POINT('',(5.901991998824,-5.952712174133,25.));
#1743 = ORIENTED_EDGE('',*,*,#1744,.T.);
#1744 = EDGE_CURVE('',#1737,#1463,#1745,.T.);
#1745 = LINE('',#1746,#1747);
#1746 = CARTESIAN_POINT('',(5.901991998824,-5.952712174133,25.));
#1747 = VECTOR('',#1748,1.);
#1748 = DIRECTION('',(0.,-1.,0.));
#1749 = FACE_BOUND('',#1750,.T.);
#1750 = EDGE_LOOP('',(#1751,#1761,#1769,#1777));
#1751 = ORIENTED_EDGE('',*,*,#1752,.T.);
#1752 = EDGE_CURVE('',#1753,#1755,#1757,.T.);
#1753 = VERTEX_POINT('',#1754);
#1754 = CARTESIAN_POINT('',(-3.144089589561,1.786290071687,25.));
#1755 = VERTEX_POINT('',#1756);
#1756 = CARTESIAN_POINT('',(-2.289892903682,1.786290071687,25.));
#1757 = LINE('',#1758,#1759);
#1758 = CARTESIAN_POINT('',(-3.144089589561,1.786290071687,25.));
#1759 = VECTOR('',#1760,1.);
#1760 = DIRECTION('',(1.,0.,0.));
#1761 = ORIENTED_EDGE('',*,*,#1762,.T.);
#1762 = EDGE_CURVE('',#1755,#1763,#1765,.T.);
#1763 = VERTEX_POINT('',#1764);
#1764 = CARTESIAN_POINT('',(-2.289892903682,-1.758378516209,25.));
#1765 = LINE('',#1766,#1767);
#1766 = CARTESIAN_POINT('',(-2.289892903682,1.786290071687,25.));
#1767 = VECTOR('',#1768,1.);
#1768 = DIRECTION('',(0.,-1.,0.));
#1769 = ORIENTED_EDGE('',*,*,#1770,.T.);
#1770 = EDGE_CURVE('',#1763,#1771,#1773,.T.);
#1771 = VERTEX_POINT('',#1772);
#1772 = CARTESIAN_POINT('',(-3.144089589561,-1.758378516209,25.));
#1773 = LINE('',#1774,#1775);
#1774 = CARTESIAN_POINT('',(-2.289892903682,-1.758378516209,25.));
#1775 = VECTOR('',#1776,1.);
#1776 = DIRECTION('',(-1.,0.,0.));
#1777 = ORIENTED_EDGE('',*,*,#1778,.T.);
#1778 = EDGE_CURVE('',#1771,#1753,#1779,.T.);
#1779 = LINE('',#1780,#1781);
#1780 = CARTESIAN_POINT('',(-3.144089589561,-1.758378516209,25.));
#1781 = VECTOR('',#1782,1.);
#1782 = DIRECTION('',(0.,1.,0.));
#1783 = FACE_BOUND('',#1784,.T.);
#1784 = EDGE_LOOP('',(#1785,#1795,#1803,#1811,#1819,#1827,#1835,#1843,
    #1851,#1859,#1867,#1875,#1883,#1891,#1899,#1907,#1915,#1923,#1931,
    #1939,#1947,#1955,#1963,#1971,#1979,#1987,#1995,#2003,#2011,#2019,
    #2027,#2035,#2043,#2051,#2059,#2067,#2075,#2083,#2091,#2099,#2107,
    #2115,#2123,#2131,#2139,#2147,#2155,#2163,#2171,#2179));
#1785 = ORIENTED_EDGE('',*,*,#1786,.T.);
#1786 = EDGE_CURVE('',#1787,#1789,#1791,.T.);
#1787 = VERTEX_POINT('',#1788);
#1788 = CARTESIAN_POINT('',(0.973570713032,1.404670835376,25.));
#1789 = VERTEX_POINT('',#1790);
#1790 = CARTESIAN_POINT('',(0.779946793724,1.099600590419,25.));
#1791 = LINE('',#1792,#1793);
#1792 = CARTESIAN_POINT('',(0.973570713032,1.404670835376,25.));
#1793 = VECTOR('',#1794,1.);
#1794 = DIRECTION('',(-0.535867150975,-0.844302313455,0.));
#1795 = ORIENTED_EDGE('',*,*,#1796,.T.);
#1796 = EDGE_CURVE('',#1789,#1797,#1799,.T.);
#1797 = VERTEX_POINT('',#1798);
#1798 = CARTESIAN_POINT('',(0.707225251937,1.022376166788,25.));
#1799 = B_SPLINE_CURVE_WITH_KNOTS('',2,(#1800,#1801,#1802),
  .UNSPECIFIED.,.F.,.F.,(3,3),(0.,1.),.PIECEWISE_BEZIER_KNOTS.);
#1800 = CARTESIAN_POINT('',(0.779946793724,1.099600590419,25.));
#1801 = CARTESIAN_POINT('',(0.745274603522,1.044665431918,25.));
#1802 = CARTESIAN_POINT('',(0.707225251937,1.022376166788,25.));
#1803 = ORIENTED_EDGE('',*,*,#1804,.T.);
#1804 = EDGE_CURVE('',#1797,#1805,#1807,.T.);
#1805 = VERTEX_POINT('',#1806);
#1806 = CARTESIAN_POINT('',(0.610413292283,1.000086901659,25.));
#1807 = B_SPLINE_CURVE_WITH_KNOTS('',2,(#1808,#1809,#1810),
  .UNSPECIFIED.,.F.,.F.,(3,3),(0.,1.),.PIECEWISE_BEZIER_KNOTS.);
#1808 = CARTESIAN_POINT('',(0.707225251937,1.022376166788,25.));
#1809 = CARTESIAN_POINT('',(0.669175900352,1.000086901659,25.));
#1810 = CARTESIAN_POINT('',(0.610413292283,1.000086901659,25.));
#1811 = ORIENTED_EDGE('',*,*,#1812,.T.);
#1812 = EDGE_CURVE('',#1805,#1813,#1815,.T.);
#1813 = VERTEX_POINT('',#1814);
#1814 = CARTESIAN_POINT('',(0.477353133782,1.034533947768,25.));
#1815 = B_SPLINE_CURVE_WITH_KNOTS('',2,(#1816,#1817,#1818),
  .UNSPECIFIED.,.F.,.F.,(3,3),(0.,1.),.PIECEWISE_BEZIER_KNOTS.);
#1816 = CARTESIAN_POINT('',(0.610413292283,1.000086901659,25.));
#1817 = CARTESIAN_POINT('',(0.548273522831,1.000086901659,25.));
#1818 = CARTESIAN_POINT('',(0.477353133782,1.034533947768,25.));
#1819 = ORIENTED_EDGE('',*,*,#1820,.T.);
#1820 = EDGE_CURVE('',#1813,#1821,#1823,.T.);
#1821 = VERTEX_POINT('',#1822);
#1822 = CARTESIAN_POINT('',(0.312997946462,1.112208659584,25.));
#1823 = B_SPLINE_CURVE_WITH_KNOTS('',2,(#1824,#1825,#1826),
  .UNSPECIFIED.,.F.,.F.,(3,3),(0.,1.),.PIECEWISE_BEZIER_KNOTS.);
#1824 = CARTESIAN_POINT('',(0.477353133782,1.034533947768,25.));
#1825 = CARTESIAN_POINT('',(0.406432744733,1.068980993878,25.));
#1826 = CARTESIAN_POINT('',(0.312997946462,1.112208659584,25.));
#1827 = ORIENTED_EDGE('',*,*,#1828,.T.);
#1828 = EDGE_CURVE('',#1821,#1829,#1831,.T.);
#1829 = VERTEX_POINT('',#1830);
#1830 = CARTESIAN_POINT('',(0.100236779315,1.189883371399,25.));
#1831 = B_SPLINE_CURVE_WITH_KNOTS('',2,(#1832,#1833,#1834),
  .UNSPECIFIED.,.F.,.F.,(3,3),(0.,1.),.PIECEWISE_BEZIER_KNOTS.);
#1832 = CARTESIAN_POINT('',(0.312997946462,1.112208659584,25.));
#1833 = CARTESIAN_POINT('',(0.219563148191,1.15543632529,25.));
#1834 = CARTESIAN_POINT('',(0.100236779315,1.189883371399,25.));
#1835 = ORIENTED_EDGE('',*,*,#1836,.T.);
#1836 = EDGE_CURVE('',#1829,#1837,#1839,.T.);
#1837 = VERTEX_POINT('',#1838);
#1838 = CARTESIAN_POINT('',(-0.181418480051,1.224330417509,25.));
#1839 = B_SPLINE_CURVE_WITH_KNOTS('',2,(#1840,#1841,#1842),
  .UNSPECIFIED.,.F.,.F.,(3,3),(0.,1.),.PIECEWISE_BEZIER_KNOTS.);
#1840 = CARTESIAN_POINT('',(0.100236779315,1.189883371399,25.));
#1841 = CARTESIAN_POINT('',(-1.886444546907E-02,1.224330417509,25.));
#1842 = CARTESIAN_POINT('',(-0.181418480051,1.224330417509,25.));
#1843 = ORIENTED_EDGE('',*,*,#1844,.T.);
#1844 = EDGE_CURVE('',#1837,#1845,#1847,.T.);
#1845 = VERTEX_POINT('',#1846);
#1846 = CARTESIAN_POINT('',(-0.579248091002,1.11693668552,25.));
#1847 = B_SPLINE_CURVE_WITH_KNOTS('',2,(#1848,#1849,#1850),
  .UNSPECIFIED.,.F.,.F.,(3,3),(0.,1.),.PIECEWISE_BEZIER_KNOTS.);
#1848 = CARTESIAN_POINT('',(-0.181418480051,1.224330417509,25.));
#1849 = CARTESIAN_POINT('',(-0.434030151521,1.224330417509,25.));
#1850 = CARTESIAN_POINT('',(-0.579248091002,1.11693668552,25.));
#1851 = ORIENTED_EDGE('',*,*,#1852,.T.);
#1852 = EDGE_CURVE('',#1845,#1853,#1855,.T.);
#1853 = VERTEX_POINT('',#1854);
#1854 = CARTESIAN_POINT('',(-0.724466030483,0.836407146615,25.));
#1855 = B_SPLINE_CURVE_WITH_KNOTS('',2,(#1856,#1857,#1858),
  .UNSPECIFIED.,.F.,.F.,(3,3),(0.,1.),.PIECEWISE_BEZIER_KNOTS.);
#1856 = CARTESIAN_POINT('',(-0.579248091002,1.11693668552,25.));
#1857 = CARTESIAN_POINT('',(-0.724466030483,1.009542953532,25.));
#1858 = CARTESIAN_POINT('',(-0.724466030483,0.836407146615,25.));
#1859 = ORIENTED_EDGE('',*,*,#1860,.T.);
#1860 = EDGE_CURVE('',#1853,#1861,#1863,.T.);
#1861 = VERTEX_POINT('',#1862);
#1862 = CARTESIAN_POINT('',(-0.650168480051,0.644359235953,25.));
#1863 = B_SPLINE_CURVE_WITH_KNOTS('',2,(#1864,#1865,#1866),
  .UNSPECIFIED.,.F.,.F.,(3,3),(0.,1.),.PIECEWISE_BEZIER_KNOTS.);
#1864 = CARTESIAN_POINT('',(-0.724466030483,0.836407146615,25.));
#1865 = CARTESIAN_POINT('',(-0.724466030483,0.72225909186,25.));
#1866 = CARTESIAN_POINT('',(-0.650168480051,0.644359235953,25.));
#1867 = ORIENTED_EDGE('',*,*,#1868,.T.);
#1868 = EDGE_CURVE('',#1861,#1869,#1871,.T.);
#1869 = VERTEX_POINT('',#1870);
#1870 = CARTESIAN_POINT('',(-0.452942255267,0.507471627883,25.));
#1871 = B_SPLINE_CURVE_WITH_KNOTS('',2,(#1872,#1873,#1874),
  .UNSPECIFIED.,.F.,.F.,(3,3),(0.,1.),.PIECEWISE_BEZIER_KNOTS.);
#1872 = CARTESIAN_POINT('',(-0.650168480051,0.644359235953,25.));
#1873 = CARTESIAN_POINT('',(-0.575645785527,0.566459380045,25.));
#1874 = CARTESIAN_POINT('',(-0.452942255267,0.507471627883,25.));
#1875 = ORIENTED_EDGE('',*,*,#1876,.T.);
#1876 = EDGE_CURVE('',#1869,#1877,#1879,.T.);
#1877 = VERTEX_POINT('',#1878);
#1878 = CARTESIAN_POINT('',(-0.174664157285,0.401879048633,25.));
#1879 = B_SPLINE_CURVE_WITH_KNOTS('',2,(#1880,#1881,#1882),
  .UNSPECIFIED.,.F.,.F.,(3,3),(0.,1.),.PIECEWISE_BEZIER_KNOTS.);
#1880 = CARTESIAN_POINT('',(-0.452942255267,0.507471627883,25.));
#1881 = CARTESIAN_POINT('',(-0.330238725008,0.448709019814,25.));
#1882 = CARTESIAN_POINT('',(-0.174664157285,0.401879048633,25.));
#1883 = ORIENTED_EDGE('',*,*,#1884,.T.);
#1884 = EDGE_CURVE('',#1877,#1885,#1887,.T.);
#1885 = VERTEX_POINT('',#1886);
#1886 = CARTESIAN_POINT('',(0.143464445021,0.299663630765,25.));
#1887 = B_SPLINE_CURVE_WITH_KNOTS('',2,(#1888,#1889,#1890),
  .UNSPECIFIED.,.F.,.F.,(3,3),(0.,1.),.PIECEWISE_BEZIER_KNOTS.);
#1888 = CARTESIAN_POINT('',(-0.174664157285,0.401879048633,25.));
#1889 = CARTESIAN_POINT('',(-1.886444546907E-02,0.355274221543,25.));
#1890 = CARTESIAN_POINT('',(0.143464445021,0.299663630765,25.));
#1891 = ORIENTED_EDGE('',*,*,#1892,.T.);
#1892 = EDGE_CURVE('',#1885,#1893,#1895,.T.);
#1893 = VERTEX_POINT('',#1894);
#1894 = CARTESIAN_POINT('',(0.461593047326,0.17335779503,25.));
#1895 = B_SPLINE_CURVE_WITH_KNOTS('',2,(#1896,#1897,#1898),
  .UNSPECIFIED.,.F.,.F.,(3,3),(0.,1.),.PIECEWISE_BEZIER_KNOTS.);
#1896 = CARTESIAN_POINT('',(0.143464445021,0.299663630765,25.));
#1897 = CARTESIAN_POINT('',(0.306018479603,0.244278184079,25.));
#1898 = CARTESIAN_POINT('',(0.461593047326,0.17335779503,25.));
#1899 = ORIENTED_EDGE('',*,*,#1900,.T.);
#1900 = EDGE_CURVE('',#1893,#1901,#1903,.T.);
#1901 = VERTEX_POINT('',#1902);
#1902 = CARTESIAN_POINT('',(0.740096289401,-6.757478744905E-03,25.));
#1903 = B_SPLINE_CURVE_WITH_KNOTS('',2,(#1904,#1905,#1906),
  .UNSPECIFIED.,.F.,.F.,(3,3),(0.,1.),.PIECEWISE_BEZIER_KNOTS.);
#1904 = CARTESIAN_POINT('',(0.461593047326,0.17335779503,25.));
#1905 = CARTESIAN_POINT('',(0.617392759142,0.102437405981,25.));
#1906 = CARTESIAN_POINT('',(0.740096289401,-6.757478744905E-03,25.));
#1907 = ORIENTED_EDGE('',*,*,#1908,.T.);
#1908 = EDGE_CURVE('',#1901,#1909,#1911,.T.);
#1909 = VERTEX_POINT('',#1910);
#1910 = CARTESIAN_POINT('',(0.937097370093,-0.268149769811,25.));
#1911 = B_SPLINE_CURVE_WITH_KNOTS('',2,(#1912,#1913,#1914),
  .UNSPECIFIED.,.F.,.F.,(3,3),(0.,1.),.PIECEWISE_BEZIER_KNOTS.);
#1912 = CARTESIAN_POINT('',(0.740096289401,-6.757478744905E-03,25.));
#1913 = CARTESIAN_POINT('',(0.862799819661,-0.115727219379,25.));
#1914 = CARTESIAN_POINT('',(0.937097370093,-0.268149769811,25.));
#1915 = ORIENTED_EDGE('',*,*,#1916,.T.);
#1916 = EDGE_CURVE('',#1909,#1917,#1919,.T.);
#1917 = VERTEX_POINT('',#1918);
#1918 = CARTESIAN_POINT('',(1.011620064617,-0.635134640128,25.));
#1919 = B_SPLINE_CURVE_WITH_KNOTS('',2,(#1920,#1921,#1922),
  .UNSPECIFIED.,.F.,.F.,(3,3),(0.,1.),.PIECEWISE_BEZIER_KNOTS.);
#1920 = CARTESIAN_POINT('',(0.937097370093,-0.268149769811,25.));
#1921 = CARTESIAN_POINT('',(1.011620064617,-0.420572320243,25.));
#1922 = CARTESIAN_POINT('',(1.011620064617,-0.635134640128,25.));
#1923 = ORIENTED_EDGE('',*,*,#1924,.T.);
#1924 = EDGE_CURVE('',#1917,#1925,#1927,.T.);
#1925 = VERTEX_POINT('',#1926);
#1926 = CARTESIAN_POINT('',(0.918185266346,-1.107937233788,25.));
#1927 = B_SPLINE_CURVE_WITH_KNOTS('',2,(#1928,#1929,#1930),
  .UNSPECIFIED.,.F.,.F.,(3,3),(0.,1.),.PIECEWISE_BEZIER_KNOTS.);
#1928 = CARTESIAN_POINT('',(1.011620064617,-0.635134640128,25.));
#1929 = CARTESIAN_POINT('',(1.011620064617,-0.891348617073,25.));
#1930 = CARTESIAN_POINT('',(0.918185266346,-1.107937233788,25.));
#1931 = ORIENTED_EDGE('',*,*,#1932,.T.);
#1932 = EDGE_CURVE('',#1925,#1933,#1935,.T.);
#1933 = VERTEX_POINT('',#1934);
#1934 = CARTESIAN_POINT('',(0.644860338393,-1.481901570964,25.));
#1935 = B_SPLINE_CURVE_WITH_KNOTS('',2,(#1936,#1937,#1938),
  .UNSPECIFIED.,.F.,.F.,(3,3),(0.,1.),.PIECEWISE_BEZIER_KNOTS.);
#1936 = CARTESIAN_POINT('',(0.918185266346,-1.107937233788,25.));
#1937 = CARTESIAN_POINT('',(0.824750468076,-1.324300706411,25.));
#1938 = CARTESIAN_POINT('',(0.644860338393,-1.481901570964,25.));
#1939 = ORIENTED_EDGE('',*,*,#1940,.T.);
#1940 = EDGE_CURVE('',#1933,#1941,#1943,.T.);
#1941 = VERTEX_POINT('',#1942);
#1942 = CARTESIAN_POINT('',(0.200651044444,-1.727758919667,25.));
#1943 = B_SPLINE_CURVE_WITH_KNOTS('',2,(#1944,#1945,#1946),
  .UNSPECIFIED.,.F.,.F.,(3,3),(0.,1.),.PIECEWISE_BEZIER_KNOTS.);
#1944 = CARTESIAN_POINT('',(0.644860338393,-1.481901570964,25.));
#1945 = CARTESIAN_POINT('',(0.465195352802,-1.639502435517,25.));
#1946 = CARTESIAN_POINT('',(0.200651044444,-1.727758919667,25.));
#1947 = ORIENTED_EDGE('',*,*,#1948,.T.);
#1948 = EDGE_CURVE('',#1941,#1949,#1951,.T.);
#1949 = VERTEX_POINT('',#1950);
#1950 = CARTESIAN_POINT('',(-0.406337428178,-1.816015403817,25.));
#1951 = B_SPLINE_CURVE_WITH_KNOTS('',2,(#1952,#1953,#1954),
  .UNSPECIFIED.,.F.,.F.,(3,3),(0.,1.),.PIECEWISE_BEZIER_KNOTS.);
#1952 = CARTESIAN_POINT('',(0.200651044444,-1.727758919667,25.));
#1953 = CARTESIAN_POINT('',(-6.389326391287E-02,-1.816015403817,25.));
#1954 = CARTESIAN_POINT('',(-0.406337428178,-1.816015403817,25.));
#1955 = ORIENTED_EDGE('',*,*,#1956,.T.);
#1956 = EDGE_CURVE('',#1949,#1957,#1959,.T.);
#1957 = VERTEX_POINT('',#1958);
#1958 = CARTESIAN_POINT('',(-0.764316534806,-1.783144366353,25.));
#1959 = B_SPLINE_CURVE_WITH_KNOTS('',2,(#1960,#1961,#1962),
  .UNSPECIFIED.,.F.,.F.,(3,3),(0.,1.),.PIECEWISE_BEZIER_KNOTS.);
#1960 = CARTESIAN_POINT('',(-0.406337428178,-1.816015403817,25.));
#1961 = CARTESIAN_POINT('',(-0.589604719244,-1.816015403817,25.));
#1962 = CARTESIAN_POINT('',(-0.764316534806,-1.783144366353,25.));
#1963 = ORIENTED_EDGE('',*,*,#1964,.T.);
#1964 = EDGE_CURVE('',#1957,#1965,#1967,.T.);
#1965 = VERTEX_POINT('',#1966);
#1966 = CARTESIAN_POINT('',(-1.099781232213,-1.69151072082,25.));
#1967 = B_SPLINE_CURVE_WITH_KNOTS('',2,(#1968,#1969,#1970),
  .UNSPECIFIED.,.F.,.F.,(3,3),(0.,1.),.PIECEWISE_BEZIER_KNOTS.);
#1968 = CARTESIAN_POINT('',(-0.764316534806,-1.783144366353,25.));
#1969 = CARTESIAN_POINT('',(-0.938803206276,-1.750273328889,25.));
#1970 = CARTESIAN_POINT('',(-1.099781232213,-1.69151072082,25.));
#1971 = ORIENTED_EDGE('',*,*,#1972,.T.);
#1972 = EDGE_CURVE('',#1965,#1973,#1975,.T.);
#1973 = VERTEX_POINT('',#1974);
#1974 = CARTESIAN_POINT('',(-1.397196578034,-1.553272248197,25.));
#1975 = B_SPLINE_CURVE_WITH_KNOTS('',2,(#1976,#1977,#1978),
  .UNSPECIFIED.,.F.,.F.,(3,3),(0.,1.),.PIECEWISE_BEZIER_KNOTS.);
#1976 = CARTESIAN_POINT('',(-1.099781232213,-1.69151072082,25.));
#1977 = CARTESIAN_POINT('',(-1.260534114057,-1.632748112751,25.));
#1978 = CARTESIAN_POINT('',(-1.397196578034,-1.553272248197,25.));
#1979 = ORIENTED_EDGE('',*,*,#1980,.T.);
#1980 = EDGE_CURVE('',#1973,#1981,#1983,.T.);
#1981 = VERTEX_POINT('',#1982);
#1982 = CARTESIAN_POINT('',(-1.637425324432,-1.380136441281,25.));
#1983 = B_SPLINE_CURVE_WITH_KNOTS('',2,(#1984,#1985,#1986),
  .UNSPECIFIED.,.F.,.F.,(3,3),(0.,1.),.PIECEWISE_BEZIER_KNOTS.);
#1984 = CARTESIAN_POINT('',(-1.397196578034,-1.553272248197,25.));
#1985 = CARTESIAN_POINT('',(-1.533633897919,-1.473571239552,25.));
#1986 = CARTESIAN_POINT('',(-1.637425324432,-1.380136441281,25.));
#1987 = ORIENTED_EDGE('',*,*,#1988,.T.);
#1988 = EDGE_CURVE('',#1981,#1989,#1991,.T.);
#1989 = VERTEX_POINT('',#1990);
#1990 = CARTESIAN_POINT('',(-1.440199099648,-1.05030034618,25.));
#1991 = LINE('',#1992,#1993);
#1992 = CARTESIAN_POINT('',(-1.637425324432,-1.380136441281,25.));
#1993 = VECTOR('',#1994,1.);
#1994 = DIRECTION('',(0.513202859348,0.858267338978,0.));
#1995 = ORIENTED_EDGE('',*,*,#1996,.T.);
#1996 = EDGE_CURVE('',#1989,#1997,#1999,.T.);
#1997 = VERTEX_POINT('',#1998);
#1998 = CARTESIAN_POINT('',(-1.350366606852,-0.959116988831,25.));
#1999 = B_SPLINE_CURVE_WITH_KNOTS('',2,(#2000,#2001,#2002),
  .UNSPECIFIED.,.F.,.F.,(3,3),(0.,1.),.PIECEWISE_BEZIER_KNOTS.);
#2000 = CARTESIAN_POINT('',(-1.440199099648,-1.05030034618,25.));
#2001 = CARTESIAN_POINT('',(-1.402149748063,-0.990637161742,25.));
#2002 = CARTESIAN_POINT('',(-1.350366606852,-0.959116988831,25.));
#2003 = ORIENTED_EDGE('',*,*,#2004,.T.);
#2004 = EDGE_CURVE('',#1997,#2005,#2007,.T.);
#2005 = VERTEX_POINT('',#2006);
#2006 = CARTESIAN_POINT('',(-1.218882456996,-0.927596815921,25.));
#2007 = B_SPLINE_CURVE_WITH_KNOTS('',2,(#2008,#2009,#2010),
  .UNSPECIFIED.,.F.,.F.,(3,3),(0.,1.),.PIECEWISE_BEZIER_KNOTS.);
#2008 = CARTESIAN_POINT('',(-1.350366606852,-0.959116988831,25.));
#2009 = CARTESIAN_POINT('',(-1.298583465642,-0.927596815921,25.));
#2010 = CARTESIAN_POINT('',(-1.218882456996,-0.927596815921,25.));
#2011 = ORIENTED_EDGE('',*,*,#2012,.T.);
#2012 = EDGE_CURVE('',#2005,#2013,#2015,.T.);
#2013 = VERTEX_POINT('',#2014);
#2014 = CARTESIAN_POINT('',(-1.068486203394,-0.972625634365,25.));
#2015 = B_SPLINE_CURVE_WITH_KNOTS('',2,(#2016,#2017,#2018),
  .UNSPECIFIED.,.F.,.F.,(3,3),(0.,1.),.PIECEWISE_BEZIER_KNOTS.);
#2016 = CARTESIAN_POINT('',(-1.218882456996,-0.927596815921,25.));
#2017 = CARTESIAN_POINT('',(-1.139406592443,-0.927596815921,25.));
#2018 = CARTESIAN_POINT('',(-1.068486203394,-0.972625634365,25.));
#2019 = ORIENTED_EDGE('',*,*,#2020,.T.);
#2020 = EDGE_CURVE('',#2013,#2021,#2023,.T.);
#2021 = VERTEX_POINT('',#2022);
#2022 = CARTESIAN_POINT('',(-0.904356160166,-1.069212449926,25.));
#2023 = B_SPLINE_CURVE_WITH_KNOTS('',2,(#2024,#2025,#2026),
  .UNSPECIFIED.,.F.,.F.,(3,3),(0.,1.),.PIECEWISE_BEZIER_KNOTS.);
#2024 = CARTESIAN_POINT('',(-1.068486203394,-0.972625634365,25.));
#2025 = CARTESIAN_POINT('',(-0.997565814345,-1.017429308716,25.));
#2026 = CARTESIAN_POINT('',(-0.904356160166,-1.069212449926,25.));
#2027 = ORIENTED_EDGE('',*,*,#2028,.T.);
#2028 = EDGE_CURVE('',#2021,#2029,#2031,.T.);
#2029 = VERTEX_POINT('',#2030);
#2030 = CARTESIAN_POINT('',(-0.684840670253,-1.166024409581,25.));
#2031 = B_SPLINE_CURVE_WITH_KNOTS('',2,(#2032,#2033,#2034),
  .UNSPECIFIED.,.F.,.F.,(3,3),(0.,1.),.PIECEWISE_BEZIER_KNOTS.);
#2032 = CARTESIAN_POINT('',(-0.904356160166,-1.069212449926,25.));
#2033 = CARTESIAN_POINT('',(-0.810921361896,-1.120995591137,25.));
#2034 = CARTESIAN_POINT('',(-0.684840670253,-1.166024409581,25.));
#2035 = ORIENTED_EDGE('',*,*,#2036,.T.);
#2036 = EDGE_CURVE('',#2029,#2037,#2039,.T.);
#2037 = VERTEX_POINT('',#2038);
#2038 = CARTESIAN_POINT('',(-0.364685771117,-1.210828083932,25.));
#2039 = B_SPLINE_CURVE_WITH_KNOTS('',2,(#2040,#2041,#2042),
  .UNSPECIFIED.,.F.,.F.,(3,3),(0.,1.),.PIECEWISE_BEZIER_KNOTS.);
#2040 = CARTESIAN_POINT('',(-0.684840670253,-1.166024409581,25.));
#2041 = CARTESIAN_POINT('',(-0.558534834518,-1.210828083932,25.));
#2042 = CARTESIAN_POINT('',(-0.364685771117,-1.210828083932,25.));
#2043 = ORIENTED_EDGE('',*,*,#2044,.T.);
#2044 = EDGE_CURVE('',#2037,#2045,#2047,.T.);
#2045 = VERTEX_POINT('',#2046);
#2046 = CARTESIAN_POINT('',(-0.103743768236,-1.174579885085,25.));
#2047 = B_SPLINE_CURVE_WITH_KNOTS('',2,(#2048,#2049,#2050),
  .UNSPECIFIED.,.F.,.F.,(3,3),(0.,1.),.PIECEWISE_BEZIER_KNOTS.);
#2048 = CARTESIAN_POINT('',(-0.364685771117,-1.210828083932,25.));
#2049 = CARTESIAN_POINT('',(-0.21271350887,-1.210828083932,25.));
#2050 = CARTESIAN_POINT('',(-0.103743768236,-1.174579885085,25.));
#2051 = ORIENTED_EDGE('',*,*,#2052,.T.);
#2052 = EDGE_CURVE('',#2045,#2053,#2055,.T.);
#2053 = VERTEX_POINT('',#2054);
#2054 = CARTESIAN_POINT('',(7.614636144736E-02,-1.079794222261,25.));
#2055 = B_SPLINE_CURVE_WITH_KNOTS('',2,(#2056,#2057,#2058),
  .UNSPECIFIED.,.F.,.F.,(3,3),(0.,1.),.PIECEWISE_BEZIER_KNOTS.);
#2056 = CARTESIAN_POINT('',(-0.103743768236,-1.174579885085,25.));
#2057 = CARTESIAN_POINT('',(5.225972398367E-03,-1.138331686238,25.));
#2058 = CARTESIAN_POINT('',(7.614636144736E-02,-1.079794222261,25.));
#2059 = ORIENTED_EDGE('',*,*,#2060,.T.);
#2060 = EDGE_CURVE('',#2053,#2061,#2063,.T.);
#2061 = VERTEX_POINT('',#2062);
#2062 = CARTESIAN_POINT('',(0.17993778796,-0.943356902376,25.));
#2063 = B_SPLINE_CURVE_WITH_KNOTS('',2,(#2064,#2065,#2066),
  .UNSPECIFIED.,.F.,.F.,(3,3),(0.,1.),.PIECEWISE_BEZIER_KNOTS.);
#2064 = CARTESIAN_POINT('',(7.614636144736E-02,-1.079794222261,25.));
#2065 = CARTESIAN_POINT('',(0.147066750496,-1.021031614192,25.));
#2066 = CARTESIAN_POINT('',(0.17993778796,-0.943356902376,25.));
#2067 = ORIENTED_EDGE('',*,*,#2068,.T.);
#2068 = EDGE_CURVE('',#2061,#2069,#2071,.T.);
#2069 = VERTEX_POINT('',#2070);
#2070 = CARTESIAN_POINT('',(0.212808825424,-0.782829164624,25.));
#2071 = B_SPLINE_CURVE_WITH_KNOTS('',2,(#2072,#2073,#2074),
  .UNSPECIFIED.,.F.,.F.,(3,3),(0.,1.),.PIECEWISE_BEZIER_KNOTS.);
#2072 = CARTESIAN_POINT('',(0.17993778796,-0.943356902376,25.));
#2073 = CARTESIAN_POINT('',(0.212808825424,-0.86568219056,25.));
#2074 = CARTESIAN_POINT('',(0.212808825424,-0.782829164624,25.));
#2075 = ORIENTED_EDGE('',*,*,#2076,.T.);
#2076 = EDGE_CURVE('',#2069,#2077,#2079,.T.);
#2077 = VERTEX_POINT('',#2078);
#2078 = CARTESIAN_POINT('',(0.1382861309,-0.579298905258,25.));
#2079 = B_SPLINE_CURVE_WITH_KNOTS('',2,(#2080,#2081,#2082),
  .UNSPECIFIED.,.F.,.F.,(3,3),(0.,1.),.PIECEWISE_BEZIER_KNOTS.);
#2080 = CARTESIAN_POINT('',(0.212808825424,-0.782829164624,25.));
#2081 = CARTESIAN_POINT('',(0.212808825424,-0.658549625719,25.));
#2082 = CARTESIAN_POINT('',(0.1382861309,-0.579298905258,25.));
#2083 = ORIENTED_EDGE('',*,*,#2084,.T.);
#2084 = EDGE_CURVE('',#2077,#2085,#2087,.T.);
#2085 = VERTEX_POINT('',#2086);
#2086 = CARTESIAN_POINT('',(-5.871494979183E-02,-0.441285576728,25.));
#2087 = B_SPLINE_CURVE_WITH_KNOTS('',2,(#2088,#2089,#2090),
  .UNSPECIFIED.,.F.,.F.,(3,3),(0.,1.),.PIECEWISE_BEZIER_KNOTS.);
#2088 = CARTESIAN_POINT('',(0.1382861309,-0.579298905258,25.));
#2089 = CARTESIAN_POINT('',(6.398858046753E-02,-0.499823040705,25.));
#2090 = CARTESIAN_POINT('',(-5.871494979183E-02,-0.441285576728,25.));
#2091 = ORIENTED_EDGE('',*,*,#2092,.T.);
#2092 = EDGE_CURVE('',#2085,#2093,#2095,.T.);
#2093 = VERTEX_POINT('',#2094);
#2094 = CARTESIAN_POINT('',(-0.338794200512,-0.335918141569,25.));
#2095 = B_SPLINE_CURVE_WITH_KNOTS('',2,(#2096,#2097,#2098),
  .UNSPECIFIED.,.F.,.F.,(3,3),(0.,1.),.PIECEWISE_BEZIER_KNOTS.);
#2096 = CARTESIAN_POINT('',(-5.871494979183E-02,-0.441285576728,25.));
#2097 = CARTESIAN_POINT('',(-0.181418480051,-0.382522968658,25.));
#2098 = CARTESIAN_POINT('',(-0.338794200512,-0.335918141569,25.));
#2099 = ORIENTED_EDGE('',*,*,#2100,.T.);
#2100 = EDGE_CURVE('',#2093,#2101,#2103,.T.);
#2101 = VERTEX_POINT('',#2102);
#2102 = CARTESIAN_POINT('',(-0.660525108293,-0.234153011886,25.));
#2103 = B_SPLINE_CURVE_WITH_KNOTS('',2,(#2104,#2105,#2106),
  .UNSPECIFIED.,.F.,.F.,(3,3),(0.,1.),.PIECEWISE_BEZIER_KNOTS.);
#2104 = CARTESIAN_POINT('',(-0.338794200512,-0.335918141569,25.));
#2105 = CARTESIAN_POINT('',(-0.496169920973,-0.28931331448,25.));
#2106 = CARTESIAN_POINT('',(-0.660525108293,-0.234153011886,25.));
#2107 = ORIENTED_EDGE('',*,*,#2108,.T.);
#2108 = EDGE_CURVE('',#2101,#2109,#2111,.T.);
#2109 = VERTEX_POINT('',#2110);
#2110 = CARTESIAN_POINT('',(-0.982030871982,-0.10469515886,25.));
#2111 = B_SPLINE_CURVE_WITH_KNOTS('',2,(#2112,#2113,#2114),
  .UNSPECIFIED.,.F.,.F.,(3,3),(0.,1.),.PIECEWISE_BEZIER_KNOTS.);
#2112 = CARTESIAN_POINT('',(-0.660525108293,-0.234153011886,25.));
#2113 = CARTESIAN_POINT('',(-0.824655151521,-0.1787675652,25.));
#2114 = CARTESIAN_POINT('',(-0.982030871982,-0.10469515886,25.));
#2115 = ORIENTED_EDGE('',*,*,#2116,.T.);
#2116 = EDGE_CURVE('',#2109,#2117,#2119,.T.);
#2117 = VERTEX_POINT('',#2118);
#2118 = CARTESIAN_POINT('',(-1.262335266795,8.352530223492E-02,25.));
#2119 = B_SPLINE_CURVE_WITH_KNOTS('',2,(#2120,#2121,#2122),
  .UNSPECIFIED.,.F.,.F.,(3,3),(0.,1.),.PIECEWISE_BEZIER_KNOTS.);
#2120 = CARTESIAN_POINT('',(-0.982030871982,-0.10469515886,25.));
#2121 = CARTESIAN_POINT('',(-1.139406592443,-3.03976084279E-02,25.));
#2122 = CARTESIAN_POINT('',(-1.262335266795,8.352530223492E-02,25.));
#2123 = ORIENTED_EDGE('',*,*,#2124,.T.);
#2124 = EDGE_CURVE('',#2117,#2125,#2127,.T.);
#2125 = VERTEX_POINT('',#2126);
#2126 = CARTESIAN_POINT('',(-1.459336347486,0.363154264771,25.));
#2127 = B_SPLINE_CURVE_WITH_KNOTS('',2,(#2128,#2129,#2130),
  .UNSPECIFIED.,.F.,.F.,(3,3),(0.,1.),.PIECEWISE_BEZIER_KNOTS.);
#2128 = CARTESIAN_POINT('',(-1.262335266795,8.352530223492E-02,25.));
#2129 = CARTESIAN_POINT('',(-1.385038797054,0.197448212898,25.));
#2130 = CARTESIAN_POINT('',(-1.459336347486,0.363154264771,25.));
#2131 = ORIENTED_EDGE('',*,*,#2132,.T.);
#2132 = EDGE_CURVE('',#2125,#2133,#2135,.T.);
#2133 = VERTEX_POINT('',#2134);
#2134 = CARTESIAN_POINT('',(-1.533633897919,0.763460460736,25.));
#2135 = B_SPLINE_CURVE_WITH_KNOTS('',2,(#2136,#2137,#2138),
  .UNSPECIFIED.,.F.,.F.,(3,3),(0.,1.),.PIECEWISE_BEZIER_KNOTS.);
#2136 = CARTESIAN_POINT('',(-1.459336347486,0.363154264771,25.));
#2137 = CARTESIAN_POINT('',(-1.533633897919,0.528860316644,25.));
#2138 = CARTESIAN_POINT('',(-1.533633897919,0.763460460736,25.));
#2139 = ORIENTED_EDGE('',*,*,#2140,.T.);
#2140 = EDGE_CURVE('',#2133,#2141,#2143,.T.);
#2141 = VERTEX_POINT('',#2142);
#2142 = CARTESIAN_POINT('',(-1.447178566507,1.177725590419,25.));
#2143 = B_SPLINE_CURVE_WITH_KNOTS('',2,(#2144,#2145,#2146),
  .UNSPECIFIED.,.F.,.F.,(3,3),(0.,1.),.PIECEWISE_BEZIER_KNOTS.);
#2144 = CARTESIAN_POINT('',(-1.533633897919,0.763460460736,25.));
#2145 = CARTESIAN_POINT('',(-1.533633897919,0.98094965382,25.));
#2146 = CARTESIAN_POINT('',(-1.447178566507,1.177725590419,25.));
#2147 = ORIENTED_EDGE('',*,*,#2148,.T.);
#2148 = EDGE_CURVE('',#2141,#2149,#2151,.T.);
#2149 = VERTEX_POINT('',#2150);
#2150 = CARTESIAN_POINT('',(-1.192990886391,1.521070331053,25.));
#2151 = B_SPLINE_CURVE_WITH_KNOTS('',2,(#2152,#2153,#2154),
  .UNSPECIFIED.,.F.,.F.,(3,3),(0.,1.),.PIECEWISE_BEZIER_KNOTS.);
#2152 = CARTESIAN_POINT('',(-1.447178566507,1.177725590419,25.));
#2153 = CARTESIAN_POINT('',(-1.360723235094,1.374501527019,25.));
#2154 = CARTESIAN_POINT('',(-1.192990886391,1.521070331053,25.));
#2155 = ORIENTED_EDGE('',*,*,#2156,.T.);
#2156 = EDGE_CURVE('',#2149,#2157,#2159,.T.);
#2157 = VERTEX_POINT('',#2158);
#2158 = CARTESIAN_POINT('',(-0.774673163048,1.755895619238,25.));
#2159 = B_SPLINE_CURVE_WITH_KNOTS('',2,(#2160,#2161,#2162),
  .UNSPECIFIED.,.F.,.F.,(3,3),(0.,1.),.PIECEWISE_BEZIER_KNOTS.);
#2160 = CARTESIAN_POINT('',(-1.192990886391,1.521070331053,25.));
#2161 = CARTESIAN_POINT('',(-1.025258537688,1.66786427918,25.));
#2162 = CARTESIAN_POINT('',(-0.774673163048,1.755895619238,25.));
#2163 = ORIENTED_EDGE('',*,*,#2164,.T.);
#2164 = EDGE_CURVE('',#2157,#2165,#2167,.T.);
#2165 = VERTEX_POINT('',#2166);
#2166 = CARTESIAN_POINT('',(-0.195377413769,1.843926959295,25.));
#2167 = B_SPLINE_CURVE_WITH_KNOTS('',2,(#2168,#2169,#2170),
  .UNSPECIFIED.,.F.,.F.,(3,3),(0.,1.),.PIECEWISE_BEZIER_KNOTS.);
#2168 = CARTESIAN_POINT('',(-0.774673163048,1.755895619238,25.));
#2169 = CARTESIAN_POINT('',(-0.523862644316,1.843926959295,25.));
#2170 = CARTESIAN_POINT('',(-0.195377413769,1.843926959295,25.));
#2171 = ORIENTED_EDGE('',*,*,#2172,.T.);
#2172 = EDGE_CURVE('',#2165,#2173,#2175,.T.);
#2173 = VERTEX_POINT('',#2174);
#2174 = CARTESIAN_POINT('',(0.471949675568,1.722799437682,25.));
#2175 = B_SPLINE_CURVE_WITH_KNOTS('',2,(#2176,#2177,#2178),
  .UNSPECIFIED.,.F.,.F.,(3,3),(0.,1.),.PIECEWISE_BEZIER_KNOTS.);
#2176 = CARTESIAN_POINT('',(-0.195377413769,1.843926959295,25.));
#2177 = CARTESIAN_POINT('',(0.171157168364,1.843926959295,25.));
#2178 = CARTESIAN_POINT('',(0.471949675568,1.722799437682,25.));
#2179 = ORIENTED_EDGE('',*,*,#2180,.T.);
#2180 = EDGE_CURVE('',#2173,#1787,#2181,.T.);
#2181 = B_SPLINE_CURVE_WITH_KNOTS('',2,(#2182,#2183,#2184),
  .UNSPECIFIED.,.F.,.F.,(3,3),(0.,1.),.PIECEWISE_BEZIER_KNOTS.);
#2182 = CARTESIAN_POINT('',(0.471949675568,1.722799437682,25.));
#2183 = CARTESIAN_POINT('',(0.772967326865,1.60189706016,25.));
#2184 = CARTESIAN_POINT('',(0.973570713032,1.404670835376,25.));
#2185 = FACE_BOUND('',#2186,.T.);
#2186 = EDGE_LOOP('',(#2187,#2197,#2205,#2213,#2221,#2229,#2237,#2245,
    #2253,#2261,#2269,#2277,#2285,#2293,#2301,#2309,#2317,#2325,#2333,
    #2341,#2349));
#2187 = ORIENTED_EDGE('',*,*,#2188,.T.);
#2188 = EDGE_CURVE('',#2189,#2191,#2193,.T.);
#2189 = VERTEX_POINT('',#2190);
#2190 = CARTESIAN_POINT('',(-6.316369848927,0.201275662465,25.));
#2191 = VERTEX_POINT('',#2192);
#2192 = CARTESIAN_POINT('',(-6.713974315786,0.201275662465,25.));
#2193 = LINE('',#2194,#2195);
#2194 = CARTESIAN_POINT('',(-6.316369848927,0.201275662465,25.));
#2195 = VECTOR('',#2196,1.);
#2196 = DIRECTION('',(-1.,0.,0.));
#2197 = ORIENTED_EDGE('',*,*,#2198,.T.);
#2198 = EDGE_CURVE('',#2191,#2199,#2201,.T.);
#2199 = VERTEX_POINT('',#2200);
#2200 = CARTESIAN_POINT('',(-6.713974315786,-1.751173905258,25.));
#2201 = LINE('',#2202,#2203);
#2202 = CARTESIAN_POINT('',(-6.713974315786,0.201275662465,25.));
#2203 = VECTOR('',#2204,1.);
#2204 = DIRECTION('',(0.,-1.,0.));
#2205 = ORIENTED_EDGE('',*,*,#2206,.T.);
#2206 = EDGE_CURVE('',#2199,#2207,#2209,.T.);
#2207 = VERTEX_POINT('',#2208);
#2208 = CARTESIAN_POINT('',(-7.644269704835,-1.751173905258,25.));
#2209 = LINE('',#2210,#2211);
#2210 = CARTESIAN_POINT('',(-6.713974315786,-1.751173905258,25.));
#2211 = VECTOR('',#2212,1.);
#2212 = DIRECTION('',(-1.,0.,0.));
#2213 = ORIENTED_EDGE('',*,*,#2214,.T.);
#2214 = EDGE_CURVE('',#2207,#2215,#2217,.T.);
#2215 = VERTEX_POINT('',#2216);
#2216 = CARTESIAN_POINT('',(-7.644269704835,3.241621483791,25.));
#2217 = LINE('',#2218,#2219);
#2218 = CARTESIAN_POINT('',(-7.644269704835,-1.751173905258,25.));
#2219 = VECTOR('',#2220,1.);
#2220 = DIRECTION('',(0.,1.,0.));
#2221 = ORIENTED_EDGE('',*,*,#2222,.T.);
#2222 = EDGE_CURVE('',#2215,#2223,#2225,.T.);
#2223 = VERTEX_POINT('',#2224);
#2224 = CARTESIAN_POINT('',(-6.119143624143,3.241621483791,25.));
#2225 = LINE('',#2226,#2227);
#2226 = CARTESIAN_POINT('',(-7.644269704835,3.241621483791,25.));
#2227 = VECTOR('',#2228,1.);
#2228 = DIRECTION('',(1.,0.,0.));
#2229 = ORIENTED_EDGE('',*,*,#2230,.T.);
#2230 = EDGE_CURVE('',#2223,#2231,#2233,.T.);
#2231 = VERTEX_POINT('',#2232);
#2232 = CARTESIAN_POINT('',(-5.242657673135,3.136254048633,25.));
#2233 = B_SPLINE_CURVE_WITH_KNOTS('',2,(#2234,#2235,#2236),
  .UNSPECIFIED.,.F.,.F.,(3,3),(0.,1.),.PIECEWISE_BEZIER_KNOTS.);
#2234 = CARTESIAN_POINT('',(-6.119143624143,3.241621483791,25.));
#2235 = CARTESIAN_POINT('',(-5.60739110253,3.241621483791,25.));
#2236 = CARTESIAN_POINT('',(-5.242657673135,3.136254048633,25.));
#2237 = ORIENTED_EDGE('',*,*,#2238,.T.);
#2238 = EDGE_CURVE('',#2231,#2239,#2241,.T.);
#2239 = VERTEX_POINT('',#2240);
#2240 = CARTESIAN_POINT('',(-4.644449820109,2.840864999641,25.));
#2241 = B_SPLINE_CURVE_WITH_KNOTS('',2,(#2242,#2243,#2244),
  .UNSPECIFIED.,.F.,.F.,(3,3),(0.,1.),.PIECEWISE_BEZIER_KNOTS.);
#2242 = CARTESIAN_POINT('',(-5.242657673135,3.136254048633,25.));
#2243 = CARTESIAN_POINT('',(-4.877699099648,3.030886613474,25.));
#2244 = CARTESIAN_POINT('',(-4.644449820109,2.840864999641,25.));
#2245 = ORIENTED_EDGE('',*,*,#2246,.T.);
#2246 = EDGE_CURVE('',#2239,#2247,#2249,.T.);
#2247 = VERTEX_POINT('',#2248);
#2248 = CARTESIAN_POINT('',(-4.302005655844,2.386749365635,25.));
#2249 = B_SPLINE_CURVE_WITH_KNOTS('',2,(#2250,#2251,#2252),
  .UNSPECIFIED.,.F.,.F.,(3,3),(0.,1.),.PIECEWISE_BEZIER_KNOTS.);
#2250 = CARTESIAN_POINT('',(-4.644449820109,2.840864999641,25.));
#2251 = CARTESIAN_POINT('',(-4.410975396478,2.651068529901,25.));
#2252 = CARTESIAN_POINT('',(-4.302005655844,2.386749365635,25.));
#2253 = ORIENTED_EDGE('',*,*,#2254,.T.);
#2254 = EDGE_CURVE('',#2247,#2255,#2257,.T.);
#2255 = VERTEX_POINT('',#2256);
#2256 = CARTESIAN_POINT('',(-4.19303591521,1.804751887249,25.));
#2257 = B_SPLINE_CURVE_WITH_KNOTS('',2,(#2258,#2259,#2260),
  .UNSPECIFIED.,.F.,.F.,(3,3),(0.,1.),.PIECEWISE_BEZIER_KNOTS.);
#2258 = CARTESIAN_POINT('',(-4.302005655844,2.386749365635,25.));
#2259 = CARTESIAN_POINT('',(-4.19303591521,2.122655345463,25.));
#2260 = CARTESIAN_POINT('',(-4.19303591521,1.804751887249,25.));
#2261 = ORIENTED_EDGE('',*,*,#2262,.T.);
#2262 = EDGE_CURVE('',#2255,#2263,#2265,.T.);
#2263 = VERTEX_POINT('',#2264);
#2264 = CARTESIAN_POINT('',(-4.267333465642,1.328121844022,25.));
#2265 = B_SPLINE_CURVE_WITH_KNOTS('',2,(#2266,#2267,#2268),
  .UNSPECIFIED.,.F.,.F.,(3,3),(0.,1.),.PIECEWISE_BEZIER_KNOTS.);
#2266 = CARTESIAN_POINT('',(-4.19303591521,1.804751887249,25.));
#2267 = CARTESIAN_POINT('',(-4.19303591521,1.552815648056,25.));
#2268 = CARTESIAN_POINT('',(-4.267333465642,1.328121844022,25.));
#2269 = ORIENTED_EDGE('',*,*,#2270,.T.);
#2270 = EDGE_CURVE('',#2263,#2271,#2273,.T.);
#2271 = VERTEX_POINT('',#2272);
#2272 = CARTESIAN_POINT('',(-4.481895785527,0.920611037105,25.));
#2273 = B_SPLINE_CURVE_WITH_KNOTS('',2,(#2274,#2275,#2276),
  .UNSPECIFIED.,.F.,.F.,(3,3),(0.,1.),.PIECEWISE_BEZIER_KNOTS.);
#2274 = CARTESIAN_POINT('',(-4.267333465642,1.328121844022,25.));
#2275 = CARTESIAN_POINT('',(-4.341631016074,1.103653184079,25.));
#2276 = CARTESIAN_POINT('',(-4.481895785527,0.920611037105,25.));
#2277 = ORIENTED_EDGE('',*,*,#2278,.T.);
#2278 = EDGE_CURVE('',#2271,#2279,#2281,.T.);
#2279 = VERTEX_POINT('',#2280);
#2280 = CARTESIAN_POINT('',(-4.827717111175,0.599330417509,25.));
#2281 = B_SPLINE_CURVE_WITH_KNOTS('',2,(#2282,#2283,#2284),
  .UNSPECIFIED.,.F.,.F.,(3,3),(0.,1.),.PIECEWISE_BEZIER_KNOTS.);
#2282 = CARTESIAN_POINT('',(-4.481895785527,0.920611037105,25.));
#2283 = CARTESIAN_POINT('',(-4.621935410887,0.737568890131,25.));
#2284 = CARTESIAN_POINT('',(-4.827717111175,0.599330417509,25.));
#2285 = ORIENTED_EDGE('',*,*,#2286,.T.);
#2286 = EDGE_CURVE('',#2279,#2287,#2289,.T.);
#2287 = VERTEX_POINT('',#2288);
#2288 = CARTESIAN_POINT('',(-5.296241967083,0.378464063042,25.));
#2289 = B_SPLINE_CURVE_WITH_KNOTS('',2,(#2290,#2291,#2292),
  .UNSPECIFIED.,.F.,.F.,(3,3),(0.,1.),.PIECEWISE_BEZIER_KNOTS.);
#2290 = CARTESIAN_POINT('',(-4.827717111175,0.599330417509,25.));
#2291 = CARTESIAN_POINT('',(-5.033273667371,0.461317088978,25.));
#2292 = CARTESIAN_POINT('',(-5.296241967083,0.378464063042,25.));
#2293 = ORIENTED_EDGE('',*,*,#2294,.T.);
#2294 = EDGE_CURVE('',#2287,#2295,#2297,.T.);
#2295 = VERTEX_POINT('',#2296);
#2296 = CARTESIAN_POINT('',(-4.991847154403,9.208077773924E-02,25.));
#2297 = B_SPLINE_CURVE_WITH_KNOTS('',2,(#2298,#2299,#2300),
  .UNSPECIFIED.,.F.,.F.,(3,3),(0.,1.),.PIECEWISE_BEZIER_KNOTS.);
#2298 = CARTESIAN_POINT('',(-5.296241967083,0.378464063042,25.));
#2299 = CARTESIAN_POINT('',(-5.119728998783,0.278274942004,25.));
#2300 = CARTESIAN_POINT('',(-4.991847154403,9.208077773924E-02,25.));
#2301 = ORIENTED_EDGE('',*,*,#2302,.T.);
#2302 = EDGE_CURVE('',#2295,#2303,#2305,.T.);
#2303 = VERTEX_POINT('',#2304);
#2304 = CARTESIAN_POINT('',(-3.740046001665,-1.751173905258,25.));
#2305 = LINE('',#2306,#2307);
#2306 = CARTESIAN_POINT('',(-4.991847154403,9.208077773924E-02,25.));
#2307 = VECTOR('',#2308,1.);
#2308 = DIRECTION('',(0.561815193865,-0.827262768377,0.));
#2309 = ORIENTED_EDGE('',*,*,#2310,.T.);
#2310 = EDGE_CURVE('',#2303,#2311,#2313,.T.);
#2311 = VERTEX_POINT('',#2312);
#2312 = CARTESIAN_POINT('',(-4.576906592443,-1.751173905258,25.));
#2313 = LINE('',#2314,#2315);
#2314 = CARTESIAN_POINT('',(-3.740046001665,-1.751173905258,25.));
#2315 = VECTOR('',#2316,1.);
#2316 = DIRECTION('',(-1.,0.,0.));
#2317 = ORIENTED_EDGE('',*,*,#2318,.T.);
#2318 = EDGE_CURVE('',#2311,#2319,#2321,.T.);
#2319 = VERTEX_POINT('',#2320);
#2320 = CARTESIAN_POINT('',(-4.782688292731,-1.702767925431,25.));
#2321 = B_SPLINE_CURVE_WITH_KNOTS('',2,(#2322,#2323,#2324),
  .UNSPECIFIED.,.F.,.F.,(3,3),(0.,1.),.PIECEWISE_BEZIER_KNOTS.);
#2322 = CARTESIAN_POINT('',(-4.576906592443,-1.751173905258,25.));
#2323 = CARTESIAN_POINT('',(-4.697808969965,-1.751173905258,25.));
#2324 = CARTESIAN_POINT('',(-4.782688292731,-1.702767925431,25.));
#2325 = ORIENTED_EDGE('',*,*,#2326,.T.);
#2326 = EDGE_CURVE('',#2319,#2327,#2329,.T.);
#2327 = VERTEX_POINT('',#2328);
#2328 = CARTESIAN_POINT('',(-4.926105079475,-1.564529452808,25.));
#2329 = B_SPLINE_CURVE_WITH_KNOTS('',2,(#2330,#2331,#2332),
  .UNSPECIFIED.,.F.,.F.,(3,3),(0.,1.),.PIECEWISE_BEZIER_KNOTS.);
#2330 = CARTESIAN_POINT('',(-4.782688292731,-1.702767925431,25.));
#2331 = CARTESIAN_POINT('',(-4.867342471406,-1.654361945604,25.));
#2332 = CARTESIAN_POINT('',(-4.926105079475,-1.564529452808,25.));
#2333 = ORIENTED_EDGE('',*,*,#2334,.T.);
#2334 = EDGE_CURVE('',#2327,#2335,#2337,.T.);
#2335 = VERTEX_POINT('',#2336);
#2336 = CARTESIAN_POINT('',(-5.977527990138,3.534446650005E-02,25.));
#2337 = LINE('',#2338,#2339);
#2338 = CARTESIAN_POINT('',(-4.926105079475,-1.564529452808,25.));
#2339 = VECTOR('',#2340,1.);
#2340 = DIRECTION('',(-0.549206046704,0.83568697385,0.));
#2341 = ORIENTED_EDGE('',*,*,#2342,.T.);
#2342 = EDGE_CURVE('',#2335,#2343,#2345,.T.);
#2343 = VERTEX_POINT('',#2344);
#2344 = CARTESIAN_POINT('',(-6.107210987256,0.16322631088,25.));
#2345 = B_SPLINE_CURVE_WITH_KNOTS('',2,(#2346,#2347,#2348),
  .UNSPECIFIED.,.F.,.F.,(3,3),(0.,1.),.PIECEWISE_BEZIER_KNOTS.);
#2346 = CARTESIAN_POINT('',(-5.977527990138,3.534446650005E-02,25.));
#2347 = CARTESIAN_POINT('',(-6.036290598207,0.125176959295,25.));
#2348 = CARTESIAN_POINT('',(-6.107210987256,0.16322631088,25.));
#2349 = ORIENTED_EDGE('',*,*,#2350,.T.);
#2350 = EDGE_CURVE('',#2343,#2189,#2351,.T.);
#2351 = B_SPLINE_CURVE_WITH_KNOTS('',2,(#2352,#2353,#2354),
  .UNSPECIFIED.,.F.,.F.,(3,3),(0.,1.),.PIECEWISE_BEZIER_KNOTS.);
#2352 = CARTESIAN_POINT('',(-6.107210987256,0.16322631088,25.));
#2353 = CARTESIAN_POINT('',(-6.178131376305,0.201275662465,25.));
#2354 = CARTESIAN_POINT('',(-6.316369848927,0.201275662465,25.));
#2355 = FACE_BOUND('',#2356,.T.);
#2356 = EDGE_LOOP('',(#2357,#2367,#2375,#2383,#2391,#2399,#2407,#2415,
    #2423,#2431,#2439,#2447,#2455,#2463,#2471,#2479));
#2357 = ORIENTED_EDGE('',*,*,#2358,.T.);
#2358 = EDGE_CURVE('',#2359,#2361,#2363,.T.);
#2359 = VERTEX_POINT('',#2360);
#2360 = CARTESIAN_POINT('',(-2.206814733654,3.039892377163,25.));
#2361 = VERTEX_POINT('',#2362);
#2362 = CARTESIAN_POINT('',(-2.16178591521,2.825780345463,25.));
#2363 = B_SPLINE_CURVE_WITH_KNOTS('',2,(#2364,#2365,#2366),
  .UNSPECIFIED.,.F.,.F.,(3,3),(0.,1.),.PIECEWISE_BEZIER_KNOTS.);
#2364 = CARTESIAN_POINT('',(-2.206814733654,3.039892377163,25.));
#2365 = CARTESIAN_POINT('',(-2.16178591521,2.939703256125,25.));
#2366 = CARTESIAN_POINT('',(-2.16178591521,2.825780345463,25.));
#2367 = ORIENTED_EDGE('',*,*,#2368,.T.);
#2368 = EDGE_CURVE('',#2361,#2369,#2371,.T.);
#2369 = VERTEX_POINT('',#2370);
#2370 = CARTESIAN_POINT('',(-2.206814733654,2.618422636529,25.));
#2371 = B_SPLINE_CURVE_WITH_KNOTS('',2,(#2372,#2373,#2374),
  .UNSPECIFIED.,.F.,.F.,(3,3),(0.,1.),.PIECEWISE_BEZIER_KNOTS.);
#2372 = CARTESIAN_POINT('',(-2.16178591521,2.825780345463,25.));
#2373 = CARTESIAN_POINT('',(-2.16178591521,2.715234596183,25.));
#2374 = CARTESIAN_POINT('',(-2.206814733654,2.618422636529,25.));
#2375 = ORIENTED_EDGE('',*,*,#2376,.T.);
#2376 = EDGE_CURVE('',#2369,#2377,#2379,.T.);
#2377 = VERTEX_POINT('',#2378);
#2378 = CARTESIAN_POINT('',(-2.32614110253,2.449339423272,25.));
#2379 = B_SPLINE_CURVE_WITH_KNOTS('',2,(#2380,#2381,#2382),
  .UNSPECIFIED.,.F.,.F.,(3,3),(0.,1.),.PIECEWISE_BEZIER_KNOTS.);
#2380 = CARTESIAN_POINT('',(-2.206814733654,2.618422636529,25.));
#2381 = CARTESIAN_POINT('',(-2.251843552097,2.521835820967,25.));
#2382 = CARTESIAN_POINT('',(-2.32614110253,2.449339423272,25.));
#2383 = ORIENTED_EDGE('',*,*,#2384,.T.);
#2384 = EDGE_CURVE('',#2377,#2385,#2387,.T.);
#2385 = VERTEX_POINT('',#2386);
#2386 = CARTESIAN_POINT('',(-2.500852918092,2.333615359872,25.));
#2387 = B_SPLINE_CURVE_WITH_KNOTS('',2,(#2388,#2389,#2390),
  .UNSPECIFIED.,.F.,.F.,(3,3),(0.,1.),.PIECEWISE_BEZIER_KNOTS.);
#2388 = CARTESIAN_POINT('',(-2.32614110253,2.449339423272,25.));
#2389 = CARTESIAN_POINT('',(-2.400438652962,2.376843025578,25.));
#2390 = CARTESIAN_POINT('',(-2.500852918092,2.333615359872,25.));
#2391 = ORIENTED_EDGE('',*,*,#2392,.T.);
#2392 = EDGE_CURVE('',#2385,#2393,#2395,.T.);
#2393 = VERTEX_POINT('',#2394);
#2394 = CARTESIAN_POINT('',(-2.715190093884,2.290612838258,25.));
#2395 = B_SPLINE_CURVE_WITH_KNOTS('',2,(#2396,#2397,#2398),
  .UNSPECIFIED.,.F.,.F.,(3,3),(0.,1.),.PIECEWISE_BEZIER_KNOTS.);
#2396 = CARTESIAN_POINT('',(-2.500852918092,2.333615359872,25.));
#2397 = CARTESIAN_POINT('',(-2.601042039129,2.290612838258,25.));
#2398 = CARTESIAN_POINT('',(-2.715190093884,2.290612838258,25.));
#2399 = ORIENTED_EDGE('',*,*,#2400,.T.);
#2400 = EDGE_CURVE('',#2393,#2401,#2403,.T.);
#2401 = VERTEX_POINT('',#2402);
#2402 = CARTESIAN_POINT('',(-2.924574099648,2.333615359872,25.));
#2403 = B_SPLINE_CURVE_WITH_KNOTS('',2,(#2404,#2405,#2406),
  .UNSPECIFIED.,.F.,.F.,(3,3),(0.,1.),.PIECEWISE_BEZIER_KNOTS.);
#2404 = CARTESIAN_POINT('',(-2.715190093884,2.290612838258,25.));
#2405 = CARTESIAN_POINT('',(-2.825960987256,2.290612838258,25.));
#2406 = CARTESIAN_POINT('',(-2.924574099648,2.333615359872,25.));
#2407 = ORIENTED_EDGE('',*,*,#2408,.T.);
#2408 = EDGE_CURVE('',#2401,#2409,#2411,.T.);
#2409 = VERTEX_POINT('',#2410);
#2410 = CARTESIAN_POINT('',(-3.095683609734,2.449339423272,25.));
#2411 = B_SPLINE_CURVE_WITH_KNOTS('',2,(#2412,#2413,#2414),
  .UNSPECIFIED.,.F.,.F.,(3,3),(0.,1.),.PIECEWISE_BEZIER_KNOTS.);
#2412 = CARTESIAN_POINT('',(-2.924574099648,2.333615359872,25.));
#2413 = CARTESIAN_POINT('',(-3.022962067947,2.376843025578,25.));
#2414 = CARTESIAN_POINT('',(-3.095683609734,2.449339423272,25.));
#2415 = ORIENTED_EDGE('',*,*,#2416,.T.);
#2416 = EDGE_CURVE('',#2409,#2417,#2419,.T.);
#2417 = VERTEX_POINT('',#2418);
#2418 = CARTESIAN_POINT('',(-3.211407673135,2.618422636529,25.));
#2419 = B_SPLINE_CURVE_WITH_KNOTS('',2,(#2420,#2421,#2422),
  .UNSPECIFIED.,.F.,.F.,(3,3),(0.,1.),.PIECEWISE_BEZIER_KNOTS.);
#2420 = CARTESIAN_POINT('',(-3.095683609734,2.449339423272,25.));
#2421 = CARTESIAN_POINT('',(-3.168180007429,2.521835820967,25.));
#2422 = CARTESIAN_POINT('',(-3.211407673135,2.618422636529,25.));
#2423 = ORIENTED_EDGE('',*,*,#2424,.T.);
#2424 = EDGE_CURVE('',#2417,#2425,#2427,.T.);
#2425 = VERTEX_POINT('',#2426);
#2426 = CARTESIAN_POINT('',(-3.254635338841,2.825780345463,25.));
#2427 = B_SPLINE_CURVE_WITH_KNOTS('',2,(#2428,#2429,#2430),
  .UNSPECIFIED.,.F.,.F.,(3,3),(0.,1.),.PIECEWISE_BEZIER_KNOTS.);
#2428 = CARTESIAN_POINT('',(-3.211407673135,2.618422636529,25.));
#2429 = CARTESIAN_POINT('',(-3.254635338841,2.715234596183,25.));
#2430 = CARTESIAN_POINT('',(-3.254635338841,2.825780345463,25.));
#2431 = ORIENTED_EDGE('',*,*,#2432,.T.);
#2432 = EDGE_CURVE('',#2425,#2433,#2435,.T.);
#2433 = VERTEX_POINT('',#2434);
#2434 = CARTESIAN_POINT('',(-3.211407673135,3.039892377163,25.));
#2435 = B_SPLINE_CURVE_WITH_KNOTS('',2,(#2436,#2437,#2438),
  .UNSPECIFIED.,.F.,.F.,(3,3),(0.,1.),.PIECEWISE_BEZIER_KNOTS.);
#2436 = CARTESIAN_POINT('',(-3.254635338841,2.825780345463,25.));
#2437 = CARTESIAN_POINT('',(-3.254635338841,2.939703256125,25.));
#2438 = CARTESIAN_POINT('',(-3.211407673135,3.039892377163,25.));
#2439 = ORIENTED_EDGE('',*,*,#2440,.T.);
#2440 = EDGE_CURVE('',#2433,#2441,#2443,.T.);
#2441 = VERTEX_POINT('',#2442);
#2442 = CARTESIAN_POINT('',(-3.095683609734,3.212577895895,25.));
#2443 = B_SPLINE_CURVE_WITH_KNOTS('',2,(#2444,#2445,#2446),
  .UNSPECIFIED.,.F.,.F.,(3,3),(0.,1.),.PIECEWISE_BEZIER_KNOTS.);
#2444 = CARTESIAN_POINT('',(-3.211407673135,3.039892377163,25.));
#2445 = CARTESIAN_POINT('',(-3.168180007429,3.1400814982,25.));
#2446 = CARTESIAN_POINT('',(-3.095683609734,3.212577895895,25.));
#2447 = ORIENTED_EDGE('',*,*,#2448,.T.);
#2448 = EDGE_CURVE('',#2441,#2449,#2451,.T.);
#2449 = VERTEX_POINT('',#2450);
#2450 = CARTESIAN_POINT('',(-2.924574099648,3.328076815203,25.));
#2451 = B_SPLINE_CURVE_WITH_KNOTS('',2,(#2452,#2453,#2454),
  .UNSPECIFIED.,.F.,.F.,(3,3),(0.,1.),.PIECEWISE_BEZIER_KNOTS.);
#2452 = CARTESIAN_POINT('',(-3.095683609734,3.212577895895,25.));
#2453 = CARTESIAN_POINT('',(-3.022962067947,3.285074293589,25.));
#2454 = CARTESIAN_POINT('',(-2.924574099648,3.328076815203,25.));
#2455 = ORIENTED_EDGE('',*,*,#2456,.T.);
#2456 = EDGE_CURVE('',#2449,#2457,#2459,.T.);
#2457 = VERTEX_POINT('',#2458);
#2458 = CARTESIAN_POINT('',(-2.715190093884,3.371304480909,25.));
#2459 = B_SPLINE_CURVE_WITH_KNOTS('',2,(#2460,#2461,#2462),
  .UNSPECIFIED.,.F.,.F.,(3,3),(0.,1.),.PIECEWISE_BEZIER_KNOTS.);
#2460 = CARTESIAN_POINT('',(-2.924574099648,3.328076815203,25.));
#2461 = CARTESIAN_POINT('',(-2.825960987256,3.371304480909,25.));
#2462 = CARTESIAN_POINT('',(-2.715190093884,3.371304480909,25.));
#2463 = ORIENTED_EDGE('',*,*,#2464,.T.);
#2464 = EDGE_CURVE('',#2457,#2465,#2467,.T.);
#2465 = VERTEX_POINT('',#2466);
#2466 = CARTESIAN_POINT('',(-2.500852918092,3.328076815203,25.));
#2467 = B_SPLINE_CURVE_WITH_KNOTS('',2,(#2468,#2469,#2470),
  .UNSPECIFIED.,.F.,.F.,(3,3),(0.,1.),.PIECEWISE_BEZIER_KNOTS.);
#2468 = CARTESIAN_POINT('',(-2.715190093884,3.371304480909,25.));
#2469 = CARTESIAN_POINT('',(-2.601042039129,3.371304480909,25.));
#2470 = CARTESIAN_POINT('',(-2.500852918092,3.328076815203,25.));
#2471 = ORIENTED_EDGE('',*,*,#2472,.T.);
#2472 = EDGE_CURVE('',#2465,#2473,#2475,.T.);
#2473 = VERTEX_POINT('',#2474);
#2474 = CARTESIAN_POINT('',(-2.32614110253,3.212577895895,25.));
#2475 = B_SPLINE_CURVE_WITH_KNOTS('',2,(#2476,#2477,#2478),
  .UNSPECIFIED.,.F.,.F.,(3,3),(0.,1.),.PIECEWISE_BEZIER_KNOTS.);
#2476 = CARTESIAN_POINT('',(-2.500852918092,3.328076815203,25.));
#2477 = CARTESIAN_POINT('',(-2.400438652962,3.285074293589,25.));
#2478 = CARTESIAN_POINT('',(-2.32614110253,3.212577895895,25.));
#2479 = ORIENTED_EDGE('',*,*,#2480,.T.);
#2480 = EDGE_CURVE('',#2473,#2359,#2481,.T.);
#2481 = B_SPLINE_CURVE_WITH_KNOTS('',2,(#2482,#2483,#2484),
  .UNSPECIFIED.,.F.,.F.,(3,3),(0.,1.),.PIECEWISE_BEZIER_KNOTS.);
#2482 = CARTESIAN_POINT('',(-2.32614110253,3.212577895895,25.));
#2483 = CARTESIAN_POINT('',(-2.251843552097,3.1400814982,25.));
#2484 = CARTESIAN_POINT('',(-2.206814733654,3.039892377163,25.));
#2485 = FACE_BOUND('',#2486,.T.);
#2486 = EDGE_LOOP('',(#2487,#2497,#2505,#2513,#2521,#2529,#2537,#2545,
    #2553,#2561,#2569,#2577,#2585,#2593,#2601,#2609,#2617,#2625,#2633,
    #2641,#2649,#2657,#2665,#2673,#2681,#2689,#2697,#2705,#2713,#2721));
#2487 = ORIENTED_EDGE('',*,*,#2488,.T.);
#2488 = EDGE_CURVE('',#2489,#2491,#2493,.T.);
#2489 = VERTEX_POINT('',#2490);
#2490 = CARTESIAN_POINT('',(6.385584401793,1.691504408863,25.));
#2491 = VERTEX_POINT('',#2492);
#2492 = CARTESIAN_POINT('',(7.099741462312,1.829517737393,25.));
#2493 = B_SPLINE_CURVE_WITH_KNOTS('',2,(#2494,#2495,#2496),
  .UNSPECIFIED.,.F.,.F.,(3,3),(0.,1.),.PIECEWISE_BEZIER_KNOTS.);
#2494 = CARTESIAN_POINT('',(6.385584401793,1.691504408863,25.));
#2495 = CARTESIAN_POINT('',(6.702136995453,1.829517737393,25.));
#2496 = CARTESIAN_POINT('',(7.099741462312,1.829517737393,25.));
#2497 = ORIENTED_EDGE('',*,*,#2498,.T.);
#2498 = EDGE_CURVE('',#2491,#2499,#2501,.T.);
#2499 = VERTEX_POINT('',#2500);
#2500 = CARTESIAN_POINT('',(7.717086563176,1.722574293589,25.));
#2501 = B_SPLINE_CURVE_WITH_KNOTS('',2,(#2502,#2503,#2504),
  .UNSPECIFIED.,.F.,.F.,(3,3),(0.,1.),.PIECEWISE_BEZIER_KNOTS.);
#2502 = CARTESIAN_POINT('',(7.099741462312,1.829517737393,25.));
#2503 = CARTESIAN_POINT('',(7.435206159718,1.829517737393,25.));
#2504 = CARTESIAN_POINT('',(7.717086563176,1.722574293589,25.));
#2505 = ORIENTED_EDGE('',*,*,#2506,.T.);
#2506 = EDGE_CURVE('',#2499,#2507,#2509,.T.);
#2507 = VERTEX_POINT('',#2508);
#2508 = CARTESIAN_POINT('',(8.202947514185,1.410524581774,25.));
#2509 = B_SPLINE_CURVE_WITH_KNOTS('',2,(#2510,#2511,#2512),
  .UNSPECIFIED.,.F.,.F.,(3,3),(0.,1.),.PIECEWISE_BEZIER_KNOTS.);
#2510 = CARTESIAN_POINT('',(7.717086563176,1.722574293589,25.));
#2511 = CARTESIAN_POINT('',(7.998966966635,1.615855993878,25.));
#2512 = CARTESIAN_POINT('',(8.202947514185,1.410524581774,25.));
#2513 = ORIENTED_EDGE('',*,*,#2514,.T.);
#2514 = EDGE_CURVE('',#2507,#2515,#2517,.T.);
#2515 = VERTEX_POINT('',#2516);
#2516 = CARTESIAN_POINT('',(8.521076116491,0.907102391572,25.));
#2517 = B_SPLINE_CURVE_WITH_KNOTS('',2,(#2518,#2519,#2520),
  .UNSPECIFIED.,.F.,.F.,(3,3),(0.,1.),.PIECEWISE_BEZIER_KNOTS.);
#2518 = CARTESIAN_POINT('',(8.202947514185,1.410524581774,25.));
#2519 = CARTESIAN_POINT('',(8.406928061736,1.205418313762,25.));
#2520 = CARTESIAN_POINT('',(8.521076116491,0.907102391572,25.));
#2521 = ORIENTED_EDGE('',*,*,#2522,.T.);
#2522 = EDGE_CURVE('',#2515,#2523,#2525,.T.);
#2523 = VERTEX_POINT('',#2524);
#2524 = CARTESIAN_POINT('',(8.635224171246,0.226266656702,25.));
#2525 = B_SPLINE_CURVE_WITH_KNOTS('',2,(#2526,#2527,#2528),
  .UNSPECIFIED.,.F.,.F.,(3,3),(0.,1.),.PIECEWISE_BEZIER_KNOTS.);
#2526 = CARTESIAN_POINT('',(8.521076116491,0.907102391572,25.));
#2527 = CARTESIAN_POINT('',(8.635224171246,0.609011613474,25.));
#2528 = CARTESIAN_POINT('',(8.635224171246,0.226266656702,25.));
#2529 = ORIENTED_EDGE('',*,*,#2530,.T.);
#2530 = EDGE_CURVE('',#2523,#2531,#2533,.T.);
#2531 = VERTEX_POINT('',#2532);
#2532 = CARTESIAN_POINT('',(8.626443551649,6.573891894962E-02,25.));
#2533 = B_SPLINE_CURVE_WITH_KNOTS('',2,(#2534,#2535,#2536),
  .UNSPECIFIED.,.F.,.F.,(3,3),(0.,1.),.PIECEWISE_BEZIER_KNOTS.);
#2534 = CARTESIAN_POINT('',(8.635224171246,0.226266656702,25.));
#2535 = CARTESIAN_POINT('',(8.635224171246,0.12967984114,25.));
#2536 = CARTESIAN_POINT('',(8.626443551649,6.573891894962E-02,25.));
#2537 = ORIENTED_EDGE('',*,*,#2538,.T.);
#2538 = EDGE_CURVE('',#2531,#2539,#2541,.T.);
#2539 = VERTEX_POINT('',#2540);
#2540 = CARTESIAN_POINT('',(8.595373666923,-3.422505799563E-02,25.));
#2541 = B_SPLINE_CURVE_WITH_KNOTS('',2,(#2542,#2543,#2544),
  .UNSPECIFIED.,.F.,.F.,(3,3),(0.,1.),.PIECEWISE_BEZIER_KNOTS.);
#2542 = CARTESIAN_POINT('',(8.626443551649,6.573891894962E-02,25.));
#2543 = CARTESIAN_POINT('',(8.617888076145,2.023140851636E-03,25.));
#2544 = CARTESIAN_POINT('',(8.595373666923,-3.422505799563E-02,25.));
#2545 = ORIENTED_EDGE('',*,*,#2546,.T.);
#2546 = EDGE_CURVE('',#2539,#2547,#2549,.T.);
#2547 = VERTEX_POINT('',#2548);
#2548 = CARTESIAN_POINT('',(8.535035050208,-8.578305511378E-02,25.));
#2549 = B_SPLINE_CURVE_WITH_KNOTS('',2,(#2550,#2551,#2552),
  .UNSPECIFIED.,.F.,.F.,(3,3),(0.,1.),.PIECEWISE_BEZIER_KNOTS.);
#2550 = CARTESIAN_POINT('',(8.595373666923,-3.422505799563E-02,25.));
#2551 = CARTESIAN_POINT('',(8.573084401793,-7.024811275067E-02,25.));
#2552 = CARTESIAN_POINT('',(8.535035050208,-8.578305511378E-02,25.));
#2553 = ORIENTED_EDGE('',*,*,#2554,.T.);
#2554 = EDGE_CURVE('',#2547,#2555,#2557,.T.);
#2555 = VERTEX_POINT('',#2556);
#2556 = CARTESIAN_POINT('',(8.437997946462,-0.101317997477,25.));
#2557 = B_SPLINE_CURVE_WITH_KNOTS('',2,(#2558,#2559,#2560),
  .UNSPECIFIED.,.F.,.F.,(3,3),(0.,1.),.PIECEWISE_BEZIER_KNOTS.);
#2558 = CARTESIAN_POINT('',(8.535035050208,-8.578305511378E-02,25.));
#2559 = CARTESIAN_POINT('',(8.496985698623,-0.101317997477,25.));
#2560 = CARTESIAN_POINT('',(8.437997946462,-0.101317997477,25.));
#2561 = ORIENTED_EDGE('',*,*,#2562,.T.);
#2562 = EDGE_CURVE('',#2555,#2563,#2565,.T.);
#2563 = VERTEX_POINT('',#2564);
#2564 = CARTESIAN_POINT('',(6.245544776433,-0.101317997477,25.));
#2565 = LINE('',#2566,#2567);
#2566 = CARTESIAN_POINT('',(8.437997946462,-0.101317997477,25.));
#2567 = VECTOR('',#2568,1.);
#2568 = DIRECTION('',(-1.,0.,0.));
#2569 = ORIENTED_EDGE('',*,*,#2570,.T.);
#2570 = EDGE_CURVE('',#2563,#2571,#2573,.T.);
#2571 = VERTEX_POINT('',#2572);
#2572 = CARTESIAN_POINT('',(6.539357816779,-0.905982983068,25.));
#2573 = B_SPLINE_CURVE_WITH_KNOTS('',2,(#2574,#2575,#2576),
  .UNSPECIFIED.,.F.,.F.,(3,3),(0.,1.),.PIECEWISE_BEZIER_KNOTS.);
#2574 = CARTESIAN_POINT('',(6.245544776433,-0.101317997477,25.));
#2575 = CARTESIAN_POINT('',(6.283594128018,-0.649318717938,25.));
#2576 = CARTESIAN_POINT('',(6.539357816779,-0.905982983068,25.));
#2577 = ORIENTED_EDGE('',*,*,#2578,.T.);
#2578 = EDGE_CURVE('',#2571,#2579,#2581,.T.);
#2579 = VERTEX_POINT('',#2580);
#2580 = CARTESIAN_POINT('',(7.21726667845,-1.162422104105,25.));
#2581 = B_SPLINE_CURVE_WITH_KNOTS('',2,(#2582,#2583,#2584),
  .UNSPECIFIED.,.F.,.F.,(3,3),(0.,1.),.PIECEWISE_BEZIER_KNOTS.);
#2582 = CARTESIAN_POINT('',(6.539357816779,-0.905982983068,25.));
#2583 = CARTESIAN_POINT('',(6.795346649632,-1.162422104105,25.));
#2584 = CARTESIAN_POINT('',(7.21726667845,-1.162422104105,25.));
#2585 = ORIENTED_EDGE('',*,*,#2586,.T.);
#2586 = EDGE_CURVE('',#2579,#2587,#2589,.T.);
#2587 = VERTEX_POINT('',#2588);
#2588 = CARTESIAN_POINT('',(7.575245785078,-1.114016124278,25.));
#2589 = B_SPLINE_CURVE_WITH_KNOTS('',2,(#2590,#2591,#2592),
  .UNSPECIFIED.,.F.,.F.,(3,3),(0.,1.),.PIECEWISE_BEZIER_KNOTS.);
#2590 = CARTESIAN_POINT('',(7.21726667845,-1.162422104105,25.));
#2591 = CARTESIAN_POINT('',(7.424849531476,-1.162422104105,25.));
#2592 = CARTESIAN_POINT('',(7.575245785078,-1.114016124278,25.));
#2593 = ORIENTED_EDGE('',*,*,#2594,.T.);
#2594 = EDGE_CURVE('',#2587,#2595,#2597,.T.);
#2595 = VERTEX_POINT('',#2596);
#2596 = CARTESIAN_POINT('',(7.837988940698,-1.006397248197,25.));
#2597 = B_SPLINE_CURVE_WITH_KNOTS('',2,(#2598,#2599,#2600),
  .UNSPECIFIED.,.F.,.F.,(3,3),(0.,1.),.PIECEWISE_BEZIER_KNOTS.);
#2598 = CARTESIAN_POINT('',(7.575245785078,-1.114016124278,25.));
#2599 = CARTESIAN_POINT('',(7.725642038681,-1.065385000359,25.));
#2600 = CARTESIAN_POINT('',(7.837988940698,-1.006397248197,25.));
#2601 = ORIENTED_EDGE('',*,*,#2602,.T.);
#2602 = EDGE_CURVE('',#2595,#2603,#2605,.T.);
#2603 = VERTEX_POINT('',#2604);
#2604 = CARTESIAN_POINT('',(8.035215165482,-0.899003516209,25.));
#2605 = B_SPLINE_CURVE_WITH_KNOTS('',2,(#2606,#2607,#2608),
  .UNSPECIFIED.,.F.,.F.,(3,3),(0.,1.),.PIECEWISE_BEZIER_KNOTS.);
#2606 = CARTESIAN_POINT('',(7.837988940698,-1.006397248197,25.));
#2607 = CARTESIAN_POINT('',(7.950560986808,-0.947409496036,25.));
#2608 = CARTESIAN_POINT('',(8.035215165482,-0.899003516209,25.));
#2609 = ORIENTED_EDGE('',*,*,#2610,.T.);
#2610 = EDGE_CURVE('',#2603,#2611,#2613,.T.);
#2611 = VERTEX_POINT('',#2612);
#2612 = CARTESIAN_POINT('',(8.199570352802,-0.85037239229,25.));
#2613 = B_SPLINE_CURVE_WITH_KNOTS('',2,(#2614,#2615,#2616),
  .UNSPECIFIED.,.F.,.F.,(3,3),(0.,1.),.PIECEWISE_BEZIER_KNOTS.);
#2614 = CARTESIAN_POINT('',(8.035215165482,-0.899003516209,25.));
#2615 = CARTESIAN_POINT('',(8.119869344156,-0.85037239229,25.));
#2616 = CARTESIAN_POINT('',(8.199570352802,-0.85037239229,25.));
#2617 = ORIENTED_EDGE('',*,*,#2618,.T.);
#2618 = EDGE_CURVE('',#2611,#2619,#2621,.T.);
#2619 = VERTEX_POINT('',#2620);
#2620 = CARTESIAN_POINT('',(8.289402845597,-0.871310792866,25.));
#2621 = B_SPLINE_CURVE_WITH_KNOTS('',2,(#2622,#2623,#2624),
  .UNSPECIFIED.,.F.,.F.,(3,3),(0.,1.),.PIECEWISE_BEZIER_KNOTS.);
#2622 = CARTESIAN_POINT('',(8.199570352802,-0.85037239229,25.));
#2623 = CARTESIAN_POINT('',(8.251353494012,-0.85037239229,25.));
#2624 = CARTESIAN_POINT('',(8.289402845597,-0.871310792866,25.));
#2625 = ORIENTED_EDGE('',*,*,#2626,.T.);
#2626 = EDGE_CURVE('',#2619,#2627,#2629,.T.);
#2627 = VERTEX_POINT('',#2628);
#2628 = CARTESIAN_POINT('',(8.355144920525,-0.93052368912,25.));
#2629 = B_SPLINE_CURVE_WITH_KNOTS('',2,(#2630,#2631,#2632),
  .UNSPECIFIED.,.F.,.F.,(3,3),(0.,1.),.PIECEWISE_BEZIER_KNOTS.);
#2630 = CARTESIAN_POINT('',(8.289402845597,-0.871310792866,25.));
#2631 = CARTESIAN_POINT('',(8.327452197182,-0.892249193442,25.));
#2632 = CARTESIAN_POINT('',(8.355144920525,-0.93052368912,25.));
#2633 = ORIENTED_EDGE('',*,*,#2634,.T.);
#2634 = EDGE_CURVE('',#2627,#2635,#2637,.T.);
#2635 = VERTEX_POINT('',#2636);
#2636 = CARTESIAN_POINT('',(8.604154286519,-1.244149409581,25.));
#2637 = LINE('',#2638,#2639);
#2638 = CARTESIAN_POINT('',(8.355144920525,-0.93052368912,25.));
#2639 = VECTOR('',#2640,1.);
#2640 = DIRECTION('',(0.621811155655,-0.783167215033,0.));
#2641 = ORIENTED_EDGE('',*,*,#2642,.T.);
#2642 = EDGE_CURVE('',#2635,#2643,#2645,.T.);
#2643 = VERTEX_POINT('',#2644);
#2644 = CARTESIAN_POINT('',(8.285800540122,-1.518149769811,25.));
#2645 = B_SPLINE_CURVE_WITH_KNOTS('',2,(#2646,#2647,#2648),
  .UNSPECIFIED.,.F.,.F.,(3,3),(0.,1.),.PIECEWISE_BEZIER_KNOTS.);
#2646 = CARTESIAN_POINT('',(8.604154286519,-1.244149409581,25.));
#2647 = CARTESIAN_POINT('',(8.462313508421,-1.407604020532,25.));
#2648 = CARTESIAN_POINT('',(8.285800540122,-1.518149769811,25.));
#2649 = ORIENTED_EDGE('',*,*,#2650,.T.);
#2650 = EDGE_CURVE('',#2643,#2651,#2653,.T.);
#2651 = VERTEX_POINT('',#2652);
#2652 = CARTESIAN_POINT('',(7.917464805251,-1.695113026295,25.));
#2653 = B_SPLINE_CURVE_WITH_KNOTS('',2,(#2654,#2655,#2656),
  .UNSPECIFIED.,.F.,.F.,(3,3),(0.,1.),.PIECEWISE_BEZIER_KNOTS.);
#2654 = CARTESIAN_POINT('',(8.285800540122,-1.518149769811,25.));
#2655 = CARTESIAN_POINT('',(8.109512715914,-1.628695519091,25.));
#2656 = CARTESIAN_POINT('',(7.917464805251,-1.695113026295,25.));
#2657 = ORIENTED_EDGE('',*,*,#2658,.T.);
#2658 = EDGE_CURVE('',#2651,#2659,#2661,.T.);
#2659 = VERTEX_POINT('',#2660);
#2660 = CARTESIAN_POINT('',(7.526839805251,-1.788772968658,25.));
#2661 = B_SPLINE_CURVE_WITH_KNOTS('',2,(#2662,#2663,#2664),
  .UNSPECIFIED.,.F.,.F.,(3,3),(0.,1.),.PIECEWISE_BEZIER_KNOTS.);
#2662 = CARTESIAN_POINT('',(7.917464805251,-1.695113026295,25.));
#2663 = CARTESIAN_POINT('',(7.725642038681,-1.7615305335,25.));
#2664 = CARTESIAN_POINT('',(7.526839805251,-1.788772968658,25.));
#2665 = ORIENTED_EDGE('',*,*,#2666,.T.);
#2666 = EDGE_CURVE('',#2659,#2667,#2669,.T.);
#2667 = VERTEX_POINT('',#2668);
#2668 = CARTESIAN_POINT('',(7.14116797528,-1.816015403817,25.));
#2669 = B_SPLINE_CURVE_WITH_KNOTS('',2,(#2670,#2671,#2672),
  .UNSPECIFIED.,.F.,.F.,(3,3),(0.,1.),.PIECEWISE_BEZIER_KNOTS.);
#2670 = CARTESIAN_POINT('',(7.526839805251,-1.788772968658,25.));
#2671 = CARTESIAN_POINT('',(7.328037571822,-1.816015403817,25.));
#2672 = CARTESIAN_POINT('',(7.14116797528,-1.816015403817,25.));
#2673 = ORIENTED_EDGE('',*,*,#2674,.T.);
#2674 = EDGE_CURVE('',#2667,#2675,#2677,.T.);
#2675 = VERTEX_POINT('',#2676);
#2676 = CARTESIAN_POINT('',(6.453127629459,-1.69353701765,25.));
#2677 = B_SPLINE_CURVE_WITH_KNOTS('',2,(#2678,#2679,#2680),
  .UNSPECIFIED.,.F.,.F.,(3,3),(0.,1.),.PIECEWISE_BEZIER_KNOTS.);
#2678 = CARTESIAN_POINT('',(7.14116797528,-1.816015403817,25.));
#2679 = CARTESIAN_POINT('',(6.771256231764,-1.816015403817,25.));
#2680 = CARTESIAN_POINT('',(6.453127629459,-1.69353701765,25.));
#2681 = ORIENTED_EDGE('',*,*,#2682,.T.);
#2682 = EDGE_CURVE('',#2675,#2683,#2685,.T.);
#2683 = VERTEX_POINT('',#2684);
#2684 = CARTESIAN_POINT('',(5.899723450785,-1.331505317362,25.));
#2685 = B_SPLINE_CURVE_WITH_KNOTS('',2,(#2686,#2687,#2688),
  .UNSPECIFIED.,.F.,.F.,(3,3),(0.,1.),.PIECEWISE_BEZIER_KNOTS.);
#2686 = CARTESIAN_POINT('',(6.453127629459,-1.69353701765,25.));
#2687 = CARTESIAN_POINT('',(6.134999027153,-1.571058631483,25.));
#2688 = CARTESIAN_POINT('',(5.899723450785,-1.331505317362,25.));
#2689 = ORIENTED_EDGE('',*,*,#2690,.T.);
#2690 = EDGE_CURVE('',#2683,#2691,#2693,.T.);
#2691 = VERTEX_POINT('',#2692);
#2692 = CARTESIAN_POINT('',(5.529811707269,-0.738250634365,25.));
#2693 = B_SPLINE_CURVE_WITH_KNOTS('',2,(#2694,#2695,#2696),
  .UNSPECIFIED.,.F.,.F.,(3,3),(0.,1.),.PIECEWISE_BEZIER_KNOTS.);
#2694 = CARTESIAN_POINT('',(5.899723450785,-1.331505317362,25.));
#2695 = CARTESIAN_POINT('',(5.664673018508,-1.091726859148,25.));
#2696 = CARTESIAN_POINT('',(5.529811707269,-0.738250634365,25.));
#2697 = ORIENTED_EDGE('',*,*,#2698,.T.);
#2698 = EDGE_CURVE('',#2691,#2699,#2701,.T.);
#2699 = VERTEX_POINT('',#2700);
#2700 = CARTESIAN_POINT('',(5.394950396029,8.082357312829E-02,25.));
#2701 = B_SPLINE_CURVE_WITH_KNOTS('',2,(#2702,#2703,#2704),
  .UNSPECIFIED.,.F.,.F.,(3,3),(0.,1.),.PIECEWISE_BEZIER_KNOTS.);
#2702 = CARTESIAN_POINT('',(5.529811707269,-0.738250634365,25.));
#2703 = CARTESIAN_POINT('',(5.394950396029,-0.384774409581,25.));
#2704 = CARTESIAN_POINT('',(5.394950396029,8.082357312829E-02,25.));
#2705 = ORIENTED_EDGE('',*,*,#2706,.T.);
#2706 = EDGE_CURVE('',#2699,#2707,#2709,.T.);
#2707 = VERTEX_POINT('',#2708);
#2708 = CARTESIAN_POINT('',(5.512475612168,0.762109596183,25.));
#2709 = B_SPLINE_CURVE_WITH_KNOTS('',2,(#2710,#2711,#2712),
  .UNSPECIFIED.,.F.,.F.,(3,3),(0.,1.),.PIECEWISE_BEZIER_KNOTS.);
#2710 = CARTESIAN_POINT('',(5.394950396029,8.082357312829E-02,25.));
#2711 = CARTESIAN_POINT('',(5.394950396029,0.443080417509,25.));
#2712 = CARTESIAN_POINT('',(5.512475612168,0.762109596183,25.));
#2713 = ORIENTED_EDGE('',*,*,#2714,.T.);
#2714 = EDGE_CURVE('',#2707,#2715,#2717,.T.);
#2715 = VERTEX_POINT('',#2716);
#2716 = CARTESIAN_POINT('',(5.84951631822,1.317314927595,25.));
#2717 = B_SPLINE_CURVE_WITH_KNOTS('',2,(#2718,#2719,#2720),
  .UNSPECIFIED.,.F.,.F.,(3,3),(0.,1.),.PIECEWISE_BEZIER_KNOTS.);
#2718 = CARTESIAN_POINT('',(5.512475612168,0.762109596183,25.));
#2719 = CARTESIAN_POINT('',(5.630000828306,1.081138774857,25.));
#2720 = CARTESIAN_POINT('',(5.84951631822,1.317314927595,25.));
#2721 = ORIENTED_EDGE('',*,*,#2722,.T.);
#2722 = EDGE_CURVE('',#2715,#2489,#2723,.T.);
#2723 = B_SPLINE_CURVE_WITH_KNOTS('',2,(#2724,#2725,#2726),
  .UNSPECIFIED.,.F.,.F.,(3,3),(0.,1.),.PIECEWISE_BEZIER_KNOTS.);
#2724 = CARTESIAN_POINT('',(5.84951631822,1.317314927595,25.));
#2725 = CARTESIAN_POINT('',(6.069256952225,1.553491080333,25.));
#2726 = CARTESIAN_POINT('',(6.385584401793,1.691504408863,25.));
#2727 = FACE_BOUND('',#2728,.T.);
#2728 = EDGE_LOOP('',(#2729,#2739,#2747,#2755,#2763,#2771,#2779,#2787,
    #2795,#2803,#2811,#2819,#2827,#2835,#2843,#2851,#2859,#2867));
#2729 = ORIENTED_EDGE('',*,*,#2730,.T.);
#2730 = EDGE_CURVE('',#2731,#2733,#2735,.T.);
#2731 = VERTEX_POINT('',#2732);
#2732 = CARTESIAN_POINT('',(2.553857096318,-1.758378516209,25.));
#2733 = VERTEX_POINT('',#2734);
#2734 = CARTESIAN_POINT('',(1.699885554531,-1.758378516209,25.));
#2735 = LINE('',#2736,#2737);
#2736 = CARTESIAN_POINT('',(2.553857096318,-1.758378516209,25.));
#2737 = VECTOR('',#2738,1.);
#2738 = DIRECTION('',(-1.,0.,0.));
#2739 = ORIENTED_EDGE('',*,*,#2740,.T.);
#2740 = EDGE_CURVE('',#2733,#2741,#2743,.T.);
#2741 = VERTEX_POINT('',#2742);
#2742 = CARTESIAN_POINT('',(1.699885554531,3.385713702811,25.));
#2743 = LINE('',#2744,#2745);
#2744 = CARTESIAN_POINT('',(1.699885554531,-1.758378516209,25.));
#2745 = VECTOR('',#2746,1.);
#2746 = DIRECTION('',(0.,1.,0.));
#2747 = ORIENTED_EDGE('',*,*,#2748,.T.);
#2748 = EDGE_CURVE('',#2741,#2749,#2751,.T.);
#2749 = VERTEX_POINT('',#2750);
#2750 = CARTESIAN_POINT('',(2.553857096318,3.385713702811,25.));
#2751 = LINE('',#2752,#2753);
#2752 = CARTESIAN_POINT('',(1.699885554531,3.385713702811,25.));
#2753 = VECTOR('',#2754,1.);
#2754 = DIRECTION('',(1.,0.,0.));
#2755 = ORIENTED_EDGE('',*,*,#2756,.T.);
#2756 = EDGE_CURVE('',#2749,#2757,#2759,.T.);
#2757 = VERTEX_POINT('',#2758);
#2758 = CARTESIAN_POINT('',(2.553857096318,1.40196910627,25.));
#2759 = LINE('',#2760,#2761);
#2760 = CARTESIAN_POINT('',(2.553857096318,3.385713702811,25.));
#2761 = VECTOR('',#2762,1.);
#2762 = DIRECTION('',(0.,-1.,0.));
#2763 = ORIENTED_EDGE('',*,*,#2764,.T.);
#2764 = EDGE_CURVE('',#2757,#2765,#2767,.T.);
#2765 = VERTEX_POINT('',#2766);
#2766 = CARTESIAN_POINT('',(3.010449315338,1.722124005405,25.));
#2767 = B_SPLINE_CURVE_WITH_KNOTS('',2,(#2768,#2769,#2770),
  .UNSPECIFIED.,.F.,.F.,(3,3),(0.,1.),.PIECEWISE_BEZIER_KNOTS.);
#2768 = CARTESIAN_POINT('',(2.553857096318,1.40196910627,25.));
#2769 = CARTESIAN_POINT('',(2.761439949344,1.600321051514,25.));
#2770 = CARTESIAN_POINT('',(3.010449315338,1.722124005405,25.));
#2771 = ORIENTED_EDGE('',*,*,#2772,.T.);
#2772 = EDGE_CURVE('',#2765,#2773,#2775,.T.);
#2773 = VERTEX_POINT('',#2774);
#2774 = CARTESIAN_POINT('',(3.594923378738,1.843926959295,25.));
#2775 = B_SPLINE_CURVE_WITH_KNOTS('',2,(#2776,#2777,#2778),
  .UNSPECIFIED.,.F.,.F.,(3,3),(0.,1.),.PIECEWISE_BEZIER_KNOTS.);
#2776 = CARTESIAN_POINT('',(3.010449315338,1.722124005405,25.));
#2777 = CARTESIAN_POINT('',(3.259458681332,1.843926959295,25.));
#2778 = CARTESIAN_POINT('',(3.594923378738,1.843926959295,25.));
#2779 = ORIENTED_EDGE('',*,*,#2780,.T.);
#2780 = EDGE_CURVE('',#2773,#2781,#2783,.T.);
#2781 = VERTEX_POINT('',#2782);
#2782 = CARTESIAN_POINT('',(4.110053061736,1.745313846904,25.));
#2783 = B_SPLINE_CURVE_WITH_KNOTS('',2,(#2784,#2785,#2786),
  .UNSPECIFIED.,.F.,.F.,(3,3),(0.,1.),.PIECEWISE_BEZIER_KNOTS.);
#2784 = CARTESIAN_POINT('',(3.594923378738,1.843926959295,25.));
#2785 = CARTESIAN_POINT('',(3.885359257701,1.843926959295,25.));
#2786 = CARTESIAN_POINT('',(4.110053061736,1.745313846904,25.));
#2787 = ORIENTED_EDGE('',*,*,#2788,.T.);
#2788 = EDGE_CURVE('',#2781,#2789,#2791,.T.);
#2789 = VERTEX_POINT('',#2790);
#2790 = CARTESIAN_POINT('',(4.485368263465,1.468836901659,25.));
#2791 = B_SPLINE_CURVE_WITH_KNOTS('',2,(#2792,#2793,#2794),
  .UNSPECIFIED.,.F.,.F.,(3,3),(0.,1.),.PIECEWISE_BEZIER_KNOTS.);
#2792 = CARTESIAN_POINT('',(4.110053061736,1.745313846904,25.));
#2793 = CARTESIAN_POINT('',(4.334972009862,1.646925878604,25.));
#2794 = CARTESIAN_POINT('',(4.485368263465,1.468836901659,25.));
#2795 = ORIENTED_EDGE('',*,*,#2796,.T.);
#2796 = EDGE_CURVE('',#2789,#2797,#2799,.T.);
#2797 = VERTEX_POINT('',#2798);
#2798 = CARTESIAN_POINT('',(4.713439228883,1.043539711457,25.));
#2799 = B_SPLINE_CURVE_WITH_KNOTS('',2,(#2800,#2801,#2802),
  .UNSPECIFIED.,.F.,.F.,(3,3),(0.,1.),.PIECEWISE_BEZIER_KNOTS.);
#2800 = CARTESIAN_POINT('',(4.485368263465,1.468836901659,25.));
#2801 = CARTESIAN_POINT('',(4.635764517067,1.290747924713,25.));
#2802 = CARTESIAN_POINT('',(4.713439228883,1.043539711457,25.));
#2803 = ORIENTED_EDGE('',*,*,#2804,.T.);
#2804 = EDGE_CURVE('',#2797,#2805,#2807,.T.);
#2805 = VERTEX_POINT('',#2806);
#2806 = CARTESIAN_POINT('',(4.79133908479,0.499141296471,25.));
#2807 = B_SPLINE_CURVE_WITH_KNOTS('',2,(#2808,#2809,#2810),
  .UNSPECIFIED.,.F.,.F.,(3,3),(0.,1.),.PIECEWISE_BEZIER_KNOTS.);
#2808 = CARTESIAN_POINT('',(4.713439228883,1.043539711457,25.));
#2809 = CARTESIAN_POINT('',(4.79133908479,0.7963314982,25.));
#2810 = CARTESIAN_POINT('',(4.79133908479,0.499141296471,25.));
#2811 = ORIENTED_EDGE('',*,*,#2812,.T.);
#2812 = EDGE_CURVE('',#2805,#2813,#2815,.T.);
#2813 = VERTEX_POINT('',#2814);
#2814 = CARTESIAN_POINT('',(4.79133908479,-1.758378516209,25.));
#2815 = LINE('',#2816,#2817);
#2816 = CARTESIAN_POINT('',(4.79133908479,0.499141296471,25.));
#2817 = VECTOR('',#2818,1.);
#2818 = DIRECTION('',(0.,-1.,0.));
#2819 = ORIENTED_EDGE('',*,*,#2820,.T.);
#2820 = EDGE_CURVE('',#2813,#2821,#2823,.T.);
#2821 = VERTEX_POINT('',#2822);
#2822 = CARTESIAN_POINT('',(3.937142398911,-1.758378516209,25.));
#2823 = LINE('',#2824,#2825);
#2824 = CARTESIAN_POINT('',(4.79133908479,-1.758378516209,25.));
#2825 = VECTOR('',#2826,1.);
#2826 = DIRECTION('',(-1.,0.,0.));
#2827 = ORIENTED_EDGE('',*,*,#2828,.T.);
#2828 = EDGE_CURVE('',#2821,#2829,#2831,.T.);
#2829 = VERTEX_POINT('',#2830);
#2830 = CARTESIAN_POINT('',(3.937142398911,0.499816728748,25.));
#2831 = LINE('',#2832,#2833);
#2832 = CARTESIAN_POINT('',(3.937142398911,-1.758378516209,25.));
#2833 = VECTOR('',#2834,1.);
#2834 = DIRECTION('',(0.,1.,0.));
#2835 = ORIENTED_EDGE('',*,*,#2836,.T.);
#2836 = EDGE_CURVE('',#2829,#2837,#2839,.T.);
#2837 = VERTEX_POINT('',#2838);
#2838 = CARTESIAN_POINT('',(3.786746145309,1.003013774857,25.));
#2839 = B_SPLINE_CURVE_WITH_KNOTS('',2,(#2840,#2841,#2842),
  .UNSPECIFIED.,.F.,.F.,(3,3),(0.,1.),.PIECEWISE_BEZIER_KNOTS.);
#2840 = CARTESIAN_POINT('',(3.937142398911,0.499816728748,25.));
#2841 = CARTESIAN_POINT('',(3.937142398911,0.824924797912,25.));
#2842 = CARTESIAN_POINT('',(3.786746145309,1.003013774857,25.));
#2843 = ORIENTED_EDGE('',*,*,#2844,.T.);
#2844 = EDGE_CURVE('',#2837,#2845,#2847,.T.);
#2845 = VERTEX_POINT('',#2846);
#2846 = CARTESIAN_POINT('',(3.335557384502,1.181102751803,25.));
#2847 = B_SPLINE_CURVE_WITH_KNOTS('',2,(#2848,#2849,#2850),
  .UNSPECIFIED.,.F.,.F.,(3,3),(0.,1.),.PIECEWISE_BEZIER_KNOTS.);
#2848 = CARTESIAN_POINT('',(3.786746145309,1.003013774857,25.));
#2849 = CARTESIAN_POINT('',(3.636349891707,1.181102751803,25.));
#2850 = CARTESIAN_POINT('',(3.335557384502,1.181102751803,25.));
#2851 = ORIENTED_EDGE('',*,*,#2852,.T.);
#2852 = EDGE_CURVE('',#2845,#2853,#2855,.T.);
#2853 = VERTEX_POINT('',#2854);
#2854 = CARTESIAN_POINT('',(2.92039167845,1.080463342581,25.));
#2855 = B_SPLINE_CURVE_WITH_KNOTS('',2,(#2856,#2857,#2858),
  .UNSPECIFIED.,.F.,.F.,(3,3),(0.,1.),.PIECEWISE_BEZIER_KNOTS.);
#2856 = CARTESIAN_POINT('',(3.335557384502,1.181102751803,25.));
#2857 = CARTESIAN_POINT('',(3.114240741851,1.181102751803,25.));
#2858 = CARTESIAN_POINT('',(2.92039167845,1.080463342581,25.));
#2859 = ORIENTED_EDGE('',*,*,#2860,.T.);
#2860 = EDGE_CURVE('',#2853,#2861,#2863,.T.);
#2861 = VERTEX_POINT('',#2862);
#2862 = CARTESIAN_POINT('',(2.553857096318,0.806913270535,25.));
#2863 = B_SPLINE_CURVE_WITH_KNOTS('',2,(#2864,#2865,#2866),
  .UNSPECIFIED.,.F.,.F.,(3,3),(0.,1.),.PIECEWISE_BEZIER_KNOTS.);
#2864 = CARTESIAN_POINT('',(2.92039167845,1.080463342581,25.));
#2865 = CARTESIAN_POINT('',(2.726767759142,0.980049077451,25.));
#2866 = CARTESIAN_POINT('',(2.553857096318,0.806913270535,25.));
#2867 = ORIENTED_EDGE('',*,*,#2868,.T.);
#2868 = EDGE_CURVE('',#2861,#2731,#2869,.T.);
#2869 = LINE('',#2870,#2871);
#2870 = CARTESIAN_POINT('',(2.553857096318,0.806913270535,25.));
#2871 = VECTOR('',#2872,1.);
#2872 = DIRECTION('',(0.,-1.,0.));
#2873 = PLANE('',#2874);
#2874 = AXIS2_PLACEMENT_3D('',#2875,#2876,#2877);
#2875 = CARTESIAN_POINT('',(-1.093952106032E-15,1.371473012632E-15,25.)
  );
#2876 = DIRECTION('',(0.,0.,1.));
#2877 = DIRECTION('',(1.,0.,0.));
#2878 = ADVANCED_FACE('',(#2879),#2904,.T.);
#2879 = FACE_BOUND('',#2880,.T.);
#2880 = EDGE_LOOP('',(#2881,#2889,#2897,#2903));
#2881 = ORIENTED_EDGE('',*,*,#2882,.T.);
#2882 = EDGE_CURVE('',#373,#2883,#2885,.T.);
#2883 = VERTEX_POINT('',#2884);
#2884 = CARTESIAN_POINT('',(-4.746468015585,-7.349371035804,23.));
#2885 = LINE('',#2886,#2887);
#2886 = CARTESIAN_POINT('',(-4.746468015585,-7.349371035804,25.));
#2887 = VECTOR('',#2888,1.);
#2888 = DIRECTION('',(-0.,-0.,-1.));
#2889 = ORIENTED_EDGE('',*,*,#2890,.T.);
#2890 = EDGE_CURVE('',#2883,#2891,#2893,.T.);
#2891 = VERTEX_POINT('',#2892);
#2892 = CARTESIAN_POINT('',(-4.770378318179,-7.226307274997,23.));
#2893 = B_SPLINE_CURVE_WITH_KNOTS('',2,(#2894,#2895,#2896),
  .UNSPECIFIED.,.F.,.F.,(3,3),(0.,1.),.PIECEWISE_BEZIER_KNOTS.);
#2894 = CARTESIAN_POINT('',(-4.746468015585,-7.349371035804,23.));
#2895 = CARTESIAN_POINT('',(-4.770378318179,-7.292499638109,23.));
#2896 = CARTESIAN_POINT('',(-4.770378318179,-7.226307274997,23.));
#2897 = ORIENTED_EDGE('',*,*,#2898,.F.);
#2898 = EDGE_CURVE('',#375,#2891,#2899,.T.);
#2899 = LINE('',#2900,#2901);
#2900 = CARTESIAN_POINT('',(-4.770378318179,-7.226307274997,25.));
#2901 = VECTOR('',#2902,1.);
#2902 = DIRECTION('',(-0.,-0.,-1.));
#2903 = ORIENTED_EDGE('',*,*,#372,.F.);
#2904 = SURFACE_OF_LINEAR_EXTRUSION('',#2905,#2909);
#2905 = B_SPLINE_CURVE_WITH_KNOTS('',2,(#2906,#2907,#2908),
  .UNSPECIFIED.,.F.,.F.,(3,3),(0.,1.),.PIECEWISE_BEZIER_KNOTS.);
#2906 = CARTESIAN_POINT('',(-4.746468015585,-7.349371035804,25.));
#2907 = CARTESIAN_POINT('',(-4.770378318179,-7.292499638109,25.));
#2908 = CARTESIAN_POINT('',(-4.770378318179,-7.226307274997,25.));
#2909 = VECTOR('',#2910,1.);
#2910 = DIRECTION('',(0.,0.,1.));
#2911 = ADVANCED_FACE('',(#2912),#2930,.T.);
#2912 = FACE_BOUND('',#2913,.T.);
#2913 = EDGE_LOOP('',(#2914,#2922,#2928,#2929));
#2914 = ORIENTED_EDGE('',*,*,#2915,.T.);
#2915 = EDGE_CURVE('',#487,#2916,#2918,.T.);
#2916 = VERTEX_POINT('',#2917);
#2917 = CARTESIAN_POINT('',(-4.680140566018,-7.44757888883,23.));
#2918 = LINE('',#2919,#2920);
#2919 = CARTESIAN_POINT('',(-4.680140566018,-7.44757888883,25.));
#2920 = VECTOR('',#2921,1.);
#2921 = DIRECTION('',(-0.,-0.,-1.));
#2922 = ORIENTED_EDGE('',*,*,#2923,.T.);
#2923 = EDGE_CURVE('',#2916,#2883,#2924,.T.);
#2924 = B_SPLINE_CURVE_WITH_KNOTS('',2,(#2925,#2926,#2927),
  .UNSPECIFIED.,.F.,.F.,(3,3),(0.,1.),.PIECEWISE_BEZIER_KNOTS.);
#2925 = CARTESIAN_POINT('',(-4.680140566018,-7.44757888883,23.));
#2926 = CARTESIAN_POINT('',(-4.722557712992,-7.406242433499,23.));
#2927 = CARTESIAN_POINT('',(-4.746468015585,-7.349371035804,23.));
#2928 = ORIENTED_EDGE('',*,*,#2882,.F.);
#2929 = ORIENTED_EDGE('',*,*,#494,.F.);
#2930 = SURFACE_OF_LINEAR_EXTRUSION('',#2931,#2935);
#2931 = B_SPLINE_CURVE_WITH_KNOTS('',2,(#2932,#2933,#2934),
  .UNSPECIFIED.,.F.,.F.,(3,3),(0.,1.),.PIECEWISE_BEZIER_KNOTS.);
#2932 = CARTESIAN_POINT('',(-4.680140566018,-7.44757888883,25.));
#2933 = CARTESIAN_POINT('',(-4.722557712992,-7.406242433499,25.));
#2934 = CARTESIAN_POINT('',(-4.746468015585,-7.349371035804,25.));
#2935 = VECTOR('',#2936,1.);
#2936 = DIRECTION('',(0.,0.,1.));
#2937 = ADVANCED_FACE('',(#2938),#2956,.T.);
#2938 = FACE_BOUND('',#2939,.T.);
#2939 = EDGE_LOOP('',(#2940,#2948,#2954,#2955));
#2940 = ORIENTED_EDGE('',*,*,#2941,.T.);
#2941 = EDGE_CURVE('',#479,#2942,#2944,.T.);
#2942 = VERTEX_POINT('',#2943);
#2943 = CARTESIAN_POINT('',(-4.579501156796,-7.5126905603,23.));
#2944 = LINE('',#2945,#2946);
#2945 = CARTESIAN_POINT('',(-4.579501156796,-7.5126905603,25.));
#2946 = VECTOR('',#2947,1.);
#2947 = DIRECTION('',(-0.,-0.,-1.));
#2948 = ORIENTED_EDGE('',*,*,#2949,.T.);
#2949 = EDGE_CURVE('',#2942,#2916,#2950,.T.);
#2950 = B_SPLINE_CURVE_WITH_KNOTS('',2,(#2951,#2952,#2953),
  .UNSPECIFIED.,.F.,.F.,(3,3),(0.,1.),.PIECEWISE_BEZIER_KNOTS.);
#2951 = CARTESIAN_POINT('',(-4.579501156796,-7.5126905603,23.));
#2952 = CARTESIAN_POINT('',(-4.637588332588,-7.488915344161,23.));
#2953 = CARTESIAN_POINT('',(-4.680140566018,-7.44757888883,23.));
#2954 = ORIENTED_EDGE('',*,*,#2915,.F.);
#2955 = ORIENTED_EDGE('',*,*,#486,.F.);
#2956 = SURFACE_OF_LINEAR_EXTRUSION('',#2957,#2961);
#2957 = B_SPLINE_CURVE_WITH_KNOTS('',2,(#2958,#2959,#2960),
  .UNSPECIFIED.,.F.,.F.,(3,3),(0.,1.),.PIECEWISE_BEZIER_KNOTS.);
#2958 = CARTESIAN_POINT('',(-4.579501156796,-7.5126905603,25.));
#2959 = CARTESIAN_POINT('',(-4.637588332588,-7.488915344161,25.));
#2960 = CARTESIAN_POINT('',(-4.680140566018,-7.44757888883,25.));
#2961 = VECTOR('',#2962,1.);
#2962 = DIRECTION('',(0.,0.,1.));
#2963 = ADVANCED_FACE('',(#2964),#2982,.T.);
#2964 = FACE_BOUND('',#2965,.T.);
#2965 = EDGE_LOOP('',(#2966,#2974,#2980,#2981));
#2966 = ORIENTED_EDGE('',*,*,#2967,.T.);
#2967 = EDGE_CURVE('',#471,#2968,#2970,.T.);
#2968 = VERTEX_POINT('',#2969);
#2969 = CARTESIAN_POINT('',(-4.45495144498,-7.536465776438,23.));
#2970 = LINE('',#2971,#2972);
#2971 = CARTESIAN_POINT('',(-4.45495144498,-7.536465776438,25.));
#2972 = VECTOR('',#2973,1.);
#2973 = DIRECTION('',(-0.,-0.,-1.));
#2974 = ORIENTED_EDGE('',*,*,#2975,.T.);
#2975 = EDGE_CURVE('',#2968,#2942,#2976,.T.);
#2976 = B_SPLINE_CURVE_WITH_KNOTS('',2,(#2977,#2978,#2979),
  .UNSPECIFIED.,.F.,.F.,(3,3),(0.,1.),.PIECEWISE_BEZIER_KNOTS.);
#2977 = CARTESIAN_POINT('',(-4.45495144498,-7.536465776438,23.));
#2978 = CARTESIAN_POINT('',(-4.521413981003,-7.536465776438,23.));
#2979 = CARTESIAN_POINT('',(-4.579501156796,-7.5126905603,23.));
#2980 = ORIENTED_EDGE('',*,*,#2941,.F.);
#2981 = ORIENTED_EDGE('',*,*,#478,.F.);
#2982 = SURFACE_OF_LINEAR_EXTRUSION('',#2983,#2987);
#2983 = B_SPLINE_CURVE_WITH_KNOTS('',2,(#2984,#2985,#2986),
  .UNSPECIFIED.,.F.,.F.,(3,3),(0.,1.),.PIECEWISE_BEZIER_KNOTS.);
#2984 = CARTESIAN_POINT('',(-4.45495144498,-7.536465776438,25.));
#2985 = CARTESIAN_POINT('',(-4.521413981003,-7.536465776438,25.));
#2986 = CARTESIAN_POINT('',(-4.579501156796,-7.5126905603,25.));
#2987 = VECTOR('',#2988,1.);
#2988 = DIRECTION('',(0.,0.,1.));
#2989 = ADVANCED_FACE('',(#2990),#3008,.T.);
#2990 = FACE_BOUND('',#2991,.T.);
#2991 = EDGE_LOOP('',(#2992,#3000,#3006,#3007));
#2992 = ORIENTED_EDGE('',*,*,#2993,.T.);
#2993 = EDGE_CURVE('',#463,#2994,#2996,.T.);
#2994 = VERTEX_POINT('',#2995);
#2995 = CARTESIAN_POINT('',(-4.33256311645,-7.5126905603,23.));
#2996 = LINE('',#2997,#2998);
#2997 = CARTESIAN_POINT('',(-4.33256311645,-7.5126905603,25.));
#2998 = VECTOR('',#2999,1.);
#2999 = DIRECTION('',(-0.,-0.,-1.));
#3000 = ORIENTED_EDGE('',*,*,#3001,.T.);
#3001 = EDGE_CURVE('',#2994,#2968,#3002,.T.);
#3002 = B_SPLINE_CURVE_WITH_KNOTS('',2,(#3003,#3004,#3005),
  .UNSPECIFIED.,.F.,.F.,(3,3),(0.,1.),.PIECEWISE_BEZIER_KNOTS.);
#3003 = CARTESIAN_POINT('',(-4.33256311645,-7.5126905603,23.));
#3004 = CARTESIAN_POINT('',(-4.390650292242,-7.536465776438,23.));
#3005 = CARTESIAN_POINT('',(-4.45495144498,-7.536465776438,23.));
#3006 = ORIENTED_EDGE('',*,*,#2967,.F.);
#3007 = ORIENTED_EDGE('',*,*,#470,.F.);
#3008 = SURFACE_OF_LINEAR_EXTRUSION('',#3009,#3013);
#3009 = B_SPLINE_CURVE_WITH_KNOTS('',2,(#3010,#3011,#3012),
  .UNSPECIFIED.,.F.,.F.,(3,3),(0.,1.),.PIECEWISE_BEZIER_KNOTS.);
#3010 = CARTESIAN_POINT('',(-4.33256311645,-7.5126905603,25.));
#3011 = CARTESIAN_POINT('',(-4.390650292242,-7.536465776438,25.));
#3012 = CARTESIAN_POINT('',(-4.45495144498,-7.536465776438,25.));
#3013 = VECTOR('',#3014,1.);
#3014 = DIRECTION('',(0.,0.,1.));
#3015 = ADVANCED_FACE('',(#3016),#3034,.T.);
#3016 = FACE_BOUND('',#3017,.T.);
#3017 = EDGE_LOOP('',(#3018,#3026,#3032,#3033));
#3018 = ORIENTED_EDGE('',*,*,#3019,.T.);
#3019 = EDGE_CURVE('',#455,#3020,#3022,.T.);
#3020 = VERTEX_POINT('',#3021);
#3021 = CARTESIAN_POINT('',(-4.233004398871,-7.44757888883,23.));
#3022 = LINE('',#3023,#3024);
#3023 = CARTESIAN_POINT('',(-4.233004398871,-7.44757888883,25.));
#3024 = VECTOR('',#3025,1.);
#3025 = DIRECTION('',(-0.,-0.,-1.));
#3026 = ORIENTED_EDGE('',*,*,#3027,.T.);
#3027 = EDGE_CURVE('',#3020,#2994,#3028,.T.);
#3028 = B_SPLINE_CURVE_WITH_KNOTS('',2,(#3029,#3030,#3031),
  .UNSPECIFIED.,.F.,.F.,(3,3),(0.,1.),.PIECEWISE_BEZIER_KNOTS.);
#3029 = CARTESIAN_POINT('',(-4.233004398871,-7.44757888883,23.));
#3030 = CARTESIAN_POINT('',(-4.274475940657,-7.488915344161,23.));
#3031 = CARTESIAN_POINT('',(-4.33256311645,-7.5126905603,23.));
#3032 = ORIENTED_EDGE('',*,*,#2993,.F.);
#3033 = ORIENTED_EDGE('',*,*,#462,.F.);
#3034 = SURFACE_OF_LINEAR_EXTRUSION('',#3035,#3039);
#3035 = B_SPLINE_CURVE_WITH_KNOTS('',2,(#3036,#3037,#3038),
  .UNSPECIFIED.,.F.,.F.,(3,3),(0.,1.),.PIECEWISE_BEZIER_KNOTS.);
#3036 = CARTESIAN_POINT('',(-4.233004398871,-7.44757888883,25.));
#3037 = CARTESIAN_POINT('',(-4.274475940657,-7.488915344161,25.));
#3038 = CARTESIAN_POINT('',(-4.33256311645,-7.5126905603,25.));
#3039 = VECTOR('',#3040,1.);
#3040 = DIRECTION('',(0.,0.,1.));
#3041 = ADVANCED_FACE('',(#3042),#3060,.T.);
#3042 = FACE_BOUND('',#3043,.T.);
#3043 = EDGE_LOOP('',(#3044,#3052,#3058,#3059));
#3044 = ORIENTED_EDGE('',*,*,#3045,.T.);
#3045 = EDGE_CURVE('',#447,#3046,#3048,.T.);
#3046 = VERTEX_POINT('',#3047);
#3047 = CARTESIAN_POINT('',(-4.166541862848,-7.349371035804,23.));
#3048 = LINE('',#3049,#3050);
#3049 = CARTESIAN_POINT('',(-4.166541862848,-7.349371035804,25.));
#3050 = VECTOR('',#3051,1.);
#3051 = DIRECTION('',(-0.,-0.,-1.));
#3052 = ORIENTED_EDGE('',*,*,#3053,.T.);
#3053 = EDGE_CURVE('',#3046,#3020,#3054,.T.);
#3054 = B_SPLINE_CURVE_WITH_KNOTS('',2,(#3055,#3056,#3057),
  .UNSPECIFIED.,.F.,.F.,(3,3),(0.,1.),.PIECEWISE_BEZIER_KNOTS.);
#3055 = CARTESIAN_POINT('',(-4.166541862848,-7.349371035804,23.));
#3056 = CARTESIAN_POINT('',(-4.191397770629,-7.406242433499,23.));
#3057 = CARTESIAN_POINT('',(-4.233004398871,-7.44757888883,23.));
#3058 = ORIENTED_EDGE('',*,*,#3019,.F.);
#3059 = ORIENTED_EDGE('',*,*,#454,.F.);
#3060 = SURFACE_OF_LINEAR_EXTRUSION('',#3061,#3065);
#3061 = B_SPLINE_CURVE_WITH_KNOTS('',2,(#3062,#3063,#3064),
  .UNSPECIFIED.,.F.,.F.,(3,3),(0.,1.),.PIECEWISE_BEZIER_KNOTS.);
#3062 = CARTESIAN_POINT('',(-4.166541862848,-7.349371035804,25.));
#3063 = CARTESIAN_POINT('',(-4.191397770629,-7.406242433499,25.));
#3064 = CARTESIAN_POINT('',(-4.233004398871,-7.44757888883,25.));
#3065 = VECTOR('',#3066,1.);
#3066 = DIRECTION('',(0.,0.,1.));
#3067 = ADVANCED_FACE('',(#3068),#3086,.T.);
#3068 = FACE_BOUND('',#3069,.T.);
#3069 = EDGE_LOOP('',(#3070,#3078,#3084,#3085));
#3070 = ORIENTED_EDGE('',*,*,#3071,.T.);
#3071 = EDGE_CURVE('',#439,#3072,#3074,.T.);
#3072 = VERTEX_POINT('',#3073);
#3073 = CARTESIAN_POINT('',(-4.141685955067,-7.226307274997,23.));
#3074 = LINE('',#3075,#3076);
#3075 = CARTESIAN_POINT('',(-4.141685955067,-7.226307274997,25.));
#3076 = VECTOR('',#3077,1.);
#3077 = DIRECTION('',(-0.,-0.,-1.));
#3078 = ORIENTED_EDGE('',*,*,#3079,.T.);
#3079 = EDGE_CURVE('',#3072,#3046,#3080,.T.);
#3080 = B_SPLINE_CURVE_WITH_KNOTS('',2,(#3081,#3082,#3083),
  .UNSPECIFIED.,.F.,.F.,(3,3),(0.,1.),.PIECEWISE_BEZIER_KNOTS.);
#3081 = CARTESIAN_POINT('',(-4.141685955067,-7.226307274997,23.));
#3082 = CARTESIAN_POINT('',(-4.141685955067,-7.292499638109,23.));
#3083 = CARTESIAN_POINT('',(-4.166541862848,-7.349371035804,23.));
#3084 = ORIENTED_EDGE('',*,*,#3045,.F.);
#3085 = ORIENTED_EDGE('',*,*,#446,.F.);
#3086 = SURFACE_OF_LINEAR_EXTRUSION('',#3087,#3091);
#3087 = B_SPLINE_CURVE_WITH_KNOTS('',2,(#3088,#3089,#3090),
  .UNSPECIFIED.,.F.,.F.,(3,3),(0.,1.),.PIECEWISE_BEZIER_KNOTS.);
#3088 = CARTESIAN_POINT('',(-4.141685955067,-7.226307274997,25.));
#3089 = CARTESIAN_POINT('',(-4.141685955067,-7.292499638109,25.));
#3090 = CARTESIAN_POINT('',(-4.166541862848,-7.349371035804,25.));
#3091 = VECTOR('',#3092,1.);
#3092 = DIRECTION('',(0.,0.,1.));
#3093 = ADVANCED_FACE('',(#3094),#3112,.T.);
#3094 = FACE_BOUND('',#3095,.T.);
#3095 = EDGE_LOOP('',(#3096,#3104,#3110,#3111));
#3096 = ORIENTED_EDGE('',*,*,#3097,.T.);
#3097 = EDGE_CURVE('',#431,#3098,#3100,.T.);
#3098 = VERTEX_POINT('',#3099);
#3099 = CARTESIAN_POINT('',(-4.166541862848,-7.104324205833,23.));
#3100 = LINE('',#3101,#3102);
#3101 = CARTESIAN_POINT('',(-4.166541862848,-7.104324205833,25.));
#3102 = VECTOR('',#3103,1.);
#3103 = DIRECTION('',(-0.,-0.,-1.));
#3104 = ORIENTED_EDGE('',*,*,#3105,.T.);
#3105 = EDGE_CURVE('',#3098,#3072,#3106,.T.);
#3106 = B_SPLINE_CURVE_WITH_KNOTS('',2,(#3107,#3108,#3109),
  .UNSPECIFIED.,.F.,.F.,(3,3),(0.,1.),.PIECEWISE_BEZIER_KNOTS.);
#3107 = CARTESIAN_POINT('',(-4.166541862848,-7.104324205833,23.));
#3108 = CARTESIAN_POINT('',(-4.141685955067,-7.162141208715,23.));
#3109 = CARTESIAN_POINT('',(-4.141685955067,-7.226307274997,23.));
#3110 = ORIENTED_EDGE('',*,*,#3071,.F.);
#3111 = ORIENTED_EDGE('',*,*,#438,.F.);
#3112 = SURFACE_OF_LINEAR_EXTRUSION('',#3113,#3117);
#3113 = B_SPLINE_CURVE_WITH_KNOTS('',2,(#3114,#3115,#3116),
  .UNSPECIFIED.,.F.,.F.,(3,3),(0.,1.),.PIECEWISE_BEZIER_KNOTS.);
#3114 = CARTESIAN_POINT('',(-4.166541862848,-7.104324205833,25.));
#3115 = CARTESIAN_POINT('',(-4.141685955067,-7.162141208715,25.));
#3116 = CARTESIAN_POINT('',(-4.141685955067,-7.226307274997,25.));
#3117 = VECTOR('',#3118,1.);
#3118 = DIRECTION('',(0.,0.,1.));
#3119 = ADVANCED_FACE('',(#3120),#3138,.T.);
#3120 = FACE_BOUND('',#3121,.T.);
#3121 = EDGE_LOOP('',(#3122,#3130,#3136,#3137));
#3122 = ORIENTED_EDGE('',*,*,#3123,.T.);
#3123 = EDGE_CURVE('',#423,#3124,#3126,.T.);
#3124 = VERTEX_POINT('',#3125);
#3125 = CARTESIAN_POINT('',(-4.233004398871,-7.005035661164,23.));
#3126 = LINE('',#3127,#3128);
#3127 = CARTESIAN_POINT('',(-4.233004398871,-7.005035661164,25.));
#3128 = VECTOR('',#3129,1.);
#3129 = DIRECTION('',(-0.,-0.,-1.));
#3130 = ORIENTED_EDGE('',*,*,#3131,.T.);
#3131 = EDGE_CURVE('',#3124,#3098,#3132,.T.);
#3132 = B_SPLINE_CURVE_WITH_KNOTS('',2,(#3133,#3134,#3135),
  .UNSPECIFIED.,.F.,.F.,(3,3),(0.,1.),.PIECEWISE_BEZIER_KNOTS.);
#3133 = CARTESIAN_POINT('',(-4.233004398871,-7.005035661164,23.));
#3134 = CARTESIAN_POINT('',(-4.191397770629,-7.046372116496,23.));
#3135 = CARTESIAN_POINT('',(-4.166541862848,-7.104324205833,23.));
#3136 = ORIENTED_EDGE('',*,*,#3097,.F.);
#3137 = ORIENTED_EDGE('',*,*,#430,.F.);
#3138 = SURFACE_OF_LINEAR_EXTRUSION('',#3139,#3143);
#3139 = B_SPLINE_CURVE_WITH_KNOTS('',2,(#3140,#3141,#3142),
  .UNSPECIFIED.,.F.,.F.,(3,3),(0.,1.),.PIECEWISE_BEZIER_KNOTS.);
#3140 = CARTESIAN_POINT('',(-4.233004398871,-7.005035661164,25.));
#3141 = CARTESIAN_POINT('',(-4.191397770629,-7.046372116496,25.));
#3142 = CARTESIAN_POINT('',(-4.166541862848,-7.104324205833,25.));
#3143 = VECTOR('',#3144,1.);
#3144 = DIRECTION('',(0.,0.,1.));
#3145 = ADVANCED_FACE('',(#3146),#3164,.T.);
#3146 = FACE_BOUND('',#3147,.T.);
#3147 = EDGE_LOOP('',(#3148,#3156,#3162,#3163));
#3148 = ORIENTED_EDGE('',*,*,#3149,.T.);
#3149 = EDGE_CURVE('',#415,#3150,#3152,.T.);
#3150 = VERTEX_POINT('',#3151);
#3151 = CARTESIAN_POINT('',(-4.33256311645,-6.938843298052,23.));
#3152 = LINE('',#3153,#3154);
#3153 = CARTESIAN_POINT('',(-4.33256311645,-6.938843298052,25.));
#3154 = VECTOR('',#3155,1.);
#3155 = DIRECTION('',(-0.,-0.,-1.));
#3156 = ORIENTED_EDGE('',*,*,#3157,.T.);
#3157 = EDGE_CURVE('',#3150,#3124,#3158,.T.);
#3158 = B_SPLINE_CURVE_WITH_KNOTS('',2,(#3159,#3160,#3161),
  .UNSPECIFIED.,.F.,.F.,(3,3),(0.,1.),.PIECEWISE_BEZIER_KNOTS.);
#3159 = CARTESIAN_POINT('',(-4.33256311645,-6.938843298052,23.));
#3160 = CARTESIAN_POINT('',(-4.274475940657,-6.963564119377,23.));
#3161 = CARTESIAN_POINT('',(-4.233004398871,-7.005035661164,23.));
#3162 = ORIENTED_EDGE('',*,*,#3123,.F.);
#3163 = ORIENTED_EDGE('',*,*,#422,.F.);
#3164 = SURFACE_OF_LINEAR_EXTRUSION('',#3165,#3169);
#3165 = B_SPLINE_CURVE_WITH_KNOTS('',2,(#3166,#3167,#3168),
  .UNSPECIFIED.,.F.,.F.,(3,3),(0.,1.),.PIECEWISE_BEZIER_KNOTS.);
#3166 = CARTESIAN_POINT('',(-4.33256311645,-6.938843298052,25.));
#3167 = CARTESIAN_POINT('',(-4.274475940657,-6.963564119377,25.));
#3168 = CARTESIAN_POINT('',(-4.233004398871,-7.005035661164,25.));
#3169 = VECTOR('',#3170,1.);
#3170 = DIRECTION('',(0.,0.,1.));
#3171 = ADVANCED_FACE('',(#3172),#3190,.T.);
#3172 = FACE_BOUND('',#3173,.T.);
#3173 = EDGE_LOOP('',(#3174,#3182,#3188,#3189));
#3174 = ORIENTED_EDGE('',*,*,#3175,.T.);
#3175 = EDGE_CURVE('',#407,#3176,#3178,.T.);
#3176 = VERTEX_POINT('',#3177);
#3177 = CARTESIAN_POINT('',(-4.45495144498,-6.913987390271,23.));
#3178 = LINE('',#3179,#3180);
#3179 = CARTESIAN_POINT('',(-4.45495144498,-6.913987390271,25.));
#3180 = VECTOR('',#3181,1.);
#3181 = DIRECTION('',(-0.,-0.,-1.));
#3182 = ORIENTED_EDGE('',*,*,#3183,.T.);
#3183 = EDGE_CURVE('',#3176,#3150,#3184,.T.);
#3184 = B_SPLINE_CURVE_WITH_KNOTS('',2,(#3185,#3186,#3187),
  .UNSPECIFIED.,.F.,.F.,(3,3),(0.,1.),.PIECEWISE_BEZIER_KNOTS.);
#3185 = CARTESIAN_POINT('',(-4.45495144498,-6.913987390271,23.));
#3186 = CARTESIAN_POINT('',(-4.390650292242,-6.913987390271,23.));
#3187 = CARTESIAN_POINT('',(-4.33256311645,-6.938843298052,23.));
#3188 = ORIENTED_EDGE('',*,*,#3149,.F.);
#3189 = ORIENTED_EDGE('',*,*,#414,.F.);
#3190 = SURFACE_OF_LINEAR_EXTRUSION('',#3191,#3195);
#3191 = B_SPLINE_CURVE_WITH_KNOTS('',2,(#3192,#3193,#3194),
  .UNSPECIFIED.,.F.,.F.,(3,3),(0.,1.),.PIECEWISE_BEZIER_KNOTS.);
#3192 = CARTESIAN_POINT('',(-4.45495144498,-6.913987390271,25.));
#3193 = CARTESIAN_POINT('',(-4.390650292242,-6.913987390271,25.));
#3194 = CARTESIAN_POINT('',(-4.33256311645,-6.938843298052,25.));
#3195 = VECTOR('',#3196,1.);
#3196 = DIRECTION('',(0.,0.,1.));
#3197 = ADVANCED_FACE('',(#3198),#3216,.T.);
#3198 = FACE_BOUND('',#3199,.T.);
#3199 = EDGE_LOOP('',(#3200,#3208,#3214,#3215));
#3200 = ORIENTED_EDGE('',*,*,#3201,.T.);
#3201 = EDGE_CURVE('',#399,#3202,#3204,.T.);
#3202 = VERTEX_POINT('',#3203);
#3203 = CARTESIAN_POINT('',(-4.579501156796,-6.938843298052,23.));
#3204 = LINE('',#3205,#3206);
#3205 = CARTESIAN_POINT('',(-4.579501156796,-6.938843298052,25.));
#3206 = VECTOR('',#3207,1.);
#3207 = DIRECTION('',(-0.,-0.,-1.));
#3208 = ORIENTED_EDGE('',*,*,#3209,.T.);
#3209 = EDGE_CURVE('',#3202,#3176,#3210,.T.);
#3210 = B_SPLINE_CURVE_WITH_KNOTS('',2,(#3211,#3212,#3213),
  .UNSPECIFIED.,.F.,.F.,(3,3),(0.,1.),.PIECEWISE_BEZIER_KNOTS.);
#3211 = CARTESIAN_POINT('',(-4.579501156796,-6.938843298052,23.));
#3212 = CARTESIAN_POINT('',(-4.521413981003,-6.913987390271,23.));
#3213 = CARTESIAN_POINT('',(-4.45495144498,-6.913987390271,23.));
#3214 = ORIENTED_EDGE('',*,*,#3175,.F.);
#3215 = ORIENTED_EDGE('',*,*,#406,.F.);
#3216 = SURFACE_OF_LINEAR_EXTRUSION('',#3217,#3221);
#3217 = B_SPLINE_CURVE_WITH_KNOTS('',2,(#3218,#3219,#3220),
  .UNSPECIFIED.,.F.,.F.,(3,3),(0.,1.),.PIECEWISE_BEZIER_KNOTS.);
#3218 = CARTESIAN_POINT('',(-4.579501156796,-6.938843298052,25.));
#3219 = CARTESIAN_POINT('',(-4.521413981003,-6.913987390271,25.));
#3220 = CARTESIAN_POINT('',(-4.45495144498,-6.913987390271,25.));
#3221 = VECTOR('',#3222,1.);
#3222 = DIRECTION('',(0.,0.,1.));
#3223 = ADVANCED_FACE('',(#3224),#3242,.T.);
#3224 = FACE_BOUND('',#3225,.T.);
#3225 = EDGE_LOOP('',(#3226,#3234,#3240,#3241));
#3226 = ORIENTED_EDGE('',*,*,#3227,.T.);
#3227 = EDGE_CURVE('',#391,#3228,#3230,.T.);
#3228 = VERTEX_POINT('',#3229);
#3229 = CARTESIAN_POINT('',(-4.680140566018,-7.005035661164,23.));
#3230 = LINE('',#3231,#3232);
#3231 = CARTESIAN_POINT('',(-4.680140566018,-7.005035661164,25.));
#3232 = VECTOR('',#3233,1.);
#3233 = DIRECTION('',(-0.,-0.,-1.));
#3234 = ORIENTED_EDGE('',*,*,#3235,.T.);
#3235 = EDGE_CURVE('',#3228,#3202,#3236,.T.);
#3236 = B_SPLINE_CURVE_WITH_KNOTS('',2,(#3237,#3238,#3239),
  .UNSPECIFIED.,.F.,.F.,(3,3),(0.,1.),.PIECEWISE_BEZIER_KNOTS.);
#3237 = CARTESIAN_POINT('',(-4.680140566018,-7.005035661164,23.));
#3238 = CARTESIAN_POINT('',(-4.637588332588,-6.963564119377,23.));
#3239 = CARTESIAN_POINT('',(-4.579501156796,-6.938843298052,23.));
#3240 = ORIENTED_EDGE('',*,*,#3201,.F.);
#3241 = ORIENTED_EDGE('',*,*,#398,.F.);
#3242 = SURFACE_OF_LINEAR_EXTRUSION('',#3243,#3247);
#3243 = B_SPLINE_CURVE_WITH_KNOTS('',2,(#3244,#3245,#3246),
  .UNSPECIFIED.,.F.,.F.,(3,3),(0.,1.),.PIECEWISE_BEZIER_KNOTS.);
#3244 = CARTESIAN_POINT('',(-4.680140566018,-7.005035661164,25.));
#3245 = CARTESIAN_POINT('',(-4.637588332588,-6.963564119377,25.));
#3246 = CARTESIAN_POINT('',(-4.579501156796,-6.938843298052,25.));
#3247 = VECTOR('',#3248,1.);
#3248 = DIRECTION('',(0.,0.,1.));
#3249 = ADVANCED_FACE('',(#3250),#3268,.T.);
#3250 = FACE_BOUND('',#3251,.T.);
#3251 = EDGE_LOOP('',(#3252,#3260,#3266,#3267));
#3252 = ORIENTED_EDGE('',*,*,#3253,.T.);
#3253 = EDGE_CURVE('',#383,#3254,#3256,.T.);
#3254 = VERTEX_POINT('',#3255);
#3255 = CARTESIAN_POINT('',(-4.746468015585,-7.104324205833,23.));
#3256 = LINE('',#3257,#3258);
#3257 = CARTESIAN_POINT('',(-4.746468015585,-7.104324205833,25.));
#3258 = VECTOR('',#3259,1.);
#3259 = DIRECTION('',(-0.,-0.,-1.));
#3260 = ORIENTED_EDGE('',*,*,#3261,.T.);
#3261 = EDGE_CURVE('',#3254,#3228,#3262,.T.);
#3262 = B_SPLINE_CURVE_WITH_KNOTS('',2,(#3263,#3264,#3265),
  .UNSPECIFIED.,.F.,.F.,(3,3),(0.,1.),.PIECEWISE_BEZIER_KNOTS.);
#3263 = CARTESIAN_POINT('',(-4.746468015585,-7.104324205833,23.));
#3264 = CARTESIAN_POINT('',(-4.722557712992,-7.046372116496,23.));
#3265 = CARTESIAN_POINT('',(-4.680140566018,-7.005035661164,23.));
#3266 = ORIENTED_EDGE('',*,*,#3227,.F.);
#3267 = ORIENTED_EDGE('',*,*,#390,.F.);
#3268 = SURFACE_OF_LINEAR_EXTRUSION('',#3269,#3273);
#3269 = B_SPLINE_CURVE_WITH_KNOTS('',2,(#3270,#3271,#3272),
  .UNSPECIFIED.,.F.,.F.,(3,3),(0.,1.),.PIECEWISE_BEZIER_KNOTS.);
#3270 = CARTESIAN_POINT('',(-4.746468015585,-7.104324205833,25.));
#3271 = CARTESIAN_POINT('',(-4.722557712992,-7.046372116496,25.));
#3272 = CARTESIAN_POINT('',(-4.680140566018,-7.005035661164,25.));
#3273 = VECTOR('',#3274,1.);
#3274 = DIRECTION('',(0.,0.,1.));
#3275 = ADVANCED_FACE('',(#3276),#3287,.T.);
#3276 = FACE_BOUND('',#3277,.T.);
#3277 = EDGE_LOOP('',(#3278,#3279,#3285,#3286));
#3278 = ORIENTED_EDGE('',*,*,#2898,.T.);
#3279 = ORIENTED_EDGE('',*,*,#3280,.T.);
#3280 = EDGE_CURVE('',#2891,#3254,#3281,.T.);
#3281 = B_SPLINE_CURVE_WITH_KNOTS('',2,(#3282,#3283,#3284),
  .UNSPECIFIED.,.F.,.F.,(3,3),(0.,1.),.PIECEWISE_BEZIER_KNOTS.);
#3282 = CARTESIAN_POINT('',(-4.770378318179,-7.226307274997,23.));
#3283 = CARTESIAN_POINT('',(-4.770378318179,-7.162141208715,23.));
#3284 = CARTESIAN_POINT('',(-4.746468015585,-7.104324205833,23.));
#3285 = ORIENTED_EDGE('',*,*,#3253,.F.);
#3286 = ORIENTED_EDGE('',*,*,#382,.F.);
#3287 = SURFACE_OF_LINEAR_EXTRUSION('',#3288,#3292);
#3288 = B_SPLINE_CURVE_WITH_KNOTS('',2,(#3289,#3290,#3291),
  .UNSPECIFIED.,.F.,.F.,(3,3),(0.,1.),.PIECEWISE_BEZIER_KNOTS.);
#3289 = CARTESIAN_POINT('',(-4.770378318179,-7.226307274997,25.));
#3290 = CARTESIAN_POINT('',(-4.770378318179,-7.162141208715,25.));
#3291 = CARTESIAN_POINT('',(-4.746468015585,-7.104324205833,25.));
#3292 = VECTOR('',#3293,1.);
#3293 = DIRECTION('',(0.,0.,1.));
#3294 = ADVANCED_FACE('',(#3295),#3320,.T.);
#3295 = FACE_BOUND('',#3296,.T.);
#3296 = EDGE_LOOP('',(#3297,#3305,#3313,#3319));
#3297 = ORIENTED_EDGE('',*,*,#3298,.T.);
#3298 = EDGE_CURVE('',#503,#3299,#3301,.T.);
#3299 = VERTEX_POINT('',#3300);
#3300 = CARTESIAN_POINT('',(-6.401006920484,-4.531332491135,23.));
#3301 = LINE('',#3302,#3303);
#3302 = CARTESIAN_POINT('',(-6.401006920484,-4.531332491135,25.));
#3303 = VECTOR('',#3304,1.);
#3304 = DIRECTION('',(-0.,-0.,-1.));
#3305 = ORIENTED_EDGE('',*,*,#3306,.T.);
#3306 = EDGE_CURVE('',#3299,#3307,#3309,.T.);
#3307 = VERTEX_POINT('',#3308);
#3308 = CARTESIAN_POINT('',(-6.02843847668,-4.47594704445,23.));
#3309 = B_SPLINE_CURVE_WITH_KNOTS('',2,(#3310,#3311,#3312),
  .UNSPECIFIED.,.F.,.F.,(3,3),(0.,1.),.PIECEWISE_BEZIER_KNOTS.);
#3310 = CARTESIAN_POINT('',(-6.401006920484,-4.531332491135,23.));
#3311 = CARTESIAN_POINT('',(-6.227690998294,-4.47594704445,23.));
#3312 = CARTESIAN_POINT('',(-6.02843847668,-4.47594704445,23.));
#3313 = ORIENTED_EDGE('',*,*,#3314,.F.);
#3314 = EDGE_CURVE('',#505,#3307,#3315,.T.);
#3315 = LINE('',#3316,#3317);
#3316 = CARTESIAN_POINT('',(-6.02843847668,-4.47594704445,25.));
#3317 = VECTOR('',#3318,1.);
#3318 = DIRECTION('',(-0.,-0.,-1.));
#3319 = ORIENTED_EDGE('',*,*,#502,.F.);
#3320 = SURFACE_OF_LINEAR_EXTRUSION('',#3321,#3325);
#3321 = B_SPLINE_CURVE_WITH_KNOTS('',2,(#3322,#3323,#3324),
  .UNSPECIFIED.,.F.,.F.,(3,3),(0.,1.),.PIECEWISE_BEZIER_KNOTS.);
#3322 = CARTESIAN_POINT('',(-6.401006920484,-4.531332491135,25.));
#3323 = CARTESIAN_POINT('',(-6.227690998294,-4.47594704445,25.));
#3324 = CARTESIAN_POINT('',(-6.02843847668,-4.47594704445,25.));
#3325 = VECTOR('',#3326,1.);
#3326 = DIRECTION('',(0.,0.,1.));
#3327 = ADVANCED_FACE('',(#3328),#3346,.T.);
#3328 = FACE_BOUND('',#3329,.T.);
#3329 = EDGE_LOOP('',(#3330,#3338,#3344,#3345));
#3330 = ORIENTED_EDGE('',*,*,#3331,.T.);
#3331 = EDGE_CURVE('',#897,#3332,#3334,.T.);
#3332 = VERTEX_POINT('',#3333);
#3333 = CARTESIAN_POINT('',(-6.708058433453,-4.69613796664,23.));
#3334 = LINE('',#3335,#3336);
#3335 = CARTESIAN_POINT('',(-6.708058433453,-4.69613796664,25.));
#3336 = VECTOR('',#3337,1.);
#3337 = DIRECTION('',(-0.,-0.,-1.));
#3338 = ORIENTED_EDGE('',*,*,#3339,.T.);
#3339 = EDGE_CURVE('',#3332,#3299,#3340,.T.);
#3340 = B_SPLINE_CURVE_WITH_KNOTS('',2,(#3341,#3342,#3343),
  .UNSPECIFIED.,.F.,.F.,(3,3),(0.,1.),.PIECEWISE_BEZIER_KNOTS.);
#3341 = CARTESIAN_POINT('',(-6.708058433453,-4.69613796664,23.));
#3342 = CARTESIAN_POINT('',(-6.574187756219,-4.586582851366,23.));
#3343 = CARTESIAN_POINT('',(-6.401006920484,-4.531332491135,23.));
#3344 = ORIENTED_EDGE('',*,*,#3298,.F.);
#3345 = ORIENTED_EDGE('',*,*,#904,.F.);
#3346 = SURFACE_OF_LINEAR_EXTRUSION('',#3347,#3351);
#3347 = B_SPLINE_CURVE_WITH_KNOTS('',2,(#3348,#3349,#3350),
  .UNSPECIFIED.,.F.,.F.,(3,3),(0.,1.),.PIECEWISE_BEZIER_KNOTS.);
#3348 = CARTESIAN_POINT('',(-6.708058433453,-4.69613796664,25.));
#3349 = CARTESIAN_POINT('',(-6.574187756219,-4.586582851366,25.));
#3350 = CARTESIAN_POINT('',(-6.401006920484,-4.531332491135,25.));
#3351 = VECTOR('',#3352,1.);
#3352 = DIRECTION('',(0.,0.,1.));
#3353 = ADVANCED_FACE('',(#3354),#3372,.T.);
#3354 = FACE_BOUND('',#3355,.T.);
#3355 = EDGE_LOOP('',(#3356,#3364,#3370,#3371));
#3356 = ORIENTED_EDGE('',*,*,#3357,.T.);
#3357 = EDGE_CURVE('',#889,#3358,#3360,.T.);
#3358 = VERTEX_POINT('',#3359);
#3359 = CARTESIAN_POINT('',(-6.931086171205,-4.969552952231,23.));
#3360 = LINE('',#3361,#3362);
#3361 = CARTESIAN_POINT('',(-6.931086171205,-4.969552952231,25.));
#3362 = VECTOR('',#3363,1.);
#3363 = DIRECTION('',(-0.,-0.,-1.));
#3364 = ORIENTED_EDGE('',*,*,#3365,.T.);
#3365 = EDGE_CURVE('',#3358,#3332,#3366,.T.);
#3366 = B_SPLINE_CURVE_WITH_KNOTS('',2,(#3367,#3368,#3369),
  .UNSPECIFIED.,.F.,.F.,(3,3),(0.,1.),.PIECEWISE_BEZIER_KNOTS.);
#3367 = CARTESIAN_POINT('',(-6.931086171205,-4.969552952231,23.));
#3368 = CARTESIAN_POINT('',(-6.841794024231,-4.805693081914,23.));
#3369 = CARTESIAN_POINT('',(-6.708058433453,-4.69613796664,23.));
#3370 = ORIENTED_EDGE('',*,*,#3331,.F.);
#3371 = ORIENTED_EDGE('',*,*,#896,.F.);
#3372 = SURFACE_OF_LINEAR_EXTRUSION('',#3373,#3377);
#3373 = B_SPLINE_CURVE_WITH_KNOTS('',2,(#3374,#3375,#3376),
  .UNSPECIFIED.,.F.,.F.,(3,3),(0.,1.),.PIECEWISE_BEZIER_KNOTS.);
#3374 = CARTESIAN_POINT('',(-6.931086171205,-4.969552952231,25.));
#3375 = CARTESIAN_POINT('',(-6.841794024231,-4.805693081914,25.));
#3376 = CARTESIAN_POINT('',(-6.708058433453,-4.69613796664,25.));
#3377 = VECTOR('',#3378,1.);
#3378 = DIRECTION('',(0.,0.,1.));
#3379 = ADVANCED_FACE('',(#3380),#3398,.T.);
#3380 = FACE_BOUND('',#3381,.T.);
#3381 = EDGE_LOOP('',(#3382,#3390,#3396,#3397));
#3382 = ORIENTED_EDGE('',*,*,#3383,.T.);
#3383 = EDGE_CURVE('',#881,#3384,#3386,.T.);
#3384 = VERTEX_POINT('',#3385);
#3385 = CARTESIAN_POINT('',(-7.05131311645,-5.35036166981,23.));
#3386 = LINE('',#3387,#3388);
#3387 = CARTESIAN_POINT('',(-7.05131311645,-5.35036166981,25.));
#3388 = VECTOR('',#3389,1.);
#3389 = DIRECTION('',(-0.,-0.,-1.));
#3390 = ORIENTED_EDGE('',*,*,#3391,.T.);
#3391 = EDGE_CURVE('',#3384,#3358,#3392,.T.);
#3392 = B_SPLINE_CURVE_WITH_KNOTS('',2,(#3393,#3394,#3395),
  .UNSPECIFIED.,.F.,.F.,(3,3),(0.,1.),.PIECEWISE_BEZIER_KNOTS.);
#3393 = CARTESIAN_POINT('',(-7.05131311645,-5.35036166981,23.));
#3394 = CARTESIAN_POINT('',(-7.020243231724,-5.133277736092,23.));
#3395 = CARTESIAN_POINT('',(-6.931086171205,-4.969552952231,23.));
#3396 = ORIENTED_EDGE('',*,*,#3357,.F.);
#3397 = ORIENTED_EDGE('',*,*,#888,.F.);
#3398 = SURFACE_OF_LINEAR_EXTRUSION('',#3399,#3403);
#3399 = B_SPLINE_CURVE_WITH_KNOTS('',2,(#3400,#3401,#3402),
  .UNSPECIFIED.,.F.,.F.,(3,3),(0.,1.),.PIECEWISE_BEZIER_KNOTS.);
#3400 = CARTESIAN_POINT('',(-7.05131311645,-5.35036166981,25.));
#3401 = CARTESIAN_POINT('',(-7.020243231724,-5.133277736092,25.));
#3402 = CARTESIAN_POINT('',(-6.931086171205,-4.969552952231,25.));
#3403 = VECTOR('',#3404,1.);
#3404 = DIRECTION('',(0.,0.,1.));
#3405 = ADVANCED_FACE('',(#3406),#3424,.T.);
#3406 = FACE_BOUND('',#3407,.T.);
#3407 = EDGE_LOOP('',(#3408,#3416,#3422,#3423));
#3408 = ORIENTED_EDGE('',*,*,#3409,.T.);
#3409 = EDGE_CURVE('',#873,#3410,#3412,.T.);
#3410 = VERTEX_POINT('',#3411);
#3411 = CARTESIAN_POINT('',(-6.781680551608,-5.398047188542,23.));
#3412 = LINE('',#3413,#3414);
#3413 = CARTESIAN_POINT('',(-6.781680551608,-5.398047188542,25.));
#3414 = VECTOR('',#3415,1.);
#3415 = DIRECTION('',(-0.,-0.,-1.));
#3416 = ORIENTED_EDGE('',*,*,#3417,.T.);
#3417 = EDGE_CURVE('',#3410,#3384,#3418,.T.);
#3418 = LINE('',#3419,#3420);
#3419 = CARTESIAN_POINT('',(-6.781680551608,-5.398047188542,23.));
#3420 = VECTOR('',#3421,1.);
#3421 = DIRECTION('',(-0.984718925417,0.174151192721,0.));
#3422 = ORIENTED_EDGE('',*,*,#3383,.F.);
#3423 = ORIENTED_EDGE('',*,*,#880,.F.);
#3424 = PLANE('',#3425);
#3425 = AXIS2_PLACEMENT_3D('',#3426,#3427,#3428);
#3426 = CARTESIAN_POINT('',(-6.781680551608,-5.398047188542,25.));
#3427 = DIRECTION('',(0.174151192721,0.984718925417,0.));
#3428 = DIRECTION('',(-0.984718925417,0.174151192721,0.));
#3429 = ADVANCED_FACE('',(#3430),#3448,.T.);
#3430 = FACE_BOUND('',#3431,.T.);
#3431 = EDGE_LOOP('',(#3432,#3440,#3446,#3447));
#3432 = ORIENTED_EDGE('',*,*,#3433,.T.);
#3433 = EDGE_CURVE('',#865,#3434,#3436,.T.);
#3434 = VERTEX_POINT('',#3435);
#3435 = CARTESIAN_POINT('',(-6.71103033547,-5.404261165487,23.));
#3436 = LINE('',#3437,#3438);
#3437 = CARTESIAN_POINT('',(-6.71103033547,-5.404261165487,25.));
#3438 = VECTOR('',#3439,1.);
#3439 = DIRECTION('',(-0.,-0.,-1.));
#3440 = ORIENTED_EDGE('',*,*,#3441,.T.);
#3441 = EDGE_CURVE('',#3434,#3410,#3442,.T.);
#3442 = B_SPLINE_CURVE_WITH_KNOTS('',2,(#3443,#3444,#3445),
  .UNSPECIFIED.,.F.,.F.,(3,3),(0.,1.),.PIECEWISE_BEZIER_KNOTS.);
#3443 = CARTESIAN_POINT('',(-6.71103033547,-5.404261165487,23.));
#3444 = CARTESIAN_POINT('',(-6.744261603482,-5.404261165487,23.));
#3445 = CARTESIAN_POINT('',(-6.781680551608,-5.398047188542,23.));
#3446 = ORIENTED_EDGE('',*,*,#3409,.F.);
#3447 = ORIENTED_EDGE('',*,*,#872,.F.);
#3448 = SURFACE_OF_LINEAR_EXTRUSION('',#3449,#3453);
#3449 = B_SPLINE_CURVE_WITH_KNOTS('',2,(#3450,#3451,#3452),
  .UNSPECIFIED.,.F.,.F.,(3,3),(0.,1.),.PIECEWISE_BEZIER_KNOTS.);
#3450 = CARTESIAN_POINT('',(-6.71103033547,-5.404261165487,25.));
#3451 = CARTESIAN_POINT('',(-6.744261603482,-5.404261165487,25.));
#3452 = CARTESIAN_POINT('',(-6.781680551608,-5.398047188542,25.));
#3453 = VECTOR('',#3454,1.);
#3454 = DIRECTION('',(0.,0.,1.));
#3455 = ADVANCED_FACE('',(#3456),#3474,.T.);
#3456 = FACE_BOUND('',#3457,.T.);
#3457 = EDGE_LOOP('',(#3458,#3466,#3472,#3473));
#3458 = ORIENTED_EDGE('',*,*,#3459,.T.);
#3459 = EDGE_CURVE('',#857,#3460,#3462,.T.);
#3460 = VERTEX_POINT('',#3461);
#3461 = CARTESIAN_POINT('',(-6.59701736717,-5.369814119377,23.));
#3462 = LINE('',#3463,#3464);
#3463 = CARTESIAN_POINT('',(-6.59701736717,-5.369814119377,25.));
#3464 = VECTOR('',#3465,1.);
#3465 = DIRECTION('',(-0.,-0.,-1.));
#3466 = ORIENTED_EDGE('',*,*,#3467,.T.);
#3467 = EDGE_CURVE('',#3460,#3434,#3468,.T.);
#3468 = B_SPLINE_CURVE_WITH_KNOTS('',2,(#3469,#3470,#3471),
  .UNSPECIFIED.,.F.,.F.,(3,3),(0.,1.),.PIECEWISE_BEZIER_KNOTS.);
#3469 = CARTESIAN_POINT('',(-6.59701736717,-5.369814119377,23.));
#3470 = CARTESIAN_POINT('',(-6.640515205787,-5.404261165487,23.));
#3471 = CARTESIAN_POINT('',(-6.71103033547,-5.404261165487,23.));
#3472 = ORIENTED_EDGE('',*,*,#3433,.F.);
#3473 = ORIENTED_EDGE('',*,*,#864,.F.);
#3474 = SURFACE_OF_LINEAR_EXTRUSION('',#3475,#3479);
#3475 = B_SPLINE_CURVE_WITH_KNOTS('',2,(#3476,#3477,#3478),
  .UNSPECIFIED.,.F.,.F.,(3,3),(0.,1.),.PIECEWISE_BEZIER_KNOTS.);
#3476 = CARTESIAN_POINT('',(-6.59701736717,-5.369814119377,25.));
#3477 = CARTESIAN_POINT('',(-6.640515205787,-5.404261165487,25.));
#3478 = CARTESIAN_POINT('',(-6.71103033547,-5.404261165487,25.));
#3479 = VECTOR('',#3480,1.);
#3480 = DIRECTION('',(0.,0.,1.));
#3481 = ADVANCED_FACE('',(#3482),#3500,.T.);
#3482 = FACE_BOUND('',#3483,.T.);
#3483 = EDGE_LOOP('',(#3484,#3492,#3498,#3499));
#3484 = ORIENTED_EDGE('',*,*,#3485,.T.);
#3485 = EDGE_CURVE('',#849,#3486,#3488,.T.);
#3486 = VERTEX_POINT('',#3487);
#3487 = CARTESIAN_POINT('',(-6.528528534317,-5.255666064622,23.));
#3488 = LINE('',#3489,#3490);
#3489 = CARTESIAN_POINT('',(-6.528528534317,-5.255666064622,25.));
#3490 = VECTOR('',#3491,1.);
#3491 = DIRECTION('',(-0.,-0.,-1.));
#3492 = ORIENTED_EDGE('',*,*,#3493,.T.);
#3493 = EDGE_CURVE('',#3486,#3460,#3494,.T.);
#3494 = B_SPLINE_CURVE_WITH_KNOTS('',2,(#3495,#3496,#3497),
  .UNSPECIFIED.,.F.,.F.,(3,3),(0.,1.),.PIECEWISE_BEZIER_KNOTS.);
#3495 = CARTESIAN_POINT('',(-6.528528534317,-5.255666064622,23.));
#3496 = CARTESIAN_POINT('',(-6.553384442098,-5.335231986813,23.));
#3497 = CARTESIAN_POINT('',(-6.59701736717,-5.369814119377,23.));
#3498 = ORIENTED_EDGE('',*,*,#3459,.F.);
#3499 = ORIENTED_EDGE('',*,*,#856,.F.);
#3500 = SURFACE_OF_LINEAR_EXTRUSION('',#3501,#3505);
#3501 = B_SPLINE_CURVE_WITH_KNOTS('',2,(#3502,#3503,#3504),
  .UNSPECIFIED.,.F.,.F.,(3,3),(0.,1.),.PIECEWISE_BEZIER_KNOTS.);
#3502 = CARTESIAN_POINT('',(-6.528528534317,-5.255666064622,25.));
#3503 = CARTESIAN_POINT('',(-6.553384442098,-5.335231986813,25.));
#3504 = CARTESIAN_POINT('',(-6.59701736717,-5.369814119377,25.));
#3505 = VECTOR('',#3506,1.);
#3506 = DIRECTION('',(0.,0.,1.));
#3507 = ADVANCED_FACE('',(#3508),#3526,.T.);
#3508 = FACE_BOUND('',#3509,.T.);
#3509 = EDGE_LOOP('',(#3510,#3518,#3524,#3525));
#3510 = ORIENTED_EDGE('',*,*,#3511,.T.);
#3511 = EDGE_CURVE('',#841,#3512,#3514,.T.);
#3512 = VERTEX_POINT('',#3513);
#3513 = CARTESIAN_POINT('',(-6.360480983885,-5.005621035804,23.));
#3514 = LINE('',#3515,#3516);
#3515 = CARTESIAN_POINT('',(-6.360480983885,-5.005621035804,25.));
#3516 = VECTOR('',#3517,1.);
#3517 = DIRECTION('',(-0.,-0.,-1.));
#3518 = ORIENTED_EDGE('',*,*,#3519,.T.);
#3519 = EDGE_CURVE('',#3512,#3486,#3520,.T.);
#3520 = B_SPLINE_CURVE_WITH_KNOTS('',2,(#3521,#3522,#3523),
  .UNSPECIFIED.,.F.,.F.,(3,3),(0.,1.),.PIECEWISE_BEZIER_KNOTS.);
#3521 = CARTESIAN_POINT('',(-6.360480983885,-5.005621035804,23.));
#3522 = CARTESIAN_POINT('',(-6.48070792913,-5.102883283643,23.));
#3523 = CARTESIAN_POINT('',(-6.528528534317,-5.255666064622,23.));
#3524 = ORIENTED_EDGE('',*,*,#3485,.F.);
#3525 = ORIENTED_EDGE('',*,*,#848,.F.);
#3526 = SURFACE_OF_LINEAR_EXTRUSION('',#3527,#3531);
#3527 = B_SPLINE_CURVE_WITH_KNOTS('',2,(#3528,#3529,#3530),
  .UNSPECIFIED.,.F.,.F.,(3,3),(0.,1.),.PIECEWISE_BEZIER_KNOTS.);
#3528 = CARTESIAN_POINT('',(-6.360480983885,-5.005621035804,25.));
#3529 = CARTESIAN_POINT('',(-6.48070792913,-5.102883283643,25.));
#3530 = CARTESIAN_POINT('',(-6.528528534317,-5.255666064622,25.));
#3531 = VECTOR('',#3532,1.);
#3532 = DIRECTION('',(0.,0.,1.));
#3533 = ADVANCED_FACE('',(#3534),#3552,.T.);
#3534 = FACE_BOUND('',#3535,.T.);
#3535 = EDGE_LOOP('',(#3536,#3544,#3550,#3551));
#3536 = ORIENTED_EDGE('',*,*,#3537,.T.);
#3537 = EDGE_CURVE('',#833,#3538,#3540,.T.);
#3538 = VERTEX_POINT('',#3539);
#3539 = CARTESIAN_POINT('',(-6.057482064577,-4.90822370151,23.));
#3540 = LINE('',#3541,#3542);
#3541 = CARTESIAN_POINT('',(-6.057482064577,-4.90822370151,25.));
#3542 = VECTOR('',#3543,1.);
#3543 = DIRECTION('',(-0.,-0.,-1.));
#3544 = ORIENTED_EDGE('',*,*,#3545,.T.);
#3545 = EDGE_CURVE('',#3538,#3512,#3546,.T.);
#3546 = B_SPLINE_CURVE_WITH_KNOTS('',2,(#3547,#3548,#3549),
  .UNSPECIFIED.,.F.,.F.,(3,3),(0.,1.),.PIECEWISE_BEZIER_KNOTS.);
#3547 = CARTESIAN_POINT('',(-6.057482064577,-4.90822370151,23.));
#3548 = CARTESIAN_POINT('',(-6.240118952185,-4.90822370151,23.));
#3549 = CARTESIAN_POINT('',(-6.360480983885,-5.005621035804,23.));
#3550 = ORIENTED_EDGE('',*,*,#3511,.F.);
#3551 = ORIENTED_EDGE('',*,*,#840,.F.);
#3552 = SURFACE_OF_LINEAR_EXTRUSION('',#3553,#3557);
#3553 = B_SPLINE_CURVE_WITH_KNOTS('',2,(#3554,#3555,#3556),
  .UNSPECIFIED.,.F.,.F.,(3,3),(0.,1.),.PIECEWISE_BEZIER_KNOTS.);
#3554 = CARTESIAN_POINT('',(-6.057482064577,-4.90822370151,25.));
#3555 = CARTESIAN_POINT('',(-6.240118952185,-4.90822370151,25.));
#3556 = CARTESIAN_POINT('',(-6.360480983885,-5.005621035804,25.));
#3557 = VECTOR('',#3558,1.);
#3558 = DIRECTION('',(0.,0.,1.));
#3559 = ADVANCED_FACE('',(#3560),#3578,.T.);
#3560 = FACE_BOUND('',#3561,.T.);
#3561 = EDGE_LOOP('',(#3562,#3570,#3576,#3577));
#3562 = ORIENTED_EDGE('',*,*,#3563,.T.);
#3563 = EDGE_CURVE('',#825,#3564,#3566,.T.);
#3564 = VERTEX_POINT('',#3565);
#3565 = CARTESIAN_POINT('',(-5.740028894548,-5.018319162605,23.));
#3566 = LINE('',#3567,#3568);
#3567 = CARTESIAN_POINT('',(-5.740028894548,-5.018319162605,25.));
#3568 = VECTOR('',#3569,1.);
#3569 = DIRECTION('',(-0.,-0.,-1.));
#3570 = ORIENTED_EDGE('',*,*,#3571,.T.);
#3571 = EDGE_CURVE('',#3564,#3538,#3572,.T.);
#3572 = B_SPLINE_CURVE_WITH_KNOTS('',2,(#3573,#3574,#3575),
  .UNSPECIFIED.,.F.,.F.,(3,3),(0.,1.),.PIECEWISE_BEZIER_KNOTS.);
#3573 = CARTESIAN_POINT('',(-5.740028894548,-5.018319162605,23.));
#3574 = CARTESIAN_POINT('',(-5.856203246133,-4.90822370151,23.));
#3575 = CARTESIAN_POINT('',(-6.057482064577,-4.90822370151,23.));
#3576 = ORIENTED_EDGE('',*,*,#3537,.F.);
#3577 = ORIENTED_EDGE('',*,*,#832,.F.);
#3578 = SURFACE_OF_LINEAR_EXTRUSION('',#3579,#3583);
#3579 = B_SPLINE_CURVE_WITH_KNOTS('',2,(#3580,#3581,#3582),
  .UNSPECIFIED.,.F.,.F.,(3,3),(0.,1.),.PIECEWISE_BEZIER_KNOTS.);
#3580 = CARTESIAN_POINT('',(-5.740028894548,-5.018319162605,25.));
#3581 = CARTESIAN_POINT('',(-5.856203246133,-4.90822370151,25.));
#3582 = CARTESIAN_POINT('',(-6.057482064577,-4.90822370151,25.));
#3583 = VECTOR('',#3584,1.);
#3584 = DIRECTION('',(0.,0.,1.));
#3585 = ADVANCED_FACE('',(#3586),#3604,.T.);
#3586 = FACE_BOUND('',#3587,.T.);
#3587 = EDGE_LOOP('',(#3588,#3596,#3602,#3603));
#3588 = ORIENTED_EDGE('',*,*,#3589,.T.);
#3589 = EDGE_CURVE('',#817,#3590,#3592,.T.);
#3590 = VERTEX_POINT('',#3591);
#3591 = CARTESIAN_POINT('',(-5.623854542963,-5.344012606409,23.));
#3592 = LINE('',#3593,#3594);
#3593 = CARTESIAN_POINT('',(-5.623854542963,-5.344012606409,25.));
#3594 = VECTOR('',#3595,1.);
#3595 = DIRECTION('',(-0.,-0.,-1.));
#3596 = ORIENTED_EDGE('',*,*,#3597,.T.);
#3597 = EDGE_CURVE('',#3590,#3564,#3598,.T.);
#3598 = B_SPLINE_CURVE_WITH_KNOTS('',2,(#3599,#3600,#3601),
  .UNSPECIFIED.,.F.,.F.,(3,3),(0.,1.),.PIECEWISE_BEZIER_KNOTS.);
#3599 = CARTESIAN_POINT('',(-5.623854542963,-5.344012606409,23.));
#3600 = CARTESIAN_POINT('',(-5.623854542963,-5.128279537245,23.));
#3601 = CARTESIAN_POINT('',(-5.740028894548,-5.018319162605,23.));
#3602 = ORIENTED_EDGE('',*,*,#3563,.F.);
#3603 = ORIENTED_EDGE('',*,*,#824,.F.);
#3604 = SURFACE_OF_LINEAR_EXTRUSION('',#3605,#3609);
#3605 = B_SPLINE_CURVE_WITH_KNOTS('',2,(#3606,#3607,#3608),
  .UNSPECIFIED.,.F.,.F.,(3,3),(0.,1.),.PIECEWISE_BEZIER_KNOTS.);
#3606 = CARTESIAN_POINT('',(-5.623854542963,-5.344012606409,25.));
#3607 = CARTESIAN_POINT('',(-5.623854542963,-5.128279537245,25.));
#3608 = CARTESIAN_POINT('',(-5.740028894548,-5.018319162605,25.));
#3609 = VECTOR('',#3610,1.);
#3610 = DIRECTION('',(0.,0.,1.));
#3611 = ADVANCED_FACE('',(#3612),#3630,.T.);
#3612 = FACE_BOUND('',#3613,.T.);
#3613 = EDGE_LOOP('',(#3614,#3622,#3628,#3629));
#3614 = ORIENTED_EDGE('',*,*,#3615,.T.);
#3615 = EDGE_CURVE('',#809,#3616,#3618,.T.);
#3616 = VERTEX_POINT('',#3617);
#3617 = CARTESIAN_POINT('',(-5.652898130859,-5.528540704392,23.));
#3618 = LINE('',#3619,#3620);
#3619 = CARTESIAN_POINT('',(-5.652898130859,-5.528540704392,25.));
#3620 = VECTOR('',#3621,1.);
#3621 = DIRECTION('',(-0.,-0.,-1.));
#3622 = ORIENTED_EDGE('',*,*,#3623,.T.);
#3623 = EDGE_CURVE('',#3616,#3590,#3624,.T.);
#3624 = B_SPLINE_CURVE_WITH_KNOTS('',2,(#3625,#3626,#3627),
  .UNSPECIFIED.,.F.,.F.,(3,3),(0.,1.),.PIECEWISE_BEZIER_KNOTS.);
#3625 = CARTESIAN_POINT('',(-5.652898130859,-5.528540704392,23.));
#3626 = CARTESIAN_POINT('',(-5.623854542963,-5.444652015631,23.));
#3627 = CARTESIAN_POINT('',(-5.623854542963,-5.344012606409,23.));
#3628 = ORIENTED_EDGE('',*,*,#3589,.F.);
#3629 = ORIENTED_EDGE('',*,*,#816,.F.);
#3630 = SURFACE_OF_LINEAR_EXTRUSION('',#3631,#3635);
#3631 = B_SPLINE_CURVE_WITH_KNOTS('',2,(#3632,#3633,#3634),
  .UNSPECIFIED.,.F.,.F.,(3,3),(0.,1.),.PIECEWISE_BEZIER_KNOTS.);
#3632 = CARTESIAN_POINT('',(-5.652898130859,-5.528540704392,25.));
#3633 = CARTESIAN_POINT('',(-5.623854542963,-5.444652015631,25.));
#3634 = CARTESIAN_POINT('',(-5.623854542963,-5.344012606409,25.));
#3635 = VECTOR('',#3636,1.);
#3636 = DIRECTION('',(0.,0.,1.));
#3637 = ADVANCED_FACE('',(#3638),#3656,.T.);
#3638 = FACE_BOUND('',#3639,.T.);
#3639 = EDGE_LOOP('',(#3640,#3648,#3654,#3655));
#3640 = ORIENTED_EDGE('',*,*,#3641,.T.);
#3641 = EDGE_CURVE('',#801,#3642,#3644,.T.);
#3642 = VERTEX_POINT('',#3643);
#3643 = CARTESIAN_POINT('',(-5.755563836911,-5.672002519954,23.));
#3644 = LINE('',#3645,#3646);
#3645 = CARTESIAN_POINT('',(-5.755563836911,-5.672002519954,25.));
#3646 = VECTOR('',#3647,1.);
#3647 = DIRECTION('',(-0.,-0.,-1.));
#3648 = ORIENTED_EDGE('',*,*,#3649,.T.);
#3649 = EDGE_CURVE('',#3642,#3616,#3650,.T.);
#3650 = B_SPLINE_CURVE_WITH_KNOTS('',2,(#3651,#3652,#3653),
  .UNSPECIFIED.,.F.,.F.,(3,3),(0.,1.),.PIECEWISE_BEZIER_KNOTS.);
#3651 = CARTESIAN_POINT('',(-5.755563836911,-5.672002519954,23.));
#3652 = CARTESIAN_POINT('',(-5.681941718755,-5.612294306697,23.));
#3653 = CARTESIAN_POINT('',(-5.652898130859,-5.528540704392,23.));
#3654 = ORIENTED_EDGE('',*,*,#3615,.F.);
#3655 = ORIENTED_EDGE('',*,*,#808,.F.);
#3656 = SURFACE_OF_LINEAR_EXTRUSION('',#3657,#3661);
#3657 = B_SPLINE_CURVE_WITH_KNOTS('',2,(#3658,#3659,#3660),
  .UNSPECIFIED.,.F.,.F.,(3,3),(0.,1.),.PIECEWISE_BEZIER_KNOTS.);
#3658 = CARTESIAN_POINT('',(-5.755563836911,-5.672002519954,25.));
#3659 = CARTESIAN_POINT('',(-5.681941718755,-5.612294306697,25.));
#3660 = CARTESIAN_POINT('',(-5.652898130859,-5.528540704392,25.));
#3661 = VECTOR('',#3662,1.);
#3662 = DIRECTION('',(0.,0.,1.));
#3663 = ADVANCED_FACE('',(#3664),#3682,.T.);
#3664 = FACE_BOUND('',#3665,.T.);
#3665 = EDGE_LOOP('',(#3666,#3674,#3680,#3681));
#3666 = ORIENTED_EDGE('',*,*,#3667,.T.);
#3667 = EDGE_CURVE('',#793,#3668,#3670,.T.);
#3668 = VERTEX_POINT('',#3669);
#3669 = CARTESIAN_POINT('',(-5.953735666882,-5.765212174133,23.));
#3670 = LINE('',#3671,#3672);
#3671 = CARTESIAN_POINT('',(-5.953735666882,-5.765212174133,25.));
#3672 = VECTOR('',#3673,1.);
#3673 = DIRECTION('',(-0.,-0.,-1.));
#3674 = ORIENTED_EDGE('',*,*,#3675,.T.);
#3675 = EDGE_CURVE('',#3668,#3642,#3676,.T.);
#3676 = B_SPLINE_CURVE_WITH_KNOTS('',2,(#3677,#3678,#3679),
  .UNSPECIFIED.,.F.,.F.,(3,3),(0.,1.),.PIECEWISE_BEZIER_KNOTS.);
#3677 = CARTESIAN_POINT('',(-5.953735666882,-5.765212174133,23.));
#3678 = CARTESIAN_POINT('',(-5.829185955067,-5.73171073321,23.));
#3679 = CARTESIAN_POINT('',(-5.755563836911,-5.672002519954,23.));
#3680 = ORIENTED_EDGE('',*,*,#3641,.F.);
#3681 = ORIENTED_EDGE('',*,*,#800,.F.);
#3682 = SURFACE_OF_LINEAR_EXTRUSION('',#3683,#3687);
#3683 = B_SPLINE_CURVE_WITH_KNOTS('',2,(#3684,#3685,#3686),
  .UNSPECIFIED.,.F.,.F.,(3,3),(0.,1.),.PIECEWISE_BEZIER_KNOTS.);
#3684 = CARTESIAN_POINT('',(-5.953735666882,-5.765212174133,25.));
#3685 = CARTESIAN_POINT('',(-5.829185955067,-5.73171073321,25.));
#3686 = CARTESIAN_POINT('',(-5.755563836911,-5.672002519954,25.));
#3687 = VECTOR('',#3688,1.);
#3688 = DIRECTION('',(0.,0.,1.));
#3689 = ADVANCED_FACE('',(#3690),#3708,.T.);
#3690 = FACE_BOUND('',#3691,.T.);
#3691 = EDGE_LOOP('',(#3692,#3700,#3706,#3707));
#3692 = ORIENTED_EDGE('',*,*,#3693,.T.);
#3693 = EDGE_CURVE('',#785,#3694,#3696,.T.);
#3694 = VERTEX_POINT('',#3695);
#3695 = CARTESIAN_POINT('',(-6.267001156796,-5.798713615055,23.));
#3696 = LINE('',#3697,#3698);
#3697 = CARTESIAN_POINT('',(-6.267001156796,-5.798713615055,25.));
#3698 = VECTOR('',#3699,1.);
#3699 = DIRECTION('',(-0.,-0.,-1.));
#3700 = ORIENTED_EDGE('',*,*,#3701,.T.);
#3701 = EDGE_CURVE('',#3694,#3668,#3702,.T.);
#3702 = B_SPLINE_CURVE_WITH_KNOTS('',2,(#3703,#3704,#3705),
  .UNSPECIFIED.,.F.,.F.,(3,3),(0.,1.),.PIECEWISE_BEZIER_KNOTS.);
#3703 = CARTESIAN_POINT('',(-6.267001156796,-5.798713615055,23.));
#3704 = CARTESIAN_POINT('',(-6.078285378698,-5.798713615055,23.));
#3705 = CARTESIAN_POINT('',(-5.953735666882,-5.765212174133,23.));
#3706 = ORIENTED_EDGE('',*,*,#3667,.F.);
#3707 = ORIENTED_EDGE('',*,*,#792,.F.);
#3708 = SURFACE_OF_LINEAR_EXTRUSION('',#3709,#3713);
#3709 = B_SPLINE_CURVE_WITH_KNOTS('',2,(#3710,#3711,#3712),
  .UNSPECIFIED.,.F.,.F.,(3,3),(0.,1.),.PIECEWISE_BEZIER_KNOTS.);
#3710 = CARTESIAN_POINT('',(-6.267001156796,-5.798713615055,25.));
#3711 = CARTESIAN_POINT('',(-6.078285378698,-5.798713615055,25.));
#3712 = CARTESIAN_POINT('',(-5.953735666882,-5.765212174133,25.));
#3713 = VECTOR('',#3714,1.);
#3714 = DIRECTION('',(0.,0.,1.));
#3715 = ADVANCED_FACE('',(#3716),#3734,.T.);
#3716 = FACE_BOUND('',#3717,.T.);
#3717 = EDGE_LOOP('',(#3718,#3726,#3732,#3733));
#3718 = ORIENTED_EDGE('',*,*,#3719,.T.);
#3719 = EDGE_CURVE('',#777,#3720,#3722,.T.);
#3720 = VERTEX_POINT('',#3721);
#3721 = CARTESIAN_POINT('',(-6.267001156796,-6.161826006986,23.));
#3722 = LINE('',#3723,#3724);
#3723 = CARTESIAN_POINT('',(-6.267001156796,-6.161826006986,25.));
#3724 = VECTOR('',#3725,1.);
#3725 = DIRECTION('',(-0.,-0.,-1.));
#3726 = ORIENTED_EDGE('',*,*,#3727,.T.);
#3727 = EDGE_CURVE('',#3720,#3694,#3728,.T.);
#3728 = LINE('',#3729,#3730);
#3729 = CARTESIAN_POINT('',(-6.267001156796,-6.161826006986,23.));
#3730 = VECTOR('',#3731,1.);
#3731 = DIRECTION('',(0.,1.,0.));
#3732 = ORIENTED_EDGE('',*,*,#3693,.F.);
#3733 = ORIENTED_EDGE('',*,*,#784,.F.);
#3734 = PLANE('',#3735);
#3735 = AXIS2_PLACEMENT_3D('',#3736,#3737,#3738);
#3736 = CARTESIAN_POINT('',(-6.267001156796,-6.161826006986,25.));
#3737 = DIRECTION('',(1.,0.,0.));
#3738 = DIRECTION('',(0.,1.,0.));
#3739 = ADVANCED_FACE('',(#3740),#3758,.T.);
#3740 = FACE_BOUND('',#3741,.T.);
#3741 = EDGE_LOOP('',(#3742,#3750,#3756,#3757));
#3742 = ORIENTED_EDGE('',*,*,#3743,.T.);
#3743 = EDGE_CURVE('',#769,#3744,#3746,.T.);
#3744 = VERTEX_POINT('',#3745);
#3745 = CARTESIAN_POINT('',(-5.902943159678,-6.196948485372,23.));
#3746 = LINE('',#3747,#3748);
#3747 = CARTESIAN_POINT('',(-5.902943159678,-6.196948485372,25.));
#3748 = VECTOR('',#3749,1.);
#3749 = DIRECTION('',(-0.,-0.,-1.));
#3750 = ORIENTED_EDGE('',*,*,#3751,.T.);
#3751 = EDGE_CURVE('',#3744,#3720,#3752,.T.);
#3752 = B_SPLINE_CURVE_WITH_KNOTS('',2,(#3753,#3754,#3755),
  .UNSPECIFIED.,.F.,.F.,(3,3),(0.,1.),.PIECEWISE_BEZIER_KNOTS.);
#3753 = CARTESIAN_POINT('',(-5.902943159678,-6.196948485372,23.));
#3754 = CARTESIAN_POINT('',(-6.038840133741,-6.161826006986,23.));
#3755 = CARTESIAN_POINT('',(-6.267001156796,-6.161826006986,23.));
#3756 = ORIENTED_EDGE('',*,*,#3719,.F.);
#3757 = ORIENTED_EDGE('',*,*,#776,.F.);
#3758 = SURFACE_OF_LINEAR_EXTRUSION('',#3759,#3763);
#3759 = B_SPLINE_CURVE_WITH_KNOTS('',2,(#3760,#3761,#3762),
  .UNSPECIFIED.,.F.,.F.,(3,3),(0.,1.),.PIECEWISE_BEZIER_KNOTS.);
#3760 = CARTESIAN_POINT('',(-5.902943159678,-6.196948485372,25.));
#3761 = CARTESIAN_POINT('',(-6.038840133741,-6.161826006986,25.));
#3762 = CARTESIAN_POINT('',(-6.267001156796,-6.161826006986,25.));
#3763 = VECTOR('',#3764,1.);
#3764 = DIRECTION('',(0.,0.,1.));
#3765 = ADVANCED_FACE('',(#3766),#3784,.T.);
#3766 = FACE_BOUND('',#3767,.T.);
#3767 = EDGE_LOOP('',(#3768,#3776,#3782,#3783));
#3768 = ORIENTED_EDGE('',*,*,#3769,.T.);
#3769 = EDGE_CURVE('',#761,#3770,#3772,.T.);
#3770 = VERTEX_POINT('',#3771);
#3771 = CARTESIAN_POINT('',(-5.694369672646,-6.29421073321,23.));
#3772 = LINE('',#3773,#3774);
#3773 = CARTESIAN_POINT('',(-5.694369672646,-6.29421073321,25.));
#3774 = VECTOR('',#3775,1.);
#3775 = DIRECTION('',(-0.,-0.,-1.));
#3776 = ORIENTED_EDGE('',*,*,#3777,.T.);
#3777 = EDGE_CURVE('',#3770,#3744,#3778,.T.);
#3778 = B_SPLINE_CURVE_WITH_KNOTS('',2,(#3779,#3780,#3781),
  .UNSPECIFIED.,.F.,.F.,(3,3),(0.,1.),.PIECEWISE_BEZIER_KNOTS.);
#3779 = CARTESIAN_POINT('',(-5.694369672646,-6.29421073321,23.));
#3780 = CARTESIAN_POINT('',(-5.767046185614,-6.232070963758,23.));
#3781 = CARTESIAN_POINT('',(-5.902943159678,-6.196948485372,23.));
#3782 = ORIENTED_EDGE('',*,*,#3743,.F.);
#3783 = ORIENTED_EDGE('',*,*,#768,.F.);
#3784 = SURFACE_OF_LINEAR_EXTRUSION('',#3785,#3789);
#3785 = B_SPLINE_CURVE_WITH_KNOTS('',2,(#3786,#3787,#3788),
  .UNSPECIFIED.,.F.,.F.,(3,3),(0.,1.),.PIECEWISE_BEZIER_KNOTS.);
#3786 = CARTESIAN_POINT('',(-5.694369672646,-6.29421073321,25.));
#3787 = CARTESIAN_POINT('',(-5.767046185614,-6.232070963758,25.));
#3788 = CARTESIAN_POINT('',(-5.902943159678,-6.196948485372,25.));
#3789 = VECTOR('',#3790,1.);
#3790 = DIRECTION('',(0.,0.,1.));
#3791 = ADVANCED_FACE('',(#3792),#3810,.T.);
#3792 = FACE_BOUND('',#3793,.T.);
#3793 = EDGE_LOOP('',(#3794,#3802,#3808,#3809));
#3794 = ORIENTED_EDGE('',*,*,#3795,.T.);
#3795 = EDGE_CURVE('',#753,#3796,#3798,.T.);
#3796 = VERTEX_POINT('',#3797);
#3797 = CARTESIAN_POINT('',(-5.598998635182,-6.444021612173,23.));
#3798 = LINE('',#3799,#3800);
#3799 = CARTESIAN_POINT('',(-5.598998635182,-6.444021612173,25.));
#3800 = VECTOR('',#3801,1.);
#3801 = DIRECTION('',(-0.,-0.,-1.));
#3802 = ORIENTED_EDGE('',*,*,#3803,.T.);
#3803 = EDGE_CURVE('',#3796,#3770,#3804,.T.);
#3804 = B_SPLINE_CURVE_WITH_KNOTS('',2,(#3805,#3806,#3807),
  .UNSPECIFIED.,.F.,.F.,(3,3),(0.,1.),.PIECEWISE_BEZIER_KNOTS.);
#3805 = CARTESIAN_POINT('',(-5.598998635182,-6.444021612173,23.));
#3806 = CARTESIAN_POINT('',(-5.621693159678,-6.356215416207,23.));
#3807 = CARTESIAN_POINT('',(-5.694369672646,-6.29421073321,23.));
#3808 = ORIENTED_EDGE('',*,*,#3769,.F.);
#3809 = ORIENTED_EDGE('',*,*,#760,.F.);
#3810 = SURFACE_OF_LINEAR_EXTRUSION('',#3811,#3815);
#3811 = B_SPLINE_CURVE_WITH_KNOTS('',2,(#3812,#3813,#3814),
  .UNSPECIFIED.,.F.,.F.,(3,3),(0.,1.),.PIECEWISE_BEZIER_KNOTS.);
#3812 = CARTESIAN_POINT('',(-5.598998635182,-6.444021612173,25.));
#3813 = CARTESIAN_POINT('',(-5.621693159678,-6.356215416207,25.));
#3814 = CARTESIAN_POINT('',(-5.694369672646,-6.29421073321,25.));
#3815 = VECTOR('',#3816,1.);
#3816 = DIRECTION('',(0.,0.,1.));
#3817 = ADVANCED_FACE('',(#3818),#3836,.T.);
#3818 = FACE_BOUND('',#3819,.T.);
#3819 = EDGE_LOOP('',(#3820,#3828,#3834,#3835));
#3820 = ORIENTED_EDGE('',*,*,#3821,.T.);
#3821 = EDGE_CURVE('',#745,#3822,#3824,.T.);
#3822 = VERTEX_POINT('',#3823);
#3823 = CARTESIAN_POINT('',(-5.576169024231,-6.639356626582,23.));
#3824 = LINE('',#3825,#3826);
#3825 = CARTESIAN_POINT('',(-5.576169024231,-6.639356626582,25.));
#3826 = VECTOR('',#3827,1.);
#3827 = DIRECTION('',(-0.,-0.,-1.));
#3828 = ORIENTED_EDGE('',*,*,#3829,.T.);
#3829 = EDGE_CURVE('',#3822,#3796,#3830,.T.);
#3830 = B_SPLINE_CURVE_WITH_KNOTS('',2,(#3831,#3832,#3833),
  .UNSPECIFIED.,.F.,.F.,(3,3),(0.,1.),.PIECEWISE_BEZIER_KNOTS.);
#3831 = CARTESIAN_POINT('',(-5.576169024231,-6.639356626582,23.));
#3832 = CARTESIAN_POINT('',(-5.576169024231,-6.531827808138,23.));
#3833 = CARTESIAN_POINT('',(-5.598998635182,-6.444021612173,23.));
#3834 = ORIENTED_EDGE('',*,*,#3795,.F.);
#3835 = ORIENTED_EDGE('',*,*,#752,.F.);
#3836 = SURFACE_OF_LINEAR_EXTRUSION('',#3837,#3841);
#3837 = B_SPLINE_CURVE_WITH_KNOTS('',2,(#3838,#3839,#3840),
  .UNSPECIFIED.,.F.,.F.,(3,3),(0.,1.),.PIECEWISE_BEZIER_KNOTS.);
#3838 = CARTESIAN_POINT('',(-5.576169024231,-6.639356626582,25.));
#3839 = CARTESIAN_POINT('',(-5.576169024231,-6.531827808138,25.));
#3840 = CARTESIAN_POINT('',(-5.598998635182,-6.444021612173,25.));
#3841 = VECTOR('',#3842,1.);
#3842 = DIRECTION('',(0.,0.,1.));
#3843 = ADVANCED_FACE('',(#3844),#3862,.T.);
#3844 = FACE_BOUND('',#3845,.T.);
#3845 = EDGE_LOOP('',(#3846,#3854,#3860,#3861));
#3846 = ORIENTED_EDGE('',*,*,#3847,.T.);
#3847 = EDGE_CURVE('',#737,#3848,#3850,.T.);
#3848 = VERTEX_POINT('',#3849);
#3849 = CARTESIAN_POINT('',(-5.6083196006,-6.807944522836,23.));
#3850 = LINE('',#3851,#3852);
#3851 = CARTESIAN_POINT('',(-5.6083196006,-6.807944522836,25.));
#3852 = VECTOR('',#3853,1.);
#3853 = DIRECTION('',(-0.,-0.,-1.));
#3854 = ORIENTED_EDGE('',*,*,#3855,.T.);
#3855 = EDGE_CURVE('',#3848,#3822,#3856,.T.);
#3856 = B_SPLINE_CURVE_WITH_KNOTS('',2,(#3857,#3858,#3859),
  .UNSPECIFIED.,.F.,.F.,(3,3),(0.,1.),.PIECEWISE_BEZIER_KNOTS.);
#3857 = CARTESIAN_POINT('',(-5.6083196006,-6.807944522836,23.));
#3858 = CARTESIAN_POINT('',(-5.576169024231,-6.72419092053,23.));
#3859 = CARTESIAN_POINT('',(-5.576169024231,-6.639356626582,23.));
#3860 = ORIENTED_EDGE('',*,*,#3821,.F.);
#3861 = ORIENTED_EDGE('',*,*,#744,.F.);
#3862 = SURFACE_OF_LINEAR_EXTRUSION('',#3863,#3867);
#3863 = B_SPLINE_CURVE_WITH_KNOTS('',2,(#3864,#3865,#3866),
  .UNSPECIFIED.,.F.,.F.,(3,3),(0.,1.),.PIECEWISE_BEZIER_KNOTS.);
#3864 = CARTESIAN_POINT('',(-5.6083196006,-6.807944522836,25.));
#3865 = CARTESIAN_POINT('',(-5.576169024231,-6.72419092053,25.));
#3866 = CARTESIAN_POINT('',(-5.576169024231,-6.639356626582,25.));
#3867 = VECTOR('',#3868,1.);
#3868 = DIRECTION('',(0.,0.,1.));
#3869 = ADVANCED_FACE('',(#3870),#3888,.T.);
#3870 = FACE_BOUND('',#3871,.T.);
#3871 = EDGE_LOOP('',(#3872,#3880,#3886,#3887));
#3872 = ORIENTED_EDGE('',*,*,#3873,.T.);
#3873 = EDGE_CURVE('',#729,#3874,#3876,.T.);
#3874 = VERTEX_POINT('',#3875);
#3875 = CARTESIAN_POINT('',(-5.705852021349,-6.959916785084,23.));
#3876 = LINE('',#3877,#3878);
#3877 = CARTESIAN_POINT('',(-5.705852021349,-6.959916785084,25.));
#3878 = VECTOR('',#3879,1.);
#3879 = DIRECTION('',(-0.,-0.,-1.));
#3880 = ORIENTED_EDGE('',*,*,#3881,.T.);
#3881 = EDGE_CURVE('',#3874,#3848,#3882,.T.);
#3882 = B_SPLINE_CURVE_WITH_KNOTS('',2,(#3883,#3884,#3885),
  .UNSPECIFIED.,.F.,.F.,(3,3),(0.,1.),.PIECEWISE_BEZIER_KNOTS.);
#3883 = CARTESIAN_POINT('',(-5.705852021349,-6.959916785084,23.));
#3884 = CARTESIAN_POINT('',(-5.640470176969,-6.891563038686,23.));
#3885 = CARTESIAN_POINT('',(-5.6083196006,-6.807944522836,23.));
#3886 = ORIENTED_EDGE('',*,*,#3847,.F.);
#3887 = ORIENTED_EDGE('',*,*,#736,.F.);
#3888 = SURFACE_OF_LINEAR_EXTRUSION('',#3889,#3893);
#3889 = B_SPLINE_CURVE_WITH_KNOTS('',2,(#3890,#3891,#3892),
  .UNSPECIFIED.,.F.,.F.,(3,3),(0.,1.),.PIECEWISE_BEZIER_KNOTS.);
#3890 = CARTESIAN_POINT('',(-5.705852021349,-6.959916785084,25.));
#3891 = CARTESIAN_POINT('',(-5.640470176969,-6.891563038686,25.));
#3892 = CARTESIAN_POINT('',(-5.6083196006,-6.807944522836,25.));
#3893 = VECTOR('',#3894,1.);
#3894 = DIRECTION('',(0.,0.,1.));
#3895 = ADVANCED_FACE('',(#3896),#3914,.T.);
#3896 = FACE_BOUND('',#3897,.T.);
#3897 = EDGE_LOOP('',(#3898,#3906,#3912,#3913));
#3898 = ORIENTED_EDGE('',*,*,#3899,.T.);
#3899 = EDGE_CURVE('',#721,#3900,#3902,.T.);
#3900 = VERTEX_POINT('',#3901);
#3901 = CARTESIAN_POINT('',(-5.868631200023,-7.070552592,23.));
#3902 = LINE('',#3903,#3904);
#3903 = CARTESIAN_POINT('',(-5.868631200023,-7.070552592,25.));
#3904 = VECTOR('',#3905,1.);
#3905 = DIRECTION('',(-0.,-0.,-1.));
#3906 = ORIENTED_EDGE('',*,*,#3907,.T.);
#3907 = EDGE_CURVE('',#3900,#3874,#3908,.T.);
#3908 = B_SPLINE_CURVE_WITH_KNOTS('',2,(#3909,#3910,#3911),
  .UNSPECIFIED.,.F.,.F.,(3,3),(0.,1.),.PIECEWISE_BEZIER_KNOTS.);
#3909 = CARTESIAN_POINT('',(-5.868631200023,-7.070552592,23.));
#3910 = CARTESIAN_POINT('',(-5.771098779274,-7.028135445026,23.));
#3911 = CARTESIAN_POINT('',(-5.705852021349,-6.959916785084,23.));
#3912 = ORIENTED_EDGE('',*,*,#3873,.F.);
#3913 = ORIENTED_EDGE('',*,*,#728,.F.);
#3914 = SURFACE_OF_LINEAR_EXTRUSION('',#3915,#3919);
#3915 = B_SPLINE_CURVE_WITH_KNOTS('',2,(#3916,#3917,#3918),
  .UNSPECIFIED.,.F.,.F.,(3,3),(0.,1.),.PIECEWISE_BEZIER_KNOTS.);
#3916 = CARTESIAN_POINT('',(-5.868631200023,-7.070552592,25.));
#3917 = CARTESIAN_POINT('',(-5.771098779274,-7.028135445026,25.));
#3918 = CARTESIAN_POINT('',(-5.705852021349,-6.959916785084,25.));
#3919 = VECTOR('',#3920,1.);
#3920 = DIRECTION('',(0.,0.,1.));
#3921 = ADVANCED_FACE('',(#3922),#3940,.T.);
#3922 = FACE_BOUND('',#3923,.T.);
#3923 = EDGE_LOOP('',(#3924,#3932,#3938,#3939));
#3924 = ORIENTED_EDGE('',*,*,#3925,.T.);
#3925 = EDGE_CURVE('',#713,#3926,#3928,.T.);
#3926 = VERTEX_POINT('',#3927);
#3927 = CARTESIAN_POINT('',(-6.096927309533,-7.112834652519,23.));
#3928 = LINE('',#3929,#3930);
#3929 = CARTESIAN_POINT('',(-6.096927309533,-7.112834652519,25.));
#3930 = VECTOR('',#3931,1.);
#3931 = DIRECTION('',(-0.,-0.,-1.));
#3932 = ORIENTED_EDGE('',*,*,#3933,.T.);
#3933 = EDGE_CURVE('',#3926,#3900,#3934,.T.);
#3934 = B_SPLINE_CURVE_WITH_KNOTS('',2,(#3935,#3936,#3937),
  .UNSPECIFIED.,.F.,.F.,(3,3),(0.,1.),.PIECEWISE_BEZIER_KNOTS.);
#3935 = CARTESIAN_POINT('',(-6.096927309533,-7.112834652519,23.));
#3936 = CARTESIAN_POINT('',(-5.966163620773,-7.112834652519,23.));
#3937 = CARTESIAN_POINT('',(-5.868631200023,-7.070552592,23.));
#3938 = ORIENTED_EDGE('',*,*,#3899,.F.);
#3939 = ORIENTED_EDGE('',*,*,#720,.F.);
#3940 = SURFACE_OF_LINEAR_EXTRUSION('',#3941,#3945);
#3941 = B_SPLINE_CURVE_WITH_KNOTS('',2,(#3942,#3943,#3944),
  .UNSPECIFIED.,.F.,.F.,(3,3),(0.,1.),.PIECEWISE_BEZIER_KNOTS.);
#3942 = CARTESIAN_POINT('',(-6.096927309533,-7.112834652519,25.));
#3943 = CARTESIAN_POINT('',(-5.966163620773,-7.112834652519,25.));
#3944 = CARTESIAN_POINT('',(-5.868631200023,-7.070552592,25.));
#3945 = VECTOR('',#3946,1.);
#3946 = DIRECTION('',(0.,0.,1.));
#3947 = ADVANCED_FACE('',(#3948),#3966,.T.);
#3948 = FACE_BOUND('',#3949,.T.);
#3949 = EDGE_LOOP('',(#3950,#3958,#3964,#3965));
#3950 = ORIENTED_EDGE('',*,*,#3951,.T.);
#3951 = EDGE_CURVE('',#705,#3952,#3954,.T.);
#3952 = VERTEX_POINT('',#3953);
#3953 = CARTESIAN_POINT('',(-6.297125436335,-7.078792865775,23.));
#3954 = LINE('',#3955,#3956);
#3955 = CARTESIAN_POINT('',(-6.297125436335,-7.078792865775,25.));
#3956 = VECTOR('',#3957,1.);
#3957 = DIRECTION('',(-0.,-0.,-1.));
#3958 = ORIENTED_EDGE('',*,*,#3959,.T.);
#3959 = EDGE_CURVE('',#3952,#3926,#3960,.T.);
#3960 = B_SPLINE_CURVE_WITH_KNOTS('',2,(#3961,#3962,#3963),
  .UNSPECIFIED.,.F.,.F.,(3,3),(0.,1.),.PIECEWISE_BEZIER_KNOTS.);
#3961 = CARTESIAN_POINT('',(-6.297125436335,-7.078792865775,23.));
#3962 = CARTESIAN_POINT('',(-6.213101661118,-7.112834652519,23.));
#3963 = CARTESIAN_POINT('',(-6.096927309533,-7.112834652519,23.));
#3964 = ORIENTED_EDGE('',*,*,#3925,.F.);
#3965 = ORIENTED_EDGE('',*,*,#712,.F.);
#3966 = SURFACE_OF_LINEAR_EXTRUSION('',#3967,#3971);
#3967 = B_SPLINE_CURVE_WITH_KNOTS('',2,(#3968,#3969,#3970),
  .UNSPECIFIED.,.F.,.F.,(3,3),(0.,1.),.PIECEWISE_BEZIER_KNOTS.);
#3968 = CARTESIAN_POINT('',(-6.297125436335,-7.078792865775,25.));
#3969 = CARTESIAN_POINT('',(-6.213101661118,-7.112834652519,25.));
#3970 = CARTESIAN_POINT('',(-6.096927309533,-7.112834652519,25.));
#3971 = VECTOR('',#3972,1.);
#3972 = DIRECTION('',(0.,0.,1.));
#3973 = ADVANCED_FACE('',(#3974),#3992,.T.);
#3974 = FACE_BOUND('',#3975,.T.);
#3975 = EDGE_LOOP('',(#3976,#3984,#3990,#3991));
#3976 = ORIENTED_EDGE('',*,*,#3977,.T.);
#3977 = EDGE_CURVE('',#697,#3978,#3980,.T.);
#3978 = VERTEX_POINT('',#3979);
#3979 = CARTESIAN_POINT('',(-6.443424067459,-6.989770891712,23.));
#3980 = LINE('',#3981,#3982);
#3981 = CARTESIAN_POINT('',(-6.443424067459,-6.989770891712,25.));
#3982 = VECTOR('',#3983,1.);
#3983 = DIRECTION('',(-0.,-0.,-1.));
#3984 = ORIENTED_EDGE('',*,*,#3985,.T.);
#3985 = EDGE_CURVE('',#3978,#3952,#3986,.T.);
#3986 = B_SPLINE_CURVE_WITH_KNOTS('',2,(#3987,#3988,#3989),
  .UNSPECIFIED.,.F.,.F.,(3,3),(0.,1.),.PIECEWISE_BEZIER_KNOTS.);
#3987 = CARTESIAN_POINT('',(-6.443424067459,-6.989770891712,23.));
#3988 = CARTESIAN_POINT('',(-6.381149211551,-7.044615992576,23.));
#3989 = CARTESIAN_POINT('',(-6.297125436335,-7.078792865775,23.));
#3990 = ORIENTED_EDGE('',*,*,#3951,.F.);
#3991 = ORIENTED_EDGE('',*,*,#704,.F.);
#3992 = SURFACE_OF_LINEAR_EXTRUSION('',#3993,#3997);
#3993 = B_SPLINE_CURVE_WITH_KNOTS('',2,(#3994,#3995,#3996),
  .UNSPECIFIED.,.F.,.F.,(3,3),(0.,1.),.PIECEWISE_BEZIER_KNOTS.);
#3994 = CARTESIAN_POINT('',(-6.443424067459,-6.989770891712,25.));
#3995 = CARTESIAN_POINT('',(-6.381149211551,-7.044615992576,25.));
#3996 = CARTESIAN_POINT('',(-6.297125436335,-7.078792865775,25.));
#3997 = VECTOR('',#3998,1.);
#3998 = DIRECTION('',(0.,0.,1.));
#3999 = ADVANCED_FACE('',(#4000),#4018,.T.);
#4000 = FACE_BOUND('',#4001,.T.);
#4001 = EDGE_LOOP('',(#4002,#4010,#4016,#4017));
#4002 = ORIENTED_EDGE('',*,*,#4003,.T.);
#4003 = EDGE_CURVE('',#689,#4004,#4006,.T.);
#4004 = VERTEX_POINT('',#4005);
#4005 = CARTESIAN_POINT('',(-6.550277453626,-6.864680834075,23.));
#4006 = LINE('',#4007,#4008);
#4007 = CARTESIAN_POINT('',(-6.550277453626,-6.864680834075,25.));
#4008 = VECTOR('',#4009,1.);
#4009 = DIRECTION('',(-0.,-0.,-1.));
#4010 = ORIENTED_EDGE('',*,*,#4011,.T.);
#4011 = EDGE_CURVE('',#4004,#3978,#4012,.T.);
#4012 = B_SPLINE_CURVE_WITH_KNOTS('',2,(#4013,#4014,#4015),
  .UNSPECIFIED.,.F.,.F.,(3,3),(0.,1.),.PIECEWISE_BEZIER_KNOTS.);
#4013 = CARTESIAN_POINT('',(-6.550277453626,-6.864680834075,23.));
#4014 = CARTESIAN_POINT('',(-6.505698923366,-6.934925790847,23.));
#4015 = CARTESIAN_POINT('',(-6.443424067459,-6.989770891712,23.));
#4016 = ORIENTED_EDGE('',*,*,#3977,.F.);
#4017 = ORIENTED_EDGE('',*,*,#696,.F.);
#4018 = SURFACE_OF_LINEAR_EXTRUSION('',#4019,#4023);
#4019 = B_SPLINE_CURVE_WITH_KNOTS('',2,(#4020,#4021,#4022),
  .UNSPECIFIED.,.F.,.F.,(3,3),(0.,1.),.PIECEWISE_BEZIER_KNOTS.);
#4020 = CARTESIAN_POINT('',(-6.550277453626,-6.864680834075,25.));
#4021 = CARTESIAN_POINT('',(-6.505698923366,-6.934925790847,25.));
#4022 = CARTESIAN_POINT('',(-6.443424067459,-6.989770891712,25.));
#4023 = VECTOR('',#4024,1.);
#4024 = DIRECTION('',(0.,0.,1.));
#4025 = ADVANCED_FACE('',(#4026),#4044,.T.);
#4026 = FACE_BOUND('',#4027,.T.);
#4027 = EDGE_LOOP('',(#4028,#4036,#4042,#4043));
#4028 = ORIENTED_EDGE('',*,*,#4029,.T.);
#4029 = EDGE_CURVE('',#681,#4030,#4032,.T.);
#4030 = VERTEX_POINT('',#4031);
#4031 = CARTESIAN_POINT('',(-6.632274932012,-6.72189445079,23.));
#4032 = LINE('',#4033,#4034);
#4033 = CARTESIAN_POINT('',(-6.632274932012,-6.72189445079,25.));
#4034 = VECTOR('',#4035,1.);
#4035 = DIRECTION('',(-0.,-0.,-1.));
#4036 = ORIENTED_EDGE('',*,*,#4037,.T.);
#4037 = EDGE_CURVE('',#4030,#4004,#4038,.T.);
#4038 = B_SPLINE_CURVE_WITH_KNOTS('',2,(#4039,#4040,#4041),
  .UNSPECIFIED.,.F.,.F.,(3,3),(0.,1.),.PIECEWISE_BEZIER_KNOTS.);
#4039 = CARTESIAN_POINT('',(-6.632274932012,-6.72189445079,23.));
#4040 = CARTESIAN_POINT('',(-6.594855983885,-6.794300790847,23.));
#4041 = CARTESIAN_POINT('',(-6.550277453626,-6.864680834075,23.));
#4042 = ORIENTED_EDGE('',*,*,#4003,.F.);
#4043 = ORIENTED_EDGE('',*,*,#688,.F.);
#4044 = SURFACE_OF_LINEAR_EXTRUSION('',#4045,#4049);
#4045 = B_SPLINE_CURVE_WITH_KNOTS('',2,(#4046,#4047,#4048),
  .UNSPECIFIED.,.F.,.F.,(3,3),(0.,1.),.PIECEWISE_BEZIER_KNOTS.);
#4046 = CARTESIAN_POINT('',(-6.632274932012,-6.72189445079,25.));
#4047 = CARTESIAN_POINT('',(-6.594855983885,-6.794300790847,25.));
#4048 = CARTESIAN_POINT('',(-6.550277453626,-6.864680834075,25.));
#4049 = VECTOR('',#4050,1.);
#4050 = DIRECTION('',(0.,0.,1.));
#4051 = ADVANCED_FACE('',(#4052),#4070,.T.);
#4052 = FACE_BOUND('',#4053,.T.);
#4053 = EDGE_LOOP('',(#4054,#4062,#4068,#4069));
#4054 = ORIENTED_EDGE('',*,*,#4055,.T.);
#4055 = EDGE_CURVE('',#673,#4056,#4058,.T.);
#4056 = VERTEX_POINT('',#4057);
#4057 = CARTESIAN_POINT('',(-6.697656776392,-6.655837174133,23.));
#4058 = LINE('',#4059,#4060);
#4059 = CARTESIAN_POINT('',(-6.697656776392,-6.655837174133,25.));
#4060 = VECTOR('',#4061,1.);
#4061 = DIRECTION('',(-0.,-0.,-1.));
#4062 = ORIENTED_EDGE('',*,*,#4063,.T.);
#4063 = EDGE_CURVE('',#4056,#4030,#4064,.T.);
#4064 = B_SPLINE_CURVE_WITH_KNOTS('',2,(#4065,#4066,#4067),
  .UNSPECIFIED.,.F.,.F.,(3,3),(0.,1.),.PIECEWISE_BEZIER_KNOTS.);
#4065 = CARTESIAN_POINT('',(-6.697656776392,-6.655837174133,23.));
#4066 = CARTESIAN_POINT('',(-6.655104542963,-6.678531698628,23.));
#4067 = CARTESIAN_POINT('',(-6.632274932012,-6.72189445079,23.));
#4068 = ORIENTED_EDGE('',*,*,#4029,.F.);
#4069 = ORIENTED_EDGE('',*,*,#680,.F.);
#4070 = SURFACE_OF_LINEAR_EXTRUSION('',#4071,#4075);
#4071 = B_SPLINE_CURVE_WITH_KNOTS('',2,(#4072,#4073,#4074),
  .UNSPECIFIED.,.F.,.F.,(3,3),(0.,1.),.PIECEWISE_BEZIER_KNOTS.);
#4072 = CARTESIAN_POINT('',(-6.697656776392,-6.655837174133,25.));
#4073 = CARTESIAN_POINT('',(-6.655104542963,-6.678531698628,25.));
#4074 = CARTESIAN_POINT('',(-6.632274932012,-6.72189445079,25.));
#4075 = VECTOR('',#4076,1.);
#4076 = DIRECTION('',(0.,0.,1.));
#4077 = ADVANCED_FACE('',(#4078),#4096,.T.);
#4078 = FACE_BOUND('',#4079,.T.);
#4079 = EDGE_LOOP('',(#4080,#4088,#4094,#4095));
#4080 = ORIENTED_EDGE('',*,*,#4081,.T.);
#4081 = EDGE_CURVE('',#665,#4082,#4084,.T.);
#4082 = VERTEX_POINT('',#4083);
#4083 = CARTESIAN_POINT('',(-6.794108505499,-6.633007563182,23.));
#4084 = LINE('',#4085,#4086);
#4085 = CARTESIAN_POINT('',(-6.794108505499,-6.633007563182,25.));
#4086 = VECTOR('',#4087,1.);
#4087 = DIRECTION('',(-0.,-0.,-1.));
#4088 = ORIENTED_EDGE('',*,*,#4089,.T.);
#4089 = EDGE_CURVE('',#4082,#4056,#4090,.T.);
#4090 = B_SPLINE_CURVE_WITH_KNOTS('',2,(#4091,#4092,#4093),
  .UNSPECIFIED.,.F.,.F.,(3,3),(0.,1.),.PIECEWISE_BEZIER_KNOTS.);
#4091 = CARTESIAN_POINT('',(-6.794108505499,-6.633007563182,23.));
#4092 = CARTESIAN_POINT('',(-6.740073923366,-6.633007563182,23.));
#4093 = CARTESIAN_POINT('',(-6.697656776392,-6.655837174133,23.));
#4094 = ORIENTED_EDGE('',*,*,#4055,.F.);
#4095 = ORIENTED_EDGE('',*,*,#672,.F.);
#4096 = SURFACE_OF_LINEAR_EXTRUSION('',#4097,#4101);
#4097 = B_SPLINE_CURVE_WITH_KNOTS('',2,(#4098,#4099,#4100),
  .UNSPECIFIED.,.F.,.F.,(3,3),(0.,1.),.PIECEWISE_BEZIER_KNOTS.);
#4098 = CARTESIAN_POINT('',(-6.794108505499,-6.633007563182,25.));
#4099 = CARTESIAN_POINT('',(-6.740073923366,-6.633007563182,25.));
#4100 = CARTESIAN_POINT('',(-6.697656776392,-6.655837174133,25.));
#4101 = VECTOR('',#4102,1.);
#4102 = DIRECTION('',(0.,0.,1.));
#4103 = ADVANCED_FACE('',(#4104),#4122,.T.);
#4104 = FACE_BOUND('',#4105,.T.);
#4105 = EDGE_LOOP('',(#4106,#4114,#4120,#4121));
#4106 = ORIENTED_EDGE('',*,*,#4107,.T.);
#4107 = EDGE_CURVE('',#657,#4108,#4110,.T.);
#4108 = VERTEX_POINT('',#4109);
#4109 = CARTESIAN_POINT('',(-6.912309153914,-6.65880907615,23.));
#4110 = LINE('',#4111,#4112);
#4111 = CARTESIAN_POINT('',(-6.912309153914,-6.65880907615,25.));
#4112 = VECTOR('',#4113,1.);
#4113 = DIRECTION('',(-0.,-0.,-1.));
#4114 = ORIENTED_EDGE('',*,*,#4115,.T.);
#4115 = EDGE_CURVE('',#4108,#4082,#4116,.T.);
#4116 = B_SPLINE_CURVE_WITH_KNOTS('',2,(#4117,#4118,#4119),
  .UNSPECIFIED.,.F.,.F.,(3,3),(0.,1.),.PIECEWISE_BEZIER_KNOTS.);
#4117 = CARTESIAN_POINT('',(-6.912309153914,-6.65880907615,23.));
#4118 = CARTESIAN_POINT('',(-6.854221978121,-6.633007563182,23.));
#4119 = CARTESIAN_POINT('',(-6.794108505499,-6.633007563182,23.));
#4120 = ORIENTED_EDGE('',*,*,#4081,.F.);
#4121 = ORIENTED_EDGE('',*,*,#664,.F.);
#4122 = SURFACE_OF_LINEAR_EXTRUSION('',#4123,#4127);
#4123 = B_SPLINE_CURVE_WITH_KNOTS('',2,(#4124,#4125,#4126),
  .UNSPECIFIED.,.F.,.F.,(3,3),(0.,1.),.PIECEWISE_BEZIER_KNOTS.);
#4124 = CARTESIAN_POINT('',(-6.912309153914,-6.65880907615,25.));
#4125 = CARTESIAN_POINT('',(-6.854221978121,-6.633007563182,25.));
#4126 = CARTESIAN_POINT('',(-6.794108505499,-6.633007563182,25.));
#4127 = VECTOR('',#4128,1.);
#4128 = DIRECTION('',(0.,0.,1.));
#4129 = ADVANCED_FACE('',(#4130),#4148,.T.);
#4130 = FACE_BOUND('',#4131,.T.);
#4131 = EDGE_LOOP('',(#4132,#4140,#4146,#4147));
#4132 = ORIENTED_EDGE('',*,*,#4133,.T.);
#4133 = EDGE_CURVE('',#649,#4134,#4136,.T.);
#4134 = VERTEX_POINT('',#4135);
#4135 = CARTESIAN_POINT('',(-7.138578966594,-6.755530978167,23.));
#4136 = LINE('',#4137,#4138);
#4137 = CARTESIAN_POINT('',(-7.138578966594,-6.755530978167,25.));
#4138 = VECTOR('',#4139,1.);
#4139 = DIRECTION('',(-0.,-0.,-1.));
#4140 = ORIENTED_EDGE('',*,*,#4141,.T.);
#4141 = EDGE_CURVE('',#4134,#4108,#4142,.T.);
#4142 = LINE('',#4143,#4144);
#4143 = CARTESIAN_POINT('',(-7.138578966594,-6.755530978167,23.));
#4144 = VECTOR('',#4145,1.);
#4145 = DIRECTION('',(0.919513757053,0.393057820925,0.));
#4146 = ORIENTED_EDGE('',*,*,#4107,.F.);
#4147 = ORIENTED_EDGE('',*,*,#656,.F.);
#4148 = PLANE('',#4149);
#4149 = AXIS2_PLACEMENT_3D('',#4150,#4151,#4152);
#4150 = CARTESIAN_POINT('',(-7.138578966594,-6.755530978167,25.));
#4151 = DIRECTION('',(0.393057820925,-0.919513757053,0.));
#4152 = DIRECTION('',(0.919513757053,0.393057820925,0.));
#4153 = ADVANCED_FACE('',(#4154),#4172,.T.);
#4154 = FACE_BOUND('',#4155,.T.);
#4155 = EDGE_LOOP('',(#4156,#4164,#4170,#4171));
#4156 = ORIENTED_EDGE('',*,*,#4157,.T.);
#4157 = EDGE_CURVE('',#641,#4158,#4160,.T.);
#4158 = VERTEX_POINT('',#4159);
#4159 = CARTESIAN_POINT('',(-6.989173346997,-7.093652375862,23.));
#4160 = LINE('',#4161,#4162);
#4161 = CARTESIAN_POINT('',(-6.989173346997,-7.093652375862,25.));
#4162 = VECTOR('',#4163,1.);
#4163 = DIRECTION('',(-0.,-0.,-1.));
#4164 = ORIENTED_EDGE('',*,*,#4165,.T.);
#4165 = EDGE_CURVE('',#4158,#4134,#4166,.T.);
#4166 = B_SPLINE_CURVE_WITH_KNOTS('',2,(#4167,#4168,#4169),
  .UNSPECIFIED.,.F.,.F.,(3,3),(0.,1.),.PIECEWISE_BEZIER_KNOTS.);
#4167 = CARTESIAN_POINT('',(-6.989173346997,-7.093652375862,23.));
#4168 = CARTESIAN_POINT('',(-7.076304110686,-6.947218658282,23.));
#4169 = CARTESIAN_POINT('',(-7.138578966594,-6.755530978167,23.));
#4170 = ORIENTED_EDGE('',*,*,#4133,.F.);
#4171 = ORIENTED_EDGE('',*,*,#648,.F.);
#4172 = SURFACE_OF_LINEAR_EXTRUSION('',#4173,#4177);
#4173 = B_SPLINE_CURVE_WITH_KNOTS('',2,(#4174,#4175,#4176),
  .UNSPECIFIED.,.F.,.F.,(3,3),(0.,1.),.PIECEWISE_BEZIER_KNOTS.);
#4174 = CARTESIAN_POINT('',(-6.989173346997,-7.093652375862,25.));
#4175 = CARTESIAN_POINT('',(-7.076304110686,-6.947218658282,25.));
#4176 = CARTESIAN_POINT('',(-7.138578966594,-6.755530978167,25.));
#4177 = VECTOR('',#4178,1.);
#4178 = DIRECTION('',(0.,0.,1.));
#4179 = ADVANCED_FACE('',(#4180),#4198,.T.);
#4180 = FACE_BOUND('',#4181,.T.);
#4181 = EDGE_LOOP('',(#4182,#4190,#4196,#4197));
#4182 = ORIENTED_EDGE('',*,*,#4183,.T.);
#4183 = EDGE_CURVE('',#633,#4184,#4186,.T.);
#4184 = VERTEX_POINT('',#4185);
#4185 = CARTESIAN_POINT('',(-6.777492871493,-7.340995675573,23.));
#4186 = LINE('',#4187,#4188);
#4187 = CARTESIAN_POINT('',(-6.777492871493,-7.340995675573,25.));
#4188 = VECTOR('',#4189,1.);
#4189 = DIRECTION('',(-0.,-0.,-1.));
#4190 = ORIENTED_EDGE('',*,*,#4191,.T.);
#4191 = EDGE_CURVE('',#4184,#4158,#4192,.T.);
#4192 = B_SPLINE_CURVE_WITH_KNOTS('',2,(#4193,#4194,#4195),
  .UNSPECIFIED.,.F.,.F.,(3,3),(0.,1.),.PIECEWISE_BEZIER_KNOTS.);
#4193 = CARTESIAN_POINT('',(-6.777492871493,-7.340995675573,23.));
#4194 = CARTESIAN_POINT('',(-6.902042583309,-7.239951006986,23.));
#4195 = CARTESIAN_POINT('',(-6.989173346997,-7.093652375862,23.));
#4196 = ORIENTED_EDGE('',*,*,#4157,.F.);
#4197 = ORIENTED_EDGE('',*,*,#640,.F.);
#4198 = SURFACE_OF_LINEAR_EXTRUSION('',#4199,#4203);
#4199 = B_SPLINE_CURVE_WITH_KNOTS('',2,(#4200,#4201,#4202),
  .UNSPECIFIED.,.F.,.F.,(3,3),(0.,1.),.PIECEWISE_BEZIER_KNOTS.);
#4200 = CARTESIAN_POINT('',(-6.777492871493,-7.340995675573,25.));
#4201 = CARTESIAN_POINT('',(-6.902042583309,-7.239951006986,25.));
#4202 = CARTESIAN_POINT('',(-6.989173346997,-7.093652375862,25.));
#4203 = VECTOR('',#4204,1.);
#4204 = DIRECTION('',(0.,0.,1.));
#4205 = ADVANCED_FACE('',(#4206),#4224,.T.);
#4206 = FACE_BOUND('',#4207,.T.);
#4207 = EDGE_LOOP('',(#4208,#4216,#4222,#4223));
#4208 = ORIENTED_EDGE('',*,*,#4209,.T.);
#4209 = EDGE_CURVE('',#625,#4210,#4212,.T.);
#4210 = VERTEX_POINT('',#4211);
#4211 = CARTESIAN_POINT('',(-6.484895609245,-7.493643370098,23.));
#4212 = LINE('',#4213,#4214);
#4213 = CARTESIAN_POINT('',(-6.484895609245,-7.493643370098,25.));
#4214 = VECTOR('',#4215,1.);
#4215 = DIRECTION('',(-0.,-0.,-1.));
#4216 = ORIENTED_EDGE('',*,*,#4217,.T.);
#4217 = EDGE_CURVE('',#4210,#4184,#4218,.T.);
#4218 = B_SPLINE_CURVE_WITH_KNOTS('',2,(#4219,#4220,#4221),
  .UNSPECIFIED.,.F.,.F.,(3,3),(0.,1.),.PIECEWISE_BEZIER_KNOTS.);
#4219 = CARTESIAN_POINT('',(-6.484895609245,-7.493643370098,23.));
#4220 = CARTESIAN_POINT('',(-6.652943159678,-7.442040344161,23.));
#4221 = CARTESIAN_POINT('',(-6.777492871493,-7.340995675573,23.));
#4222 = ORIENTED_EDGE('',*,*,#4183,.F.);
#4223 = ORIENTED_EDGE('',*,*,#632,.F.);
#4224 = SURFACE_OF_LINEAR_EXTRUSION('',#4225,#4229);
#4225 = B_SPLINE_CURVE_WITH_KNOTS('',2,(#4226,#4227,#4228),
  .UNSPECIFIED.,.F.,.F.,(3,3),(0.,1.),.PIECEWISE_BEZIER_KNOTS.);
#4226 = CARTESIAN_POINT('',(-6.484895609245,-7.493643370098,25.));
#4227 = CARTESIAN_POINT('',(-6.652943159678,-7.442040344161,25.));
#4228 = CARTESIAN_POINT('',(-6.777492871493,-7.340995675573,25.));
#4229 = VECTOR('',#4230,1.);
#4230 = DIRECTION('',(0.,0.,1.));
#4231 = ADVANCED_FACE('',(#4232),#4250,.T.);
#4232 = FACE_BOUND('',#4233,.T.);
#4233 = EDGE_LOOP('',(#4234,#4242,#4248,#4249));
#4234 = ORIENTED_EDGE('',*,*,#4235,.T.);
#4235 = EDGE_CURVE('',#617,#4236,#4238,.T.);
#4236 = VERTEX_POINT('',#4237);
#4237 = CARTESIAN_POINT('',(-6.090713332588,-7.545111309579,23.));
#4238 = LINE('',#4239,#4240);
#4239 = CARTESIAN_POINT('',(-6.090713332588,-7.545111309579,25.));
#4240 = VECTOR('',#4241,1.);
#4241 = DIRECTION('',(-0.,-0.,-1.));
#4242 = ORIENTED_EDGE('',*,*,#4243,.T.);
#4243 = EDGE_CURVE('',#4236,#4210,#4244,.T.);
#4244 = B_SPLINE_CURVE_WITH_KNOTS('',2,(#4245,#4246,#4247),
  .UNSPECIFIED.,.F.,.F.,(3,3),(0.,1.),.PIECEWISE_BEZIER_KNOTS.);
#4245 = CARTESIAN_POINT('',(-6.090713332588,-7.545111309579,23.));
#4246 = CARTESIAN_POINT('',(-6.316848058813,-7.545111309579,23.));
#4247 = CARTESIAN_POINT('',(-6.484895609245,-7.493643370098,23.));
#4248 = ORIENTED_EDGE('',*,*,#4209,.F.);
#4249 = ORIENTED_EDGE('',*,*,#624,.F.);
#4250 = SURFACE_OF_LINEAR_EXTRUSION('',#4251,#4255);
#4251 = B_SPLINE_CURVE_WITH_KNOTS('',2,(#4252,#4253,#4254),
  .UNSPECIFIED.,.F.,.F.,(3,3),(0.,1.),.PIECEWISE_BEZIER_KNOTS.);
#4252 = CARTESIAN_POINT('',(-6.090713332588,-7.545111309579,25.));
#4253 = CARTESIAN_POINT('',(-6.316848058813,-7.545111309579,25.));
#4254 = CARTESIAN_POINT('',(-6.484895609245,-7.493643370098,25.));
#4255 = VECTOR('',#4256,1.);
#4256 = DIRECTION('',(0.,0.,1.));
#4257 = ADVANCED_FACE('',(#4258),#4276,.T.);
#4258 = FACE_BOUND('',#4259,.T.);
#4259 = EDGE_LOOP('',(#4260,#4268,#4274,#4275));
#4260 = ORIENTED_EDGE('',*,*,#4261,.T.);
#4261 = EDGE_CURVE('',#609,#4262,#4264,.T.);
#4262 = VERTEX_POINT('',#4263);
#4263 = CARTESIAN_POINT('',(-5.697476661118,-7.485268009867,23.));
#4264 = LINE('',#4265,#4266);
#4265 = CARTESIAN_POINT('',(-5.697476661118,-7.485268009867,25.));
#4266 = VECTOR('',#4267,1.);
#4267 = DIRECTION('',(-0.,-0.,-1.));
#4268 = ORIENTED_EDGE('',*,*,#4269,.T.);
#4269 = EDGE_CURVE('',#4262,#4236,#4270,.T.);
#4270 = B_SPLINE_CURVE_WITH_KNOTS('',2,(#4271,#4272,#4273),
  .UNSPECIFIED.,.F.,.F.,(3,3),(0.,1.),.PIECEWISE_BEZIER_KNOTS.);
#4271 = CARTESIAN_POINT('',(-5.697476661118,-7.485268009867,23.));
#4272 = CARTESIAN_POINT('',(-5.883220537199,-7.545111309579,23.));
#4273 = CARTESIAN_POINT('',(-6.090713332588,-7.545111309579,23.));
#4274 = ORIENTED_EDGE('',*,*,#4235,.F.);
#4275 = ORIENTED_EDGE('',*,*,#616,.F.);
#4276 = SURFACE_OF_LINEAR_EXTRUSION('',#4277,#4281);
#4277 = B_SPLINE_CURVE_WITH_KNOTS('',2,(#4278,#4279,#4280),
  .UNSPECIFIED.,.F.,.F.,(3,3),(0.,1.),.PIECEWISE_BEZIER_KNOTS.);
#4278 = CARTESIAN_POINT('',(-5.697476661118,-7.485268009867,25.));
#4279 = CARTESIAN_POINT('',(-5.883220537199,-7.545111309579,25.));
#4280 = CARTESIAN_POINT('',(-6.090713332588,-7.545111309579,25.));
#4281 = VECTOR('',#4282,1.);
#4282 = DIRECTION('',(0.,0.,1.));
#4283 = ADVANCED_FACE('',(#4284),#4302,.T.);
#4284 = FACE_BOUND('',#4285,.T.);
#4285 = EDGE_LOOP('',(#4286,#4294,#4300,#4301));
#4286 = ORIENTED_EDGE('',*,*,#4287,.T.);
#4287 = EDGE_CURVE('',#601,#4288,#4290,.T.);
#4288 = VERTEX_POINT('',#4289);
#4289 = CARTESIAN_POINT('',(-5.370702525672,-7.308574926294,23.));
#4290 = LINE('',#4291,#4292);
#4291 = CARTESIAN_POINT('',(-5.370702525672,-7.308574926294,25.));
#4292 = VECTOR('',#4293,1.);
#4293 = DIRECTION('',(-0.,-0.,-1.));
#4294 = ORIENTED_EDGE('',*,*,#4295,.T.);
#4295 = EDGE_CURVE('',#4288,#4262,#4296,.T.);
#4296 = B_SPLINE_CURVE_WITH_KNOTS('',2,(#4297,#4298,#4299),
  .UNSPECIFIED.,.F.,.F.,(3,3),(0.,1.),.PIECEWISE_BEZIER_KNOTS.);
#4297 = CARTESIAN_POINT('',(-5.370702525672,-7.308574926294,23.));
#4298 = CARTESIAN_POINT('',(-5.511732785038,-7.4252896237,23.));
#4299 = CARTESIAN_POINT('',(-5.697476661118,-7.485268009867,23.));
#4300 = ORIENTED_EDGE('',*,*,#4261,.F.);
#4301 = ORIENTED_EDGE('',*,*,#608,.F.);
#4302 = SURFACE_OF_LINEAR_EXTRUSION('',#4303,#4307);
#4303 = B_SPLINE_CURVE_WITH_KNOTS('',2,(#4304,#4305,#4306),
  .UNSPECIFIED.,.F.,.F.,(3,3),(0.,1.),.PIECEWISE_BEZIER_KNOTS.);
#4304 = CARTESIAN_POINT('',(-5.370702525672,-7.308574926294,25.));
#4305 = CARTESIAN_POINT('',(-5.511732785038,-7.4252896237,25.));
#4306 = CARTESIAN_POINT('',(-5.697476661118,-7.485268009867,25.));
#4307 = VECTOR('',#4308,1.);
#4308 = DIRECTION('',(0.,0.,1.));
#4309 = ADVANCED_FACE('',(#4310),#4328,.T.);
#4310 = FACE_BOUND('',#4311,.T.);
#4311 = EDGE_LOOP('',(#4312,#4320,#4326,#4327));
#4312 = ORIENTED_EDGE('',*,*,#4313,.T.);
#4313 = EDGE_CURVE('',#593,#4314,#4316,.T.);
#4314 = VERTEX_POINT('',#4315);
#4315 = CARTESIAN_POINT('',(-5.146594096277,-7.020165344161,23.));
#4316 = LINE('',#4317,#4318);
#4317 = CARTESIAN_POINT('',(-5.146594096277,-7.020165344161,25.));
#4318 = VECTOR('',#4319,1.);
#4319 = DIRECTION('',(-0.,-0.,-1.));
#4320 = ORIENTED_EDGE('',*,*,#4321,.T.);
#4321 = EDGE_CURVE('',#4314,#4288,#4322,.T.);
#4322 = B_SPLINE_CURVE_WITH_KNOTS('',2,(#4323,#4324,#4325),
  .UNSPECIFIED.,.F.,.F.,(3,3),(0.,1.),.PIECEWISE_BEZIER_KNOTS.);
#4323 = CARTESIAN_POINT('',(-5.146594096277,-7.020165344161,23.));
#4324 = CARTESIAN_POINT('',(-5.22953717985,-7.191725142432,23.));
#4325 = CARTESIAN_POINT('',(-5.370702525672,-7.308574926294,23.));
#4326 = ORIENTED_EDGE('',*,*,#4287,.F.);
#4327 = ORIENTED_EDGE('',*,*,#600,.F.);
#4328 = SURFACE_OF_LINEAR_EXTRUSION('',#4329,#4333);
#4329 = B_SPLINE_CURVE_WITH_KNOTS('',2,(#4330,#4331,#4332),
  .UNSPECIFIED.,.F.,.F.,(3,3),(0.,1.),.PIECEWISE_BEZIER_KNOTS.);
#4330 = CARTESIAN_POINT('',(-5.146594096277,-7.020165344161,25.));
#4331 = CARTESIAN_POINT('',(-5.22953717985,-7.191725142432,25.));
#4332 = CARTESIAN_POINT('',(-5.370702525672,-7.308574926294,25.));
#4333 = VECTOR('',#4334,1.);
#4334 = DIRECTION('',(0.,0.,1.));
#4335 = ADVANCED_FACE('',(#4336),#4354,.T.);
#4336 = FACE_BOUND('',#4337,.T.);
#4337 = EDGE_LOOP('',(#4338,#4346,#4352,#4353));
#4338 = ORIENTED_EDGE('',*,*,#4339,.T.);
#4339 = EDGE_CURVE('',#585,#4340,#4342,.T.);
#4340 = VERTEX_POINT('',#4341);
#4341 = CARTESIAN_POINT('',(-5.063651012703,-6.625442721683,23.));
#4342 = LINE('',#4343,#4344);
#4343 = CARTESIAN_POINT('',(-5.063651012703,-6.625442721683,25.));
#4344 = VECTOR('',#4345,1.);
#4345 = DIRECTION('',(-0.,-0.,-1.));
#4346 = ORIENTED_EDGE('',*,*,#4347,.T.);
#4347 = EDGE_CURVE('',#4340,#4314,#4348,.T.);
#4348 = B_SPLINE_CURVE_WITH_KNOTS('',2,(#4349,#4350,#4351),
  .UNSPECIFIED.,.F.,.F.,(3,3),(0.,1.),.PIECEWISE_BEZIER_KNOTS.);
#4349 = CARTESIAN_POINT('',(-5.063651012703,-6.625442721683,23.));
#4350 = CARTESIAN_POINT('',(-5.063651012703,-6.84860554589,23.));
#4351 = CARTESIAN_POINT('',(-5.146594096277,-7.020165344161,23.));
#4352 = ORIENTED_EDGE('',*,*,#4313,.F.);
#4353 = ORIENTED_EDGE('',*,*,#592,.F.);
#4354 = SURFACE_OF_LINEAR_EXTRUSION('',#4355,#4359);
#4355 = B_SPLINE_CURVE_WITH_KNOTS('',2,(#4356,#4357,#4358),
  .UNSPECIFIED.,.F.,.F.,(3,3),(0.,1.),.PIECEWISE_BEZIER_KNOTS.);
#4356 = CARTESIAN_POINT('',(-5.063651012703,-6.625442721683,25.));
#4357 = CARTESIAN_POINT('',(-5.063651012703,-6.84860554589,25.));
#4358 = CARTESIAN_POINT('',(-5.146594096277,-7.020165344161,25.));
#4359 = VECTOR('',#4360,1.);
#4360 = DIRECTION('',(0.,0.,1.));
#4361 = ADVANCED_FACE('',(#4362),#4380,.T.);
#4362 = FACE_BOUND('',#4363,.T.);
#4363 = EDGE_LOOP('',(#4364,#4372,#4378,#4379));
#4364 = ORIENTED_EDGE('',*,*,#4365,.T.);
#4365 = EDGE_CURVE('',#577,#4366,#4368,.T.);
#4366 = VERTEX_POINT('',#4367);
#4367 = CARTESIAN_POINT('',(-5.196440998294,-6.189383643873,23.));
#4368 = LINE('',#4369,#4370);
#4369 = CARTESIAN_POINT('',(-5.196440998294,-6.189383643873,25.));
#4370 = VECTOR('',#4371,1.);
#4371 = DIRECTION('',(-0.,-0.,-1.));
#4372 = ORIENTED_EDGE('',*,*,#4373,.T.);
#4373 = EDGE_CURVE('',#4366,#4340,#4374,.T.);
#4374 = B_SPLINE_CURVE_WITH_KNOTS('',2,(#4375,#4376,#4377),
  .UNSPECIFIED.,.F.,.F.,(3,3),(0.,1.),.PIECEWISE_BEZIER_KNOTS.);
#4375 = CARTESIAN_POINT('',(-5.196440998294,-6.189383643873,23.));
#4376 = CARTESIAN_POINT('',(-5.063651012703,-6.362969738974,23.));
#4377 = CARTESIAN_POINT('',(-5.063651012703,-6.625442721683,23.));
#4378 = ORIENTED_EDGE('',*,*,#4339,.F.);
#4379 = ORIENTED_EDGE('',*,*,#584,.F.);
#4380 = SURFACE_OF_LINEAR_EXTRUSION('',#4381,#4385);
#4381 = B_SPLINE_CURVE_WITH_KNOTS('',2,(#4382,#4383,#4384),
  .UNSPECIFIED.,.F.,.F.,(3,3),(0.,1.),.PIECEWISE_BEZIER_KNOTS.);
#4382 = CARTESIAN_POINT('',(-5.196440998294,-6.189383643873,25.));
#4383 = CARTESIAN_POINT('',(-5.063651012703,-6.362969738974,25.));
#4384 = CARTESIAN_POINT('',(-5.063651012703,-6.625442721683,25.));
#4385 = VECTOR('',#4386,1.);
#4386 = DIRECTION('',(0.,0.,1.));
#4387 = ADVANCED_FACE('',(#4388),#4406,.T.);
#4388 = FACE_BOUND('',#4389,.T.);
#4389 = EDGE_LOOP('',(#4390,#4398,#4404,#4405));
#4390 = ORIENTED_EDGE('',*,*,#4391,.T.);
#4391 = EDGE_CURVE('',#569,#4392,#4394,.T.);
#4392 = VERTEX_POINT('',#4393);
#4393 = CARTESIAN_POINT('',(-5.598863548727,-5.93109834128,23.));
#4394 = LINE('',#4395,#4396);
#4395 = CARTESIAN_POINT('',(-5.598863548727,-5.93109834128,25.));
#4396 = VECTOR('',#4397,1.);
#4397 = DIRECTION('',(-0.,-0.,-1.));
#4398 = ORIENTED_EDGE('',*,*,#4399,.T.);
#4399 = EDGE_CURVE('',#4392,#4366,#4400,.T.);
#4400 = B_SPLINE_CURVE_WITH_KNOTS('',2,(#4401,#4402,#4403),
  .UNSPECIFIED.,.F.,.F.,(3,3),(0.,1.),.PIECEWISE_BEZIER_KNOTS.);
#4401 = CARTESIAN_POINT('',(-5.598863548727,-5.93109834128,23.));
#4402 = CARTESIAN_POINT('',(-5.329230983885,-6.015797548772,23.));
#4403 = CARTESIAN_POINT('',(-5.196440998294,-6.189383643873,23.));
#4404 = ORIENTED_EDGE('',*,*,#4365,.F.);
#4405 = ORIENTED_EDGE('',*,*,#576,.F.);
#4406 = SURFACE_OF_LINEAR_EXTRUSION('',#4407,#4411);
#4407 = B_SPLINE_CURVE_WITH_KNOTS('',2,(#4408,#4409,#4410),
  .UNSPECIFIED.,.F.,.F.,(3,3),(0.,1.),.PIECEWISE_BEZIER_KNOTS.);
#4408 = CARTESIAN_POINT('',(-5.598863548727,-5.93109834128,25.));
#4409 = CARTESIAN_POINT('',(-5.329230983885,-6.015797548772,25.));
#4410 = CARTESIAN_POINT('',(-5.196440998294,-6.189383643873,25.));
#4411 = VECTOR('',#4412,1.);
#4412 = DIRECTION('',(0.,0.,1.));
#4413 = ADVANCED_FACE('',(#4414),#4432,.T.);
#4414 = FACE_BOUND('',#4415,.T.);
#4415 = EDGE_LOOP('',(#4416,#4424,#4430,#4431));
#4416 = ORIENTED_EDGE('',*,*,#4417,.T.);
#4417 = EDGE_CURVE('',#561,#4418,#4420,.T.);
#4418 = VERTEX_POINT('',#4419);
#4419 = CARTESIAN_POINT('',(-5.398665421925,-5.837213254824,23.));
#4420 = LINE('',#4421,#4422);
#4421 = CARTESIAN_POINT('',(-5.398665421925,-5.837213254824,25.));
#4422 = VECTOR('',#4423,1.);
#4423 = DIRECTION('',(-0.,-0.,-1.));
#4424 = ORIENTED_EDGE('',*,*,#4425,.T.);
#4425 = EDGE_CURVE('',#4418,#4392,#4426,.T.);
#4426 = B_SPLINE_CURVE_WITH_KNOTS('',2,(#4427,#4428,#4429),
  .UNSPECIFIED.,.F.,.F.,(3,3),(0.,1.),.PIECEWISE_BEZIER_KNOTS.);
#4427 = CARTESIAN_POINT('',(-5.398665421925,-5.837213254824,23.));
#4428 = CARTESIAN_POINT('',(-5.486876877257,-5.893544306697,23.));
#4429 = CARTESIAN_POINT('',(-5.598863548727,-5.93109834128,23.));
#4430 = ORIENTED_EDGE('',*,*,#4391,.F.);
#4431 = ORIENTED_EDGE('',*,*,#568,.F.);
#4432 = SURFACE_OF_LINEAR_EXTRUSION('',#4433,#4437);
#4433 = B_SPLINE_CURVE_WITH_KNOTS('',2,(#4434,#4435,#4436),
  .UNSPECIFIED.,.F.,.F.,(3,3),(0.,1.),.PIECEWISE_BEZIER_KNOTS.);
#4434 = CARTESIAN_POINT('',(-5.398665421925,-5.837213254824,25.));
#4435 = CARTESIAN_POINT('',(-5.486876877257,-5.893544306697,25.));
#4436 = CARTESIAN_POINT('',(-5.598863548727,-5.93109834128,25.));
#4437 = VECTOR('',#4438,1.);
#4438 = DIRECTION('',(0.,0.,1.));
#4439 = ADVANCED_FACE('',(#4440),#4458,.T.);
#4440 = FACE_BOUND('',#4441,.T.);
#4441 = EDGE_LOOP('',(#4442,#4450,#4456,#4457));
#4442 = ORIENTED_EDGE('',*,*,#4443,.T.);
#4443 = EDGE_CURVE('',#553,#4444,#4446,.T.);
#4444 = VERTEX_POINT('',#4445);
#4445 = CARTESIAN_POINT('',(-5.249259802329,-5.699425070386,23.));
#4446 = LINE('',#4447,#4448);
#4447 = CARTESIAN_POINT('',(-5.249259802329,-5.699425070386,25.));
#4448 = VECTOR('',#4449,1.);
#4449 = DIRECTION('',(-0.,-0.,-1.));
#4450 = ORIENTED_EDGE('',*,*,#4451,.T.);
#4451 = EDGE_CURVE('',#4444,#4418,#4452,.T.);
#4452 = B_SPLINE_CURVE_WITH_KNOTS('',2,(#4453,#4454,#4455),
  .UNSPECIFIED.,.F.,.F.,(3,3),(0.,1.),.PIECEWISE_BEZIER_KNOTS.);
#4453 = CARTESIAN_POINT('',(-5.249259802329,-5.699425070386,23.));
#4454 = CARTESIAN_POINT('',(-5.310453966594,-5.780747116496,23.));
#4455 = CARTESIAN_POINT('',(-5.398665421925,-5.837213254824,23.));
#4456 = ORIENTED_EDGE('',*,*,#4417,.F.);
#4457 = ORIENTED_EDGE('',*,*,#560,.F.);
#4458 = SURFACE_OF_LINEAR_EXTRUSION('',#4459,#4463);
#4459 = B_SPLINE_CURVE_WITH_KNOTS('',2,(#4460,#4461,#4462),
  .UNSPECIFIED.,.F.,.F.,(3,3),(0.,1.),.PIECEWISE_BEZIER_KNOTS.);
#4460 = CARTESIAN_POINT('',(-5.249259802329,-5.699425070386,25.));
#4461 = CARTESIAN_POINT('',(-5.310453966594,-5.780747116496,25.));
#4462 = CARTESIAN_POINT('',(-5.398665421925,-5.837213254824,25.));
#4463 = VECTOR('',#4464,1.);
#4464 = DIRECTION('',(0.,0.,1.));
#4465 = ADVANCED_FACE('',(#4466),#4484,.T.);
#4466 = FACE_BOUND('',#4467,.T.);
#4467 = EDGE_LOOP('',(#4468,#4476,#4482,#4483));
#4468 = ORIENTED_EDGE('',*,*,#4469,.T.);
#4469 = EDGE_CURVE('',#545,#4470,#4472,.T.);
#4470 = VERTEX_POINT('',#4471);
#4471 = CARTESIAN_POINT('',(-5.155915061695,-5.508412822548,23.));
#4472 = LINE('',#4473,#4474);
#4473 = CARTESIAN_POINT('',(-5.155915061695,-5.508412822548,25.));
#4474 = VECTOR('',#4475,1.);
#4475 = DIRECTION('',(-0.,-0.,-1.));
#4476 = ORIENTED_EDGE('',*,*,#4477,.T.);
#4477 = EDGE_CURVE('',#4470,#4444,#4478,.T.);
#4478 = B_SPLINE_CURVE_WITH_KNOTS('',2,(#4479,#4480,#4481),
  .UNSPECIFIED.,.F.,.F.,(3,3),(0.,1.),.PIECEWISE_BEZIER_KNOTS.);
#4479 = CARTESIAN_POINT('',(-5.155915061695,-5.508412822548,23.));
#4480 = CARTESIAN_POINT('',(-5.188065638064,-5.617967937821,23.));
#4481 = CARTESIAN_POINT('',(-5.249259802329,-5.699425070386,23.));
#4482 = ORIENTED_EDGE('',*,*,#4443,.F.);
#4483 = ORIENTED_EDGE('',*,*,#552,.F.);
#4484 = SURFACE_OF_LINEAR_EXTRUSION('',#4485,#4489);
#4485 = B_SPLINE_CURVE_WITH_KNOTS('',2,(#4486,#4487,#4488),
  .UNSPECIFIED.,.F.,.F.,(3,3),(0.,1.),.PIECEWISE_BEZIER_KNOTS.);
#4486 = CARTESIAN_POINT('',(-5.155915061695,-5.508412822548,25.));
#4487 = CARTESIAN_POINT('',(-5.188065638064,-5.617967937821,25.));
#4488 = CARTESIAN_POINT('',(-5.249259802329,-5.699425070386,25.));
#4489 = VECTOR('',#4490,1.);
#4490 = DIRECTION('',(0.,0.,1.));
#4491 = ADVANCED_FACE('',(#4492),#4510,.T.);
#4492 = FACE_BOUND('',#4493,.T.);
#4493 = EDGE_LOOP('',(#4494,#4502,#4508,#4509));
#4494 = ORIENTED_EDGE('',*,*,#4495,.T.);
#4495 = EDGE_CURVE('',#537,#4496,#4498,.T.);
#4496 = VERTEX_POINT('',#4497);
#4497 = CARTESIAN_POINT('',(-5.123764485326,-5.254720459435,23.));
#4498 = LINE('',#4499,#4500);
#4499 = CARTESIAN_POINT('',(-5.123764485326,-5.254720459435,25.));
#4500 = VECTOR('',#4501,1.);
#4501 = DIRECTION('',(-0.,-0.,-1.));
#4502 = ORIENTED_EDGE('',*,*,#4503,.T.);
#4503 = EDGE_CURVE('',#4496,#4470,#4504,.T.);
#4504 = B_SPLINE_CURVE_WITH_KNOTS('',2,(#4505,#4506,#4507),
  .UNSPECIFIED.,.F.,.F.,(3,3),(0.,1.),.PIECEWISE_BEZIER_KNOTS.);
#4505 = CARTESIAN_POINT('',(-5.123764485326,-5.254720459435,23.));
#4506 = CARTESIAN_POINT('',(-5.123764485326,-5.398722620818,23.));
#4507 = CARTESIAN_POINT('',(-5.155915061695,-5.508412822548,23.));
#4508 = ORIENTED_EDGE('',*,*,#4469,.F.);
#4509 = ORIENTED_EDGE('',*,*,#544,.F.);
#4510 = SURFACE_OF_LINEAR_EXTRUSION('',#4511,#4515);
#4511 = B_SPLINE_CURVE_WITH_KNOTS('',2,(#4512,#4513,#4514),
  .UNSPECIFIED.,.F.,.F.,(3,3),(0.,1.),.PIECEWISE_BEZIER_KNOTS.);
#4512 = CARTESIAN_POINT('',(-5.123764485326,-5.254720459435,25.));
#4513 = CARTESIAN_POINT('',(-5.123764485326,-5.398722620818,25.));
#4514 = CARTESIAN_POINT('',(-5.155915061695,-5.508412822548,25.));
#4515 = VECTOR('',#4516,1.);
#4516 = DIRECTION('',(0.,0.,1.));
#4517 = ADVANCED_FACE('',(#4518),#4536,.T.);
#4518 = FACE_BOUND('',#4519,.T.);
#4519 = EDGE_LOOP('',(#4520,#4528,#4534,#4535));
#4520 = ORIENTED_EDGE('',*,*,#4521,.T.);
#4521 = EDGE_CURVE('',#529,#4522,#4524,.T.);
#4522 = VERTEX_POINT('',#4523);
#4523 = CARTESIAN_POINT('',(-5.187120032876,-4.947804032922,23.));
#4524 = LINE('',#4525,#4526);
#4525 = CARTESIAN_POINT('',(-5.187120032876,-4.947804032922,25.));
#4526 = VECTOR('',#4527,1.);
#4527 = DIRECTION('',(-0.,-0.,-1.));
#4528 = ORIENTED_EDGE('',*,*,#4529,.T.);
#4529 = EDGE_CURVE('',#4522,#4496,#4530,.T.);
#4530 = B_SPLINE_CURVE_WITH_KNOTS('',2,(#4531,#4532,#4533),
  .UNSPECIFIED.,.F.,.F.,(3,3),(0.,1.),.PIECEWISE_BEZIER_KNOTS.);
#4531 = CARTESIAN_POINT('',(-5.187120032876,-4.947804032922,23.));
#4532 = CARTESIAN_POINT('',(-5.123764485326,-5.089779897475,23.));
#4533 = CARTESIAN_POINT('',(-5.123764485326,-5.254720459435,23.));
#4534 = ORIENTED_EDGE('',*,*,#4495,.F.);
#4535 = ORIENTED_EDGE('',*,*,#536,.F.);
#4536 = SURFACE_OF_LINEAR_EXTRUSION('',#4537,#4541);
#4537 = B_SPLINE_CURVE_WITH_KNOTS('',2,(#4538,#4539,#4540),
  .UNSPECIFIED.,.F.,.F.,(3,3),(0.,1.),.PIECEWISE_BEZIER_KNOTS.);
#4538 = CARTESIAN_POINT('',(-5.187120032876,-4.947804032922,25.));
#4539 = CARTESIAN_POINT('',(-5.123764485326,-5.089779897475,25.));
#4540 = CARTESIAN_POINT('',(-5.123764485326,-5.254720459435,25.));
#4541 = VECTOR('',#4542,1.);
#4542 = DIRECTION('',(0.,0.,1.));
#4543 = ADVANCED_FACE('',(#4544),#4562,.T.);
#4544 = FACE_BOUND('',#4545,.T.);
#4545 = EDGE_LOOP('',(#4546,#4554,#4560,#4561));
#4546 = ORIENTED_EDGE('',*,*,#4547,.T.);
#4547 = EDGE_CURVE('',#521,#4548,#4550,.T.);
#4548 = VERTEX_POINT('',#4549);
#4549 = CARTESIAN_POINT('',(-5.368676228842,-4.70046073321,23.));
#4550 = LINE('',#4551,#4552);
#4551 = CARTESIAN_POINT('',(-5.368676228842,-4.70046073321,25.));
#4552 = VECTOR('',#4553,1.);
#4553 = DIRECTION('',(-0.,-0.,-1.));
#4554 = ORIENTED_EDGE('',*,*,#4555,.T.);
#4555 = EDGE_CURVE('',#4548,#4522,#4556,.T.);
#4556 = B_SPLINE_CURVE_WITH_KNOTS('',2,(#4557,#4558,#4559),
  .UNSPECIFIED.,.F.,.F.,(3,3),(0.,1.),.PIECEWISE_BEZIER_KNOTS.);
#4557 = CARTESIAN_POINT('',(-5.368676228842,-4.70046073321,23.));
#4558 = CARTESIAN_POINT('',(-5.250340493971,-4.805828168369,23.));
#4559 = CARTESIAN_POINT('',(-5.187120032876,-4.947804032922,23.));
#4560 = ORIENTED_EDGE('',*,*,#4521,.F.);
#4561 = ORIENTED_EDGE('',*,*,#528,.F.);
#4562 = SURFACE_OF_LINEAR_EXTRUSION('',#4563,#4567);
#4563 = B_SPLINE_CURVE_WITH_KNOTS('',2,(#4564,#4565,#4566),
  .UNSPECIFIED.,.F.,.F.,(3,3),(0.,1.),.PIECEWISE_BEZIER_KNOTS.);
#4564 = CARTESIAN_POINT('',(-5.368676228842,-4.70046073321,25.));
#4565 = CARTESIAN_POINT('',(-5.250340493971,-4.805828168369,25.));
#4566 = CARTESIAN_POINT('',(-5.187120032876,-4.947804032922,25.));
#4567 = VECTOR('',#4568,1.);
#4568 = DIRECTION('',(0.,0.,1.));
#4569 = ADVANCED_FACE('',(#4570),#4588,.T.);
#4570 = FACE_BOUND('',#4571,.T.);
#4571 = EDGE_LOOP('',(#4572,#4580,#4586,#4587));
#4572 = ORIENTED_EDGE('',*,*,#4573,.T.);
#4573 = EDGE_CURVE('',#513,#4574,#4576,.T.);
#4574 = VERTEX_POINT('',#4575);
#4575 = CARTESIAN_POINT('',(-5.653978822502,-4.535520171251,23.));
#4576 = LINE('',#4577,#4578);
#4577 = CARTESIAN_POINT('',(-5.653978822502,-4.535520171251,25.));
#4578 = VECTOR('',#4579,1.);
#4579 = DIRECTION('',(-0.,-0.,-1.));
#4580 = ORIENTED_EDGE('',*,*,#4581,.T.);
#4581 = EDGE_CURVE('',#4574,#4548,#4582,.T.);
#4582 = B_SPLINE_CURVE_WITH_KNOTS('',2,(#4583,#4584,#4585),
  .UNSPECIFIED.,.F.,.F.,(3,3),(0.,1.),.PIECEWISE_BEZIER_KNOTS.);
#4583 = CARTESIAN_POINT('',(-5.653978822502,-4.535520171251,23.));
#4584 = CARTESIAN_POINT('',(-5.486876877257,-4.594958211597,23.));
#4585 = CARTESIAN_POINT('',(-5.368676228842,-4.70046073321,23.));
#4586 = ORIENTED_EDGE('',*,*,#4547,.F.);
#4587 = ORIENTED_EDGE('',*,*,#520,.F.);
#4588 = SURFACE_OF_LINEAR_EXTRUSION('',#4589,#4593);
#4589 = B_SPLINE_CURVE_WITH_KNOTS('',2,(#4590,#4591,#4592),
  .UNSPECIFIED.,.F.,.F.,(3,3),(0.,1.),.PIECEWISE_BEZIER_KNOTS.);
#4590 = CARTESIAN_POINT('',(-5.653978822502,-4.535520171251,25.));
#4591 = CARTESIAN_POINT('',(-5.486876877257,-4.594958211597,25.));
#4592 = CARTESIAN_POINT('',(-5.368676228842,-4.70046073321,25.));
#4593 = VECTOR('',#4594,1.);
#4594 = DIRECTION('',(0.,0.,1.));
#4595 = ADVANCED_FACE('',(#4596),#4607,.T.);
#4596 = FACE_BOUND('',#4597,.T.);
#4597 = EDGE_LOOP('',(#4598,#4599,#4605,#4606));
#4598 = ORIENTED_EDGE('',*,*,#3314,.T.);
#4599 = ORIENTED_EDGE('',*,*,#4600,.T.);
#4600 = EDGE_CURVE('',#3307,#4574,#4601,.T.);
#4601 = B_SPLINE_CURVE_WITH_KNOTS('',2,(#4602,#4603,#4604),
  .UNSPECIFIED.,.F.,.F.,(3,3),(0.,1.),.PIECEWISE_BEZIER_KNOTS.);
#4602 = CARTESIAN_POINT('',(-6.02843847668,-4.47594704445,23.));
#4603 = CARTESIAN_POINT('',(-5.820945681291,-4.47594704445,23.));
#4604 = CARTESIAN_POINT('',(-5.653978822502,-4.535520171251,23.));
#4605 = ORIENTED_EDGE('',*,*,#4573,.F.);
#4606 = ORIENTED_EDGE('',*,*,#512,.F.);
#4607 = SURFACE_OF_LINEAR_EXTRUSION('',#4608,#4612);
#4608 = B_SPLINE_CURVE_WITH_KNOTS('',2,(#4609,#4610,#4611),
  .UNSPECIFIED.,.F.,.F.,(3,3),(0.,1.),.PIECEWISE_BEZIER_KNOTS.);
#4609 = CARTESIAN_POINT('',(-6.02843847668,-4.47594704445,25.));
#4610 = CARTESIAN_POINT('',(-5.820945681291,-4.47594704445,25.));
#4611 = CARTESIAN_POINT('',(-5.653978822502,-4.535520171251,25.));
#4612 = VECTOR('',#4613,1.);
#4613 = DIRECTION('',(0.,0.,1.));
#4614 = ADVANCED_FACE('',(#4615),#4640,.T.);
#4615 = FACE_BOUND('',#4616,.T.);
#4616 = EDGE_LOOP('',(#4617,#4625,#4633,#4639));
#4617 = ORIENTED_EDGE('',*,*,#4618,.T.);
#4618 = EDGE_CURVE('',#913,#4619,#4621,.T.);
#4619 = VERTEX_POINT('',#4620);
#4620 = CARTESIAN_POINT('',(-1.769027453626,-5.327396972403,23.));
#4621 = LINE('',#4622,#4623);
#4622 = CARTESIAN_POINT('',(-1.769027453626,-5.327396972403,25.));
#4623 = VECTOR('',#4624,1.);
#4624 = DIRECTION('',(-0.,-0.,-1.));
#4625 = ORIENTED_EDGE('',*,*,#4626,.T.);
#4626 = EDGE_CURVE('',#4619,#4627,#4629,.T.);
#4627 = VERTEX_POINT('',#4628);
#4628 = CARTESIAN_POINT('',(-1.684868591954,-6.010529177014,23.));
#4629 = B_SPLINE_CURVE_WITH_KNOTS('',2,(#4630,#4631,#4632),
  .UNSPECIFIED.,.F.,.F.,(3,3),(0.,1.),.PIECEWISE_BEZIER_KNOTS.);
#4630 = CARTESIAN_POINT('',(-1.769027453626,-5.327396972403,23.));
#4631 = CARTESIAN_POINT('',(-1.684868591954,-5.615941640991,23.));
#4632 = CARTESIAN_POINT('',(-1.684868591954,-6.010529177014,23.));
#4633 = ORIENTED_EDGE('',*,*,#4634,.F.);
#4634 = EDGE_CURVE('',#915,#4627,#4635,.T.);
#4635 = LINE('',#4636,#4637);
#4636 = CARTESIAN_POINT('',(-1.684868591954,-6.010529177014,25.));
#4637 = VECTOR('',#4638,1.);
#4638 = DIRECTION('',(-0.,-0.,-1.));
#4639 = ORIENTED_EDGE('',*,*,#912,.F.);
#4640 = SURFACE_OF_LINEAR_EXTRUSION('',#4641,#4645);
#4641 = B_SPLINE_CURVE_WITH_KNOTS('',2,(#4642,#4643,#4644),
  .UNSPECIFIED.,.F.,.F.,(3,3),(0.,1.),.PIECEWISE_BEZIER_KNOTS.);
#4642 = CARTESIAN_POINT('',(-1.769027453626,-5.327396972403,25.));
#4643 = CARTESIAN_POINT('',(-1.684868591954,-5.615941640991,25.));
#4644 = CARTESIAN_POINT('',(-1.684868591954,-6.010529177014,25.));
#4645 = VECTOR('',#4646,1.);
#4646 = DIRECTION('',(0.,0.,1.));
#4647 = ADVANCED_FACE('',(#4648),#4666,.T.);
#4648 = FACE_BOUND('',#4649,.T.);
#4649 = EDGE_LOOP('',(#4650,#4658,#4664,#4665));
#4650 = ORIENTED_EDGE('',*,*,#4651,.T.);
#4651 = EDGE_CURVE('',#1027,#4652,#4654,.T.);
#4652 = VERTEX_POINT('',#4653);
#4653 = CARTESIAN_POINT('',(-2.001376156796,-4.849731266352,23.));
#4654 = LINE('',#4655,#4656);
#4655 = CARTESIAN_POINT('',(-2.001376156796,-4.849731266352,25.));
#4656 = VECTOR('',#4657,1.);
#4657 = DIRECTION('',(-0.,-0.,-1.));
#4658 = ORIENTED_EDGE('',*,*,#4659,.T.);
#4659 = EDGE_CURVE('',#4652,#4619,#4660,.T.);
#4660 = B_SPLINE_CURVE_WITH_KNOTS('',2,(#4661,#4662,#4663),
  .UNSPECIFIED.,.F.,.F.,(3,3),(0.,1.),.PIECEWISE_BEZIER_KNOTS.);
#4661 = CARTESIAN_POINT('',(-2.001376156796,-4.849731266352,23.));
#4662 = CARTESIAN_POINT('',(-1.853051228842,-5.03871721736,23.));
#4663 = CARTESIAN_POINT('',(-1.769027453626,-5.327396972403,23.));
#4664 = ORIENTED_EDGE('',*,*,#4618,.F.);
#4665 = ORIENTED_EDGE('',*,*,#1034,.F.);
#4666 = SURFACE_OF_LINEAR_EXTRUSION('',#4667,#4671);
#4667 = B_SPLINE_CURVE_WITH_KNOTS('',2,(#4668,#4669,#4670),
  .UNSPECIFIED.,.F.,.F.,(3,3),(0.,1.),.PIECEWISE_BEZIER_KNOTS.);
#4668 = CARTESIAN_POINT('',(-2.001376156796,-4.849731266352,25.));
#4669 = CARTESIAN_POINT('',(-1.853051228842,-5.03871721736,25.));
#4670 = CARTESIAN_POINT('',(-1.769027453626,-5.327396972403,25.));
#4671 = VECTOR('',#4672,1.);
#4672 = DIRECTION('',(0.,0.,1.));
#4673 = ADVANCED_FACE('',(#4674),#4692,.T.);
#4674 = FACE_BOUND('',#4675,.T.);
#4675 = EDGE_LOOP('',(#4676,#4684,#4690,#4691));
#4676 = ORIENTED_EDGE('',*,*,#4677,.T.);
#4677 = EDGE_CURVE('',#1019,#4678,#4680,.T.);
#4678 = VERTEX_POINT('',#4679);
#4679 = CARTESIAN_POINT('',(-2.352060594836,-4.568346179896,23.));
#4680 = LINE('',#4681,#4682);
#4681 = CARTESIAN_POINT('',(-2.352060594836,-4.568346179896,25.));
#4682 = VECTOR('',#4683,1.);
#4683 = DIRECTION('',(-0.,-0.,-1.));
#4684 = ORIENTED_EDGE('',*,*,#4685,.T.);
#4685 = EDGE_CURVE('',#4678,#4652,#4686,.T.);
#4686 = B_SPLINE_CURVE_WITH_KNOTS('',2,(#4687,#4688,#4689),
  .UNSPECIFIED.,.F.,.F.,(3,3),(0.,1.),.PIECEWISE_BEZIER_KNOTS.);
#4687 = CARTESIAN_POINT('',(-2.352060594836,-4.568346179896,23.));
#4688 = CARTESIAN_POINT('',(-2.14970108475,-4.660745315343,23.));
#4689 = CARTESIAN_POINT('',(-2.001376156796,-4.849731266352,23.));
#4690 = ORIENTED_EDGE('',*,*,#4651,.F.);
#4691 = ORIENTED_EDGE('',*,*,#1026,.F.);
#4692 = SURFACE_OF_LINEAR_EXTRUSION('',#4693,#4697);
#4693 = B_SPLINE_CURVE_WITH_KNOTS('',2,(#4694,#4695,#4696),
  .UNSPECIFIED.,.F.,.F.,(3,3),(0.,1.),.PIECEWISE_BEZIER_KNOTS.);
#4694 = CARTESIAN_POINT('',(-2.352060594836,-4.568346179896,25.));
#4695 = CARTESIAN_POINT('',(-2.14970108475,-4.660745315343,25.));
#4696 = CARTESIAN_POINT('',(-2.001376156796,-4.849731266352,25.));
#4697 = VECTOR('',#4698,1.);
#4698 = DIRECTION('',(0.,0.,1.));
#4699 = ADVANCED_FACE('',(#4700),#4718,.T.);
#4700 = FACE_BOUND('',#4701,.T.);
#4701 = EDGE_LOOP('',(#4702,#4710,#4716,#4717));
#4702 = ORIENTED_EDGE('',*,*,#4703,.T.);
#4703 = EDGE_CURVE('',#1011,#4704,#4706,.T.);
#4704 = VERTEX_POINT('',#4705);
#4705 = CARTESIAN_POINT('',(-2.788795104922,-4.47594704445,23.));
#4706 = LINE('',#4707,#4708);
#4707 = CARTESIAN_POINT('',(-2.788795104922,-4.47594704445,25.));
#4708 = VECTOR('',#4709,1.);
#4709 = DIRECTION('',(-0.,-0.,-1.));
#4710 = ORIENTED_EDGE('',*,*,#4711,.T.);
#4711 = EDGE_CURVE('',#4704,#4678,#4712,.T.);
#4712 = B_SPLINE_CURVE_WITH_KNOTS('',2,(#4713,#4714,#4715),
  .UNSPECIFIED.,.F.,.F.,(3,3),(0.,1.),.PIECEWISE_BEZIER_KNOTS.);
#4713 = CARTESIAN_POINT('',(-2.788795104922,-4.47594704445,23.));
#4714 = CARTESIAN_POINT('',(-2.554285018467,-4.47594704445,23.));
#4715 = CARTESIAN_POINT('',(-2.352060594836,-4.568346179896,23.));
#4716 = ORIENTED_EDGE('',*,*,#4677,.F.);
#4717 = ORIENTED_EDGE('',*,*,#1018,.F.);
#4718 = SURFACE_OF_LINEAR_EXTRUSION('',#4719,#4723);
#4719 = B_SPLINE_CURVE_WITH_KNOTS('',2,(#4720,#4721,#4722),
  .UNSPECIFIED.,.F.,.F.,(3,3),(0.,1.),.PIECEWISE_BEZIER_KNOTS.);
#4720 = CARTESIAN_POINT('',(-2.788795104922,-4.47594704445,25.));
#4721 = CARTESIAN_POINT('',(-2.554285018467,-4.47594704445,25.));
#4722 = CARTESIAN_POINT('',(-2.352060594836,-4.568346179896,25.));
#4723 = VECTOR('',#4724,1.);
#4724 = DIRECTION('',(0.,0.,1.));
#4725 = ADVANCED_FACE('',(#4726),#4744,.T.);
#4726 = FACE_BOUND('',#4727,.T.);
#4727 = EDGE_LOOP('',(#4728,#4736,#4742,#4743));
#4728 = ORIENTED_EDGE('',*,*,#4729,.T.);
#4729 = EDGE_CURVE('',#1003,#4730,#4732,.T.);
#4730 = VERTEX_POINT('',#4731);
#4731 = CARTESIAN_POINT('',(-3.223503318179,-4.568346179896,23.));
#4732 = LINE('',#4733,#4734);
#4733 = CARTESIAN_POINT('',(-3.223503318179,-4.568346179896,25.));
#4734 = VECTOR('',#4735,1.);
#4735 = DIRECTION('',(-0.,-0.,-1.));
#4736 = ORIENTED_EDGE('',*,*,#4737,.T.);
#4737 = EDGE_CURVE('',#4730,#4704,#4738,.T.);
#4738 = B_SPLINE_CURVE_WITH_KNOTS('',2,(#4739,#4740,#4741),
  .UNSPECIFIED.,.F.,.F.,(3,3),(0.,1.),.PIECEWISE_BEZIER_KNOTS.);
#4739 = CARTESIAN_POINT('',(-3.223503318179,-4.568346179896,23.));
#4740 = CARTESIAN_POINT('',(-3.023305191378,-4.47594704445,23.));
#4741 = CARTESIAN_POINT('',(-2.788795104922,-4.47594704445,23.));
#4742 = ORIENTED_EDGE('',*,*,#4703,.F.);
#4743 = ORIENTED_EDGE('',*,*,#1010,.F.);
#4744 = SURFACE_OF_LINEAR_EXTRUSION('',#4745,#4749);
#4745 = B_SPLINE_CURVE_WITH_KNOTS('',2,(#4746,#4747,#4748),
  .UNSPECIFIED.,.F.,.F.,(3,3),(0.,1.),.PIECEWISE_BEZIER_KNOTS.);
#4746 = CARTESIAN_POINT('',(-3.223503318179,-4.568346179896,25.));
#4747 = CARTESIAN_POINT('',(-3.023305191378,-4.47594704445,25.));
#4748 = CARTESIAN_POINT('',(-2.788795104922,-4.47594704445,25.));
#4749 = VECTOR('',#4750,1.);
#4750 = DIRECTION('',(0.,0.,1.));
#4751 = ADVANCED_FACE('',(#4752),#4770,.T.);
#4752 = FACE_BOUND('',#4753,.T.);
#4753 = EDGE_LOOP('',(#4754,#4762,#4768,#4769));
#4754 = ORIENTED_EDGE('',*,*,#4755,.T.);
#4755 = EDGE_CURVE('',#995,#4756,#4758,.T.);
#4756 = VERTEX_POINT('',#4757);
#4757 = CARTESIAN_POINT('',(-3.571080767747,-4.849731266352,23.));
#4758 = LINE('',#4759,#4760);
#4759 = CARTESIAN_POINT('',(-3.571080767747,-4.849731266352,25.));
#4760 = VECTOR('',#4761,1.);
#4761 = DIRECTION('',(-0.,-0.,-1.));
#4762 = ORIENTED_EDGE('',*,*,#4763,.T.);
#4763 = EDGE_CURVE('',#4756,#4730,#4764,.T.);
#4764 = B_SPLINE_CURVE_WITH_KNOTS('',2,(#4765,#4766,#4767),
  .UNSPECIFIED.,.F.,.F.,(3,3),(0.,1.),.PIECEWISE_BEZIER_KNOTS.);
#4765 = CARTESIAN_POINT('',(-3.571080767747,-4.849731266352,23.));
#4766 = CARTESIAN_POINT('',(-3.42370144498,-4.660745315343,23.));
#4767 = CARTESIAN_POINT('',(-3.223503318179,-4.568346179896,23.));
#4768 = ORIENTED_EDGE('',*,*,#4729,.F.);
#4769 = ORIENTED_EDGE('',*,*,#1002,.F.);
#4770 = SURFACE_OF_LINEAR_EXTRUSION('',#4771,#4775);
#4771 = B_SPLINE_CURVE_WITH_KNOTS('',2,(#4772,#4773,#4774),
  .UNSPECIFIED.,.F.,.F.,(3,3),(0.,1.),.PIECEWISE_BEZIER_KNOTS.);
#4772 = CARTESIAN_POINT('',(-3.571080767747,-4.849731266352,25.));
#4773 = CARTESIAN_POINT('',(-3.42370144498,-4.660745315343,25.));
#4774 = CARTESIAN_POINT('',(-3.223503318179,-4.568346179896,25.));
#4775 = VECTOR('',#4776,1.);
#4776 = DIRECTION('',(0.,0.,1.));
#4777 = ADVANCED_FACE('',(#4778),#4796,.T.);
#4778 = FACE_BOUND('',#4779,.T.);
#4779 = EDGE_LOOP('',(#4780,#4788,#4794,#4795));
#4780 = ORIENTED_EDGE('',*,*,#4781,.T.);
#4781 = EDGE_CURVE('',#987,#4782,#4784,.T.);
#4782 = VERTEX_POINT('',#4783);
#4783 = CARTESIAN_POINT('',(-3.801403174087,-5.327396972403,23.));
#4784 = LINE('',#4785,#4786);
#4785 = CARTESIAN_POINT('',(-3.801403174087,-5.327396972403,25.));
#4786 = VECTOR('',#4787,1.);
#4787 = DIRECTION('',(-0.,-0.,-1.));
#4788 = ORIENTED_EDGE('',*,*,#4789,.T.);
#4789 = EDGE_CURVE('',#4782,#4756,#4790,.T.);
#4790 = B_SPLINE_CURVE_WITH_KNOTS('',2,(#4791,#4792,#4793),
  .UNSPECIFIED.,.F.,.F.,(3,3),(0.,1.),.PIECEWISE_BEZIER_KNOTS.);
#4791 = CARTESIAN_POINT('',(-3.801403174087,-5.327396972403,23.));
#4792 = CARTESIAN_POINT('',(-3.718325004058,-5.03871721736,23.));
#4793 = CARTESIAN_POINT('',(-3.571080767747,-4.849731266352,23.));
#4794 = ORIENTED_EDGE('',*,*,#4755,.F.);
#4795 = ORIENTED_EDGE('',*,*,#994,.F.);
#4796 = SURFACE_OF_LINEAR_EXTRUSION('',#4797,#4801);
#4797 = B_SPLINE_CURVE_WITH_KNOTS('',2,(#4798,#4799,#4800),
  .UNSPECIFIED.,.F.,.F.,(3,3),(0.,1.),.PIECEWISE_BEZIER_KNOTS.);
#4798 = CARTESIAN_POINT('',(-3.801403174087,-5.327396972403,25.));
#4799 = CARTESIAN_POINT('',(-3.718325004058,-5.03871721736,25.));
#4800 = CARTESIAN_POINT('',(-3.571080767747,-4.849731266352,25.));
#4801 = VECTOR('',#4802,1.);
#4802 = DIRECTION('',(0.,0.,1.));
#4803 = ADVANCED_FACE('',(#4804),#4822,.T.);
#4804 = FACE_BOUND('',#4805,.T.);
#4805 = EDGE_LOOP('',(#4806,#4814,#4820,#4821));
#4806 = ORIENTED_EDGE('',*,*,#4807,.T.);
#4807 = EDGE_CURVE('',#979,#4808,#4810,.T.);
#4808 = VERTEX_POINT('',#4809);
#4809 = CARTESIAN_POINT('',(-3.88434625766,-6.010529177014,23.));
#4810 = LINE('',#4811,#4812);
#4811 = CARTESIAN_POINT('',(-3.88434625766,-6.010529177014,25.));
#4812 = VECTOR('',#4813,1.);
#4813 = DIRECTION('',(-0.,-0.,-1.));
#4814 = ORIENTED_EDGE('',*,*,#4815,.T.);
#4815 = EDGE_CURVE('',#4808,#4782,#4816,.T.);
#4816 = B_SPLINE_CURVE_WITH_KNOTS('',2,(#4817,#4818,#4819),
  .UNSPECIFIED.,.F.,.F.,(3,3),(0.,1.),.PIECEWISE_BEZIER_KNOTS.);
#4817 = CARTESIAN_POINT('',(-3.88434625766,-6.010529177014,23.));
#4818 = CARTESIAN_POINT('',(-3.88434625766,-5.615941640991,23.));
#4819 = CARTESIAN_POINT('',(-3.801403174087,-5.327396972403,23.));
#4820 = ORIENTED_EDGE('',*,*,#4781,.F.);
#4821 = ORIENTED_EDGE('',*,*,#986,.F.);
#4822 = SURFACE_OF_LINEAR_EXTRUSION('',#4823,#4827);
#4823 = B_SPLINE_CURVE_WITH_KNOTS('',2,(#4824,#4825,#4826),
  .UNSPECIFIED.,.F.,.F.,(3,3),(0.,1.),.PIECEWISE_BEZIER_KNOTS.);
#4824 = CARTESIAN_POINT('',(-3.88434625766,-6.010529177014,25.));
#4825 = CARTESIAN_POINT('',(-3.88434625766,-5.615941640991,25.));
#4826 = CARTESIAN_POINT('',(-3.801403174087,-5.327396972403,25.));
#4827 = VECTOR('',#4828,1.);
#4828 = DIRECTION('',(0.,0.,1.));
#4829 = ADVANCED_FACE('',(#4830),#4848,.T.);
#4830 = FACE_BOUND('',#4831,.T.);
#4831 = EDGE_LOOP('',(#4832,#4840,#4846,#4847));
#4832 = ORIENTED_EDGE('',*,*,#4833,.T.);
#4833 = EDGE_CURVE('',#971,#4834,#4836,.T.);
#4834 = VERTEX_POINT('',#4835);
#4835 = CARTESIAN_POINT('',(-3.801403174087,-6.692715776438,23.));
#4836 = LINE('',#4837,#4838);
#4837 = CARTESIAN_POINT('',(-3.801403174087,-6.692715776438,25.));
#4838 = VECTOR('',#4839,1.);
#4839 = DIRECTION('',(-0.,-0.,-1.));
#4840 = ORIENTED_EDGE('',*,*,#4841,.T.);
#4841 = EDGE_CURVE('',#4834,#4808,#4842,.T.);
#4842 = B_SPLINE_CURVE_WITH_KNOTS('',2,(#4843,#4844,#4845),
  .UNSPECIFIED.,.F.,.F.,(3,3),(0.,1.),.PIECEWISE_BEZIER_KNOTS.);
#4843 = CARTESIAN_POINT('',(-3.801403174087,-6.692715776438,23.));
#4844 = CARTESIAN_POINT('',(-3.88434625766,-6.402955329752,23.));
#4845 = CARTESIAN_POINT('',(-3.88434625766,-6.010529177014,23.));
#4846 = ORIENTED_EDGE('',*,*,#4807,.F.);
#4847 = ORIENTED_EDGE('',*,*,#978,.F.);
#4848 = SURFACE_OF_LINEAR_EXTRUSION('',#4849,#4853);
#4849 = B_SPLINE_CURVE_WITH_KNOTS('',2,(#4850,#4851,#4852),
  .UNSPECIFIED.,.F.,.F.,(3,3),(0.,1.),.PIECEWISE_BEZIER_KNOTS.);
#4850 = CARTESIAN_POINT('',(-3.801403174087,-6.692715776438,25.));
#4851 = CARTESIAN_POINT('',(-3.88434625766,-6.402955329752,25.));
#4852 = CARTESIAN_POINT('',(-3.88434625766,-6.010529177014,25.));
#4853 = VECTOR('',#4854,1.);
#4854 = DIRECTION('',(0.,0.,1.));
#4855 = ADVANCED_FACE('',(#4856),#4874,.T.);
#4856 = FACE_BOUND('',#4857,.T.);
#4857 = EDGE_LOOP('',(#4858,#4866,#4872,#4873));
#4858 = ORIENTED_EDGE('',*,*,#4859,.T.);
#4859 = EDGE_CURVE('',#963,#4860,#4862,.T.);
#4860 = VERTEX_POINT('',#4861);
#4861 = CARTESIAN_POINT('',(-3.571080767747,-7.171327087677,23.));
#4862 = LINE('',#4863,#4864);
#4863 = CARTESIAN_POINT('',(-3.571080767747,-7.171327087677,25.));
#4864 = VECTOR('',#4865,1.);
#4865 = DIRECTION('',(-0.,-0.,-1.));
#4866 = ORIENTED_EDGE('',*,*,#4867,.T.);
#4867 = EDGE_CURVE('',#4860,#4834,#4868,.T.);
#4868 = B_SPLINE_CURVE_WITH_KNOTS('',2,(#4869,#4870,#4871),
  .UNSPECIFIED.,.F.,.F.,(3,3),(0.,1.),.PIECEWISE_BEZIER_KNOTS.);
#4869 = CARTESIAN_POINT('',(-3.571080767747,-7.171327087677,23.));
#4870 = CARTESIAN_POINT('',(-3.718325004058,-6.982341136669,23.));
#4871 = CARTESIAN_POINT('',(-3.801403174087,-6.692715776438,23.));
#4872 = ORIENTED_EDGE('',*,*,#4833,.F.);
#4873 = ORIENTED_EDGE('',*,*,#970,.F.);
#4874 = SURFACE_OF_LINEAR_EXTRUSION('',#4875,#4879);
#4875 = B_SPLINE_CURVE_WITH_KNOTS('',2,(#4876,#4877,#4878),
  .UNSPECIFIED.,.F.,.F.,(3,3),(0.,1.),.PIECEWISE_BEZIER_KNOTS.);
#4876 = CARTESIAN_POINT('',(-3.571080767747,-7.171327087677,25.));
#4877 = CARTESIAN_POINT('',(-3.718325004058,-6.982341136669,25.));
#4878 = CARTESIAN_POINT('',(-3.801403174087,-6.692715776438,25.));
#4879 = VECTOR('',#4880,1.);
#4880 = DIRECTION('',(0.,0.,1.));
#4881 = ADVANCED_FACE('',(#4882),#4900,.T.);
#4882 = FACE_BOUND('',#4883,.T.);
#4883 = EDGE_LOOP('',(#4884,#4892,#4898,#4899));
#4884 = ORIENTED_EDGE('',*,*,#4885,.T.);
#4885 = EDGE_CURVE('',#955,#4886,#4888,.T.);
#4886 = VERTEX_POINT('',#4887);
#4887 = CARTESIAN_POINT('',(-3.223503318179,-7.452712174133,23.));
#4888 = LINE('',#4889,#4890);
#4889 = CARTESIAN_POINT('',(-3.223503318179,-7.452712174133,25.));
#4890 = VECTOR('',#4891,1.);
#4891 = DIRECTION('',(-0.,-0.,-1.));
#4892 = ORIENTED_EDGE('',*,*,#4893,.T.);
#4893 = EDGE_CURVE('',#4886,#4860,#4894,.T.);
#4894 = B_SPLINE_CURVE_WITH_KNOTS('',2,(#4895,#4896,#4897),
  .UNSPECIFIED.,.F.,.F.,(3,3),(0.,1.),.PIECEWISE_BEZIER_KNOTS.);
#4895 = CARTESIAN_POINT('',(-3.223503318179,-7.452712174133,23.));
#4896 = CARTESIAN_POINT('',(-3.42370144498,-7.360313038686,23.));
#4897 = CARTESIAN_POINT('',(-3.571080767747,-7.171327087677,23.));
#4898 = ORIENTED_EDGE('',*,*,#4859,.F.);
#4899 = ORIENTED_EDGE('',*,*,#962,.F.);
#4900 = SURFACE_OF_LINEAR_EXTRUSION('',#4901,#4905);
#4901 = B_SPLINE_CURVE_WITH_KNOTS('',2,(#4902,#4903,#4904),
  .UNSPECIFIED.,.F.,.F.,(3,3),(0.,1.),.PIECEWISE_BEZIER_KNOTS.);
#4902 = CARTESIAN_POINT('',(-3.223503318179,-7.452712174133,25.));
#4903 = CARTESIAN_POINT('',(-3.42370144498,-7.360313038686,25.));
#4904 = CARTESIAN_POINT('',(-3.571080767747,-7.171327087677,25.));
#4905 = VECTOR('',#4906,1.);
#4906 = DIRECTION('',(0.,0.,1.));
#4907 = ADVANCED_FACE('',(#4908),#4926,.T.);
#4908 = FACE_BOUND('',#4909,.T.);
#4909 = EDGE_LOOP('',(#4910,#4918,#4924,#4925));
#4910 = ORIENTED_EDGE('',*,*,#4911,.T.);
#4911 = EDGE_CURVE('',#947,#4912,#4914,.T.);
#4912 = VERTEX_POINT('',#4913);
#4913 = CARTESIAN_POINT('',(-2.788795104922,-7.545111309579,23.));
#4914 = LINE('',#4915,#4916);
#4915 = CARTESIAN_POINT('',(-2.788795104922,-7.545111309579,25.));
#4916 = VECTOR('',#4917,1.);
#4917 = DIRECTION('',(-0.,-0.,-1.));
#4918 = ORIENTED_EDGE('',*,*,#4919,.T.);
#4919 = EDGE_CURVE('',#4912,#4886,#4920,.T.);
#4920 = B_SPLINE_CURVE_WITH_KNOTS('',2,(#4921,#4922,#4923),
  .UNSPECIFIED.,.F.,.F.,(3,3),(0.,1.),.PIECEWISE_BEZIER_KNOTS.);
#4921 = CARTESIAN_POINT('',(-2.788795104922,-7.545111309579,23.));
#4922 = CARTESIAN_POINT('',(-3.023305191378,-7.545111309579,23.));
#4923 = CARTESIAN_POINT('',(-3.223503318179,-7.452712174133,23.));
#4924 = ORIENTED_EDGE('',*,*,#4885,.F.);
#4925 = ORIENTED_EDGE('',*,*,#954,.F.);
#4926 = SURFACE_OF_LINEAR_EXTRUSION('',#4927,#4931);
#4927 = B_SPLINE_CURVE_WITH_KNOTS('',2,(#4928,#4929,#4930),
  .UNSPECIFIED.,.F.,.F.,(3,3),(0.,1.),.PIECEWISE_BEZIER_KNOTS.);
#4928 = CARTESIAN_POINT('',(-2.788795104922,-7.545111309579,25.));
#4929 = CARTESIAN_POINT('',(-3.023305191378,-7.545111309579,25.));
#4930 = CARTESIAN_POINT('',(-3.223503318179,-7.452712174133,25.));
#4931 = VECTOR('',#4932,1.);
#4932 = DIRECTION('',(0.,0.,1.));
#4933 = ADVANCED_FACE('',(#4934),#4952,.T.);
#4934 = FACE_BOUND('',#4935,.T.);
#4935 = EDGE_LOOP('',(#4936,#4944,#4950,#4951));
#4936 = ORIENTED_EDGE('',*,*,#4937,.T.);
#4937 = EDGE_CURVE('',#939,#4938,#4940,.T.);
#4938 = VERTEX_POINT('',#4939);
#4939 = CARTESIAN_POINT('',(-2.352060594836,-7.452712174133,23.));
#4940 = LINE('',#4941,#4942);
#4941 = CARTESIAN_POINT('',(-2.352060594836,-7.452712174133,25.));
#4942 = VECTOR('',#4943,1.);
#4943 = DIRECTION('',(-0.,-0.,-1.));
#4944 = ORIENTED_EDGE('',*,*,#4945,.T.);
#4945 = EDGE_CURVE('',#4938,#4912,#4946,.T.);
#4946 = B_SPLINE_CURVE_WITH_KNOTS('',2,(#4947,#4948,#4949),
  .UNSPECIFIED.,.F.,.F.,(3,3),(0.,1.),.PIECEWISE_BEZIER_KNOTS.);
#4947 = CARTESIAN_POINT('',(-2.352060594836,-7.452712174133,23.));
#4948 = CARTESIAN_POINT('',(-2.554285018467,-7.545111309579,23.));
#4949 = CARTESIAN_POINT('',(-2.788795104922,-7.545111309579,23.));
#4950 = ORIENTED_EDGE('',*,*,#4911,.F.);
#4951 = ORIENTED_EDGE('',*,*,#946,.F.);
#4952 = SURFACE_OF_LINEAR_EXTRUSION('',#4953,#4957);
#4953 = B_SPLINE_CURVE_WITH_KNOTS('',2,(#4954,#4955,#4956),
  .UNSPECIFIED.,.F.,.F.,(3,3),(0.,1.),.PIECEWISE_BEZIER_KNOTS.);
#4954 = CARTESIAN_POINT('',(-2.352060594836,-7.452712174133,25.));
#4955 = CARTESIAN_POINT('',(-2.554285018467,-7.545111309579,25.));
#4956 = CARTESIAN_POINT('',(-2.788795104922,-7.545111309579,25.));
#4957 = VECTOR('',#4958,1.);
#4958 = DIRECTION('',(0.,0.,1.));
#4959 = ADVANCED_FACE('',(#4960),#4978,.T.);
#4960 = FACE_BOUND('',#4961,.T.);
#4961 = EDGE_LOOP('',(#4962,#4970,#4976,#4977));
#4962 = ORIENTED_EDGE('',*,*,#4963,.T.);
#4963 = EDGE_CURVE('',#931,#4964,#4966,.T.);
#4964 = VERTEX_POINT('',#4965);
#4965 = CARTESIAN_POINT('',(-2.001376156796,-7.171327087677,23.));
#4966 = LINE('',#4967,#4968);
#4967 = CARTESIAN_POINT('',(-2.001376156796,-7.171327087677,25.));
#4968 = VECTOR('',#4969,1.);
#4969 = DIRECTION('',(-0.,-0.,-1.));
#4970 = ORIENTED_EDGE('',*,*,#4971,.T.);
#4971 = EDGE_CURVE('',#4964,#4938,#4972,.T.);
#4972 = B_SPLINE_CURVE_WITH_KNOTS('',2,(#4973,#4974,#4975),
  .UNSPECIFIED.,.F.,.F.,(3,3),(0.,1.),.PIECEWISE_BEZIER_KNOTS.);
#4973 = CARTESIAN_POINT('',(-2.001376156796,-7.171327087677,23.));
#4974 = CARTESIAN_POINT('',(-2.14970108475,-7.360313038686,23.));
#4975 = CARTESIAN_POINT('',(-2.352060594836,-7.452712174133,23.));
#4976 = ORIENTED_EDGE('',*,*,#4937,.F.);
#4977 = ORIENTED_EDGE('',*,*,#938,.F.);
#4978 = SURFACE_OF_LINEAR_EXTRUSION('',#4979,#4983);
#4979 = B_SPLINE_CURVE_WITH_KNOTS('',2,(#4980,#4981,#4982),
  .UNSPECIFIED.,.F.,.F.,(3,3),(0.,1.),.PIECEWISE_BEZIER_KNOTS.);
#4980 = CARTESIAN_POINT('',(-2.001376156796,-7.171327087677,25.));
#4981 = CARTESIAN_POINT('',(-2.14970108475,-7.360313038686,25.));
#4982 = CARTESIAN_POINT('',(-2.352060594836,-7.452712174133,25.));
#4983 = VECTOR('',#4984,1.);
#4984 = DIRECTION('',(0.,0.,1.));
#4985 = ADVANCED_FACE('',(#4986),#5004,.T.);
#4986 = FACE_BOUND('',#4987,.T.);
#4987 = EDGE_LOOP('',(#4988,#4996,#5002,#5003));
#4988 = ORIENTED_EDGE('',*,*,#4989,.T.);
#4989 = EDGE_CURVE('',#923,#4990,#4992,.T.);
#4990 = VERTEX_POINT('',#4991);
#4991 = CARTESIAN_POINT('',(-1.769027453626,-6.692715776438,23.));
#4992 = LINE('',#4993,#4994);
#4993 = CARTESIAN_POINT('',(-1.769027453626,-6.692715776438,25.));
#4994 = VECTOR('',#4995,1.);
#4995 = DIRECTION('',(-0.,-0.,-1.));
#4996 = ORIENTED_EDGE('',*,*,#4997,.T.);
#4997 = EDGE_CURVE('',#4990,#4964,#4998,.T.);
#4998 = B_SPLINE_CURVE_WITH_KNOTS('',2,(#4999,#5000,#5001),
  .UNSPECIFIED.,.F.,.F.,(3,3),(0.,1.),.PIECEWISE_BEZIER_KNOTS.);
#4999 = CARTESIAN_POINT('',(-1.769027453626,-6.692715776438,23.));
#5000 = CARTESIAN_POINT('',(-1.853051228842,-6.982341136669,23.));
#5001 = CARTESIAN_POINT('',(-2.001376156796,-7.171327087677,23.));
#5002 = ORIENTED_EDGE('',*,*,#4963,.F.);
#5003 = ORIENTED_EDGE('',*,*,#930,.F.);
#5004 = SURFACE_OF_LINEAR_EXTRUSION('',#5005,#5009);
#5005 = B_SPLINE_CURVE_WITH_KNOTS('',2,(#5006,#5007,#5008),
  .UNSPECIFIED.,.F.,.F.,(3,3),(0.,1.),.PIECEWISE_BEZIER_KNOTS.);
#5006 = CARTESIAN_POINT('',(-1.769027453626,-6.692715776438,25.));
#5007 = CARTESIAN_POINT('',(-1.853051228842,-6.982341136669,25.));
#5008 = CARTESIAN_POINT('',(-2.001376156796,-7.171327087677,25.));
#5009 = VECTOR('',#5010,1.);
#5010 = DIRECTION('',(0.,0.,1.));
#5011 = ADVANCED_FACE('',(#5012),#5023,.T.);
#5012 = FACE_BOUND('',#5013,.T.);
#5013 = EDGE_LOOP('',(#5014,#5015,#5021,#5022));
#5014 = ORIENTED_EDGE('',*,*,#4634,.T.);
#5015 = ORIENTED_EDGE('',*,*,#5016,.T.);
#5016 = EDGE_CURVE('',#4627,#4990,#5017,.T.);
#5017 = B_SPLINE_CURVE_WITH_KNOTS('',2,(#5018,#5019,#5020),
  .UNSPECIFIED.,.F.,.F.,(3,3),(0.,1.),.PIECEWISE_BEZIER_KNOTS.);
#5018 = CARTESIAN_POINT('',(-1.684868591954,-6.010529177014,23.));
#5019 = CARTESIAN_POINT('',(-1.684868591954,-6.402955329752,23.));
#5020 = CARTESIAN_POINT('',(-1.769027453626,-6.692715776438,23.));
#5021 = ORIENTED_EDGE('',*,*,#4989,.F.);
#5022 = ORIENTED_EDGE('',*,*,#922,.F.);
#5023 = SURFACE_OF_LINEAR_EXTRUSION('',#5024,#5028);
#5024 = B_SPLINE_CURVE_WITH_KNOTS('',2,(#5025,#5026,#5027),
  .UNSPECIFIED.,.F.,.F.,(3,3),(0.,1.),.PIECEWISE_BEZIER_KNOTS.);
#5025 = CARTESIAN_POINT('',(-1.684868591954,-6.010529177014,25.));
#5026 = CARTESIAN_POINT('',(-1.684868591954,-6.402955329752,25.));
#5027 = CARTESIAN_POINT('',(-1.769027453626,-6.692715776438,25.));
#5028 = VECTOR('',#5029,1.);
#5029 = DIRECTION('',(0.,0.,1.));
#5030 = ADVANCED_FACE('',(#5031),#5056,.T.);
#5031 = FACE_BOUND('',#5032,.T.);
#5032 = EDGE_LOOP('',(#5033,#5041,#5049,#5055));
#5033 = ORIENTED_EDGE('',*,*,#5034,.T.);
#5034 = EDGE_CURVE('',#1043,#5035,#5037,.T.);
#5035 = VERTEX_POINT('',#5036);
#5036 = CARTESIAN_POINT('',(0.634430759631,-5.327396972403,23.));
#5037 = LINE('',#5038,#5039);
#5038 = CARTESIAN_POINT('',(0.634430759631,-5.327396972403,25.));
#5039 = VECTOR('',#5040,1.);
#5040 = DIRECTION('',(-0.,-0.,-1.));
#5041 = ORIENTED_EDGE('',*,*,#5042,.T.);
#5042 = EDGE_CURVE('',#5035,#5043,#5045,.T.);
#5043 = VERTEX_POINT('',#5044);
#5044 = CARTESIAN_POINT('',(0.718589621302,-6.010529177014,23.));
#5045 = B_SPLINE_CURVE_WITH_KNOTS('',2,(#5046,#5047,#5048),
  .UNSPECIFIED.,.F.,.F.,(3,3),(0.,1.),.PIECEWISE_BEZIER_KNOTS.);
#5046 = CARTESIAN_POINT('',(0.634430759631,-5.327396972403,23.));
#5047 = CARTESIAN_POINT('',(0.718589621302,-5.615941640991,23.));
#5048 = CARTESIAN_POINT('',(0.718589621302,-6.010529177014,23.));
#5049 = ORIENTED_EDGE('',*,*,#5050,.F.);
#5050 = EDGE_CURVE('',#1045,#5043,#5051,.T.);
#5051 = LINE('',#5052,#5053);
#5052 = CARTESIAN_POINT('',(0.718589621302,-6.010529177014,25.));
#5053 = VECTOR('',#5054,1.);
#5054 = DIRECTION('',(-0.,-0.,-1.));
#5055 = ORIENTED_EDGE('',*,*,#1042,.F.);
#5056 = SURFACE_OF_LINEAR_EXTRUSION('',#5057,#5061);
#5057 = B_SPLINE_CURVE_WITH_KNOTS('',2,(#5058,#5059,#5060),
  .UNSPECIFIED.,.F.,.F.,(3,3),(0.,1.),.PIECEWISE_BEZIER_KNOTS.);
#5058 = CARTESIAN_POINT('',(0.634430759631,-5.327396972403,25.));
#5059 = CARTESIAN_POINT('',(0.718589621302,-5.615941640991,25.));
#5060 = CARTESIAN_POINT('',(0.718589621302,-6.010529177014,25.));
#5061 = VECTOR('',#5062,1.);
#5062 = DIRECTION('',(0.,0.,1.));
#5063 = ADVANCED_FACE('',(#5064),#5082,.T.);
#5064 = FACE_BOUND('',#5065,.T.);
#5065 = EDGE_LOOP('',(#5066,#5074,#5080,#5081));
#5066 = ORIENTED_EDGE('',*,*,#5067,.T.);
#5067 = EDGE_CURVE('',#1157,#5068,#5070,.T.);
#5068 = VERTEX_POINT('',#5069);
#5069 = CARTESIAN_POINT('',(0.402082056461,-4.849731266352,23.));
#5070 = LINE('',#5071,#5072);
#5071 = CARTESIAN_POINT('',(0.402082056461,-4.849731266352,25.));
#5072 = VECTOR('',#5073,1.);
#5073 = DIRECTION('',(-0.,-0.,-1.));
#5074 = ORIENTED_EDGE('',*,*,#5075,.T.);
#5075 = EDGE_CURVE('',#5068,#5035,#5076,.T.);
#5076 = B_SPLINE_CURVE_WITH_KNOTS('',2,(#5077,#5078,#5079),
  .UNSPECIFIED.,.F.,.F.,(3,3),(0.,1.),.PIECEWISE_BEZIER_KNOTS.);
#5077 = CARTESIAN_POINT('',(0.402082056461,-4.849731266352,23.));
#5078 = CARTESIAN_POINT('',(0.550406984415,-5.03871721736,23.));
#5079 = CARTESIAN_POINT('',(0.634430759631,-5.327396972403,23.));
#5080 = ORIENTED_EDGE('',*,*,#5034,.F.);
#5081 = ORIENTED_EDGE('',*,*,#1164,.F.);
#5082 = SURFACE_OF_LINEAR_EXTRUSION('',#5083,#5087);
#5083 = B_SPLINE_CURVE_WITH_KNOTS('',2,(#5084,#5085,#5086),
  .UNSPECIFIED.,.F.,.F.,(3,3),(0.,1.),.PIECEWISE_BEZIER_KNOTS.);
#5084 = CARTESIAN_POINT('',(0.402082056461,-4.849731266352,25.));
#5085 = CARTESIAN_POINT('',(0.550406984415,-5.03871721736,25.));
#5086 = CARTESIAN_POINT('',(0.634430759631,-5.327396972403,25.));
#5087 = VECTOR('',#5088,1.);
#5088 = DIRECTION('',(0.,0.,1.));
#5089 = ADVANCED_FACE('',(#5090),#5108,.T.);
#5090 = FACE_BOUND('',#5091,.T.);
#5091 = EDGE_LOOP('',(#5092,#5100,#5106,#5107));
#5092 = ORIENTED_EDGE('',*,*,#5093,.T.);
#5093 = EDGE_CURVE('',#1149,#5094,#5096,.T.);
#5094 = VERTEX_POINT('',#5095);
#5095 = CARTESIAN_POINT('',(5.139761842046E-02,-4.568346179896,23.));
#5096 = LINE('',#5097,#5098);
#5097 = CARTESIAN_POINT('',(5.139761842046E-02,-4.568346179896,25.));
#5098 = VECTOR('',#5099,1.);
#5099 = DIRECTION('',(-0.,-0.,-1.));
#5100 = ORIENTED_EDGE('',*,*,#5101,.T.);
#5101 = EDGE_CURVE('',#5094,#5068,#5102,.T.);
#5102 = B_SPLINE_CURVE_WITH_KNOTS('',2,(#5103,#5104,#5105),
  .UNSPECIFIED.,.F.,.F.,(3,3),(0.,1.),.PIECEWISE_BEZIER_KNOTS.);
#5103 = CARTESIAN_POINT('',(5.139761842046E-02,-4.568346179896,23.));
#5104 = CARTESIAN_POINT('',(0.253757128507,-4.660745315343,23.));
#5105 = CARTESIAN_POINT('',(0.402082056461,-4.849731266352,23.));
#5106 = ORIENTED_EDGE('',*,*,#5067,.F.);
#5107 = ORIENTED_EDGE('',*,*,#1156,.F.);
#5108 = SURFACE_OF_LINEAR_EXTRUSION('',#5109,#5113);
#5109 = B_SPLINE_CURVE_WITH_KNOTS('',2,(#5110,#5111,#5112),
  .UNSPECIFIED.,.F.,.F.,(3,3),(0.,1.),.PIECEWISE_BEZIER_KNOTS.);
#5110 = CARTESIAN_POINT('',(5.139761842046E-02,-4.568346179896,25.));
#5111 = CARTESIAN_POINT('',(0.253757128507,-4.660745315343,25.));
#5112 = CARTESIAN_POINT('',(0.402082056461,-4.849731266352,25.));
#5113 = VECTOR('',#5114,1.);
#5114 = DIRECTION('',(0.,0.,1.));
#5115 = ADVANCED_FACE('',(#5116),#5134,.T.);
#5116 = FACE_BOUND('',#5117,.T.);
#5117 = EDGE_LOOP('',(#5118,#5126,#5132,#5133));
#5118 = ORIENTED_EDGE('',*,*,#5119,.T.);
#5119 = EDGE_CURVE('',#1141,#5120,#5122,.T.);
#5120 = VERTEX_POINT('',#5121);
#5121 = CARTESIAN_POINT('',(-0.385336891666,-4.47594704445,23.));
#5122 = LINE('',#5123,#5124);
#5123 = CARTESIAN_POINT('',(-0.385336891666,-4.47594704445,25.));
#5124 = VECTOR('',#5125,1.);
#5125 = DIRECTION('',(-0.,-0.,-1.));
#5126 = ORIENTED_EDGE('',*,*,#5127,.T.);
#5127 = EDGE_CURVE('',#5120,#5094,#5128,.T.);
#5128 = B_SPLINE_CURVE_WITH_KNOTS('',2,(#5129,#5130,#5131),
  .UNSPECIFIED.,.F.,.F.,(3,3),(0.,1.),.PIECEWISE_BEZIER_KNOTS.);
#5129 = CARTESIAN_POINT('',(-0.385336891666,-4.47594704445,23.));
#5130 = CARTESIAN_POINT('',(-0.150826805211,-4.47594704445,23.));
#5131 = CARTESIAN_POINT('',(5.139761842046E-02,-4.568346179896,23.));
#5132 = ORIENTED_EDGE('',*,*,#5093,.F.);
#5133 = ORIENTED_EDGE('',*,*,#1148,.F.);
#5134 = SURFACE_OF_LINEAR_EXTRUSION('',#5135,#5139);
#5135 = B_SPLINE_CURVE_WITH_KNOTS('',2,(#5136,#5137,#5138),
  .UNSPECIFIED.,.F.,.F.,(3,3),(0.,1.),.PIECEWISE_BEZIER_KNOTS.);
#5136 = CARTESIAN_POINT('',(-0.385336891666,-4.47594704445,25.));
#5137 = CARTESIAN_POINT('',(-0.150826805211,-4.47594704445,25.));
#5138 = CARTESIAN_POINT('',(5.139761842046E-02,-4.568346179896,25.));
#5139 = VECTOR('',#5140,1.);
#5140 = DIRECTION('',(0.,0.,1.));
#5141 = ADVANCED_FACE('',(#5142),#5160,.T.);
#5142 = FACE_BOUND('',#5143,.T.);
#5143 = EDGE_LOOP('',(#5144,#5152,#5158,#5159));
#5144 = ORIENTED_EDGE('',*,*,#5145,.T.);
#5145 = EDGE_CURVE('',#1133,#5146,#5148,.T.);
#5146 = VERTEX_POINT('',#5147);
#5147 = CARTESIAN_POINT('',(-0.820045104922,-4.568346179896,23.));
#5148 = LINE('',#5149,#5150);
#5149 = CARTESIAN_POINT('',(-0.820045104922,-4.568346179896,25.));
#5150 = VECTOR('',#5151,1.);
#5151 = DIRECTION('',(-0.,-0.,-1.));
#5152 = ORIENTED_EDGE('',*,*,#5153,.T.);
#5153 = EDGE_CURVE('',#5146,#5120,#5154,.T.);
#5154 = B_SPLINE_CURVE_WITH_KNOTS('',2,(#5155,#5156,#5157),
  .UNSPECIFIED.,.F.,.F.,(3,3),(0.,1.),.PIECEWISE_BEZIER_KNOTS.);
#5155 = CARTESIAN_POINT('',(-0.820045104922,-4.568346179896,23.));
#5156 = CARTESIAN_POINT('',(-0.619846978121,-4.47594704445,23.));
#5157 = CARTESIAN_POINT('',(-0.385336891666,-4.47594704445,23.));
#5158 = ORIENTED_EDGE('',*,*,#5119,.F.);
#5159 = ORIENTED_EDGE('',*,*,#1140,.F.);
#5160 = SURFACE_OF_LINEAR_EXTRUSION('',#5161,#5165);
#5161 = B_SPLINE_CURVE_WITH_KNOTS('',2,(#5162,#5163,#5164),
  .UNSPECIFIED.,.F.,.F.,(3,3),(0.,1.),.PIECEWISE_BEZIER_KNOTS.);
#5162 = CARTESIAN_POINT('',(-0.820045104922,-4.568346179896,25.));
#5163 = CARTESIAN_POINT('',(-0.619846978121,-4.47594704445,25.));
#5164 = CARTESIAN_POINT('',(-0.385336891666,-4.47594704445,25.));
#5165 = VECTOR('',#5166,1.);
#5166 = DIRECTION('',(0.,0.,1.));
#5167 = ADVANCED_FACE('',(#5168),#5186,.T.);
#5168 = FACE_BOUND('',#5169,.T.);
#5169 = EDGE_LOOP('',(#5170,#5178,#5184,#5185));
#5170 = ORIENTED_EDGE('',*,*,#5171,.T.);
#5171 = EDGE_CURVE('',#1125,#5172,#5174,.T.);
#5172 = VERTEX_POINT('',#5173);
#5173 = CARTESIAN_POINT('',(-1.16762255449,-4.849731266352,23.));
#5174 = LINE('',#5175,#5176);
#5175 = CARTESIAN_POINT('',(-1.16762255449,-4.849731266352,25.));
#5176 = VECTOR('',#5177,1.);
#5177 = DIRECTION('',(-0.,-0.,-1.));
#5178 = ORIENTED_EDGE('',*,*,#5179,.T.);
#5179 = EDGE_CURVE('',#5172,#5146,#5180,.T.);
#5180 = B_SPLINE_CURVE_WITH_KNOTS('',2,(#5181,#5182,#5183),
  .UNSPECIFIED.,.F.,.F.,(3,3),(0.,1.),.PIECEWISE_BEZIER_KNOTS.);
#5181 = CARTESIAN_POINT('',(-1.16762255449,-4.849731266352,23.));
#5182 = CARTESIAN_POINT('',(-1.020243231724,-4.660745315343,23.));
#5183 = CARTESIAN_POINT('',(-0.820045104922,-4.568346179896,23.));
#5184 = ORIENTED_EDGE('',*,*,#5145,.F.);
#5185 = ORIENTED_EDGE('',*,*,#1132,.F.);
#5186 = SURFACE_OF_LINEAR_EXTRUSION('',#5187,#5191);
#5187 = B_SPLINE_CURVE_WITH_KNOTS('',2,(#5188,#5189,#5190),
  .UNSPECIFIED.,.F.,.F.,(3,3),(0.,1.),.PIECEWISE_BEZIER_KNOTS.);
#5188 = CARTESIAN_POINT('',(-1.16762255449,-4.849731266352,25.));
#5189 = CARTESIAN_POINT('',(-1.020243231724,-4.660745315343,25.));
#5190 = CARTESIAN_POINT('',(-0.820045104922,-4.568346179896,25.));
#5191 = VECTOR('',#5192,1.);
#5192 = DIRECTION('',(0.,0.,1.));
#5193 = ADVANCED_FACE('',(#5194),#5212,.T.);
#5194 = FACE_BOUND('',#5195,.T.);
#5195 = EDGE_LOOP('',(#5196,#5204,#5210,#5211));
#5196 = ORIENTED_EDGE('',*,*,#5197,.T.);
#5197 = EDGE_CURVE('',#1117,#5198,#5200,.T.);
#5198 = VERTEX_POINT('',#5199);
#5199 = CARTESIAN_POINT('',(-1.39794496083,-5.327396972403,23.));
#5200 = LINE('',#5201,#5202);
#5201 = CARTESIAN_POINT('',(-1.39794496083,-5.327396972403,25.));
#5202 = VECTOR('',#5203,1.);
#5203 = DIRECTION('',(-0.,-0.,-1.));
#5204 = ORIENTED_EDGE('',*,*,#5205,.T.);
#5205 = EDGE_CURVE('',#5198,#5172,#5206,.T.);
#5206 = B_SPLINE_CURVE_WITH_KNOTS('',2,(#5207,#5208,#5209),
  .UNSPECIFIED.,.F.,.F.,(3,3),(0.,1.),.PIECEWISE_BEZIER_KNOTS.);
#5207 = CARTESIAN_POINT('',(-1.39794496083,-5.327396972403,23.));
#5208 = CARTESIAN_POINT('',(-1.314866790801,-5.03871721736,23.));
#5209 = CARTESIAN_POINT('',(-1.16762255449,-4.849731266352,23.));
#5210 = ORIENTED_EDGE('',*,*,#5171,.F.);
#5211 = ORIENTED_EDGE('',*,*,#1124,.F.);
#5212 = SURFACE_OF_LINEAR_EXTRUSION('',#5213,#5217);
#5213 = B_SPLINE_CURVE_WITH_KNOTS('',2,(#5214,#5215,#5216),
  .UNSPECIFIED.,.F.,.F.,(3,3),(0.,1.),.PIECEWISE_BEZIER_KNOTS.);
#5214 = CARTESIAN_POINT('',(-1.39794496083,-5.327396972403,25.));
#5215 = CARTESIAN_POINT('',(-1.314866790801,-5.03871721736,25.));
#5216 = CARTESIAN_POINT('',(-1.16762255449,-4.849731266352,25.));
#5217 = VECTOR('',#5218,1.);
#5218 = DIRECTION('',(0.,0.,1.));
#5219 = ADVANCED_FACE('',(#5220),#5238,.T.);
#5220 = FACE_BOUND('',#5221,.T.);
#5221 = EDGE_LOOP('',(#5222,#5230,#5236,#5237));
#5222 = ORIENTED_EDGE('',*,*,#5223,.T.);
#5223 = EDGE_CURVE('',#1109,#5224,#5226,.T.);
#5224 = VERTEX_POINT('',#5225);
#5225 = CARTESIAN_POINT('',(-1.480888044404,-6.010529177014,23.));
#5226 = LINE('',#5227,#5228);
#5227 = CARTESIAN_POINT('',(-1.480888044404,-6.010529177014,25.));
#5228 = VECTOR('',#5229,1.);
#5229 = DIRECTION('',(-0.,-0.,-1.));
#5230 = ORIENTED_EDGE('',*,*,#5231,.T.);
#5231 = EDGE_CURVE('',#5224,#5198,#5232,.T.);
#5232 = B_SPLINE_CURVE_WITH_KNOTS('',2,(#5233,#5234,#5235),
  .UNSPECIFIED.,.F.,.F.,(3,3),(0.,1.),.PIECEWISE_BEZIER_KNOTS.);
#5233 = CARTESIAN_POINT('',(-1.480888044404,-6.010529177014,23.));
#5234 = CARTESIAN_POINT('',(-1.480888044404,-5.615941640991,23.));
#5235 = CARTESIAN_POINT('',(-1.39794496083,-5.327396972403,23.));
#5236 = ORIENTED_EDGE('',*,*,#5197,.F.);
#5237 = ORIENTED_EDGE('',*,*,#1116,.F.);
#5238 = SURFACE_OF_LINEAR_EXTRUSION('',#5239,#5243);
#5239 = B_SPLINE_CURVE_WITH_KNOTS('',2,(#5240,#5241,#5242),
  .UNSPECIFIED.,.F.,.F.,(3,3),(0.,1.),.PIECEWISE_BEZIER_KNOTS.);
#5240 = CARTESIAN_POINT('',(-1.480888044404,-6.010529177014,25.));
#5241 = CARTESIAN_POINT('',(-1.480888044404,-5.615941640991,25.));
#5242 = CARTESIAN_POINT('',(-1.39794496083,-5.327396972403,25.));
#5243 = VECTOR('',#5244,1.);
#5244 = DIRECTION('',(0.,0.,1.));
#5245 = ADVANCED_FACE('',(#5246),#5264,.T.);
#5246 = FACE_BOUND('',#5247,.T.);
#5247 = EDGE_LOOP('',(#5248,#5256,#5262,#5263));
#5248 = ORIENTED_EDGE('',*,*,#5249,.T.);
#5249 = EDGE_CURVE('',#1101,#5250,#5252,.T.);
#5250 = VERTEX_POINT('',#5251);
#5251 = CARTESIAN_POINT('',(-1.39794496083,-6.692715776438,23.));
#5252 = LINE('',#5253,#5254);
#5253 = CARTESIAN_POINT('',(-1.39794496083,-6.692715776438,25.));
#5254 = VECTOR('',#5255,1.);
#5255 = DIRECTION('',(-0.,-0.,-1.));
#5256 = ORIENTED_EDGE('',*,*,#5257,.T.);
#5257 = EDGE_CURVE('',#5250,#5224,#5258,.T.);
#5258 = B_SPLINE_CURVE_WITH_KNOTS('',2,(#5259,#5260,#5261),
  .UNSPECIFIED.,.F.,.F.,(3,3),(0.,1.),.PIECEWISE_BEZIER_KNOTS.);
#5259 = CARTESIAN_POINT('',(-1.39794496083,-6.692715776438,23.));
#5260 = CARTESIAN_POINT('',(-1.480888044404,-6.402955329752,23.));
#5261 = CARTESIAN_POINT('',(-1.480888044404,-6.010529177014,23.));
#5262 = ORIENTED_EDGE('',*,*,#5223,.F.);
#5263 = ORIENTED_EDGE('',*,*,#1108,.F.);
#5264 = SURFACE_OF_LINEAR_EXTRUSION('',#5265,#5269);
#5265 = B_SPLINE_CURVE_WITH_KNOTS('',2,(#5266,#5267,#5268),
  .UNSPECIFIED.,.F.,.F.,(3,3),(0.,1.),.PIECEWISE_BEZIER_KNOTS.);
#5266 = CARTESIAN_POINT('',(-1.39794496083,-6.692715776438,25.));
#5267 = CARTESIAN_POINT('',(-1.480888044404,-6.402955329752,25.));
#5268 = CARTESIAN_POINT('',(-1.480888044404,-6.010529177014,25.));
#5269 = VECTOR('',#5270,1.);
#5270 = DIRECTION('',(0.,0.,1.));
#5271 = ADVANCED_FACE('',(#5272),#5290,.T.);
#5272 = FACE_BOUND('',#5273,.T.);
#5273 = EDGE_LOOP('',(#5274,#5282,#5288,#5289));
#5274 = ORIENTED_EDGE('',*,*,#5275,.T.);
#5275 = EDGE_CURVE('',#1093,#5276,#5278,.T.);
#5276 = VERTEX_POINT('',#5277);
#5277 = CARTESIAN_POINT('',(-1.16762255449,-7.171327087677,23.));
#5278 = LINE('',#5279,#5280);
#5279 = CARTESIAN_POINT('',(-1.16762255449,-7.171327087677,25.));
#5280 = VECTOR('',#5281,1.);
#5281 = DIRECTION('',(-0.,-0.,-1.));
#5282 = ORIENTED_EDGE('',*,*,#5283,.T.);
#5283 = EDGE_CURVE('',#5276,#5250,#5284,.T.);
#5284 = B_SPLINE_CURVE_WITH_KNOTS('',2,(#5285,#5286,#5287),
  .UNSPECIFIED.,.F.,.F.,(3,3),(0.,1.),.PIECEWISE_BEZIER_KNOTS.);
#5285 = CARTESIAN_POINT('',(-1.16762255449,-7.171327087677,23.));
#5286 = CARTESIAN_POINT('',(-1.314866790801,-6.982341136669,23.));
#5287 = CARTESIAN_POINT('',(-1.39794496083,-6.692715776438,23.));
#5288 = ORIENTED_EDGE('',*,*,#5249,.F.);
#5289 = ORIENTED_EDGE('',*,*,#1100,.F.);
#5290 = SURFACE_OF_LINEAR_EXTRUSION('',#5291,#5295);
#5291 = B_SPLINE_CURVE_WITH_KNOTS('',2,(#5292,#5293,#5294),
  .UNSPECIFIED.,.F.,.F.,(3,3),(0.,1.),.PIECEWISE_BEZIER_KNOTS.);
#5292 = CARTESIAN_POINT('',(-1.16762255449,-7.171327087677,25.));
#5293 = CARTESIAN_POINT('',(-1.314866790801,-6.982341136669,25.));
#5294 = CARTESIAN_POINT('',(-1.39794496083,-6.692715776438,25.));
#5295 = VECTOR('',#5296,1.);
#5296 = DIRECTION('',(0.,0.,1.));
#5297 = ADVANCED_FACE('',(#5298),#5316,.T.);
#5298 = FACE_BOUND('',#5299,.T.);
#5299 = EDGE_LOOP('',(#5300,#5308,#5314,#5315));
#5300 = ORIENTED_EDGE('',*,*,#5301,.T.);
#5301 = EDGE_CURVE('',#1085,#5302,#5304,.T.);
#5302 = VERTEX_POINT('',#5303);
#5303 = CARTESIAN_POINT('',(-0.820045104922,-7.452712174133,23.));
#5304 = LINE('',#5305,#5306);
#5305 = CARTESIAN_POINT('',(-0.820045104922,-7.452712174133,25.));
#5306 = VECTOR('',#5307,1.);
#5307 = DIRECTION('',(-0.,-0.,-1.));
#5308 = ORIENTED_EDGE('',*,*,#5309,.T.);
#5309 = EDGE_CURVE('',#5302,#5276,#5310,.T.);
#5310 = B_SPLINE_CURVE_WITH_KNOTS('',2,(#5311,#5312,#5313),
  .UNSPECIFIED.,.F.,.F.,(3,3),(0.,1.),.PIECEWISE_BEZIER_KNOTS.);
#5311 = CARTESIAN_POINT('',(-0.820045104922,-7.452712174133,23.));
#5312 = CARTESIAN_POINT('',(-1.020243231724,-7.360313038686,23.));
#5313 = CARTESIAN_POINT('',(-1.16762255449,-7.171327087677,23.));
#5314 = ORIENTED_EDGE('',*,*,#5275,.F.);
#5315 = ORIENTED_EDGE('',*,*,#1092,.F.);
#5316 = SURFACE_OF_LINEAR_EXTRUSION('',#5317,#5321);
#5317 = B_SPLINE_CURVE_WITH_KNOTS('',2,(#5318,#5319,#5320),
  .UNSPECIFIED.,.F.,.F.,(3,3),(0.,1.),.PIECEWISE_BEZIER_KNOTS.);
#5318 = CARTESIAN_POINT('',(-0.820045104922,-7.452712174133,25.));
#5319 = CARTESIAN_POINT('',(-1.020243231724,-7.360313038686,25.));
#5320 = CARTESIAN_POINT('',(-1.16762255449,-7.171327087677,25.));
#5321 = VECTOR('',#5322,1.);
#5322 = DIRECTION('',(0.,0.,1.));
#5323 = ADVANCED_FACE('',(#5324),#5342,.T.);
#5324 = FACE_BOUND('',#5325,.T.);
#5325 = EDGE_LOOP('',(#5326,#5334,#5340,#5341));
#5326 = ORIENTED_EDGE('',*,*,#5327,.T.);
#5327 = EDGE_CURVE('',#1077,#5328,#5330,.T.);
#5328 = VERTEX_POINT('',#5329);
#5329 = CARTESIAN_POINT('',(-0.385336891666,-7.545111309579,23.));
#5330 = LINE('',#5331,#5332);
#5331 = CARTESIAN_POINT('',(-0.385336891666,-7.545111309579,25.));
#5332 = VECTOR('',#5333,1.);
#5333 = DIRECTION('',(-0.,-0.,-1.));
#5334 = ORIENTED_EDGE('',*,*,#5335,.T.);
#5335 = EDGE_CURVE('',#5328,#5302,#5336,.T.);
#5336 = B_SPLINE_CURVE_WITH_KNOTS('',2,(#5337,#5338,#5339),
  .UNSPECIFIED.,.F.,.F.,(3,3),(0.,1.),.PIECEWISE_BEZIER_KNOTS.);
#5337 = CARTESIAN_POINT('',(-0.385336891666,-7.545111309579,23.));
#5338 = CARTESIAN_POINT('',(-0.619846978121,-7.545111309579,23.));
#5339 = CARTESIAN_POINT('',(-0.820045104922,-7.452712174133,23.));
#5340 = ORIENTED_EDGE('',*,*,#5301,.F.);
#5341 = ORIENTED_EDGE('',*,*,#1084,.F.);
#5342 = SURFACE_OF_LINEAR_EXTRUSION('',#5343,#5347);
#5343 = B_SPLINE_CURVE_WITH_KNOTS('',2,(#5344,#5345,#5346),
  .UNSPECIFIED.,.F.,.F.,(3,3),(0.,1.),.PIECEWISE_BEZIER_KNOTS.);
#5344 = CARTESIAN_POINT('',(-0.385336891666,-7.545111309579,25.));
#5345 = CARTESIAN_POINT('',(-0.619846978121,-7.545111309579,25.));
#5346 = CARTESIAN_POINT('',(-0.820045104922,-7.452712174133,25.));
#5347 = VECTOR('',#5348,1.);
#5348 = DIRECTION('',(0.,0.,1.));
#5349 = ADVANCED_FACE('',(#5350),#5368,.T.);
#5350 = FACE_BOUND('',#5351,.T.);
#5351 = EDGE_LOOP('',(#5352,#5360,#5366,#5367));
#5352 = ORIENTED_EDGE('',*,*,#5353,.T.);
#5353 = EDGE_CURVE('',#1069,#5354,#5356,.T.);
#5354 = VERTEX_POINT('',#5355);
#5355 = CARTESIAN_POINT('',(5.139761842046E-02,-7.452712174133,23.));
#5356 = LINE('',#5357,#5358);
#5357 = CARTESIAN_POINT('',(5.139761842046E-02,-7.452712174133,25.));
#5358 = VECTOR('',#5359,1.);
#5359 = DIRECTION('',(-0.,-0.,-1.));
#5360 = ORIENTED_EDGE('',*,*,#5361,.T.);
#5361 = EDGE_CURVE('',#5354,#5328,#5362,.T.);
#5362 = B_SPLINE_CURVE_WITH_KNOTS('',2,(#5363,#5364,#5365),
  .UNSPECIFIED.,.F.,.F.,(3,3),(0.,1.),.PIECEWISE_BEZIER_KNOTS.);
#5363 = CARTESIAN_POINT('',(5.139761842046E-02,-7.452712174133,23.));
#5364 = CARTESIAN_POINT('',(-0.150826805211,-7.545111309579,23.));
#5365 = CARTESIAN_POINT('',(-0.385336891666,-7.545111309579,23.));
#5366 = ORIENTED_EDGE('',*,*,#5327,.F.);
#5367 = ORIENTED_EDGE('',*,*,#1076,.F.);
#5368 = SURFACE_OF_LINEAR_EXTRUSION('',#5369,#5373);
#5369 = B_SPLINE_CURVE_WITH_KNOTS('',2,(#5370,#5371,#5372),
  .UNSPECIFIED.,.F.,.F.,(3,3),(0.,1.),.PIECEWISE_BEZIER_KNOTS.);
#5370 = CARTESIAN_POINT('',(5.139761842046E-02,-7.452712174133,25.));
#5371 = CARTESIAN_POINT('',(-0.150826805211,-7.545111309579,25.));
#5372 = CARTESIAN_POINT('',(-0.385336891666,-7.545111309579,25.));
#5373 = VECTOR('',#5374,1.);
#5374 = DIRECTION('',(0.,0.,1.));
#5375 = ADVANCED_FACE('',(#5376),#5394,.T.);
#5376 = FACE_BOUND('',#5377,.T.);
#5377 = EDGE_LOOP('',(#5378,#5386,#5392,#5393));
#5378 = ORIENTED_EDGE('',*,*,#5379,.T.);
#5379 = EDGE_CURVE('',#1061,#5380,#5382,.T.);
#5380 = VERTEX_POINT('',#5381);
#5381 = CARTESIAN_POINT('',(0.402082056461,-7.171327087677,23.));
#5382 = LINE('',#5383,#5384);
#5383 = CARTESIAN_POINT('',(0.402082056461,-7.171327087677,25.));
#5384 = VECTOR('',#5385,1.);
#5385 = DIRECTION('',(-0.,-0.,-1.));
#5386 = ORIENTED_EDGE('',*,*,#5387,.T.);
#5387 = EDGE_CURVE('',#5380,#5354,#5388,.T.);
#5388 = B_SPLINE_CURVE_WITH_KNOTS('',2,(#5389,#5390,#5391),
  .UNSPECIFIED.,.F.,.F.,(3,3),(0.,1.),.PIECEWISE_BEZIER_KNOTS.);
#5389 = CARTESIAN_POINT('',(0.402082056461,-7.171327087677,23.));
#5390 = CARTESIAN_POINT('',(0.253757128507,-7.360313038686,23.));
#5391 = CARTESIAN_POINT('',(5.139761842046E-02,-7.452712174133,23.));
#5392 = ORIENTED_EDGE('',*,*,#5353,.F.);
#5393 = ORIENTED_EDGE('',*,*,#1068,.F.);
#5394 = SURFACE_OF_LINEAR_EXTRUSION('',#5395,#5399);
#5395 = B_SPLINE_CURVE_WITH_KNOTS('',2,(#5396,#5397,#5398),
  .UNSPECIFIED.,.F.,.F.,(3,3),(0.,1.),.PIECEWISE_BEZIER_KNOTS.);
#5396 = CARTESIAN_POINT('',(0.402082056461,-7.171327087677,25.));
#5397 = CARTESIAN_POINT('',(0.253757128507,-7.360313038686,25.));
#5398 = CARTESIAN_POINT('',(5.139761842046E-02,-7.452712174133,25.));
#5399 = VECTOR('',#5400,1.);
#5400 = DIRECTION('',(0.,0.,1.));
#5401 = ADVANCED_FACE('',(#5402),#5420,.T.);
#5402 = FACE_BOUND('',#5403,.T.);
#5403 = EDGE_LOOP('',(#5404,#5412,#5418,#5419));
#5404 = ORIENTED_EDGE('',*,*,#5405,.T.);
#5405 = EDGE_CURVE('',#1053,#5406,#5408,.T.);
#5406 = VERTEX_POINT('',#5407);
#5407 = CARTESIAN_POINT('',(0.634430759631,-6.692715776438,23.));
#5408 = LINE('',#5409,#5410);
#5409 = CARTESIAN_POINT('',(0.634430759631,-6.692715776438,25.));
#5410 = VECTOR('',#5411,1.);
#5411 = DIRECTION('',(-0.,-0.,-1.));
#5412 = ORIENTED_EDGE('',*,*,#5413,.T.);
#5413 = EDGE_CURVE('',#5406,#5380,#5414,.T.);
#5414 = B_SPLINE_CURVE_WITH_KNOTS('',2,(#5415,#5416,#5417),
  .UNSPECIFIED.,.F.,.F.,(3,3),(0.,1.),.PIECEWISE_BEZIER_KNOTS.);
#5415 = CARTESIAN_POINT('',(0.634430759631,-6.692715776438,23.));
#5416 = CARTESIAN_POINT('',(0.550406984415,-6.982341136669,23.));
#5417 = CARTESIAN_POINT('',(0.402082056461,-7.171327087677,23.));
#5418 = ORIENTED_EDGE('',*,*,#5379,.F.);
#5419 = ORIENTED_EDGE('',*,*,#1060,.F.);
#5420 = SURFACE_OF_LINEAR_EXTRUSION('',#5421,#5425);
#5421 = B_SPLINE_CURVE_WITH_KNOTS('',2,(#5422,#5423,#5424),
  .UNSPECIFIED.,.F.,.F.,(3,3),(0.,1.),.PIECEWISE_BEZIER_KNOTS.);
#5422 = CARTESIAN_POINT('',(0.634430759631,-6.692715776438,25.));
#5423 = CARTESIAN_POINT('',(0.550406984415,-6.982341136669,25.));
#5424 = CARTESIAN_POINT('',(0.402082056461,-7.171327087677,25.));
#5425 = VECTOR('',#5426,1.);
#5426 = DIRECTION('',(0.,0.,1.));
#5427 = ADVANCED_FACE('',(#5428),#5439,.T.);
#5428 = FACE_BOUND('',#5429,.T.);
#5429 = EDGE_LOOP('',(#5430,#5431,#5437,#5438));
#5430 = ORIENTED_EDGE('',*,*,#5050,.T.);
#5431 = ORIENTED_EDGE('',*,*,#5432,.T.);
#5432 = EDGE_CURVE('',#5043,#5406,#5433,.T.);
#5433 = B_SPLINE_CURVE_WITH_KNOTS('',2,(#5434,#5435,#5436),
  .UNSPECIFIED.,.F.,.F.,(3,3),(0.,1.),.PIECEWISE_BEZIER_KNOTS.);
#5434 = CARTESIAN_POINT('',(0.718589621302,-6.010529177014,23.));
#5435 = CARTESIAN_POINT('',(0.718589621302,-6.402955329752,23.));
#5436 = CARTESIAN_POINT('',(0.634430759631,-6.692715776438,23.));
#5437 = ORIENTED_EDGE('',*,*,#5405,.F.);
#5438 = ORIENTED_EDGE('',*,*,#1052,.F.);
#5439 = SURFACE_OF_LINEAR_EXTRUSION('',#5440,#5444);
#5440 = B_SPLINE_CURVE_WITH_KNOTS('',2,(#5441,#5442,#5443),
  .UNSPECIFIED.,.F.,.F.,(3,3),(0.,1.),.PIECEWISE_BEZIER_KNOTS.);
#5441 = CARTESIAN_POINT('',(0.718589621302,-6.010529177014,25.));
#5442 = CARTESIAN_POINT('',(0.718589621302,-6.402955329752,25.));
#5443 = CARTESIAN_POINT('',(0.634430759631,-6.692715776438,25.));
#5444 = VECTOR('',#5445,1.);
#5445 = DIRECTION('',(0.,0.,1.));
#5446 = ADVANCED_FACE('',(#5447),#5472,.T.);
#5447 = FACE_BOUND('',#5448,.T.);
#5448 = EDGE_LOOP('',(#5449,#5457,#5465,#5471));
#5449 = ORIENTED_EDGE('',*,*,#5450,.T.);
#5450 = EDGE_CURVE('',#1173,#5451,#5453,.T.);
#5451 = VERTEX_POINT('',#5452);
#5452 = CARTESIAN_POINT('',(2.409196609775,-7.510529177014,23.));
#5453 = LINE('',#5454,#5455);
#5454 = CARTESIAN_POINT('',(2.409196609775,-7.510529177014,25.));
#5455 = VECTOR('',#5456,1.);
#5456 = DIRECTION('',(-0.,-0.,-1.));
#5457 = ORIENTED_EDGE('',*,*,#5458,.T.);
#5458 = EDGE_CURVE('',#5451,#5459,#5461,.T.);
#5459 = VERTEX_POINT('',#5460);
#5460 = CARTESIAN_POINT('',(1.896813684703,-7.510529177014,23.));
#5461 = LINE('',#5462,#5463);
#5462 = CARTESIAN_POINT('',(2.409196609775,-7.510529177014,23.));
#5463 = VECTOR('',#5464,1.);
#5464 = DIRECTION('',(-1.,0.,0.));
#5465 = ORIENTED_EDGE('',*,*,#5466,.F.);
#5466 = EDGE_CURVE('',#1175,#5459,#5467,.T.);
#5467 = LINE('',#5468,#5469);
#5468 = CARTESIAN_POINT('',(1.896813684703,-7.510529177014,25.));
#5469 = VECTOR('',#5470,1.);
#5470 = DIRECTION('',(-0.,-0.,-1.));
#5471 = ORIENTED_EDGE('',*,*,#1172,.F.);
#5472 = PLANE('',#5473);
#5473 = AXIS2_PLACEMENT_3D('',#5474,#5475,#5476);
#5474 = CARTESIAN_POINT('',(2.409196609775,-7.510529177014,25.));
#5475 = DIRECTION('',(0.,1.,0.));
#5476 = DIRECTION('',(-1.,0.,0.));
#5477 = ADVANCED_FACE('',(#5478),#5496,.T.);
#5478 = FACE_BOUND('',#5479,.T.);
#5479 = EDGE_LOOP('',(#5480,#5488,#5494,#5495));
#5480 = ORIENTED_EDGE('',*,*,#5481,.T.);
#5481 = EDGE_CURVE('',#1447,#5482,#5484,.T.);
#5482 = VERTEX_POINT('',#5483);
#5483 = CARTESIAN_POINT('',(2.409196609775,-5.952712174133,23.));
#5484 = LINE('',#5485,#5486);
#5485 = CARTESIAN_POINT('',(2.409196609775,-5.952712174133,25.));
#5486 = VECTOR('',#5487,1.);
#5487 = DIRECTION('',(-0.,-0.,-1.));
#5488 = ORIENTED_EDGE('',*,*,#5489,.T.);
#5489 = EDGE_CURVE('',#5482,#5451,#5490,.T.);
#5490 = LINE('',#5491,#5492);
#5491 = CARTESIAN_POINT('',(2.409196609775,-5.952712174133,23.));
#5492 = VECTOR('',#5493,1.);
#5493 = DIRECTION('',(0.,-1.,0.));
#5494 = ORIENTED_EDGE('',*,*,#5450,.F.);
#5495 = ORIENTED_EDGE('',*,*,#1454,.F.);
#5496 = PLANE('',#5497);
#5497 = AXIS2_PLACEMENT_3D('',#5498,#5499,#5500);
#5498 = CARTESIAN_POINT('',(2.409196609775,-5.952712174133,25.));
#5499 = DIRECTION('',(-1.,0.,0.));
#5500 = DIRECTION('',(0.,-1.,0.));
#5501 = ADVANCED_FACE('',(#5502),#5520,.T.);
#5502 = FACE_BOUND('',#5503,.T.);
#5503 = EDGE_LOOP('',(#5504,#5512,#5518,#5519));
#5504 = ORIENTED_EDGE('',*,*,#5505,.T.);
#5505 = EDGE_CURVE('',#1439,#5506,#5508,.T.);
#5506 = VERTEX_POINT('',#5507);
#5507 = CARTESIAN_POINT('',(2.58872650891,-5.801955689983,23.));
#5508 = LINE('',#5509,#5510);
#5509 = CARTESIAN_POINT('',(2.58872650891,-5.801955689983,25.));
#5510 = VECTOR('',#5511,1.);
#5511 = DIRECTION('',(-0.,-0.,-1.));
#5512 = ORIENTED_EDGE('',*,*,#5513,.T.);
#5513 = EDGE_CURVE('',#5506,#5482,#5514,.T.);
#5514 = B_SPLINE_CURVE_WITH_KNOTS('',2,(#5515,#5516,#5517),
  .UNSPECIFIED.,.F.,.F.,(3,3),(0.,1.),.PIECEWISE_BEZIER_KNOTS.);
#5515 = CARTESIAN_POINT('',(2.58872650891,-5.801955689983,23.));
#5516 = CARTESIAN_POINT('',(2.492274779804,-5.857070963758,23.));
#5517 = CARTESIAN_POINT('',(2.409196609775,-5.952712174133,23.));
#5518 = ORIENTED_EDGE('',*,*,#5481,.F.);
#5519 = ORIENTED_EDGE('',*,*,#1446,.F.);
#5520 = SURFACE_OF_LINEAR_EXTRUSION('',#5521,#5525);
#5521 = B_SPLINE_CURVE_WITH_KNOTS('',2,(#5522,#5523,#5524),
  .UNSPECIFIED.,.F.,.F.,(3,3),(0.,1.),.PIECEWISE_BEZIER_KNOTS.);
#5522 = CARTESIAN_POINT('',(2.58872650891,-5.801955689983,25.));
#5523 = CARTESIAN_POINT('',(2.492274779804,-5.857070963758,25.));
#5524 = CARTESIAN_POINT('',(2.409196609775,-5.952712174133,25.));
#5525 = VECTOR('',#5526,1.);
#5526 = DIRECTION('',(0.,0.,1.));
#5527 = ADVANCED_FACE('',(#5528),#5546,.T.);
#5528 = FACE_BOUND('',#5529,.T.);
#5529 = EDGE_LOOP('',(#5530,#5538,#5544,#5545));
#5530 = ORIENTED_EDGE('',*,*,#5531,.T.);
#5531 = EDGE_CURVE('',#1431,#5532,#5534,.T.);
#5532 = VERTEX_POINT('',#5533);
#5533 = CARTESIAN_POINT('',(2.795138612657,-5.746840416207,23.));
#5534 = LINE('',#5535,#5536);
#5535 = CARTESIAN_POINT('',(2.795138612657,-5.746840416207,25.));
#5536 = VECTOR('',#5537,1.);
#5537 = DIRECTION('',(-0.,-0.,-1.));
#5538 = ORIENTED_EDGE('',*,*,#5539,.T.);
#5539 = EDGE_CURVE('',#5532,#5506,#5540,.T.);
#5540 = B_SPLINE_CURVE_WITH_KNOTS('',2,(#5541,#5542,#5543),
  .UNSPECIFIED.,.F.,.F.,(3,3),(0.,1.),.PIECEWISE_BEZIER_KNOTS.);
#5541 = CARTESIAN_POINT('',(2.795138612657,-5.746840416207,23.));
#5542 = CARTESIAN_POINT('',(2.685178238017,-5.746840416207,23.));
#5543 = CARTESIAN_POINT('',(2.58872650891,-5.801955689983,23.));
#5544 = ORIENTED_EDGE('',*,*,#5505,.F.);
#5545 = ORIENTED_EDGE('',*,*,#1438,.F.);
#5546 = SURFACE_OF_LINEAR_EXTRUSION('',#5547,#5551);
#5547 = B_SPLINE_CURVE_WITH_KNOTS('',2,(#5548,#5549,#5550),
  .UNSPECIFIED.,.F.,.F.,(3,3),(0.,1.),.PIECEWISE_BEZIER_KNOTS.);
#5548 = CARTESIAN_POINT('',(2.795138612657,-5.746840416207,25.));
#5549 = CARTESIAN_POINT('',(2.685178238017,-5.746840416207,25.));
#5550 = CARTESIAN_POINT('',(2.58872650891,-5.801955689983,25.));
#5551 = VECTOR('',#5552,1.);
#5552 = DIRECTION('',(0.,0.,1.));
#5553 = ADVANCED_FACE('',(#5554),#5572,.T.);
#5554 = FACE_BOUND('',#5555,.T.);
#5555 = EDGE_LOOP('',(#5556,#5564,#5570,#5571));
#5556 = ORIENTED_EDGE('',*,*,#5557,.T.);
#5557 = EDGE_CURVE('',#1423,#5558,#5560,.T.);
#5558 = VERTEX_POINT('',#5559);
#5559 = CARTESIAN_POINT('',(3.04937132159,-5.844372836957,23.));
#5560 = LINE('',#5561,#5562);
#5561 = CARTESIAN_POINT('',(3.04937132159,-5.844372836957,25.));
#5562 = VECTOR('',#5563,1.);
#5563 = DIRECTION('',(-0.,-0.,-1.));
#5564 = ORIENTED_EDGE('',*,*,#5565,.T.);
#5565 = EDGE_CURVE('',#5558,#5532,#5566,.T.);
#5566 = B_SPLINE_CURVE_WITH_KNOTS('',2,(#5567,#5568,#5569),
  .UNSPECIFIED.,.F.,.F.,(3,3),(0.,1.),.PIECEWISE_BEZIER_KNOTS.);
#5567 = CARTESIAN_POINT('',(3.04937132159,-5.844372836957,23.));
#5568 = CARTESIAN_POINT('',(2.963321249544,-5.746840416207,23.));
#5569 = CARTESIAN_POINT('',(2.795138612657,-5.746840416207,23.));
#5570 = ORIENTED_EDGE('',*,*,#5531,.F.);
#5571 = ORIENTED_EDGE('',*,*,#1430,.F.);
#5572 = SURFACE_OF_LINEAR_EXTRUSION('',#5573,#5577);
#5573 = B_SPLINE_CURVE_WITH_KNOTS('',2,(#5574,#5575,#5576),
  .UNSPECIFIED.,.F.,.F.,(3,3),(0.,1.),.PIECEWISE_BEZIER_KNOTS.);
#5574 = CARTESIAN_POINT('',(3.04937132159,-5.844372836957,25.));
#5575 = CARTESIAN_POINT('',(2.963321249544,-5.746840416207,25.));
#5576 = CARTESIAN_POINT('',(2.795138612657,-5.746840416207,25.));
#5577 = VECTOR('',#5578,1.);
#5578 = DIRECTION('',(0.,0.,1.));
#5579 = ADVANCED_FACE('',(#5580),#5598,.T.);
#5580 = FACE_BOUND('',#5581,.T.);
#5581 = EDGE_LOOP('',(#5582,#5590,#5596,#5597));
#5582 = ORIENTED_EDGE('',*,*,#5583,.T.);
#5583 = EDGE_CURVE('',#1415,#5584,#5586,.T.);
#5584 = VERTEX_POINT('',#5585);
#5585 = CARTESIAN_POINT('',(3.135421393637,-6.15561203004,23.));
#5586 = LINE('',#5587,#5588);
#5587 = CARTESIAN_POINT('',(3.135421393637,-6.15561203004,25.));
#5588 = VECTOR('',#5589,1.);
#5589 = DIRECTION('',(-0.,-0.,-1.));
#5590 = ORIENTED_EDGE('',*,*,#5591,.T.);
#5591 = EDGE_CURVE('',#5584,#5558,#5592,.T.);
#5592 = B_SPLINE_CURVE_WITH_KNOTS('',2,(#5593,#5594,#5595),
  .UNSPECIFIED.,.F.,.F.,(3,3),(0.,1.),.PIECEWISE_BEZIER_KNOTS.);
#5593 = CARTESIAN_POINT('',(3.135421393637,-6.15561203004,23.));
#5594 = CARTESIAN_POINT('',(3.135421393637,-5.941905257706,23.));
#5595 = CARTESIAN_POINT('',(3.04937132159,-5.844372836957,23.));
#5596 = ORIENTED_EDGE('',*,*,#5557,.F.);
#5597 = ORIENTED_EDGE('',*,*,#1422,.F.);
#5598 = SURFACE_OF_LINEAR_EXTRUSION('',#5599,#5603);
#5599 = B_SPLINE_CURVE_WITH_KNOTS('',2,(#5600,#5601,#5602),
  .UNSPECIFIED.,.F.,.F.,(3,3),(0.,1.),.PIECEWISE_BEZIER_KNOTS.);
#5600 = CARTESIAN_POINT('',(3.135421393637,-6.15561203004,25.));
#5601 = CARTESIAN_POINT('',(3.135421393637,-5.941905257706,25.));
#5602 = CARTESIAN_POINT('',(3.04937132159,-5.844372836957,25.));
#5603 = VECTOR('',#5604,1.);
#5604 = DIRECTION('',(0.,0.,1.));
#5605 = ADVANCED_FACE('',(#5606),#5624,.T.);
#5606 = FACE_BOUND('',#5607,.T.);
#5607 = EDGE_LOOP('',(#5608,#5616,#5622,#5623));
#5608 = ORIENTED_EDGE('',*,*,#5609,.T.);
#5609 = EDGE_CURVE('',#1407,#5610,#5612,.T.);
#5610 = VERTEX_POINT('',#5611);
#5611 = CARTESIAN_POINT('',(3.135421393637,-7.510529177014,23.));
#5612 = LINE('',#5613,#5614);
#5613 = CARTESIAN_POINT('',(3.135421393637,-7.510529177014,25.));
#5614 = VECTOR('',#5615,1.);
#5615 = DIRECTION('',(-0.,-0.,-1.));
#5616 = ORIENTED_EDGE('',*,*,#5617,.T.);
#5617 = EDGE_CURVE('',#5610,#5584,#5618,.T.);
#5618 = LINE('',#5619,#5620);
#5619 = CARTESIAN_POINT('',(3.135421393637,-7.510529177014,23.));
#5620 = VECTOR('',#5621,1.);
#5621 = DIRECTION('',(0.,1.,0.));
#5622 = ORIENTED_EDGE('',*,*,#5583,.F.);
#5623 = ORIENTED_EDGE('',*,*,#1414,.F.);
#5624 = PLANE('',#5625);
#5625 = AXIS2_PLACEMENT_3D('',#5626,#5627,#5628);
#5626 = CARTESIAN_POINT('',(3.135421393637,-7.510529177014,25.));
#5627 = DIRECTION('',(1.,0.,0.));
#5628 = DIRECTION('',(0.,1.,0.));
#5629 = ADVANCED_FACE('',(#5630),#5648,.T.);
#5630 = FACE_BOUND('',#5631,.T.);
#5631 = EDGE_LOOP('',(#5632,#5640,#5646,#5647));
#5632 = ORIENTED_EDGE('',*,*,#5633,.T.);
#5633 = EDGE_CURVE('',#1399,#5634,#5636,.T.);
#5634 = VERTEX_POINT('',#5635);
#5635 = CARTESIAN_POINT('',(3.650100788449,-7.510529177014,23.));
#5636 = LINE('',#5637,#5638);
#5637 = CARTESIAN_POINT('',(3.650100788449,-7.510529177014,25.));
#5638 = VECTOR('',#5639,1.);
#5639 = DIRECTION('',(-0.,-0.,-1.));
#5640 = ORIENTED_EDGE('',*,*,#5641,.T.);
#5641 = EDGE_CURVE('',#5634,#5610,#5642,.T.);
#5642 = LINE('',#5643,#5644);
#5643 = CARTESIAN_POINT('',(3.650100788449,-7.510529177014,23.));
#5644 = VECTOR('',#5645,1.);
#5645 = DIRECTION('',(-1.,0.,0.));
#5646 = ORIENTED_EDGE('',*,*,#5609,.F.);
#5647 = ORIENTED_EDGE('',*,*,#1406,.F.);
#5648 = PLANE('',#5649);
#5649 = AXIS2_PLACEMENT_3D('',#5650,#5651,#5652);
#5650 = CARTESIAN_POINT('',(3.650100788449,-7.510529177014,25.));
#5651 = DIRECTION('',(0.,1.,0.));
#5652 = DIRECTION('',(-1.,0.,0.));
#5653 = ADVANCED_FACE('',(#5654),#5672,.T.);
#5654 = FACE_BOUND('',#5655,.T.);
#5655 = EDGE_LOOP('',(#5656,#5664,#5670,#5671));
#5656 = ORIENTED_EDGE('',*,*,#5657,.T.);
#5657 = EDGE_CURVE('',#1391,#5658,#5660,.T.);
#5658 = VERTEX_POINT('',#5659);
#5659 = CARTESIAN_POINT('',(3.650100788449,-6.15561203004,23.));
#5660 = LINE('',#5661,#5662);
#5661 = CARTESIAN_POINT('',(3.650100788449,-6.15561203004,25.));
#5662 = VECTOR('',#5663,1.);
#5663 = DIRECTION('',(-0.,-0.,-1.));
#5664 = ORIENTED_EDGE('',*,*,#5665,.T.);
#5665 = EDGE_CURVE('',#5658,#5634,#5666,.T.);
#5666 = LINE('',#5667,#5668);
#5667 = CARTESIAN_POINT('',(3.650100788449,-6.15561203004,23.));
#5668 = VECTOR('',#5669,1.);
#5669 = DIRECTION('',(0.,-1.,0.));
#5670 = ORIENTED_EDGE('',*,*,#5633,.F.);
#5671 = ORIENTED_EDGE('',*,*,#1398,.F.);
#5672 = PLANE('',#5673);
#5673 = AXIS2_PLACEMENT_3D('',#5674,#5675,#5676);
#5674 = CARTESIAN_POINT('',(3.650100788449,-6.15561203004,25.));
#5675 = DIRECTION('',(-1.,0.,0.));
#5676 = DIRECTION('',(0.,-1.,0.));
#5677 = ADVANCED_FACE('',(#5678),#5696,.T.);
#5678 = FACE_BOUND('',#5679,.T.);
#5679 = EDGE_LOOP('',(#5680,#5688,#5694,#5695));
#5680 = ORIENTED_EDGE('',*,*,#5681,.T.);
#5681 = EDGE_CURVE('',#1383,#5682,#5684,.T.);
#5682 = VERTEX_POINT('',#5683);
#5683 = CARTESIAN_POINT('',(3.679144376346,-5.979324205833,23.));
#5684 = LINE('',#5685,#5686);
#5685 = CARTESIAN_POINT('',(3.679144376346,-5.979324205833,25.));
#5686 = VECTOR('',#5687,1.);
#5687 = DIRECTION('',(-0.,-0.,-1.));
#5688 = ORIENTED_EDGE('',*,*,#5689,.T.);
#5689 = EDGE_CURVE('',#5682,#5658,#5690,.T.);
#5690 = B_SPLINE_CURVE_WITH_KNOTS('',2,(#5691,#5692,#5693),
  .UNSPECIFIED.,.F.,.F.,(3,3),(0.,1.),.PIECEWISE_BEZIER_KNOTS.);
#5691 = CARTESIAN_POINT('',(3.679144376346,-5.979324205833,23.));
#5692 = CARTESIAN_POINT('',(3.650100788449,-6.056053312461,23.));
#5693 = CARTESIAN_POINT('',(3.650100788449,-6.15561203004,23.));
#5694 = ORIENTED_EDGE('',*,*,#5657,.F.);
#5695 = ORIENTED_EDGE('',*,*,#1390,.F.);
#5696 = SURFACE_OF_LINEAR_EXTRUSION('',#5697,#5701);
#5697 = B_SPLINE_CURVE_WITH_KNOTS('',2,(#5698,#5699,#5700),
  .UNSPECIFIED.,.F.,.F.,(3,3),(0.,1.),.PIECEWISE_BEZIER_KNOTS.);
#5698 = CARTESIAN_POINT('',(3.679144376346,-5.979324205833,25.));
#5699 = CARTESIAN_POINT('',(3.650100788449,-6.056053312461,25.));
#5700 = CARTESIAN_POINT('',(3.650100788449,-6.15561203004,25.));
#5701 = VECTOR('',#5702,1.);
#5702 = DIRECTION('',(0.,0.,1.));
#5703 = ADVANCED_FACE('',(#5704),#5722,.T.);
#5704 = FACE_BOUND('',#5705,.T.);
#5705 = EDGE_LOOP('',(#5706,#5714,#5720,#5721));
#5706 = ORIENTED_EDGE('',*,*,#5707,.T.);
#5707 = EDGE_CURVE('',#1375,#5708,#5710,.T.);
#5708 = VERTEX_POINT('',#5709);
#5709 = CARTESIAN_POINT('',(3.758980471446,-5.851667505545,23.));
#5710 = LINE('',#5711,#5712);
#5711 = CARTESIAN_POINT('',(3.758980471446,-5.851667505545,25.));
#5712 = VECTOR('',#5713,1.);
#5713 = DIRECTION('',(-0.,-0.,-1.));
#5714 = ORIENTED_EDGE('',*,*,#5715,.T.);
#5715 = EDGE_CURVE('',#5708,#5682,#5716,.T.);
#5716 = B_SPLINE_CURVE_WITH_KNOTS('',2,(#5717,#5718,#5719),
  .UNSPECIFIED.,.F.,.F.,(3,3),(0.,1.),.PIECEWISE_BEZIER_KNOTS.);
#5717 = CARTESIAN_POINT('',(3.758980471446,-5.851667505545,23.));
#5718 = CARTESIAN_POINT('',(3.708187964242,-5.902460012749,23.));
#5719 = CARTESIAN_POINT('',(3.679144376346,-5.979324205833,23.));
#5720 = ORIENTED_EDGE('',*,*,#5681,.F.);
#5721 = ORIENTED_EDGE('',*,*,#1382,.F.);
#5722 = SURFACE_OF_LINEAR_EXTRUSION('',#5723,#5727);
#5723 = B_SPLINE_CURVE_WITH_KNOTS('',2,(#5724,#5725,#5726),
  .UNSPECIFIED.,.F.,.F.,(3,3),(0.,1.),.PIECEWISE_BEZIER_KNOTS.);
#5724 = CARTESIAN_POINT('',(3.758980471446,-5.851667505545,25.));
#5725 = CARTESIAN_POINT('',(3.708187964242,-5.902460012749,25.));
#5726 = CARTESIAN_POINT('',(3.679144376346,-5.979324205833,25.));
#5727 = VECTOR('',#5728,1.);
#5728 = DIRECTION('',(0.,0.,1.));
#5729 = ADVANCED_FACE('',(#5730),#5748,.T.);
#5730 = FACE_BOUND('',#5731,.T.);
#5731 = EDGE_LOOP('',(#5732,#5740,#5746,#5747));
#5732 = ORIENTED_EDGE('',*,*,#5733,.T.);
#5733 = EDGE_CURVE('',#1367,#5734,#5736,.T.);
#5734 = VERTEX_POINT('',#5735);
#5735 = CARTESIAN_POINT('',(3.877181119861,-5.773857707274,23.));
#5736 = LINE('',#5737,#5738);
#5737 = CARTESIAN_POINT('',(3.877181119861,-5.773857707274,25.));
#5738 = VECTOR('',#5739,1.);
#5739 = DIRECTION('',(-0.,-0.,-1.));
#5740 = ORIENTED_EDGE('',*,*,#5741,.T.);
#5741 = EDGE_CURVE('',#5734,#5708,#5742,.T.);
#5742 = B_SPLINE_CURVE_WITH_KNOTS('',2,(#5743,#5744,#5745),
  .UNSPECIFIED.,.F.,.F.,(3,3),(0.,1.),.PIECEWISE_BEZIER_KNOTS.);
#5743 = CARTESIAN_POINT('',(3.877181119861,-5.773857707274,23.));
#5744 = CARTESIAN_POINT('',(3.809772978651,-5.800739911885,23.));
#5745 = CARTESIAN_POINT('',(3.758980471446,-5.851667505545,23.));
#5746 = ORIENTED_EDGE('',*,*,#5707,.F.);
#5747 = ORIENTED_EDGE('',*,*,#1374,.F.);
#5748 = SURFACE_OF_LINEAR_EXTRUSION('',#5749,#5753);
#5749 = B_SPLINE_CURVE_WITH_KNOTS('',2,(#5750,#5751,#5752),
  .UNSPECIFIED.,.F.,.F.,(3,3),(0.,1.),.PIECEWISE_BEZIER_KNOTS.);
#5750 = CARTESIAN_POINT('',(3.877181119861,-5.773857707274,25.));
#5751 = CARTESIAN_POINT('',(3.809772978651,-5.800739911885,25.));
#5752 = CARTESIAN_POINT('',(3.758980471446,-5.851667505545,25.));
#5753 = VECTOR('',#5754,1.);
#5754 = DIRECTION('',(0.,0.,1.));
#5755 = ADVANCED_FACE('',(#5756),#5774,.T.);
#5756 = FACE_BOUND('',#5757,.T.);
#5757 = EDGE_LOOP('',(#5758,#5766,#5772,#5773));
#5758 = ORIENTED_EDGE('',*,*,#5759,.T.);
#5759 = EDGE_CURVE('',#1359,#5760,#5762,.T.);
#5760 = VERTEX_POINT('',#5761);
#5761 = CARTESIAN_POINT('',(4.023614837441,-5.746840416207,23.));
#5762 = LINE('',#5763,#5764);
#5763 = CARTESIAN_POINT('',(4.023614837441,-5.746840416207,25.));
#5764 = VECTOR('',#5765,1.);
#5765 = DIRECTION('',(-0.,-0.,-1.));
#5766 = ORIENTED_EDGE('',*,*,#5767,.T.);
#5767 = EDGE_CURVE('',#5760,#5734,#5768,.T.);
#5768 = B_SPLINE_CURVE_WITH_KNOTS('',2,(#5769,#5770,#5771),
  .UNSPECIFIED.,.F.,.F.,(3,3),(0.,1.),.PIECEWISE_BEZIER_KNOTS.);
#5769 = CARTESIAN_POINT('',(4.023614837441,-5.746840416207,23.));
#5770 = CARTESIAN_POINT('',(3.944724347527,-5.746840416207,23.));
#5771 = CARTESIAN_POINT('',(3.877181119861,-5.773857707274,23.));
#5772 = ORIENTED_EDGE('',*,*,#5733,.F.);
#5773 = ORIENTED_EDGE('',*,*,#1366,.F.);
#5774 = SURFACE_OF_LINEAR_EXTRUSION('',#5775,#5779);
#5775 = B_SPLINE_CURVE_WITH_KNOTS('',2,(#5776,#5777,#5778),
  .UNSPECIFIED.,.F.,.F.,(3,3),(0.,1.),.PIECEWISE_BEZIER_KNOTS.);
#5776 = CARTESIAN_POINT('',(4.023614837441,-5.746840416207,25.));
#5777 = CARTESIAN_POINT('',(3.944724347527,-5.746840416207,25.));
#5778 = CARTESIAN_POINT('',(3.877181119861,-5.773857707274,25.));
#5779 = VECTOR('',#5780,1.);
#5780 = DIRECTION('',(0.,0.,1.));
#5781 = ADVANCED_FACE('',(#5782),#5800,.T.);
#5782 = FACE_BOUND('',#5783,.T.);
#5783 = EDGE_LOOP('',(#5784,#5792,#5798,#5799));
#5784 = ORIENTED_EDGE('',*,*,#5785,.T.);
#5785 = EDGE_CURVE('',#1351,#5786,#5788,.T.);
#5786 = VERTEX_POINT('',#5787);
#5787 = CARTESIAN_POINT('',(4.284872042052,-5.849641208715,23.));
#5788 = LINE('',#5789,#5790);
#5789 = CARTESIAN_POINT('',(4.284872042052,-5.849641208715,25.));
#5790 = VECTOR('',#5791,1.);
#5791 = DIRECTION('',(-0.,-0.,-1.));
#5792 = ORIENTED_EDGE('',*,*,#5793,.T.);
#5793 = EDGE_CURVE('',#5786,#5760,#5794,.T.);
#5794 = B_SPLINE_CURVE_WITH_KNOTS('',2,(#5795,#5796,#5797),
  .UNSPECIFIED.,.F.,.F.,(3,3),(0.,1.),.PIECEWISE_BEZIER_KNOTS.);
#5795 = CARTESIAN_POINT('',(4.284872042052,-5.849641208715,23.));
#5796 = CARTESIAN_POINT('',(4.195714981533,-5.746840416207,23.));
#5797 = CARTESIAN_POINT('',(4.023614837441,-5.746840416207,23.));
#5798 = ORIENTED_EDGE('',*,*,#5759,.F.);
#5799 = ORIENTED_EDGE('',*,*,#1358,.F.);
#5800 = SURFACE_OF_LINEAR_EXTRUSION('',#5801,#5805);
#5801 = B_SPLINE_CURVE_WITH_KNOTS('',2,(#5802,#5803,#5804),
  .UNSPECIFIED.,.F.,.F.,(3,3),(0.,1.),.PIECEWISE_BEZIER_KNOTS.);
#5802 = CARTESIAN_POINT('',(4.284872042052,-5.849641208715,25.));
#5803 = CARTESIAN_POINT('',(4.195714981533,-5.746840416207,25.));
#5804 = CARTESIAN_POINT('',(4.023614837441,-5.746840416207,25.));
#5805 = VECTOR('',#5806,1.);
#5806 = DIRECTION('',(0.,0.,1.));
#5807 = ADVANCED_FACE('',(#5808),#5826,.T.);
#5808 = FACE_BOUND('',#5809,.T.);
#5809 = EDGE_LOOP('',(#5810,#5818,#5824,#5825));
#5810 = ORIENTED_EDGE('',*,*,#5811,.T.);
#5811 = EDGE_CURVE('',#1343,#5812,#5814,.T.);
#5812 = VERTEX_POINT('',#5813);
#5813 = CARTESIAN_POINT('',(4.374164189026,-6.15561203004,23.));
#5814 = LINE('',#5815,#5816);
#5815 = CARTESIAN_POINT('',(4.374164189026,-6.15561203004,25.));
#5816 = VECTOR('',#5817,1.);
#5817 = DIRECTION('',(-0.,-0.,-1.));
#5818 = ORIENTED_EDGE('',*,*,#5819,.T.);
#5819 = EDGE_CURVE('',#5812,#5786,#5820,.T.);
#5820 = B_SPLINE_CURVE_WITH_KNOTS('',2,(#5821,#5822,#5823),
  .UNSPECIFIED.,.F.,.F.,(3,3),(0.,1.),.PIECEWISE_BEZIER_KNOTS.);
#5821 = CARTESIAN_POINT('',(4.374164189026,-6.15561203004,23.));
#5822 = CARTESIAN_POINT('',(4.374164189026,-5.952306914767,23.));
#5823 = CARTESIAN_POINT('',(4.284872042052,-5.849641208715,23.));
#5824 = ORIENTED_EDGE('',*,*,#5785,.F.);
#5825 = ORIENTED_EDGE('',*,*,#1350,.F.);
#5826 = SURFACE_OF_LINEAR_EXTRUSION('',#5827,#5831);
#5827 = B_SPLINE_CURVE_WITH_KNOTS('',2,(#5828,#5829,#5830),
  .UNSPECIFIED.,.F.,.F.,(3,3),(0.,1.),.PIECEWISE_BEZIER_KNOTS.);
#5828 = CARTESIAN_POINT('',(4.374164189026,-6.15561203004,25.));
#5829 = CARTESIAN_POINT('',(4.374164189026,-5.952306914767,25.));
#5830 = CARTESIAN_POINT('',(4.284872042052,-5.849641208715,25.));
#5831 = VECTOR('',#5832,1.);
#5832 = DIRECTION('',(0.,0.,1.));
#5833 = ADVANCED_FACE('',(#5834),#5852,.T.);
#5834 = FACE_BOUND('',#5835,.T.);
#5835 = EDGE_LOOP('',(#5836,#5844,#5850,#5851));
#5836 = ORIENTED_EDGE('',*,*,#5837,.T.);
#5837 = EDGE_CURVE('',#1335,#5838,#5840,.T.);
#5838 = VERTEX_POINT('',#5839);
#5839 = CARTESIAN_POINT('',(4.374164189026,-7.510529177014,23.));
#5840 = LINE('',#5841,#5842);
#5841 = CARTESIAN_POINT('',(4.374164189026,-7.510529177014,25.));
#5842 = VECTOR('',#5843,1.);
#5843 = DIRECTION('',(-0.,-0.,-1.));
#5844 = ORIENTED_EDGE('',*,*,#5845,.T.);
#5845 = EDGE_CURVE('',#5838,#5812,#5846,.T.);
#5846 = LINE('',#5847,#5848);
#5847 = CARTESIAN_POINT('',(4.374164189026,-7.510529177014,23.));
#5848 = VECTOR('',#5849,1.);
#5849 = DIRECTION('',(0.,1.,0.));
#5850 = ORIENTED_EDGE('',*,*,#5811,.F.);
#5851 = ORIENTED_EDGE('',*,*,#1342,.F.);
#5852 = PLANE('',#5853);
#5853 = AXIS2_PLACEMENT_3D('',#5854,#5855,#5856);
#5854 = CARTESIAN_POINT('',(4.374164189026,-7.510529177014,25.));
#5855 = DIRECTION('',(1.,0.,0.));
#5856 = DIRECTION('',(0.,1.,0.));
#5857 = ADVANCED_FACE('',(#5858),#5876,.T.);
#5858 = FACE_BOUND('',#5859,.T.);
#5859 = EDGE_LOOP('',(#5860,#5868,#5874,#5875));
#5860 = ORIENTED_EDGE('',*,*,#5861,.T.);
#5861 = EDGE_CURVE('',#1327,#5862,#5864,.T.);
#5862 = VERTEX_POINT('',#5863);
#5863 = CARTESIAN_POINT('',(4.886682200553,-7.510529177014,23.));
#5864 = LINE('',#5865,#5866);
#5865 = CARTESIAN_POINT('',(4.886682200553,-7.510529177014,25.));
#5866 = VECTOR('',#5867,1.);
#5867 = DIRECTION('',(-0.,-0.,-1.));
#5868 = ORIENTED_EDGE('',*,*,#5869,.T.);
#5869 = EDGE_CURVE('',#5862,#5838,#5870,.T.);
#5870 = LINE('',#5871,#5872);
#5871 = CARTESIAN_POINT('',(4.886682200553,-7.510529177014,23.));
#5872 = VECTOR('',#5873,1.);
#5873 = DIRECTION('',(-1.,0.,0.));
#5874 = ORIENTED_EDGE('',*,*,#5837,.F.);
#5875 = ORIENTED_EDGE('',*,*,#1334,.F.);
#5876 = PLANE('',#5877);
#5877 = AXIS2_PLACEMENT_3D('',#5878,#5879,#5880);
#5878 = CARTESIAN_POINT('',(4.886682200553,-7.510529177014,25.));
#5879 = DIRECTION('',(0.,1.,0.));
#5880 = DIRECTION('',(-1.,0.,0.));
#5881 = ADVANCED_FACE('',(#5882),#5900,.T.);
#5882 = FACE_BOUND('',#5883,.T.);
#5883 = EDGE_LOOP('',(#5884,#5892,#5898,#5899));
#5884 = ORIENTED_EDGE('',*,*,#5885,.T.);
#5885 = EDGE_CURVE('',#1319,#5886,#5888,.T.);
#5886 = VERTEX_POINT('',#5887);
#5887 = CARTESIAN_POINT('',(4.886682200553,-6.156017289406,23.));
#5888 = LINE('',#5889,#5890);
#5889 = CARTESIAN_POINT('',(4.886682200553,-6.156017289406,25.));
#5890 = VECTOR('',#5891,1.);
#5891 = DIRECTION('',(-0.,-0.,-1.));
#5892 = ORIENTED_EDGE('',*,*,#5893,.T.);
#5893 = EDGE_CURVE('',#5886,#5862,#5894,.T.);
#5894 = LINE('',#5895,#5896);
#5895 = CARTESIAN_POINT('',(4.886682200553,-6.156017289406,23.));
#5896 = VECTOR('',#5897,1.);
#5897 = DIRECTION('',(0.,-1.,0.));
#5898 = ORIENTED_EDGE('',*,*,#5861,.F.);
#5899 = ORIENTED_EDGE('',*,*,#1326,.F.);
#5900 = PLANE('',#5901);
#5901 = AXIS2_PLACEMENT_3D('',#5902,#5903,#5904);
#5902 = CARTESIAN_POINT('',(4.886682200553,-6.156017289406,25.));
#5903 = DIRECTION('',(-1.,0.,0.));
#5904 = DIRECTION('',(0.,-1.,0.));
#5905 = ADVANCED_FACE('',(#5906),#5924,.T.);
#5906 = FACE_BOUND('',#5907,.T.);
#5907 = EDGE_LOOP('',(#5908,#5916,#5922,#5923));
#5908 = ORIENTED_EDGE('',*,*,#5909,.T.);
#5909 = EDGE_CURVE('',#1311,#5910,#5912,.T.);
#5910 = VERTEX_POINT('',#5911);
#5911 = CARTESIAN_POINT('',(4.837915990178,-5.813843298052,23.));
#5912 = LINE('',#5913,#5914);
#5913 = CARTESIAN_POINT('',(4.837915990178,-5.813843298052,25.));
#5914 = VECTOR('',#5915,1.);
#5915 = DIRECTION('',(-0.,-0.,-1.));
#5916 = ORIENTED_EDGE('',*,*,#5917,.T.);
#5917 = EDGE_CURVE('',#5910,#5886,#5918,.T.);
#5918 = B_SPLINE_CURVE_WITH_KNOTS('',2,(#5919,#5920,#5921),
  .UNSPECIFIED.,.F.,.F.,(3,3),(0.,1.),.PIECEWISE_BEZIER_KNOTS.);
#5919 = CARTESIAN_POINT('',(4.837915990178,-5.813843298052,23.));
#5920 = CARTESIAN_POINT('',(4.886682200553,-5.963113831193,23.));
#5921 = CARTESIAN_POINT('',(4.886682200553,-6.156017289406,23.));
#5922 = ORIENTED_EDGE('',*,*,#5885,.F.);
#5923 = ORIENTED_EDGE('',*,*,#1318,.F.);
#5924 = SURFACE_OF_LINEAR_EXTRUSION('',#5925,#5929);
#5925 = B_SPLINE_CURVE_WITH_KNOTS('',2,(#5926,#5927,#5928),
  .UNSPECIFIED.,.F.,.F.,(3,3),(0.,1.),.PIECEWISE_BEZIER_KNOTS.);
#5926 = CARTESIAN_POINT('',(4.837915990178,-5.813843298052,25.));
#5927 = CARTESIAN_POINT('',(4.886682200553,-5.963113831193,25.));
#5928 = CARTESIAN_POINT('',(4.886682200553,-6.156017289406,25.));
#5929 = VECTOR('',#5930,1.);
#5930 = DIRECTION('',(0.,0.,1.));
#5931 = ADVANCED_FACE('',(#5932),#5950,.T.);
#5932 = FACE_BOUND('',#5933,.T.);
#5933 = EDGE_LOOP('',(#5934,#5942,#5948,#5949));
#5934 = ORIENTED_EDGE('',*,*,#5935,.T.);
#5935 = EDGE_CURVE('',#1303,#5936,#5938,.T.);
#5936 = VERTEX_POINT('',#5937);
#5937 = CARTESIAN_POINT('',(4.69580503917,-5.560691280761,23.));
#5938 = LINE('',#5939,#5940);
#5939 = CARTESIAN_POINT('',(4.69580503917,-5.560691280761,25.));
#5940 = VECTOR('',#5941,1.);
#5941 = DIRECTION('',(-0.,-0.,-1.));
#5942 = ORIENTED_EDGE('',*,*,#5943,.T.);
#5943 = EDGE_CURVE('',#5936,#5910,#5944,.T.);
#5944 = B_SPLINE_CURVE_WITH_KNOTS('',2,(#5945,#5946,#5947),
  .UNSPECIFIED.,.F.,.F.,(3,3),(0.,1.),.PIECEWISE_BEZIER_KNOTS.);
#5945 = CARTESIAN_POINT('',(4.69580503917,-5.560691280761,23.));
#5946 = CARTESIAN_POINT('',(4.789149779804,-5.664437678455,23.));
#5947 = CARTESIAN_POINT('',(4.837915990178,-5.813843298052,23.));
#5948 = ORIENTED_EDGE('',*,*,#5909,.F.);
#5949 = ORIENTED_EDGE('',*,*,#1310,.F.);
#5950 = SURFACE_OF_LINEAR_EXTRUSION('',#5951,#5955);
#5951 = B_SPLINE_CURVE_WITH_KNOTS('',2,(#5952,#5953,#5954),
  .UNSPECIFIED.,.F.,.F.,(3,3),(0.,1.),.PIECEWISE_BEZIER_KNOTS.);
#5952 = CARTESIAN_POINT('',(4.69580503917,-5.560691280761,25.));
#5953 = CARTESIAN_POINT('',(4.789149779804,-5.664437678455,25.));
#5954 = CARTESIAN_POINT('',(4.837915990178,-5.813843298052,25.));
#5955 = VECTOR('',#5956,1.);
#5956 = DIRECTION('',(0.,0.,1.));
#5957 = ADVANCED_FACE('',(#5958),#5976,.T.);
#5958 = FACE_BOUND('',#5959,.T.);
#5959 = EDGE_LOOP('',(#5960,#5968,#5974,#5975));
#5960 = ORIENTED_EDGE('',*,*,#5961,.T.);
#5961 = EDGE_CURVE('',#1295,#5962,#5964,.T.);
#5962 = VERTEX_POINT('',#5963);
#5963 = CARTESIAN_POINT('',(4.46548263283,-5.403045387389,23.));
#5964 = LINE('',#5965,#5966);
#5965 = CARTESIAN_POINT('',(4.46548263283,-5.403045387389,25.));
#5966 = VECTOR('',#5967,1.);
#5967 = DIRECTION('',(-0.,-0.,-1.));
#5968 = ORIENTED_EDGE('',*,*,#5969,.T.);
#5969 = EDGE_CURVE('',#5962,#5936,#5970,.T.);
#5970 = B_SPLINE_CURVE_WITH_KNOTS('',2,(#5971,#5972,#5973),
  .UNSPECIFIED.,.F.,.F.,(3,3),(0.,1.),.PIECEWISE_BEZIER_KNOTS.);
#5971 = CARTESIAN_POINT('',(4.46548263283,-5.403045387389,23.));
#5972 = CARTESIAN_POINT('',(4.602460298536,-5.456944883066,23.));
#5973 = CARTESIAN_POINT('',(4.69580503917,-5.560691280761,23.));
#5974 = ORIENTED_EDGE('',*,*,#5935,.F.);
#5975 = ORIENTED_EDGE('',*,*,#1302,.F.);
#5976 = SURFACE_OF_LINEAR_EXTRUSION('',#5977,#5981);
#5977 = B_SPLINE_CURVE_WITH_KNOTS('',2,(#5978,#5979,#5980),
  .UNSPECIFIED.,.F.,.F.,(3,3),(0.,1.),.PIECEWISE_BEZIER_KNOTS.);
#5978 = CARTESIAN_POINT('',(4.46548263283,-5.403045387389,25.));
#5979 = CARTESIAN_POINT('',(4.602460298536,-5.456944883066,25.));
#5980 = CARTESIAN_POINT('',(4.69580503917,-5.560691280761,25.));
#5981 = VECTOR('',#5982,1.);
#5982 = DIRECTION('',(0.,0.,1.));
#5983 = ADVANCED_FACE('',(#5984),#6002,.T.);
#5984 = FACE_BOUND('',#5985,.T.);
#5985 = EDGE_LOOP('',(#5986,#5994,#6000,#6001));
#5986 = ORIENTED_EDGE('',*,*,#5987,.T.);
#5987 = EDGE_CURVE('',#1287,#5988,#5990,.T.);
#5988 = VERTEX_POINT('',#5989);
#5989 = CARTESIAN_POINT('',(4.152217142916,-5.349145891712,23.));
#5990 = LINE('',#5991,#5992);
#5991 = CARTESIAN_POINT('',(4.152217142916,-5.349145891712,25.));
#5992 = VECTOR('',#5993,1.);
#5993 = DIRECTION('',(-0.,-0.,-1.));
#5994 = ORIENTED_EDGE('',*,*,#5995,.T.);
#5995 = EDGE_CURVE('',#5988,#5962,#5996,.T.);
#5996 = B_SPLINE_CURVE_WITH_KNOTS('',2,(#5997,#5998,#5999),
  .UNSPECIFIED.,.F.,.F.,(3,3),(0.,1.),.PIECEWISE_BEZIER_KNOTS.);
#5997 = CARTESIAN_POINT('',(4.152217142916,-5.349145891712,23.));
#5998 = CARTESIAN_POINT('',(4.328504967124,-5.349145891712,23.));
#5999 = CARTESIAN_POINT('',(4.46548263283,-5.403045387389,23.));
#6000 = ORIENTED_EDGE('',*,*,#5961,.F.);
#6001 = ORIENTED_EDGE('',*,*,#1294,.F.);
#6002 = SURFACE_OF_LINEAR_EXTRUSION('',#6003,#6007);
#6003 = B_SPLINE_CURVE_WITH_KNOTS('',2,(#6004,#6005,#6006),
  .UNSPECIFIED.,.F.,.F.,(3,3),(0.,1.),.PIECEWISE_BEZIER_KNOTS.);
#6004 = CARTESIAN_POINT('',(4.152217142916,-5.349145891712,25.));
#6005 = CARTESIAN_POINT('',(4.328504967124,-5.349145891712,25.));
#6006 = CARTESIAN_POINT('',(4.46548263283,-5.403045387389,25.));
#6007 = VECTOR('',#6008,1.);
#6008 = DIRECTION('',(0.,0.,1.));
#6009 = ADVANCED_FACE('',(#6010),#6028,.T.);
#6010 = FACE_BOUND('',#6011,.T.);
#6011 = EDGE_LOOP('',(#6012,#6020,#6026,#6027));
#6012 = ORIENTED_EDGE('',*,*,#6013,.T.);
#6013 = EDGE_CURVE('',#1279,#6014,#6016,.T.);
#6014 = VERTEX_POINT('',#6015);
#6015 = CARTESIAN_POINT('',(3.94985763283,-5.371975502663,23.));
#6016 = LINE('',#6017,#6018);
#6017 = CARTESIAN_POINT('',(3.94985763283,-5.371975502663,25.));
#6018 = VECTOR('',#6019,1.);
#6019 = DIRECTION('',(-0.,-0.,-1.));
#6020 = ORIENTED_EDGE('',*,*,#6021,.T.);
#6021 = EDGE_CURVE('',#6014,#5988,#6022,.T.);
#6022 = B_SPLINE_CURVE_WITH_KNOTS('',2,(#6023,#6024,#6025),
  .UNSPECIFIED.,.F.,.F.,(3,3),(0.,1.),.PIECEWISE_BEZIER_KNOTS.);
#6023 = CARTESIAN_POINT('',(3.94985763283,-5.371975502663,23.));
#6024 = CARTESIAN_POINT('',(4.050497042052,-5.349145891712,23.));
#6025 = CARTESIAN_POINT('',(4.152217142916,-5.349145891712,23.));
#6026 = ORIENTED_EDGE('',*,*,#5987,.F.);
#6027 = ORIENTED_EDGE('',*,*,#1286,.F.);
#6028 = SURFACE_OF_LINEAR_EXTRUSION('',#6029,#6033);
#6029 = B_SPLINE_CURVE_WITH_KNOTS('',2,(#6030,#6031,#6032),
  .UNSPECIFIED.,.F.,.F.,(3,3),(0.,1.),.PIECEWISE_BEZIER_KNOTS.);
#6030 = CARTESIAN_POINT('',(3.94985763283,-5.371975502663,25.));
#6031 = CARTESIAN_POINT('',(4.050497042052,-5.349145891712,25.));
#6032 = CARTESIAN_POINT('',(4.152217142916,-5.349145891712,25.));
#6033 = VECTOR('',#6034,1.);
#6034 = DIRECTION('',(0.,0.,1.));
#6035 = ADVANCED_FACE('',(#6036),#6054,.T.);
#6036 = FACE_BOUND('',#6037,.T.);
#6037 = EDGE_LOOP('',(#6038,#6046,#6052,#6053));
#6038 = ORIENTED_EDGE('',*,*,#6039,.T.);
#6039 = EDGE_CURVE('',#1271,#6040,#6042,.T.);
#6040 = VERTEX_POINT('',#6041);
#6041 = CARTESIAN_POINT('',(3.759926076634,-5.44235554589,23.));
#6042 = LINE('',#6043,#6044);
#6043 = CARTESIAN_POINT('',(3.759926076634,-5.44235554589,25.));
#6044 = VECTOR('',#6045,1.);
#6045 = DIRECTION('',(-0.,-0.,-1.));
#6046 = ORIENTED_EDGE('',*,*,#6047,.T.);
#6047 = EDGE_CURVE('',#6040,#6014,#6048,.T.);
#6048 = B_SPLINE_CURVE_WITH_KNOTS('',2,(#6049,#6050,#6051),
  .UNSPECIFIED.,.F.,.F.,(3,3),(0.,1.),.PIECEWISE_BEZIER_KNOTS.);
#6049 = CARTESIAN_POINT('',(3.759926076634,-5.44235554589,23.));
#6050 = CARTESIAN_POINT('',(3.849218223608,-5.394670027158,23.));
#6051 = CARTESIAN_POINT('',(3.94985763283,-5.371975502663,23.));
#6052 = ORIENTED_EDGE('',*,*,#6013,.F.);
#6053 = ORIENTED_EDGE('',*,*,#1278,.F.);
#6054 = SURFACE_OF_LINEAR_EXTRUSION('',#6055,#6059);
#6055 = B_SPLINE_CURVE_WITH_KNOTS('',2,(#6056,#6057,#6058),
  .UNSPECIFIED.,.F.,.F.,(3,3),(0.,1.),.PIECEWISE_BEZIER_KNOTS.);
#6056 = CARTESIAN_POINT('',(3.759926076634,-5.44235554589,25.));
#6057 = CARTESIAN_POINT('',(3.849218223608,-5.394670027158,25.));
#6058 = CARTESIAN_POINT('',(3.94985763283,-5.371975502663,25.));
#6059 = VECTOR('',#6060,1.);
#6060 = DIRECTION('',(0.,0.,1.));
#6061 = ADVANCED_FACE('',(#6062),#6080,.T.);
#6062 = FACE_BOUND('',#6063,.T.);
#6063 = EDGE_LOOP('',(#6064,#6072,#6078,#6079));
#6064 = ORIENTED_EDGE('',*,*,#6065,.T.);
#6065 = EDGE_CURVE('',#1263,#6066,#6068,.T.);
#6066 = VERTEX_POINT('',#6067);
#6067 = CARTESIAN_POINT('',(3.596066206317,-5.565689479608,23.));
#6068 = LINE('',#6069,#6070);
#6069 = CARTESIAN_POINT('',(3.596066206317,-5.565689479608,25.));
#6070 = VECTOR('',#6071,1.);
#6071 = DIRECTION('',(-0.,-0.,-1.));
#6072 = ORIENTED_EDGE('',*,*,#6073,.T.);
#6073 = EDGE_CURVE('',#6066,#6040,#6074,.T.);
#6074 = B_SPLINE_CURVE_WITH_KNOTS('',2,(#6075,#6076,#6077),
  .UNSPECIFIED.,.F.,.F.,(3,3),(0.,1.),.PIECEWISE_BEZIER_KNOTS.);
#6075 = CARTESIAN_POINT('',(3.596066206317,-5.565689479608,23.));
#6076 = CARTESIAN_POINT('',(3.670769016115,-5.490041064622,23.));
#6077 = CARTESIAN_POINT('',(3.759926076634,-5.44235554589,23.));
#6078 = ORIENTED_EDGE('',*,*,#6039,.F.);
#6079 = ORIENTED_EDGE('',*,*,#1270,.F.);
#6080 = SURFACE_OF_LINEAR_EXTRUSION('',#6081,#6085);
#6081 = B_SPLINE_CURVE_WITH_KNOTS('',2,(#6082,#6083,#6084),
  .UNSPECIFIED.,.F.,.F.,(3,3),(0.,1.),.PIECEWISE_BEZIER_KNOTS.);
#6082 = CARTESIAN_POINT('',(3.596066206317,-5.565689479608,25.));
#6083 = CARTESIAN_POINT('',(3.670769016115,-5.490041064622,25.));
#6084 = CARTESIAN_POINT('',(3.759926076634,-5.44235554589,25.));
#6085 = VECTOR('',#6086,1.);
#6086 = DIRECTION('',(0.,0.,1.));
#6087 = ADVANCED_FACE('',(#6088),#6106,.T.);
#6088 = FACE_BOUND('',#6089,.T.);
#6089 = EDGE_LOOP('',(#6090,#6098,#6104,#6105));
#6090 = ORIENTED_EDGE('',*,*,#6091,.T.);
#6091 = EDGE_CURVE('',#1255,#6092,#6094,.T.);
#6092 = VERTEX_POINT('',#6093);
#6093 = CARTESIAN_POINT('',(3.471651580956,-5.746840416207,23.));
#6094 = LINE('',#6095,#6096);
#6095 = CARTESIAN_POINT('',(3.471651580956,-5.746840416207,25.));
#6096 = VECTOR('',#6097,1.);
#6097 = DIRECTION('',(-0.,-0.,-1.));
#6098 = ORIENTED_EDGE('',*,*,#6099,.T.);
#6099 = EDGE_CURVE('',#6092,#6066,#6100,.T.);
#6100 = B_SPLINE_CURVE_WITH_KNOTS('',2,(#6101,#6102,#6103),
  .UNSPECIFIED.,.F.,.F.,(3,3),(0.,1.),.PIECEWISE_BEZIER_KNOTS.);
#6101 = CARTESIAN_POINT('',(3.471651580956,-5.746840416207,23.));
#6102 = CARTESIAN_POINT('',(3.521363396518,-5.641202808138,23.));
#6103 = CARTESIAN_POINT('',(3.596066206317,-5.565689479608,23.));
#6104 = ORIENTED_EDGE('',*,*,#6065,.F.);
#6105 = ORIENTED_EDGE('',*,*,#1262,.F.);
#6106 = SURFACE_OF_LINEAR_EXTRUSION('',#6107,#6111);
#6107 = B_SPLINE_CURVE_WITH_KNOTS('',2,(#6108,#6109,#6110),
  .UNSPECIFIED.,.F.,.F.,(3,3),(0.,1.),.PIECEWISE_BEZIER_KNOTS.);
#6108 = CARTESIAN_POINT('',(3.471651580956,-5.746840416207,25.));
#6109 = CARTESIAN_POINT('',(3.521363396518,-5.641202808138,25.));
#6110 = CARTESIAN_POINT('',(3.596066206317,-5.565689479608,25.));
#6111 = VECTOR('',#6112,1.);
#6112 = DIRECTION('',(0.,0.,1.));
#6113 = ADVANCED_FACE('',(#6114),#6132,.T.);
#6114 = FACE_BOUND('',#6115,.T.);
#6115 = EDGE_LOOP('',(#6116,#6124,#6130,#6131));
#6116 = ORIENTED_EDGE('',*,*,#6117,.T.);
#6117 = EDGE_CURVE('',#1247,#6118,#6120,.T.);
#6118 = VERTEX_POINT('',#6119);
#6119 = CARTESIAN_POINT('',(3.277667431101,-5.457890488254,23.));
#6120 = LINE('',#6121,#6122);
#6121 = CARTESIAN_POINT('',(3.277667431101,-5.457890488254,25.));
#6122 = VECTOR('',#6123,1.);
#6123 = DIRECTION('',(-0.,-0.,-1.));
#6124 = ORIENTED_EDGE('',*,*,#6125,.T.);
#6125 = EDGE_CURVE('',#6118,#6092,#6126,.T.);
#6126 = B_SPLINE_CURVE_WITH_KNOTS('',2,(#6127,#6128,#6129),
  .UNSPECIFIED.,.F.,.F.,(3,3),(0.,1.),.PIECEWISE_BEZIER_KNOTS.);
#6127 = CARTESIAN_POINT('',(3.277667431101,-5.457890488254,23.));
#6128 = CARTESIAN_POINT('',(3.407350428219,-5.566635084795,23.));
#6129 = CARTESIAN_POINT('',(3.471651580956,-5.746840416207,23.));
#6130 = ORIENTED_EDGE('',*,*,#6091,.F.);
#6131 = ORIENTED_EDGE('',*,*,#1254,.F.);
#6132 = SURFACE_OF_LINEAR_EXTRUSION('',#6133,#6137);
#6133 = B_SPLINE_CURVE_WITH_KNOTS('',2,(#6134,#6135,#6136),
  .UNSPECIFIED.,.F.,.F.,(3,3),(0.,1.),.PIECEWISE_BEZIER_KNOTS.);
#6134 = CARTESIAN_POINT('',(3.277667431101,-5.457890488254,25.));
#6135 = CARTESIAN_POINT('',(3.407350428219,-5.566635084795,25.));
#6136 = CARTESIAN_POINT('',(3.471651580956,-5.746840416207,25.));
#6137 = VECTOR('',#6138,1.);
#6138 = DIRECTION('',(0.,0.,1.));
#6139 = ADVANCED_FACE('',(#6140),#6158,.T.);
#6140 = FACE_BOUND('',#6141,.T.);
#6141 = EDGE_LOOP('',(#6142,#6150,#6156,#6157));
#6142 = ORIENTED_EDGE('',*,*,#6143,.T.);
#6143 = EDGE_CURVE('',#1239,#6144,#6146,.T.);
#6144 = VERTEX_POINT('',#6145);
#6145 = CARTESIAN_POINT('',(2.946705615539,-5.349145891712,23.));
#6146 = LINE('',#6147,#6148);
#6147 = CARTESIAN_POINT('',(2.946705615539,-5.349145891712,25.));
#6148 = VECTOR('',#6149,1.);
#6149 = DIRECTION('',(-0.,-0.,-1.));
#6150 = ORIENTED_EDGE('',*,*,#6151,.T.);
#6151 = EDGE_CURVE('',#6144,#6118,#6152,.T.);
#6152 = B_SPLINE_CURVE_WITH_KNOTS('',2,(#6153,#6154,#6155),
  .UNSPECIFIED.,.F.,.F.,(3,3),(0.,1.),.PIECEWISE_BEZIER_KNOTS.);
#6153 = CARTESIAN_POINT('',(2.946705615539,-5.349145891712,23.));
#6154 = CARTESIAN_POINT('',(3.147984433982,-5.349145891712,23.));
#6155 = CARTESIAN_POINT('',(3.277667431101,-5.457890488254,23.));
#6156 = ORIENTED_EDGE('',*,*,#6117,.F.);
#6157 = ORIENTED_EDGE('',*,*,#1246,.F.);
#6158 = SURFACE_OF_LINEAR_EXTRUSION('',#6159,#6163);
#6159 = B_SPLINE_CURVE_WITH_KNOTS('',2,(#6160,#6161,#6162),
  .UNSPECIFIED.,.F.,.F.,(3,3),(0.,1.),.PIECEWISE_BEZIER_KNOTS.);
#6160 = CARTESIAN_POINT('',(2.946705615539,-5.349145891712,25.));
#6161 = CARTESIAN_POINT('',(3.147984433982,-5.349145891712,25.));
#6162 = CARTESIAN_POINT('',(3.277667431101,-5.457890488254,25.));
#6163 = VECTOR('',#6164,1.);
#6164 = DIRECTION('',(0.,0.,1.));
#6165 = ADVANCED_FACE('',(#6166),#6184,.T.);
#6166 = FACE_BOUND('',#6167,.T.);
#6167 = EDGE_LOOP('',(#6168,#6176,#6182,#6183));
#6168 = ORIENTED_EDGE('',*,*,#6169,.T.);
#6169 = EDGE_CURVE('',#1231,#6170,#6172,.T.);
#6170 = VERTEX_POINT('',#6171);
#6171 = CARTESIAN_POINT('',(2.771228310063,-5.371029897475,23.));
#6172 = LINE('',#6173,#6174);
#6173 = CARTESIAN_POINT('',(2.771228310063,-5.371029897475,25.));
#6174 = VECTOR('',#6175,1.);
#6175 = DIRECTION('',(-0.,-0.,-1.));
#6176 = ORIENTED_EDGE('',*,*,#6177,.T.);
#6177 = EDGE_CURVE('',#6170,#6144,#6178,.T.);
#6178 = B_SPLINE_CURVE_WITH_KNOTS('',2,(#6179,#6180,#6181),
  .UNSPECIFIED.,.F.,.F.,(3,3),(0.,1.),.PIECEWISE_BEZIER_KNOTS.);
#6179 = CARTESIAN_POINT('',(2.771228310063,-5.371029897475,23.));
#6180 = CARTESIAN_POINT('',(2.851199491619,-5.349145891712,23.));
#6181 = CARTESIAN_POINT('',(2.946705615539,-5.349145891712,23.));
#6182 = ORIENTED_EDGE('',*,*,#6143,.F.);
#6183 = ORIENTED_EDGE('',*,*,#1238,.F.);
#6184 = SURFACE_OF_LINEAR_EXTRUSION('',#6185,#6189);
#6185 = B_SPLINE_CURVE_WITH_KNOTS('',2,(#6186,#6187,#6188),
  .UNSPECIFIED.,.F.,.F.,(3,3),(0.,1.),.PIECEWISE_BEZIER_KNOTS.);
#6186 = CARTESIAN_POINT('',(2.771228310063,-5.371029897475,25.));
#6187 = CARTESIAN_POINT('',(2.851199491619,-5.349145891712,25.));
#6188 = CARTESIAN_POINT('',(2.946705615539,-5.349145891712,25.));
#6189 = VECTOR('',#6190,1.);
#6190 = DIRECTION('',(0.,0.,1.));
#6191 = ADVANCED_FACE('',(#6192),#6210,.T.);
#6192 = FACE_BOUND('',#6193,.T.);
#6193 = EDGE_LOOP('',(#6194,#6202,#6208,#6209));
#6194 = ORIENTED_EDGE('',*,*,#6195,.T.);
#6195 = EDGE_CURVE('',#1223,#6196,#6198,.T.);
#6196 = VERTEX_POINT('',#6197);
#6197 = CARTESIAN_POINT('',(2.621822690467,-5.430467937821,23.));
#6198 = LINE('',#6199,#6200);
#6199 = CARTESIAN_POINT('',(2.621822690467,-5.430467937821,25.));
#6200 = VECTOR('',#6201,1.);
#6201 = DIRECTION('',(-0.,-0.,-1.));
#6202 = ORIENTED_EDGE('',*,*,#6203,.T.);
#6203 = EDGE_CURVE('',#6196,#6170,#6204,.T.);
#6204 = B_SPLINE_CURVE_WITH_KNOTS('',2,(#6205,#6206,#6207),
  .UNSPECIFIED.,.F.,.F.,(3,3),(0.,1.),.PIECEWISE_BEZIER_KNOTS.);
#6205 = CARTESIAN_POINT('',(2.621822690467,-5.430467937821,23.));
#6206 = CARTESIAN_POINT('',(2.691392214962,-5.392913903239,23.));
#6207 = CARTESIAN_POINT('',(2.771228310063,-5.371029897475,23.));
#6208 = ORIENTED_EDGE('',*,*,#6169,.F.);
#6209 = ORIENTED_EDGE('',*,*,#1230,.F.);
#6210 = SURFACE_OF_LINEAR_EXTRUSION('',#6211,#6215);
#6211 = B_SPLINE_CURVE_WITH_KNOTS('',2,(#6212,#6213,#6214),
  .UNSPECIFIED.,.F.,.F.,(3,3),(0.,1.),.PIECEWISE_BEZIER_KNOTS.);
#6212 = CARTESIAN_POINT('',(2.621822690467,-5.430467937821,25.));
#6213 = CARTESIAN_POINT('',(2.691392214962,-5.392913903239,25.));
#6214 = CARTESIAN_POINT('',(2.771228310063,-5.371029897475,25.));
#6215 = VECTOR('',#6216,1.);
#6216 = DIRECTION('',(0.,0.,1.));
#6217 = ADVANCED_FACE('',(#6218),#6236,.T.);
#6218 = FACE_BOUND('',#6219,.T.);
#6219 = EDGE_LOOP('',(#6220,#6228,#6234,#6235));
#6220 = ORIENTED_EDGE('',*,*,#6221,.T.);
#6221 = EDGE_CURVE('',#1215,#6222,#6224,.T.);
#6222 = VERTEX_POINT('',#6223);
#6223 = CARTESIAN_POINT('',(2.491194088161,-5.520030257706,23.));
#6224 = LINE('',#6225,#6226);
#6225 = CARTESIAN_POINT('',(2.491194088161,-5.520030257706,25.));
#6226 = VECTOR('',#6227,1.);
#6227 = DIRECTION('',(-0.,-0.,-1.));
#6228 = ORIENTED_EDGE('',*,*,#6229,.T.);
#6229 = EDGE_CURVE('',#6222,#6196,#6230,.T.);
#6230 = B_SPLINE_CURVE_WITH_KNOTS('',2,(#6231,#6232,#6233),
  .UNSPECIFIED.,.F.,.F.,(3,3),(0.,1.),.PIECEWISE_BEZIER_KNOTS.);
#6231 = CARTESIAN_POINT('',(2.491194088161,-5.520030257706,23.));
#6232 = CARTESIAN_POINT('',(2.552388252426,-5.467886885948,23.));
#6233 = CARTESIAN_POINT('',(2.621822690467,-5.430467937821,23.));
#6234 = ORIENTED_EDGE('',*,*,#6195,.F.);
#6235 = ORIENTED_EDGE('',*,*,#1222,.F.);
#6236 = SURFACE_OF_LINEAR_EXTRUSION('',#6237,#6241);
#6237 = B_SPLINE_CURVE_WITH_KNOTS('',2,(#6238,#6239,#6240),
  .UNSPECIFIED.,.F.,.F.,(3,3),(0.,1.),.PIECEWISE_BEZIER_KNOTS.);
#6238 = CARTESIAN_POINT('',(2.491194088161,-5.520030257706,25.));
#6239 = CARTESIAN_POINT('',(2.552388252426,-5.467886885948,25.));
#6240 = CARTESIAN_POINT('',(2.621822690467,-5.430467937821,25.));
#6241 = VECTOR('',#6242,1.);
#6242 = DIRECTION('',(0.,0.,1.));
#6243 = ADVANCED_FACE('',(#6244),#6262,.T.);
#6244 = FACE_BOUND('',#6245,.T.);
#6245 = EDGE_LOOP('',(#6246,#6254,#6260,#6261));
#6246 = ORIENTED_EDGE('',*,*,#6247,.T.);
#6247 = EDGE_CURVE('',#1207,#6248,#6250,.T.);
#6248 = VERTEX_POINT('',#6249);
#6249 = CARTESIAN_POINT('',(2.373939044933,-5.634583571827,23.));
#6250 = LINE('',#6251,#6252);
#6251 = CARTESIAN_POINT('',(2.373939044933,-5.634583571827,25.));
#6252 = VECTOR('',#6253,1.);
#6253 = DIRECTION('',(-0.,-0.,-1.));
#6254 = ORIENTED_EDGE('',*,*,#6255,.T.);
#6255 = EDGE_CURVE('',#6248,#6222,#6256,.T.);
#6256 = B_SPLINE_CURVE_WITH_KNOTS('',2,(#6257,#6258,#6259),
  .UNSPECIFIED.,.F.,.F.,(3,3),(0.,1.),.PIECEWISE_BEZIER_KNOTS.);
#6257 = CARTESIAN_POINT('',(2.373939044933,-5.634583571827,23.));
#6258 = CARTESIAN_POINT('',(2.429999923896,-5.572038543009,23.));
#6259 = CARTESIAN_POINT('',(2.491194088161,-5.520030257706,23.));
#6260 = ORIENTED_EDGE('',*,*,#6221,.F.);
#6261 = ORIENTED_EDGE('',*,*,#1214,.F.);
#6262 = SURFACE_OF_LINEAR_EXTRUSION('',#6263,#6267);
#6263 = B_SPLINE_CURVE_WITH_KNOTS('',2,(#6264,#6265,#6266),
  .UNSPECIFIED.,.F.,.F.,(3,3),(0.,1.),.PIECEWISE_BEZIER_KNOTS.);
#6264 = CARTESIAN_POINT('',(2.373939044933,-5.634583571827,25.));
#6265 = CARTESIAN_POINT('',(2.429999923896,-5.572038543009,25.));
#6266 = CARTESIAN_POINT('',(2.491194088161,-5.520030257706,25.));
#6267 = VECTOR('',#6268,1.);
#6268 = DIRECTION('',(0.,0.,1.));
#6269 = ADVANCED_FACE('',(#6270),#6288,.T.);
#6270 = FACE_BOUND('',#6271,.T.);
#6271 = EDGE_LOOP('',(#6272,#6280,#6286,#6287));
#6272 = ORIENTED_EDGE('',*,*,#6273,.T.);
#6273 = EDGE_CURVE('',#1199,#6274,#6276,.T.);
#6274 = VERTEX_POINT('',#6275);
#6275 = CARTESIAN_POINT('',(2.340842863377,-5.477072764911,23.));
#6276 = LINE('',#6277,#6278);
#6277 = CARTESIAN_POINT('',(2.340842863377,-5.477072764911,25.));
#6278 = VECTOR('',#6279,1.);
#6279 = DIRECTION('',(-0.,-0.,-1.));
#6280 = ORIENTED_EDGE('',*,*,#6281,.T.);
#6281 = EDGE_CURVE('',#6274,#6248,#6282,.T.);
#6282 = LINE('',#6283,#6284);
#6283 = CARTESIAN_POINT('',(2.340842863377,-5.477072764911,23.));
#6284 = VECTOR('',#6285,1.);
#6285 = DIRECTION('',(0.205629772653,-0.978629856789,0.));
#6286 = ORIENTED_EDGE('',*,*,#6247,.F.);
#6287 = ORIENTED_EDGE('',*,*,#1206,.F.);
#6288 = PLANE('',#6289);
#6289 = AXIS2_PLACEMENT_3D('',#6290,#6291,#6292);
#6290 = CARTESIAN_POINT('',(2.340842863377,-5.477072764911,25.));
#6291 = DIRECTION('',(-0.978629856789,-0.205629772653,0.));
#6292 = DIRECTION('',(0.205629772653,-0.978629856789,0.));
#6293 = ADVANCED_FACE('',(#6294),#6312,.T.);
#6294 = FACE_BOUND('',#6295,.T.);
#6295 = EDGE_LOOP('',(#6296,#6304,#6310,#6311));
#6296 = ORIENTED_EDGE('',*,*,#6297,.T.);
#6297 = EDGE_CURVE('',#1191,#6298,#6300,.T.);
#6298 = VERTEX_POINT('',#6299);
#6299 = CARTESIAN_POINT('',(2.210079174616,-5.383728024277,23.));
#6300 = LINE('',#6301,#6302);
#6301 = CARTESIAN_POINT('',(2.210079174616,-5.383728024277,25.));
#6302 = VECTOR('',#6303,1.);
#6303 = DIRECTION('',(-0.,-0.,-1.));
#6304 = ORIENTED_EDGE('',*,*,#6305,.T.);
#6305 = EDGE_CURVE('',#6298,#6274,#6306,.T.);
#6306 = B_SPLINE_CURVE_WITH_KNOTS('',2,(#6307,#6308,#6309),
  .UNSPECIFIED.,.F.,.F.,(3,3),(0.,1.),.PIECEWISE_BEZIER_KNOTS.);
#6307 = CARTESIAN_POINT('',(2.210079174616,-5.383728024277,23.));
#6308 = CARTESIAN_POINT('',(2.309637892196,-5.383728024277,23.));
#6309 = CARTESIAN_POINT('',(2.340842863377,-5.477072764911,23.));
#6310 = ORIENTED_EDGE('',*,*,#6273,.F.);
#6311 = ORIENTED_EDGE('',*,*,#1198,.F.);
#6312 = SURFACE_OF_LINEAR_EXTRUSION('',#6313,#6317);
#6313 = B_SPLINE_CURVE_WITH_KNOTS('',2,(#6314,#6315,#6316),
  .UNSPECIFIED.,.F.,.F.,(3,3),(0.,1.),.PIECEWISE_BEZIER_KNOTS.);
#6314 = CARTESIAN_POINT('',(2.210079174616,-5.383728024277,25.));
#6315 = CARTESIAN_POINT('',(2.309637892196,-5.383728024277,25.));
#6316 = CARTESIAN_POINT('',(2.340842863377,-5.477072764911,25.));
#6317 = VECTOR('',#6318,1.);
#6318 = DIRECTION('',(0.,0.,1.));
#6319 = ADVANCED_FACE('',(#6320),#6338,.T.);
#6320 = FACE_BOUND('',#6321,.T.);
#6321 = EDGE_LOOP('',(#6322,#6330,#6336,#6337));
#6322 = ORIENTED_EDGE('',*,*,#6323,.T.);
#6323 = EDGE_CURVE('',#1183,#6324,#6326,.T.);
#6324 = VERTEX_POINT('',#6325);
#6325 = CARTESIAN_POINT('',(1.896813684703,-5.383728024277,23.));
#6326 = LINE('',#6327,#6328);
#6327 = CARTESIAN_POINT('',(1.896813684703,-5.383728024277,25.));
#6328 = VECTOR('',#6329,1.);
#6329 = DIRECTION('',(-0.,-0.,-1.));
#6330 = ORIENTED_EDGE('',*,*,#6331,.T.);
#6331 = EDGE_CURVE('',#6324,#6298,#6332,.T.);
#6332 = LINE('',#6333,#6334);
#6333 = CARTESIAN_POINT('',(1.896813684703,-5.383728024277,23.));
#6334 = VECTOR('',#6335,1.);
#6335 = DIRECTION('',(1.,0.,0.));
#6336 = ORIENTED_EDGE('',*,*,#6297,.F.);
#6337 = ORIENTED_EDGE('',*,*,#1190,.F.);
#6338 = PLANE('',#6339);
#6339 = AXIS2_PLACEMENT_3D('',#6340,#6341,#6342);
#6340 = CARTESIAN_POINT('',(1.896813684703,-5.383728024277,25.));
#6341 = DIRECTION('',(0.,-1.,0.));
#6342 = DIRECTION('',(1.,0.,0.));
#6343 = ADVANCED_FACE('',(#6344),#6355,.T.);
#6344 = FACE_BOUND('',#6345,.T.);
#6345 = EDGE_LOOP('',(#6346,#6347,#6353,#6354));
#6346 = ORIENTED_EDGE('',*,*,#5466,.T.);
#6347 = ORIENTED_EDGE('',*,*,#6348,.T.);
#6348 = EDGE_CURVE('',#5459,#6324,#6349,.T.);
#6349 = LINE('',#6350,#6351);
#6350 = CARTESIAN_POINT('',(1.896813684703,-7.510529177014,23.));
#6351 = VECTOR('',#6352,1.);
#6352 = DIRECTION('',(0.,1.,0.));
#6353 = ORIENTED_EDGE('',*,*,#6323,.F.);
#6354 = ORIENTED_EDGE('',*,*,#1182,.F.);
#6355 = PLANE('',#6356);
#6356 = AXIS2_PLACEMENT_3D('',#6357,#6358,#6359);
#6357 = CARTESIAN_POINT('',(1.896813684703,-7.510529177014,25.));
#6358 = DIRECTION('',(1.,0.,0.));
#6359 = DIRECTION('',(0.,1.,0.));
#6360 = ADVANCED_FACE('',(#6361),#6386,.T.);
#6361 = FACE_BOUND('',#6362,.T.);
#6362 = EDGE_LOOP('',(#6363,#6371,#6379,#6385));
#6363 = ORIENTED_EDGE('',*,*,#6364,.T.);
#6364 = EDGE_CURVE('',#1463,#6365,#6367,.T.);
#6365 = VERTEX_POINT('',#6366);
#6366 = CARTESIAN_POINT('',(5.901991998824,-7.510529177014,23.));
#6367 = LINE('',#6368,#6369);
#6368 = CARTESIAN_POINT('',(5.901991998824,-7.510529177014,25.));
#6369 = VECTOR('',#6370,1.);
#6370 = DIRECTION('',(-0.,-0.,-1.));
#6371 = ORIENTED_EDGE('',*,*,#6372,.T.);
#6372 = EDGE_CURVE('',#6365,#6373,#6375,.T.);
#6373 = VERTEX_POINT('',#6374);
#6374 = CARTESIAN_POINT('',(5.389609073752,-7.510529177014,23.));
#6375 = LINE('',#6376,#6377);
#6376 = CARTESIAN_POINT('',(5.901991998824,-7.510529177014,23.));
#6377 = VECTOR('',#6378,1.);
#6378 = DIRECTION('',(-1.,0.,0.));
#6379 = ORIENTED_EDGE('',*,*,#6380,.F.);
#6380 = EDGE_CURVE('',#1465,#6373,#6381,.T.);
#6381 = LINE('',#6382,#6383);
#6382 = CARTESIAN_POINT('',(5.389609073752,-7.510529177014,25.));
#6383 = VECTOR('',#6384,1.);
#6384 = DIRECTION('',(-0.,-0.,-1.));
#6385 = ORIENTED_EDGE('',*,*,#1462,.F.);
#6386 = PLANE('',#6387);
#6387 = AXIS2_PLACEMENT_3D('',#6388,#6389,#6390);
#6388 = CARTESIAN_POINT('',(5.901991998824,-7.510529177014,25.));
#6389 = DIRECTION('',(0.,1.,0.));
#6390 = DIRECTION('',(-1.,0.,0.));
#6391 = ADVANCED_FACE('',(#6392),#6410,.T.);
#6392 = FACE_BOUND('',#6393,.T.);
#6393 = EDGE_LOOP('',(#6394,#6402,#6408,#6409));
#6394 = ORIENTED_EDGE('',*,*,#6395,.T.);
#6395 = EDGE_CURVE('',#1737,#6396,#6398,.T.);
#6396 = VERTEX_POINT('',#6397);
#6397 = CARTESIAN_POINT('',(5.901991998824,-5.952712174133,23.));
#6398 = LINE('',#6399,#6400);
#6399 = CARTESIAN_POINT('',(5.901991998824,-5.952712174133,25.));
#6400 = VECTOR('',#6401,1.);
#6401 = DIRECTION('',(-0.,-0.,-1.));
#6402 = ORIENTED_EDGE('',*,*,#6403,.T.);
#6403 = EDGE_CURVE('',#6396,#6365,#6404,.T.);
#6404 = LINE('',#6405,#6406);
#6405 = CARTESIAN_POINT('',(5.901991998824,-5.952712174133,23.));
#6406 = VECTOR('',#6407,1.);
#6407 = DIRECTION('',(0.,-1.,0.));
#6408 = ORIENTED_EDGE('',*,*,#6364,.F.);
#6409 = ORIENTED_EDGE('',*,*,#1744,.F.);
#6410 = PLANE('',#6411);
#6411 = AXIS2_PLACEMENT_3D('',#6412,#6413,#6414);
#6412 = CARTESIAN_POINT('',(5.901991998824,-5.952712174133,25.));
#6413 = DIRECTION('',(-1.,0.,0.));
#6414 = DIRECTION('',(0.,-1.,0.));
#6415 = ADVANCED_FACE('',(#6416),#6434,.T.);
#6416 = FACE_BOUND('',#6417,.T.);
#6417 = EDGE_LOOP('',(#6418,#6426,#6432,#6433));
#6418 = ORIENTED_EDGE('',*,*,#6419,.T.);
#6419 = EDGE_CURVE('',#1729,#6420,#6422,.T.);
#6420 = VERTEX_POINT('',#6421);
#6421 = CARTESIAN_POINT('',(6.081521897959,-5.801955689983,23.));
#6422 = LINE('',#6423,#6424);
#6423 = CARTESIAN_POINT('',(6.081521897959,-5.801955689983,25.));
#6424 = VECTOR('',#6425,1.);
#6425 = DIRECTION('',(-0.,-0.,-1.));
#6426 = ORIENTED_EDGE('',*,*,#6427,.T.);
#6427 = EDGE_CURVE('',#6420,#6396,#6428,.T.);
#6428 = B_SPLINE_CURVE_WITH_KNOTS('',2,(#6429,#6430,#6431),
  .UNSPECIFIED.,.F.,.F.,(3,3),(0.,1.),.PIECEWISE_BEZIER_KNOTS.);
#6429 = CARTESIAN_POINT('',(6.081521897959,-5.801955689983,23.));
#6430 = CARTESIAN_POINT('',(5.985070168853,-5.857070963758,23.));
#6431 = CARTESIAN_POINT('',(5.901991998824,-5.952712174133,23.));
#6432 = ORIENTED_EDGE('',*,*,#6395,.F.);
#6433 = ORIENTED_EDGE('',*,*,#1736,.F.);
#6434 = SURFACE_OF_LINEAR_EXTRUSION('',#6435,#6439);
#6435 = B_SPLINE_CURVE_WITH_KNOTS('',2,(#6436,#6437,#6438),
  .UNSPECIFIED.,.F.,.F.,(3,3),(0.,1.),.PIECEWISE_BEZIER_KNOTS.);
#6436 = CARTESIAN_POINT('',(6.081521897959,-5.801955689983,25.));
#6437 = CARTESIAN_POINT('',(5.985070168853,-5.857070963758,25.));
#6438 = CARTESIAN_POINT('',(5.901991998824,-5.952712174133,25.));
#6439 = VECTOR('',#6440,1.);
#6440 = DIRECTION('',(0.,0.,1.));
#6441 = ADVANCED_FACE('',(#6442),#6460,.T.);
#6442 = FACE_BOUND('',#6443,.T.);
#6443 = EDGE_LOOP('',(#6444,#6452,#6458,#6459));
#6444 = ORIENTED_EDGE('',*,*,#6445,.T.);
#6445 = EDGE_CURVE('',#1721,#6446,#6448,.T.);
#6446 = VERTEX_POINT('',#6447);
#6447 = CARTESIAN_POINT('',(6.287934001706,-5.746840416207,23.));
#6448 = LINE('',#6449,#6450);
#6449 = CARTESIAN_POINT('',(6.287934001706,-5.746840416207,25.));
#6450 = VECTOR('',#6451,1.);
#6451 = DIRECTION('',(-0.,-0.,-1.));
#6452 = ORIENTED_EDGE('',*,*,#6453,.T.);
#6453 = EDGE_CURVE('',#6446,#6420,#6454,.T.);
#6454 = B_SPLINE_CURVE_WITH_KNOTS('',2,(#6455,#6456,#6457),
  .UNSPECIFIED.,.F.,.F.,(3,3),(0.,1.),.PIECEWISE_BEZIER_KNOTS.);
#6455 = CARTESIAN_POINT('',(6.287934001706,-5.746840416207,23.));
#6456 = CARTESIAN_POINT('',(6.177973627066,-5.746840416207,23.));
#6457 = CARTESIAN_POINT('',(6.081521897959,-5.801955689983,23.));
#6458 = ORIENTED_EDGE('',*,*,#6419,.F.);
#6459 = ORIENTED_EDGE('',*,*,#1728,.F.);
#6460 = SURFACE_OF_LINEAR_EXTRUSION('',#6461,#6465);
#6461 = B_SPLINE_CURVE_WITH_KNOTS('',2,(#6462,#6463,#6464),
  .UNSPECIFIED.,.F.,.F.,(3,3),(0.,1.),.PIECEWISE_BEZIER_KNOTS.);
#6462 = CARTESIAN_POINT('',(6.287934001706,-5.746840416207,25.));
#6463 = CARTESIAN_POINT('',(6.177973627066,-5.746840416207,25.));
#6464 = CARTESIAN_POINT('',(6.081521897959,-5.801955689983,25.));
#6465 = VECTOR('',#6466,1.);
#6466 = DIRECTION('',(0.,0.,1.));
#6467 = ADVANCED_FACE('',(#6468),#6486,.T.);
#6468 = FACE_BOUND('',#6469,.T.);
#6469 = EDGE_LOOP('',(#6470,#6478,#6484,#6485));
#6470 = ORIENTED_EDGE('',*,*,#6471,.T.);
#6471 = EDGE_CURVE('',#1713,#6472,#6474,.T.);
#6472 = VERTEX_POINT('',#6473);
#6473 = CARTESIAN_POINT('',(6.542166710639,-5.844372836957,23.));
#6474 = LINE('',#6475,#6476);
#6475 = CARTESIAN_POINT('',(6.542166710639,-5.844372836957,25.));
#6476 = VECTOR('',#6477,1.);
#6477 = DIRECTION('',(-0.,-0.,-1.));
#6478 = ORIENTED_EDGE('',*,*,#6479,.T.);
#6479 = EDGE_CURVE('',#6472,#6446,#6480,.T.);
#6480 = B_SPLINE_CURVE_WITH_KNOTS('',2,(#6481,#6482,#6483),
  .UNSPECIFIED.,.F.,.F.,(3,3),(0.,1.),.PIECEWISE_BEZIER_KNOTS.);
#6481 = CARTESIAN_POINT('',(6.542166710639,-5.844372836957,23.));
#6482 = CARTESIAN_POINT('',(6.456116638593,-5.746840416207,23.));
#6483 = CARTESIAN_POINT('',(6.287934001706,-5.746840416207,23.));
#6484 = ORIENTED_EDGE('',*,*,#6445,.F.);
#6485 = ORIENTED_EDGE('',*,*,#1720,.F.);
#6486 = SURFACE_OF_LINEAR_EXTRUSION('',#6487,#6491);
#6487 = B_SPLINE_CURVE_WITH_KNOTS('',2,(#6488,#6489,#6490),
  .UNSPECIFIED.,.F.,.F.,(3,3),(0.,1.),.PIECEWISE_BEZIER_KNOTS.);
#6488 = CARTESIAN_POINT('',(6.542166710639,-5.844372836957,25.));
#6489 = CARTESIAN_POINT('',(6.456116638593,-5.746840416207,25.));
#6490 = CARTESIAN_POINT('',(6.287934001706,-5.746840416207,25.));
#6491 = VECTOR('',#6492,1.);
#6492 = DIRECTION('',(0.,0.,1.));
#6493 = ADVANCED_FACE('',(#6494),#6512,.T.);
#6494 = FACE_BOUND('',#6495,.T.);
#6495 = EDGE_LOOP('',(#6496,#6504,#6510,#6511));
#6496 = ORIENTED_EDGE('',*,*,#6497,.T.);
#6497 = EDGE_CURVE('',#1705,#6498,#6500,.T.);
#6498 = VERTEX_POINT('',#6499);
#6499 = CARTESIAN_POINT('',(6.628216782686,-6.15561203004,23.));
#6500 = LINE('',#6501,#6502);
#6501 = CARTESIAN_POINT('',(6.628216782686,-6.15561203004,25.));
#6502 = VECTOR('',#6503,1.);
#6503 = DIRECTION('',(-0.,-0.,-1.));
#6504 = ORIENTED_EDGE('',*,*,#6505,.T.);
#6505 = EDGE_CURVE('',#6498,#6472,#6506,.T.);
#6506 = B_SPLINE_CURVE_WITH_KNOTS('',2,(#6507,#6508,#6509),
  .UNSPECIFIED.,.F.,.F.,(3,3),(0.,1.),.PIECEWISE_BEZIER_KNOTS.);
#6507 = CARTESIAN_POINT('',(6.628216782686,-6.15561203004,23.));
#6508 = CARTESIAN_POINT('',(6.628216782686,-5.941905257706,23.));
#6509 = CARTESIAN_POINT('',(6.542166710639,-5.844372836957,23.));
#6510 = ORIENTED_EDGE('',*,*,#6471,.F.);
#6511 = ORIENTED_EDGE('',*,*,#1712,.F.);
#6512 = SURFACE_OF_LINEAR_EXTRUSION('',#6513,#6517);
#6513 = B_SPLINE_CURVE_WITH_KNOTS('',2,(#6514,#6515,#6516),
  .UNSPECIFIED.,.F.,.F.,(3,3),(0.,1.),.PIECEWISE_BEZIER_KNOTS.);
#6514 = CARTESIAN_POINT('',(6.628216782686,-6.15561203004,25.));
#6515 = CARTESIAN_POINT('',(6.628216782686,-5.941905257706,25.));
#6516 = CARTESIAN_POINT('',(6.542166710639,-5.844372836957,25.));
#6517 = VECTOR('',#6518,1.);
#6518 = DIRECTION('',(0.,0.,1.));
#6519 = ADVANCED_FACE('',(#6520),#6538,.T.);
#6520 = FACE_BOUND('',#6521,.T.);
#6521 = EDGE_LOOP('',(#6522,#6530,#6536,#6537));
#6522 = ORIENTED_EDGE('',*,*,#6523,.T.);
#6523 = EDGE_CURVE('',#1697,#6524,#6526,.T.);
#6524 = VERTEX_POINT('',#6525);
#6525 = CARTESIAN_POINT('',(6.628216782686,-7.510529177014,23.));
#6526 = LINE('',#6527,#6528);
#6527 = CARTESIAN_POINT('',(6.628216782686,-7.510529177014,25.));
#6528 = VECTOR('',#6529,1.);
#6529 = DIRECTION('',(-0.,-0.,-1.));
#6530 = ORIENTED_EDGE('',*,*,#6531,.T.);
#6531 = EDGE_CURVE('',#6524,#6498,#6532,.T.);
#6532 = LINE('',#6533,#6534);
#6533 = CARTESIAN_POINT('',(6.628216782686,-7.510529177014,23.));
#6534 = VECTOR('',#6535,1.);
#6535 = DIRECTION('',(0.,1.,0.));
#6536 = ORIENTED_EDGE('',*,*,#6497,.F.);
#6537 = ORIENTED_EDGE('',*,*,#1704,.F.);
#6538 = PLANE('',#6539);
#6539 = AXIS2_PLACEMENT_3D('',#6540,#6541,#6542);
#6540 = CARTESIAN_POINT('',(6.628216782686,-7.510529177014,25.));
#6541 = DIRECTION('',(1.,0.,0.));
#6542 = DIRECTION('',(0.,1.,0.));
#6543 = ADVANCED_FACE('',(#6544),#6562,.T.);
#6544 = FACE_BOUND('',#6545,.T.);
#6545 = EDGE_LOOP('',(#6546,#6554,#6560,#6561));
#6546 = ORIENTED_EDGE('',*,*,#6547,.T.);
#6547 = EDGE_CURVE('',#1689,#6548,#6550,.T.);
#6548 = VERTEX_POINT('',#6549);
#6549 = CARTESIAN_POINT('',(7.142896177498,-7.510529177014,23.));
#6550 = LINE('',#6551,#6552);
#6551 = CARTESIAN_POINT('',(7.142896177498,-7.510529177014,25.));
#6552 = VECTOR('',#6553,1.);
#6553 = DIRECTION('',(-0.,-0.,-1.));
#6554 = ORIENTED_EDGE('',*,*,#6555,.T.);
#6555 = EDGE_CURVE('',#6548,#6524,#6556,.T.);
#6556 = LINE('',#6557,#6558);
#6557 = CARTESIAN_POINT('',(7.142896177498,-7.510529177014,23.));
#6558 = VECTOR('',#6559,1.);
#6559 = DIRECTION('',(-1.,0.,0.));
#6560 = ORIENTED_EDGE('',*,*,#6523,.F.);
#6561 = ORIENTED_EDGE('',*,*,#1696,.F.);
#6562 = PLANE('',#6563);
#6563 = AXIS2_PLACEMENT_3D('',#6564,#6565,#6566);
#6564 = CARTESIAN_POINT('',(7.142896177498,-7.510529177014,25.));
#6565 = DIRECTION('',(0.,1.,0.));
#6566 = DIRECTION('',(-1.,0.,0.));
#6567 = ADVANCED_FACE('',(#6568),#6586,.T.);
#6568 = FACE_BOUND('',#6569,.T.);
#6569 = EDGE_LOOP('',(#6570,#6578,#6584,#6585));
#6570 = ORIENTED_EDGE('',*,*,#6571,.T.);
#6571 = EDGE_CURVE('',#1681,#6572,#6574,.T.);
#6572 = VERTEX_POINT('',#6573);
#6573 = CARTESIAN_POINT('',(7.142896177498,-6.15561203004,23.));
#6574 = LINE('',#6575,#6576);
#6575 = CARTESIAN_POINT('',(7.142896177498,-6.15561203004,25.));
#6576 = VECTOR('',#6577,1.);
#6577 = DIRECTION('',(-0.,-0.,-1.));
#6578 = ORIENTED_EDGE('',*,*,#6579,.T.);
#6579 = EDGE_CURVE('',#6572,#6548,#6580,.T.);
#6580 = LINE('',#6581,#6582);
#6581 = CARTESIAN_POINT('',(7.142896177498,-6.15561203004,23.));
#6582 = VECTOR('',#6583,1.);
#6583 = DIRECTION('',(0.,-1.,0.));
#6584 = ORIENTED_EDGE('',*,*,#6547,.F.);
#6585 = ORIENTED_EDGE('',*,*,#1688,.F.);
#6586 = PLANE('',#6587);
#6587 = AXIS2_PLACEMENT_3D('',#6588,#6589,#6590);
#6588 = CARTESIAN_POINT('',(7.142896177498,-6.15561203004,25.));
#6589 = DIRECTION('',(-1.,0.,0.));
#6590 = DIRECTION('',(0.,-1.,0.));
#6591 = ADVANCED_FACE('',(#6592),#6610,.T.);
#6592 = FACE_BOUND('',#6593,.T.);
#6593 = EDGE_LOOP('',(#6594,#6602,#6608,#6609));
#6594 = ORIENTED_EDGE('',*,*,#6595,.T.);
#6595 = EDGE_CURVE('',#1673,#6596,#6598,.T.);
#6596 = VERTEX_POINT('',#6597);
#6597 = CARTESIAN_POINT('',(7.171939765395,-5.979324205833,23.));
#6598 = LINE('',#6599,#6600);
#6599 = CARTESIAN_POINT('',(7.171939765395,-5.979324205833,25.));
#6600 = VECTOR('',#6601,1.);
#6601 = DIRECTION('',(-0.,-0.,-1.));
#6602 = ORIENTED_EDGE('',*,*,#6603,.T.);
#6603 = EDGE_CURVE('',#6596,#6572,#6604,.T.);
#6604 = B_SPLINE_CURVE_WITH_KNOTS('',2,(#6605,#6606,#6607),
  .UNSPECIFIED.,.F.,.F.,(3,3),(0.,1.),.PIECEWISE_BEZIER_KNOTS.);
#6605 = CARTESIAN_POINT('',(7.171939765395,-5.979324205833,23.));
#6606 = CARTESIAN_POINT('',(7.142896177498,-6.056053312461,23.));
#6607 = CARTESIAN_POINT('',(7.142896177498,-6.15561203004,23.));
#6608 = ORIENTED_EDGE('',*,*,#6571,.F.);
#6609 = ORIENTED_EDGE('',*,*,#1680,.F.);
#6610 = SURFACE_OF_LINEAR_EXTRUSION('',#6611,#6615);
#6611 = B_SPLINE_CURVE_WITH_KNOTS('',2,(#6612,#6613,#6614),
  .UNSPECIFIED.,.F.,.F.,(3,3),(0.,1.),.PIECEWISE_BEZIER_KNOTS.);
#6612 = CARTESIAN_POINT('',(7.171939765395,-5.979324205833,25.));
#6613 = CARTESIAN_POINT('',(7.142896177498,-6.056053312461,25.));
#6614 = CARTESIAN_POINT('',(7.142896177498,-6.15561203004,25.));
#6615 = VECTOR('',#6616,1.);
#6616 = DIRECTION('',(0.,0.,1.));
#6617 = ADVANCED_FACE('',(#6618),#6636,.T.);
#6618 = FACE_BOUND('',#6619,.T.);
#6619 = EDGE_LOOP('',(#6620,#6628,#6634,#6635));
#6620 = ORIENTED_EDGE('',*,*,#6621,.T.);
#6621 = EDGE_CURVE('',#1665,#6622,#6624,.T.);
#6622 = VERTEX_POINT('',#6623);
#6623 = CARTESIAN_POINT('',(7.251775860495,-5.851667505545,23.));
#6624 = LINE('',#6625,#6626);
#6625 = CARTESIAN_POINT('',(7.251775860495,-5.851667505545,25.));
#6626 = VECTOR('',#6627,1.);
#6627 = DIRECTION('',(-0.,-0.,-1.));
#6628 = ORIENTED_EDGE('',*,*,#6629,.T.);
#6629 = EDGE_CURVE('',#6622,#6596,#6630,.T.);
#6630 = B_SPLINE_CURVE_WITH_KNOTS('',2,(#6631,#6632,#6633),
  .UNSPECIFIED.,.F.,.F.,(3,3),(0.,1.),.PIECEWISE_BEZIER_KNOTS.);
#6631 = CARTESIAN_POINT('',(7.251775860495,-5.851667505545,23.));
#6632 = CARTESIAN_POINT('',(7.200983353291,-5.902460012749,23.));
#6633 = CARTESIAN_POINT('',(7.171939765395,-5.979324205833,23.));
#6634 = ORIENTED_EDGE('',*,*,#6595,.F.);
#6635 = ORIENTED_EDGE('',*,*,#1672,.F.);
#6636 = SURFACE_OF_LINEAR_EXTRUSION('',#6637,#6641);
#6637 = B_SPLINE_CURVE_WITH_KNOTS('',2,(#6638,#6639,#6640),
  .UNSPECIFIED.,.F.,.F.,(3,3),(0.,1.),.PIECEWISE_BEZIER_KNOTS.);
#6638 = CARTESIAN_POINT('',(7.251775860495,-5.851667505545,25.));
#6639 = CARTESIAN_POINT('',(7.200983353291,-5.902460012749,25.));
#6640 = CARTESIAN_POINT('',(7.171939765395,-5.979324205833,25.));
#6641 = VECTOR('',#6642,1.);
#6642 = DIRECTION('',(0.,0.,1.));
#6643 = ADVANCED_FACE('',(#6644),#6662,.T.);
#6644 = FACE_BOUND('',#6645,.T.);
#6645 = EDGE_LOOP('',(#6646,#6654,#6660,#6661));
#6646 = ORIENTED_EDGE('',*,*,#6647,.T.);
#6647 = EDGE_CURVE('',#1657,#6648,#6650,.T.);
#6648 = VERTEX_POINT('',#6649);
#6649 = CARTESIAN_POINT('',(7.36997650891,-5.773857707274,23.));
#6650 = LINE('',#6651,#6652);
#6651 = CARTESIAN_POINT('',(7.36997650891,-5.773857707274,25.));
#6652 = VECTOR('',#6653,1.);
#6653 = DIRECTION('',(-0.,-0.,-1.));
#6654 = ORIENTED_EDGE('',*,*,#6655,.T.);
#6655 = EDGE_CURVE('',#6648,#6622,#6656,.T.);
#6656 = B_SPLINE_CURVE_WITH_KNOTS('',2,(#6657,#6658,#6659),
  .UNSPECIFIED.,.F.,.F.,(3,3),(0.,1.),.PIECEWISE_BEZIER_KNOTS.);
#6657 = CARTESIAN_POINT('',(7.36997650891,-5.773857707274,23.));
#6658 = CARTESIAN_POINT('',(7.3025683677,-5.800739911885,23.));
#6659 = CARTESIAN_POINT('',(7.251775860495,-5.851667505545,23.));
#6660 = ORIENTED_EDGE('',*,*,#6621,.F.);
#6661 = ORIENTED_EDGE('',*,*,#1664,.F.);
#6662 = SURFACE_OF_LINEAR_EXTRUSION('',#6663,#6667);
#6663 = B_SPLINE_CURVE_WITH_KNOTS('',2,(#6664,#6665,#6666),
  .UNSPECIFIED.,.F.,.F.,(3,3),(0.,1.),.PIECEWISE_BEZIER_KNOTS.);
#6664 = CARTESIAN_POINT('',(7.36997650891,-5.773857707274,25.));
#6665 = CARTESIAN_POINT('',(7.3025683677,-5.800739911885,25.));
#6666 = CARTESIAN_POINT('',(7.251775860495,-5.851667505545,25.));
#6667 = VECTOR('',#6668,1.);
#6668 = DIRECTION('',(0.,0.,1.));
#6669 = ADVANCED_FACE('',(#6670),#6688,.T.);
#6670 = FACE_BOUND('',#6671,.T.);
#6671 = EDGE_LOOP('',(#6672,#6680,#6686,#6687));
#6672 = ORIENTED_EDGE('',*,*,#6673,.T.);
#6673 = EDGE_CURVE('',#1649,#6674,#6676,.T.);
#6674 = VERTEX_POINT('',#6675);
#6675 = CARTESIAN_POINT('',(7.51641022649,-5.746840416207,23.));
#6676 = LINE('',#6677,#6678);
#6677 = CARTESIAN_POINT('',(7.51641022649,-5.746840416207,25.));
#6678 = VECTOR('',#6679,1.);
#6679 = DIRECTION('',(-0.,-0.,-1.));
#6680 = ORIENTED_EDGE('',*,*,#6681,.T.);
#6681 = EDGE_CURVE('',#6674,#6648,#6682,.T.);
#6682 = B_SPLINE_CURVE_WITH_KNOTS('',2,(#6683,#6684,#6685),
  .UNSPECIFIED.,.F.,.F.,(3,3),(0.,1.),.PIECEWISE_BEZIER_KNOTS.);
#6683 = CARTESIAN_POINT('',(7.51641022649,-5.746840416207,23.));
#6684 = CARTESIAN_POINT('',(7.437519736576,-5.746840416207,23.));
#6685 = CARTESIAN_POINT('',(7.36997650891,-5.773857707274,23.));
#6686 = ORIENTED_EDGE('',*,*,#6647,.F.);
#6687 = ORIENTED_EDGE('',*,*,#1656,.F.);
#6688 = SURFACE_OF_LINEAR_EXTRUSION('',#6689,#6693);
#6689 = B_SPLINE_CURVE_WITH_KNOTS('',2,(#6690,#6691,#6692),
  .UNSPECIFIED.,.F.,.F.,(3,3),(0.,1.),.PIECEWISE_BEZIER_KNOTS.);
#6690 = CARTESIAN_POINT('',(7.51641022649,-5.746840416207,25.));
#6691 = CARTESIAN_POINT('',(7.437519736576,-5.746840416207,25.));
#6692 = CARTESIAN_POINT('',(7.36997650891,-5.773857707274,25.));
#6693 = VECTOR('',#6694,1.);
#6694 = DIRECTION('',(0.,0.,1.));
#6695 = ADVANCED_FACE('',(#6696),#6714,.T.);
#6696 = FACE_BOUND('',#6697,.T.);
#6697 = EDGE_LOOP('',(#6698,#6706,#6712,#6713));
#6698 = ORIENTED_EDGE('',*,*,#6699,.T.);
#6699 = EDGE_CURVE('',#1641,#6700,#6702,.T.);
#6700 = VERTEX_POINT('',#6701);
#6701 = CARTESIAN_POINT('',(7.777667431101,-5.849641208715,23.));
#6702 = LINE('',#6703,#6704);
#6703 = CARTESIAN_POINT('',(7.777667431101,-5.849641208715,25.));
#6704 = VECTOR('',#6705,1.);
#6705 = DIRECTION('',(-0.,-0.,-1.));
#6706 = ORIENTED_EDGE('',*,*,#6707,.T.);
#6707 = EDGE_CURVE('',#6700,#6674,#6708,.T.);
#6708 = B_SPLINE_CURVE_WITH_KNOTS('',2,(#6709,#6710,#6711),
  .UNSPECIFIED.,.F.,.F.,(3,3),(0.,1.),.PIECEWISE_BEZIER_KNOTS.);
#6709 = CARTESIAN_POINT('',(7.777667431101,-5.849641208715,23.));
#6710 = CARTESIAN_POINT('',(7.688510370582,-5.746840416207,23.));
#6711 = CARTESIAN_POINT('',(7.51641022649,-5.746840416207,23.));
#6712 = ORIENTED_EDGE('',*,*,#6673,.F.);
#6713 = ORIENTED_EDGE('',*,*,#1648,.F.);
#6714 = SURFACE_OF_LINEAR_EXTRUSION('',#6715,#6719);
#6715 = B_SPLINE_CURVE_WITH_KNOTS('',2,(#6716,#6717,#6718),
  .UNSPECIFIED.,.F.,.F.,(3,3),(0.,1.),.PIECEWISE_BEZIER_KNOTS.);
#6716 = CARTESIAN_POINT('',(7.777667431101,-5.849641208715,25.));
#6717 = CARTESIAN_POINT('',(7.688510370582,-5.746840416207,25.));
#6718 = CARTESIAN_POINT('',(7.51641022649,-5.746840416207,25.));
#6719 = VECTOR('',#6720,1.);
#6720 = DIRECTION('',(0.,0.,1.));
#6721 = ADVANCED_FACE('',(#6722),#6740,.T.);
#6722 = FACE_BOUND('',#6723,.T.);
#6723 = EDGE_LOOP('',(#6724,#6732,#6738,#6739));
#6724 = ORIENTED_EDGE('',*,*,#6725,.T.);
#6725 = EDGE_CURVE('',#1633,#6726,#6728,.T.);
#6726 = VERTEX_POINT('',#6727);
#6727 = CARTESIAN_POINT('',(7.866959578075,-6.15561203004,23.));
#6728 = LINE('',#6729,#6730);
#6729 = CARTESIAN_POINT('',(7.866959578075,-6.15561203004,25.));
#6730 = VECTOR('',#6731,1.);
#6731 = DIRECTION('',(-0.,-0.,-1.));
#6732 = ORIENTED_EDGE('',*,*,#6733,.T.);
#6733 = EDGE_CURVE('',#6726,#6700,#6734,.T.);
#6734 = B_SPLINE_CURVE_WITH_KNOTS('',2,(#6735,#6736,#6737),
  .UNSPECIFIED.,.F.,.F.,(3,3),(0.,1.),.PIECEWISE_BEZIER_KNOTS.);
#6735 = CARTESIAN_POINT('',(7.866959578075,-6.15561203004,23.));
#6736 = CARTESIAN_POINT('',(7.866959578075,-5.952306914767,23.));
#6737 = CARTESIAN_POINT('',(7.777667431101,-5.849641208715,23.));
#6738 = ORIENTED_EDGE('',*,*,#6699,.F.);
#6739 = ORIENTED_EDGE('',*,*,#1640,.F.);
#6740 = SURFACE_OF_LINEAR_EXTRUSION('',#6741,#6745);
#6741 = B_SPLINE_CURVE_WITH_KNOTS('',2,(#6742,#6743,#6744),
  .UNSPECIFIED.,.F.,.F.,(3,3),(0.,1.),.PIECEWISE_BEZIER_KNOTS.);
#6742 = CARTESIAN_POINT('',(7.866959578075,-6.15561203004,25.));
#6743 = CARTESIAN_POINT('',(7.866959578075,-5.952306914767,25.));
#6744 = CARTESIAN_POINT('',(7.777667431101,-5.849641208715,25.));
#6745 = VECTOR('',#6746,1.);
#6746 = DIRECTION('',(0.,0.,1.));
#6747 = ADVANCED_FACE('',(#6748),#6766,.T.);
#6748 = FACE_BOUND('',#6749,.T.);
#6749 = EDGE_LOOP('',(#6750,#6758,#6764,#6765));
#6750 = ORIENTED_EDGE('',*,*,#6751,.T.);
#6751 = EDGE_CURVE('',#1625,#6752,#6754,.T.);
#6752 = VERTEX_POINT('',#6753);
#6753 = CARTESIAN_POINT('',(7.866959578075,-7.510529177014,23.));
#6754 = LINE('',#6755,#6756);
#6755 = CARTESIAN_POINT('',(7.866959578075,-7.510529177014,25.));
#6756 = VECTOR('',#6757,1.);
#6757 = DIRECTION('',(-0.,-0.,-1.));
#6758 = ORIENTED_EDGE('',*,*,#6759,.T.);
#6759 = EDGE_CURVE('',#6752,#6726,#6760,.T.);
#6760 = LINE('',#6761,#6762);
#6761 = CARTESIAN_POINT('',(7.866959578075,-7.510529177014,23.));
#6762 = VECTOR('',#6763,1.);
#6763 = DIRECTION('',(0.,1.,0.));
#6764 = ORIENTED_EDGE('',*,*,#6725,.F.);
#6765 = ORIENTED_EDGE('',*,*,#1632,.F.);
#6766 = PLANE('',#6767);
#6767 = AXIS2_PLACEMENT_3D('',#6768,#6769,#6770);
#6768 = CARTESIAN_POINT('',(7.866959578075,-7.510529177014,25.));
#6769 = DIRECTION('',(1.,0.,0.));
#6770 = DIRECTION('',(0.,1.,0.));
#6771 = ADVANCED_FACE('',(#6772),#6790,.T.);
#6772 = FACE_BOUND('',#6773,.T.);
#6773 = EDGE_LOOP('',(#6774,#6782,#6788,#6789));
#6774 = ORIENTED_EDGE('',*,*,#6775,.T.);
#6775 = EDGE_CURVE('',#1617,#6776,#6778,.T.);
#6776 = VERTEX_POINT('',#6777);
#6777 = CARTESIAN_POINT('',(8.379477589602,-7.510529177014,23.));
#6778 = LINE('',#6779,#6780);
#6779 = CARTESIAN_POINT('',(8.379477589602,-7.510529177014,25.));
#6780 = VECTOR('',#6781,1.);
#6781 = DIRECTION('',(-0.,-0.,-1.));
#6782 = ORIENTED_EDGE('',*,*,#6783,.T.);
#6783 = EDGE_CURVE('',#6776,#6752,#6784,.T.);
#6784 = LINE('',#6785,#6786);
#6785 = CARTESIAN_POINT('',(8.379477589602,-7.510529177014,23.));
#6786 = VECTOR('',#6787,1.);
#6787 = DIRECTION('',(-1.,0.,0.));
#6788 = ORIENTED_EDGE('',*,*,#6751,.F.);
#6789 = ORIENTED_EDGE('',*,*,#1624,.F.);
#6790 = PLANE('',#6791);
#6791 = AXIS2_PLACEMENT_3D('',#6792,#6793,#6794);
#6792 = CARTESIAN_POINT('',(8.379477589602,-7.510529177014,25.));
#6793 = DIRECTION('',(0.,1.,0.));
#6794 = DIRECTION('',(-1.,0.,0.));
#6795 = ADVANCED_FACE('',(#6796),#6814,.T.);
#6796 = FACE_BOUND('',#6797,.T.);
#6797 = EDGE_LOOP('',(#6798,#6806,#6812,#6813));
#6798 = ORIENTED_EDGE('',*,*,#6799,.T.);
#6799 = EDGE_CURVE('',#1609,#6800,#6802,.T.);
#6800 = VERTEX_POINT('',#6801);
#6801 = CARTESIAN_POINT('',(8.379477589602,-6.156017289406,23.));
#6802 = LINE('',#6803,#6804);
#6803 = CARTESIAN_POINT('',(8.379477589602,-6.156017289406,25.));
#6804 = VECTOR('',#6805,1.);
#6805 = DIRECTION('',(-0.,-0.,-1.));
#6806 = ORIENTED_EDGE('',*,*,#6807,.T.);
#6807 = EDGE_CURVE('',#6800,#6776,#6808,.T.);
#6808 = LINE('',#6809,#6810);
#6809 = CARTESIAN_POINT('',(8.379477589602,-6.156017289406,23.));
#6810 = VECTOR('',#6811,1.);
#6811 = DIRECTION('',(0.,-1.,0.));
#6812 = ORIENTED_EDGE('',*,*,#6775,.F.);
#6813 = ORIENTED_EDGE('',*,*,#1616,.F.);
#6814 = PLANE('',#6815);
#6815 = AXIS2_PLACEMENT_3D('',#6816,#6817,#6818);
#6816 = CARTESIAN_POINT('',(8.379477589602,-6.156017289406,25.));
#6817 = DIRECTION('',(-1.,0.,0.));
#6818 = DIRECTION('',(0.,-1.,0.));
#6819 = ADVANCED_FACE('',(#6820),#6838,.T.);
#6820 = FACE_BOUND('',#6821,.T.);
#6821 = EDGE_LOOP('',(#6822,#6830,#6836,#6837));
#6822 = ORIENTED_EDGE('',*,*,#6823,.T.);
#6823 = EDGE_CURVE('',#1601,#6824,#6826,.T.);
#6824 = VERTEX_POINT('',#6825);
#6825 = CARTESIAN_POINT('',(8.330711379227,-5.813843298052,23.));
#6826 = LINE('',#6827,#6828);
#6827 = CARTESIAN_POINT('',(8.330711379227,-5.813843298052,25.));
#6828 = VECTOR('',#6829,1.);
#6829 = DIRECTION('',(-0.,-0.,-1.));
#6830 = ORIENTED_EDGE('',*,*,#6831,.T.);
#6831 = EDGE_CURVE('',#6824,#6800,#6832,.T.);
#6832 = B_SPLINE_CURVE_WITH_KNOTS('',2,(#6833,#6834,#6835),
  .UNSPECIFIED.,.F.,.F.,(3,3),(0.,1.),.PIECEWISE_BEZIER_KNOTS.);
#6833 = CARTESIAN_POINT('',(8.330711379227,-5.813843298052,23.));
#6834 = CARTESIAN_POINT('',(8.379477589602,-5.963113831193,23.));
#6835 = CARTESIAN_POINT('',(8.379477589602,-6.156017289406,23.));
#6836 = ORIENTED_EDGE('',*,*,#6799,.F.);
#6837 = ORIENTED_EDGE('',*,*,#1608,.F.);
#6838 = SURFACE_OF_LINEAR_EXTRUSION('',#6839,#6843);
#6839 = B_SPLINE_CURVE_WITH_KNOTS('',2,(#6840,#6841,#6842),
  .UNSPECIFIED.,.F.,.F.,(3,3),(0.,1.),.PIECEWISE_BEZIER_KNOTS.);
#6840 = CARTESIAN_POINT('',(8.330711379227,-5.813843298052,25.));
#6841 = CARTESIAN_POINT('',(8.379477589602,-5.963113831193,25.));
#6842 = CARTESIAN_POINT('',(8.379477589602,-6.156017289406,25.));
#6843 = VECTOR('',#6844,1.);
#6844 = DIRECTION('',(0.,0.,1.));
#6845 = ADVANCED_FACE('',(#6846),#6864,.T.);
#6846 = FACE_BOUND('',#6847,.T.);
#6847 = EDGE_LOOP('',(#6848,#6856,#6862,#6863));
#6848 = ORIENTED_EDGE('',*,*,#6849,.T.);
#6849 = EDGE_CURVE('',#1593,#6850,#6852,.T.);
#6850 = VERTEX_POINT('',#6851);
#6851 = CARTESIAN_POINT('',(8.188600428219,-5.560691280761,23.));
#6852 = LINE('',#6853,#6854);
#6853 = CARTESIAN_POINT('',(8.188600428219,-5.560691280761,25.));
#6854 = VECTOR('',#6855,1.);
#6855 = DIRECTION('',(-0.,-0.,-1.));
#6856 = ORIENTED_EDGE('',*,*,#6857,.T.);
#6857 = EDGE_CURVE('',#6850,#6824,#6858,.T.);
#6858 = B_SPLINE_CURVE_WITH_KNOTS('',2,(#6859,#6860,#6861),
  .UNSPECIFIED.,.F.,.F.,(3,3),(0.,1.),.PIECEWISE_BEZIER_KNOTS.);
#6859 = CARTESIAN_POINT('',(8.188600428219,-5.560691280761,23.));
#6860 = CARTESIAN_POINT('',(8.281945168853,-5.664437678455,23.));
#6861 = CARTESIAN_POINT('',(8.330711379227,-5.813843298052,23.));
#6862 = ORIENTED_EDGE('',*,*,#6823,.F.);
#6863 = ORIENTED_EDGE('',*,*,#1600,.F.);
#6864 = SURFACE_OF_LINEAR_EXTRUSION('',#6865,#6869);
#6865 = B_SPLINE_CURVE_WITH_KNOTS('',2,(#6866,#6867,#6868),
  .UNSPECIFIED.,.F.,.F.,(3,3),(0.,1.),.PIECEWISE_BEZIER_KNOTS.);
#6866 = CARTESIAN_POINT('',(8.188600428219,-5.560691280761,25.));
#6867 = CARTESIAN_POINT('',(8.281945168853,-5.664437678455,25.));
#6868 = CARTESIAN_POINT('',(8.330711379227,-5.813843298052,25.));
#6869 = VECTOR('',#6870,1.);
#6870 = DIRECTION('',(0.,0.,1.));
#6871 = ADVANCED_FACE('',(#6872),#6890,.T.);
#6872 = FACE_BOUND('',#6873,.T.);
#6873 = EDGE_LOOP('',(#6874,#6882,#6888,#6889));
#6874 = ORIENTED_EDGE('',*,*,#6875,.T.);
#6875 = EDGE_CURVE('',#1585,#6876,#6878,.T.);
#6876 = VERTEX_POINT('',#6877);
#6877 = CARTESIAN_POINT('',(7.958278021879,-5.403045387389,23.));
#6878 = LINE('',#6879,#6880);
#6879 = CARTESIAN_POINT('',(7.958278021879,-5.403045387389,25.));
#6880 = VECTOR('',#6881,1.);
#6881 = DIRECTION('',(-0.,-0.,-1.));
#6882 = ORIENTED_EDGE('',*,*,#6883,.T.);
#6883 = EDGE_CURVE('',#6876,#6850,#6884,.T.);
#6884 = B_SPLINE_CURVE_WITH_KNOTS('',2,(#6885,#6886,#6887),
  .UNSPECIFIED.,.F.,.F.,(3,3),(0.,1.),.PIECEWISE_BEZIER_KNOTS.);
#6885 = CARTESIAN_POINT('',(7.958278021879,-5.403045387389,23.));
#6886 = CARTESIAN_POINT('',(8.095255687585,-5.456944883066,23.));
#6887 = CARTESIAN_POINT('',(8.188600428219,-5.560691280761,23.));
#6888 = ORIENTED_EDGE('',*,*,#6849,.F.);
#6889 = ORIENTED_EDGE('',*,*,#1592,.F.);
#6890 = SURFACE_OF_LINEAR_EXTRUSION('',#6891,#6895);
#6891 = B_SPLINE_CURVE_WITH_KNOTS('',2,(#6892,#6893,#6894),
  .UNSPECIFIED.,.F.,.F.,(3,3),(0.,1.),.PIECEWISE_BEZIER_KNOTS.);
#6892 = CARTESIAN_POINT('',(7.958278021879,-5.403045387389,25.));
#6893 = CARTESIAN_POINT('',(8.095255687585,-5.456944883066,25.));
#6894 = CARTESIAN_POINT('',(8.188600428219,-5.560691280761,25.));
#6895 = VECTOR('',#6896,1.);
#6896 = DIRECTION('',(0.,0.,1.));
#6897 = ADVANCED_FACE('',(#6898),#6916,.T.);
#6898 = FACE_BOUND('',#6899,.T.);
#6899 = EDGE_LOOP('',(#6900,#6908,#6914,#6915));
#6900 = ORIENTED_EDGE('',*,*,#6901,.T.);
#6901 = EDGE_CURVE('',#1577,#6902,#6904,.T.);
#6902 = VERTEX_POINT('',#6903);
#6903 = CARTESIAN_POINT('',(7.645012531965,-5.349145891712,23.));
#6904 = LINE('',#6905,#6906);
#6905 = CARTESIAN_POINT('',(7.645012531965,-5.349145891712,25.));
#6906 = VECTOR('',#6907,1.);
#6907 = DIRECTION('',(-0.,-0.,-1.));
#6908 = ORIENTED_EDGE('',*,*,#6909,.T.);
#6909 = EDGE_CURVE('',#6902,#6876,#6910,.T.);
#6910 = B_SPLINE_CURVE_WITH_KNOTS('',2,(#6911,#6912,#6913),
  .UNSPECIFIED.,.F.,.F.,(3,3),(0.,1.),.PIECEWISE_BEZIER_KNOTS.);
#6911 = CARTESIAN_POINT('',(7.645012531965,-5.349145891712,23.));
#6912 = CARTESIAN_POINT('',(7.821300356173,-5.349145891712,23.));
#6913 = CARTESIAN_POINT('',(7.958278021879,-5.403045387389,23.));
#6914 = ORIENTED_EDGE('',*,*,#6875,.F.);
#6915 = ORIENTED_EDGE('',*,*,#1584,.F.);
#6916 = SURFACE_OF_LINEAR_EXTRUSION('',#6917,#6921);
#6917 = B_SPLINE_CURVE_WITH_KNOTS('',2,(#6918,#6919,#6920),
  .UNSPECIFIED.,.F.,.F.,(3,3),(0.,1.),.PIECEWISE_BEZIER_KNOTS.);
#6918 = CARTESIAN_POINT('',(7.645012531965,-5.349145891712,25.));
#6919 = CARTESIAN_POINT('',(7.821300356173,-5.349145891712,25.));
#6920 = CARTESIAN_POINT('',(7.958278021879,-5.403045387389,25.));
#6921 = VECTOR('',#6922,1.);
#6922 = DIRECTION('',(0.,0.,1.));
#6923 = ADVANCED_FACE('',(#6924),#6942,.T.);
#6924 = FACE_BOUND('',#6925,.T.);
#6925 = EDGE_LOOP('',(#6926,#6934,#6940,#6941));
#6926 = ORIENTED_EDGE('',*,*,#6927,.T.);
#6927 = EDGE_CURVE('',#1569,#6928,#6930,.T.);
#6928 = VERTEX_POINT('',#6929);
#6929 = CARTESIAN_POINT('',(7.442653021879,-5.371975502663,23.));
#6930 = LINE('',#6931,#6932);
#6931 = CARTESIAN_POINT('',(7.442653021879,-5.371975502663,25.));
#6932 = VECTOR('',#6933,1.);
#6933 = DIRECTION('',(-0.,-0.,-1.));
#6934 = ORIENTED_EDGE('',*,*,#6935,.T.);
#6935 = EDGE_CURVE('',#6928,#6902,#6936,.T.);
#6936 = B_SPLINE_CURVE_WITH_KNOTS('',2,(#6937,#6938,#6939),
  .UNSPECIFIED.,.F.,.F.,(3,3),(0.,1.),.PIECEWISE_BEZIER_KNOTS.);
#6937 = CARTESIAN_POINT('',(7.442653021879,-5.371975502663,23.));
#6938 = CARTESIAN_POINT('',(7.543292431101,-5.349145891712,23.));
#6939 = CARTESIAN_POINT('',(7.645012531965,-5.349145891712,23.));
#6940 = ORIENTED_EDGE('',*,*,#6901,.F.);
#6941 = ORIENTED_EDGE('',*,*,#1576,.F.);
#6942 = SURFACE_OF_LINEAR_EXTRUSION('',#6943,#6947);
#6943 = B_SPLINE_CURVE_WITH_KNOTS('',2,(#6944,#6945,#6946),
  .UNSPECIFIED.,.F.,.F.,(3,3),(0.,1.),.PIECEWISE_BEZIER_KNOTS.);
#6944 = CARTESIAN_POINT('',(7.442653021879,-5.371975502663,25.));
#6945 = CARTESIAN_POINT('',(7.543292431101,-5.349145891712,25.));
#6946 = CARTESIAN_POINT('',(7.645012531965,-5.349145891712,25.));
#6947 = VECTOR('',#6948,1.);
#6948 = DIRECTION('',(0.,0.,1.));
#6949 = ADVANCED_FACE('',(#6950),#6968,.T.);
#6950 = FACE_BOUND('',#6951,.T.);
#6951 = EDGE_LOOP('',(#6952,#6960,#6966,#6967));
#6952 = ORIENTED_EDGE('',*,*,#6953,.T.);
#6953 = EDGE_CURVE('',#1561,#6954,#6956,.T.);
#6954 = VERTEX_POINT('',#6955);
#6955 = CARTESIAN_POINT('',(7.252721465683,-5.44235554589,23.));
#6956 = LINE('',#6957,#6958);
#6957 = CARTESIAN_POINT('',(7.252721465683,-5.44235554589,25.));
#6958 = VECTOR('',#6959,1.);
#6959 = DIRECTION('',(-0.,-0.,-1.));
#6960 = ORIENTED_EDGE('',*,*,#6961,.T.);
#6961 = EDGE_CURVE('',#6954,#6928,#6962,.T.);
#6962 = B_SPLINE_CURVE_WITH_KNOTS('',2,(#6963,#6964,#6965),
  .UNSPECIFIED.,.F.,.F.,(3,3),(0.,1.),.PIECEWISE_BEZIER_KNOTS.);
#6963 = CARTESIAN_POINT('',(7.252721465683,-5.44235554589,23.));
#6964 = CARTESIAN_POINT('',(7.342013612657,-5.394670027158,23.));
#6965 = CARTESIAN_POINT('',(7.442653021879,-5.371975502663,23.));
#6966 = ORIENTED_EDGE('',*,*,#6927,.F.);
#6967 = ORIENTED_EDGE('',*,*,#1568,.F.);
#6968 = SURFACE_OF_LINEAR_EXTRUSION('',#6969,#6973);
#6969 = B_SPLINE_CURVE_WITH_KNOTS('',2,(#6970,#6971,#6972),
  .UNSPECIFIED.,.F.,.F.,(3,3),(0.,1.),.PIECEWISE_BEZIER_KNOTS.);
#6970 = CARTESIAN_POINT('',(7.252721465683,-5.44235554589,25.));
#6971 = CARTESIAN_POINT('',(7.342013612657,-5.394670027158,25.));
#6972 = CARTESIAN_POINT('',(7.442653021879,-5.371975502663,25.));
#6973 = VECTOR('',#6974,1.);
#6974 = DIRECTION('',(0.,0.,1.));
#6975 = ADVANCED_FACE('',(#6976),#6994,.T.);
#6976 = FACE_BOUND('',#6977,.T.);
#6977 = EDGE_LOOP('',(#6978,#6986,#6992,#6993));
#6978 = ORIENTED_EDGE('',*,*,#6979,.T.);
#6979 = EDGE_CURVE('',#1553,#6980,#6982,.T.);
#6980 = VERTEX_POINT('',#6981);
#6981 = CARTESIAN_POINT('',(7.088861595366,-5.565689479608,23.));
#6982 = LINE('',#6983,#6984);
#6983 = CARTESIAN_POINT('',(7.088861595366,-5.565689479608,25.));
#6984 = VECTOR('',#6985,1.);
#6985 = DIRECTION('',(-0.,-0.,-1.));
#6986 = ORIENTED_EDGE('',*,*,#6987,.T.);
#6987 = EDGE_CURVE('',#6980,#6954,#6988,.T.);
#6988 = B_SPLINE_CURVE_WITH_KNOTS('',2,(#6989,#6990,#6991),
  .UNSPECIFIED.,.F.,.F.,(3,3),(0.,1.),.PIECEWISE_BEZIER_KNOTS.);
#6989 = CARTESIAN_POINT('',(7.088861595366,-5.565689479608,23.));
#6990 = CARTESIAN_POINT('',(7.163564405164,-5.490041064622,23.));
#6991 = CARTESIAN_POINT('',(7.252721465683,-5.44235554589,23.));
#6992 = ORIENTED_EDGE('',*,*,#6953,.F.);
#6993 = ORIENTED_EDGE('',*,*,#1560,.F.);
#6994 = SURFACE_OF_LINEAR_EXTRUSION('',#6995,#6999);
#6995 = B_SPLINE_CURVE_WITH_KNOTS('',2,(#6996,#6997,#6998),
  .UNSPECIFIED.,.F.,.F.,(3,3),(0.,1.),.PIECEWISE_BEZIER_KNOTS.);
#6996 = CARTESIAN_POINT('',(7.088861595366,-5.565689479608,25.));
#6997 = CARTESIAN_POINT('',(7.163564405164,-5.490041064622,25.));
#6998 = CARTESIAN_POINT('',(7.252721465683,-5.44235554589,25.));
#6999 = VECTOR('',#7000,1.);
#7000 = DIRECTION('',(0.,0.,1.));
#7001 = ADVANCED_FACE('',(#7002),#7020,.T.);
#7002 = FACE_BOUND('',#7003,.T.);
#7003 = EDGE_LOOP('',(#7004,#7012,#7018,#7019));
#7004 = ORIENTED_EDGE('',*,*,#7005,.T.);
#7005 = EDGE_CURVE('',#1545,#7006,#7008,.T.);
#7006 = VERTEX_POINT('',#7007);
#7007 = CARTESIAN_POINT('',(6.964446970005,-5.746840416207,23.));
#7008 = LINE('',#7009,#7010);
#7009 = CARTESIAN_POINT('',(6.964446970005,-5.746840416207,25.));
#7010 = VECTOR('',#7011,1.);
#7011 = DIRECTION('',(-0.,-0.,-1.));
#7012 = ORIENTED_EDGE('',*,*,#7013,.T.);
#7013 = EDGE_CURVE('',#7006,#6980,#7014,.T.);
#7014 = B_SPLINE_CURVE_WITH_KNOTS('',2,(#7015,#7016,#7017),
  .UNSPECIFIED.,.F.,.F.,(3,3),(0.,1.),.PIECEWISE_BEZIER_KNOTS.);
#7015 = CARTESIAN_POINT('',(6.964446970005,-5.746840416207,23.));
#7016 = CARTESIAN_POINT('',(7.014158785567,-5.641202808138,23.));
#7017 = CARTESIAN_POINT('',(7.088861595366,-5.565689479608,23.));
#7018 = ORIENTED_EDGE('',*,*,#6979,.F.);
#7019 = ORIENTED_EDGE('',*,*,#1552,.F.);
#7020 = SURFACE_OF_LINEAR_EXTRUSION('',#7021,#7025);
#7021 = B_SPLINE_CURVE_WITH_KNOTS('',2,(#7022,#7023,#7024),
  .UNSPECIFIED.,.F.,.F.,(3,3),(0.,1.),.PIECEWISE_BEZIER_KNOTS.);
#7022 = CARTESIAN_POINT('',(6.964446970005,-5.746840416207,25.));
#7023 = CARTESIAN_POINT('',(7.014158785567,-5.641202808138,25.));
#7024 = CARTESIAN_POINT('',(7.088861595366,-5.565689479608,25.));
#7025 = VECTOR('',#7026,1.);
#7026 = DIRECTION('',(0.,0.,1.));
#7027 = ADVANCED_FACE('',(#7028),#7046,.T.);
#7028 = FACE_BOUND('',#7029,.T.);
#7029 = EDGE_LOOP('',(#7030,#7038,#7044,#7045));
#7030 = ORIENTED_EDGE('',*,*,#7031,.T.);
#7031 = EDGE_CURVE('',#1537,#7032,#7034,.T.);
#7032 = VERTEX_POINT('',#7033);
#7033 = CARTESIAN_POINT('',(6.77046282015,-5.457890488254,23.));
#7034 = LINE('',#7035,#7036);
#7035 = CARTESIAN_POINT('',(6.77046282015,-5.457890488254,25.));
#7036 = VECTOR('',#7037,1.);
#7037 = DIRECTION('',(-0.,-0.,-1.));
#7038 = ORIENTED_EDGE('',*,*,#7039,.T.);
#7039 = EDGE_CURVE('',#7032,#7006,#7040,.T.);
#7040 = B_SPLINE_CURVE_WITH_KNOTS('',2,(#7041,#7042,#7043),
  .UNSPECIFIED.,.F.,.F.,(3,3),(0.,1.),.PIECEWISE_BEZIER_KNOTS.);
#7041 = CARTESIAN_POINT('',(6.77046282015,-5.457890488254,23.));
#7042 = CARTESIAN_POINT('',(6.900145817268,-5.566635084795,23.));
#7043 = CARTESIAN_POINT('',(6.964446970005,-5.746840416207,23.));
#7044 = ORIENTED_EDGE('',*,*,#7005,.F.);
#7045 = ORIENTED_EDGE('',*,*,#1544,.F.);
#7046 = SURFACE_OF_LINEAR_EXTRUSION('',#7047,#7051);
#7047 = B_SPLINE_CURVE_WITH_KNOTS('',2,(#7048,#7049,#7050),
  .UNSPECIFIED.,.F.,.F.,(3,3),(0.,1.),.PIECEWISE_BEZIER_KNOTS.);
#7048 = CARTESIAN_POINT('',(6.77046282015,-5.457890488254,25.));
#7049 = CARTESIAN_POINT('',(6.900145817268,-5.566635084795,25.));
#7050 = CARTESIAN_POINT('',(6.964446970005,-5.746840416207,25.));
#7051 = VECTOR('',#7052,1.);
#7052 = DIRECTION('',(0.,0.,1.));
#7053 = ADVANCED_FACE('',(#7054),#7072,.T.);
#7054 = FACE_BOUND('',#7055,.T.);
#7055 = EDGE_LOOP('',(#7056,#7064,#7070,#7071));
#7056 = ORIENTED_EDGE('',*,*,#7057,.T.);
#7057 = EDGE_CURVE('',#1529,#7058,#7060,.T.);
#7058 = VERTEX_POINT('',#7059);
#7059 = CARTESIAN_POINT('',(6.439501004588,-5.349145891712,23.));
#7060 = LINE('',#7061,#7062);
#7061 = CARTESIAN_POINT('',(6.439501004588,-5.349145891712,25.));
#7062 = VECTOR('',#7063,1.);
#7063 = DIRECTION('',(-0.,-0.,-1.));
#7064 = ORIENTED_EDGE('',*,*,#7065,.T.);
#7065 = EDGE_CURVE('',#7058,#7032,#7066,.T.);
#7066 = B_SPLINE_CURVE_WITH_KNOTS('',2,(#7067,#7068,#7069),
  .UNSPECIFIED.,.F.,.F.,(3,3),(0.,1.),.PIECEWISE_BEZIER_KNOTS.);
#7067 = CARTESIAN_POINT('',(6.439501004588,-5.349145891712,23.));
#7068 = CARTESIAN_POINT('',(6.640779823031,-5.349145891712,23.));
#7069 = CARTESIAN_POINT('',(6.77046282015,-5.457890488254,23.));
#7070 = ORIENTED_EDGE('',*,*,#7031,.F.);
#7071 = ORIENTED_EDGE('',*,*,#1536,.F.);
#7072 = SURFACE_OF_LINEAR_EXTRUSION('',#7073,#7077);
#7073 = B_SPLINE_CURVE_WITH_KNOTS('',2,(#7074,#7075,#7076),
  .UNSPECIFIED.,.F.,.F.,(3,3),(0.,1.),.PIECEWISE_BEZIER_KNOTS.);
#7074 = CARTESIAN_POINT('',(6.439501004588,-5.349145891712,25.));
#7075 = CARTESIAN_POINT('',(6.640779823031,-5.349145891712,25.));
#7076 = CARTESIAN_POINT('',(6.77046282015,-5.457890488254,25.));
#7077 = VECTOR('',#7078,1.);
#7078 = DIRECTION('',(0.,0.,1.));
#7079 = ADVANCED_FACE('',(#7080),#7098,.T.);
#7080 = FACE_BOUND('',#7081,.T.);
#7081 = EDGE_LOOP('',(#7082,#7090,#7096,#7097));
#7082 = ORIENTED_EDGE('',*,*,#7083,.T.);
#7083 = EDGE_CURVE('',#1521,#7084,#7086,.T.);
#7084 = VERTEX_POINT('',#7085);
#7085 = CARTESIAN_POINT('',(6.264023699112,-5.371029897475,23.));
#7086 = LINE('',#7087,#7088);
#7087 = CARTESIAN_POINT('',(6.264023699112,-5.371029897475,25.));
#7088 = VECTOR('',#7089,1.);
#7089 = DIRECTION('',(-0.,-0.,-1.));
#7090 = ORIENTED_EDGE('',*,*,#7091,.T.);
#7091 = EDGE_CURVE('',#7084,#7058,#7092,.T.);
#7092 = B_SPLINE_CURVE_WITH_KNOTS('',2,(#7093,#7094,#7095),
  .UNSPECIFIED.,.F.,.F.,(3,3),(0.,1.),.PIECEWISE_BEZIER_KNOTS.);
#7093 = CARTESIAN_POINT('',(6.264023699112,-5.371029897475,23.));
#7094 = CARTESIAN_POINT('',(6.343994880668,-5.349145891712,23.));
#7095 = CARTESIAN_POINT('',(6.439501004588,-5.349145891712,23.));
#7096 = ORIENTED_EDGE('',*,*,#7057,.F.);
#7097 = ORIENTED_EDGE('',*,*,#1528,.F.);
#7098 = SURFACE_OF_LINEAR_EXTRUSION('',#7099,#7103);
#7099 = B_SPLINE_CURVE_WITH_KNOTS('',2,(#7100,#7101,#7102),
  .UNSPECIFIED.,.F.,.F.,(3,3),(0.,1.),.PIECEWISE_BEZIER_KNOTS.);
#7100 = CARTESIAN_POINT('',(6.264023699112,-5.371029897475,25.));
#7101 = CARTESIAN_POINT('',(6.343994880668,-5.349145891712,25.));
#7102 = CARTESIAN_POINT('',(6.439501004588,-5.349145891712,25.));
#7103 = VECTOR('',#7104,1.);
#7104 = DIRECTION('',(0.,0.,1.));
#7105 = ADVANCED_FACE('',(#7106),#7124,.T.);
#7106 = FACE_BOUND('',#7107,.T.);
#7107 = EDGE_LOOP('',(#7108,#7116,#7122,#7123));
#7108 = ORIENTED_EDGE('',*,*,#7109,.T.);
#7109 = EDGE_CURVE('',#1513,#7110,#7112,.T.);
#7110 = VERTEX_POINT('',#7111);
#7111 = CARTESIAN_POINT('',(6.114618079516,-5.430467937821,23.));
#7112 = LINE('',#7113,#7114);
#7113 = CARTESIAN_POINT('',(6.114618079516,-5.430467937821,25.));
#7114 = VECTOR('',#7115,1.);
#7115 = DIRECTION('',(-0.,-0.,-1.));
#7116 = ORIENTED_EDGE('',*,*,#7117,.T.);
#7117 = EDGE_CURVE('',#7110,#7084,#7118,.T.);
#7118 = B_SPLINE_CURVE_WITH_KNOTS('',2,(#7119,#7120,#7121),
  .UNSPECIFIED.,.F.,.F.,(3,3),(0.,1.),.PIECEWISE_BEZIER_KNOTS.);
#7119 = CARTESIAN_POINT('',(6.114618079516,-5.430467937821,23.));
#7120 = CARTESIAN_POINT('',(6.184187604011,-5.392913903239,23.));
#7121 = CARTESIAN_POINT('',(6.264023699112,-5.371029897475,23.));
#7122 = ORIENTED_EDGE('',*,*,#7083,.F.);
#7123 = ORIENTED_EDGE('',*,*,#1520,.F.);
#7124 = SURFACE_OF_LINEAR_EXTRUSION('',#7125,#7129);
#7125 = B_SPLINE_CURVE_WITH_KNOTS('',2,(#7126,#7127,#7128),
  .UNSPECIFIED.,.F.,.F.,(3,3),(0.,1.),.PIECEWISE_BEZIER_KNOTS.);
#7126 = CARTESIAN_POINT('',(6.114618079516,-5.430467937821,25.));
#7127 = CARTESIAN_POINT('',(6.184187604011,-5.392913903239,25.));
#7128 = CARTESIAN_POINT('',(6.264023699112,-5.371029897475,25.));
#7129 = VECTOR('',#7130,1.);
#7130 = DIRECTION('',(0.,0.,1.));
#7131 = ADVANCED_FACE('',(#7132),#7150,.T.);
#7132 = FACE_BOUND('',#7133,.T.);
#7133 = EDGE_LOOP('',(#7134,#7142,#7148,#7149));
#7134 = ORIENTED_EDGE('',*,*,#7135,.T.);
#7135 = EDGE_CURVE('',#1505,#7136,#7138,.T.);
#7136 = VERTEX_POINT('',#7137);
#7137 = CARTESIAN_POINT('',(5.98398947721,-5.520030257706,23.));
#7138 = LINE('',#7139,#7140);
#7139 = CARTESIAN_POINT('',(5.98398947721,-5.520030257706,25.));
#7140 = VECTOR('',#7141,1.);
#7141 = DIRECTION('',(-0.,-0.,-1.));
#7142 = ORIENTED_EDGE('',*,*,#7143,.T.);
#7143 = EDGE_CURVE('',#7136,#7110,#7144,.T.);
#7144 = B_SPLINE_CURVE_WITH_KNOTS('',2,(#7145,#7146,#7147),
  .UNSPECIFIED.,.F.,.F.,(3,3),(0.,1.),.PIECEWISE_BEZIER_KNOTS.);
#7145 = CARTESIAN_POINT('',(5.98398947721,-5.520030257706,23.));
#7146 = CARTESIAN_POINT('',(6.045183641475,-5.467886885948,23.));
#7147 = CARTESIAN_POINT('',(6.114618079516,-5.430467937821,23.));
#7148 = ORIENTED_EDGE('',*,*,#7109,.F.);
#7149 = ORIENTED_EDGE('',*,*,#1512,.F.);
#7150 = SURFACE_OF_LINEAR_EXTRUSION('',#7151,#7155);
#7151 = B_SPLINE_CURVE_WITH_KNOTS('',2,(#7152,#7153,#7154),
  .UNSPECIFIED.,.F.,.F.,(3,3),(0.,1.),.PIECEWISE_BEZIER_KNOTS.);
#7152 = CARTESIAN_POINT('',(5.98398947721,-5.520030257706,25.));
#7153 = CARTESIAN_POINT('',(6.045183641475,-5.467886885948,25.));
#7154 = CARTESIAN_POINT('',(6.114618079516,-5.430467937821,25.));
#7155 = VECTOR('',#7156,1.);
#7156 = DIRECTION('',(0.,0.,1.));
#7157 = ADVANCED_FACE('',(#7158),#7176,.T.);
#7158 = FACE_BOUND('',#7159,.T.);
#7159 = EDGE_LOOP('',(#7160,#7168,#7174,#7175));
#7160 = ORIENTED_EDGE('',*,*,#7161,.T.);
#7161 = EDGE_CURVE('',#1497,#7162,#7164,.T.);
#7162 = VERTEX_POINT('',#7163);
#7163 = CARTESIAN_POINT('',(5.866734433982,-5.634583571827,23.));
#7164 = LINE('',#7165,#7166);
#7165 = CARTESIAN_POINT('',(5.866734433982,-5.634583571827,25.));
#7166 = VECTOR('',#7167,1.);
#7167 = DIRECTION('',(-0.,-0.,-1.));
#7168 = ORIENTED_EDGE('',*,*,#7169,.T.);
#7169 = EDGE_CURVE('',#7162,#7136,#7170,.T.);
#7170 = B_SPLINE_CURVE_WITH_KNOTS('',2,(#7171,#7172,#7173),
  .UNSPECIFIED.,.F.,.F.,(3,3),(0.,1.),.PIECEWISE_BEZIER_KNOTS.);
#7171 = CARTESIAN_POINT('',(5.866734433982,-5.634583571827,23.));
#7172 = CARTESIAN_POINT('',(5.922795312945,-5.572038543009,23.));
#7173 = CARTESIAN_POINT('',(5.98398947721,-5.520030257706,23.));
#7174 = ORIENTED_EDGE('',*,*,#7135,.F.);
#7175 = ORIENTED_EDGE('',*,*,#1504,.F.);
#7176 = SURFACE_OF_LINEAR_EXTRUSION('',#7177,#7181);
#7177 = B_SPLINE_CURVE_WITH_KNOTS('',2,(#7178,#7179,#7180),
  .UNSPECIFIED.,.F.,.F.,(3,3),(0.,1.),.PIECEWISE_BEZIER_KNOTS.);
#7178 = CARTESIAN_POINT('',(5.866734433982,-5.634583571827,25.));
#7179 = CARTESIAN_POINT('',(5.922795312945,-5.572038543009,25.));
#7180 = CARTESIAN_POINT('',(5.98398947721,-5.520030257706,25.));
#7181 = VECTOR('',#7182,1.);
#7182 = DIRECTION('',(0.,0.,1.));
#7183 = ADVANCED_FACE('',(#7184),#7202,.T.);
#7184 = FACE_BOUND('',#7185,.T.);
#7185 = EDGE_LOOP('',(#7186,#7194,#7200,#7201));
#7186 = ORIENTED_EDGE('',*,*,#7187,.T.);
#7187 = EDGE_CURVE('',#1489,#7188,#7190,.T.);
#7188 = VERTEX_POINT('',#7189);
#7189 = CARTESIAN_POINT('',(5.833638252426,-5.477072764911,23.));
#7190 = LINE('',#7191,#7192);
#7191 = CARTESIAN_POINT('',(5.833638252426,-5.477072764911,25.));
#7192 = VECTOR('',#7193,1.);
#7193 = DIRECTION('',(-0.,-0.,-1.));
#7194 = ORIENTED_EDGE('',*,*,#7195,.T.);
#7195 = EDGE_CURVE('',#7188,#7162,#7196,.T.);
#7196 = LINE('',#7197,#7198);
#7197 = CARTESIAN_POINT('',(5.833638252426,-5.477072764911,23.));
#7198 = VECTOR('',#7199,1.);
#7199 = DIRECTION('',(0.205629772653,-0.978629856789,0.));
#7200 = ORIENTED_EDGE('',*,*,#7161,.F.);
#7201 = ORIENTED_EDGE('',*,*,#1496,.F.);
#7202 = PLANE('',#7203);
#7203 = AXIS2_PLACEMENT_3D('',#7204,#7205,#7206);
#7204 = CARTESIAN_POINT('',(5.833638252426,-5.477072764911,25.));
#7205 = DIRECTION('',(-0.978629856789,-0.205629772653,0.));
#7206 = DIRECTION('',(0.205629772653,-0.978629856789,0.));
#7207 = ADVANCED_FACE('',(#7208),#7226,.T.);
#7208 = FACE_BOUND('',#7209,.T.);
#7209 = EDGE_LOOP('',(#7210,#7218,#7224,#7225));
#7210 = ORIENTED_EDGE('',*,*,#7211,.T.);
#7211 = EDGE_CURVE('',#1481,#7212,#7214,.T.);
#7212 = VERTEX_POINT('',#7213);
#7213 = CARTESIAN_POINT('',(5.702874563665,-5.383728024277,23.));
#7214 = LINE('',#7215,#7216);
#7215 = CARTESIAN_POINT('',(5.702874563665,-5.383728024277,25.));
#7216 = VECTOR('',#7217,1.);
#7217 = DIRECTION('',(-0.,-0.,-1.));
#7218 = ORIENTED_EDGE('',*,*,#7219,.T.);
#7219 = EDGE_CURVE('',#7212,#7188,#7220,.T.);
#7220 = B_SPLINE_CURVE_WITH_KNOTS('',2,(#7221,#7222,#7223),
  .UNSPECIFIED.,.F.,.F.,(3,3),(0.,1.),.PIECEWISE_BEZIER_KNOTS.);
#7221 = CARTESIAN_POINT('',(5.702874563665,-5.383728024277,23.));
#7222 = CARTESIAN_POINT('',(5.802433281245,-5.383728024277,23.));
#7223 = CARTESIAN_POINT('',(5.833638252426,-5.477072764911,23.));
#7224 = ORIENTED_EDGE('',*,*,#7187,.F.);
#7225 = ORIENTED_EDGE('',*,*,#1488,.F.);
#7226 = SURFACE_OF_LINEAR_EXTRUSION('',#7227,#7231);
#7227 = B_SPLINE_CURVE_WITH_KNOTS('',2,(#7228,#7229,#7230),
  .UNSPECIFIED.,.F.,.F.,(3,3),(0.,1.),.PIECEWISE_BEZIER_KNOTS.);
#7228 = CARTESIAN_POINT('',(5.702874563665,-5.383728024277,25.));
#7229 = CARTESIAN_POINT('',(5.802433281245,-5.383728024277,25.));
#7230 = CARTESIAN_POINT('',(5.833638252426,-5.477072764911,25.));
#7231 = VECTOR('',#7232,1.);
#7232 = DIRECTION('',(0.,0.,1.));
#7233 = ADVANCED_FACE('',(#7234),#7252,.T.);
#7234 = FACE_BOUND('',#7235,.T.);
#7235 = EDGE_LOOP('',(#7236,#7244,#7250,#7251));
#7236 = ORIENTED_EDGE('',*,*,#7237,.T.);
#7237 = EDGE_CURVE('',#1473,#7238,#7240,.T.);
#7238 = VERTEX_POINT('',#7239);
#7239 = CARTESIAN_POINT('',(5.389609073752,-5.383728024277,23.));
#7240 = LINE('',#7241,#7242);
#7241 = CARTESIAN_POINT('',(5.389609073752,-5.383728024277,25.));
#7242 = VECTOR('',#7243,1.);
#7243 = DIRECTION('',(-0.,-0.,-1.));
#7244 = ORIENTED_EDGE('',*,*,#7245,.T.);
#7245 = EDGE_CURVE('',#7238,#7212,#7246,.T.);
#7246 = LINE('',#7247,#7248);
#7247 = CARTESIAN_POINT('',(5.389609073752,-5.383728024277,23.));
#7248 = VECTOR('',#7249,1.);
#7249 = DIRECTION('',(1.,0.,0.));
#7250 = ORIENTED_EDGE('',*,*,#7211,.F.);
#7251 = ORIENTED_EDGE('',*,*,#1480,.F.);
#7252 = PLANE('',#7253);
#7253 = AXIS2_PLACEMENT_3D('',#7254,#7255,#7256);
#7254 = CARTESIAN_POINT('',(5.389609073752,-5.383728024277,25.));
#7255 = DIRECTION('',(0.,-1.,0.));
#7256 = DIRECTION('',(1.,0.,0.));
#7257 = ADVANCED_FACE('',(#7258),#7269,.T.);
#7258 = FACE_BOUND('',#7259,.T.);
#7259 = EDGE_LOOP('',(#7260,#7261,#7267,#7268));
#7260 = ORIENTED_EDGE('',*,*,#6380,.T.);
#7261 = ORIENTED_EDGE('',*,*,#7262,.T.);
#7262 = EDGE_CURVE('',#6373,#7238,#7263,.T.);
#7263 = LINE('',#7264,#7265);
#7264 = CARTESIAN_POINT('',(5.389609073752,-7.510529177014,23.));
#7265 = VECTOR('',#7266,1.);
#7266 = DIRECTION('',(0.,1.,0.));
#7267 = ORIENTED_EDGE('',*,*,#7237,.F.);
#7268 = ORIENTED_EDGE('',*,*,#1472,.F.);
#7269 = PLANE('',#7270);
#7270 = AXIS2_PLACEMENT_3D('',#7271,#7272,#7273);
#7271 = CARTESIAN_POINT('',(5.389609073752,-7.510529177014,25.));
#7272 = DIRECTION('',(1.,0.,0.));
#7273 = DIRECTION('',(0.,1.,0.));
#7274 = ADVANCED_FACE('',(#7275),#7300,.T.);
#7275 = FACE_BOUND('',#7276,.T.);
#7276 = EDGE_LOOP('',(#7277,#7285,#7293,#7299));
#7277 = ORIENTED_EDGE('',*,*,#7278,.T.);
#7278 = EDGE_CURVE('',#1753,#7279,#7281,.T.);
#7279 = VERTEX_POINT('',#7280);
#7280 = CARTESIAN_POINT('',(-3.144089589561,1.786290071687,23.));
#7281 = LINE('',#7282,#7283);
#7282 = CARTESIAN_POINT('',(-3.144089589561,1.786290071687,25.));
#7283 = VECTOR('',#7284,1.);
#7284 = DIRECTION('',(-0.,-0.,-1.));
#7285 = ORIENTED_EDGE('',*,*,#7286,.T.);
#7286 = EDGE_CURVE('',#7279,#7287,#7289,.T.);
#7287 = VERTEX_POINT('',#7288);
#7288 = CARTESIAN_POINT('',(-2.289892903682,1.786290071687,23.));
#7289 = LINE('',#7290,#7291);
#7290 = CARTESIAN_POINT('',(-3.144089589561,1.786290071687,23.));
#7291 = VECTOR('',#7292,1.);
#7292 = DIRECTION('',(1.,0.,0.));
#7293 = ORIENTED_EDGE('',*,*,#7294,.F.);
#7294 = EDGE_CURVE('',#1755,#7287,#7295,.T.);
#7295 = LINE('',#7296,#7297);
#7296 = CARTESIAN_POINT('',(-2.289892903682,1.786290071687,25.));
#7297 = VECTOR('',#7298,1.);
#7298 = DIRECTION('',(-0.,-0.,-1.));
#7299 = ORIENTED_EDGE('',*,*,#1752,.F.);
#7300 = PLANE('',#7301);
#7301 = AXIS2_PLACEMENT_3D('',#7302,#7303,#7304);
#7302 = CARTESIAN_POINT('',(-3.144089589561,1.786290071687,25.));
#7303 = DIRECTION('',(0.,-1.,0.));
#7304 = DIRECTION('',(1.,0.,0.));
#7305 = ADVANCED_FACE('',(#7306),#7324,.T.);
#7306 = FACE_BOUND('',#7307,.T.);
#7307 = EDGE_LOOP('',(#7308,#7316,#7322,#7323));
#7308 = ORIENTED_EDGE('',*,*,#7309,.T.);
#7309 = EDGE_CURVE('',#1771,#7310,#7312,.T.);
#7310 = VERTEX_POINT('',#7311);
#7311 = CARTESIAN_POINT('',(-3.144089589561,-1.758378516209,23.));
#7312 = LINE('',#7313,#7314);
#7313 = CARTESIAN_POINT('',(-3.144089589561,-1.758378516209,25.));
#7314 = VECTOR('',#7315,1.);
#7315 = DIRECTION('',(-0.,-0.,-1.));
#7316 = ORIENTED_EDGE('',*,*,#7317,.T.);
#7317 = EDGE_CURVE('',#7310,#7279,#7318,.T.);
#7318 = LINE('',#7319,#7320);
#7319 = CARTESIAN_POINT('',(-3.144089589561,-1.758378516209,23.));
#7320 = VECTOR('',#7321,1.);
#7321 = DIRECTION('',(0.,1.,0.));
#7322 = ORIENTED_EDGE('',*,*,#7278,.F.);
#7323 = ORIENTED_EDGE('',*,*,#1778,.F.);
#7324 = PLANE('',#7325);
#7325 = AXIS2_PLACEMENT_3D('',#7326,#7327,#7328);
#7326 = CARTESIAN_POINT('',(-3.144089589561,-1.758378516209,25.));
#7327 = DIRECTION('',(1.,0.,0.));
#7328 = DIRECTION('',(0.,1.,0.));
#7329 = ADVANCED_FACE('',(#7330),#7348,.T.);
#7330 = FACE_BOUND('',#7331,.T.);
#7331 = EDGE_LOOP('',(#7332,#7333,#7341,#7347));
#7332 = ORIENTED_EDGE('',*,*,#7294,.T.);
#7333 = ORIENTED_EDGE('',*,*,#7334,.T.);
#7334 = EDGE_CURVE('',#7287,#7335,#7337,.T.);
#7335 = VERTEX_POINT('',#7336);
#7336 = CARTESIAN_POINT('',(-2.289892903682,-1.758378516209,23.));
#7337 = LINE('',#7338,#7339);
#7338 = CARTESIAN_POINT('',(-2.289892903682,1.786290071687,23.));
#7339 = VECTOR('',#7340,1.);
#7340 = DIRECTION('',(0.,-1.,0.));
#7341 = ORIENTED_EDGE('',*,*,#7342,.F.);
#7342 = EDGE_CURVE('',#1763,#7335,#7343,.T.);
#7343 = LINE('',#7344,#7345);
#7344 = CARTESIAN_POINT('',(-2.289892903682,-1.758378516209,25.));
#7345 = VECTOR('',#7346,1.);
#7346 = DIRECTION('',(-0.,-0.,-1.));
#7347 = ORIENTED_EDGE('',*,*,#1762,.F.);
#7348 = PLANE('',#7349);
#7349 = AXIS2_PLACEMENT_3D('',#7350,#7351,#7352);
#7350 = CARTESIAN_POINT('',(-2.289892903682,1.786290071687,25.));
#7351 = DIRECTION('',(-1.,0.,0.));
#7352 = DIRECTION('',(0.,-1.,0.));
#7353 = ADVANCED_FACE('',(#7354),#7365,.T.);
#7354 = FACE_BOUND('',#7355,.T.);
#7355 = EDGE_LOOP('',(#7356,#7357,#7363,#7364));
#7356 = ORIENTED_EDGE('',*,*,#7342,.T.);
#7357 = ORIENTED_EDGE('',*,*,#7358,.T.);
#7358 = EDGE_CURVE('',#7335,#7310,#7359,.T.);
#7359 = LINE('',#7360,#7361);
#7360 = CARTESIAN_POINT('',(-2.289892903682,-1.758378516209,23.));
#7361 = VECTOR('',#7362,1.);
#7362 = DIRECTION('',(-1.,0.,0.));
#7363 = ORIENTED_EDGE('',*,*,#7309,.F.);
#7364 = ORIENTED_EDGE('',*,*,#1770,.F.);
#7365 = PLANE('',#7366);
#7366 = AXIS2_PLACEMENT_3D('',#7367,#7368,#7369);
#7367 = CARTESIAN_POINT('',(-2.289892903682,-1.758378516209,25.));
#7368 = DIRECTION('',(0.,1.,0.));
#7369 = DIRECTION('',(-1.,0.,0.));
#7370 = ADVANCED_FACE('',(#7371),#7396,.T.);
#7371 = FACE_BOUND('',#7372,.T.);
#7372 = EDGE_LOOP('',(#7373,#7381,#7389,#7395));
#7373 = ORIENTED_EDGE('',*,*,#7374,.T.);
#7374 = EDGE_CURVE('',#1787,#7375,#7377,.T.);
#7375 = VERTEX_POINT('',#7376);
#7376 = CARTESIAN_POINT('',(0.973570713032,1.404670835376,23.));
#7377 = LINE('',#7378,#7379);
#7378 = CARTESIAN_POINT('',(0.973570713032,1.404670835376,25.));
#7379 = VECTOR('',#7380,1.);
#7380 = DIRECTION('',(-0.,-0.,-1.));
#7381 = ORIENTED_EDGE('',*,*,#7382,.T.);
#7382 = EDGE_CURVE('',#7375,#7383,#7385,.T.);
#7383 = VERTEX_POINT('',#7384);
#7384 = CARTESIAN_POINT('',(0.779946793724,1.099600590419,23.));
#7385 = LINE('',#7386,#7387);
#7386 = CARTESIAN_POINT('',(0.973570713032,1.404670835376,23.));
#7387 = VECTOR('',#7388,1.);
#7388 = DIRECTION('',(-0.535867150975,-0.844302313455,0.));
#7389 = ORIENTED_EDGE('',*,*,#7390,.F.);
#7390 = EDGE_CURVE('',#1789,#7383,#7391,.T.);
#7391 = LINE('',#7392,#7393);
#7392 = CARTESIAN_POINT('',(0.779946793724,1.099600590419,25.));
#7393 = VECTOR('',#7394,1.);
#7394 = DIRECTION('',(-0.,-0.,-1.));
#7395 = ORIENTED_EDGE('',*,*,#1786,.F.);
#7396 = PLANE('',#7397);
#7397 = AXIS2_PLACEMENT_3D('',#7398,#7399,#7400);
#7398 = CARTESIAN_POINT('',(0.973570713032,1.404670835376,25.));
#7399 = DIRECTION('',(-0.844302313455,0.535867150975,0.));
#7400 = DIRECTION('',(-0.535867150975,-0.844302313455,0.));
#7401 = ADVANCED_FACE('',(#7402),#7420,.T.);
#7402 = FACE_BOUND('',#7403,.T.);
#7403 = EDGE_LOOP('',(#7404,#7412,#7418,#7419));
#7404 = ORIENTED_EDGE('',*,*,#7405,.T.);
#7405 = EDGE_CURVE('',#2173,#7406,#7408,.T.);
#7406 = VERTEX_POINT('',#7407);
#7407 = CARTESIAN_POINT('',(0.471949675568,1.722799437682,23.));
#7408 = LINE('',#7409,#7410);
#7409 = CARTESIAN_POINT('',(0.471949675568,1.722799437682,25.));
#7410 = VECTOR('',#7411,1.);
#7411 = DIRECTION('',(-0.,-0.,-1.));
#7412 = ORIENTED_EDGE('',*,*,#7413,.T.);
#7413 = EDGE_CURVE('',#7406,#7375,#7414,.T.);
#7414 = B_SPLINE_CURVE_WITH_KNOTS('',2,(#7415,#7416,#7417),
  .UNSPECIFIED.,.F.,.F.,(3,3),(0.,1.),.PIECEWISE_BEZIER_KNOTS.);
#7415 = CARTESIAN_POINT('',(0.471949675568,1.722799437682,23.));
#7416 = CARTESIAN_POINT('',(0.772967326865,1.60189706016,23.));
#7417 = CARTESIAN_POINT('',(0.973570713032,1.404670835376,23.));
#7418 = ORIENTED_EDGE('',*,*,#7374,.F.);
#7419 = ORIENTED_EDGE('',*,*,#2180,.F.);
#7420 = SURFACE_OF_LINEAR_EXTRUSION('',#7421,#7425);
#7421 = B_SPLINE_CURVE_WITH_KNOTS('',2,(#7422,#7423,#7424),
  .UNSPECIFIED.,.F.,.F.,(3,3),(0.,1.),.PIECEWISE_BEZIER_KNOTS.);
#7422 = CARTESIAN_POINT('',(0.471949675568,1.722799437682,25.));
#7423 = CARTESIAN_POINT('',(0.772967326865,1.60189706016,25.));
#7424 = CARTESIAN_POINT('',(0.973570713032,1.404670835376,25.));
#7425 = VECTOR('',#7426,1.);
#7426 = DIRECTION('',(0.,0.,1.));
#7427 = ADVANCED_FACE('',(#7428),#7446,.T.);
#7428 = FACE_BOUND('',#7429,.T.);
#7429 = EDGE_LOOP('',(#7430,#7431,#7439,#7445));
#7430 = ORIENTED_EDGE('',*,*,#7390,.T.);
#7431 = ORIENTED_EDGE('',*,*,#7432,.T.);
#7432 = EDGE_CURVE('',#7383,#7433,#7435,.T.);
#7433 = VERTEX_POINT('',#7434);
#7434 = CARTESIAN_POINT('',(0.707225251937,1.022376166788,23.));
#7435 = B_SPLINE_CURVE_WITH_KNOTS('',2,(#7436,#7437,#7438),
  .UNSPECIFIED.,.F.,.F.,(3,3),(0.,1.),.PIECEWISE_BEZIER_KNOTS.);
#7436 = CARTESIAN_POINT('',(0.779946793724,1.099600590419,23.));
#7437 = CARTESIAN_POINT('',(0.745274603522,1.044665431918,23.));
#7438 = CARTESIAN_POINT('',(0.707225251937,1.022376166788,23.));
#7439 = ORIENTED_EDGE('',*,*,#7440,.F.);
#7440 = EDGE_CURVE('',#1797,#7433,#7441,.T.);
#7441 = LINE('',#7442,#7443);
#7442 = CARTESIAN_POINT('',(0.707225251937,1.022376166788,25.));
#7443 = VECTOR('',#7444,1.);
#7444 = DIRECTION('',(-0.,-0.,-1.));
#7445 = ORIENTED_EDGE('',*,*,#1796,.F.);
#7446 = SURFACE_OF_LINEAR_EXTRUSION('',#7447,#7451);
#7447 = B_SPLINE_CURVE_WITH_KNOTS('',2,(#7448,#7449,#7450),
  .UNSPECIFIED.,.F.,.F.,(3,3),(0.,1.),.PIECEWISE_BEZIER_KNOTS.);
#7448 = CARTESIAN_POINT('',(0.779946793724,1.099600590419,25.));
#7449 = CARTESIAN_POINT('',(0.745274603522,1.044665431918,25.));
#7450 = CARTESIAN_POINT('',(0.707225251937,1.022376166788,25.));
#7451 = VECTOR('',#7452,1.);
#7452 = DIRECTION('',(0.,0.,1.));
#7453 = ADVANCED_FACE('',(#7454),#7472,.T.);
#7454 = FACE_BOUND('',#7455,.T.);
#7455 = EDGE_LOOP('',(#7456,#7464,#7470,#7471));
#7456 = ORIENTED_EDGE('',*,*,#7457,.T.);
#7457 = EDGE_CURVE('',#2165,#7458,#7460,.T.);
#7458 = VERTEX_POINT('',#7459);
#7459 = CARTESIAN_POINT('',(-0.195377413769,1.843926959295,23.));
#7460 = LINE('',#7461,#7462);
#7461 = CARTESIAN_POINT('',(-0.195377413769,1.843926959295,25.));
#7462 = VECTOR('',#7463,1.);
#7463 = DIRECTION('',(-0.,-0.,-1.));
#7464 = ORIENTED_EDGE('',*,*,#7465,.T.);
#7465 = EDGE_CURVE('',#7458,#7406,#7466,.T.);
#7466 = B_SPLINE_CURVE_WITH_KNOTS('',2,(#7467,#7468,#7469),
  .UNSPECIFIED.,.F.,.F.,(3,3),(0.,1.),.PIECEWISE_BEZIER_KNOTS.);
#7467 = CARTESIAN_POINT('',(-0.195377413769,1.843926959295,23.));
#7468 = CARTESIAN_POINT('',(0.171157168364,1.843926959295,23.));
#7469 = CARTESIAN_POINT('',(0.471949675568,1.722799437682,23.));
#7470 = ORIENTED_EDGE('',*,*,#7405,.F.);
#7471 = ORIENTED_EDGE('',*,*,#2172,.F.);
#7472 = SURFACE_OF_LINEAR_EXTRUSION('',#7473,#7477);
#7473 = B_SPLINE_CURVE_WITH_KNOTS('',2,(#7474,#7475,#7476),
  .UNSPECIFIED.,.F.,.F.,(3,3),(0.,1.),.PIECEWISE_BEZIER_KNOTS.);
#7474 = CARTESIAN_POINT('',(-0.195377413769,1.843926959295,25.));
#7475 = CARTESIAN_POINT('',(0.171157168364,1.843926959295,25.));
#7476 = CARTESIAN_POINT('',(0.471949675568,1.722799437682,25.));
#7477 = VECTOR('',#7478,1.);
#7478 = DIRECTION('',(0.,0.,1.));
#7479 = ADVANCED_FACE('',(#7480),#7498,.T.);
#7480 = FACE_BOUND('',#7481,.T.);
#7481 = EDGE_LOOP('',(#7482,#7483,#7491,#7497));
#7482 = ORIENTED_EDGE('',*,*,#7440,.T.);
#7483 = ORIENTED_EDGE('',*,*,#7484,.T.);
#7484 = EDGE_CURVE('',#7433,#7485,#7487,.T.);
#7485 = VERTEX_POINT('',#7486);
#7486 = CARTESIAN_POINT('',(0.610413292283,1.000086901659,23.));
#7487 = B_SPLINE_CURVE_WITH_KNOTS('',2,(#7488,#7489,#7490),
  .UNSPECIFIED.,.F.,.F.,(3,3),(0.,1.),.PIECEWISE_BEZIER_KNOTS.);
#7488 = CARTESIAN_POINT('',(0.707225251937,1.022376166788,23.));
#7489 = CARTESIAN_POINT('',(0.669175900352,1.000086901659,23.));
#7490 = CARTESIAN_POINT('',(0.610413292283,1.000086901659,23.));
#7491 = ORIENTED_EDGE('',*,*,#7492,.F.);
#7492 = EDGE_CURVE('',#1805,#7485,#7493,.T.);
#7493 = LINE('',#7494,#7495);
#7494 = CARTESIAN_POINT('',(0.610413292283,1.000086901659,25.));
#7495 = VECTOR('',#7496,1.);
#7496 = DIRECTION('',(-0.,-0.,-1.));
#7497 = ORIENTED_EDGE('',*,*,#1804,.F.);
#7498 = SURFACE_OF_LINEAR_EXTRUSION('',#7499,#7503);
#7499 = B_SPLINE_CURVE_WITH_KNOTS('',2,(#7500,#7501,#7502),
  .UNSPECIFIED.,.F.,.F.,(3,3),(0.,1.),.PIECEWISE_BEZIER_KNOTS.);
#7500 = CARTESIAN_POINT('',(0.707225251937,1.022376166788,25.));
#7501 = CARTESIAN_POINT('',(0.669175900352,1.000086901659,25.));
#7502 = CARTESIAN_POINT('',(0.610413292283,1.000086901659,25.));
#7503 = VECTOR('',#7504,1.);
#7504 = DIRECTION('',(0.,0.,1.));
#7505 = ADVANCED_FACE('',(#7506),#7524,.T.);
#7506 = FACE_BOUND('',#7507,.T.);
#7507 = EDGE_LOOP('',(#7508,#7516,#7522,#7523));
#7508 = ORIENTED_EDGE('',*,*,#7509,.T.);
#7509 = EDGE_CURVE('',#2157,#7510,#7512,.T.);
#7510 = VERTEX_POINT('',#7511);
#7511 = CARTESIAN_POINT('',(-0.774673163048,1.755895619238,23.));
#7512 = LINE('',#7513,#7514);
#7513 = CARTESIAN_POINT('',(-0.774673163048,1.755895619238,25.));
#7514 = VECTOR('',#7515,1.);
#7515 = DIRECTION('',(-0.,-0.,-1.));
#7516 = ORIENTED_EDGE('',*,*,#7517,.T.);
#7517 = EDGE_CURVE('',#7510,#7458,#7518,.T.);
#7518 = B_SPLINE_CURVE_WITH_KNOTS('',2,(#7519,#7520,#7521),
  .UNSPECIFIED.,.F.,.F.,(3,3),(0.,1.),.PIECEWISE_BEZIER_KNOTS.);
#7519 = CARTESIAN_POINT('',(-0.774673163048,1.755895619238,23.));
#7520 = CARTESIAN_POINT('',(-0.523862644316,1.843926959295,23.));
#7521 = CARTESIAN_POINT('',(-0.195377413769,1.843926959295,23.));
#7522 = ORIENTED_EDGE('',*,*,#7457,.F.);
#7523 = ORIENTED_EDGE('',*,*,#2164,.F.);
#7524 = SURFACE_OF_LINEAR_EXTRUSION('',#7525,#7529);
#7525 = B_SPLINE_CURVE_WITH_KNOTS('',2,(#7526,#7527,#7528),
  .UNSPECIFIED.,.F.,.F.,(3,3),(0.,1.),.PIECEWISE_BEZIER_KNOTS.);
#7526 = CARTESIAN_POINT('',(-0.774673163048,1.755895619238,25.));
#7527 = CARTESIAN_POINT('',(-0.523862644316,1.843926959295,25.));
#7528 = CARTESIAN_POINT('',(-0.195377413769,1.843926959295,25.));
#7529 = VECTOR('',#7530,1.);
#7530 = DIRECTION('',(0.,0.,1.));
#7531 = ADVANCED_FACE('',(#7532),#7550,.T.);
#7532 = FACE_BOUND('',#7533,.T.);
#7533 = EDGE_LOOP('',(#7534,#7535,#7543,#7549));
#7534 = ORIENTED_EDGE('',*,*,#7492,.T.);
#7535 = ORIENTED_EDGE('',*,*,#7536,.T.);
#7536 = EDGE_CURVE('',#7485,#7537,#7539,.T.);
#7537 = VERTEX_POINT('',#7538);
#7538 = CARTESIAN_POINT('',(0.477353133782,1.034533947768,23.));
#7539 = B_SPLINE_CURVE_WITH_KNOTS('',2,(#7540,#7541,#7542),
  .UNSPECIFIED.,.F.,.F.,(3,3),(0.,1.),.PIECEWISE_BEZIER_KNOTS.);
#7540 = CARTESIAN_POINT('',(0.610413292283,1.000086901659,23.));
#7541 = CARTESIAN_POINT('',(0.548273522831,1.000086901659,23.));
#7542 = CARTESIAN_POINT('',(0.477353133782,1.034533947768,23.));
#7543 = ORIENTED_EDGE('',*,*,#7544,.F.);
#7544 = EDGE_CURVE('',#1813,#7537,#7545,.T.);
#7545 = LINE('',#7546,#7547);
#7546 = CARTESIAN_POINT('',(0.477353133782,1.034533947768,25.));
#7547 = VECTOR('',#7548,1.);
#7548 = DIRECTION('',(-0.,-0.,-1.));
#7549 = ORIENTED_EDGE('',*,*,#1812,.F.);
#7550 = SURFACE_OF_LINEAR_EXTRUSION('',#7551,#7555);
#7551 = B_SPLINE_CURVE_WITH_KNOTS('',2,(#7552,#7553,#7554),
  .UNSPECIFIED.,.F.,.F.,(3,3),(0.,1.),.PIECEWISE_BEZIER_KNOTS.);
#7552 = CARTESIAN_POINT('',(0.610413292283,1.000086901659,25.));
#7553 = CARTESIAN_POINT('',(0.548273522831,1.000086901659,25.));
#7554 = CARTESIAN_POINT('',(0.477353133782,1.034533947768,25.));
#7555 = VECTOR('',#7556,1.);
#7556 = DIRECTION('',(0.,0.,1.));
#7557 = ADVANCED_FACE('',(#7558),#7576,.T.);
#7558 = FACE_BOUND('',#7559,.T.);
#7559 = EDGE_LOOP('',(#7560,#7568,#7574,#7575));
#7560 = ORIENTED_EDGE('',*,*,#7561,.T.);
#7561 = EDGE_CURVE('',#2149,#7562,#7564,.T.);
#7562 = VERTEX_POINT('',#7563);
#7563 = CARTESIAN_POINT('',(-1.192990886391,1.521070331053,23.));
#7564 = LINE('',#7565,#7566);
#7565 = CARTESIAN_POINT('',(-1.192990886391,1.521070331053,25.));
#7566 = VECTOR('',#7567,1.);
#7567 = DIRECTION('',(-0.,-0.,-1.));
#7568 = ORIENTED_EDGE('',*,*,#7569,.T.);
#7569 = EDGE_CURVE('',#7562,#7510,#7570,.T.);
#7570 = B_SPLINE_CURVE_WITH_KNOTS('',2,(#7571,#7572,#7573),
  .UNSPECIFIED.,.F.,.F.,(3,3),(0.,1.),.PIECEWISE_BEZIER_KNOTS.);
#7571 = CARTESIAN_POINT('',(-1.192990886391,1.521070331053,23.));
#7572 = CARTESIAN_POINT('',(-1.025258537688,1.66786427918,23.));
#7573 = CARTESIAN_POINT('',(-0.774673163048,1.755895619238,23.));
#7574 = ORIENTED_EDGE('',*,*,#7509,.F.);
#7575 = ORIENTED_EDGE('',*,*,#2156,.F.);
#7576 = SURFACE_OF_LINEAR_EXTRUSION('',#7577,#7581);
#7577 = B_SPLINE_CURVE_WITH_KNOTS('',2,(#7578,#7579,#7580),
  .UNSPECIFIED.,.F.,.F.,(3,3),(0.,1.),.PIECEWISE_BEZIER_KNOTS.);
#7578 = CARTESIAN_POINT('',(-1.192990886391,1.521070331053,25.));
#7579 = CARTESIAN_POINT('',(-1.025258537688,1.66786427918,25.));
#7580 = CARTESIAN_POINT('',(-0.774673163048,1.755895619238,25.));
#7581 = VECTOR('',#7582,1.);
#7582 = DIRECTION('',(0.,0.,1.));
#7583 = ADVANCED_FACE('',(#7584),#7602,.T.);
#7584 = FACE_BOUND('',#7585,.T.);
#7585 = EDGE_LOOP('',(#7586,#7587,#7595,#7601));
#7586 = ORIENTED_EDGE('',*,*,#7544,.T.);
#7587 = ORIENTED_EDGE('',*,*,#7588,.T.);
#7588 = EDGE_CURVE('',#7537,#7589,#7591,.T.);
#7589 = VERTEX_POINT('',#7590);
#7590 = CARTESIAN_POINT('',(0.312997946462,1.112208659584,23.));
#7591 = B_SPLINE_CURVE_WITH_KNOTS('',2,(#7592,#7593,#7594),
  .UNSPECIFIED.,.F.,.F.,(3,3),(0.,1.),.PIECEWISE_BEZIER_KNOTS.);
#7592 = CARTESIAN_POINT('',(0.477353133782,1.034533947768,23.));
#7593 = CARTESIAN_POINT('',(0.406432744733,1.068980993878,23.));
#7594 = CARTESIAN_POINT('',(0.312997946462,1.112208659584,23.));
#7595 = ORIENTED_EDGE('',*,*,#7596,.F.);
#7596 = EDGE_CURVE('',#1821,#7589,#7597,.T.);
#7597 = LINE('',#7598,#7599);
#7598 = CARTESIAN_POINT('',(0.312997946462,1.112208659584,25.));
#7599 = VECTOR('',#7600,1.);
#7600 = DIRECTION('',(-0.,-0.,-1.));
#7601 = ORIENTED_EDGE('',*,*,#1820,.F.);
#7602 = SURFACE_OF_LINEAR_EXTRUSION('',#7603,#7607);
#7603 = B_SPLINE_CURVE_WITH_KNOTS('',2,(#7604,#7605,#7606),
  .UNSPECIFIED.,.F.,.F.,(3,3),(0.,1.),.PIECEWISE_BEZIER_KNOTS.);
#7604 = CARTESIAN_POINT('',(0.477353133782,1.034533947768,25.));
#7605 = CARTESIAN_POINT('',(0.406432744733,1.068980993878,25.));
#7606 = CARTESIAN_POINT('',(0.312997946462,1.112208659584,25.));
#7607 = VECTOR('',#7608,1.);
#7608 = DIRECTION('',(0.,0.,1.));
#7609 = ADVANCED_FACE('',(#7610),#7628,.T.);
#7610 = FACE_BOUND('',#7611,.T.);
#7611 = EDGE_LOOP('',(#7612,#7620,#7626,#7627));
#7612 = ORIENTED_EDGE('',*,*,#7613,.T.);
#7613 = EDGE_CURVE('',#2141,#7614,#7616,.T.);
#7614 = VERTEX_POINT('',#7615);
#7615 = CARTESIAN_POINT('',(-1.447178566507,1.177725590419,23.));
#7616 = LINE('',#7617,#7618);
#7617 = CARTESIAN_POINT('',(-1.447178566507,1.177725590419,25.));
#7618 = VECTOR('',#7619,1.);
#7619 = DIRECTION('',(-0.,-0.,-1.));
#7620 = ORIENTED_EDGE('',*,*,#7621,.T.);
#7621 = EDGE_CURVE('',#7614,#7562,#7622,.T.);
#7622 = B_SPLINE_CURVE_WITH_KNOTS('',2,(#7623,#7624,#7625),
  .UNSPECIFIED.,.F.,.F.,(3,3),(0.,1.),.PIECEWISE_BEZIER_KNOTS.);
#7623 = CARTESIAN_POINT('',(-1.447178566507,1.177725590419,23.));
#7624 = CARTESIAN_POINT('',(-1.360723235094,1.374501527019,23.));
#7625 = CARTESIAN_POINT('',(-1.192990886391,1.521070331053,23.));
#7626 = ORIENTED_EDGE('',*,*,#7561,.F.);
#7627 = ORIENTED_EDGE('',*,*,#2148,.F.);
#7628 = SURFACE_OF_LINEAR_EXTRUSION('',#7629,#7633);
#7629 = B_SPLINE_CURVE_WITH_KNOTS('',2,(#7630,#7631,#7632),
  .UNSPECIFIED.,.F.,.F.,(3,3),(0.,1.),.PIECEWISE_BEZIER_KNOTS.);
#7630 = CARTESIAN_POINT('',(-1.447178566507,1.177725590419,25.));
#7631 = CARTESIAN_POINT('',(-1.360723235094,1.374501527019,25.));
#7632 = CARTESIAN_POINT('',(-1.192990886391,1.521070331053,25.));
#7633 = VECTOR('',#7634,1.);
#7634 = DIRECTION('',(0.,0.,1.));
#7635 = ADVANCED_FACE('',(#7636),#7654,.T.);
#7636 = FACE_BOUND('',#7637,.T.);
#7637 = EDGE_LOOP('',(#7638,#7639,#7647,#7653));
#7638 = ORIENTED_EDGE('',*,*,#7596,.T.);
#7639 = ORIENTED_EDGE('',*,*,#7640,.T.);
#7640 = EDGE_CURVE('',#7589,#7641,#7643,.T.);
#7641 = VERTEX_POINT('',#7642);
#7642 = CARTESIAN_POINT('',(0.100236779315,1.189883371399,23.));
#7643 = B_SPLINE_CURVE_WITH_KNOTS('',2,(#7644,#7645,#7646),
  .UNSPECIFIED.,.F.,.F.,(3,3),(0.,1.),.PIECEWISE_BEZIER_KNOTS.);
#7644 = CARTESIAN_POINT('',(0.312997946462,1.112208659584,23.));
#7645 = CARTESIAN_POINT('',(0.219563148191,1.15543632529,23.));
#7646 = CARTESIAN_POINT('',(0.100236779315,1.189883371399,23.));
#7647 = ORIENTED_EDGE('',*,*,#7648,.F.);
#7648 = EDGE_CURVE('',#1829,#7641,#7649,.T.);
#7649 = LINE('',#7650,#7651);
#7650 = CARTESIAN_POINT('',(0.100236779315,1.189883371399,25.));
#7651 = VECTOR('',#7652,1.);
#7652 = DIRECTION('',(-0.,-0.,-1.));
#7653 = ORIENTED_EDGE('',*,*,#1828,.F.);
#7654 = SURFACE_OF_LINEAR_EXTRUSION('',#7655,#7659);
#7655 = B_SPLINE_CURVE_WITH_KNOTS('',2,(#7656,#7657,#7658),
  .UNSPECIFIED.,.F.,.F.,(3,3),(0.,1.),.PIECEWISE_BEZIER_KNOTS.);
#7656 = CARTESIAN_POINT('',(0.312997946462,1.112208659584,25.));
#7657 = CARTESIAN_POINT('',(0.219563148191,1.15543632529,25.));
#7658 = CARTESIAN_POINT('',(0.100236779315,1.189883371399,25.));
#7659 = VECTOR('',#7660,1.);
#7660 = DIRECTION('',(0.,0.,1.));
#7661 = ADVANCED_FACE('',(#7662),#7680,.T.);
#7662 = FACE_BOUND('',#7663,.T.);
#7663 = EDGE_LOOP('',(#7664,#7672,#7678,#7679));
#7664 = ORIENTED_EDGE('',*,*,#7665,.T.);
#7665 = EDGE_CURVE('',#2133,#7666,#7668,.T.);
#7666 = VERTEX_POINT('',#7667);
#7667 = CARTESIAN_POINT('',(-1.533633897919,0.763460460736,23.));
#7668 = LINE('',#7669,#7670);
#7669 = CARTESIAN_POINT('',(-1.533633897919,0.763460460736,25.));
#7670 = VECTOR('',#7671,1.);
#7671 = DIRECTION('',(-0.,-0.,-1.));
#7672 = ORIENTED_EDGE('',*,*,#7673,.T.);
#7673 = EDGE_CURVE('',#7666,#7614,#7674,.T.);
#7674 = B_SPLINE_CURVE_WITH_KNOTS('',2,(#7675,#7676,#7677),
  .UNSPECIFIED.,.F.,.F.,(3,3),(0.,1.),.PIECEWISE_BEZIER_KNOTS.);
#7675 = CARTESIAN_POINT('',(-1.533633897919,0.763460460736,23.));
#7676 = CARTESIAN_POINT('',(-1.533633897919,0.98094965382,23.));
#7677 = CARTESIAN_POINT('',(-1.447178566507,1.177725590419,23.));
#7678 = ORIENTED_EDGE('',*,*,#7613,.F.);
#7679 = ORIENTED_EDGE('',*,*,#2140,.F.);
#7680 = SURFACE_OF_LINEAR_EXTRUSION('',#7681,#7685);
#7681 = B_SPLINE_CURVE_WITH_KNOTS('',2,(#7682,#7683,#7684),
  .UNSPECIFIED.,.F.,.F.,(3,3),(0.,1.),.PIECEWISE_BEZIER_KNOTS.);
#7682 = CARTESIAN_POINT('',(-1.533633897919,0.763460460736,25.));
#7683 = CARTESIAN_POINT('',(-1.533633897919,0.98094965382,25.));
#7684 = CARTESIAN_POINT('',(-1.447178566507,1.177725590419,25.));
#7685 = VECTOR('',#7686,1.);
#7686 = DIRECTION('',(0.,0.,1.));
#7687 = ADVANCED_FACE('',(#7688),#7706,.T.);
#7688 = FACE_BOUND('',#7689,.T.);
#7689 = EDGE_LOOP('',(#7690,#7691,#7699,#7705));
#7690 = ORIENTED_EDGE('',*,*,#7648,.T.);
#7691 = ORIENTED_EDGE('',*,*,#7692,.T.);
#7692 = EDGE_CURVE('',#7641,#7693,#7695,.T.);
#7693 = VERTEX_POINT('',#7694);
#7694 = CARTESIAN_POINT('',(-0.181418480051,1.224330417509,23.));
#7695 = B_SPLINE_CURVE_WITH_KNOTS('',2,(#7696,#7697,#7698),
  .UNSPECIFIED.,.F.,.F.,(3,3),(0.,1.),.PIECEWISE_BEZIER_KNOTS.);
#7696 = CARTESIAN_POINT('',(0.100236779315,1.189883371399,23.));
#7697 = CARTESIAN_POINT('',(-1.886444546907E-02,1.224330417509,23.));
#7698 = CARTESIAN_POINT('',(-0.181418480051,1.224330417509,23.));
#7699 = ORIENTED_EDGE('',*,*,#7700,.F.);
#7700 = EDGE_CURVE('',#1837,#7693,#7701,.T.);
#7701 = LINE('',#7702,#7703);
#7702 = CARTESIAN_POINT('',(-0.181418480051,1.224330417509,25.));
#7703 = VECTOR('',#7704,1.);
#7704 = DIRECTION('',(-0.,-0.,-1.));
#7705 = ORIENTED_EDGE('',*,*,#1836,.F.);
#7706 = SURFACE_OF_LINEAR_EXTRUSION('',#7707,#7711);
#7707 = B_SPLINE_CURVE_WITH_KNOTS('',2,(#7708,#7709,#7710),
  .UNSPECIFIED.,.F.,.F.,(3,3),(0.,1.),.PIECEWISE_BEZIER_KNOTS.);
#7708 = CARTESIAN_POINT('',(0.100236779315,1.189883371399,25.));
#7709 = CARTESIAN_POINT('',(-1.886444546907E-02,1.224330417509,25.));
#7710 = CARTESIAN_POINT('',(-0.181418480051,1.224330417509,25.));
#7711 = VECTOR('',#7712,1.);
#7712 = DIRECTION('',(0.,0.,1.));
#7713 = ADVANCED_FACE('',(#7714),#7732,.T.);
#7714 = FACE_BOUND('',#7715,.T.);
#7715 = EDGE_LOOP('',(#7716,#7724,#7730,#7731));
#7716 = ORIENTED_EDGE('',*,*,#7717,.T.);
#7717 = EDGE_CURVE('',#2125,#7718,#7720,.T.);
#7718 = VERTEX_POINT('',#7719);
#7719 = CARTESIAN_POINT('',(-1.459336347486,0.363154264771,23.));
#7720 = LINE('',#7721,#7722);
#7721 = CARTESIAN_POINT('',(-1.459336347486,0.363154264771,25.));
#7722 = VECTOR('',#7723,1.);
#7723 = DIRECTION('',(-0.,-0.,-1.));
#7724 = ORIENTED_EDGE('',*,*,#7725,.T.);
#7725 = EDGE_CURVE('',#7718,#7666,#7726,.T.);
#7726 = B_SPLINE_CURVE_WITH_KNOTS('',2,(#7727,#7728,#7729),
  .UNSPECIFIED.,.F.,.F.,(3,3),(0.,1.),.PIECEWISE_BEZIER_KNOTS.);
#7727 = CARTESIAN_POINT('',(-1.459336347486,0.363154264771,23.));
#7728 = CARTESIAN_POINT('',(-1.533633897919,0.528860316644,23.));
#7729 = CARTESIAN_POINT('',(-1.533633897919,0.763460460736,23.));
#7730 = ORIENTED_EDGE('',*,*,#7665,.F.);
#7731 = ORIENTED_EDGE('',*,*,#2132,.F.);
#7732 = SURFACE_OF_LINEAR_EXTRUSION('',#7733,#7737);
#7733 = B_SPLINE_CURVE_WITH_KNOTS('',2,(#7734,#7735,#7736),
  .UNSPECIFIED.,.F.,.F.,(3,3),(0.,1.),.PIECEWISE_BEZIER_KNOTS.);
#7734 = CARTESIAN_POINT('',(-1.459336347486,0.363154264771,25.));
#7735 = CARTESIAN_POINT('',(-1.533633897919,0.528860316644,25.));
#7736 = CARTESIAN_POINT('',(-1.533633897919,0.763460460736,25.));
#7737 = VECTOR('',#7738,1.);
#7738 = DIRECTION('',(0.,0.,1.));
#7739 = ADVANCED_FACE('',(#7740),#7758,.T.);
#7740 = FACE_BOUND('',#7741,.T.);
#7741 = EDGE_LOOP('',(#7742,#7743,#7751,#7757));
#7742 = ORIENTED_EDGE('',*,*,#7700,.T.);
#7743 = ORIENTED_EDGE('',*,*,#7744,.T.);
#7744 = EDGE_CURVE('',#7693,#7745,#7747,.T.);
#7745 = VERTEX_POINT('',#7746);
#7746 = CARTESIAN_POINT('',(-0.579248091002,1.11693668552,23.));
#7747 = B_SPLINE_CURVE_WITH_KNOTS('',2,(#7748,#7749,#7750),
  .UNSPECIFIED.,.F.,.F.,(3,3),(0.,1.),.PIECEWISE_BEZIER_KNOTS.);
#7748 = CARTESIAN_POINT('',(-0.181418480051,1.224330417509,23.));
#7749 = CARTESIAN_POINT('',(-0.434030151521,1.224330417509,23.));
#7750 = CARTESIAN_POINT('',(-0.579248091002,1.11693668552,23.));
#7751 = ORIENTED_EDGE('',*,*,#7752,.F.);
#7752 = EDGE_CURVE('',#1845,#7745,#7753,.T.);
#7753 = LINE('',#7754,#7755);
#7754 = CARTESIAN_POINT('',(-0.579248091002,1.11693668552,25.));
#7755 = VECTOR('',#7756,1.);
#7756 = DIRECTION('',(-0.,-0.,-1.));
#7757 = ORIENTED_EDGE('',*,*,#1844,.F.);
#7758 = SURFACE_OF_LINEAR_EXTRUSION('',#7759,#7763);
#7759 = B_SPLINE_CURVE_WITH_KNOTS('',2,(#7760,#7761,#7762),
  .UNSPECIFIED.,.F.,.F.,(3,3),(0.,1.),.PIECEWISE_BEZIER_KNOTS.);
#7760 = CARTESIAN_POINT('',(-0.181418480051,1.224330417509,25.));
#7761 = CARTESIAN_POINT('',(-0.434030151521,1.224330417509,25.));
#7762 = CARTESIAN_POINT('',(-0.579248091002,1.11693668552,25.));
#7763 = VECTOR('',#7764,1.);
#7764 = DIRECTION('',(0.,0.,1.));
#7765 = ADVANCED_FACE('',(#7766),#7784,.T.);
#7766 = FACE_BOUND('',#7767,.T.);
#7767 = EDGE_LOOP('',(#7768,#7776,#7782,#7783));
#7768 = ORIENTED_EDGE('',*,*,#7769,.T.);
#7769 = EDGE_CURVE('',#2117,#7770,#7772,.T.);
#7770 = VERTEX_POINT('',#7771);
#7771 = CARTESIAN_POINT('',(-1.262335266795,8.352530223492E-02,23.));
#7772 = LINE('',#7773,#7774);
#7773 = CARTESIAN_POINT('',(-1.262335266795,8.352530223492E-02,25.));
#7774 = VECTOR('',#7775,1.);
#7775 = DIRECTION('',(-0.,-0.,-1.));
#7776 = ORIENTED_EDGE('',*,*,#7777,.T.);
#7777 = EDGE_CURVE('',#7770,#7718,#7778,.T.);
#7778 = B_SPLINE_CURVE_WITH_KNOTS('',2,(#7779,#7780,#7781),
  .UNSPECIFIED.,.F.,.F.,(3,3),(0.,1.),.PIECEWISE_BEZIER_KNOTS.);
#7779 = CARTESIAN_POINT('',(-1.262335266795,8.352530223492E-02,23.));
#7780 = CARTESIAN_POINT('',(-1.385038797054,0.197448212898,23.));
#7781 = CARTESIAN_POINT('',(-1.459336347486,0.363154264771,23.));
#7782 = ORIENTED_EDGE('',*,*,#7717,.F.);
#7783 = ORIENTED_EDGE('',*,*,#2124,.F.);
#7784 = SURFACE_OF_LINEAR_EXTRUSION('',#7785,#7789);
#7785 = B_SPLINE_CURVE_WITH_KNOTS('',2,(#7786,#7787,#7788),
  .UNSPECIFIED.,.F.,.F.,(3,3),(0.,1.),.PIECEWISE_BEZIER_KNOTS.);
#7786 = CARTESIAN_POINT('',(-1.262335266795,8.352530223492E-02,25.));
#7787 = CARTESIAN_POINT('',(-1.385038797054,0.197448212898,25.));
#7788 = CARTESIAN_POINT('',(-1.459336347486,0.363154264771,25.));
#7789 = VECTOR('',#7790,1.);
#7790 = DIRECTION('',(0.,0.,1.));
#7791 = ADVANCED_FACE('',(#7792),#7810,.T.);
#7792 = FACE_BOUND('',#7793,.T.);
#7793 = EDGE_LOOP('',(#7794,#7795,#7803,#7809));
#7794 = ORIENTED_EDGE('',*,*,#7752,.T.);
#7795 = ORIENTED_EDGE('',*,*,#7796,.T.);
#7796 = EDGE_CURVE('',#7745,#7797,#7799,.T.);
#7797 = VERTEX_POINT('',#7798);
#7798 = CARTESIAN_POINT('',(-0.724466030483,0.836407146615,23.));
#7799 = B_SPLINE_CURVE_WITH_KNOTS('',2,(#7800,#7801,#7802),
  .UNSPECIFIED.,.F.,.F.,(3,3),(0.,1.),.PIECEWISE_BEZIER_KNOTS.);
#7800 = CARTESIAN_POINT('',(-0.579248091002,1.11693668552,23.));
#7801 = CARTESIAN_POINT('',(-0.724466030483,1.009542953532,23.));
#7802 = CARTESIAN_POINT('',(-0.724466030483,0.836407146615,23.));
#7803 = ORIENTED_EDGE('',*,*,#7804,.F.);
#7804 = EDGE_CURVE('',#1853,#7797,#7805,.T.);
#7805 = LINE('',#7806,#7807);
#7806 = CARTESIAN_POINT('',(-0.724466030483,0.836407146615,25.));
#7807 = VECTOR('',#7808,1.);
#7808 = DIRECTION('',(-0.,-0.,-1.));
#7809 = ORIENTED_EDGE('',*,*,#1852,.F.);
#7810 = SURFACE_OF_LINEAR_EXTRUSION('',#7811,#7815);
#7811 = B_SPLINE_CURVE_WITH_KNOTS('',2,(#7812,#7813,#7814),
  .UNSPECIFIED.,.F.,.F.,(3,3),(0.,1.),.PIECEWISE_BEZIER_KNOTS.);
#7812 = CARTESIAN_POINT('',(-0.579248091002,1.11693668552,25.));
#7813 = CARTESIAN_POINT('',(-0.724466030483,1.009542953532,25.));
#7814 = CARTESIAN_POINT('',(-0.724466030483,0.836407146615,25.));
#7815 = VECTOR('',#7816,1.);
#7816 = DIRECTION('',(0.,0.,1.));
#7817 = ADVANCED_FACE('',(#7818),#7836,.T.);
#7818 = FACE_BOUND('',#7819,.T.);
#7819 = EDGE_LOOP('',(#7820,#7828,#7834,#7835));
#7820 = ORIENTED_EDGE('',*,*,#7821,.T.);
#7821 = EDGE_CURVE('',#2109,#7822,#7824,.T.);
#7822 = VERTEX_POINT('',#7823);
#7823 = CARTESIAN_POINT('',(-0.982030871982,-0.10469515886,23.));
#7824 = LINE('',#7825,#7826);
#7825 = CARTESIAN_POINT('',(-0.982030871982,-0.10469515886,25.));
#7826 = VECTOR('',#7827,1.);
#7827 = DIRECTION('',(-0.,-0.,-1.));
#7828 = ORIENTED_EDGE('',*,*,#7829,.T.);
#7829 = EDGE_CURVE('',#7822,#7770,#7830,.T.);
#7830 = B_SPLINE_CURVE_WITH_KNOTS('',2,(#7831,#7832,#7833),
  .UNSPECIFIED.,.F.,.F.,(3,3),(0.,1.),.PIECEWISE_BEZIER_KNOTS.);
#7831 = CARTESIAN_POINT('',(-0.982030871982,-0.10469515886,23.));
#7832 = CARTESIAN_POINT('',(-1.139406592443,-3.03976084279E-02,23.));
#7833 = CARTESIAN_POINT('',(-1.262335266795,8.352530223492E-02,23.));
#7834 = ORIENTED_EDGE('',*,*,#7769,.F.);
#7835 = ORIENTED_EDGE('',*,*,#2116,.F.);
#7836 = SURFACE_OF_LINEAR_EXTRUSION('',#7837,#7841);
#7837 = B_SPLINE_CURVE_WITH_KNOTS('',2,(#7838,#7839,#7840),
  .UNSPECIFIED.,.F.,.F.,(3,3),(0.,1.),.PIECEWISE_BEZIER_KNOTS.);
#7838 = CARTESIAN_POINT('',(-0.982030871982,-0.10469515886,25.));
#7839 = CARTESIAN_POINT('',(-1.139406592443,-3.03976084279E-02,25.));
#7840 = CARTESIAN_POINT('',(-1.262335266795,8.352530223492E-02,25.));
#7841 = VECTOR('',#7842,1.);
#7842 = DIRECTION('',(0.,0.,1.));
#7843 = ADVANCED_FACE('',(#7844),#7862,.T.);
#7844 = FACE_BOUND('',#7845,.T.);
#7845 = EDGE_LOOP('',(#7846,#7847,#7855,#7861));
#7846 = ORIENTED_EDGE('',*,*,#7804,.T.);
#7847 = ORIENTED_EDGE('',*,*,#7848,.T.);
#7848 = EDGE_CURVE('',#7797,#7849,#7851,.T.);
#7849 = VERTEX_POINT('',#7850);
#7850 = CARTESIAN_POINT('',(-0.650168480051,0.644359235953,23.));
#7851 = B_SPLINE_CURVE_WITH_KNOTS('',2,(#7852,#7853,#7854),
  .UNSPECIFIED.,.F.,.F.,(3,3),(0.,1.),.PIECEWISE_BEZIER_KNOTS.);
#7852 = CARTESIAN_POINT('',(-0.724466030483,0.836407146615,23.));
#7853 = CARTESIAN_POINT('',(-0.724466030483,0.72225909186,23.));
#7854 = CARTESIAN_POINT('',(-0.650168480051,0.644359235953,23.));
#7855 = ORIENTED_EDGE('',*,*,#7856,.F.);
#7856 = EDGE_CURVE('',#1861,#7849,#7857,.T.);
#7857 = LINE('',#7858,#7859);
#7858 = CARTESIAN_POINT('',(-0.650168480051,0.644359235953,25.));
#7859 = VECTOR('',#7860,1.);
#7860 = DIRECTION('',(-0.,-0.,-1.));
#7861 = ORIENTED_EDGE('',*,*,#1860,.F.);
#7862 = SURFACE_OF_LINEAR_EXTRUSION('',#7863,#7867);
#7863 = B_SPLINE_CURVE_WITH_KNOTS('',2,(#7864,#7865,#7866),
  .UNSPECIFIED.,.F.,.F.,(3,3),(0.,1.),.PIECEWISE_BEZIER_KNOTS.);
#7864 = CARTESIAN_POINT('',(-0.724466030483,0.836407146615,25.));
#7865 = CARTESIAN_POINT('',(-0.724466030483,0.72225909186,25.));
#7866 = CARTESIAN_POINT('',(-0.650168480051,0.644359235953,25.));
#7867 = VECTOR('',#7868,1.);
#7868 = DIRECTION('',(0.,0.,1.));
#7869 = ADVANCED_FACE('',(#7870),#7888,.T.);
#7870 = FACE_BOUND('',#7871,.T.);
#7871 = EDGE_LOOP('',(#7872,#7880,#7886,#7887));
#7872 = ORIENTED_EDGE('',*,*,#7873,.T.);
#7873 = EDGE_CURVE('',#2101,#7874,#7876,.T.);
#7874 = VERTEX_POINT('',#7875);
#7875 = CARTESIAN_POINT('',(-0.660525108293,-0.234153011886,23.));
#7876 = LINE('',#7877,#7878);
#7877 = CARTESIAN_POINT('',(-0.660525108293,-0.234153011886,25.));
#7878 = VECTOR('',#7879,1.);
#7879 = DIRECTION('',(-0.,-0.,-1.));
#7880 = ORIENTED_EDGE('',*,*,#7881,.T.);
#7881 = EDGE_CURVE('',#7874,#7822,#7882,.T.);
#7882 = B_SPLINE_CURVE_WITH_KNOTS('',2,(#7883,#7884,#7885),
  .UNSPECIFIED.,.F.,.F.,(3,3),(0.,1.),.PIECEWISE_BEZIER_KNOTS.);
#7883 = CARTESIAN_POINT('',(-0.660525108293,-0.234153011886,23.));
#7884 = CARTESIAN_POINT('',(-0.824655151521,-0.1787675652,23.));
#7885 = CARTESIAN_POINT('',(-0.982030871982,-0.10469515886,23.));
#7886 = ORIENTED_EDGE('',*,*,#7821,.F.);
#7887 = ORIENTED_EDGE('',*,*,#2108,.F.);
#7888 = SURFACE_OF_LINEAR_EXTRUSION('',#7889,#7893);
#7889 = B_SPLINE_CURVE_WITH_KNOTS('',2,(#7890,#7891,#7892),
  .UNSPECIFIED.,.F.,.F.,(3,3),(0.,1.),.PIECEWISE_BEZIER_KNOTS.);
#7890 = CARTESIAN_POINT('',(-0.660525108293,-0.234153011886,25.));
#7891 = CARTESIAN_POINT('',(-0.824655151521,-0.1787675652,25.));
#7892 = CARTESIAN_POINT('',(-0.982030871982,-0.10469515886,25.));
#7893 = VECTOR('',#7894,1.);
#7894 = DIRECTION('',(0.,0.,1.));
#7895 = ADVANCED_FACE('',(#7896),#7914,.T.);
#7896 = FACE_BOUND('',#7897,.T.);
#7897 = EDGE_LOOP('',(#7898,#7899,#7907,#7913));
#7898 = ORIENTED_EDGE('',*,*,#7856,.T.);
#7899 = ORIENTED_EDGE('',*,*,#7900,.T.);
#7900 = EDGE_CURVE('',#7849,#7901,#7903,.T.);
#7901 = VERTEX_POINT('',#7902);
#7902 = CARTESIAN_POINT('',(-0.452942255267,0.507471627883,23.));
#7903 = B_SPLINE_CURVE_WITH_KNOTS('',2,(#7904,#7905,#7906),
  .UNSPECIFIED.,.F.,.F.,(3,3),(0.,1.),.PIECEWISE_BEZIER_KNOTS.);
#7904 = CARTESIAN_POINT('',(-0.650168480051,0.644359235953,23.));
#7905 = CARTESIAN_POINT('',(-0.575645785527,0.566459380045,23.));
#7906 = CARTESIAN_POINT('',(-0.452942255267,0.507471627883,23.));
#7907 = ORIENTED_EDGE('',*,*,#7908,.F.);
#7908 = EDGE_CURVE('',#1869,#7901,#7909,.T.);
#7909 = LINE('',#7910,#7911);
#7910 = CARTESIAN_POINT('',(-0.452942255267,0.507471627883,25.));
#7911 = VECTOR('',#7912,1.);
#7912 = DIRECTION('',(-0.,-0.,-1.));
#7913 = ORIENTED_EDGE('',*,*,#1868,.F.);
#7914 = SURFACE_OF_LINEAR_EXTRUSION('',#7915,#7919);
#7915 = B_SPLINE_CURVE_WITH_KNOTS('',2,(#7916,#7917,#7918),
  .UNSPECIFIED.,.F.,.F.,(3,3),(0.,1.),.PIECEWISE_BEZIER_KNOTS.);
#7916 = CARTESIAN_POINT('',(-0.650168480051,0.644359235953,25.));
#7917 = CARTESIAN_POINT('',(-0.575645785527,0.566459380045,25.));
#7918 = CARTESIAN_POINT('',(-0.452942255267,0.507471627883,25.));
#7919 = VECTOR('',#7920,1.);
#7920 = DIRECTION('',(0.,0.,1.));
#7921 = ADVANCED_FACE('',(#7922),#7940,.T.);
#7922 = FACE_BOUND('',#7923,.T.);
#7923 = EDGE_LOOP('',(#7924,#7932,#7938,#7939));
#7924 = ORIENTED_EDGE('',*,*,#7925,.T.);
#7925 = EDGE_CURVE('',#2093,#7926,#7928,.T.);
#7926 = VERTEX_POINT('',#7927);
#7927 = CARTESIAN_POINT('',(-0.338794200512,-0.335918141569,23.));
#7928 = LINE('',#7929,#7930);
#7929 = CARTESIAN_POINT('',(-0.338794200512,-0.335918141569,25.));
#7930 = VECTOR('',#7931,1.);
#7931 = DIRECTION('',(-0.,-0.,-1.));
#7932 = ORIENTED_EDGE('',*,*,#7933,.T.);
#7933 = EDGE_CURVE('',#7926,#7874,#7934,.T.);
#7934 = B_SPLINE_CURVE_WITH_KNOTS('',2,(#7935,#7936,#7937),
  .UNSPECIFIED.,.F.,.F.,(3,3),(0.,1.),.PIECEWISE_BEZIER_KNOTS.);
#7935 = CARTESIAN_POINT('',(-0.338794200512,-0.335918141569,23.));
#7936 = CARTESIAN_POINT('',(-0.496169920973,-0.28931331448,23.));
#7937 = CARTESIAN_POINT('',(-0.660525108293,-0.234153011886,23.));
#7938 = ORIENTED_EDGE('',*,*,#7873,.F.);
#7939 = ORIENTED_EDGE('',*,*,#2100,.F.);
#7940 = SURFACE_OF_LINEAR_EXTRUSION('',#7941,#7945);
#7941 = B_SPLINE_CURVE_WITH_KNOTS('',2,(#7942,#7943,#7944),
  .UNSPECIFIED.,.F.,.F.,(3,3),(0.,1.),.PIECEWISE_BEZIER_KNOTS.);
#7942 = CARTESIAN_POINT('',(-0.338794200512,-0.335918141569,25.));
#7943 = CARTESIAN_POINT('',(-0.496169920973,-0.28931331448,25.));
#7944 = CARTESIAN_POINT('',(-0.660525108293,-0.234153011886,25.));
#7945 = VECTOR('',#7946,1.);
#7946 = DIRECTION('',(0.,0.,1.));
#7947 = ADVANCED_FACE('',(#7948),#7966,.T.);
#7948 = FACE_BOUND('',#7949,.T.);
#7949 = EDGE_LOOP('',(#7950,#7951,#7959,#7965));
#7950 = ORIENTED_EDGE('',*,*,#7908,.T.);
#7951 = ORIENTED_EDGE('',*,*,#7952,.T.);
#7952 = EDGE_CURVE('',#7901,#7953,#7955,.T.);
#7953 = VERTEX_POINT('',#7954);
#7954 = CARTESIAN_POINT('',(-0.174664157285,0.401879048633,23.));
#7955 = B_SPLINE_CURVE_WITH_KNOTS('',2,(#7956,#7957,#7958),
  .UNSPECIFIED.,.F.,.F.,(3,3),(0.,1.),.PIECEWISE_BEZIER_KNOTS.);
#7956 = CARTESIAN_POINT('',(-0.452942255267,0.507471627883,23.));
#7957 = CARTESIAN_POINT('',(-0.330238725008,0.448709019814,23.));
#7958 = CARTESIAN_POINT('',(-0.174664157285,0.401879048633,23.));
#7959 = ORIENTED_EDGE('',*,*,#7960,.F.);
#7960 = EDGE_CURVE('',#1877,#7953,#7961,.T.);
#7961 = LINE('',#7962,#7963);
#7962 = CARTESIAN_POINT('',(-0.174664157285,0.401879048633,25.));
#7963 = VECTOR('',#7964,1.);
#7964 = DIRECTION('',(-0.,-0.,-1.));
#7965 = ORIENTED_EDGE('',*,*,#1876,.F.);
#7966 = SURFACE_OF_LINEAR_EXTRUSION('',#7967,#7971);
#7967 = B_SPLINE_CURVE_WITH_KNOTS('',2,(#7968,#7969,#7970),
  .UNSPECIFIED.,.F.,.F.,(3,3),(0.,1.),.PIECEWISE_BEZIER_KNOTS.);
#7968 = CARTESIAN_POINT('',(-0.452942255267,0.507471627883,25.));
#7969 = CARTESIAN_POINT('',(-0.330238725008,0.448709019814,25.));
#7970 = CARTESIAN_POINT('',(-0.174664157285,0.401879048633,25.));
#7971 = VECTOR('',#7972,1.);
#7972 = DIRECTION('',(0.,0.,1.));
#7973 = ADVANCED_FACE('',(#7974),#7992,.T.);
#7974 = FACE_BOUND('',#7975,.T.);
#7975 = EDGE_LOOP('',(#7976,#7984,#7990,#7991));
#7976 = ORIENTED_EDGE('',*,*,#7977,.T.);
#7977 = EDGE_CURVE('',#2085,#7978,#7980,.T.);
#7978 = VERTEX_POINT('',#7979);
#7979 = CARTESIAN_POINT('',(-5.871494979183E-02,-0.441285576728,23.));
#7980 = LINE('',#7981,#7982);
#7981 = CARTESIAN_POINT('',(-5.871494979183E-02,-0.441285576728,25.));
#7982 = VECTOR('',#7983,1.);
#7983 = DIRECTION('',(-0.,-0.,-1.));
#7984 = ORIENTED_EDGE('',*,*,#7985,.T.);
#7985 = EDGE_CURVE('',#7978,#7926,#7986,.T.);
#7986 = B_SPLINE_CURVE_WITH_KNOTS('',2,(#7987,#7988,#7989),
  .UNSPECIFIED.,.F.,.F.,(3,3),(0.,1.),.PIECEWISE_BEZIER_KNOTS.);
#7987 = CARTESIAN_POINT('',(-5.871494979183E-02,-0.441285576728,23.));
#7988 = CARTESIAN_POINT('',(-0.181418480051,-0.382522968658,23.));
#7989 = CARTESIAN_POINT('',(-0.338794200512,-0.335918141569,23.));
#7990 = ORIENTED_EDGE('',*,*,#7925,.F.);
#7991 = ORIENTED_EDGE('',*,*,#2092,.F.);
#7992 = SURFACE_OF_LINEAR_EXTRUSION('',#7993,#7997);
#7993 = B_SPLINE_CURVE_WITH_KNOTS('',2,(#7994,#7995,#7996),
  .UNSPECIFIED.,.F.,.F.,(3,3),(0.,1.),.PIECEWISE_BEZIER_KNOTS.);
#7994 = CARTESIAN_POINT('',(-5.871494979183E-02,-0.441285576728,25.));
#7995 = CARTESIAN_POINT('',(-0.181418480051,-0.382522968658,25.));
#7996 = CARTESIAN_POINT('',(-0.338794200512,-0.335918141569,25.));
#7997 = VECTOR('',#7998,1.);
#7998 = DIRECTION('',(0.,0.,1.));
#7999 = ADVANCED_FACE('',(#8000),#8018,.T.);
#8000 = FACE_BOUND('',#8001,.T.);
#8001 = EDGE_LOOP('',(#8002,#8003,#8011,#8017));
#8002 = ORIENTED_EDGE('',*,*,#7960,.T.);
#8003 = ORIENTED_EDGE('',*,*,#8004,.T.);
#8004 = EDGE_CURVE('',#7953,#8005,#8007,.T.);
#8005 = VERTEX_POINT('',#8006);
#8006 = CARTESIAN_POINT('',(0.143464445021,0.299663630765,23.));
#8007 = B_SPLINE_CURVE_WITH_KNOTS('',2,(#8008,#8009,#8010),
  .UNSPECIFIED.,.F.,.F.,(3,3),(0.,1.),.PIECEWISE_BEZIER_KNOTS.);
#8008 = CARTESIAN_POINT('',(-0.174664157285,0.401879048633,23.));
#8009 = CARTESIAN_POINT('',(-1.886444546907E-02,0.355274221543,23.));
#8010 = CARTESIAN_POINT('',(0.143464445021,0.299663630765,23.));
#8011 = ORIENTED_EDGE('',*,*,#8012,.F.);
#8012 = EDGE_CURVE('',#1885,#8005,#8013,.T.);
#8013 = LINE('',#8014,#8015);
#8014 = CARTESIAN_POINT('',(0.143464445021,0.299663630765,25.));
#8015 = VECTOR('',#8016,1.);
#8016 = DIRECTION('',(-0.,-0.,-1.));
#8017 = ORIENTED_EDGE('',*,*,#1884,.F.);
#8018 = SURFACE_OF_LINEAR_EXTRUSION('',#8019,#8023);
#8019 = B_SPLINE_CURVE_WITH_KNOTS('',2,(#8020,#8021,#8022),
  .UNSPECIFIED.,.F.,.F.,(3,3),(0.,1.),.PIECEWISE_BEZIER_KNOTS.);
#8020 = CARTESIAN_POINT('',(-0.174664157285,0.401879048633,25.));
#8021 = CARTESIAN_POINT('',(-1.886444546907E-02,0.355274221543,25.));
#8022 = CARTESIAN_POINT('',(0.143464445021,0.299663630765,25.));
#8023 = VECTOR('',#8024,1.);
#8024 = DIRECTION('',(0.,0.,1.));
#8025 = ADVANCED_FACE('',(#8026),#8044,.T.);
#8026 = FACE_BOUND('',#8027,.T.);
#8027 = EDGE_LOOP('',(#8028,#8036,#8042,#8043));
#8028 = ORIENTED_EDGE('',*,*,#8029,.T.);
#8029 = EDGE_CURVE('',#2077,#8030,#8032,.T.);
#8030 = VERTEX_POINT('',#8031);
#8031 = CARTESIAN_POINT('',(0.1382861309,-0.579298905258,23.));
#8032 = LINE('',#8033,#8034);
#8033 = CARTESIAN_POINT('',(0.1382861309,-0.579298905258,25.));
#8034 = VECTOR('',#8035,1.);
#8035 = DIRECTION('',(-0.,-0.,-1.));
#8036 = ORIENTED_EDGE('',*,*,#8037,.T.);
#8037 = EDGE_CURVE('',#8030,#7978,#8038,.T.);
#8038 = B_SPLINE_CURVE_WITH_KNOTS('',2,(#8039,#8040,#8041),
  .UNSPECIFIED.,.F.,.F.,(3,3),(0.,1.),.PIECEWISE_BEZIER_KNOTS.);
#8039 = CARTESIAN_POINT('',(0.1382861309,-0.579298905258,23.));
#8040 = CARTESIAN_POINT('',(6.398858046753E-02,-0.499823040705,23.));
#8041 = CARTESIAN_POINT('',(-5.871494979183E-02,-0.441285576728,23.));
#8042 = ORIENTED_EDGE('',*,*,#7977,.F.);
#8043 = ORIENTED_EDGE('',*,*,#2084,.F.);
#8044 = SURFACE_OF_LINEAR_EXTRUSION('',#8045,#8049);
#8045 = B_SPLINE_CURVE_WITH_KNOTS('',2,(#8046,#8047,#8048),
  .UNSPECIFIED.,.F.,.F.,(3,3),(0.,1.),.PIECEWISE_BEZIER_KNOTS.);
#8046 = CARTESIAN_POINT('',(0.1382861309,-0.579298905258,25.));
#8047 = CARTESIAN_POINT('',(6.398858046753E-02,-0.499823040705,25.));
#8048 = CARTESIAN_POINT('',(-5.871494979183E-02,-0.441285576728,25.));
#8049 = VECTOR('',#8050,1.);
#8050 = DIRECTION('',(0.,0.,1.));
#8051 = ADVANCED_FACE('',(#8052),#8070,.T.);
#8052 = FACE_BOUND('',#8053,.T.);
#8053 = EDGE_LOOP('',(#8054,#8055,#8063,#8069));
#8054 = ORIENTED_EDGE('',*,*,#8012,.T.);
#8055 = ORIENTED_EDGE('',*,*,#8056,.T.);
#8056 = EDGE_CURVE('',#8005,#8057,#8059,.T.);
#8057 = VERTEX_POINT('',#8058);
#8058 = CARTESIAN_POINT('',(0.461593047326,0.17335779503,23.));
#8059 = B_SPLINE_CURVE_WITH_KNOTS('',2,(#8060,#8061,#8062),
  .UNSPECIFIED.,.F.,.F.,(3,3),(0.,1.),.PIECEWISE_BEZIER_KNOTS.);
#8060 = CARTESIAN_POINT('',(0.143464445021,0.299663630765,23.));
#8061 = CARTESIAN_POINT('',(0.306018479603,0.244278184079,23.));
#8062 = CARTESIAN_POINT('',(0.461593047326,0.17335779503,23.));
#8063 = ORIENTED_EDGE('',*,*,#8064,.F.);
#8064 = EDGE_CURVE('',#1893,#8057,#8065,.T.);
#8065 = LINE('',#8066,#8067);
#8066 = CARTESIAN_POINT('',(0.461593047326,0.17335779503,25.));
#8067 = VECTOR('',#8068,1.);
#8068 = DIRECTION('',(-0.,-0.,-1.));
#8069 = ORIENTED_EDGE('',*,*,#1892,.F.);
#8070 = SURFACE_OF_LINEAR_EXTRUSION('',#8071,#8075);
#8071 = B_SPLINE_CURVE_WITH_KNOTS('',2,(#8072,#8073,#8074),
  .UNSPECIFIED.,.F.,.F.,(3,3),(0.,1.),.PIECEWISE_BEZIER_KNOTS.);
#8072 = CARTESIAN_POINT('',(0.143464445021,0.299663630765,25.));
#8073 = CARTESIAN_POINT('',(0.306018479603,0.244278184079,25.));
#8074 = CARTESIAN_POINT('',(0.461593047326,0.17335779503,25.));
#8075 = VECTOR('',#8076,1.);
#8076 = DIRECTION('',(0.,0.,1.));
#8077 = ADVANCED_FACE('',(#8078),#8096,.T.);
#8078 = FACE_BOUND('',#8079,.T.);
#8079 = EDGE_LOOP('',(#8080,#8088,#8094,#8095));
#8080 = ORIENTED_EDGE('',*,*,#8081,.T.);
#8081 = EDGE_CURVE('',#2069,#8082,#8084,.T.);
#8082 = VERTEX_POINT('',#8083);
#8083 = CARTESIAN_POINT('',(0.212808825424,-0.782829164624,23.));
#8084 = LINE('',#8085,#8086);
#8085 = CARTESIAN_POINT('',(0.212808825424,-0.782829164624,25.));
#8086 = VECTOR('',#8087,1.);
#8087 = DIRECTION('',(-0.,-0.,-1.));
#8088 = ORIENTED_EDGE('',*,*,#8089,.T.);
#8089 = EDGE_CURVE('',#8082,#8030,#8090,.T.);
#8090 = B_SPLINE_CURVE_WITH_KNOTS('',2,(#8091,#8092,#8093),
  .UNSPECIFIED.,.F.,.F.,(3,3),(0.,1.),.PIECEWISE_BEZIER_KNOTS.);
#8091 = CARTESIAN_POINT('',(0.212808825424,-0.782829164624,23.));
#8092 = CARTESIAN_POINT('',(0.212808825424,-0.658549625719,23.));
#8093 = CARTESIAN_POINT('',(0.1382861309,-0.579298905258,23.));
#8094 = ORIENTED_EDGE('',*,*,#8029,.F.);
#8095 = ORIENTED_EDGE('',*,*,#2076,.F.);
#8096 = SURFACE_OF_LINEAR_EXTRUSION('',#8097,#8101);
#8097 = B_SPLINE_CURVE_WITH_KNOTS('',2,(#8098,#8099,#8100),
  .UNSPECIFIED.,.F.,.F.,(3,3),(0.,1.),.PIECEWISE_BEZIER_KNOTS.);
#8098 = CARTESIAN_POINT('',(0.212808825424,-0.782829164624,25.));
#8099 = CARTESIAN_POINT('',(0.212808825424,-0.658549625719,25.));
#8100 = CARTESIAN_POINT('',(0.1382861309,-0.579298905258,25.));
#8101 = VECTOR('',#8102,1.);
#8102 = DIRECTION('',(0.,0.,1.));
#8103 = ADVANCED_FACE('',(#8104),#8122,.T.);
#8104 = FACE_BOUND('',#8105,.T.);
#8105 = EDGE_LOOP('',(#8106,#8107,#8115,#8121));
#8106 = ORIENTED_EDGE('',*,*,#8064,.T.);
#8107 = ORIENTED_EDGE('',*,*,#8108,.T.);
#8108 = EDGE_CURVE('',#8057,#8109,#8111,.T.);
#8109 = VERTEX_POINT('',#8110);
#8110 = CARTESIAN_POINT('',(0.740096289401,-6.757478744905E-03,23.));
#8111 = B_SPLINE_CURVE_WITH_KNOTS('',2,(#8112,#8113,#8114),
  .UNSPECIFIED.,.F.,.F.,(3,3),(0.,1.),.PIECEWISE_BEZIER_KNOTS.);
#8112 = CARTESIAN_POINT('',(0.461593047326,0.17335779503,23.));
#8113 = CARTESIAN_POINT('',(0.617392759142,0.102437405981,23.));
#8114 = CARTESIAN_POINT('',(0.740096289401,-6.757478744905E-03,23.));
#8115 = ORIENTED_EDGE('',*,*,#8116,.F.);
#8116 = EDGE_CURVE('',#1901,#8109,#8117,.T.);
#8117 = LINE('',#8118,#8119);
#8118 = CARTESIAN_POINT('',(0.740096289401,-6.757478744905E-03,25.));
#8119 = VECTOR('',#8120,1.);
#8120 = DIRECTION('',(-0.,-0.,-1.));
#8121 = ORIENTED_EDGE('',*,*,#1900,.F.);
#8122 = SURFACE_OF_LINEAR_EXTRUSION('',#8123,#8127);
#8123 = B_SPLINE_CURVE_WITH_KNOTS('',2,(#8124,#8125,#8126),
  .UNSPECIFIED.,.F.,.F.,(3,3),(0.,1.),.PIECEWISE_BEZIER_KNOTS.);
#8124 = CARTESIAN_POINT('',(0.461593047326,0.17335779503,25.));
#8125 = CARTESIAN_POINT('',(0.617392759142,0.102437405981,25.));
#8126 = CARTESIAN_POINT('',(0.740096289401,-6.757478744905E-03,25.));
#8127 = VECTOR('',#8128,1.);
#8128 = DIRECTION('',(0.,0.,1.));
#8129 = ADVANCED_FACE('',(#8130),#8148,.T.);
#8130 = FACE_BOUND('',#8131,.T.);
#8131 = EDGE_LOOP('',(#8132,#8140,#8146,#8147));
#8132 = ORIENTED_EDGE('',*,*,#8133,.T.);
#8133 = EDGE_CURVE('',#2061,#8134,#8136,.T.);
#8134 = VERTEX_POINT('',#8135);
#8135 = CARTESIAN_POINT('',(0.17993778796,-0.943356902376,23.));
#8136 = LINE('',#8137,#8138);
#8137 = CARTESIAN_POINT('',(0.17993778796,-0.943356902376,25.));
#8138 = VECTOR('',#8139,1.);
#8139 = DIRECTION('',(-0.,-0.,-1.));
#8140 = ORIENTED_EDGE('',*,*,#8141,.T.);
#8141 = EDGE_CURVE('',#8134,#8082,#8142,.T.);
#8142 = B_SPLINE_CURVE_WITH_KNOTS('',2,(#8143,#8144,#8145),
  .UNSPECIFIED.,.F.,.F.,(3,3),(0.,1.),.PIECEWISE_BEZIER_KNOTS.);
#8143 = CARTESIAN_POINT('',(0.17993778796,-0.943356902376,23.));
#8144 = CARTESIAN_POINT('',(0.212808825424,-0.86568219056,23.));
#8145 = CARTESIAN_POINT('',(0.212808825424,-0.782829164624,23.));
#8146 = ORIENTED_EDGE('',*,*,#8081,.F.);
#8147 = ORIENTED_EDGE('',*,*,#2068,.F.);
#8148 = SURFACE_OF_LINEAR_EXTRUSION('',#8149,#8153);
#8149 = B_SPLINE_CURVE_WITH_KNOTS('',2,(#8150,#8151,#8152),
  .UNSPECIFIED.,.F.,.F.,(3,3),(0.,1.),.PIECEWISE_BEZIER_KNOTS.);
#8150 = CARTESIAN_POINT('',(0.17993778796,-0.943356902376,25.));
#8151 = CARTESIAN_POINT('',(0.212808825424,-0.86568219056,25.));
#8152 = CARTESIAN_POINT('',(0.212808825424,-0.782829164624,25.));
#8153 = VECTOR('',#8154,1.);
#8154 = DIRECTION('',(0.,0.,1.));
#8155 = ADVANCED_FACE('',(#8156),#8174,.T.);
#8156 = FACE_BOUND('',#8157,.T.);
#8157 = EDGE_LOOP('',(#8158,#8159,#8167,#8173));
#8158 = ORIENTED_EDGE('',*,*,#8116,.T.);
#8159 = ORIENTED_EDGE('',*,*,#8160,.T.);
#8160 = EDGE_CURVE('',#8109,#8161,#8163,.T.);
#8161 = VERTEX_POINT('',#8162);
#8162 = CARTESIAN_POINT('',(0.937097370093,-0.268149769811,23.));
#8163 = B_SPLINE_CURVE_WITH_KNOTS('',2,(#8164,#8165,#8166),
  .UNSPECIFIED.,.F.,.F.,(3,3),(0.,1.),.PIECEWISE_BEZIER_KNOTS.);
#8164 = CARTESIAN_POINT('',(0.740096289401,-6.757478744905E-03,23.));
#8165 = CARTESIAN_POINT('',(0.862799819661,-0.115727219379,23.));
#8166 = CARTESIAN_POINT('',(0.937097370093,-0.268149769811,23.));
#8167 = ORIENTED_EDGE('',*,*,#8168,.F.);
#8168 = EDGE_CURVE('',#1909,#8161,#8169,.T.);
#8169 = LINE('',#8170,#8171);
#8170 = CARTESIAN_POINT('',(0.937097370093,-0.268149769811,25.));
#8171 = VECTOR('',#8172,1.);
#8172 = DIRECTION('',(-0.,-0.,-1.));
#8173 = ORIENTED_EDGE('',*,*,#1908,.F.);
#8174 = SURFACE_OF_LINEAR_EXTRUSION('',#8175,#8179);
#8175 = B_SPLINE_CURVE_WITH_KNOTS('',2,(#8176,#8177,#8178),
  .UNSPECIFIED.,.F.,.F.,(3,3),(0.,1.),.PIECEWISE_BEZIER_KNOTS.);
#8176 = CARTESIAN_POINT('',(0.740096289401,-6.757478744905E-03,25.));
#8177 = CARTESIAN_POINT('',(0.862799819661,-0.115727219379,25.));
#8178 = CARTESIAN_POINT('',(0.937097370093,-0.268149769811,25.));
#8179 = VECTOR('',#8180,1.);
#8180 = DIRECTION('',(0.,0.,1.));
#8181 = ADVANCED_FACE('',(#8182),#8200,.T.);
#8182 = FACE_BOUND('',#8183,.T.);
#8183 = EDGE_LOOP('',(#8184,#8192,#8198,#8199));
#8184 = ORIENTED_EDGE('',*,*,#8185,.T.);
#8185 = EDGE_CURVE('',#2053,#8186,#8188,.T.);
#8186 = VERTEX_POINT('',#8187);
#8187 = CARTESIAN_POINT('',(7.614636144736E-02,-1.079794222261,23.));
#8188 = LINE('',#8189,#8190);
#8189 = CARTESIAN_POINT('',(7.614636144736E-02,-1.079794222261,25.));
#8190 = VECTOR('',#8191,1.);
#8191 = DIRECTION('',(-0.,-0.,-1.));
#8192 = ORIENTED_EDGE('',*,*,#8193,.T.);
#8193 = EDGE_CURVE('',#8186,#8134,#8194,.T.);
#8194 = B_SPLINE_CURVE_WITH_KNOTS('',2,(#8195,#8196,#8197),
  .UNSPECIFIED.,.F.,.F.,(3,3),(0.,1.),.PIECEWISE_BEZIER_KNOTS.);
#8195 = CARTESIAN_POINT('',(7.614636144736E-02,-1.079794222261,23.));
#8196 = CARTESIAN_POINT('',(0.147066750496,-1.021031614192,23.));
#8197 = CARTESIAN_POINT('',(0.17993778796,-0.943356902376,23.));
#8198 = ORIENTED_EDGE('',*,*,#8133,.F.);
#8199 = ORIENTED_EDGE('',*,*,#2060,.F.);
#8200 = SURFACE_OF_LINEAR_EXTRUSION('',#8201,#8205);
#8201 = B_SPLINE_CURVE_WITH_KNOTS('',2,(#8202,#8203,#8204),
  .UNSPECIFIED.,.F.,.F.,(3,3),(0.,1.),.PIECEWISE_BEZIER_KNOTS.);
#8202 = CARTESIAN_POINT('',(7.614636144736E-02,-1.079794222261,25.));
#8203 = CARTESIAN_POINT('',(0.147066750496,-1.021031614192,25.));
#8204 = CARTESIAN_POINT('',(0.17993778796,-0.943356902376,25.));
#8205 = VECTOR('',#8206,1.);
#8206 = DIRECTION('',(0.,0.,1.));
#8207 = ADVANCED_FACE('',(#8208),#8226,.T.);
#8208 = FACE_BOUND('',#8209,.T.);
#8209 = EDGE_LOOP('',(#8210,#8211,#8219,#8225));
#8210 = ORIENTED_EDGE('',*,*,#8168,.T.);
#8211 = ORIENTED_EDGE('',*,*,#8212,.T.);
#8212 = EDGE_CURVE('',#8161,#8213,#8215,.T.);
#8213 = VERTEX_POINT('',#8214);
#8214 = CARTESIAN_POINT('',(1.011620064617,-0.635134640128,23.));
#8215 = B_SPLINE_CURVE_WITH_KNOTS('',2,(#8216,#8217,#8218),
  .UNSPECIFIED.,.F.,.F.,(3,3),(0.,1.),.PIECEWISE_BEZIER_KNOTS.);
#8216 = CARTESIAN_POINT('',(0.937097370093,-0.268149769811,23.));
#8217 = CARTESIAN_POINT('',(1.011620064617,-0.420572320243,23.));
#8218 = CARTESIAN_POINT('',(1.011620064617,-0.635134640128,23.));
#8219 = ORIENTED_EDGE('',*,*,#8220,.F.);
#8220 = EDGE_CURVE('',#1917,#8213,#8221,.T.);
#8221 = LINE('',#8222,#8223);
#8222 = CARTESIAN_POINT('',(1.011620064617,-0.635134640128,25.));
#8223 = VECTOR('',#8224,1.);
#8224 = DIRECTION('',(-0.,-0.,-1.));
#8225 = ORIENTED_EDGE('',*,*,#1916,.F.);
#8226 = SURFACE_OF_LINEAR_EXTRUSION('',#8227,#8231);
#8227 = B_SPLINE_CURVE_WITH_KNOTS('',2,(#8228,#8229,#8230),
  .UNSPECIFIED.,.F.,.F.,(3,3),(0.,1.),.PIECEWISE_BEZIER_KNOTS.);
#8228 = CARTESIAN_POINT('',(0.937097370093,-0.268149769811,25.));
#8229 = CARTESIAN_POINT('',(1.011620064617,-0.420572320243,25.));
#8230 = CARTESIAN_POINT('',(1.011620064617,-0.635134640128,25.));
#8231 = VECTOR('',#8232,1.);
#8232 = DIRECTION('',(0.,0.,1.));
#8233 = ADVANCED_FACE('',(#8234),#8252,.T.);
#8234 = FACE_BOUND('',#8235,.T.);
#8235 = EDGE_LOOP('',(#8236,#8244,#8250,#8251));
#8236 = ORIENTED_EDGE('',*,*,#8237,.T.);
#8237 = EDGE_CURVE('',#2045,#8238,#8240,.T.);
#8238 = VERTEX_POINT('',#8239);
#8239 = CARTESIAN_POINT('',(-0.103743768236,-1.174579885085,23.));
#8240 = LINE('',#8241,#8242);
#8241 = CARTESIAN_POINT('',(-0.103743768236,-1.174579885085,25.));
#8242 = VECTOR('',#8243,1.);
#8243 = DIRECTION('',(-0.,-0.,-1.));
#8244 = ORIENTED_EDGE('',*,*,#8245,.T.);
#8245 = EDGE_CURVE('',#8238,#8186,#8246,.T.);
#8246 = B_SPLINE_CURVE_WITH_KNOTS('',2,(#8247,#8248,#8249),
  .UNSPECIFIED.,.F.,.F.,(3,3),(0.,1.),.PIECEWISE_BEZIER_KNOTS.);
#8247 = CARTESIAN_POINT('',(-0.103743768236,-1.174579885085,23.));
#8248 = CARTESIAN_POINT('',(5.225972398367E-03,-1.138331686238,23.));
#8249 = CARTESIAN_POINT('',(7.614636144736E-02,-1.079794222261,23.));
#8250 = ORIENTED_EDGE('',*,*,#8185,.F.);
#8251 = ORIENTED_EDGE('',*,*,#2052,.F.);
#8252 = SURFACE_OF_LINEAR_EXTRUSION('',#8253,#8257);
#8253 = B_SPLINE_CURVE_WITH_KNOTS('',2,(#8254,#8255,#8256),
  .UNSPECIFIED.,.F.,.F.,(3,3),(0.,1.),.PIECEWISE_BEZIER_KNOTS.);
#8254 = CARTESIAN_POINT('',(-0.103743768236,-1.174579885085,25.));
#8255 = CARTESIAN_POINT('',(5.225972398367E-03,-1.138331686238,25.));
#8256 = CARTESIAN_POINT('',(7.614636144736E-02,-1.079794222261,25.));
#8257 = VECTOR('',#8258,1.);
#8258 = DIRECTION('',(0.,0.,1.));
#8259 = ADVANCED_FACE('',(#8260),#8278,.T.);
#8260 = FACE_BOUND('',#8261,.T.);
#8261 = EDGE_LOOP('',(#8262,#8263,#8271,#8277));
#8262 = ORIENTED_EDGE('',*,*,#8220,.T.);
#8263 = ORIENTED_EDGE('',*,*,#8264,.T.);
#8264 = EDGE_CURVE('',#8213,#8265,#8267,.T.);
#8265 = VERTEX_POINT('',#8266);
#8266 = CARTESIAN_POINT('',(0.918185266346,-1.107937233788,23.));
#8267 = B_SPLINE_CURVE_WITH_KNOTS('',2,(#8268,#8269,#8270),
  .UNSPECIFIED.,.F.,.F.,(3,3),(0.,1.),.PIECEWISE_BEZIER_KNOTS.);
#8268 = CARTESIAN_POINT('',(1.011620064617,-0.635134640128,23.));
#8269 = CARTESIAN_POINT('',(1.011620064617,-0.891348617073,23.));
#8270 = CARTESIAN_POINT('',(0.918185266346,-1.107937233788,23.));
#8271 = ORIENTED_EDGE('',*,*,#8272,.F.);
#8272 = EDGE_CURVE('',#1925,#8265,#8273,.T.);
#8273 = LINE('',#8274,#8275);
#8274 = CARTESIAN_POINT('',(0.918185266346,-1.107937233788,25.));
#8275 = VECTOR('',#8276,1.);
#8276 = DIRECTION('',(-0.,-0.,-1.));
#8277 = ORIENTED_EDGE('',*,*,#1924,.F.);
#8278 = SURFACE_OF_LINEAR_EXTRUSION('',#8279,#8283);
#8279 = B_SPLINE_CURVE_WITH_KNOTS('',2,(#8280,#8281,#8282),
  .UNSPECIFIED.,.F.,.F.,(3,3),(0.,1.),.PIECEWISE_BEZIER_KNOTS.);
#8280 = CARTESIAN_POINT('',(1.011620064617,-0.635134640128,25.));
#8281 = CARTESIAN_POINT('',(1.011620064617,-0.891348617073,25.));
#8282 = CARTESIAN_POINT('',(0.918185266346,-1.107937233788,25.));
#8283 = VECTOR('',#8284,1.);
#8284 = DIRECTION('',(0.,0.,1.));
#8285 = ADVANCED_FACE('',(#8286),#8304,.T.);
#8286 = FACE_BOUND('',#8287,.T.);
#8287 = EDGE_LOOP('',(#8288,#8296,#8302,#8303));
#8288 = ORIENTED_EDGE('',*,*,#8289,.T.);
#8289 = EDGE_CURVE('',#2037,#8290,#8292,.T.);
#8290 = VERTEX_POINT('',#8291);
#8291 = CARTESIAN_POINT('',(-0.364685771117,-1.210828083932,23.));
#8292 = LINE('',#8293,#8294);
#8293 = CARTESIAN_POINT('',(-0.364685771117,-1.210828083932,25.));
#8294 = VECTOR('',#8295,1.);
#8295 = DIRECTION('',(-0.,-0.,-1.));
#8296 = ORIENTED_EDGE('',*,*,#8297,.T.);
#8297 = EDGE_CURVE('',#8290,#8238,#8298,.T.);
#8298 = B_SPLINE_CURVE_WITH_KNOTS('',2,(#8299,#8300,#8301),
  .UNSPECIFIED.,.F.,.F.,(3,3),(0.,1.),.PIECEWISE_BEZIER_KNOTS.);
#8299 = CARTESIAN_POINT('',(-0.364685771117,-1.210828083932,23.));
#8300 = CARTESIAN_POINT('',(-0.21271350887,-1.210828083932,23.));
#8301 = CARTESIAN_POINT('',(-0.103743768236,-1.174579885085,23.));
#8302 = ORIENTED_EDGE('',*,*,#8237,.F.);
#8303 = ORIENTED_EDGE('',*,*,#2044,.F.);
#8304 = SURFACE_OF_LINEAR_EXTRUSION('',#8305,#8309);
#8305 = B_SPLINE_CURVE_WITH_KNOTS('',2,(#8306,#8307,#8308),
  .UNSPECIFIED.,.F.,.F.,(3,3),(0.,1.),.PIECEWISE_BEZIER_KNOTS.);
#8306 = CARTESIAN_POINT('',(-0.364685771117,-1.210828083932,25.));
#8307 = CARTESIAN_POINT('',(-0.21271350887,-1.210828083932,25.));
#8308 = CARTESIAN_POINT('',(-0.103743768236,-1.174579885085,25.));
#8309 = VECTOR('',#8310,1.);
#8310 = DIRECTION('',(0.,0.,1.));
#8311 = ADVANCED_FACE('',(#8312),#8330,.T.);
#8312 = FACE_BOUND('',#8313,.T.);
#8313 = EDGE_LOOP('',(#8314,#8315,#8323,#8329));
#8314 = ORIENTED_EDGE('',*,*,#8272,.T.);
#8315 = ORIENTED_EDGE('',*,*,#8316,.T.);
#8316 = EDGE_CURVE('',#8265,#8317,#8319,.T.);
#8317 = VERTEX_POINT('',#8318);
#8318 = CARTESIAN_POINT('',(0.644860338393,-1.481901570964,23.));
#8319 = B_SPLINE_CURVE_WITH_KNOTS('',2,(#8320,#8321,#8322),
  .UNSPECIFIED.,.F.,.F.,(3,3),(0.,1.),.PIECEWISE_BEZIER_KNOTS.);
#8320 = CARTESIAN_POINT('',(0.918185266346,-1.107937233788,23.));
#8321 = CARTESIAN_POINT('',(0.824750468076,-1.324300706411,23.));
#8322 = CARTESIAN_POINT('',(0.644860338393,-1.481901570964,23.));
#8323 = ORIENTED_EDGE('',*,*,#8324,.F.);
#8324 = EDGE_CURVE('',#1933,#8317,#8325,.T.);
#8325 = LINE('',#8326,#8327);
#8326 = CARTESIAN_POINT('',(0.644860338393,-1.481901570964,25.));
#8327 = VECTOR('',#8328,1.);
#8328 = DIRECTION('',(-0.,-0.,-1.));
#8329 = ORIENTED_EDGE('',*,*,#1932,.F.);
#8330 = SURFACE_OF_LINEAR_EXTRUSION('',#8331,#8335);
#8331 = B_SPLINE_CURVE_WITH_KNOTS('',2,(#8332,#8333,#8334),
  .UNSPECIFIED.,.F.,.F.,(3,3),(0.,1.),.PIECEWISE_BEZIER_KNOTS.);
#8332 = CARTESIAN_POINT('',(0.918185266346,-1.107937233788,25.));
#8333 = CARTESIAN_POINT('',(0.824750468076,-1.324300706411,25.));
#8334 = CARTESIAN_POINT('',(0.644860338393,-1.481901570964,25.));
#8335 = VECTOR('',#8336,1.);
#8336 = DIRECTION('',(0.,0.,1.));
#8337 = ADVANCED_FACE('',(#8338),#8356,.T.);
#8338 = FACE_BOUND('',#8339,.T.);
#8339 = EDGE_LOOP('',(#8340,#8348,#8354,#8355));
#8340 = ORIENTED_EDGE('',*,*,#8341,.T.);
#8341 = EDGE_CURVE('',#2029,#8342,#8344,.T.);
#8342 = VERTEX_POINT('',#8343);
#8343 = CARTESIAN_POINT('',(-0.684840670253,-1.166024409581,23.));
#8344 = LINE('',#8345,#8346);
#8345 = CARTESIAN_POINT('',(-0.684840670253,-1.166024409581,25.));
#8346 = VECTOR('',#8347,1.);
#8347 = DIRECTION('',(-0.,-0.,-1.));
#8348 = ORIENTED_EDGE('',*,*,#8349,.T.);
#8349 = EDGE_CURVE('',#8342,#8290,#8350,.T.);
#8350 = B_SPLINE_CURVE_WITH_KNOTS('',2,(#8351,#8352,#8353),
  .UNSPECIFIED.,.F.,.F.,(3,3),(0.,1.),.PIECEWISE_BEZIER_KNOTS.);
#8351 = CARTESIAN_POINT('',(-0.684840670253,-1.166024409581,23.));
#8352 = CARTESIAN_POINT('',(-0.558534834518,-1.210828083932,23.));
#8353 = CARTESIAN_POINT('',(-0.364685771117,-1.210828083932,23.));
#8354 = ORIENTED_EDGE('',*,*,#8289,.F.);
#8355 = ORIENTED_EDGE('',*,*,#2036,.F.);
#8356 = SURFACE_OF_LINEAR_EXTRUSION('',#8357,#8361);
#8357 = B_SPLINE_CURVE_WITH_KNOTS('',2,(#8358,#8359,#8360),
  .UNSPECIFIED.,.F.,.F.,(3,3),(0.,1.),.PIECEWISE_BEZIER_KNOTS.);
#8358 = CARTESIAN_POINT('',(-0.684840670253,-1.166024409581,25.));
#8359 = CARTESIAN_POINT('',(-0.558534834518,-1.210828083932,25.));
#8360 = CARTESIAN_POINT('',(-0.364685771117,-1.210828083932,25.));
#8361 = VECTOR('',#8362,1.);
#8362 = DIRECTION('',(0.,0.,1.));
#8363 = ADVANCED_FACE('',(#8364),#8382,.T.);
#8364 = FACE_BOUND('',#8365,.T.);
#8365 = EDGE_LOOP('',(#8366,#8367,#8375,#8381));
#8366 = ORIENTED_EDGE('',*,*,#8324,.T.);
#8367 = ORIENTED_EDGE('',*,*,#8368,.T.);
#8368 = EDGE_CURVE('',#8317,#8369,#8371,.T.);
#8369 = VERTEX_POINT('',#8370);
#8370 = CARTESIAN_POINT('',(0.200651044444,-1.727758919667,23.));
#8371 = B_SPLINE_CURVE_WITH_KNOTS('',2,(#8372,#8373,#8374),
  .UNSPECIFIED.,.F.,.F.,(3,3),(0.,1.),.PIECEWISE_BEZIER_KNOTS.);
#8372 = CARTESIAN_POINT('',(0.644860338393,-1.481901570964,23.));
#8373 = CARTESIAN_POINT('',(0.465195352802,-1.639502435517,23.));
#8374 = CARTESIAN_POINT('',(0.200651044444,-1.727758919667,23.));
#8375 = ORIENTED_EDGE('',*,*,#8376,.F.);
#8376 = EDGE_CURVE('',#1941,#8369,#8377,.T.);
#8377 = LINE('',#8378,#8379);
#8378 = CARTESIAN_POINT('',(0.200651044444,-1.727758919667,25.));
#8379 = VECTOR('',#8380,1.);
#8380 = DIRECTION('',(-0.,-0.,-1.));
#8381 = ORIENTED_EDGE('',*,*,#1940,.F.);
#8382 = SURFACE_OF_LINEAR_EXTRUSION('',#8383,#8387);
#8383 = B_SPLINE_CURVE_WITH_KNOTS('',2,(#8384,#8385,#8386),
  .UNSPECIFIED.,.F.,.F.,(3,3),(0.,1.),.PIECEWISE_BEZIER_KNOTS.);
#8384 = CARTESIAN_POINT('',(0.644860338393,-1.481901570964,25.));
#8385 = CARTESIAN_POINT('',(0.465195352802,-1.639502435517,25.));
#8386 = CARTESIAN_POINT('',(0.200651044444,-1.727758919667,25.));
#8387 = VECTOR('',#8388,1.);
#8388 = DIRECTION('',(0.,0.,1.));
#8389 = ADVANCED_FACE('',(#8390),#8408,.T.);
#8390 = FACE_BOUND('',#8391,.T.);
#8391 = EDGE_LOOP('',(#8392,#8400,#8406,#8407));
#8392 = ORIENTED_EDGE('',*,*,#8393,.T.);
#8393 = EDGE_CURVE('',#2021,#8394,#8396,.T.);
#8394 = VERTEX_POINT('',#8395);
#8395 = CARTESIAN_POINT('',(-0.904356160166,-1.069212449926,23.));
#8396 = LINE('',#8397,#8398);
#8397 = CARTESIAN_POINT('',(-0.904356160166,-1.069212449926,25.));
#8398 = VECTOR('',#8399,1.);
#8399 = DIRECTION('',(-0.,-0.,-1.));
#8400 = ORIENTED_EDGE('',*,*,#8401,.T.);
#8401 = EDGE_CURVE('',#8394,#8342,#8402,.T.);
#8402 = B_SPLINE_CURVE_WITH_KNOTS('',2,(#8403,#8404,#8405),
  .UNSPECIFIED.,.F.,.F.,(3,3),(0.,1.),.PIECEWISE_BEZIER_KNOTS.);
#8403 = CARTESIAN_POINT('',(-0.904356160166,-1.069212449926,23.));
#8404 = CARTESIAN_POINT('',(-0.810921361896,-1.120995591137,23.));
#8405 = CARTESIAN_POINT('',(-0.684840670253,-1.166024409581,23.));
#8406 = ORIENTED_EDGE('',*,*,#8341,.F.);
#8407 = ORIENTED_EDGE('',*,*,#2028,.F.);
#8408 = SURFACE_OF_LINEAR_EXTRUSION('',#8409,#8413);
#8409 = B_SPLINE_CURVE_WITH_KNOTS('',2,(#8410,#8411,#8412),
  .UNSPECIFIED.,.F.,.F.,(3,3),(0.,1.),.PIECEWISE_BEZIER_KNOTS.);
#8410 = CARTESIAN_POINT('',(-0.904356160166,-1.069212449926,25.));
#8411 = CARTESIAN_POINT('',(-0.810921361896,-1.120995591137,25.));
#8412 = CARTESIAN_POINT('',(-0.684840670253,-1.166024409581,25.));
#8413 = VECTOR('',#8414,1.);
#8414 = DIRECTION('',(0.,0.,1.));
#8415 = ADVANCED_FACE('',(#8416),#8434,.T.);
#8416 = FACE_BOUND('',#8417,.T.);
#8417 = EDGE_LOOP('',(#8418,#8419,#8427,#8433));
#8418 = ORIENTED_EDGE('',*,*,#8376,.T.);
#8419 = ORIENTED_EDGE('',*,*,#8420,.T.);
#8420 = EDGE_CURVE('',#8369,#8421,#8423,.T.);
#8421 = VERTEX_POINT('',#8422);
#8422 = CARTESIAN_POINT('',(-0.406337428178,-1.816015403817,23.));
#8423 = B_SPLINE_CURVE_WITH_KNOTS('',2,(#8424,#8425,#8426),
  .UNSPECIFIED.,.F.,.F.,(3,3),(0.,1.),.PIECEWISE_BEZIER_KNOTS.);
#8424 = CARTESIAN_POINT('',(0.200651044444,-1.727758919667,23.));
#8425 = CARTESIAN_POINT('',(-6.389326391287E-02,-1.816015403817,23.));
#8426 = CARTESIAN_POINT('',(-0.406337428178,-1.816015403817,23.));
#8427 = ORIENTED_EDGE('',*,*,#8428,.F.);
#8428 = EDGE_CURVE('',#1949,#8421,#8429,.T.);
#8429 = LINE('',#8430,#8431);
#8430 = CARTESIAN_POINT('',(-0.406337428178,-1.816015403817,25.));
#8431 = VECTOR('',#8432,1.);
#8432 = DIRECTION('',(-0.,-0.,-1.));
#8433 = ORIENTED_EDGE('',*,*,#1948,.F.);
#8434 = SURFACE_OF_LINEAR_EXTRUSION('',#8435,#8439);
#8435 = B_SPLINE_CURVE_WITH_KNOTS('',2,(#8436,#8437,#8438),
  .UNSPECIFIED.,.F.,.F.,(3,3),(0.,1.),.PIECEWISE_BEZIER_KNOTS.);
#8436 = CARTESIAN_POINT('',(0.200651044444,-1.727758919667,25.));
#8437 = CARTESIAN_POINT('',(-6.389326391287E-02,-1.816015403817,25.));
#8438 = CARTESIAN_POINT('',(-0.406337428178,-1.816015403817,25.));
#8439 = VECTOR('',#8440,1.);
#8440 = DIRECTION('',(0.,0.,1.));
#8441 = ADVANCED_FACE('',(#8442),#8460,.T.);
#8442 = FACE_BOUND('',#8443,.T.);
#8443 = EDGE_LOOP('',(#8444,#8452,#8458,#8459));
#8444 = ORIENTED_EDGE('',*,*,#8445,.T.);
#8445 = EDGE_CURVE('',#2013,#8446,#8448,.T.);
#8446 = VERTEX_POINT('',#8447);
#8447 = CARTESIAN_POINT('',(-1.068486203394,-0.972625634365,23.));
#8448 = LINE('',#8449,#8450);
#8449 = CARTESIAN_POINT('',(-1.068486203394,-0.972625634365,25.));
#8450 = VECTOR('',#8451,1.);
#8451 = DIRECTION('',(-0.,-0.,-1.));
#8452 = ORIENTED_EDGE('',*,*,#8453,.T.);
#8453 = EDGE_CURVE('',#8446,#8394,#8454,.T.);
#8454 = B_SPLINE_CURVE_WITH_KNOTS('',2,(#8455,#8456,#8457),
  .UNSPECIFIED.,.F.,.F.,(3,3),(0.,1.),.PIECEWISE_BEZIER_KNOTS.);
#8455 = CARTESIAN_POINT('',(-1.068486203394,-0.972625634365,23.));
#8456 = CARTESIAN_POINT('',(-0.997565814345,-1.017429308716,23.));
#8457 = CARTESIAN_POINT('',(-0.904356160166,-1.069212449926,23.));
#8458 = ORIENTED_EDGE('',*,*,#8393,.F.);
#8459 = ORIENTED_EDGE('',*,*,#2020,.F.);
#8460 = SURFACE_OF_LINEAR_EXTRUSION('',#8461,#8465);
#8461 = B_SPLINE_CURVE_WITH_KNOTS('',2,(#8462,#8463,#8464),
  .UNSPECIFIED.,.F.,.F.,(3,3),(0.,1.),.PIECEWISE_BEZIER_KNOTS.);
#8462 = CARTESIAN_POINT('',(-1.068486203394,-0.972625634365,25.));
#8463 = CARTESIAN_POINT('',(-0.997565814345,-1.017429308716,25.));
#8464 = CARTESIAN_POINT('',(-0.904356160166,-1.069212449926,25.));
#8465 = VECTOR('',#8466,1.);
#8466 = DIRECTION('',(0.,0.,1.));
#8467 = ADVANCED_FACE('',(#8468),#8486,.T.);
#8468 = FACE_BOUND('',#8469,.T.);
#8469 = EDGE_LOOP('',(#8470,#8471,#8479,#8485));
#8470 = ORIENTED_EDGE('',*,*,#8428,.T.);
#8471 = ORIENTED_EDGE('',*,*,#8472,.T.);
#8472 = EDGE_CURVE('',#8421,#8473,#8475,.T.);
#8473 = VERTEX_POINT('',#8474);
#8474 = CARTESIAN_POINT('',(-0.764316534806,-1.783144366353,23.));
#8475 = B_SPLINE_CURVE_WITH_KNOTS('',2,(#8476,#8477,#8478),
  .UNSPECIFIED.,.F.,.F.,(3,3),(0.,1.),.PIECEWISE_BEZIER_KNOTS.);
#8476 = CARTESIAN_POINT('',(-0.406337428178,-1.816015403817,23.));
#8477 = CARTESIAN_POINT('',(-0.589604719244,-1.816015403817,23.));
#8478 = CARTESIAN_POINT('',(-0.764316534806,-1.783144366353,23.));
#8479 = ORIENTED_EDGE('',*,*,#8480,.F.);
#8480 = EDGE_CURVE('',#1957,#8473,#8481,.T.);
#8481 = LINE('',#8482,#8483);
#8482 = CARTESIAN_POINT('',(-0.764316534806,-1.783144366353,25.));
#8483 = VECTOR('',#8484,1.);
#8484 = DIRECTION('',(-0.,-0.,-1.));
#8485 = ORIENTED_EDGE('',*,*,#1956,.F.);
#8486 = SURFACE_OF_LINEAR_EXTRUSION('',#8487,#8491);
#8487 = B_SPLINE_CURVE_WITH_KNOTS('',2,(#8488,#8489,#8490),
  .UNSPECIFIED.,.F.,.F.,(3,3),(0.,1.),.PIECEWISE_BEZIER_KNOTS.);
#8488 = CARTESIAN_POINT('',(-0.406337428178,-1.816015403817,25.));
#8489 = CARTESIAN_POINT('',(-0.589604719244,-1.816015403817,25.));
#8490 = CARTESIAN_POINT('',(-0.764316534806,-1.783144366353,25.));
#8491 = VECTOR('',#8492,1.);
#8492 = DIRECTION('',(0.,0.,1.));
#8493 = ADVANCED_FACE('',(#8494),#8512,.T.);
#8494 = FACE_BOUND('',#8495,.T.);
#8495 = EDGE_LOOP('',(#8496,#8504,#8510,#8511));
#8496 = ORIENTED_EDGE('',*,*,#8497,.T.);
#8497 = EDGE_CURVE('',#2005,#8498,#8500,.T.);
#8498 = VERTEX_POINT('',#8499);
#8499 = CARTESIAN_POINT('',(-1.218882456996,-0.927596815921,23.));
#8500 = LINE('',#8501,#8502);
#8501 = CARTESIAN_POINT('',(-1.218882456996,-0.927596815921,25.));
#8502 = VECTOR('',#8503,1.);
#8503 = DIRECTION('',(-0.,-0.,-1.));
#8504 = ORIENTED_EDGE('',*,*,#8505,.T.);
#8505 = EDGE_CURVE('',#8498,#8446,#8506,.T.);
#8506 = B_SPLINE_CURVE_WITH_KNOTS('',2,(#8507,#8508,#8509),
  .UNSPECIFIED.,.F.,.F.,(3,3),(0.,1.),.PIECEWISE_BEZIER_KNOTS.);
#8507 = CARTESIAN_POINT('',(-1.218882456996,-0.927596815921,23.));
#8508 = CARTESIAN_POINT('',(-1.139406592443,-0.927596815921,23.));
#8509 = CARTESIAN_POINT('',(-1.068486203394,-0.972625634365,23.));
#8510 = ORIENTED_EDGE('',*,*,#8445,.F.);
#8511 = ORIENTED_EDGE('',*,*,#2012,.F.);
#8512 = SURFACE_OF_LINEAR_EXTRUSION('',#8513,#8517);
#8513 = B_SPLINE_CURVE_WITH_KNOTS('',2,(#8514,#8515,#8516),
  .UNSPECIFIED.,.F.,.F.,(3,3),(0.,1.),.PIECEWISE_BEZIER_KNOTS.);
#8514 = CARTESIAN_POINT('',(-1.218882456996,-0.927596815921,25.));
#8515 = CARTESIAN_POINT('',(-1.139406592443,-0.927596815921,25.));
#8516 = CARTESIAN_POINT('',(-1.068486203394,-0.972625634365,25.));
#8517 = VECTOR('',#8518,1.);
#8518 = DIRECTION('',(0.,0.,1.));
#8519 = ADVANCED_FACE('',(#8520),#8538,.T.);
#8520 = FACE_BOUND('',#8521,.T.);
#8521 = EDGE_LOOP('',(#8522,#8523,#8531,#8537));
#8522 = ORIENTED_EDGE('',*,*,#8480,.T.);
#8523 = ORIENTED_EDGE('',*,*,#8524,.T.);
#8524 = EDGE_CURVE('',#8473,#8525,#8527,.T.);
#8525 = VERTEX_POINT('',#8526);
#8526 = CARTESIAN_POINT('',(-1.099781232213,-1.69151072082,23.));
#8527 = B_SPLINE_CURVE_WITH_KNOTS('',2,(#8528,#8529,#8530),
  .UNSPECIFIED.,.F.,.F.,(3,3),(0.,1.),.PIECEWISE_BEZIER_KNOTS.);
#8528 = CARTESIAN_POINT('',(-0.764316534806,-1.783144366353,23.));
#8529 = CARTESIAN_POINT('',(-0.938803206276,-1.750273328889,23.));
#8530 = CARTESIAN_POINT('',(-1.099781232213,-1.69151072082,23.));
#8531 = ORIENTED_EDGE('',*,*,#8532,.F.);
#8532 = EDGE_CURVE('',#1965,#8525,#8533,.T.);
#8533 = LINE('',#8534,#8535);
#8534 = CARTESIAN_POINT('',(-1.099781232213,-1.69151072082,25.));
#8535 = VECTOR('',#8536,1.);
#8536 = DIRECTION('',(-0.,-0.,-1.));
#8537 = ORIENTED_EDGE('',*,*,#1964,.F.);
#8538 = SURFACE_OF_LINEAR_EXTRUSION('',#8539,#8543);
#8539 = B_SPLINE_CURVE_WITH_KNOTS('',2,(#8540,#8541,#8542),
  .UNSPECIFIED.,.F.,.F.,(3,3),(0.,1.),.PIECEWISE_BEZIER_KNOTS.);
#8540 = CARTESIAN_POINT('',(-0.764316534806,-1.783144366353,25.));
#8541 = CARTESIAN_POINT('',(-0.938803206276,-1.750273328889,25.));
#8542 = CARTESIAN_POINT('',(-1.099781232213,-1.69151072082,25.));
#8543 = VECTOR('',#8544,1.);
#8544 = DIRECTION('',(0.,0.,1.));
#8545 = ADVANCED_FACE('',(#8546),#8564,.T.);
#8546 = FACE_BOUND('',#8547,.T.);
#8547 = EDGE_LOOP('',(#8548,#8556,#8562,#8563));
#8548 = ORIENTED_EDGE('',*,*,#8549,.T.);
#8549 = EDGE_CURVE('',#1997,#8550,#8552,.T.);
#8550 = VERTEX_POINT('',#8551);
#8551 = CARTESIAN_POINT('',(-1.350366606852,-0.959116988831,23.));
#8552 = LINE('',#8553,#8554);
#8553 = CARTESIAN_POINT('',(-1.350366606852,-0.959116988831,25.));
#8554 = VECTOR('',#8555,1.);
#8555 = DIRECTION('',(-0.,-0.,-1.));
#8556 = ORIENTED_EDGE('',*,*,#8557,.T.);
#8557 = EDGE_CURVE('',#8550,#8498,#8558,.T.);
#8558 = B_SPLINE_CURVE_WITH_KNOTS('',2,(#8559,#8560,#8561),
  .UNSPECIFIED.,.F.,.F.,(3,3),(0.,1.),.PIECEWISE_BEZIER_KNOTS.);
#8559 = CARTESIAN_POINT('',(-1.350366606852,-0.959116988831,23.));
#8560 = CARTESIAN_POINT('',(-1.298583465642,-0.927596815921,23.));
#8561 = CARTESIAN_POINT('',(-1.218882456996,-0.927596815921,23.));
#8562 = ORIENTED_EDGE('',*,*,#8497,.F.);
#8563 = ORIENTED_EDGE('',*,*,#2004,.F.);
#8564 = SURFACE_OF_LINEAR_EXTRUSION('',#8565,#8569);
#8565 = B_SPLINE_CURVE_WITH_KNOTS('',2,(#8566,#8567,#8568),
  .UNSPECIFIED.,.F.,.F.,(3,3),(0.,1.),.PIECEWISE_BEZIER_KNOTS.);
#8566 = CARTESIAN_POINT('',(-1.350366606852,-0.959116988831,25.));
#8567 = CARTESIAN_POINT('',(-1.298583465642,-0.927596815921,25.));
#8568 = CARTESIAN_POINT('',(-1.218882456996,-0.927596815921,25.));
#8569 = VECTOR('',#8570,1.);
#8570 = DIRECTION('',(0.,0.,1.));
#8571 = ADVANCED_FACE('',(#8572),#8590,.T.);
#8572 = FACE_BOUND('',#8573,.T.);
#8573 = EDGE_LOOP('',(#8574,#8575,#8583,#8589));
#8574 = ORIENTED_EDGE('',*,*,#8532,.T.);
#8575 = ORIENTED_EDGE('',*,*,#8576,.T.);
#8576 = EDGE_CURVE('',#8525,#8577,#8579,.T.);
#8577 = VERTEX_POINT('',#8578);
#8578 = CARTESIAN_POINT('',(-1.397196578034,-1.553272248197,23.));
#8579 = B_SPLINE_CURVE_WITH_KNOTS('',2,(#8580,#8581,#8582),
  .UNSPECIFIED.,.F.,.F.,(3,3),(0.,1.),.PIECEWISE_BEZIER_KNOTS.);
#8580 = CARTESIAN_POINT('',(-1.099781232213,-1.69151072082,23.));
#8581 = CARTESIAN_POINT('',(-1.260534114057,-1.632748112751,23.));
#8582 = CARTESIAN_POINT('',(-1.397196578034,-1.553272248197,23.));
#8583 = ORIENTED_EDGE('',*,*,#8584,.F.);
#8584 = EDGE_CURVE('',#1973,#8577,#8585,.T.);
#8585 = LINE('',#8586,#8587);
#8586 = CARTESIAN_POINT('',(-1.397196578034,-1.553272248197,25.));
#8587 = VECTOR('',#8588,1.);
#8588 = DIRECTION('',(-0.,-0.,-1.));
#8589 = ORIENTED_EDGE('',*,*,#1972,.F.);
#8590 = SURFACE_OF_LINEAR_EXTRUSION('',#8591,#8595);
#8591 = B_SPLINE_CURVE_WITH_KNOTS('',2,(#8592,#8593,#8594),
  .UNSPECIFIED.,.F.,.F.,(3,3),(0.,1.),.PIECEWISE_BEZIER_KNOTS.);
#8592 = CARTESIAN_POINT('',(-1.099781232213,-1.69151072082,25.));
#8593 = CARTESIAN_POINT('',(-1.260534114057,-1.632748112751,25.));
#8594 = CARTESIAN_POINT('',(-1.397196578034,-1.553272248197,25.));
#8595 = VECTOR('',#8596,1.);
#8596 = DIRECTION('',(0.,0.,1.));
#8597 = ADVANCED_FACE('',(#8598),#8616,.T.);
#8598 = FACE_BOUND('',#8599,.T.);
#8599 = EDGE_LOOP('',(#8600,#8608,#8614,#8615));
#8600 = ORIENTED_EDGE('',*,*,#8601,.T.);
#8601 = EDGE_CURVE('',#1989,#8602,#8604,.T.);
#8602 = VERTEX_POINT('',#8603);
#8603 = CARTESIAN_POINT('',(-1.440199099648,-1.05030034618,23.));
#8604 = LINE('',#8605,#8606);
#8605 = CARTESIAN_POINT('',(-1.440199099648,-1.05030034618,25.));
#8606 = VECTOR('',#8607,1.);
#8607 = DIRECTION('',(-0.,-0.,-1.));
#8608 = ORIENTED_EDGE('',*,*,#8609,.T.);
#8609 = EDGE_CURVE('',#8602,#8550,#8610,.T.);
#8610 = B_SPLINE_CURVE_WITH_KNOTS('',2,(#8611,#8612,#8613),
  .UNSPECIFIED.,.F.,.F.,(3,3),(0.,1.),.PIECEWISE_BEZIER_KNOTS.);
#8611 = CARTESIAN_POINT('',(-1.440199099648,-1.05030034618,23.));
#8612 = CARTESIAN_POINT('',(-1.402149748063,-0.990637161742,23.));
#8613 = CARTESIAN_POINT('',(-1.350366606852,-0.959116988831,23.));
#8614 = ORIENTED_EDGE('',*,*,#8549,.F.);
#8615 = ORIENTED_EDGE('',*,*,#1996,.F.);
#8616 = SURFACE_OF_LINEAR_EXTRUSION('',#8617,#8621);
#8617 = B_SPLINE_CURVE_WITH_KNOTS('',2,(#8618,#8619,#8620),
  .UNSPECIFIED.,.F.,.F.,(3,3),(0.,1.),.PIECEWISE_BEZIER_KNOTS.);
#8618 = CARTESIAN_POINT('',(-1.440199099648,-1.05030034618,25.));
#8619 = CARTESIAN_POINT('',(-1.402149748063,-0.990637161742,25.));
#8620 = CARTESIAN_POINT('',(-1.350366606852,-0.959116988831,25.));
#8621 = VECTOR('',#8622,1.);
#8622 = DIRECTION('',(0.,0.,1.));
#8623 = ADVANCED_FACE('',(#8624),#8642,.T.);
#8624 = FACE_BOUND('',#8625,.T.);
#8625 = EDGE_LOOP('',(#8626,#8627,#8635,#8641));
#8626 = ORIENTED_EDGE('',*,*,#8584,.T.);
#8627 = ORIENTED_EDGE('',*,*,#8628,.T.);
#8628 = EDGE_CURVE('',#8577,#8629,#8631,.T.);
#8629 = VERTEX_POINT('',#8630);
#8630 = CARTESIAN_POINT('',(-1.637425324432,-1.380136441281,23.));
#8631 = B_SPLINE_CURVE_WITH_KNOTS('',2,(#8632,#8633,#8634),
  .UNSPECIFIED.,.F.,.F.,(3,3),(0.,1.),.PIECEWISE_BEZIER_KNOTS.);
#8632 = CARTESIAN_POINT('',(-1.397196578034,-1.553272248197,23.));
#8633 = CARTESIAN_POINT('',(-1.533633897919,-1.473571239552,23.));
#8634 = CARTESIAN_POINT('',(-1.637425324432,-1.380136441281,23.));
#8635 = ORIENTED_EDGE('',*,*,#8636,.F.);
#8636 = EDGE_CURVE('',#1981,#8629,#8637,.T.);
#8637 = LINE('',#8638,#8639);
#8638 = CARTESIAN_POINT('',(-1.637425324432,-1.380136441281,25.));
#8639 = VECTOR('',#8640,1.);
#8640 = DIRECTION('',(-0.,-0.,-1.));
#8641 = ORIENTED_EDGE('',*,*,#1980,.F.);
#8642 = SURFACE_OF_LINEAR_EXTRUSION('',#8643,#8647);
#8643 = B_SPLINE_CURVE_WITH_KNOTS('',2,(#8644,#8645,#8646),
  .UNSPECIFIED.,.F.,.F.,(3,3),(0.,1.),.PIECEWISE_BEZIER_KNOTS.);
#8644 = CARTESIAN_POINT('',(-1.397196578034,-1.553272248197,25.));
#8645 = CARTESIAN_POINT('',(-1.533633897919,-1.473571239552,25.));
#8646 = CARTESIAN_POINT('',(-1.637425324432,-1.380136441281,25.));
#8647 = VECTOR('',#8648,1.);
#8648 = DIRECTION('',(0.,0.,1.));
#8649 = ADVANCED_FACE('',(#8650),#8661,.T.);
#8650 = FACE_BOUND('',#8651,.T.);
#8651 = EDGE_LOOP('',(#8652,#8653,#8659,#8660));
#8652 = ORIENTED_EDGE('',*,*,#8636,.T.);
#8653 = ORIENTED_EDGE('',*,*,#8654,.T.);
#8654 = EDGE_CURVE('',#8629,#8602,#8655,.T.);
#8655 = LINE('',#8656,#8657);
#8656 = CARTESIAN_POINT('',(-1.637425324432,-1.380136441281,23.));
#8657 = VECTOR('',#8658,1.);
#8658 = DIRECTION('',(0.513202859348,0.858267338978,0.));
#8659 = ORIENTED_EDGE('',*,*,#8601,.F.);
#8660 = ORIENTED_EDGE('',*,*,#1988,.F.);
#8661 = PLANE('',#8662);
#8662 = AXIS2_PLACEMENT_3D('',#8663,#8664,#8665);
#8663 = CARTESIAN_POINT('',(-1.637425324432,-1.380136441281,25.));
#8664 = DIRECTION('',(0.858267338978,-0.513202859348,0.));
#8665 = DIRECTION('',(0.513202859348,0.858267338978,0.));
#8666 = ADVANCED_FACE('',(#8667),#8692,.T.);
#8667 = FACE_BOUND('',#8668,.T.);
#8668 = EDGE_LOOP('',(#8669,#8677,#8685,#8691));
#8669 = ORIENTED_EDGE('',*,*,#8670,.T.);
#8670 = EDGE_CURVE('',#2189,#8671,#8673,.T.);
#8671 = VERTEX_POINT('',#8672);
#8672 = CARTESIAN_POINT('',(-6.316369848927,0.201275662465,23.));
#8673 = LINE('',#8674,#8675);
#8674 = CARTESIAN_POINT('',(-6.316369848927,0.201275662465,25.));
#8675 = VECTOR('',#8676,1.);
#8676 = DIRECTION('',(-0.,-0.,-1.));
#8677 = ORIENTED_EDGE('',*,*,#8678,.T.);
#8678 = EDGE_CURVE('',#8671,#8679,#8681,.T.);
#8679 = VERTEX_POINT('',#8680);
#8680 = CARTESIAN_POINT('',(-6.713974315786,0.201275662465,23.));
#8681 = LINE('',#8682,#8683);
#8682 = CARTESIAN_POINT('',(-6.316369848927,0.201275662465,23.));
#8683 = VECTOR('',#8684,1.);
#8684 = DIRECTION('',(-1.,0.,0.));
#8685 = ORIENTED_EDGE('',*,*,#8686,.F.);
#8686 = EDGE_CURVE('',#2191,#8679,#8687,.T.);
#8687 = LINE('',#8688,#8689);
#8688 = CARTESIAN_POINT('',(-6.713974315786,0.201275662465,25.));
#8689 = VECTOR('',#8690,1.);
#8690 = DIRECTION('',(-0.,-0.,-1.));
#8691 = ORIENTED_EDGE('',*,*,#2188,.F.);
#8692 = PLANE('',#8693);
#8693 = AXIS2_PLACEMENT_3D('',#8694,#8695,#8696);
#8694 = CARTESIAN_POINT('',(-6.316369848927,0.201275662465,25.));
#8695 = DIRECTION('',(0.,1.,0.));
#8696 = DIRECTION('',(-1.,0.,0.));
#8697 = ADVANCED_FACE('',(#8698),#8716,.T.);
#8698 = FACE_BOUND('',#8699,.T.);
#8699 = EDGE_LOOP('',(#8700,#8708,#8714,#8715));
#8700 = ORIENTED_EDGE('',*,*,#8701,.T.);
#8701 = EDGE_CURVE('',#2343,#8702,#8704,.T.);
#8702 = VERTEX_POINT('',#8703);
#8703 = CARTESIAN_POINT('',(-6.107210987256,0.16322631088,23.));
#8704 = LINE('',#8705,#8706);
#8705 = CARTESIAN_POINT('',(-6.107210987256,0.16322631088,25.));
#8706 = VECTOR('',#8707,1.);
#8707 = DIRECTION('',(-0.,-0.,-1.));
#8708 = ORIENTED_EDGE('',*,*,#8709,.T.);
#8709 = EDGE_CURVE('',#8702,#8671,#8710,.T.);
#8710 = B_SPLINE_CURVE_WITH_KNOTS('',2,(#8711,#8712,#8713),
  .UNSPECIFIED.,.F.,.F.,(3,3),(0.,1.),.PIECEWISE_BEZIER_KNOTS.);
#8711 = CARTESIAN_POINT('',(-6.107210987256,0.16322631088,23.));
#8712 = CARTESIAN_POINT('',(-6.178131376305,0.201275662465,23.));
#8713 = CARTESIAN_POINT('',(-6.316369848927,0.201275662465,23.));
#8714 = ORIENTED_EDGE('',*,*,#8670,.F.);
#8715 = ORIENTED_EDGE('',*,*,#2350,.F.);
#8716 = SURFACE_OF_LINEAR_EXTRUSION('',#8717,#8721);
#8717 = B_SPLINE_CURVE_WITH_KNOTS('',2,(#8718,#8719,#8720),
  .UNSPECIFIED.,.F.,.F.,(3,3),(0.,1.),.PIECEWISE_BEZIER_KNOTS.);
#8718 = CARTESIAN_POINT('',(-6.107210987256,0.16322631088,25.));
#8719 = CARTESIAN_POINT('',(-6.178131376305,0.201275662465,25.));
#8720 = CARTESIAN_POINT('',(-6.316369848927,0.201275662465,25.));
#8721 = VECTOR('',#8722,1.);
#8722 = DIRECTION('',(0.,0.,1.));
#8723 = ADVANCED_FACE('',(#8724),#8742,.T.);
#8724 = FACE_BOUND('',#8725,.T.);
#8725 = EDGE_LOOP('',(#8726,#8727,#8735,#8741));
#8726 = ORIENTED_EDGE('',*,*,#8686,.T.);
#8727 = ORIENTED_EDGE('',*,*,#8728,.T.);
#8728 = EDGE_CURVE('',#8679,#8729,#8731,.T.);
#8729 = VERTEX_POINT('',#8730);
#8730 = CARTESIAN_POINT('',(-6.713974315786,-1.751173905258,23.));
#8731 = LINE('',#8732,#8733);
#8732 = CARTESIAN_POINT('',(-6.713974315786,0.201275662465,23.));
#8733 = VECTOR('',#8734,1.);
#8734 = DIRECTION('',(0.,-1.,0.));
#8735 = ORIENTED_EDGE('',*,*,#8736,.F.);
#8736 = EDGE_CURVE('',#2199,#8729,#8737,.T.);
#8737 = LINE('',#8738,#8739);
#8738 = CARTESIAN_POINT('',(-6.713974315786,-1.751173905258,25.));
#8739 = VECTOR('',#8740,1.);
#8740 = DIRECTION('',(-0.,-0.,-1.));
#8741 = ORIENTED_EDGE('',*,*,#2198,.F.);
#8742 = PLANE('',#8743);
#8743 = AXIS2_PLACEMENT_3D('',#8744,#8745,#8746);
#8744 = CARTESIAN_POINT('',(-6.713974315786,0.201275662465,25.));
#8745 = DIRECTION('',(-1.,0.,0.));
#8746 = DIRECTION('',(0.,-1.,0.));
#8747 = ADVANCED_FACE('',(#8748),#8766,.T.);
#8748 = FACE_BOUND('',#8749,.T.);
#8749 = EDGE_LOOP('',(#8750,#8758,#8764,#8765));
#8750 = ORIENTED_EDGE('',*,*,#8751,.T.);
#8751 = EDGE_CURVE('',#2335,#8752,#8754,.T.);
#8752 = VERTEX_POINT('',#8753);
#8753 = CARTESIAN_POINT('',(-5.977527990138,3.534446650005E-02,23.));
#8754 = LINE('',#8755,#8756);
#8755 = CARTESIAN_POINT('',(-5.977527990138,3.534446650005E-02,25.));
#8756 = VECTOR('',#8757,1.);
#8757 = DIRECTION('',(-0.,-0.,-1.));
#8758 = ORIENTED_EDGE('',*,*,#8759,.T.);
#8759 = EDGE_CURVE('',#8752,#8702,#8760,.T.);
#8760 = B_SPLINE_CURVE_WITH_KNOTS('',2,(#8761,#8762,#8763),
  .UNSPECIFIED.,.F.,.F.,(3,3),(0.,1.),.PIECEWISE_BEZIER_KNOTS.);
#8761 = CARTESIAN_POINT('',(-5.977527990138,3.534446650005E-02,23.));
#8762 = CARTESIAN_POINT('',(-6.036290598207,0.125176959295,23.));
#8763 = CARTESIAN_POINT('',(-6.107210987256,0.16322631088,23.));
#8764 = ORIENTED_EDGE('',*,*,#8701,.F.);
#8765 = ORIENTED_EDGE('',*,*,#2342,.F.);
#8766 = SURFACE_OF_LINEAR_EXTRUSION('',#8767,#8771);
#8767 = B_SPLINE_CURVE_WITH_KNOTS('',2,(#8768,#8769,#8770),
  .UNSPECIFIED.,.F.,.F.,(3,3),(0.,1.),.PIECEWISE_BEZIER_KNOTS.);
#8768 = CARTESIAN_POINT('',(-5.977527990138,3.534446650005E-02,25.));
#8769 = CARTESIAN_POINT('',(-6.036290598207,0.125176959295,25.));
#8770 = CARTESIAN_POINT('',(-6.107210987256,0.16322631088,25.));
#8771 = VECTOR('',#8772,1.);
#8772 = DIRECTION('',(0.,0.,1.));
#8773 = ADVANCED_FACE('',(#8774),#8792,.T.);
#8774 = FACE_BOUND('',#8775,.T.);
#8775 = EDGE_LOOP('',(#8776,#8777,#8785,#8791));
#8776 = ORIENTED_EDGE('',*,*,#8736,.T.);
#8777 = ORIENTED_EDGE('',*,*,#8778,.T.);
#8778 = EDGE_CURVE('',#8729,#8779,#8781,.T.);
#8779 = VERTEX_POINT('',#8780);
#8780 = CARTESIAN_POINT('',(-7.644269704835,-1.751173905258,23.));
#8781 = LINE('',#8782,#8783);
#8782 = CARTESIAN_POINT('',(-6.713974315786,-1.751173905258,23.));
#8783 = VECTOR('',#8784,1.);
#8784 = DIRECTION('',(-1.,0.,0.));
#8785 = ORIENTED_EDGE('',*,*,#8786,.F.);
#8786 = EDGE_CURVE('',#2207,#8779,#8787,.T.);
#8787 = LINE('',#8788,#8789);
#8788 = CARTESIAN_POINT('',(-7.644269704835,-1.751173905258,25.));
#8789 = VECTOR('',#8790,1.);
#8790 = DIRECTION('',(-0.,-0.,-1.));
#8791 = ORIENTED_EDGE('',*,*,#2206,.F.);
#8792 = PLANE('',#8793);
#8793 = AXIS2_PLACEMENT_3D('',#8794,#8795,#8796);
#8794 = CARTESIAN_POINT('',(-6.713974315786,-1.751173905258,25.));
#8795 = DIRECTION('',(0.,1.,0.));
#8796 = DIRECTION('',(-1.,0.,0.));
#8797 = ADVANCED_FACE('',(#8798),#8816,.T.);
#8798 = FACE_BOUND('',#8799,.T.);
#8799 = EDGE_LOOP('',(#8800,#8808,#8814,#8815));
#8800 = ORIENTED_EDGE('',*,*,#8801,.T.);
#8801 = EDGE_CURVE('',#2327,#8802,#8804,.T.);
#8802 = VERTEX_POINT('',#8803);
#8803 = CARTESIAN_POINT('',(-4.926105079475,-1.564529452808,23.));
#8804 = LINE('',#8805,#8806);
#8805 = CARTESIAN_POINT('',(-4.926105079475,-1.564529452808,25.));
#8806 = VECTOR('',#8807,1.);
#8807 = DIRECTION('',(-0.,-0.,-1.));
#8808 = ORIENTED_EDGE('',*,*,#8809,.T.);
#8809 = EDGE_CURVE('',#8802,#8752,#8810,.T.);
#8810 = LINE('',#8811,#8812);
#8811 = CARTESIAN_POINT('',(-4.926105079475,-1.564529452808,23.));
#8812 = VECTOR('',#8813,1.);
#8813 = DIRECTION('',(-0.549206046704,0.83568697385,0.));
#8814 = ORIENTED_EDGE('',*,*,#8751,.F.);
#8815 = ORIENTED_EDGE('',*,*,#2334,.F.);
#8816 = PLANE('',#8817);
#8817 = AXIS2_PLACEMENT_3D('',#8818,#8819,#8820);
#8818 = CARTESIAN_POINT('',(-4.926105079475,-1.564529452808,25.));
#8819 = DIRECTION('',(0.83568697385,0.549206046704,0.));
#8820 = DIRECTION('',(-0.549206046704,0.83568697385,0.));
#8821 = ADVANCED_FACE('',(#8822),#8840,.T.);
#8822 = FACE_BOUND('',#8823,.T.);
#8823 = EDGE_LOOP('',(#8824,#8825,#8833,#8839));
#8824 = ORIENTED_EDGE('',*,*,#8786,.T.);
#8825 = ORIENTED_EDGE('',*,*,#8826,.T.);
#8826 = EDGE_CURVE('',#8779,#8827,#8829,.T.);
#8827 = VERTEX_POINT('',#8828);
#8828 = CARTESIAN_POINT('',(-7.644269704835,3.241621483791,23.));
#8829 = LINE('',#8830,#8831);
#8830 = CARTESIAN_POINT('',(-7.644269704835,-1.751173905258,23.));
#8831 = VECTOR('',#8832,1.);
#8832 = DIRECTION('',(0.,1.,0.));
#8833 = ORIENTED_EDGE('',*,*,#8834,.F.);
#8834 = EDGE_CURVE('',#2215,#8827,#8835,.T.);
#8835 = LINE('',#8836,#8837);
#8836 = CARTESIAN_POINT('',(-7.644269704835,3.241621483791,25.));
#8837 = VECTOR('',#8838,1.);
#8838 = DIRECTION('',(-0.,-0.,-1.));
#8839 = ORIENTED_EDGE('',*,*,#2214,.F.);
#8840 = PLANE('',#8841);
#8841 = AXIS2_PLACEMENT_3D('',#8842,#8843,#8844);
#8842 = CARTESIAN_POINT('',(-7.644269704835,-1.751173905258,25.));
#8843 = DIRECTION('',(1.,0.,0.));
#8844 = DIRECTION('',(0.,1.,0.));
#8845 = ADVANCED_FACE('',(#8846),#8864,.T.);
#8846 = FACE_BOUND('',#8847,.T.);
#8847 = EDGE_LOOP('',(#8848,#8856,#8862,#8863));
#8848 = ORIENTED_EDGE('',*,*,#8849,.T.);
#8849 = EDGE_CURVE('',#2319,#8850,#8852,.T.);
#8850 = VERTEX_POINT('',#8851);
#8851 = CARTESIAN_POINT('',(-4.782688292731,-1.702767925431,23.));
#8852 = LINE('',#8853,#8854);
#8853 = CARTESIAN_POINT('',(-4.782688292731,-1.702767925431,25.));
#8854 = VECTOR('',#8855,1.);
#8855 = DIRECTION('',(-0.,-0.,-1.));
#8856 = ORIENTED_EDGE('',*,*,#8857,.T.);
#8857 = EDGE_CURVE('',#8850,#8802,#8858,.T.);
#8858 = B_SPLINE_CURVE_WITH_KNOTS('',2,(#8859,#8860,#8861),
  .UNSPECIFIED.,.F.,.F.,(3,3),(0.,1.),.PIECEWISE_BEZIER_KNOTS.);
#8859 = CARTESIAN_POINT('',(-4.782688292731,-1.702767925431,23.));
#8860 = CARTESIAN_POINT('',(-4.867342471406,-1.654361945604,23.));
#8861 = CARTESIAN_POINT('',(-4.926105079475,-1.564529452808,23.));
#8862 = ORIENTED_EDGE('',*,*,#8801,.F.);
#8863 = ORIENTED_EDGE('',*,*,#2326,.F.);
#8864 = SURFACE_OF_LINEAR_EXTRUSION('',#8865,#8869);
#8865 = B_SPLINE_CURVE_WITH_KNOTS('',2,(#8866,#8867,#8868),
  .UNSPECIFIED.,.F.,.F.,(3,3),(0.,1.),.PIECEWISE_BEZIER_KNOTS.);
#8866 = CARTESIAN_POINT('',(-4.782688292731,-1.702767925431,25.));
#8867 = CARTESIAN_POINT('',(-4.867342471406,-1.654361945604,25.));
#8868 = CARTESIAN_POINT('',(-4.926105079475,-1.564529452808,25.));
#8869 = VECTOR('',#8870,1.);
#8870 = DIRECTION('',(0.,0.,1.));
#8871 = ADVANCED_FACE('',(#8872),#8890,.T.);
#8872 = FACE_BOUND('',#8873,.T.);
#8873 = EDGE_LOOP('',(#8874,#8875,#8883,#8889));
#8874 = ORIENTED_EDGE('',*,*,#8834,.T.);
#8875 = ORIENTED_EDGE('',*,*,#8876,.T.);
#8876 = EDGE_CURVE('',#8827,#8877,#8879,.T.);
#8877 = VERTEX_POINT('',#8878);
#8878 = CARTESIAN_POINT('',(-6.119143624143,3.241621483791,23.));
#8879 = LINE('',#8880,#8881);
#8880 = CARTESIAN_POINT('',(-7.644269704835,3.241621483791,23.));
#8881 = VECTOR('',#8882,1.);
#8882 = DIRECTION('',(1.,0.,0.));
#8883 = ORIENTED_EDGE('',*,*,#8884,.F.);
#8884 = EDGE_CURVE('',#2223,#8877,#8885,.T.);
#8885 = LINE('',#8886,#8887);
#8886 = CARTESIAN_POINT('',(-6.119143624143,3.241621483791,25.));
#8887 = VECTOR('',#8888,1.);
#8888 = DIRECTION('',(-0.,-0.,-1.));
#8889 = ORIENTED_EDGE('',*,*,#2222,.F.);
#8890 = PLANE('',#8891);
#8891 = AXIS2_PLACEMENT_3D('',#8892,#8893,#8894);
#8892 = CARTESIAN_POINT('',(-7.644269704835,3.241621483791,25.));
#8893 = DIRECTION('',(0.,-1.,0.));
#8894 = DIRECTION('',(1.,0.,0.));
#8895 = ADVANCED_FACE('',(#8896),#8914,.T.);
#8896 = FACE_BOUND('',#8897,.T.);
#8897 = EDGE_LOOP('',(#8898,#8906,#8912,#8913));
#8898 = ORIENTED_EDGE('',*,*,#8899,.T.);
#8899 = EDGE_CURVE('',#2311,#8900,#8902,.T.);
#8900 = VERTEX_POINT('',#8901);
#8901 = CARTESIAN_POINT('',(-4.576906592443,-1.751173905258,23.));
#8902 = LINE('',#8903,#8904);
#8903 = CARTESIAN_POINT('',(-4.576906592443,-1.751173905258,25.));
#8904 = VECTOR('',#8905,1.);
#8905 = DIRECTION('',(-0.,-0.,-1.));
#8906 = ORIENTED_EDGE('',*,*,#8907,.T.);
#8907 = EDGE_CURVE('',#8900,#8850,#8908,.T.);
#8908 = B_SPLINE_CURVE_WITH_KNOTS('',2,(#8909,#8910,#8911),
  .UNSPECIFIED.,.F.,.F.,(3,3),(0.,1.),.PIECEWISE_BEZIER_KNOTS.);
#8909 = CARTESIAN_POINT('',(-4.576906592443,-1.751173905258,23.));
#8910 = CARTESIAN_POINT('',(-4.697808969965,-1.751173905258,23.));
#8911 = CARTESIAN_POINT('',(-4.782688292731,-1.702767925431,23.));
#8912 = ORIENTED_EDGE('',*,*,#8849,.F.);
#8913 = ORIENTED_EDGE('',*,*,#2318,.F.);
#8914 = SURFACE_OF_LINEAR_EXTRUSION('',#8915,#8919);
#8915 = B_SPLINE_CURVE_WITH_KNOTS('',2,(#8916,#8917,#8918),
  .UNSPECIFIED.,.F.,.F.,(3,3),(0.,1.),.PIECEWISE_BEZIER_KNOTS.);
#8916 = CARTESIAN_POINT('',(-4.576906592443,-1.751173905258,25.));
#8917 = CARTESIAN_POINT('',(-4.697808969965,-1.751173905258,25.));
#8918 = CARTESIAN_POINT('',(-4.782688292731,-1.702767925431,25.));
#8919 = VECTOR('',#8920,1.);
#8920 = DIRECTION('',(0.,0.,1.));
#8921 = ADVANCED_FACE('',(#8922),#8940,.T.);
#8922 = FACE_BOUND('',#8923,.T.);
#8923 = EDGE_LOOP('',(#8924,#8925,#8933,#8939));
#8924 = ORIENTED_EDGE('',*,*,#8884,.T.);
#8925 = ORIENTED_EDGE('',*,*,#8926,.T.);
#8926 = EDGE_CURVE('',#8877,#8927,#8929,.T.);
#8927 = VERTEX_POINT('',#8928);
#8928 = CARTESIAN_POINT('',(-5.242657673135,3.136254048633,23.));
#8929 = B_SPLINE_CURVE_WITH_KNOTS('',2,(#8930,#8931,#8932),
  .UNSPECIFIED.,.F.,.F.,(3,3),(0.,1.),.PIECEWISE_BEZIER_KNOTS.);
#8930 = CARTESIAN_POINT('',(-6.119143624143,3.241621483791,23.));
#8931 = CARTESIAN_POINT('',(-5.60739110253,3.241621483791,23.));
#8932 = CARTESIAN_POINT('',(-5.242657673135,3.136254048633,23.));
#8933 = ORIENTED_EDGE('',*,*,#8934,.F.);
#8934 = EDGE_CURVE('',#2231,#8927,#8935,.T.);
#8935 = LINE('',#8936,#8937);
#8936 = CARTESIAN_POINT('',(-5.242657673135,3.136254048633,25.));
#8937 = VECTOR('',#8938,1.);
#8938 = DIRECTION('',(-0.,-0.,-1.));
#8939 = ORIENTED_EDGE('',*,*,#2230,.F.);
#8940 = SURFACE_OF_LINEAR_EXTRUSION('',#8941,#8945);
#8941 = B_SPLINE_CURVE_WITH_KNOTS('',2,(#8942,#8943,#8944),
  .UNSPECIFIED.,.F.,.F.,(3,3),(0.,1.),.PIECEWISE_BEZIER_KNOTS.);
#8942 = CARTESIAN_POINT('',(-6.119143624143,3.241621483791,25.));
#8943 = CARTESIAN_POINT('',(-5.60739110253,3.241621483791,25.));
#8944 = CARTESIAN_POINT('',(-5.242657673135,3.136254048633,25.));
#8945 = VECTOR('',#8946,1.);
#8946 = DIRECTION('',(0.,0.,1.));
#8947 = ADVANCED_FACE('',(#8948),#8966,.T.);
#8948 = FACE_BOUND('',#8949,.T.);
#8949 = EDGE_LOOP('',(#8950,#8958,#8964,#8965));
#8950 = ORIENTED_EDGE('',*,*,#8951,.T.);
#8951 = EDGE_CURVE('',#2303,#8952,#8954,.T.);
#8952 = VERTEX_POINT('',#8953);
#8953 = CARTESIAN_POINT('',(-3.740046001665,-1.751173905258,23.));
#8954 = LINE('',#8955,#8956);
#8955 = CARTESIAN_POINT('',(-3.740046001665,-1.751173905258,25.));
#8956 = VECTOR('',#8957,1.);
#8957 = DIRECTION('',(-0.,-0.,-1.));
#8958 = ORIENTED_EDGE('',*,*,#8959,.T.);
#8959 = EDGE_CURVE('',#8952,#8900,#8960,.T.);
#8960 = LINE('',#8961,#8962);
#8961 = CARTESIAN_POINT('',(-3.740046001665,-1.751173905258,23.));
#8962 = VECTOR('',#8963,1.);
#8963 = DIRECTION('',(-1.,0.,0.));
#8964 = ORIENTED_EDGE('',*,*,#8899,.F.);
#8965 = ORIENTED_EDGE('',*,*,#2310,.F.);
#8966 = PLANE('',#8967);
#8967 = AXIS2_PLACEMENT_3D('',#8968,#8969,#8970);
#8968 = CARTESIAN_POINT('',(-3.740046001665,-1.751173905258,25.));
#8969 = DIRECTION('',(0.,1.,0.));
#8970 = DIRECTION('',(-1.,0.,0.));
#8971 = ADVANCED_FACE('',(#8972),#8990,.T.);
#8972 = FACE_BOUND('',#8973,.T.);
#8973 = EDGE_LOOP('',(#8974,#8975,#8983,#8989));
#8974 = ORIENTED_EDGE('',*,*,#8934,.T.);
#8975 = ORIENTED_EDGE('',*,*,#8976,.T.);
#8976 = EDGE_CURVE('',#8927,#8977,#8979,.T.);
#8977 = VERTEX_POINT('',#8978);
#8978 = CARTESIAN_POINT('',(-4.644449820109,2.840864999641,23.));
#8979 = B_SPLINE_CURVE_WITH_KNOTS('',2,(#8980,#8981,#8982),
  .UNSPECIFIED.,.F.,.F.,(3,3),(0.,1.),.PIECEWISE_BEZIER_KNOTS.);
#8980 = CARTESIAN_POINT('',(-5.242657673135,3.136254048633,23.));
#8981 = CARTESIAN_POINT('',(-4.877699099648,3.030886613474,23.));
#8982 = CARTESIAN_POINT('',(-4.644449820109,2.840864999641,23.));
#8983 = ORIENTED_EDGE('',*,*,#8984,.F.);
#8984 = EDGE_CURVE('',#2239,#8977,#8985,.T.);
#8985 = LINE('',#8986,#8987);
#8986 = CARTESIAN_POINT('',(-4.644449820109,2.840864999641,25.));
#8987 = VECTOR('',#8988,1.);
#8988 = DIRECTION('',(-0.,-0.,-1.));
#8989 = ORIENTED_EDGE('',*,*,#2238,.F.);
#8990 = SURFACE_OF_LINEAR_EXTRUSION('',#8991,#8995);
#8991 = B_SPLINE_CURVE_WITH_KNOTS('',2,(#8992,#8993,#8994),
  .UNSPECIFIED.,.F.,.F.,(3,3),(0.,1.),.PIECEWISE_BEZIER_KNOTS.);
#8992 = CARTESIAN_POINT('',(-5.242657673135,3.136254048633,25.));
#8993 = CARTESIAN_POINT('',(-4.877699099648,3.030886613474,25.));
#8994 = CARTESIAN_POINT('',(-4.644449820109,2.840864999641,25.));
#8995 = VECTOR('',#8996,1.);
#8996 = DIRECTION('',(0.,0.,1.));
#8997 = ADVANCED_FACE('',(#8998),#9016,.T.);
#8998 = FACE_BOUND('',#8999,.T.);
#8999 = EDGE_LOOP('',(#9000,#9008,#9014,#9015));
#9000 = ORIENTED_EDGE('',*,*,#9001,.T.);
#9001 = EDGE_CURVE('',#2295,#9002,#9004,.T.);
#9002 = VERTEX_POINT('',#9003);
#9003 = CARTESIAN_POINT('',(-4.991847154403,9.208077773924E-02,23.));
#9004 = LINE('',#9005,#9006);
#9005 = CARTESIAN_POINT('',(-4.991847154403,9.208077773924E-02,25.));
#9006 = VECTOR('',#9007,1.);
#9007 = DIRECTION('',(-0.,-0.,-1.));
#9008 = ORIENTED_EDGE('',*,*,#9009,.T.);
#9009 = EDGE_CURVE('',#9002,#8952,#9010,.T.);
#9010 = LINE('',#9011,#9012);
#9011 = CARTESIAN_POINT('',(-4.991847154403,9.208077773924E-02,23.));
#9012 = VECTOR('',#9013,1.);
#9013 = DIRECTION('',(0.561815193865,-0.827262768377,0.));
#9014 = ORIENTED_EDGE('',*,*,#8951,.F.);
#9015 = ORIENTED_EDGE('',*,*,#2302,.F.);
#9016 = PLANE('',#9017);
#9017 = AXIS2_PLACEMENT_3D('',#9018,#9019,#9020);
#9018 = CARTESIAN_POINT('',(-4.991847154403,9.208077773924E-02,25.));
#9019 = DIRECTION('',(-0.827262768377,-0.561815193865,0.));
#9020 = DIRECTION('',(0.561815193865,-0.827262768377,0.));
#9021 = ADVANCED_FACE('',(#9022),#9040,.T.);
#9022 = FACE_BOUND('',#9023,.T.);
#9023 = EDGE_LOOP('',(#9024,#9025,#9033,#9039));
#9024 = ORIENTED_EDGE('',*,*,#8984,.T.);
#9025 = ORIENTED_EDGE('',*,*,#9026,.T.);
#9026 = EDGE_CURVE('',#8977,#9027,#9029,.T.);
#9027 = VERTEX_POINT('',#9028);
#9028 = CARTESIAN_POINT('',(-4.302005655844,2.386749365635,23.));
#9029 = B_SPLINE_CURVE_WITH_KNOTS('',2,(#9030,#9031,#9032),
  .UNSPECIFIED.,.F.,.F.,(3,3),(0.,1.),.PIECEWISE_BEZIER_KNOTS.);
#9030 = CARTESIAN_POINT('',(-4.644449820109,2.840864999641,23.));
#9031 = CARTESIAN_POINT('',(-4.410975396478,2.651068529901,23.));
#9032 = CARTESIAN_POINT('',(-4.302005655844,2.386749365635,23.));
#9033 = ORIENTED_EDGE('',*,*,#9034,.F.);
#9034 = EDGE_CURVE('',#2247,#9027,#9035,.T.);
#9035 = LINE('',#9036,#9037);
#9036 = CARTESIAN_POINT('',(-4.302005655844,2.386749365635,25.));
#9037 = VECTOR('',#9038,1.);
#9038 = DIRECTION('',(-0.,-0.,-1.));
#9039 = ORIENTED_EDGE('',*,*,#2246,.F.);
#9040 = SURFACE_OF_LINEAR_EXTRUSION('',#9041,#9045);
#9041 = B_SPLINE_CURVE_WITH_KNOTS('',2,(#9042,#9043,#9044),
  .UNSPECIFIED.,.F.,.F.,(3,3),(0.,1.),.PIECEWISE_BEZIER_KNOTS.);
#9042 = CARTESIAN_POINT('',(-4.644449820109,2.840864999641,25.));
#9043 = CARTESIAN_POINT('',(-4.410975396478,2.651068529901,25.));
#9044 = CARTESIAN_POINT('',(-4.302005655844,2.386749365635,25.));
#9045 = VECTOR('',#9046,1.);
#9046 = DIRECTION('',(0.,0.,1.));
#9047 = ADVANCED_FACE('',(#9048),#9066,.T.);
#9048 = FACE_BOUND('',#9049,.T.);
#9049 = EDGE_LOOP('',(#9050,#9058,#9064,#9065));
#9050 = ORIENTED_EDGE('',*,*,#9051,.T.);
#9051 = EDGE_CURVE('',#2287,#9052,#9054,.T.);
#9052 = VERTEX_POINT('',#9053);
#9053 = CARTESIAN_POINT('',(-5.296241967083,0.378464063042,23.));
#9054 = LINE('',#9055,#9056);
#9055 = CARTESIAN_POINT('',(-5.296241967083,0.378464063042,25.));
#9056 = VECTOR('',#9057,1.);
#9057 = DIRECTION('',(-0.,-0.,-1.));
#9058 = ORIENTED_EDGE('',*,*,#9059,.T.);
#9059 = EDGE_CURVE('',#9052,#9002,#9060,.T.);
#9060 = B_SPLINE_CURVE_WITH_KNOTS('',2,(#9061,#9062,#9063),
  .UNSPECIFIED.,.F.,.F.,(3,3),(0.,1.),.PIECEWISE_BEZIER_KNOTS.);
#9061 = CARTESIAN_POINT('',(-5.296241967083,0.378464063042,23.));
#9062 = CARTESIAN_POINT('',(-5.119728998783,0.278274942004,23.));
#9063 = CARTESIAN_POINT('',(-4.991847154403,9.208077773924E-02,23.));
#9064 = ORIENTED_EDGE('',*,*,#9001,.F.);
#9065 = ORIENTED_EDGE('',*,*,#2294,.F.);
#9066 = SURFACE_OF_LINEAR_EXTRUSION('',#9067,#9071);
#9067 = B_SPLINE_CURVE_WITH_KNOTS('',2,(#9068,#9069,#9070),
  .UNSPECIFIED.,.F.,.F.,(3,3),(0.,1.),.PIECEWISE_BEZIER_KNOTS.);
#9068 = CARTESIAN_POINT('',(-5.296241967083,0.378464063042,25.));
#9069 = CARTESIAN_POINT('',(-5.119728998783,0.278274942004,25.));
#9070 = CARTESIAN_POINT('',(-4.991847154403,9.208077773924E-02,25.));
#9071 = VECTOR('',#9072,1.);
#9072 = DIRECTION('',(0.,0.,1.));
#9073 = ADVANCED_FACE('',(#9074),#9092,.T.);
#9074 = FACE_BOUND('',#9075,.T.);
#9075 = EDGE_LOOP('',(#9076,#9077,#9085,#9091));
#9076 = ORIENTED_EDGE('',*,*,#9034,.T.);
#9077 = ORIENTED_EDGE('',*,*,#9078,.T.);
#9078 = EDGE_CURVE('',#9027,#9079,#9081,.T.);
#9079 = VERTEX_POINT('',#9080);
#9080 = CARTESIAN_POINT('',(-4.19303591521,1.804751887249,23.));
#9081 = B_SPLINE_CURVE_WITH_KNOTS('',2,(#9082,#9083,#9084),
  .UNSPECIFIED.,.F.,.F.,(3,3),(0.,1.),.PIECEWISE_BEZIER_KNOTS.);
#9082 = CARTESIAN_POINT('',(-4.302005655844,2.386749365635,23.));
#9083 = CARTESIAN_POINT('',(-4.19303591521,2.122655345463,23.));
#9084 = CARTESIAN_POINT('',(-4.19303591521,1.804751887249,23.));
#9085 = ORIENTED_EDGE('',*,*,#9086,.F.);
#9086 = EDGE_CURVE('',#2255,#9079,#9087,.T.);
#9087 = LINE('',#9088,#9089);
#9088 = CARTESIAN_POINT('',(-4.19303591521,1.804751887249,25.));
#9089 = VECTOR('',#9090,1.);
#9090 = DIRECTION('',(-0.,-0.,-1.));
#9091 = ORIENTED_EDGE('',*,*,#2254,.F.);
#9092 = SURFACE_OF_LINEAR_EXTRUSION('',#9093,#9097);
#9093 = B_SPLINE_CURVE_WITH_KNOTS('',2,(#9094,#9095,#9096),
  .UNSPECIFIED.,.F.,.F.,(3,3),(0.,1.),.PIECEWISE_BEZIER_KNOTS.);
#9094 = CARTESIAN_POINT('',(-4.302005655844,2.386749365635,25.));
#9095 = CARTESIAN_POINT('',(-4.19303591521,2.122655345463,25.));
#9096 = CARTESIAN_POINT('',(-4.19303591521,1.804751887249,25.));
#9097 = VECTOR('',#9098,1.);
#9098 = DIRECTION('',(0.,0.,1.));
#9099 = ADVANCED_FACE('',(#9100),#9118,.T.);
#9100 = FACE_BOUND('',#9101,.T.);
#9101 = EDGE_LOOP('',(#9102,#9110,#9116,#9117));
#9102 = ORIENTED_EDGE('',*,*,#9103,.T.);
#9103 = EDGE_CURVE('',#2279,#9104,#9106,.T.);
#9104 = VERTEX_POINT('',#9105);
#9105 = CARTESIAN_POINT('',(-4.827717111175,0.599330417509,23.));
#9106 = LINE('',#9107,#9108);
#9107 = CARTESIAN_POINT('',(-4.827717111175,0.599330417509,25.));
#9108 = VECTOR('',#9109,1.);
#9109 = DIRECTION('',(-0.,-0.,-1.));
#9110 = ORIENTED_EDGE('',*,*,#9111,.T.);
#9111 = EDGE_CURVE('',#9104,#9052,#9112,.T.);
#9112 = B_SPLINE_CURVE_WITH_KNOTS('',2,(#9113,#9114,#9115),
  .UNSPECIFIED.,.F.,.F.,(3,3),(0.,1.),.PIECEWISE_BEZIER_KNOTS.);
#9113 = CARTESIAN_POINT('',(-4.827717111175,0.599330417509,23.));
#9114 = CARTESIAN_POINT('',(-5.033273667371,0.461317088978,23.));
#9115 = CARTESIAN_POINT('',(-5.296241967083,0.378464063042,23.));
#9116 = ORIENTED_EDGE('',*,*,#9051,.F.);
#9117 = ORIENTED_EDGE('',*,*,#2286,.F.);
#9118 = SURFACE_OF_LINEAR_EXTRUSION('',#9119,#9123);
#9119 = B_SPLINE_CURVE_WITH_KNOTS('',2,(#9120,#9121,#9122),
  .UNSPECIFIED.,.F.,.F.,(3,3),(0.,1.),.PIECEWISE_BEZIER_KNOTS.);
#9120 = CARTESIAN_POINT('',(-4.827717111175,0.599330417509,25.));
#9121 = CARTESIAN_POINT('',(-5.033273667371,0.461317088978,25.));
#9122 = CARTESIAN_POINT('',(-5.296241967083,0.378464063042,25.));
#9123 = VECTOR('',#9124,1.);
#9124 = DIRECTION('',(0.,0.,1.));
#9125 = ADVANCED_FACE('',(#9126),#9144,.T.);
#9126 = FACE_BOUND('',#9127,.T.);
#9127 = EDGE_LOOP('',(#9128,#9129,#9137,#9143));
#9128 = ORIENTED_EDGE('',*,*,#9086,.T.);
#9129 = ORIENTED_EDGE('',*,*,#9130,.T.);
#9130 = EDGE_CURVE('',#9079,#9131,#9133,.T.);
#9131 = VERTEX_POINT('',#9132);
#9132 = CARTESIAN_POINT('',(-4.267333465642,1.328121844022,23.));
#9133 = B_SPLINE_CURVE_WITH_KNOTS('',2,(#9134,#9135,#9136),
  .UNSPECIFIED.,.F.,.F.,(3,3),(0.,1.),.PIECEWISE_BEZIER_KNOTS.);
#9134 = CARTESIAN_POINT('',(-4.19303591521,1.804751887249,23.));
#9135 = CARTESIAN_POINT('',(-4.19303591521,1.552815648056,23.));
#9136 = CARTESIAN_POINT('',(-4.267333465642,1.328121844022,23.));
#9137 = ORIENTED_EDGE('',*,*,#9138,.F.);
#9138 = EDGE_CURVE('',#2263,#9131,#9139,.T.);
#9139 = LINE('',#9140,#9141);
#9140 = CARTESIAN_POINT('',(-4.267333465642,1.328121844022,25.));
#9141 = VECTOR('',#9142,1.);
#9142 = DIRECTION('',(-0.,-0.,-1.));
#9143 = ORIENTED_EDGE('',*,*,#2262,.F.);
#9144 = SURFACE_OF_LINEAR_EXTRUSION('',#9145,#9149);
#9145 = B_SPLINE_CURVE_WITH_KNOTS('',2,(#9146,#9147,#9148),
  .UNSPECIFIED.,.F.,.F.,(3,3),(0.,1.),.PIECEWISE_BEZIER_KNOTS.);
#9146 = CARTESIAN_POINT('',(-4.19303591521,1.804751887249,25.));
#9147 = CARTESIAN_POINT('',(-4.19303591521,1.552815648056,25.));
#9148 = CARTESIAN_POINT('',(-4.267333465642,1.328121844022,25.));
#9149 = VECTOR('',#9150,1.);
#9150 = DIRECTION('',(0.,0.,1.));
#9151 = ADVANCED_FACE('',(#9152),#9170,.T.);
#9152 = FACE_BOUND('',#9153,.T.);
#9153 = EDGE_LOOP('',(#9154,#9162,#9168,#9169));
#9154 = ORIENTED_EDGE('',*,*,#9155,.T.);
#9155 = EDGE_CURVE('',#2271,#9156,#9158,.T.);
#9156 = VERTEX_POINT('',#9157);
#9157 = CARTESIAN_POINT('',(-4.481895785527,0.920611037105,23.));
#9158 = LINE('',#9159,#9160);
#9159 = CARTESIAN_POINT('',(-4.481895785527,0.920611037105,25.));
#9160 = VECTOR('',#9161,1.);
#9161 = DIRECTION('',(-0.,-0.,-1.));
#9162 = ORIENTED_EDGE('',*,*,#9163,.T.);
#9163 = EDGE_CURVE('',#9156,#9104,#9164,.T.);
#9164 = B_SPLINE_CURVE_WITH_KNOTS('',2,(#9165,#9166,#9167),
  .UNSPECIFIED.,.F.,.F.,(3,3),(0.,1.),.PIECEWISE_BEZIER_KNOTS.);
#9165 = CARTESIAN_POINT('',(-4.481895785527,0.920611037105,23.));
#9166 = CARTESIAN_POINT('',(-4.621935410887,0.737568890131,23.));
#9167 = CARTESIAN_POINT('',(-4.827717111175,0.599330417509,23.));
#9168 = ORIENTED_EDGE('',*,*,#9103,.F.);
#9169 = ORIENTED_EDGE('',*,*,#2278,.F.);
#9170 = SURFACE_OF_LINEAR_EXTRUSION('',#9171,#9175);
#9171 = B_SPLINE_CURVE_WITH_KNOTS('',2,(#9172,#9173,#9174),
  .UNSPECIFIED.,.F.,.F.,(3,3),(0.,1.),.PIECEWISE_BEZIER_KNOTS.);
#9172 = CARTESIAN_POINT('',(-4.481895785527,0.920611037105,25.));
#9173 = CARTESIAN_POINT('',(-4.621935410887,0.737568890131,25.));
#9174 = CARTESIAN_POINT('',(-4.827717111175,0.599330417509,25.));
#9175 = VECTOR('',#9176,1.);
#9176 = DIRECTION('',(0.,0.,1.));
#9177 = ADVANCED_FACE('',(#9178),#9189,.T.);
#9178 = FACE_BOUND('',#9179,.T.);
#9179 = EDGE_LOOP('',(#9180,#9181,#9187,#9188));
#9180 = ORIENTED_EDGE('',*,*,#9138,.T.);
#9181 = ORIENTED_EDGE('',*,*,#9182,.T.);
#9182 = EDGE_CURVE('',#9131,#9156,#9183,.T.);
#9183 = B_SPLINE_CURVE_WITH_KNOTS('',2,(#9184,#9185,#9186),
  .UNSPECIFIED.,.F.,.F.,(3,3),(0.,1.),.PIECEWISE_BEZIER_KNOTS.);
#9184 = CARTESIAN_POINT('',(-4.267333465642,1.328121844022,23.));
#9185 = CARTESIAN_POINT('',(-4.341631016074,1.103653184079,23.));
#9186 = CARTESIAN_POINT('',(-4.481895785527,0.920611037105,23.));
#9187 = ORIENTED_EDGE('',*,*,#9155,.F.);
#9188 = ORIENTED_EDGE('',*,*,#2270,.F.);
#9189 = SURFACE_OF_LINEAR_EXTRUSION('',#9190,#9194);
#9190 = B_SPLINE_CURVE_WITH_KNOTS('',2,(#9191,#9192,#9193),
  .UNSPECIFIED.,.F.,.F.,(3,3),(0.,1.),.PIECEWISE_BEZIER_KNOTS.);
#9191 = CARTESIAN_POINT('',(-4.267333465642,1.328121844022,25.));
#9192 = CARTESIAN_POINT('',(-4.341631016074,1.103653184079,25.));
#9193 = CARTESIAN_POINT('',(-4.481895785527,0.920611037105,25.));
#9194 = VECTOR('',#9195,1.);
#9195 = DIRECTION('',(0.,0.,1.));
#9196 = ADVANCED_FACE('',(#9197),#9222,.T.);
#9197 = FACE_BOUND('',#9198,.T.);
#9198 = EDGE_LOOP('',(#9199,#9207,#9215,#9221));
#9199 = ORIENTED_EDGE('',*,*,#9200,.T.);
#9200 = EDGE_CURVE('',#2359,#9201,#9203,.T.);
#9201 = VERTEX_POINT('',#9202);
#9202 = CARTESIAN_POINT('',(-2.206814733654,3.039892377163,23.));
#9203 = LINE('',#9204,#9205);
#9204 = CARTESIAN_POINT('',(-2.206814733654,3.039892377163,25.));
#9205 = VECTOR('',#9206,1.);
#9206 = DIRECTION('',(-0.,-0.,-1.));
#9207 = ORIENTED_EDGE('',*,*,#9208,.T.);
#9208 = EDGE_CURVE('',#9201,#9209,#9211,.T.);
#9209 = VERTEX_POINT('',#9210);
#9210 = CARTESIAN_POINT('',(-2.16178591521,2.825780345463,23.));
#9211 = B_SPLINE_CURVE_WITH_KNOTS('',2,(#9212,#9213,#9214),
  .UNSPECIFIED.,.F.,.F.,(3,3),(0.,1.),.PIECEWISE_BEZIER_KNOTS.);
#9212 = CARTESIAN_POINT('',(-2.206814733654,3.039892377163,23.));
#9213 = CARTESIAN_POINT('',(-2.16178591521,2.939703256125,23.));
#9214 = CARTESIAN_POINT('',(-2.16178591521,2.825780345463,23.));
#9215 = ORIENTED_EDGE('',*,*,#9216,.F.);
#9216 = EDGE_CURVE('',#2361,#9209,#9217,.T.);
#9217 = LINE('',#9218,#9219);
#9218 = CARTESIAN_POINT('',(-2.16178591521,2.825780345463,25.));
#9219 = VECTOR('',#9220,1.);
#9220 = DIRECTION('',(-0.,-0.,-1.));
#9221 = ORIENTED_EDGE('',*,*,#2358,.F.);
#9222 = SURFACE_OF_LINEAR_EXTRUSION('',#9223,#9227);
#9223 = B_SPLINE_CURVE_WITH_KNOTS('',2,(#9224,#9225,#9226),
  .UNSPECIFIED.,.F.,.F.,(3,3),(0.,1.),.PIECEWISE_BEZIER_KNOTS.);
#9224 = CARTESIAN_POINT('',(-2.206814733654,3.039892377163,25.));
#9225 = CARTESIAN_POINT('',(-2.16178591521,2.939703256125,25.));
#9226 = CARTESIAN_POINT('',(-2.16178591521,2.825780345463,25.));
#9227 = VECTOR('',#9228,1.);
#9228 = DIRECTION('',(0.,0.,1.));
#9229 = ADVANCED_FACE('',(#9230),#9248,.T.);
#9230 = FACE_BOUND('',#9231,.T.);
#9231 = EDGE_LOOP('',(#9232,#9240,#9246,#9247));
#9232 = ORIENTED_EDGE('',*,*,#9233,.T.);
#9233 = EDGE_CURVE('',#2473,#9234,#9236,.T.);
#9234 = VERTEX_POINT('',#9235);
#9235 = CARTESIAN_POINT('',(-2.32614110253,3.212577895895,23.));
#9236 = LINE('',#9237,#9238);
#9237 = CARTESIAN_POINT('',(-2.32614110253,3.212577895895,25.));
#9238 = VECTOR('',#9239,1.);
#9239 = DIRECTION('',(-0.,-0.,-1.));
#9240 = ORIENTED_EDGE('',*,*,#9241,.T.);
#9241 = EDGE_CURVE('',#9234,#9201,#9242,.T.);
#9242 = B_SPLINE_CURVE_WITH_KNOTS('',2,(#9243,#9244,#9245),
  .UNSPECIFIED.,.F.,.F.,(3,3),(0.,1.),.PIECEWISE_BEZIER_KNOTS.);
#9243 = CARTESIAN_POINT('',(-2.32614110253,3.212577895895,23.));
#9244 = CARTESIAN_POINT('',(-2.251843552097,3.1400814982,23.));
#9245 = CARTESIAN_POINT('',(-2.206814733654,3.039892377163,23.));
#9246 = ORIENTED_EDGE('',*,*,#9200,.F.);
#9247 = ORIENTED_EDGE('',*,*,#2480,.F.);
#9248 = SURFACE_OF_LINEAR_EXTRUSION('',#9249,#9253);
#9249 = B_SPLINE_CURVE_WITH_KNOTS('',2,(#9250,#9251,#9252),
  .UNSPECIFIED.,.F.,.F.,(3,3),(0.,1.),.PIECEWISE_BEZIER_KNOTS.);
#9250 = CARTESIAN_POINT('',(-2.32614110253,3.212577895895,25.));
#9251 = CARTESIAN_POINT('',(-2.251843552097,3.1400814982,25.));
#9252 = CARTESIAN_POINT('',(-2.206814733654,3.039892377163,25.));
#9253 = VECTOR('',#9254,1.);
#9254 = DIRECTION('',(0.,0.,1.));
#9255 = ADVANCED_FACE('',(#9256),#9274,.T.);
#9256 = FACE_BOUND('',#9257,.T.);
#9257 = EDGE_LOOP('',(#9258,#9259,#9267,#9273));
#9258 = ORIENTED_EDGE('',*,*,#9216,.T.);
#9259 = ORIENTED_EDGE('',*,*,#9260,.T.);
#9260 = EDGE_CURVE('',#9209,#9261,#9263,.T.);
#9261 = VERTEX_POINT('',#9262);
#9262 = CARTESIAN_POINT('',(-2.206814733654,2.618422636529,23.));
#9263 = B_SPLINE_CURVE_WITH_KNOTS('',2,(#9264,#9265,#9266),
  .UNSPECIFIED.,.F.,.F.,(3,3),(0.,1.),.PIECEWISE_BEZIER_KNOTS.);
#9264 = CARTESIAN_POINT('',(-2.16178591521,2.825780345463,23.));
#9265 = CARTESIAN_POINT('',(-2.16178591521,2.715234596183,23.));
#9266 = CARTESIAN_POINT('',(-2.206814733654,2.618422636529,23.));
#9267 = ORIENTED_EDGE('',*,*,#9268,.F.);
#9268 = EDGE_CURVE('',#2369,#9261,#9269,.T.);
#9269 = LINE('',#9270,#9271);
#9270 = CARTESIAN_POINT('',(-2.206814733654,2.618422636529,25.));
#9271 = VECTOR('',#9272,1.);
#9272 = DIRECTION('',(-0.,-0.,-1.));
#9273 = ORIENTED_EDGE('',*,*,#2368,.F.);
#9274 = SURFACE_OF_LINEAR_EXTRUSION('',#9275,#9279);
#9275 = B_SPLINE_CURVE_WITH_KNOTS('',2,(#9276,#9277,#9278),
  .UNSPECIFIED.,.F.,.F.,(3,3),(0.,1.),.PIECEWISE_BEZIER_KNOTS.);
#9276 = CARTESIAN_POINT('',(-2.16178591521,2.825780345463,25.));
#9277 = CARTESIAN_POINT('',(-2.16178591521,2.715234596183,25.));
#9278 = CARTESIAN_POINT('',(-2.206814733654,2.618422636529,25.));
#9279 = VECTOR('',#9280,1.);
#9280 = DIRECTION('',(0.,0.,1.));
#9281 = ADVANCED_FACE('',(#9282),#9300,.T.);
#9282 = FACE_BOUND('',#9283,.T.);
#9283 = EDGE_LOOP('',(#9284,#9292,#9298,#9299));
#9284 = ORIENTED_EDGE('',*,*,#9285,.T.);
#9285 = EDGE_CURVE('',#2465,#9286,#9288,.T.);
#9286 = VERTEX_POINT('',#9287);
#9287 = CARTESIAN_POINT('',(-2.500852918092,3.328076815203,23.));
#9288 = LINE('',#9289,#9290);
#9289 = CARTESIAN_POINT('',(-2.500852918092,3.328076815203,25.));
#9290 = VECTOR('',#9291,1.);
#9291 = DIRECTION('',(-0.,-0.,-1.));
#9292 = ORIENTED_EDGE('',*,*,#9293,.T.);
#9293 = EDGE_CURVE('',#9286,#9234,#9294,.T.);
#9294 = B_SPLINE_CURVE_WITH_KNOTS('',2,(#9295,#9296,#9297),
  .UNSPECIFIED.,.F.,.F.,(3,3),(0.,1.),.PIECEWISE_BEZIER_KNOTS.);
#9295 = CARTESIAN_POINT('',(-2.500852918092,3.328076815203,23.));
#9296 = CARTESIAN_POINT('',(-2.400438652962,3.285074293589,23.));
#9297 = CARTESIAN_POINT('',(-2.32614110253,3.212577895895,23.));
#9298 = ORIENTED_EDGE('',*,*,#9233,.F.);
#9299 = ORIENTED_EDGE('',*,*,#2472,.F.);
#9300 = SURFACE_OF_LINEAR_EXTRUSION('',#9301,#9305);
#9301 = B_SPLINE_CURVE_WITH_KNOTS('',2,(#9302,#9303,#9304),
  .UNSPECIFIED.,.F.,.F.,(3,3),(0.,1.),.PIECEWISE_BEZIER_KNOTS.);
#9302 = CARTESIAN_POINT('',(-2.500852918092,3.328076815203,25.));
#9303 = CARTESIAN_POINT('',(-2.400438652962,3.285074293589,25.));
#9304 = CARTESIAN_POINT('',(-2.32614110253,3.212577895895,25.));
#9305 = VECTOR('',#9306,1.);
#9306 = DIRECTION('',(0.,0.,1.));
#9307 = ADVANCED_FACE('',(#9308),#9326,.T.);
#9308 = FACE_BOUND('',#9309,.T.);
#9309 = EDGE_LOOP('',(#9310,#9311,#9319,#9325));
#9310 = ORIENTED_EDGE('',*,*,#9268,.T.);
#9311 = ORIENTED_EDGE('',*,*,#9312,.T.);
#9312 = EDGE_CURVE('',#9261,#9313,#9315,.T.);
#9313 = VERTEX_POINT('',#9314);
#9314 = CARTESIAN_POINT('',(-2.32614110253,2.449339423272,23.));
#9315 = B_SPLINE_CURVE_WITH_KNOTS('',2,(#9316,#9317,#9318),
  .UNSPECIFIED.,.F.,.F.,(3,3),(0.,1.),.PIECEWISE_BEZIER_KNOTS.);
#9316 = CARTESIAN_POINT('',(-2.206814733654,2.618422636529,23.));
#9317 = CARTESIAN_POINT('',(-2.251843552097,2.521835820967,23.));
#9318 = CARTESIAN_POINT('',(-2.32614110253,2.449339423272,23.));
#9319 = ORIENTED_EDGE('',*,*,#9320,.F.);
#9320 = EDGE_CURVE('',#2377,#9313,#9321,.T.);
#9321 = LINE('',#9322,#9323);
#9322 = CARTESIAN_POINT('',(-2.32614110253,2.449339423272,25.));
#9323 = VECTOR('',#9324,1.);
#9324 = DIRECTION('',(-0.,-0.,-1.));
#9325 = ORIENTED_EDGE('',*,*,#2376,.F.);
#9326 = SURFACE_OF_LINEAR_EXTRUSION('',#9327,#9331);
#9327 = B_SPLINE_CURVE_WITH_KNOTS('',2,(#9328,#9329,#9330),
  .UNSPECIFIED.,.F.,.F.,(3,3),(0.,1.),.PIECEWISE_BEZIER_KNOTS.);
#9328 = CARTESIAN_POINT('',(-2.206814733654,2.618422636529,25.));
#9329 = CARTESIAN_POINT('',(-2.251843552097,2.521835820967,25.));
#9330 = CARTESIAN_POINT('',(-2.32614110253,2.449339423272,25.));
#9331 = VECTOR('',#9332,1.);
#9332 = DIRECTION('',(0.,0.,1.));
#9333 = ADVANCED_FACE('',(#9334),#9352,.T.);
#9334 = FACE_BOUND('',#9335,.T.);
#9335 = EDGE_LOOP('',(#9336,#9344,#9350,#9351));
#9336 = ORIENTED_EDGE('',*,*,#9337,.T.);
#9337 = EDGE_CURVE('',#2457,#9338,#9340,.T.);
#9338 = VERTEX_POINT('',#9339);
#9339 = CARTESIAN_POINT('',(-2.715190093884,3.371304480909,23.));
#9340 = LINE('',#9341,#9342);
#9341 = CARTESIAN_POINT('',(-2.715190093884,3.371304480909,25.));
#9342 = VECTOR('',#9343,1.);
#9343 = DIRECTION('',(-0.,-0.,-1.));
#9344 = ORIENTED_EDGE('',*,*,#9345,.T.);
#9345 = EDGE_CURVE('',#9338,#9286,#9346,.T.);
#9346 = B_SPLINE_CURVE_WITH_KNOTS('',2,(#9347,#9348,#9349),
  .UNSPECIFIED.,.F.,.F.,(3,3),(0.,1.),.PIECEWISE_BEZIER_KNOTS.);
#9347 = CARTESIAN_POINT('',(-2.715190093884,3.371304480909,23.));
#9348 = CARTESIAN_POINT('',(-2.601042039129,3.371304480909,23.));
#9349 = CARTESIAN_POINT('',(-2.500852918092,3.328076815203,23.));
#9350 = ORIENTED_EDGE('',*,*,#9285,.F.);
#9351 = ORIENTED_EDGE('',*,*,#2464,.F.);
#9352 = SURFACE_OF_LINEAR_EXTRUSION('',#9353,#9357);
#9353 = B_SPLINE_CURVE_WITH_KNOTS('',2,(#9354,#9355,#9356),
  .UNSPECIFIED.,.F.,.F.,(3,3),(0.,1.),.PIECEWISE_BEZIER_KNOTS.);
#9354 = CARTESIAN_POINT('',(-2.715190093884,3.371304480909,25.));
#9355 = CARTESIAN_POINT('',(-2.601042039129,3.371304480909,25.));
#9356 = CARTESIAN_POINT('',(-2.500852918092,3.328076815203,25.));
#9357 = VECTOR('',#9358,1.);
#9358 = DIRECTION('',(0.,0.,1.));
#9359 = ADVANCED_FACE('',(#9360),#9378,.T.);
#9360 = FACE_BOUND('',#9361,.T.);
#9361 = EDGE_LOOP('',(#9362,#9363,#9371,#9377));
#9362 = ORIENTED_EDGE('',*,*,#9320,.T.);
#9363 = ORIENTED_EDGE('',*,*,#9364,.T.);
#9364 = EDGE_CURVE('',#9313,#9365,#9367,.T.);
#9365 = VERTEX_POINT('',#9366);
#9366 = CARTESIAN_POINT('',(-2.500852918092,2.333615359872,23.));
#9367 = B_SPLINE_CURVE_WITH_KNOTS('',2,(#9368,#9369,#9370),
  .UNSPECIFIED.,.F.,.F.,(3,3),(0.,1.),.PIECEWISE_BEZIER_KNOTS.);
#9368 = CARTESIAN_POINT('',(-2.32614110253,2.449339423272,23.));
#9369 = CARTESIAN_POINT('',(-2.400438652962,2.376843025578,23.));
#9370 = CARTESIAN_POINT('',(-2.500852918092,2.333615359872,23.));
#9371 = ORIENTED_EDGE('',*,*,#9372,.F.);
#9372 = EDGE_CURVE('',#2385,#9365,#9373,.T.);
#9373 = LINE('',#9374,#9375);
#9374 = CARTESIAN_POINT('',(-2.500852918092,2.333615359872,25.));
#9375 = VECTOR('',#9376,1.);
#9376 = DIRECTION('',(-0.,-0.,-1.));
#9377 = ORIENTED_EDGE('',*,*,#2384,.F.);
#9378 = SURFACE_OF_LINEAR_EXTRUSION('',#9379,#9383);
#9379 = B_SPLINE_CURVE_WITH_KNOTS('',2,(#9380,#9381,#9382),
  .UNSPECIFIED.,.F.,.F.,(3,3),(0.,1.),.PIECEWISE_BEZIER_KNOTS.);
#9380 = CARTESIAN_POINT('',(-2.32614110253,2.449339423272,25.));
#9381 = CARTESIAN_POINT('',(-2.400438652962,2.376843025578,25.));
#9382 = CARTESIAN_POINT('',(-2.500852918092,2.333615359872,25.));
#9383 = VECTOR('',#9384,1.);
#9384 = DIRECTION('',(0.,0.,1.));
#9385 = ADVANCED_FACE('',(#9386),#9404,.T.);
#9386 = FACE_BOUND('',#9387,.T.);
#9387 = EDGE_LOOP('',(#9388,#9396,#9402,#9403));
#9388 = ORIENTED_EDGE('',*,*,#9389,.T.);
#9389 = EDGE_CURVE('',#2449,#9390,#9392,.T.);
#9390 = VERTEX_POINT('',#9391);
#9391 = CARTESIAN_POINT('',(-2.924574099648,3.328076815203,23.));
#9392 = LINE('',#9393,#9394);
#9393 = CARTESIAN_POINT('',(-2.924574099648,3.328076815203,25.));
#9394 = VECTOR('',#9395,1.);
#9395 = DIRECTION('',(-0.,-0.,-1.));
#9396 = ORIENTED_EDGE('',*,*,#9397,.T.);
#9397 = EDGE_CURVE('',#9390,#9338,#9398,.T.);
#9398 = B_SPLINE_CURVE_WITH_KNOTS('',2,(#9399,#9400,#9401),
  .UNSPECIFIED.,.F.,.F.,(3,3),(0.,1.),.PIECEWISE_BEZIER_KNOTS.);
#9399 = CARTESIAN_POINT('',(-2.924574099648,3.328076815203,23.));
#9400 = CARTESIAN_POINT('',(-2.825960987256,3.371304480909,23.));
#9401 = CARTESIAN_POINT('',(-2.715190093884,3.371304480909,23.));
#9402 = ORIENTED_EDGE('',*,*,#9337,.F.);
#9403 = ORIENTED_EDGE('',*,*,#2456,.F.);
#9404 = SURFACE_OF_LINEAR_EXTRUSION('',#9405,#9409);
#9405 = B_SPLINE_CURVE_WITH_KNOTS('',2,(#9406,#9407,#9408),
  .UNSPECIFIED.,.F.,.F.,(3,3),(0.,1.),.PIECEWISE_BEZIER_KNOTS.);
#9406 = CARTESIAN_POINT('',(-2.924574099648,3.328076815203,25.));
#9407 = CARTESIAN_POINT('',(-2.825960987256,3.371304480909,25.));
#9408 = CARTESIAN_POINT('',(-2.715190093884,3.371304480909,25.));
#9409 = VECTOR('',#9410,1.);
#9410 = DIRECTION('',(0.,0.,1.));
#9411 = ADVANCED_FACE('',(#9412),#9430,.T.);
#9412 = FACE_BOUND('',#9413,.T.);
#9413 = EDGE_LOOP('',(#9414,#9415,#9423,#9429));
#9414 = ORIENTED_EDGE('',*,*,#9372,.T.);
#9415 = ORIENTED_EDGE('',*,*,#9416,.T.);
#9416 = EDGE_CURVE('',#9365,#9417,#9419,.T.);
#9417 = VERTEX_POINT('',#9418);
#9418 = CARTESIAN_POINT('',(-2.715190093884,2.290612838258,23.));
#9419 = B_SPLINE_CURVE_WITH_KNOTS('',2,(#9420,#9421,#9422),
  .UNSPECIFIED.,.F.,.F.,(3,3),(0.,1.),.PIECEWISE_BEZIER_KNOTS.);
#9420 = CARTESIAN_POINT('',(-2.500852918092,2.333615359872,23.));
#9421 = CARTESIAN_POINT('',(-2.601042039129,2.290612838258,23.));
#9422 = CARTESIAN_POINT('',(-2.715190093884,2.290612838258,23.));
#9423 = ORIENTED_EDGE('',*,*,#9424,.F.);
#9424 = EDGE_CURVE('',#2393,#9417,#9425,.T.);
#9425 = LINE('',#9426,#9427);
#9426 = CARTESIAN_POINT('',(-2.715190093884,2.290612838258,25.));
#9427 = VECTOR('',#9428,1.);
#9428 = DIRECTION('',(-0.,-0.,-1.));
#9429 = ORIENTED_EDGE('',*,*,#2392,.F.);
#9430 = SURFACE_OF_LINEAR_EXTRUSION('',#9431,#9435);
#9431 = B_SPLINE_CURVE_WITH_KNOTS('',2,(#9432,#9433,#9434),
  .UNSPECIFIED.,.F.,.F.,(3,3),(0.,1.),.PIECEWISE_BEZIER_KNOTS.);
#9432 = CARTESIAN_POINT('',(-2.500852918092,2.333615359872,25.));
#9433 = CARTESIAN_POINT('',(-2.601042039129,2.290612838258,25.));
#9434 = CARTESIAN_POINT('',(-2.715190093884,2.290612838258,25.));
#9435 = VECTOR('',#9436,1.);
#9436 = DIRECTION('',(0.,0.,1.));
#9437 = ADVANCED_FACE('',(#9438),#9456,.T.);
#9438 = FACE_BOUND('',#9439,.T.);
#9439 = EDGE_LOOP('',(#9440,#9448,#9454,#9455));
#9440 = ORIENTED_EDGE('',*,*,#9441,.T.);
#9441 = EDGE_CURVE('',#2441,#9442,#9444,.T.);
#9442 = VERTEX_POINT('',#9443);
#9443 = CARTESIAN_POINT('',(-3.095683609734,3.212577895895,23.));
#9444 = LINE('',#9445,#9446);
#9445 = CARTESIAN_POINT('',(-3.095683609734,3.212577895895,25.));
#9446 = VECTOR('',#9447,1.);
#9447 = DIRECTION('',(-0.,-0.,-1.));
#9448 = ORIENTED_EDGE('',*,*,#9449,.T.);
#9449 = EDGE_CURVE('',#9442,#9390,#9450,.T.);
#9450 = B_SPLINE_CURVE_WITH_KNOTS('',2,(#9451,#9452,#9453),
  .UNSPECIFIED.,.F.,.F.,(3,3),(0.,1.),.PIECEWISE_BEZIER_KNOTS.);
#9451 = CARTESIAN_POINT('',(-3.095683609734,3.212577895895,23.));
#9452 = CARTESIAN_POINT('',(-3.022962067947,3.285074293589,23.));
#9453 = CARTESIAN_POINT('',(-2.924574099648,3.328076815203,23.));
#9454 = ORIENTED_EDGE('',*,*,#9389,.F.);
#9455 = ORIENTED_EDGE('',*,*,#2448,.F.);
#9456 = SURFACE_OF_LINEAR_EXTRUSION('',#9457,#9461);
#9457 = B_SPLINE_CURVE_WITH_KNOTS('',2,(#9458,#9459,#9460),
  .UNSPECIFIED.,.F.,.F.,(3,3),(0.,1.),.PIECEWISE_BEZIER_KNOTS.);
#9458 = CARTESIAN_POINT('',(-3.095683609734,3.212577895895,25.));
#9459 = CARTESIAN_POINT('',(-3.022962067947,3.285074293589,25.));
#9460 = CARTESIAN_POINT('',(-2.924574099648,3.328076815203,25.));
#9461 = VECTOR('',#9462,1.);
#9462 = DIRECTION('',(0.,0.,1.));
#9463 = ADVANCED_FACE('',(#9464),#9482,.T.);
#9464 = FACE_BOUND('',#9465,.T.);
#9465 = EDGE_LOOP('',(#9466,#9467,#9475,#9481));
#9466 = ORIENTED_EDGE('',*,*,#9424,.T.);
#9467 = ORIENTED_EDGE('',*,*,#9468,.T.);
#9468 = EDGE_CURVE('',#9417,#9469,#9471,.T.);
#9469 = VERTEX_POINT('',#9470);
#9470 = CARTESIAN_POINT('',(-2.924574099648,2.333615359872,23.));
#9471 = B_SPLINE_CURVE_WITH_KNOTS('',2,(#9472,#9473,#9474),
  .UNSPECIFIED.,.F.,.F.,(3,3),(0.,1.),.PIECEWISE_BEZIER_KNOTS.);
#9472 = CARTESIAN_POINT('',(-2.715190093884,2.290612838258,23.));
#9473 = CARTESIAN_POINT('',(-2.825960987256,2.290612838258,23.));
#9474 = CARTESIAN_POINT('',(-2.924574099648,2.333615359872,23.));
#9475 = ORIENTED_EDGE('',*,*,#9476,.F.);
#9476 = EDGE_CURVE('',#2401,#9469,#9477,.T.);
#9477 = LINE('',#9478,#9479);
#9478 = CARTESIAN_POINT('',(-2.924574099648,2.333615359872,25.));
#9479 = VECTOR('',#9480,1.);
#9480 = DIRECTION('',(-0.,-0.,-1.));
#9481 = ORIENTED_EDGE('',*,*,#2400,.F.);
#9482 = SURFACE_OF_LINEAR_EXTRUSION('',#9483,#9487);
#9483 = B_SPLINE_CURVE_WITH_KNOTS('',2,(#9484,#9485,#9486),
  .UNSPECIFIED.,.F.,.F.,(3,3),(0.,1.),.PIECEWISE_BEZIER_KNOTS.);
#9484 = CARTESIAN_POINT('',(-2.715190093884,2.290612838258,25.));
#9485 = CARTESIAN_POINT('',(-2.825960987256,2.290612838258,25.));
#9486 = CARTESIAN_POINT('',(-2.924574099648,2.333615359872,25.));
#9487 = VECTOR('',#9488,1.);
#9488 = DIRECTION('',(0.,0.,1.));
#9489 = ADVANCED_FACE('',(#9490),#9508,.T.);
#9490 = FACE_BOUND('',#9491,.T.);
#9491 = EDGE_LOOP('',(#9492,#9500,#9506,#9507));
#9492 = ORIENTED_EDGE('',*,*,#9493,.T.);
#9493 = EDGE_CURVE('',#2433,#9494,#9496,.T.);
#9494 = VERTEX_POINT('',#9495);
#9495 = CARTESIAN_POINT('',(-3.211407673135,3.039892377163,23.));
#9496 = LINE('',#9497,#9498);
#9497 = CARTESIAN_POINT('',(-3.211407673135,3.039892377163,25.));
#9498 = VECTOR('',#9499,1.);
#9499 = DIRECTION('',(-0.,-0.,-1.));
#9500 = ORIENTED_EDGE('',*,*,#9501,.T.);
#9501 = EDGE_CURVE('',#9494,#9442,#9502,.T.);
#9502 = B_SPLINE_CURVE_WITH_KNOTS('',2,(#9503,#9504,#9505),
  .UNSPECIFIED.,.F.,.F.,(3,3),(0.,1.),.PIECEWISE_BEZIER_KNOTS.);
#9503 = CARTESIAN_POINT('',(-3.211407673135,3.039892377163,23.));
#9504 = CARTESIAN_POINT('',(-3.168180007429,3.1400814982,23.));
#9505 = CARTESIAN_POINT('',(-3.095683609734,3.212577895895,23.));
#9506 = ORIENTED_EDGE('',*,*,#9441,.F.);
#9507 = ORIENTED_EDGE('',*,*,#2440,.F.);
#9508 = SURFACE_OF_LINEAR_EXTRUSION('',#9509,#9513);
#9509 = B_SPLINE_CURVE_WITH_KNOTS('',2,(#9510,#9511,#9512),
  .UNSPECIFIED.,.F.,.F.,(3,3),(0.,1.),.PIECEWISE_BEZIER_KNOTS.);
#9510 = CARTESIAN_POINT('',(-3.211407673135,3.039892377163,25.));
#9511 = CARTESIAN_POINT('',(-3.168180007429,3.1400814982,25.));
#9512 = CARTESIAN_POINT('',(-3.095683609734,3.212577895895,25.));
#9513 = VECTOR('',#9514,1.);
#9514 = DIRECTION('',(0.,0.,1.));
#9515 = ADVANCED_FACE('',(#9516),#9534,.T.);
#9516 = FACE_BOUND('',#9517,.T.);
#9517 = EDGE_LOOP('',(#9518,#9519,#9527,#9533));
#9518 = ORIENTED_EDGE('',*,*,#9476,.T.);
#9519 = ORIENTED_EDGE('',*,*,#9520,.T.);
#9520 = EDGE_CURVE('',#9469,#9521,#9523,.T.);
#9521 = VERTEX_POINT('',#9522);
#9522 = CARTESIAN_POINT('',(-3.095683609734,2.449339423272,23.));
#9523 = B_SPLINE_CURVE_WITH_KNOTS('',2,(#9524,#9525,#9526),
  .UNSPECIFIED.,.F.,.F.,(3,3),(0.,1.),.PIECEWISE_BEZIER_KNOTS.);
#9524 = CARTESIAN_POINT('',(-2.924574099648,2.333615359872,23.));
#9525 = CARTESIAN_POINT('',(-3.022962067947,2.376843025578,23.));
#9526 = CARTESIAN_POINT('',(-3.095683609734,2.449339423272,23.));
#9527 = ORIENTED_EDGE('',*,*,#9528,.F.);
#9528 = EDGE_CURVE('',#2409,#9521,#9529,.T.);
#9529 = LINE('',#9530,#9531);
#9530 = CARTESIAN_POINT('',(-3.095683609734,2.449339423272,25.));
#9531 = VECTOR('',#9532,1.);
#9532 = DIRECTION('',(-0.,-0.,-1.));
#9533 = ORIENTED_EDGE('',*,*,#2408,.F.);
#9534 = SURFACE_OF_LINEAR_EXTRUSION('',#9535,#9539);
#9535 = B_SPLINE_CURVE_WITH_KNOTS('',2,(#9536,#9537,#9538),
  .UNSPECIFIED.,.F.,.F.,(3,3),(0.,1.),.PIECEWISE_BEZIER_KNOTS.);
#9536 = CARTESIAN_POINT('',(-2.924574099648,2.333615359872,25.));
#9537 = CARTESIAN_POINT('',(-3.022962067947,2.376843025578,25.));
#9538 = CARTESIAN_POINT('',(-3.095683609734,2.449339423272,25.));
#9539 = VECTOR('',#9540,1.);
#9540 = DIRECTION('',(0.,0.,1.));
#9541 = ADVANCED_FACE('',(#9542),#9560,.T.);
#9542 = FACE_BOUND('',#9543,.T.);
#9543 = EDGE_LOOP('',(#9544,#9552,#9558,#9559));
#9544 = ORIENTED_EDGE('',*,*,#9545,.T.);
#9545 = EDGE_CURVE('',#2425,#9546,#9548,.T.);
#9546 = VERTEX_POINT('',#9547);
#9547 = CARTESIAN_POINT('',(-3.254635338841,2.825780345463,23.));
#9548 = LINE('',#9549,#9550);
#9549 = CARTESIAN_POINT('',(-3.254635338841,2.825780345463,25.));
#9550 = VECTOR('',#9551,1.);
#9551 = DIRECTION('',(-0.,-0.,-1.));
#9552 = ORIENTED_EDGE('',*,*,#9553,.T.);
#9553 = EDGE_CURVE('',#9546,#9494,#9554,.T.);
#9554 = B_SPLINE_CURVE_WITH_KNOTS('',2,(#9555,#9556,#9557),
  .UNSPECIFIED.,.F.,.F.,(3,3),(0.,1.),.PIECEWISE_BEZIER_KNOTS.);
#9555 = CARTESIAN_POINT('',(-3.254635338841,2.825780345463,23.));
#9556 = CARTESIAN_POINT('',(-3.254635338841,2.939703256125,23.));
#9557 = CARTESIAN_POINT('',(-3.211407673135,3.039892377163,23.));
#9558 = ORIENTED_EDGE('',*,*,#9493,.F.);
#9559 = ORIENTED_EDGE('',*,*,#2432,.F.);
#9560 = SURFACE_OF_LINEAR_EXTRUSION('',#9561,#9565);
#9561 = B_SPLINE_CURVE_WITH_KNOTS('',2,(#9562,#9563,#9564),
  .UNSPECIFIED.,.F.,.F.,(3,3),(0.,1.),.PIECEWISE_BEZIER_KNOTS.);
#9562 = CARTESIAN_POINT('',(-3.254635338841,2.825780345463,25.));
#9563 = CARTESIAN_POINT('',(-3.254635338841,2.939703256125,25.));
#9564 = CARTESIAN_POINT('',(-3.211407673135,3.039892377163,25.));
#9565 = VECTOR('',#9566,1.);
#9566 = DIRECTION('',(0.,0.,1.));
#9567 = ADVANCED_FACE('',(#9568),#9586,.T.);
#9568 = FACE_BOUND('',#9569,.T.);
#9569 = EDGE_LOOP('',(#9570,#9571,#9579,#9585));
#9570 = ORIENTED_EDGE('',*,*,#9528,.T.);
#9571 = ORIENTED_EDGE('',*,*,#9572,.T.);
#9572 = EDGE_CURVE('',#9521,#9573,#9575,.T.);
#9573 = VERTEX_POINT('',#9574);
#9574 = CARTESIAN_POINT('',(-3.211407673135,2.618422636529,23.));
#9575 = B_SPLINE_CURVE_WITH_KNOTS('',2,(#9576,#9577,#9578),
  .UNSPECIFIED.,.F.,.F.,(3,3),(0.,1.),.PIECEWISE_BEZIER_KNOTS.);
#9576 = CARTESIAN_POINT('',(-3.095683609734,2.449339423272,23.));
#9577 = CARTESIAN_POINT('',(-3.168180007429,2.521835820967,23.));
#9578 = CARTESIAN_POINT('',(-3.211407673135,2.618422636529,23.));
#9579 = ORIENTED_EDGE('',*,*,#9580,.F.);
#9580 = EDGE_CURVE('',#2417,#9573,#9581,.T.);
#9581 = LINE('',#9582,#9583);
#9582 = CARTESIAN_POINT('',(-3.211407673135,2.618422636529,25.));
#9583 = VECTOR('',#9584,1.);
#9584 = DIRECTION('',(-0.,-0.,-1.));
#9585 = ORIENTED_EDGE('',*,*,#2416,.F.);
#9586 = SURFACE_OF_LINEAR_EXTRUSION('',#9587,#9591);
#9587 = B_SPLINE_CURVE_WITH_KNOTS('',2,(#9588,#9589,#9590),
  .UNSPECIFIED.,.F.,.F.,(3,3),(0.,1.),.PIECEWISE_BEZIER_KNOTS.);
#9588 = CARTESIAN_POINT('',(-3.095683609734,2.449339423272,25.));
#9589 = CARTESIAN_POINT('',(-3.168180007429,2.521835820967,25.));
#9590 = CARTESIAN_POINT('',(-3.211407673135,2.618422636529,25.));
#9591 = VECTOR('',#9592,1.);
#9592 = DIRECTION('',(0.,0.,1.));
#9593 = ADVANCED_FACE('',(#9594),#9605,.T.);
#9594 = FACE_BOUND('',#9595,.T.);
#9595 = EDGE_LOOP('',(#9596,#9597,#9603,#9604));
#9596 = ORIENTED_EDGE('',*,*,#9580,.T.);
#9597 = ORIENTED_EDGE('',*,*,#9598,.T.);
#9598 = EDGE_CURVE('',#9573,#9546,#9599,.T.);
#9599 = B_SPLINE_CURVE_WITH_KNOTS('',2,(#9600,#9601,#9602),
  .UNSPECIFIED.,.F.,.F.,(3,3),(0.,1.),.PIECEWISE_BEZIER_KNOTS.);
#9600 = CARTESIAN_POINT('',(-3.211407673135,2.618422636529,23.));
#9601 = CARTESIAN_POINT('',(-3.254635338841,2.715234596183,23.));
#9602 = CARTESIAN_POINT('',(-3.254635338841,2.825780345463,23.));
#9603 = ORIENTED_EDGE('',*,*,#9545,.F.);
#9604 = ORIENTED_EDGE('',*,*,#2424,.F.);
#9605 = SURFACE_OF_LINEAR_EXTRUSION('',#9606,#9610);
#9606 = B_SPLINE_CURVE_WITH_KNOTS('',2,(#9607,#9608,#9609),
  .UNSPECIFIED.,.F.,.F.,(3,3),(0.,1.),.PIECEWISE_BEZIER_KNOTS.);
#9607 = CARTESIAN_POINT('',(-3.211407673135,2.618422636529,25.));
#9608 = CARTESIAN_POINT('',(-3.254635338841,2.715234596183,25.));
#9609 = CARTESIAN_POINT('',(-3.254635338841,2.825780345463,25.));
#9610 = VECTOR('',#9611,1.);
#9611 = DIRECTION('',(0.,0.,1.));
#9612 = ADVANCED_FACE('',(#9613),#9638,.T.);
#9613 = FACE_BOUND('',#9614,.T.);
#9614 = EDGE_LOOP('',(#9615,#9623,#9631,#9637));
#9615 = ORIENTED_EDGE('',*,*,#9616,.T.);
#9616 = EDGE_CURVE('',#2489,#9617,#9619,.T.);
#9617 = VERTEX_POINT('',#9618);
#9618 = CARTESIAN_POINT('',(6.385584401793,1.691504408863,23.));
#9619 = LINE('',#9620,#9621);
#9620 = CARTESIAN_POINT('',(6.385584401793,1.691504408863,25.));
#9621 = VECTOR('',#9622,1.);
#9622 = DIRECTION('',(-0.,-0.,-1.));
#9623 = ORIENTED_EDGE('',*,*,#9624,.T.);
#9624 = EDGE_CURVE('',#9617,#9625,#9627,.T.);
#9625 = VERTEX_POINT('',#9626);
#9626 = CARTESIAN_POINT('',(7.099741462312,1.829517737393,23.));
#9627 = B_SPLINE_CURVE_WITH_KNOTS('',2,(#9628,#9629,#9630),
  .UNSPECIFIED.,.F.,.F.,(3,3),(0.,1.),.PIECEWISE_BEZIER_KNOTS.);
#9628 = CARTESIAN_POINT('',(6.385584401793,1.691504408863,23.));
#9629 = CARTESIAN_POINT('',(6.702136995453,1.829517737393,23.));
#9630 = CARTESIAN_POINT('',(7.099741462312,1.829517737393,23.));
#9631 = ORIENTED_EDGE('',*,*,#9632,.F.);
#9632 = EDGE_CURVE('',#2491,#9625,#9633,.T.);
#9633 = LINE('',#9634,#9635);
#9634 = CARTESIAN_POINT('',(7.099741462312,1.829517737393,25.));
#9635 = VECTOR('',#9636,1.);
#9636 = DIRECTION('',(-0.,-0.,-1.));
#9637 = ORIENTED_EDGE('',*,*,#2488,.F.);
#9638 = SURFACE_OF_LINEAR_EXTRUSION('',#9639,#9643);
#9639 = B_SPLINE_CURVE_WITH_KNOTS('',2,(#9640,#9641,#9642),
  .UNSPECIFIED.,.F.,.F.,(3,3),(0.,1.),.PIECEWISE_BEZIER_KNOTS.);
#9640 = CARTESIAN_POINT('',(6.385584401793,1.691504408863,25.));
#9641 = CARTESIAN_POINT('',(6.702136995453,1.829517737393,25.));
#9642 = CARTESIAN_POINT('',(7.099741462312,1.829517737393,25.));
#9643 = VECTOR('',#9644,1.);
#9644 = DIRECTION('',(0.,0.,1.));
#9645 = ADVANCED_FACE('',(#9646),#9664,.T.);
#9646 = FACE_BOUND('',#9647,.T.);
#9647 = EDGE_LOOP('',(#9648,#9656,#9662,#9663));
#9648 = ORIENTED_EDGE('',*,*,#9649,.T.);
#9649 = EDGE_CURVE('',#2715,#9650,#9652,.T.);
#9650 = VERTEX_POINT('',#9651);
#9651 = CARTESIAN_POINT('',(5.84951631822,1.317314927595,23.));
#9652 = LINE('',#9653,#9654);
#9653 = CARTESIAN_POINT('',(5.84951631822,1.317314927595,25.));
#9654 = VECTOR('',#9655,1.);
#9655 = DIRECTION('',(-0.,-0.,-1.));
#9656 = ORIENTED_EDGE('',*,*,#9657,.T.);
#9657 = EDGE_CURVE('',#9650,#9617,#9658,.T.);
#9658 = B_SPLINE_CURVE_WITH_KNOTS('',2,(#9659,#9660,#9661),
  .UNSPECIFIED.,.F.,.F.,(3,3),(0.,1.),.PIECEWISE_BEZIER_KNOTS.);
#9659 = CARTESIAN_POINT('',(5.84951631822,1.317314927595,23.));
#9660 = CARTESIAN_POINT('',(6.069256952225,1.553491080333,23.));
#9661 = CARTESIAN_POINT('',(6.385584401793,1.691504408863,23.));
#9662 = ORIENTED_EDGE('',*,*,#9616,.F.);
#9663 = ORIENTED_EDGE('',*,*,#2722,.F.);
#9664 = SURFACE_OF_LINEAR_EXTRUSION('',#9665,#9669);
#9665 = B_SPLINE_CURVE_WITH_KNOTS('',2,(#9666,#9667,#9668),
  .UNSPECIFIED.,.F.,.F.,(3,3),(0.,1.),.PIECEWISE_BEZIER_KNOTS.);
#9666 = CARTESIAN_POINT('',(5.84951631822,1.317314927595,25.));
#9667 = CARTESIAN_POINT('',(6.069256952225,1.553491080333,25.));
#9668 = CARTESIAN_POINT('',(6.385584401793,1.691504408863,25.));
#9669 = VECTOR('',#9670,1.);
#9670 = DIRECTION('',(0.,0.,1.));
#9671 = ADVANCED_FACE('',(#9672),#9690,.T.);
#9672 = FACE_BOUND('',#9673,.T.);
#9673 = EDGE_LOOP('',(#9674,#9675,#9683,#9689));
#9674 = ORIENTED_EDGE('',*,*,#9632,.T.);
#9675 = ORIENTED_EDGE('',*,*,#9676,.T.);
#9676 = EDGE_CURVE('',#9625,#9677,#9679,.T.);
#9677 = VERTEX_POINT('',#9678);
#9678 = CARTESIAN_POINT('',(7.717086563176,1.722574293589,23.));
#9679 = B_SPLINE_CURVE_WITH_KNOTS('',2,(#9680,#9681,#9682),
  .UNSPECIFIED.,.F.,.F.,(3,3),(0.,1.),.PIECEWISE_BEZIER_KNOTS.);
#9680 = CARTESIAN_POINT('',(7.099741462312,1.829517737393,23.));
#9681 = CARTESIAN_POINT('',(7.435206159718,1.829517737393,23.));
#9682 = CARTESIAN_POINT('',(7.717086563176,1.722574293589,23.));
#9683 = ORIENTED_EDGE('',*,*,#9684,.F.);
#9684 = EDGE_CURVE('',#2499,#9677,#9685,.T.);
#9685 = LINE('',#9686,#9687);
#9686 = CARTESIAN_POINT('',(7.717086563176,1.722574293589,25.));
#9687 = VECTOR('',#9688,1.);
#9688 = DIRECTION('',(-0.,-0.,-1.));
#9689 = ORIENTED_EDGE('',*,*,#2498,.F.);
#9690 = SURFACE_OF_LINEAR_EXTRUSION('',#9691,#9695);
#9691 = B_SPLINE_CURVE_WITH_KNOTS('',2,(#9692,#9693,#9694),
  .UNSPECIFIED.,.F.,.F.,(3,3),(0.,1.),.PIECEWISE_BEZIER_KNOTS.);
#9692 = CARTESIAN_POINT('',(7.099741462312,1.829517737393,25.));
#9693 = CARTESIAN_POINT('',(7.435206159718,1.829517737393,25.));
#9694 = CARTESIAN_POINT('',(7.717086563176,1.722574293589,25.));
#9695 = VECTOR('',#9696,1.);
#9696 = DIRECTION('',(0.,0.,1.));
#9697 = ADVANCED_FACE('',(#9698),#9716,.T.);
#9698 = FACE_BOUND('',#9699,.T.);
#9699 = EDGE_LOOP('',(#9700,#9708,#9714,#9715));
#9700 = ORIENTED_EDGE('',*,*,#9701,.T.);
#9701 = EDGE_CURVE('',#2707,#9702,#9704,.T.);
#9702 = VERTEX_POINT('',#9703);
#9703 = CARTESIAN_POINT('',(5.512475612168,0.762109596183,23.));
#9704 = LINE('',#9705,#9706);
#9705 = CARTESIAN_POINT('',(5.512475612168,0.762109596183,25.));
#9706 = VECTOR('',#9707,1.);
#9707 = DIRECTION('',(-0.,-0.,-1.));
#9708 = ORIENTED_EDGE('',*,*,#9709,.T.);
#9709 = EDGE_CURVE('',#9702,#9650,#9710,.T.);
#9710 = B_SPLINE_CURVE_WITH_KNOTS('',2,(#9711,#9712,#9713),
  .UNSPECIFIED.,.F.,.F.,(3,3),(0.,1.),.PIECEWISE_BEZIER_KNOTS.);
#9711 = CARTESIAN_POINT('',(5.512475612168,0.762109596183,23.));
#9712 = CARTESIAN_POINT('',(5.630000828306,1.081138774857,23.));
#9713 = CARTESIAN_POINT('',(5.84951631822,1.317314927595,23.));
#9714 = ORIENTED_EDGE('',*,*,#9649,.F.);
#9715 = ORIENTED_EDGE('',*,*,#2714,.F.);
#9716 = SURFACE_OF_LINEAR_EXTRUSION('',#9717,#9721);
#9717 = B_SPLINE_CURVE_WITH_KNOTS('',2,(#9718,#9719,#9720),
  .UNSPECIFIED.,.F.,.F.,(3,3),(0.,1.),.PIECEWISE_BEZIER_KNOTS.);
#9718 = CARTESIAN_POINT('',(5.512475612168,0.762109596183,25.));
#9719 = CARTESIAN_POINT('',(5.630000828306,1.081138774857,25.));
#9720 = CARTESIAN_POINT('',(5.84951631822,1.317314927595,25.));
#9721 = VECTOR('',#9722,1.);
#9722 = DIRECTION('',(0.,0.,1.));
#9723 = ADVANCED_FACE('',(#9724),#9742,.T.);
#9724 = FACE_BOUND('',#9725,.T.);
#9725 = EDGE_LOOP('',(#9726,#9727,#9735,#9741));
#9726 = ORIENTED_EDGE('',*,*,#9684,.T.);
#9727 = ORIENTED_EDGE('',*,*,#9728,.T.);
#9728 = EDGE_CURVE('',#9677,#9729,#9731,.T.);
#9729 = VERTEX_POINT('',#9730);
#9730 = CARTESIAN_POINT('',(8.202947514185,1.410524581774,23.));
#9731 = B_SPLINE_CURVE_WITH_KNOTS('',2,(#9732,#9733,#9734),
  .UNSPECIFIED.,.F.,.F.,(3,3),(0.,1.),.PIECEWISE_BEZIER_KNOTS.);
#9732 = CARTESIAN_POINT('',(7.717086563176,1.722574293589,23.));
#9733 = CARTESIAN_POINT('',(7.998966966635,1.615855993878,23.));
#9734 = CARTESIAN_POINT('',(8.202947514185,1.410524581774,23.));
#9735 = ORIENTED_EDGE('',*,*,#9736,.F.);
#9736 = EDGE_CURVE('',#2507,#9729,#9737,.T.);
#9737 = LINE('',#9738,#9739);
#9738 = CARTESIAN_POINT('',(8.202947514185,1.410524581774,25.));
#9739 = VECTOR('',#9740,1.);
#9740 = DIRECTION('',(-0.,-0.,-1.));
#9741 = ORIENTED_EDGE('',*,*,#2506,.F.);
#9742 = SURFACE_OF_LINEAR_EXTRUSION('',#9743,#9747);
#9743 = B_SPLINE_CURVE_WITH_KNOTS('',2,(#9744,#9745,#9746),
  .UNSPECIFIED.,.F.,.F.,(3,3),(0.,1.),.PIECEWISE_BEZIER_KNOTS.);
#9744 = CARTESIAN_POINT('',(7.717086563176,1.722574293589,25.));
#9745 = CARTESIAN_POINT('',(7.998966966635,1.615855993878,25.));
#9746 = CARTESIAN_POINT('',(8.202947514185,1.410524581774,25.));
#9747 = VECTOR('',#9748,1.);
#9748 = DIRECTION('',(0.,0.,1.));
#9749 = ADVANCED_FACE('',(#9750),#9768,.T.);
#9750 = FACE_BOUND('',#9751,.T.);
#9751 = EDGE_LOOP('',(#9752,#9760,#9766,#9767));
#9752 = ORIENTED_EDGE('',*,*,#9753,.T.);
#9753 = EDGE_CURVE('',#2699,#9754,#9756,.T.);
#9754 = VERTEX_POINT('',#9755);
#9755 = CARTESIAN_POINT('',(5.394950396029,8.082357312829E-02,23.));
#9756 = LINE('',#9757,#9758);
#9757 = CARTESIAN_POINT('',(5.394950396029,8.082357312829E-02,25.));
#9758 = VECTOR('',#9759,1.);
#9759 = DIRECTION('',(-0.,-0.,-1.));
#9760 = ORIENTED_EDGE('',*,*,#9761,.T.);
#9761 = EDGE_CURVE('',#9754,#9702,#9762,.T.);
#9762 = B_SPLINE_CURVE_WITH_KNOTS('',2,(#9763,#9764,#9765),
  .UNSPECIFIED.,.F.,.F.,(3,3),(0.,1.),.PIECEWISE_BEZIER_KNOTS.);
#9763 = CARTESIAN_POINT('',(5.394950396029,8.082357312829E-02,23.));
#9764 = CARTESIAN_POINT('',(5.394950396029,0.443080417509,23.));
#9765 = CARTESIAN_POINT('',(5.512475612168,0.762109596183,23.));
#9766 = ORIENTED_EDGE('',*,*,#9701,.F.);
#9767 = ORIENTED_EDGE('',*,*,#2706,.F.);
#9768 = SURFACE_OF_LINEAR_EXTRUSION('',#9769,#9773);
#9769 = B_SPLINE_CURVE_WITH_KNOTS('',2,(#9770,#9771,#9772),
  .UNSPECIFIED.,.F.,.F.,(3,3),(0.,1.),.PIECEWISE_BEZIER_KNOTS.);
#9770 = CARTESIAN_POINT('',(5.394950396029,8.082357312829E-02,25.));
#9771 = CARTESIAN_POINT('',(5.394950396029,0.443080417509,25.));
#9772 = CARTESIAN_POINT('',(5.512475612168,0.762109596183,25.));
#9773 = VECTOR('',#9774,1.);
#9774 = DIRECTION('',(0.,0.,1.));
#9775 = ADVANCED_FACE('',(#9776),#9794,.T.);
#9776 = FACE_BOUND('',#9777,.T.);
#9777 = EDGE_LOOP('',(#9778,#9779,#9787,#9793));
#9778 = ORIENTED_EDGE('',*,*,#9736,.T.);
#9779 = ORIENTED_EDGE('',*,*,#9780,.T.);
#9780 = EDGE_CURVE('',#9729,#9781,#9783,.T.);
#9781 = VERTEX_POINT('',#9782);
#9782 = CARTESIAN_POINT('',(8.521076116491,0.907102391572,23.));
#9783 = B_SPLINE_CURVE_WITH_KNOTS('',2,(#9784,#9785,#9786),
  .UNSPECIFIED.,.F.,.F.,(3,3),(0.,1.),.PIECEWISE_BEZIER_KNOTS.);
#9784 = CARTESIAN_POINT('',(8.202947514185,1.410524581774,23.));
#9785 = CARTESIAN_POINT('',(8.406928061736,1.205418313762,23.));
#9786 = CARTESIAN_POINT('',(8.521076116491,0.907102391572,23.));
#9787 = ORIENTED_EDGE('',*,*,#9788,.F.);
#9788 = EDGE_CURVE('',#2515,#9781,#9789,.T.);
#9789 = LINE('',#9790,#9791);
#9790 = CARTESIAN_POINT('',(8.521076116491,0.907102391572,25.));
#9791 = VECTOR('',#9792,1.);
#9792 = DIRECTION('',(-0.,-0.,-1.));
#9793 = ORIENTED_EDGE('',*,*,#2514,.F.);
#9794 = SURFACE_OF_LINEAR_EXTRUSION('',#9795,#9799);
#9795 = B_SPLINE_CURVE_WITH_KNOTS('',2,(#9796,#9797,#9798),
  .UNSPECIFIED.,.F.,.F.,(3,3),(0.,1.),.PIECEWISE_BEZIER_KNOTS.);
#9796 = CARTESIAN_POINT('',(8.202947514185,1.410524581774,25.));
#9797 = CARTESIAN_POINT('',(8.406928061736,1.205418313762,25.));
#9798 = CARTESIAN_POINT('',(8.521076116491,0.907102391572,25.));
#9799 = VECTOR('',#9800,1.);
#9800 = DIRECTION('',(0.,0.,1.));
#9801 = ADVANCED_FACE('',(#9802),#9820,.T.);
#9802 = FACE_BOUND('',#9803,.T.);
#9803 = EDGE_LOOP('',(#9804,#9812,#9818,#9819));
#9804 = ORIENTED_EDGE('',*,*,#9805,.T.);
#9805 = EDGE_CURVE('',#2691,#9806,#9808,.T.);
#9806 = VERTEX_POINT('',#9807);
#9807 = CARTESIAN_POINT('',(5.529811707269,-0.738250634365,23.));
#9808 = LINE('',#9809,#9810);
#9809 = CARTESIAN_POINT('',(5.529811707269,-0.738250634365,25.));
#9810 = VECTOR('',#9811,1.);
#9811 = DIRECTION('',(-0.,-0.,-1.));
#9812 = ORIENTED_EDGE('',*,*,#9813,.T.);
#9813 = EDGE_CURVE('',#9806,#9754,#9814,.T.);
#9814 = B_SPLINE_CURVE_WITH_KNOTS('',2,(#9815,#9816,#9817),
  .UNSPECIFIED.,.F.,.F.,(3,3),(0.,1.),.PIECEWISE_BEZIER_KNOTS.);
#9815 = CARTESIAN_POINT('',(5.529811707269,-0.738250634365,23.));
#9816 = CARTESIAN_POINT('',(5.394950396029,-0.384774409581,23.));
#9817 = CARTESIAN_POINT('',(5.394950396029,8.082357312829E-02,23.));
#9818 = ORIENTED_EDGE('',*,*,#9753,.F.);
#9819 = ORIENTED_EDGE('',*,*,#2698,.F.);
#9820 = SURFACE_OF_LINEAR_EXTRUSION('',#9821,#9825);
#9821 = B_SPLINE_CURVE_WITH_KNOTS('',2,(#9822,#9823,#9824),
  .UNSPECIFIED.,.F.,.F.,(3,3),(0.,1.),.PIECEWISE_BEZIER_KNOTS.);
#9822 = CARTESIAN_POINT('',(5.529811707269,-0.738250634365,25.));
#9823 = CARTESIAN_POINT('',(5.394950396029,-0.384774409581,25.));
#9824 = CARTESIAN_POINT('',(5.394950396029,8.082357312829E-02,25.));
#9825 = VECTOR('',#9826,1.);
#9826 = DIRECTION('',(0.,0.,1.));
#9827 = ADVANCED_FACE('',(#9828),#9846,.T.);
#9828 = FACE_BOUND('',#9829,.T.);
#9829 = EDGE_LOOP('',(#9830,#9831,#9839,#9845));
#9830 = ORIENTED_EDGE('',*,*,#9788,.T.);
#9831 = ORIENTED_EDGE('',*,*,#9832,.T.);
#9832 = EDGE_CURVE('',#9781,#9833,#9835,.T.);
#9833 = VERTEX_POINT('',#9834);
#9834 = CARTESIAN_POINT('',(8.635224171246,0.226266656702,23.));
#9835 = B_SPLINE_CURVE_WITH_KNOTS('',2,(#9836,#9837,#9838),
  .UNSPECIFIED.,.F.,.F.,(3,3),(0.,1.),.PIECEWISE_BEZIER_KNOTS.);
#9836 = CARTESIAN_POINT('',(8.521076116491,0.907102391572,23.));
#9837 = CARTESIAN_POINT('',(8.635224171246,0.609011613474,23.));
#9838 = CARTESIAN_POINT('',(8.635224171246,0.226266656702,23.));
#9839 = ORIENTED_EDGE('',*,*,#9840,.F.);
#9840 = EDGE_CURVE('',#2523,#9833,#9841,.T.);
#9841 = LINE('',#9842,#9843);
#9842 = CARTESIAN_POINT('',(8.635224171246,0.226266656702,25.));
#9843 = VECTOR('',#9844,1.);
#9844 = DIRECTION('',(-0.,-0.,-1.));
#9845 = ORIENTED_EDGE('',*,*,#2522,.F.);
#9846 = SURFACE_OF_LINEAR_EXTRUSION('',#9847,#9851);
#9847 = B_SPLINE_CURVE_WITH_KNOTS('',2,(#9848,#9849,#9850),
  .UNSPECIFIED.,.F.,.F.,(3,3),(0.,1.),.PIECEWISE_BEZIER_KNOTS.);
#9848 = CARTESIAN_POINT('',(8.521076116491,0.907102391572,25.));
#9849 = CARTESIAN_POINT('',(8.635224171246,0.609011613474,25.));
#9850 = CARTESIAN_POINT('',(8.635224171246,0.226266656702,25.));
#9851 = VECTOR('',#9852,1.);
#9852 = DIRECTION('',(0.,0.,1.));
#9853 = ADVANCED_FACE('',(#9854),#9872,.T.);
#9854 = FACE_BOUND('',#9855,.T.);
#9855 = EDGE_LOOP('',(#9856,#9864,#9870,#9871));
#9856 = ORIENTED_EDGE('',*,*,#9857,.T.);
#9857 = EDGE_CURVE('',#2683,#9858,#9860,.T.);
#9858 = VERTEX_POINT('',#9859);
#9859 = CARTESIAN_POINT('',(5.899723450785,-1.331505317362,23.));
#9860 = LINE('',#9861,#9862);
#9861 = CARTESIAN_POINT('',(5.899723450785,-1.331505317362,25.));
#9862 = VECTOR('',#9863,1.);
#9863 = DIRECTION('',(-0.,-0.,-1.));
#9864 = ORIENTED_EDGE('',*,*,#9865,.T.);
#9865 = EDGE_CURVE('',#9858,#9806,#9866,.T.);
#9866 = B_SPLINE_CURVE_WITH_KNOTS('',2,(#9867,#9868,#9869),
  .UNSPECIFIED.,.F.,.F.,(3,3),(0.,1.),.PIECEWISE_BEZIER_KNOTS.);
#9867 = CARTESIAN_POINT('',(5.899723450785,-1.331505317362,23.));
#9868 = CARTESIAN_POINT('',(5.664673018508,-1.091726859148,23.));
#9869 = CARTESIAN_POINT('',(5.529811707269,-0.738250634365,23.));
#9870 = ORIENTED_EDGE('',*,*,#9805,.F.);
#9871 = ORIENTED_EDGE('',*,*,#2690,.F.);
#9872 = SURFACE_OF_LINEAR_EXTRUSION('',#9873,#9877);
#9873 = B_SPLINE_CURVE_WITH_KNOTS('',2,(#9874,#9875,#9876),
  .UNSPECIFIED.,.F.,.F.,(3,3),(0.,1.),.PIECEWISE_BEZIER_KNOTS.);
#9874 = CARTESIAN_POINT('',(5.899723450785,-1.331505317362,25.));
#9875 = CARTESIAN_POINT('',(5.664673018508,-1.091726859148,25.));
#9876 = CARTESIAN_POINT('',(5.529811707269,-0.738250634365,25.));
#9877 = VECTOR('',#9878,1.);
#9878 = DIRECTION('',(0.,0.,1.));
#9879 = ADVANCED_FACE('',(#9880),#9898,.T.);
#9880 = FACE_BOUND('',#9881,.T.);
#9881 = EDGE_LOOP('',(#9882,#9883,#9891,#9897));
#9882 = ORIENTED_EDGE('',*,*,#9840,.T.);
#9883 = ORIENTED_EDGE('',*,*,#9884,.T.);
#9884 = EDGE_CURVE('',#9833,#9885,#9887,.T.);
#9885 = VERTEX_POINT('',#9886);
#9886 = CARTESIAN_POINT('',(8.626443551649,6.573891894962E-02,23.));
#9887 = B_SPLINE_CURVE_WITH_KNOTS('',2,(#9888,#9889,#9890),
  .UNSPECIFIED.,.F.,.F.,(3,3),(0.,1.),.PIECEWISE_BEZIER_KNOTS.);
#9888 = CARTESIAN_POINT('',(8.635224171246,0.226266656702,23.));
#9889 = CARTESIAN_POINT('',(8.635224171246,0.12967984114,23.));
#9890 = CARTESIAN_POINT('',(8.626443551649,6.573891894962E-02,23.));
#9891 = ORIENTED_EDGE('',*,*,#9892,.F.);
#9892 = EDGE_CURVE('',#2531,#9885,#9893,.T.);
#9893 = LINE('',#9894,#9895);
#9894 = CARTESIAN_POINT('',(8.626443551649,6.573891894962E-02,25.));
#9895 = VECTOR('',#9896,1.);
#9896 = DIRECTION('',(-0.,-0.,-1.));
#9897 = ORIENTED_EDGE('',*,*,#2530,.F.);
#9898 = SURFACE_OF_LINEAR_EXTRUSION('',#9899,#9903);
#9899 = B_SPLINE_CURVE_WITH_KNOTS('',2,(#9900,#9901,#9902),
  .UNSPECIFIED.,.F.,.F.,(3,3),(0.,1.),.PIECEWISE_BEZIER_KNOTS.);
#9900 = CARTESIAN_POINT('',(8.635224171246,0.226266656702,25.));
#9901 = CARTESIAN_POINT('',(8.635224171246,0.12967984114,25.));
#9902 = CARTESIAN_POINT('',(8.626443551649,6.573891894962E-02,25.));
#9903 = VECTOR('',#9904,1.);
#9904 = DIRECTION('',(0.,0.,1.));
#9905 = ADVANCED_FACE('',(#9906),#9924,.T.);
#9906 = FACE_BOUND('',#9907,.T.);
#9907 = EDGE_LOOP('',(#9908,#9916,#9922,#9923));
#9908 = ORIENTED_EDGE('',*,*,#9909,.T.);
#9909 = EDGE_CURVE('',#2675,#9910,#9912,.T.);
#9910 = VERTEX_POINT('',#9911);
#9911 = CARTESIAN_POINT('',(6.453127629459,-1.69353701765,23.));
#9912 = LINE('',#9913,#9914);
#9913 = CARTESIAN_POINT('',(6.453127629459,-1.69353701765,25.));
#9914 = VECTOR('',#9915,1.);
#9915 = DIRECTION('',(-0.,-0.,-1.));
#9916 = ORIENTED_EDGE('',*,*,#9917,.T.);
#9917 = EDGE_CURVE('',#9910,#9858,#9918,.T.);
#9918 = B_SPLINE_CURVE_WITH_KNOTS('',2,(#9919,#9920,#9921),
  .UNSPECIFIED.,.F.,.F.,(3,3),(0.,1.),.PIECEWISE_BEZIER_KNOTS.);
#9919 = CARTESIAN_POINT('',(6.453127629459,-1.69353701765,23.));
#9920 = CARTESIAN_POINT('',(6.134999027153,-1.571058631483,23.));
#9921 = CARTESIAN_POINT('',(5.899723450785,-1.331505317362,23.));
#9922 = ORIENTED_EDGE('',*,*,#9857,.F.);
#9923 = ORIENTED_EDGE('',*,*,#2682,.F.);
#9924 = SURFACE_OF_LINEAR_EXTRUSION('',#9925,#9929);
#9925 = B_SPLINE_CURVE_WITH_KNOTS('',2,(#9926,#9927,#9928),
  .UNSPECIFIED.,.F.,.F.,(3,3),(0.,1.),.PIECEWISE_BEZIER_KNOTS.);
#9926 = CARTESIAN_POINT('',(6.453127629459,-1.69353701765,25.));
#9927 = CARTESIAN_POINT('',(6.134999027153,-1.571058631483,25.));
#9928 = CARTESIAN_POINT('',(5.899723450785,-1.331505317362,25.));
#9929 = VECTOR('',#9930,1.);
#9930 = DIRECTION('',(0.,0.,1.));
#9931 = ADVANCED_FACE('',(#9932),#9950,.T.);
#9932 = FACE_BOUND('',#9933,.T.);
#9933 = EDGE_LOOP('',(#9934,#9935,#9943,#9949));
#9934 = ORIENTED_EDGE('',*,*,#9892,.T.);
#9935 = ORIENTED_EDGE('',*,*,#9936,.T.);
#9936 = EDGE_CURVE('',#9885,#9937,#9939,.T.);
#9937 = VERTEX_POINT('',#9938);
#9938 = CARTESIAN_POINT('',(8.595373666923,-3.422505799563E-02,23.));
#9939 = B_SPLINE_CURVE_WITH_KNOTS('',2,(#9940,#9941,#9942),
  .UNSPECIFIED.,.F.,.F.,(3,3),(0.,1.),.PIECEWISE_BEZIER_KNOTS.);
#9940 = CARTESIAN_POINT('',(8.626443551649,6.573891894962E-02,23.));
#9941 = CARTESIAN_POINT('',(8.617888076145,2.023140851636E-03,23.));
#9942 = CARTESIAN_POINT('',(8.595373666923,-3.422505799563E-02,23.));
#9943 = ORIENTED_EDGE('',*,*,#9944,.F.);
#9944 = EDGE_CURVE('',#2539,#9937,#9945,.T.);
#9945 = LINE('',#9946,#9947);
#9946 = CARTESIAN_POINT('',(8.595373666923,-3.422505799563E-02,25.));
#9947 = VECTOR('',#9948,1.);
#9948 = DIRECTION('',(-0.,-0.,-1.));
#9949 = ORIENTED_EDGE('',*,*,#2538,.F.);
#9950 = SURFACE_OF_LINEAR_EXTRUSION('',#9951,#9955);
#9951 = B_SPLINE_CURVE_WITH_KNOTS('',2,(#9952,#9953,#9954),
  .UNSPECIFIED.,.F.,.F.,(3,3),(0.,1.),.PIECEWISE_BEZIER_KNOTS.);
#9952 = CARTESIAN_POINT('',(8.626443551649,6.573891894962E-02,25.));
#9953 = CARTESIAN_POINT('',(8.617888076145,2.023140851636E-03,25.));
#9954 = CARTESIAN_POINT('',(8.595373666923,-3.422505799563E-02,25.));
#9955 = VECTOR('',#9956,1.);
#9956 = DIRECTION('',(0.,0.,1.));
#9957 = ADVANCED_FACE('',(#9958),#9976,.T.);
#9958 = FACE_BOUND('',#9959,.T.);
#9959 = EDGE_LOOP('',(#9960,#9968,#9974,#9975));
#9960 = ORIENTED_EDGE('',*,*,#9961,.T.);
#9961 = EDGE_CURVE('',#2667,#9962,#9964,.T.);
#9962 = VERTEX_POINT('',#9963);
#9963 = CARTESIAN_POINT('',(7.14116797528,-1.816015403817,23.));
#9964 = LINE('',#9965,#9966);
#9965 = CARTESIAN_POINT('',(7.14116797528,-1.816015403817,25.));
#9966 = VECTOR('',#9967,1.);
#9967 = DIRECTION('',(-0.,-0.,-1.));
#9968 = ORIENTED_EDGE('',*,*,#9969,.T.);
#9969 = EDGE_CURVE('',#9962,#9910,#9970,.T.);
#9970 = B_SPLINE_CURVE_WITH_KNOTS('',2,(#9971,#9972,#9973),
  .UNSPECIFIED.,.F.,.F.,(3,3),(0.,1.),.PIECEWISE_BEZIER_KNOTS.);
#9971 = CARTESIAN_POINT('',(7.14116797528,-1.816015403817,23.));
#9972 = CARTESIAN_POINT('',(6.771256231764,-1.816015403817,23.));
#9973 = CARTESIAN_POINT('',(6.453127629459,-1.69353701765,23.));
#9974 = ORIENTED_EDGE('',*,*,#9909,.F.);
#9975 = ORIENTED_EDGE('',*,*,#2674,.F.);
#9976 = SURFACE_OF_LINEAR_EXTRUSION('',#9977,#9981);
#9977 = B_SPLINE_CURVE_WITH_KNOTS('',2,(#9978,#9979,#9980),
  .UNSPECIFIED.,.F.,.F.,(3,3),(0.,1.),.PIECEWISE_BEZIER_KNOTS.);
#9978 = CARTESIAN_POINT('',(7.14116797528,-1.816015403817,25.));
#9979 = CARTESIAN_POINT('',(6.771256231764,-1.816015403817,25.));
#9980 = CARTESIAN_POINT('',(6.453127629459,-1.69353701765,25.));
#9981 = VECTOR('',#9982,1.);
#9982 = DIRECTION('',(0.,0.,1.));
#9983 = ADVANCED_FACE('',(#9984),#10002,.T.);
#9984 = FACE_BOUND('',#9985,.T.);
#9985 = EDGE_LOOP('',(#9986,#9987,#9995,#10001));
#9986 = ORIENTED_EDGE('',*,*,#9944,.T.);
#9987 = ORIENTED_EDGE('',*,*,#9988,.T.);
#9988 = EDGE_CURVE('',#9937,#9989,#9991,.T.);
#9989 = VERTEX_POINT('',#9990);
#9990 = CARTESIAN_POINT('',(8.535035050208,-8.578305511378E-02,23.));
#9991 = B_SPLINE_CURVE_WITH_KNOTS('',2,(#9992,#9993,#9994),
  .UNSPECIFIED.,.F.,.F.,(3,3),(0.,1.),.PIECEWISE_BEZIER_KNOTS.);
#9992 = CARTESIAN_POINT('',(8.595373666923,-3.422505799563E-02,23.));
#9993 = CARTESIAN_POINT('',(8.573084401793,-7.024811275067E-02,23.));
#9994 = CARTESIAN_POINT('',(8.535035050208,-8.578305511378E-02,23.));
#9995 = ORIENTED_EDGE('',*,*,#9996,.F.);
#9996 = EDGE_CURVE('',#2547,#9989,#9997,.T.);
#9997 = LINE('',#9998,#9999);
#9998 = CARTESIAN_POINT('',(8.535035050208,-8.578305511378E-02,25.));
#9999 = VECTOR('',#10000,1.);
#10000 = DIRECTION('',(-0.,-0.,-1.));
#10001 = ORIENTED_EDGE('',*,*,#2546,.F.);
#10002 = SURFACE_OF_LINEAR_EXTRUSION('',#10003,#10007);
#10003 = B_SPLINE_CURVE_WITH_KNOTS('',2,(#10004,#10005,#10006),
  .UNSPECIFIED.,.F.,.F.,(3,3),(0.,1.),.PIECEWISE_BEZIER_KNOTS.);
#10004 = CARTESIAN_POINT('',(8.595373666923,-3.422505799563E-02,25.));
#10005 = CARTESIAN_POINT('',(8.573084401793,-7.024811275067E-02,25.));
#10006 = CARTESIAN_POINT('',(8.535035050208,-8.578305511378E-02,25.));
#10007 = VECTOR('',#10008,1.);
#10008 = DIRECTION('',(0.,0.,1.));
#10009 = ADVANCED_FACE('',(#10010),#10028,.T.);
#10010 = FACE_BOUND('',#10011,.T.);
#10011 = EDGE_LOOP('',(#10012,#10020,#10026,#10027));
#10012 = ORIENTED_EDGE('',*,*,#10013,.T.);
#10013 = EDGE_CURVE('',#2659,#10014,#10016,.T.);
#10014 = VERTEX_POINT('',#10015);
#10015 = CARTESIAN_POINT('',(7.526839805251,-1.788772968658,23.));
#10016 = LINE('',#10017,#10018);
#10017 = CARTESIAN_POINT('',(7.526839805251,-1.788772968658,25.));
#10018 = VECTOR('',#10019,1.);
#10019 = DIRECTION('',(-0.,-0.,-1.));
#10020 = ORIENTED_EDGE('',*,*,#10021,.T.);
#10021 = EDGE_CURVE('',#10014,#9962,#10022,.T.);
#10022 = B_SPLINE_CURVE_WITH_KNOTS('',2,(#10023,#10024,#10025),
  .UNSPECIFIED.,.F.,.F.,(3,3),(0.,1.),.PIECEWISE_BEZIER_KNOTS.);
#10023 = CARTESIAN_POINT('',(7.526839805251,-1.788772968658,23.));
#10024 = CARTESIAN_POINT('',(7.328037571822,-1.816015403817,23.));
#10025 = CARTESIAN_POINT('',(7.14116797528,-1.816015403817,23.));
#10026 = ORIENTED_EDGE('',*,*,#9961,.F.);
#10027 = ORIENTED_EDGE('',*,*,#2666,.F.);
#10028 = SURFACE_OF_LINEAR_EXTRUSION('',#10029,#10033);
#10029 = B_SPLINE_CURVE_WITH_KNOTS('',2,(#10030,#10031,#10032),
  .UNSPECIFIED.,.F.,.F.,(3,3),(0.,1.),.PIECEWISE_BEZIER_KNOTS.);
#10030 = CARTESIAN_POINT('',(7.526839805251,-1.788772968658,25.));
#10031 = CARTESIAN_POINT('',(7.328037571822,-1.816015403817,25.));
#10032 = CARTESIAN_POINT('',(7.14116797528,-1.816015403817,25.));
#10033 = VECTOR('',#10034,1.);
#10034 = DIRECTION('',(0.,0.,1.));
#10035 = ADVANCED_FACE('',(#10036),#10054,.T.);
#10036 = FACE_BOUND('',#10037,.T.);
#10037 = EDGE_LOOP('',(#10038,#10039,#10047,#10053));
#10038 = ORIENTED_EDGE('',*,*,#9996,.T.);
#10039 = ORIENTED_EDGE('',*,*,#10040,.T.);
#10040 = EDGE_CURVE('',#9989,#10041,#10043,.T.);
#10041 = VERTEX_POINT('',#10042);
#10042 = CARTESIAN_POINT('',(8.437997946462,-0.101317997477,23.));
#10043 = B_SPLINE_CURVE_WITH_KNOTS('',2,(#10044,#10045,#10046),
  .UNSPECIFIED.,.F.,.F.,(3,3),(0.,1.),.PIECEWISE_BEZIER_KNOTS.);
#10044 = CARTESIAN_POINT('',(8.535035050208,-8.578305511378E-02,23.));
#10045 = CARTESIAN_POINT('',(8.496985698623,-0.101317997477,23.));
#10046 = CARTESIAN_POINT('',(8.437997946462,-0.101317997477,23.));
#10047 = ORIENTED_EDGE('',*,*,#10048,.F.);
#10048 = EDGE_CURVE('',#2555,#10041,#10049,.T.);
#10049 = LINE('',#10050,#10051);
#10050 = CARTESIAN_POINT('',(8.437997946462,-0.101317997477,25.));
#10051 = VECTOR('',#10052,1.);
#10052 = DIRECTION('',(-0.,-0.,-1.));
#10053 = ORIENTED_EDGE('',*,*,#2554,.F.);
#10054 = SURFACE_OF_LINEAR_EXTRUSION('',#10055,#10059);
#10055 = B_SPLINE_CURVE_WITH_KNOTS('',2,(#10056,#10057,#10058),
  .UNSPECIFIED.,.F.,.F.,(3,3),(0.,1.),.PIECEWISE_BEZIER_KNOTS.);
#10056 = CARTESIAN_POINT('',(8.535035050208,-8.578305511378E-02,25.));
#10057 = CARTESIAN_POINT('',(8.496985698623,-0.101317997477,25.));
#10058 = CARTESIAN_POINT('',(8.437997946462,-0.101317997477,25.));
#10059 = VECTOR('',#10060,1.);
#10060 = DIRECTION('',(0.,0.,1.));
#10061 = ADVANCED_FACE('',(#10062),#10080,.T.);
#10062 = FACE_BOUND('',#10063,.T.);
#10063 = EDGE_LOOP('',(#10064,#10072,#10078,#10079));
#10064 = ORIENTED_EDGE('',*,*,#10065,.T.);
#10065 = EDGE_CURVE('',#2651,#10066,#10068,.T.);
#10066 = VERTEX_POINT('',#10067);
#10067 = CARTESIAN_POINT('',(7.917464805251,-1.695113026295,23.));
#10068 = LINE('',#10069,#10070);
#10069 = CARTESIAN_POINT('',(7.917464805251,-1.695113026295,25.));
#10070 = VECTOR('',#10071,1.);
#10071 = DIRECTION('',(-0.,-0.,-1.));
#10072 = ORIENTED_EDGE('',*,*,#10073,.T.);
#10073 = EDGE_CURVE('',#10066,#10014,#10074,.T.);
#10074 = B_SPLINE_CURVE_WITH_KNOTS('',2,(#10075,#10076,#10077),
  .UNSPECIFIED.,.F.,.F.,(3,3),(0.,1.),.PIECEWISE_BEZIER_KNOTS.);
#10075 = CARTESIAN_POINT('',(7.917464805251,-1.695113026295,23.));
#10076 = CARTESIAN_POINT('',(7.725642038681,-1.7615305335,23.));
#10077 = CARTESIAN_POINT('',(7.526839805251,-1.788772968658,23.));
#10078 = ORIENTED_EDGE('',*,*,#10013,.F.);
#10079 = ORIENTED_EDGE('',*,*,#2658,.F.);
#10080 = SURFACE_OF_LINEAR_EXTRUSION('',#10081,#10085);
#10081 = B_SPLINE_CURVE_WITH_KNOTS('',2,(#10082,#10083,#10084),
  .UNSPECIFIED.,.F.,.F.,(3,3),(0.,1.),.PIECEWISE_BEZIER_KNOTS.);
#10082 = CARTESIAN_POINT('',(7.917464805251,-1.695113026295,25.));
#10083 = CARTESIAN_POINT('',(7.725642038681,-1.7615305335,25.));
#10084 = CARTESIAN_POINT('',(7.526839805251,-1.788772968658,25.));
#10085 = VECTOR('',#10086,1.);
#10086 = DIRECTION('',(0.,0.,1.));
#10087 = ADVANCED_FACE('',(#10088),#10106,.T.);
#10088 = FACE_BOUND('',#10089,.T.);
#10089 = EDGE_LOOP('',(#10090,#10091,#10099,#10105));
#10090 = ORIENTED_EDGE('',*,*,#10048,.T.);
#10091 = ORIENTED_EDGE('',*,*,#10092,.T.);
#10092 = EDGE_CURVE('',#10041,#10093,#10095,.T.);
#10093 = VERTEX_POINT('',#10094);
#10094 = CARTESIAN_POINT('',(6.245544776433,-0.101317997477,23.));
#10095 = LINE('',#10096,#10097);
#10096 = CARTESIAN_POINT('',(8.437997946462,-0.101317997477,23.));
#10097 = VECTOR('',#10098,1.);
#10098 = DIRECTION('',(-1.,0.,0.));
#10099 = ORIENTED_EDGE('',*,*,#10100,.F.);
#10100 = EDGE_CURVE('',#2563,#10093,#10101,.T.);
#10101 = LINE('',#10102,#10103);
#10102 = CARTESIAN_POINT('',(6.245544776433,-0.101317997477,25.));
#10103 = VECTOR('',#10104,1.);
#10104 = DIRECTION('',(-0.,-0.,-1.));
#10105 = ORIENTED_EDGE('',*,*,#2562,.F.);
#10106 = PLANE('',#10107);
#10107 = AXIS2_PLACEMENT_3D('',#10108,#10109,#10110);
#10108 = CARTESIAN_POINT('',(8.437997946462,-0.101317997477,25.));
#10109 = DIRECTION('',(0.,1.,0.));
#10110 = DIRECTION('',(-1.,0.,0.));
#10111 = ADVANCED_FACE('',(#10112),#10130,.T.);
#10112 = FACE_BOUND('',#10113,.T.);
#10113 = EDGE_LOOP('',(#10114,#10122,#10128,#10129));
#10114 = ORIENTED_EDGE('',*,*,#10115,.T.);
#10115 = EDGE_CURVE('',#2643,#10116,#10118,.T.);
#10116 = VERTEX_POINT('',#10117);
#10117 = CARTESIAN_POINT('',(8.285800540122,-1.518149769811,23.));
#10118 = LINE('',#10119,#10120);
#10119 = CARTESIAN_POINT('',(8.285800540122,-1.518149769811,25.));
#10120 = VECTOR('',#10121,1.);
#10121 = DIRECTION('',(-0.,-0.,-1.));
#10122 = ORIENTED_EDGE('',*,*,#10123,.T.);
#10123 = EDGE_CURVE('',#10116,#10066,#10124,.T.);
#10124 = B_SPLINE_CURVE_WITH_KNOTS('',2,(#10125,#10126,#10127),
  .UNSPECIFIED.,.F.,.F.,(3,3),(0.,1.),.PIECEWISE_BEZIER_KNOTS.);
#10125 = CARTESIAN_POINT('',(8.285800540122,-1.518149769811,23.));
#10126 = CARTESIAN_POINT('',(8.109512715914,-1.628695519091,23.));
#10127 = CARTESIAN_POINT('',(7.917464805251,-1.695113026295,23.));
#10128 = ORIENTED_EDGE('',*,*,#10065,.F.);
#10129 = ORIENTED_EDGE('',*,*,#2650,.F.);
#10130 = SURFACE_OF_LINEAR_EXTRUSION('',#10131,#10135);
#10131 = B_SPLINE_CURVE_WITH_KNOTS('',2,(#10132,#10133,#10134),
  .UNSPECIFIED.,.F.,.F.,(3,3),(0.,1.),.PIECEWISE_BEZIER_KNOTS.);
#10132 = CARTESIAN_POINT('',(8.285800540122,-1.518149769811,25.));
#10133 = CARTESIAN_POINT('',(8.109512715914,-1.628695519091,25.));
#10134 = CARTESIAN_POINT('',(7.917464805251,-1.695113026295,25.));
#10135 = VECTOR('',#10136,1.);
#10136 = DIRECTION('',(0.,0.,1.));
#10137 = ADVANCED_FACE('',(#10138),#10156,.T.);
#10138 = FACE_BOUND('',#10139,.T.);
#10139 = EDGE_LOOP('',(#10140,#10141,#10149,#10155));
#10140 = ORIENTED_EDGE('',*,*,#10100,.T.);
#10141 = ORIENTED_EDGE('',*,*,#10142,.T.);
#10142 = EDGE_CURVE('',#10093,#10143,#10145,.T.);
#10143 = VERTEX_POINT('',#10144);
#10144 = CARTESIAN_POINT('',(6.539357816779,-0.905982983068,23.));
#10145 = B_SPLINE_CURVE_WITH_KNOTS('',2,(#10146,#10147,#10148),
  .UNSPECIFIED.,.F.,.F.,(3,3),(0.,1.),.PIECEWISE_BEZIER_KNOTS.);
#10146 = CARTESIAN_POINT('',(6.245544776433,-0.101317997477,23.));
#10147 = CARTESIAN_POINT('',(6.283594128018,-0.649318717938,23.));
#10148 = CARTESIAN_POINT('',(6.539357816779,-0.905982983068,23.));
#10149 = ORIENTED_EDGE('',*,*,#10150,.F.);
#10150 = EDGE_CURVE('',#2571,#10143,#10151,.T.);
#10151 = LINE('',#10152,#10153);
#10152 = CARTESIAN_POINT('',(6.539357816779,-0.905982983068,25.));
#10153 = VECTOR('',#10154,1.);
#10154 = DIRECTION('',(-0.,-0.,-1.));
#10155 = ORIENTED_EDGE('',*,*,#2570,.F.);
#10156 = SURFACE_OF_LINEAR_EXTRUSION('',#10157,#10161);
#10157 = B_SPLINE_CURVE_WITH_KNOTS('',2,(#10158,#10159,#10160),
  .UNSPECIFIED.,.F.,.F.,(3,3),(0.,1.),.PIECEWISE_BEZIER_KNOTS.);
#10158 = CARTESIAN_POINT('',(6.245544776433,-0.101317997477,25.));
#10159 = CARTESIAN_POINT('',(6.283594128018,-0.649318717938,25.));
#10160 = CARTESIAN_POINT('',(6.539357816779,-0.905982983068,25.));
#10161 = VECTOR('',#10162,1.);
#10162 = DIRECTION('',(0.,0.,1.));
#10163 = ADVANCED_FACE('',(#10164),#10182,.T.);
#10164 = FACE_BOUND('',#10165,.T.);
#10165 = EDGE_LOOP('',(#10166,#10174,#10180,#10181));
#10166 = ORIENTED_EDGE('',*,*,#10167,.T.);
#10167 = EDGE_CURVE('',#2635,#10168,#10170,.T.);
#10168 = VERTEX_POINT('',#10169);
#10169 = CARTESIAN_POINT('',(8.604154286519,-1.244149409581,23.));
#10170 = LINE('',#10171,#10172);
#10171 = CARTESIAN_POINT('',(8.604154286519,-1.244149409581,25.));
#10172 = VECTOR('',#10173,1.);
#10173 = DIRECTION('',(-0.,-0.,-1.));
#10174 = ORIENTED_EDGE('',*,*,#10175,.T.);
#10175 = EDGE_CURVE('',#10168,#10116,#10176,.T.);
#10176 = B_SPLINE_CURVE_WITH_KNOTS('',2,(#10177,#10178,#10179),
  .UNSPECIFIED.,.F.,.F.,(3,3),(0.,1.),.PIECEWISE_BEZIER_KNOTS.);
#10177 = CARTESIAN_POINT('',(8.604154286519,-1.244149409581,23.));
#10178 = CARTESIAN_POINT('',(8.462313508421,-1.407604020532,23.));
#10179 = CARTESIAN_POINT('',(8.285800540122,-1.518149769811,23.));
#10180 = ORIENTED_EDGE('',*,*,#10115,.F.);
#10181 = ORIENTED_EDGE('',*,*,#2642,.F.);
#10182 = SURFACE_OF_LINEAR_EXTRUSION('',#10183,#10187);
#10183 = B_SPLINE_CURVE_WITH_KNOTS('',2,(#10184,#10185,#10186),
  .UNSPECIFIED.,.F.,.F.,(3,3),(0.,1.),.PIECEWISE_BEZIER_KNOTS.);
#10184 = CARTESIAN_POINT('',(8.604154286519,-1.244149409581,25.));
#10185 = CARTESIAN_POINT('',(8.462313508421,-1.407604020532,25.));
#10186 = CARTESIAN_POINT('',(8.285800540122,-1.518149769811,25.));
#10187 = VECTOR('',#10188,1.);
#10188 = DIRECTION('',(0.,0.,1.));
#10189 = ADVANCED_FACE('',(#10190),#10208,.T.);
#10190 = FACE_BOUND('',#10191,.T.);
#10191 = EDGE_LOOP('',(#10192,#10193,#10201,#10207));
#10192 = ORIENTED_EDGE('',*,*,#10150,.T.);
#10193 = ORIENTED_EDGE('',*,*,#10194,.T.);
#10194 = EDGE_CURVE('',#10143,#10195,#10197,.T.);
#10195 = VERTEX_POINT('',#10196);
#10196 = CARTESIAN_POINT('',(7.21726667845,-1.162422104105,23.));
#10197 = B_SPLINE_CURVE_WITH_KNOTS('',2,(#10198,#10199,#10200),
  .UNSPECIFIED.,.F.,.F.,(3,3),(0.,1.),.PIECEWISE_BEZIER_KNOTS.);
#10198 = CARTESIAN_POINT('',(6.539357816779,-0.905982983068,23.));
#10199 = CARTESIAN_POINT('',(6.795346649632,-1.162422104105,23.));
#10200 = CARTESIAN_POINT('',(7.21726667845,-1.162422104105,23.));
#10201 = ORIENTED_EDGE('',*,*,#10202,.F.);
#10202 = EDGE_CURVE('',#2579,#10195,#10203,.T.);
#10203 = LINE('',#10204,#10205);
#10204 = CARTESIAN_POINT('',(7.21726667845,-1.162422104105,25.));
#10205 = VECTOR('',#10206,1.);
#10206 = DIRECTION('',(-0.,-0.,-1.));
#10207 = ORIENTED_EDGE('',*,*,#2578,.F.);
#10208 = SURFACE_OF_LINEAR_EXTRUSION('',#10209,#10213);
#10209 = B_SPLINE_CURVE_WITH_KNOTS('',2,(#10210,#10211,#10212),
  .UNSPECIFIED.,.F.,.F.,(3,3),(0.,1.),.PIECEWISE_BEZIER_KNOTS.);
#10210 = CARTESIAN_POINT('',(6.539357816779,-0.905982983068,25.));
#10211 = CARTESIAN_POINT('',(6.795346649632,-1.162422104105,25.));
#10212 = CARTESIAN_POINT('',(7.21726667845,-1.162422104105,25.));
#10213 = VECTOR('',#10214,1.);
#10214 = DIRECTION('',(0.,0.,1.));
#10215 = ADVANCED_FACE('',(#10216),#10234,.T.);
#10216 = FACE_BOUND('',#10217,.T.);
#10217 = EDGE_LOOP('',(#10218,#10226,#10232,#10233));
#10218 = ORIENTED_EDGE('',*,*,#10219,.T.);
#10219 = EDGE_CURVE('',#2627,#10220,#10222,.T.);
#10220 = VERTEX_POINT('',#10221);
#10221 = CARTESIAN_POINT('',(8.355144920525,-0.93052368912,23.));
#10222 = LINE('',#10223,#10224);
#10223 = CARTESIAN_POINT('',(8.355144920525,-0.93052368912,25.));
#10224 = VECTOR('',#10225,1.);
#10225 = DIRECTION('',(-0.,-0.,-1.));
#10226 = ORIENTED_EDGE('',*,*,#10227,.T.);
#10227 = EDGE_CURVE('',#10220,#10168,#10228,.T.);
#10228 = LINE('',#10229,#10230);
#10229 = CARTESIAN_POINT('',(8.355144920525,-0.93052368912,23.));
#10230 = VECTOR('',#10231,1.);
#10231 = DIRECTION('',(0.621811155655,-0.783167215033,0.));
#10232 = ORIENTED_EDGE('',*,*,#10167,.F.);
#10233 = ORIENTED_EDGE('',*,*,#2634,.F.);
#10234 = PLANE('',#10235);
#10235 = AXIS2_PLACEMENT_3D('',#10236,#10237,#10238);
#10236 = CARTESIAN_POINT('',(8.355144920525,-0.93052368912,25.));
#10237 = DIRECTION('',(-0.783167215033,-0.621811155655,0.));
#10238 = DIRECTION('',(0.621811155655,-0.783167215033,0.));
#10239 = ADVANCED_FACE('',(#10240),#10258,.T.);
#10240 = FACE_BOUND('',#10241,.T.);
#10241 = EDGE_LOOP('',(#10242,#10243,#10251,#10257));
#10242 = ORIENTED_EDGE('',*,*,#10202,.T.);
#10243 = ORIENTED_EDGE('',*,*,#10244,.T.);
#10244 = EDGE_CURVE('',#10195,#10245,#10247,.T.);
#10245 = VERTEX_POINT('',#10246);
#10246 = CARTESIAN_POINT('',(7.575245785078,-1.114016124278,23.));
#10247 = B_SPLINE_CURVE_WITH_KNOTS('',2,(#10248,#10249,#10250),
  .UNSPECIFIED.,.F.,.F.,(3,3),(0.,1.),.PIECEWISE_BEZIER_KNOTS.);
#10248 = CARTESIAN_POINT('',(7.21726667845,-1.162422104105,23.));
#10249 = CARTESIAN_POINT('',(7.424849531476,-1.162422104105,23.));
#10250 = CARTESIAN_POINT('',(7.575245785078,-1.114016124278,23.));
#10251 = ORIENTED_EDGE('',*,*,#10252,.F.);
#10252 = EDGE_CURVE('',#2587,#10245,#10253,.T.);
#10253 = LINE('',#10254,#10255);
#10254 = CARTESIAN_POINT('',(7.575245785078,-1.114016124278,25.));
#10255 = VECTOR('',#10256,1.);
#10256 = DIRECTION('',(-0.,-0.,-1.));
#10257 = ORIENTED_EDGE('',*,*,#2586,.F.);
#10258 = SURFACE_OF_LINEAR_EXTRUSION('',#10259,#10263);
#10259 = B_SPLINE_CURVE_WITH_KNOTS('',2,(#10260,#10261,#10262),
  .UNSPECIFIED.,.F.,.F.,(3,3),(0.,1.),.PIECEWISE_BEZIER_KNOTS.);
#10260 = CARTESIAN_POINT('',(7.21726667845,-1.162422104105,25.));
#10261 = CARTESIAN_POINT('',(7.424849531476,-1.162422104105,25.));
#10262 = CARTESIAN_POINT('',(7.575245785078,-1.114016124278,25.));
#10263 = VECTOR('',#10264,1.);
#10264 = DIRECTION('',(0.,0.,1.));
#10265 = ADVANCED_FACE('',(#10266),#10284,.T.);
#10266 = FACE_BOUND('',#10267,.T.);
#10267 = EDGE_LOOP('',(#10268,#10276,#10282,#10283));
#10268 = ORIENTED_EDGE('',*,*,#10269,.T.);
#10269 = EDGE_CURVE('',#2619,#10270,#10272,.T.);
#10270 = VERTEX_POINT('',#10271);
#10271 = CARTESIAN_POINT('',(8.289402845597,-0.871310792866,23.));
#10272 = LINE('',#10273,#10274);
#10273 = CARTESIAN_POINT('',(8.289402845597,-0.871310792866,25.));
#10274 = VECTOR('',#10275,1.);
#10275 = DIRECTION('',(-0.,-0.,-1.));
#10276 = ORIENTED_EDGE('',*,*,#10277,.T.);
#10277 = EDGE_CURVE('',#10270,#10220,#10278,.T.);
#10278 = B_SPLINE_CURVE_WITH_KNOTS('',2,(#10279,#10280,#10281),
  .UNSPECIFIED.,.F.,.F.,(3,3),(0.,1.),.PIECEWISE_BEZIER_KNOTS.);
#10279 = CARTESIAN_POINT('',(8.289402845597,-0.871310792866,23.));
#10280 = CARTESIAN_POINT('',(8.327452197182,-0.892249193442,23.));
#10281 = CARTESIAN_POINT('',(8.355144920525,-0.93052368912,23.));
#10282 = ORIENTED_EDGE('',*,*,#10219,.F.);
#10283 = ORIENTED_EDGE('',*,*,#2626,.F.);
#10284 = SURFACE_OF_LINEAR_EXTRUSION('',#10285,#10289);
#10285 = B_SPLINE_CURVE_WITH_KNOTS('',2,(#10286,#10287,#10288),
  .UNSPECIFIED.,.F.,.F.,(3,3),(0.,1.),.PIECEWISE_BEZIER_KNOTS.);
#10286 = CARTESIAN_POINT('',(8.289402845597,-0.871310792866,25.));
#10287 = CARTESIAN_POINT('',(8.327452197182,-0.892249193442,25.));
#10288 = CARTESIAN_POINT('',(8.355144920525,-0.93052368912,25.));
#10289 = VECTOR('',#10290,1.);
#10290 = DIRECTION('',(0.,0.,1.));
#10291 = ADVANCED_FACE('',(#10292),#10310,.T.);
#10292 = FACE_BOUND('',#10293,.T.);
#10293 = EDGE_LOOP('',(#10294,#10295,#10303,#10309));
#10294 = ORIENTED_EDGE('',*,*,#10252,.T.);
#10295 = ORIENTED_EDGE('',*,*,#10296,.T.);
#10296 = EDGE_CURVE('',#10245,#10297,#10299,.T.);
#10297 = VERTEX_POINT('',#10298);
#10298 = CARTESIAN_POINT('',(7.837988940698,-1.006397248197,23.));
#10299 = B_SPLINE_CURVE_WITH_KNOTS('',2,(#10300,#10301,#10302),
  .UNSPECIFIED.,.F.,.F.,(3,3),(0.,1.),.PIECEWISE_BEZIER_KNOTS.);
#10300 = CARTESIAN_POINT('',(7.575245785078,-1.114016124278,23.));
#10301 = CARTESIAN_POINT('',(7.725642038681,-1.065385000359,23.));
#10302 = CARTESIAN_POINT('',(7.837988940698,-1.006397248197,23.));
#10303 = ORIENTED_EDGE('',*,*,#10304,.F.);
#10304 = EDGE_CURVE('',#2595,#10297,#10305,.T.);
#10305 = LINE('',#10306,#10307);
#10306 = CARTESIAN_POINT('',(7.837988940698,-1.006397248197,25.));
#10307 = VECTOR('',#10308,1.);
#10308 = DIRECTION('',(-0.,-0.,-1.));
#10309 = ORIENTED_EDGE('',*,*,#2594,.F.);
#10310 = SURFACE_OF_LINEAR_EXTRUSION('',#10311,#10315);
#10311 = B_SPLINE_CURVE_WITH_KNOTS('',2,(#10312,#10313,#10314),
  .UNSPECIFIED.,.F.,.F.,(3,3),(0.,1.),.PIECEWISE_BEZIER_KNOTS.);
#10312 = CARTESIAN_POINT('',(7.575245785078,-1.114016124278,25.));
#10313 = CARTESIAN_POINT('',(7.725642038681,-1.065385000359,25.));
#10314 = CARTESIAN_POINT('',(7.837988940698,-1.006397248197,25.));
#10315 = VECTOR('',#10316,1.);
#10316 = DIRECTION('',(0.,0.,1.));
#10317 = ADVANCED_FACE('',(#10318),#10336,.T.);
#10318 = FACE_BOUND('',#10319,.T.);
#10319 = EDGE_LOOP('',(#10320,#10328,#10334,#10335));
#10320 = ORIENTED_EDGE('',*,*,#10321,.T.);
#10321 = EDGE_CURVE('',#2611,#10322,#10324,.T.);
#10322 = VERTEX_POINT('',#10323);
#10323 = CARTESIAN_POINT('',(8.199570352802,-0.85037239229,23.));
#10324 = LINE('',#10325,#10326);
#10325 = CARTESIAN_POINT('',(8.199570352802,-0.85037239229,25.));
#10326 = VECTOR('',#10327,1.);
#10327 = DIRECTION('',(-0.,-0.,-1.));
#10328 = ORIENTED_EDGE('',*,*,#10329,.T.);
#10329 = EDGE_CURVE('',#10322,#10270,#10330,.T.);
#10330 = B_SPLINE_CURVE_WITH_KNOTS('',2,(#10331,#10332,#10333),
  .UNSPECIFIED.,.F.,.F.,(3,3),(0.,1.),.PIECEWISE_BEZIER_KNOTS.);
#10331 = CARTESIAN_POINT('',(8.199570352802,-0.85037239229,23.));
#10332 = CARTESIAN_POINT('',(8.251353494012,-0.85037239229,23.));
#10333 = CARTESIAN_POINT('',(8.289402845597,-0.871310792866,23.));
#10334 = ORIENTED_EDGE('',*,*,#10269,.F.);
#10335 = ORIENTED_EDGE('',*,*,#2618,.F.);
#10336 = SURFACE_OF_LINEAR_EXTRUSION('',#10337,#10341);
#10337 = B_SPLINE_CURVE_WITH_KNOTS('',2,(#10338,#10339,#10340),
  .UNSPECIFIED.,.F.,.F.,(3,3),(0.,1.),.PIECEWISE_BEZIER_KNOTS.);
#10338 = CARTESIAN_POINT('',(8.199570352802,-0.85037239229,25.));
#10339 = CARTESIAN_POINT('',(8.251353494012,-0.85037239229,25.));
#10340 = CARTESIAN_POINT('',(8.289402845597,-0.871310792866,25.));
#10341 = VECTOR('',#10342,1.);
#10342 = DIRECTION('',(0.,0.,1.));
#10343 = ADVANCED_FACE('',(#10344),#10362,.T.);
#10344 = FACE_BOUND('',#10345,.T.);
#10345 = EDGE_LOOP('',(#10346,#10347,#10355,#10361));
#10346 = ORIENTED_EDGE('',*,*,#10304,.T.);
#10347 = ORIENTED_EDGE('',*,*,#10348,.T.);
#10348 = EDGE_CURVE('',#10297,#10349,#10351,.T.);
#10349 = VERTEX_POINT('',#10350);
#10350 = CARTESIAN_POINT('',(8.035215165482,-0.899003516209,23.));
#10351 = B_SPLINE_CURVE_WITH_KNOTS('',2,(#10352,#10353,#10354),
  .UNSPECIFIED.,.F.,.F.,(3,3),(0.,1.),.PIECEWISE_BEZIER_KNOTS.);
#10352 = CARTESIAN_POINT('',(7.837988940698,-1.006397248197,23.));
#10353 = CARTESIAN_POINT('',(7.950560986808,-0.947409496036,23.));
#10354 = CARTESIAN_POINT('',(8.035215165482,-0.899003516209,23.));
#10355 = ORIENTED_EDGE('',*,*,#10356,.F.);
#10356 = EDGE_CURVE('',#2603,#10349,#10357,.T.);
#10357 = LINE('',#10358,#10359);
#10358 = CARTESIAN_POINT('',(8.035215165482,-0.899003516209,25.));
#10359 = VECTOR('',#10360,1.);
#10360 = DIRECTION('',(-0.,-0.,-1.));
#10361 = ORIENTED_EDGE('',*,*,#2602,.F.);
#10362 = SURFACE_OF_LINEAR_EXTRUSION('',#10363,#10367);
#10363 = B_SPLINE_CURVE_WITH_KNOTS('',2,(#10364,#10365,#10366),
  .UNSPECIFIED.,.F.,.F.,(3,3),(0.,1.),.PIECEWISE_BEZIER_KNOTS.);
#10364 = CARTESIAN_POINT('',(7.837988940698,-1.006397248197,25.));
#10365 = CARTESIAN_POINT('',(7.950560986808,-0.947409496036,25.));
#10366 = CARTESIAN_POINT('',(8.035215165482,-0.899003516209,25.));
#10367 = VECTOR('',#10368,1.);
#10368 = DIRECTION('',(0.,0.,1.));
#10369 = ADVANCED_FACE('',(#10370),#10381,.T.);
#10370 = FACE_BOUND('',#10371,.T.);
#10371 = EDGE_LOOP('',(#10372,#10373,#10379,#10380));
#10372 = ORIENTED_EDGE('',*,*,#10356,.T.);
#10373 = ORIENTED_EDGE('',*,*,#10374,.T.);
#10374 = EDGE_CURVE('',#10349,#10322,#10375,.T.);
#10375 = B_SPLINE_CURVE_WITH_KNOTS('',2,(#10376,#10377,#10378),
  .UNSPECIFIED.,.F.,.F.,(3,3),(0.,1.),.PIECEWISE_BEZIER_KNOTS.);
#10376 = CARTESIAN_POINT('',(8.035215165482,-0.899003516209,23.));
#10377 = CARTESIAN_POINT('',(8.119869344156,-0.85037239229,23.));
#10378 = CARTESIAN_POINT('',(8.199570352802,-0.85037239229,23.));
#10379 = ORIENTED_EDGE('',*,*,#10321,.F.);
#10380 = ORIENTED_EDGE('',*,*,#2610,.F.);
#10381 = SURFACE_OF_LINEAR_EXTRUSION('',#10382,#10386);
#10382 = B_SPLINE_CURVE_WITH_KNOTS('',2,(#10383,#10384,#10385),
  .UNSPECIFIED.,.F.,.F.,(3,3),(0.,1.),.PIECEWISE_BEZIER_KNOTS.);
#10383 = CARTESIAN_POINT('',(8.035215165482,-0.899003516209,25.));
#10384 = CARTESIAN_POINT('',(8.119869344156,-0.85037239229,25.));
#10385 = CARTESIAN_POINT('',(8.199570352802,-0.85037239229,25.));
#10386 = VECTOR('',#10387,1.);
#10387 = DIRECTION('',(0.,0.,1.));
#10388 = ADVANCED_FACE('',(#10389),#10414,.T.);
#10389 = FACE_BOUND('',#10390,.T.);
#10390 = EDGE_LOOP('',(#10391,#10399,#10407,#10413));
#10391 = ORIENTED_EDGE('',*,*,#10392,.T.);
#10392 = EDGE_CURVE('',#2731,#10393,#10395,.T.);
#10393 = VERTEX_POINT('',#10394);
#10394 = CARTESIAN_POINT('',(2.553857096318,-1.758378516209,23.));
#10395 = LINE('',#10396,#10397);
#10396 = CARTESIAN_POINT('',(2.553857096318,-1.758378516209,25.));
#10397 = VECTOR('',#10398,1.);
#10398 = DIRECTION('',(-0.,-0.,-1.));
#10399 = ORIENTED_EDGE('',*,*,#10400,.T.);
#10400 = EDGE_CURVE('',#10393,#10401,#10403,.T.);
#10401 = VERTEX_POINT('',#10402);
#10402 = CARTESIAN_POINT('',(1.699885554531,-1.758378516209,23.));
#10403 = LINE('',#10404,#10405);
#10404 = CARTESIAN_POINT('',(2.553857096318,-1.758378516209,23.));
#10405 = VECTOR('',#10406,1.);
#10406 = DIRECTION('',(-1.,0.,0.));
#10407 = ORIENTED_EDGE('',*,*,#10408,.F.);
#10408 = EDGE_CURVE('',#2733,#10401,#10409,.T.);
#10409 = LINE('',#10410,#10411);
#10410 = CARTESIAN_POINT('',(1.699885554531,-1.758378516209,25.));
#10411 = VECTOR('',#10412,1.);
#10412 = DIRECTION('',(-0.,-0.,-1.));
#10413 = ORIENTED_EDGE('',*,*,#2730,.F.);
#10414 = PLANE('',#10415);
#10415 = AXIS2_PLACEMENT_3D('',#10416,#10417,#10418);
#10416 = CARTESIAN_POINT('',(2.553857096318,-1.758378516209,25.));
#10417 = DIRECTION('',(0.,1.,0.));
#10418 = DIRECTION('',(-1.,0.,0.));
#10419 = ADVANCED_FACE('',(#10420),#10438,.T.);
#10420 = FACE_BOUND('',#10421,.T.);
#10421 = EDGE_LOOP('',(#10422,#10430,#10436,#10437));
#10422 = ORIENTED_EDGE('',*,*,#10423,.T.);
#10423 = EDGE_CURVE('',#2861,#10424,#10426,.T.);
#10424 = VERTEX_POINT('',#10425);
#10425 = CARTESIAN_POINT('',(2.553857096318,0.806913270535,23.));
#10426 = LINE('',#10427,#10428);
#10427 = CARTESIAN_POINT('',(2.553857096318,0.806913270535,25.));
#10428 = VECTOR('',#10429,1.);
#10429 = DIRECTION('',(-0.,-0.,-1.));
#10430 = ORIENTED_EDGE('',*,*,#10431,.T.);
#10431 = EDGE_CURVE('',#10424,#10393,#10432,.T.);
#10432 = LINE('',#10433,#10434);
#10433 = CARTESIAN_POINT('',(2.553857096318,0.806913270535,23.));
#10434 = VECTOR('',#10435,1.);
#10435 = DIRECTION('',(0.,-1.,0.));
#10436 = ORIENTED_EDGE('',*,*,#10392,.F.);
#10437 = ORIENTED_EDGE('',*,*,#2868,.F.);
#10438 = PLANE('',#10439);
#10439 = AXIS2_PLACEMENT_3D('',#10440,#10441,#10442);
#10440 = CARTESIAN_POINT('',(2.553857096318,0.806913270535,25.));
#10441 = DIRECTION('',(-1.,0.,0.));
#10442 = DIRECTION('',(0.,-1.,0.));
#10443 = ADVANCED_FACE('',(#10444),#10462,.T.);
#10444 = FACE_BOUND('',#10445,.T.);
#10445 = EDGE_LOOP('',(#10446,#10447,#10455,#10461));
#10446 = ORIENTED_EDGE('',*,*,#10408,.T.);
#10447 = ORIENTED_EDGE('',*,*,#10448,.T.);
#10448 = EDGE_CURVE('',#10401,#10449,#10451,.T.);
#10449 = VERTEX_POINT('',#10450);
#10450 = CARTESIAN_POINT('',(1.699885554531,3.385713702811,23.));
#10451 = LINE('',#10452,#10453);
#10452 = CARTESIAN_POINT('',(1.699885554531,-1.758378516209,23.));
#10453 = VECTOR('',#10454,1.);
#10454 = DIRECTION('',(0.,1.,0.));
#10455 = ORIENTED_EDGE('',*,*,#10456,.F.);
#10456 = EDGE_CURVE('',#2741,#10449,#10457,.T.);
#10457 = LINE('',#10458,#10459);
#10458 = CARTESIAN_POINT('',(1.699885554531,3.385713702811,25.));
#10459 = VECTOR('',#10460,1.);
#10460 = DIRECTION('',(-0.,-0.,-1.));
#10461 = ORIENTED_EDGE('',*,*,#2740,.F.);
#10462 = PLANE('',#10463);
#10463 = AXIS2_PLACEMENT_3D('',#10464,#10465,#10466);
#10464 = CARTESIAN_POINT('',(1.699885554531,-1.758378516209,25.));
#10465 = DIRECTION('',(1.,0.,0.));
#10466 = DIRECTION('',(0.,1.,0.));
#10467 = ADVANCED_FACE('',(#10468),#10486,.T.);
#10468 = FACE_BOUND('',#10469,.T.);
#10469 = EDGE_LOOP('',(#10470,#10478,#10484,#10485));
#10470 = ORIENTED_EDGE('',*,*,#10471,.T.);
#10471 = EDGE_CURVE('',#2853,#10472,#10474,.T.);
#10472 = VERTEX_POINT('',#10473);
#10473 = CARTESIAN_POINT('',(2.92039167845,1.080463342581,23.));
#10474 = LINE('',#10475,#10476);
#10475 = CARTESIAN_POINT('',(2.92039167845,1.080463342581,25.));
#10476 = VECTOR('',#10477,1.);
#10477 = DIRECTION('',(-0.,-0.,-1.));
#10478 = ORIENTED_EDGE('',*,*,#10479,.T.);
#10479 = EDGE_CURVE('',#10472,#10424,#10480,.T.);
#10480 = B_SPLINE_CURVE_WITH_KNOTS('',2,(#10481,#10482,#10483),
  .UNSPECIFIED.,.F.,.F.,(3,3),(0.,1.),.PIECEWISE_BEZIER_KNOTS.);
#10481 = CARTESIAN_POINT('',(2.92039167845,1.080463342581,23.));
#10482 = CARTESIAN_POINT('',(2.726767759142,0.980049077451,23.));
#10483 = CARTESIAN_POINT('',(2.553857096318,0.806913270535,23.));
#10484 = ORIENTED_EDGE('',*,*,#10423,.F.);
#10485 = ORIENTED_EDGE('',*,*,#2860,.F.);
#10486 = SURFACE_OF_LINEAR_EXTRUSION('',#10487,#10491);
#10487 = B_SPLINE_CURVE_WITH_KNOTS('',2,(#10488,#10489,#10490),
  .UNSPECIFIED.,.F.,.F.,(3,3),(0.,1.),.PIECEWISE_BEZIER_KNOTS.);
#10488 = CARTESIAN_POINT('',(2.92039167845,1.080463342581,25.));
#10489 = CARTESIAN_POINT('',(2.726767759142,0.980049077451,25.));
#10490 = CARTESIAN_POINT('',(2.553857096318,0.806913270535,25.));
#10491 = VECTOR('',#10492,1.);
#10492 = DIRECTION('',(0.,0.,1.));
#10493 = ADVANCED_FACE('',(#10494),#10512,.T.);
#10494 = FACE_BOUND('',#10495,.T.);
#10495 = EDGE_LOOP('',(#10496,#10497,#10505,#10511));
#10496 = ORIENTED_EDGE('',*,*,#10456,.T.);
#10497 = ORIENTED_EDGE('',*,*,#10498,.T.);
#10498 = EDGE_CURVE('',#10449,#10499,#10501,.T.);
#10499 = VERTEX_POINT('',#10500);
#10500 = CARTESIAN_POINT('',(2.553857096318,3.385713702811,23.));
#10501 = LINE('',#10502,#10503);
#10502 = CARTESIAN_POINT('',(1.699885554531,3.385713702811,23.));
#10503 = VECTOR('',#10504,1.);
#10504 = DIRECTION('',(1.,0.,0.));
#10505 = ORIENTED_EDGE('',*,*,#10506,.F.);
#10506 = EDGE_CURVE('',#2749,#10499,#10507,.T.);
#10507 = LINE('',#10508,#10509);
#10508 = CARTESIAN_POINT('',(2.553857096318,3.385713702811,25.));
#10509 = VECTOR('',#10510,1.);
#10510 = DIRECTION('',(-0.,-0.,-1.));
#10511 = ORIENTED_EDGE('',*,*,#2748,.F.);
#10512 = PLANE('',#10513);
#10513 = AXIS2_PLACEMENT_3D('',#10514,#10515,#10516);
#10514 = CARTESIAN_POINT('',(1.699885554531,3.385713702811,25.));
#10515 = DIRECTION('',(0.,-1.,0.));
#10516 = DIRECTION('',(1.,0.,0.));
#10517 = ADVANCED_FACE('',(#10518),#10536,.T.);
#10518 = FACE_BOUND('',#10519,.T.);
#10519 = EDGE_LOOP('',(#10520,#10528,#10534,#10535));
#10520 = ORIENTED_EDGE('',*,*,#10521,.T.);
#10521 = EDGE_CURVE('',#2845,#10522,#10524,.T.);
#10522 = VERTEX_POINT('',#10523);
#10523 = CARTESIAN_POINT('',(3.335557384502,1.181102751803,23.));
#10524 = LINE('',#10525,#10526);
#10525 = CARTESIAN_POINT('',(3.335557384502,1.181102751803,25.));
#10526 = VECTOR('',#10527,1.);
#10527 = DIRECTION('',(-0.,-0.,-1.));
#10528 = ORIENTED_EDGE('',*,*,#10529,.T.);
#10529 = EDGE_CURVE('',#10522,#10472,#10530,.T.);
#10530 = B_SPLINE_CURVE_WITH_KNOTS('',2,(#10531,#10532,#10533),
  .UNSPECIFIED.,.F.,.F.,(3,3),(0.,1.),.PIECEWISE_BEZIER_KNOTS.);
#10531 = CARTESIAN_POINT('',(3.335557384502,1.181102751803,23.));
#10532 = CARTESIAN_POINT('',(3.114240741851,1.181102751803,23.));
#10533 = CARTESIAN_POINT('',(2.92039167845,1.080463342581,23.));
#10534 = ORIENTED_EDGE('',*,*,#10471,.F.);
#10535 = ORIENTED_EDGE('',*,*,#2852,.F.);
#10536 = SURFACE_OF_LINEAR_EXTRUSION('',#10537,#10541);
#10537 = B_SPLINE_CURVE_WITH_KNOTS('',2,(#10538,#10539,#10540),
  .UNSPECIFIED.,.F.,.F.,(3,3),(0.,1.),.PIECEWISE_BEZIER_KNOTS.);
#10538 = CARTESIAN_POINT('',(3.335557384502,1.181102751803,25.));
#10539 = CARTESIAN_POINT('',(3.114240741851,1.181102751803,25.));
#10540 = CARTESIAN_POINT('',(2.92039167845,1.080463342581,25.));
#10541 = VECTOR('',#10542,1.);
#10542 = DIRECTION('',(0.,0.,1.));
#10543 = ADVANCED_FACE('',(#10544),#10562,.T.);
#10544 = FACE_BOUND('',#10545,.T.);
#10545 = EDGE_LOOP('',(#10546,#10547,#10555,#10561));
#10546 = ORIENTED_EDGE('',*,*,#10506,.T.);
#10547 = ORIENTED_EDGE('',*,*,#10548,.T.);
#10548 = EDGE_CURVE('',#10499,#10549,#10551,.T.);
#10549 = VERTEX_POINT('',#10550);
#10550 = CARTESIAN_POINT('',(2.553857096318,1.40196910627,23.));
#10551 = LINE('',#10552,#10553);
#10552 = CARTESIAN_POINT('',(2.553857096318,3.385713702811,23.));
#10553 = VECTOR('',#10554,1.);
#10554 = DIRECTION('',(0.,-1.,0.));
#10555 = ORIENTED_EDGE('',*,*,#10556,.F.);
#10556 = EDGE_CURVE('',#2757,#10549,#10557,.T.);
#10557 = LINE('',#10558,#10559);
#10558 = CARTESIAN_POINT('',(2.553857096318,1.40196910627,25.));
#10559 = VECTOR('',#10560,1.);
#10560 = DIRECTION('',(-0.,-0.,-1.));
#10561 = ORIENTED_EDGE('',*,*,#2756,.F.);
#10562 = PLANE('',#10563);
#10563 = AXIS2_PLACEMENT_3D('',#10564,#10565,#10566);
#10564 = CARTESIAN_POINT('',(2.553857096318,3.385713702811,25.));
#10565 = DIRECTION('',(-1.,0.,0.));
#10566 = DIRECTION('',(0.,-1.,0.));
#10567 = ADVANCED_FACE('',(#10568),#10586,.T.);
#10568 = FACE_BOUND('',#10569,.T.);
#10569 = EDGE_LOOP('',(#10570,#10578,#10584,#10585));
#10570 = ORIENTED_EDGE('',*,*,#10571,.T.);
#10571 = EDGE_CURVE('',#2837,#10572,#10574,.T.);
#10572 = VERTEX_POINT('',#10573);
#10573 = CARTESIAN_POINT('',(3.786746145309,1.003013774857,23.));
#10574 = LINE('',#10575,#10576);
#10575 = CARTESIAN_POINT('',(3.786746145309,1.003013774857,25.));
#10576 = VECTOR('',#10577,1.);
#10577 = DIRECTION('',(-0.,-0.,-1.));
#10578 = ORIENTED_EDGE('',*,*,#10579,.T.);
#10579 = EDGE_CURVE('',#10572,#10522,#10580,.T.);
#10580 = B_SPLINE_CURVE_WITH_KNOTS('',2,(#10581,#10582,#10583),
  .UNSPECIFIED.,.F.,.F.,(3,3),(0.,1.),.PIECEWISE_BEZIER_KNOTS.);
#10581 = CARTESIAN_POINT('',(3.786746145309,1.003013774857,23.));
#10582 = CARTESIAN_POINT('',(3.636349891707,1.181102751803,23.));
#10583 = CARTESIAN_POINT('',(3.335557384502,1.181102751803,23.));
#10584 = ORIENTED_EDGE('',*,*,#10521,.F.);
#10585 = ORIENTED_EDGE('',*,*,#2844,.F.);
#10586 = SURFACE_OF_LINEAR_EXTRUSION('',#10587,#10591);
#10587 = B_SPLINE_CURVE_WITH_KNOTS('',2,(#10588,#10589,#10590),
  .UNSPECIFIED.,.F.,.F.,(3,3),(0.,1.),.PIECEWISE_BEZIER_KNOTS.);
#10588 = CARTESIAN_POINT('',(3.786746145309,1.003013774857,25.));
#10589 = CARTESIAN_POINT('',(3.636349891707,1.181102751803,25.));
#10590 = CARTESIAN_POINT('',(3.335557384502,1.181102751803,25.));
#10591 = VECTOR('',#10592,1.);
#10592 = DIRECTION('',(0.,0.,1.));
#10593 = ADVANCED_FACE('',(#10594),#10612,.T.);
#10594 = FACE_BOUND('',#10595,.T.);
#10595 = EDGE_LOOP('',(#10596,#10597,#10605,#10611));
#10596 = ORIENTED_EDGE('',*,*,#10556,.T.);
#10597 = ORIENTED_EDGE('',*,*,#10598,.T.);
#10598 = EDGE_CURVE('',#10549,#10599,#10601,.T.);
#10599 = VERTEX_POINT('',#10600);
#10600 = CARTESIAN_POINT('',(3.010449315338,1.722124005405,23.));
#10601 = B_SPLINE_CURVE_WITH_KNOTS('',2,(#10602,#10603,#10604),
  .UNSPECIFIED.,.F.,.F.,(3,3),(0.,1.),.PIECEWISE_BEZIER_KNOTS.);
#10602 = CARTESIAN_POINT('',(2.553857096318,1.40196910627,23.));
#10603 = CARTESIAN_POINT('',(2.761439949344,1.600321051514,23.));
#10604 = CARTESIAN_POINT('',(3.010449315338,1.722124005405,23.));
#10605 = ORIENTED_EDGE('',*,*,#10606,.F.);
#10606 = EDGE_CURVE('',#2765,#10599,#10607,.T.);
#10607 = LINE('',#10608,#10609);
#10608 = CARTESIAN_POINT('',(3.010449315338,1.722124005405,25.));
#10609 = VECTOR('',#10610,1.);
#10610 = DIRECTION('',(-0.,-0.,-1.));
#10611 = ORIENTED_EDGE('',*,*,#2764,.F.);
#10612 = SURFACE_OF_LINEAR_EXTRUSION('',#10613,#10617);
#10613 = B_SPLINE_CURVE_WITH_KNOTS('',2,(#10614,#10615,#10616),
  .UNSPECIFIED.,.F.,.F.,(3,3),(0.,1.),.PIECEWISE_BEZIER_KNOTS.);
#10614 = CARTESIAN_POINT('',(2.553857096318,1.40196910627,25.));
#10615 = CARTESIAN_POINT('',(2.761439949344,1.600321051514,25.));
#10616 = CARTESIAN_POINT('',(3.010449315338,1.722124005405,25.));
#10617 = VECTOR('',#10618,1.);
#10618 = DIRECTION('',(0.,0.,1.));
#10619 = ADVANCED_FACE('',(#10620),#10638,.T.);
#10620 = FACE_BOUND('',#10621,.T.);
#10621 = EDGE_LOOP('',(#10622,#10630,#10636,#10637));
#10622 = ORIENTED_EDGE('',*,*,#10623,.T.);
#10623 = EDGE_CURVE('',#2829,#10624,#10626,.T.);
#10624 = VERTEX_POINT('',#10625);
#10625 = CARTESIAN_POINT('',(3.937142398911,0.499816728748,23.));
#10626 = LINE('',#10627,#10628);
#10627 = CARTESIAN_POINT('',(3.937142398911,0.499816728748,25.));
#10628 = VECTOR('',#10629,1.);
#10629 = DIRECTION('',(-0.,-0.,-1.));
#10630 = ORIENTED_EDGE('',*,*,#10631,.T.);
#10631 = EDGE_CURVE('',#10624,#10572,#10632,.T.);
#10632 = B_SPLINE_CURVE_WITH_KNOTS('',2,(#10633,#10634,#10635),
  .UNSPECIFIED.,.F.,.F.,(3,3),(0.,1.),.PIECEWISE_BEZIER_KNOTS.);
#10633 = CARTESIAN_POINT('',(3.937142398911,0.499816728748,23.));
#10634 = CARTESIAN_POINT('',(3.937142398911,0.824924797912,23.));
#10635 = CARTESIAN_POINT('',(3.786746145309,1.003013774857,23.));
#10636 = ORIENTED_EDGE('',*,*,#10571,.F.);
#10637 = ORIENTED_EDGE('',*,*,#2836,.F.);
#10638 = SURFACE_OF_LINEAR_EXTRUSION('',#10639,#10643);
#10639 = B_SPLINE_CURVE_WITH_KNOTS('',2,(#10640,#10641,#10642),
  .UNSPECIFIED.,.F.,.F.,(3,3),(0.,1.),.PIECEWISE_BEZIER_KNOTS.);
#10640 = CARTESIAN_POINT('',(3.937142398911,0.499816728748,25.));
#10641 = CARTESIAN_POINT('',(3.937142398911,0.824924797912,25.));
#10642 = CARTESIAN_POINT('',(3.786746145309,1.003013774857,25.));
#10643 = VECTOR('',#10644,1.);
#10644 = DIRECTION('',(0.,0.,1.));
#10645 = ADVANCED_FACE('',(#10646),#10664,.T.);
#10646 = FACE_BOUND('',#10647,.T.);
#10647 = EDGE_LOOP('',(#10648,#10649,#10657,#10663));
#10648 = ORIENTED_EDGE('',*,*,#10606,.T.);
#10649 = ORIENTED_EDGE('',*,*,#10650,.T.);
#10650 = EDGE_CURVE('',#10599,#10651,#10653,.T.);
#10651 = VERTEX_POINT('',#10652);
#10652 = CARTESIAN_POINT('',(3.594923378738,1.843926959295,23.));
#10653 = B_SPLINE_CURVE_WITH_KNOTS('',2,(#10654,#10655,#10656),
  .UNSPECIFIED.,.F.,.F.,(3,3),(0.,1.),.PIECEWISE_BEZIER_KNOTS.);
#10654 = CARTESIAN_POINT('',(3.010449315338,1.722124005405,23.));
#10655 = CARTESIAN_POINT('',(3.259458681332,1.843926959295,23.));
#10656 = CARTESIAN_POINT('',(3.594923378738,1.843926959295,23.));
#10657 = ORIENTED_EDGE('',*,*,#10658,.F.);
#10658 = EDGE_CURVE('',#2773,#10651,#10659,.T.);
#10659 = LINE('',#10660,#10661);
#10660 = CARTESIAN_POINT('',(3.594923378738,1.843926959295,25.));
#10661 = VECTOR('',#10662,1.);
#10662 = DIRECTION('',(-0.,-0.,-1.));
#10663 = ORIENTED_EDGE('',*,*,#2772,.F.);
#10664 = SURFACE_OF_LINEAR_EXTRUSION('',#10665,#10669);
#10665 = B_SPLINE_CURVE_WITH_KNOTS('',2,(#10666,#10667,#10668),
  .UNSPECIFIED.,.F.,.F.,(3,3),(0.,1.),.PIECEWISE_BEZIER_KNOTS.);
#10666 = CARTESIAN_POINT('',(3.010449315338,1.722124005405,25.));
#10667 = CARTESIAN_POINT('',(3.259458681332,1.843926959295,25.));
#10668 = CARTESIAN_POINT('',(3.594923378738,1.843926959295,25.));
#10669 = VECTOR('',#10670,1.);
#10670 = DIRECTION('',(0.,0.,1.));
#10671 = ADVANCED_FACE('',(#10672),#10690,.T.);
#10672 = FACE_BOUND('',#10673,.T.);
#10673 = EDGE_LOOP('',(#10674,#10682,#10688,#10689));
#10674 = ORIENTED_EDGE('',*,*,#10675,.T.);
#10675 = EDGE_CURVE('',#2821,#10676,#10678,.T.);
#10676 = VERTEX_POINT('',#10677);
#10677 = CARTESIAN_POINT('',(3.937142398911,-1.758378516209,23.));
#10678 = LINE('',#10679,#10680);
#10679 = CARTESIAN_POINT('',(3.937142398911,-1.758378516209,25.));
#10680 = VECTOR('',#10681,1.);
#10681 = DIRECTION('',(-0.,-0.,-1.));
#10682 = ORIENTED_EDGE('',*,*,#10683,.T.);
#10683 = EDGE_CURVE('',#10676,#10624,#10684,.T.);
#10684 = LINE('',#10685,#10686);
#10685 = CARTESIAN_POINT('',(3.937142398911,-1.758378516209,23.));
#10686 = VECTOR('',#10687,1.);
#10687 = DIRECTION('',(0.,1.,0.));
#10688 = ORIENTED_EDGE('',*,*,#10623,.F.);
#10689 = ORIENTED_EDGE('',*,*,#2828,.F.);
#10690 = PLANE('',#10691);
#10691 = AXIS2_PLACEMENT_3D('',#10692,#10693,#10694);
#10692 = CARTESIAN_POINT('',(3.937142398911,-1.758378516209,25.));
#10693 = DIRECTION('',(1.,0.,0.));
#10694 = DIRECTION('',(0.,1.,0.));
#10695 = ADVANCED_FACE('',(#10696),#10714,.T.);
#10696 = FACE_BOUND('',#10697,.T.);
#10697 = EDGE_LOOP('',(#10698,#10699,#10707,#10713));
#10698 = ORIENTED_EDGE('',*,*,#10658,.T.);
#10699 = ORIENTED_EDGE('',*,*,#10700,.T.);
#10700 = EDGE_CURVE('',#10651,#10701,#10703,.T.);
#10701 = VERTEX_POINT('',#10702);
#10702 = CARTESIAN_POINT('',(4.110053061736,1.745313846904,23.));
#10703 = B_SPLINE_CURVE_WITH_KNOTS('',2,(#10704,#10705,#10706),
  .UNSPECIFIED.,.F.,.F.,(3,3),(0.,1.),.PIECEWISE_BEZIER_KNOTS.);
#10704 = CARTESIAN_POINT('',(3.594923378738,1.843926959295,23.));
#10705 = CARTESIAN_POINT('',(3.885359257701,1.843926959295,23.));
#10706 = CARTESIAN_POINT('',(4.110053061736,1.745313846904,23.));
#10707 = ORIENTED_EDGE('',*,*,#10708,.F.);
#10708 = EDGE_CURVE('',#2781,#10701,#10709,.T.);
#10709 = LINE('',#10710,#10711);
#10710 = CARTESIAN_POINT('',(4.110053061736,1.745313846904,25.));
#10711 = VECTOR('',#10712,1.);
#10712 = DIRECTION('',(-0.,-0.,-1.));
#10713 = ORIENTED_EDGE('',*,*,#2780,.F.);
#10714 = SURFACE_OF_LINEAR_EXTRUSION('',#10715,#10719);
#10715 = B_SPLINE_CURVE_WITH_KNOTS('',2,(#10716,#10717,#10718),
  .UNSPECIFIED.,.F.,.F.,(3,3),(0.,1.),.PIECEWISE_BEZIER_KNOTS.);
#10716 = CARTESIAN_POINT('',(3.594923378738,1.843926959295,25.));
#10717 = CARTESIAN_POINT('',(3.885359257701,1.843926959295,25.));
#10718 = CARTESIAN_POINT('',(4.110053061736,1.745313846904,25.));
#10719 = VECTOR('',#10720,1.);
#10720 = DIRECTION('',(0.,0.,1.));
#10721 = ADVANCED_FACE('',(#10722),#10740,.T.);
#10722 = FACE_BOUND('',#10723,.T.);
#10723 = EDGE_LOOP('',(#10724,#10732,#10738,#10739));
#10724 = ORIENTED_EDGE('',*,*,#10725,.T.);
#10725 = EDGE_CURVE('',#2813,#10726,#10728,.T.);
#10726 = VERTEX_POINT('',#10727);
#10727 = CARTESIAN_POINT('',(4.79133908479,-1.758378516209,23.));
#10728 = LINE('',#10729,#10730);
#10729 = CARTESIAN_POINT('',(4.79133908479,-1.758378516209,25.));
#10730 = VECTOR('',#10731,1.);
#10731 = DIRECTION('',(-0.,-0.,-1.));
#10732 = ORIENTED_EDGE('',*,*,#10733,.T.);
#10733 = EDGE_CURVE('',#10726,#10676,#10734,.T.);
#10734 = LINE('',#10735,#10736);
#10735 = CARTESIAN_POINT('',(4.79133908479,-1.758378516209,23.));
#10736 = VECTOR('',#10737,1.);
#10737 = DIRECTION('',(-1.,0.,0.));
#10738 = ORIENTED_EDGE('',*,*,#10675,.F.);
#10739 = ORIENTED_EDGE('',*,*,#2820,.F.);
#10740 = PLANE('',#10741);
#10741 = AXIS2_PLACEMENT_3D('',#10742,#10743,#10744);
#10742 = CARTESIAN_POINT('',(4.79133908479,-1.758378516209,25.));
#10743 = DIRECTION('',(0.,1.,0.));
#10744 = DIRECTION('',(-1.,0.,0.));
#10745 = ADVANCED_FACE('',(#10746),#10764,.T.);
#10746 = FACE_BOUND('',#10747,.T.);
#10747 = EDGE_LOOP('',(#10748,#10749,#10757,#10763));
#10748 = ORIENTED_EDGE('',*,*,#10708,.T.);
#10749 = ORIENTED_EDGE('',*,*,#10750,.T.);
#10750 = EDGE_CURVE('',#10701,#10751,#10753,.T.);
#10751 = VERTEX_POINT('',#10752);
#10752 = CARTESIAN_POINT('',(4.485368263465,1.468836901659,23.));
#10753 = B_SPLINE_CURVE_WITH_KNOTS('',2,(#10754,#10755,#10756),
  .UNSPECIFIED.,.F.,.F.,(3,3),(0.,1.),.PIECEWISE_BEZIER_KNOTS.);
#10754 = CARTESIAN_POINT('',(4.110053061736,1.745313846904,23.));
#10755 = CARTESIAN_POINT('',(4.334972009862,1.646925878604,23.));
#10756 = CARTESIAN_POINT('',(4.485368263465,1.468836901659,23.));
#10757 = ORIENTED_EDGE('',*,*,#10758,.F.);
#10758 = EDGE_CURVE('',#2789,#10751,#10759,.T.);
#10759 = LINE('',#10760,#10761);
#10760 = CARTESIAN_POINT('',(4.485368263465,1.468836901659,25.));
#10761 = VECTOR('',#10762,1.);
#10762 = DIRECTION('',(-0.,-0.,-1.));
#10763 = ORIENTED_EDGE('',*,*,#2788,.F.);
#10764 = SURFACE_OF_LINEAR_EXTRUSION('',#10765,#10769);
#10765 = B_SPLINE_CURVE_WITH_KNOTS('',2,(#10766,#10767,#10768),
  .UNSPECIFIED.,.F.,.F.,(3,3),(0.,1.),.PIECEWISE_BEZIER_KNOTS.);
#10766 = CARTESIAN_POINT('',(4.110053061736,1.745313846904,25.));
#10767 = CARTESIAN_POINT('',(4.334972009862,1.646925878604,25.));
#10768 = CARTESIAN_POINT('',(4.485368263465,1.468836901659,25.));
#10769 = VECTOR('',#10770,1.);
#10770 = DIRECTION('',(0.,0.,1.));
#10771 = ADVANCED_FACE('',(#10772),#10790,.T.);
#10772 = FACE_BOUND('',#10773,.T.);
#10773 = EDGE_LOOP('',(#10774,#10782,#10788,#10789));
#10774 = ORIENTED_EDGE('',*,*,#10775,.T.);
#10775 = EDGE_CURVE('',#2805,#10776,#10778,.T.);
#10776 = VERTEX_POINT('',#10777);
#10777 = CARTESIAN_POINT('',(4.79133908479,0.499141296471,23.));
#10778 = LINE('',#10779,#10780);
#10779 = CARTESIAN_POINT('',(4.79133908479,0.499141296471,25.));
#10780 = VECTOR('',#10781,1.);
#10781 = DIRECTION('',(-0.,-0.,-1.));
#10782 = ORIENTED_EDGE('',*,*,#10783,.T.);
#10783 = EDGE_CURVE('',#10776,#10726,#10784,.T.);
#10784 = LINE('',#10785,#10786);
#10785 = CARTESIAN_POINT('',(4.79133908479,0.499141296471,23.));
#10786 = VECTOR('',#10787,1.);
#10787 = DIRECTION('',(0.,-1.,0.));
#10788 = ORIENTED_EDGE('',*,*,#10725,.F.);
#10789 = ORIENTED_EDGE('',*,*,#2812,.F.);
#10790 = PLANE('',#10791);
#10791 = AXIS2_PLACEMENT_3D('',#10792,#10793,#10794);
#10792 = CARTESIAN_POINT('',(4.79133908479,0.499141296471,25.));
#10793 = DIRECTION('',(-1.,0.,0.));
#10794 = DIRECTION('',(0.,-1.,0.));
#10795 = ADVANCED_FACE('',(#10796),#10814,.T.);
#10796 = FACE_BOUND('',#10797,.T.);
#10797 = EDGE_LOOP('',(#10798,#10799,#10807,#10813));
#10798 = ORIENTED_EDGE('',*,*,#10758,.T.);
#10799 = ORIENTED_EDGE('',*,*,#10800,.T.);
#10800 = EDGE_CURVE('',#10751,#10801,#10803,.T.);
#10801 = VERTEX_POINT('',#10802);
#10802 = CARTESIAN_POINT('',(4.713439228883,1.043539711457,23.));
#10803 = B_SPLINE_CURVE_WITH_KNOTS('',2,(#10804,#10805,#10806),
  .UNSPECIFIED.,.F.,.F.,(3,3),(0.,1.),.PIECEWISE_BEZIER_KNOTS.);
#10804 = CARTESIAN_POINT('',(4.485368263465,1.468836901659,23.));
#10805 = CARTESIAN_POINT('',(4.635764517067,1.290747924713,23.));
#10806 = CARTESIAN_POINT('',(4.713439228883,1.043539711457,23.));
#10807 = ORIENTED_EDGE('',*,*,#10808,.F.);
#10808 = EDGE_CURVE('',#2797,#10801,#10809,.T.);
#10809 = LINE('',#10810,#10811);
#10810 = CARTESIAN_POINT('',(4.713439228883,1.043539711457,25.));
#10811 = VECTOR('',#10812,1.);
#10812 = DIRECTION('',(-0.,-0.,-1.));
#10813 = ORIENTED_EDGE('',*,*,#2796,.F.);
#10814 = SURFACE_OF_LINEAR_EXTRUSION('',#10815,#10819);
#10815 = B_SPLINE_CURVE_WITH_KNOTS('',2,(#10816,#10817,#10818),
  .UNSPECIFIED.,.F.,.F.,(3,3),(0.,1.),.PIECEWISE_BEZIER_KNOTS.);
#10816 = CARTESIAN_POINT('',(4.485368263465,1.468836901659,25.));
#10817 = CARTESIAN_POINT('',(4.635764517067,1.290747924713,25.));
#10818 = CARTESIAN_POINT('',(4.713439228883,1.043539711457,25.));
#10819 = VECTOR('',#10820,1.);
#10820 = DIRECTION('',(0.,0.,1.));
#10821 = ADVANCED_FACE('',(#10822),#10833,.T.);
#10822 = FACE_BOUND('',#10823,.T.);
#10823 = EDGE_LOOP('',(#10824,#10825,#10831,#10832));
#10824 = ORIENTED_EDGE('',*,*,#10808,.T.);
#10825 = ORIENTED_EDGE('',*,*,#10826,.T.);
#10826 = EDGE_CURVE('',#10801,#10776,#10827,.T.);
#10827 = B_SPLINE_CURVE_WITH_KNOTS('',2,(#10828,#10829,#10830),
  .UNSPECIFIED.,.F.,.F.,(3,3),(0.,1.),.PIECEWISE_BEZIER_KNOTS.);
#10828 = CARTESIAN_POINT('',(4.713439228883,1.043539711457,23.));
#10829 = CARTESIAN_POINT('',(4.79133908479,0.7963314982,23.));
#10830 = CARTESIAN_POINT('',(4.79133908479,0.499141296471,23.));
#10831 = ORIENTED_EDGE('',*,*,#10775,.F.);
#10832 = ORIENTED_EDGE('',*,*,#2804,.F.);
#10833 = SURFACE_OF_LINEAR_EXTRUSION('',#10834,#10838);
#10834 = B_SPLINE_CURVE_WITH_KNOTS('',2,(#10835,#10836,#10837),
  .UNSPECIFIED.,.F.,.F.,(3,3),(0.,1.),.PIECEWISE_BEZIER_KNOTS.);
#10835 = CARTESIAN_POINT('',(4.713439228883,1.043539711457,25.));
#10836 = CARTESIAN_POINT('',(4.79133908479,0.7963314982,25.));
#10837 = CARTESIAN_POINT('',(4.79133908479,0.499141296471,25.));
#10838 = VECTOR('',#10839,1.);
#10839 = DIRECTION('',(0.,0.,1.));
#10840 = ADVANCED_FACE('',(#10841),#10859,.T.);
#10841 = FACE_BOUND('',#10842,.T.);
#10842 = EDGE_LOOP('',(#10843,#10844,#10845,#10846,#10847,#10848,#10849,
    #10850,#10851,#10852,#10853,#10854,#10855,#10856,#10857,#10858));
#10843 = ORIENTED_EDGE('',*,*,#3280,.F.);
#10844 = ORIENTED_EDGE('',*,*,#2890,.F.);
#10845 = ORIENTED_EDGE('',*,*,#2923,.F.);
#10846 = ORIENTED_EDGE('',*,*,#2949,.F.);
#10847 = ORIENTED_EDGE('',*,*,#2975,.F.);
#10848 = ORIENTED_EDGE('',*,*,#3001,.F.);
#10849 = ORIENTED_EDGE('',*,*,#3027,.F.);
#10850 = ORIENTED_EDGE('',*,*,#3053,.F.);
#10851 = ORIENTED_EDGE('',*,*,#3079,.F.);
#10852 = ORIENTED_EDGE('',*,*,#3105,.F.);
#10853 = ORIENTED_EDGE('',*,*,#3131,.F.);
#10854 = ORIENTED_EDGE('',*,*,#3157,.F.);
#10855 = ORIENTED_EDGE('',*,*,#3183,.F.);
#10856 = ORIENTED_EDGE('',*,*,#3209,.F.);
#10857 = ORIENTED_EDGE('',*,*,#3235,.F.);
#10858 = ORIENTED_EDGE('',*,*,#3261,.F.);
#10859 = PLANE('',#10860);
#10860 = AXIS2_PLACEMENT_3D('',#10861,#10862,#10863);
#10861 = CARTESIAN_POINT('',(-4.456357727641,-7.225838374423,23.));
#10862 = DIRECTION('',(0.,0.,1.));
#10863 = DIRECTION('',(1.,0.,0.));
#10864 = ADVANCED_FACE('',(#10865),#10918,.T.);
#10865 = FACE_BOUND('',#10866,.T.);
#10866 = EDGE_LOOP('',(#10867,#10868,#10869,#10870,#10871,#10872,#10873,
    #10874,#10875,#10876,#10877,#10878,#10879,#10880,#10881,#10882,
    #10883,#10884,#10885,#10886,#10887,#10888,#10889,#10890,#10891,
    #10892,#10893,#10894,#10895,#10896,#10897,#10898,#10899,#10900,
    #10901,#10902,#10903,#10904,#10905,#10906,#10907,#10908,#10909,
    #10910,#10911,#10912,#10913,#10914,#10915,#10916,#10917));
#10867 = ORIENTED_EDGE('',*,*,#4600,.F.);
#10868 = ORIENTED_EDGE('',*,*,#3306,.F.);
#10869 = ORIENTED_EDGE('',*,*,#3339,.F.);
#10870 = ORIENTED_EDGE('',*,*,#3365,.F.);
#10871 = ORIENTED_EDGE('',*,*,#3391,.F.);
#10872 = ORIENTED_EDGE('',*,*,#3417,.F.);
#10873 = ORIENTED_EDGE('',*,*,#3441,.F.);
#10874 = ORIENTED_EDGE('',*,*,#3467,.F.);
#10875 = ORIENTED_EDGE('',*,*,#3493,.F.);
#10876 = ORIENTED_EDGE('',*,*,#3519,.F.);
#10877 = ORIENTED_EDGE('',*,*,#3545,.F.);
#10878 = ORIENTED_EDGE('',*,*,#3571,.F.);
#10879 = ORIENTED_EDGE('',*,*,#3597,.F.);
#10880 = ORIENTED_EDGE('',*,*,#3623,.F.);
#10881 = ORIENTED_EDGE('',*,*,#3649,.F.);
#10882 = ORIENTED_EDGE('',*,*,#3675,.F.);
#10883 = ORIENTED_EDGE('',*,*,#3701,.F.);
#10884 = ORIENTED_EDGE('',*,*,#3727,.F.);
#10885 = ORIENTED_EDGE('',*,*,#3751,.F.);
#10886 = ORIENTED_EDGE('',*,*,#3777,.F.);
#10887 = ORIENTED_EDGE('',*,*,#3803,.F.);
#10888 = ORIENTED_EDGE('',*,*,#3829,.F.);
#10889 = ORIENTED_EDGE('',*,*,#3855,.F.);
#10890 = ORIENTED_EDGE('',*,*,#3881,.F.);
#10891 = ORIENTED_EDGE('',*,*,#3907,.F.);
#10892 = ORIENTED_EDGE('',*,*,#3933,.F.);
#10893 = ORIENTED_EDGE('',*,*,#3959,.F.);
#10894 = ORIENTED_EDGE('',*,*,#3985,.F.);
#10895 = ORIENTED_EDGE('',*,*,#4011,.F.);
#10896 = ORIENTED_EDGE('',*,*,#4037,.F.);
#10897 = ORIENTED_EDGE('',*,*,#4063,.F.);
#10898 = ORIENTED_EDGE('',*,*,#4089,.F.);
#10899 = ORIENTED_EDGE('',*,*,#4115,.F.);
#10900 = ORIENTED_EDGE('',*,*,#4141,.F.);
#10901 = ORIENTED_EDGE('',*,*,#4165,.F.);
#10902 = ORIENTED_EDGE('',*,*,#4191,.F.);
#10903 = ORIENTED_EDGE('',*,*,#4217,.F.);
#10904 = ORIENTED_EDGE('',*,*,#4243,.F.);
#10905 = ORIENTED_EDGE('',*,*,#4269,.F.);
#10906 = ORIENTED_EDGE('',*,*,#4295,.F.);
#10907 = ORIENTED_EDGE('',*,*,#4321,.F.);
#10908 = ORIENTED_EDGE('',*,*,#4347,.F.);
#10909 = ORIENTED_EDGE('',*,*,#4373,.F.);
#10910 = ORIENTED_EDGE('',*,*,#4399,.F.);
#10911 = ORIENTED_EDGE('',*,*,#4425,.F.);
#10912 = ORIENTED_EDGE('',*,*,#4451,.F.);
#10913 = ORIENTED_EDGE('',*,*,#4477,.F.);
#10914 = ORIENTED_EDGE('',*,*,#4503,.F.);
#10915 = ORIENTED_EDGE('',*,*,#4529,.F.);
#10916 = ORIENTED_EDGE('',*,*,#4555,.F.);
#10917 = ORIENTED_EDGE('',*,*,#4581,.F.);
#10918 = PLANE('',#10919);
#10919 = AXIS2_PLACEMENT_3D('',#10920,#10921,#10922);
#10920 = CARTESIAN_POINT('',(-5.998156814169,-6.019925888985,23.));
#10921 = DIRECTION('',(0.,0.,1.));
#10922 = DIRECTION('',(1.,0.,0.));
#10923 = ADVANCED_FACE('',(#10924,#10942),#11072,.T.);
#10924 = FACE_BOUND('',#10925,.T.);
#10925 = EDGE_LOOP('',(#10926,#10927,#10928,#10929,#10930,#10931,#10932,
    #10933,#10934,#10935,#10936,#10937,#10938,#10939,#10940,#10941));
#10926 = ORIENTED_EDGE('',*,*,#5016,.F.);
#10927 = ORIENTED_EDGE('',*,*,#4626,.F.);
#10928 = ORIENTED_EDGE('',*,*,#4659,.F.);
#10929 = ORIENTED_EDGE('',*,*,#4685,.F.);
#10930 = ORIENTED_EDGE('',*,*,#4711,.F.);
#10931 = ORIENTED_EDGE('',*,*,#4737,.F.);
#10932 = ORIENTED_EDGE('',*,*,#4763,.F.);
#10933 = ORIENTED_EDGE('',*,*,#4789,.F.);
#10934 = ORIENTED_EDGE('',*,*,#4815,.F.);
#10935 = ORIENTED_EDGE('',*,*,#4841,.F.);
#10936 = ORIENTED_EDGE('',*,*,#4867,.F.);
#10937 = ORIENTED_EDGE('',*,*,#4893,.F.);
#10938 = ORIENTED_EDGE('',*,*,#4919,.F.);
#10939 = ORIENTED_EDGE('',*,*,#4945,.F.);
#10940 = ORIENTED_EDGE('',*,*,#4971,.F.);
#10941 = ORIENTED_EDGE('',*,*,#4997,.F.);
#10942 = FACE_BOUND('',#10943,.T.);
#10943 = EDGE_LOOP('',(#10944,#10954,#10962,#10970,#10978,#10986,#10994,
    #11002,#11010,#11018,#11026,#11034,#11042,#11050,#11058,#11066));
#10944 = ORIENTED_EDGE('',*,*,#10945,.F.);
#10945 = EDGE_CURVE('',#10946,#10948,#10950,.T.);
#10946 = VERTEX_POINT('',#10947);
#10947 = CARTESIAN_POINT('',(-2.214002237487,-6.010529177014,23.));
#10948 = VERTEX_POINT('',#10949);
#10949 = CARTESIAN_POINT('',(-2.261822842675,-5.469643009867,23.));
#10950 = B_SPLINE_CURVE_WITH_KNOTS('',2,(#10951,#10952,#10953),
  .UNSPECIFIED.,.F.,.F.,(3,3),(0.,1.),.PIECEWISE_BEZIER_KNOTS.);
#10951 = CARTESIAN_POINT('',(-2.214002237487,-6.010529177014,23.));
#10952 = CARTESIAN_POINT('',(-2.214002237487,-5.683890128023,23.));
#10953 = CARTESIAN_POINT('',(-2.261822842675,-5.469643009867,23.));
#10954 = ORIENTED_EDGE('',*,*,#10955,.F.);
#10955 = EDGE_CURVE('',#10956,#10946,#10958,.T.);
#10956 = VERTEX_POINT('',#10957);
#10957 = CARTESIAN_POINT('',(-2.261822842675,-6.551415344161,23.));
#10958 = B_SPLINE_CURVE_WITH_KNOTS('',2,(#10959,#10960,#10961),
  .UNSPECIFIED.,.F.,.F.,(3,3),(0.,1.),.PIECEWISE_BEZIER_KNOTS.);
#10959 = CARTESIAN_POINT('',(-2.261822842675,-6.551415344161,23.));
#10960 = CARTESIAN_POINT('',(-2.214002237487,-6.337168226006,23.));
#10961 = CARTESIAN_POINT('',(-2.214002237487,-6.010529177014,23.));
#10962 = ORIENTED_EDGE('',*,*,#10963,.F.);
#10963 = EDGE_CURVE('',#10964,#10956,#10966,.T.);
#10964 = VERTEX_POINT('',#10965);
#10965 = CARTESIAN_POINT('',(-2.389344456507,-6.892643730329,23.));
#10966 = B_SPLINE_CURVE_WITH_KNOTS('',2,(#10967,#10968,#10969),
  .UNSPECIFIED.,.F.,.F.,(3,3),(0.,1.),.PIECEWISE_BEZIER_KNOTS.);
#10967 = CARTESIAN_POINT('',(-2.389344456507,-6.892643730329,23.));
#10968 = CARTESIAN_POINT('',(-2.309508361407,-6.765662462317,23.));
#10969 = CARTESIAN_POINT('',(-2.261822842675,-6.551415344161,23.));
#10970 = ORIENTED_EDGE('',*,*,#10971,.F.);
#10971 = EDGE_CURVE('',#10972,#10964,#10974,.T.);
#10972 = VERTEX_POINT('',#10973);
#10973 = CARTESIAN_POINT('',(-2.572926949303,-7.070552592,23.));
#10974 = B_SPLINE_CURVE_WITH_KNOTS('',2,(#10975,#10976,#10977),
  .UNSPECIFIED.,.F.,.F.,(3,3),(0.,1.),.PIECEWISE_BEZIER_KNOTS.);
#10975 = CARTESIAN_POINT('',(-2.572926949303,-7.070552592,23.));
#10976 = CARTESIAN_POINT('',(-2.469180551608,-7.019489911885,23.));
#10977 = CARTESIAN_POINT('',(-2.389344456507,-6.892643730329,23.));
#10978 = ORIENTED_EDGE('',*,*,#10979,.F.);
#10979 = EDGE_CURVE('',#10980,#10972,#10982,.T.);
#10980 = VERTEX_POINT('',#10981);
#10981 = CARTESIAN_POINT('',(-2.788795104922,-7.12148018566,23.));
#10982 = B_SPLINE_CURVE_WITH_KNOTS('',2,(#10983,#10984,#10985),
  .UNSPECIFIED.,.F.,.F.,(3,3),(0.,1.),.PIECEWISE_BEZIER_KNOTS.);
#10983 = CARTESIAN_POINT('',(-2.788795104922,-7.12148018566,23.));
#10984 = CARTESIAN_POINT('',(-2.676673346997,-7.12148018566,23.));
#10985 = CARTESIAN_POINT('',(-2.572926949303,-7.070552592,23.));
#10986 = ORIENTED_EDGE('',*,*,#10987,.F.);
#10987 = EDGE_CURVE('',#10988,#10980,#10990,.T.);
#10988 = VERTEX_POINT('',#10989);
#10989 = CARTESIAN_POINT('',(-3.001556272069,-7.070552592,23.));
#10990 = B_SPLINE_CURVE_WITH_KNOTS('',2,(#10991,#10992,#10993),
  .UNSPECIFIED.,.F.,.F.,(3,3),(0.,1.),.PIECEWISE_BEZIER_KNOTS.);
#10991 = CARTESIAN_POINT('',(-3.001556272069,-7.070552592,23.));
#10992 = CARTESIAN_POINT('',(-2.898755479562,-7.12148018566,23.));
#10993 = CARTESIAN_POINT('',(-2.788795104922,-7.12148018566,23.));
#10994 = ORIENTED_EDGE('',*,*,#10995,.F.);
#10995 = EDGE_CURVE('',#10996,#10988,#10998,.T.);
#10996 = VERTEX_POINT('',#10997);
#10997 = CARTESIAN_POINT('',(-3.183112468035,-6.892643730329,23.));
#10998 = B_SPLINE_CURVE_WITH_KNOTS('',2,(#10999,#11000,#11001),
  .UNSPECIFIED.,.F.,.F.,(3,3),(0.,1.),.PIECEWISE_BEZIER_KNOTS.);
#10999 = CARTESIAN_POINT('',(-3.183112468035,-6.892643730329,23.));
#11000 = CARTESIAN_POINT('',(-3.104221978121,-7.019489911885,23.));
#11001 = CARTESIAN_POINT('',(-3.001556272069,-7.070552592,23.));
#11002 = ORIENTED_EDGE('',*,*,#11003,.F.);
#11003 = EDGE_CURVE('',#11004,#10996,#11006,.T.);
#11004 = VERTEX_POINT('',#11005);
#11005 = CARTESIAN_POINT('',(-3.308607785038,-6.551415344161,23.));
#11006 = B_SPLINE_CURVE_WITH_KNOTS('',2,(#11007,#11008,#11009),
  .UNSPECIFIED.,.F.,.F.,(3,3),(0.,1.),.PIECEWISE_BEZIER_KNOTS.);
#11007 = CARTESIAN_POINT('',(-3.308607785038,-6.551415344161,23.));
#11008 = CARTESIAN_POINT('',(-3.261867871493,-6.765662462317,23.));
#11009 = CARTESIAN_POINT('',(-3.183112468035,-6.892643730329,23.));
#11010 = ORIENTED_EDGE('',*,*,#11011,.F.);
#11011 = EDGE_CURVE('',#11012,#11004,#11014,.T.);
#11012 = VERTEX_POINT('',#11013);
#11013 = CARTESIAN_POINT('',(-3.355212612127,-6.010529177014,23.));
#11014 = B_SPLINE_CURVE_WITH_KNOTS('',2,(#11015,#11016,#11017),
  .UNSPECIFIED.,.F.,.F.,(3,3),(0.,1.),.PIECEWISE_BEZIER_KNOTS.);
#11015 = CARTESIAN_POINT('',(-3.355212612127,-6.010529177014,23.));
#11016 = CARTESIAN_POINT('',(-3.355212612127,-6.337168226006,23.));
#11017 = CARTESIAN_POINT('',(-3.308607785038,-6.551415344161,23.));
#11018 = ORIENTED_EDGE('',*,*,#11019,.F.);
#11019 = EDGE_CURVE('',#11020,#11012,#11022,.T.);
#11020 = VERTEX_POINT('',#11021);
#11021 = CARTESIAN_POINT('',(-3.308607785038,-5.469643009867,23.));
#11022 = B_SPLINE_CURVE_WITH_KNOTS('',2,(#11023,#11024,#11025),
  .UNSPECIFIED.,.F.,.F.,(3,3),(0.,1.),.PIECEWISE_BEZIER_KNOTS.);
#11023 = CARTESIAN_POINT('',(-3.308607785038,-5.469643009867,23.));
#11024 = CARTESIAN_POINT('',(-3.355212612127,-5.683890128023,23.));
#11025 = CARTESIAN_POINT('',(-3.355212612127,-6.010529177014,23.));
#11026 = ORIENTED_EDGE('',*,*,#11027,.F.);
#11027 = EDGE_CURVE('',#11028,#11020,#11030,.T.);
#11028 = VERTEX_POINT('',#11029);
#11029 = CARTESIAN_POINT('',(-3.183112468035,-5.128549710156,23.));
#11030 = B_SPLINE_CURVE_WITH_KNOTS('',2,(#11031,#11032,#11033),
  .UNSPECIFIED.,.F.,.F.,(3,3),(0.,1.),.PIECEWISE_BEZIER_KNOTS.);
#11031 = CARTESIAN_POINT('',(-3.183112468035,-5.128549710156,23.));
#11032 = CARTESIAN_POINT('',(-3.261867871493,-5.255395891712,23.));
#11033 = CARTESIAN_POINT('',(-3.308607785038,-5.469643009867,23.));
#11034 = ORIENTED_EDGE('',*,*,#11035,.F.);
#11035 = EDGE_CURVE('',#11036,#11028,#11038,.T.);
#11036 = VERTEX_POINT('',#11037);
#11037 = CARTESIAN_POINT('',(-3.001556272069,-4.950640848484,23.));
#11038 = B_SPLINE_CURVE_WITH_KNOTS('',2,(#11039,#11040,#11041),
  .UNSPECIFIED.,.F.,.F.,(3,3),(0.,1.),.PIECEWISE_BEZIER_KNOTS.);
#11039 = CARTESIAN_POINT('',(-3.001556272069,-4.950640848484,23.));
#11040 = CARTESIAN_POINT('',(-3.104221978121,-5.001568442144,23.));
#11041 = CARTESIAN_POINT('',(-3.183112468035,-5.128549710156,23.));
#11042 = ORIENTED_EDGE('',*,*,#11043,.F.);
#11043 = EDGE_CURVE('',#11044,#11036,#11046,.T.);
#11044 = VERTEX_POINT('',#11045);
#11045 = CARTESIAN_POINT('',(-2.788795104922,-4.899578168369,23.));
#11046 = B_SPLINE_CURVE_WITH_KNOTS('',2,(#11047,#11048,#11049),
  .UNSPECIFIED.,.F.,.F.,(3,3),(0.,1.),.PIECEWISE_BEZIER_KNOTS.);
#11047 = CARTESIAN_POINT('',(-2.788795104922,-4.899578168369,23.));
#11048 = CARTESIAN_POINT('',(-2.898755479562,-4.899578168369,23.));
#11049 = CARTESIAN_POINT('',(-3.001556272069,-4.950640848484,23.));
#11050 = ORIENTED_EDGE('',*,*,#11051,.F.);
#11051 = EDGE_CURVE('',#11052,#11044,#11054,.T.);
#11052 = VERTEX_POINT('',#11053);
#11053 = CARTESIAN_POINT('',(-2.572926949303,-4.950640848484,23.));
#11054 = B_SPLINE_CURVE_WITH_KNOTS('',2,(#11055,#11056,#11057),
  .UNSPECIFIED.,.F.,.F.,(3,3),(0.,1.),.PIECEWISE_BEZIER_KNOTS.);
#11055 = CARTESIAN_POINT('',(-2.572926949303,-4.950640848484,23.));
#11056 = CARTESIAN_POINT('',(-2.676673346997,-4.899578168369,23.));
#11057 = CARTESIAN_POINT('',(-2.788795104922,-4.899578168369,23.));
#11058 = ORIENTED_EDGE('',*,*,#11059,.F.);
#11059 = EDGE_CURVE('',#11060,#11052,#11062,.T.);
#11060 = VERTEX_POINT('',#11061);
#11061 = CARTESIAN_POINT('',(-2.389344456507,-5.128549710156,23.));
#11062 = B_SPLINE_CURVE_WITH_KNOTS('',2,(#11063,#11064,#11065),
  .UNSPECIFIED.,.F.,.F.,(3,3),(0.,1.),.PIECEWISE_BEZIER_KNOTS.);
#11063 = CARTESIAN_POINT('',(-2.389344456507,-5.128549710156,23.));
#11064 = CARTESIAN_POINT('',(-2.469180551608,-5.001568442144,23.));
#11065 = CARTESIAN_POINT('',(-2.572926949303,-4.950640848484,23.));
#11066 = ORIENTED_EDGE('',*,*,#11067,.F.);
#11067 = EDGE_CURVE('',#10948,#11060,#11068,.T.);
#11068 = B_SPLINE_CURVE_WITH_KNOTS('',2,(#11069,#11070,#11071),
  .UNSPECIFIED.,.F.,.F.,(3,3),(0.,1.),.PIECEWISE_BEZIER_KNOTS.);
#11069 = CARTESIAN_POINT('',(-2.261822842675,-5.469643009867,23.));
#11070 = CARTESIAN_POINT('',(-2.309508361407,-5.255395891712,23.));
#11071 = CARTESIAN_POINT('',(-2.389344456507,-5.128549710156,23.));
#11072 = PLANE('',#11073);
#11073 = AXIS2_PLACEMENT_3D('',#11074,#11075,#11076);
#11074 = CARTESIAN_POINT('',(-2.785522161872,-6.010528938918,23.));
#11075 = DIRECTION('',(0.,0.,1.));
#11076 = DIRECTION('',(1.,0.,0.));
#11077 = ADVANCED_FACE('',(#11078,#11096),#11226,.T.);
#11078 = FACE_BOUND('',#11079,.T.);
#11079 = EDGE_LOOP('',(#11080,#11081,#11082,#11083,#11084,#11085,#11086,
    #11087,#11088,#11089,#11090,#11091,#11092,#11093,#11094,#11095));
#11080 = ORIENTED_EDGE('',*,*,#5432,.F.);
#11081 = ORIENTED_EDGE('',*,*,#5042,.F.);
#11082 = ORIENTED_EDGE('',*,*,#5075,.F.);
#11083 = ORIENTED_EDGE('',*,*,#5101,.F.);
#11084 = ORIENTED_EDGE('',*,*,#5127,.F.);
#11085 = ORIENTED_EDGE('',*,*,#5153,.F.);
#11086 = ORIENTED_EDGE('',*,*,#5179,.F.);
#11087 = ORIENTED_EDGE('',*,*,#5205,.F.);
#11088 = ORIENTED_EDGE('',*,*,#5231,.F.);
#11089 = ORIENTED_EDGE('',*,*,#5257,.F.);
#11090 = ORIENTED_EDGE('',*,*,#5283,.F.);
#11091 = ORIENTED_EDGE('',*,*,#5309,.F.);
#11092 = ORIENTED_EDGE('',*,*,#5335,.F.);
#11093 = ORIENTED_EDGE('',*,*,#5361,.F.);
#11094 = ORIENTED_EDGE('',*,*,#5387,.F.);
#11095 = ORIENTED_EDGE('',*,*,#5413,.F.);
#11096 = FACE_BOUND('',#11097,.T.);
#11097 = EDGE_LOOP('',(#11098,#11108,#11116,#11124,#11132,#11140,#11148,
    #11156,#11164,#11172,#11180,#11188,#11196,#11204,#11212,#11220));
#11098 = ORIENTED_EDGE('',*,*,#11099,.F.);
#11099 = EDGE_CURVE('',#11100,#11102,#11104,.T.);
#11100 = VERTEX_POINT('',#11101);
#11101 = CARTESIAN_POINT('',(0.189455975769,-6.010529177014,23.));
#11102 = VERTEX_POINT('',#11103);
#11103 = CARTESIAN_POINT('',(0.141635370582,-5.469643009867,23.));
#11104 = B_SPLINE_CURVE_WITH_KNOTS('',2,(#11105,#11106,#11107),
  .UNSPECIFIED.,.F.,.F.,(3,3),(0.,1.),.PIECEWISE_BEZIER_KNOTS.);
#11105 = CARTESIAN_POINT('',(0.189455975769,-6.010529177014,23.));
#11106 = CARTESIAN_POINT('',(0.189455975769,-5.683890128023,23.));
#11107 = CARTESIAN_POINT('',(0.141635370582,-5.469643009867,23.));
#11108 = ORIENTED_EDGE('',*,*,#11109,.F.);
#11109 = EDGE_CURVE('',#11110,#11100,#11112,.T.);
#11110 = VERTEX_POINT('',#11111);
#11111 = CARTESIAN_POINT('',(0.141635370582,-6.551415344161,23.));
#11112 = B_SPLINE_CURVE_WITH_KNOTS('',2,(#11113,#11114,#11115),
  .UNSPECIFIED.,.F.,.F.,(3,3),(0.,1.),.PIECEWISE_BEZIER_KNOTS.);
#11113 = CARTESIAN_POINT('',(0.141635370582,-6.551415344161,23.));
#11114 = CARTESIAN_POINT('',(0.189455975769,-6.337168226006,23.));
#11115 = CARTESIAN_POINT('',(0.189455975769,-6.010529177014,23.));
#11116 = ORIENTED_EDGE('',*,*,#11117,.F.);
#11117 = EDGE_CURVE('',#11118,#11110,#11120,.T.);
#11118 = VERTEX_POINT('',#11119);
#11119 = CARTESIAN_POINT('',(1.411375674899E-02,-6.892643730329,23.));
#11120 = B_SPLINE_CURVE_WITH_KNOTS('',2,(#11121,#11122,#11123),
  .UNSPECIFIED.,.F.,.F.,(3,3),(0.,1.),.PIECEWISE_BEZIER_KNOTS.);
#11121 = CARTESIAN_POINT('',(1.411375674899E-02,-6.892643730329,23.));
#11122 = CARTESIAN_POINT('',(9.394985184986E-02,-6.765662462317,23.));
#11123 = CARTESIAN_POINT('',(0.141635370582,-6.551415344161,23.));
#11124 = ORIENTED_EDGE('',*,*,#11125,.F.);
#11125 = EDGE_CURVE('',#11126,#11118,#11128,.T.);
#11126 = VERTEX_POINT('',#11127);
#11127 = CARTESIAN_POINT('',(-0.169468736046,-7.070552592,23.));
#11128 = B_SPLINE_CURVE_WITH_KNOTS('',2,(#11129,#11130,#11131),
  .UNSPECIFIED.,.F.,.F.,(3,3),(0.,1.),.PIECEWISE_BEZIER_KNOTS.);
#11129 = CARTESIAN_POINT('',(-0.169468736046,-7.070552592,23.));
#11130 = CARTESIAN_POINT('',(-6.572233835187E-02,-7.019489911885,23.));
#11131 = CARTESIAN_POINT('',(1.411375674899E-02,-6.892643730329,23.));
#11132 = ORIENTED_EDGE('',*,*,#11133,.F.);
#11133 = EDGE_CURVE('',#11134,#11126,#11136,.T.);
#11134 = VERTEX_POINT('',#11135);
#11135 = CARTESIAN_POINT('',(-0.385336891666,-7.12148018566,23.));
#11136 = B_SPLINE_CURVE_WITH_KNOTS('',2,(#11137,#11138,#11139),
  .UNSPECIFIED.,.F.,.F.,(3,3),(0.,1.),.PIECEWISE_BEZIER_KNOTS.);
#11137 = CARTESIAN_POINT('',(-0.385336891666,-7.12148018566,23.));
#11138 = CARTESIAN_POINT('',(-0.273215133741,-7.12148018566,23.));
#11139 = CARTESIAN_POINT('',(-0.169468736046,-7.070552592,23.));
#11140 = ORIENTED_EDGE('',*,*,#11141,.F.);
#11141 = EDGE_CURVE('',#11142,#11134,#11144,.T.);
#11142 = VERTEX_POINT('',#11143);
#11143 = CARTESIAN_POINT('',(-0.598098058813,-7.070552592,23.));
#11144 = B_SPLINE_CURVE_WITH_KNOTS('',2,(#11145,#11146,#11147),
  .UNSPECIFIED.,.F.,.F.,(3,3),(0.,1.),.PIECEWISE_BEZIER_KNOTS.);
#11145 = CARTESIAN_POINT('',(-0.598098058813,-7.070552592,23.));
#11146 = CARTESIAN_POINT('',(-0.495297266306,-7.12148018566,23.));
#11147 = CARTESIAN_POINT('',(-0.385336891666,-7.12148018566,23.));
#11148 = ORIENTED_EDGE('',*,*,#11149,.F.);
#11149 = EDGE_CURVE('',#11150,#11142,#11152,.T.);
#11150 = VERTEX_POINT('',#11151);
#11151 = CARTESIAN_POINT('',(-0.779654254778,-6.892643730329,23.));
#11152 = B_SPLINE_CURVE_WITH_KNOTS('',2,(#11153,#11154,#11155),
  .UNSPECIFIED.,.F.,.F.,(3,3),(0.,1.),.PIECEWISE_BEZIER_KNOTS.);
#11153 = CARTESIAN_POINT('',(-0.779654254778,-6.892643730329,23.));
#11154 = CARTESIAN_POINT('',(-0.700763764865,-7.019489911885,23.));
#11155 = CARTESIAN_POINT('',(-0.598098058813,-7.070552592,23.));
#11156 = ORIENTED_EDGE('',*,*,#11157,.F.);
#11157 = EDGE_CURVE('',#11158,#11150,#11160,.T.);
#11158 = VERTEX_POINT('',#11159);
#11159 = CARTESIAN_POINT('',(-0.905149571781,-6.551415344161,23.));
#11160 = B_SPLINE_CURVE_WITH_KNOTS('',2,(#11161,#11162,#11163),
  .UNSPECIFIED.,.F.,.F.,(3,3),(0.,1.),.PIECEWISE_BEZIER_KNOTS.);
#11161 = CARTESIAN_POINT('',(-0.905149571781,-6.551415344161,23.));
#11162 = CARTESIAN_POINT('',(-0.858409658237,-6.765662462317,23.));
#11163 = CARTESIAN_POINT('',(-0.779654254778,-6.892643730329,23.));
#11164 = ORIENTED_EDGE('',*,*,#11165,.F.);
#11165 = EDGE_CURVE('',#11166,#11158,#11168,.T.);
#11166 = VERTEX_POINT('',#11167);
#11167 = CARTESIAN_POINT('',(-0.951754398871,-6.010529177014,23.));
#11168 = B_SPLINE_CURVE_WITH_KNOTS('',2,(#11169,#11170,#11171),
  .UNSPECIFIED.,.F.,.F.,(3,3),(0.,1.),.PIECEWISE_BEZIER_KNOTS.);
#11169 = CARTESIAN_POINT('',(-0.951754398871,-6.010529177014,23.));
#11170 = CARTESIAN_POINT('',(-0.951754398871,-6.337168226006,23.));
#11171 = CARTESIAN_POINT('',(-0.905149571781,-6.551415344161,23.));
#11172 = ORIENTED_EDGE('',*,*,#11173,.F.);
#11173 = EDGE_CURVE('',#11174,#11166,#11176,.T.);
#11174 = VERTEX_POINT('',#11175);
#11175 = CARTESIAN_POINT('',(-0.905149571781,-5.469643009867,23.));
#11176 = B_SPLINE_CURVE_WITH_KNOTS('',2,(#11177,#11178,#11179),
  .UNSPECIFIED.,.F.,.F.,(3,3),(0.,1.),.PIECEWISE_BEZIER_KNOTS.);
#11177 = CARTESIAN_POINT('',(-0.905149571781,-5.469643009867,23.));
#11178 = CARTESIAN_POINT('',(-0.951754398871,-5.683890128023,23.));
#11179 = CARTESIAN_POINT('',(-0.951754398871,-6.010529177014,23.));
#11180 = ORIENTED_EDGE('',*,*,#11181,.F.);
#11181 = EDGE_CURVE('',#11182,#11174,#11184,.T.);
#11182 = VERTEX_POINT('',#11183);
#11183 = CARTESIAN_POINT('',(-0.779654254778,-5.128549710156,23.));
#11184 = B_SPLINE_CURVE_WITH_KNOTS('',2,(#11185,#11186,#11187),
  .UNSPECIFIED.,.F.,.F.,(3,3),(0.,1.),.PIECEWISE_BEZIER_KNOTS.);
#11185 = CARTESIAN_POINT('',(-0.779654254778,-5.128549710156,23.));
#11186 = CARTESIAN_POINT('',(-0.858409658237,-5.255395891712,23.));
#11187 = CARTESIAN_POINT('',(-0.905149571781,-5.469643009867,23.));
#11188 = ORIENTED_EDGE('',*,*,#11189,.F.);
#11189 = EDGE_CURVE('',#11190,#11182,#11192,.T.);
#11190 = VERTEX_POINT('',#11191);
#11191 = CARTESIAN_POINT('',(-0.598098058813,-4.950640848484,23.));
#11192 = B_SPLINE_CURVE_WITH_KNOTS('',2,(#11193,#11194,#11195),
  .UNSPECIFIED.,.F.,.F.,(3,3),(0.,1.),.PIECEWISE_BEZIER_KNOTS.);
#11193 = CARTESIAN_POINT('',(-0.598098058813,-4.950640848484,23.));
#11194 = CARTESIAN_POINT('',(-0.700763764865,-5.001568442144,23.));
#11195 = CARTESIAN_POINT('',(-0.779654254778,-5.128549710156,23.));
#11196 = ORIENTED_EDGE('',*,*,#11197,.F.);
#11197 = EDGE_CURVE('',#11198,#11190,#11200,.T.);
#11198 = VERTEX_POINT('',#11199);
#11199 = CARTESIAN_POINT('',(-0.385336891666,-4.899578168369,23.));
#11200 = B_SPLINE_CURVE_WITH_KNOTS('',2,(#11201,#11202,#11203),
  .UNSPECIFIED.,.F.,.F.,(3,3),(0.,1.),.PIECEWISE_BEZIER_KNOTS.);
#11201 = CARTESIAN_POINT('',(-0.385336891666,-4.899578168369,23.));
#11202 = CARTESIAN_POINT('',(-0.495297266306,-4.899578168369,23.));
#11203 = CARTESIAN_POINT('',(-0.598098058813,-4.950640848484,23.));
#11204 = ORIENTED_EDGE('',*,*,#11205,.F.);
#11205 = EDGE_CURVE('',#11206,#11198,#11208,.T.);
#11206 = VERTEX_POINT('',#11207);
#11207 = CARTESIAN_POINT('',(-0.169468736046,-4.950640848484,23.));
#11208 = B_SPLINE_CURVE_WITH_KNOTS('',2,(#11209,#11210,#11211),
  .UNSPECIFIED.,.F.,.F.,(3,3),(0.,1.),.PIECEWISE_BEZIER_KNOTS.);
#11209 = CARTESIAN_POINT('',(-0.169468736046,-4.950640848484,23.));
#11210 = CARTESIAN_POINT('',(-0.273215133741,-4.899578168369,23.));
#11211 = CARTESIAN_POINT('',(-0.385336891666,-4.899578168369,23.));
#11212 = ORIENTED_EDGE('',*,*,#11213,.F.);
#11213 = EDGE_CURVE('',#11214,#11206,#11216,.T.);
#11214 = VERTEX_POINT('',#11215);
#11215 = CARTESIAN_POINT('',(1.411375674899E-02,-5.128549710156,23.));
#11216 = B_SPLINE_CURVE_WITH_KNOTS('',2,(#11217,#11218,#11219),
  .UNSPECIFIED.,.F.,.F.,(3,3),(0.,1.),.PIECEWISE_BEZIER_KNOTS.);
#11217 = CARTESIAN_POINT('',(1.411375674899E-02,-5.128549710156,23.));
#11218 = CARTESIAN_POINT('',(-6.572233835187E-02,-5.001568442144,23.));
#11219 = CARTESIAN_POINT('',(-0.169468736046,-4.950640848484,23.));
#11220 = ORIENTED_EDGE('',*,*,#11221,.F.);
#11221 = EDGE_CURVE('',#11102,#11214,#11222,.T.);
#11222 = B_SPLINE_CURVE_WITH_KNOTS('',2,(#11223,#11224,#11225),
  .UNSPECIFIED.,.F.,.F.,(3,3),(0.,1.),.PIECEWISE_BEZIER_KNOTS.);
#11223 = CARTESIAN_POINT('',(0.141635370582,-5.469643009867,23.));
#11224 = CARTESIAN_POINT('',(9.394985184986E-02,-5.255395891712,23.));
#11225 = CARTESIAN_POINT('',(1.411375674899E-02,-5.128549710156,23.));
#11226 = PLANE('',#11227);
#11227 = AXIS2_PLACEMENT_3D('',#11228,#11229,#11230);
#11228 = CARTESIAN_POINT('',(-0.382063948616,-6.010528938918,23.));
#11229 = DIRECTION('',(0.,0.,1.));
#11230 = DIRECTION('',(1.,0.,0.));
#11231 = ADVANCED_FACE('',(#11232),#11270,.T.);
#11232 = FACE_BOUND('',#11233,.T.);
#11233 = EDGE_LOOP('',(#11234,#11235,#11236,#11237,#11238,#11239,#11240,
    #11241,#11242,#11243,#11244,#11245,#11246,#11247,#11248,#11249,
    #11250,#11251,#11252,#11253,#11254,#11255,#11256,#11257,#11258,
    #11259,#11260,#11261,#11262,#11263,#11264,#11265,#11266,#11267,
    #11268,#11269));
#11234 = ORIENTED_EDGE('',*,*,#6348,.F.);
#11235 = ORIENTED_EDGE('',*,*,#5458,.F.);
#11236 = ORIENTED_EDGE('',*,*,#5489,.F.);
#11237 = ORIENTED_EDGE('',*,*,#5513,.F.);
#11238 = ORIENTED_EDGE('',*,*,#5539,.F.);
#11239 = ORIENTED_EDGE('',*,*,#5565,.F.);
#11240 = ORIENTED_EDGE('',*,*,#5591,.F.);
#11241 = ORIENTED_EDGE('',*,*,#5617,.F.);
#11242 = ORIENTED_EDGE('',*,*,#5641,.F.);
#11243 = ORIENTED_EDGE('',*,*,#5665,.F.);
#11244 = ORIENTED_EDGE('',*,*,#5689,.F.);
#11245 = ORIENTED_EDGE('',*,*,#5715,.F.);
#11246 = ORIENTED_EDGE('',*,*,#5741,.F.);
#11247 = ORIENTED_EDGE('',*,*,#5767,.F.);
#11248 = ORIENTED_EDGE('',*,*,#5793,.F.);
#11249 = ORIENTED_EDGE('',*,*,#5819,.F.);
#11250 = ORIENTED_EDGE('',*,*,#5845,.F.);
#11251 = ORIENTED_EDGE('',*,*,#5869,.F.);
#11252 = ORIENTED_EDGE('',*,*,#5893,.F.);
#11253 = ORIENTED_EDGE('',*,*,#5917,.F.);
#11254 = ORIENTED_EDGE('',*,*,#5943,.F.);
#11255 = ORIENTED_EDGE('',*,*,#5969,.F.);
#11256 = ORIENTED_EDGE('',*,*,#5995,.F.);
#11257 = ORIENTED_EDGE('',*,*,#6021,.F.);
#11258 = ORIENTED_EDGE('',*,*,#6047,.F.);
#11259 = ORIENTED_EDGE('',*,*,#6073,.F.);
#11260 = ORIENTED_EDGE('',*,*,#6099,.F.);
#11261 = ORIENTED_EDGE('',*,*,#6125,.F.);
#11262 = ORIENTED_EDGE('',*,*,#6151,.F.);
#11263 = ORIENTED_EDGE('',*,*,#6177,.F.);
#11264 = ORIENTED_EDGE('',*,*,#6203,.F.);
#11265 = ORIENTED_EDGE('',*,*,#6229,.F.);
#11266 = ORIENTED_EDGE('',*,*,#6255,.F.);
#11267 = ORIENTED_EDGE('',*,*,#6281,.F.);
#11268 = ORIENTED_EDGE('',*,*,#6305,.F.);
#11269 = ORIENTED_EDGE('',*,*,#6331,.F.);
#11270 = PLANE('',#11271);
#11271 = AXIS2_PLACEMENT_3D('',#11272,#11273,#11274);
#11272 = CARTESIAN_POINT('',(3.352054307105,-6.393543948385,23.));
#11273 = DIRECTION('',(0.,0.,1.));
#11274 = DIRECTION('',(1.,0.,0.));
#11275 = ADVANCED_FACE('',(#11276),#11314,.T.);
#11276 = FACE_BOUND('',#11277,.T.);
#11277 = EDGE_LOOP('',(#11278,#11279,#11280,#11281,#11282,#11283,#11284,
    #11285,#11286,#11287,#11288,#11289,#11290,#11291,#11292,#11293,
    #11294,#11295,#11296,#11297,#11298,#11299,#11300,#11301,#11302,
    #11303,#11304,#11305,#11306,#11307,#11308,#11309,#11310,#11311,
    #11312,#11313));
#11278 = ORIENTED_EDGE('',*,*,#7262,.F.);
#11279 = ORIENTED_EDGE('',*,*,#6372,.F.);
#11280 = ORIENTED_EDGE('',*,*,#6403,.F.);
#11281 = ORIENTED_EDGE('',*,*,#6427,.F.);
#11282 = ORIENTED_EDGE('',*,*,#6453,.F.);
#11283 = ORIENTED_EDGE('',*,*,#6479,.F.);
#11284 = ORIENTED_EDGE('',*,*,#6505,.F.);
#11285 = ORIENTED_EDGE('',*,*,#6531,.F.);
#11286 = ORIENTED_EDGE('',*,*,#6555,.F.);
#11287 = ORIENTED_EDGE('',*,*,#6579,.F.);
#11288 = ORIENTED_EDGE('',*,*,#6603,.F.);
#11289 = ORIENTED_EDGE('',*,*,#6629,.F.);
#11290 = ORIENTED_EDGE('',*,*,#6655,.F.);
#11291 = ORIENTED_EDGE('',*,*,#6681,.F.);
#11292 = ORIENTED_EDGE('',*,*,#6707,.F.);
#11293 = ORIENTED_EDGE('',*,*,#6733,.F.);
#11294 = ORIENTED_EDGE('',*,*,#6759,.F.);
#11295 = ORIENTED_EDGE('',*,*,#6783,.F.);
#11296 = ORIENTED_EDGE('',*,*,#6807,.F.);
#11297 = ORIENTED_EDGE('',*,*,#6831,.F.);
#11298 = ORIENTED_EDGE('',*,*,#6857,.F.);
#11299 = ORIENTED_EDGE('',*,*,#6883,.F.);
#11300 = ORIENTED_EDGE('',*,*,#6909,.F.);
#11301 = ORIENTED_EDGE('',*,*,#6935,.F.);
#11302 = ORIENTED_EDGE('',*,*,#6961,.F.);
#11303 = ORIENTED_EDGE('',*,*,#6987,.F.);
#11304 = ORIENTED_EDGE('',*,*,#7013,.F.);
#11305 = ORIENTED_EDGE('',*,*,#7039,.F.);
#11306 = ORIENTED_EDGE('',*,*,#7065,.F.);
#11307 = ORIENTED_EDGE('',*,*,#7091,.F.);
#11308 = ORIENTED_EDGE('',*,*,#7117,.F.);
#11309 = ORIENTED_EDGE('',*,*,#7143,.F.);
#11310 = ORIENTED_EDGE('',*,*,#7169,.F.);
#11311 = ORIENTED_EDGE('',*,*,#7195,.F.);
#11312 = ORIENTED_EDGE('',*,*,#7219,.F.);
#11313 = ORIENTED_EDGE('',*,*,#7245,.F.);
#11314 = PLANE('',#11315);
#11315 = AXIS2_PLACEMENT_3D('',#11316,#11317,#11318);
#11316 = CARTESIAN_POINT('',(6.844849696154,-6.393543948385,23.));
#11317 = DIRECTION('',(0.,0.,1.));
#11318 = DIRECTION('',(1.,0.,0.));
#11319 = ADVANCED_FACE('',(#11320),#11326,.T.);
#11320 = FACE_BOUND('',#11321,.T.);
#11321 = EDGE_LOOP('',(#11322,#11323,#11324,#11325));
#11322 = ORIENTED_EDGE('',*,*,#7334,.F.);
#11323 = ORIENTED_EDGE('',*,*,#7286,.F.);
#11324 = ORIENTED_EDGE('',*,*,#7317,.F.);
#11325 = ORIENTED_EDGE('',*,*,#7358,.F.);
#11326 = PLANE('',#11327);
#11327 = AXIS2_PLACEMENT_3D('',#11328,#11329,#11330);
#11328 = CARTESIAN_POINT('',(-2.714925009911,0.799858072385,23.));
#11329 = DIRECTION('',(0.,0.,1.));
#11330 = DIRECTION('',(1.,0.,0.));
#11331 = ADVANCED_FACE('',(#11332),#11384,.T.);
#11332 = FACE_BOUND('',#11333,.T.);
#11333 = EDGE_LOOP('',(#11334,#11335,#11336,#11337,#11338,#11339,#11340,
    #11341,#11342,#11343,#11344,#11345,#11346,#11347,#11348,#11349,
    #11350,#11351,#11352,#11353,#11354,#11355,#11356,#11357,#11358,
    #11359,#11360,#11361,#11362,#11363,#11364,#11365,#11366,#11367,
    #11368,#11369,#11370,#11371,#11372,#11373,#11374,#11375,#11376,
    #11377,#11378,#11379,#11380,#11381,#11382,#11383));
#11334 = ORIENTED_EDGE('',*,*,#7432,.F.);
#11335 = ORIENTED_EDGE('',*,*,#7382,.F.);
#11336 = ORIENTED_EDGE('',*,*,#7413,.F.);
#11337 = ORIENTED_EDGE('',*,*,#7465,.F.);
#11338 = ORIENTED_EDGE('',*,*,#7517,.F.);
#11339 = ORIENTED_EDGE('',*,*,#7569,.F.);
#11340 = ORIENTED_EDGE('',*,*,#7621,.F.);
#11341 = ORIENTED_EDGE('',*,*,#7673,.F.);
#11342 = ORIENTED_EDGE('',*,*,#7725,.F.);
#11343 = ORIENTED_EDGE('',*,*,#7777,.F.);
#11344 = ORIENTED_EDGE('',*,*,#7829,.F.);
#11345 = ORIENTED_EDGE('',*,*,#7881,.F.);
#11346 = ORIENTED_EDGE('',*,*,#7933,.F.);
#11347 = ORIENTED_EDGE('',*,*,#7985,.F.);
#11348 = ORIENTED_EDGE('',*,*,#8037,.F.);
#11349 = ORIENTED_EDGE('',*,*,#8089,.F.);
#11350 = ORIENTED_EDGE('',*,*,#8141,.F.);
#11351 = ORIENTED_EDGE('',*,*,#8193,.F.);
#11352 = ORIENTED_EDGE('',*,*,#8245,.F.);
#11353 = ORIENTED_EDGE('',*,*,#8297,.F.);
#11354 = ORIENTED_EDGE('',*,*,#8349,.F.);
#11355 = ORIENTED_EDGE('',*,*,#8401,.F.);
#11356 = ORIENTED_EDGE('',*,*,#8453,.F.);
#11357 = ORIENTED_EDGE('',*,*,#8505,.F.);
#11358 = ORIENTED_EDGE('',*,*,#8557,.F.);
#11359 = ORIENTED_EDGE('',*,*,#8609,.F.);
#11360 = ORIENTED_EDGE('',*,*,#8654,.F.);
#11361 = ORIENTED_EDGE('',*,*,#8628,.F.);
#11362 = ORIENTED_EDGE('',*,*,#8576,.F.);
#11363 = ORIENTED_EDGE('',*,*,#8524,.F.);
#11364 = ORIENTED_EDGE('',*,*,#8472,.F.);
#11365 = ORIENTED_EDGE('',*,*,#8420,.F.);
#11366 = ORIENTED_EDGE('',*,*,#8368,.F.);
#11367 = ORIENTED_EDGE('',*,*,#8316,.F.);
#11368 = ORIENTED_EDGE('',*,*,#8264,.F.);
#11369 = ORIENTED_EDGE('',*,*,#8212,.F.);
#11370 = ORIENTED_EDGE('',*,*,#8160,.F.);
#11371 = ORIENTED_EDGE('',*,*,#8108,.F.);
#11372 = ORIENTED_EDGE('',*,*,#8056,.F.);
#11373 = ORIENTED_EDGE('',*,*,#8004,.F.);
#11374 = ORIENTED_EDGE('',*,*,#7952,.F.);
#11375 = ORIENTED_EDGE('',*,*,#7900,.F.);
#11376 = ORIENTED_EDGE('',*,*,#7848,.F.);
#11377 = ORIENTED_EDGE('',*,*,#7796,.F.);
#11378 = ORIENTED_EDGE('',*,*,#7744,.F.);
#11379 = ORIENTED_EDGE('',*,*,#7692,.F.);
#11380 = ORIENTED_EDGE('',*,*,#7640,.F.);
#11381 = ORIENTED_EDGE('',*,*,#7588,.F.);
#11382 = ORIENTED_EDGE('',*,*,#7536,.F.);
#11383 = ORIENTED_EDGE('',*,*,#7484,.F.);
#11384 = PLANE('',#11385);
#11385 = AXIS2_PLACEMENT_3D('',#11386,#11387,#11388);
#11386 = CARTESIAN_POINT('',(-0.286039022986,-7.489301746637E-03,23.));
#11387 = DIRECTION('',(0.,0.,1.));
#11388 = DIRECTION('',(1.,0.,0.));
#11389 = ADVANCED_FACE('',(#11390,#11413),#11487,.T.);
#11390 = FACE_BOUND('',#11391,.T.);
#11391 = EDGE_LOOP('',(#11392,#11393,#11394,#11395,#11396,#11397,#11398,
    #11399,#11400,#11401,#11402,#11403,#11404,#11405,#11406,#11407,
    #11408,#11409,#11410,#11411,#11412));
#11392 = ORIENTED_EDGE('',*,*,#8728,.F.);
#11393 = ORIENTED_EDGE('',*,*,#8678,.F.);
#11394 = ORIENTED_EDGE('',*,*,#8709,.F.);
#11395 = ORIENTED_EDGE('',*,*,#8759,.F.);
#11396 = ORIENTED_EDGE('',*,*,#8809,.F.);
#11397 = ORIENTED_EDGE('',*,*,#8857,.F.);
#11398 = ORIENTED_EDGE('',*,*,#8907,.F.);
#11399 = ORIENTED_EDGE('',*,*,#8959,.F.);
#11400 = ORIENTED_EDGE('',*,*,#9009,.F.);
#11401 = ORIENTED_EDGE('',*,*,#9059,.F.);
#11402 = ORIENTED_EDGE('',*,*,#9111,.F.);
#11403 = ORIENTED_EDGE('',*,*,#9163,.F.);
#11404 = ORIENTED_EDGE('',*,*,#9182,.F.);
#11405 = ORIENTED_EDGE('',*,*,#9130,.F.);
#11406 = ORIENTED_EDGE('',*,*,#9078,.F.);
#11407 = ORIENTED_EDGE('',*,*,#9026,.F.);
#11408 = ORIENTED_EDGE('',*,*,#8976,.F.);
#11409 = ORIENTED_EDGE('',*,*,#8926,.F.);
#11410 = ORIENTED_EDGE('',*,*,#8876,.F.);
#11411 = ORIENTED_EDGE('',*,*,#8826,.F.);
#11412 = ORIENTED_EDGE('',*,*,#8778,.F.);
#11413 = FACE_BOUND('',#11414,.T.);
#11414 = EDGE_LOOP('',(#11415,#11425,#11433,#11441,#11449,#11457,#11465,
    #11473,#11481));
#11415 = ORIENTED_EDGE('',*,*,#11416,.F.);
#11416 = EDGE_CURVE('',#11417,#11419,#11421,.T.);
#11417 = VERTEX_POINT('',#11418);
#11418 = CARTESIAN_POINT('',(-6.713974315786,0.864099869958,23.));
#11419 = VERTEX_POINT('',#11420);
#11420 = CARTESIAN_POINT('',(-6.133102557861,0.864099869958,23.));
#11421 = LINE('',#11422,#11423);
#11422 = CARTESIAN_POINT('',(-6.713974315786,0.864099869958,23.));
#11423 = VECTOR('',#11424,1.);
#11424 = DIRECTION('',(1.,0.,0.));
#11425 = ORIENTED_EDGE('',*,*,#11426,.F.);
#11426 = EDGE_CURVE('',#11427,#11417,#11429,.T.);
#11427 = VERTEX_POINT('',#11428);
#11428 = CARTESIAN_POINT('',(-6.713974315786,2.52116038869,23.));
#11429 = LINE('',#11430,#11431);
#11430 = CARTESIAN_POINT('',(-6.713974315786,2.52116038869,23.));
#11431 = VECTOR('',#11432,1.);
#11432 = DIRECTION('',(0.,-1.,0.));
#11433 = ORIENTED_EDGE('',*,*,#11434,.F.);
#11434 = EDGE_CURVE('',#11435,#11427,#11437,.T.);
#11435 = VERTEX_POINT('',#11436);
#11436 = CARTESIAN_POINT('',(-6.119143624143,2.52116038869,23.));
#11437 = LINE('',#11438,#11439);
#11438 = CARTESIAN_POINT('',(-6.119143624143,2.52116038869,23.));
#11439 = VECTOR('',#11440,1.);
#11440 = DIRECTION('',(-1.,0.,0.));
#11441 = ORIENTED_EDGE('',*,*,#11442,.F.);
#11442 = EDGE_CURVE('',#11443,#11435,#11445,.T.);
#11443 = VERTEX_POINT('',#11444);
#11444 = CARTESIAN_POINT('',(-5.353428566507,2.317404985232,23.));
#11445 = B_SPLINE_CURVE_WITH_KNOTS('',2,(#11446,#11447,#11448),
  .UNSPECIFIED.,.F.,.F.,(3,3),(0.,1.),.PIECEWISE_BEZIER_KNOTS.);
#11446 = CARTESIAN_POINT('',(-5.353428566507,2.317404985232,23.));
#11447 = CARTESIAN_POINT('',(-5.604013941146,2.52116038869,23.));
#11448 = CARTESIAN_POINT('',(-6.119143624143,2.52116038869,23.));
#11449 = ORIENTED_EDGE('',*,*,#11450,.F.);
#11450 = EDGE_CURVE('',#11451,#11443,#11453,.T.);
#11451 = VERTEX_POINT('',#11452);
#11452 = CARTESIAN_POINT('',(-5.102618047775,1.734056642293,23.));
#11453 = B_SPLINE_CURVE_WITH_KNOTS('',2,(#11454,#11455,#11456),
  .UNSPECIFIED.,.F.,.F.,(3,3),(0.,1.),.PIECEWISE_BEZIER_KNOTS.);
#11454 = CARTESIAN_POINT('',(-5.102618047775,1.734056642293,23.));
#11455 = CARTESIAN_POINT('',(-5.102618047775,2.113874725866,23.));
#11456 = CARTESIAN_POINT('',(-5.353428566507,2.317404985232,23.));
#11457 = ORIENTED_EDGE('',*,*,#11458,.F.);
#11458 = EDGE_CURVE('',#11459,#11451,#11461,.T.);
#11459 = VERTEX_POINT('',#11460);
#11460 = CARTESIAN_POINT('',(-5.164982961319,1.385308443445,23.));
#11461 = B_SPLINE_CURVE_WITH_KNOTS('',2,(#11462,#11463,#11464),
  .UNSPECIFIED.,.F.,.F.,(3,3),(0.,1.),.PIECEWISE_BEZIER_KNOTS.);
#11462 = CARTESIAN_POINT('',(-5.164982961319,1.385308443445,23.));
#11463 = CARTESIAN_POINT('',(-5.102618047775,1.544260172552,23.));
#11464 = CARTESIAN_POINT('',(-5.102618047775,1.734056642293,23.));
#11465 = ORIENTED_EDGE('',*,*,#11466,.F.);
#11466 = EDGE_CURVE('',#11467,#11459,#11469,.T.);
#11467 = VERTEX_POINT('',#11468);
#11468 = CARTESIAN_POINT('',(-5.353428566507,1.11085779503,23.));
#11469 = B_SPLINE_CURVE_WITH_KNOTS('',2,(#11470,#11471,#11472),
  .UNSPECIFIED.,.F.,.F.,(3,3),(0.,1.),.PIECEWISE_BEZIER_KNOTS.);
#11470 = CARTESIAN_POINT('',(-5.353428566507,1.11085779503,23.));
#11471 = CARTESIAN_POINT('',(-5.227122730772,1.226581858431,23.));
#11472 = CARTESIAN_POINT('',(-5.164982961319,1.385308443445,23.));
#11473 = ORIENTED_EDGE('',*,*,#11474,.F.);
#11474 = EDGE_CURVE('',#11475,#11467,#11477,.T.);
#11475 = VERTEX_POINT('',#11476);
#11476 = CARTESIAN_POINT('',(-5.674934330195,0.929616800794,23.));
#11477 = B_SPLINE_CURVE_WITH_KNOTS('',2,(#11478,#11479,#11480),
  .UNSPECIFIED.,.F.,.F.,(3,3),(0.,1.),.PIECEWISE_BEZIER_KNOTS.);
#11478 = CARTESIAN_POINT('',(-5.674934330195,0.929616800794,23.));
#11479 = CARTESIAN_POINT('',(-5.479509258149,0.995358875722,23.));
#11480 = CARTESIAN_POINT('',(-5.353428566507,1.11085779503,23.));
#11481 = ORIENTED_EDGE('',*,*,#11482,.F.);
#11482 = EDGE_CURVE('',#11419,#11475,#11483,.T.);
#11483 = B_SPLINE_CURVE_WITH_KNOTS('',2,(#11484,#11485,#11486),
  .UNSPECIFIED.,.F.,.F.,(3,3),(0.,1.),.PIECEWISE_BEZIER_KNOTS.);
#11484 = CARTESIAN_POINT('',(-6.133102557861,0.864099869958,23.));
#11485 = CARTESIAN_POINT('',(-5.870359402241,0.864099869958,23.));
#11486 = CARTESIAN_POINT('',(-5.674934330195,0.929616800794,23.));
#11487 = PLANE('',#11488);
#11488 = AXIS2_PLACEMENT_3D('',#11489,#11490,#11491);
#11489 = CARTESIAN_POINT('',(-5.987202216076,0.74141711374,23.));
#11490 = DIRECTION('',(0.,0.,1.));
#11491 = DIRECTION('',(1.,0.,0.));
#11492 = ADVANCED_FACE('',(#11493),#11511,.T.);
#11493 = FACE_BOUND('',#11494,.T.);
#11494 = EDGE_LOOP('',(#11495,#11496,#11497,#11498,#11499,#11500,#11501,
    #11502,#11503,#11504,#11505,#11506,#11507,#11508,#11509,#11510));
#11495 = ORIENTED_EDGE('',*,*,#9260,.F.);
#11496 = ORIENTED_EDGE('',*,*,#9208,.F.);
#11497 = ORIENTED_EDGE('',*,*,#9241,.F.);
#11498 = ORIENTED_EDGE('',*,*,#9293,.F.);
#11499 = ORIENTED_EDGE('',*,*,#9345,.F.);
#11500 = ORIENTED_EDGE('',*,*,#9397,.F.);
#11501 = ORIENTED_EDGE('',*,*,#9449,.F.);
#11502 = ORIENTED_EDGE('',*,*,#9501,.F.);
#11503 = ORIENTED_EDGE('',*,*,#9553,.F.);
#11504 = ORIENTED_EDGE('',*,*,#9598,.F.);
#11505 = ORIENTED_EDGE('',*,*,#9572,.F.);
#11506 = ORIENTED_EDGE('',*,*,#9520,.F.);
#11507 = ORIENTED_EDGE('',*,*,#9468,.F.);
#11508 = ORIENTED_EDGE('',*,*,#9416,.F.);
#11509 = ORIENTED_EDGE('',*,*,#9364,.F.);
#11510 = ORIENTED_EDGE('',*,*,#9312,.F.);
#11511 = PLANE('',#11512);
#11512 = AXIS2_PLACEMENT_3D('',#11513,#11514,#11515);
#11513 = CARTESIAN_POINT('',(-2.714925009911,0.799858072385,23.));
#11514 = DIRECTION('',(0.,0.,1.));
#11515 = DIRECTION('',(1.,0.,0.));
#11516 = ADVANCED_FACE('',(#11517,#11549),#11607,.T.);
#11517 = FACE_BOUND('',#11518,.T.);
#11518 = EDGE_LOOP('',(#11519,#11520,#11521,#11522,#11523,#11524,#11525,
    #11526,#11527,#11528,#11529,#11530,#11531,#11532,#11533,#11534,
    #11535,#11536,#11537,#11538,#11539,#11540,#11541,#11542,#11543,
    #11544,#11545,#11546,#11547,#11548));
#11519 = ORIENTED_EDGE('',*,*,#9676,.F.);
#11520 = ORIENTED_EDGE('',*,*,#9624,.F.);
#11521 = ORIENTED_EDGE('',*,*,#9657,.F.);
#11522 = ORIENTED_EDGE('',*,*,#9709,.F.);
#11523 = ORIENTED_EDGE('',*,*,#9761,.F.);
#11524 = ORIENTED_EDGE('',*,*,#9813,.F.);
#11525 = ORIENTED_EDGE('',*,*,#9865,.F.);
#11526 = ORIENTED_EDGE('',*,*,#9917,.F.);
#11527 = ORIENTED_EDGE('',*,*,#9969,.F.);
#11528 = ORIENTED_EDGE('',*,*,#10021,.F.);
#11529 = ORIENTED_EDGE('',*,*,#10073,.F.);
#11530 = ORIENTED_EDGE('',*,*,#10123,.F.);
#11531 = ORIENTED_EDGE('',*,*,#10175,.F.);
#11532 = ORIENTED_EDGE('',*,*,#10227,.F.);
#11533 = ORIENTED_EDGE('',*,*,#10277,.F.);
#11534 = ORIENTED_EDGE('',*,*,#10329,.F.);
#11535 = ORIENTED_EDGE('',*,*,#10374,.F.);
#11536 = ORIENTED_EDGE('',*,*,#10348,.F.);
#11537 = ORIENTED_EDGE('',*,*,#10296,.F.);
#11538 = ORIENTED_EDGE('',*,*,#10244,.F.);
#11539 = ORIENTED_EDGE('',*,*,#10194,.F.);
#11540 = ORIENTED_EDGE('',*,*,#10142,.F.);
#11541 = ORIENTED_EDGE('',*,*,#10092,.F.);
#11542 = ORIENTED_EDGE('',*,*,#10040,.F.);
#11543 = ORIENTED_EDGE('',*,*,#9988,.F.);
#11544 = ORIENTED_EDGE('',*,*,#9936,.F.);
#11545 = ORIENTED_EDGE('',*,*,#9884,.F.);
#11546 = ORIENTED_EDGE('',*,*,#9832,.F.);
#11547 = ORIENTED_EDGE('',*,*,#9780,.F.);
#11548 = ORIENTED_EDGE('',*,*,#9728,.F.);
#11549 = FACE_BOUND('',#11550,.T.);
#11550 = EDGE_LOOP('',(#11551,#11561,#11569,#11577,#11585,#11593,#11601)
  );
#11551 = ORIENTED_EDGE('',*,*,#11552,.F.);
#11552 = EDGE_CURVE('',#11553,#11555,#11557,.T.);
#11553 = VERTEX_POINT('',#11554);
#11554 = CARTESIAN_POINT('',(7.117077557413,1.224330417509,23.));
#11555 = VERTEX_POINT('',#11556);
#11556 = CARTESIAN_POINT('',(6.532603494012,1.013820691284,23.));
#11557 = B_SPLINE_CURVE_WITH_KNOTS('',2,(#11558,#11559,#11560),
  .UNSPECIFIED.,.F.,.F.,(3,3),(0.,1.),.PIECEWISE_BEZIER_KNOTS.);
#11558 = CARTESIAN_POINT('',(7.117077557413,1.224330417509,23.));
#11559 = CARTESIAN_POINT('',(6.743563508421,1.224330417509,23.));
#11560 = CARTESIAN_POINT('',(6.532603494012,1.013820691284,23.));
#11561 = ORIENTED_EDGE('',*,*,#11562,.F.);
#11562 = EDGE_CURVE('',#11563,#11553,#11565,.T.);
#11563 = VERTEX_POINT('',#11564);
#11564 = CARTESIAN_POINT('',(7.448939949344,1.160389495318,23.));
#11565 = B_SPLINE_CURVE_WITH_KNOTS('',2,(#11566,#11567,#11568),
  .UNSPECIFIED.,.F.,.F.,(3,3),(0.,1.),.PIECEWISE_BEZIER_KNOTS.);
#11566 = CARTESIAN_POINT('',(7.448939949344,1.160389495318,23.));
#11567 = CARTESIAN_POINT('',(7.307324315338,1.224330417509,23.));
#11568 = CARTESIAN_POINT('',(7.117077557413,1.224330417509,23.));
#11569 = ORIENTED_EDGE('',*,*,#11570,.F.);
#11570 = EDGE_CURVE('',#11571,#11563,#11573,.T.);
#11571 = VERTEX_POINT('',#11572);
#11572 = CARTESIAN_POINT('',(7.684215525712,0.986353112033,23.));
#11573 = B_SPLINE_CURVE_WITH_KNOTS('',2,(#11574,#11575,#11576),
  .UNSPECIFIED.,.F.,.F.,(3,3),(0.,1.),.PIECEWISE_BEZIER_KNOTS.);
#11574 = CARTESIAN_POINT('',(7.684215525712,0.986353112033,23.));
#11575 = CARTESIAN_POINT('',(7.590780727442,1.096673717221,23.));
#11576 = CARTESIAN_POINT('',(7.448939949344,1.160389495318,23.));
#11577 = ORIENTED_EDGE('',*,*,#11578,.F.);
#11578 = EDGE_CURVE('',#11579,#11571,#11581,.T.);
#11579 = VERTEX_POINT('',#11580);
#11580 = CARTESIAN_POINT('',(7.822453998335,0.729463702811,23.));
#11581 = B_SPLINE_CURVE_WITH_KNOTS('',2,(#11582,#11583,#11584),
  .UNSPECIFIED.,.F.,.F.,(3,3),(0.,1.),.PIECEWISE_BEZIER_KNOTS.);
#11582 = CARTESIAN_POINT('',(7.822453998335,0.729463702811,23.));
#11583 = CARTESIAN_POINT('',(7.777650323983,0.876032506846,23.));
#11584 = CARTESIAN_POINT('',(7.684215525712,0.986353112033,23.));
#11585 = ORIENTED_EDGE('',*,*,#11586,.F.);
#11586 = EDGE_CURVE('',#11587,#11579,#11589,.T.);
#11587 = VERTEX_POINT('',#11588);
#11588 = CARTESIAN_POINT('',(7.867482816779,0.417413990996,23.));
#11589 = B_SPLINE_CURVE_WITH_KNOTS('',2,(#11590,#11591,#11592),
  .UNSPECIFIED.,.F.,.F.,(3,3),(0.,1.),.PIECEWISE_BEZIER_KNOTS.);
#11590 = CARTESIAN_POINT('',(7.867482816779,0.417413990996,23.));
#11591 = CARTESIAN_POINT('',(7.867482816779,0.582894898777,23.));
#11592 = CARTESIAN_POINT('',(7.822453998335,0.729463702811,23.));
#11593 = ORIENTED_EDGE('',*,*,#11594,.F.);
#11594 = EDGE_CURVE('',#11595,#11587,#11597,.T.);
#11595 = VERTEX_POINT('',#11596);
#11596 = CARTESIAN_POINT('',(6.262880871534,0.417413990996,23.));
#11597 = LINE('',#11598,#11599);
#11598 = CARTESIAN_POINT('',(6.262880871534,0.417413990996,23.));
#11599 = VECTOR('',#11600,1.);
#11600 = DIRECTION('',(1.,0.,0.));
#11601 = ORIENTED_EDGE('',*,*,#11602,.F.);
#11602 = EDGE_CURVE('',#11555,#11595,#11603,.T.);
#11603 = B_SPLINE_CURVE_WITH_KNOTS('',2,(#11604,#11605,#11606),
  .UNSPECIFIED.,.F.,.F.,(3,3),(0.,1.),.PIECEWISE_BEZIER_KNOTS.);
#11604 = CARTESIAN_POINT('',(6.532603494012,1.013820691284,23.));
#11605 = CARTESIAN_POINT('',(6.321643479603,0.803536109151,23.));
#11606 = CARTESIAN_POINT('',(6.262880871534,0.417413990996,23.));
#11607 = PLANE('',#11608);
#11608 = AXIS2_PLACEMENT_3D('',#11609,#11610,#11611);
#11609 = CARTESIAN_POINT('',(7.065152433622,2.078987730621E-02,23.));
#11610 = DIRECTION('',(0.,0.,1.));
#11611 = DIRECTION('',(1.,0.,0.));
#11612 = ADVANCED_FACE('',(#11613),#11633,.T.);
#11613 = FACE_BOUND('',#11614,.T.);
#11614 = EDGE_LOOP('',(#11615,#11616,#11617,#11618,#11619,#11620,#11621,
    #11622,#11623,#11624,#11625,#11626,#11627,#11628,#11629,#11630,
    #11631,#11632));
#11615 = ORIENTED_EDGE('',*,*,#10448,.F.);
#11616 = ORIENTED_EDGE('',*,*,#10400,.F.);
#11617 = ORIENTED_EDGE('',*,*,#10431,.F.);
#11618 = ORIENTED_EDGE('',*,*,#10479,.F.);
#11619 = ORIENTED_EDGE('',*,*,#10529,.F.);
#11620 = ORIENTED_EDGE('',*,*,#10579,.F.);
#11621 = ORIENTED_EDGE('',*,*,#10631,.F.);
#11622 = ORIENTED_EDGE('',*,*,#10683,.F.);
#11623 = ORIENTED_EDGE('',*,*,#10733,.F.);
#11624 = ORIENTED_EDGE('',*,*,#10783,.F.);
#11625 = ORIENTED_EDGE('',*,*,#10826,.F.);
#11626 = ORIENTED_EDGE('',*,*,#10800,.F.);
#11627 = ORIENTED_EDGE('',*,*,#10750,.F.);
#11628 = ORIENTED_EDGE('',*,*,#10700,.F.);
#11629 = ORIENTED_EDGE('',*,*,#10650,.F.);
#11630 = ORIENTED_EDGE('',*,*,#10598,.F.);
#11631 = ORIENTED_EDGE('',*,*,#10548,.F.);
#11632 = ORIENTED_EDGE('',*,*,#10498,.F.);
#11633 = PLANE('',#11634);
#11634 = AXIS2_PLACEMENT_3D('',#11635,#11636,#11637);
#11635 = CARTESIAN_POINT('',(3.030845523335,0.519059027967,23.));
#11636 = DIRECTION('',(0.,0.,1.));
#11637 = DIRECTION('',(1.,0.,0.));
#11638 = ADVANCED_FACE('',(#11639),#11664,.T.);
#11639 = FACE_BOUND('',#11640,.T.);
#11640 = EDGE_LOOP('',(#11641,#11649,#11650,#11658));
#11641 = ORIENTED_EDGE('',*,*,#11642,.T.);
#11642 = EDGE_CURVE('',#11643,#10946,#11645,.T.);
#11643 = VERTEX_POINT('',#11644);
#11644 = CARTESIAN_POINT('',(-2.214002237487,-6.010529177014,25.));
#11645 = LINE('',#11646,#11647);
#11646 = CARTESIAN_POINT('',(-2.214002237487,-6.010529177014,25.));
#11647 = VECTOR('',#11648,1.);
#11648 = DIRECTION('',(-0.,-0.,-1.));
#11649 = ORIENTED_EDGE('',*,*,#10945,.T.);
#11650 = ORIENTED_EDGE('',*,*,#11651,.F.);
#11651 = EDGE_CURVE('',#11652,#10948,#11654,.T.);
#11652 = VERTEX_POINT('',#11653);
#11653 = CARTESIAN_POINT('',(-2.261822842675,-5.469643009867,25.));
#11654 = LINE('',#11655,#11656);
#11655 = CARTESIAN_POINT('',(-2.261822842675,-5.469643009867,25.));
#11656 = VECTOR('',#11657,1.);
#11657 = DIRECTION('',(-0.,-0.,-1.));
#11658 = ORIENTED_EDGE('',*,*,#11659,.F.);
#11659 = EDGE_CURVE('',#11643,#11652,#11660,.T.);
#11660 = B_SPLINE_CURVE_WITH_KNOTS('',2,(#11661,#11662,#11663),
  .UNSPECIFIED.,.F.,.F.,(3,3),(0.,1.),.PIECEWISE_BEZIER_KNOTS.);
#11661 = CARTESIAN_POINT('',(-2.214002237487,-6.010529177014,25.));
#11662 = CARTESIAN_POINT('',(-2.214002237487,-5.683890128023,25.));
#11663 = CARTESIAN_POINT('',(-2.261822842675,-5.469643009867,25.));
#11664 = SURFACE_OF_LINEAR_EXTRUSION('',#11665,#11669);
#11665 = B_SPLINE_CURVE_WITH_KNOTS('',2,(#11666,#11667,#11668),
  .UNSPECIFIED.,.F.,.F.,(3,3),(0.,1.),.PIECEWISE_BEZIER_KNOTS.);
#11666 = CARTESIAN_POINT('',(-2.214002237487,-6.010529177014,25.));
#11667 = CARTESIAN_POINT('',(-2.214002237487,-5.683890128023,25.));
#11668 = CARTESIAN_POINT('',(-2.261822842675,-5.469643009867,25.));
#11669 = VECTOR('',#11670,1.);
#11670 = DIRECTION('',(0.,0.,1.));
#11671 = ADVANCED_FACE('',(#11672),#11690,.T.);
#11672 = FACE_BOUND('',#11673,.T.);
#11673 = EDGE_LOOP('',(#11674,#11682,#11683,#11684));
#11674 = ORIENTED_EDGE('',*,*,#11675,.T.);
#11675 = EDGE_CURVE('',#11676,#10956,#11678,.T.);
#11676 = VERTEX_POINT('',#11677);
#11677 = CARTESIAN_POINT('',(-2.261822842675,-6.551415344161,25.));
#11678 = LINE('',#11679,#11680);
#11679 = CARTESIAN_POINT('',(-2.261822842675,-6.551415344161,25.));
#11680 = VECTOR('',#11681,1.);
#11681 = DIRECTION('',(-0.,-0.,-1.));
#11682 = ORIENTED_EDGE('',*,*,#10955,.T.);
#11683 = ORIENTED_EDGE('',*,*,#11642,.F.);
#11684 = ORIENTED_EDGE('',*,*,#11685,.F.);
#11685 = EDGE_CURVE('',#11676,#11643,#11686,.T.);
#11686 = B_SPLINE_CURVE_WITH_KNOTS('',2,(#11687,#11688,#11689),
  .UNSPECIFIED.,.F.,.F.,(3,3),(0.,1.),.PIECEWISE_BEZIER_KNOTS.);
#11687 = CARTESIAN_POINT('',(-2.261822842675,-6.551415344161,25.));
#11688 = CARTESIAN_POINT('',(-2.214002237487,-6.337168226006,25.));
#11689 = CARTESIAN_POINT('',(-2.214002237487,-6.010529177014,25.));
#11690 = SURFACE_OF_LINEAR_EXTRUSION('',#11691,#11695);
#11691 = B_SPLINE_CURVE_WITH_KNOTS('',2,(#11692,#11693,#11694),
  .UNSPECIFIED.,.F.,.F.,(3,3),(0.,1.),.PIECEWISE_BEZIER_KNOTS.);
#11692 = CARTESIAN_POINT('',(-2.261822842675,-6.551415344161,25.));
#11693 = CARTESIAN_POINT('',(-2.214002237487,-6.337168226006,25.));
#11694 = CARTESIAN_POINT('',(-2.214002237487,-6.010529177014,25.));
#11695 = VECTOR('',#11696,1.);
#11696 = DIRECTION('',(0.,0.,1.));
#11697 = ADVANCED_FACE('',(#11698),#11716,.T.);
#11698 = FACE_BOUND('',#11699,.T.);
#11699 = EDGE_LOOP('',(#11700,#11708,#11709,#11710));
#11700 = ORIENTED_EDGE('',*,*,#11701,.T.);
#11701 = EDGE_CURVE('',#11702,#10964,#11704,.T.);
#11702 = VERTEX_POINT('',#11703);
#11703 = CARTESIAN_POINT('',(-2.389344456507,-6.892643730329,25.));
#11704 = LINE('',#11705,#11706);
#11705 = CARTESIAN_POINT('',(-2.389344456507,-6.892643730329,25.));
#11706 = VECTOR('',#11707,1.);
#11707 = DIRECTION('',(-0.,-0.,-1.));
#11708 = ORIENTED_EDGE('',*,*,#10963,.T.);
#11709 = ORIENTED_EDGE('',*,*,#11675,.F.);
#11710 = ORIENTED_EDGE('',*,*,#11711,.F.);
#11711 = EDGE_CURVE('',#11702,#11676,#11712,.T.);
#11712 = B_SPLINE_CURVE_WITH_KNOTS('',2,(#11713,#11714,#11715),
  .UNSPECIFIED.,.F.,.F.,(3,3),(0.,1.),.PIECEWISE_BEZIER_KNOTS.);
#11713 = CARTESIAN_POINT('',(-2.389344456507,-6.892643730329,25.));
#11714 = CARTESIAN_POINT('',(-2.309508361407,-6.765662462317,25.));
#11715 = CARTESIAN_POINT('',(-2.261822842675,-6.551415344161,25.));
#11716 = SURFACE_OF_LINEAR_EXTRUSION('',#11717,#11721);
#11717 = B_SPLINE_CURVE_WITH_KNOTS('',2,(#11718,#11719,#11720),
  .UNSPECIFIED.,.F.,.F.,(3,3),(0.,1.),.PIECEWISE_BEZIER_KNOTS.);
#11718 = CARTESIAN_POINT('',(-2.389344456507,-6.892643730329,25.));
#11719 = CARTESIAN_POINT('',(-2.309508361407,-6.765662462317,25.));
#11720 = CARTESIAN_POINT('',(-2.261822842675,-6.551415344161,25.));
#11721 = VECTOR('',#11722,1.);
#11722 = DIRECTION('',(0.,0.,1.));
#11723 = ADVANCED_FACE('',(#11724),#11742,.T.);
#11724 = FACE_BOUND('',#11725,.T.);
#11725 = EDGE_LOOP('',(#11726,#11734,#11735,#11736));
#11726 = ORIENTED_EDGE('',*,*,#11727,.T.);
#11727 = EDGE_CURVE('',#11728,#10972,#11730,.T.);
#11728 = VERTEX_POINT('',#11729);
#11729 = CARTESIAN_POINT('',(-2.572926949303,-7.070552592,25.));
#11730 = LINE('',#11731,#11732);
#11731 = CARTESIAN_POINT('',(-2.572926949303,-7.070552592,25.));
#11732 = VECTOR('',#11733,1.);
#11733 = DIRECTION('',(-0.,-0.,-1.));
#11734 = ORIENTED_EDGE('',*,*,#10971,.T.);
#11735 = ORIENTED_EDGE('',*,*,#11701,.F.);
#11736 = ORIENTED_EDGE('',*,*,#11737,.F.);
#11737 = EDGE_CURVE('',#11728,#11702,#11738,.T.);
#11738 = B_SPLINE_CURVE_WITH_KNOTS('',2,(#11739,#11740,#11741),
  .UNSPECIFIED.,.F.,.F.,(3,3),(0.,1.),.PIECEWISE_BEZIER_KNOTS.);
#11739 = CARTESIAN_POINT('',(-2.572926949303,-7.070552592,25.));
#11740 = CARTESIAN_POINT('',(-2.469180551608,-7.019489911885,25.));
#11741 = CARTESIAN_POINT('',(-2.389344456507,-6.892643730329,25.));
#11742 = SURFACE_OF_LINEAR_EXTRUSION('',#11743,#11747);
#11743 = B_SPLINE_CURVE_WITH_KNOTS('',2,(#11744,#11745,#11746),
  .UNSPECIFIED.,.F.,.F.,(3,3),(0.,1.),.PIECEWISE_BEZIER_KNOTS.);
#11744 = CARTESIAN_POINT('',(-2.572926949303,-7.070552592,25.));
#11745 = CARTESIAN_POINT('',(-2.469180551608,-7.019489911885,25.));
#11746 = CARTESIAN_POINT('',(-2.389344456507,-6.892643730329,25.));
#11747 = VECTOR('',#11748,1.);
#11748 = DIRECTION('',(0.,0.,1.));
#11749 = ADVANCED_FACE('',(#11750),#11768,.T.);
#11750 = FACE_BOUND('',#11751,.T.);
#11751 = EDGE_LOOP('',(#11752,#11760,#11761,#11762));
#11752 = ORIENTED_EDGE('',*,*,#11753,.T.);
#11753 = EDGE_CURVE('',#11754,#10980,#11756,.T.);
#11754 = VERTEX_POINT('',#11755);
#11755 = CARTESIAN_POINT('',(-2.788795104922,-7.12148018566,25.));
#11756 = LINE('',#11757,#11758);
#11757 = CARTESIAN_POINT('',(-2.788795104922,-7.12148018566,25.));
#11758 = VECTOR('',#11759,1.);
#11759 = DIRECTION('',(-0.,-0.,-1.));
#11760 = ORIENTED_EDGE('',*,*,#10979,.T.);
#11761 = ORIENTED_EDGE('',*,*,#11727,.F.);
#11762 = ORIENTED_EDGE('',*,*,#11763,.F.);
#11763 = EDGE_CURVE('',#11754,#11728,#11764,.T.);
#11764 = B_SPLINE_CURVE_WITH_KNOTS('',2,(#11765,#11766,#11767),
  .UNSPECIFIED.,.F.,.F.,(3,3),(0.,1.),.PIECEWISE_BEZIER_KNOTS.);
#11765 = CARTESIAN_POINT('',(-2.788795104922,-7.12148018566,25.));
#11766 = CARTESIAN_POINT('',(-2.676673346997,-7.12148018566,25.));
#11767 = CARTESIAN_POINT('',(-2.572926949303,-7.070552592,25.));
#11768 = SURFACE_OF_LINEAR_EXTRUSION('',#11769,#11773);
#11769 = B_SPLINE_CURVE_WITH_KNOTS('',2,(#11770,#11771,#11772),
  .UNSPECIFIED.,.F.,.F.,(3,3),(0.,1.),.PIECEWISE_BEZIER_KNOTS.);
#11770 = CARTESIAN_POINT('',(-2.788795104922,-7.12148018566,25.));
#11771 = CARTESIAN_POINT('',(-2.676673346997,-7.12148018566,25.));
#11772 = CARTESIAN_POINT('',(-2.572926949303,-7.070552592,25.));
#11773 = VECTOR('',#11774,1.);
#11774 = DIRECTION('',(0.,0.,1.));
#11775 = ADVANCED_FACE('',(#11776),#11794,.T.);
#11776 = FACE_BOUND('',#11777,.T.);
#11777 = EDGE_LOOP('',(#11778,#11786,#11787,#11788));
#11778 = ORIENTED_EDGE('',*,*,#11779,.T.);
#11779 = EDGE_CURVE('',#11780,#10988,#11782,.T.);
#11780 = VERTEX_POINT('',#11781);
#11781 = CARTESIAN_POINT('',(-3.001556272069,-7.070552592,25.));
#11782 = LINE('',#11783,#11784);
#11783 = CARTESIAN_POINT('',(-3.001556272069,-7.070552592,25.));
#11784 = VECTOR('',#11785,1.);
#11785 = DIRECTION('',(-0.,-0.,-1.));
#11786 = ORIENTED_EDGE('',*,*,#10987,.T.);
#11787 = ORIENTED_EDGE('',*,*,#11753,.F.);
#11788 = ORIENTED_EDGE('',*,*,#11789,.F.);
#11789 = EDGE_CURVE('',#11780,#11754,#11790,.T.);
#11790 = B_SPLINE_CURVE_WITH_KNOTS('',2,(#11791,#11792,#11793),
  .UNSPECIFIED.,.F.,.F.,(3,3),(0.,1.),.PIECEWISE_BEZIER_KNOTS.);
#11791 = CARTESIAN_POINT('',(-3.001556272069,-7.070552592,25.));
#11792 = CARTESIAN_POINT('',(-2.898755479562,-7.12148018566,25.));
#11793 = CARTESIAN_POINT('',(-2.788795104922,-7.12148018566,25.));
#11794 = SURFACE_OF_LINEAR_EXTRUSION('',#11795,#11799);
#11795 = B_SPLINE_CURVE_WITH_KNOTS('',2,(#11796,#11797,#11798),
  .UNSPECIFIED.,.F.,.F.,(3,3),(0.,1.),.PIECEWISE_BEZIER_KNOTS.);
#11796 = CARTESIAN_POINT('',(-3.001556272069,-7.070552592,25.));
#11797 = CARTESIAN_POINT('',(-2.898755479562,-7.12148018566,25.));
#11798 = CARTESIAN_POINT('',(-2.788795104922,-7.12148018566,25.));
#11799 = VECTOR('',#11800,1.);
#11800 = DIRECTION('',(0.,0.,1.));
#11801 = ADVANCED_FACE('',(#11802),#11820,.T.);
#11802 = FACE_BOUND('',#11803,.T.);
#11803 = EDGE_LOOP('',(#11804,#11812,#11813,#11814));
#11804 = ORIENTED_EDGE('',*,*,#11805,.T.);
#11805 = EDGE_CURVE('',#11806,#10996,#11808,.T.);
#11806 = VERTEX_POINT('',#11807);
#11807 = CARTESIAN_POINT('',(-3.183112468035,-6.892643730329,25.));
#11808 = LINE('',#11809,#11810);
#11809 = CARTESIAN_POINT('',(-3.183112468035,-6.892643730329,25.));
#11810 = VECTOR('',#11811,1.);
#11811 = DIRECTION('',(-0.,-0.,-1.));
#11812 = ORIENTED_EDGE('',*,*,#10995,.T.);
#11813 = ORIENTED_EDGE('',*,*,#11779,.F.);
#11814 = ORIENTED_EDGE('',*,*,#11815,.F.);
#11815 = EDGE_CURVE('',#11806,#11780,#11816,.T.);
#11816 = B_SPLINE_CURVE_WITH_KNOTS('',2,(#11817,#11818,#11819),
  .UNSPECIFIED.,.F.,.F.,(3,3),(0.,1.),.PIECEWISE_BEZIER_KNOTS.);
#11817 = CARTESIAN_POINT('',(-3.183112468035,-6.892643730329,25.));
#11818 = CARTESIAN_POINT('',(-3.104221978121,-7.019489911885,25.));
#11819 = CARTESIAN_POINT('',(-3.001556272069,-7.070552592,25.));
#11820 = SURFACE_OF_LINEAR_EXTRUSION('',#11821,#11825);
#11821 = B_SPLINE_CURVE_WITH_KNOTS('',2,(#11822,#11823,#11824),
  .UNSPECIFIED.,.F.,.F.,(3,3),(0.,1.),.PIECEWISE_BEZIER_KNOTS.);
#11822 = CARTESIAN_POINT('',(-3.183112468035,-6.892643730329,25.));
#11823 = CARTESIAN_POINT('',(-3.104221978121,-7.019489911885,25.));
#11824 = CARTESIAN_POINT('',(-3.001556272069,-7.070552592,25.));
#11825 = VECTOR('',#11826,1.);
#11826 = DIRECTION('',(0.,0.,1.));
#11827 = ADVANCED_FACE('',(#11828),#11846,.T.);
#11828 = FACE_BOUND('',#11829,.T.);
#11829 = EDGE_LOOP('',(#11830,#11838,#11839,#11840));
#11830 = ORIENTED_EDGE('',*,*,#11831,.T.);
#11831 = EDGE_CURVE('',#11832,#11004,#11834,.T.);
#11832 = VERTEX_POINT('',#11833);
#11833 = CARTESIAN_POINT('',(-3.308607785038,-6.551415344161,25.));
#11834 = LINE('',#11835,#11836);
#11835 = CARTESIAN_POINT('',(-3.308607785038,-6.551415344161,25.));
#11836 = VECTOR('',#11837,1.);
#11837 = DIRECTION('',(-0.,-0.,-1.));
#11838 = ORIENTED_EDGE('',*,*,#11003,.T.);
#11839 = ORIENTED_EDGE('',*,*,#11805,.F.);
#11840 = ORIENTED_EDGE('',*,*,#11841,.F.);
#11841 = EDGE_CURVE('',#11832,#11806,#11842,.T.);
#11842 = B_SPLINE_CURVE_WITH_KNOTS('',2,(#11843,#11844,#11845),
  .UNSPECIFIED.,.F.,.F.,(3,3),(0.,1.),.PIECEWISE_BEZIER_KNOTS.);
#11843 = CARTESIAN_POINT('',(-3.308607785038,-6.551415344161,25.));
#11844 = CARTESIAN_POINT('',(-3.261867871493,-6.765662462317,25.));
#11845 = CARTESIAN_POINT('',(-3.183112468035,-6.892643730329,25.));
#11846 = SURFACE_OF_LINEAR_EXTRUSION('',#11847,#11851);
#11847 = B_SPLINE_CURVE_WITH_KNOTS('',2,(#11848,#11849,#11850),
  .UNSPECIFIED.,.F.,.F.,(3,3),(0.,1.),.PIECEWISE_BEZIER_KNOTS.);
#11848 = CARTESIAN_POINT('',(-3.308607785038,-6.551415344161,25.));
#11849 = CARTESIAN_POINT('',(-3.261867871493,-6.765662462317,25.));
#11850 = CARTESIAN_POINT('',(-3.183112468035,-6.892643730329,25.));
#11851 = VECTOR('',#11852,1.);
#11852 = DIRECTION('',(0.,0.,1.));
#11853 = ADVANCED_FACE('',(#11854),#11872,.T.);
#11854 = FACE_BOUND('',#11855,.T.);
#11855 = EDGE_LOOP('',(#11856,#11864,#11865,#11866));
#11856 = ORIENTED_EDGE('',*,*,#11857,.T.);
#11857 = EDGE_CURVE('',#11858,#11012,#11860,.T.);
#11858 = VERTEX_POINT('',#11859);
#11859 = CARTESIAN_POINT('',(-3.355212612127,-6.010529177014,25.));
#11860 = LINE('',#11861,#11862);
#11861 = CARTESIAN_POINT('',(-3.355212612127,-6.010529177014,25.));
#11862 = VECTOR('',#11863,1.);
#11863 = DIRECTION('',(-0.,-0.,-1.));
#11864 = ORIENTED_EDGE('',*,*,#11011,.T.);
#11865 = ORIENTED_EDGE('',*,*,#11831,.F.);
#11866 = ORIENTED_EDGE('',*,*,#11867,.F.);
#11867 = EDGE_CURVE('',#11858,#11832,#11868,.T.);
#11868 = B_SPLINE_CURVE_WITH_KNOTS('',2,(#11869,#11870,#11871),
  .UNSPECIFIED.,.F.,.F.,(3,3),(0.,1.),.PIECEWISE_BEZIER_KNOTS.);
#11869 = CARTESIAN_POINT('',(-3.355212612127,-6.010529177014,25.));
#11870 = CARTESIAN_POINT('',(-3.355212612127,-6.337168226006,25.));
#11871 = CARTESIAN_POINT('',(-3.308607785038,-6.551415344161,25.));
#11872 = SURFACE_OF_LINEAR_EXTRUSION('',#11873,#11877);
#11873 = B_SPLINE_CURVE_WITH_KNOTS('',2,(#11874,#11875,#11876),
  .UNSPECIFIED.,.F.,.F.,(3,3),(0.,1.),.PIECEWISE_BEZIER_KNOTS.);
#11874 = CARTESIAN_POINT('',(-3.355212612127,-6.010529177014,25.));
#11875 = CARTESIAN_POINT('',(-3.355212612127,-6.337168226006,25.));
#11876 = CARTESIAN_POINT('',(-3.308607785038,-6.551415344161,25.));
#11877 = VECTOR('',#11878,1.);
#11878 = DIRECTION('',(0.,0.,1.));
#11879 = ADVANCED_FACE('',(#11880),#11898,.T.);
#11880 = FACE_BOUND('',#11881,.T.);
#11881 = EDGE_LOOP('',(#11882,#11890,#11891,#11892));
#11882 = ORIENTED_EDGE('',*,*,#11883,.T.);
#11883 = EDGE_CURVE('',#11884,#11020,#11886,.T.);
#11884 = VERTEX_POINT('',#11885);
#11885 = CARTESIAN_POINT('',(-3.308607785038,-5.469643009867,25.));
#11886 = LINE('',#11887,#11888);
#11887 = CARTESIAN_POINT('',(-3.308607785038,-5.469643009867,25.));
#11888 = VECTOR('',#11889,1.);
#11889 = DIRECTION('',(-0.,-0.,-1.));
#11890 = ORIENTED_EDGE('',*,*,#11019,.T.);
#11891 = ORIENTED_EDGE('',*,*,#11857,.F.);
#11892 = ORIENTED_EDGE('',*,*,#11893,.F.);
#11893 = EDGE_CURVE('',#11884,#11858,#11894,.T.);
#11894 = B_SPLINE_CURVE_WITH_KNOTS('',2,(#11895,#11896,#11897),
  .UNSPECIFIED.,.F.,.F.,(3,3),(0.,1.),.PIECEWISE_BEZIER_KNOTS.);
#11895 = CARTESIAN_POINT('',(-3.308607785038,-5.469643009867,25.));
#11896 = CARTESIAN_POINT('',(-3.355212612127,-5.683890128023,25.));
#11897 = CARTESIAN_POINT('',(-3.355212612127,-6.010529177014,25.));
#11898 = SURFACE_OF_LINEAR_EXTRUSION('',#11899,#11903);
#11899 = B_SPLINE_CURVE_WITH_KNOTS('',2,(#11900,#11901,#11902),
  .UNSPECIFIED.,.F.,.F.,(3,3),(0.,1.),.PIECEWISE_BEZIER_KNOTS.);
#11900 = CARTESIAN_POINT('',(-3.308607785038,-5.469643009867,25.));
#11901 = CARTESIAN_POINT('',(-3.355212612127,-5.683890128023,25.));
#11902 = CARTESIAN_POINT('',(-3.355212612127,-6.010529177014,25.));
#11903 = VECTOR('',#11904,1.);
#11904 = DIRECTION('',(0.,0.,1.));
#11905 = ADVANCED_FACE('',(#11906),#11924,.T.);
#11906 = FACE_BOUND('',#11907,.T.);
#11907 = EDGE_LOOP('',(#11908,#11916,#11917,#11918));
#11908 = ORIENTED_EDGE('',*,*,#11909,.T.);
#11909 = EDGE_CURVE('',#11910,#11028,#11912,.T.);
#11910 = VERTEX_POINT('',#11911);
#11911 = CARTESIAN_POINT('',(-3.183112468035,-5.128549710156,25.));
#11912 = LINE('',#11913,#11914);
#11913 = CARTESIAN_POINT('',(-3.183112468035,-5.128549710156,25.));
#11914 = VECTOR('',#11915,1.);
#11915 = DIRECTION('',(-0.,-0.,-1.));
#11916 = ORIENTED_EDGE('',*,*,#11027,.T.);
#11917 = ORIENTED_EDGE('',*,*,#11883,.F.);
#11918 = ORIENTED_EDGE('',*,*,#11919,.F.);
#11919 = EDGE_CURVE('',#11910,#11884,#11920,.T.);
#11920 = B_SPLINE_CURVE_WITH_KNOTS('',2,(#11921,#11922,#11923),
  .UNSPECIFIED.,.F.,.F.,(3,3),(0.,1.),.PIECEWISE_BEZIER_KNOTS.);
#11921 = CARTESIAN_POINT('',(-3.183112468035,-5.128549710156,25.));
#11922 = CARTESIAN_POINT('',(-3.261867871493,-5.255395891712,25.));
#11923 = CARTESIAN_POINT('',(-3.308607785038,-5.469643009867,25.));
#11924 = SURFACE_OF_LINEAR_EXTRUSION('',#11925,#11929);
#11925 = B_SPLINE_CURVE_WITH_KNOTS('',2,(#11926,#11927,#11928),
  .UNSPECIFIED.,.F.,.F.,(3,3),(0.,1.),.PIECEWISE_BEZIER_KNOTS.);
#11926 = CARTESIAN_POINT('',(-3.183112468035,-5.128549710156,25.));
#11927 = CARTESIAN_POINT('',(-3.261867871493,-5.255395891712,25.));
#11928 = CARTESIAN_POINT('',(-3.308607785038,-5.469643009867,25.));
#11929 = VECTOR('',#11930,1.);
#11930 = DIRECTION('',(0.,0.,1.));
#11931 = ADVANCED_FACE('',(#11932),#11950,.T.);
#11932 = FACE_BOUND('',#11933,.T.);
#11933 = EDGE_LOOP('',(#11934,#11942,#11943,#11944));
#11934 = ORIENTED_EDGE('',*,*,#11935,.T.);
#11935 = EDGE_CURVE('',#11936,#11036,#11938,.T.);
#11936 = VERTEX_POINT('',#11937);
#11937 = CARTESIAN_POINT('',(-3.001556272069,-4.950640848484,25.));
#11938 = LINE('',#11939,#11940);
#11939 = CARTESIAN_POINT('',(-3.001556272069,-4.950640848484,25.));
#11940 = VECTOR('',#11941,1.);
#11941 = DIRECTION('',(-0.,-0.,-1.));
#11942 = ORIENTED_EDGE('',*,*,#11035,.T.);
#11943 = ORIENTED_EDGE('',*,*,#11909,.F.);
#11944 = ORIENTED_EDGE('',*,*,#11945,.F.);
#11945 = EDGE_CURVE('',#11936,#11910,#11946,.T.);
#11946 = B_SPLINE_CURVE_WITH_KNOTS('',2,(#11947,#11948,#11949),
  .UNSPECIFIED.,.F.,.F.,(3,3),(0.,1.),.PIECEWISE_BEZIER_KNOTS.);
#11947 = CARTESIAN_POINT('',(-3.001556272069,-4.950640848484,25.));
#11948 = CARTESIAN_POINT('',(-3.104221978121,-5.001568442144,25.));
#11949 = CARTESIAN_POINT('',(-3.183112468035,-5.128549710156,25.));
#11950 = SURFACE_OF_LINEAR_EXTRUSION('',#11951,#11955);
#11951 = B_SPLINE_CURVE_WITH_KNOTS('',2,(#11952,#11953,#11954),
  .UNSPECIFIED.,.F.,.F.,(3,3),(0.,1.),.PIECEWISE_BEZIER_KNOTS.);
#11952 = CARTESIAN_POINT('',(-3.001556272069,-4.950640848484,25.));
#11953 = CARTESIAN_POINT('',(-3.104221978121,-5.001568442144,25.));
#11954 = CARTESIAN_POINT('',(-3.183112468035,-5.128549710156,25.));
#11955 = VECTOR('',#11956,1.);
#11956 = DIRECTION('',(0.,0.,1.));
#11957 = ADVANCED_FACE('',(#11958),#11976,.T.);
#11958 = FACE_BOUND('',#11959,.T.);
#11959 = EDGE_LOOP('',(#11960,#11968,#11969,#11970));
#11960 = ORIENTED_EDGE('',*,*,#11961,.T.);
#11961 = EDGE_CURVE('',#11962,#11044,#11964,.T.);
#11962 = VERTEX_POINT('',#11963);
#11963 = CARTESIAN_POINT('',(-2.788795104922,-4.899578168369,25.));
#11964 = LINE('',#11965,#11966);
#11965 = CARTESIAN_POINT('',(-2.788795104922,-4.899578168369,25.));
#11966 = VECTOR('',#11967,1.);
#11967 = DIRECTION('',(-0.,-0.,-1.));
#11968 = ORIENTED_EDGE('',*,*,#11043,.T.);
#11969 = ORIENTED_EDGE('',*,*,#11935,.F.);
#11970 = ORIENTED_EDGE('',*,*,#11971,.F.);
#11971 = EDGE_CURVE('',#11962,#11936,#11972,.T.);
#11972 = B_SPLINE_CURVE_WITH_KNOTS('',2,(#11973,#11974,#11975),
  .UNSPECIFIED.,.F.,.F.,(3,3),(0.,1.),.PIECEWISE_BEZIER_KNOTS.);
#11973 = CARTESIAN_POINT('',(-2.788795104922,-4.899578168369,25.));
#11974 = CARTESIAN_POINT('',(-2.898755479562,-4.899578168369,25.));
#11975 = CARTESIAN_POINT('',(-3.001556272069,-4.950640848484,25.));
#11976 = SURFACE_OF_LINEAR_EXTRUSION('',#11977,#11981);
#11977 = B_SPLINE_CURVE_WITH_KNOTS('',2,(#11978,#11979,#11980),
  .UNSPECIFIED.,.F.,.F.,(3,3),(0.,1.),.PIECEWISE_BEZIER_KNOTS.);
#11978 = CARTESIAN_POINT('',(-2.788795104922,-4.899578168369,25.));
#11979 = CARTESIAN_POINT('',(-2.898755479562,-4.899578168369,25.));
#11980 = CARTESIAN_POINT('',(-3.001556272069,-4.950640848484,25.));
#11981 = VECTOR('',#11982,1.);
#11982 = DIRECTION('',(0.,0.,1.));
#11983 = ADVANCED_FACE('',(#11984),#12002,.T.);
#11984 = FACE_BOUND('',#11985,.T.);
#11985 = EDGE_LOOP('',(#11986,#11994,#11995,#11996));
#11986 = ORIENTED_EDGE('',*,*,#11987,.T.);
#11987 = EDGE_CURVE('',#11988,#11052,#11990,.T.);
#11988 = VERTEX_POINT('',#11989);
#11989 = CARTESIAN_POINT('',(-2.572926949303,-4.950640848484,25.));
#11990 = LINE('',#11991,#11992);
#11991 = CARTESIAN_POINT('',(-2.572926949303,-4.950640848484,25.));
#11992 = VECTOR('',#11993,1.);
#11993 = DIRECTION('',(-0.,-0.,-1.));
#11994 = ORIENTED_EDGE('',*,*,#11051,.T.);
#11995 = ORIENTED_EDGE('',*,*,#11961,.F.);
#11996 = ORIENTED_EDGE('',*,*,#11997,.F.);
#11997 = EDGE_CURVE('',#11988,#11962,#11998,.T.);
#11998 = B_SPLINE_CURVE_WITH_KNOTS('',2,(#11999,#12000,#12001),
  .UNSPECIFIED.,.F.,.F.,(3,3),(0.,1.),.PIECEWISE_BEZIER_KNOTS.);
#11999 = CARTESIAN_POINT('',(-2.572926949303,-4.950640848484,25.));
#12000 = CARTESIAN_POINT('',(-2.676673346997,-4.899578168369,25.));
#12001 = CARTESIAN_POINT('',(-2.788795104922,-4.899578168369,25.));
#12002 = SURFACE_OF_LINEAR_EXTRUSION('',#12003,#12007);
#12003 = B_SPLINE_CURVE_WITH_KNOTS('',2,(#12004,#12005,#12006),
  .UNSPECIFIED.,.F.,.F.,(3,3),(0.,1.),.PIECEWISE_BEZIER_KNOTS.);
#12004 = CARTESIAN_POINT('',(-2.572926949303,-4.950640848484,25.));
#12005 = CARTESIAN_POINT('',(-2.676673346997,-4.899578168369,25.));
#12006 = CARTESIAN_POINT('',(-2.788795104922,-4.899578168369,25.));
#12007 = VECTOR('',#12008,1.);
#12008 = DIRECTION('',(0.,0.,1.));
#12009 = ADVANCED_FACE('',(#12010),#12028,.T.);
#12010 = FACE_BOUND('',#12011,.T.);
#12011 = EDGE_LOOP('',(#12012,#12020,#12021,#12022));
#12012 = ORIENTED_EDGE('',*,*,#12013,.T.);
#12013 = EDGE_CURVE('',#12014,#11060,#12016,.T.);
#12014 = VERTEX_POINT('',#12015);
#12015 = CARTESIAN_POINT('',(-2.389344456507,-5.128549710156,25.));
#12016 = LINE('',#12017,#12018);
#12017 = CARTESIAN_POINT('',(-2.389344456507,-5.128549710156,25.));
#12018 = VECTOR('',#12019,1.);
#12019 = DIRECTION('',(-0.,-0.,-1.));
#12020 = ORIENTED_EDGE('',*,*,#11059,.T.);
#12021 = ORIENTED_EDGE('',*,*,#11987,.F.);
#12022 = ORIENTED_EDGE('',*,*,#12023,.F.);
#12023 = EDGE_CURVE('',#12014,#11988,#12024,.T.);
#12024 = B_SPLINE_CURVE_WITH_KNOTS('',2,(#12025,#12026,#12027),
  .UNSPECIFIED.,.F.,.F.,(3,3),(0.,1.),.PIECEWISE_BEZIER_KNOTS.);
#12025 = CARTESIAN_POINT('',(-2.389344456507,-5.128549710156,25.));
#12026 = CARTESIAN_POINT('',(-2.469180551608,-5.001568442144,25.));
#12027 = CARTESIAN_POINT('',(-2.572926949303,-4.950640848484,25.));
#12028 = SURFACE_OF_LINEAR_EXTRUSION('',#12029,#12033);
#12029 = B_SPLINE_CURVE_WITH_KNOTS('',2,(#12030,#12031,#12032),
  .UNSPECIFIED.,.F.,.F.,(3,3),(0.,1.),.PIECEWISE_BEZIER_KNOTS.);
#12030 = CARTESIAN_POINT('',(-2.389344456507,-5.128549710156,25.));
#12031 = CARTESIAN_POINT('',(-2.469180551608,-5.001568442144,25.));
#12032 = CARTESIAN_POINT('',(-2.572926949303,-4.950640848484,25.));
#12033 = VECTOR('',#12034,1.);
#12034 = DIRECTION('',(0.,0.,1.));
#12035 = ADVANCED_FACE('',(#12036),#12047,.T.);
#12036 = FACE_BOUND('',#12037,.T.);
#12037 = EDGE_LOOP('',(#12038,#12039,#12040,#12041));
#12038 = ORIENTED_EDGE('',*,*,#11651,.T.);
#12039 = ORIENTED_EDGE('',*,*,#11067,.T.);
#12040 = ORIENTED_EDGE('',*,*,#12013,.F.);
#12041 = ORIENTED_EDGE('',*,*,#12042,.F.);
#12042 = EDGE_CURVE('',#11652,#12014,#12043,.T.);
#12043 = B_SPLINE_CURVE_WITH_KNOTS('',2,(#12044,#12045,#12046),
  .UNSPECIFIED.,.F.,.F.,(3,3),(0.,1.),.PIECEWISE_BEZIER_KNOTS.);
#12044 = CARTESIAN_POINT('',(-2.261822842675,-5.469643009867,25.));
#12045 = CARTESIAN_POINT('',(-2.309508361407,-5.255395891712,25.));
#12046 = CARTESIAN_POINT('',(-2.389344456507,-5.128549710156,25.));
#12047 = SURFACE_OF_LINEAR_EXTRUSION('',#12048,#12052);
#12048 = B_SPLINE_CURVE_WITH_KNOTS('',2,(#12049,#12050,#12051),
  .UNSPECIFIED.,.F.,.F.,(3,3),(0.,1.),.PIECEWISE_BEZIER_KNOTS.);
#12049 = CARTESIAN_POINT('',(-2.261822842675,-5.469643009867,25.));
#12050 = CARTESIAN_POINT('',(-2.309508361407,-5.255395891712,25.));
#12051 = CARTESIAN_POINT('',(-2.389344456507,-5.128549710156,25.));
#12052 = VECTOR('',#12053,1.);
#12053 = DIRECTION('',(0.,0.,1.));
#12054 = ADVANCED_FACE('',(#12055),#12080,.T.);
#12055 = FACE_BOUND('',#12056,.T.);
#12056 = EDGE_LOOP('',(#12057,#12065,#12066,#12074));
#12057 = ORIENTED_EDGE('',*,*,#12058,.T.);
#12058 = EDGE_CURVE('',#12059,#11100,#12061,.T.);
#12059 = VERTEX_POINT('',#12060);
#12060 = CARTESIAN_POINT('',(0.189455975769,-6.010529177014,25.));
#12061 = LINE('',#12062,#12063);
#12062 = CARTESIAN_POINT('',(0.189455975769,-6.010529177014,25.));
#12063 = VECTOR('',#12064,1.);
#12064 = DIRECTION('',(-0.,-0.,-1.));
#12065 = ORIENTED_EDGE('',*,*,#11099,.T.);
#12066 = ORIENTED_EDGE('',*,*,#12067,.F.);
#12067 = EDGE_CURVE('',#12068,#11102,#12070,.T.);
#12068 = VERTEX_POINT('',#12069);
#12069 = CARTESIAN_POINT('',(0.141635370582,-5.469643009867,25.));
#12070 = LINE('',#12071,#12072);
#12071 = CARTESIAN_POINT('',(0.141635370582,-5.469643009867,25.));
#12072 = VECTOR('',#12073,1.);
#12073 = DIRECTION('',(-0.,-0.,-1.));
#12074 = ORIENTED_EDGE('',*,*,#12075,.F.);
#12075 = EDGE_CURVE('',#12059,#12068,#12076,.T.);
#12076 = B_SPLINE_CURVE_WITH_KNOTS('',2,(#12077,#12078,#12079),
  .UNSPECIFIED.,.F.,.F.,(3,3),(0.,1.),.PIECEWISE_BEZIER_KNOTS.);
#12077 = CARTESIAN_POINT('',(0.189455975769,-6.010529177014,25.));
#12078 = CARTESIAN_POINT('',(0.189455975769,-5.683890128023,25.));
#12079 = CARTESIAN_POINT('',(0.141635370582,-5.469643009867,25.));
#12080 = SURFACE_OF_LINEAR_EXTRUSION('',#12081,#12085);
#12081 = B_SPLINE_CURVE_WITH_KNOTS('',2,(#12082,#12083,#12084),
  .UNSPECIFIED.,.F.,.F.,(3,3),(0.,1.),.PIECEWISE_BEZIER_KNOTS.);
#12082 = CARTESIAN_POINT('',(0.189455975769,-6.010529177014,25.));
#12083 = CARTESIAN_POINT('',(0.189455975769,-5.683890128023,25.));
#12084 = CARTESIAN_POINT('',(0.141635370582,-5.469643009867,25.));
#12085 = VECTOR('',#12086,1.);
#12086 = DIRECTION('',(0.,0.,1.));
#12087 = ADVANCED_FACE('',(#12088),#12106,.T.);
#12088 = FACE_BOUND('',#12089,.T.);
#12089 = EDGE_LOOP('',(#12090,#12098,#12099,#12100));
#12090 = ORIENTED_EDGE('',*,*,#12091,.T.);
#12091 = EDGE_CURVE('',#12092,#11110,#12094,.T.);
#12092 = VERTEX_POINT('',#12093);
#12093 = CARTESIAN_POINT('',(0.141635370582,-6.551415344161,25.));
#12094 = LINE('',#12095,#12096);
#12095 = CARTESIAN_POINT('',(0.141635370582,-6.551415344161,25.));
#12096 = VECTOR('',#12097,1.);
#12097 = DIRECTION('',(-0.,-0.,-1.));
#12098 = ORIENTED_EDGE('',*,*,#11109,.T.);
#12099 = ORIENTED_EDGE('',*,*,#12058,.F.);
#12100 = ORIENTED_EDGE('',*,*,#12101,.F.);
#12101 = EDGE_CURVE('',#12092,#12059,#12102,.T.);
#12102 = B_SPLINE_CURVE_WITH_KNOTS('',2,(#12103,#12104,#12105),
  .UNSPECIFIED.,.F.,.F.,(3,3),(0.,1.),.PIECEWISE_BEZIER_KNOTS.);
#12103 = CARTESIAN_POINT('',(0.141635370582,-6.551415344161,25.));
#12104 = CARTESIAN_POINT('',(0.189455975769,-6.337168226006,25.));
#12105 = CARTESIAN_POINT('',(0.189455975769,-6.010529177014,25.));
#12106 = SURFACE_OF_LINEAR_EXTRUSION('',#12107,#12111);
#12107 = B_SPLINE_CURVE_WITH_KNOTS('',2,(#12108,#12109,#12110),
  .UNSPECIFIED.,.F.,.F.,(3,3),(0.,1.),.PIECEWISE_BEZIER_KNOTS.);
#12108 = CARTESIAN_POINT('',(0.141635370582,-6.551415344161,25.));
#12109 = CARTESIAN_POINT('',(0.189455975769,-6.337168226006,25.));
#12110 = CARTESIAN_POINT('',(0.189455975769,-6.010529177014,25.));
#12111 = VECTOR('',#12112,1.);
#12112 = DIRECTION('',(0.,0.,1.));
#12113 = ADVANCED_FACE('',(#12114),#12132,.T.);
#12114 = FACE_BOUND('',#12115,.T.);
#12115 = EDGE_LOOP('',(#12116,#12124,#12125,#12126));
#12116 = ORIENTED_EDGE('',*,*,#12117,.T.);
#12117 = EDGE_CURVE('',#12118,#11118,#12120,.T.);
#12118 = VERTEX_POINT('',#12119);
#12119 = CARTESIAN_POINT('',(1.411375674899E-02,-6.892643730329,25.));
#12120 = LINE('',#12121,#12122);
#12121 = CARTESIAN_POINT('',(1.411375674899E-02,-6.892643730329,25.));
#12122 = VECTOR('',#12123,1.);
#12123 = DIRECTION('',(-0.,-0.,-1.));
#12124 = ORIENTED_EDGE('',*,*,#11117,.T.);
#12125 = ORIENTED_EDGE('',*,*,#12091,.F.);
#12126 = ORIENTED_EDGE('',*,*,#12127,.F.);
#12127 = EDGE_CURVE('',#12118,#12092,#12128,.T.);
#12128 = B_SPLINE_CURVE_WITH_KNOTS('',2,(#12129,#12130,#12131),
  .UNSPECIFIED.,.F.,.F.,(3,3),(0.,1.),.PIECEWISE_BEZIER_KNOTS.);
#12129 = CARTESIAN_POINT('',(1.411375674899E-02,-6.892643730329,25.));
#12130 = CARTESIAN_POINT('',(9.394985184986E-02,-6.765662462317,25.));
#12131 = CARTESIAN_POINT('',(0.141635370582,-6.551415344161,25.));
#12132 = SURFACE_OF_LINEAR_EXTRUSION('',#12133,#12137);
#12133 = B_SPLINE_CURVE_WITH_KNOTS('',2,(#12134,#12135,#12136),
  .UNSPECIFIED.,.F.,.F.,(3,3),(0.,1.),.PIECEWISE_BEZIER_KNOTS.);
#12134 = CARTESIAN_POINT('',(1.411375674899E-02,-6.892643730329,25.));
#12135 = CARTESIAN_POINT('',(9.394985184986E-02,-6.765662462317,25.));
#12136 = CARTESIAN_POINT('',(0.141635370582,-6.551415344161,25.));
#12137 = VECTOR('',#12138,1.);
#12138 = DIRECTION('',(0.,0.,1.));
#12139 = ADVANCED_FACE('',(#12140),#12158,.T.);
#12140 = FACE_BOUND('',#12141,.T.);
#12141 = EDGE_LOOP('',(#12142,#12150,#12151,#12152));
#12142 = ORIENTED_EDGE('',*,*,#12143,.T.);
#12143 = EDGE_CURVE('',#12144,#11126,#12146,.T.);
#12144 = VERTEX_POINT('',#12145);
#12145 = CARTESIAN_POINT('',(-0.169468736046,-7.070552592,25.));
#12146 = LINE('',#12147,#12148);
#12147 = CARTESIAN_POINT('',(-0.169468736046,-7.070552592,25.));
#12148 = VECTOR('',#12149,1.);
#12149 = DIRECTION('',(-0.,-0.,-1.));
#12150 = ORIENTED_EDGE('',*,*,#11125,.T.);
#12151 = ORIENTED_EDGE('',*,*,#12117,.F.);
#12152 = ORIENTED_EDGE('',*,*,#12153,.F.);
#12153 = EDGE_CURVE('',#12144,#12118,#12154,.T.);
#12154 = B_SPLINE_CURVE_WITH_KNOTS('',2,(#12155,#12156,#12157),
  .UNSPECIFIED.,.F.,.F.,(3,3),(0.,1.),.PIECEWISE_BEZIER_KNOTS.);
#12155 = CARTESIAN_POINT('',(-0.169468736046,-7.070552592,25.));
#12156 = CARTESIAN_POINT('',(-6.572233835187E-02,-7.019489911885,25.));
#12157 = CARTESIAN_POINT('',(1.411375674899E-02,-6.892643730329,25.));
#12158 = SURFACE_OF_LINEAR_EXTRUSION('',#12159,#12163);
#12159 = B_SPLINE_CURVE_WITH_KNOTS('',2,(#12160,#12161,#12162),
  .UNSPECIFIED.,.F.,.F.,(3,3),(0.,1.),.PIECEWISE_BEZIER_KNOTS.);
#12160 = CARTESIAN_POINT('',(-0.169468736046,-7.070552592,25.));
#12161 = CARTESIAN_POINT('',(-6.572233835187E-02,-7.019489911885,25.));
#12162 = CARTESIAN_POINT('',(1.411375674899E-02,-6.892643730329,25.));
#12163 = VECTOR('',#12164,1.);
#12164 = DIRECTION('',(0.,0.,1.));
#12165 = ADVANCED_FACE('',(#12166),#12184,.T.);
#12166 = FACE_BOUND('',#12167,.T.);
#12167 = EDGE_LOOP('',(#12168,#12176,#12177,#12178));
#12168 = ORIENTED_EDGE('',*,*,#12169,.T.);
#12169 = EDGE_CURVE('',#12170,#11134,#12172,.T.);
#12170 = VERTEX_POINT('',#12171);
#12171 = CARTESIAN_POINT('',(-0.385336891666,-7.12148018566,25.));
#12172 = LINE('',#12173,#12174);
#12173 = CARTESIAN_POINT('',(-0.385336891666,-7.12148018566,25.));
#12174 = VECTOR('',#12175,1.);
#12175 = DIRECTION('',(-0.,-0.,-1.));
#12176 = ORIENTED_EDGE('',*,*,#11133,.T.);
#12177 = ORIENTED_EDGE('',*,*,#12143,.F.);
#12178 = ORIENTED_EDGE('',*,*,#12179,.F.);
#12179 = EDGE_CURVE('',#12170,#12144,#12180,.T.);
#12180 = B_SPLINE_CURVE_WITH_KNOTS('',2,(#12181,#12182,#12183),
  .UNSPECIFIED.,.F.,.F.,(3,3),(0.,1.),.PIECEWISE_BEZIER_KNOTS.);
#12181 = CARTESIAN_POINT('',(-0.385336891666,-7.12148018566,25.));
#12182 = CARTESIAN_POINT('',(-0.273215133741,-7.12148018566,25.));
#12183 = CARTESIAN_POINT('',(-0.169468736046,-7.070552592,25.));
#12184 = SURFACE_OF_LINEAR_EXTRUSION('',#12185,#12189);
#12185 = B_SPLINE_CURVE_WITH_KNOTS('',2,(#12186,#12187,#12188),
  .UNSPECIFIED.,.F.,.F.,(3,3),(0.,1.),.PIECEWISE_BEZIER_KNOTS.);
#12186 = CARTESIAN_POINT('',(-0.385336891666,-7.12148018566,25.));
#12187 = CARTESIAN_POINT('',(-0.273215133741,-7.12148018566,25.));
#12188 = CARTESIAN_POINT('',(-0.169468736046,-7.070552592,25.));
#12189 = VECTOR('',#12190,1.);
#12190 = DIRECTION('',(0.,0.,1.));
#12191 = ADVANCED_FACE('',(#12192),#12210,.T.);
#12192 = FACE_BOUND('',#12193,.T.);
#12193 = EDGE_LOOP('',(#12194,#12202,#12203,#12204));
#12194 = ORIENTED_EDGE('',*,*,#12195,.T.);
#12195 = EDGE_CURVE('',#12196,#11142,#12198,.T.);
#12196 = VERTEX_POINT('',#12197);
#12197 = CARTESIAN_POINT('',(-0.598098058813,-7.070552592,25.));
#12198 = LINE('',#12199,#12200);
#12199 = CARTESIAN_POINT('',(-0.598098058813,-7.070552592,25.));
#12200 = VECTOR('',#12201,1.);
#12201 = DIRECTION('',(-0.,-0.,-1.));
#12202 = ORIENTED_EDGE('',*,*,#11141,.T.);
#12203 = ORIENTED_EDGE('',*,*,#12169,.F.);
#12204 = ORIENTED_EDGE('',*,*,#12205,.F.);
#12205 = EDGE_CURVE('',#12196,#12170,#12206,.T.);
#12206 = B_SPLINE_CURVE_WITH_KNOTS('',2,(#12207,#12208,#12209),
  .UNSPECIFIED.,.F.,.F.,(3,3),(0.,1.),.PIECEWISE_BEZIER_KNOTS.);
#12207 = CARTESIAN_POINT('',(-0.598098058813,-7.070552592,25.));
#12208 = CARTESIAN_POINT('',(-0.495297266306,-7.12148018566,25.));
#12209 = CARTESIAN_POINT('',(-0.385336891666,-7.12148018566,25.));
#12210 = SURFACE_OF_LINEAR_EXTRUSION('',#12211,#12215);
#12211 = B_SPLINE_CURVE_WITH_KNOTS('',2,(#12212,#12213,#12214),
  .UNSPECIFIED.,.F.,.F.,(3,3),(0.,1.),.PIECEWISE_BEZIER_KNOTS.);
#12212 = CARTESIAN_POINT('',(-0.598098058813,-7.070552592,25.));
#12213 = CARTESIAN_POINT('',(-0.495297266306,-7.12148018566,25.));
#12214 = CARTESIAN_POINT('',(-0.385336891666,-7.12148018566,25.));
#12215 = VECTOR('',#12216,1.);
#12216 = DIRECTION('',(0.,0.,1.));
#12217 = ADVANCED_FACE('',(#12218),#12236,.T.);
#12218 = FACE_BOUND('',#12219,.T.);
#12219 = EDGE_LOOP('',(#12220,#12228,#12229,#12230));
#12220 = ORIENTED_EDGE('',*,*,#12221,.T.);
#12221 = EDGE_CURVE('',#12222,#11150,#12224,.T.);
#12222 = VERTEX_POINT('',#12223);
#12223 = CARTESIAN_POINT('',(-0.779654254778,-6.892643730329,25.));
#12224 = LINE('',#12225,#12226);
#12225 = CARTESIAN_POINT('',(-0.779654254778,-6.892643730329,25.));
#12226 = VECTOR('',#12227,1.);
#12227 = DIRECTION('',(-0.,-0.,-1.));
#12228 = ORIENTED_EDGE('',*,*,#11149,.T.);
#12229 = ORIENTED_EDGE('',*,*,#12195,.F.);
#12230 = ORIENTED_EDGE('',*,*,#12231,.F.);
#12231 = EDGE_CURVE('',#12222,#12196,#12232,.T.);
#12232 = B_SPLINE_CURVE_WITH_KNOTS('',2,(#12233,#12234,#12235),
  .UNSPECIFIED.,.F.,.F.,(3,3),(0.,1.),.PIECEWISE_BEZIER_KNOTS.);
#12233 = CARTESIAN_POINT('',(-0.779654254778,-6.892643730329,25.));
#12234 = CARTESIAN_POINT('',(-0.700763764865,-7.019489911885,25.));
#12235 = CARTESIAN_POINT('',(-0.598098058813,-7.070552592,25.));
#12236 = SURFACE_OF_LINEAR_EXTRUSION('',#12237,#12241);
#12237 = B_SPLINE_CURVE_WITH_KNOTS('',2,(#12238,#12239,#12240),
  .UNSPECIFIED.,.F.,.F.,(3,3),(0.,1.),.PIECEWISE_BEZIER_KNOTS.);
#12238 = CARTESIAN_POINT('',(-0.779654254778,-6.892643730329,25.));
#12239 = CARTESIAN_POINT('',(-0.700763764865,-7.019489911885,25.));
#12240 = CARTESIAN_POINT('',(-0.598098058813,-7.070552592,25.));
#12241 = VECTOR('',#12242,1.);
#12242 = DIRECTION('',(0.,0.,1.));
#12243 = ADVANCED_FACE('',(#12244),#12262,.T.);
#12244 = FACE_BOUND('',#12245,.T.);
#12245 = EDGE_LOOP('',(#12246,#12254,#12255,#12256));
#12246 = ORIENTED_EDGE('',*,*,#12247,.T.);
#12247 = EDGE_CURVE('',#12248,#11158,#12250,.T.);
#12248 = VERTEX_POINT('',#12249);
#12249 = CARTESIAN_POINT('',(-0.905149571781,-6.551415344161,25.));
#12250 = LINE('',#12251,#12252);
#12251 = CARTESIAN_POINT('',(-0.905149571781,-6.551415344161,25.));
#12252 = VECTOR('',#12253,1.);
#12253 = DIRECTION('',(-0.,-0.,-1.));
#12254 = ORIENTED_EDGE('',*,*,#11157,.T.);
#12255 = ORIENTED_EDGE('',*,*,#12221,.F.);
#12256 = ORIENTED_EDGE('',*,*,#12257,.F.);
#12257 = EDGE_CURVE('',#12248,#12222,#12258,.T.);
#12258 = B_SPLINE_CURVE_WITH_KNOTS('',2,(#12259,#12260,#12261),
  .UNSPECIFIED.,.F.,.F.,(3,3),(0.,1.),.PIECEWISE_BEZIER_KNOTS.);
#12259 = CARTESIAN_POINT('',(-0.905149571781,-6.551415344161,25.));
#12260 = CARTESIAN_POINT('',(-0.858409658237,-6.765662462317,25.));
#12261 = CARTESIAN_POINT('',(-0.779654254778,-6.892643730329,25.));
#12262 = SURFACE_OF_LINEAR_EXTRUSION('',#12263,#12267);
#12263 = B_SPLINE_CURVE_WITH_KNOTS('',2,(#12264,#12265,#12266),
  .UNSPECIFIED.,.F.,.F.,(3,3),(0.,1.),.PIECEWISE_BEZIER_KNOTS.);
#12264 = CARTESIAN_POINT('',(-0.905149571781,-6.551415344161,25.));
#12265 = CARTESIAN_POINT('',(-0.858409658237,-6.765662462317,25.));
#12266 = CARTESIAN_POINT('',(-0.779654254778,-6.892643730329,25.));
#12267 = VECTOR('',#12268,1.);
#12268 = DIRECTION('',(0.,0.,1.));
#12269 = ADVANCED_FACE('',(#12270),#12288,.T.);
#12270 = FACE_BOUND('',#12271,.T.);
#12271 = EDGE_LOOP('',(#12272,#12280,#12281,#12282));
#12272 = ORIENTED_EDGE('',*,*,#12273,.T.);
#12273 = EDGE_CURVE('',#12274,#11166,#12276,.T.);
#12274 = VERTEX_POINT('',#12275);
#12275 = CARTESIAN_POINT('',(-0.951754398871,-6.010529177014,25.));
#12276 = LINE('',#12277,#12278);
#12277 = CARTESIAN_POINT('',(-0.951754398871,-6.010529177014,25.));
#12278 = VECTOR('',#12279,1.);
#12279 = DIRECTION('',(-0.,-0.,-1.));
#12280 = ORIENTED_EDGE('',*,*,#11165,.T.);
#12281 = ORIENTED_EDGE('',*,*,#12247,.F.);
#12282 = ORIENTED_EDGE('',*,*,#12283,.F.);
#12283 = EDGE_CURVE('',#12274,#12248,#12284,.T.);
#12284 = B_SPLINE_CURVE_WITH_KNOTS('',2,(#12285,#12286,#12287),
  .UNSPECIFIED.,.F.,.F.,(3,3),(0.,1.),.PIECEWISE_BEZIER_KNOTS.);
#12285 = CARTESIAN_POINT('',(-0.951754398871,-6.010529177014,25.));
#12286 = CARTESIAN_POINT('',(-0.951754398871,-6.337168226006,25.));
#12287 = CARTESIAN_POINT('',(-0.905149571781,-6.551415344161,25.));
#12288 = SURFACE_OF_LINEAR_EXTRUSION('',#12289,#12293);
#12289 = B_SPLINE_CURVE_WITH_KNOTS('',2,(#12290,#12291,#12292),
  .UNSPECIFIED.,.F.,.F.,(3,3),(0.,1.),.PIECEWISE_BEZIER_KNOTS.);
#12290 = CARTESIAN_POINT('',(-0.951754398871,-6.010529177014,25.));
#12291 = CARTESIAN_POINT('',(-0.951754398871,-6.337168226006,25.));
#12292 = CARTESIAN_POINT('',(-0.905149571781,-6.551415344161,25.));
#12293 = VECTOR('',#12294,1.);
#12294 = DIRECTION('',(0.,0.,1.));
#12295 = ADVANCED_FACE('',(#12296),#12314,.T.);
#12296 = FACE_BOUND('',#12297,.T.);
#12297 = EDGE_LOOP('',(#12298,#12306,#12307,#12308));
#12298 = ORIENTED_EDGE('',*,*,#12299,.T.);
#12299 = EDGE_CURVE('',#12300,#11174,#12302,.T.);
#12300 = VERTEX_POINT('',#12301);
#12301 = CARTESIAN_POINT('',(-0.905149571781,-5.469643009867,25.));
#12302 = LINE('',#12303,#12304);
#12303 = CARTESIAN_POINT('',(-0.905149571781,-5.469643009867,25.));
#12304 = VECTOR('',#12305,1.);
#12305 = DIRECTION('',(-0.,-0.,-1.));
#12306 = ORIENTED_EDGE('',*,*,#11173,.T.);
#12307 = ORIENTED_EDGE('',*,*,#12273,.F.);
#12308 = ORIENTED_EDGE('',*,*,#12309,.F.);
#12309 = EDGE_CURVE('',#12300,#12274,#12310,.T.);
#12310 = B_SPLINE_CURVE_WITH_KNOTS('',2,(#12311,#12312,#12313),
  .UNSPECIFIED.,.F.,.F.,(3,3),(0.,1.),.PIECEWISE_BEZIER_KNOTS.);
#12311 = CARTESIAN_POINT('',(-0.905149571781,-5.469643009867,25.));
#12312 = CARTESIAN_POINT('',(-0.951754398871,-5.683890128023,25.));
#12313 = CARTESIAN_POINT('',(-0.951754398871,-6.010529177014,25.));
#12314 = SURFACE_OF_LINEAR_EXTRUSION('',#12315,#12319);
#12315 = B_SPLINE_CURVE_WITH_KNOTS('',2,(#12316,#12317,#12318),
  .UNSPECIFIED.,.F.,.F.,(3,3),(0.,1.),.PIECEWISE_BEZIER_KNOTS.);
#12316 = CARTESIAN_POINT('',(-0.905149571781,-5.469643009867,25.));
#12317 = CARTESIAN_POINT('',(-0.951754398871,-5.683890128023,25.));
#12318 = CARTESIAN_POINT('',(-0.951754398871,-6.010529177014,25.));
#12319 = VECTOR('',#12320,1.);
#12320 = DIRECTION('',(0.,0.,1.));
#12321 = ADVANCED_FACE('',(#12322),#12340,.T.);
#12322 = FACE_BOUND('',#12323,.T.);
#12323 = EDGE_LOOP('',(#12324,#12332,#12333,#12334));
#12324 = ORIENTED_EDGE('',*,*,#12325,.T.);
#12325 = EDGE_CURVE('',#12326,#11182,#12328,.T.);
#12326 = VERTEX_POINT('',#12327);
#12327 = CARTESIAN_POINT('',(-0.779654254778,-5.128549710156,25.));
#12328 = LINE('',#12329,#12330);
#12329 = CARTESIAN_POINT('',(-0.779654254778,-5.128549710156,25.));
#12330 = VECTOR('',#12331,1.);
#12331 = DIRECTION('',(-0.,-0.,-1.));
#12332 = ORIENTED_EDGE('',*,*,#11181,.T.);
#12333 = ORIENTED_EDGE('',*,*,#12299,.F.);
#12334 = ORIENTED_EDGE('',*,*,#12335,.F.);
#12335 = EDGE_CURVE('',#12326,#12300,#12336,.T.);
#12336 = B_SPLINE_CURVE_WITH_KNOTS('',2,(#12337,#12338,#12339),
  .UNSPECIFIED.,.F.,.F.,(3,3),(0.,1.),.PIECEWISE_BEZIER_KNOTS.);
#12337 = CARTESIAN_POINT('',(-0.779654254778,-5.128549710156,25.));
#12338 = CARTESIAN_POINT('',(-0.858409658237,-5.255395891712,25.));
#12339 = CARTESIAN_POINT('',(-0.905149571781,-5.469643009867,25.));
#12340 = SURFACE_OF_LINEAR_EXTRUSION('',#12341,#12345);
#12341 = B_SPLINE_CURVE_WITH_KNOTS('',2,(#12342,#12343,#12344),
  .UNSPECIFIED.,.F.,.F.,(3,3),(0.,1.),.PIECEWISE_BEZIER_KNOTS.);
#12342 = CARTESIAN_POINT('',(-0.779654254778,-5.128549710156,25.));
#12343 = CARTESIAN_POINT('',(-0.858409658237,-5.255395891712,25.));
#12344 = CARTESIAN_POINT('',(-0.905149571781,-5.469643009867,25.));
#12345 = VECTOR('',#12346,1.);
#12346 = DIRECTION('',(0.,0.,1.));
#12347 = ADVANCED_FACE('',(#12348),#12366,.T.);
#12348 = FACE_BOUND('',#12349,.T.);
#12349 = EDGE_LOOP('',(#12350,#12358,#12359,#12360));
#12350 = ORIENTED_EDGE('',*,*,#12351,.T.);
#12351 = EDGE_CURVE('',#12352,#11190,#12354,.T.);
#12352 = VERTEX_POINT('',#12353);
#12353 = CARTESIAN_POINT('',(-0.598098058813,-4.950640848484,25.));
#12354 = LINE('',#12355,#12356);
#12355 = CARTESIAN_POINT('',(-0.598098058813,-4.950640848484,25.));
#12356 = VECTOR('',#12357,1.);
#12357 = DIRECTION('',(-0.,-0.,-1.));
#12358 = ORIENTED_EDGE('',*,*,#11189,.T.);
#12359 = ORIENTED_EDGE('',*,*,#12325,.F.);
#12360 = ORIENTED_EDGE('',*,*,#12361,.F.);
#12361 = EDGE_CURVE('',#12352,#12326,#12362,.T.);
#12362 = B_SPLINE_CURVE_WITH_KNOTS('',2,(#12363,#12364,#12365),
  .UNSPECIFIED.,.F.,.F.,(3,3),(0.,1.),.PIECEWISE_BEZIER_KNOTS.);
#12363 = CARTESIAN_POINT('',(-0.598098058813,-4.950640848484,25.));
#12364 = CARTESIAN_POINT('',(-0.700763764865,-5.001568442144,25.));
#12365 = CARTESIAN_POINT('',(-0.779654254778,-5.128549710156,25.));
#12366 = SURFACE_OF_LINEAR_EXTRUSION('',#12367,#12371);
#12367 = B_SPLINE_CURVE_WITH_KNOTS('',2,(#12368,#12369,#12370),
  .UNSPECIFIED.,.F.,.F.,(3,3),(0.,1.),.PIECEWISE_BEZIER_KNOTS.);
#12368 = CARTESIAN_POINT('',(-0.598098058813,-4.950640848484,25.));
#12369 = CARTESIAN_POINT('',(-0.700763764865,-5.001568442144,25.));
#12370 = CARTESIAN_POINT('',(-0.779654254778,-5.128549710156,25.));
#12371 = VECTOR('',#12372,1.);
#12372 = DIRECTION('',(0.,0.,1.));
#12373 = ADVANCED_FACE('',(#12374),#12392,.T.);
#12374 = FACE_BOUND('',#12375,.T.);
#12375 = EDGE_LOOP('',(#12376,#12384,#12385,#12386));
#12376 = ORIENTED_EDGE('',*,*,#12377,.T.);
#12377 = EDGE_CURVE('',#12378,#11198,#12380,.T.);
#12378 = VERTEX_POINT('',#12379);
#12379 = CARTESIAN_POINT('',(-0.385336891666,-4.899578168369,25.));
#12380 = LINE('',#12381,#12382);
#12381 = CARTESIAN_POINT('',(-0.385336891666,-4.899578168369,25.));
#12382 = VECTOR('',#12383,1.);
#12383 = DIRECTION('',(-0.,-0.,-1.));
#12384 = ORIENTED_EDGE('',*,*,#11197,.T.);
#12385 = ORIENTED_EDGE('',*,*,#12351,.F.);
#12386 = ORIENTED_EDGE('',*,*,#12387,.F.);
#12387 = EDGE_CURVE('',#12378,#12352,#12388,.T.);
#12388 = B_SPLINE_CURVE_WITH_KNOTS('',2,(#12389,#12390,#12391),
  .UNSPECIFIED.,.F.,.F.,(3,3),(0.,1.),.PIECEWISE_BEZIER_KNOTS.);
#12389 = CARTESIAN_POINT('',(-0.385336891666,-4.899578168369,25.));
#12390 = CARTESIAN_POINT('',(-0.495297266306,-4.899578168369,25.));
#12391 = CARTESIAN_POINT('',(-0.598098058813,-4.950640848484,25.));
#12392 = SURFACE_OF_LINEAR_EXTRUSION('',#12393,#12397);
#12393 = B_SPLINE_CURVE_WITH_KNOTS('',2,(#12394,#12395,#12396),
  .UNSPECIFIED.,.F.,.F.,(3,3),(0.,1.),.PIECEWISE_BEZIER_KNOTS.);
#12394 = CARTESIAN_POINT('',(-0.385336891666,-4.899578168369,25.));
#12395 = CARTESIAN_POINT('',(-0.495297266306,-4.899578168369,25.));
#12396 = CARTESIAN_POINT('',(-0.598098058813,-4.950640848484,25.));
#12397 = VECTOR('',#12398,1.);
#12398 = DIRECTION('',(0.,0.,1.));
#12399 = ADVANCED_FACE('',(#12400),#12418,.T.);
#12400 = FACE_BOUND('',#12401,.T.);
#12401 = EDGE_LOOP('',(#12402,#12410,#12411,#12412));
#12402 = ORIENTED_EDGE('',*,*,#12403,.T.);
#12403 = EDGE_CURVE('',#12404,#11206,#12406,.T.);
#12404 = VERTEX_POINT('',#12405);
#12405 = CARTESIAN_POINT('',(-0.169468736046,-4.950640848484,25.));
#12406 = LINE('',#12407,#12408);
#12407 = CARTESIAN_POINT('',(-0.169468736046,-4.950640848484,25.));
#12408 = VECTOR('',#12409,1.);
#12409 = DIRECTION('',(-0.,-0.,-1.));
#12410 = ORIENTED_EDGE('',*,*,#11205,.T.);
#12411 = ORIENTED_EDGE('',*,*,#12377,.F.);
#12412 = ORIENTED_EDGE('',*,*,#12413,.F.);
#12413 = EDGE_CURVE('',#12404,#12378,#12414,.T.);
#12414 = B_SPLINE_CURVE_WITH_KNOTS('',2,(#12415,#12416,#12417),
  .UNSPECIFIED.,.F.,.F.,(3,3),(0.,1.),.PIECEWISE_BEZIER_KNOTS.);
#12415 = CARTESIAN_POINT('',(-0.169468736046,-4.950640848484,25.));
#12416 = CARTESIAN_POINT('',(-0.273215133741,-4.899578168369,25.));
#12417 = CARTESIAN_POINT('',(-0.385336891666,-4.899578168369,25.));
#12418 = SURFACE_OF_LINEAR_EXTRUSION('',#12419,#12423);
#12419 = B_SPLINE_CURVE_WITH_KNOTS('',2,(#12420,#12421,#12422),
  .UNSPECIFIED.,.F.,.F.,(3,3),(0.,1.),.PIECEWISE_BEZIER_KNOTS.);
#12420 = CARTESIAN_POINT('',(-0.169468736046,-4.950640848484,25.));
#12421 = CARTESIAN_POINT('',(-0.273215133741,-4.899578168369,25.));
#12422 = CARTESIAN_POINT('',(-0.385336891666,-4.899578168369,25.));
#12423 = VECTOR('',#12424,1.);
#12424 = DIRECTION('',(0.,0.,1.));
#12425 = ADVANCED_FACE('',(#12426),#12444,.T.);
#12426 = FACE_BOUND('',#12427,.T.);
#12427 = EDGE_LOOP('',(#12428,#12436,#12437,#12438));
#12428 = ORIENTED_EDGE('',*,*,#12429,.T.);
#12429 = EDGE_CURVE('',#12430,#11214,#12432,.T.);
#12430 = VERTEX_POINT('',#12431);
#12431 = CARTESIAN_POINT('',(1.411375674899E-02,-5.128549710156,25.));
#12432 = LINE('',#12433,#12434);
#12433 = CARTESIAN_POINT('',(1.411375674899E-02,-5.128549710156,25.));
#12434 = VECTOR('',#12435,1.);
#12435 = DIRECTION('',(-0.,-0.,-1.));
#12436 = ORIENTED_EDGE('',*,*,#11213,.T.);
#12437 = ORIENTED_EDGE('',*,*,#12403,.F.);
#12438 = ORIENTED_EDGE('',*,*,#12439,.F.);
#12439 = EDGE_CURVE('',#12430,#12404,#12440,.T.);
#12440 = B_SPLINE_CURVE_WITH_KNOTS('',2,(#12441,#12442,#12443),
  .UNSPECIFIED.,.F.,.F.,(3,3),(0.,1.),.PIECEWISE_BEZIER_KNOTS.);
#12441 = CARTESIAN_POINT('',(1.411375674899E-02,-5.128549710156,25.));
#12442 = CARTESIAN_POINT('',(-6.572233835187E-02,-5.001568442144,25.));
#12443 = CARTESIAN_POINT('',(-0.169468736046,-4.950640848484,25.));
#12444 = SURFACE_OF_LINEAR_EXTRUSION('',#12445,#12449);
#12445 = B_SPLINE_CURVE_WITH_KNOTS('',2,(#12446,#12447,#12448),
  .UNSPECIFIED.,.F.,.F.,(3,3),(0.,1.),.PIECEWISE_BEZIER_KNOTS.);
#12446 = CARTESIAN_POINT('',(1.411375674899E-02,-5.128549710156,25.));
#12447 = CARTESIAN_POINT('',(-6.572233835187E-02,-5.001568442144,25.));
#12448 = CARTESIAN_POINT('',(-0.169468736046,-4.950640848484,25.));
#12449 = VECTOR('',#12450,1.);
#12450 = DIRECTION('',(0.,0.,1.));
#12451 = ADVANCED_FACE('',(#12452),#12463,.T.);
#12452 = FACE_BOUND('',#12453,.T.);
#12453 = EDGE_LOOP('',(#12454,#12455,#12456,#12457));
#12454 = ORIENTED_EDGE('',*,*,#12067,.T.);
#12455 = ORIENTED_EDGE('',*,*,#11221,.T.);
#12456 = ORIENTED_EDGE('',*,*,#12429,.F.);
#12457 = ORIENTED_EDGE('',*,*,#12458,.F.);
#12458 = EDGE_CURVE('',#12068,#12430,#12459,.T.);
#12459 = B_SPLINE_CURVE_WITH_KNOTS('',2,(#12460,#12461,#12462),
  .UNSPECIFIED.,.F.,.F.,(3,3),(0.,1.),.PIECEWISE_BEZIER_KNOTS.);
#12460 = CARTESIAN_POINT('',(0.141635370582,-5.469643009867,25.));
#12461 = CARTESIAN_POINT('',(9.394985184986E-02,-5.255395891712,25.));
#12462 = CARTESIAN_POINT('',(1.411375674899E-02,-5.128549710156,25.));
#12463 = SURFACE_OF_LINEAR_EXTRUSION('',#12464,#12468);
#12464 = B_SPLINE_CURVE_WITH_KNOTS('',2,(#12465,#12466,#12467),
  .UNSPECIFIED.,.F.,.F.,(3,3),(0.,1.),.PIECEWISE_BEZIER_KNOTS.);
#12465 = CARTESIAN_POINT('',(0.141635370582,-5.469643009867,25.));
#12466 = CARTESIAN_POINT('',(9.394985184986E-02,-5.255395891712,25.));
#12467 = CARTESIAN_POINT('',(1.411375674899E-02,-5.128549710156,25.));
#12468 = VECTOR('',#12469,1.);
#12469 = DIRECTION('',(0.,0.,1.));
#12470 = ADVANCED_FACE('',(#12471),#12496,.T.);
#12471 = FACE_BOUND('',#12472,.T.);
#12472 = EDGE_LOOP('',(#12473,#12481,#12482,#12490));
#12473 = ORIENTED_EDGE('',*,*,#12474,.T.);
#12474 = EDGE_CURVE('',#12475,#11417,#12477,.T.);
#12475 = VERTEX_POINT('',#12476);
#12476 = CARTESIAN_POINT('',(-6.713974315786,0.864099869958,25.));
#12477 = LINE('',#12478,#12479);
#12478 = CARTESIAN_POINT('',(-6.713974315786,0.864099869958,25.));
#12479 = VECTOR('',#12480,1.);
#12480 = DIRECTION('',(-0.,-0.,-1.));
#12481 = ORIENTED_EDGE('',*,*,#11416,.T.);
#12482 = ORIENTED_EDGE('',*,*,#12483,.F.);
#12483 = EDGE_CURVE('',#12484,#11419,#12486,.T.);
#12484 = VERTEX_POINT('',#12485);
#12485 = CARTESIAN_POINT('',(-6.133102557861,0.864099869958,25.));
#12486 = LINE('',#12487,#12488);
#12487 = CARTESIAN_POINT('',(-6.133102557861,0.864099869958,25.));
#12488 = VECTOR('',#12489,1.);
#12489 = DIRECTION('',(-0.,-0.,-1.));
#12490 = ORIENTED_EDGE('',*,*,#12491,.F.);
#12491 = EDGE_CURVE('',#12475,#12484,#12492,.T.);
#12492 = LINE('',#12493,#12494);
#12493 = CARTESIAN_POINT('',(-6.713974315786,0.864099869958,25.));
#12494 = VECTOR('',#12495,1.);
#12495 = DIRECTION('',(1.,0.,0.));
#12496 = PLANE('',#12497);
#12497 = AXIS2_PLACEMENT_3D('',#12498,#12499,#12500);
#12498 = CARTESIAN_POINT('',(-6.713974315786,0.864099869958,25.));
#12499 = DIRECTION('',(0.,-1.,0.));
#12500 = DIRECTION('',(1.,0.,0.));
#12501 = ADVANCED_FACE('',(#12502),#12520,.T.);
#12502 = FACE_BOUND('',#12503,.T.);
#12503 = EDGE_LOOP('',(#12504,#12512,#12513,#12514));
#12504 = ORIENTED_EDGE('',*,*,#12505,.T.);
#12505 = EDGE_CURVE('',#12506,#11427,#12508,.T.);
#12506 = VERTEX_POINT('',#12507);
#12507 = CARTESIAN_POINT('',(-6.713974315786,2.52116038869,25.));
#12508 = LINE('',#12509,#12510);
#12509 = CARTESIAN_POINT('',(-6.713974315786,2.52116038869,25.));
#12510 = VECTOR('',#12511,1.);
#12511 = DIRECTION('',(-0.,-0.,-1.));
#12512 = ORIENTED_EDGE('',*,*,#11426,.T.);
#12513 = ORIENTED_EDGE('',*,*,#12474,.F.);
#12514 = ORIENTED_EDGE('',*,*,#12515,.F.);
#12515 = EDGE_CURVE('',#12506,#12475,#12516,.T.);
#12516 = LINE('',#12517,#12518);
#12517 = CARTESIAN_POINT('',(-6.713974315786,2.52116038869,25.));
#12518 = VECTOR('',#12519,1.);
#12519 = DIRECTION('',(0.,-1.,0.));
#12520 = PLANE('',#12521);
#12521 = AXIS2_PLACEMENT_3D('',#12522,#12523,#12524);
#12522 = CARTESIAN_POINT('',(-6.713974315786,2.52116038869,25.));
#12523 = DIRECTION('',(-1.,0.,0.));
#12524 = DIRECTION('',(0.,-1.,0.));
#12525 = ADVANCED_FACE('',(#12526),#12544,.T.);
#12526 = FACE_BOUND('',#12527,.T.);
#12527 = EDGE_LOOP('',(#12528,#12536,#12537,#12538));
#12528 = ORIENTED_EDGE('',*,*,#12529,.T.);
#12529 = EDGE_CURVE('',#12530,#11435,#12532,.T.);
#12530 = VERTEX_POINT('',#12531);
#12531 = CARTESIAN_POINT('',(-6.119143624143,2.52116038869,25.));
#12532 = LINE('',#12533,#12534);
#12533 = CARTESIAN_POINT('',(-6.119143624143,2.52116038869,25.));
#12534 = VECTOR('',#12535,1.);
#12535 = DIRECTION('',(-0.,-0.,-1.));
#12536 = ORIENTED_EDGE('',*,*,#11434,.T.);
#12537 = ORIENTED_EDGE('',*,*,#12505,.F.);
#12538 = ORIENTED_EDGE('',*,*,#12539,.F.);
#12539 = EDGE_CURVE('',#12530,#12506,#12540,.T.);
#12540 = LINE('',#12541,#12542);
#12541 = CARTESIAN_POINT('',(-6.119143624143,2.52116038869,25.));
#12542 = VECTOR('',#12543,1.);
#12543 = DIRECTION('',(-1.,0.,0.));
#12544 = PLANE('',#12545);
#12545 = AXIS2_PLACEMENT_3D('',#12546,#12547,#12548);
#12546 = CARTESIAN_POINT('',(-6.119143624143,2.52116038869,25.));
#12547 = DIRECTION('',(0.,1.,0.));
#12548 = DIRECTION('',(-1.,0.,0.));
#12549 = ADVANCED_FACE('',(#12550),#12568,.T.);
#12550 = FACE_BOUND('',#12551,.T.);
#12551 = EDGE_LOOP('',(#12552,#12560,#12561,#12562));
#12552 = ORIENTED_EDGE('',*,*,#12553,.T.);
#12553 = EDGE_CURVE('',#12554,#11443,#12556,.T.);
#12554 = VERTEX_POINT('',#12555);
#12555 = CARTESIAN_POINT('',(-5.353428566507,2.317404985232,25.));
#12556 = LINE('',#12557,#12558);
#12557 = CARTESIAN_POINT('',(-5.353428566507,2.317404985232,25.));
#12558 = VECTOR('',#12559,1.);
#12559 = DIRECTION('',(-0.,-0.,-1.));
#12560 = ORIENTED_EDGE('',*,*,#11442,.T.);
#12561 = ORIENTED_EDGE('',*,*,#12529,.F.);
#12562 = ORIENTED_EDGE('',*,*,#12563,.F.);
#12563 = EDGE_CURVE('',#12554,#12530,#12564,.T.);
#12564 = B_SPLINE_CURVE_WITH_KNOTS('',2,(#12565,#12566,#12567),
  .UNSPECIFIED.,.F.,.F.,(3,3),(0.,1.),.PIECEWISE_BEZIER_KNOTS.);
#12565 = CARTESIAN_POINT('',(-5.353428566507,2.317404985232,25.));
#12566 = CARTESIAN_POINT('',(-5.604013941146,2.52116038869,25.));
#12567 = CARTESIAN_POINT('',(-6.119143624143,2.52116038869,25.));
#12568 = SURFACE_OF_LINEAR_EXTRUSION('',#12569,#12573);
#12569 = B_SPLINE_CURVE_WITH_KNOTS('',2,(#12570,#12571,#12572),
  .UNSPECIFIED.,.F.,.F.,(3,3),(0.,1.),.PIECEWISE_BEZIER_KNOTS.);
#12570 = CARTESIAN_POINT('',(-5.353428566507,2.317404985232,25.));
#12571 = CARTESIAN_POINT('',(-5.604013941146,2.52116038869,25.));
#12572 = CARTESIAN_POINT('',(-6.119143624143,2.52116038869,25.));
#12573 = VECTOR('',#12574,1.);
#12574 = DIRECTION('',(0.,0.,1.));
#12575 = ADVANCED_FACE('',(#12576),#12594,.T.);
#12576 = FACE_BOUND('',#12577,.T.);
#12577 = EDGE_LOOP('',(#12578,#12586,#12587,#12588));
#12578 = ORIENTED_EDGE('',*,*,#12579,.T.);
#12579 = EDGE_CURVE('',#12580,#11451,#12582,.T.);
#12580 = VERTEX_POINT('',#12581);
#12581 = CARTESIAN_POINT('',(-5.102618047775,1.734056642293,25.));
#12582 = LINE('',#12583,#12584);
#12583 = CARTESIAN_POINT('',(-5.102618047775,1.734056642293,25.));
#12584 = VECTOR('',#12585,1.);
#12585 = DIRECTION('',(-0.,-0.,-1.));
#12586 = ORIENTED_EDGE('',*,*,#11450,.T.);
#12587 = ORIENTED_EDGE('',*,*,#12553,.F.);
#12588 = ORIENTED_EDGE('',*,*,#12589,.F.);
#12589 = EDGE_CURVE('',#12580,#12554,#12590,.T.);
#12590 = B_SPLINE_CURVE_WITH_KNOTS('',2,(#12591,#12592,#12593),
  .UNSPECIFIED.,.F.,.F.,(3,3),(0.,1.),.PIECEWISE_BEZIER_KNOTS.);
#12591 = CARTESIAN_POINT('',(-5.102618047775,1.734056642293,25.));
#12592 = CARTESIAN_POINT('',(-5.102618047775,2.113874725866,25.));
#12593 = CARTESIAN_POINT('',(-5.353428566507,2.317404985232,25.));
#12594 = SURFACE_OF_LINEAR_EXTRUSION('',#12595,#12599);
#12595 = B_SPLINE_CURVE_WITH_KNOTS('',2,(#12596,#12597,#12598),
  .UNSPECIFIED.,.F.,.F.,(3,3),(0.,1.),.PIECEWISE_BEZIER_KNOTS.);
#12596 = CARTESIAN_POINT('',(-5.102618047775,1.734056642293,25.));
#12597 = CARTESIAN_POINT('',(-5.102618047775,2.113874725866,25.));
#12598 = CARTESIAN_POINT('',(-5.353428566507,2.317404985232,25.));
#12599 = VECTOR('',#12600,1.);
#12600 = DIRECTION('',(0.,0.,1.));
#12601 = ADVANCED_FACE('',(#12602),#12620,.T.);
#12602 = FACE_BOUND('',#12603,.T.);
#12603 = EDGE_LOOP('',(#12604,#12612,#12613,#12614));
#12604 = ORIENTED_EDGE('',*,*,#12605,.T.);
#12605 = EDGE_CURVE('',#12606,#11459,#12608,.T.);
#12606 = VERTEX_POINT('',#12607);
#12607 = CARTESIAN_POINT('',(-5.164982961319,1.385308443445,25.));
#12608 = LINE('',#12609,#12610);
#12609 = CARTESIAN_POINT('',(-5.164982961319,1.385308443445,25.));
#12610 = VECTOR('',#12611,1.);
#12611 = DIRECTION('',(-0.,-0.,-1.));
#12612 = ORIENTED_EDGE('',*,*,#11458,.T.);
#12613 = ORIENTED_EDGE('',*,*,#12579,.F.);
#12614 = ORIENTED_EDGE('',*,*,#12615,.F.);
#12615 = EDGE_CURVE('',#12606,#12580,#12616,.T.);
#12616 = B_SPLINE_CURVE_WITH_KNOTS('',2,(#12617,#12618,#12619),
  .UNSPECIFIED.,.F.,.F.,(3,3),(0.,1.),.PIECEWISE_BEZIER_KNOTS.);
#12617 = CARTESIAN_POINT('',(-5.164982961319,1.385308443445,25.));
#12618 = CARTESIAN_POINT('',(-5.102618047775,1.544260172552,25.));
#12619 = CARTESIAN_POINT('',(-5.102618047775,1.734056642293,25.));
#12620 = SURFACE_OF_LINEAR_EXTRUSION('',#12621,#12625);
#12621 = B_SPLINE_CURVE_WITH_KNOTS('',2,(#12622,#12623,#12624),
  .UNSPECIFIED.,.F.,.F.,(3,3),(0.,1.),.PIECEWISE_BEZIER_KNOTS.);
#12622 = CARTESIAN_POINT('',(-5.164982961319,1.385308443445,25.));
#12623 = CARTESIAN_POINT('',(-5.102618047775,1.544260172552,25.));
#12624 = CARTESIAN_POINT('',(-5.102618047775,1.734056642293,25.));
#12625 = VECTOR('',#12626,1.);
#12626 = DIRECTION('',(0.,0.,1.));
#12627 = ADVANCED_FACE('',(#12628),#12646,.T.);
#12628 = FACE_BOUND('',#12629,.T.);
#12629 = EDGE_LOOP('',(#12630,#12638,#12639,#12640));
#12630 = ORIENTED_EDGE('',*,*,#12631,.T.);
#12631 = EDGE_CURVE('',#12632,#11467,#12634,.T.);
#12632 = VERTEX_POINT('',#12633);
#12633 = CARTESIAN_POINT('',(-5.353428566507,1.11085779503,25.));
#12634 = LINE('',#12635,#12636);
#12635 = CARTESIAN_POINT('',(-5.353428566507,1.11085779503,25.));
#12636 = VECTOR('',#12637,1.);
#12637 = DIRECTION('',(-0.,-0.,-1.));
#12638 = ORIENTED_EDGE('',*,*,#11466,.T.);
#12639 = ORIENTED_EDGE('',*,*,#12605,.F.);
#12640 = ORIENTED_EDGE('',*,*,#12641,.F.);
#12641 = EDGE_CURVE('',#12632,#12606,#12642,.T.);
#12642 = B_SPLINE_CURVE_WITH_KNOTS('',2,(#12643,#12644,#12645),
  .UNSPECIFIED.,.F.,.F.,(3,3),(0.,1.),.PIECEWISE_BEZIER_KNOTS.);
#12643 = CARTESIAN_POINT('',(-5.353428566507,1.11085779503,25.));
#12644 = CARTESIAN_POINT('',(-5.227122730772,1.226581858431,25.));
#12645 = CARTESIAN_POINT('',(-5.164982961319,1.385308443445,25.));
#12646 = SURFACE_OF_LINEAR_EXTRUSION('',#12647,#12651);
#12647 = B_SPLINE_CURVE_WITH_KNOTS('',2,(#12648,#12649,#12650),
  .UNSPECIFIED.,.F.,.F.,(3,3),(0.,1.),.PIECEWISE_BEZIER_KNOTS.);
#12648 = CARTESIAN_POINT('',(-5.353428566507,1.11085779503,25.));
#12649 = CARTESIAN_POINT('',(-5.227122730772,1.226581858431,25.));
#12650 = CARTESIAN_POINT('',(-5.164982961319,1.385308443445,25.));
#12651 = VECTOR('',#12652,1.);
#12652 = DIRECTION('',(0.,0.,1.));
#12653 = ADVANCED_FACE('',(#12654),#12672,.T.);
#12654 = FACE_BOUND('',#12655,.T.);
#12655 = EDGE_LOOP('',(#12656,#12664,#12665,#12666));
#12656 = ORIENTED_EDGE('',*,*,#12657,.T.);
#12657 = EDGE_CURVE('',#12658,#11475,#12660,.T.);
#12658 = VERTEX_POINT('',#12659);
#12659 = CARTESIAN_POINT('',(-5.674934330195,0.929616800794,25.));
#12660 = LINE('',#12661,#12662);
#12661 = CARTESIAN_POINT('',(-5.674934330195,0.929616800794,25.));
#12662 = VECTOR('',#12663,1.);
#12663 = DIRECTION('',(-0.,-0.,-1.));
#12664 = ORIENTED_EDGE('',*,*,#11474,.T.);
#12665 = ORIENTED_EDGE('',*,*,#12631,.F.);
#12666 = ORIENTED_EDGE('',*,*,#12667,.F.);
#12667 = EDGE_CURVE('',#12658,#12632,#12668,.T.);
#12668 = B_SPLINE_CURVE_WITH_KNOTS('',2,(#12669,#12670,#12671),
  .UNSPECIFIED.,.F.,.F.,(3,3),(0.,1.),.PIECEWISE_BEZIER_KNOTS.);
#12669 = CARTESIAN_POINT('',(-5.674934330195,0.929616800794,25.));
#12670 = CARTESIAN_POINT('',(-5.479509258149,0.995358875722,25.));
#12671 = CARTESIAN_POINT('',(-5.353428566507,1.11085779503,25.));
#12672 = SURFACE_OF_LINEAR_EXTRUSION('',#12673,#12677);
#12673 = B_SPLINE_CURVE_WITH_KNOTS('',2,(#12674,#12675,#12676),
  .UNSPECIFIED.,.F.,.F.,(3,3),(0.,1.),.PIECEWISE_BEZIER_KNOTS.);
#12674 = CARTESIAN_POINT('',(-5.674934330195,0.929616800794,25.));
#12675 = CARTESIAN_POINT('',(-5.479509258149,0.995358875722,25.));
#12676 = CARTESIAN_POINT('',(-5.353428566507,1.11085779503,25.));
#12677 = VECTOR('',#12678,1.);
#12678 = DIRECTION('',(0.,0.,1.));
#12679 = ADVANCED_FACE('',(#12680),#12691,.T.);
#12680 = FACE_BOUND('',#12681,.T.);
#12681 = EDGE_LOOP('',(#12682,#12683,#12684,#12685));
#12682 = ORIENTED_EDGE('',*,*,#12483,.T.);
#12683 = ORIENTED_EDGE('',*,*,#11482,.T.);
#12684 = ORIENTED_EDGE('',*,*,#12657,.F.);
#12685 = ORIENTED_EDGE('',*,*,#12686,.F.);
#12686 = EDGE_CURVE('',#12484,#12658,#12687,.T.);
#12687 = B_SPLINE_CURVE_WITH_KNOTS('',2,(#12688,#12689,#12690),
  .UNSPECIFIED.,.F.,.F.,(3,3),(0.,1.),.PIECEWISE_BEZIER_KNOTS.);
#12688 = CARTESIAN_POINT('',(-6.133102557861,0.864099869958,25.));
#12689 = CARTESIAN_POINT('',(-5.870359402241,0.864099869958,25.));
#12690 = CARTESIAN_POINT('',(-5.674934330195,0.929616800794,25.));
#12691 = SURFACE_OF_LINEAR_EXTRUSION('',#12692,#12696);
#12692 = B_SPLINE_CURVE_WITH_KNOTS('',2,(#12693,#12694,#12695),
  .UNSPECIFIED.,.F.,.F.,(3,3),(0.,1.),.PIECEWISE_BEZIER_KNOTS.);
#12693 = CARTESIAN_POINT('',(-6.133102557861,0.864099869958,25.));
#12694 = CARTESIAN_POINT('',(-5.870359402241,0.864099869958,25.));
#12695 = CARTESIAN_POINT('',(-5.674934330195,0.929616800794,25.));
#12696 = VECTOR('',#12697,1.);
#12697 = DIRECTION('',(0.,0.,1.));
#12698 = ADVANCED_FACE('',(#12699),#12724,.T.);
#12699 = FACE_BOUND('',#12700,.T.);
#12700 = EDGE_LOOP('',(#12701,#12709,#12710,#12718));
#12701 = ORIENTED_EDGE('',*,*,#12702,.T.);
#12702 = EDGE_CURVE('',#12703,#11553,#12705,.T.);
#12703 = VERTEX_POINT('',#12704);
#12704 = CARTESIAN_POINT('',(7.117077557413,1.224330417509,25.));
#12705 = LINE('',#12706,#12707);
#12706 = CARTESIAN_POINT('',(7.117077557413,1.224330417509,25.));
#12707 = VECTOR('',#12708,1.);
#12708 = DIRECTION('',(-0.,-0.,-1.));
#12709 = ORIENTED_EDGE('',*,*,#11552,.T.);
#12710 = ORIENTED_EDGE('',*,*,#12711,.F.);
#12711 = EDGE_CURVE('',#12712,#11555,#12714,.T.);
#12712 = VERTEX_POINT('',#12713);
#12713 = CARTESIAN_POINT('',(6.532603494012,1.013820691284,25.));
#12714 = LINE('',#12715,#12716);
#12715 = CARTESIAN_POINT('',(6.532603494012,1.013820691284,25.));
#12716 = VECTOR('',#12717,1.);
#12717 = DIRECTION('',(-0.,-0.,-1.));
#12718 = ORIENTED_EDGE('',*,*,#12719,.F.);
#12719 = EDGE_CURVE('',#12703,#12712,#12720,.T.);
#12720 = B_SPLINE_CURVE_WITH_KNOTS('',2,(#12721,#12722,#12723),
  .UNSPECIFIED.,.F.,.F.,(3,3),(0.,1.),.PIECEWISE_BEZIER_KNOTS.);
#12721 = CARTESIAN_POINT('',(7.117077557413,1.224330417509,25.));
#12722 = CARTESIAN_POINT('',(6.743563508421,1.224330417509,25.));
#12723 = CARTESIAN_POINT('',(6.532603494012,1.013820691284,25.));
#12724 = SURFACE_OF_LINEAR_EXTRUSION('',#12725,#12729);
#12725 = B_SPLINE_CURVE_WITH_KNOTS('',2,(#12726,#12727,#12728),
  .UNSPECIFIED.,.F.,.F.,(3,3),(0.,1.),.PIECEWISE_BEZIER_KNOTS.);
#12726 = CARTESIAN_POINT('',(7.117077557413,1.224330417509,25.));
#12727 = CARTESIAN_POINT('',(6.743563508421,1.224330417509,25.));
#12728 = CARTESIAN_POINT('',(6.532603494012,1.013820691284,25.));
#12729 = VECTOR('',#12730,1.);
#12730 = DIRECTION('',(0.,0.,1.));
#12731 = ADVANCED_FACE('',(#12732),#12750,.T.);
#12732 = FACE_BOUND('',#12733,.T.);
#12733 = EDGE_LOOP('',(#12734,#12742,#12743,#12744));
#12734 = ORIENTED_EDGE('',*,*,#12735,.T.);
#12735 = EDGE_CURVE('',#12736,#11563,#12738,.T.);
#12736 = VERTEX_POINT('',#12737);
#12737 = CARTESIAN_POINT('',(7.448939949344,1.160389495318,25.));
#12738 = LINE('',#12739,#12740);
#12739 = CARTESIAN_POINT('',(7.448939949344,1.160389495318,25.));
#12740 = VECTOR('',#12741,1.);
#12741 = DIRECTION('',(-0.,-0.,-1.));
#12742 = ORIENTED_EDGE('',*,*,#11562,.T.);
#12743 = ORIENTED_EDGE('',*,*,#12702,.F.);
#12744 = ORIENTED_EDGE('',*,*,#12745,.F.);
#12745 = EDGE_CURVE('',#12736,#12703,#12746,.T.);
#12746 = B_SPLINE_CURVE_WITH_KNOTS('',2,(#12747,#12748,#12749),
  .UNSPECIFIED.,.F.,.F.,(3,3),(0.,1.),.PIECEWISE_BEZIER_KNOTS.);
#12747 = CARTESIAN_POINT('',(7.448939949344,1.160389495318,25.));
#12748 = CARTESIAN_POINT('',(7.307324315338,1.224330417509,25.));
#12749 = CARTESIAN_POINT('',(7.117077557413,1.224330417509,25.));
#12750 = SURFACE_OF_LINEAR_EXTRUSION('',#12751,#12755);
#12751 = B_SPLINE_CURVE_WITH_KNOTS('',2,(#12752,#12753,#12754),
  .UNSPECIFIED.,.F.,.F.,(3,3),(0.,1.),.PIECEWISE_BEZIER_KNOTS.);
#12752 = CARTESIAN_POINT('',(7.448939949344,1.160389495318,25.));
#12753 = CARTESIAN_POINT('',(7.307324315338,1.224330417509,25.));
#12754 = CARTESIAN_POINT('',(7.117077557413,1.224330417509,25.));
#12755 = VECTOR('',#12756,1.);
#12756 = DIRECTION('',(0.,0.,1.));
#12757 = ADVANCED_FACE('',(#12758),#12776,.T.);
#12758 = FACE_BOUND('',#12759,.T.);
#12759 = EDGE_LOOP('',(#12760,#12768,#12769,#12770));
#12760 = ORIENTED_EDGE('',*,*,#12761,.T.);
#12761 = EDGE_CURVE('',#12762,#11571,#12764,.T.);
#12762 = VERTEX_POINT('',#12763);
#12763 = CARTESIAN_POINT('',(7.684215525712,0.986353112033,25.));
#12764 = LINE('',#12765,#12766);
#12765 = CARTESIAN_POINT('',(7.684215525712,0.986353112033,25.));
#12766 = VECTOR('',#12767,1.);
#12767 = DIRECTION('',(-0.,-0.,-1.));
#12768 = ORIENTED_EDGE('',*,*,#11570,.T.);
#12769 = ORIENTED_EDGE('',*,*,#12735,.F.);
#12770 = ORIENTED_EDGE('',*,*,#12771,.F.);
#12771 = EDGE_CURVE('',#12762,#12736,#12772,.T.);
#12772 = B_SPLINE_CURVE_WITH_KNOTS('',2,(#12773,#12774,#12775),
  .UNSPECIFIED.,.F.,.F.,(3,3),(0.,1.),.PIECEWISE_BEZIER_KNOTS.);
#12773 = CARTESIAN_POINT('',(7.684215525712,0.986353112033,25.));
#12774 = CARTESIAN_POINT('',(7.590780727442,1.096673717221,25.));
#12775 = CARTESIAN_POINT('',(7.448939949344,1.160389495318,25.));
#12776 = SURFACE_OF_LINEAR_EXTRUSION('',#12777,#12781);
#12777 = B_SPLINE_CURVE_WITH_KNOTS('',2,(#12778,#12779,#12780),
  .UNSPECIFIED.,.F.,.F.,(3,3),(0.,1.),.PIECEWISE_BEZIER_KNOTS.);
#12778 = CARTESIAN_POINT('',(7.684215525712,0.986353112033,25.));
#12779 = CARTESIAN_POINT('',(7.590780727442,1.096673717221,25.));
#12780 = CARTESIAN_POINT('',(7.448939949344,1.160389495318,25.));
#12781 = VECTOR('',#12782,1.);
#12782 = DIRECTION('',(0.,0.,1.));
#12783 = ADVANCED_FACE('',(#12784),#12802,.T.);
#12784 = FACE_BOUND('',#12785,.T.);
#12785 = EDGE_LOOP('',(#12786,#12794,#12795,#12796));
#12786 = ORIENTED_EDGE('',*,*,#12787,.T.);
#12787 = EDGE_CURVE('',#12788,#11579,#12790,.T.);
#12788 = VERTEX_POINT('',#12789);
#12789 = CARTESIAN_POINT('',(7.822453998335,0.729463702811,25.));
#12790 = LINE('',#12791,#12792);
#12791 = CARTESIAN_POINT('',(7.822453998335,0.729463702811,25.));
#12792 = VECTOR('',#12793,1.);
#12793 = DIRECTION('',(-0.,-0.,-1.));
#12794 = ORIENTED_EDGE('',*,*,#11578,.T.);
#12795 = ORIENTED_EDGE('',*,*,#12761,.F.);
#12796 = ORIENTED_EDGE('',*,*,#12797,.F.);
#12797 = EDGE_CURVE('',#12788,#12762,#12798,.T.);
#12798 = B_SPLINE_CURVE_WITH_KNOTS('',2,(#12799,#12800,#12801),
  .UNSPECIFIED.,.F.,.F.,(3,3),(0.,1.),.PIECEWISE_BEZIER_KNOTS.);
#12799 = CARTESIAN_POINT('',(7.822453998335,0.729463702811,25.));
#12800 = CARTESIAN_POINT('',(7.777650323983,0.876032506846,25.));
#12801 = CARTESIAN_POINT('',(7.684215525712,0.986353112033,25.));
#12802 = SURFACE_OF_LINEAR_EXTRUSION('',#12803,#12807);
#12803 = B_SPLINE_CURVE_WITH_KNOTS('',2,(#12804,#12805,#12806),
  .UNSPECIFIED.,.F.,.F.,(3,3),(0.,1.),.PIECEWISE_BEZIER_KNOTS.);
#12804 = CARTESIAN_POINT('',(7.822453998335,0.729463702811,25.));
#12805 = CARTESIAN_POINT('',(7.777650323983,0.876032506846,25.));
#12806 = CARTESIAN_POINT('',(7.684215525712,0.986353112033,25.));
#12807 = VECTOR('',#12808,1.);
#12808 = DIRECTION('',(0.,0.,1.));
#12809 = ADVANCED_FACE('',(#12810),#12828,.T.);
#12810 = FACE_BOUND('',#12811,.T.);
#12811 = EDGE_LOOP('',(#12812,#12820,#12821,#12822));
#12812 = ORIENTED_EDGE('',*,*,#12813,.T.);
#12813 = EDGE_CURVE('',#12814,#11587,#12816,.T.);
#12814 = VERTEX_POINT('',#12815);
#12815 = CARTESIAN_POINT('',(7.867482816779,0.417413990996,25.));
#12816 = LINE('',#12817,#12818);
#12817 = CARTESIAN_POINT('',(7.867482816779,0.417413990996,25.));
#12818 = VECTOR('',#12819,1.);
#12819 = DIRECTION('',(-0.,-0.,-1.));
#12820 = ORIENTED_EDGE('',*,*,#11586,.T.);
#12821 = ORIENTED_EDGE('',*,*,#12787,.F.);
#12822 = ORIENTED_EDGE('',*,*,#12823,.F.);
#12823 = EDGE_CURVE('',#12814,#12788,#12824,.T.);
#12824 = B_SPLINE_CURVE_WITH_KNOTS('',2,(#12825,#12826,#12827),
  .UNSPECIFIED.,.F.,.F.,(3,3),(0.,1.),.PIECEWISE_BEZIER_KNOTS.);
#12825 = CARTESIAN_POINT('',(7.867482816779,0.417413990996,25.));
#12826 = CARTESIAN_POINT('',(7.867482816779,0.582894898777,25.));
#12827 = CARTESIAN_POINT('',(7.822453998335,0.729463702811,25.));
#12828 = SURFACE_OF_LINEAR_EXTRUSION('',#12829,#12833);
#12829 = B_SPLINE_CURVE_WITH_KNOTS('',2,(#12830,#12831,#12832),
  .UNSPECIFIED.,.F.,.F.,(3,3),(0.,1.),.PIECEWISE_BEZIER_KNOTS.);
#12830 = CARTESIAN_POINT('',(7.867482816779,0.417413990996,25.));
#12831 = CARTESIAN_POINT('',(7.867482816779,0.582894898777,25.));
#12832 = CARTESIAN_POINT('',(7.822453998335,0.729463702811,25.));
#12833 = VECTOR('',#12834,1.);
#12834 = DIRECTION('',(0.,0.,1.));
#12835 = ADVANCED_FACE('',(#12836),#12854,.T.);
#12836 = FACE_BOUND('',#12837,.T.);
#12837 = EDGE_LOOP('',(#12838,#12846,#12847,#12848));
#12838 = ORIENTED_EDGE('',*,*,#12839,.T.);
#12839 = EDGE_CURVE('',#12840,#11595,#12842,.T.);
#12840 = VERTEX_POINT('',#12841);
#12841 = CARTESIAN_POINT('',(6.262880871534,0.417413990996,25.));
#12842 = LINE('',#12843,#12844);
#12843 = CARTESIAN_POINT('',(6.262880871534,0.417413990996,25.));
#12844 = VECTOR('',#12845,1.);
#12845 = DIRECTION('',(-0.,-0.,-1.));
#12846 = ORIENTED_EDGE('',*,*,#11594,.T.);
#12847 = ORIENTED_EDGE('',*,*,#12813,.F.);
#12848 = ORIENTED_EDGE('',*,*,#12849,.F.);
#12849 = EDGE_CURVE('',#12840,#12814,#12850,.T.);
#12850 = LINE('',#12851,#12852);
#12851 = CARTESIAN_POINT('',(6.262880871534,0.417413990996,25.));
#12852 = VECTOR('',#12853,1.);
#12853 = DIRECTION('',(1.,0.,0.));
#12854 = PLANE('',#12855);
#12855 = AXIS2_PLACEMENT_3D('',#12856,#12857,#12858);
#12856 = CARTESIAN_POINT('',(6.262880871534,0.417413990996,25.));
#12857 = DIRECTION('',(0.,-1.,0.));
#12858 = DIRECTION('',(1.,0.,0.));
#12859 = ADVANCED_FACE('',(#12860),#12871,.T.);
#12860 = FACE_BOUND('',#12861,.T.);
#12861 = EDGE_LOOP('',(#12862,#12863,#12864,#12865));
#12862 = ORIENTED_EDGE('',*,*,#12711,.T.);
#12863 = ORIENTED_EDGE('',*,*,#11602,.T.);
#12864 = ORIENTED_EDGE('',*,*,#12839,.F.);
#12865 = ORIENTED_EDGE('',*,*,#12866,.F.);
#12866 = EDGE_CURVE('',#12712,#12840,#12867,.T.);
#12867 = B_SPLINE_CURVE_WITH_KNOTS('',2,(#12868,#12869,#12870),
  .UNSPECIFIED.,.F.,.F.,(3,3),(0.,1.),.PIECEWISE_BEZIER_KNOTS.);
#12868 = CARTESIAN_POINT('',(6.532603494012,1.013820691284,25.));
#12869 = CARTESIAN_POINT('',(6.321643479603,0.803536109151,25.));
#12870 = CARTESIAN_POINT('',(6.262880871534,0.417413990996,25.));
#12871 = SURFACE_OF_LINEAR_EXTRUSION('',#12872,#12876);
#12872 = B_SPLINE_CURVE_WITH_KNOTS('',2,(#12873,#12874,#12875),
  .UNSPECIFIED.,.F.,.F.,(3,3),(0.,1.),.PIECEWISE_BEZIER_KNOTS.);
#12873 = CARTESIAN_POINT('',(6.532603494012,1.013820691284,25.));
#12874 = CARTESIAN_POINT('',(6.321643479603,0.803536109151,25.));
#12875 = CARTESIAN_POINT('',(6.262880871534,0.417413990996,25.));
#12876 = VECTOR('',#12877,1.);
#12877 = DIRECTION('',(0.,0.,1.));
#12878 = ADVANCED_FACE('',(#12879),#12897,.T.);
#12879 = FACE_BOUND('',#12880,.T.);
#12880 = EDGE_LOOP('',(#12881,#12882,#12883,#12884,#12885,#12886,#12887,
    #12888,#12889,#12890,#12891,#12892,#12893,#12894,#12895,#12896));
#12881 = ORIENTED_EDGE('',*,*,#11685,.T.);
#12882 = ORIENTED_EDGE('',*,*,#11659,.T.);
#12883 = ORIENTED_EDGE('',*,*,#12042,.T.);
#12884 = ORIENTED_EDGE('',*,*,#12023,.T.);
#12885 = ORIENTED_EDGE('',*,*,#11997,.T.);
#12886 = ORIENTED_EDGE('',*,*,#11971,.T.);
#12887 = ORIENTED_EDGE('',*,*,#11945,.T.);
#12888 = ORIENTED_EDGE('',*,*,#11919,.T.);
#12889 = ORIENTED_EDGE('',*,*,#11893,.T.);
#12890 = ORIENTED_EDGE('',*,*,#11867,.T.);
#12891 = ORIENTED_EDGE('',*,*,#11841,.T.);
#12892 = ORIENTED_EDGE('',*,*,#11815,.T.);
#12893 = ORIENTED_EDGE('',*,*,#11789,.T.);
#12894 = ORIENTED_EDGE('',*,*,#11763,.T.);
#12895 = ORIENTED_EDGE('',*,*,#11737,.T.);
#12896 = ORIENTED_EDGE('',*,*,#11711,.T.);
#12897 = PLANE('',#12898);
#12898 = AXIS2_PLACEMENT_3D('',#12899,#12900,#12901);
#12899 = CARTESIAN_POINT('',(-1.093952106032E-15,1.371473012632E-15,25.)
  );
#12900 = DIRECTION('',(0.,0.,1.));
#12901 = DIRECTION('',(1.,0.,0.));
#12902 = ADVANCED_FACE('',(#12903),#12921,.T.);
#12903 = FACE_BOUND('',#12904,.T.);
#12904 = EDGE_LOOP('',(#12905,#12906,#12907,#12908,#12909,#12910,#12911,
    #12912,#12913,#12914,#12915,#12916,#12917,#12918,#12919,#12920));
#12905 = ORIENTED_EDGE('',*,*,#12101,.T.);
#12906 = ORIENTED_EDGE('',*,*,#12075,.T.);
#12907 = ORIENTED_EDGE('',*,*,#12458,.T.);
#12908 = ORIENTED_EDGE('',*,*,#12439,.T.);
#12909 = ORIENTED_EDGE('',*,*,#12413,.T.);
#12910 = ORIENTED_EDGE('',*,*,#12387,.T.);
#12911 = ORIENTED_EDGE('',*,*,#12361,.T.);
#12912 = ORIENTED_EDGE('',*,*,#12335,.T.);
#12913 = ORIENTED_EDGE('',*,*,#12309,.T.);
#12914 = ORIENTED_EDGE('',*,*,#12283,.T.);
#12915 = ORIENTED_EDGE('',*,*,#12257,.T.);
#12916 = ORIENTED_EDGE('',*,*,#12231,.T.);
#12917 = ORIENTED_EDGE('',*,*,#12205,.T.);
#12918 = ORIENTED_EDGE('',*,*,#12179,.T.);
#12919 = ORIENTED_EDGE('',*,*,#12153,.T.);
#12920 = ORIENTED_EDGE('',*,*,#12127,.T.);
#12921 = PLANE('',#12922);
#12922 = AXIS2_PLACEMENT_3D('',#12923,#12924,#12925);
#12923 = CARTESIAN_POINT('',(-1.093952106032E-15,1.371473012632E-15,25.)
  );
#12924 = DIRECTION('',(0.,0.,1.));
#12925 = DIRECTION('',(1.,0.,0.));
#12926 = ADVANCED_FACE('',(#12927),#12938,.T.);
#12927 = FACE_BOUND('',#12928,.T.);
#12928 = EDGE_LOOP('',(#12929,#12930,#12931,#12932,#12933,#12934,#12935,
    #12936,#12937));
#12929 = ORIENTED_EDGE('',*,*,#12515,.T.);
#12930 = ORIENTED_EDGE('',*,*,#12491,.T.);
#12931 = ORIENTED_EDGE('',*,*,#12686,.T.);
#12932 = ORIENTED_EDGE('',*,*,#12667,.T.);
#12933 = ORIENTED_EDGE('',*,*,#12641,.T.);
#12934 = ORIENTED_EDGE('',*,*,#12615,.T.);
#12935 = ORIENTED_EDGE('',*,*,#12589,.T.);
#12936 = ORIENTED_EDGE('',*,*,#12563,.T.);
#12937 = ORIENTED_EDGE('',*,*,#12539,.T.);
#12938 = PLANE('',#12939);
#12939 = AXIS2_PLACEMENT_3D('',#12940,#12941,#12942);
#12940 = CARTESIAN_POINT('',(-1.093952106032E-15,1.371473012632E-15,25.)
  );
#12941 = DIRECTION('',(0.,0.,1.));
#12942 = DIRECTION('',(1.,0.,0.));
#12943 = ADVANCED_FACE('',(#12944),#12953,.T.);
#12944 = FACE_BOUND('',#12945,.T.);
#12945 = EDGE_LOOP('',(#12946,#12947,#12948,#12949,#12950,#12951,#12952)
  );
#12946 = ORIENTED_EDGE('',*,*,#12745,.T.);
#12947 = ORIENTED_EDGE('',*,*,#12719,.T.);
#12948 = ORIENTED_EDGE('',*,*,#12866,.T.);
#12949 = ORIENTED_EDGE('',*,*,#12849,.T.);
#12950 = ORIENTED_EDGE('',*,*,#12823,.T.);
#12951 = ORIENTED_EDGE('',*,*,#12797,.T.);
#12952 = ORIENTED_EDGE('',*,*,#12771,.T.);
#12953 = PLANE('',#12954);
#12954 = AXIS2_PLACEMENT_3D('',#12955,#12956,#12957);
#12955 = CARTESIAN_POINT('',(-1.093952106032E-15,1.371473012632E-15,25.)
  );
#12956 = DIRECTION('',(0.,0.,1.));
#12957 = DIRECTION('',(1.,0.,0.));
#12958 = ( GEOMETRIC_REPRESENTATION_CONTEXT(3) 
GLOBAL_UNCERTAINTY_ASSIGNED_CONTEXT((#12962)) 
GLOBAL_UNIT_ASSIGNED_CONTEXT((#12959,#12960,#12961)) 
REPRESENTATION_CONTEXT('Context #1',
  '3D Context with UNIT and UNCERTAINTY') );
#12959 = ( LENGTH_UNIT() NAMED_UNIT(*) SI_UNIT(.MILLI.,.METRE.) );
#12960 = ( NAMED_UNIT(*) PLANE_ANGLE_UNIT() SI_UNIT($,.RADIAN.) );
#12961 = ( NAMED_UNIT(*) SI_UNIT($,.STERADIAN.) SOLID_ANGLE_UNIT() );
#12962 = UNCERTAINTY_MEASURE_WITH_UNIT(LENGTH_MEASURE(5.E-07),#12959,
  'distance_accuracy_value','confusion accuracy');
#12963 = PRODUCT_RELATED_PRODUCT_CATEGORY('part',$,(#7));
#12964 = MECHANICAL_DESIGN_GEOMETRIC_PRESENTATION_REPRESENTATION('',(
    #12965),#12958);
#12965 = STYLED_ITEM('color',(#12966),#15);
#12966 = PRESENTATION_STYLE_ASSIGNMENT((#12967,#12973));
#12967 = SURFACE_STYLE_USAGE(.BOTH.,#12968);
#12968 = SURFACE_SIDE_STYLE('',(#12969));
#12969 = SURFACE_STYLE_FILL_AREA(#12970);
#12970 = FILL_AREA_STYLE('',(#12971));
#12971 = FILL_AREA_STYLE_COLOUR('',#12972);
#12972 = COLOUR_RGB('',0.678431390124,0.709803936702,0.741176476869);
#12973 = CURVE_STYLE('',#12974,POSITIVE_LENGTH_MEASURE(0.1),#12975);
#12974 = DRAUGHTING_PRE_DEFINED_CURVE_FONT('continuous');
#12975 = COLOUR_RGB('',9.803921802644E-02,9.803921802644E-02,
  9.803921802644E-02);
ENDSEC;
END-ISO-10303-21;
