ISO-10303-21;
HEADER;
FILE_DESCRIPTION(('FreeCAD Model'),'2;1');
FILE_NAME('Open CASCADE Shape Model','2026-08-28T12:26:09',(''),(''),
  'Open CASCADE STEP processor 7.8','FreeCAD','Unknown');
FILE_SCHEMA(('AUTOMOTIVE_DESIGN { 1 0 10303 214 1 1 1 1 }'));
ENDSEC;
DATA;
#1 = APPLICATION_PROTOCOL_DEFINITION('international standard',
  'automotive_design',2000,#2);
#2 = APPLICATION_CONTEXT(
  'core data for automotive mechanical design processes');
#3 = SHAPE_DEFINITION_REPRESENTATION(#4,#10);
#4 = PRODUCT_DEFINITION_SHAPE('','',#5);
#5 = PRODUCT_DEFINITION('design','',#6,#9);
#6 = PRODUCT_DEFINITION_FORMATION('','',#7);
#7 = PRODUCT('Half','Half','',(#8));
#8 = PRODUCT_CONTEXT('',#2,'mechanical');
#9 = PRODUCT_DEFINITION_CONTEXT('part definition',#2,'design');
#10 = ADVANCED_BREP_SHAPE_REPRESENTATION('',(#11,#15),#9937);
#11 = AXIS2_PLACEMENT_3D('',#12,#13,#14);
#12 = CARTESIAN_POINT('',(0.,0.,0.));
#13 = DIRECTION('',(0.,0.,1.));
#14 = DIRECTION('',(1.,0.,-0.));
#15 = MANIFOLD_SOLID_BREP('',#16);
#16 = CLOSED_SHELL('',(#17,#50,#76,#119,#2092,#2140,#2164,#2205,#2222,
    #2253,#2277,#2301,#2325,#2349,#2373,#2399,#2423,#2447,#2471,#2497,
    #2521,#2547,#2571,#2597,#2616,#2647,#2671,#2695,#2721,#2745,#2771,
    #2797,#2823,#2847,#2873,#2899,#2923,#2949,#2973,#2999,#3023,#3049,
    #3075,#3101,#3127,#3153,#3179,#3205,#3231,#3257,#3283,#3309,#3335,
    #3361,#3385,#3411,#3435,#3461,#3485,#3511,#3530,#3563,#3589,#3615,
    #3641,#3667,#3693,#3719,#3745,#3771,#3797,#3823,#3849,#3875,#3901,
    #3927,#3946,#3977,#4001,#4025,#4051,#4075,#4101,#4127,#4153,#4177,
    #4203,#4229,#4253,#4279,#4303,#4329,#4353,#4379,#4405,#4431,#4457,
    #4483,#4509,#4535,#4561,#4587,#4613,#4639,#4665,#4691,#4715,#4741,
    #4765,#4791,#4815,#4841,#4860,#4891,#4915,#4939,#4956,#4987,#5013,
    #5039,#5065,#5091,#5117,#5143,#5169,#5195,#5221,#5247,#5273,#5299,
    #5325,#5351,#5377,#5403,#5429,#5455,#5481,#5507,#5533,#5559,#5585,
    #5611,#5635,#5661,#5687,#5713,#5739,#5765,#5791,#5817,#5843,#5869,
    #5895,#5921,#5947,#5973,#5999,#6025,#6051,#6077,#6103,#6129,#6155,
    #6181,#6207,#6233,#6252,#6283,#6309,#6335,#6359,#6385,#6411,#6435,
    #6459,#6485,#6511,#6537,#6563,#6589,#6615,#6641,#6667,#6693,#6717,
    #6741,#6765,#6782,#6815,#6841,#6867,#6893,#6919,#6945,#6971,#6997,
    #7023,#7049,#7075,#7101,#7127,#7153,#7179,#7198,#7231,#7257,#7283,
    #7309,#7335,#7361,#7387,#7413,#7439,#7465,#7491,#7517,#7541,#7567,
    #7593,#7619,#7645,#7671,#7697,#7723,#7749,#7773,#7799,#7825,#7851,
    #7877,#7903,#7929,#7955,#7974,#8005,#8029,#8055,#8081,#8107,#8133,
    #8157,#8181,#8205,#8231,#8257,#8283,#8309,#8335,#8361,#8385,#8409,
    #8426,#8443,#8460,#8472,#8496,#8540,#8694,#8738,#8750,#8808,#8911,
    #8935,#9031,#9057,#9090,#9116,#9142,#9168,#9194,#9220,#9246,#9272,
    #9298,#9324,#9350,#9376,#9402,#9428,#9454,#9473,#9504,#9528,#9552,
    #9578,#9604,#9630,#9656,#9682,#9701,#9734,#9760,#9786,#9812,#9838,
    #9862,#9881,#9905,#9922));
#17 = ADVANCED_FACE('',(#18),#45,.T.);
#18 = FACE_BOUND('',#19,.F.);
#19 = EDGE_LOOP('',(#20,#30,#37,#38));
#20 = ORIENTED_EDGE('',*,*,#21,.T.);
#21 = EDGE_CURVE('',#22,#24,#26,.T.);
#22 = VERTEX_POINT('',#23);
#23 = CARTESIAN_POINT('',(20.,0.,0.));
#24 = VERTEX_POINT('',#25);
#25 = CARTESIAN_POINT('',(20.,0.,36.));
#26 = LINE('',#27,#28);
#27 = CARTESIAN_POINT('',(20.,0.,0.));
#28 = VECTOR('',#29,1.);
#29 = DIRECTION('',(0.,0.,1.));
#30 = ORIENTED_EDGE('',*,*,#31,.T.);
#31 = EDGE_CURVE('',#24,#24,#32,.T.);
#32 = CIRCLE('',#33,20.);
#33 = AXIS2_PLACEMENT_3D('',#34,#35,#36);
#34 = CARTESIAN_POINT('',(0.,0.,36.));
#35 = DIRECTION('',(0.,0.,1.));
#36 = DIRECTION('',(1.,0.,0.));
#37 = ORIENTED_EDGE('',*,*,#21,.F.);
#38 = ORIENTED_EDGE('',*,*,#39,.F.);
#39 = EDGE_CURVE('',#22,#22,#40,.T.);
#40 = CIRCLE('',#41,20.);
#41 = AXIS2_PLACEMENT_3D('',#42,#43,#44);
#42 = CARTESIAN_POINT('',(0.,0.,0.));
#43 = DIRECTION('',(0.,0.,1.));
#44 = DIRECTION('',(1.,0.,0.));
#45 = CYLINDRICAL_SURFACE('',#46,20.);
#46 = AXIS2_PLACEMENT_3D('',#47,#48,#49);
#47 = CARTESIAN_POINT('',(0.,0.,0.));
#48 = DIRECTION('',(-0.,-0.,-1.));
#49 = DIRECTION('',(1.,0.,0.));
#50 = ADVANCED_FACE('',(#51),#71,.T.);
#51 = FACE_BOUND('',#52,.T.);
#52 = EDGE_LOOP('',(#53,#62,#63,#64));
#53 = ORIENTED_EDGE('',*,*,#54,.F.);
#54 = EDGE_CURVE('',#24,#55,#57,.T.);
#55 = VERTEX_POINT('',#56);
#56 = CARTESIAN_POINT('',(16.,0.,40.));
#57 = CIRCLE('',#58,4.);
#58 = AXIS2_PLACEMENT_3D('',#59,#60,#61);
#59 = CARTESIAN_POINT('',(16.,0.,36.));
#60 = DIRECTION('',(0.,-1.,0.));
#61 = DIRECTION('',(1.,0.,0.));
#62 = ORIENTED_EDGE('',*,*,#31,.T.);
#63 = ORIENTED_EDGE('',*,*,#54,.T.);
#64 = ORIENTED_EDGE('',*,*,#65,.F.);
#65 = EDGE_CURVE('',#55,#55,#66,.T.);
#66 = CIRCLE('',#67,16.);
#67 = AXIS2_PLACEMENT_3D('',#68,#69,#70);
#68 = CARTESIAN_POINT('',(0.,0.,40.));
#69 = DIRECTION('',(0.,0.,1.));
#70 = DIRECTION('',(1.,0.,0.));
#71 = TOROIDAL_SURFACE('',#72,16.,4.);
#72 = AXIS2_PLACEMENT_3D('',#73,#74,#75);
#73 = CARTESIAN_POINT('',(0.,0.,36.));
#74 = DIRECTION('',(0.,0.,1.));
#75 = DIRECTION('',(1.,0.,0.));
#76 = ADVANCED_FACE('',(#77,#80),#114,.F.);
#77 = FACE_BOUND('',#78,.F.);
#78 = EDGE_LOOP('',(#79));
#79 = ORIENTED_EDGE('',*,*,#39,.T.);
#80 = FACE_BOUND('',#81,.F.);
#81 = EDGE_LOOP('',(#82,#92,#100,#108));
#82 = ORIENTED_EDGE('',*,*,#83,.T.);
#83 = EDGE_CURVE('',#84,#86,#88,.T.);
#84 = VERTEX_POINT('',#85);
#85 = CARTESIAN_POINT('',(-10.,-12.,0.));
#86 = VERTEX_POINT('',#87);
#87 = CARTESIAN_POINT('',(-10.,12.,0.));
#88 = LINE('',#89,#90);
#89 = CARTESIAN_POINT('',(-10.,-12.,0.));
#90 = VECTOR('',#91,1.);
#91 = DIRECTION('',(0.,1.,0.));
#92 = ORIENTED_EDGE('',*,*,#93,.T.);
#93 = EDGE_CURVE('',#86,#94,#96,.T.);
#94 = VERTEX_POINT('',#95);
#95 = CARTESIAN_POINT('',(10.,12.,0.));
#96 = LINE('',#97,#98);
#97 = CARTESIAN_POINT('',(-10.,12.,0.));
#98 = VECTOR('',#99,1.);
#99 = DIRECTION('',(1.,0.,0.));
#100 = ORIENTED_EDGE('',*,*,#101,.T.);
#101 = EDGE_CURVE('',#94,#102,#104,.T.);
#102 = VERTEX_POINT('',#103);
#103 = CARTESIAN_POINT('',(10.,-12.,0.));
#104 = LINE('',#105,#106);
#105 = CARTESIAN_POINT('',(10.,12.,0.));
#106 = VECTOR('',#107,1.);
#107 = DIRECTION('',(0.,-1.,0.));
#108 = ORIENTED_EDGE('',*,*,#109,.T.);
#109 = EDGE_CURVE('',#102,#84,#110,.T.);
#110 = LINE('',#111,#112);
#111 = CARTESIAN_POINT('',(10.,-12.,0.));
#112 = VECTOR('',#113,1.);
#113 = DIRECTION('',(-1.,0.,0.));
#114 = PLANE('',#115);
#115 = AXIS2_PLACEMENT_3D('',#116,#117,#118);
#116 = CARTESIAN_POINT('',(-1.09E-15,1.37E-15,0.));
#117 = DIRECTION('',(0.,0.,1.));
#118 = DIRECTION('',(1.,0.,0.));
#119 = ADVANCED_FACE('',(#120,#123,#253,#543,#673,#963,#997,#1399,#1569,
    #1699,#1941),#2087,.T.);
#120 = FACE_BOUND('',#121,.T.);
#121 = EDGE_LOOP('',(#122));
#122 = ORIENTED_EDGE('',*,*,#65,.T.);
#123 = FACE_BOUND('',#124,.T.);
#124 = EDGE_LOOP('',(#125,#135,#143,#151,#159,#167,#175,#183,#191,#199,
    #207,#215,#223,#231,#239,#247));
#125 = ORIENTED_EDGE('',*,*,#126,.T.);
#126 = EDGE_CURVE('',#127,#129,#131,.T.);
#127 = VERTEX_POINT('',#128);
#128 = CARTESIAN_POINT('',(-5.879361058745,-7.481441242379,40.));
#129 = VERTEX_POINT('',#130);
#130 = CARTESIAN_POINT('',(-5.879361058745,-7.101037784166,40.));
#131 = LINE('',#132,#133);
#132 = CARTESIAN_POINT('',(-5.879361058745,-7.481441242379,40.));
#133 = VECTOR('',#134,1.);
#134 = DIRECTION('',(0.,1.,0.));
#135 = ORIENTED_EDGE('',*,*,#136,.T.);
#136 = EDGE_CURVE('',#129,#137,#139,.T.);
#137 = VERTEX_POINT('',#138);
#138 = CARTESIAN_POINT('',(-5.271472009753,-7.101037784166,40.));
#139 = LINE('',#140,#141);
#140 = CARTESIAN_POINT('',(-5.879361058745,-7.101037784166,40.));
#141 = VECTOR('',#142,1.);
#142 = DIRECTION('',(1.,0.,0.));
#143 = ORIENTED_EDGE('',*,*,#144,.T.);
#144 = EDGE_CURVE('',#137,#145,#147,.T.);
#145 = VERTEX_POINT('',#146);
#146 = CARTESIAN_POINT('',(-5.271472009753,-5.349912063705,40.));
#147 = LINE('',#148,#149);
#148 = CARTESIAN_POINT('',(-5.271472009753,-7.101037784166,40.));
#149 = VECTOR('',#150,1.);
#150 = DIRECTION('',(0.,1.,0.));
#151 = ORIENTED_EDGE('',*,*,#152,.T.);
#152 = EDGE_CURVE('',#145,#153,#155,.T.);
#153 = VERTEX_POINT('',#154);
#154 = CARTESIAN_POINT('',(-5.265258032808,-5.13593511846,40.));
#155 = B_SPLINE_CURVE_WITH_KNOTS('',2,(#156,#157,#158),.UNSPECIFIED.,.F.
  ,.F.,(3,3),(0.,1.),.PIECEWISE_BEZIER_KNOTS.);
#156 = CARTESIAN_POINT('',(-5.271472009753,-5.349912063705,40.));
#157 = CARTESIAN_POINT('',(-5.271472009753,-5.248056876385,40.));
#158 = CARTESIAN_POINT('',(-5.265258032808,-5.13593511846,40.));
#159 = ORIENTED_EDGE('',*,*,#160,.T.);
#160 = EDGE_CURVE('',#153,#161,#163,.T.);
#161 = VERTEX_POINT('',#162);
#162 = CARTESIAN_POINT('',(-5.696724171137,-5.49675104065,40.));
#163 = LINE('',#164,#165);
#164 = CARTESIAN_POINT('',(-5.265258032808,-5.13593511846,40.));
#165 = VECTOR('',#166,1.);
#166 = DIRECTION('',(-0.767117699684,-0.641506379416,0.));
#167 = ORIENTED_EDGE('',*,*,#168,.T.);
#168 = EDGE_CURVE('',#161,#169,#171,.T.);
#169 = VERTEX_POINT('',#170);
#170 = CARTESIAN_POINT('',(-5.751839444912,-5.527956011832,40.));
#171 = B_SPLINE_CURVE_WITH_KNOTS('',2,(#172,#173,#174),.UNSPECIFIED.,.F.
  ,.F.,(3,3),(0.,1.),.PIECEWISE_BEZIER_KNOTS.);
#172 = CARTESIAN_POINT('',(-5.696724171137,-5.49675104065,40.));
#173 = CARTESIAN_POINT('',(-5.723741462203,-5.519580651601,40.));
#174 = CARTESIAN_POINT('',(-5.751839444912,-5.527956011832,40.));
#175 = ORIENTED_EDGE('',*,*,#176,.T.);
#176 = EDGE_CURVE('',#169,#177,#179,.T.);
#177 = VERTEX_POINT('',#178);
#178 = CARTESIAN_POINT('',(-5.806819632232,-5.536196285607,40.));
#179 = B_SPLINE_CURVE_WITH_KNOTS('',2,(#180,#181,#182),.UNSPECIFIED.,.F.
  ,.F.,(3,3),(0.,1.),.PIECEWISE_BEZIER_KNOTS.);
#180 = CARTESIAN_POINT('',(-5.751839444912,-5.527956011832,40.));
#181 = CARTESIAN_POINT('',(-5.779802341165,-5.536196285607,40.));
#182 = CARTESIAN_POINT('',(-5.806819632232,-5.536196285607,40.));
#183 = ORIENTED_EDGE('',*,*,#184,.T.);
#184 = EDGE_CURVE('',#177,#185,#187,.T.);
#185 = VERTEX_POINT('',#186);
#186 = CARTESIAN_POINT('',(-5.882603133673,-5.518635046414,40.));
#187 = B_SPLINE_CURVE_WITH_KNOTS('',2,(#188,#189,#190),.UNSPECIFIED.,.F.
  ,.F.,(3,3),(0.,1.),.PIECEWISE_BEZIER_KNOTS.);
#188 = CARTESIAN_POINT('',(-5.806819632232,-5.536196285607,40.));
#189 = CARTESIAN_POINT('',(-5.848291174018,-5.536196285607,40.));
#190 = CARTESIAN_POINT('',(-5.882603133673,-5.518635046414,40.));
#191 = ORIENTED_EDGE('',*,*,#192,.T.);
#192 = EDGE_CURVE('',#185,#193,#195,.T.);
#193 = VERTEX_POINT('',#194);
#194 = CARTESIAN_POINT('',(-5.933395640877,-5.478109109814,40.));
#195 = B_SPLINE_CURVE_WITH_KNOTS('',2,(#196,#197,#198),.UNSPECIFIED.,.F.
  ,.F.,(3,3),(0.,1.),.PIECEWISE_BEZIER_KNOTS.);
#196 = CARTESIAN_POINT('',(-5.882603133673,-5.518635046414,40.));
#197 = CARTESIAN_POINT('',(-5.916780006871,-5.500938720765,40.));
#198 = CARTESIAN_POINT('',(-5.933395640877,-5.478109109814,40.));
#199 = ORIENTED_EDGE('',*,*,#200,.T.);
#200 = EDGE_CURVE('',#193,#201,#203,.T.);
#201 = VERTEX_POINT('',#202);
#202 = CARTESIAN_POINT('',(-6.095229214364,-5.25629715016,40.));
#203 = LINE('',#204,#205);
#204 = CARTESIAN_POINT('',(-5.933395640877,-5.478109109814,40.));
#205 = VECTOR('',#206,1.);
#206 = DIRECTION('',(-0.589399655127,0.807841597428,0.));
#207 = ORIENTED_EDGE('',*,*,#208,.T.);
#208 = EDGE_CURVE('',#201,#209,#211,.T.);
#209 = VERTEX_POINT('',#210);
#210 = CARTESIAN_POINT('',(-5.180153565949,-4.477118475809,40.));
#211 = LINE('',#212,#213);
#212 = CARTESIAN_POINT('',(-6.095229214364,-5.25629715016,40.));
#213 = VECTOR('',#214,1.);
#214 = DIRECTION('',(0.76137884102,0.648307226897,0.));
#215 = ORIENTED_EDGE('',*,*,#216,.T.);
#216 = EDGE_CURVE('',#209,#217,#219,.T.);
#217 = VERTEX_POINT('',#218);
#218 = CARTESIAN_POINT('',(-4.758953998226,-4.477118475809,40.));
#219 = LINE('',#220,#221);
#220 = CARTESIAN_POINT('',(-5.180153565949,-4.477118475809,40.));
#221 = VECTOR('',#222,1.);
#222 = DIRECTION('',(1.,0.,0.));
#223 = ORIENTED_EDGE('',*,*,#224,.T.);
#224 = EDGE_CURVE('',#217,#225,#227,.T.);
#225 = VERTEX_POINT('',#226);
#226 = CARTESIAN_POINT('',(-4.758953998226,-7.101037784166,40.));
#227 = LINE('',#228,#229);
#228 = CARTESIAN_POINT('',(-4.758953998226,-4.477118475809,40.));
#229 = VECTOR('',#230,1.);
#230 = DIRECTION('',(0.,-1.,0.));
#231 = ORIENTED_EDGE('',*,*,#232,.T.);
#232 = EDGE_CURVE('',#225,#233,#235,.T.);
#233 = VERTEX_POINT('',#234);
#234 = CARTESIAN_POINT('',(-4.219418695632,-7.101037784166,40.));
#235 = LINE('',#236,#237);
#236 = CARTESIAN_POINT('',(-4.758953998226,-7.101037784166,40.));
#237 = VECTOR('',#238,1.);
#238 = DIRECTION('',(1.,0.,0.));
#239 = ORIENTED_EDGE('',*,*,#240,.T.);
#240 = EDGE_CURVE('',#233,#241,#243,.T.);
#241 = VERTEX_POINT('',#242);
#242 = CARTESIAN_POINT('',(-4.219418695632,-7.481441242379,40.));
#243 = LINE('',#244,#245);
#244 = CARTESIAN_POINT('',(-4.219418695632,-7.101037784166,40.));
#245 = VECTOR('',#246,1.);
#246 = DIRECTION('',(0.,-1.,0.));
#247 = ORIENTED_EDGE('',*,*,#248,.T.);
#248 = EDGE_CURVE('',#241,#127,#249,.T.);
#249 = LINE('',#250,#251);
#250 = CARTESIAN_POINT('',(-4.219418695632,-7.481441242379,40.));
#251 = VECTOR('',#252,1.);
#252 = DIRECTION('',(-1.,0.,0.));
#253 = FACE_BOUND('',#254,.T.);
#254 = EDGE_LOOP('',(#255,#265,#273,#281,#289,#297,#305,#313,#321,#329,
    #337,#345,#353,#361,#369,#377,#385,#393,#401,#409,#417,#425,#433,
    #441,#449,#457,#465,#473,#481,#489,#497,#505,#513,#521,#529,#537));
#255 = ORIENTED_EDGE('',*,*,#256,.T.);
#256 = EDGE_CURVE('',#257,#259,#261,.T.);
#257 = VERTEX_POINT('',#258);
#258 = CARTESIAN_POINT('',(-0.844283609177,-7.481441242379,40.));
#259 = VERTEX_POINT('',#260);
#260 = CARTESIAN_POINT('',(-1.356666534249,-7.481441242379,40.));
#261 = LINE('',#262,#263);
#262 = CARTESIAN_POINT('',(-0.844283609177,-7.481441242379,40.));
#263 = VECTOR('',#264,1.);
#264 = DIRECTION('',(-1.,0.,0.));
#265 = ORIENTED_EDGE('',*,*,#266,.T.);
#266 = EDGE_CURVE('',#259,#267,#269,.T.);
#267 = VERTEX_POINT('',#268);
#268 = CARTESIAN_POINT('',(-1.356666534249,-5.354640089641,40.));
#269 = LINE('',#270,#271);
#270 = CARTESIAN_POINT('',(-1.356666534249,-7.481441242379,40.));
#271 = VECTOR('',#272,1.);
#272 = DIRECTION('',(0.,1.,0.));
#273 = ORIENTED_EDGE('',*,*,#274,.T.);
#274 = EDGE_CURVE('',#267,#275,#277,.T.);
#275 = VERTEX_POINT('',#276);
#276 = CARTESIAN_POINT('',(-1.043401044335,-5.354640089641,40.));
#277 = LINE('',#278,#279);
#278 = CARTESIAN_POINT('',(-1.356666534249,-5.354640089641,40.));
#279 = VECTOR('',#280,1.);
#280 = DIRECTION('',(1.,0.,0.));
#281 = ORIENTED_EDGE('',*,*,#282,.T.);
#282 = EDGE_CURVE('',#275,#283,#285,.T.);
#283 = VERTEX_POINT('',#284);
#284 = CARTESIAN_POINT('',(-0.912637355575,-5.447984830275,40.));
#285 = B_SPLINE_CURVE_WITH_KNOTS('',2,(#286,#287,#288),.UNSPECIFIED.,.F.
  ,.F.,(3,3),(0.,1.),.PIECEWISE_BEZIER_KNOTS.);
#286 = CARTESIAN_POINT('',(-1.043401044335,-5.354640089641,40.));
#287 = CARTESIAN_POINT('',(-0.943842326756,-5.354640089641,40.));
#288 = CARTESIAN_POINT('',(-0.912637355575,-5.447984830275,40.));
#289 = ORIENTED_EDGE('',*,*,#290,.T.);
#290 = EDGE_CURVE('',#283,#291,#293,.T.);
#291 = VERTEX_POINT('',#292);
#292 = CARTESIAN_POINT('',(-0.879541174018,-5.605495637192,40.));
#293 = LINE('',#294,#295);
#294 = CARTESIAN_POINT('',(-0.912637355575,-5.447984830275,40.));
#295 = VECTOR('',#296,1.);
#296 = DIRECTION('',(0.205629772653,-0.978629856789,0.));
#297 = ORIENTED_EDGE('',*,*,#298,.T.);
#298 = EDGE_CURVE('',#291,#299,#301,.T.);
#299 = VERTEX_POINT('',#300);
#300 = CARTESIAN_POINT('',(-0.762286130791,-5.490942323071,40.));
#301 = B_SPLINE_CURVE_WITH_KNOTS('',2,(#302,#303,#304),.UNSPECIFIED.,.F.
  ,.F.,(3,3),(0.,1.),.PIECEWISE_BEZIER_KNOTS.);
#302 = CARTESIAN_POINT('',(-0.879541174018,-5.605495637192,40.));
#303 = CARTESIAN_POINT('',(-0.823480295056,-5.542950608373,40.));
#304 = CARTESIAN_POINT('',(-0.762286130791,-5.490942323071,40.));
#305 = ORIENTED_EDGE('',*,*,#306,.T.);
#306 = EDGE_CURVE('',#299,#307,#309,.T.);
#307 = VERTEX_POINT('',#308);
#308 = CARTESIAN_POINT('',(-0.631657528485,-5.401380003186,40.));
#309 = B_SPLINE_CURVE_WITH_KNOTS('',2,(#310,#311,#312),.UNSPECIFIED.,.F.
  ,.F.,(3,3),(0.,1.),.PIECEWISE_BEZIER_KNOTS.);
#310 = CARTESIAN_POINT('',(-0.762286130791,-5.490942323071,40.));
#311 = CARTESIAN_POINT('',(-0.701091966526,-5.438798951313,40.));
#312 = CARTESIAN_POINT('',(-0.631657528485,-5.401380003186,40.));
#313 = ORIENTED_EDGE('',*,*,#314,.T.);
#314 = EDGE_CURVE('',#307,#315,#317,.T.);
#315 = VERTEX_POINT('',#316);
#316 = CARTESIAN_POINT('',(-0.482251908889,-5.34194196284,40.));
#317 = B_SPLINE_CURVE_WITH_KNOTS('',2,(#318,#319,#320),.UNSPECIFIED.,.F.
  ,.F.,(3,3),(0.,1.),.PIECEWISE_BEZIER_KNOTS.);
#318 = CARTESIAN_POINT('',(-0.631657528485,-5.401380003186,40.));
#319 = CARTESIAN_POINT('',(-0.56208800399,-5.363825968604,40.));
#320 = CARTESIAN_POINT('',(-0.482251908889,-5.34194196284,40.));
#321 = ORIENTED_EDGE('',*,*,#322,.T.);
#322 = EDGE_CURVE('',#315,#323,#325,.T.);
#323 = VERTEX_POINT('',#324);
#324 = CARTESIAN_POINT('',(-0.306774603413,-5.320057957077,40.));
#325 = B_SPLINE_CURVE_WITH_KNOTS('',2,(#326,#327,#328),.UNSPECIFIED.,.F.
  ,.F.,(3,3),(0.,1.),.PIECEWISE_BEZIER_KNOTS.);
#326 = CARTESIAN_POINT('',(-0.482251908889,-5.34194196284,40.));
#327 = CARTESIAN_POINT('',(-0.402280727333,-5.320057957077,40.));
#328 = CARTESIAN_POINT('',(-0.306774603413,-5.320057957077,40.));
#329 = ORIENTED_EDGE('',*,*,#330,.T.);
#330 = EDGE_CURVE('',#323,#331,#333,.T.);
#331 = VERTEX_POINT('',#332);
#332 = CARTESIAN_POINT('',(2.418721214875E-02,-5.428802553618,40.));
#333 = B_SPLINE_CURVE_WITH_KNOTS('',2,(#334,#335,#336),.UNSPECIFIED.,.F.
  ,.F.,(3,3),(0.,1.),.PIECEWISE_BEZIER_KNOTS.);
#334 = CARTESIAN_POINT('',(-0.306774603413,-5.320057957077,40.));
#335 = CARTESIAN_POINT('',(-0.105495784969,-5.320057957077,40.));
#336 = CARTESIAN_POINT('',(2.418721214875E-02,-5.428802553618,40.));
#337 = ORIENTED_EDGE('',*,*,#338,.T.);
#338 = EDGE_CURVE('',#331,#339,#341,.T.);
#339 = VERTEX_POINT('',#340);
#340 = CARTESIAN_POINT('',(0.218171362005,-5.717752481572,40.));
#341 = B_SPLINE_CURVE_WITH_KNOTS('',2,(#342,#343,#344),.UNSPECIFIED.,.F.
  ,.F.,(3,3),(0.,1.),.PIECEWISE_BEZIER_KNOTS.);
#342 = CARTESIAN_POINT('',(2.418721214875E-02,-5.428802553618,40.));
#343 = CARTESIAN_POINT('',(0.153870209267,-5.53754715016,40.));
#344 = CARTESIAN_POINT('',(0.218171362005,-5.717752481572,40.));
#345 = ORIENTED_EDGE('',*,*,#346,.T.);
#346 = EDGE_CURVE('',#339,#347,#349,.T.);
#347 = VERTEX_POINT('',#348);
#348 = CARTESIAN_POINT('',(0.342585987365,-5.536601544973,40.));
#349 = B_SPLINE_CURVE_WITH_KNOTS('',2,(#350,#351,#352),.UNSPECIFIED.,.F.
  ,.F.,(3,3),(0.,1.),.PIECEWISE_BEZIER_KNOTS.);
#350 = CARTESIAN_POINT('',(0.218171362005,-5.717752481572,40.));
#351 = CARTESIAN_POINT('',(0.267883177567,-5.612114873503,40.));
#352 = CARTESIAN_POINT('',(0.342585987365,-5.536601544973,40.));
#353 = ORIENTED_EDGE('',*,*,#354,.T.);
#354 = EDGE_CURVE('',#347,#355,#357,.T.);
#355 = VERTEX_POINT('',#356);
#356 = CARTESIAN_POINT('',(0.506445857682,-5.413267611255,40.));
#357 = B_SPLINE_CURVE_WITH_KNOTS('',2,(#358,#359,#360),.UNSPECIFIED.,.F.
  ,.F.,(3,3),(0.,1.),.PIECEWISE_BEZIER_KNOTS.);
#358 = CARTESIAN_POINT('',(0.342585987365,-5.536601544973,40.));
#359 = CARTESIAN_POINT('',(0.417288797163,-5.460953129987,40.));
#360 = CARTESIAN_POINT('',(0.506445857682,-5.413267611255,40.));
#361 = ORIENTED_EDGE('',*,*,#362,.T.);
#362 = EDGE_CURVE('',#355,#363,#365,.T.);
#363 = VERTEX_POINT('',#364);
#364 = CARTESIAN_POINT('',(0.696377413878,-5.342887568028,40.));
#365 = B_SPLINE_CURVE_WITH_KNOTS('',2,(#366,#367,#368),.UNSPECIFIED.,.F.
  ,.F.,(3,3),(0.,1.),.PIECEWISE_BEZIER_KNOTS.);
#366 = CARTESIAN_POINT('',(0.506445857682,-5.413267611255,40.));
#367 = CARTESIAN_POINT('',(0.595738004656,-5.365582092523,40.));
#368 = CARTESIAN_POINT('',(0.696377413878,-5.342887568028,40.));
#369 = ORIENTED_EDGE('',*,*,#370,.T.);
#370 = EDGE_CURVE('',#363,#371,#373,.T.);
#371 = VERTEX_POINT('',#372);
#372 = CARTESIAN_POINT('',(0.898736923964,-5.320057957077,40.));
#373 = B_SPLINE_CURVE_WITH_KNOTS('',2,(#374,#375,#376),.UNSPECIFIED.,.F.
  ,.F.,(3,3),(0.,1.),.PIECEWISE_BEZIER_KNOTS.);
#374 = CARTESIAN_POINT('',(0.696377413878,-5.342887568028,40.));
#375 = CARTESIAN_POINT('',(0.7970168231,-5.320057957077,40.));
#376 = CARTESIAN_POINT('',(0.898736923964,-5.320057957077,40.));
#377 = ORIENTED_EDGE('',*,*,#378,.T.);
#378 = EDGE_CURVE('',#371,#379,#381,.T.);
#379 = VERTEX_POINT('',#380);
#380 = CARTESIAN_POINT('',(1.212002413878,-5.373957452754,40.));
#381 = B_SPLINE_CURVE_WITH_KNOTS('',2,(#382,#383,#384),.UNSPECIFIED.,.F.
  ,.F.,(3,3),(0.,1.),.PIECEWISE_BEZIER_KNOTS.);
#382 = CARTESIAN_POINT('',(0.898736923964,-5.320057957077,40.));
#383 = CARTESIAN_POINT('',(1.075024748172,-5.320057957077,40.));
#384 = CARTESIAN_POINT('',(1.212002413878,-5.373957452754,40.));
#385 = ORIENTED_EDGE('',*,*,#386,.T.);
#386 = EDGE_CURVE('',#379,#387,#389,.T.);
#387 = VERTEX_POINT('',#388);
#388 = CARTESIAN_POINT('',(1.442324820218,-5.531603346126,40.));
#389 = B_SPLINE_CURVE_WITH_KNOTS('',2,(#390,#391,#392),.UNSPECIFIED.,.F.
  ,.F.,(3,3),(0.,1.),.PIECEWISE_BEZIER_KNOTS.);
#390 = CARTESIAN_POINT('',(1.212002413878,-5.373957452754,40.));
#391 = CARTESIAN_POINT('',(1.348980079584,-5.427856948431,40.));
#392 = CARTESIAN_POINT('',(1.442324820218,-5.531603346126,40.));
#393 = ORIENTED_EDGE('',*,*,#394,.T.);
#394 = EDGE_CURVE('',#387,#395,#397,.T.);
#395 = VERTEX_POINT('',#396);
#396 = CARTESIAN_POINT('',(1.584435771227,-5.784755363417,40.));
#397 = B_SPLINE_CURVE_WITH_KNOTS('',2,(#398,#399,#400),.UNSPECIFIED.,.F.
  ,.F.,(3,3),(0.,1.),.PIECEWISE_BEZIER_KNOTS.);
#398 = CARTESIAN_POINT('',(1.442324820218,-5.531603346126,40.));
#399 = CARTESIAN_POINT('',(1.535669560852,-5.63534974382,40.));
#400 = CARTESIAN_POINT('',(1.584435771227,-5.784755363417,40.));
#401 = ORIENTED_EDGE('',*,*,#402,.T.);
#402 = EDGE_CURVE('',#395,#403,#405,.T.);
#403 = VERTEX_POINT('',#404);
#404 = CARTESIAN_POINT('',(1.633201981601,-6.126929354771,40.));
#405 = B_SPLINE_CURVE_WITH_KNOTS('',2,(#406,#407,#408),.UNSPECIFIED.,.F.
  ,.F.,(3,3),(0.,1.),.PIECEWISE_BEZIER_KNOTS.);
#406 = CARTESIAN_POINT('',(1.584435771227,-5.784755363417,40.));
#407 = CARTESIAN_POINT('',(1.633201981601,-5.934025896558,40.));
#408 = CARTESIAN_POINT('',(1.633201981601,-6.126929354771,40.));
#409 = ORIENTED_EDGE('',*,*,#410,.T.);
#410 = EDGE_CURVE('',#403,#411,#413,.T.);
#411 = VERTEX_POINT('',#412);
#412 = CARTESIAN_POINT('',(1.633201981601,-7.481441242379,40.));
#413 = LINE('',#414,#415);
#414 = CARTESIAN_POINT('',(1.633201981601,-6.126929354771,40.));
#415 = VECTOR('',#416,1.);
#416 = DIRECTION('',(0.,-1.,0.));
#417 = ORIENTED_EDGE('',*,*,#418,.T.);
#418 = EDGE_CURVE('',#411,#419,#421,.T.);
#419 = VERTEX_POINT('',#420);
#420 = CARTESIAN_POINT('',(1.120683970074,-7.481441242379,40.));
#421 = LINE('',#422,#423);
#422 = CARTESIAN_POINT('',(1.633201981601,-7.481441242379,40.));
#423 = VECTOR('',#424,1.);
#424 = DIRECTION('',(-1.,0.,0.));
#425 = ORIENTED_EDGE('',*,*,#426,.T.);
#426 = EDGE_CURVE('',#419,#427,#429,.T.);
#427 = VERTEX_POINT('',#428);
#428 = CARTESIAN_POINT('',(1.120683970074,-6.126524095405,40.));
#429 = LINE('',#430,#431);
#430 = CARTESIAN_POINT('',(1.120683970074,-7.481441242379,40.));
#431 = VECTOR('',#432,1.);
#432 = DIRECTION('',(0.,1.,0.));
#433 = ORIENTED_EDGE('',*,*,#434,.T.);
#434 = EDGE_CURVE('',#427,#435,#437,.T.);
#435 = VERTEX_POINT('',#436);
#436 = CARTESIAN_POINT('',(1.0313918231,-5.820553274079,40.));
#437 = B_SPLINE_CURVE_WITH_KNOTS('',2,(#438,#439,#440),.UNSPECIFIED.,.F.
  ,.F.,(3,3),(0.,1.),.PIECEWISE_BEZIER_KNOTS.);
#438 = CARTESIAN_POINT('',(1.120683970074,-6.126524095405,40.));
#439 = CARTESIAN_POINT('',(1.120683970074,-5.923218980131,40.));
#440 = CARTESIAN_POINT('',(1.0313918231,-5.820553274079,40.));
#441 = ORIENTED_EDGE('',*,*,#442,.T.);
#442 = EDGE_CURVE('',#435,#443,#445,.T.);
#443 = VERTEX_POINT('',#444);
#444 = CARTESIAN_POINT('',(0.770134618489,-5.717752481572,40.));
#445 = B_SPLINE_CURVE_WITH_KNOTS('',2,(#446,#447,#448),.UNSPECIFIED.,.F.
  ,.F.,(3,3),(0.,1.),.PIECEWISE_BEZIER_KNOTS.);
#446 = CARTESIAN_POINT('',(1.0313918231,-5.820553274079,40.));
#447 = CARTESIAN_POINT('',(0.942234762581,-5.717752481572,40.));
#448 = CARTESIAN_POINT('',(0.770134618489,-5.717752481572,40.));
#449 = ORIENTED_EDGE('',*,*,#450,.T.);
#450 = EDGE_CURVE('',#443,#451,#453,.T.);
#451 = VERTEX_POINT('',#452);
#452 = CARTESIAN_POINT('',(0.62370090091,-5.744769772639,40.));
#453 = B_SPLINE_CURVE_WITH_KNOTS('',2,(#454,#455,#456),.UNSPECIFIED.,.F.
  ,.F.,(3,3),(0.,1.),.PIECEWISE_BEZIER_KNOTS.);
#454 = CARTESIAN_POINT('',(0.770134618489,-5.717752481572,40.));
#455 = CARTESIAN_POINT('',(0.691244128575,-5.717752481572,40.));
#456 = CARTESIAN_POINT('',(0.62370090091,-5.744769772639,40.));
#457 = ORIENTED_EDGE('',*,*,#458,.T.);
#458 = EDGE_CURVE('',#451,#459,#461,.T.);
#459 = VERTEX_POINT('',#460);
#460 = CARTESIAN_POINT('',(0.505500252495,-5.822579570909,40.));
#461 = B_SPLINE_CURVE_WITH_KNOTS('',2,(#462,#463,#464),.UNSPECIFIED.,.F.
  ,.F.,(3,3),(0.,1.),.PIECEWISE_BEZIER_KNOTS.);
#462 = CARTESIAN_POINT('',(0.62370090091,-5.744769772639,40.));
#463 = CARTESIAN_POINT('',(0.556292759699,-5.77165197725,40.));
#464 = CARTESIAN_POINT('',(0.505500252495,-5.822579570909,40.));
#465 = ORIENTED_EDGE('',*,*,#466,.T.);
#466 = EDGE_CURVE('',#459,#467,#469,.T.);
#467 = VERTEX_POINT('',#468);
#468 = CARTESIAN_POINT('',(0.425664157394,-5.950236271198,40.));
#469 = B_SPLINE_CURVE_WITH_KNOTS('',2,(#470,#471,#472),.UNSPECIFIED.,.F.
  ,.F.,(3,3),(0.,1.),.PIECEWISE_BEZIER_KNOTS.);
#470 = CARTESIAN_POINT('',(0.505500252495,-5.822579570909,40.));
#471 = CARTESIAN_POINT('',(0.45470774529,-5.873372078114,40.));
#472 = CARTESIAN_POINT('',(0.425664157394,-5.950236271198,40.));
#473 = ORIENTED_EDGE('',*,*,#474,.T.);
#474 = EDGE_CURVE('',#467,#475,#477,.T.);
#475 = VERTEX_POINT('',#476);
#476 = CARTESIAN_POINT('',(0.396620569497,-6.126524095405,40.));
#477 = B_SPLINE_CURVE_WITH_KNOTS('',2,(#478,#479,#480),.UNSPECIFIED.,.F.
  ,.F.,(3,3),(0.,1.),.PIECEWISE_BEZIER_KNOTS.);
#478 = CARTESIAN_POINT('',(0.425664157394,-5.950236271198,40.));
#479 = CARTESIAN_POINT('',(0.396620569497,-6.026965377826,40.));
#480 = CARTESIAN_POINT('',(0.396620569497,-6.126524095405,40.));
#481 = ORIENTED_EDGE('',*,*,#482,.T.);
#482 = EDGE_CURVE('',#475,#483,#485,.T.);
#483 = VERTEX_POINT('',#484);
#484 = CARTESIAN_POINT('',(0.396620569497,-7.481441242379,40.));
#485 = LINE('',#486,#487);
#486 = CARTESIAN_POINT('',(0.396620569497,-6.126524095405,40.));
#487 = VECTOR('',#488,1.);
#488 = DIRECTION('',(0.,-1.,0.));
#489 = ORIENTED_EDGE('',*,*,#490,.T.);
#490 = EDGE_CURVE('',#483,#491,#493,.T.);
#491 = VERTEX_POINT('',#492);
#492 = CARTESIAN_POINT('',(-0.118058825315,-7.481441242379,40.));
#493 = LINE('',#494,#495);
#494 = CARTESIAN_POINT('',(0.396620569497,-7.481441242379,40.));
#495 = VECTOR('',#496,1.);
#496 = DIRECTION('',(-1.,0.,0.));
#497 = ORIENTED_EDGE('',*,*,#498,.T.);
#498 = EDGE_CURVE('',#491,#499,#501,.T.);
#499 = VERTEX_POINT('',#500);
#500 = CARTESIAN_POINT('',(-0.118058825315,-6.126524095405,40.));
#501 = LINE('',#502,#503);
#502 = CARTESIAN_POINT('',(-0.118058825315,-7.481441242379,40.));
#503 = VECTOR('',#504,1.);
#504 = DIRECTION('',(0.,1.,0.));
#505 = ORIENTED_EDGE('',*,*,#506,.T.);
#506 = EDGE_CURVE('',#499,#507,#509,.T.);
#507 = VERTEX_POINT('',#508);
#508 = CARTESIAN_POINT('',(-0.204108897361,-5.815284902322,40.));
#509 = B_SPLINE_CURVE_WITH_KNOTS('',2,(#510,#511,#512),.UNSPECIFIED.,.F.
  ,.F.,(3,3),(0.,1.),.PIECEWISE_BEZIER_KNOTS.);
#510 = CARTESIAN_POINT('',(-0.118058825315,-6.126524095405,40.));
#511 = CARTESIAN_POINT('',(-0.118058825315,-5.912817323071,40.));
#512 = CARTESIAN_POINT('',(-0.204108897361,-5.815284902322,40.));
#513 = ORIENTED_EDGE('',*,*,#514,.T.);
#514 = EDGE_CURVE('',#507,#515,#517,.T.);
#515 = VERTEX_POINT('',#516);
#516 = CARTESIAN_POINT('',(-0.458341606295,-5.717752481572,40.));
#517 = B_SPLINE_CURVE_WITH_KNOTS('',2,(#518,#519,#520),.UNSPECIFIED.,.F.
  ,.F.,(3,3),(0.,1.),.PIECEWISE_BEZIER_KNOTS.);
#518 = CARTESIAN_POINT('',(-0.204108897361,-5.815284902322,40.));
#519 = CARTESIAN_POINT('',(-0.290158969407,-5.717752481572,40.));
#520 = CARTESIAN_POINT('',(-0.458341606295,-5.717752481572,40.));
#521 = ORIENTED_EDGE('',*,*,#522,.T.);
#522 = EDGE_CURVE('',#515,#523,#525,.T.);
#523 = VERTEX_POINT('',#524);
#524 = CARTESIAN_POINT('',(-0.664753710041,-5.772867755348,40.));
#525 = B_SPLINE_CURVE_WITH_KNOTS('',2,(#526,#527,#528),.UNSPECIFIED.,.F.
  ,.F.,(3,3),(0.,1.),.PIECEWISE_BEZIER_KNOTS.);
#526 = CARTESIAN_POINT('',(-0.458341606295,-5.717752481572,40.));
#527 = CARTESIAN_POINT('',(-0.568301980935,-5.717752481572,40.));
#528 = CARTESIAN_POINT('',(-0.664753710041,-5.772867755348,40.));
#529 = ORIENTED_EDGE('',*,*,#530,.T.);
#530 = EDGE_CURVE('',#523,#531,#533,.T.);
#531 = VERTEX_POINT('',#532);
#532 = CARTESIAN_POINT('',(-0.844283609177,-5.923624239497,40.));
#533 = B_SPLINE_CURVE_WITH_KNOTS('',2,(#534,#535,#536),.UNSPECIFIED.,.F.
  ,.F.,(3,3),(0.,1.),.PIECEWISE_BEZIER_KNOTS.);
#534 = CARTESIAN_POINT('',(-0.664753710041,-5.772867755348,40.));
#535 = CARTESIAN_POINT('',(-0.761205439148,-5.827983029123,40.));
#536 = CARTESIAN_POINT('',(-0.844283609177,-5.923624239497,40.));
#537 = ORIENTED_EDGE('',*,*,#538,.T.);
#538 = EDGE_CURVE('',#531,#257,#539,.T.);
#539 = LINE('',#540,#541);
#540 = CARTESIAN_POINT('',(-0.844283609177,-5.923624239497,40.));
#541 = VECTOR('',#542,1.);
#542 = DIRECTION('',(0.,-1.,0.));
#543 = FACE_BOUND('',#544,.T.);
#544 = EDGE_LOOP('',(#545,#555,#563,#571,#579,#587,#595,#603,#611,#619,
    #627,#635,#643,#651,#659,#667));
#545 = ORIENTED_EDGE('',*,*,#546,.T.);
#546 = EDGE_CURVE('',#547,#549,#551,.T.);
#547 = VERTEX_POINT('',#548);
#548 = CARTESIAN_POINT('',(-1.815014877188,-5.298309037768,40.));
#549 = VERTEX_POINT('',#550);
#550 = CARTESIAN_POINT('',(-1.730856015517,-5.981441242379,40.));
#551 = B_SPLINE_CURVE_WITH_KNOTS('',2,(#552,#553,#554),.UNSPECIFIED.,.F.
  ,.F.,(3,3),(0.,1.),.PIECEWISE_BEZIER_KNOTS.);
#552 = CARTESIAN_POINT('',(-1.815014877188,-5.298309037768,40.));
#553 = CARTESIAN_POINT('',(-1.730856015517,-5.586853706356,40.));
#554 = CARTESIAN_POINT('',(-1.730856015517,-5.981441242379,40.));
#555 = ORIENTED_EDGE('',*,*,#556,.T.);
#556 = EDGE_CURVE('',#549,#557,#559,.T.);
#557 = VERTEX_POINT('',#558);
#558 = CARTESIAN_POINT('',(-1.815014877188,-6.663627841803,40.));
#559 = B_SPLINE_CURVE_WITH_KNOTS('',2,(#560,#561,#562),.UNSPECIFIED.,.F.
  ,.F.,(3,3),(0.,1.),.PIECEWISE_BEZIER_KNOTS.);
#560 = CARTESIAN_POINT('',(-1.730856015517,-5.981441242379,40.));
#561 = CARTESIAN_POINT('',(-1.730856015517,-6.373867395117,40.));
#562 = CARTESIAN_POINT('',(-1.815014877188,-6.663627841803,40.));
#563 = ORIENTED_EDGE('',*,*,#564,.T.);
#564 = EDGE_CURVE('',#557,#565,#567,.T.);
#565 = VERTEX_POINT('',#566);
#566 = CARTESIAN_POINT('',(-2.047363580358,-7.142239153042,40.));
#567 = B_SPLINE_CURVE_WITH_KNOTS('',2,(#568,#569,#570),.UNSPECIFIED.,.F.
  ,.F.,(3,3),(0.,1.),.PIECEWISE_BEZIER_KNOTS.);
#568 = CARTESIAN_POINT('',(-1.815014877188,-6.663627841803,40.));
#569 = CARTESIAN_POINT('',(-1.899038652405,-6.953253202033,40.));
#570 = CARTESIAN_POINT('',(-2.047363580358,-7.142239153042,40.));
#571 = ORIENTED_EDGE('',*,*,#572,.T.);
#572 = EDGE_CURVE('',#565,#573,#575,.T.);
#573 = VERTEX_POINT('',#574);
#574 = CARTESIAN_POINT('',(-2.398048018399,-7.423624239497,40.));
#575 = B_SPLINE_CURVE_WITH_KNOTS('',2,(#576,#577,#578),.UNSPECIFIED.,.F.
  ,.F.,(3,3),(0.,1.),.PIECEWISE_BEZIER_KNOTS.);
#576 = CARTESIAN_POINT('',(-2.047363580358,-7.142239153042,40.));
#577 = CARTESIAN_POINT('',(-2.195688508312,-7.331225104051,40.));
#578 = CARTESIAN_POINT('',(-2.398048018399,-7.423624239497,40.));
#579 = ORIENTED_EDGE('',*,*,#580,.T.);
#580 = EDGE_CURVE('',#573,#581,#583,.T.);
#581 = VERTEX_POINT('',#582);
#582 = CARTESIAN_POINT('',(-2.834782528485,-7.516023374944,40.));
#583 = B_SPLINE_CURVE_WITH_KNOTS('',2,(#584,#585,#586),.UNSPECIFIED.,.F.
  ,.F.,(3,3),(0.,1.),.PIECEWISE_BEZIER_KNOTS.);
#584 = CARTESIAN_POINT('',(-2.398048018399,-7.423624239497,40.));
#585 = CARTESIAN_POINT('',(-2.60027244203,-7.516023374944,40.));
#586 = CARTESIAN_POINT('',(-2.834782528485,-7.516023374944,40.));
#587 = ORIENTED_EDGE('',*,*,#588,.T.);
#588 = EDGE_CURVE('',#581,#589,#591,.T.);
#589 = VERTEX_POINT('',#590);
#590 = CARTESIAN_POINT('',(-3.269490741742,-7.423624239497,40.));
#591 = B_SPLINE_CURVE_WITH_KNOTS('',2,(#592,#593,#594),.UNSPECIFIED.,.F.
  ,.F.,(3,3),(0.,1.),.PIECEWISE_BEZIER_KNOTS.);
#592 = CARTESIAN_POINT('',(-2.834782528485,-7.516023374944,40.));
#593 = CARTESIAN_POINT('',(-3.069292614941,-7.516023374944,40.));
#594 = CARTESIAN_POINT('',(-3.269490741742,-7.423624239497,40.));
#595 = ORIENTED_EDGE('',*,*,#596,.T.);
#596 = EDGE_CURVE('',#589,#597,#599,.T.);
#597 = VERTEX_POINT('',#598);
#598 = CARTESIAN_POINT('',(-3.617068191309,-7.142239153042,40.));
#599 = B_SPLINE_CURVE_WITH_KNOTS('',2,(#600,#601,#602),.UNSPECIFIED.,.F.
  ,.F.,(3,3),(0.,1.),.PIECEWISE_BEZIER_KNOTS.);
#600 = CARTESIAN_POINT('',(-3.269490741742,-7.423624239497,40.));
#601 = CARTESIAN_POINT('',(-3.469688868543,-7.331225104051,40.));
#602 = CARTESIAN_POINT('',(-3.617068191309,-7.142239153042,40.));
#603 = ORIENTED_EDGE('',*,*,#604,.T.);
#604 = EDGE_CURVE('',#597,#605,#607,.T.);
#605 = VERTEX_POINT('',#606);
#606 = CARTESIAN_POINT('',(-3.84739059765,-6.663627841803,40.));
#607 = B_SPLINE_CURVE_WITH_KNOTS('',2,(#608,#609,#610),.UNSPECIFIED.,.F.
  ,.F.,(3,3),(0.,1.),.PIECEWISE_BEZIER_KNOTS.);
#608 = CARTESIAN_POINT('',(-3.617068191309,-7.142239153042,40.));
#609 = CARTESIAN_POINT('',(-3.764312427621,-6.953253202033,40.));
#610 = CARTESIAN_POINT('',(-3.84739059765,-6.663627841803,40.));
#611 = ORIENTED_EDGE('',*,*,#612,.T.);
#612 = EDGE_CURVE('',#605,#613,#615,.T.);
#613 = VERTEX_POINT('',#614);
#614 = CARTESIAN_POINT('',(-3.930333681223,-5.981441242379,40.));
#615 = B_SPLINE_CURVE_WITH_KNOTS('',2,(#616,#617,#618),.UNSPECIFIED.,.F.
  ,.F.,(3,3),(0.,1.),.PIECEWISE_BEZIER_KNOTS.);
#616 = CARTESIAN_POINT('',(-3.84739059765,-6.663627841803,40.));
#617 = CARTESIAN_POINT('',(-3.930333681223,-6.373867395117,40.));
#618 = CARTESIAN_POINT('',(-3.930333681223,-5.981441242379,40.));
#619 = ORIENTED_EDGE('',*,*,#620,.T.);
#620 = EDGE_CURVE('',#613,#621,#623,.T.);
#621 = VERTEX_POINT('',#622);
#622 = CARTESIAN_POINT('',(-3.84739059765,-5.298309037768,40.));
#623 = B_SPLINE_CURVE_WITH_KNOTS('',2,(#624,#625,#626),.UNSPECIFIED.,.F.
  ,.F.,(3,3),(0.,1.),.PIECEWISE_BEZIER_KNOTS.);
#624 = CARTESIAN_POINT('',(-3.930333681223,-5.981441242379,40.));
#625 = CARTESIAN_POINT('',(-3.930333681223,-5.586853706356,40.));
#626 = CARTESIAN_POINT('',(-3.84739059765,-5.298309037768,40.));
#627 = ORIENTED_EDGE('',*,*,#628,.T.);
#628 = EDGE_CURVE('',#621,#629,#631,.T.);
#629 = VERTEX_POINT('',#630);
#630 = CARTESIAN_POINT('',(-3.617068191309,-4.820643331716,40.));
#631 = B_SPLINE_CURVE_WITH_KNOTS('',2,(#632,#633,#634),.UNSPECIFIED.,.F.
  ,.F.,(3,3),(0.,1.),.PIECEWISE_BEZIER_KNOTS.);
#632 = CARTESIAN_POINT('',(-3.84739059765,-5.298309037768,40.));
#633 = CARTESIAN_POINT('',(-3.764312427621,-5.009629282725,40.));
#634 = CARTESIAN_POINT('',(-3.617068191309,-4.820643331716,40.));
#635 = ORIENTED_EDGE('',*,*,#636,.T.);
#636 = EDGE_CURVE('',#629,#637,#639,.T.);
#637 = VERTEX_POINT('',#638);
#638 = CARTESIAN_POINT('',(-3.269490741742,-4.539258245261,40.));
#639 = B_SPLINE_CURVE_WITH_KNOTS('',2,(#640,#641,#642),.UNSPECIFIED.,.F.
  ,.F.,(3,3),(0.,1.),.PIECEWISE_BEZIER_KNOTS.);
#640 = CARTESIAN_POINT('',(-3.617068191309,-4.820643331716,40.));
#641 = CARTESIAN_POINT('',(-3.469688868543,-4.631657380708,40.));
#642 = CARTESIAN_POINT('',(-3.269490741742,-4.539258245261,40.));
#643 = ORIENTED_EDGE('',*,*,#644,.T.);
#644 = EDGE_CURVE('',#637,#645,#647,.T.);
#645 = VERTEX_POINT('',#646);
#646 = CARTESIAN_POINT('',(-2.834782528485,-4.446859109814,40.));
#647 = B_SPLINE_CURVE_WITH_KNOTS('',2,(#648,#649,#650),.UNSPECIFIED.,.F.
  ,.F.,(3,3),(0.,1.),.PIECEWISE_BEZIER_KNOTS.);
#648 = CARTESIAN_POINT('',(-3.269490741742,-4.539258245261,40.));
#649 = CARTESIAN_POINT('',(-3.069292614941,-4.446859109814,40.));
#650 = CARTESIAN_POINT('',(-2.834782528485,-4.446859109814,40.));
#651 = ORIENTED_EDGE('',*,*,#652,.T.);
#652 = EDGE_CURVE('',#645,#653,#655,.T.);
#653 = VERTEX_POINT('',#654);
#654 = CARTESIAN_POINT('',(-2.398048018399,-4.539258245261,40.));
#655 = B_SPLINE_CURVE_WITH_KNOTS('',2,(#656,#657,#658),.UNSPECIFIED.,.F.
  ,.F.,(3,3),(0.,1.),.PIECEWISE_BEZIER_KNOTS.);
#656 = CARTESIAN_POINT('',(-2.834782528485,-4.446859109814,40.));
#657 = CARTESIAN_POINT('',(-2.60027244203,-4.446859109814,40.));
#658 = CARTESIAN_POINT('',(-2.398048018399,-4.539258245261,40.));
#659 = ORIENTED_EDGE('',*,*,#660,.T.);
#660 = EDGE_CURVE('',#653,#661,#663,.T.);
#661 = VERTEX_POINT('',#662);
#662 = CARTESIAN_POINT('',(-2.047363580358,-4.820643331716,40.));
#663 = B_SPLINE_CURVE_WITH_KNOTS('',2,(#664,#665,#666),.UNSPECIFIED.,.F.
  ,.F.,(3,3),(0.,1.),.PIECEWISE_BEZIER_KNOTS.);
#664 = CARTESIAN_POINT('',(-2.398048018399,-4.539258245261,40.));
#665 = CARTESIAN_POINT('',(-2.195688508312,-4.631657380708,40.));
#666 = CARTESIAN_POINT('',(-2.047363580358,-4.820643331716,40.));
#667 = ORIENTED_EDGE('',*,*,#668,.T.);
#668 = EDGE_CURVE('',#661,#547,#669,.T.);
#669 = B_SPLINE_CURVE_WITH_KNOTS('',2,(#670,#671,#672),.UNSPECIFIED.,.F.
  ,.F.,(3,3),(0.,1.),.PIECEWISE_BEZIER_KNOTS.);
#670 = CARTESIAN_POINT('',(-2.047363580358,-4.820643331716,40.));
#671 = CARTESIAN_POINT('',(-1.899038652405,-5.009629282725,40.));
#672 = CARTESIAN_POINT('',(-1.815014877188,-5.298309037768,40.));
#673 = FACE_BOUND('',#674,.T.);
#674 = EDGE_LOOP('',(#675,#685,#693,#701,#709,#717,#725,#733,#741,#749,
    #757,#765,#773,#781,#789,#797,#805,#813,#821,#829,#837,#845,#853,
    #861,#869,#877,#885,#893,#901,#909,#917,#925,#933,#941,#949,#957));
#675 = ORIENTED_EDGE('',*,*,#676,.T.);
#676 = EDGE_CURVE('',#677,#679,#681,.T.);
#677 = VERTEX_POINT('',#678);
#678 = CARTESIAN_POINT('',(2.648511779872,-7.481441242379,40.));
#679 = VERTEX_POINT('',#680);
#680 = CARTESIAN_POINT('',(2.1361288548,-7.481441242379,40.));
#681 = LINE('',#682,#683);
#682 = CARTESIAN_POINT('',(2.648511779872,-7.481441242379,40.));
#683 = VECTOR('',#684,1.);
#684 = DIRECTION('',(-1.,0.,0.));
#685 = ORIENTED_EDGE('',*,*,#686,.T.);
#686 = EDGE_CURVE('',#679,#687,#689,.T.);
#687 = VERTEX_POINT('',#688);
#688 = CARTESIAN_POINT('',(2.1361288548,-5.354640089641,40.));
#689 = LINE('',#690,#691);
#690 = CARTESIAN_POINT('',(2.1361288548,-7.481441242379,40.));
#691 = VECTOR('',#692,1.);
#692 = DIRECTION('',(0.,1.,0.));
#693 = ORIENTED_EDGE('',*,*,#694,.T.);
#694 = EDGE_CURVE('',#687,#695,#697,.T.);
#695 = VERTEX_POINT('',#696);
#696 = CARTESIAN_POINT('',(2.449394344714,-5.354640089641,40.));
#697 = LINE('',#698,#699);
#698 = CARTESIAN_POINT('',(2.1361288548,-5.354640089641,40.));
#699 = VECTOR('',#700,1.);
#700 = DIRECTION('',(1.,0.,0.));
#701 = ORIENTED_EDGE('',*,*,#702,.T.);
#702 = EDGE_CURVE('',#695,#703,#705,.T.);
#703 = VERTEX_POINT('',#704);
#704 = CARTESIAN_POINT('',(2.580158033474,-5.447984830275,40.));
#705 = B_SPLINE_CURVE_WITH_KNOTS('',2,(#706,#707,#708),.UNSPECIFIED.,.F.
  ,.F.,(3,3),(0.,1.),.PIECEWISE_BEZIER_KNOTS.);
#706 = CARTESIAN_POINT('',(2.449394344714,-5.354640089641,40.));
#707 = CARTESIAN_POINT('',(2.548953062293,-5.354640089641,40.));
#708 = CARTESIAN_POINT('',(2.580158033474,-5.447984830275,40.));
#709 = ORIENTED_EDGE('',*,*,#710,.T.);
#710 = EDGE_CURVE('',#703,#711,#713,.T.);
#711 = VERTEX_POINT('',#712);
#712 = CARTESIAN_POINT('',(2.613254215031,-5.605495637192,40.));
#713 = LINE('',#714,#715);
#714 = CARTESIAN_POINT('',(2.580158033474,-5.447984830275,40.));
#715 = VECTOR('',#716,1.);
#716 = DIRECTION('',(0.205629772653,-0.978629856789,0.));
#717 = ORIENTED_EDGE('',*,*,#718,.T.);
#718 = EDGE_CURVE('',#711,#719,#721,.T.);
#719 = VERTEX_POINT('',#720);
#720 = CARTESIAN_POINT('',(2.730509258258,-5.490942323071,40.));
#721 = B_SPLINE_CURVE_WITH_KNOTS('',2,(#722,#723,#724),.UNSPECIFIED.,.F.
  ,.F.,(3,3),(0.,1.),.PIECEWISE_BEZIER_KNOTS.);
#722 = CARTESIAN_POINT('',(2.613254215031,-5.605495637192,40.));
#723 = CARTESIAN_POINT('',(2.669315093993,-5.542950608373,40.));
#724 = CARTESIAN_POINT('',(2.730509258258,-5.490942323071,40.));
#725 = ORIENTED_EDGE('',*,*,#726,.T.);
#726 = EDGE_CURVE('',#719,#727,#729,.T.);
#727 = VERTEX_POINT('',#728);
#728 = CARTESIAN_POINT('',(2.861137860564,-5.401380003186,40.));
#729 = B_SPLINE_CURVE_WITH_KNOTS('',2,(#730,#731,#732),.UNSPECIFIED.,.F.
  ,.F.,(3,3),(0.,1.),.PIECEWISE_BEZIER_KNOTS.);
#730 = CARTESIAN_POINT('',(2.730509258258,-5.490942323071,40.));
#731 = CARTESIAN_POINT('',(2.791703422523,-5.438798951313,40.));
#732 = CARTESIAN_POINT('',(2.861137860564,-5.401380003186,40.));
#733 = ORIENTED_EDGE('',*,*,#734,.T.);
#734 = EDGE_CURVE('',#727,#735,#737,.T.);
#735 = VERTEX_POINT('',#736);
#736 = CARTESIAN_POINT('',(3.01054348016,-5.34194196284,40.));
#737 = B_SPLINE_CURVE_WITH_KNOTS('',2,(#738,#739,#740),.UNSPECIFIED.,.F.
  ,.F.,(3,3),(0.,1.),.PIECEWISE_BEZIER_KNOTS.);
#738 = CARTESIAN_POINT('',(2.861137860564,-5.401380003186,40.));
#739 = CARTESIAN_POINT('',(2.930707385059,-5.363825968604,40.));
#740 = CARTESIAN_POINT('',(3.01054348016,-5.34194196284,40.));
#741 = ORIENTED_EDGE('',*,*,#742,.T.);
#742 = EDGE_CURVE('',#735,#743,#745,.T.);
#743 = VERTEX_POINT('',#744);
#744 = CARTESIAN_POINT('',(3.186020785636,-5.320057957077,40.));
#745 = B_SPLINE_CURVE_WITH_KNOTS('',2,(#746,#747,#748),.UNSPECIFIED.,.F.
  ,.F.,(3,3),(0.,1.),.PIECEWISE_BEZIER_KNOTS.);
#746 = CARTESIAN_POINT('',(3.01054348016,-5.34194196284,40.));
#747 = CARTESIAN_POINT('',(3.090514661716,-5.320057957077,40.));
#748 = CARTESIAN_POINT('',(3.186020785636,-5.320057957077,40.));
#749 = ORIENTED_EDGE('',*,*,#750,.T.);
#750 = EDGE_CURVE('',#743,#751,#753,.T.);
#751 = VERTEX_POINT('',#752);
#752 = CARTESIAN_POINT('',(3.516982601198,-5.428802553618,40.));
#753 = B_SPLINE_CURVE_WITH_KNOTS('',2,(#754,#755,#756),.UNSPECIFIED.,.F.
  ,.F.,(3,3),(0.,1.),.PIECEWISE_BEZIER_KNOTS.);
#754 = CARTESIAN_POINT('',(3.186020785636,-5.320057957077,40.));
#755 = CARTESIAN_POINT('',(3.38729960408,-5.320057957077,40.));
#756 = CARTESIAN_POINT('',(3.516982601198,-5.428802553618,40.));
#757 = ORIENTED_EDGE('',*,*,#758,.T.);
#758 = EDGE_CURVE('',#751,#759,#761,.T.);
#759 = VERTEX_POINT('',#760);
#760 = CARTESIAN_POINT('',(3.710966751054,-5.717752481572,40.));
#761 = B_SPLINE_CURVE_WITH_KNOTS('',2,(#762,#763,#764),.UNSPECIFIED.,.F.
  ,.F.,(3,3),(0.,1.),.PIECEWISE_BEZIER_KNOTS.);
#762 = CARTESIAN_POINT('',(3.516982601198,-5.428802553618,40.));
#763 = CARTESIAN_POINT('',(3.646665598316,-5.53754715016,40.));
#764 = CARTESIAN_POINT('',(3.710966751054,-5.717752481572,40.));
#765 = ORIENTED_EDGE('',*,*,#766,.T.);
#766 = EDGE_CURVE('',#759,#767,#769,.T.);
#767 = VERTEX_POINT('',#768);
#768 = CARTESIAN_POINT('',(3.835381376414,-5.536601544973,40.));
#769 = B_SPLINE_CURVE_WITH_KNOTS('',2,(#770,#771,#772),.UNSPECIFIED.,.F.
  ,.F.,(3,3),(0.,1.),.PIECEWISE_BEZIER_KNOTS.);
#770 = CARTESIAN_POINT('',(3.710966751054,-5.717752481572,40.));
#771 = CARTESIAN_POINT('',(3.760678566616,-5.612114873503,40.));
#772 = CARTESIAN_POINT('',(3.835381376414,-5.536601544973,40.));
#773 = ORIENTED_EDGE('',*,*,#774,.T.);
#774 = EDGE_CURVE('',#767,#775,#777,.T.);
#775 = VERTEX_POINT('',#776);
#776 = CARTESIAN_POINT('',(3.999241246731,-5.413267611255,40.));
#777 = B_SPLINE_CURVE_WITH_KNOTS('',2,(#778,#779,#780),.UNSPECIFIED.,.F.
  ,.F.,(3,3),(0.,1.),.PIECEWISE_BEZIER_KNOTS.);
#778 = CARTESIAN_POINT('',(3.835381376414,-5.536601544973,40.));
#779 = CARTESIAN_POINT('',(3.910084186212,-5.460953129987,40.));
#780 = CARTESIAN_POINT('',(3.999241246731,-5.413267611255,40.));
#781 = ORIENTED_EDGE('',*,*,#782,.T.);
#782 = EDGE_CURVE('',#775,#783,#785,.T.);
#783 = VERTEX_POINT('',#784);
#784 = CARTESIAN_POINT('',(4.189172802927,-5.342887568028,40.));
#785 = B_SPLINE_CURVE_WITH_KNOTS('',2,(#786,#787,#788),.UNSPECIFIED.,.F.
  ,.F.,(3,3),(0.,1.),.PIECEWISE_BEZIER_KNOTS.);
#786 = CARTESIAN_POINT('',(3.999241246731,-5.413267611255,40.));
#787 = CARTESIAN_POINT('',(4.088533393705,-5.365582092523,40.));
#788 = CARTESIAN_POINT('',(4.189172802927,-5.342887568028,40.));
#789 = ORIENTED_EDGE('',*,*,#790,.T.);
#790 = EDGE_CURVE('',#783,#791,#793,.T.);
#791 = VERTEX_POINT('',#792);
#792 = CARTESIAN_POINT('',(4.391532313013,-5.320057957077,40.));
#793 = B_SPLINE_CURVE_WITH_KNOTS('',2,(#794,#795,#796),.UNSPECIFIED.,.F.
  ,.F.,(3,3),(0.,1.),.PIECEWISE_BEZIER_KNOTS.);
#794 = CARTESIAN_POINT('',(4.189172802927,-5.342887568028,40.));
#795 = CARTESIAN_POINT('',(4.289812212149,-5.320057957077,40.));
#796 = CARTESIAN_POINT('',(4.391532313013,-5.320057957077,40.));
#797 = ORIENTED_EDGE('',*,*,#798,.T.);
#798 = EDGE_CURVE('',#791,#799,#801,.T.);
#799 = VERTEX_POINT('',#800);
#800 = CARTESIAN_POINT('',(4.704797802927,-5.373957452754,40.));
#801 = B_SPLINE_CURVE_WITH_KNOTS('',2,(#802,#803,#804),.UNSPECIFIED.,.F.
  ,.F.,(3,3),(0.,1.),.PIECEWISE_BEZIER_KNOTS.);
#802 = CARTESIAN_POINT('',(4.391532313013,-5.320057957077,40.));
#803 = CARTESIAN_POINT('',(4.567820137221,-5.320057957077,40.));
#804 = CARTESIAN_POINT('',(4.704797802927,-5.373957452754,40.));
#805 = ORIENTED_EDGE('',*,*,#806,.T.);
#806 = EDGE_CURVE('',#799,#807,#809,.T.);
#807 = VERTEX_POINT('',#808);
#808 = CARTESIAN_POINT('',(4.935120209267,-5.531603346126,40.));
#809 = B_SPLINE_CURVE_WITH_KNOTS('',2,(#810,#811,#812),.UNSPECIFIED.,.F.
  ,.F.,(3,3),(0.,1.),.PIECEWISE_BEZIER_KNOTS.);
#810 = CARTESIAN_POINT('',(4.704797802927,-5.373957452754,40.));
#811 = CARTESIAN_POINT('',(4.841775468633,-5.427856948431,40.));
#812 = CARTESIAN_POINT('',(4.935120209267,-5.531603346126,40.));
#813 = ORIENTED_EDGE('',*,*,#814,.T.);
#814 = EDGE_CURVE('',#807,#815,#817,.T.);
#815 = VERTEX_POINT('',#816);
#816 = CARTESIAN_POINT('',(5.077231160276,-5.784755363417,40.));
#817 = B_SPLINE_CURVE_WITH_KNOTS('',2,(#818,#819,#820),.UNSPECIFIED.,.F.
  ,.F.,(3,3),(0.,1.),.PIECEWISE_BEZIER_KNOTS.);
#818 = CARTESIAN_POINT('',(4.935120209267,-5.531603346126,40.));
#819 = CARTESIAN_POINT('',(5.028464949901,-5.63534974382,40.));
#820 = CARTESIAN_POINT('',(5.077231160276,-5.784755363417,40.));
#821 = ORIENTED_EDGE('',*,*,#822,.T.);
#822 = EDGE_CURVE('',#815,#823,#825,.T.);
#823 = VERTEX_POINT('',#824);
#824 = CARTESIAN_POINT('',(5.12599737065,-6.126929354771,40.));
#825 = B_SPLINE_CURVE_WITH_KNOTS('',2,(#826,#827,#828),.UNSPECIFIED.,.F.
  ,.F.,(3,3),(0.,1.),.PIECEWISE_BEZIER_KNOTS.);
#826 = CARTESIAN_POINT('',(5.077231160276,-5.784755363417,40.));
#827 = CARTESIAN_POINT('',(5.12599737065,-5.934025896558,40.));
#828 = CARTESIAN_POINT('',(5.12599737065,-6.126929354771,40.));
#829 = ORIENTED_EDGE('',*,*,#830,.T.);
#830 = EDGE_CURVE('',#823,#831,#833,.T.);
#831 = VERTEX_POINT('',#832);
#832 = CARTESIAN_POINT('',(5.12599737065,-7.481441242379,40.));
#833 = LINE('',#834,#835);
#834 = CARTESIAN_POINT('',(5.12599737065,-6.126929354771,40.));
#835 = VECTOR('',#836,1.);
#836 = DIRECTION('',(0.,-1.,0.));
#837 = ORIENTED_EDGE('',*,*,#838,.T.);
#838 = EDGE_CURVE('',#831,#839,#841,.T.);
#839 = VERTEX_POINT('',#840);
#840 = CARTESIAN_POINT('',(4.613479359123,-7.481441242379,40.));
#841 = LINE('',#842,#843);
#842 = CARTESIAN_POINT('',(5.12599737065,-7.481441242379,40.));
#843 = VECTOR('',#844,1.);
#844 = DIRECTION('',(-1.,0.,0.));
#845 = ORIENTED_EDGE('',*,*,#846,.T.);
#846 = EDGE_CURVE('',#839,#847,#849,.T.);
#847 = VERTEX_POINT('',#848);
#848 = CARTESIAN_POINT('',(4.613479359123,-6.126524095405,40.));
#849 = LINE('',#850,#851);
#850 = CARTESIAN_POINT('',(4.613479359123,-7.481441242379,40.));
#851 = VECTOR('',#852,1.);
#852 = DIRECTION('',(0.,1.,0.));
#853 = ORIENTED_EDGE('',*,*,#854,.T.);
#854 = EDGE_CURVE('',#847,#855,#857,.T.);
#855 = VERTEX_POINT('',#856);
#856 = CARTESIAN_POINT('',(4.524187212149,-5.820553274079,40.));
#857 = B_SPLINE_CURVE_WITH_KNOTS('',2,(#858,#859,#860),.UNSPECIFIED.,.F.
  ,.F.,(3,3),(0.,1.),.PIECEWISE_BEZIER_KNOTS.);
#858 = CARTESIAN_POINT('',(4.613479359123,-6.126524095405,40.));
#859 = CARTESIAN_POINT('',(4.613479359123,-5.923218980131,40.));
#860 = CARTESIAN_POINT('',(4.524187212149,-5.820553274079,40.));
#861 = ORIENTED_EDGE('',*,*,#862,.T.);
#862 = EDGE_CURVE('',#855,#863,#865,.T.);
#863 = VERTEX_POINT('',#864);
#864 = CARTESIAN_POINT('',(4.262930007538,-5.717752481572,40.));
#865 = B_SPLINE_CURVE_WITH_KNOTS('',2,(#866,#867,#868),.UNSPECIFIED.,.F.
  ,.F.,(3,3),(0.,1.),.PIECEWISE_BEZIER_KNOTS.);
#866 = CARTESIAN_POINT('',(4.524187212149,-5.820553274079,40.));
#867 = CARTESIAN_POINT('',(4.43503015163,-5.717752481572,40.));
#868 = CARTESIAN_POINT('',(4.262930007538,-5.717752481572,40.));
#869 = ORIENTED_EDGE('',*,*,#870,.T.);
#870 = EDGE_CURVE('',#863,#871,#873,.T.);
#871 = VERTEX_POINT('',#872);
#872 = CARTESIAN_POINT('',(4.116496289959,-5.744769772639,40.));
#873 = B_SPLINE_CURVE_WITH_KNOTS('',2,(#874,#875,#876),.UNSPECIFIED.,.F.
  ,.F.,(3,3),(0.,1.),.PIECEWISE_BEZIER_KNOTS.);
#874 = CARTESIAN_POINT('',(4.262930007538,-5.717752481572,40.));
#875 = CARTESIAN_POINT('',(4.184039517624,-5.717752481572,40.));
#876 = CARTESIAN_POINT('',(4.116496289959,-5.744769772639,40.));
#877 = ORIENTED_EDGE('',*,*,#878,.T.);
#878 = EDGE_CURVE('',#871,#879,#881,.T.);
#879 = VERTEX_POINT('',#880);
#880 = CARTESIAN_POINT('',(3.998295641544,-5.822579570909,40.));
#881 = B_SPLINE_CURVE_WITH_KNOTS('',2,(#882,#883,#884),.UNSPECIFIED.,.F.
  ,.F.,(3,3),(0.,1.),.PIECEWISE_BEZIER_KNOTS.);
#882 = CARTESIAN_POINT('',(4.116496289959,-5.744769772639,40.));
#883 = CARTESIAN_POINT('',(4.049088148748,-5.77165197725,40.));
#884 = CARTESIAN_POINT('',(3.998295641544,-5.822579570909,40.));
#885 = ORIENTED_EDGE('',*,*,#886,.T.);
#886 = EDGE_CURVE('',#879,#887,#889,.T.);
#887 = VERTEX_POINT('',#888);
#888 = CARTESIAN_POINT('',(3.918459546443,-5.950236271198,40.));
#889 = B_SPLINE_CURVE_WITH_KNOTS('',2,(#890,#891,#892),.UNSPECIFIED.,.F.
  ,.F.,(3,3),(0.,1.),.PIECEWISE_BEZIER_KNOTS.);
#890 = CARTESIAN_POINT('',(3.998295641544,-5.822579570909,40.));
#891 = CARTESIAN_POINT('',(3.947503134339,-5.873372078114,40.));
#892 = CARTESIAN_POINT('',(3.918459546443,-5.950236271198,40.));
#893 = ORIENTED_EDGE('',*,*,#894,.T.);
#894 = EDGE_CURVE('',#887,#895,#897,.T.);
#895 = VERTEX_POINT('',#896);
#896 = CARTESIAN_POINT('',(3.889415958546,-6.126524095405,40.));
#897 = B_SPLINE_CURVE_WITH_KNOTS('',2,(#898,#899,#900),.UNSPECIFIED.,.F.
  ,.F.,(3,3),(0.,1.),.PIECEWISE_BEZIER_KNOTS.);
#898 = CARTESIAN_POINT('',(3.918459546443,-5.950236271198,40.));
#899 = CARTESIAN_POINT('',(3.889415958546,-6.026965377826,40.));
#900 = CARTESIAN_POINT('',(3.889415958546,-6.126524095405,40.));
#901 = ORIENTED_EDGE('',*,*,#902,.T.);
#902 = EDGE_CURVE('',#895,#903,#905,.T.);
#903 = VERTEX_POINT('',#904);
#904 = CARTESIAN_POINT('',(3.889415958546,-7.481441242379,40.));
#905 = LINE('',#906,#907);
#906 = CARTESIAN_POINT('',(3.889415958546,-6.126524095405,40.));
#907 = VECTOR('',#908,1.);
#908 = DIRECTION('',(0.,-1.,0.));
#909 = ORIENTED_EDGE('',*,*,#910,.T.);
#910 = EDGE_CURVE('',#903,#911,#913,.T.);
#911 = VERTEX_POINT('',#912);
#912 = CARTESIAN_POINT('',(3.374736563734,-7.481441242379,40.));
#913 = LINE('',#914,#915);
#914 = CARTESIAN_POINT('',(3.889415958546,-7.481441242379,40.));
#915 = VECTOR('',#916,1.);
#916 = DIRECTION('',(-1.,0.,0.));
#917 = ORIENTED_EDGE('',*,*,#918,.T.);
#918 = EDGE_CURVE('',#911,#919,#921,.T.);
#919 = VERTEX_POINT('',#920);
#920 = CARTESIAN_POINT('',(3.374736563734,-6.126524095405,40.));
#921 = LINE('',#922,#923);
#922 = CARTESIAN_POINT('',(3.374736563734,-7.481441242379,40.));
#923 = VECTOR('',#924,1.);
#924 = DIRECTION('',(0.,1.,0.));
#925 = ORIENTED_EDGE('',*,*,#926,.T.);
#926 = EDGE_CURVE('',#919,#927,#929,.T.);
#927 = VERTEX_POINT('',#928);
#928 = CARTESIAN_POINT('',(3.288686491688,-5.815284902322,40.));
#929 = B_SPLINE_CURVE_WITH_KNOTS('',2,(#930,#931,#932),.UNSPECIFIED.,.F.
  ,.F.,(3,3),(0.,1.),.PIECEWISE_BEZIER_KNOTS.);
#930 = CARTESIAN_POINT('',(3.374736563734,-6.126524095405,40.));
#931 = CARTESIAN_POINT('',(3.374736563734,-5.912817323071,40.));
#932 = CARTESIAN_POINT('',(3.288686491688,-5.815284902322,40.));
#933 = ORIENTED_EDGE('',*,*,#934,.T.);
#934 = EDGE_CURVE('',#927,#935,#937,.T.);
#935 = VERTEX_POINT('',#936);
#936 = CARTESIAN_POINT('',(3.034453782754,-5.717752481572,40.));
#937 = B_SPLINE_CURVE_WITH_KNOTS('',2,(#938,#939,#940),.UNSPECIFIED.,.F.
  ,.F.,(3,3),(0.,1.),.PIECEWISE_BEZIER_KNOTS.);
#938 = CARTESIAN_POINT('',(3.288686491688,-5.815284902322,40.));
#939 = CARTESIAN_POINT('',(3.202636419642,-5.717752481572,40.));
#940 = CARTESIAN_POINT('',(3.034453782754,-5.717752481572,40.));
#941 = ORIENTED_EDGE('',*,*,#942,.T.);
#942 = EDGE_CURVE('',#935,#943,#945,.T.);
#943 = VERTEX_POINT('',#944);
#944 = CARTESIAN_POINT('',(2.828041679008,-5.772867755348,40.));
#945 = B_SPLINE_CURVE_WITH_KNOTS('',2,(#946,#947,#948),.UNSPECIFIED.,.F.
  ,.F.,(3,3),(0.,1.),.PIECEWISE_BEZIER_KNOTS.);
#946 = CARTESIAN_POINT('',(3.034453782754,-5.717752481572,40.));
#947 = CARTESIAN_POINT('',(2.924493408114,-5.717752481572,40.));
#948 = CARTESIAN_POINT('',(2.828041679008,-5.772867755348,40.));
#949 = ORIENTED_EDGE('',*,*,#950,.T.);
#950 = EDGE_CURVE('',#943,#951,#953,.T.);
#951 = VERTEX_POINT('',#952);
#952 = CARTESIAN_POINT('',(2.648511779872,-5.923624239497,40.));
#953 = B_SPLINE_CURVE_WITH_KNOTS('',2,(#954,#955,#956),.UNSPECIFIED.,.F.
  ,.F.,(3,3),(0.,1.),.PIECEWISE_BEZIER_KNOTS.);
#954 = CARTESIAN_POINT('',(2.828041679008,-5.772867755348,40.));
#955 = CARTESIAN_POINT('',(2.731589949901,-5.827983029123,40.));
#956 = CARTESIAN_POINT('',(2.648511779872,-5.923624239497,40.));
#957 = ORIENTED_EDGE('',*,*,#958,.T.);
#958 = EDGE_CURVE('',#951,#677,#959,.T.);
#959 = LINE('',#960,#961);
#960 = CARTESIAN_POINT('',(2.648511779872,-5.923624239497,40.));
#961 = VECTOR('',#962,1.);
#962 = DIRECTION('',(0.,-1.,0.));
#963 = FACE_BOUND('',#964,.T.);
#964 = EDGE_LOOP('',(#965,#975,#983,#991));
#965 = ORIENTED_EDGE('',*,*,#966,.T.);
#966 = EDGE_CURVE('',#967,#969,#971,.T.);
#967 = VERTEX_POINT('',#968);
#968 = CARTESIAN_POINT('',(-3.20793133557,2.178692564354,40.));
#969 = VERTEX_POINT('',#970);
#970 = CARTESIAN_POINT('',(-2.353734649691,2.178692564354,40.));
#971 = LINE('',#972,#973);
#972 = CARTESIAN_POINT('',(-3.20793133557,2.178692564354,40.));
#973 = VECTOR('',#974,1.);
#974 = DIRECTION('',(1.,0.,0.));
#975 = ORIENTED_EDGE('',*,*,#976,.T.);
#976 = EDGE_CURVE('',#969,#977,#979,.T.);
#977 = VERTEX_POINT('',#978);
#978 = CARTESIAN_POINT('',(-2.353734649691,-1.365976023542,40.));
#979 = LINE('',#980,#981);
#980 = CARTESIAN_POINT('',(-2.353734649691,2.178692564354,40.));
#981 = VECTOR('',#982,1.);
#982 = DIRECTION('',(0.,-1.,0.));
#983 = ORIENTED_EDGE('',*,*,#984,.T.);
#984 = EDGE_CURVE('',#977,#985,#987,.T.);
#985 = VERTEX_POINT('',#986);
#986 = CARTESIAN_POINT('',(-3.20793133557,-1.365976023542,40.));
#987 = LINE('',#988,#989);
#988 = CARTESIAN_POINT('',(-2.353734649691,-1.365976023542,40.));
#989 = VECTOR('',#990,1.);
#990 = DIRECTION('',(-1.,0.,0.));
#991 = ORIENTED_EDGE('',*,*,#992,.T.);
#992 = EDGE_CURVE('',#985,#967,#993,.T.);
#993 = LINE('',#994,#995);
#994 = CARTESIAN_POINT('',(-3.20793133557,-1.365976023542,40.));
#995 = VECTOR('',#996,1.);
#996 = DIRECTION('',(0.,1.,0.));
#997 = FACE_BOUND('',#998,.T.);
#998 = EDGE_LOOP('',(#999,#1009,#1017,#1025,#1033,#1041,#1049,#1057,
    #1065,#1073,#1081,#1089,#1097,#1105,#1113,#1121,#1129,#1137,#1145,
    #1153,#1161,#1169,#1177,#1185,#1193,#1201,#1209,#1217,#1225,#1233,
    #1241,#1249,#1257,#1265,#1273,#1281,#1289,#1297,#1305,#1313,#1321,
    #1329,#1337,#1345,#1353,#1361,#1369,#1377,#1385,#1393));
#999 = ORIENTED_EDGE('',*,*,#1000,.T.);
#1000 = EDGE_CURVE('',#1001,#1003,#1005,.T.);
#1001 = VERTEX_POINT('',#1002);
#1002 = CARTESIAN_POINT('',(0.909728967024,1.797073328043,40.));
#1003 = VERTEX_POINT('',#1004);
#1004 = CARTESIAN_POINT('',(0.716105047716,1.492003083086,40.));
#1005 = LINE('',#1006,#1007);
#1006 = CARTESIAN_POINT('',(0.909728967024,1.797073328043,40.));
#1007 = VECTOR('',#1008,1.);
#1008 = DIRECTION('',(-0.535867150975,-0.844302313455,0.));
#1009 = ORIENTED_EDGE('',*,*,#1010,.T.);
#1010 = EDGE_CURVE('',#1003,#1011,#1013,.T.);
#1011 = VERTEX_POINT('',#1012);
#1012 = CARTESIAN_POINT('',(0.643383505929,1.414778659455,40.));
#1013 = B_SPLINE_CURVE_WITH_KNOTS('',2,(#1014,#1015,#1016),
  .UNSPECIFIED.,.F.,.F.,(3,3),(0.,1.),.PIECEWISE_BEZIER_KNOTS.);
#1014 = CARTESIAN_POINT('',(0.716105047716,1.492003083086,40.));
#1015 = CARTESIAN_POINT('',(0.681432857514,1.437067924585,40.));
#1016 = CARTESIAN_POINT('',(0.643383505929,1.414778659455,40.));
#1017 = ORIENTED_EDGE('',*,*,#1018,.T.);
#1018 = EDGE_CURVE('',#1011,#1019,#1021,.T.);
#1019 = VERTEX_POINT('',#1020);
#1020 = CARTESIAN_POINT('',(0.546571546275,1.392489394325,40.));
#1021 = B_SPLINE_CURVE_WITH_KNOTS('',2,(#1022,#1023,#1024),
  .UNSPECIFIED.,.F.,.F.,(3,3),(0.,1.),.PIECEWISE_BEZIER_KNOTS.);
#1022 = CARTESIAN_POINT('',(0.643383505929,1.414778659455,40.));
#1023 = CARTESIAN_POINT('',(0.605334154344,1.392489394325,40.));
#1024 = CARTESIAN_POINT('',(0.546571546275,1.392489394325,40.));
#1025 = ORIENTED_EDGE('',*,*,#1026,.T.);
#1026 = EDGE_CURVE('',#1019,#1027,#1029,.T.);
#1027 = VERTEX_POINT('',#1028);
#1028 = CARTESIAN_POINT('',(0.413511387773,1.426936440435,40.));
#1029 = B_SPLINE_CURVE_WITH_KNOTS('',2,(#1030,#1031,#1032),
  .UNSPECIFIED.,.F.,.F.,(3,3),(0.,1.),.PIECEWISE_BEZIER_KNOTS.);
#1030 = CARTESIAN_POINT('',(0.546571546275,1.392489394325,40.));
#1031 = CARTESIAN_POINT('',(0.484431776822,1.392489394325,40.));
#1032 = CARTESIAN_POINT('',(0.413511387773,1.426936440435,40.));
#1033 = ORIENTED_EDGE('',*,*,#1034,.T.);
#1034 = EDGE_CURVE('',#1027,#1035,#1037,.T.);
#1035 = VERTEX_POINT('',#1036);
#1036 = CARTESIAN_POINT('',(0.249156200453,1.50461115225,40.));
#1037 = B_SPLINE_CURVE_WITH_KNOTS('',2,(#1038,#1039,#1040),
  .UNSPECIFIED.,.F.,.F.,(3,3),(0.,1.),.PIECEWISE_BEZIER_KNOTS.);
#1038 = CARTESIAN_POINT('',(0.413511387773,1.426936440435,40.));
#1039 = CARTESIAN_POINT('',(0.342590998724,1.461383486544,40.));
#1040 = CARTESIAN_POINT('',(0.249156200453,1.50461115225,40.));
#1041 = ORIENTED_EDGE('',*,*,#1042,.T.);
#1042 = EDGE_CURVE('',#1035,#1043,#1045,.T.);
#1043 = VERTEX_POINT('',#1044);
#1044 = CARTESIAN_POINT('',(3.639503330646E-02,1.582285864066,40.));
#1045 = B_SPLINE_CURVE_WITH_KNOTS('',2,(#1046,#1047,#1048),
  .UNSPECIFIED.,.F.,.F.,(3,3),(0.,1.),.PIECEWISE_BEZIER_KNOTS.);
#1046 = CARTESIAN_POINT('',(0.249156200453,1.50461115225,40.));
#1047 = CARTESIAN_POINT('',(0.155721402183,1.547838817957,40.));
#1048 = CARTESIAN_POINT('',(3.639503330646E-02,1.582285864066,40.));
#1049 = ORIENTED_EDGE('',*,*,#1050,.T.);
#1050 = EDGE_CURVE('',#1043,#1051,#1053,.T.);
#1051 = VERTEX_POINT('',#1052);
#1052 = CARTESIAN_POINT('',(-0.24526022606,1.616732910176,40.));
#1053 = B_SPLINE_CURVE_WITH_KNOTS('',2,(#1054,#1055,#1056),
  .UNSPECIFIED.,.F.,.F.,(3,3),(0.,1.),.PIECEWISE_BEZIER_KNOTS.);
#1054 = CARTESIAN_POINT('',(3.639503330646E-02,1.582285864066,40.));
#1055 = CARTESIAN_POINT('',(-8.27061914774E-02,1.616732910176,40.));
#1056 = CARTESIAN_POINT('',(-0.24526022606,1.616732910176,40.));
#1057 = ORIENTED_EDGE('',*,*,#1058,.T.);
#1058 = EDGE_CURVE('',#1051,#1059,#1061,.T.);
#1059 = VERTEX_POINT('',#1060);
#1060 = CARTESIAN_POINT('',(-0.643089837011,1.509339178187,40.));
#1061 = B_SPLINE_CURVE_WITH_KNOTS('',2,(#1062,#1063,#1064),
  .UNSPECIFIED.,.F.,.F.,(3,3),(0.,1.),.PIECEWISE_BEZIER_KNOTS.);
#1062 = CARTESIAN_POINT('',(-0.24526022606,1.616732910176,40.));
#1063 = CARTESIAN_POINT('',(-0.497871897529,1.616732910176,40.));
#1064 = CARTESIAN_POINT('',(-0.643089837011,1.509339178187,40.));
#1065 = ORIENTED_EDGE('',*,*,#1066,.T.);
#1066 = EDGE_CURVE('',#1059,#1067,#1069,.T.);
#1067 = VERTEX_POINT('',#1068);
#1068 = CARTESIAN_POINT('',(-0.788307776492,1.228809639282,40.));
#1069 = B_SPLINE_CURVE_WITH_KNOTS('',2,(#1070,#1071,#1072),
  .UNSPECIFIED.,.F.,.F.,(3,3),(0.,1.),.PIECEWISE_BEZIER_KNOTS.);
#1070 = CARTESIAN_POINT('',(-0.643089837011,1.509339178187,40.));
#1071 = CARTESIAN_POINT('',(-0.788307776492,1.401945446199,40.));
#1072 = CARTESIAN_POINT('',(-0.788307776492,1.228809639282,40.));
#1073 = ORIENTED_EDGE('',*,*,#1074,.T.);
#1074 = EDGE_CURVE('',#1067,#1075,#1077,.T.);
#1075 = VERTEX_POINT('',#1076);
#1076 = CARTESIAN_POINT('',(-0.71401022606,1.036761728619,40.));
#1077 = B_SPLINE_CURVE_WITH_KNOTS('',2,(#1078,#1079,#1080),
  .UNSPECIFIED.,.F.,.F.,(3,3),(0.,1.),.PIECEWISE_BEZIER_KNOTS.);
#1078 = CARTESIAN_POINT('',(-0.788307776492,1.228809639282,40.));
#1079 = CARTESIAN_POINT('',(-0.788307776492,1.114661584527,40.));
#1080 = CARTESIAN_POINT('',(-0.71401022606,1.036761728619,40.));
#1081 = ORIENTED_EDGE('',*,*,#1082,.T.);
#1082 = EDGE_CURVE('',#1075,#1083,#1085,.T.);
#1083 = VERTEX_POINT('',#1084);
#1084 = CARTESIAN_POINT('',(-0.516784001276,0.89987412055,40.));
#1085 = B_SPLINE_CURVE_WITH_KNOTS('',2,(#1086,#1087,#1088),
  .UNSPECIFIED.,.F.,.F.,(3,3),(0.,1.),.PIECEWISE_BEZIER_KNOTS.);
#1086 = CARTESIAN_POINT('',(-0.71401022606,1.036761728619,40.));
#1087 = CARTESIAN_POINT('',(-0.639487531535,0.958861872712,40.));
#1088 = CARTESIAN_POINT('',(-0.516784001276,0.89987412055,40.));
#1089 = ORIENTED_EDGE('',*,*,#1090,.T.);
#1090 = EDGE_CURVE('',#1083,#1091,#1093,.T.);
#1091 = VERTEX_POINT('',#1092);
#1092 = CARTESIAN_POINT('',(-0.238505903293,0.794281541299,40.));
#1093 = B_SPLINE_CURVE_WITH_KNOTS('',2,(#1094,#1095,#1096),
  .UNSPECIFIED.,.F.,.F.,(3,3),(0.,1.),.PIECEWISE_BEZIER_KNOTS.);
#1094 = CARTESIAN_POINT('',(-0.516784001276,0.89987412055,40.));
#1095 = CARTESIAN_POINT('',(-0.394080471016,0.841111512481,40.));
#1096 = CARTESIAN_POINT('',(-0.238505903293,0.794281541299,40.));
#1097 = ORIENTED_EDGE('',*,*,#1098,.T.);
#1098 = EDGE_CURVE('',#1091,#1099,#1101,.T.);
#1099 = VERTEX_POINT('',#1100);
#1100 = CARTESIAN_POINT('',(7.962269901251E-02,0.692066123432,40.));
#1101 = B_SPLINE_CURVE_WITH_KNOTS('',2,(#1102,#1103,#1104),
  .UNSPECIFIED.,.F.,.F.,(3,3),(0.,1.),.PIECEWISE_BEZIER_KNOTS.);
#1102 = CARTESIAN_POINT('',(-0.238505903293,0.794281541299,40.));
#1103 = CARTESIAN_POINT('',(-8.27061914774E-02,0.74767671421,40.));
#1104 = CARTESIAN_POINT('',(7.962269901251E-02,0.692066123432,40.));
#1105 = ORIENTED_EDGE('',*,*,#1106,.T.);
#1106 = EDGE_CURVE('',#1099,#1107,#1109,.T.);
#1107 = VERTEX_POINT('',#1108);
#1108 = CARTESIAN_POINT('',(0.397751301318,0.565760287697,40.));
#1109 = B_SPLINE_CURVE_WITH_KNOTS('',2,(#1110,#1111,#1112),
  .UNSPECIFIED.,.F.,.F.,(3,3),(0.,1.),.PIECEWISE_BEZIER_KNOTS.);
#1110 = CARTESIAN_POINT('',(7.962269901251E-02,0.692066123432,40.));
#1111 = CARTESIAN_POINT('',(0.242176733595,0.636680676746,40.));
#1112 = CARTESIAN_POINT('',(0.397751301318,0.565760287697,40.));
#1113 = ORIENTED_EDGE('',*,*,#1114,.T.);
#1114 = EDGE_CURVE('',#1107,#1115,#1117,.T.);
#1115 = VERTEX_POINT('',#1116);
#1116 = CARTESIAN_POINT('',(0.676254543393,0.385645013922,40.));
#1117 = B_SPLINE_CURVE_WITH_KNOTS('',2,(#1118,#1119,#1120),
  .UNSPECIFIED.,.F.,.F.,(3,3),(0.,1.),.PIECEWISE_BEZIER_KNOTS.);
#1118 = CARTESIAN_POINT('',(0.397751301318,0.565760287697,40.));
#1119 = CARTESIAN_POINT('',(0.553551013134,0.494839898648,40.));
#1120 = CARTESIAN_POINT('',(0.676254543393,0.385645013922,40.));
#1121 = ORIENTED_EDGE('',*,*,#1122,.T.);
#1122 = EDGE_CURVE('',#1115,#1123,#1125,.T.);
#1123 = VERTEX_POINT('',#1124);
#1124 = CARTESIAN_POINT('',(0.873255624085,0.124252722856,40.));
#1125 = B_SPLINE_CURVE_WITH_KNOTS('',2,(#1126,#1127,#1128),
  .UNSPECIFIED.,.F.,.F.,(3,3),(0.,1.),.PIECEWISE_BEZIER_KNOTS.);
#1126 = CARTESIAN_POINT('',(0.676254543393,0.385645013922,40.));
#1127 = CARTESIAN_POINT('',(0.798958073652,0.276675273288,40.));
#1128 = CARTESIAN_POINT('',(0.873255624085,0.124252722856,40.));
#1129 = ORIENTED_EDGE('',*,*,#1130,.T.);
#1130 = EDGE_CURVE('',#1123,#1131,#1133,.T.);
#1131 = VERTEX_POINT('',#1132);
#1132 = CARTESIAN_POINT('',(0.947778318609,-0.242732147461,40.));
#1133 = B_SPLINE_CURVE_WITH_KNOTS('',2,(#1134,#1135,#1136),
  .UNSPECIFIED.,.F.,.F.,(3,3),(0.,1.),.PIECEWISE_BEZIER_KNOTS.);
#1134 = CARTESIAN_POINT('',(0.873255624085,0.124252722856,40.));
#1135 = CARTESIAN_POINT('',(0.947778318609,-2.81698275766E-02,40.));
#1136 = CARTESIAN_POINT('',(0.947778318609,-0.242732147461,40.));
#1137 = ORIENTED_EDGE('',*,*,#1138,.T.);
#1138 = EDGE_CURVE('',#1131,#1139,#1141,.T.);
#1139 = VERTEX_POINT('',#1140);
#1140 = CARTESIAN_POINT('',(0.854343520338,-0.715534741121,40.));
#1141 = B_SPLINE_CURVE_WITH_KNOTS('',2,(#1142,#1143,#1144),
  .UNSPECIFIED.,.F.,.F.,(3,3),(0.,1.),.PIECEWISE_BEZIER_KNOTS.);
#1142 = CARTESIAN_POINT('',(0.947778318609,-0.242732147461,40.));
#1143 = CARTESIAN_POINT('',(0.947778318609,-0.498946124407,40.));
#1144 = CARTESIAN_POINT('',(0.854343520338,-0.715534741121,40.));
#1145 = ORIENTED_EDGE('',*,*,#1146,.T.);
#1146 = EDGE_CURVE('',#1139,#1147,#1149,.T.);
#1147 = VERTEX_POINT('',#1148);
#1148 = CARTESIAN_POINT('',(0.581018592384,-1.089499078297,40.));
#1149 = B_SPLINE_CURVE_WITH_KNOTS('',2,(#1150,#1151,#1152),
  .UNSPECIFIED.,.F.,.F.,(3,3),(0.,1.),.PIECEWISE_BEZIER_KNOTS.);
#1150 = CARTESIAN_POINT('',(0.854343520338,-0.715534741121,40.));
#1151 = CARTESIAN_POINT('',(0.760908722067,-0.931898213744,40.));
#1152 = CARTESIAN_POINT('',(0.581018592384,-1.089499078297,40.));
#1153 = ORIENTED_EDGE('',*,*,#1154,.T.);
#1154 = EDGE_CURVE('',#1147,#1155,#1157,.T.);
#1155 = VERTEX_POINT('',#1156);
#1156 = CARTESIAN_POINT('',(0.136809298436,-1.335356427,40.));
#1157 = B_SPLINE_CURVE_WITH_KNOTS('',2,(#1158,#1159,#1160),
  .UNSPECIFIED.,.F.,.F.,(3,3),(0.,1.),.PIECEWISE_BEZIER_KNOTS.);
#1158 = CARTESIAN_POINT('',(0.581018592384,-1.089499078297,40.));
#1159 = CARTESIAN_POINT('',(0.401353606793,-1.24709994285,40.));
#1160 = CARTESIAN_POINT('',(0.136809298436,-1.335356427,40.));
#1161 = ORIENTED_EDGE('',*,*,#1162,.T.);
#1162 = EDGE_CURVE('',#1155,#1163,#1165,.T.);
#1163 = VERTEX_POINT('',#1164);
#1164 = CARTESIAN_POINT('',(-0.470179174186,-1.42361291115,40.));
#1165 = B_SPLINE_CURVE_WITH_KNOTS('',2,(#1166,#1167,#1168),
  .UNSPECIFIED.,.F.,.F.,(3,3),(0.,1.),.PIECEWISE_BEZIER_KNOTS.);
#1166 = CARTESIAN_POINT('',(0.136809298436,-1.335356427,40.));
#1167 = CARTESIAN_POINT('',(-0.127735009921,-1.42361291115,40.));
#1168 = CARTESIAN_POINT('',(-0.470179174186,-1.42361291115,40.));
#1169 = ORIENTED_EDGE('',*,*,#1170,.T.);
#1170 = EDGE_CURVE('',#1163,#1171,#1173,.T.);
#1171 = VERTEX_POINT('',#1172);
#1172 = CARTESIAN_POINT('',(-0.828158280815,-1.390741873686,40.));
#1173 = B_SPLINE_CURVE_WITH_KNOTS('',2,(#1174,#1175,#1176),
  .UNSPECIFIED.,.F.,.F.,(3,3),(0.,1.),.PIECEWISE_BEZIER_KNOTS.);
#1174 = CARTESIAN_POINT('',(-0.470179174186,-1.42361291115,40.));
#1175 = CARTESIAN_POINT('',(-0.653446465253,-1.42361291115,40.));
#1176 = CARTESIAN_POINT('',(-0.828158280815,-1.390741873686,40.));
#1177 = ORIENTED_EDGE('',*,*,#1178,.T.);
#1178 = EDGE_CURVE('',#1171,#1179,#1181,.T.);
#1179 = VERTEX_POINT('',#1180);
#1180 = CARTESIAN_POINT('',(-1.163622978221,-1.299108228153,40.));
#1181 = B_SPLINE_CURVE_WITH_KNOTS('',2,(#1182,#1183,#1184),
  .UNSPECIFIED.,.F.,.F.,(3,3),(0.,1.),.PIECEWISE_BEZIER_KNOTS.);
#1182 = CARTESIAN_POINT('',(-0.828158280815,-1.390741873686,40.));
#1183 = CARTESIAN_POINT('',(-1.002644952284,-1.357870836222,40.));
#1184 = CARTESIAN_POINT('',(-1.163622978221,-1.299108228153,40.));
#1185 = ORIENTED_EDGE('',*,*,#1186,.T.);
#1186 = EDGE_CURVE('',#1179,#1187,#1189,.T.);
#1187 = VERTEX_POINT('',#1188);
#1188 = CARTESIAN_POINT('',(-1.461038324042,-1.16086975553,40.));
#1189 = B_SPLINE_CURVE_WITH_KNOTS('',2,(#1190,#1191,#1192),
  .UNSPECIFIED.,.F.,.F.,(3,3),(0.,1.),.PIECEWISE_BEZIER_KNOTS.);
#1190 = CARTESIAN_POINT('',(-1.163622978221,-1.299108228153,40.));
#1191 = CARTESIAN_POINT('',(-1.324375860065,-1.240345620084,40.));
#1192 = CARTESIAN_POINT('',(-1.461038324042,-1.16086975553,40.));
#1193 = ORIENTED_EDGE('',*,*,#1194,.T.);
#1194 = EDGE_CURVE('',#1187,#1195,#1197,.T.);
#1195 = VERTEX_POINT('',#1196);
#1196 = CARTESIAN_POINT('',(-1.70126707044,-0.987733948614,40.));
#1197 = B_SPLINE_CURVE_WITH_KNOTS('',2,(#1198,#1199,#1200),
  .UNSPECIFIED.,.F.,.F.,(3,3),(0.,1.),.PIECEWISE_BEZIER_KNOTS.);
#1198 = CARTESIAN_POINT('',(-1.461038324042,-1.16086975553,40.));
#1199 = CARTESIAN_POINT('',(-1.597475643927,-1.081168746885,40.));
#1200 = CARTESIAN_POINT('',(-1.70126707044,-0.987733948614,40.));
#1201 = ORIENTED_EDGE('',*,*,#1202,.T.);
#1202 = EDGE_CURVE('',#1195,#1203,#1205,.T.);
#1203 = VERTEX_POINT('',#1204);
#1204 = CARTESIAN_POINT('',(-1.504040845656,-0.657897853513,40.));
#1205 = LINE('',#1206,#1207);
#1206 = CARTESIAN_POINT('',(-1.70126707044,-0.987733948614,40.));
#1207 = VECTOR('',#1208,1.);
#1208 = DIRECTION('',(0.513202859348,0.858267338978,0.));
#1209 = ORIENTED_EDGE('',*,*,#1210,.T.);
#1210 = EDGE_CURVE('',#1203,#1211,#1213,.T.);
#1211 = VERTEX_POINT('',#1212);
#1212 = CARTESIAN_POINT('',(-1.414208352861,-0.566714496164,40.));
#1213 = B_SPLINE_CURVE_WITH_KNOTS('',2,(#1214,#1215,#1216),
  .UNSPECIFIED.,.F.,.F.,(3,3),(0.,1.),.PIECEWISE_BEZIER_KNOTS.);
#1214 = CARTESIAN_POINT('',(-1.504040845656,-0.657897853513,40.));
#1215 = CARTESIAN_POINT('',(-1.465991494071,-0.598234669075,40.));
#1216 = CARTESIAN_POINT('',(-1.414208352861,-0.566714496164,40.));
#1217 = ORIENTED_EDGE('',*,*,#1218,.T.);
#1218 = EDGE_CURVE('',#1211,#1219,#1221,.T.);
#1219 = VERTEX_POINT('',#1220);
#1220 = CARTESIAN_POINT('',(-1.282724203005,-0.535194323254,40.));
#1221 = B_SPLINE_CURVE_WITH_KNOTS('',2,(#1222,#1223,#1224),
  .UNSPECIFIED.,.F.,.F.,(3,3),(0.,1.),.PIECEWISE_BEZIER_KNOTS.);
#1222 = CARTESIAN_POINT('',(-1.414208352861,-0.566714496164,40.));
#1223 = CARTESIAN_POINT('',(-1.36242521165,-0.535194323254,40.));
#1224 = CARTESIAN_POINT('',(-1.282724203005,-0.535194323254,40.));
#1225 = ORIENTED_EDGE('',*,*,#1226,.T.);
#1226 = EDGE_CURVE('',#1219,#1227,#1229,.T.);
#1227 = VERTEX_POINT('',#1228);
#1228 = CARTESIAN_POINT('',(-1.132327949402,-0.580223141698,40.));
#1229 = B_SPLINE_CURVE_WITH_KNOTS('',2,(#1230,#1231,#1232),
  .UNSPECIFIED.,.F.,.F.,(3,3),(0.,1.),.PIECEWISE_BEZIER_KNOTS.);
#1230 = CARTESIAN_POINT('',(-1.282724203005,-0.535194323254,40.));
#1231 = CARTESIAN_POINT('',(-1.203248338451,-0.535194323254,40.));
#1232 = CARTESIAN_POINT('',(-1.132327949402,-0.580223141698,40.));
#1233 = ORIENTED_EDGE('',*,*,#1234,.T.);
#1234 = EDGE_CURVE('',#1227,#1235,#1237,.T.);
#1235 = VERTEX_POINT('',#1236);
#1236 = CARTESIAN_POINT('',(-0.968197906175,-0.67680995726,40.));
#1237 = B_SPLINE_CURVE_WITH_KNOTS('',2,(#1238,#1239,#1240),
  .UNSPECIFIED.,.F.,.F.,(3,3),(0.,1.),.PIECEWISE_BEZIER_KNOTS.);
#1238 = CARTESIAN_POINT('',(-1.132327949402,-0.580223141698,40.));
#1239 = CARTESIAN_POINT('',(-1.061407560353,-0.625026816049,40.));
#1240 = CARTESIAN_POINT('',(-0.968197906175,-0.67680995726,40.));
#1241 = ORIENTED_EDGE('',*,*,#1242,.T.);
#1242 = EDGE_CURVE('',#1235,#1243,#1245,.T.);
#1243 = VERTEX_POINT('',#1244);
#1244 = CARTESIAN_POINT('',(-0.748682416261,-0.773621916914,40.));
#1245 = B_SPLINE_CURVE_WITH_KNOTS('',2,(#1246,#1247,#1248),
  .UNSPECIFIED.,.F.,.F.,(3,3),(0.,1.),.PIECEWISE_BEZIER_KNOTS.);
#1246 = CARTESIAN_POINT('',(-0.968197906175,-0.67680995726,40.));
#1247 = CARTESIAN_POINT('',(-0.874763107904,-0.72859309847,40.));
#1248 = CARTESIAN_POINT('',(-0.748682416261,-0.773621916914,40.));
#1249 = ORIENTED_EDGE('',*,*,#1250,.T.);
#1250 = EDGE_CURVE('',#1243,#1251,#1253,.T.);
#1251 = VERTEX_POINT('',#1252);
#1252 = CARTESIAN_POINT('',(-0.428527517126,-0.818425591265,40.));
#1253 = B_SPLINE_CURVE_WITH_KNOTS('',2,(#1254,#1255,#1256),
  .UNSPECIFIED.,.F.,.F.,(3,3),(0.,1.),.PIECEWISE_BEZIER_KNOTS.);
#1254 = CARTESIAN_POINT('',(-0.748682416261,-0.773621916914,40.));
#1255 = CARTESIAN_POINT('',(-0.622376580526,-0.818425591265,40.));
#1256 = CARTESIAN_POINT('',(-0.428527517126,-0.818425591265,40.));
#1257 = ORIENTED_EDGE('',*,*,#1258,.T.);
#1258 = EDGE_CURVE('',#1251,#1259,#1261,.T.);
#1259 = VERTEX_POINT('',#1260);
#1260 = CARTESIAN_POINT('',(-0.167585514244,-0.782177392418,40.));
#1261 = B_SPLINE_CURVE_WITH_KNOTS('',2,(#1262,#1263,#1264),
  .UNSPECIFIED.,.F.,.F.,(3,3),(0.,1.),.PIECEWISE_BEZIER_KNOTS.);
#1262 = CARTESIAN_POINT('',(-0.428527517126,-0.818425591265,40.));
#1263 = CARTESIAN_POINT('',(-0.276555254878,-0.818425591265,40.));
#1264 = CARTESIAN_POINT('',(-0.167585514244,-0.782177392418,40.));
#1265 = ORIENTED_EDGE('',*,*,#1266,.T.);
#1266 = EDGE_CURVE('',#1259,#1267,#1269,.T.);
#1267 = VERTEX_POINT('',#1268);
#1268 = CARTESIAN_POINT('',(1.230461543902E-02,-0.687391729594,40.));
#1269 = B_SPLINE_CURVE_WITH_KNOTS('',2,(#1270,#1271,#1272),
  .UNSPECIFIED.,.F.,.F.,(3,3),(0.,1.),.PIECEWISE_BEZIER_KNOTS.);
#1270 = CARTESIAN_POINT('',(-0.167585514244,-0.782177392418,40.));
#1271 = CARTESIAN_POINT('',(-5.861577360997E-02,-0.745929193571,40.));
#1272 = CARTESIAN_POINT('',(1.230461543902E-02,-0.687391729594,40.));
#1273 = ORIENTED_EDGE('',*,*,#1274,.T.);
#1274 = EDGE_CURVE('',#1267,#1275,#1277,.T.);
#1275 = VERTEX_POINT('',#1276);
#1276 = CARTESIAN_POINT('',(0.116096041952,-0.550954409709,40.));
#1277 = B_SPLINE_CURVE_WITH_KNOTS('',2,(#1278,#1279,#1280),
  .UNSPECIFIED.,.F.,.F.,(3,3),(0.,1.),.PIECEWISE_BEZIER_KNOTS.);
#1278 = CARTESIAN_POINT('',(1.230461543902E-02,-0.687391729594,40.));
#1279 = CARTESIAN_POINT('',(8.322500448801E-02,-0.628629121525,40.));
#1280 = CARTESIAN_POINT('',(0.116096041952,-0.550954409709,40.));
#1281 = ORIENTED_EDGE('',*,*,#1282,.T.);
#1282 = EDGE_CURVE('',#1275,#1283,#1285,.T.);
#1283 = VERTEX_POINT('',#1284);
#1284 = CARTESIAN_POINT('',(0.148967079416,-0.390426671957,40.));
#1285 = B_SPLINE_CURVE_WITH_KNOTS('',2,(#1286,#1287,#1288),
  .UNSPECIFIED.,.F.,.F.,(3,3),(0.,1.),.PIECEWISE_BEZIER_KNOTS.);
#1286 = CARTESIAN_POINT('',(0.116096041952,-0.550954409709,40.));
#1287 = CARTESIAN_POINT('',(0.148967079416,-0.473279697894,40.));
#1288 = CARTESIAN_POINT('',(0.148967079416,-0.390426671957,40.));
#1289 = ORIENTED_EDGE('',*,*,#1290,.T.);
#1290 = EDGE_CURVE('',#1283,#1291,#1293,.T.);
#1291 = VERTEX_POINT('',#1292);
#1292 = CARTESIAN_POINT('',(7.444438489147E-02,-0.186896412591,40.));
#1293 = B_SPLINE_CURVE_WITH_KNOTS('',2,(#1294,#1295,#1296),
  .UNSPECIFIED.,.F.,.F.,(3,3),(0.,1.),.PIECEWISE_BEZIER_KNOTS.);
#1294 = CARTESIAN_POINT('',(0.148967079416,-0.390426671957,40.));
#1295 = CARTESIAN_POINT('',(0.148967079416,-0.266147133052,40.));
#1296 = CARTESIAN_POINT('',(7.444438489147E-02,-0.186896412591,40.));
#1297 = ORIENTED_EDGE('',*,*,#1298,.T.);
#1298 = EDGE_CURVE('',#1291,#1299,#1301,.T.);
#1299 = VERTEX_POINT('',#1300);
#1300 = CARTESIAN_POINT('',(-0.1225566958,-4.888308406075E-02,40.));
#1301 = B_SPLINE_CURVE_WITH_KNOTS('',2,(#1302,#1303,#1304),
  .UNSPECIFIED.,.F.,.F.,(3,3),(0.,1.),.PIECEWISE_BEZIER_KNOTS.);
#1302 = CARTESIAN_POINT('',(7.444438489147E-02,-0.186896412591,40.));
#1303 = CARTESIAN_POINT('',(1.468344591959E-04,-0.107420548038,40.));
#1304 = CARTESIAN_POINT('',(-0.1225566958,-4.888308406075E-02,40.));
#1305 = ORIENTED_EDGE('',*,*,#1306,.T.);
#1306 = EDGE_CURVE('',#1299,#1307,#1309,.T.);
#1307 = VERTEX_POINT('',#1308);
#1308 = CARTESIAN_POINT('',(-0.402635946521,5.648435109775E-02,40.));
#1309 = B_SPLINE_CURVE_WITH_KNOTS('',2,(#1310,#1311,#1312),
  .UNSPECIFIED.,.F.,.F.,(3,3),(0.,1.),.PIECEWISE_BEZIER_KNOTS.);
#1310 = CARTESIAN_POINT('',(-0.1225566958,-4.888308406075E-02,40.));
#1311 = CARTESIAN_POINT('',(-0.24526022606,9.879524008412E-03,40.));
#1312 = CARTESIAN_POINT('',(-0.402635946521,5.648435109775E-02,40.));
#1313 = ORIENTED_EDGE('',*,*,#1314,.T.);
#1314 = EDGE_CURVE('',#1307,#1315,#1317,.T.);
#1315 = VERTEX_POINT('',#1316);
#1316 = CARTESIAN_POINT('',(-0.724366854302,0.158249480781,40.));
#1317 = B_SPLINE_CURVE_WITH_KNOTS('',2,(#1318,#1319,#1320),
  .UNSPECIFIED.,.F.,.F.,(3,3),(0.,1.),.PIECEWISE_BEZIER_KNOTS.);
#1318 = CARTESIAN_POINT('',(-0.402635946521,5.648435109775E-02,40.));
#1319 = CARTESIAN_POINT('',(-0.560011666982,0.103089178187,40.));
#1320 = CARTESIAN_POINT('',(-0.724366854302,0.158249480781,40.));
#1321 = ORIENTED_EDGE('',*,*,#1322,.T.);
#1322 = EDGE_CURVE('',#1315,#1323,#1325,.T.);
#1323 = VERTEX_POINT('',#1324);
#1324 = CARTESIAN_POINT('',(-1.04587261799,0.287707333807,40.));
#1325 = B_SPLINE_CURVE_WITH_KNOTS('',2,(#1326,#1327,#1328),
  .UNSPECIFIED.,.F.,.F.,(3,3),(0.,1.),.PIECEWISE_BEZIER_KNOTS.);
#1326 = CARTESIAN_POINT('',(-0.724366854302,0.158249480781,40.));
#1327 = CARTESIAN_POINT('',(-0.888496897529,0.213634927467,40.));
#1328 = CARTESIAN_POINT('',(-1.04587261799,0.287707333807,40.));
#1329 = ORIENTED_EDGE('',*,*,#1330,.T.);
#1330 = EDGE_CURVE('',#1323,#1331,#1333,.T.);
#1331 = VERTEX_POINT('',#1332);
#1332 = CARTESIAN_POINT('',(-1.326177012803,0.475927794902,40.));
#1333 = B_SPLINE_CURVE_WITH_KNOTS('',2,(#1334,#1335,#1336),
  .UNSPECIFIED.,.F.,.F.,(3,3),(0.,1.),.PIECEWISE_BEZIER_KNOTS.);
#1334 = CARTESIAN_POINT('',(-1.04587261799,0.287707333807,40.));
#1335 = CARTESIAN_POINT('',(-1.203248338451,0.362004884239,40.));
#1336 = CARTESIAN_POINT('',(-1.326177012803,0.475927794902,40.));
#1337 = ORIENTED_EDGE('',*,*,#1338,.T.);
#1338 = EDGE_CURVE('',#1331,#1339,#1341,.T.);
#1339 = VERTEX_POINT('',#1340);
#1340 = CARTESIAN_POINT('',(-1.523178093495,0.755556757438,40.));
#1341 = B_SPLINE_CURVE_WITH_KNOTS('',2,(#1342,#1343,#1344),
  .UNSPECIFIED.,.F.,.F.,(3,3),(0.,1.),.PIECEWISE_BEZIER_KNOTS.);
#1342 = CARTESIAN_POINT('',(-1.326177012803,0.475927794902,40.));
#1343 = CARTESIAN_POINT('',(-1.448880543062,0.589850705565,40.));
#1344 = CARTESIAN_POINT('',(-1.523178093495,0.755556757438,40.));
#1345 = ORIENTED_EDGE('',*,*,#1346,.T.);
#1346 = EDGE_CURVE('',#1339,#1347,#1349,.T.);
#1347 = VERTEX_POINT('',#1348);
#1348 = CARTESIAN_POINT('',(-1.597475643927,1.155862953403,40.));
#1349 = B_SPLINE_CURVE_WITH_KNOTS('',2,(#1350,#1351,#1352),
  .UNSPECIFIED.,.F.,.F.,(3,3),(0.,1.),.PIECEWISE_BEZIER_KNOTS.);
#1350 = CARTESIAN_POINT('',(-1.523178093495,0.755556757438,40.));
#1351 = CARTESIAN_POINT('',(-1.597475643927,0.921262809311,40.));
#1352 = CARTESIAN_POINT('',(-1.597475643927,1.155862953403,40.));
#1353 = ORIENTED_EDGE('',*,*,#1354,.T.);
#1354 = EDGE_CURVE('',#1347,#1355,#1357,.T.);
#1355 = VERTEX_POINT('',#1356);
#1356 = CARTESIAN_POINT('',(-1.511020312515,1.570128083086,40.));
#1357 = B_SPLINE_CURVE_WITH_KNOTS('',2,(#1358,#1359,#1360),
  .UNSPECIFIED.,.F.,.F.,(3,3),(0.,1.),.PIECEWISE_BEZIER_KNOTS.);
#1358 = CARTESIAN_POINT('',(-1.597475643927,1.155862953403,40.));
#1359 = CARTESIAN_POINT('',(-1.597475643927,1.373352146487,40.));
#1360 = CARTESIAN_POINT('',(-1.511020312515,1.570128083086,40.));
#1361 = ORIENTED_EDGE('',*,*,#1362,.T.);
#1362 = EDGE_CURVE('',#1355,#1363,#1365,.T.);
#1363 = VERTEX_POINT('',#1364);
#1364 = CARTESIAN_POINT('',(-1.2568326324,1.91347282372,40.));
#1365 = B_SPLINE_CURVE_WITH_KNOTS('',2,(#1366,#1367,#1368),
  .UNSPECIFIED.,.F.,.F.,(3,3),(0.,1.),.PIECEWISE_BEZIER_KNOTS.);
#1366 = CARTESIAN_POINT('',(-1.511020312515,1.570128083086,40.));
#1367 = CARTESIAN_POINT('',(-1.424564981103,1.766904019686,40.));
#1368 = CARTESIAN_POINT('',(-1.2568326324,1.91347282372,40.));
#1369 = ORIENTED_EDGE('',*,*,#1370,.T.);
#1370 = EDGE_CURVE('',#1363,#1371,#1373,.T.);
#1371 = VERTEX_POINT('',#1372);
#1372 = CARTESIAN_POINT('',(-0.838514909057,2.148298111905,40.));
#1373 = B_SPLINE_CURVE_WITH_KNOTS('',2,(#1374,#1375,#1376),
  .UNSPECIFIED.,.F.,.F.,(3,3),(0.,1.),.PIECEWISE_BEZIER_KNOTS.);
#1374 = CARTESIAN_POINT('',(-1.2568326324,1.91347282372,40.));
#1375 = CARTESIAN_POINT('',(-1.089100283696,2.060266771847,40.));
#1376 = CARTESIAN_POINT('',(-0.838514909057,2.148298111905,40.));
#1377 = ORIENTED_EDGE('',*,*,#1378,.T.);
#1378 = EDGE_CURVE('',#1371,#1379,#1381,.T.);
#1379 = VERTEX_POINT('',#1380);
#1380 = CARTESIAN_POINT('',(-0.259219159777,2.236329451962,40.));
#1381 = B_SPLINE_CURVE_WITH_KNOTS('',2,(#1382,#1383,#1384),
  .UNSPECIFIED.,.F.,.F.,(3,3),(0.,1.),.PIECEWISE_BEZIER_KNOTS.);
#1382 = CARTESIAN_POINT('',(-0.838514909057,2.148298111905,40.));
#1383 = CARTESIAN_POINT('',(-0.587704390325,2.236329451962,40.));
#1384 = CARTESIAN_POINT('',(-0.259219159777,2.236329451962,40.));
#1385 = ORIENTED_EDGE('',*,*,#1386,.T.);
#1386 = EDGE_CURVE('',#1379,#1387,#1389,.T.);
#1387 = VERTEX_POINT('',#1388);
#1388 = CARTESIAN_POINT('',(0.40810792956,2.115201930348,40.));
#1389 = B_SPLINE_CURVE_WITH_KNOTS('',2,(#1390,#1391,#1392),
  .UNSPECIFIED.,.F.,.F.,(3,3),(0.,1.),.PIECEWISE_BEZIER_KNOTS.);
#1390 = CARTESIAN_POINT('',(-0.259219159777,2.236329451962,40.));
#1391 = CARTESIAN_POINT('',(0.107315422355,2.236329451962,40.));
#1392 = CARTESIAN_POINT('',(0.40810792956,2.115201930348,40.));
#1393 = ORIENTED_EDGE('',*,*,#1394,.T.);
#1394 = EDGE_CURVE('',#1387,#1001,#1395,.T.);
#1395 = B_SPLINE_CURVE_WITH_KNOTS('',2,(#1396,#1397,#1398),
  .UNSPECIFIED.,.F.,.F.,(3,3),(0.,1.),.PIECEWISE_BEZIER_KNOTS.);
#1396 = CARTESIAN_POINT('',(0.40810792956,2.115201930348,40.));
#1397 = CARTESIAN_POINT('',(0.709125580857,1.994299552827,40.));
#1398 = CARTESIAN_POINT('',(0.909728967024,1.797073328043,40.));
#1399 = FACE_BOUND('',#1400,.T.);
#1400 = EDGE_LOOP('',(#1401,#1411,#1419,#1427,#1435,#1443,#1451,#1459,
    #1467,#1475,#1483,#1491,#1499,#1507,#1515,#1523,#1531,#1539,#1547,
    #1555,#1563));
#1401 = ORIENTED_EDGE('',*,*,#1402,.T.);
#1402 = EDGE_CURVE('',#1403,#1405,#1407,.T.);
#1403 = VERTEX_POINT('',#1404);
#1404 = CARTESIAN_POINT('',(-6.380211594936,0.593678155132,40.));
#1405 = VERTEX_POINT('',#1406);
#1406 = CARTESIAN_POINT('',(-6.777816061794,0.593678155132,40.));
#1407 = LINE('',#1408,#1409);
#1408 = CARTESIAN_POINT('',(-6.380211594936,0.593678155132,40.));
#1409 = VECTOR('',#1410,1.);
#1410 = DIRECTION('',(-1.,0.,0.));
#1411 = ORIENTED_EDGE('',*,*,#1412,.T.);
#1412 = EDGE_CURVE('',#1405,#1413,#1415,.T.);
#1413 = VERTEX_POINT('',#1414);
#1414 = CARTESIAN_POINT('',(-6.777816061794,-1.358771412591,40.));
#1415 = LINE('',#1416,#1417);
#1416 = CARTESIAN_POINT('',(-6.777816061794,0.593678155132,40.));
#1417 = VECTOR('',#1418,1.);
#1418 = DIRECTION('',(0.,-1.,0.));
#1419 = ORIENTED_EDGE('',*,*,#1420,.T.);
#1420 = EDGE_CURVE('',#1413,#1421,#1423,.T.);
#1421 = VERTEX_POINT('',#1422);
#1422 = CARTESIAN_POINT('',(-7.708111450843,-1.358771412591,40.));
#1423 = LINE('',#1424,#1425);
#1424 = CARTESIAN_POINT('',(-6.777816061794,-1.358771412591,40.));
#1425 = VECTOR('',#1426,1.);
#1426 = DIRECTION('',(-1.,0.,0.));
#1427 = ORIENTED_EDGE('',*,*,#1428,.T.);
#1428 = EDGE_CURVE('',#1421,#1429,#1431,.T.);
#1429 = VERTEX_POINT('',#1430);
#1430 = CARTESIAN_POINT('',(-7.708111450843,3.634023976458,40.));
#1431 = LINE('',#1432,#1433);
#1432 = CARTESIAN_POINT('',(-7.708111450843,-1.358771412591,40.));
#1433 = VECTOR('',#1434,1.);
#1434 = DIRECTION('',(0.,1.,0.));
#1435 = ORIENTED_EDGE('',*,*,#1436,.T.);
#1436 = EDGE_CURVE('',#1429,#1437,#1439,.T.);
#1437 = VERTEX_POINT('',#1438);
#1438 = CARTESIAN_POINT('',(-6.182985370152,3.634023976458,40.));
#1439 = LINE('',#1440,#1441);
#1440 = CARTESIAN_POINT('',(-7.708111450843,3.634023976458,40.));
#1441 = VECTOR('',#1442,1.);
#1442 = DIRECTION('',(1.,0.,0.));
#1443 = ORIENTED_EDGE('',*,*,#1444,.T.);
#1444 = EDGE_CURVE('',#1437,#1445,#1447,.T.);
#1445 = VERTEX_POINT('',#1446);
#1446 = CARTESIAN_POINT('',(-5.306499419143,3.528656541299,40.));
#1447 = B_SPLINE_CURVE_WITH_KNOTS('',2,(#1448,#1449,#1450),
  .UNSPECIFIED.,.F.,.F.,(3,3),(0.,1.),.PIECEWISE_BEZIER_KNOTS.);
#1448 = CARTESIAN_POINT('',(-6.182985370152,3.634023976458,40.));
#1449 = CARTESIAN_POINT('',(-5.671232848538,3.634023976458,40.));
#1450 = CARTESIAN_POINT('',(-5.306499419143,3.528656541299,40.));
#1451 = ORIENTED_EDGE('',*,*,#1452,.T.);
#1452 = EDGE_CURVE('',#1445,#1453,#1455,.T.);
#1453 = VERTEX_POINT('',#1454);
#1454 = CARTESIAN_POINT('',(-4.708291566117,3.233267492308,40.));
#1455 = B_SPLINE_CURVE_WITH_KNOTS('',2,(#1456,#1457,#1458),
  .UNSPECIFIED.,.F.,.F.,(3,3),(0.,1.),.PIECEWISE_BEZIER_KNOTS.);
#1456 = CARTESIAN_POINT('',(-5.306499419143,3.528656541299,40.));
#1457 = CARTESIAN_POINT('',(-4.941540845656,3.423289106141,40.));
#1458 = CARTESIAN_POINT('',(-4.708291566117,3.233267492308,40.));
#1459 = ORIENTED_EDGE('',*,*,#1460,.T.);
#1460 = EDGE_CURVE('',#1453,#1461,#1463,.T.);
#1461 = VERTEX_POINT('',#1462);
#1462 = CARTESIAN_POINT('',(-4.365847401852,2.779151858302,40.));
#1463 = B_SPLINE_CURVE_WITH_KNOTS('',2,(#1464,#1465,#1466),
  .UNSPECIFIED.,.F.,.F.,(3,3),(0.,1.),.PIECEWISE_BEZIER_KNOTS.);
#1464 = CARTESIAN_POINT('',(-4.708291566117,3.233267492308,40.));
#1465 = CARTESIAN_POINT('',(-4.474817142486,3.043471022567,40.));
#1466 = CARTESIAN_POINT('',(-4.365847401852,2.779151858302,40.));
#1467 = ORIENTED_EDGE('',*,*,#1468,.T.);
#1468 = EDGE_CURVE('',#1461,#1469,#1471,.T.);
#1469 = VERTEX_POINT('',#1470);
#1470 = CARTESIAN_POINT('',(-4.256877661218,2.197154379916,40.));
#1471 = B_SPLINE_CURVE_WITH_KNOTS('',2,(#1472,#1473,#1474),
  .UNSPECIFIED.,.F.,.F.,(3,3),(0.,1.),.PIECEWISE_BEZIER_KNOTS.);
#1472 = CARTESIAN_POINT('',(-4.365847401852,2.779151858302,40.));
#1473 = CARTESIAN_POINT('',(-4.256877661218,2.515057838129,40.));
#1474 = CARTESIAN_POINT('',(-4.256877661218,2.197154379916,40.));
#1475 = ORIENTED_EDGE('',*,*,#1476,.T.);
#1476 = EDGE_CURVE('',#1469,#1477,#1479,.T.);
#1477 = VERTEX_POINT('',#1478);
#1478 = CARTESIAN_POINT('',(-4.33117521165,1.720524336689,40.));
#1479 = B_SPLINE_CURVE_WITH_KNOTS('',2,(#1480,#1481,#1482),
  .UNSPECIFIED.,.F.,.F.,(3,3),(0.,1.),.PIECEWISE_BEZIER_KNOTS.);
#1480 = CARTESIAN_POINT('',(-4.256877661218,2.197154379916,40.));
#1481 = CARTESIAN_POINT('',(-4.256877661218,1.945218140723,40.));
#1482 = CARTESIAN_POINT('',(-4.33117521165,1.720524336689,40.));
#1483 = ORIENTED_EDGE('',*,*,#1484,.T.);
#1484 = EDGE_CURVE('',#1477,#1485,#1487,.T.);
#1485 = VERTEX_POINT('',#1486);
#1486 = CARTESIAN_POINT('',(-4.545737531535,1.313013529772,40.));
#1487 = B_SPLINE_CURVE_WITH_KNOTS('',2,(#1488,#1489,#1490),
  .UNSPECIFIED.,.F.,.F.,(3,3),(0.,1.),.PIECEWISE_BEZIER_KNOTS.);
#1488 = CARTESIAN_POINT('',(-4.33117521165,1.720524336689,40.));
#1489 = CARTESIAN_POINT('',(-4.405472762083,1.496055676746,40.));
#1490 = CARTESIAN_POINT('',(-4.545737531535,1.313013529772,40.));
#1491 = ORIENTED_EDGE('',*,*,#1492,.T.);
#1492 = EDGE_CURVE('',#1485,#1493,#1495,.T.);
#1493 = VERTEX_POINT('',#1494);
#1494 = CARTESIAN_POINT('',(-4.891558857183,0.991732910176,40.));
#1495 = B_SPLINE_CURVE_WITH_KNOTS('',2,(#1496,#1497,#1498),
  .UNSPECIFIED.,.F.,.F.,(3,3),(0.,1.),.PIECEWISE_BEZIER_KNOTS.);
#1496 = CARTESIAN_POINT('',(-4.545737531535,1.313013529772,40.));
#1497 = CARTESIAN_POINT('',(-4.685777156895,1.129971382798,40.));
#1498 = CARTESIAN_POINT('',(-4.891558857183,0.991732910176,40.));
#1499 = ORIENTED_EDGE('',*,*,#1500,.T.);
#1500 = EDGE_CURVE('',#1493,#1501,#1503,.T.);
#1501 = VERTEX_POINT('',#1502);
#1502 = CARTESIAN_POINT('',(-5.360083713091,0.770866555709,40.));
#1503 = B_SPLINE_CURVE_WITH_KNOTS('',2,(#1504,#1505,#1506),
  .UNSPECIFIED.,.F.,.F.,(3,3),(0.,1.),.PIECEWISE_BEZIER_KNOTS.);
#1504 = CARTESIAN_POINT('',(-4.891558857183,0.991732910176,40.));
#1505 = CARTESIAN_POINT('',(-5.097115413379,0.853719581645,40.));
#1506 = CARTESIAN_POINT('',(-5.360083713091,0.770866555709,40.));
#1507 = ORIENTED_EDGE('',*,*,#1508,.T.);
#1508 = EDGE_CURVE('',#1501,#1509,#1511,.T.);
#1509 = VERTEX_POINT('',#1510);
#1510 = CARTESIAN_POINT('',(-5.055688900411,0.484483270406,40.));
#1511 = B_SPLINE_CURVE_WITH_KNOTS('',2,(#1512,#1513,#1514),
  .UNSPECIFIED.,.F.,.F.,(3,3),(0.,1.),.PIECEWISE_BEZIER_KNOTS.);
#1512 = CARTESIAN_POINT('',(-5.360083713091,0.770866555709,40.));
#1513 = CARTESIAN_POINT('',(-5.183570744792,0.670677434671,40.));
#1514 = CARTESIAN_POINT('',(-5.055688900411,0.484483270406,40.));
#1515 = ORIENTED_EDGE('',*,*,#1516,.T.);
#1516 = EDGE_CURVE('',#1509,#1517,#1519,.T.);
#1517 = VERTEX_POINT('',#1518);
#1518 = CARTESIAN_POINT('',(-3.803887747673,-1.358771412591,40.));
#1519 = LINE('',#1520,#1521);
#1520 = CARTESIAN_POINT('',(-5.055688900411,0.484483270406,40.));
#1521 = VECTOR('',#1522,1.);
#1522 = DIRECTION('',(0.561815193865,-0.827262768377,0.));
#1523 = ORIENTED_EDGE('',*,*,#1524,.T.);
#1524 = EDGE_CURVE('',#1517,#1525,#1527,.T.);
#1525 = VERTEX_POINT('',#1526);
#1526 = CARTESIAN_POINT('',(-4.640748338451,-1.358771412591,40.));
#1527 = LINE('',#1528,#1529);
#1528 = CARTESIAN_POINT('',(-3.803887747673,-1.358771412591,40.));
#1529 = VECTOR('',#1530,1.);
#1530 = DIRECTION('',(-1.,0.,0.));
#1531 = ORIENTED_EDGE('',*,*,#1532,.T.);
#1532 = EDGE_CURVE('',#1525,#1533,#1535,.T.);
#1533 = VERTEX_POINT('',#1534);
#1534 = CARTESIAN_POINT('',(-4.84653003874,-1.310365432764,40.));
#1535 = B_SPLINE_CURVE_WITH_KNOTS('',2,(#1536,#1537,#1538),
  .UNSPECIFIED.,.F.,.F.,(3,3),(0.,1.),.PIECEWISE_BEZIER_KNOTS.);
#1536 = CARTESIAN_POINT('',(-4.640748338451,-1.358771412591,40.));
#1537 = CARTESIAN_POINT('',(-4.761650715973,-1.358771412591,40.));
#1538 = CARTESIAN_POINT('',(-4.84653003874,-1.310365432764,40.));
#1539 = ORIENTED_EDGE('',*,*,#1540,.T.);
#1540 = EDGE_CURVE('',#1533,#1541,#1543,.T.);
#1541 = VERTEX_POINT('',#1542);
#1542 = CARTESIAN_POINT('',(-4.989946825483,-1.172126960141,40.));
#1543 = B_SPLINE_CURVE_WITH_KNOTS('',2,(#1544,#1545,#1546),
  .UNSPECIFIED.,.F.,.F.,(3,3),(0.,1.),.PIECEWISE_BEZIER_KNOTS.);
#1544 = CARTESIAN_POINT('',(-4.84653003874,-1.310365432764,40.));
#1545 = CARTESIAN_POINT('',(-4.931184217414,-1.261959452937,40.));
#1546 = CARTESIAN_POINT('',(-4.989946825483,-1.172126960141,40.));
#1547 = ORIENTED_EDGE('',*,*,#1548,.T.);
#1548 = EDGE_CURVE('',#1541,#1549,#1551,.T.);
#1549 = VERTEX_POINT('',#1550);
#1550 = CARTESIAN_POINT('',(-6.041369736146,0.427746959167,40.));
#1551 = LINE('',#1552,#1553);
#1552 = CARTESIAN_POINT('',(-4.989946825483,-1.172126960141,40.));
#1553 = VECTOR('',#1554,1.);
#1554 = DIRECTION('',(-0.549206046704,0.83568697385,0.));
#1555 = ORIENTED_EDGE('',*,*,#1556,.T.);
#1556 = EDGE_CURVE('',#1549,#1557,#1559,.T.);
#1557 = VERTEX_POINT('',#1558);
#1558 = CARTESIAN_POINT('',(-6.171052733264,0.555628803547,40.));
#1559 = B_SPLINE_CURVE_WITH_KNOTS('',2,(#1560,#1561,#1562),
  .UNSPECIFIED.,.F.,.F.,(3,3),(0.,1.),.PIECEWISE_BEZIER_KNOTS.);
#1560 = CARTESIAN_POINT('',(-6.041369736146,0.427746959167,40.));
#1561 = CARTESIAN_POINT('',(-6.100132344215,0.517579451962,40.));
#1562 = CARTESIAN_POINT('',(-6.171052733264,0.555628803547,40.));
#1563 = ORIENTED_EDGE('',*,*,#1564,.T.);
#1564 = EDGE_CURVE('',#1557,#1403,#1565,.T.);
#1565 = B_SPLINE_CURVE_WITH_KNOTS('',2,(#1566,#1567,#1568),
  .UNSPECIFIED.,.F.,.F.,(3,3),(0.,1.),.PIECEWISE_BEZIER_KNOTS.);
#1566 = CARTESIAN_POINT('',(-6.171052733264,0.555628803547,40.));
#1567 = CARTESIAN_POINT('',(-6.241973122313,0.593678155132,40.));
#1568 = CARTESIAN_POINT('',(-6.380211594936,0.593678155132,40.));
#1569 = FACE_BOUND('',#1570,.T.);
#1570 = EDGE_LOOP('',(#1571,#1581,#1589,#1597,#1605,#1613,#1621,#1629,
    #1637,#1645,#1653,#1661,#1669,#1677,#1685,#1693));
#1571 = ORIENTED_EDGE('',*,*,#1572,.T.);
#1572 = EDGE_CURVE('',#1573,#1575,#1577,.T.);
#1573 = VERTEX_POINT('',#1574);
#1574 = CARTESIAN_POINT('',(-2.270656479662,3.43229486983,40.));
#1575 = VERTEX_POINT('',#1576);
#1576 = CARTESIAN_POINT('',(-2.225627661218,3.218182838129,40.));
#1577 = B_SPLINE_CURVE_WITH_KNOTS('',2,(#1578,#1579,#1580),
  .UNSPECIFIED.,.F.,.F.,(3,3),(0.,1.),.PIECEWISE_BEZIER_KNOTS.);
#1578 = CARTESIAN_POINT('',(-2.270656479662,3.43229486983,40.));
#1579 = CARTESIAN_POINT('',(-2.225627661218,3.332105748792,40.));
#1580 = CARTESIAN_POINT('',(-2.225627661218,3.218182838129,40.));
#1581 = ORIENTED_EDGE('',*,*,#1582,.T.);
#1582 = EDGE_CURVE('',#1575,#1583,#1585,.T.);
#1583 = VERTEX_POINT('',#1584);
#1584 = CARTESIAN_POINT('',(-2.270656479662,3.010825129196,40.));
#1585 = B_SPLINE_CURVE_WITH_KNOTS('',2,(#1586,#1587,#1588),
  .UNSPECIFIED.,.F.,.F.,(3,3),(0.,1.),.PIECEWISE_BEZIER_KNOTS.);
#1586 = CARTESIAN_POINT('',(-2.225627661218,3.218182838129,40.));
#1587 = CARTESIAN_POINT('',(-2.225627661218,3.10763708885,40.));
#1588 = CARTESIAN_POINT('',(-2.270656479662,3.010825129196,40.));
#1589 = ORIENTED_EDGE('',*,*,#1590,.T.);
#1590 = EDGE_CURVE('',#1583,#1591,#1593,.T.);
#1591 = VERTEX_POINT('',#1592);
#1592 = CARTESIAN_POINT('',(-2.389982848538,2.841741915939,40.));
#1593 = B_SPLINE_CURVE_WITH_KNOTS('',2,(#1594,#1595,#1596),
  .UNSPECIFIED.,.F.,.F.,(3,3),(0.,1.),.PIECEWISE_BEZIER_KNOTS.);
#1594 = CARTESIAN_POINT('',(-2.270656479662,3.010825129196,40.));
#1595 = CARTESIAN_POINT('',(-2.315685298106,2.914238313634,40.));
#1596 = CARTESIAN_POINT('',(-2.389982848538,2.841741915939,40.));
#1597 = ORIENTED_EDGE('',*,*,#1598,.T.);
#1598 = EDGE_CURVE('',#1591,#1599,#1601,.T.);
#1599 = VERTEX_POINT('',#1600);
#1600 = CARTESIAN_POINT('',(-2.5646946641,2.726017852539,40.));
#1601 = B_SPLINE_CURVE_WITH_KNOTS('',2,(#1602,#1603,#1604),
  .UNSPECIFIED.,.F.,.F.,(3,3),(0.,1.),.PIECEWISE_BEZIER_KNOTS.);
#1602 = CARTESIAN_POINT('',(-2.389982848538,2.841741915939,40.));
#1603 = CARTESIAN_POINT('',(-2.46428039897,2.769245518245,40.));
#1604 = CARTESIAN_POINT('',(-2.5646946641,2.726017852539,40.));
#1605 = ORIENTED_EDGE('',*,*,#1606,.T.);
#1606 = EDGE_CURVE('',#1599,#1607,#1609,.T.);
#1607 = VERTEX_POINT('',#1608);
#1608 = CARTESIAN_POINT('',(-2.779031839892,2.683015330925,40.));
#1609 = B_SPLINE_CURVE_WITH_KNOTS('',2,(#1610,#1611,#1612),
  .UNSPECIFIED.,.F.,.F.,(3,3),(0.,1.),.PIECEWISE_BEZIER_KNOTS.);
#1610 = CARTESIAN_POINT('',(-2.5646946641,2.726017852539,40.));
#1611 = CARTESIAN_POINT('',(-2.664883785137,2.683015330925,40.));
#1612 = CARTESIAN_POINT('',(-2.779031839892,2.683015330925,40.));
#1613 = ORIENTED_EDGE('',*,*,#1614,.T.);
#1614 = EDGE_CURVE('',#1607,#1615,#1617,.T.);
#1615 = VERTEX_POINT('',#1616);
#1616 = CARTESIAN_POINT('',(-2.988415845656,2.726017852539,40.));
#1617 = B_SPLINE_CURVE_WITH_KNOTS('',2,(#1618,#1619,#1620),
  .UNSPECIFIED.,.F.,.F.,(3,3),(0.,1.),.PIECEWISE_BEZIER_KNOTS.);
#1618 = CARTESIAN_POINT('',(-2.779031839892,2.683015330925,40.));
#1619 = CARTESIAN_POINT('',(-2.889802733264,2.683015330925,40.));
#1620 = CARTESIAN_POINT('',(-2.988415845656,2.726017852539,40.));
#1621 = ORIENTED_EDGE('',*,*,#1622,.T.);
#1622 = EDGE_CURVE('',#1615,#1623,#1625,.T.);
#1623 = VERTEX_POINT('',#1624);
#1624 = CARTESIAN_POINT('',(-3.159525355743,2.841741915939,40.));
#1625 = B_SPLINE_CURVE_WITH_KNOTS('',2,(#1626,#1627,#1628),
  .UNSPECIFIED.,.F.,.F.,(3,3),(0.,1.),.PIECEWISE_BEZIER_KNOTS.);
#1626 = CARTESIAN_POINT('',(-2.988415845656,2.726017852539,40.));
#1627 = CARTESIAN_POINT('',(-3.086803813956,2.769245518245,40.));
#1628 = CARTESIAN_POINT('',(-3.159525355743,2.841741915939,40.));
#1629 = ORIENTED_EDGE('',*,*,#1630,.T.);
#1630 = EDGE_CURVE('',#1623,#1631,#1633,.T.);
#1631 = VERTEX_POINT('',#1632);
#1632 = CARTESIAN_POINT('',(-3.275249419143,3.010825129196,40.));
#1633 = B_SPLINE_CURVE_WITH_KNOTS('',2,(#1634,#1635,#1636),
  .UNSPECIFIED.,.F.,.F.,(3,3),(0.,1.),.PIECEWISE_BEZIER_KNOTS.);
#1634 = CARTESIAN_POINT('',(-3.159525355743,2.841741915939,40.));
#1635 = CARTESIAN_POINT('',(-3.232021753437,2.914238313634,40.));
#1636 = CARTESIAN_POINT('',(-3.275249419143,3.010825129196,40.));
#1637 = ORIENTED_EDGE('',*,*,#1638,.T.);
#1638 = EDGE_CURVE('',#1631,#1639,#1641,.T.);
#1639 = VERTEX_POINT('',#1640);
#1640 = CARTESIAN_POINT('',(-3.318477084849,3.218182838129,40.));
#1641 = B_SPLINE_CURVE_WITH_KNOTS('',2,(#1642,#1643,#1644),
  .UNSPECIFIED.,.F.,.F.,(3,3),(0.,1.),.PIECEWISE_BEZIER_KNOTS.);
#1642 = CARTESIAN_POINT('',(-3.275249419143,3.010825129196,40.));
#1643 = CARTESIAN_POINT('',(-3.318477084849,3.10763708885,40.));
#1644 = CARTESIAN_POINT('',(-3.318477084849,3.218182838129,40.));
#1645 = ORIENTED_EDGE('',*,*,#1646,.T.);
#1646 = EDGE_CURVE('',#1639,#1647,#1649,.T.);
#1647 = VERTEX_POINT('',#1648);
#1648 = CARTESIAN_POINT('',(-3.275249419143,3.43229486983,40.));
#1649 = B_SPLINE_CURVE_WITH_KNOTS('',2,(#1650,#1651,#1652),
  .UNSPECIFIED.,.F.,.F.,(3,3),(0.,1.),.PIECEWISE_BEZIER_KNOTS.);
#1650 = CARTESIAN_POINT('',(-3.318477084849,3.218182838129,40.));
#1651 = CARTESIAN_POINT('',(-3.318477084849,3.332105748792,40.));
#1652 = CARTESIAN_POINT('',(-3.275249419143,3.43229486983,40.));
#1653 = ORIENTED_EDGE('',*,*,#1654,.T.);
#1654 = EDGE_CURVE('',#1647,#1655,#1657,.T.);
#1655 = VERTEX_POINT('',#1656);
#1656 = CARTESIAN_POINT('',(-3.159525355743,3.604980388562,40.));
#1657 = B_SPLINE_CURVE_WITH_KNOTS('',2,(#1658,#1659,#1660),
  .UNSPECIFIED.,.F.,.F.,(3,3),(0.,1.),.PIECEWISE_BEZIER_KNOTS.);
#1658 = CARTESIAN_POINT('',(-3.275249419143,3.43229486983,40.));
#1659 = CARTESIAN_POINT('',(-3.232021753437,3.532483990867,40.));
#1660 = CARTESIAN_POINT('',(-3.159525355743,3.604980388562,40.));
#1661 = ORIENTED_EDGE('',*,*,#1662,.T.);
#1662 = EDGE_CURVE('',#1655,#1663,#1665,.T.);
#1663 = VERTEX_POINT('',#1664);
#1664 = CARTESIAN_POINT('',(-2.988415845656,3.72047930787,40.));
#1665 = B_SPLINE_CURVE_WITH_KNOTS('',2,(#1666,#1667,#1668),
  .UNSPECIFIED.,.F.,.F.,(3,3),(0.,1.),.PIECEWISE_BEZIER_KNOTS.);
#1666 = CARTESIAN_POINT('',(-3.159525355743,3.604980388562,40.));
#1667 = CARTESIAN_POINT('',(-3.086803813956,3.677476786256,40.));
#1668 = CARTESIAN_POINT('',(-2.988415845656,3.72047930787,40.));
#1669 = ORIENTED_EDGE('',*,*,#1670,.T.);
#1670 = EDGE_CURVE('',#1663,#1671,#1673,.T.);
#1671 = VERTEX_POINT('',#1672);
#1672 = CARTESIAN_POINT('',(-2.779031839892,3.763706973576,40.));
#1673 = B_SPLINE_CURVE_WITH_KNOTS('',2,(#1674,#1675,#1676),
  .UNSPECIFIED.,.F.,.F.,(3,3),(0.,1.),.PIECEWISE_BEZIER_KNOTS.);
#1674 = CARTESIAN_POINT('',(-2.988415845656,3.72047930787,40.));
#1675 = CARTESIAN_POINT('',(-2.889802733264,3.763706973576,40.));
#1676 = CARTESIAN_POINT('',(-2.779031839892,3.763706973576,40.));
#1677 = ORIENTED_EDGE('',*,*,#1678,.T.);
#1678 = EDGE_CURVE('',#1671,#1679,#1681,.T.);
#1679 = VERTEX_POINT('',#1680);
#1680 = CARTESIAN_POINT('',(-2.5646946641,3.72047930787,40.));
#1681 = B_SPLINE_CURVE_WITH_KNOTS('',2,(#1682,#1683,#1684),
  .UNSPECIFIED.,.F.,.F.,(3,3),(0.,1.),.PIECEWISE_BEZIER_KNOTS.);
#1682 = CARTESIAN_POINT('',(-2.779031839892,3.763706973576,40.));
#1683 = CARTESIAN_POINT('',(-2.664883785137,3.763706973576,40.));
#1684 = CARTESIAN_POINT('',(-2.5646946641,3.72047930787,40.));
#1685 = ORIENTED_EDGE('',*,*,#1686,.T.);
#1686 = EDGE_CURVE('',#1679,#1687,#1689,.T.);
#1687 = VERTEX_POINT('',#1688);
#1688 = CARTESIAN_POINT('',(-2.389982848538,3.604980388562,40.));
#1689 = B_SPLINE_CURVE_WITH_KNOTS('',2,(#1690,#1691,#1692),
  .UNSPECIFIED.,.F.,.F.,(3,3),(0.,1.),.PIECEWISE_BEZIER_KNOTS.);
#1690 = CARTESIAN_POINT('',(-2.5646946641,3.72047930787,40.));
#1691 = CARTESIAN_POINT('',(-2.46428039897,3.677476786256,40.));
#1692 = CARTESIAN_POINT('',(-2.389982848538,3.604980388562,40.));
#1693 = ORIENTED_EDGE('',*,*,#1694,.T.);
#1694 = EDGE_CURVE('',#1687,#1573,#1695,.T.);
#1695 = B_SPLINE_CURVE_WITH_KNOTS('',2,(#1696,#1697,#1698),
  .UNSPECIFIED.,.F.,.F.,(3,3),(0.,1.),.PIECEWISE_BEZIER_KNOTS.);
#1696 = CARTESIAN_POINT('',(-2.389982848538,3.604980388562,40.));
#1697 = CARTESIAN_POINT('',(-2.315685298106,3.532483990867,40.));
#1698 = CARTESIAN_POINT('',(-2.270656479662,3.43229486983,40.));
#1699 = FACE_BOUND('',#1700,.T.);
#1700 = EDGE_LOOP('',(#1701,#1711,#1719,#1727,#1735,#1743,#1751,#1759,
    #1767,#1775,#1783,#1791,#1799,#1807,#1815,#1823,#1831,#1839,#1847,
    #1855,#1863,#1871,#1879,#1887,#1895,#1903,#1911,#1919,#1927,#1935));
#1701 = ORIENTED_EDGE('',*,*,#1702,.T.);
#1702 = EDGE_CURVE('',#1703,#1705,#1707,.T.);
#1703 = VERTEX_POINT('',#1704);
#1704 = CARTESIAN_POINT('',(6.321742655785,2.08390690153,40.));
#1705 = VERTEX_POINT('',#1706);
#1706 = CARTESIAN_POINT('',(7.035899716304,2.22192023006,40.));
#1707 = B_SPLINE_CURVE_WITH_KNOTS('',2,(#1708,#1709,#1710),
  .UNSPECIFIED.,.F.,.F.,(3,3),(0.,1.),.PIECEWISE_BEZIER_KNOTS.);
#1708 = CARTESIAN_POINT('',(6.321742655785,2.08390690153,40.));
#1709 = CARTESIAN_POINT('',(6.638295249445,2.22192023006,40.));
#1710 = CARTESIAN_POINT('',(7.035899716304,2.22192023006,40.));
#1711 = ORIENTED_EDGE('',*,*,#1712,.T.);
#1712 = EDGE_CURVE('',#1705,#1713,#1715,.T.);
#1713 = VERTEX_POINT('',#1714);
#1714 = CARTESIAN_POINT('',(7.653244817168,2.114976786256,40.));
#1715 = B_SPLINE_CURVE_WITH_KNOTS('',2,(#1716,#1717,#1718),
  .UNSPECIFIED.,.F.,.F.,(3,3),(0.,1.),.PIECEWISE_BEZIER_KNOTS.);
#1716 = CARTESIAN_POINT('',(7.035899716304,2.22192023006,40.));
#1717 = CARTESIAN_POINT('',(7.37136441371,2.22192023006,40.));
#1718 = CARTESIAN_POINT('',(7.653244817168,2.114976786256,40.));
#1719 = ORIENTED_EDGE('',*,*,#1720,.T.);
#1720 = EDGE_CURVE('',#1713,#1721,#1723,.T.);
#1721 = VERTEX_POINT('',#1722);
#1722 = CARTESIAN_POINT('',(8.139105768177,1.802927074441,40.));
#1723 = B_SPLINE_CURVE_WITH_KNOTS('',2,(#1724,#1725,#1726),
  .UNSPECIFIED.,.F.,.F.,(3,3),(0.,1.),.PIECEWISE_BEZIER_KNOTS.);
#1724 = CARTESIAN_POINT('',(7.653244817168,2.114976786256,40.));
#1725 = CARTESIAN_POINT('',(7.935125220626,2.008258486544,40.));
#1726 = CARTESIAN_POINT('',(8.139105768177,1.802927074441,40.));
#1727 = ORIENTED_EDGE('',*,*,#1728,.T.);
#1728 = EDGE_CURVE('',#1721,#1729,#1731,.T.);
#1729 = VERTEX_POINT('',#1730);
#1730 = CARTESIAN_POINT('',(8.457234370482,1.299504884239,40.));
#1731 = B_SPLINE_CURVE_WITH_KNOTS('',2,(#1732,#1733,#1734),
  .UNSPECIFIED.,.F.,.F.,(3,3),(0.,1.),.PIECEWISE_BEZIER_KNOTS.);
#1732 = CARTESIAN_POINT('',(8.139105768177,1.802927074441,40.));
#1733 = CARTESIAN_POINT('',(8.343086315727,1.597820806429,40.));
#1734 = CARTESIAN_POINT('',(8.457234370482,1.299504884239,40.));
#1735 = ORIENTED_EDGE('',*,*,#1736,.T.);
#1736 = EDGE_CURVE('',#1729,#1737,#1739,.T.);
#1737 = VERTEX_POINT('',#1738);
#1738 = CARTESIAN_POINT('',(8.571382425237,0.618669149369,40.));
#1739 = B_SPLINE_CURVE_WITH_KNOTS('',2,(#1740,#1741,#1742),
  .UNSPECIFIED.,.F.,.F.,(3,3),(0.,1.),.PIECEWISE_BEZIER_KNOTS.);
#1740 = CARTESIAN_POINT('',(8.457234370482,1.299504884239,40.));
#1741 = CARTESIAN_POINT('',(8.571382425237,1.001414106141,40.));
#1742 = CARTESIAN_POINT('',(8.571382425237,0.618669149369,40.));
#1743 = ORIENTED_EDGE('',*,*,#1744,.T.);
#1744 = EDGE_CURVE('',#1737,#1745,#1747,.T.);
#1745 = VERTEX_POINT('',#1746);
#1746 = CARTESIAN_POINT('',(8.562601805641,0.458141411616,40.));
#1747 = B_SPLINE_CURVE_WITH_KNOTS('',2,(#1748,#1749,#1750),
  .UNSPECIFIED.,.F.,.F.,(3,3),(0.,1.),.PIECEWISE_BEZIER_KNOTS.);
#1748 = CARTESIAN_POINT('',(8.571382425237,0.618669149369,40.));
#1749 = CARTESIAN_POINT('',(8.571382425237,0.522082333807,40.));
#1750 = CARTESIAN_POINT('',(8.562601805641,0.458141411616,40.));
#1751 = ORIENTED_EDGE('',*,*,#1752,.T.);
#1752 = EDGE_CURVE('',#1745,#1753,#1755,.T.);
#1753 = VERTEX_POINT('',#1754);
#1754 = CARTESIAN_POINT('',(8.531531920915,0.358177434671,40.));
#1755 = B_SPLINE_CURVE_WITH_KNOTS('',2,(#1756,#1757,#1758),
  .UNSPECIFIED.,.F.,.F.,(3,3),(0.,1.),.PIECEWISE_BEZIER_KNOTS.);
#1756 = CARTESIAN_POINT('',(8.562601805641,0.458141411616,40.));
#1757 = CARTESIAN_POINT('',(8.554046330136,0.394425633518,40.));
#1758 = CARTESIAN_POINT('',(8.531531920915,0.358177434671,40.));
#1759 = ORIENTED_EDGE('',*,*,#1760,.T.);
#1760 = EDGE_CURVE('',#1753,#1761,#1763,.T.);
#1761 = VERTEX_POINT('',#1762);
#1762 = CARTESIAN_POINT('',(8.4711933042,0.306619437553,40.));
#1763 = B_SPLINE_CURVE_WITH_KNOTS('',2,(#1764,#1765,#1766),
  .UNSPECIFIED.,.F.,.F.,(3,3),(0.,1.),.PIECEWISE_BEZIER_KNOTS.);
#1764 = CARTESIAN_POINT('',(8.531531920915,0.358177434671,40.));
#1765 = CARTESIAN_POINT('',(8.509242655785,0.322154379916,40.));
#1766 = CARTESIAN_POINT('',(8.4711933042,0.306619437553,40.));
#1767 = ORIENTED_EDGE('',*,*,#1768,.T.);
#1768 = EDGE_CURVE('',#1761,#1769,#1771,.T.);
#1769 = VERTEX_POINT('',#1770);
#1770 = CARTESIAN_POINT('',(8.374156200453,0.29108449519,40.));
#1771 = B_SPLINE_CURVE_WITH_KNOTS('',2,(#1772,#1773,#1774),
  .UNSPECIFIED.,.F.,.F.,(3,3),(0.,1.),.PIECEWISE_BEZIER_KNOTS.);
#1772 = CARTESIAN_POINT('',(8.4711933042,0.306619437553,40.));
#1773 = CARTESIAN_POINT('',(8.433143952615,0.29108449519,40.));
#1774 = CARTESIAN_POINT('',(8.374156200453,0.29108449519,40.));
#1775 = ORIENTED_EDGE('',*,*,#1776,.T.);
#1776 = EDGE_CURVE('',#1769,#1777,#1779,.T.);
#1777 = VERTEX_POINT('',#1778);
#1778 = CARTESIAN_POINT('',(6.181703030425,0.29108449519,40.));
#1779 = LINE('',#1780,#1781);
#1780 = CARTESIAN_POINT('',(8.374156200453,0.29108449519,40.));
#1781 = VECTOR('',#1782,1.);
#1782 = DIRECTION('',(-1.,0.,0.));
#1783 = ORIENTED_EDGE('',*,*,#1784,.T.);
#1784 = EDGE_CURVE('',#1777,#1785,#1787,.T.);
#1785 = VERTEX_POINT('',#1786);
#1786 = CARTESIAN_POINT('',(6.47551607077,-0.513580490401,40.));
#1787 = B_SPLINE_CURVE_WITH_KNOTS('',2,(#1788,#1789,#1790),
  .UNSPECIFIED.,.F.,.F.,(3,3),(0.,1.),.PIECEWISE_BEZIER_KNOTS.);
#1788 = CARTESIAN_POINT('',(6.181703030425,0.29108449519,40.));
#1789 = CARTESIAN_POINT('',(6.21975238201,-0.256916225271,40.));
#1790 = CARTESIAN_POINT('',(6.47551607077,-0.513580490401,40.));
#1791 = ORIENTED_EDGE('',*,*,#1792,.T.);
#1792 = EDGE_CURVE('',#1785,#1793,#1795,.T.);
#1793 = VERTEX_POINT('',#1794);
#1794 = CARTESIAN_POINT('',(7.153424932442,-0.770019611438,40.));
#1795 = B_SPLINE_CURVE_WITH_KNOTS('',2,(#1796,#1797,#1798),
  .UNSPECIFIED.,.F.,.F.,(3,3),(0.,1.),.PIECEWISE_BEZIER_KNOTS.);
#1796 = CARTESIAN_POINT('',(6.47551607077,-0.513580490401,40.));
#1797 = CARTESIAN_POINT('',(6.731504903623,-0.770019611438,40.));
#1798 = CARTESIAN_POINT('',(7.153424932442,-0.770019611438,40.));
#1799 = ORIENTED_EDGE('',*,*,#1800,.T.);
#1800 = EDGE_CURVE('',#1793,#1801,#1803,.T.);
#1801 = VERTEX_POINT('',#1802);
#1802 = CARTESIAN_POINT('',(7.51140403907,-0.721613631611,40.));
#1803 = B_SPLINE_CURVE_WITH_KNOTS('',2,(#1804,#1805,#1806),
  .UNSPECIFIED.,.F.,.F.,(3,3),(0.,1.),.PIECEWISE_BEZIER_KNOTS.);
#1804 = CARTESIAN_POINT('',(7.153424932442,-0.770019611438,40.));
#1805 = CARTESIAN_POINT('',(7.361007785468,-0.770019611438,40.));
#1806 = CARTESIAN_POINT('',(7.51140403907,-0.721613631611,40.));
#1807 = ORIENTED_EDGE('',*,*,#1808,.T.);
#1808 = EDGE_CURVE('',#1801,#1809,#1811,.T.);
#1809 = VERTEX_POINT('',#1810);
#1810 = CARTESIAN_POINT('',(7.77414719469,-0.61399475553,40.));
#1811 = B_SPLINE_CURVE_WITH_KNOTS('',2,(#1812,#1813,#1814),
  .UNSPECIFIED.,.F.,.F.,(3,3),(0.,1.),.PIECEWISE_BEZIER_KNOTS.);
#1812 = CARTESIAN_POINT('',(7.51140403907,-0.721613631611,40.));
#1813 = CARTESIAN_POINT('',(7.661800292672,-0.672982507692,40.));
#1814 = CARTESIAN_POINT('',(7.77414719469,-0.61399475553,40.));
#1815 = ORIENTED_EDGE('',*,*,#1816,.T.);
#1816 = EDGE_CURVE('',#1809,#1817,#1819,.T.);
#1817 = VERTEX_POINT('',#1818);
#1818 = CARTESIAN_POINT('',(7.971373419474,-0.506601023542,40.));
#1819 = B_SPLINE_CURVE_WITH_KNOTS('',2,(#1820,#1821,#1822),
  .UNSPECIFIED.,.F.,.F.,(3,3),(0.,1.),.PIECEWISE_BEZIER_KNOTS.);
#1820 = CARTESIAN_POINT('',(7.77414719469,-0.61399475553,40.));
#1821 = CARTESIAN_POINT('',(7.886719240799,-0.555007003369,40.));
#1822 = CARTESIAN_POINT('',(7.971373419474,-0.506601023542,40.));
#1823 = ORIENTED_EDGE('',*,*,#1824,.T.);
#1824 = EDGE_CURVE('',#1817,#1825,#1827,.T.);
#1825 = VERTEX_POINT('',#1826);
#1826 = CARTESIAN_POINT('',(8.135728606793,-0.457969899623,40.));
#1827 = B_SPLINE_CURVE_WITH_KNOTS('',2,(#1828,#1829,#1830),
  .UNSPECIFIED.,.F.,.F.,(3,3),(0.,1.),.PIECEWISE_BEZIER_KNOTS.);
#1828 = CARTESIAN_POINT('',(7.971373419474,-0.506601023542,40.));
#1829 = CARTESIAN_POINT('',(8.056027598148,-0.457969899623,40.));
#1830 = CARTESIAN_POINT('',(8.135728606793,-0.457969899623,40.));
#1831 = ORIENTED_EDGE('',*,*,#1832,.T.);
#1832 = EDGE_CURVE('',#1825,#1833,#1835,.T.);
#1833 = VERTEX_POINT('',#1834);
#1834 = CARTESIAN_POINT('',(8.225561099589,-0.478908300199,40.));
#1835 = B_SPLINE_CURVE_WITH_KNOTS('',2,(#1836,#1837,#1838),
  .UNSPECIFIED.,.F.,.F.,(3,3),(0.,1.),.PIECEWISE_BEZIER_KNOTS.);
#1836 = CARTESIAN_POINT('',(8.135728606793,-0.457969899623,40.));
#1837 = CARTESIAN_POINT('',(8.187511748004,-0.457969899623,40.));
#1838 = CARTESIAN_POINT('',(8.225561099589,-0.478908300199,40.));
#1839 = ORIENTED_EDGE('',*,*,#1840,.T.);
#1840 = EDGE_CURVE('',#1833,#1841,#1843,.T.);
#1841 = VERTEX_POINT('',#1842);
#1842 = CARTESIAN_POINT('',(8.291303174517,-0.538121196453,40.));
#1843 = B_SPLINE_CURVE_WITH_KNOTS('',2,(#1844,#1845,#1846),
  .UNSPECIFIED.,.F.,.F.,(3,3),(0.,1.),.PIECEWISE_BEZIER_KNOTS.);
#1844 = CARTESIAN_POINT('',(8.225561099589,-0.478908300199,40.));
#1845 = CARTESIAN_POINT('',(8.263610451174,-0.499846700775,40.));
#1846 = CARTESIAN_POINT('',(8.291303174517,-0.538121196453,40.));
#1847 = ORIENTED_EDGE('',*,*,#1848,.T.);
#1848 = EDGE_CURVE('',#1841,#1849,#1851,.T.);
#1849 = VERTEX_POINT('',#1850);
#1850 = CARTESIAN_POINT('',(8.540312540511,-0.851746916914,40.));
#1851 = LINE('',#1852,#1853);
#1852 = CARTESIAN_POINT('',(8.291303174517,-0.538121196453,40.));
#1853 = VECTOR('',#1854,1.);
#1854 = DIRECTION('',(0.621811155655,-0.783167215033,0.));
#1855 = ORIENTED_EDGE('',*,*,#1856,.T.);
#1856 = EDGE_CURVE('',#1849,#1857,#1859,.T.);
#1857 = VERTEX_POINT('',#1858);
#1858 = CARTESIAN_POINT('',(8.221958794113,-1.125747277144,40.));
#1859 = B_SPLINE_CURVE_WITH_KNOTS('',2,(#1860,#1861,#1862),
  .UNSPECIFIED.,.F.,.F.,(3,3),(0.,1.),.PIECEWISE_BEZIER_KNOTS.);
#1860 = CARTESIAN_POINT('',(8.540312540511,-0.851746916914,40.));
#1861 = CARTESIAN_POINT('',(8.398471762413,-1.015201527865,40.));
#1862 = CARTESIAN_POINT('',(8.221958794113,-1.125747277144,40.));
#1863 = ORIENTED_EDGE('',*,*,#1864,.T.);
#1864 = EDGE_CURVE('',#1857,#1865,#1867,.T.);
#1865 = VERTEX_POINT('',#1866);
#1866 = CARTESIAN_POINT('',(7.853623059243,-1.302710533628,40.));
#1867 = B_SPLINE_CURVE_WITH_KNOTS('',2,(#1868,#1869,#1870),
  .UNSPECIFIED.,.F.,.F.,(3,3),(0.,1.),.PIECEWISE_BEZIER_KNOTS.);
#1868 = CARTESIAN_POINT('',(8.221958794113,-1.125747277144,40.));
#1869 = CARTESIAN_POINT('',(8.045670969906,-1.236293026424,40.));
#1870 = CARTESIAN_POINT('',(7.853623059243,-1.302710533628,40.));
#1871 = ORIENTED_EDGE('',*,*,#1872,.T.);
#1872 = EDGE_CURVE('',#1865,#1873,#1875,.T.);
#1873 = VERTEX_POINT('',#1874);
#1874 = CARTESIAN_POINT('',(7.462998059243,-1.396370475992,40.));
#1875 = B_SPLINE_CURVE_WITH_KNOTS('',2,(#1876,#1877,#1878),
  .UNSPECIFIED.,.F.,.F.,(3,3),(0.,1.),.PIECEWISE_BEZIER_KNOTS.);
#1876 = CARTESIAN_POINT('',(7.853623059243,-1.302710533628,40.));
#1877 = CARTESIAN_POINT('',(7.661800292672,-1.369128040833,40.));
#1878 = CARTESIAN_POINT('',(7.462998059243,-1.396370475992,40.));
#1879 = ORIENTED_EDGE('',*,*,#1880,.T.);
#1880 = EDGE_CURVE('',#1873,#1881,#1883,.T.);
#1881 = VERTEX_POINT('',#1882);
#1882 = CARTESIAN_POINT('',(7.077326229272,-1.42361291115,40.));
#1883 = B_SPLINE_CURVE_WITH_KNOTS('',2,(#1884,#1885,#1886),
  .UNSPECIFIED.,.F.,.F.,(3,3),(0.,1.),.PIECEWISE_BEZIER_KNOTS.);
#1884 = CARTESIAN_POINT('',(7.462998059243,-1.396370475992,40.));
#1885 = CARTESIAN_POINT('',(7.264195825814,-1.42361291115,40.));
#1886 = CARTESIAN_POINT('',(7.077326229272,-1.42361291115,40.));
#1887 = ORIENTED_EDGE('',*,*,#1888,.T.);
#1888 = EDGE_CURVE('',#1881,#1889,#1891,.T.);
#1889 = VERTEX_POINT('',#1890);
#1890 = CARTESIAN_POINT('',(6.389285883451,-1.301134524983,40.));
#1891 = B_SPLINE_CURVE_WITH_KNOTS('',2,(#1892,#1893,#1894),
  .UNSPECIFIED.,.F.,.F.,(3,3),(0.,1.),.PIECEWISE_BEZIER_KNOTS.);
#1892 = CARTESIAN_POINT('',(7.077326229272,-1.42361291115,40.));
#1893 = CARTESIAN_POINT('',(6.707414485756,-1.42361291115,40.));
#1894 = CARTESIAN_POINT('',(6.389285883451,-1.301134524983,40.));
#1895 = ORIENTED_EDGE('',*,*,#1896,.T.);
#1896 = EDGE_CURVE('',#1889,#1897,#1899,.T.);
#1897 = VERTEX_POINT('',#1898);
#1898 = CARTESIAN_POINT('',(5.835881704776,-0.939102824695,40.));
#1899 = B_SPLINE_CURVE_WITH_KNOTS('',2,(#1900,#1901,#1902),
  .UNSPECIFIED.,.F.,.F.,(3,3),(0.,1.),.PIECEWISE_BEZIER_KNOTS.);
#1900 = CARTESIAN_POINT('',(6.389285883451,-1.301134524983,40.));
#1901 = CARTESIAN_POINT('',(6.071157281145,-1.178656138816,40.));
#1902 = CARTESIAN_POINT('',(5.835881704776,-0.939102824695,40.));
#1903 = ORIENTED_EDGE('',*,*,#1904,.T.);
#1904 = EDGE_CURVE('',#1897,#1905,#1907,.T.);
#1905 = VERTEX_POINT('',#1906);
#1906 = CARTESIAN_POINT('',(5.46596996126,-0.345848141698,40.));
#1907 = B_SPLINE_CURVE_WITH_KNOTS('',2,(#1908,#1909,#1910),
  .UNSPECIFIED.,.F.,.F.,(3,3),(0.,1.),.PIECEWISE_BEZIER_KNOTS.);
#1908 = CARTESIAN_POINT('',(5.835881704776,-0.939102824695,40.));
#1909 = CARTESIAN_POINT('',(5.6008312725,-0.699324366482,40.));
#1910 = CARTESIAN_POINT('',(5.46596996126,-0.345848141698,40.));
#1911 = ORIENTED_EDGE('',*,*,#1912,.T.);
#1912 = EDGE_CURVE('',#1905,#1913,#1915,.T.);
#1913 = VERTEX_POINT('',#1914);
#1914 = CARTESIAN_POINT('',(5.331108650021,0.473226065795,40.));
#1915 = B_SPLINE_CURVE_WITH_KNOTS('',2,(#1916,#1917,#1918),
  .UNSPECIFIED.,.F.,.F.,(3,3),(0.,1.),.PIECEWISE_BEZIER_KNOTS.);
#1916 = CARTESIAN_POINT('',(5.46596996126,-0.345848141698,40.));
#1917 = CARTESIAN_POINT('',(5.331108650021,7.628083086222E-03,40.));
#1918 = CARTESIAN_POINT('',(5.331108650021,0.473226065795,40.));
#1919 = ORIENTED_EDGE('',*,*,#1920,.T.);
#1920 = EDGE_CURVE('',#1913,#1921,#1923,.T.);
#1921 = VERTEX_POINT('',#1922);
#1922 = CARTESIAN_POINT('',(5.448633866159,1.15451208885,40.));
#1923 = B_SPLINE_CURVE_WITH_KNOTS('',2,(#1924,#1925,#1926),
  .UNSPECIFIED.,.F.,.F.,(3,3),(0.,1.),.PIECEWISE_BEZIER_KNOTS.);
#1924 = CARTESIAN_POINT('',(5.331108650021,0.473226065795,40.));
#1925 = CARTESIAN_POINT('',(5.331108650021,0.835482910176,40.));
#1926 = CARTESIAN_POINT('',(5.448633866159,1.15451208885,40.));
#1927 = ORIENTED_EDGE('',*,*,#1928,.T.);
#1928 = EDGE_CURVE('',#1921,#1929,#1931,.T.);
#1929 = VERTEX_POINT('',#1930);
#1930 = CARTESIAN_POINT('',(5.785674572211,1.709717420262,40.));
#1931 = B_SPLINE_CURVE_WITH_KNOTS('',2,(#1932,#1933,#1934),
  .UNSPECIFIED.,.F.,.F.,(3,3),(0.,1.),.PIECEWISE_BEZIER_KNOTS.);
#1932 = CARTESIAN_POINT('',(5.448633866159,1.15451208885,40.));
#1933 = CARTESIAN_POINT('',(5.566159082298,1.473541267524,40.));
#1934 = CARTESIAN_POINT('',(5.785674572211,1.709717420262,40.));
#1935 = ORIENTED_EDGE('',*,*,#1936,.T.);
#1936 = EDGE_CURVE('',#1929,#1703,#1937,.T.);
#1937 = B_SPLINE_CURVE_WITH_KNOTS('',2,(#1938,#1939,#1940),
  .UNSPECIFIED.,.F.,.F.,(3,3),(0.,1.),.PIECEWISE_BEZIER_KNOTS.);
#1938 = CARTESIAN_POINT('',(5.785674572211,1.709717420262,40.));
#1939 = CARTESIAN_POINT('',(6.005415206217,1.945893573,40.));
#1940 = CARTESIAN_POINT('',(6.321742655785,2.08390690153,40.));
#1941 = FACE_BOUND('',#1942,.T.);
#1942 = EDGE_LOOP('',(#1943,#1953,#1961,#1969,#1977,#1985,#1993,#2001,
    #2009,#2017,#2025,#2033,#2041,#2049,#2057,#2065,#2073,#2081));
#1943 = ORIENTED_EDGE('',*,*,#1944,.T.);
#1944 = EDGE_CURVE('',#1945,#1947,#1949,.T.);
#1945 = VERTEX_POINT('',#1946);
#1946 = CARTESIAN_POINT('',(2.490015350309,-1.365976023542,40.));
#1947 = VERTEX_POINT('',#1948);
#1948 = CARTESIAN_POINT('',(1.636043808523,-1.365976023542,40.));
#1949 = LINE('',#1950,#1951);
#1950 = CARTESIAN_POINT('',(2.490015350309,-1.365976023542,40.));
#1951 = VECTOR('',#1952,1.);
#1952 = DIRECTION('',(-1.,0.,0.));
#1953 = ORIENTED_EDGE('',*,*,#1954,.T.);
#1954 = EDGE_CURVE('',#1947,#1955,#1957,.T.);
#1955 = VERTEX_POINT('',#1956);
#1956 = CARTESIAN_POINT('',(1.636043808523,3.778116195478,40.));
#1957 = LINE('',#1958,#1959);
#1958 = CARTESIAN_POINT('',(1.636043808523,-1.365976023542,40.));
#1959 = VECTOR('',#1960,1.);
#1960 = DIRECTION('',(0.,1.,0.));
#1961 = ORIENTED_EDGE('',*,*,#1962,.T.);
#1962 = EDGE_CURVE('',#1955,#1963,#1965,.T.);
#1963 = VERTEX_POINT('',#1964);
#1964 = CARTESIAN_POINT('',(2.490015350309,3.778116195478,40.));
#1965 = LINE('',#1966,#1967);
#1966 = CARTESIAN_POINT('',(1.636043808523,3.778116195478,40.));
#1967 = VECTOR('',#1968,1.);
#1968 = DIRECTION('',(1.,0.,0.));
#1969 = ORIENTED_EDGE('',*,*,#1970,.T.);
#1970 = EDGE_CURVE('',#1963,#1971,#1973,.T.);
#1971 = VERTEX_POINT('',#1972);
#1972 = CARTESIAN_POINT('',(2.490015350309,1.794371598936,40.));
#1973 = LINE('',#1974,#1975);
#1974 = CARTESIAN_POINT('',(2.490015350309,3.778116195478,40.));
#1975 = VECTOR('',#1976,1.);
#1976 = DIRECTION('',(0.,-1.,0.));
#1977 = ORIENTED_EDGE('',*,*,#1978,.T.);
#1978 = EDGE_CURVE('',#1971,#1979,#1981,.T.);
#1979 = VERTEX_POINT('',#1980);
#1980 = CARTESIAN_POINT('',(2.94660756933,2.114526498072,40.));
#1981 = B_SPLINE_CURVE_WITH_KNOTS('',2,(#1982,#1983,#1984),
  .UNSPECIFIED.,.F.,.F.,(3,3),(0.,1.),.PIECEWISE_BEZIER_KNOTS.);
#1982 = CARTESIAN_POINT('',(2.490015350309,1.794371598936,40.));
#1983 = CARTESIAN_POINT('',(2.697598203335,1.992723544181,40.));
#1984 = CARTESIAN_POINT('',(2.94660756933,2.114526498072,40.));
#1985 = ORIENTED_EDGE('',*,*,#1986,.T.);
#1986 = EDGE_CURVE('',#1979,#1987,#1989,.T.);
#1987 = VERTEX_POINT('',#1988);
#1988 = CARTESIAN_POINT('',(3.53108163273,2.236329451962,40.));
#1989 = B_SPLINE_CURVE_WITH_KNOTS('',2,(#1990,#1991,#1992),
  .UNSPECIFIED.,.F.,.F.,(3,3),(0.,1.),.PIECEWISE_BEZIER_KNOTS.);
#1990 = CARTESIAN_POINT('',(2.94660756933,2.114526498072,40.));
#1991 = CARTESIAN_POINT('',(3.195616935324,2.236329451962,40.));
#1992 = CARTESIAN_POINT('',(3.53108163273,2.236329451962,40.));
#1993 = ORIENTED_EDGE('',*,*,#1994,.T.);
#1994 = EDGE_CURVE('',#1987,#1995,#1997,.T.);
#1995 = VERTEX_POINT('',#1996);
#1996 = CARTESIAN_POINT('',(4.046211315727,2.13771633957,40.));
#1997 = B_SPLINE_CURVE_WITH_KNOTS('',2,(#1998,#1999,#2000),
  .UNSPECIFIED.,.F.,.F.,(3,3),(0.,1.),.PIECEWISE_BEZIER_KNOTS.);
#1998 = CARTESIAN_POINT('',(3.53108163273,2.236329451962,40.));
#1999 = CARTESIAN_POINT('',(3.821517511693,2.236329451962,40.));
#2000 = CARTESIAN_POINT('',(4.046211315727,2.13771633957,40.));
#2001 = ORIENTED_EDGE('',*,*,#2002,.T.);
#2002 = EDGE_CURVE('',#1995,#2003,#2005,.T.);
#2003 = VERTEX_POINT('',#2004);
#2004 = CARTESIAN_POINT('',(4.421526517456,1.861239394325,40.));
#2005 = B_SPLINE_CURVE_WITH_KNOTS('',2,(#2006,#2007,#2008),
  .UNSPECIFIED.,.F.,.F.,(3,3),(0.,1.),.PIECEWISE_BEZIER_KNOTS.);
#2006 = CARTESIAN_POINT('',(4.046211315727,2.13771633957,40.));
#2007 = CARTESIAN_POINT('',(4.271130263854,2.039328371271,40.));
#2008 = CARTESIAN_POINT('',(4.421526517456,1.861239394325,40.));
#2009 = ORIENTED_EDGE('',*,*,#2010,.T.);
#2010 = EDGE_CURVE('',#2003,#2011,#2013,.T.);
#2011 = VERTEX_POINT('',#2012);
#2012 = CARTESIAN_POINT('',(4.649597482874,1.435942204124,40.));
#2013 = B_SPLINE_CURVE_WITH_KNOTS('',2,(#2014,#2015,#2016),
  .UNSPECIFIED.,.F.,.F.,(3,3),(0.,1.),.PIECEWISE_BEZIER_KNOTS.);
#2014 = CARTESIAN_POINT('',(4.421526517456,1.861239394325,40.));
#2015 = CARTESIAN_POINT('',(4.571922771059,1.68315041738,40.));
#2016 = CARTESIAN_POINT('',(4.649597482874,1.435942204124,40.));
#2017 = ORIENTED_EDGE('',*,*,#2018,.T.);
#2018 = EDGE_CURVE('',#2011,#2019,#2021,.T.);
#2019 = VERTEX_POINT('',#2020);
#2020 = CARTESIAN_POINT('',(4.727497338782,0.891543789138,40.));
#2021 = B_SPLINE_CURVE_WITH_KNOTS('',2,(#2022,#2023,#2024),
  .UNSPECIFIED.,.F.,.F.,(3,3),(0.,1.),.PIECEWISE_BEZIER_KNOTS.);
#2022 = CARTESIAN_POINT('',(4.649597482874,1.435942204124,40.));
#2023 = CARTESIAN_POINT('',(4.727497338782,1.188733990867,40.));
#2024 = CARTESIAN_POINT('',(4.727497338782,0.891543789138,40.));
#2025 = ORIENTED_EDGE('',*,*,#2026,.T.);
#2026 = EDGE_CURVE('',#2019,#2027,#2029,.T.);
#2027 = VERTEX_POINT('',#2028);
#2028 = CARTESIAN_POINT('',(4.727497338782,-1.365976023542,40.));
#2029 = LINE('',#2030,#2031);
#2030 = CARTESIAN_POINT('',(4.727497338782,0.891543789138,40.));
#2031 = VECTOR('',#2032,1.);
#2032 = DIRECTION('',(0.,-1.,0.));
#2033 = ORIENTED_EDGE('',*,*,#2034,.T.);
#2034 = EDGE_CURVE('',#2027,#2035,#2037,.T.);
#2035 = VERTEX_POINT('',#2036);
#2036 = CARTESIAN_POINT('',(3.873300652903,-1.365976023542,40.));
#2037 = LINE('',#2038,#2039);
#2038 = CARTESIAN_POINT('',(4.727497338782,-1.365976023542,40.));
#2039 = VECTOR('',#2040,1.);
#2040 = DIRECTION('',(-1.,0.,0.));
#2041 = ORIENTED_EDGE('',*,*,#2042,.T.);
#2042 = EDGE_CURVE('',#2035,#2043,#2045,.T.);
#2043 = VERTEX_POINT('',#2044);
#2044 = CARTESIAN_POINT('',(3.873300652903,0.892219221415,40.));
#2045 = LINE('',#2046,#2047);
#2046 = CARTESIAN_POINT('',(3.873300652903,-1.365976023542,40.));
#2047 = VECTOR('',#2048,1.);
#2048 = DIRECTION('',(0.,1.,0.));
#2049 = ORIENTED_EDGE('',*,*,#2050,.T.);
#2050 = EDGE_CURVE('',#2043,#2051,#2053,.T.);
#2051 = VERTEX_POINT('',#2052);
#2052 = CARTESIAN_POINT('',(3.722904399301,1.395416267524,40.));
#2053 = B_SPLINE_CURVE_WITH_KNOTS('',2,(#2054,#2055,#2056),
  .UNSPECIFIED.,.F.,.F.,(3,3),(0.,1.),.PIECEWISE_BEZIER_KNOTS.);
#2054 = CARTESIAN_POINT('',(3.873300652903,0.892219221415,40.));
#2055 = CARTESIAN_POINT('',(3.873300652903,1.217327290579,40.));
#2056 = CARTESIAN_POINT('',(3.722904399301,1.395416267524,40.));
#2057 = ORIENTED_EDGE('',*,*,#2058,.T.);
#2058 = EDGE_CURVE('',#2051,#2059,#2061,.T.);
#2059 = VERTEX_POINT('',#2060);
#2060 = CARTESIAN_POINT('',(3.271715638494,1.57350524447,40.));
#2061 = B_SPLINE_CURVE_WITH_KNOTS('',2,(#2062,#2063,#2064),
  .UNSPECIFIED.,.F.,.F.,(3,3),(0.,1.),.PIECEWISE_BEZIER_KNOTS.);
#2062 = CARTESIAN_POINT('',(3.722904399301,1.395416267524,40.));
#2063 = CARTESIAN_POINT('',(3.572508145698,1.57350524447,40.));
#2064 = CARTESIAN_POINT('',(3.271715638494,1.57350524447,40.));
#2065 = ORIENTED_EDGE('',*,*,#2066,.T.);
#2066 = EDGE_CURVE('',#2059,#2067,#2069,.T.);
#2067 = VERTEX_POINT('',#2068);
#2068 = CARTESIAN_POINT('',(2.856549932442,1.472865835248,40.));
#2069 = B_SPLINE_CURVE_WITH_KNOTS('',2,(#2070,#2071,#2072),
  .UNSPECIFIED.,.F.,.F.,(3,3),(0.,1.),.PIECEWISE_BEZIER_KNOTS.);
#2070 = CARTESIAN_POINT('',(3.271715638494,1.57350524447,40.));
#2071 = CARTESIAN_POINT('',(3.050398995842,1.57350524447,40.));
#2072 = CARTESIAN_POINT('',(2.856549932442,1.472865835248,40.));
#2073 = ORIENTED_EDGE('',*,*,#2074,.T.);
#2074 = EDGE_CURVE('',#2067,#2075,#2077,.T.);
#2075 = VERTEX_POINT('',#2076);
#2076 = CARTESIAN_POINT('',(2.490015350309,1.199315763201,40.));
#2077 = B_SPLINE_CURVE_WITH_KNOTS('',2,(#2078,#2079,#2080),
  .UNSPECIFIED.,.F.,.F.,(3,3),(0.,1.),.PIECEWISE_BEZIER_KNOTS.);
#2078 = CARTESIAN_POINT('',(2.856549932442,1.472865835248,40.));
#2079 = CARTESIAN_POINT('',(2.662926013134,1.372451570118,40.));
#2080 = CARTESIAN_POINT('',(2.490015350309,1.199315763201,40.));
#2081 = ORIENTED_EDGE('',*,*,#2082,.T.);
#2082 = EDGE_CURVE('',#2075,#1945,#2083,.T.);
#2083 = LINE('',#2084,#2085);
#2084 = CARTESIAN_POINT('',(2.490015350309,1.199315763201,40.));
#2085 = VECTOR('',#2086,1.);
#2086 = DIRECTION('',(0.,-1.,0.));
#2087 = PLANE('',#2088);
#2088 = AXIS2_PLACEMENT_3D('',#2089,#2090,#2091);
#2089 = CARTESIAN_POINT('',(-1.09E-15,1.37E-15,40.));
#2090 = DIRECTION('',(0.,0.,1.));
#2091 = DIRECTION('',(1.,0.,0.));
#2092 = ADVANCED_FACE('',(#2093),#2135,.F.);
#2093 = FACE_BOUND('',#2094,.F.);
#2094 = EDGE_LOOP('',(#2095,#2096,#2104,#2112,#2121,#2129));
#2095 = ORIENTED_EDGE('',*,*,#83,.F.);
#2096 = ORIENTED_EDGE('',*,*,#2097,.T.);
#2097 = EDGE_CURVE('',#84,#2098,#2100,.T.);
#2098 = VERTEX_POINT('',#2099);
#2099 = CARTESIAN_POINT('',(-10.,-12.,-25.));
#2100 = LINE('',#2101,#2102);
#2101 = CARTESIAN_POINT('',(-10.,-12.,0.));
#2102 = VECTOR('',#2103,1.);
#2103 = DIRECTION('',(0.,0.,-1.));
#2104 = ORIENTED_EDGE('',*,*,#2105,.T.);
#2105 = EDGE_CURVE('',#2098,#2106,#2108,.T.);
#2106 = VERTEX_POINT('',#2107);
#2107 = CARTESIAN_POINT('',(-10.,-10.,-25.));
#2108 = LINE('',#2109,#2110);
#2109 = CARTESIAN_POINT('',(-10.,-12.,-25.));
#2110 = VECTOR('',#2111,1.);
#2111 = DIRECTION('',(0.,1.,0.));
#2112 = ORIENTED_EDGE('',*,*,#2113,.F.);
#2113 = EDGE_CURVE('',#2114,#2106,#2116,.T.);
#2114 = VERTEX_POINT('',#2115);
#2115 = CARTESIAN_POINT('',(-10.,10.,-25.));
#2116 = CIRCLE('',#2117,10.);
#2117 = AXIS2_PLACEMENT_3D('',#2118,#2119,#2120);
#2118 = CARTESIAN_POINT('',(-10.,0.,-25.));
#2119 = DIRECTION('',(1.,0.,0.));
#2120 = DIRECTION('',(0.,1.,0.));
#2121 = ORIENTED_EDGE('',*,*,#2122,.T.);
#2122 = EDGE_CURVE('',#2114,#2123,#2125,.T.);
#2123 = VERTEX_POINT('',#2124);
#2124 = CARTESIAN_POINT('',(-10.,12.,-25.));
#2125 = LINE('',#2126,#2127);
#2126 = CARTESIAN_POINT('',(-10.,-12.,-25.));
#2127 = VECTOR('',#2128,1.);
#2128 = DIRECTION('',(0.,1.,0.));
#2129 = ORIENTED_EDGE('',*,*,#2130,.F.);
#2130 = EDGE_CURVE('',#86,#2123,#2131,.T.);
#2131 = LINE('',#2132,#2133);
#2132 = CARTESIAN_POINT('',(-10.,12.,0.));
#2133 = VECTOR('',#2134,1.);
#2134 = DIRECTION('',(0.,0.,-1.));
#2135 = PLANE('',#2136);
#2136 = AXIS2_PLACEMENT_3D('',#2137,#2138,#2139);
#2137 = CARTESIAN_POINT('',(-10.,-12.,0.));
#2138 = DIRECTION('',(1.,0.,0.));
#2139 = DIRECTION('',(0.,1.,0.));
#2140 = ADVANCED_FACE('',(#2141),#2159,.F.);
#2141 = FACE_BOUND('',#2142,.F.);
#2142 = EDGE_LOOP('',(#2143,#2151,#2157,#2158));
#2143 = ORIENTED_EDGE('',*,*,#2144,.T.);
#2144 = EDGE_CURVE('',#102,#2145,#2147,.T.);
#2145 = VERTEX_POINT('',#2146);
#2146 = CARTESIAN_POINT('',(10.,-12.,-25.));
#2147 = LINE('',#2148,#2149);
#2148 = CARTESIAN_POINT('',(10.,-12.,0.));
#2149 = VECTOR('',#2150,1.);
#2150 = DIRECTION('',(0.,0.,-1.));
#2151 = ORIENTED_EDGE('',*,*,#2152,.T.);
#2152 = EDGE_CURVE('',#2145,#2098,#2153,.T.);
#2153 = LINE('',#2154,#2155);
#2154 = CARTESIAN_POINT('',(10.,-12.,-25.));
#2155 = VECTOR('',#2156,1.);
#2156 = DIRECTION('',(-1.,0.,0.));
#2157 = ORIENTED_EDGE('',*,*,#2097,.F.);
#2158 = ORIENTED_EDGE('',*,*,#109,.F.);
#2159 = PLANE('',#2160);
#2160 = AXIS2_PLACEMENT_3D('',#2161,#2162,#2163);
#2161 = CARTESIAN_POINT('',(10.,-12.,0.));
#2162 = DIRECTION('',(0.,1.,0.));
#2163 = DIRECTION('',(-1.,0.,0.));
#2164 = ADVANCED_FACE('',(#2165),#2200,.F.);
#2165 = FACE_BOUND('',#2166,.F.);
#2166 = EDGE_LOOP('',(#2167,#2168,#2176,#2184,#2193,#2199));
#2167 = ORIENTED_EDGE('',*,*,#101,.F.);
#2168 = ORIENTED_EDGE('',*,*,#2169,.T.);
#2169 = EDGE_CURVE('',#94,#2170,#2172,.T.);
#2170 = VERTEX_POINT('',#2171);
#2171 = CARTESIAN_POINT('',(10.,12.,-25.));
#2172 = LINE('',#2173,#2174);
#2173 = CARTESIAN_POINT('',(10.,12.,0.));
#2174 = VECTOR('',#2175,1.);
#2175 = DIRECTION('',(0.,0.,-1.));
#2176 = ORIENTED_EDGE('',*,*,#2177,.T.);
#2177 = EDGE_CURVE('',#2170,#2178,#2180,.T.);
#2178 = VERTEX_POINT('',#2179);
#2179 = CARTESIAN_POINT('',(10.,10.,-25.));
#2180 = LINE('',#2181,#2182);
#2181 = CARTESIAN_POINT('',(10.,12.,-25.));
#2182 = VECTOR('',#2183,1.);
#2183 = DIRECTION('',(0.,-1.,0.));
#2184 = ORIENTED_EDGE('',*,*,#2185,.T.);
#2185 = EDGE_CURVE('',#2178,#2186,#2188,.T.);
#2186 = VERTEX_POINT('',#2187);
#2187 = CARTESIAN_POINT('',(10.,-10.,-25.));
#2188 = CIRCLE('',#2189,10.);
#2189 = AXIS2_PLACEMENT_3D('',#2190,#2191,#2192);
#2190 = CARTESIAN_POINT('',(10.,0.,-25.));
#2191 = DIRECTION('',(1.,0.,0.));
#2192 = DIRECTION('',(0.,1.,0.));
#2193 = ORIENTED_EDGE('',*,*,#2194,.T.);
#2194 = EDGE_CURVE('',#2186,#2145,#2195,.T.);
#2195 = LINE('',#2196,#2197);
#2196 = CARTESIAN_POINT('',(10.,12.,-25.));
#2197 = VECTOR('',#2198,1.);
#2198 = DIRECTION('',(0.,-1.,0.));
#2199 = ORIENTED_EDGE('',*,*,#2144,.F.);
#2200 = PLANE('',#2201);
#2201 = AXIS2_PLACEMENT_3D('',#2202,#2203,#2204);
#2202 = CARTESIAN_POINT('',(10.,12.,0.));
#2203 = DIRECTION('',(-1.,-0.,-0.));
#2204 = DIRECTION('',(0.,-1.,0.));
#2205 = ADVANCED_FACE('',(#2206),#2217,.F.);
#2206 = FACE_BOUND('',#2207,.F.);
#2207 = EDGE_LOOP('',(#2208,#2209,#2215,#2216));
#2208 = ORIENTED_EDGE('',*,*,#2130,.T.);
#2209 = ORIENTED_EDGE('',*,*,#2210,.T.);
#2210 = EDGE_CURVE('',#2123,#2170,#2211,.T.);
#2211 = LINE('',#2212,#2213);
#2212 = CARTESIAN_POINT('',(-10.,12.,-25.));
#2213 = VECTOR('',#2214,1.);
#2214 = DIRECTION('',(1.,0.,0.));
#2215 = ORIENTED_EDGE('',*,*,#2169,.F.);
#2216 = ORIENTED_EDGE('',*,*,#93,.F.);
#2217 = PLANE('',#2218);
#2218 = AXIS2_PLACEMENT_3D('',#2219,#2220,#2221);
#2219 = CARTESIAN_POINT('',(-10.,12.,0.));
#2220 = DIRECTION('',(0.,-1.,0.));
#2221 = DIRECTION('',(1.,0.,0.));
#2222 = ADVANCED_FACE('',(#2223),#2248,.T.);
#2223 = FACE_BOUND('',#2224,.T.);
#2224 = EDGE_LOOP('',(#2225,#2233,#2241,#2247));
#2225 = ORIENTED_EDGE('',*,*,#2226,.T.);
#2226 = EDGE_CURVE('',#127,#2227,#2229,.T.);
#2227 = VERTEX_POINT('',#2228);
#2228 = CARTESIAN_POINT('',(-5.879361058745,-7.481441242379,38.));
#2229 = LINE('',#2230,#2231);
#2230 = CARTESIAN_POINT('',(-5.879361058745,-7.481441242379,40.));
#2231 = VECTOR('',#2232,1.);
#2232 = DIRECTION('',(-0.,-0.,-1.));
#2233 = ORIENTED_EDGE('',*,*,#2234,.T.);
#2234 = EDGE_CURVE('',#2227,#2235,#2237,.T.);
#2235 = VERTEX_POINT('',#2236);
#2236 = CARTESIAN_POINT('',(-5.879361058745,-7.101037784166,38.));
#2237 = LINE('',#2238,#2239);
#2238 = CARTESIAN_POINT('',(-5.879361058745,-7.481441242379,38.));
#2239 = VECTOR('',#2240,1.);
#2240 = DIRECTION('',(0.,1.,0.));
#2241 = ORIENTED_EDGE('',*,*,#2242,.F.);
#2242 = EDGE_CURVE('',#129,#2235,#2243,.T.);
#2243 = LINE('',#2244,#2245);
#2244 = CARTESIAN_POINT('',(-5.879361058745,-7.101037784166,40.));
#2245 = VECTOR('',#2246,1.);
#2246 = DIRECTION('',(-0.,-0.,-1.));
#2247 = ORIENTED_EDGE('',*,*,#126,.F.);
#2248 = PLANE('',#2249);
#2249 = AXIS2_PLACEMENT_3D('',#2250,#2251,#2252);
#2250 = CARTESIAN_POINT('',(-5.879361058745,-7.481441242379,40.));
#2251 = DIRECTION('',(1.,0.,0.));
#2252 = DIRECTION('',(0.,1.,0.));
#2253 = ADVANCED_FACE('',(#2254),#2272,.T.);
#2254 = FACE_BOUND('',#2255,.T.);
#2255 = EDGE_LOOP('',(#2256,#2264,#2270,#2271));
#2256 = ORIENTED_EDGE('',*,*,#2257,.T.);
#2257 = EDGE_CURVE('',#241,#2258,#2260,.T.);
#2258 = VERTEX_POINT('',#2259);
#2259 = CARTESIAN_POINT('',(-4.219418695632,-7.481441242379,38.));
#2260 = LINE('',#2261,#2262);
#2261 = CARTESIAN_POINT('',(-4.219418695632,-7.481441242379,40.));
#2262 = VECTOR('',#2263,1.);
#2263 = DIRECTION('',(-0.,-0.,-1.));
#2264 = ORIENTED_EDGE('',*,*,#2265,.T.);
#2265 = EDGE_CURVE('',#2258,#2227,#2266,.T.);
#2266 = LINE('',#2267,#2268);
#2267 = CARTESIAN_POINT('',(-4.219418695632,-7.481441242379,38.));
#2268 = VECTOR('',#2269,1.);
#2269 = DIRECTION('',(-1.,0.,0.));
#2270 = ORIENTED_EDGE('',*,*,#2226,.F.);
#2271 = ORIENTED_EDGE('',*,*,#248,.F.);
#2272 = PLANE('',#2273);
#2273 = AXIS2_PLACEMENT_3D('',#2274,#2275,#2276);
#2274 = CARTESIAN_POINT('',(-4.219418695632,-7.481441242379,40.));
#2275 = DIRECTION('',(0.,1.,0.));
#2276 = DIRECTION('',(-1.,0.,0.));
#2277 = ADVANCED_FACE('',(#2278),#2296,.T.);
#2278 = FACE_BOUND('',#2279,.T.);
#2279 = EDGE_LOOP('',(#2280,#2281,#2289,#2295));
#2280 = ORIENTED_EDGE('',*,*,#2242,.T.);
#2281 = ORIENTED_EDGE('',*,*,#2282,.T.);
#2282 = EDGE_CURVE('',#2235,#2283,#2285,.T.);
#2283 = VERTEX_POINT('',#2284);
#2284 = CARTESIAN_POINT('',(-5.271472009753,-7.101037784166,38.));
#2285 = LINE('',#2286,#2287);
#2286 = CARTESIAN_POINT('',(-5.879361058745,-7.101037784166,38.));
#2287 = VECTOR('',#2288,1.);
#2288 = DIRECTION('',(1.,0.,0.));
#2289 = ORIENTED_EDGE('',*,*,#2290,.F.);
#2290 = EDGE_CURVE('',#137,#2283,#2291,.T.);
#2291 = LINE('',#2292,#2293);
#2292 = CARTESIAN_POINT('',(-5.271472009753,-7.101037784166,40.));
#2293 = VECTOR('',#2294,1.);
#2294 = DIRECTION('',(-0.,-0.,-1.));
#2295 = ORIENTED_EDGE('',*,*,#136,.F.);
#2296 = PLANE('',#2297);
#2297 = AXIS2_PLACEMENT_3D('',#2298,#2299,#2300);
#2298 = CARTESIAN_POINT('',(-5.879361058745,-7.101037784166,40.));
#2299 = DIRECTION('',(0.,-1.,0.));
#2300 = DIRECTION('',(1.,0.,0.));
#2301 = ADVANCED_FACE('',(#2302),#2320,.T.);
#2302 = FACE_BOUND('',#2303,.T.);
#2303 = EDGE_LOOP('',(#2304,#2312,#2318,#2319));
#2304 = ORIENTED_EDGE('',*,*,#2305,.T.);
#2305 = EDGE_CURVE('',#233,#2306,#2308,.T.);
#2306 = VERTEX_POINT('',#2307);
#2307 = CARTESIAN_POINT('',(-4.219418695632,-7.101037784166,38.));
#2308 = LINE('',#2309,#2310);
#2309 = CARTESIAN_POINT('',(-4.219418695632,-7.101037784166,40.));
#2310 = VECTOR('',#2311,1.);
#2311 = DIRECTION('',(-0.,-0.,-1.));
#2312 = ORIENTED_EDGE('',*,*,#2313,.T.);
#2313 = EDGE_CURVE('',#2306,#2258,#2314,.T.);
#2314 = LINE('',#2315,#2316);
#2315 = CARTESIAN_POINT('',(-4.219418695632,-7.101037784166,38.));
#2316 = VECTOR('',#2317,1.);
#2317 = DIRECTION('',(0.,-1.,0.));
#2318 = ORIENTED_EDGE('',*,*,#2257,.F.);
#2319 = ORIENTED_EDGE('',*,*,#240,.F.);
#2320 = PLANE('',#2321);
#2321 = AXIS2_PLACEMENT_3D('',#2322,#2323,#2324);
#2322 = CARTESIAN_POINT('',(-4.219418695632,-7.101037784166,40.));
#2323 = DIRECTION('',(-1.,0.,0.));
#2324 = DIRECTION('',(0.,-1.,0.));
#2325 = ADVANCED_FACE('',(#2326),#2344,.T.);
#2326 = FACE_BOUND('',#2327,.T.);
#2327 = EDGE_LOOP('',(#2328,#2329,#2337,#2343));
#2328 = ORIENTED_EDGE('',*,*,#2290,.T.);
#2329 = ORIENTED_EDGE('',*,*,#2330,.T.);
#2330 = EDGE_CURVE('',#2283,#2331,#2333,.T.);
#2331 = VERTEX_POINT('',#2332);
#2332 = CARTESIAN_POINT('',(-5.271472009753,-5.349912063705,38.));
#2333 = LINE('',#2334,#2335);
#2334 = CARTESIAN_POINT('',(-5.271472009753,-7.101037784166,38.));
#2335 = VECTOR('',#2336,1.);
#2336 = DIRECTION('',(0.,1.,0.));
#2337 = ORIENTED_EDGE('',*,*,#2338,.F.);
#2338 = EDGE_CURVE('',#145,#2331,#2339,.T.);
#2339 = LINE('',#2340,#2341);
#2340 = CARTESIAN_POINT('',(-5.271472009753,-5.349912063705,40.));
#2341 = VECTOR('',#2342,1.);
#2342 = DIRECTION('',(-0.,-0.,-1.));
#2343 = ORIENTED_EDGE('',*,*,#144,.F.);
#2344 = PLANE('',#2345);
#2345 = AXIS2_PLACEMENT_3D('',#2346,#2347,#2348);
#2346 = CARTESIAN_POINT('',(-5.271472009753,-7.101037784166,40.));
#2347 = DIRECTION('',(1.,0.,0.));
#2348 = DIRECTION('',(0.,1.,0.));
#2349 = ADVANCED_FACE('',(#2350),#2368,.T.);
#2350 = FACE_BOUND('',#2351,.T.);
#2351 = EDGE_LOOP('',(#2352,#2360,#2366,#2367));
#2352 = ORIENTED_EDGE('',*,*,#2353,.T.);
#2353 = EDGE_CURVE('',#225,#2354,#2356,.T.);
#2354 = VERTEX_POINT('',#2355);
#2355 = CARTESIAN_POINT('',(-4.758953998226,-7.101037784166,38.));
#2356 = LINE('',#2357,#2358);
#2357 = CARTESIAN_POINT('',(-4.758953998226,-7.101037784166,40.));
#2358 = VECTOR('',#2359,1.);
#2359 = DIRECTION('',(-0.,-0.,-1.));
#2360 = ORIENTED_EDGE('',*,*,#2361,.T.);
#2361 = EDGE_CURVE('',#2354,#2306,#2362,.T.);
#2362 = LINE('',#2363,#2364);
#2363 = CARTESIAN_POINT('',(-4.758953998226,-7.101037784166,38.));
#2364 = VECTOR('',#2365,1.);
#2365 = DIRECTION('',(1.,0.,0.));
#2366 = ORIENTED_EDGE('',*,*,#2305,.F.);
#2367 = ORIENTED_EDGE('',*,*,#232,.F.);
#2368 = PLANE('',#2369);
#2369 = AXIS2_PLACEMENT_3D('',#2370,#2371,#2372);
#2370 = CARTESIAN_POINT('',(-4.758953998226,-7.101037784166,40.));
#2371 = DIRECTION('',(0.,-1.,0.));
#2372 = DIRECTION('',(1.,0.,0.));
#2373 = ADVANCED_FACE('',(#2374),#2392,.T.);
#2374 = FACE_BOUND('',#2375,.T.);
#2375 = EDGE_LOOP('',(#2376,#2377,#2385,#2391));
#2376 = ORIENTED_EDGE('',*,*,#2338,.T.);
#2377 = ORIENTED_EDGE('',*,*,#2378,.T.);
#2378 = EDGE_CURVE('',#2331,#2379,#2381,.T.);
#2379 = VERTEX_POINT('',#2380);
#2380 = CARTESIAN_POINT('',(-5.265258032808,-5.13593511846,38.));
#2381 = B_SPLINE_CURVE_WITH_KNOTS('',2,(#2382,#2383,#2384),
  .UNSPECIFIED.,.F.,.F.,(3,3),(0.,1.),.PIECEWISE_BEZIER_KNOTS.);
#2382 = CARTESIAN_POINT('',(-5.271472009753,-5.349912063705,38.));
#2383 = CARTESIAN_POINT('',(-5.271472009753,-5.248056876385,38.));
#2384 = CARTESIAN_POINT('',(-5.265258032808,-5.13593511846,38.));
#2385 = ORIENTED_EDGE('',*,*,#2386,.F.);
#2386 = EDGE_CURVE('',#153,#2379,#2387,.T.);
#2387 = LINE('',#2388,#2389);
#2388 = CARTESIAN_POINT('',(-5.265258032808,-5.13593511846,40.));
#2389 = VECTOR('',#2390,1.);
#2390 = DIRECTION('',(-0.,-0.,-1.));
#2391 = ORIENTED_EDGE('',*,*,#152,.F.);
#2392 = SURFACE_OF_LINEAR_EXTRUSION('',#2393,#2397);
#2393 = B_SPLINE_CURVE_WITH_KNOTS('',2,(#2394,#2395,#2396),
  .UNSPECIFIED.,.F.,.F.,(3,3),(0.,1.),.PIECEWISE_BEZIER_KNOTS.);
#2394 = CARTESIAN_POINT('',(-5.271472009753,-5.349912063705,40.));
#2395 = CARTESIAN_POINT('',(-5.271472009753,-5.248056876385,40.));
#2396 = CARTESIAN_POINT('',(-5.265258032808,-5.13593511846,40.));
#2397 = VECTOR('',#2398,1.);
#2398 = DIRECTION('',(0.,0.,1.));
#2399 = ADVANCED_FACE('',(#2400),#2418,.T.);
#2400 = FACE_BOUND('',#2401,.T.);
#2401 = EDGE_LOOP('',(#2402,#2410,#2416,#2417));
#2402 = ORIENTED_EDGE('',*,*,#2403,.T.);
#2403 = EDGE_CURVE('',#217,#2404,#2406,.T.);
#2404 = VERTEX_POINT('',#2405);
#2405 = CARTESIAN_POINT('',(-4.758953998226,-4.477118475809,38.));
#2406 = LINE('',#2407,#2408);
#2407 = CARTESIAN_POINT('',(-4.758953998226,-4.477118475809,40.));
#2408 = VECTOR('',#2409,1.);
#2409 = DIRECTION('',(-0.,-0.,-1.));
#2410 = ORIENTED_EDGE('',*,*,#2411,.T.);
#2411 = EDGE_CURVE('',#2404,#2354,#2412,.T.);
#2412 = LINE('',#2413,#2414);
#2413 = CARTESIAN_POINT('',(-4.758953998226,-4.477118475809,38.));
#2414 = VECTOR('',#2415,1.);
#2415 = DIRECTION('',(0.,-1.,0.));
#2416 = ORIENTED_EDGE('',*,*,#2353,.F.);
#2417 = ORIENTED_EDGE('',*,*,#224,.F.);
#2418 = PLANE('',#2419);
#2419 = AXIS2_PLACEMENT_3D('',#2420,#2421,#2422);
#2420 = CARTESIAN_POINT('',(-4.758953998226,-4.477118475809,40.));
#2421 = DIRECTION('',(-1.,0.,0.));
#2422 = DIRECTION('',(0.,-1.,0.));
#2423 = ADVANCED_FACE('',(#2424),#2442,.T.);
#2424 = FACE_BOUND('',#2425,.T.);
#2425 = EDGE_LOOP('',(#2426,#2427,#2435,#2441));
#2426 = ORIENTED_EDGE('',*,*,#2386,.T.);
#2427 = ORIENTED_EDGE('',*,*,#2428,.T.);
#2428 = EDGE_CURVE('',#2379,#2429,#2431,.T.);
#2429 = VERTEX_POINT('',#2430);
#2430 = CARTESIAN_POINT('',(-5.696724171137,-5.49675104065,38.));
#2431 = LINE('',#2432,#2433);
#2432 = CARTESIAN_POINT('',(-5.265258032808,-5.13593511846,38.));
#2433 = VECTOR('',#2434,1.);
#2434 = DIRECTION('',(-0.767117699684,-0.641506379416,0.));
#2435 = ORIENTED_EDGE('',*,*,#2436,.F.);
#2436 = EDGE_CURVE('',#161,#2429,#2437,.T.);
#2437 = LINE('',#2438,#2439);
#2438 = CARTESIAN_POINT('',(-5.696724171137,-5.49675104065,40.));
#2439 = VECTOR('',#2440,1.);
#2440 = DIRECTION('',(-0.,-0.,-1.));
#2441 = ORIENTED_EDGE('',*,*,#160,.F.);
#2442 = PLANE('',#2443);
#2443 = AXIS2_PLACEMENT_3D('',#2444,#2445,#2446);
#2444 = CARTESIAN_POINT('',(-5.265258032808,-5.13593511846,40.));
#2445 = DIRECTION('',(-0.641506379416,0.767117699684,0.));
#2446 = DIRECTION('',(-0.767117699684,-0.641506379416,0.));
#2447 = ADVANCED_FACE('',(#2448),#2466,.T.);
#2448 = FACE_BOUND('',#2449,.T.);
#2449 = EDGE_LOOP('',(#2450,#2458,#2464,#2465));
#2450 = ORIENTED_EDGE('',*,*,#2451,.T.);
#2451 = EDGE_CURVE('',#209,#2452,#2454,.T.);
#2452 = VERTEX_POINT('',#2453);
#2453 = CARTESIAN_POINT('',(-5.180153565949,-4.477118475809,38.));
#2454 = LINE('',#2455,#2456);
#2455 = CARTESIAN_POINT('',(-5.180153565949,-4.477118475809,40.));
#2456 = VECTOR('',#2457,1.);
#2457 = DIRECTION('',(-0.,-0.,-1.));
#2458 = ORIENTED_EDGE('',*,*,#2459,.T.);
#2459 = EDGE_CURVE('',#2452,#2404,#2460,.T.);
#2460 = LINE('',#2461,#2462);
#2461 = CARTESIAN_POINT('',(-5.180153565949,-4.477118475809,38.));
#2462 = VECTOR('',#2463,1.);
#2463 = DIRECTION('',(1.,0.,0.));
#2464 = ORIENTED_EDGE('',*,*,#2403,.F.);
#2465 = ORIENTED_EDGE('',*,*,#216,.F.);
#2466 = PLANE('',#2467);
#2467 = AXIS2_PLACEMENT_3D('',#2468,#2469,#2470);
#2468 = CARTESIAN_POINT('',(-5.180153565949,-4.477118475809,40.));
#2469 = DIRECTION('',(0.,-1.,0.));
#2470 = DIRECTION('',(1.,0.,0.));
#2471 = ADVANCED_FACE('',(#2472),#2490,.T.);
#2472 = FACE_BOUND('',#2473,.T.);
#2473 = EDGE_LOOP('',(#2474,#2475,#2483,#2489));
#2474 = ORIENTED_EDGE('',*,*,#2436,.T.);
#2475 = ORIENTED_EDGE('',*,*,#2476,.T.);
#2476 = EDGE_CURVE('',#2429,#2477,#2479,.T.);
#2477 = VERTEX_POINT('',#2478);
#2478 = CARTESIAN_POINT('',(-5.751839444912,-5.527956011832,38.));
#2479 = B_SPLINE_CURVE_WITH_KNOTS('',2,(#2480,#2481,#2482),
  .UNSPECIFIED.,.F.,.F.,(3,3),(0.,1.),.PIECEWISE_BEZIER_KNOTS.);
#2480 = CARTESIAN_POINT('',(-5.696724171137,-5.49675104065,38.));
#2481 = CARTESIAN_POINT('',(-5.723741462203,-5.519580651601,38.));
#2482 = CARTESIAN_POINT('',(-5.751839444912,-5.527956011832,38.));
#2483 = ORIENTED_EDGE('',*,*,#2484,.F.);
#2484 = EDGE_CURVE('',#169,#2477,#2485,.T.);
#2485 = LINE('',#2486,#2487);
#2486 = CARTESIAN_POINT('',(-5.751839444912,-5.527956011832,40.));
#2487 = VECTOR('',#2488,1.);
#2488 = DIRECTION('',(-0.,-0.,-1.));
#2489 = ORIENTED_EDGE('',*,*,#168,.F.);
#2490 = SURFACE_OF_LINEAR_EXTRUSION('',#2491,#2495);
#2491 = B_SPLINE_CURVE_WITH_KNOTS('',2,(#2492,#2493,#2494),
  .UNSPECIFIED.,.F.,.F.,(3,3),(0.,1.),.PIECEWISE_BEZIER_KNOTS.);
#2492 = CARTESIAN_POINT('',(-5.696724171137,-5.49675104065,40.));
#2493 = CARTESIAN_POINT('',(-5.723741462203,-5.519580651601,40.));
#2494 = CARTESIAN_POINT('',(-5.751839444912,-5.527956011832,40.));
#2495 = VECTOR('',#2496,1.);
#2496 = DIRECTION('',(0.,0.,1.));
#2497 = ADVANCED_FACE('',(#2498),#2516,.T.);
#2498 = FACE_BOUND('',#2499,.T.);
#2499 = EDGE_LOOP('',(#2500,#2508,#2514,#2515));
#2500 = ORIENTED_EDGE('',*,*,#2501,.T.);
#2501 = EDGE_CURVE('',#201,#2502,#2504,.T.);
#2502 = VERTEX_POINT('',#2503);
#2503 = CARTESIAN_POINT('',(-6.095229214364,-5.25629715016,38.));
#2504 = LINE('',#2505,#2506);
#2505 = CARTESIAN_POINT('',(-6.095229214364,-5.25629715016,40.));
#2506 = VECTOR('',#2507,1.);
#2507 = DIRECTION('',(-0.,-0.,-1.));
#2508 = ORIENTED_EDGE('',*,*,#2509,.T.);
#2509 = EDGE_CURVE('',#2502,#2452,#2510,.T.);
#2510 = LINE('',#2511,#2512);
#2511 = CARTESIAN_POINT('',(-6.095229214364,-5.25629715016,38.));
#2512 = VECTOR('',#2513,1.);
#2513 = DIRECTION('',(0.76137884102,0.648307226897,0.));
#2514 = ORIENTED_EDGE('',*,*,#2451,.F.);
#2515 = ORIENTED_EDGE('',*,*,#208,.F.);
#2516 = PLANE('',#2517);
#2517 = AXIS2_PLACEMENT_3D('',#2518,#2519,#2520);
#2518 = CARTESIAN_POINT('',(-6.095229214364,-5.25629715016,40.));
#2519 = DIRECTION('',(0.648307226897,-0.76137884102,0.));
#2520 = DIRECTION('',(0.76137884102,0.648307226897,0.));
#2521 = ADVANCED_FACE('',(#2522),#2540,.T.);
#2522 = FACE_BOUND('',#2523,.T.);
#2523 = EDGE_LOOP('',(#2524,#2525,#2533,#2539));
#2524 = ORIENTED_EDGE('',*,*,#2484,.T.);
#2525 = ORIENTED_EDGE('',*,*,#2526,.T.);
#2526 = EDGE_CURVE('',#2477,#2527,#2529,.T.);
#2527 = VERTEX_POINT('',#2528);
#2528 = CARTESIAN_POINT('',(-5.806819632232,-5.536196285607,38.));
#2529 = B_SPLINE_CURVE_WITH_KNOTS('',2,(#2530,#2531,#2532),
  .UNSPECIFIED.,.F.,.F.,(3,3),(0.,1.),.PIECEWISE_BEZIER_KNOTS.);
#2530 = CARTESIAN_POINT('',(-5.751839444912,-5.527956011832,38.));
#2531 = CARTESIAN_POINT('',(-5.779802341165,-5.536196285607,38.));
#2532 = CARTESIAN_POINT('',(-5.806819632232,-5.536196285607,38.));
#2533 = ORIENTED_EDGE('',*,*,#2534,.F.);
#2534 = EDGE_CURVE('',#177,#2527,#2535,.T.);
#2535 = LINE('',#2536,#2537);
#2536 = CARTESIAN_POINT('',(-5.806819632232,-5.536196285607,40.));
#2537 = VECTOR('',#2538,1.);
#2538 = DIRECTION('',(-0.,-0.,-1.));
#2539 = ORIENTED_EDGE('',*,*,#176,.F.);
#2540 = SURFACE_OF_LINEAR_EXTRUSION('',#2541,#2545);
#2541 = B_SPLINE_CURVE_WITH_KNOTS('',2,(#2542,#2543,#2544),
  .UNSPECIFIED.,.F.,.F.,(3,3),(0.,1.),.PIECEWISE_BEZIER_KNOTS.);
#2542 = CARTESIAN_POINT('',(-5.751839444912,-5.527956011832,40.));
#2543 = CARTESIAN_POINT('',(-5.779802341165,-5.536196285607,40.));
#2544 = CARTESIAN_POINT('',(-5.806819632232,-5.536196285607,40.));
#2545 = VECTOR('',#2546,1.);
#2546 = DIRECTION('',(0.,0.,1.));
#2547 = ADVANCED_FACE('',(#2548),#2566,.T.);
#2548 = FACE_BOUND('',#2549,.T.);
#2549 = EDGE_LOOP('',(#2550,#2558,#2564,#2565));
#2550 = ORIENTED_EDGE('',*,*,#2551,.T.);
#2551 = EDGE_CURVE('',#193,#2552,#2554,.T.);
#2552 = VERTEX_POINT('',#2553);
#2553 = CARTESIAN_POINT('',(-5.933395640877,-5.478109109814,38.));
#2554 = LINE('',#2555,#2556);
#2555 = CARTESIAN_POINT('',(-5.933395640877,-5.478109109814,40.));
#2556 = VECTOR('',#2557,1.);
#2557 = DIRECTION('',(-0.,-0.,-1.));
#2558 = ORIENTED_EDGE('',*,*,#2559,.T.);
#2559 = EDGE_CURVE('',#2552,#2502,#2560,.T.);
#2560 = LINE('',#2561,#2562);
#2561 = CARTESIAN_POINT('',(-5.933395640877,-5.478109109814,38.));
#2562 = VECTOR('',#2563,1.);
#2563 = DIRECTION('',(-0.589399655127,0.807841597428,0.));
#2564 = ORIENTED_EDGE('',*,*,#2501,.F.);
#2565 = ORIENTED_EDGE('',*,*,#200,.F.);
#2566 = PLANE('',#2567);
#2567 = AXIS2_PLACEMENT_3D('',#2568,#2569,#2570);
#2568 = CARTESIAN_POINT('',(-5.933395640877,-5.478109109814,40.));
#2569 = DIRECTION('',(0.807841597428,0.589399655127,0.));
#2570 = DIRECTION('',(-0.589399655127,0.807841597428,0.));
#2571 = ADVANCED_FACE('',(#2572),#2590,.T.);
#2572 = FACE_BOUND('',#2573,.T.);
#2573 = EDGE_LOOP('',(#2574,#2575,#2583,#2589));
#2574 = ORIENTED_EDGE('',*,*,#2534,.T.);
#2575 = ORIENTED_EDGE('',*,*,#2576,.T.);
#2576 = EDGE_CURVE('',#2527,#2577,#2579,.T.);
#2577 = VERTEX_POINT('',#2578);
#2578 = CARTESIAN_POINT('',(-5.882603133673,-5.518635046414,38.));
#2579 = B_SPLINE_CURVE_WITH_KNOTS('',2,(#2580,#2581,#2582),
  .UNSPECIFIED.,.F.,.F.,(3,3),(0.,1.),.PIECEWISE_BEZIER_KNOTS.);
#2580 = CARTESIAN_POINT('',(-5.806819632232,-5.536196285607,38.));
#2581 = CARTESIAN_POINT('',(-5.848291174018,-5.536196285607,38.));
#2582 = CARTESIAN_POINT('',(-5.882603133673,-5.518635046414,38.));
#2583 = ORIENTED_EDGE('',*,*,#2584,.F.);
#2584 = EDGE_CURVE('',#185,#2577,#2585,.T.);
#2585 = LINE('',#2586,#2587);
#2586 = CARTESIAN_POINT('',(-5.882603133673,-5.518635046414,40.));
#2587 = VECTOR('',#2588,1.);
#2588 = DIRECTION('',(-0.,-0.,-1.));
#2589 = ORIENTED_EDGE('',*,*,#184,.F.);
#2590 = SURFACE_OF_LINEAR_EXTRUSION('',#2591,#2595);
#2591 = B_SPLINE_CURVE_WITH_KNOTS('',2,(#2592,#2593,#2594),
  .UNSPECIFIED.,.F.,.F.,(3,3),(0.,1.),.PIECEWISE_BEZIER_KNOTS.);
#2592 = CARTESIAN_POINT('',(-5.806819632232,-5.536196285607,40.));
#2593 = CARTESIAN_POINT('',(-5.848291174018,-5.536196285607,40.));
#2594 = CARTESIAN_POINT('',(-5.882603133673,-5.518635046414,40.));
#2595 = VECTOR('',#2596,1.);
#2596 = DIRECTION('',(0.,0.,1.));
#2597 = ADVANCED_FACE('',(#2598),#2609,.T.);
#2598 = FACE_BOUND('',#2599,.T.);
#2599 = EDGE_LOOP('',(#2600,#2601,#2607,#2608));
#2600 = ORIENTED_EDGE('',*,*,#2584,.T.);
#2601 = ORIENTED_EDGE('',*,*,#2602,.T.);
#2602 = EDGE_CURVE('',#2577,#2552,#2603,.T.);
#2603 = B_SPLINE_CURVE_WITH_KNOTS('',2,(#2604,#2605,#2606),
  .UNSPECIFIED.,.F.,.F.,(3,3),(0.,1.),.PIECEWISE_BEZIER_KNOTS.);
#2604 = CARTESIAN_POINT('',(-5.882603133673,-5.518635046414,38.));
#2605 = CARTESIAN_POINT('',(-5.916780006871,-5.500938720765,38.));
#2606 = CARTESIAN_POINT('',(-5.933395640877,-5.478109109814,38.));
#2607 = ORIENTED_EDGE('',*,*,#2551,.F.);
#2608 = ORIENTED_EDGE('',*,*,#192,.F.);
#2609 = SURFACE_OF_LINEAR_EXTRUSION('',#2610,#2614);
#2610 = B_SPLINE_CURVE_WITH_KNOTS('',2,(#2611,#2612,#2613),
  .UNSPECIFIED.,.F.,.F.,(3,3),(0.,1.),.PIECEWISE_BEZIER_KNOTS.);
#2611 = CARTESIAN_POINT('',(-5.882603133673,-5.518635046414,40.));
#2612 = CARTESIAN_POINT('',(-5.916780006871,-5.500938720765,40.));
#2613 = CARTESIAN_POINT('',(-5.933395640877,-5.478109109814,40.));
#2614 = VECTOR('',#2615,1.);
#2615 = DIRECTION('',(0.,0.,1.));
#2616 = ADVANCED_FACE('',(#2617),#2642,.T.);
#2617 = FACE_BOUND('',#2618,.T.);
#2618 = EDGE_LOOP('',(#2619,#2627,#2635,#2641));
#2619 = ORIENTED_EDGE('',*,*,#2620,.T.);
#2620 = EDGE_CURVE('',#257,#2621,#2623,.T.);
#2621 = VERTEX_POINT('',#2622);
#2622 = CARTESIAN_POINT('',(-0.844283609177,-7.481441242379,38.));
#2623 = LINE('',#2624,#2625);
#2624 = CARTESIAN_POINT('',(-0.844283609177,-7.481441242379,40.));
#2625 = VECTOR('',#2626,1.);
#2626 = DIRECTION('',(-0.,-0.,-1.));
#2627 = ORIENTED_EDGE('',*,*,#2628,.T.);
#2628 = EDGE_CURVE('',#2621,#2629,#2631,.T.);
#2629 = VERTEX_POINT('',#2630);
#2630 = CARTESIAN_POINT('',(-1.356666534249,-7.481441242379,38.));
#2631 = LINE('',#2632,#2633);
#2632 = CARTESIAN_POINT('',(-0.844283609177,-7.481441242379,38.));
#2633 = VECTOR('',#2634,1.);
#2634 = DIRECTION('',(-1.,0.,0.));
#2635 = ORIENTED_EDGE('',*,*,#2636,.F.);
#2636 = EDGE_CURVE('',#259,#2629,#2637,.T.);
#2637 = LINE('',#2638,#2639);
#2638 = CARTESIAN_POINT('',(-1.356666534249,-7.481441242379,40.));
#2639 = VECTOR('',#2640,1.);
#2640 = DIRECTION('',(-0.,-0.,-1.));
#2641 = ORIENTED_EDGE('',*,*,#256,.F.);
#2642 = PLANE('',#2643);
#2643 = AXIS2_PLACEMENT_3D('',#2644,#2645,#2646);
#2644 = CARTESIAN_POINT('',(-0.844283609177,-7.481441242379,40.));
#2645 = DIRECTION('',(0.,1.,0.));
#2646 = DIRECTION('',(-1.,0.,0.));
#2647 = ADVANCED_FACE('',(#2648),#2666,.T.);
#2648 = FACE_BOUND('',#2649,.T.);
#2649 = EDGE_LOOP('',(#2650,#2658,#2664,#2665));
#2650 = ORIENTED_EDGE('',*,*,#2651,.T.);
#2651 = EDGE_CURVE('',#531,#2652,#2654,.T.);
#2652 = VERTEX_POINT('',#2653);
#2653 = CARTESIAN_POINT('',(-0.844283609177,-5.923624239497,38.));
#2654 = LINE('',#2655,#2656);
#2655 = CARTESIAN_POINT('',(-0.844283609177,-5.923624239497,40.));
#2656 = VECTOR('',#2657,1.);
#2657 = DIRECTION('',(-0.,-0.,-1.));
#2658 = ORIENTED_EDGE('',*,*,#2659,.T.);
#2659 = EDGE_CURVE('',#2652,#2621,#2660,.T.);
#2660 = LINE('',#2661,#2662);
#2661 = CARTESIAN_POINT('',(-0.844283609177,-5.923624239497,38.));
#2662 = VECTOR('',#2663,1.);
#2663 = DIRECTION('',(0.,-1.,0.));
#2664 = ORIENTED_EDGE('',*,*,#2620,.F.);
#2665 = ORIENTED_EDGE('',*,*,#538,.F.);
#2666 = PLANE('',#2667);
#2667 = AXIS2_PLACEMENT_3D('',#2668,#2669,#2670);
#2668 = CARTESIAN_POINT('',(-0.844283609177,-5.923624239497,40.));
#2669 = DIRECTION('',(-1.,0.,0.));
#2670 = DIRECTION('',(0.,-1.,0.));
#2671 = ADVANCED_FACE('',(#2672),#2690,.T.);
#2672 = FACE_BOUND('',#2673,.T.);
#2673 = EDGE_LOOP('',(#2674,#2675,#2683,#2689));
#2674 = ORIENTED_EDGE('',*,*,#2636,.T.);
#2675 = ORIENTED_EDGE('',*,*,#2676,.T.);
#2676 = EDGE_CURVE('',#2629,#2677,#2679,.T.);
#2677 = VERTEX_POINT('',#2678);
#2678 = CARTESIAN_POINT('',(-1.356666534249,-5.354640089641,38.));
#2679 = LINE('',#2680,#2681);
#2680 = CARTESIAN_POINT('',(-1.356666534249,-7.481441242379,38.));
#2681 = VECTOR('',#2682,1.);
#2682 = DIRECTION('',(0.,1.,0.));
#2683 = ORIENTED_EDGE('',*,*,#2684,.F.);
#2684 = EDGE_CURVE('',#267,#2677,#2685,.T.);
#2685 = LINE('',#2686,#2687);
#2686 = CARTESIAN_POINT('',(-1.356666534249,-5.354640089641,40.));
#2687 = VECTOR('',#2688,1.);
#2688 = DIRECTION('',(-0.,-0.,-1.));
#2689 = ORIENTED_EDGE('',*,*,#266,.F.);
#2690 = PLANE('',#2691);
#2691 = AXIS2_PLACEMENT_3D('',#2692,#2693,#2694);
#2692 = CARTESIAN_POINT('',(-1.356666534249,-7.481441242379,40.));
#2693 = DIRECTION('',(1.,0.,0.));
#2694 = DIRECTION('',(0.,1.,0.));
#2695 = ADVANCED_FACE('',(#2696),#2714,.T.);
#2696 = FACE_BOUND('',#2697,.T.);
#2697 = EDGE_LOOP('',(#2698,#2706,#2712,#2713));
#2698 = ORIENTED_EDGE('',*,*,#2699,.T.);
#2699 = EDGE_CURVE('',#523,#2700,#2702,.T.);
#2700 = VERTEX_POINT('',#2701);
#2701 = CARTESIAN_POINT('',(-0.664753710041,-5.772867755348,38.));
#2702 = LINE('',#2703,#2704);
#2703 = CARTESIAN_POINT('',(-0.664753710041,-5.772867755348,40.));
#2704 = VECTOR('',#2705,1.);
#2705 = DIRECTION('',(-0.,-0.,-1.));
#2706 = ORIENTED_EDGE('',*,*,#2707,.T.);
#2707 = EDGE_CURVE('',#2700,#2652,#2708,.T.);
#2708 = B_SPLINE_CURVE_WITH_KNOTS('',2,(#2709,#2710,#2711),
  .UNSPECIFIED.,.F.,.F.,(3,3),(0.,1.),.PIECEWISE_BEZIER_KNOTS.);
#2709 = CARTESIAN_POINT('',(-0.664753710041,-5.772867755348,38.));
#2710 = CARTESIAN_POINT('',(-0.761205439148,-5.827983029123,38.));
#2711 = CARTESIAN_POINT('',(-0.844283609177,-5.923624239497,38.));
#2712 = ORIENTED_EDGE('',*,*,#2651,.F.);
#2713 = ORIENTED_EDGE('',*,*,#530,.F.);
#2714 = SURFACE_OF_LINEAR_EXTRUSION('',#2715,#2719);
#2715 = B_SPLINE_CURVE_WITH_KNOTS('',2,(#2716,#2717,#2718),
  .UNSPECIFIED.,.F.,.F.,(3,3),(0.,1.),.PIECEWISE_BEZIER_KNOTS.);
#2716 = CARTESIAN_POINT('',(-0.664753710041,-5.772867755348,40.));
#2717 = CARTESIAN_POINT('',(-0.761205439148,-5.827983029123,40.));
#2718 = CARTESIAN_POINT('',(-0.844283609177,-5.923624239497,40.));
#2719 = VECTOR('',#2720,1.);
#2720 = DIRECTION('',(0.,0.,1.));
#2721 = ADVANCED_FACE('',(#2722),#2740,.T.);
#2722 = FACE_BOUND('',#2723,.T.);
#2723 = EDGE_LOOP('',(#2724,#2725,#2733,#2739));
#2724 = ORIENTED_EDGE('',*,*,#2684,.T.);
#2725 = ORIENTED_EDGE('',*,*,#2726,.T.);
#2726 = EDGE_CURVE('',#2677,#2727,#2729,.T.);
#2727 = VERTEX_POINT('',#2728);
#2728 = CARTESIAN_POINT('',(-1.043401044335,-5.354640089641,38.));
#2729 = LINE('',#2730,#2731);
#2730 = CARTESIAN_POINT('',(-1.356666534249,-5.354640089641,38.));
#2731 = VECTOR('',#2732,1.);
#2732 = DIRECTION('',(1.,0.,0.));
#2733 = ORIENTED_EDGE('',*,*,#2734,.F.);
#2734 = EDGE_CURVE('',#275,#2727,#2735,.T.);
#2735 = LINE('',#2736,#2737);
#2736 = CARTESIAN_POINT('',(-1.043401044335,-5.354640089641,40.));
#2737 = VECTOR('',#2738,1.);
#2738 = DIRECTION('',(-0.,-0.,-1.));
#2739 = ORIENTED_EDGE('',*,*,#274,.F.);
#2740 = PLANE('',#2741);
#2741 = AXIS2_PLACEMENT_3D('',#2742,#2743,#2744);
#2742 = CARTESIAN_POINT('',(-1.356666534249,-5.354640089641,40.));
#2743 = DIRECTION('',(0.,-1.,0.));
#2744 = DIRECTION('',(1.,0.,0.));
#2745 = ADVANCED_FACE('',(#2746),#2764,.T.);
#2746 = FACE_BOUND('',#2747,.T.);
#2747 = EDGE_LOOP('',(#2748,#2756,#2762,#2763));
#2748 = ORIENTED_EDGE('',*,*,#2749,.T.);
#2749 = EDGE_CURVE('',#515,#2750,#2752,.T.);
#2750 = VERTEX_POINT('',#2751);
#2751 = CARTESIAN_POINT('',(-0.458341606295,-5.717752481572,38.));
#2752 = LINE('',#2753,#2754);
#2753 = CARTESIAN_POINT('',(-0.458341606295,-5.717752481572,40.));
#2754 = VECTOR('',#2755,1.);
#2755 = DIRECTION('',(-0.,-0.,-1.));
#2756 = ORIENTED_EDGE('',*,*,#2757,.T.);
#2757 = EDGE_CURVE('',#2750,#2700,#2758,.T.);
#2758 = B_SPLINE_CURVE_WITH_KNOTS('',2,(#2759,#2760,#2761),
  .UNSPECIFIED.,.F.,.F.,(3,3),(0.,1.),.PIECEWISE_BEZIER_KNOTS.);
#2759 = CARTESIAN_POINT('',(-0.458341606295,-5.717752481572,38.));
#2760 = CARTESIAN_POINT('',(-0.568301980935,-5.717752481572,38.));
#2761 = CARTESIAN_POINT('',(-0.664753710041,-5.772867755348,38.));
#2762 = ORIENTED_EDGE('',*,*,#2699,.F.);
#2763 = ORIENTED_EDGE('',*,*,#522,.F.);
#2764 = SURFACE_OF_LINEAR_EXTRUSION('',#2765,#2769);
#2765 = B_SPLINE_CURVE_WITH_KNOTS('',2,(#2766,#2767,#2768),
  .UNSPECIFIED.,.F.,.F.,(3,3),(0.,1.),.PIECEWISE_BEZIER_KNOTS.);
#2766 = CARTESIAN_POINT('',(-0.458341606295,-5.717752481572,40.));
#2767 = CARTESIAN_POINT('',(-0.568301980935,-5.717752481572,40.));
#2768 = CARTESIAN_POINT('',(-0.664753710041,-5.772867755348,40.));
#2769 = VECTOR('',#2770,1.);
#2770 = DIRECTION('',(0.,0.,1.));
#2771 = ADVANCED_FACE('',(#2772),#2790,.T.);
#2772 = FACE_BOUND('',#2773,.T.);
#2773 = EDGE_LOOP('',(#2774,#2775,#2783,#2789));
#2774 = ORIENTED_EDGE('',*,*,#2734,.T.);
#2775 = ORIENTED_EDGE('',*,*,#2776,.T.);
#2776 = EDGE_CURVE('',#2727,#2777,#2779,.T.);
#2777 = VERTEX_POINT('',#2778);
#2778 = CARTESIAN_POINT('',(-0.912637355575,-5.447984830275,38.));
#2779 = B_SPLINE_CURVE_WITH_KNOTS('',2,(#2780,#2781,#2782),
  .UNSPECIFIED.,.F.,.F.,(3,3),(0.,1.),.PIECEWISE_BEZIER_KNOTS.);
#2780 = CARTESIAN_POINT('',(-1.043401044335,-5.354640089641,38.));
#2781 = CARTESIAN_POINT('',(-0.943842326756,-5.354640089641,38.));
#2782 = CARTESIAN_POINT('',(-0.912637355575,-5.447984830275,38.));
#2783 = ORIENTED_EDGE('',*,*,#2784,.F.);
#2784 = EDGE_CURVE('',#283,#2777,#2785,.T.);
#2785 = LINE('',#2786,#2787);
#2786 = CARTESIAN_POINT('',(-0.912637355575,-5.447984830275,40.));
#2787 = VECTOR('',#2788,1.);
#2788 = DIRECTION('',(-0.,-0.,-1.));
#2789 = ORIENTED_EDGE('',*,*,#282,.F.);
#2790 = SURFACE_OF_LINEAR_EXTRUSION('',#2791,#2795);
#2791 = B_SPLINE_CURVE_WITH_KNOTS('',2,(#2792,#2793,#2794),
  .UNSPECIFIED.,.F.,.F.,(3,3),(0.,1.),.PIECEWISE_BEZIER_KNOTS.);
#2792 = CARTESIAN_POINT('',(-1.043401044335,-5.354640089641,40.));
#2793 = CARTESIAN_POINT('',(-0.943842326756,-5.354640089641,40.));
#2794 = CARTESIAN_POINT('',(-0.912637355575,-5.447984830275,40.));
#2795 = VECTOR('',#2796,1.);
#2796 = DIRECTION('',(0.,0.,1.));
#2797 = ADVANCED_FACE('',(#2798),#2816,.T.);
#2798 = FACE_BOUND('',#2799,.T.);
#2799 = EDGE_LOOP('',(#2800,#2808,#2814,#2815));
#2800 = ORIENTED_EDGE('',*,*,#2801,.T.);
#2801 = EDGE_CURVE('',#507,#2802,#2804,.T.);
#2802 = VERTEX_POINT('',#2803);
#2803 = CARTESIAN_POINT('',(-0.204108897361,-5.815284902322,38.));
#2804 = LINE('',#2805,#2806);
#2805 = CARTESIAN_POINT('',(-0.204108897361,-5.815284902322,40.));
#2806 = VECTOR('',#2807,1.);
#2807 = DIRECTION('',(-0.,-0.,-1.));
#2808 = ORIENTED_EDGE('',*,*,#2809,.T.);
#2809 = EDGE_CURVE('',#2802,#2750,#2810,.T.);
#2810 = B_SPLINE_CURVE_WITH_KNOTS('',2,(#2811,#2812,#2813),
  .UNSPECIFIED.,.F.,.F.,(3,3),(0.,1.),.PIECEWISE_BEZIER_KNOTS.);
#2811 = CARTESIAN_POINT('',(-0.204108897361,-5.815284902322,38.));
#2812 = CARTESIAN_POINT('',(-0.290158969407,-5.717752481572,38.));
#2813 = CARTESIAN_POINT('',(-0.458341606295,-5.717752481572,38.));
#2814 = ORIENTED_EDGE('',*,*,#2749,.F.);
#2815 = ORIENTED_EDGE('',*,*,#514,.F.);
#2816 = SURFACE_OF_LINEAR_EXTRUSION('',#2817,#2821);
#2817 = B_SPLINE_CURVE_WITH_KNOTS('',2,(#2818,#2819,#2820),
  .UNSPECIFIED.,.F.,.F.,(3,3),(0.,1.),.PIECEWISE_BEZIER_KNOTS.);
#2818 = CARTESIAN_POINT('',(-0.204108897361,-5.815284902322,40.));
#2819 = CARTESIAN_POINT('',(-0.290158969407,-5.717752481572,40.));
#2820 = CARTESIAN_POINT('',(-0.458341606295,-5.717752481572,40.));
#2821 = VECTOR('',#2822,1.);
#2822 = DIRECTION('',(0.,0.,1.));
#2823 = ADVANCED_FACE('',(#2824),#2842,.T.);
#2824 = FACE_BOUND('',#2825,.T.);
#2825 = EDGE_LOOP('',(#2826,#2827,#2835,#2841));
#2826 = ORIENTED_EDGE('',*,*,#2784,.T.);
#2827 = ORIENTED_EDGE('',*,*,#2828,.T.);
#2828 = EDGE_CURVE('',#2777,#2829,#2831,.T.);
#2829 = VERTEX_POINT('',#2830);
#2830 = CARTESIAN_POINT('',(-0.879541174018,-5.605495637192,38.));
#2831 = LINE('',#2832,#2833);
#2832 = CARTESIAN_POINT('',(-0.912637355575,-5.447984830275,38.));
#2833 = VECTOR('',#2834,1.);
#2834 = DIRECTION('',(0.205629772653,-0.978629856789,0.));
#2835 = ORIENTED_EDGE('',*,*,#2836,.F.);
#2836 = EDGE_CURVE('',#291,#2829,#2837,.T.);
#2837 = LINE('',#2838,#2839);
#2838 = CARTESIAN_POINT('',(-0.879541174018,-5.605495637192,40.));
#2839 = VECTOR('',#2840,1.);
#2840 = DIRECTION('',(-0.,-0.,-1.));
#2841 = ORIENTED_EDGE('',*,*,#290,.F.);
#2842 = PLANE('',#2843);
#2843 = AXIS2_PLACEMENT_3D('',#2844,#2845,#2846);
#2844 = CARTESIAN_POINT('',(-0.912637355575,-5.447984830275,40.));
#2845 = DIRECTION('',(-0.978629856789,-0.205629772653,0.));
#2846 = DIRECTION('',(0.205629772653,-0.978629856789,0.));
#2847 = ADVANCED_FACE('',(#2848),#2866,.T.);
#2848 = FACE_BOUND('',#2849,.T.);
#2849 = EDGE_LOOP('',(#2850,#2858,#2864,#2865));
#2850 = ORIENTED_EDGE('',*,*,#2851,.T.);
#2851 = EDGE_CURVE('',#499,#2852,#2854,.T.);
#2852 = VERTEX_POINT('',#2853);
#2853 = CARTESIAN_POINT('',(-0.118058825315,-6.126524095405,38.));
#2854 = LINE('',#2855,#2856);
#2855 = CARTESIAN_POINT('',(-0.118058825315,-6.126524095405,40.));
#2856 = VECTOR('',#2857,1.);
#2857 = DIRECTION('',(-0.,-0.,-1.));
#2858 = ORIENTED_EDGE('',*,*,#2859,.T.);
#2859 = EDGE_CURVE('',#2852,#2802,#2860,.T.);
#2860 = B_SPLINE_CURVE_WITH_KNOTS('',2,(#2861,#2862,#2863),
  .UNSPECIFIED.,.F.,.F.,(3,3),(0.,1.),.PIECEWISE_BEZIER_KNOTS.);
#2861 = CARTESIAN_POINT('',(-0.118058825315,-6.126524095405,38.));
#2862 = CARTESIAN_POINT('',(-0.118058825315,-5.912817323071,38.));
#2863 = CARTESIAN_POINT('',(-0.204108897361,-5.815284902322,38.));
#2864 = ORIENTED_EDGE('',*,*,#2801,.F.);
#2865 = ORIENTED_EDGE('',*,*,#506,.F.);
#2866 = SURFACE_OF_LINEAR_EXTRUSION('',#2867,#2871);
#2867 = B_SPLINE_CURVE_WITH_KNOTS('',2,(#2868,#2869,#2870),
  .UNSPECIFIED.,.F.,.F.,(3,3),(0.,1.),.PIECEWISE_BEZIER_KNOTS.);
#2868 = CARTESIAN_POINT('',(-0.118058825315,-6.126524095405,40.));
#2869 = CARTESIAN_POINT('',(-0.118058825315,-5.912817323071,40.));
#2870 = CARTESIAN_POINT('',(-0.204108897361,-5.815284902322,40.));
#2871 = VECTOR('',#2872,1.);
#2872 = DIRECTION('',(0.,0.,1.));
#2873 = ADVANCED_FACE('',(#2874),#2892,.T.);
#2874 = FACE_BOUND('',#2875,.T.);
#2875 = EDGE_LOOP('',(#2876,#2877,#2885,#2891));
#2876 = ORIENTED_EDGE('',*,*,#2836,.T.);
#2877 = ORIENTED_EDGE('',*,*,#2878,.T.);
#2878 = EDGE_CURVE('',#2829,#2879,#2881,.T.);
#2879 = VERTEX_POINT('',#2880);
#2880 = CARTESIAN_POINT('',(-0.762286130791,-5.490942323071,38.));
#2881 = B_SPLINE_CURVE_WITH_KNOTS('',2,(#2882,#2883,#2884),
  .UNSPECIFIED.,.F.,.F.,(3,3),(0.,1.),.PIECEWISE_BEZIER_KNOTS.);
#2882 = CARTESIAN_POINT('',(-0.879541174018,-5.605495637192,38.));
#2883 = CARTESIAN_POINT('',(-0.823480295056,-5.542950608373,38.));
#2884 = CARTESIAN_POINT('',(-0.762286130791,-5.490942323071,38.));
#2885 = ORIENTED_EDGE('',*,*,#2886,.F.);
#2886 = EDGE_CURVE('',#299,#2879,#2887,.T.);
#2887 = LINE('',#2888,#2889);
#2888 = CARTESIAN_POINT('',(-0.762286130791,-5.490942323071,40.));
#2889 = VECTOR('',#2890,1.);
#2890 = DIRECTION('',(-0.,-0.,-1.));
#2891 = ORIENTED_EDGE('',*,*,#298,.F.);
#2892 = SURFACE_OF_LINEAR_EXTRUSION('',#2893,#2897);
#2893 = B_SPLINE_CURVE_WITH_KNOTS('',2,(#2894,#2895,#2896),
  .UNSPECIFIED.,.F.,.F.,(3,3),(0.,1.),.PIECEWISE_BEZIER_KNOTS.);
#2894 = CARTESIAN_POINT('',(-0.879541174018,-5.605495637192,40.));
#2895 = CARTESIAN_POINT('',(-0.823480295056,-5.542950608373,40.));
#2896 = CARTESIAN_POINT('',(-0.762286130791,-5.490942323071,40.));
#2897 = VECTOR('',#2898,1.);
#2898 = DIRECTION('',(0.,0.,1.));
#2899 = ADVANCED_FACE('',(#2900),#2918,.T.);
#2900 = FACE_BOUND('',#2901,.T.);
#2901 = EDGE_LOOP('',(#2902,#2910,#2916,#2917));
#2902 = ORIENTED_EDGE('',*,*,#2903,.T.);
#2903 = EDGE_CURVE('',#491,#2904,#2906,.T.);
#2904 = VERTEX_POINT('',#2905);
#2905 = CARTESIAN_POINT('',(-0.118058825315,-7.481441242379,38.));
#2906 = LINE('',#2907,#2908);
#2907 = CARTESIAN_POINT('',(-0.118058825315,-7.481441242379,40.));
#2908 = VECTOR('',#2909,1.);
#2909 = DIRECTION('',(-0.,-0.,-1.));
#2910 = ORIENTED_EDGE('',*,*,#2911,.T.);
#2911 = EDGE_CURVE('',#2904,#2852,#2912,.T.);
#2912 = LINE('',#2913,#2914);
#2913 = CARTESIAN_POINT('',(-0.118058825315,-7.481441242379,38.));
#2914 = VECTOR('',#2915,1.);
#2915 = DIRECTION('',(0.,1.,0.));
#2916 = ORIENTED_EDGE('',*,*,#2851,.F.);
#2917 = ORIENTED_EDGE('',*,*,#498,.F.);
#2918 = PLANE('',#2919);
#2919 = AXIS2_PLACEMENT_3D('',#2920,#2921,#2922);
#2920 = CARTESIAN_POINT('',(-0.118058825315,-7.481441242379,40.));
#2921 = DIRECTION('',(1.,0.,0.));
#2922 = DIRECTION('',(0.,1.,0.));
#2923 = ADVANCED_FACE('',(#2924),#2942,.T.);
#2924 = FACE_BOUND('',#2925,.T.);
#2925 = EDGE_LOOP('',(#2926,#2927,#2935,#2941));
#2926 = ORIENTED_EDGE('',*,*,#2886,.T.);
#2927 = ORIENTED_EDGE('',*,*,#2928,.T.);
#2928 = EDGE_CURVE('',#2879,#2929,#2931,.T.);
#2929 = VERTEX_POINT('',#2930);
#2930 = CARTESIAN_POINT('',(-0.631657528485,-5.401380003186,38.));
#2931 = B_SPLINE_CURVE_WITH_KNOTS('',2,(#2932,#2933,#2934),
  .UNSPECIFIED.,.F.,.F.,(3,3),(0.,1.),.PIECEWISE_BEZIER_KNOTS.);
#2932 = CARTESIAN_POINT('',(-0.762286130791,-5.490942323071,38.));
#2933 = CARTESIAN_POINT('',(-0.701091966526,-5.438798951313,38.));
#2934 = CARTESIAN_POINT('',(-0.631657528485,-5.401380003186,38.));
#2935 = ORIENTED_EDGE('',*,*,#2936,.F.);
#2936 = EDGE_CURVE('',#307,#2929,#2937,.T.);
#2937 = LINE('',#2938,#2939);
#2938 = CARTESIAN_POINT('',(-0.631657528485,-5.401380003186,40.));
#2939 = VECTOR('',#2940,1.);
#2940 = DIRECTION('',(-0.,-0.,-1.));
#2941 = ORIENTED_EDGE('',*,*,#306,.F.);
#2942 = SURFACE_OF_LINEAR_EXTRUSION('',#2943,#2947);
#2943 = B_SPLINE_CURVE_WITH_KNOTS('',2,(#2944,#2945,#2946),
  .UNSPECIFIED.,.F.,.F.,(3,3),(0.,1.),.PIECEWISE_BEZIER_KNOTS.);
#2944 = CARTESIAN_POINT('',(-0.762286130791,-5.490942323071,40.));
#2945 = CARTESIAN_POINT('',(-0.701091966526,-5.438798951313,40.));
#2946 = CARTESIAN_POINT('',(-0.631657528485,-5.401380003186,40.));
#2947 = VECTOR('',#2948,1.);
#2948 = DIRECTION('',(0.,0.,1.));
#2949 = ADVANCED_FACE('',(#2950),#2968,.T.);
#2950 = FACE_BOUND('',#2951,.T.);
#2951 = EDGE_LOOP('',(#2952,#2960,#2966,#2967));
#2952 = ORIENTED_EDGE('',*,*,#2953,.T.);
#2953 = EDGE_CURVE('',#483,#2954,#2956,.T.);
#2954 = VERTEX_POINT('',#2955);
#2955 = CARTESIAN_POINT('',(0.396620569497,-7.481441242379,38.));
#2956 = LINE('',#2957,#2958);
#2957 = CARTESIAN_POINT('',(0.396620569497,-7.481441242379,40.));
#2958 = VECTOR('',#2959,1.);
#2959 = DIRECTION('',(-0.,-0.,-1.));
#2960 = ORIENTED_EDGE('',*,*,#2961,.T.);
#2961 = EDGE_CURVE('',#2954,#2904,#2962,.T.);
#2962 = LINE('',#2963,#2964);
#2963 = CARTESIAN_POINT('',(0.396620569497,-7.481441242379,38.));
#2964 = VECTOR('',#2965,1.);
#2965 = DIRECTION('',(-1.,0.,0.));
#2966 = ORIENTED_EDGE('',*,*,#2903,.F.);
#2967 = ORIENTED_EDGE('',*,*,#490,.F.);
#2968 = PLANE('',#2969);
#2969 = AXIS2_PLACEMENT_3D('',#2970,#2971,#2972);
#2970 = CARTESIAN_POINT('',(0.396620569497,-7.481441242379,40.));
#2971 = DIRECTION('',(0.,1.,0.));
#2972 = DIRECTION('',(-1.,0.,0.));
#2973 = ADVANCED_FACE('',(#2974),#2992,.T.);
#2974 = FACE_BOUND('',#2975,.T.);
#2975 = EDGE_LOOP('',(#2976,#2977,#2985,#2991));
#2976 = ORIENTED_EDGE('',*,*,#2936,.T.);
#2977 = ORIENTED_EDGE('',*,*,#2978,.T.);
#2978 = EDGE_CURVE('',#2929,#2979,#2981,.T.);
#2979 = VERTEX_POINT('',#2980);
#2980 = CARTESIAN_POINT('',(-0.482251908889,-5.34194196284,38.));
#2981 = B_SPLINE_CURVE_WITH_KNOTS('',2,(#2982,#2983,#2984),
  .UNSPECIFIED.,.F.,.F.,(3,3),(0.,1.),.PIECEWISE_BEZIER_KNOTS.);
#2982 = CARTESIAN_POINT('',(-0.631657528485,-5.401380003186,38.));
#2983 = CARTESIAN_POINT('',(-0.56208800399,-5.363825968604,38.));
#2984 = CARTESIAN_POINT('',(-0.482251908889,-5.34194196284,38.));
#2985 = ORIENTED_EDGE('',*,*,#2986,.F.);
#2986 = EDGE_CURVE('',#315,#2979,#2987,.T.);
#2987 = LINE('',#2988,#2989);
#2988 = CARTESIAN_POINT('',(-0.482251908889,-5.34194196284,40.));
#2989 = VECTOR('',#2990,1.);
#2990 = DIRECTION('',(-0.,-0.,-1.));
#2991 = ORIENTED_EDGE('',*,*,#314,.F.);
#2992 = SURFACE_OF_LINEAR_EXTRUSION('',#2993,#2997);
#2993 = B_SPLINE_CURVE_WITH_KNOTS('',2,(#2994,#2995,#2996),
  .UNSPECIFIED.,.F.,.F.,(3,3),(0.,1.),.PIECEWISE_BEZIER_KNOTS.);
#2994 = CARTESIAN_POINT('',(-0.631657528485,-5.401380003186,40.));
#2995 = CARTESIAN_POINT('',(-0.56208800399,-5.363825968604,40.));
#2996 = CARTESIAN_POINT('',(-0.482251908889,-5.34194196284,40.));
#2997 = VECTOR('',#2998,1.);
#2998 = DIRECTION('',(0.,0.,1.));
#2999 = ADVANCED_FACE('',(#3000),#3018,.T.);
#3000 = FACE_BOUND('',#3001,.T.);
#3001 = EDGE_LOOP('',(#3002,#3010,#3016,#3017));
#3002 = ORIENTED_EDGE('',*,*,#3003,.T.);
#3003 = EDGE_CURVE('',#475,#3004,#3006,.T.);
#3004 = VERTEX_POINT('',#3005);
#3005 = CARTESIAN_POINT('',(0.396620569497,-6.126524095405,38.));
#3006 = LINE('',#3007,#3008);
#3007 = CARTESIAN_POINT('',(0.396620569497,-6.126524095405,40.));
#3008 = VECTOR('',#3009,1.);
#3009 = DIRECTION('',(-0.,-0.,-1.));
#3010 = ORIENTED_EDGE('',*,*,#3011,.T.);
#3011 = EDGE_CURVE('',#3004,#2954,#3012,.T.);
#3012 = LINE('',#3013,#3014);
#3013 = CARTESIAN_POINT('',(0.396620569497,-6.126524095405,38.));
#3014 = VECTOR('',#3015,1.);
#3015 = DIRECTION('',(0.,-1.,0.));
#3016 = ORIENTED_EDGE('',*,*,#2953,.F.);
#3017 = ORIENTED_EDGE('',*,*,#482,.F.);
#3018 = PLANE('',#3019);
#3019 = AXIS2_PLACEMENT_3D('',#3020,#3021,#3022);
#3020 = CARTESIAN_POINT('',(0.396620569497,-6.126524095405,40.));
#3021 = DIRECTION('',(-1.,0.,0.));
#3022 = DIRECTION('',(0.,-1.,0.));
#3023 = ADVANCED_FACE('',(#3024),#3042,.T.);
#3024 = FACE_BOUND('',#3025,.T.);
#3025 = EDGE_LOOP('',(#3026,#3027,#3035,#3041));
#3026 = ORIENTED_EDGE('',*,*,#2986,.T.);
#3027 = ORIENTED_EDGE('',*,*,#3028,.T.);
#3028 = EDGE_CURVE('',#2979,#3029,#3031,.T.);
#3029 = VERTEX_POINT('',#3030);
#3030 = CARTESIAN_POINT('',(-0.306774603413,-5.320057957077,38.));
#3031 = B_SPLINE_CURVE_WITH_KNOTS('',2,(#3032,#3033,#3034),
  .UNSPECIFIED.,.F.,.F.,(3,3),(0.,1.),.PIECEWISE_BEZIER_KNOTS.);
#3032 = CARTESIAN_POINT('',(-0.482251908889,-5.34194196284,38.));
#3033 = CARTESIAN_POINT('',(-0.402280727333,-5.320057957077,38.));
#3034 = CARTESIAN_POINT('',(-0.306774603413,-5.320057957077,38.));
#3035 = ORIENTED_EDGE('',*,*,#3036,.F.);
#3036 = EDGE_CURVE('',#323,#3029,#3037,.T.);
#3037 = LINE('',#3038,#3039);
#3038 = CARTESIAN_POINT('',(-0.306774603413,-5.320057957077,40.));
#3039 = VECTOR('',#3040,1.);
#3040 = DIRECTION('',(-0.,-0.,-1.));
#3041 = ORIENTED_EDGE('',*,*,#322,.F.);
#3042 = SURFACE_OF_LINEAR_EXTRUSION('',#3043,#3047);
#3043 = B_SPLINE_CURVE_WITH_KNOTS('',2,(#3044,#3045,#3046),
  .UNSPECIFIED.,.F.,.F.,(3,3),(0.,1.),.PIECEWISE_BEZIER_KNOTS.);
#3044 = CARTESIAN_POINT('',(-0.482251908889,-5.34194196284,40.));
#3045 = CARTESIAN_POINT('',(-0.402280727333,-5.320057957077,40.));
#3046 = CARTESIAN_POINT('',(-0.306774603413,-5.320057957077,40.));
#3047 = VECTOR('',#3048,1.);
#3048 = DIRECTION('',(0.,0.,1.));
#3049 = ADVANCED_FACE('',(#3050),#3068,.T.);
#3050 = FACE_BOUND('',#3051,.T.);
#3051 = EDGE_LOOP('',(#3052,#3060,#3066,#3067));
#3052 = ORIENTED_EDGE('',*,*,#3053,.T.);
#3053 = EDGE_CURVE('',#467,#3054,#3056,.T.);
#3054 = VERTEX_POINT('',#3055);
#3055 = CARTESIAN_POINT('',(0.425664157394,-5.950236271198,38.));
#3056 = LINE('',#3057,#3058);
#3057 = CARTESIAN_POINT('',(0.425664157394,-5.950236271198,40.));
#3058 = VECTOR('',#3059,1.);
#3059 = DIRECTION('',(-0.,-0.,-1.));
#3060 = ORIENTED_EDGE('',*,*,#3061,.T.);
#3061 = EDGE_CURVE('',#3054,#3004,#3062,.T.);
#3062 = B_SPLINE_CURVE_WITH_KNOTS('',2,(#3063,#3064,#3065),
  .UNSPECIFIED.,.F.,.F.,(3,3),(0.,1.),.PIECEWISE_BEZIER_KNOTS.);
#3063 = CARTESIAN_POINT('',(0.425664157394,-5.950236271198,38.));
#3064 = CARTESIAN_POINT('',(0.396620569497,-6.026965377826,38.));
#3065 = CARTESIAN_POINT('',(0.396620569497,-6.126524095405,38.));
#3066 = ORIENTED_EDGE('',*,*,#3003,.F.);
#3067 = ORIENTED_EDGE('',*,*,#474,.F.);
#3068 = SURFACE_OF_LINEAR_EXTRUSION('',#3069,#3073);
#3069 = B_SPLINE_CURVE_WITH_KNOTS('',2,(#3070,#3071,#3072),
  .UNSPECIFIED.,.F.,.F.,(3,3),(0.,1.),.PIECEWISE_BEZIER_KNOTS.);
#3070 = CARTESIAN_POINT('',(0.425664157394,-5.950236271198,40.));
#3071 = CARTESIAN_POINT('',(0.396620569497,-6.026965377826,40.));
#3072 = CARTESIAN_POINT('',(0.396620569497,-6.126524095405,40.));
#3073 = VECTOR('',#3074,1.);
#3074 = DIRECTION('',(0.,0.,1.));
#3075 = ADVANCED_FACE('',(#3076),#3094,.T.);
#3076 = FACE_BOUND('',#3077,.T.);
#3077 = EDGE_LOOP('',(#3078,#3079,#3087,#3093));
#3078 = ORIENTED_EDGE('',*,*,#3036,.T.);
#3079 = ORIENTED_EDGE('',*,*,#3080,.T.);
#3080 = EDGE_CURVE('',#3029,#3081,#3083,.T.);
#3081 = VERTEX_POINT('',#3082);
#3082 = CARTESIAN_POINT('',(2.418721214875E-02,-5.428802553618,38.));
#3083 = B_SPLINE_CURVE_WITH_KNOTS('',2,(#3084,#3085,#3086),
  .UNSPECIFIED.,.F.,.F.,(3,3),(0.,1.),.PIECEWISE_BEZIER_KNOTS.);
#3084 = CARTESIAN_POINT('',(-0.306774603413,-5.320057957077,38.));
#3085 = CARTESIAN_POINT('',(-0.105495784969,-5.320057957077,38.));
#3086 = CARTESIAN_POINT('',(2.418721214875E-02,-5.428802553618,38.));
#3087 = ORIENTED_EDGE('',*,*,#3088,.F.);
#3088 = EDGE_CURVE('',#331,#3081,#3089,.T.);
#3089 = LINE('',#3090,#3091);
#3090 = CARTESIAN_POINT('',(2.418721214875E-02,-5.428802553618,40.));
#3091 = VECTOR('',#3092,1.);
#3092 = DIRECTION('',(-0.,-0.,-1.));
#3093 = ORIENTED_EDGE('',*,*,#330,.F.);
#3094 = SURFACE_OF_LINEAR_EXTRUSION('',#3095,#3099);
#3095 = B_SPLINE_CURVE_WITH_KNOTS('',2,(#3096,#3097,#3098),
  .UNSPECIFIED.,.F.,.F.,(3,3),(0.,1.),.PIECEWISE_BEZIER_KNOTS.);
#3096 = CARTESIAN_POINT('',(-0.306774603413,-5.320057957077,40.));
#3097 = CARTESIAN_POINT('',(-0.105495784969,-5.320057957077,40.));
#3098 = CARTESIAN_POINT('',(2.418721214875E-02,-5.428802553618,40.));
#3099 = VECTOR('',#3100,1.);
#3100 = DIRECTION('',(0.,0.,1.));
#3101 = ADVANCED_FACE('',(#3102),#3120,.T.);
#3102 = FACE_BOUND('',#3103,.T.);
#3103 = EDGE_LOOP('',(#3104,#3112,#3118,#3119));
#3104 = ORIENTED_EDGE('',*,*,#3105,.T.);
#3105 = EDGE_CURVE('',#459,#3106,#3108,.T.);
#3106 = VERTEX_POINT('',#3107);
#3107 = CARTESIAN_POINT('',(0.505500252495,-5.822579570909,38.));
#3108 = LINE('',#3109,#3110);
#3109 = CARTESIAN_POINT('',(0.505500252495,-5.822579570909,40.));
#3110 = VECTOR('',#3111,1.);
#3111 = DIRECTION('',(-0.,-0.,-1.));
#3112 = ORIENTED_EDGE('',*,*,#3113,.T.);
#3113 = EDGE_CURVE('',#3106,#3054,#3114,.T.);
#3114 = B_SPLINE_CURVE_WITH_KNOTS('',2,(#3115,#3116,#3117),
  .UNSPECIFIED.,.F.,.F.,(3,3),(0.,1.),.PIECEWISE_BEZIER_KNOTS.);
#3115 = CARTESIAN_POINT('',(0.505500252495,-5.822579570909,38.));
#3116 = CARTESIAN_POINT('',(0.45470774529,-5.873372078114,38.));
#3117 = CARTESIAN_POINT('',(0.425664157394,-5.950236271198,38.));
#3118 = ORIENTED_EDGE('',*,*,#3053,.F.);
#3119 = ORIENTED_EDGE('',*,*,#466,.F.);
#3120 = SURFACE_OF_LINEAR_EXTRUSION('',#3121,#3125);
#3121 = B_SPLINE_CURVE_WITH_KNOTS('',2,(#3122,#3123,#3124),
  .UNSPECIFIED.,.F.,.F.,(3,3),(0.,1.),.PIECEWISE_BEZIER_KNOTS.);
#3122 = CARTESIAN_POINT('',(0.505500252495,-5.822579570909,40.));
#3123 = CARTESIAN_POINT('',(0.45470774529,-5.873372078114,40.));
#3124 = CARTESIAN_POINT('',(0.425664157394,-5.950236271198,40.));
#3125 = VECTOR('',#3126,1.);
#3126 = DIRECTION('',(0.,0.,1.));
#3127 = ADVANCED_FACE('',(#3128),#3146,.T.);
#3128 = FACE_BOUND('',#3129,.T.);
#3129 = EDGE_LOOP('',(#3130,#3131,#3139,#3145));
#3130 = ORIENTED_EDGE('',*,*,#3088,.T.);
#3131 = ORIENTED_EDGE('',*,*,#3132,.T.);
#3132 = EDGE_CURVE('',#3081,#3133,#3135,.T.);
#3133 = VERTEX_POINT('',#3134);
#3134 = CARTESIAN_POINT('',(0.218171362005,-5.717752481572,38.));
#3135 = B_SPLINE_CURVE_WITH_KNOTS('',2,(#3136,#3137,#3138),
  .UNSPECIFIED.,.F.,.F.,(3,3),(0.,1.),.PIECEWISE_BEZIER_KNOTS.);
#3136 = CARTESIAN_POINT('',(2.418721214875E-02,-5.428802553618,38.));
#3137 = CARTESIAN_POINT('',(0.153870209267,-5.53754715016,38.));
#3138 = CARTESIAN_POINT('',(0.218171362005,-5.717752481572,38.));
#3139 = ORIENTED_EDGE('',*,*,#3140,.F.);
#3140 = EDGE_CURVE('',#339,#3133,#3141,.T.);
#3141 = LINE('',#3142,#3143);
#3142 = CARTESIAN_POINT('',(0.218171362005,-5.717752481572,40.));
#3143 = VECTOR('',#3144,1.);
#3144 = DIRECTION('',(-0.,-0.,-1.));
#3145 = ORIENTED_EDGE('',*,*,#338,.F.);
#3146 = SURFACE_OF_LINEAR_EXTRUSION('',#3147,#3151);
#3147 = B_SPLINE_CURVE_WITH_KNOTS('',2,(#3148,#3149,#3150),
  .UNSPECIFIED.,.F.,.F.,(3,3),(0.,1.),.PIECEWISE_BEZIER_KNOTS.);
#3148 = CARTESIAN_POINT('',(2.418721214875E-02,-5.428802553618,40.));
#3149 = CARTESIAN_POINT('',(0.153870209267,-5.53754715016,40.));
#3150 = CARTESIAN_POINT('',(0.218171362005,-5.717752481572,40.));
#3151 = VECTOR('',#3152,1.);
#3152 = DIRECTION('',(0.,0.,1.));
#3153 = ADVANCED_FACE('',(#3154),#3172,.T.);
#3154 = FACE_BOUND('',#3155,.T.);
#3155 = EDGE_LOOP('',(#3156,#3164,#3170,#3171));
#3156 = ORIENTED_EDGE('',*,*,#3157,.T.);
#3157 = EDGE_CURVE('',#451,#3158,#3160,.T.);
#3158 = VERTEX_POINT('',#3159);
#3159 = CARTESIAN_POINT('',(0.62370090091,-5.744769772639,38.));
#3160 = LINE('',#3161,#3162);
#3161 = CARTESIAN_POINT('',(0.62370090091,-5.744769772639,40.));
#3162 = VECTOR('',#3163,1.);
#3163 = DIRECTION('',(-0.,-0.,-1.));
#3164 = ORIENTED_EDGE('',*,*,#3165,.T.);
#3165 = EDGE_CURVE('',#3158,#3106,#3166,.T.);
#3166 = B_SPLINE_CURVE_WITH_KNOTS('',2,(#3167,#3168,#3169),
  .UNSPECIFIED.,.F.,.F.,(3,3),(0.,1.),.PIECEWISE_BEZIER_KNOTS.);
#3167 = CARTESIAN_POINT('',(0.62370090091,-5.744769772639,38.));
#3168 = CARTESIAN_POINT('',(0.556292759699,-5.77165197725,38.));
#3169 = CARTESIAN_POINT('',(0.505500252495,-5.822579570909,38.));
#3170 = ORIENTED_EDGE('',*,*,#3105,.F.);
#3171 = ORIENTED_EDGE('',*,*,#458,.F.);
#3172 = SURFACE_OF_LINEAR_EXTRUSION('',#3173,#3177);
#3173 = B_SPLINE_CURVE_WITH_KNOTS('',2,(#3174,#3175,#3176),
  .UNSPECIFIED.,.F.,.F.,(3,3),(0.,1.),.PIECEWISE_BEZIER_KNOTS.);
#3174 = CARTESIAN_POINT('',(0.62370090091,-5.744769772639,40.));
#3175 = CARTESIAN_POINT('',(0.556292759699,-5.77165197725,40.));
#3176 = CARTESIAN_POINT('',(0.505500252495,-5.822579570909,40.));
#3177 = VECTOR('',#3178,1.);
#3178 = DIRECTION('',(0.,0.,1.));
#3179 = ADVANCED_FACE('',(#3180),#3198,.T.);
#3180 = FACE_BOUND('',#3181,.T.);
#3181 = EDGE_LOOP('',(#3182,#3183,#3191,#3197));
#3182 = ORIENTED_EDGE('',*,*,#3140,.T.);
#3183 = ORIENTED_EDGE('',*,*,#3184,.T.);
#3184 = EDGE_CURVE('',#3133,#3185,#3187,.T.);
#3185 = VERTEX_POINT('',#3186);
#3186 = CARTESIAN_POINT('',(0.342585987365,-5.536601544973,38.));
#3187 = B_SPLINE_CURVE_WITH_KNOTS('',2,(#3188,#3189,#3190),
  .UNSPECIFIED.,.F.,.F.,(3,3),(0.,1.),.PIECEWISE_BEZIER_KNOTS.);
#3188 = CARTESIAN_POINT('',(0.218171362005,-5.717752481572,38.));
#3189 = CARTESIAN_POINT('',(0.267883177567,-5.612114873503,38.));
#3190 = CARTESIAN_POINT('',(0.342585987365,-5.536601544973,38.));
#3191 = ORIENTED_EDGE('',*,*,#3192,.F.);
#3192 = EDGE_CURVE('',#347,#3185,#3193,.T.);
#3193 = LINE('',#3194,#3195);
#3194 = CARTESIAN_POINT('',(0.342585987365,-5.536601544973,40.));
#3195 = VECTOR('',#3196,1.);
#3196 = DIRECTION('',(-0.,-0.,-1.));
#3197 = ORIENTED_EDGE('',*,*,#346,.F.);
#3198 = SURFACE_OF_LINEAR_EXTRUSION('',#3199,#3203);
#3199 = B_SPLINE_CURVE_WITH_KNOTS('',2,(#3200,#3201,#3202),
  .UNSPECIFIED.,.F.,.F.,(3,3),(0.,1.),.PIECEWISE_BEZIER_KNOTS.);
#3200 = CARTESIAN_POINT('',(0.218171362005,-5.717752481572,40.));
#3201 = CARTESIAN_POINT('',(0.267883177567,-5.612114873503,40.));
#3202 = CARTESIAN_POINT('',(0.342585987365,-5.536601544973,40.));
#3203 = VECTOR('',#3204,1.);
#3204 = DIRECTION('',(0.,0.,1.));
#3205 = ADVANCED_FACE('',(#3206),#3224,.T.);
#3206 = FACE_BOUND('',#3207,.T.);
#3207 = EDGE_LOOP('',(#3208,#3216,#3222,#3223));
#3208 = ORIENTED_EDGE('',*,*,#3209,.T.);
#3209 = EDGE_CURVE('',#443,#3210,#3212,.T.);
#3210 = VERTEX_POINT('',#3211);
#3211 = CARTESIAN_POINT('',(0.770134618489,-5.717752481572,38.));
#3212 = LINE('',#3213,#3214);
#3213 = CARTESIAN_POINT('',(0.770134618489,-5.717752481572,40.));
#3214 = VECTOR('',#3215,1.);
#3215 = DIRECTION('',(-0.,-0.,-1.));
#3216 = ORIENTED_EDGE('',*,*,#3217,.T.);
#3217 = EDGE_CURVE('',#3210,#3158,#3218,.T.);
#3218 = B_SPLINE_CURVE_WITH_KNOTS('',2,(#3219,#3220,#3221),
  .UNSPECIFIED.,.F.,.F.,(3,3),(0.,1.),.PIECEWISE_BEZIER_KNOTS.);
#3219 = CARTESIAN_POINT('',(0.770134618489,-5.717752481572,38.));
#3220 = CARTESIAN_POINT('',(0.691244128575,-5.717752481572,38.));
#3221 = CARTESIAN_POINT('',(0.62370090091,-5.744769772639,38.));
#3222 = ORIENTED_EDGE('',*,*,#3157,.F.);
#3223 = ORIENTED_EDGE('',*,*,#450,.F.);
#3224 = SURFACE_OF_LINEAR_EXTRUSION('',#3225,#3229);
#3225 = B_SPLINE_CURVE_WITH_KNOTS('',2,(#3226,#3227,#3228),
  .UNSPECIFIED.,.F.,.F.,(3,3),(0.,1.),.PIECEWISE_BEZIER_KNOTS.);
#3226 = CARTESIAN_POINT('',(0.770134618489,-5.717752481572,40.));
#3227 = CARTESIAN_POINT('',(0.691244128575,-5.717752481572,40.));
#3228 = CARTESIAN_POINT('',(0.62370090091,-5.744769772639,40.));
#3229 = VECTOR('',#3230,1.);
#3230 = DIRECTION('',(0.,0.,1.));
#3231 = ADVANCED_FACE('',(#3232),#3250,.T.);
#3232 = FACE_BOUND('',#3233,.T.);
#3233 = EDGE_LOOP('',(#3234,#3235,#3243,#3249));
#3234 = ORIENTED_EDGE('',*,*,#3192,.T.);
#3235 = ORIENTED_EDGE('',*,*,#3236,.T.);
#3236 = EDGE_CURVE('',#3185,#3237,#3239,.T.);
#3237 = VERTEX_POINT('',#3238);
#3238 = CARTESIAN_POINT('',(0.506445857682,-5.413267611255,38.));
#3239 = B_SPLINE_CURVE_WITH_KNOTS('',2,(#3240,#3241,#3242),
  .UNSPECIFIED.,.F.,.F.,(3,3),(0.,1.),.PIECEWISE_BEZIER_KNOTS.);
#3240 = CARTESIAN_POINT('',(0.342585987365,-5.536601544973,38.));
#3241 = CARTESIAN_POINT('',(0.417288797163,-5.460953129987,38.));
#3242 = CARTESIAN_POINT('',(0.506445857682,-5.413267611255,38.));
#3243 = ORIENTED_EDGE('',*,*,#3244,.F.);
#3244 = EDGE_CURVE('',#355,#3237,#3245,.T.);
#3245 = LINE('',#3246,#3247);
#3246 = CARTESIAN_POINT('',(0.506445857682,-5.413267611255,40.));
#3247 = VECTOR('',#3248,1.);
#3248 = DIRECTION('',(-0.,-0.,-1.));
#3249 = ORIENTED_EDGE('',*,*,#354,.F.);
#3250 = SURFACE_OF_LINEAR_EXTRUSION('',#3251,#3255);
#3251 = B_SPLINE_CURVE_WITH_KNOTS('',2,(#3252,#3253,#3254),
  .UNSPECIFIED.,.F.,.F.,(3,3),(0.,1.),.PIECEWISE_BEZIER_KNOTS.);
#3252 = CARTESIAN_POINT('',(0.342585987365,-5.536601544973,40.));
#3253 = CARTESIAN_POINT('',(0.417288797163,-5.460953129987,40.));
#3254 = CARTESIAN_POINT('',(0.506445857682,-5.413267611255,40.));
#3255 = VECTOR('',#3256,1.);
#3256 = DIRECTION('',(0.,0.,1.));
#3257 = ADVANCED_FACE('',(#3258),#3276,.T.);
#3258 = FACE_BOUND('',#3259,.T.);
#3259 = EDGE_LOOP('',(#3260,#3268,#3274,#3275));
#3260 = ORIENTED_EDGE('',*,*,#3261,.T.);
#3261 = EDGE_CURVE('',#435,#3262,#3264,.T.);
#3262 = VERTEX_POINT('',#3263);
#3263 = CARTESIAN_POINT('',(1.0313918231,-5.820553274079,38.));
#3264 = LINE('',#3265,#3266);
#3265 = CARTESIAN_POINT('',(1.0313918231,-5.820553274079,40.));
#3266 = VECTOR('',#3267,1.);
#3267 = DIRECTION('',(-0.,-0.,-1.));
#3268 = ORIENTED_EDGE('',*,*,#3269,.T.);
#3269 = EDGE_CURVE('',#3262,#3210,#3270,.T.);
#3270 = B_SPLINE_CURVE_WITH_KNOTS('',2,(#3271,#3272,#3273),
  .UNSPECIFIED.,.F.,.F.,(3,3),(0.,1.),.PIECEWISE_BEZIER_KNOTS.);
#3271 = CARTESIAN_POINT('',(1.0313918231,-5.820553274079,38.));
#3272 = CARTESIAN_POINT('',(0.942234762581,-5.717752481572,38.));
#3273 = CARTESIAN_POINT('',(0.770134618489,-5.717752481572,38.));
#3274 = ORIENTED_EDGE('',*,*,#3209,.F.);
#3275 = ORIENTED_EDGE('',*,*,#442,.F.);
#3276 = SURFACE_OF_LINEAR_EXTRUSION('',#3277,#3281);
#3277 = B_SPLINE_CURVE_WITH_KNOTS('',2,(#3278,#3279,#3280),
  .UNSPECIFIED.,.F.,.F.,(3,3),(0.,1.),.PIECEWISE_BEZIER_KNOTS.);
#3278 = CARTESIAN_POINT('',(1.0313918231,-5.820553274079,40.));
#3279 = CARTESIAN_POINT('',(0.942234762581,-5.717752481572,40.));
#3280 = CARTESIAN_POINT('',(0.770134618489,-5.717752481572,40.));
#3281 = VECTOR('',#3282,1.);
#3282 = DIRECTION('',(0.,0.,1.));
#3283 = ADVANCED_FACE('',(#3284),#3302,.T.);
#3284 = FACE_BOUND('',#3285,.T.);
#3285 = EDGE_LOOP('',(#3286,#3287,#3295,#3301));
#3286 = ORIENTED_EDGE('',*,*,#3244,.T.);
#3287 = ORIENTED_EDGE('',*,*,#3288,.T.);
#3288 = EDGE_CURVE('',#3237,#3289,#3291,.T.);
#3289 = VERTEX_POINT('',#3290);
#3290 = CARTESIAN_POINT('',(0.696377413878,-5.342887568028,38.));
#3291 = B_SPLINE_CURVE_WITH_KNOTS('',2,(#3292,#3293,#3294),
  .UNSPECIFIED.,.F.,.F.,(3,3),(0.,1.),.PIECEWISE_BEZIER_KNOTS.);
#3292 = CARTESIAN_POINT('',(0.506445857682,-5.413267611255,38.));
#3293 = CARTESIAN_POINT('',(0.595738004656,-5.365582092523,38.));
#3294 = CARTESIAN_POINT('',(0.696377413878,-5.342887568028,38.));
#3295 = ORIENTED_EDGE('',*,*,#3296,.F.);
#3296 = EDGE_CURVE('',#363,#3289,#3297,.T.);
#3297 = LINE('',#3298,#3299);
#3298 = CARTESIAN_POINT('',(0.696377413878,-5.342887568028,40.));
#3299 = VECTOR('',#3300,1.);
#3300 = DIRECTION('',(-0.,-0.,-1.));
#3301 = ORIENTED_EDGE('',*,*,#362,.F.);
#3302 = SURFACE_OF_LINEAR_EXTRUSION('',#3303,#3307);
#3303 = B_SPLINE_CURVE_WITH_KNOTS('',2,(#3304,#3305,#3306),
  .UNSPECIFIED.,.F.,.F.,(3,3),(0.,1.),.PIECEWISE_BEZIER_KNOTS.);
#3304 = CARTESIAN_POINT('',(0.506445857682,-5.413267611255,40.));
#3305 = CARTESIAN_POINT('',(0.595738004656,-5.365582092523,40.));
#3306 = CARTESIAN_POINT('',(0.696377413878,-5.342887568028,40.));
#3307 = VECTOR('',#3308,1.);
#3308 = DIRECTION('',(0.,0.,1.));
#3309 = ADVANCED_FACE('',(#3310),#3328,.T.);
#3310 = FACE_BOUND('',#3311,.T.);
#3311 = EDGE_LOOP('',(#3312,#3320,#3326,#3327));
#3312 = ORIENTED_EDGE('',*,*,#3313,.T.);
#3313 = EDGE_CURVE('',#427,#3314,#3316,.T.);
#3314 = VERTEX_POINT('',#3315);
#3315 = CARTESIAN_POINT('',(1.120683970074,-6.126524095405,38.));
#3316 = LINE('',#3317,#3318);
#3317 = CARTESIAN_POINT('',(1.120683970074,-6.126524095405,40.));
#3318 = VECTOR('',#3319,1.);
#3319 = DIRECTION('',(-0.,-0.,-1.));
#3320 = ORIENTED_EDGE('',*,*,#3321,.T.);
#3321 = EDGE_CURVE('',#3314,#3262,#3322,.T.);
#3322 = B_SPLINE_CURVE_WITH_KNOTS('',2,(#3323,#3324,#3325),
  .UNSPECIFIED.,.F.,.F.,(3,3),(0.,1.),.PIECEWISE_BEZIER_KNOTS.);
#3323 = CARTESIAN_POINT('',(1.120683970074,-6.126524095405,38.));
#3324 = CARTESIAN_POINT('',(1.120683970074,-5.923218980131,38.));
#3325 = CARTESIAN_POINT('',(1.0313918231,-5.820553274079,38.));
#3326 = ORIENTED_EDGE('',*,*,#3261,.F.);
#3327 = ORIENTED_EDGE('',*,*,#434,.F.);
#3328 = SURFACE_OF_LINEAR_EXTRUSION('',#3329,#3333);
#3329 = B_SPLINE_CURVE_WITH_KNOTS('',2,(#3330,#3331,#3332),
  .UNSPECIFIED.,.F.,.F.,(3,3),(0.,1.),.PIECEWISE_BEZIER_KNOTS.);
#3330 = CARTESIAN_POINT('',(1.120683970074,-6.126524095405,40.));
#3331 = CARTESIAN_POINT('',(1.120683970074,-5.923218980131,40.));
#3332 = CARTESIAN_POINT('',(1.0313918231,-5.820553274079,40.));
#3333 = VECTOR('',#3334,1.);
#3334 = DIRECTION('',(0.,0.,1.));
#3335 = ADVANCED_FACE('',(#3336),#3354,.T.);
#3336 = FACE_BOUND('',#3337,.T.);
#3337 = EDGE_LOOP('',(#3338,#3339,#3347,#3353));
#3338 = ORIENTED_EDGE('',*,*,#3296,.T.);
#3339 = ORIENTED_EDGE('',*,*,#3340,.T.);
#3340 = EDGE_CURVE('',#3289,#3341,#3343,.T.);
#3341 = VERTEX_POINT('',#3342);
#3342 = CARTESIAN_POINT('',(0.898736923964,-5.320057957077,38.));
#3343 = B_SPLINE_CURVE_WITH_KNOTS('',2,(#3344,#3345,#3346),
  .UNSPECIFIED.,.F.,.F.,(3,3),(0.,1.),.PIECEWISE_BEZIER_KNOTS.);
#3344 = CARTESIAN_POINT('',(0.696377413878,-5.342887568028,38.));
#3345 = CARTESIAN_POINT('',(0.7970168231,-5.320057957077,38.));
#3346 = CARTESIAN_POINT('',(0.898736923964,-5.320057957077,38.));
#3347 = ORIENTED_EDGE('',*,*,#3348,.F.);
#3348 = EDGE_CURVE('',#371,#3341,#3349,.T.);
#3349 = LINE('',#3350,#3351);
#3350 = CARTESIAN_POINT('',(0.898736923964,-5.320057957077,40.));
#3351 = VECTOR('',#3352,1.);
#3352 = DIRECTION('',(-0.,-0.,-1.));
#3353 = ORIENTED_EDGE('',*,*,#370,.F.);
#3354 = SURFACE_OF_LINEAR_EXTRUSION('',#3355,#3359);
#3355 = B_SPLINE_CURVE_WITH_KNOTS('',2,(#3356,#3357,#3358),
  .UNSPECIFIED.,.F.,.F.,(3,3),(0.,1.),.PIECEWISE_BEZIER_KNOTS.);
#3356 = CARTESIAN_POINT('',(0.696377413878,-5.342887568028,40.));
#3357 = CARTESIAN_POINT('',(0.7970168231,-5.320057957077,40.));
#3358 = CARTESIAN_POINT('',(0.898736923964,-5.320057957077,40.));
#3359 = VECTOR('',#3360,1.);
#3360 = DIRECTION('',(0.,0.,1.));
#3361 = ADVANCED_FACE('',(#3362),#3380,.T.);
#3362 = FACE_BOUND('',#3363,.T.);
#3363 = EDGE_LOOP('',(#3364,#3372,#3378,#3379));
#3364 = ORIENTED_EDGE('',*,*,#3365,.T.);
#3365 = EDGE_CURVE('',#419,#3366,#3368,.T.);
#3366 = VERTEX_POINT('',#3367);
#3367 = CARTESIAN_POINT('',(1.120683970074,-7.481441242379,38.));
#3368 = LINE('',#3369,#3370);
#3369 = CARTESIAN_POINT('',(1.120683970074,-7.481441242379,40.));
#3370 = VECTOR('',#3371,1.);
#3371 = DIRECTION('',(-0.,-0.,-1.));
#3372 = ORIENTED_EDGE('',*,*,#3373,.T.);
#3373 = EDGE_CURVE('',#3366,#3314,#3374,.T.);
#3374 = LINE('',#3375,#3376);
#3375 = CARTESIAN_POINT('',(1.120683970074,-7.481441242379,38.));
#3376 = VECTOR('',#3377,1.);
#3377 = DIRECTION('',(0.,1.,0.));
#3378 = ORIENTED_EDGE('',*,*,#3313,.F.);
#3379 = ORIENTED_EDGE('',*,*,#426,.F.);
#3380 = PLANE('',#3381);
#3381 = AXIS2_PLACEMENT_3D('',#3382,#3383,#3384);
#3382 = CARTESIAN_POINT('',(1.120683970074,-7.481441242379,40.));
#3383 = DIRECTION('',(1.,0.,0.));
#3384 = DIRECTION('',(0.,1.,0.));
#3385 = ADVANCED_FACE('',(#3386),#3404,.T.);
#3386 = FACE_BOUND('',#3387,.T.);
#3387 = EDGE_LOOP('',(#3388,#3389,#3397,#3403));
#3388 = ORIENTED_EDGE('',*,*,#3348,.T.);
#3389 = ORIENTED_EDGE('',*,*,#3390,.T.);
#3390 = EDGE_CURVE('',#3341,#3391,#3393,.T.);
#3391 = VERTEX_POINT('',#3392);
#3392 = CARTESIAN_POINT('',(1.212002413878,-5.373957452754,38.));
#3393 = B_SPLINE_CURVE_WITH_KNOTS('',2,(#3394,#3395,#3396),
  .UNSPECIFIED.,.F.,.F.,(3,3),(0.,1.),.PIECEWISE_BEZIER_KNOTS.);
#3394 = CARTESIAN_POINT('',(0.898736923964,-5.320057957077,38.));
#3395 = CARTESIAN_POINT('',(1.075024748172,-5.320057957077,38.));
#3396 = CARTESIAN_POINT('',(1.212002413878,-5.373957452754,38.));
#3397 = ORIENTED_EDGE('',*,*,#3398,.F.);
#3398 = EDGE_CURVE('',#379,#3391,#3399,.T.);
#3399 = LINE('',#3400,#3401);
#3400 = CARTESIAN_POINT('',(1.212002413878,-5.373957452754,40.));
#3401 = VECTOR('',#3402,1.);
#3402 = DIRECTION('',(-0.,-0.,-1.));
#3403 = ORIENTED_EDGE('',*,*,#378,.F.);
#3404 = SURFACE_OF_LINEAR_EXTRUSION('',#3405,#3409);
#3405 = B_SPLINE_CURVE_WITH_KNOTS('',2,(#3406,#3407,#3408),
  .UNSPECIFIED.,.F.,.F.,(3,3),(0.,1.),.PIECEWISE_BEZIER_KNOTS.);
#3406 = CARTESIAN_POINT('',(0.898736923964,-5.320057957077,40.));
#3407 = CARTESIAN_POINT('',(1.075024748172,-5.320057957077,40.));
#3408 = CARTESIAN_POINT('',(1.212002413878,-5.373957452754,40.));
#3409 = VECTOR('',#3410,1.);
#3410 = DIRECTION('',(0.,0.,1.));
#3411 = ADVANCED_FACE('',(#3412),#3430,.T.);
#3412 = FACE_BOUND('',#3413,.T.);
#3413 = EDGE_LOOP('',(#3414,#3422,#3428,#3429));
#3414 = ORIENTED_EDGE('',*,*,#3415,.T.);
#3415 = EDGE_CURVE('',#411,#3416,#3418,.T.);
#3416 = VERTEX_POINT('',#3417);
#3417 = CARTESIAN_POINT('',(1.633201981601,-7.481441242379,38.));
#3418 = LINE('',#3419,#3420);
#3419 = CARTESIAN_POINT('',(1.633201981601,-7.481441242379,40.));
#3420 = VECTOR('',#3421,1.);
#3421 = DIRECTION('',(-0.,-0.,-1.));
#3422 = ORIENTED_EDGE('',*,*,#3423,.T.);
#3423 = EDGE_CURVE('',#3416,#3366,#3424,.T.);
#3424 = LINE('',#3425,#3426);
#3425 = CARTESIAN_POINT('',(1.633201981601,-7.481441242379,38.));
#3426 = VECTOR('',#3427,1.);
#3427 = DIRECTION('',(-1.,0.,0.));
#3428 = ORIENTED_EDGE('',*,*,#3365,.F.);
#3429 = ORIENTED_EDGE('',*,*,#418,.F.);
#3430 = PLANE('',#3431);
#3431 = AXIS2_PLACEMENT_3D('',#3432,#3433,#3434);
#3432 = CARTESIAN_POINT('',(1.633201981601,-7.481441242379,40.));
#3433 = DIRECTION('',(0.,1.,0.));
#3434 = DIRECTION('',(-1.,0.,0.));
#3435 = ADVANCED_FACE('',(#3436),#3454,.T.);
#3436 = FACE_BOUND('',#3437,.T.);
#3437 = EDGE_LOOP('',(#3438,#3439,#3447,#3453));
#3438 = ORIENTED_EDGE('',*,*,#3398,.T.);
#3439 = ORIENTED_EDGE('',*,*,#3440,.T.);
#3440 = EDGE_CURVE('',#3391,#3441,#3443,.T.);
#3441 = VERTEX_POINT('',#3442);
#3442 = CARTESIAN_POINT('',(1.442324820218,-5.531603346126,38.));
#3443 = B_SPLINE_CURVE_WITH_KNOTS('',2,(#3444,#3445,#3446),
  .UNSPECIFIED.,.F.,.F.,(3,3),(0.,1.),.PIECEWISE_BEZIER_KNOTS.);
#3444 = CARTESIAN_POINT('',(1.212002413878,-5.373957452754,38.));
#3445 = CARTESIAN_POINT('',(1.348980079584,-5.427856948431,38.));
#3446 = CARTESIAN_POINT('',(1.442324820218,-5.531603346126,38.));
#3447 = ORIENTED_EDGE('',*,*,#3448,.F.);
#3448 = EDGE_CURVE('',#387,#3441,#3449,.T.);
#3449 = LINE('',#3450,#3451);
#3450 = CARTESIAN_POINT('',(1.442324820218,-5.531603346126,40.));
#3451 = VECTOR('',#3452,1.);
#3452 = DIRECTION('',(-0.,-0.,-1.));
#3453 = ORIENTED_EDGE('',*,*,#386,.F.);
#3454 = SURFACE_OF_LINEAR_EXTRUSION('',#3455,#3459);
#3455 = B_SPLINE_CURVE_WITH_KNOTS('',2,(#3456,#3457,#3458),
  .UNSPECIFIED.,.F.,.F.,(3,3),(0.,1.),.PIECEWISE_BEZIER_KNOTS.);
#3456 = CARTESIAN_POINT('',(1.212002413878,-5.373957452754,40.));
#3457 = CARTESIAN_POINT('',(1.348980079584,-5.427856948431,40.));
#3458 = CARTESIAN_POINT('',(1.442324820218,-5.531603346126,40.));
#3459 = VECTOR('',#3460,1.);
#3460 = DIRECTION('',(0.,0.,1.));
#3461 = ADVANCED_FACE('',(#3462),#3480,.T.);
#3462 = FACE_BOUND('',#3463,.T.);
#3463 = EDGE_LOOP('',(#3464,#3472,#3478,#3479));
#3464 = ORIENTED_EDGE('',*,*,#3465,.T.);
#3465 = EDGE_CURVE('',#403,#3466,#3468,.T.);
#3466 = VERTEX_POINT('',#3467);
#3467 = CARTESIAN_POINT('',(1.633201981601,-6.126929354771,38.));
#3468 = LINE('',#3469,#3470);
#3469 = CARTESIAN_POINT('',(1.633201981601,-6.126929354771,40.));
#3470 = VECTOR('',#3471,1.);
#3471 = DIRECTION('',(-0.,-0.,-1.));
#3472 = ORIENTED_EDGE('',*,*,#3473,.T.);
#3473 = EDGE_CURVE('',#3466,#3416,#3474,.T.);
#3474 = LINE('',#3475,#3476);
#3475 = CARTESIAN_POINT('',(1.633201981601,-6.126929354771,38.));
#3476 = VECTOR('',#3477,1.);
#3477 = DIRECTION('',(0.,-1.,0.));
#3478 = ORIENTED_EDGE('',*,*,#3415,.F.);
#3479 = ORIENTED_EDGE('',*,*,#410,.F.);
#3480 = PLANE('',#3481);
#3481 = AXIS2_PLACEMENT_3D('',#3482,#3483,#3484);
#3482 = CARTESIAN_POINT('',(1.633201981601,-6.126929354771,40.));
#3483 = DIRECTION('',(-1.,0.,0.));
#3484 = DIRECTION('',(0.,-1.,0.));
#3485 = ADVANCED_FACE('',(#3486),#3504,.T.);
#3486 = FACE_BOUND('',#3487,.T.);
#3487 = EDGE_LOOP('',(#3488,#3489,#3497,#3503));
#3488 = ORIENTED_EDGE('',*,*,#3448,.T.);
#3489 = ORIENTED_EDGE('',*,*,#3490,.T.);
#3490 = EDGE_CURVE('',#3441,#3491,#3493,.T.);
#3491 = VERTEX_POINT('',#3492);
#3492 = CARTESIAN_POINT('',(1.584435771227,-5.784755363417,38.));
#3493 = B_SPLINE_CURVE_WITH_KNOTS('',2,(#3494,#3495,#3496),
  .UNSPECIFIED.,.F.,.F.,(3,3),(0.,1.),.PIECEWISE_BEZIER_KNOTS.);
#3494 = CARTESIAN_POINT('',(1.442324820218,-5.531603346126,38.));
#3495 = CARTESIAN_POINT('',(1.535669560852,-5.63534974382,38.));
#3496 = CARTESIAN_POINT('',(1.584435771227,-5.784755363417,38.));
#3497 = ORIENTED_EDGE('',*,*,#3498,.F.);
#3498 = EDGE_CURVE('',#395,#3491,#3499,.T.);
#3499 = LINE('',#3500,#3501);
#3500 = CARTESIAN_POINT('',(1.584435771227,-5.784755363417,40.));
#3501 = VECTOR('',#3502,1.);
#3502 = DIRECTION('',(-0.,-0.,-1.));
#3503 = ORIENTED_EDGE('',*,*,#394,.F.);
#3504 = SURFACE_OF_LINEAR_EXTRUSION('',#3505,#3509);
#3505 = B_SPLINE_CURVE_WITH_KNOTS('',2,(#3506,#3507,#3508),
  .UNSPECIFIED.,.F.,.F.,(3,3),(0.,1.),.PIECEWISE_BEZIER_KNOTS.);
#3506 = CARTESIAN_POINT('',(1.442324820218,-5.531603346126,40.));
#3507 = CARTESIAN_POINT('',(1.535669560852,-5.63534974382,40.));
#3508 = CARTESIAN_POINT('',(1.584435771227,-5.784755363417,40.));
#3509 = VECTOR('',#3510,1.);
#3510 = DIRECTION('',(0.,0.,1.));
#3511 = ADVANCED_FACE('',(#3512),#3523,.T.);
#3512 = FACE_BOUND('',#3513,.T.);
#3513 = EDGE_LOOP('',(#3514,#3515,#3521,#3522));
#3514 = ORIENTED_EDGE('',*,*,#3498,.T.);
#3515 = ORIENTED_EDGE('',*,*,#3516,.T.);
#3516 = EDGE_CURVE('',#3491,#3466,#3517,.T.);
#3517 = B_SPLINE_CURVE_WITH_KNOTS('',2,(#3518,#3519,#3520),
  .UNSPECIFIED.,.F.,.F.,(3,3),(0.,1.),.PIECEWISE_BEZIER_KNOTS.);
#3518 = CARTESIAN_POINT('',(1.584435771227,-5.784755363417,38.));
#3519 = CARTESIAN_POINT('',(1.633201981601,-5.934025896558,38.));
#3520 = CARTESIAN_POINT('',(1.633201981601,-6.126929354771,38.));
#3521 = ORIENTED_EDGE('',*,*,#3465,.F.);
#3522 = ORIENTED_EDGE('',*,*,#402,.F.);
#3523 = SURFACE_OF_LINEAR_EXTRUSION('',#3524,#3528);
#3524 = B_SPLINE_CURVE_WITH_KNOTS('',2,(#3525,#3526,#3527),
  .UNSPECIFIED.,.F.,.F.,(3,3),(0.,1.),.PIECEWISE_BEZIER_KNOTS.);
#3525 = CARTESIAN_POINT('',(1.584435771227,-5.784755363417,40.));
#3526 = CARTESIAN_POINT('',(1.633201981601,-5.934025896558,40.));
#3527 = CARTESIAN_POINT('',(1.633201981601,-6.126929354771,40.));
#3528 = VECTOR('',#3529,1.);
#3529 = DIRECTION('',(0.,0.,1.));
#3530 = ADVANCED_FACE('',(#3531),#3556,.T.);
#3531 = FACE_BOUND('',#3532,.T.);
#3532 = EDGE_LOOP('',(#3533,#3541,#3549,#3555));
#3533 = ORIENTED_EDGE('',*,*,#3534,.T.);
#3534 = EDGE_CURVE('',#547,#3535,#3537,.T.);
#3535 = VERTEX_POINT('',#3536);
#3536 = CARTESIAN_POINT('',(-1.815014877188,-5.298309037768,38.));
#3537 = LINE('',#3538,#3539);
#3538 = CARTESIAN_POINT('',(-1.815014877188,-5.298309037768,40.));
#3539 = VECTOR('',#3540,1.);
#3540 = DIRECTION('',(-0.,-0.,-1.));
#3541 = ORIENTED_EDGE('',*,*,#3542,.T.);
#3542 = EDGE_CURVE('',#3535,#3543,#3545,.T.);
#3543 = VERTEX_POINT('',#3544);
#3544 = CARTESIAN_POINT('',(-1.730856015517,-5.981441242379,38.));
#3545 = B_SPLINE_CURVE_WITH_KNOTS('',2,(#3546,#3547,#3548),
  .UNSPECIFIED.,.F.,.F.,(3,3),(0.,1.),.PIECEWISE_BEZIER_KNOTS.);
#3546 = CARTESIAN_POINT('',(-1.815014877188,-5.298309037768,38.));
#3547 = CARTESIAN_POINT('',(-1.730856015517,-5.586853706356,38.));
#3548 = CARTESIAN_POINT('',(-1.730856015517,-5.981441242379,38.));
#3549 = ORIENTED_EDGE('',*,*,#3550,.F.);
#3550 = EDGE_CURVE('',#549,#3543,#3551,.T.);
#3551 = LINE('',#3552,#3553);
#3552 = CARTESIAN_POINT('',(-1.730856015517,-5.981441242379,40.));
#3553 = VECTOR('',#3554,1.);
#3554 = DIRECTION('',(-0.,-0.,-1.));
#3555 = ORIENTED_EDGE('',*,*,#546,.F.);
#3556 = SURFACE_OF_LINEAR_EXTRUSION('',#3557,#3561);
#3557 = B_SPLINE_CURVE_WITH_KNOTS('',2,(#3558,#3559,#3560),
  .UNSPECIFIED.,.F.,.F.,(3,3),(0.,1.),.PIECEWISE_BEZIER_KNOTS.);
#3558 = CARTESIAN_POINT('',(-1.815014877188,-5.298309037768,40.));
#3559 = CARTESIAN_POINT('',(-1.730856015517,-5.586853706356,40.));
#3560 = CARTESIAN_POINT('',(-1.730856015517,-5.981441242379,40.));
#3561 = VECTOR('',#3562,1.);
#3562 = DIRECTION('',(0.,0.,1.));
#3563 = ADVANCED_FACE('',(#3564),#3582,.T.);
#3564 = FACE_BOUND('',#3565,.T.);
#3565 = EDGE_LOOP('',(#3566,#3574,#3580,#3581));
#3566 = ORIENTED_EDGE('',*,*,#3567,.T.);
#3567 = EDGE_CURVE('',#661,#3568,#3570,.T.);
#3568 = VERTEX_POINT('',#3569);
#3569 = CARTESIAN_POINT('',(-2.047363580358,-4.820643331716,38.));
#3570 = LINE('',#3571,#3572);
#3571 = CARTESIAN_POINT('',(-2.047363580358,-4.820643331716,40.));
#3572 = VECTOR('',#3573,1.);
#3573 = DIRECTION('',(-0.,-0.,-1.));
#3574 = ORIENTED_EDGE('',*,*,#3575,.T.);
#3575 = EDGE_CURVE('',#3568,#3535,#3576,.T.);
#3576 = B_SPLINE_CURVE_WITH_KNOTS('',2,(#3577,#3578,#3579),
  .UNSPECIFIED.,.F.,.F.,(3,3),(0.,1.),.PIECEWISE_BEZIER_KNOTS.);
#3577 = CARTESIAN_POINT('',(-2.047363580358,-4.820643331716,38.));
#3578 = CARTESIAN_POINT('',(-1.899038652405,-5.009629282725,38.));
#3579 = CARTESIAN_POINT('',(-1.815014877188,-5.298309037768,38.));
#3580 = ORIENTED_EDGE('',*,*,#3534,.F.);
#3581 = ORIENTED_EDGE('',*,*,#668,.F.);
#3582 = SURFACE_OF_LINEAR_EXTRUSION('',#3583,#3587);
#3583 = B_SPLINE_CURVE_WITH_KNOTS('',2,(#3584,#3585,#3586),
  .UNSPECIFIED.,.F.,.F.,(3,3),(0.,1.),.PIECEWISE_BEZIER_KNOTS.);
#3584 = CARTESIAN_POINT('',(-2.047363580358,-4.820643331716,40.));
#3585 = CARTESIAN_POINT('',(-1.899038652405,-5.009629282725,40.));
#3586 = CARTESIAN_POINT('',(-1.815014877188,-5.298309037768,40.));
#3587 = VECTOR('',#3588,1.);
#3588 = DIRECTION('',(0.,0.,1.));
#3589 = ADVANCED_FACE('',(#3590),#3608,.T.);
#3590 = FACE_BOUND('',#3591,.T.);
#3591 = EDGE_LOOP('',(#3592,#3593,#3601,#3607));
#3592 = ORIENTED_EDGE('',*,*,#3550,.T.);
#3593 = ORIENTED_EDGE('',*,*,#3594,.T.);
#3594 = EDGE_CURVE('',#3543,#3595,#3597,.T.);
#3595 = VERTEX_POINT('',#3596);
#3596 = CARTESIAN_POINT('',(-1.815014877188,-6.663627841803,38.));
#3597 = B_SPLINE_CURVE_WITH_KNOTS('',2,(#3598,#3599,#3600),
  .UNSPECIFIED.,.F.,.F.,(3,3),(0.,1.),.PIECEWISE_BEZIER_KNOTS.);
#3598 = CARTESIAN_POINT('',(-1.730856015517,-5.981441242379,38.));
#3599 = CARTESIAN_POINT('',(-1.730856015517,-6.373867395117,38.));
#3600 = CARTESIAN_POINT('',(-1.815014877188,-6.663627841803,38.));
#3601 = ORIENTED_EDGE('',*,*,#3602,.F.);
#3602 = EDGE_CURVE('',#557,#3595,#3603,.T.);
#3603 = LINE('',#3604,#3605);
#3604 = CARTESIAN_POINT('',(-1.815014877188,-6.663627841803,40.));
#3605 = VECTOR('',#3606,1.);
#3606 = DIRECTION('',(-0.,-0.,-1.));
#3607 = ORIENTED_EDGE('',*,*,#556,.F.);
#3608 = SURFACE_OF_LINEAR_EXTRUSION('',#3609,#3613);
#3609 = B_SPLINE_CURVE_WITH_KNOTS('',2,(#3610,#3611,#3612),
  .UNSPECIFIED.,.F.,.F.,(3,3),(0.,1.),.PIECEWISE_BEZIER_KNOTS.);
#3610 = CARTESIAN_POINT('',(-1.730856015517,-5.981441242379,40.));
#3611 = CARTESIAN_POINT('',(-1.730856015517,-6.373867395117,40.));
#3612 = CARTESIAN_POINT('',(-1.815014877188,-6.663627841803,40.));
#3613 = VECTOR('',#3614,1.);
#3614 = DIRECTION('',(0.,0.,1.));
#3615 = ADVANCED_FACE('',(#3616),#3634,.T.);
#3616 = FACE_BOUND('',#3617,.T.);
#3617 = EDGE_LOOP('',(#3618,#3626,#3632,#3633));
#3618 = ORIENTED_EDGE('',*,*,#3619,.T.);
#3619 = EDGE_CURVE('',#653,#3620,#3622,.T.);
#3620 = VERTEX_POINT('',#3621);
#3621 = CARTESIAN_POINT('',(-2.398048018399,-4.539258245261,38.));
#3622 = LINE('',#3623,#3624);
#3623 = CARTESIAN_POINT('',(-2.398048018399,-4.539258245261,40.));
#3624 = VECTOR('',#3625,1.);
#3625 = DIRECTION('',(-0.,-0.,-1.));
#3626 = ORIENTED_EDGE('',*,*,#3627,.T.);
#3627 = EDGE_CURVE('',#3620,#3568,#3628,.T.);
#3628 = B_SPLINE_CURVE_WITH_KNOTS('',2,(#3629,#3630,#3631),
  .UNSPECIFIED.,.F.,.F.,(3,3),(0.,1.),.PIECEWISE_BEZIER_KNOTS.);
#3629 = CARTESIAN_POINT('',(-2.398048018399,-4.539258245261,38.));
#3630 = CARTESIAN_POINT('',(-2.195688508312,-4.631657380708,38.));
#3631 = CARTESIAN_POINT('',(-2.047363580358,-4.820643331716,38.));
#3632 = ORIENTED_EDGE('',*,*,#3567,.F.);
#3633 = ORIENTED_EDGE('',*,*,#660,.F.);
#3634 = SURFACE_OF_LINEAR_EXTRUSION('',#3635,#3639);
#3635 = B_SPLINE_CURVE_WITH_KNOTS('',2,(#3636,#3637,#3638),
  .UNSPECIFIED.,.F.,.F.,(3,3),(0.,1.),.PIECEWISE_BEZIER_KNOTS.);
#3636 = CARTESIAN_POINT('',(-2.398048018399,-4.539258245261,40.));
#3637 = CARTESIAN_POINT('',(-2.195688508312,-4.631657380708,40.));
#3638 = CARTESIAN_POINT('',(-2.047363580358,-4.820643331716,40.));
#3639 = VECTOR('',#3640,1.);
#3640 = DIRECTION('',(0.,0.,1.));
#3641 = ADVANCED_FACE('',(#3642),#3660,.T.);
#3642 = FACE_BOUND('',#3643,.T.);
#3643 = EDGE_LOOP('',(#3644,#3645,#3653,#3659));
#3644 = ORIENTED_EDGE('',*,*,#3602,.T.);
#3645 = ORIENTED_EDGE('',*,*,#3646,.T.);
#3646 = EDGE_CURVE('',#3595,#3647,#3649,.T.);
#3647 = VERTEX_POINT('',#3648);
#3648 = CARTESIAN_POINT('',(-2.047363580358,-7.142239153042,38.));
#3649 = B_SPLINE_CURVE_WITH_KNOTS('',2,(#3650,#3651,#3652),
  .UNSPECIFIED.,.F.,.F.,(3,3),(0.,1.),.PIECEWISE_BEZIER_KNOTS.);
#3650 = CARTESIAN_POINT('',(-1.815014877188,-6.663627841803,38.));
#3651 = CARTESIAN_POINT('',(-1.899038652405,-6.953253202033,38.));
#3652 = CARTESIAN_POINT('',(-2.047363580358,-7.142239153042,38.));
#3653 = ORIENTED_EDGE('',*,*,#3654,.F.);
#3654 = EDGE_CURVE('',#565,#3647,#3655,.T.);
#3655 = LINE('',#3656,#3657);
#3656 = CARTESIAN_POINT('',(-2.047363580358,-7.142239153042,40.));
#3657 = VECTOR('',#3658,1.);
#3658 = DIRECTION('',(-0.,-0.,-1.));
#3659 = ORIENTED_EDGE('',*,*,#564,.F.);
#3660 = SURFACE_OF_LINEAR_EXTRUSION('',#3661,#3665);
#3661 = B_SPLINE_CURVE_WITH_KNOTS('',2,(#3662,#3663,#3664),
  .UNSPECIFIED.,.F.,.F.,(3,3),(0.,1.),.PIECEWISE_BEZIER_KNOTS.);
#3662 = CARTESIAN_POINT('',(-1.815014877188,-6.663627841803,40.));
#3663 = CARTESIAN_POINT('',(-1.899038652405,-6.953253202033,40.));
#3664 = CARTESIAN_POINT('',(-2.047363580358,-7.142239153042,40.));
#3665 = VECTOR('',#3666,1.);
#3666 = DIRECTION('',(0.,0.,1.));
#3667 = ADVANCED_FACE('',(#3668),#3686,.T.);
#3668 = FACE_BOUND('',#3669,.T.);
#3669 = EDGE_LOOP('',(#3670,#3678,#3684,#3685));
#3670 = ORIENTED_EDGE('',*,*,#3671,.T.);
#3671 = EDGE_CURVE('',#645,#3672,#3674,.T.);
#3672 = VERTEX_POINT('',#3673);
#3673 = CARTESIAN_POINT('',(-2.834782528485,-4.446859109814,38.));
#3674 = LINE('',#3675,#3676);
#3675 = CARTESIAN_POINT('',(-2.834782528485,-4.446859109814,40.));
#3676 = VECTOR('',#3677,1.);
#3677 = DIRECTION('',(-0.,-0.,-1.));
#3678 = ORIENTED_EDGE('',*,*,#3679,.T.);
#3679 = EDGE_CURVE('',#3672,#3620,#3680,.T.);
#3680 = B_SPLINE_CURVE_WITH_KNOTS('',2,(#3681,#3682,#3683),
  .UNSPECIFIED.,.F.,.F.,(3,3),(0.,1.),.PIECEWISE_BEZIER_KNOTS.);
#3681 = CARTESIAN_POINT('',(-2.834782528485,-4.446859109814,38.));
#3682 = CARTESIAN_POINT('',(-2.60027244203,-4.446859109814,38.));
#3683 = CARTESIAN_POINT('',(-2.398048018399,-4.539258245261,38.));
#3684 = ORIENTED_EDGE('',*,*,#3619,.F.);
#3685 = ORIENTED_EDGE('',*,*,#652,.F.);
#3686 = SURFACE_OF_LINEAR_EXTRUSION('',#3687,#3691);
#3687 = B_SPLINE_CURVE_WITH_KNOTS('',2,(#3688,#3689,#3690),
  .UNSPECIFIED.,.F.,.F.,(3,3),(0.,1.),.PIECEWISE_BEZIER_KNOTS.);
#3688 = CARTESIAN_POINT('',(-2.834782528485,-4.446859109814,40.));
#3689 = CARTESIAN_POINT('',(-2.60027244203,-4.446859109814,40.));
#3690 = CARTESIAN_POINT('',(-2.398048018399,-4.539258245261,40.));
#3691 = VECTOR('',#3692,1.);
#3692 = DIRECTION('',(0.,0.,1.));
#3693 = ADVANCED_FACE('',(#3694),#3712,.T.);
#3694 = FACE_BOUND('',#3695,.T.);
#3695 = EDGE_LOOP('',(#3696,#3697,#3705,#3711));
#3696 = ORIENTED_EDGE('',*,*,#3654,.T.);
#3697 = ORIENTED_EDGE('',*,*,#3698,.T.);
#3698 = EDGE_CURVE('',#3647,#3699,#3701,.T.);
#3699 = VERTEX_POINT('',#3700);
#3700 = CARTESIAN_POINT('',(-2.398048018399,-7.423624239497,38.));
#3701 = B_SPLINE_CURVE_WITH_KNOTS('',2,(#3702,#3703,#3704),
  .UNSPECIFIED.,.F.,.F.,(3,3),(0.,1.),.PIECEWISE_BEZIER_KNOTS.);
#3702 = CARTESIAN_POINT('',(-2.047363580358,-7.142239153042,38.));
#3703 = CARTESIAN_POINT('',(-2.195688508312,-7.331225104051,38.));
#3704 = CARTESIAN_POINT('',(-2.398048018399,-7.423624239497,38.));
#3705 = ORIENTED_EDGE('',*,*,#3706,.F.);
#3706 = EDGE_CURVE('',#573,#3699,#3707,.T.);
#3707 = LINE('',#3708,#3709);
#3708 = CARTESIAN_POINT('',(-2.398048018399,-7.423624239497,40.));
#3709 = VECTOR('',#3710,1.);
#3710 = DIRECTION('',(-0.,-0.,-1.));
#3711 = ORIENTED_EDGE('',*,*,#572,.F.);
#3712 = SURFACE_OF_LINEAR_EXTRUSION('',#3713,#3717);
#3713 = B_SPLINE_CURVE_WITH_KNOTS('',2,(#3714,#3715,#3716),
  .UNSPECIFIED.,.F.,.F.,(3,3),(0.,1.),.PIECEWISE_BEZIER_KNOTS.);
#3714 = CARTESIAN_POINT('',(-2.047363580358,-7.142239153042,40.));
#3715 = CARTESIAN_POINT('',(-2.195688508312,-7.331225104051,40.));
#3716 = CARTESIAN_POINT('',(-2.398048018399,-7.423624239497,40.));
#3717 = VECTOR('',#3718,1.);
#3718 = DIRECTION('',(0.,0.,1.));
#3719 = ADVANCED_FACE('',(#3720),#3738,.T.);
#3720 = FACE_BOUND('',#3721,.T.);
#3721 = EDGE_LOOP('',(#3722,#3730,#3736,#3737));
#3722 = ORIENTED_EDGE('',*,*,#3723,.T.);
#3723 = EDGE_CURVE('',#637,#3724,#3726,.T.);
#3724 = VERTEX_POINT('',#3725);
#3725 = CARTESIAN_POINT('',(-3.269490741742,-4.539258245261,38.));
#3726 = LINE('',#3727,#3728);
#3727 = CARTESIAN_POINT('',(-3.269490741742,-4.539258245261,40.));
#3728 = VECTOR('',#3729,1.);
#3729 = DIRECTION('',(-0.,-0.,-1.));
#3730 = ORIENTED_EDGE('',*,*,#3731,.T.);
#3731 = EDGE_CURVE('',#3724,#3672,#3732,.T.);
#3732 = B_SPLINE_CURVE_WITH_KNOTS('',2,(#3733,#3734,#3735),
  .UNSPECIFIED.,.F.,.F.,(3,3),(0.,1.),.PIECEWISE_BEZIER_KNOTS.);
#3733 = CARTESIAN_POINT('',(-3.269490741742,-4.539258245261,38.));
#3734 = CARTESIAN_POINT('',(-3.069292614941,-4.446859109814,38.));
#3735 = CARTESIAN_POINT('',(-2.834782528485,-4.446859109814,38.));
#3736 = ORIENTED_EDGE('',*,*,#3671,.F.);
#3737 = ORIENTED_EDGE('',*,*,#644,.F.);
#3738 = SURFACE_OF_LINEAR_EXTRUSION('',#3739,#3743);
#3739 = B_SPLINE_CURVE_WITH_KNOTS('',2,(#3740,#3741,#3742),
  .UNSPECIFIED.,.F.,.F.,(3,3),(0.,1.),.PIECEWISE_BEZIER_KNOTS.);
#3740 = CARTESIAN_POINT('',(-3.269490741742,-4.539258245261,40.));
#3741 = CARTESIAN_POINT('',(-3.069292614941,-4.446859109814,40.));
#3742 = CARTESIAN_POINT('',(-2.834782528485,-4.446859109814,40.));
#3743 = VECTOR('',#3744,1.);
#3744 = DIRECTION('',(0.,0.,1.));
#3745 = ADVANCED_FACE('',(#3746),#3764,.T.);
#3746 = FACE_BOUND('',#3747,.T.);
#3747 = EDGE_LOOP('',(#3748,#3749,#3757,#3763));
#3748 = ORIENTED_EDGE('',*,*,#3706,.T.);
#3749 = ORIENTED_EDGE('',*,*,#3750,.T.);
#3750 = EDGE_CURVE('',#3699,#3751,#3753,.T.);
#3751 = VERTEX_POINT('',#3752);
#3752 = CARTESIAN_POINT('',(-2.834782528485,-7.516023374944,38.));
#3753 = B_SPLINE_CURVE_WITH_KNOTS('',2,(#3754,#3755,#3756),
  .UNSPECIFIED.,.F.,.F.,(3,3),(0.,1.),.PIECEWISE_BEZIER_KNOTS.);
#3754 = CARTESIAN_POINT('',(-2.398048018399,-7.423624239497,38.));
#3755 = CARTESIAN_POINT('',(-2.60027244203,-7.516023374944,38.));
#3756 = CARTESIAN_POINT('',(-2.834782528485,-7.516023374944,38.));
#3757 = ORIENTED_EDGE('',*,*,#3758,.F.);
#3758 = EDGE_CURVE('',#581,#3751,#3759,.T.);
#3759 = LINE('',#3760,#3761);
#3760 = CARTESIAN_POINT('',(-2.834782528485,-7.516023374944,40.));
#3761 = VECTOR('',#3762,1.);
#3762 = DIRECTION('',(-0.,-0.,-1.));
#3763 = ORIENTED_EDGE('',*,*,#580,.F.);
#3764 = SURFACE_OF_LINEAR_EXTRUSION('',#3765,#3769);
#3765 = B_SPLINE_CURVE_WITH_KNOTS('',2,(#3766,#3767,#3768),
  .UNSPECIFIED.,.F.,.F.,(3,3),(0.,1.),.PIECEWISE_BEZIER_KNOTS.);
#3766 = CARTESIAN_POINT('',(-2.398048018399,-7.423624239497,40.));
#3767 = CARTESIAN_POINT('',(-2.60027244203,-7.516023374944,40.));
#3768 = CARTESIAN_POINT('',(-2.834782528485,-7.516023374944,40.));
#3769 = VECTOR('',#3770,1.);
#3770 = DIRECTION('',(0.,0.,1.));
#3771 = ADVANCED_FACE('',(#3772),#3790,.T.);
#3772 = FACE_BOUND('',#3773,.T.);
#3773 = EDGE_LOOP('',(#3774,#3782,#3788,#3789));
#3774 = ORIENTED_EDGE('',*,*,#3775,.T.);
#3775 = EDGE_CURVE('',#629,#3776,#3778,.T.);
#3776 = VERTEX_POINT('',#3777);
#3777 = CARTESIAN_POINT('',(-3.617068191309,-4.820643331716,38.));
#3778 = LINE('',#3779,#3780);
#3779 = CARTESIAN_POINT('',(-3.617068191309,-4.820643331716,40.));
#3780 = VECTOR('',#3781,1.);
#3781 = DIRECTION('',(-0.,-0.,-1.));
#3782 = ORIENTED_EDGE('',*,*,#3783,.T.);
#3783 = EDGE_CURVE('',#3776,#3724,#3784,.T.);
#3784 = B_SPLINE_CURVE_WITH_KNOTS('',2,(#3785,#3786,#3787),
  .UNSPECIFIED.,.F.,.F.,(3,3),(0.,1.),.PIECEWISE_BEZIER_KNOTS.);
#3785 = CARTESIAN_POINT('',(-3.617068191309,-4.820643331716,38.));
#3786 = CARTESIAN_POINT('',(-3.469688868543,-4.631657380708,38.));
#3787 = CARTESIAN_POINT('',(-3.269490741742,-4.539258245261,38.));
#3788 = ORIENTED_EDGE('',*,*,#3723,.F.);
#3789 = ORIENTED_EDGE('',*,*,#636,.F.);
#3790 = SURFACE_OF_LINEAR_EXTRUSION('',#3791,#3795);
#3791 = B_SPLINE_CURVE_WITH_KNOTS('',2,(#3792,#3793,#3794),
  .UNSPECIFIED.,.F.,.F.,(3,3),(0.,1.),.PIECEWISE_BEZIER_KNOTS.);
#3792 = CARTESIAN_POINT('',(-3.617068191309,-4.820643331716,40.));
#3793 = CARTESIAN_POINT('',(-3.469688868543,-4.631657380708,40.));
#3794 = CARTESIAN_POINT('',(-3.269490741742,-4.539258245261,40.));
#3795 = VECTOR('',#3796,1.);
#3796 = DIRECTION('',(0.,0.,1.));
#3797 = ADVANCED_FACE('',(#3798),#3816,.T.);
#3798 = FACE_BOUND('',#3799,.T.);
#3799 = EDGE_LOOP('',(#3800,#3801,#3809,#3815));
#3800 = ORIENTED_EDGE('',*,*,#3758,.T.);
#3801 = ORIENTED_EDGE('',*,*,#3802,.T.);
#3802 = EDGE_CURVE('',#3751,#3803,#3805,.T.);
#3803 = VERTEX_POINT('',#3804);
#3804 = CARTESIAN_POINT('',(-3.269490741742,-7.423624239497,38.));
#3805 = B_SPLINE_CURVE_WITH_KNOTS('',2,(#3806,#3807,#3808),
  .UNSPECIFIED.,.F.,.F.,(3,3),(0.,1.),.PIECEWISE_BEZIER_KNOTS.);
#3806 = CARTESIAN_POINT('',(-2.834782528485,-7.516023374944,38.));
#3807 = CARTESIAN_POINT('',(-3.069292614941,-7.516023374944,38.));
#3808 = CARTESIAN_POINT('',(-3.269490741742,-7.423624239497,38.));
#3809 = ORIENTED_EDGE('',*,*,#3810,.F.);
#3810 = EDGE_CURVE('',#589,#3803,#3811,.T.);
#3811 = LINE('',#3812,#3813);
#3812 = CARTESIAN_POINT('',(-3.269490741742,-7.423624239497,40.));
#3813 = VECTOR('',#3814,1.);
#3814 = DIRECTION('',(-0.,-0.,-1.));
#3815 = ORIENTED_EDGE('',*,*,#588,.F.);
#3816 = SURFACE_OF_LINEAR_EXTRUSION('',#3817,#3821);
#3817 = B_SPLINE_CURVE_WITH_KNOTS('',2,(#3818,#3819,#3820),
  .UNSPECIFIED.,.F.,.F.,(3,3),(0.,1.),.PIECEWISE_BEZIER_KNOTS.);
#3818 = CARTESIAN_POINT('',(-2.834782528485,-7.516023374944,40.));
#3819 = CARTESIAN_POINT('',(-3.069292614941,-7.516023374944,40.));
#3820 = CARTESIAN_POINT('',(-3.269490741742,-7.423624239497,40.));
#3821 = VECTOR('',#3822,1.);
#3822 = DIRECTION('',(0.,0.,1.));
#3823 = ADVANCED_FACE('',(#3824),#3842,.T.);
#3824 = FACE_BOUND('',#3825,.T.);
#3825 = EDGE_LOOP('',(#3826,#3834,#3840,#3841));
#3826 = ORIENTED_EDGE('',*,*,#3827,.T.);
#3827 = EDGE_CURVE('',#621,#3828,#3830,.T.);
#3828 = VERTEX_POINT('',#3829);
#3829 = CARTESIAN_POINT('',(-3.84739059765,-5.298309037768,38.));
#3830 = LINE('',#3831,#3832);
#3831 = CARTESIAN_POINT('',(-3.84739059765,-5.298309037768,40.));
#3832 = VECTOR('',#3833,1.);
#3833 = DIRECTION('',(-0.,-0.,-1.));
#3834 = ORIENTED_EDGE('',*,*,#3835,.T.);
#3835 = EDGE_CURVE('',#3828,#3776,#3836,.T.);
#3836 = B_SPLINE_CURVE_WITH_KNOTS('',2,(#3837,#3838,#3839),
  .UNSPECIFIED.,.F.,.F.,(3,3),(0.,1.),.PIECEWISE_BEZIER_KNOTS.);
#3837 = CARTESIAN_POINT('',(-3.84739059765,-5.298309037768,38.));
#3838 = CARTESIAN_POINT('',(-3.764312427621,-5.009629282725,38.));
#3839 = CARTESIAN_POINT('',(-3.617068191309,-4.820643331716,38.));
#3840 = ORIENTED_EDGE('',*,*,#3775,.F.);
#3841 = ORIENTED_EDGE('',*,*,#628,.F.);
#3842 = SURFACE_OF_LINEAR_EXTRUSION('',#3843,#3847);
#3843 = B_SPLINE_CURVE_WITH_KNOTS('',2,(#3844,#3845,#3846),
  .UNSPECIFIED.,.F.,.F.,(3,3),(0.,1.),.PIECEWISE_BEZIER_KNOTS.);
#3844 = CARTESIAN_POINT('',(-3.84739059765,-5.298309037768,40.));
#3845 = CARTESIAN_POINT('',(-3.764312427621,-5.009629282725,40.));
#3846 = CARTESIAN_POINT('',(-3.617068191309,-4.820643331716,40.));
#3847 = VECTOR('',#3848,1.);
#3848 = DIRECTION('',(0.,0.,1.));
#3849 = ADVANCED_FACE('',(#3850),#3868,.T.);
#3850 = FACE_BOUND('',#3851,.T.);
#3851 = EDGE_LOOP('',(#3852,#3853,#3861,#3867));
#3852 = ORIENTED_EDGE('',*,*,#3810,.T.);
#3853 = ORIENTED_EDGE('',*,*,#3854,.T.);
#3854 = EDGE_CURVE('',#3803,#3855,#3857,.T.);
#3855 = VERTEX_POINT('',#3856);
#3856 = CARTESIAN_POINT('',(-3.617068191309,-7.142239153042,38.));
#3857 = B_SPLINE_CURVE_WITH_KNOTS('',2,(#3858,#3859,#3860),
  .UNSPECIFIED.,.F.,.F.,(3,3),(0.,1.),.PIECEWISE_BEZIER_KNOTS.);
#3858 = CARTESIAN_POINT('',(-3.269490741742,-7.423624239497,38.));
#3859 = CARTESIAN_POINT('',(-3.469688868543,-7.331225104051,38.));
#3860 = CARTESIAN_POINT('',(-3.617068191309,-7.142239153042,38.));
#3861 = ORIENTED_EDGE('',*,*,#3862,.F.);
#3862 = EDGE_CURVE('',#597,#3855,#3863,.T.);
#3863 = LINE('',#3864,#3865);
#3864 = CARTESIAN_POINT('',(-3.617068191309,-7.142239153042,40.));
#3865 = VECTOR('',#3866,1.);
#3866 = DIRECTION('',(-0.,-0.,-1.));
#3867 = ORIENTED_EDGE('',*,*,#596,.F.);
#3868 = SURFACE_OF_LINEAR_EXTRUSION('',#3869,#3873);
#3869 = B_SPLINE_CURVE_WITH_KNOTS('',2,(#3870,#3871,#3872),
  .UNSPECIFIED.,.F.,.F.,(3,3),(0.,1.),.PIECEWISE_BEZIER_KNOTS.);
#3870 = CARTESIAN_POINT('',(-3.269490741742,-7.423624239497,40.));
#3871 = CARTESIAN_POINT('',(-3.469688868543,-7.331225104051,40.));
#3872 = CARTESIAN_POINT('',(-3.617068191309,-7.142239153042,40.));
#3873 = VECTOR('',#3874,1.);
#3874 = DIRECTION('',(0.,0.,1.));
#3875 = ADVANCED_FACE('',(#3876),#3894,.T.);
#3876 = FACE_BOUND('',#3877,.T.);
#3877 = EDGE_LOOP('',(#3878,#3886,#3892,#3893));
#3878 = ORIENTED_EDGE('',*,*,#3879,.T.);
#3879 = EDGE_CURVE('',#613,#3880,#3882,.T.);
#3880 = VERTEX_POINT('',#3881);
#3881 = CARTESIAN_POINT('',(-3.930333681223,-5.981441242379,38.));
#3882 = LINE('',#3883,#3884);
#3883 = CARTESIAN_POINT('',(-3.930333681223,-5.981441242379,40.));
#3884 = VECTOR('',#3885,1.);
#3885 = DIRECTION('',(-0.,-0.,-1.));
#3886 = ORIENTED_EDGE('',*,*,#3887,.T.);
#3887 = EDGE_CURVE('',#3880,#3828,#3888,.T.);
#3888 = B_SPLINE_CURVE_WITH_KNOTS('',2,(#3889,#3890,#3891),
  .UNSPECIFIED.,.F.,.F.,(3,3),(0.,1.),.PIECEWISE_BEZIER_KNOTS.);
#3889 = CARTESIAN_POINT('',(-3.930333681223,-5.981441242379,38.));
#3890 = CARTESIAN_POINT('',(-3.930333681223,-5.586853706356,38.));
#3891 = CARTESIAN_POINT('',(-3.84739059765,-5.298309037768,38.));
#3892 = ORIENTED_EDGE('',*,*,#3827,.F.);
#3893 = ORIENTED_EDGE('',*,*,#620,.F.);
#3894 = SURFACE_OF_LINEAR_EXTRUSION('',#3895,#3899);
#3895 = B_SPLINE_CURVE_WITH_KNOTS('',2,(#3896,#3897,#3898),
  .UNSPECIFIED.,.F.,.F.,(3,3),(0.,1.),.PIECEWISE_BEZIER_KNOTS.);
#3896 = CARTESIAN_POINT('',(-3.930333681223,-5.981441242379,40.));
#3897 = CARTESIAN_POINT('',(-3.930333681223,-5.586853706356,40.));
#3898 = CARTESIAN_POINT('',(-3.84739059765,-5.298309037768,40.));
#3899 = VECTOR('',#3900,1.);
#3900 = DIRECTION('',(0.,0.,1.));
#3901 = ADVANCED_FACE('',(#3902),#3920,.T.);
#3902 = FACE_BOUND('',#3903,.T.);
#3903 = EDGE_LOOP('',(#3904,#3905,#3913,#3919));
#3904 = ORIENTED_EDGE('',*,*,#3862,.T.);
#3905 = ORIENTED_EDGE('',*,*,#3906,.T.);
#3906 = EDGE_CURVE('',#3855,#3907,#3909,.T.);
#3907 = VERTEX_POINT('',#3908);
#3908 = CARTESIAN_POINT('',(-3.84739059765,-6.663627841803,38.));
#3909 = B_SPLINE_CURVE_WITH_KNOTS('',2,(#3910,#3911,#3912),
  .UNSPECIFIED.,.F.,.F.,(3,3),(0.,1.),.PIECEWISE_BEZIER_KNOTS.);
#3910 = CARTESIAN_POINT('',(-3.617068191309,-7.142239153042,38.));
#3911 = CARTESIAN_POINT('',(-3.764312427621,-6.953253202033,38.));
#3912 = CARTESIAN_POINT('',(-3.84739059765,-6.663627841803,38.));
#3913 = ORIENTED_EDGE('',*,*,#3914,.F.);
#3914 = EDGE_CURVE('',#605,#3907,#3915,.T.);
#3915 = LINE('',#3916,#3917);
#3916 = CARTESIAN_POINT('',(-3.84739059765,-6.663627841803,40.));
#3917 = VECTOR('',#3918,1.);
#3918 = DIRECTION('',(-0.,-0.,-1.));
#3919 = ORIENTED_EDGE('',*,*,#604,.F.);
#3920 = SURFACE_OF_LINEAR_EXTRUSION('',#3921,#3925);
#3921 = B_SPLINE_CURVE_WITH_KNOTS('',2,(#3922,#3923,#3924),
  .UNSPECIFIED.,.F.,.F.,(3,3),(0.,1.),.PIECEWISE_BEZIER_KNOTS.);
#3922 = CARTESIAN_POINT('',(-3.617068191309,-7.142239153042,40.));
#3923 = CARTESIAN_POINT('',(-3.764312427621,-6.953253202033,40.));
#3924 = CARTESIAN_POINT('',(-3.84739059765,-6.663627841803,40.));
#3925 = VECTOR('',#3926,1.);
#3926 = DIRECTION('',(0.,0.,1.));
#3927 = ADVANCED_FACE('',(#3928),#3939,.T.);
#3928 = FACE_BOUND('',#3929,.T.);
#3929 = EDGE_LOOP('',(#3930,#3931,#3937,#3938));
#3930 = ORIENTED_EDGE('',*,*,#3914,.T.);
#3931 = ORIENTED_EDGE('',*,*,#3932,.T.);
#3932 = EDGE_CURVE('',#3907,#3880,#3933,.T.);
#3933 = B_SPLINE_CURVE_WITH_KNOTS('',2,(#3934,#3935,#3936),
  .UNSPECIFIED.,.F.,.F.,(3,3),(0.,1.),.PIECEWISE_BEZIER_KNOTS.);
#3934 = CARTESIAN_POINT('',(-3.84739059765,-6.663627841803,38.));
#3935 = CARTESIAN_POINT('',(-3.930333681223,-6.373867395117,38.));
#3936 = CARTESIAN_POINT('',(-3.930333681223,-5.981441242379,38.));
#3937 = ORIENTED_EDGE('',*,*,#3879,.F.);
#3938 = ORIENTED_EDGE('',*,*,#612,.F.);
#3939 = SURFACE_OF_LINEAR_EXTRUSION('',#3940,#3944);
#3940 = B_SPLINE_CURVE_WITH_KNOTS('',2,(#3941,#3942,#3943),
  .UNSPECIFIED.,.F.,.F.,(3,3),(0.,1.),.PIECEWISE_BEZIER_KNOTS.);
#3941 = CARTESIAN_POINT('',(-3.84739059765,-6.663627841803,40.));
#3942 = CARTESIAN_POINT('',(-3.930333681223,-6.373867395117,40.));
#3943 = CARTESIAN_POINT('',(-3.930333681223,-5.981441242379,40.));
#3944 = VECTOR('',#3945,1.);
#3945 = DIRECTION('',(0.,0.,1.));
#3946 = ADVANCED_FACE('',(#3947),#3972,.T.);
#3947 = FACE_BOUND('',#3948,.T.);
#3948 = EDGE_LOOP('',(#3949,#3957,#3965,#3971));
#3949 = ORIENTED_EDGE('',*,*,#3950,.T.);
#3950 = EDGE_CURVE('',#677,#3951,#3953,.T.);
#3951 = VERTEX_POINT('',#3952);
#3952 = CARTESIAN_POINT('',(2.648511779872,-7.481441242379,38.));
#3953 = LINE('',#3954,#3955);
#3954 = CARTESIAN_POINT('',(2.648511779872,-7.481441242379,40.));
#3955 = VECTOR('',#3956,1.);
#3956 = DIRECTION('',(-0.,-0.,-1.));
#3957 = ORIENTED_EDGE('',*,*,#3958,.T.);
#3958 = EDGE_CURVE('',#3951,#3959,#3961,.T.);
#3959 = VERTEX_POINT('',#3960);
#3960 = CARTESIAN_POINT('',(2.1361288548,-7.481441242379,38.));
#3961 = LINE('',#3962,#3963);
#3962 = CARTESIAN_POINT('',(2.648511779872,-7.481441242379,38.));
#3963 = VECTOR('',#3964,1.);
#3964 = DIRECTION('',(-1.,0.,0.));
#3965 = ORIENTED_EDGE('',*,*,#3966,.F.);
#3966 = EDGE_CURVE('',#679,#3959,#3967,.T.);
#3967 = LINE('',#3968,#3969);
#3968 = CARTESIAN_POINT('',(2.1361288548,-7.481441242379,40.));
#3969 = VECTOR('',#3970,1.);
#3970 = DIRECTION('',(-0.,-0.,-1.));
#3971 = ORIENTED_EDGE('',*,*,#676,.F.);
#3972 = PLANE('',#3973);
#3973 = AXIS2_PLACEMENT_3D('',#3974,#3975,#3976);
#3974 = CARTESIAN_POINT('',(2.648511779872,-7.481441242379,40.));
#3975 = DIRECTION('',(0.,1.,0.));
#3976 = DIRECTION('',(-1.,0.,0.));
#3977 = ADVANCED_FACE('',(#3978),#3996,.T.);
#3978 = FACE_BOUND('',#3979,.T.);
#3979 = EDGE_LOOP('',(#3980,#3988,#3994,#3995));
#3980 = ORIENTED_EDGE('',*,*,#3981,.T.);
#3981 = EDGE_CURVE('',#951,#3982,#3984,.T.);
#3982 = VERTEX_POINT('',#3983);
#3983 = CARTESIAN_POINT('',(2.648511779872,-5.923624239497,38.));
#3984 = LINE('',#3985,#3986);
#3985 = CARTESIAN_POINT('',(2.648511779872,-5.923624239497,40.));
#3986 = VECTOR('',#3987,1.);
#3987 = DIRECTION('',(-0.,-0.,-1.));
#3988 = ORIENTED_EDGE('',*,*,#3989,.T.);
#3989 = EDGE_CURVE('',#3982,#3951,#3990,.T.);
#3990 = LINE('',#3991,#3992);
#3991 = CARTESIAN_POINT('',(2.648511779872,-5.923624239497,38.));
#3992 = VECTOR('',#3993,1.);
#3993 = DIRECTION('',(0.,-1.,0.));
#3994 = ORIENTED_EDGE('',*,*,#3950,.F.);
#3995 = ORIENTED_EDGE('',*,*,#958,.F.);
#3996 = PLANE('',#3997);
#3997 = AXIS2_PLACEMENT_3D('',#3998,#3999,#4000);
#3998 = CARTESIAN_POINT('',(2.648511779872,-5.923624239497,40.));
#3999 = DIRECTION('',(-1.,0.,0.));
#4000 = DIRECTION('',(0.,-1.,0.));
#4001 = ADVANCED_FACE('',(#4002),#4020,.T.);
#4002 = FACE_BOUND('',#4003,.T.);
#4003 = EDGE_LOOP('',(#4004,#4005,#4013,#4019));
#4004 = ORIENTED_EDGE('',*,*,#3966,.T.);
#4005 = ORIENTED_EDGE('',*,*,#4006,.T.);
#4006 = EDGE_CURVE('',#3959,#4007,#4009,.T.);
#4007 = VERTEX_POINT('',#4008);
#4008 = CARTESIAN_POINT('',(2.1361288548,-5.354640089641,38.));
#4009 = LINE('',#4010,#4011);
#4010 = CARTESIAN_POINT('',(2.1361288548,-7.481441242379,38.));
#4011 = VECTOR('',#4012,1.);
#4012 = DIRECTION('',(0.,1.,0.));
#4013 = ORIENTED_EDGE('',*,*,#4014,.F.);
#4014 = EDGE_CURVE('',#687,#4007,#4015,.T.);
#4015 = LINE('',#4016,#4017);
#4016 = CARTESIAN_POINT('',(2.1361288548,-5.354640089641,40.));
#4017 = VECTOR('',#4018,1.);
#4018 = DIRECTION('',(-0.,-0.,-1.));
#4019 = ORIENTED_EDGE('',*,*,#686,.F.);
#4020 = PLANE('',#4021);
#4021 = AXIS2_PLACEMENT_3D('',#4022,#4023,#4024);
#4022 = CARTESIAN_POINT('',(2.1361288548,-7.481441242379,40.));
#4023 = DIRECTION('',(1.,0.,0.));
#4024 = DIRECTION('',(0.,1.,0.));
#4025 = ADVANCED_FACE('',(#4026),#4044,.T.);
#4026 = FACE_BOUND('',#4027,.T.);
#4027 = EDGE_LOOP('',(#4028,#4036,#4042,#4043));
#4028 = ORIENTED_EDGE('',*,*,#4029,.T.);
#4029 = EDGE_CURVE('',#943,#4030,#4032,.T.);
#4030 = VERTEX_POINT('',#4031);
#4031 = CARTESIAN_POINT('',(2.828041679008,-5.772867755348,38.));
#4032 = LINE('',#4033,#4034);
#4033 = CARTESIAN_POINT('',(2.828041679008,-5.772867755348,40.));
#4034 = VECTOR('',#4035,1.);
#4035 = DIRECTION('',(-0.,-0.,-1.));
#4036 = ORIENTED_EDGE('',*,*,#4037,.T.);
#4037 = EDGE_CURVE('',#4030,#3982,#4038,.T.);
#4038 = B_SPLINE_CURVE_WITH_KNOTS('',2,(#4039,#4040,#4041),
  .UNSPECIFIED.,.F.,.F.,(3,3),(0.,1.),.PIECEWISE_BEZIER_KNOTS.);
#4039 = CARTESIAN_POINT('',(2.828041679008,-5.772867755348,38.));
#4040 = CARTESIAN_POINT('',(2.731589949901,-5.827983029123,38.));
#4041 = CARTESIAN_POINT('',(2.648511779872,-5.923624239497,38.));
#4042 = ORIENTED_EDGE('',*,*,#3981,.F.);
#4043 = ORIENTED_EDGE('',*,*,#950,.F.);
#4044 = SURFACE_OF_LINEAR_EXTRUSION('',#4045,#4049);
#4045 = B_SPLINE_CURVE_WITH_KNOTS('',2,(#4046,#4047,#4048),
  .UNSPECIFIED.,.F.,.F.,(3,3),(0.,1.),.PIECEWISE_BEZIER_KNOTS.);
#4046 = CARTESIAN_POINT('',(2.828041679008,-5.772867755348,40.));
#4047 = CARTESIAN_POINT('',(2.731589949901,-5.827983029123,40.));
#4048 = CARTESIAN_POINT('',(2.648511779872,-5.923624239497,40.));
#4049 = VECTOR('',#4050,1.);
#4050 = DIRECTION('',(0.,0.,1.));
#4051 = ADVANCED_FACE('',(#4052),#4070,.T.);
#4052 = FACE_BOUND('',#4053,.T.);
#4053 = EDGE_LOOP('',(#4054,#4055,#4063,#4069));
#4054 = ORIENTED_EDGE('',*,*,#4014,.T.);
#4055 = ORIENTED_EDGE('',*,*,#4056,.T.);
#4056 = EDGE_CURVE('',#4007,#4057,#4059,.T.);
#4057 = VERTEX_POINT('',#4058);
#4058 = CARTESIAN_POINT('',(2.449394344714,-5.354640089641,38.));
#4059 = LINE('',#4060,#4061);
#4060 = CARTESIAN_POINT('',(2.1361288548,-5.354640089641,38.));
#4061 = VECTOR('',#4062,1.);
#4062 = DIRECTION('',(1.,0.,0.));
#4063 = ORIENTED_EDGE('',*,*,#4064,.F.);
#4064 = EDGE_CURVE('',#695,#4057,#4065,.T.);
#4065 = LINE('',#4066,#4067);
#4066 = CARTESIAN_POINT('',(2.449394344714,-5.354640089641,40.));
#4067 = VECTOR('',#4068,1.);
#4068 = DIRECTION('',(-0.,-0.,-1.));
#4069 = ORIENTED_EDGE('',*,*,#694,.F.);
#4070 = PLANE('',#4071);
#4071 = AXIS2_PLACEMENT_3D('',#4072,#4073,#4074);
#4072 = CARTESIAN_POINT('',(2.1361288548,-5.354640089641,40.));
#4073 = DIRECTION('',(0.,-1.,0.));
#4074 = DIRECTION('',(1.,0.,0.));
#4075 = ADVANCED_FACE('',(#4076),#4094,.T.);
#4076 = FACE_BOUND('',#4077,.T.);
#4077 = EDGE_LOOP('',(#4078,#4086,#4092,#4093));
#4078 = ORIENTED_EDGE('',*,*,#4079,.T.);
#4079 = EDGE_CURVE('',#935,#4080,#4082,.T.);
#4080 = VERTEX_POINT('',#4081);
#4081 = CARTESIAN_POINT('',(3.034453782754,-5.717752481572,38.));
#4082 = LINE('',#4083,#4084);
#4083 = CARTESIAN_POINT('',(3.034453782754,-5.717752481572,40.));
#4084 = VECTOR('',#4085,1.);
#4085 = DIRECTION('',(-0.,-0.,-1.));
#4086 = ORIENTED_EDGE('',*,*,#4087,.T.);
#4087 = EDGE_CURVE('',#4080,#4030,#4088,.T.);
#4088 = B_SPLINE_CURVE_WITH_KNOTS('',2,(#4089,#4090,#4091),
  .UNSPECIFIED.,.F.,.F.,(3,3),(0.,1.),.PIECEWISE_BEZIER_KNOTS.);
#4089 = CARTESIAN_POINT('',(3.034453782754,-5.717752481572,38.));
#4090 = CARTESIAN_POINT('',(2.924493408114,-5.717752481572,38.));
#4091 = CARTESIAN_POINT('',(2.828041679008,-5.772867755348,38.));
#4092 = ORIENTED_EDGE('',*,*,#4029,.F.);
#4093 = ORIENTED_EDGE('',*,*,#942,.F.);
#4094 = SURFACE_OF_LINEAR_EXTRUSION('',#4095,#4099);
#4095 = B_SPLINE_CURVE_WITH_KNOTS('',2,(#4096,#4097,#4098),
  .UNSPECIFIED.,.F.,.F.,(3,3),(0.,1.),.PIECEWISE_BEZIER_KNOTS.);
#4096 = CARTESIAN_POINT('',(3.034453782754,-5.717752481572,40.));
#4097 = CARTESIAN_POINT('',(2.924493408114,-5.717752481572,40.));
#4098 = CARTESIAN_POINT('',(2.828041679008,-5.772867755348,40.));
#4099 = VECTOR('',#4100,1.);
#4100 = DIRECTION('',(0.,0.,1.));
#4101 = ADVANCED_FACE('',(#4102),#4120,.T.);
#4102 = FACE_BOUND('',#4103,.T.);
#4103 = EDGE_LOOP('',(#4104,#4105,#4113,#4119));
#4104 = ORIENTED_EDGE('',*,*,#4064,.T.);
#4105 = ORIENTED_EDGE('',*,*,#4106,.T.);
#4106 = EDGE_CURVE('',#4057,#4107,#4109,.T.);
#4107 = VERTEX_POINT('',#4108);
#4108 = CARTESIAN_POINT('',(2.580158033474,-5.447984830275,38.));
#4109 = B_SPLINE_CURVE_WITH_KNOTS('',2,(#4110,#4111,#4112),
  .UNSPECIFIED.,.F.,.F.,(3,3),(0.,1.),.PIECEWISE_BEZIER_KNOTS.);
#4110 = CARTESIAN_POINT('',(2.449394344714,-5.354640089641,38.));
#4111 = CARTESIAN_POINT('',(2.548953062293,-5.354640089641,38.));
#4112 = CARTESIAN_POINT('',(2.580158033474,-5.447984830275,38.));
#4113 = ORIENTED_EDGE('',*,*,#4114,.F.);
#4114 = EDGE_CURVE('',#703,#4107,#4115,.T.);
#4115 = LINE('',#4116,#4117);
#4116 = CARTESIAN_POINT('',(2.580158033474,-5.447984830275,40.));
#4117 = VECTOR('',#4118,1.);
#4118 = DIRECTION('',(-0.,-0.,-1.));
#4119 = ORIENTED_EDGE('',*,*,#702,.F.);
#4120 = SURFACE_OF_LINEAR_EXTRUSION('',#4121,#4125);
#4121 = B_SPLINE_CURVE_WITH_KNOTS('',2,(#4122,#4123,#4124),
  .UNSPECIFIED.,.F.,.F.,(3,3),(0.,1.),.PIECEWISE_BEZIER_KNOTS.);
#4122 = CARTESIAN_POINT('',(2.449394344714,-5.354640089641,40.));
#4123 = CARTESIAN_POINT('',(2.548953062293,-5.354640089641,40.));
#4124 = CARTESIAN_POINT('',(2.580158033474,-5.447984830275,40.));
#4125 = VECTOR('',#4126,1.);
#4126 = DIRECTION('',(0.,0.,1.));
#4127 = ADVANCED_FACE('',(#4128),#4146,.T.);
#4128 = FACE_BOUND('',#4129,.T.);
#4129 = EDGE_LOOP('',(#4130,#4138,#4144,#4145));
#4130 = ORIENTED_EDGE('',*,*,#4131,.T.);
#4131 = EDGE_CURVE('',#927,#4132,#4134,.T.);
#4132 = VERTEX_POINT('',#4133);
#4133 = CARTESIAN_POINT('',(3.288686491688,-5.815284902322,38.));
#4134 = LINE('',#4135,#4136);
#4135 = CARTESIAN_POINT('',(3.288686491688,-5.815284902322,40.));
#4136 = VECTOR('',#4137,1.);
#4137 = DIRECTION('',(-0.,-0.,-1.));
#4138 = ORIENTED_EDGE('',*,*,#4139,.T.);
#4139 = EDGE_CURVE('',#4132,#4080,#4140,.T.);
#4140 = B_SPLINE_CURVE_WITH_KNOTS('',2,(#4141,#4142,#4143),
  .UNSPECIFIED.,.F.,.F.,(3,3),(0.,1.),.PIECEWISE_BEZIER_KNOTS.);
#4141 = CARTESIAN_POINT('',(3.288686491688,-5.815284902322,38.));
#4142 = CARTESIAN_POINT('',(3.202636419642,-5.717752481572,38.));
#4143 = CARTESIAN_POINT('',(3.034453782754,-5.717752481572,38.));
#4144 = ORIENTED_EDGE('',*,*,#4079,.F.);
#4145 = ORIENTED_EDGE('',*,*,#934,.F.);
#4146 = SURFACE_OF_LINEAR_EXTRUSION('',#4147,#4151);
#4147 = B_SPLINE_CURVE_WITH_KNOTS('',2,(#4148,#4149,#4150),
  .UNSPECIFIED.,.F.,.F.,(3,3),(0.,1.),.PIECEWISE_BEZIER_KNOTS.);
#4148 = CARTESIAN_POINT('',(3.288686491688,-5.815284902322,40.));
#4149 = CARTESIAN_POINT('',(3.202636419642,-5.717752481572,40.));
#4150 = CARTESIAN_POINT('',(3.034453782754,-5.717752481572,40.));
#4151 = VECTOR('',#4152,1.);
#4152 = DIRECTION('',(0.,0.,1.));
#4153 = ADVANCED_FACE('',(#4154),#4172,.T.);
#4154 = FACE_BOUND('',#4155,.T.);
#4155 = EDGE_LOOP('',(#4156,#4157,#4165,#4171));
#4156 = ORIENTED_EDGE('',*,*,#4114,.T.);
#4157 = ORIENTED_EDGE('',*,*,#4158,.T.);
#4158 = EDGE_CURVE('',#4107,#4159,#4161,.T.);
#4159 = VERTEX_POINT('',#4160);
#4160 = CARTESIAN_POINT('',(2.613254215031,-5.605495637192,38.));
#4161 = LINE('',#4162,#4163);
#4162 = CARTESIAN_POINT('',(2.580158033474,-5.447984830275,38.));
#4163 = VECTOR('',#4164,1.);
#4164 = DIRECTION('',(0.205629772653,-0.978629856789,0.));
#4165 = ORIENTED_EDGE('',*,*,#4166,.F.);
#4166 = EDGE_CURVE('',#711,#4159,#4167,.T.);
#4167 = LINE('',#4168,#4169);
#4168 = CARTESIAN_POINT('',(2.613254215031,-5.605495637192,40.));
#4169 = VECTOR('',#4170,1.);
#4170 = DIRECTION('',(-0.,-0.,-1.));
#4171 = ORIENTED_EDGE('',*,*,#710,.F.);
#4172 = PLANE('',#4173);
#4173 = AXIS2_PLACEMENT_3D('',#4174,#4175,#4176);
#4174 = CARTESIAN_POINT('',(2.580158033474,-5.447984830275,40.));
#4175 = DIRECTION('',(-0.978629856789,-0.205629772653,0.));
#4176 = DIRECTION('',(0.205629772653,-0.978629856789,0.));
#4177 = ADVANCED_FACE('',(#4178),#4196,.T.);
#4178 = FACE_BOUND('',#4179,.T.);
#4179 = EDGE_LOOP('',(#4180,#4188,#4194,#4195));
#4180 = ORIENTED_EDGE('',*,*,#4181,.T.);
#4181 = EDGE_CURVE('',#919,#4182,#4184,.T.);
#4182 = VERTEX_POINT('',#4183);
#4183 = CARTESIAN_POINT('',(3.374736563734,-6.126524095405,38.));
#4184 = LINE('',#4185,#4186);
#4185 = CARTESIAN_POINT('',(3.374736563734,-6.126524095405,40.));
#4186 = VECTOR('',#4187,1.);
#4187 = DIRECTION('',(-0.,-0.,-1.));
#4188 = ORIENTED_EDGE('',*,*,#4189,.T.);
#4189 = EDGE_CURVE('',#4182,#4132,#4190,.T.);
#4190 = B_SPLINE_CURVE_WITH_KNOTS('',2,(#4191,#4192,#4193),
  .UNSPECIFIED.,.F.,.F.,(3,3),(0.,1.),.PIECEWISE_BEZIER_KNOTS.);
#4191 = CARTESIAN_POINT('',(3.374736563734,-6.126524095405,38.));
#4192 = CARTESIAN_POINT('',(3.374736563734,-5.912817323071,38.));
#4193 = CARTESIAN_POINT('',(3.288686491688,-5.815284902322,38.));
#4194 = ORIENTED_EDGE('',*,*,#4131,.F.);
#4195 = ORIENTED_EDGE('',*,*,#926,.F.);
#4196 = SURFACE_OF_LINEAR_EXTRUSION('',#4197,#4201);
#4197 = B_SPLINE_CURVE_WITH_KNOTS('',2,(#4198,#4199,#4200),
  .UNSPECIFIED.,.F.,.F.,(3,3),(0.,1.),.PIECEWISE_BEZIER_KNOTS.);
#4198 = CARTESIAN_POINT('',(3.374736563734,-6.126524095405,40.));
#4199 = CARTESIAN_POINT('',(3.374736563734,-5.912817323071,40.));
#4200 = CARTESIAN_POINT('',(3.288686491688,-5.815284902322,40.));
#4201 = VECTOR('',#4202,1.);
#4202 = DIRECTION('',(0.,0.,1.));
#4203 = ADVANCED_FACE('',(#4204),#4222,.T.);
#4204 = FACE_BOUND('',#4205,.T.);
#4205 = EDGE_LOOP('',(#4206,#4207,#4215,#4221));
#4206 = ORIENTED_EDGE('',*,*,#4166,.T.);
#4207 = ORIENTED_EDGE('',*,*,#4208,.T.);
#4208 = EDGE_CURVE('',#4159,#4209,#4211,.T.);
#4209 = VERTEX_POINT('',#4210);
#4210 = CARTESIAN_POINT('',(2.730509258258,-5.490942323071,38.));
#4211 = B_SPLINE_CURVE_WITH_KNOTS('',2,(#4212,#4213,#4214),
  .UNSPECIFIED.,.F.,.F.,(3,3),(0.,1.),.PIECEWISE_BEZIER_KNOTS.);
#4212 = CARTESIAN_POINT('',(2.613254215031,-5.605495637192,38.));
#4213 = CARTESIAN_POINT('',(2.669315093993,-5.542950608373,38.));
#4214 = CARTESIAN_POINT('',(2.730509258258,-5.490942323071,38.));
#4215 = ORIENTED_EDGE('',*,*,#4216,.F.);
#4216 = EDGE_CURVE('',#719,#4209,#4217,.T.);
#4217 = LINE('',#4218,#4219);
#4218 = CARTESIAN_POINT('',(2.730509258258,-5.490942323071,40.));
#4219 = VECTOR('',#4220,1.);
#4220 = DIRECTION('',(-0.,-0.,-1.));
#4221 = ORIENTED_EDGE('',*,*,#718,.F.);
#4222 = SURFACE_OF_LINEAR_EXTRUSION('',#4223,#4227);
#4223 = B_SPLINE_CURVE_WITH_KNOTS('',2,(#4224,#4225,#4226),
  .UNSPECIFIED.,.F.,.F.,(3,3),(0.,1.),.PIECEWISE_BEZIER_KNOTS.);
#4224 = CARTESIAN_POINT('',(2.613254215031,-5.605495637192,40.));
#4225 = CARTESIAN_POINT('',(2.669315093993,-5.542950608373,40.));
#4226 = CARTESIAN_POINT('',(2.730509258258,-5.490942323071,40.));
#4227 = VECTOR('',#4228,1.);
#4228 = DIRECTION('',(0.,0.,1.));
#4229 = ADVANCED_FACE('',(#4230),#4248,.T.);
#4230 = FACE_BOUND('',#4231,.T.);
#4231 = EDGE_LOOP('',(#4232,#4240,#4246,#4247));
#4232 = ORIENTED_EDGE('',*,*,#4233,.T.);
#4233 = EDGE_CURVE('',#911,#4234,#4236,.T.);
#4234 = VERTEX_POINT('',#4235);
#4235 = CARTESIAN_POINT('',(3.374736563734,-7.481441242379,38.));
#4236 = LINE('',#4237,#4238);
#4237 = CARTESIAN_POINT('',(3.374736563734,-7.481441242379,40.));
#4238 = VECTOR('',#4239,1.);
#4239 = DIRECTION('',(-0.,-0.,-1.));
#4240 = ORIENTED_EDGE('',*,*,#4241,.T.);
#4241 = EDGE_CURVE('',#4234,#4182,#4242,.T.);
#4242 = LINE('',#4243,#4244);
#4243 = CARTESIAN_POINT('',(3.374736563734,-7.481441242379,38.));
#4244 = VECTOR('',#4245,1.);
#4245 = DIRECTION('',(0.,1.,0.));
#4246 = ORIENTED_EDGE('',*,*,#4181,.F.);
#4247 = ORIENTED_EDGE('',*,*,#918,.F.);
#4248 = PLANE('',#4249);
#4249 = AXIS2_PLACEMENT_3D('',#4250,#4251,#4252);
#4250 = CARTESIAN_POINT('',(3.374736563734,-7.481441242379,40.));
#4251 = DIRECTION('',(1.,0.,0.));
#4252 = DIRECTION('',(0.,1.,0.));
#4253 = ADVANCED_FACE('',(#4254),#4272,.T.);
#4254 = FACE_BOUND('',#4255,.T.);
#4255 = EDGE_LOOP('',(#4256,#4257,#4265,#4271));
#4256 = ORIENTED_EDGE('',*,*,#4216,.T.);
#4257 = ORIENTED_EDGE('',*,*,#4258,.T.);
#4258 = EDGE_CURVE('',#4209,#4259,#4261,.T.);
#4259 = VERTEX_POINT('',#4260);
#4260 = CARTESIAN_POINT('',(2.861137860564,-5.401380003186,38.));
#4261 = B_SPLINE_CURVE_WITH_KNOTS('',2,(#4262,#4263,#4264),
  .UNSPECIFIED.,.F.,.F.,(3,3),(0.,1.),.PIECEWISE_BEZIER_KNOTS.);
#4262 = CARTESIAN_POINT('',(2.730509258258,-5.490942323071,38.));
#4263 = CARTESIAN_POINT('',(2.791703422523,-5.438798951313,38.));
#4264 = CARTESIAN_POINT('',(2.861137860564,-5.401380003186,38.));
#4265 = ORIENTED_EDGE('',*,*,#4266,.F.);
#4266 = EDGE_CURVE('',#727,#4259,#4267,.T.);
#4267 = LINE('',#4268,#4269);
#4268 = CARTESIAN_POINT('',(2.861137860564,-5.401380003186,40.));
#4269 = VECTOR('',#4270,1.);
#4270 = DIRECTION('',(-0.,-0.,-1.));
#4271 = ORIENTED_EDGE('',*,*,#726,.F.);
#4272 = SURFACE_OF_LINEAR_EXTRUSION('',#4273,#4277);
#4273 = B_SPLINE_CURVE_WITH_KNOTS('',2,(#4274,#4275,#4276),
  .UNSPECIFIED.,.F.,.F.,(3,3),(0.,1.),.PIECEWISE_BEZIER_KNOTS.);
#4274 = CARTESIAN_POINT('',(2.730509258258,-5.490942323071,40.));
#4275 = CARTESIAN_POINT('',(2.791703422523,-5.438798951313,40.));
#4276 = CARTESIAN_POINT('',(2.861137860564,-5.401380003186,40.));
#4277 = VECTOR('',#4278,1.);
#4278 = DIRECTION('',(0.,0.,1.));
#4279 = ADVANCED_FACE('',(#4280),#4298,.T.);
#4280 = FACE_BOUND('',#4281,.T.);
#4281 = EDGE_LOOP('',(#4282,#4290,#4296,#4297));
#4282 = ORIENTED_EDGE('',*,*,#4283,.T.);
#4283 = EDGE_CURVE('',#903,#4284,#4286,.T.);
#4284 = VERTEX_POINT('',#4285);
#4285 = CARTESIAN_POINT('',(3.889415958546,-7.481441242379,38.));
#4286 = LINE('',#4287,#4288);
#4287 = CARTESIAN_POINT('',(3.889415958546,-7.481441242379,40.));
#4288 = VECTOR('',#4289,1.);
#4289 = DIRECTION('',(-0.,-0.,-1.));
#4290 = ORIENTED_EDGE('',*,*,#4291,.T.);
#4291 = EDGE_CURVE('',#4284,#4234,#4292,.T.);
#4292 = LINE('',#4293,#4294);
#4293 = CARTESIAN_POINT('',(3.889415958546,-7.481441242379,38.));
#4294 = VECTOR('',#4295,1.);
#4295 = DIRECTION('',(-1.,0.,0.));
#4296 = ORIENTED_EDGE('',*,*,#4233,.F.);
#4297 = ORIENTED_EDGE('',*,*,#910,.F.);
#4298 = PLANE('',#4299);
#4299 = AXIS2_PLACEMENT_3D('',#4300,#4301,#4302);
#4300 = CARTESIAN_POINT('',(3.889415958546,-7.481441242379,40.));
#4301 = DIRECTION('',(0.,1.,0.));
#4302 = DIRECTION('',(-1.,0.,0.));
#4303 = ADVANCED_FACE('',(#4304),#4322,.T.);
#4304 = FACE_BOUND('',#4305,.T.);
#4305 = EDGE_LOOP('',(#4306,#4307,#4315,#4321));
#4306 = ORIENTED_EDGE('',*,*,#4266,.T.);
#4307 = ORIENTED_EDGE('',*,*,#4308,.T.);
#4308 = EDGE_CURVE('',#4259,#4309,#4311,.T.);
#4309 = VERTEX_POINT('',#4310);
#4310 = CARTESIAN_POINT('',(3.01054348016,-5.34194196284,38.));
#4311 = B_SPLINE_CURVE_WITH_KNOTS('',2,(#4312,#4313,#4314),
  .UNSPECIFIED.,.F.,.F.,(3,3),(0.,1.),.PIECEWISE_BEZIER_KNOTS.);
#4312 = CARTESIAN_POINT('',(2.861137860564,-5.401380003186,38.));
#4313 = CARTESIAN_POINT('',(2.930707385059,-5.363825968604,38.));
#4314 = CARTESIAN_POINT('',(3.01054348016,-5.34194196284,38.));
#4315 = ORIENTED_EDGE('',*,*,#4316,.F.);
#4316 = EDGE_CURVE('',#735,#4309,#4317,.T.);
#4317 = LINE('',#4318,#4319);
#4318 = CARTESIAN_POINT('',(3.01054348016,-5.34194196284,40.));
#4319 = VECTOR('',#4320,1.);
#4320 = DIRECTION('',(-0.,-0.,-1.));
#4321 = ORIENTED_EDGE('',*,*,#734,.F.);
#4322 = SURFACE_OF_LINEAR_EXTRUSION('',#4323,#4327);
#4323 = B_SPLINE_CURVE_WITH_KNOTS('',2,(#4324,#4325,#4326),
  .UNSPECIFIED.,.F.,.F.,(3,3),(0.,1.),.PIECEWISE_BEZIER_KNOTS.);
#4324 = CARTESIAN_POINT('',(2.861137860564,-5.401380003186,40.));
#4325 = CARTESIAN_POINT('',(2.930707385059,-5.363825968604,40.));
#4326 = CARTESIAN_POINT('',(3.01054348016,-5.34194196284,40.));
#4327 = VECTOR('',#4328,1.);
#4328 = DIRECTION('',(0.,0.,1.));
#4329 = ADVANCED_FACE('',(#4330),#4348,.T.);
#4330 = FACE_BOUND('',#4331,.T.);
#4331 = EDGE_LOOP('',(#4332,#4340,#4346,#4347));
#4332 = ORIENTED_EDGE('',*,*,#4333,.T.);
#4333 = EDGE_CURVE('',#895,#4334,#4336,.T.);
#4334 = VERTEX_POINT('',#4335);
#4335 = CARTESIAN_POINT('',(3.889415958546,-6.126524095405,38.));
#4336 = LINE('',#4337,#4338);
#4337 = CARTESIAN_POINT('',(3.889415958546,-6.126524095405,40.));
#4338 = VECTOR('',#4339,1.);
#4339 = DIRECTION('',(-0.,-0.,-1.));
#4340 = ORIENTED_EDGE('',*,*,#4341,.T.);
#4341 = EDGE_CURVE('',#4334,#4284,#4342,.T.);
#4342 = LINE('',#4343,#4344);
#4343 = CARTESIAN_POINT('',(3.889415958546,-6.126524095405,38.));
#4344 = VECTOR('',#4345,1.);
#4345 = DIRECTION('',(0.,-1.,0.));
#4346 = ORIENTED_EDGE('',*,*,#4283,.F.);
#4347 = ORIENTED_EDGE('',*,*,#902,.F.);
#4348 = PLANE('',#4349);
#4349 = AXIS2_PLACEMENT_3D('',#4350,#4351,#4352);
#4350 = CARTESIAN_POINT('',(3.889415958546,-6.126524095405,40.));
#4351 = DIRECTION('',(-1.,0.,0.));
#4352 = DIRECTION('',(0.,-1.,0.));
#4353 = ADVANCED_FACE('',(#4354),#4372,.T.);
#4354 = FACE_BOUND('',#4355,.T.);
#4355 = EDGE_LOOP('',(#4356,#4357,#4365,#4371));
#4356 = ORIENTED_EDGE('',*,*,#4316,.T.);
#4357 = ORIENTED_EDGE('',*,*,#4358,.T.);
#4358 = EDGE_CURVE('',#4309,#4359,#4361,.T.);
#4359 = VERTEX_POINT('',#4360);
#4360 = CARTESIAN_POINT('',(3.186020785636,-5.320057957077,38.));
#4361 = B_SPLINE_CURVE_WITH_KNOTS('',2,(#4362,#4363,#4364),
  .UNSPECIFIED.,.F.,.F.,(3,3),(0.,1.),.PIECEWISE_BEZIER_KNOTS.);
#4362 = CARTESIAN_POINT('',(3.01054348016,-5.34194196284,38.));
#4363 = CARTESIAN_POINT('',(3.090514661716,-5.320057957077,38.));
#4364 = CARTESIAN_POINT('',(3.186020785636,-5.320057957077,38.));
#4365 = ORIENTED_EDGE('',*,*,#4366,.F.);
#4366 = EDGE_CURVE('',#743,#4359,#4367,.T.);
#4367 = LINE('',#4368,#4369);
#4368 = CARTESIAN_POINT('',(3.186020785636,-5.320057957077,40.));
#4369 = VECTOR('',#4370,1.);
#4370 = DIRECTION('',(-0.,-0.,-1.));
#4371 = ORIENTED_EDGE('',*,*,#742,.F.);
#4372 = SURFACE_OF_LINEAR_EXTRUSION('',#4373,#4377);
#4373 = B_SPLINE_CURVE_WITH_KNOTS('',2,(#4374,#4375,#4376),
  .UNSPECIFIED.,.F.,.F.,(3,3),(0.,1.),.PIECEWISE_BEZIER_KNOTS.);
#4374 = CARTESIAN_POINT('',(3.01054348016,-5.34194196284,40.));
#4375 = CARTESIAN_POINT('',(3.090514661716,-5.320057957077,40.));
#4376 = CARTESIAN_POINT('',(3.186020785636,-5.320057957077,40.));
#4377 = VECTOR('',#4378,1.);
#4378 = DIRECTION('',(0.,0.,1.));
#4379 = ADVANCED_FACE('',(#4380),#4398,.T.);
#4380 = FACE_BOUND('',#4381,.T.);
#4381 = EDGE_LOOP('',(#4382,#4390,#4396,#4397));
#4382 = ORIENTED_EDGE('',*,*,#4383,.T.);
#4383 = EDGE_CURVE('',#887,#4384,#4386,.T.);
#4384 = VERTEX_POINT('',#4385);
#4385 = CARTESIAN_POINT('',(3.918459546443,-5.950236271198,38.));
#4386 = LINE('',#4387,#4388);
#4387 = CARTESIAN_POINT('',(3.918459546443,-5.950236271198,40.));
#4388 = VECTOR('',#4389,1.);
#4389 = DIRECTION('',(-0.,-0.,-1.));
#4390 = ORIENTED_EDGE('',*,*,#4391,.T.);
#4391 = EDGE_CURVE('',#4384,#4334,#4392,.T.);
#4392 = B_SPLINE_CURVE_WITH_KNOTS('',2,(#4393,#4394,#4395),
  .UNSPECIFIED.,.F.,.F.,(3,3),(0.,1.),.PIECEWISE_BEZIER_KNOTS.);
#4393 = CARTESIAN_POINT('',(3.918459546443,-5.950236271198,38.));
#4394 = CARTESIAN_POINT('',(3.889415958546,-6.026965377826,38.));
#4395 = CARTESIAN_POINT('',(3.889415958546,-6.126524095405,38.));
#4396 = ORIENTED_EDGE('',*,*,#4333,.F.);
#4397 = ORIENTED_EDGE('',*,*,#894,.F.);
#4398 = SURFACE_OF_LINEAR_EXTRUSION('',#4399,#4403);
#4399 = B_SPLINE_CURVE_WITH_KNOTS('',2,(#4400,#4401,#4402),
  .UNSPECIFIED.,.F.,.F.,(3,3),(0.,1.),.PIECEWISE_BEZIER_KNOTS.);
#4400 = CARTESIAN_POINT('',(3.918459546443,-5.950236271198,40.));
#4401 = CARTESIAN_POINT('',(3.889415958546,-6.026965377826,40.));
#4402 = CARTESIAN_POINT('',(3.889415958546,-6.126524095405,40.));
#4403 = VECTOR('',#4404,1.);
#4404 = DIRECTION('',(0.,0.,1.));
#4405 = ADVANCED_FACE('',(#4406),#4424,.T.);
#4406 = FACE_BOUND('',#4407,.T.);
#4407 = EDGE_LOOP('',(#4408,#4409,#4417,#4423));
#4408 = ORIENTED_EDGE('',*,*,#4366,.T.);
#4409 = ORIENTED_EDGE('',*,*,#4410,.T.);
#4410 = EDGE_CURVE('',#4359,#4411,#4413,.T.);
#4411 = VERTEX_POINT('',#4412);
#4412 = CARTESIAN_POINT('',(3.516982601198,-5.428802553618,38.));
#4413 = B_SPLINE_CURVE_WITH_KNOTS('',2,(#4414,#4415,#4416),
  .UNSPECIFIED.,.F.,.F.,(3,3),(0.,1.),.PIECEWISE_BEZIER_KNOTS.);
#4414 = CARTESIAN_POINT('',(3.186020785636,-5.320057957077,38.));
#4415 = CARTESIAN_POINT('',(3.38729960408,-5.320057957077,38.));
#4416 = CARTESIAN_POINT('',(3.516982601198,-5.428802553618,38.));
#4417 = ORIENTED_EDGE('',*,*,#4418,.F.);
#4418 = EDGE_CURVE('',#751,#4411,#4419,.T.);
#4419 = LINE('',#4420,#4421);
#4420 = CARTESIAN_POINT('',(3.516982601198,-5.428802553618,40.));
#4421 = VECTOR('',#4422,1.);
#4422 = DIRECTION('',(-0.,-0.,-1.));
#4423 = ORIENTED_EDGE('',*,*,#750,.F.);
#4424 = SURFACE_OF_LINEAR_EXTRUSION('',#4425,#4429);
#4425 = B_SPLINE_CURVE_WITH_KNOTS('',2,(#4426,#4427,#4428),
  .UNSPECIFIED.,.F.,.F.,(3,3),(0.,1.),.PIECEWISE_BEZIER_KNOTS.);
#4426 = CARTESIAN_POINT('',(3.186020785636,-5.320057957077,40.));
#4427 = CARTESIAN_POINT('',(3.38729960408,-5.320057957077,40.));
#4428 = CARTESIAN_POINT('',(3.516982601198,-5.428802553618,40.));
#4429 = VECTOR('',#4430,1.);
#4430 = DIRECTION('',(0.,0.,1.));
#4431 = ADVANCED_FACE('',(#4432),#4450,.T.);
#4432 = FACE_BOUND('',#4433,.T.);
#4433 = EDGE_LOOP('',(#4434,#4442,#4448,#4449));
#4434 = ORIENTED_EDGE('',*,*,#4435,.T.);
#4435 = EDGE_CURVE('',#879,#4436,#4438,.T.);
#4436 = VERTEX_POINT('',#4437);
#4437 = CARTESIAN_POINT('',(3.998295641544,-5.822579570909,38.));
#4438 = LINE('',#4439,#4440);
#4439 = CARTESIAN_POINT('',(3.998295641544,-5.822579570909,40.));
#4440 = VECTOR('',#4441,1.);
#4441 = DIRECTION('',(-0.,-0.,-1.));
#4442 = ORIENTED_EDGE('',*,*,#4443,.T.);
#4443 = EDGE_CURVE('',#4436,#4384,#4444,.T.);
#4444 = B_SPLINE_CURVE_WITH_KNOTS('',2,(#4445,#4446,#4447),
  .UNSPECIFIED.,.F.,.F.,(3,3),(0.,1.),.PIECEWISE_BEZIER_KNOTS.);
#4445 = CARTESIAN_POINT('',(3.998295641544,-5.822579570909,38.));
#4446 = CARTESIAN_POINT('',(3.947503134339,-5.873372078114,38.));
#4447 = CARTESIAN_POINT('',(3.918459546443,-5.950236271198,38.));
#4448 = ORIENTED_EDGE('',*,*,#4383,.F.);
#4449 = ORIENTED_EDGE('',*,*,#886,.F.);
#4450 = SURFACE_OF_LINEAR_EXTRUSION('',#4451,#4455);
#4451 = B_SPLINE_CURVE_WITH_KNOTS('',2,(#4452,#4453,#4454),
  .UNSPECIFIED.,.F.,.F.,(3,3),(0.,1.),.PIECEWISE_BEZIER_KNOTS.);
#4452 = CARTESIAN_POINT('',(3.998295641544,-5.822579570909,40.));
#4453 = CARTESIAN_POINT('',(3.947503134339,-5.873372078114,40.));
#4454 = CARTESIAN_POINT('',(3.918459546443,-5.950236271198,40.));
#4455 = VECTOR('',#4456,1.);
#4456 = DIRECTION('',(0.,0.,1.));
#4457 = ADVANCED_FACE('',(#4458),#4476,.T.);
#4458 = FACE_BOUND('',#4459,.T.);
#4459 = EDGE_LOOP('',(#4460,#4461,#4469,#4475));
#4460 = ORIENTED_EDGE('',*,*,#4418,.T.);
#4461 = ORIENTED_EDGE('',*,*,#4462,.T.);
#4462 = EDGE_CURVE('',#4411,#4463,#4465,.T.);
#4463 = VERTEX_POINT('',#4464);
#4464 = CARTESIAN_POINT('',(3.710966751054,-5.717752481572,38.));
#4465 = B_SPLINE_CURVE_WITH_KNOTS('',2,(#4466,#4467,#4468),
  .UNSPECIFIED.,.F.,.F.,(3,3),(0.,1.),.PIECEWISE_BEZIER_KNOTS.);
#4466 = CARTESIAN_POINT('',(3.516982601198,-5.428802553618,38.));
#4467 = CARTESIAN_POINT('',(3.646665598316,-5.53754715016,38.));
#4468 = CARTESIAN_POINT('',(3.710966751054,-5.717752481572,38.));
#4469 = ORIENTED_EDGE('',*,*,#4470,.F.);
#4470 = EDGE_CURVE('',#759,#4463,#4471,.T.);
#4471 = LINE('',#4472,#4473);
#4472 = CARTESIAN_POINT('',(3.710966751054,-5.717752481572,40.));
#4473 = VECTOR('',#4474,1.);
#4474 = DIRECTION('',(-0.,-0.,-1.));
#4475 = ORIENTED_EDGE('',*,*,#758,.F.);
#4476 = SURFACE_OF_LINEAR_EXTRUSION('',#4477,#4481);
#4477 = B_SPLINE_CURVE_WITH_KNOTS('',2,(#4478,#4479,#4480),
  .UNSPECIFIED.,.F.,.F.,(3,3),(0.,1.),.PIECEWISE_BEZIER_KNOTS.);
#4478 = CARTESIAN_POINT('',(3.516982601198,-5.428802553618,40.));
#4479 = CARTESIAN_POINT('',(3.646665598316,-5.53754715016,40.));
#4480 = CARTESIAN_POINT('',(3.710966751054,-5.717752481572,40.));
#4481 = VECTOR('',#4482,1.);
#4482 = DIRECTION('',(0.,0.,1.));
#4483 = ADVANCED_FACE('',(#4484),#4502,.T.);
#4484 = FACE_BOUND('',#4485,.T.);
#4485 = EDGE_LOOP('',(#4486,#4494,#4500,#4501));
#4486 = ORIENTED_EDGE('',*,*,#4487,.T.);
#4487 = EDGE_CURVE('',#871,#4488,#4490,.T.);
#4488 = VERTEX_POINT('',#4489);
#4489 = CARTESIAN_POINT('',(4.116496289959,-5.744769772639,38.));
#4490 = LINE('',#4491,#4492);
#4491 = CARTESIAN_POINT('',(4.116496289959,-5.744769772639,40.));
#4492 = VECTOR('',#4493,1.);
#4493 = DIRECTION('',(-0.,-0.,-1.));
#4494 = ORIENTED_EDGE('',*,*,#4495,.T.);
#4495 = EDGE_CURVE('',#4488,#4436,#4496,.T.);
#4496 = B_SPLINE_CURVE_WITH_KNOTS('',2,(#4497,#4498,#4499),
  .UNSPECIFIED.,.F.,.F.,(3,3),(0.,1.),.PIECEWISE_BEZIER_KNOTS.);
#4497 = CARTESIAN_POINT('',(4.116496289959,-5.744769772639,38.));
#4498 = CARTESIAN_POINT('',(4.049088148748,-5.77165197725,38.));
#4499 = CARTESIAN_POINT('',(3.998295641544,-5.822579570909,38.));
#4500 = ORIENTED_EDGE('',*,*,#4435,.F.);
#4501 = ORIENTED_EDGE('',*,*,#878,.F.);
#4502 = SURFACE_OF_LINEAR_EXTRUSION('',#4503,#4507);
#4503 = B_SPLINE_CURVE_WITH_KNOTS('',2,(#4504,#4505,#4506),
  .UNSPECIFIED.,.F.,.F.,(3,3),(0.,1.),.PIECEWISE_BEZIER_KNOTS.);
#4504 = CARTESIAN_POINT('',(4.116496289959,-5.744769772639,40.));
#4505 = CARTESIAN_POINT('',(4.049088148748,-5.77165197725,40.));
#4506 = CARTESIAN_POINT('',(3.998295641544,-5.822579570909,40.));
#4507 = VECTOR('',#4508,1.);
#4508 = DIRECTION('',(0.,0.,1.));
#4509 = ADVANCED_FACE('',(#4510),#4528,.T.);
#4510 = FACE_BOUND('',#4511,.T.);
#4511 = EDGE_LOOP('',(#4512,#4513,#4521,#4527));
#4512 = ORIENTED_EDGE('',*,*,#4470,.T.);
#4513 = ORIENTED_EDGE('',*,*,#4514,.T.);
#4514 = EDGE_CURVE('',#4463,#4515,#4517,.T.);
#4515 = VERTEX_POINT('',#4516);
#4516 = CARTESIAN_POINT('',(3.835381376414,-5.536601544973,38.));
#4517 = B_SPLINE_CURVE_WITH_KNOTS('',2,(#4518,#4519,#4520),
  .UNSPECIFIED.,.F.,.F.,(3,3),(0.,1.),.PIECEWISE_BEZIER_KNOTS.);
#4518 = CARTESIAN_POINT('',(3.710966751054,-5.717752481572,38.));
#4519 = CARTESIAN_POINT('',(3.760678566616,-5.612114873503,38.));
#4520 = CARTESIAN_POINT('',(3.835381376414,-5.536601544973,38.));
#4521 = ORIENTED_EDGE('',*,*,#4522,.F.);
#4522 = EDGE_CURVE('',#767,#4515,#4523,.T.);
#4523 = LINE('',#4524,#4525);
#4524 = CARTESIAN_POINT('',(3.835381376414,-5.536601544973,40.));
#4525 = VECTOR('',#4526,1.);
#4526 = DIRECTION('',(-0.,-0.,-1.));
#4527 = ORIENTED_EDGE('',*,*,#766,.F.);
#4528 = SURFACE_OF_LINEAR_EXTRUSION('',#4529,#4533);
#4529 = B_SPLINE_CURVE_WITH_KNOTS('',2,(#4530,#4531,#4532),
  .UNSPECIFIED.,.F.,.F.,(3,3),(0.,1.),.PIECEWISE_BEZIER_KNOTS.);
#4530 = CARTESIAN_POINT('',(3.710966751054,-5.717752481572,40.));
#4531 = CARTESIAN_POINT('',(3.760678566616,-5.612114873503,40.));
#4532 = CARTESIAN_POINT('',(3.835381376414,-5.536601544973,40.));
#4533 = VECTOR('',#4534,1.);
#4534 = DIRECTION('',(0.,0.,1.));
#4535 = ADVANCED_FACE('',(#4536),#4554,.T.);
#4536 = FACE_BOUND('',#4537,.T.);
#4537 = EDGE_LOOP('',(#4538,#4546,#4552,#4553));
#4538 = ORIENTED_EDGE('',*,*,#4539,.T.);
#4539 = EDGE_CURVE('',#863,#4540,#4542,.T.);
#4540 = VERTEX_POINT('',#4541);
#4541 = CARTESIAN_POINT('',(4.262930007538,-5.717752481572,38.));
#4542 = LINE('',#4543,#4544);
#4543 = CARTESIAN_POINT('',(4.262930007538,-5.717752481572,40.));
#4544 = VECTOR('',#4545,1.);
#4545 = DIRECTION('',(-0.,-0.,-1.));
#4546 = ORIENTED_EDGE('',*,*,#4547,.T.);
#4547 = EDGE_CURVE('',#4540,#4488,#4548,.T.);
#4548 = B_SPLINE_CURVE_WITH_KNOTS('',2,(#4549,#4550,#4551),
  .UNSPECIFIED.,.F.,.F.,(3,3),(0.,1.),.PIECEWISE_BEZIER_KNOTS.);
#4549 = CARTESIAN_POINT('',(4.262930007538,-5.717752481572,38.));
#4550 = CARTESIAN_POINT('',(4.184039517624,-5.717752481572,38.));
#4551 = CARTESIAN_POINT('',(4.116496289959,-5.744769772639,38.));
#4552 = ORIENTED_EDGE('',*,*,#4487,.F.);
#4553 = ORIENTED_EDGE('',*,*,#870,.F.);
#4554 = SURFACE_OF_LINEAR_EXTRUSION('',#4555,#4559);
#4555 = B_SPLINE_CURVE_WITH_KNOTS('',2,(#4556,#4557,#4558),
  .UNSPECIFIED.,.F.,.F.,(3,3),(0.,1.),.PIECEWISE_BEZIER_KNOTS.);
#4556 = CARTESIAN_POINT('',(4.262930007538,-5.717752481572,40.));
#4557 = CARTESIAN_POINT('',(4.184039517624,-5.717752481572,40.));
#4558 = CARTESIAN_POINT('',(4.116496289959,-5.744769772639,40.));
#4559 = VECTOR('',#4560,1.);
#4560 = DIRECTION('',(0.,0.,1.));
#4561 = ADVANCED_FACE('',(#4562),#4580,.T.);
#4562 = FACE_BOUND('',#4563,.T.);
#4563 = EDGE_LOOP('',(#4564,#4565,#4573,#4579));
#4564 = ORIENTED_EDGE('',*,*,#4522,.T.);
#4565 = ORIENTED_EDGE('',*,*,#4566,.T.);
#4566 = EDGE_CURVE('',#4515,#4567,#4569,.T.);
#4567 = VERTEX_POINT('',#4568);
#4568 = CARTESIAN_POINT('',(3.999241246731,-5.413267611255,38.));
#4569 = B_SPLINE_CURVE_WITH_KNOTS('',2,(#4570,#4571,#4572),
  .UNSPECIFIED.,.F.,.F.,(3,3),(0.,1.),.PIECEWISE_BEZIER_KNOTS.);
#4570 = CARTESIAN_POINT('',(3.835381376414,-5.536601544973,38.));
#4571 = CARTESIAN_POINT('',(3.910084186212,-5.460953129987,38.));
#4572 = CARTESIAN_POINT('',(3.999241246731,-5.413267611255,38.));
#4573 = ORIENTED_EDGE('',*,*,#4574,.F.);
#4574 = EDGE_CURVE('',#775,#4567,#4575,.T.);
#4575 = LINE('',#4576,#4577);
#4576 = CARTESIAN_POINT('',(3.999241246731,-5.413267611255,40.));
#4577 = VECTOR('',#4578,1.);
#4578 = DIRECTION('',(-0.,-0.,-1.));
#4579 = ORIENTED_EDGE('',*,*,#774,.F.);
#4580 = SURFACE_OF_LINEAR_EXTRUSION('',#4581,#4585);
#4581 = B_SPLINE_CURVE_WITH_KNOTS('',2,(#4582,#4583,#4584),
  .UNSPECIFIED.,.F.,.F.,(3,3),(0.,1.),.PIECEWISE_BEZIER_KNOTS.);
#4582 = CARTESIAN_POINT('',(3.835381376414,-5.536601544973,40.));
#4583 = CARTESIAN_POINT('',(3.910084186212,-5.460953129987,40.));
#4584 = CARTESIAN_POINT('',(3.999241246731,-5.413267611255,40.));
#4585 = VECTOR('',#4586,1.);
#4586 = DIRECTION('',(0.,0.,1.));
#4587 = ADVANCED_FACE('',(#4588),#4606,.T.);
#4588 = FACE_BOUND('',#4589,.T.);
#4589 = EDGE_LOOP('',(#4590,#4598,#4604,#4605));
#4590 = ORIENTED_EDGE('',*,*,#4591,.T.);
#4591 = EDGE_CURVE('',#855,#4592,#4594,.T.);
#4592 = VERTEX_POINT('',#4593);
#4593 = CARTESIAN_POINT('',(4.524187212149,-5.820553274079,38.));
#4594 = LINE('',#4595,#4596);
#4595 = CARTESIAN_POINT('',(4.524187212149,-5.820553274079,40.));
#4596 = VECTOR('',#4597,1.);
#4597 = DIRECTION('',(-0.,-0.,-1.));
#4598 = ORIENTED_EDGE('',*,*,#4599,.T.);
#4599 = EDGE_CURVE('',#4592,#4540,#4600,.T.);
#4600 = B_SPLINE_CURVE_WITH_KNOTS('',2,(#4601,#4602,#4603),
  .UNSPECIFIED.,.F.,.F.,(3,3),(0.,1.),.PIECEWISE_BEZIER_KNOTS.);
#4601 = CARTESIAN_POINT('',(4.524187212149,-5.820553274079,38.));
#4602 = CARTESIAN_POINT('',(4.43503015163,-5.717752481572,38.));
#4603 = CARTESIAN_POINT('',(4.262930007538,-5.717752481572,38.));
#4604 = ORIENTED_EDGE('',*,*,#4539,.F.);
#4605 = ORIENTED_EDGE('',*,*,#862,.F.);
#4606 = SURFACE_OF_LINEAR_EXTRUSION('',#4607,#4611);
#4607 = B_SPLINE_CURVE_WITH_KNOTS('',2,(#4608,#4609,#4610),
  .UNSPECIFIED.,.F.,.F.,(3,3),(0.,1.),.PIECEWISE_BEZIER_KNOTS.);
#4608 = CARTESIAN_POINT('',(4.524187212149,-5.820553274079,40.));
#4609 = CARTESIAN_POINT('',(4.43503015163,-5.717752481572,40.));
#4610 = CARTESIAN_POINT('',(4.262930007538,-5.717752481572,40.));
#4611 = VECTOR('',#4612,1.);
#4612 = DIRECTION('',(0.,0.,1.));
#4613 = ADVANCED_FACE('',(#4614),#4632,.T.);
#4614 = FACE_BOUND('',#4615,.T.);
#4615 = EDGE_LOOP('',(#4616,#4617,#4625,#4631));
#4616 = ORIENTED_EDGE('',*,*,#4574,.T.);
#4617 = ORIENTED_EDGE('',*,*,#4618,.T.);
#4618 = EDGE_CURVE('',#4567,#4619,#4621,.T.);
#4619 = VERTEX_POINT('',#4620);
#4620 = CARTESIAN_POINT('',(4.189172802927,-5.342887568028,38.));
#4621 = B_SPLINE_CURVE_WITH_KNOTS('',2,(#4622,#4623,#4624),
  .UNSPECIFIED.,.F.,.F.,(3,3),(0.,1.),.PIECEWISE_BEZIER_KNOTS.);
#4622 = CARTESIAN_POINT('',(3.999241246731,-5.413267611255,38.));
#4623 = CARTESIAN_POINT('',(4.088533393705,-5.365582092523,38.));
#4624 = CARTESIAN_POINT('',(4.189172802927,-5.342887568028,38.));
#4625 = ORIENTED_EDGE('',*,*,#4626,.F.);
#4626 = EDGE_CURVE('',#783,#4619,#4627,.T.);
#4627 = LINE('',#4628,#4629);
#4628 = CARTESIAN_POINT('',(4.189172802927,-5.342887568028,40.));
#4629 = VECTOR('',#4630,1.);
#4630 = DIRECTION('',(-0.,-0.,-1.));
#4631 = ORIENTED_EDGE('',*,*,#782,.F.);
#4632 = SURFACE_OF_LINEAR_EXTRUSION('',#4633,#4637);
#4633 = B_SPLINE_CURVE_WITH_KNOTS('',2,(#4634,#4635,#4636),
  .UNSPECIFIED.,.F.,.F.,(3,3),(0.,1.),.PIECEWISE_BEZIER_KNOTS.);
#4634 = CARTESIAN_POINT('',(3.999241246731,-5.413267611255,40.));
#4635 = CARTESIAN_POINT('',(4.088533393705,-5.365582092523,40.));
#4636 = CARTESIAN_POINT('',(4.189172802927,-5.342887568028,40.));
#4637 = VECTOR('',#4638,1.);
#4638 = DIRECTION('',(0.,0.,1.));
#4639 = ADVANCED_FACE('',(#4640),#4658,.T.);
#4640 = FACE_BOUND('',#4641,.T.);
#4641 = EDGE_LOOP('',(#4642,#4650,#4656,#4657));
#4642 = ORIENTED_EDGE('',*,*,#4643,.T.);
#4643 = EDGE_CURVE('',#847,#4644,#4646,.T.);
#4644 = VERTEX_POINT('',#4645);
#4645 = CARTESIAN_POINT('',(4.613479359123,-6.126524095405,38.));
#4646 = LINE('',#4647,#4648);
#4647 = CARTESIAN_POINT('',(4.613479359123,-6.126524095405,40.));
#4648 = VECTOR('',#4649,1.);
#4649 = DIRECTION('',(-0.,-0.,-1.));
#4650 = ORIENTED_EDGE('',*,*,#4651,.T.);
#4651 = EDGE_CURVE('',#4644,#4592,#4652,.T.);
#4652 = B_SPLINE_CURVE_WITH_KNOTS('',2,(#4653,#4654,#4655),
  .UNSPECIFIED.,.F.,.F.,(3,3),(0.,1.),.PIECEWISE_BEZIER_KNOTS.);
#4653 = CARTESIAN_POINT('',(4.613479359123,-6.126524095405,38.));
#4654 = CARTESIAN_POINT('',(4.613479359123,-5.923218980131,38.));
#4655 = CARTESIAN_POINT('',(4.524187212149,-5.820553274079,38.));
#4656 = ORIENTED_EDGE('',*,*,#4591,.F.);
#4657 = ORIENTED_EDGE('',*,*,#854,.F.);
#4658 = SURFACE_OF_LINEAR_EXTRUSION('',#4659,#4663);
#4659 = B_SPLINE_CURVE_WITH_KNOTS('',2,(#4660,#4661,#4662),
  .UNSPECIFIED.,.F.,.F.,(3,3),(0.,1.),.PIECEWISE_BEZIER_KNOTS.);
#4660 = CARTESIAN_POINT('',(4.613479359123,-6.126524095405,40.));
#4661 = CARTESIAN_POINT('',(4.613479359123,-5.923218980131,40.));
#4662 = CARTESIAN_POINT('',(4.524187212149,-5.820553274079,40.));
#4663 = VECTOR('',#4664,1.);
#4664 = DIRECTION('',(0.,0.,1.));
#4665 = ADVANCED_FACE('',(#4666),#4684,.T.);
#4666 = FACE_BOUND('',#4667,.T.);
#4667 = EDGE_LOOP('',(#4668,#4669,#4677,#4683));
#4668 = ORIENTED_EDGE('',*,*,#4626,.T.);
#4669 = ORIENTED_EDGE('',*,*,#4670,.T.);
#4670 = EDGE_CURVE('',#4619,#4671,#4673,.T.);
#4671 = VERTEX_POINT('',#4672);
#4672 = CARTESIAN_POINT('',(4.391532313013,-5.320057957077,38.));
#4673 = B_SPLINE_CURVE_WITH_KNOTS('',2,(#4674,#4675,#4676),
  .UNSPECIFIED.,.F.,.F.,(3,3),(0.,1.),.PIECEWISE_BEZIER_KNOTS.);
#4674 = CARTESIAN_POINT('',(4.189172802927,-5.342887568028,38.));
#4675 = CARTESIAN_POINT('',(4.289812212149,-5.320057957077,38.));
#4676 = CARTESIAN_POINT('',(4.391532313013,-5.320057957077,38.));
#4677 = ORIENTED_EDGE('',*,*,#4678,.F.);
#4678 = EDGE_CURVE('',#791,#4671,#4679,.T.);
#4679 = LINE('',#4680,#4681);
#4680 = CARTESIAN_POINT('',(4.391532313013,-5.320057957077,40.));
#4681 = VECTOR('',#4682,1.);
#4682 = DIRECTION('',(-0.,-0.,-1.));
#4683 = ORIENTED_EDGE('',*,*,#790,.F.);
#4684 = SURFACE_OF_LINEAR_EXTRUSION('',#4685,#4689);
#4685 = B_SPLINE_CURVE_WITH_KNOTS('',2,(#4686,#4687,#4688),
  .UNSPECIFIED.,.F.,.F.,(3,3),(0.,1.),.PIECEWISE_BEZIER_KNOTS.);
#4686 = CARTESIAN_POINT('',(4.189172802927,-5.342887568028,40.));
#4687 = CARTESIAN_POINT('',(4.289812212149,-5.320057957077,40.));
#4688 = CARTESIAN_POINT('',(4.391532313013,-5.320057957077,40.));
#4689 = VECTOR('',#4690,1.);
#4690 = DIRECTION('',(0.,0.,1.));
#4691 = ADVANCED_FACE('',(#4692),#4710,.T.);
#4692 = FACE_BOUND('',#4693,.T.);
#4693 = EDGE_LOOP('',(#4694,#4702,#4708,#4709));
#4694 = ORIENTED_EDGE('',*,*,#4695,.T.);
#4695 = EDGE_CURVE('',#839,#4696,#4698,.T.);
#4696 = VERTEX_POINT('',#4697);
#4697 = CARTESIAN_POINT('',(4.613479359123,-7.481441242379,38.));
#4698 = LINE('',#4699,#4700);
#4699 = CARTESIAN_POINT('',(4.613479359123,-7.481441242379,40.));
#4700 = VECTOR('',#4701,1.);
#4701 = DIRECTION('',(-0.,-0.,-1.));
#4702 = ORIENTED_EDGE('',*,*,#4703,.T.);
#4703 = EDGE_CURVE('',#4696,#4644,#4704,.T.);
#4704 = LINE('',#4705,#4706);
#4705 = CARTESIAN_POINT('',(4.613479359123,-7.481441242379,38.));
#4706 = VECTOR('',#4707,1.);
#4707 = DIRECTION('',(0.,1.,0.));
#4708 = ORIENTED_EDGE('',*,*,#4643,.F.);
#4709 = ORIENTED_EDGE('',*,*,#846,.F.);
#4710 = PLANE('',#4711);
#4711 = AXIS2_PLACEMENT_3D('',#4712,#4713,#4714);
#4712 = CARTESIAN_POINT('',(4.613479359123,-7.481441242379,40.));
#4713 = DIRECTION('',(1.,0.,0.));
#4714 = DIRECTION('',(0.,1.,0.));
#4715 = ADVANCED_FACE('',(#4716),#4734,.T.);
#4716 = FACE_BOUND('',#4717,.T.);
#4717 = EDGE_LOOP('',(#4718,#4719,#4727,#4733));
#4718 = ORIENTED_EDGE('',*,*,#4678,.T.);
#4719 = ORIENTED_EDGE('',*,*,#4720,.T.);
#4720 = EDGE_CURVE('',#4671,#4721,#4723,.T.);
#4721 = VERTEX_POINT('',#4722);
#4722 = CARTESIAN_POINT('',(4.704797802927,-5.373957452754,38.));
#4723 = B_SPLINE_CURVE_WITH_KNOTS('',2,(#4724,#4725,#4726),
  .UNSPECIFIED.,.F.,.F.,(3,3),(0.,1.),.PIECEWISE_BEZIER_KNOTS.);
#4724 = CARTESIAN_POINT('',(4.391532313013,-5.320057957077,38.));
#4725 = CARTESIAN_POINT('',(4.567820137221,-5.320057957077,38.));
#4726 = CARTESIAN_POINT('',(4.704797802927,-5.373957452754,38.));
#4727 = ORIENTED_EDGE('',*,*,#4728,.F.);
#4728 = EDGE_CURVE('',#799,#4721,#4729,.T.);
#4729 = LINE('',#4730,#4731);
#4730 = CARTESIAN_POINT('',(4.704797802927,-5.373957452754,40.));
#4731 = VECTOR('',#4732,1.);
#4732 = DIRECTION('',(-0.,-0.,-1.));
#4733 = ORIENTED_EDGE('',*,*,#798,.F.);
#4734 = SURFACE_OF_LINEAR_EXTRUSION('',#4735,#4739);
#4735 = B_SPLINE_CURVE_WITH_KNOTS('',2,(#4736,#4737,#4738),
  .UNSPECIFIED.,.F.,.F.,(3,3),(0.,1.),.PIECEWISE_BEZIER_KNOTS.);
#4736 = CARTESIAN_POINT('',(4.391532313013,-5.320057957077,40.));
#4737 = CARTESIAN_POINT('',(4.567820137221,-5.320057957077,40.));
#4738 = CARTESIAN_POINT('',(4.704797802927,-5.373957452754,40.));
#4739 = VECTOR('',#4740,1.);
#4740 = DIRECTION('',(0.,0.,1.));
#4741 = ADVANCED_FACE('',(#4742),#4760,.T.);
#4742 = FACE_BOUND('',#4743,.T.);
#4743 = EDGE_LOOP('',(#4744,#4752,#4758,#4759));
#4744 = ORIENTED_EDGE('',*,*,#4745,.T.);
#4745 = EDGE_CURVE('',#831,#4746,#4748,.T.);
#4746 = VERTEX_POINT('',#4747);
#4747 = CARTESIAN_POINT('',(5.12599737065,-7.481441242379,38.));
#4748 = LINE('',#4749,#4750);
#4749 = CARTESIAN_POINT('',(5.12599737065,-7.481441242379,40.));
#4750 = VECTOR('',#4751,1.);
#4751 = DIRECTION('',(-0.,-0.,-1.));
#4752 = ORIENTED_EDGE('',*,*,#4753,.T.);
#4753 = EDGE_CURVE('',#4746,#4696,#4754,.T.);
#4754 = LINE('',#4755,#4756);
#4755 = CARTESIAN_POINT('',(5.12599737065,-7.481441242379,38.));
#4756 = VECTOR('',#4757,1.);
#4757 = DIRECTION('',(-1.,0.,0.));
#4758 = ORIENTED_EDGE('',*,*,#4695,.F.);
#4759 = ORIENTED_EDGE('',*,*,#838,.F.);
#4760 = PLANE('',#4761);
#4761 = AXIS2_PLACEMENT_3D('',#4762,#4763,#4764);
#4762 = CARTESIAN_POINT('',(5.12599737065,-7.481441242379,40.));
#4763 = DIRECTION('',(0.,1.,0.));
#4764 = DIRECTION('',(-1.,0.,0.));
#4765 = ADVANCED_FACE('',(#4766),#4784,.T.);
#4766 = FACE_BOUND('',#4767,.T.);
#4767 = EDGE_LOOP('',(#4768,#4769,#4777,#4783));
#4768 = ORIENTED_EDGE('',*,*,#4728,.T.);
#4769 = ORIENTED_EDGE('',*,*,#4770,.T.);
#4770 = EDGE_CURVE('',#4721,#4771,#4773,.T.);
#4771 = VERTEX_POINT('',#4772);
#4772 = CARTESIAN_POINT('',(4.935120209267,-5.531603346126,38.));
#4773 = B_SPLINE_CURVE_WITH_KNOTS('',2,(#4774,#4775,#4776),
  .UNSPECIFIED.,.F.,.F.,(3,3),(0.,1.),.PIECEWISE_BEZIER_KNOTS.);
#4774 = CARTESIAN_POINT('',(4.704797802927,-5.373957452754,38.));
#4775 = CARTESIAN_POINT('',(4.841775468633,-5.427856948431,38.));
#4776 = CARTESIAN_POINT('',(4.935120209267,-5.531603346126,38.));
#4777 = ORIENTED_EDGE('',*,*,#4778,.F.);
#4778 = EDGE_CURVE('',#807,#4771,#4779,.T.);
#4779 = LINE('',#4780,#4781);
#4780 = CARTESIAN_POINT('',(4.935120209267,-5.531603346126,40.));
#4781 = VECTOR('',#4782,1.);
#4782 = DIRECTION('',(-0.,-0.,-1.));
#4783 = ORIENTED_EDGE('',*,*,#806,.F.);
#4784 = SURFACE_OF_LINEAR_EXTRUSION('',#4785,#4789);
#4785 = B_SPLINE_CURVE_WITH_KNOTS('',2,(#4786,#4787,#4788),
  .UNSPECIFIED.,.F.,.F.,(3,3),(0.,1.),.PIECEWISE_BEZIER_KNOTS.);
#4786 = CARTESIAN_POINT('',(4.704797802927,-5.373957452754,40.));
#4787 = CARTESIAN_POINT('',(4.841775468633,-5.427856948431,40.));
#4788 = CARTESIAN_POINT('',(4.935120209267,-5.531603346126,40.));
#4789 = VECTOR('',#4790,1.);
#4790 = DIRECTION('',(0.,0.,1.));
#4791 = ADVANCED_FACE('',(#4792),#4810,.T.);
#4792 = FACE_BOUND('',#4793,.T.);
#4793 = EDGE_LOOP('',(#4794,#4802,#4808,#4809));
#4794 = ORIENTED_EDGE('',*,*,#4795,.T.);
#4795 = EDGE_CURVE('',#823,#4796,#4798,.T.);
#4796 = VERTEX_POINT('',#4797);
#4797 = CARTESIAN_POINT('',(5.12599737065,-6.126929354771,38.));
#4798 = LINE('',#4799,#4800);
#4799 = CARTESIAN_POINT('',(5.12599737065,-6.126929354771,40.));
#4800 = VECTOR('',#4801,1.);
#4801 = DIRECTION('',(-0.,-0.,-1.));
#4802 = ORIENTED_EDGE('',*,*,#4803,.T.);
#4803 = EDGE_CURVE('',#4796,#4746,#4804,.T.);
#4804 = LINE('',#4805,#4806);
#4805 = CARTESIAN_POINT('',(5.12599737065,-6.126929354771,38.));
#4806 = VECTOR('',#4807,1.);
#4807 = DIRECTION('',(0.,-1.,0.));
#4808 = ORIENTED_EDGE('',*,*,#4745,.F.);
#4809 = ORIENTED_EDGE('',*,*,#830,.F.);
#4810 = PLANE('',#4811);
#4811 = AXIS2_PLACEMENT_3D('',#4812,#4813,#4814);
#4812 = CARTESIAN_POINT('',(5.12599737065,-6.126929354771,40.));
#4813 = DIRECTION('',(-1.,0.,0.));
#4814 = DIRECTION('',(0.,-1.,0.));
#4815 = ADVANCED_FACE('',(#4816),#4834,.T.);
#4816 = FACE_BOUND('',#4817,.T.);
#4817 = EDGE_LOOP('',(#4818,#4819,#4827,#4833));
#4818 = ORIENTED_EDGE('',*,*,#4778,.T.);
#4819 = ORIENTED_EDGE('',*,*,#4820,.T.);
#4820 = EDGE_CURVE('',#4771,#4821,#4823,.T.);
#4821 = VERTEX_POINT('',#4822);
#4822 = CARTESIAN_POINT('',(5.077231160276,-5.784755363417,38.));
#4823 = B_SPLINE_CURVE_WITH_KNOTS('',2,(#4824,#4825,#4826),
  .UNSPECIFIED.,.F.,.F.,(3,3),(0.,1.),.PIECEWISE_BEZIER_KNOTS.);
#4824 = CARTESIAN_POINT('',(4.935120209267,-5.531603346126,38.));
#4825 = CARTESIAN_POINT('',(5.028464949901,-5.63534974382,38.));
#4826 = CARTESIAN_POINT('',(5.077231160276,-5.784755363417,38.));
#4827 = ORIENTED_EDGE('',*,*,#4828,.F.);
#4828 = EDGE_CURVE('',#815,#4821,#4829,.T.);
#4829 = LINE('',#4830,#4831);
#4830 = CARTESIAN_POINT('',(5.077231160276,-5.784755363417,40.));
#4831 = VECTOR('',#4832,1.);
#4832 = DIRECTION('',(-0.,-0.,-1.));
#4833 = ORIENTED_EDGE('',*,*,#814,.F.);
#4834 = SURFACE_OF_LINEAR_EXTRUSION('',#4835,#4839);
#4835 = B_SPLINE_CURVE_WITH_KNOTS('',2,(#4836,#4837,#4838),
  .UNSPECIFIED.,.F.,.F.,(3,3),(0.,1.),.PIECEWISE_BEZIER_KNOTS.);
#4836 = CARTESIAN_POINT('',(4.935120209267,-5.531603346126,40.));
#4837 = CARTESIAN_POINT('',(5.028464949901,-5.63534974382,40.));
#4838 = CARTESIAN_POINT('',(5.077231160276,-5.784755363417,40.));
#4839 = VECTOR('',#4840,1.);
#4840 = DIRECTION('',(0.,0.,1.));
#4841 = ADVANCED_FACE('',(#4842),#4853,.T.);
#4842 = FACE_BOUND('',#4843,.T.);
#4843 = EDGE_LOOP('',(#4844,#4845,#4851,#4852));
#4844 = ORIENTED_EDGE('',*,*,#4828,.T.);
#4845 = ORIENTED_EDGE('',*,*,#4846,.T.);
#4846 = EDGE_CURVE('',#4821,#4796,#4847,.T.);
#4847 = B_SPLINE_CURVE_WITH_KNOTS('',2,(#4848,#4849,#4850),
  .UNSPECIFIED.,.F.,.F.,(3,3),(0.,1.),.PIECEWISE_BEZIER_KNOTS.);
#4848 = CARTESIAN_POINT('',(5.077231160276,-5.784755363417,38.));
#4849 = CARTESIAN_POINT('',(5.12599737065,-5.934025896558,38.));
#4850 = CARTESIAN_POINT('',(5.12599737065,-6.126929354771,38.));
#4851 = ORIENTED_EDGE('',*,*,#4795,.F.);
#4852 = ORIENTED_EDGE('',*,*,#822,.F.);
#4853 = SURFACE_OF_LINEAR_EXTRUSION('',#4854,#4858);
#4854 = B_SPLINE_CURVE_WITH_KNOTS('',2,(#4855,#4856,#4857),
  .UNSPECIFIED.,.F.,.F.,(3,3),(0.,1.),.PIECEWISE_BEZIER_KNOTS.);
#4855 = CARTESIAN_POINT('',(5.077231160276,-5.784755363417,40.));
#4856 = CARTESIAN_POINT('',(5.12599737065,-5.934025896558,40.));
#4857 = CARTESIAN_POINT('',(5.12599737065,-6.126929354771,40.));
#4858 = VECTOR('',#4859,1.);
#4859 = DIRECTION('',(0.,0.,1.));
#4860 = ADVANCED_FACE('',(#4861),#4886,.T.);
#4861 = FACE_BOUND('',#4862,.T.);
#4862 = EDGE_LOOP('',(#4863,#4871,#4879,#4885));
#4863 = ORIENTED_EDGE('',*,*,#4864,.T.);
#4864 = EDGE_CURVE('',#967,#4865,#4867,.T.);
#4865 = VERTEX_POINT('',#4866);
#4866 = CARTESIAN_POINT('',(-3.20793133557,2.178692564354,38.));
#4867 = LINE('',#4868,#4869);
#4868 = CARTESIAN_POINT('',(-3.20793133557,2.178692564354,40.));
#4869 = VECTOR('',#4870,1.);
#4870 = DIRECTION('',(-0.,-0.,-1.));
#4871 = ORIENTED_EDGE('',*,*,#4872,.T.);
#4872 = EDGE_CURVE('',#4865,#4873,#4875,.T.);
#4873 = VERTEX_POINT('',#4874);
#4874 = CARTESIAN_POINT('',(-2.353734649691,2.178692564354,38.));
#4875 = LINE('',#4876,#4877);
#4876 = CARTESIAN_POINT('',(-3.20793133557,2.178692564354,38.));
#4877 = VECTOR('',#4878,1.);
#4878 = DIRECTION('',(1.,0.,0.));
#4879 = ORIENTED_EDGE('',*,*,#4880,.F.);
#4880 = EDGE_CURVE('',#969,#4873,#4881,.T.);
#4881 = LINE('',#4882,#4883);
#4882 = CARTESIAN_POINT('',(-2.353734649691,2.178692564354,40.));
#4883 = VECTOR('',#4884,1.);
#4884 = DIRECTION('',(-0.,-0.,-1.));
#4885 = ORIENTED_EDGE('',*,*,#966,.F.);
#4886 = PLANE('',#4887);
#4887 = AXIS2_PLACEMENT_3D('',#4888,#4889,#4890);
#4888 = CARTESIAN_POINT('',(-3.20793133557,2.178692564354,40.));
#4889 = DIRECTION('',(0.,-1.,0.));
#4890 = DIRECTION('',(1.,0.,0.));
#4891 = ADVANCED_FACE('',(#4892),#4910,.T.);
#4892 = FACE_BOUND('',#4893,.T.);
#4893 = EDGE_LOOP('',(#4894,#4902,#4908,#4909));
#4894 = ORIENTED_EDGE('',*,*,#4895,.T.);
#4895 = EDGE_CURVE('',#985,#4896,#4898,.T.);
#4896 = VERTEX_POINT('',#4897);
#4897 = CARTESIAN_POINT('',(-3.20793133557,-1.365976023542,38.));
#4898 = LINE('',#4899,#4900);
#4899 = CARTESIAN_POINT('',(-3.20793133557,-1.365976023542,40.));
#4900 = VECTOR('',#4901,1.);
#4901 = DIRECTION('',(-0.,-0.,-1.));
#4902 = ORIENTED_EDGE('',*,*,#4903,.T.);
#4903 = EDGE_CURVE('',#4896,#4865,#4904,.T.);
#4904 = LINE('',#4905,#4906);
#4905 = CARTESIAN_POINT('',(-3.20793133557,-1.365976023542,38.));
#4906 = VECTOR('',#4907,1.);
#4907 = DIRECTION('',(0.,1.,0.));
#4908 = ORIENTED_EDGE('',*,*,#4864,.F.);
#4909 = ORIENTED_EDGE('',*,*,#992,.F.);
#4910 = PLANE('',#4911);
#4911 = AXIS2_PLACEMENT_3D('',#4912,#4913,#4914);
#4912 = CARTESIAN_POINT('',(-3.20793133557,-1.365976023542,40.));
#4913 = DIRECTION('',(1.,0.,0.));
#4914 = DIRECTION('',(-0.,1.,0.));
#4915 = ADVANCED_FACE('',(#4916),#4934,.T.);
#4916 = FACE_BOUND('',#4917,.T.);
#4917 = EDGE_LOOP('',(#4918,#4926,#4932,#4933));
#4918 = ORIENTED_EDGE('',*,*,#4919,.T.);
#4919 = EDGE_CURVE('',#977,#4920,#4922,.T.);
#4920 = VERTEX_POINT('',#4921);
#4921 = CARTESIAN_POINT('',(-2.353734649691,-1.365976023542,38.));
#4922 = LINE('',#4923,#4924);
#4923 = CARTESIAN_POINT('',(-2.353734649691,-1.365976023542,40.));
#4924 = VECTOR('',#4925,1.);
#4925 = DIRECTION('',(-0.,-0.,-1.));
#4926 = ORIENTED_EDGE('',*,*,#4927,.T.);
#4927 = EDGE_CURVE('',#4920,#4896,#4928,.T.);
#4928 = LINE('',#4929,#4930);
#4929 = CARTESIAN_POINT('',(-2.353734649691,-1.365976023542,38.));
#4930 = VECTOR('',#4931,1.);
#4931 = DIRECTION('',(-1.,0.,0.));
#4932 = ORIENTED_EDGE('',*,*,#4895,.F.);
#4933 = ORIENTED_EDGE('',*,*,#984,.F.);
#4934 = PLANE('',#4935);
#4935 = AXIS2_PLACEMENT_3D('',#4936,#4937,#4938);
#4936 = CARTESIAN_POINT('',(-2.353734649691,-1.365976023542,40.));
#4937 = DIRECTION('',(0.,1.,0.));
#4938 = DIRECTION('',(-1.,0.,0.));
#4939 = ADVANCED_FACE('',(#4940),#4951,.T.);
#4940 = FACE_BOUND('',#4941,.T.);
#4941 = EDGE_LOOP('',(#4942,#4943,#4949,#4950));
#4942 = ORIENTED_EDGE('',*,*,#4880,.T.);
#4943 = ORIENTED_EDGE('',*,*,#4944,.T.);
#4944 = EDGE_CURVE('',#4873,#4920,#4945,.T.);
#4945 = LINE('',#4946,#4947);
#4946 = CARTESIAN_POINT('',(-2.353734649691,2.178692564354,38.));
#4947 = VECTOR('',#4948,1.);
#4948 = DIRECTION('',(0.,-1.,0.));
#4949 = ORIENTED_EDGE('',*,*,#4919,.F.);
#4950 = ORIENTED_EDGE('',*,*,#976,.F.);
#4951 = PLANE('',#4952);
#4952 = AXIS2_PLACEMENT_3D('',#4953,#4954,#4955);
#4953 = CARTESIAN_POINT('',(-2.353734649691,2.178692564354,40.));
#4954 = DIRECTION('',(-1.,0.,0.));
#4955 = DIRECTION('',(0.,-1.,0.));
#4956 = ADVANCED_FACE('',(#4957),#4982,.T.);
#4957 = FACE_BOUND('',#4958,.T.);
#4958 = EDGE_LOOP('',(#4959,#4967,#4975,#4981));
#4959 = ORIENTED_EDGE('',*,*,#4960,.T.);
#4960 = EDGE_CURVE('',#1001,#4961,#4963,.T.);
#4961 = VERTEX_POINT('',#4962);
#4962 = CARTESIAN_POINT('',(0.909728967024,1.797073328043,38.));
#4963 = LINE('',#4964,#4965);
#4964 = CARTESIAN_POINT('',(0.909728967024,1.797073328043,40.));
#4965 = VECTOR('',#4966,1.);
#4966 = DIRECTION('',(-0.,-0.,-1.));
#4967 = ORIENTED_EDGE('',*,*,#4968,.T.);
#4968 = EDGE_CURVE('',#4961,#4969,#4971,.T.);
#4969 = VERTEX_POINT('',#4970);
#4970 = CARTESIAN_POINT('',(0.716105047716,1.492003083086,38.));
#4971 = LINE('',#4972,#4973);
#4972 = CARTESIAN_POINT('',(0.909728967024,1.797073328043,38.));
#4973 = VECTOR('',#4974,1.);
#4974 = DIRECTION('',(-0.535867150975,-0.844302313455,0.));
#4975 = ORIENTED_EDGE('',*,*,#4976,.F.);
#4976 = EDGE_CURVE('',#1003,#4969,#4977,.T.);
#4977 = LINE('',#4978,#4979);
#4978 = CARTESIAN_POINT('',(0.716105047716,1.492003083086,40.));
#4979 = VECTOR('',#4980,1.);
#4980 = DIRECTION('',(-0.,-0.,-1.));
#4981 = ORIENTED_EDGE('',*,*,#1000,.F.);
#4982 = PLANE('',#4983);
#4983 = AXIS2_PLACEMENT_3D('',#4984,#4985,#4986);
#4984 = CARTESIAN_POINT('',(0.909728967024,1.797073328043,40.));
#4985 = DIRECTION('',(-0.844302313455,0.535867150975,0.));
#4986 = DIRECTION('',(-0.535867150975,-0.844302313455,0.));
#4987 = ADVANCED_FACE('',(#4988),#5006,.T.);
#4988 = FACE_BOUND('',#4989,.T.);
#4989 = EDGE_LOOP('',(#4990,#4998,#5004,#5005));
#4990 = ORIENTED_EDGE('',*,*,#4991,.T.);
#4991 = EDGE_CURVE('',#1387,#4992,#4994,.T.);
#4992 = VERTEX_POINT('',#4993);
#4993 = CARTESIAN_POINT('',(0.40810792956,2.115201930348,38.));
#4994 = LINE('',#4995,#4996);
#4995 = CARTESIAN_POINT('',(0.40810792956,2.115201930348,40.));
#4996 = VECTOR('',#4997,1.);
#4997 = DIRECTION('',(-0.,-0.,-1.));
#4998 = ORIENTED_EDGE('',*,*,#4999,.T.);
#4999 = EDGE_CURVE('',#4992,#4961,#5000,.T.);
#5000 = B_SPLINE_CURVE_WITH_KNOTS('',2,(#5001,#5002,#5003),
  .UNSPECIFIED.,.F.,.F.,(3,3),(0.,1.),.PIECEWISE_BEZIER_KNOTS.);
#5001 = CARTESIAN_POINT('',(0.40810792956,2.115201930348,38.));
#5002 = CARTESIAN_POINT('',(0.709125580857,1.994299552827,38.));
#5003 = CARTESIAN_POINT('',(0.909728967024,1.797073328043,38.));
#5004 = ORIENTED_EDGE('',*,*,#4960,.F.);
#5005 = ORIENTED_EDGE('',*,*,#1394,.F.);
#5006 = SURFACE_OF_LINEAR_EXTRUSION('',#5007,#5011);
#5007 = B_SPLINE_CURVE_WITH_KNOTS('',2,(#5008,#5009,#5010),
  .UNSPECIFIED.,.F.,.F.,(3,3),(0.,1.),.PIECEWISE_BEZIER_KNOTS.);
#5008 = CARTESIAN_POINT('',(0.40810792956,2.115201930348,40.));
#5009 = CARTESIAN_POINT('',(0.709125580857,1.994299552827,40.));
#5010 = CARTESIAN_POINT('',(0.909728967024,1.797073328043,40.));
#5011 = VECTOR('',#5012,1.);
#5012 = DIRECTION('',(0.,0.,1.));
#5013 = ADVANCED_FACE('',(#5014),#5032,.T.);
#5014 = FACE_BOUND('',#5015,.T.);
#5015 = EDGE_LOOP('',(#5016,#5024,#5030,#5031));
#5016 = ORIENTED_EDGE('',*,*,#5017,.T.);
#5017 = EDGE_CURVE('',#1379,#5018,#5020,.T.);
#5018 = VERTEX_POINT('',#5019);
#5019 = CARTESIAN_POINT('',(-0.259219159777,2.236329451962,38.));
#5020 = LINE('',#5021,#5022);
#5021 = CARTESIAN_POINT('',(-0.259219159777,2.236329451962,40.));
#5022 = VECTOR('',#5023,1.);
#5023 = DIRECTION('',(-0.,-0.,-1.));
#5024 = ORIENTED_EDGE('',*,*,#5025,.T.);
#5025 = EDGE_CURVE('',#5018,#4992,#5026,.T.);
#5026 = B_SPLINE_CURVE_WITH_KNOTS('',2,(#5027,#5028,#5029),
  .UNSPECIFIED.,.F.,.F.,(3,3),(0.,1.),.PIECEWISE_BEZIER_KNOTS.);
#5027 = CARTESIAN_POINT('',(-0.259219159777,2.236329451962,38.));
#5028 = CARTESIAN_POINT('',(0.107315422355,2.236329451962,38.));
#5029 = CARTESIAN_POINT('',(0.40810792956,2.115201930348,38.));
#5030 = ORIENTED_EDGE('',*,*,#4991,.F.);
#5031 = ORIENTED_EDGE('',*,*,#1386,.F.);
#5032 = SURFACE_OF_LINEAR_EXTRUSION('',#5033,#5037);
#5033 = B_SPLINE_CURVE_WITH_KNOTS('',2,(#5034,#5035,#5036),
  .UNSPECIFIED.,.F.,.F.,(3,3),(0.,1.),.PIECEWISE_BEZIER_KNOTS.);
#5034 = CARTESIAN_POINT('',(-0.259219159777,2.236329451962,40.));
#5035 = CARTESIAN_POINT('',(0.107315422355,2.236329451962,40.));
#5036 = CARTESIAN_POINT('',(0.40810792956,2.115201930348,40.));
#5037 = VECTOR('',#5038,1.);
#5038 = DIRECTION('',(0.,0.,1.));
#5039 = ADVANCED_FACE('',(#5040),#5058,.T.);
#5040 = FACE_BOUND('',#5041,.T.);
#5041 = EDGE_LOOP('',(#5042,#5050,#5056,#5057));
#5042 = ORIENTED_EDGE('',*,*,#5043,.T.);
#5043 = EDGE_CURVE('',#1371,#5044,#5046,.T.);
#5044 = VERTEX_POINT('',#5045);
#5045 = CARTESIAN_POINT('',(-0.838514909057,2.148298111905,38.));
#5046 = LINE('',#5047,#5048);
#5047 = CARTESIAN_POINT('',(-0.838514909057,2.148298111905,40.));
#5048 = VECTOR('',#5049,1.);
#5049 = DIRECTION('',(-0.,-0.,-1.));
#5050 = ORIENTED_EDGE('',*,*,#5051,.T.);
#5051 = EDGE_CURVE('',#5044,#5018,#5052,.T.);
#5052 = B_SPLINE_CURVE_WITH_KNOTS('',2,(#5053,#5054,#5055),
  .UNSPECIFIED.,.F.,.F.,(3,3),(0.,1.),.PIECEWISE_BEZIER_KNOTS.);
#5053 = CARTESIAN_POINT('',(-0.838514909057,2.148298111905,38.));
#5054 = CARTESIAN_POINT('',(-0.587704390325,2.236329451962,38.));
#5055 = CARTESIAN_POINT('',(-0.259219159777,2.236329451962,38.));
#5056 = ORIENTED_EDGE('',*,*,#5017,.F.);
#5057 = ORIENTED_EDGE('',*,*,#1378,.F.);
#5058 = SURFACE_OF_LINEAR_EXTRUSION('',#5059,#5063);
#5059 = B_SPLINE_CURVE_WITH_KNOTS('',2,(#5060,#5061,#5062),
  .UNSPECIFIED.,.F.,.F.,(3,3),(0.,1.),.PIECEWISE_BEZIER_KNOTS.);
#5060 = CARTESIAN_POINT('',(-0.838514909057,2.148298111905,40.));
#5061 = CARTESIAN_POINT('',(-0.587704390325,2.236329451962,40.));
#5062 = CARTESIAN_POINT('',(-0.259219159777,2.236329451962,40.));
#5063 = VECTOR('',#5064,1.);
#5064 = DIRECTION('',(0.,0.,1.));
#5065 = ADVANCED_FACE('',(#5066),#5084,.T.);
#5066 = FACE_BOUND('',#5067,.T.);
#5067 = EDGE_LOOP('',(#5068,#5076,#5082,#5083));
#5068 = ORIENTED_EDGE('',*,*,#5069,.T.);
#5069 = EDGE_CURVE('',#1363,#5070,#5072,.T.);
#5070 = VERTEX_POINT('',#5071);
#5071 = CARTESIAN_POINT('',(-1.2568326324,1.91347282372,38.));
#5072 = LINE('',#5073,#5074);
#5073 = CARTESIAN_POINT('',(-1.2568326324,1.91347282372,40.));
#5074 = VECTOR('',#5075,1.);
#5075 = DIRECTION('',(-0.,-0.,-1.));
#5076 = ORIENTED_EDGE('',*,*,#5077,.T.);
#5077 = EDGE_CURVE('',#5070,#5044,#5078,.T.);
#5078 = B_SPLINE_CURVE_WITH_KNOTS('',2,(#5079,#5080,#5081),
  .UNSPECIFIED.,.F.,.F.,(3,3),(0.,1.),.PIECEWISE_BEZIER_KNOTS.);
#5079 = CARTESIAN_POINT('',(-1.2568326324,1.91347282372,38.));
#5080 = CARTESIAN_POINT('',(-1.089100283696,2.060266771847,38.));
#5081 = CARTESIAN_POINT('',(-0.838514909057,2.148298111905,38.));
#5082 = ORIENTED_EDGE('',*,*,#5043,.F.);
#5083 = ORIENTED_EDGE('',*,*,#1370,.F.);
#5084 = SURFACE_OF_LINEAR_EXTRUSION('',#5085,#5089);
#5085 = B_SPLINE_CURVE_WITH_KNOTS('',2,(#5086,#5087,#5088),
  .UNSPECIFIED.,.F.,.F.,(3,3),(0.,1.),.PIECEWISE_BEZIER_KNOTS.);
#5086 = CARTESIAN_POINT('',(-1.2568326324,1.91347282372,40.));
#5087 = CARTESIAN_POINT('',(-1.089100283696,2.060266771847,40.));
#5088 = CARTESIAN_POINT('',(-0.838514909057,2.148298111905,40.));
#5089 = VECTOR('',#5090,1.);
#5090 = DIRECTION('',(0.,0.,1.));
#5091 = ADVANCED_FACE('',(#5092),#5110,.T.);
#5092 = FACE_BOUND('',#5093,.T.);
#5093 = EDGE_LOOP('',(#5094,#5102,#5108,#5109));
#5094 = ORIENTED_EDGE('',*,*,#5095,.T.);
#5095 = EDGE_CURVE('',#1355,#5096,#5098,.T.);
#5096 = VERTEX_POINT('',#5097);
#5097 = CARTESIAN_POINT('',(-1.511020312515,1.570128083086,38.));
#5098 = LINE('',#5099,#5100);
#5099 = CARTESIAN_POINT('',(-1.511020312515,1.570128083086,40.));
#5100 = VECTOR('',#5101,1.);
#5101 = DIRECTION('',(-0.,-0.,-1.));
#5102 = ORIENTED_EDGE('',*,*,#5103,.T.);
#5103 = EDGE_CURVE('',#5096,#5070,#5104,.T.);
#5104 = B_SPLINE_CURVE_WITH_KNOTS('',2,(#5105,#5106,#5107),
  .UNSPECIFIED.,.F.,.F.,(3,3),(0.,1.),.PIECEWISE_BEZIER_KNOTS.);
#5105 = CARTESIAN_POINT('',(-1.511020312515,1.570128083086,38.));
#5106 = CARTESIAN_POINT('',(-1.424564981103,1.766904019686,38.));
#5107 = CARTESIAN_POINT('',(-1.2568326324,1.91347282372,38.));
#5108 = ORIENTED_EDGE('',*,*,#5069,.F.);
#5109 = ORIENTED_EDGE('',*,*,#1362,.F.);
#5110 = SURFACE_OF_LINEAR_EXTRUSION('',#5111,#5115);
#5111 = B_SPLINE_CURVE_WITH_KNOTS('',2,(#5112,#5113,#5114),
  .UNSPECIFIED.,.F.,.F.,(3,3),(0.,1.),.PIECEWISE_BEZIER_KNOTS.);
#5112 = CARTESIAN_POINT('',(-1.511020312515,1.570128083086,40.));
#5113 = CARTESIAN_POINT('',(-1.424564981103,1.766904019686,40.));
#5114 = CARTESIAN_POINT('',(-1.2568326324,1.91347282372,40.));
#5115 = VECTOR('',#5116,1.);
#5116 = DIRECTION('',(0.,0.,1.));
#5117 = ADVANCED_FACE('',(#5118),#5136,.T.);
#5118 = FACE_BOUND('',#5119,.T.);
#5119 = EDGE_LOOP('',(#5120,#5128,#5134,#5135));
#5120 = ORIENTED_EDGE('',*,*,#5121,.T.);
#5121 = EDGE_CURVE('',#1347,#5122,#5124,.T.);
#5122 = VERTEX_POINT('',#5123);
#5123 = CARTESIAN_POINT('',(-1.597475643927,1.155862953403,38.));
#5124 = LINE('',#5125,#5126);
#5125 = CARTESIAN_POINT('',(-1.597475643927,1.155862953403,40.));
#5126 = VECTOR('',#5127,1.);
#5127 = DIRECTION('',(-0.,-0.,-1.));
#5128 = ORIENTED_EDGE('',*,*,#5129,.T.);
#5129 = EDGE_CURVE('',#5122,#5096,#5130,.T.);
#5130 = B_SPLINE_CURVE_WITH_KNOTS('',2,(#5131,#5132,#5133),
  .UNSPECIFIED.,.F.,.F.,(3,3),(0.,1.),.PIECEWISE_BEZIER_KNOTS.);
#5131 = CARTESIAN_POINT('',(-1.597475643927,1.155862953403,38.));
#5132 = CARTESIAN_POINT('',(-1.597475643927,1.373352146487,38.));
#5133 = CARTESIAN_POINT('',(-1.511020312515,1.570128083086,38.));
#5134 = ORIENTED_EDGE('',*,*,#5095,.F.);
#5135 = ORIENTED_EDGE('',*,*,#1354,.F.);
#5136 = SURFACE_OF_LINEAR_EXTRUSION('',#5137,#5141);
#5137 = B_SPLINE_CURVE_WITH_KNOTS('',2,(#5138,#5139,#5140),
  .UNSPECIFIED.,.F.,.F.,(3,3),(0.,1.),.PIECEWISE_BEZIER_KNOTS.);
#5138 = CARTESIAN_POINT('',(-1.597475643927,1.155862953403,40.));
#5139 = CARTESIAN_POINT('',(-1.597475643927,1.373352146487,40.));
#5140 = CARTESIAN_POINT('',(-1.511020312515,1.570128083086,40.));
#5141 = VECTOR('',#5142,1.);
#5142 = DIRECTION('',(0.,0.,1.));
#5143 = ADVANCED_FACE('',(#5144),#5162,.T.);
#5144 = FACE_BOUND('',#5145,.T.);
#5145 = EDGE_LOOP('',(#5146,#5154,#5160,#5161));
#5146 = ORIENTED_EDGE('',*,*,#5147,.T.);
#5147 = EDGE_CURVE('',#1339,#5148,#5150,.T.);
#5148 = VERTEX_POINT('',#5149);
#5149 = CARTESIAN_POINT('',(-1.523178093495,0.755556757438,38.));
#5150 = LINE('',#5151,#5152);
#5151 = CARTESIAN_POINT('',(-1.523178093495,0.755556757438,40.));
#5152 = VECTOR('',#5153,1.);
#5153 = DIRECTION('',(-0.,-0.,-1.));
#5154 = ORIENTED_EDGE('',*,*,#5155,.T.);
#5155 = EDGE_CURVE('',#5148,#5122,#5156,.T.);
#5156 = B_SPLINE_CURVE_WITH_KNOTS('',2,(#5157,#5158,#5159),
  .UNSPECIFIED.,.F.,.F.,(3,3),(0.,1.),.PIECEWISE_BEZIER_KNOTS.);
#5157 = CARTESIAN_POINT('',(-1.523178093495,0.755556757438,38.));
#5158 = CARTESIAN_POINT('',(-1.597475643927,0.921262809311,38.));
#5159 = CARTESIAN_POINT('',(-1.597475643927,1.155862953403,38.));
#5160 = ORIENTED_EDGE('',*,*,#5121,.F.);
#5161 = ORIENTED_EDGE('',*,*,#1346,.F.);
#5162 = SURFACE_OF_LINEAR_EXTRUSION('',#5163,#5167);
#5163 = B_SPLINE_CURVE_WITH_KNOTS('',2,(#5164,#5165,#5166),
  .UNSPECIFIED.,.F.,.F.,(3,3),(0.,1.),.PIECEWISE_BEZIER_KNOTS.);
#5164 = CARTESIAN_POINT('',(-1.523178093495,0.755556757438,40.));
#5165 = CARTESIAN_POINT('',(-1.597475643927,0.921262809311,40.));
#5166 = CARTESIAN_POINT('',(-1.597475643927,1.155862953403,40.));
#5167 = VECTOR('',#5168,1.);
#5168 = DIRECTION('',(0.,0.,1.));
#5169 = ADVANCED_FACE('',(#5170),#5188,.T.);
#5170 = FACE_BOUND('',#5171,.T.);
#5171 = EDGE_LOOP('',(#5172,#5180,#5186,#5187));
#5172 = ORIENTED_EDGE('',*,*,#5173,.T.);
#5173 = EDGE_CURVE('',#1331,#5174,#5176,.T.);
#5174 = VERTEX_POINT('',#5175);
#5175 = CARTESIAN_POINT('',(-1.326177012803,0.475927794902,38.));
#5176 = LINE('',#5177,#5178);
#5177 = CARTESIAN_POINT('',(-1.326177012803,0.475927794902,40.));
#5178 = VECTOR('',#5179,1.);
#5179 = DIRECTION('',(-0.,-0.,-1.));
#5180 = ORIENTED_EDGE('',*,*,#5181,.T.);
#5181 = EDGE_CURVE('',#5174,#5148,#5182,.T.);
#5182 = B_SPLINE_CURVE_WITH_KNOTS('',2,(#5183,#5184,#5185),
  .UNSPECIFIED.,.F.,.F.,(3,3),(0.,1.),.PIECEWISE_BEZIER_KNOTS.);
#5183 = CARTESIAN_POINT('',(-1.326177012803,0.475927794902,38.));
#5184 = CARTESIAN_POINT('',(-1.448880543062,0.589850705565,38.));
#5185 = CARTESIAN_POINT('',(-1.523178093495,0.755556757438,38.));
#5186 = ORIENTED_EDGE('',*,*,#5147,.F.);
#5187 = ORIENTED_EDGE('',*,*,#1338,.F.);
#5188 = SURFACE_OF_LINEAR_EXTRUSION('',#5189,#5193);
#5189 = B_SPLINE_CURVE_WITH_KNOTS('',2,(#5190,#5191,#5192),
  .UNSPECIFIED.,.F.,.F.,(3,3),(0.,1.),.PIECEWISE_BEZIER_KNOTS.);
#5190 = CARTESIAN_POINT('',(-1.326177012803,0.475927794902,40.));
#5191 = CARTESIAN_POINT('',(-1.448880543062,0.589850705565,40.));
#5192 = CARTESIAN_POINT('',(-1.523178093495,0.755556757438,40.));
#5193 = VECTOR('',#5194,1.);
#5194 = DIRECTION('',(0.,0.,1.));
#5195 = ADVANCED_FACE('',(#5196),#5214,.T.);
#5196 = FACE_BOUND('',#5197,.T.);
#5197 = EDGE_LOOP('',(#5198,#5206,#5212,#5213));
#5198 = ORIENTED_EDGE('',*,*,#5199,.T.);
#5199 = EDGE_CURVE('',#1323,#5200,#5202,.T.);
#5200 = VERTEX_POINT('',#5201);
#5201 = CARTESIAN_POINT('',(-1.04587261799,0.287707333807,38.));
#5202 = LINE('',#5203,#5204);
#5203 = CARTESIAN_POINT('',(-1.04587261799,0.287707333807,40.));
#5204 = VECTOR('',#5205,1.);
#5205 = DIRECTION('',(-0.,-0.,-1.));
#5206 = ORIENTED_EDGE('',*,*,#5207,.T.);
#5207 = EDGE_CURVE('',#5200,#5174,#5208,.T.);
#5208 = B_SPLINE_CURVE_WITH_KNOTS('',2,(#5209,#5210,#5211),
  .UNSPECIFIED.,.F.,.F.,(3,3),(0.,1.),.PIECEWISE_BEZIER_KNOTS.);
#5209 = CARTESIAN_POINT('',(-1.04587261799,0.287707333807,38.));
#5210 = CARTESIAN_POINT('',(-1.203248338451,0.362004884239,38.));
#5211 = CARTESIAN_POINT('',(-1.326177012803,0.475927794902,38.));
#5212 = ORIENTED_EDGE('',*,*,#5173,.F.);
#5213 = ORIENTED_EDGE('',*,*,#1330,.F.);
#5214 = SURFACE_OF_LINEAR_EXTRUSION('',#5215,#5219);
#5215 = B_SPLINE_CURVE_WITH_KNOTS('',2,(#5216,#5217,#5218),
  .UNSPECIFIED.,.F.,.F.,(3,3),(0.,1.),.PIECEWISE_BEZIER_KNOTS.);
#5216 = CARTESIAN_POINT('',(-1.04587261799,0.287707333807,40.));
#5217 = CARTESIAN_POINT('',(-1.203248338451,0.362004884239,40.));
#5218 = CARTESIAN_POINT('',(-1.326177012803,0.475927794902,40.));
#5219 = VECTOR('',#5220,1.);
#5220 = DIRECTION('',(0.,0.,1.));
#5221 = ADVANCED_FACE('',(#5222),#5240,.T.);
#5222 = FACE_BOUND('',#5223,.T.);
#5223 = EDGE_LOOP('',(#5224,#5232,#5238,#5239));
#5224 = ORIENTED_EDGE('',*,*,#5225,.T.);
#5225 = EDGE_CURVE('',#1315,#5226,#5228,.T.);
#5226 = VERTEX_POINT('',#5227);
#5227 = CARTESIAN_POINT('',(-0.724366854302,0.158249480781,38.));
#5228 = LINE('',#5229,#5230);
#5229 = CARTESIAN_POINT('',(-0.724366854302,0.158249480781,40.));
#5230 = VECTOR('',#5231,1.);
#5231 = DIRECTION('',(-0.,-0.,-1.));
#5232 = ORIENTED_EDGE('',*,*,#5233,.T.);
#5233 = EDGE_CURVE('',#5226,#5200,#5234,.T.);
#5234 = B_SPLINE_CURVE_WITH_KNOTS('',2,(#5235,#5236,#5237),
  .UNSPECIFIED.,.F.,.F.,(3,3),(0.,1.),.PIECEWISE_BEZIER_KNOTS.);
#5235 = CARTESIAN_POINT('',(-0.724366854302,0.158249480781,38.));
#5236 = CARTESIAN_POINT('',(-0.888496897529,0.213634927467,38.));
#5237 = CARTESIAN_POINT('',(-1.04587261799,0.287707333807,38.));
#5238 = ORIENTED_EDGE('',*,*,#5199,.F.);
#5239 = ORIENTED_EDGE('',*,*,#1322,.F.);
#5240 = SURFACE_OF_LINEAR_EXTRUSION('',#5241,#5245);
#5241 = B_SPLINE_CURVE_WITH_KNOTS('',2,(#5242,#5243,#5244),
  .UNSPECIFIED.,.F.,.F.,(3,3),(0.,1.),.PIECEWISE_BEZIER_KNOTS.);
#5242 = CARTESIAN_POINT('',(-0.724366854302,0.158249480781,40.));
#5243 = CARTESIAN_POINT('',(-0.888496897529,0.213634927467,40.));
#5244 = CARTESIAN_POINT('',(-1.04587261799,0.287707333807,40.));
#5245 = VECTOR('',#5246,1.);
#5246 = DIRECTION('',(0.,0.,1.));
#5247 = ADVANCED_FACE('',(#5248),#5266,.T.);
#5248 = FACE_BOUND('',#5249,.T.);
#5249 = EDGE_LOOP('',(#5250,#5258,#5264,#5265));
#5250 = ORIENTED_EDGE('',*,*,#5251,.T.);
#5251 = EDGE_CURVE('',#1307,#5252,#5254,.T.);
#5252 = VERTEX_POINT('',#5253);
#5253 = CARTESIAN_POINT('',(-0.402635946521,5.648435109775E-02,38.));
#5254 = LINE('',#5255,#5256);
#5255 = CARTESIAN_POINT('',(-0.402635946521,5.648435109775E-02,40.));
#5256 = VECTOR('',#5257,1.);
#5257 = DIRECTION('',(-0.,-0.,-1.));
#5258 = ORIENTED_EDGE('',*,*,#5259,.T.);
#5259 = EDGE_CURVE('',#5252,#5226,#5260,.T.);
#5260 = B_SPLINE_CURVE_WITH_KNOTS('',2,(#5261,#5262,#5263),
  .UNSPECIFIED.,.F.,.F.,(3,3),(0.,1.),.PIECEWISE_BEZIER_KNOTS.);
#5261 = CARTESIAN_POINT('',(-0.402635946521,5.648435109775E-02,38.));
#5262 = CARTESIAN_POINT('',(-0.560011666982,0.103089178187,38.));
#5263 = CARTESIAN_POINT('',(-0.724366854302,0.158249480781,38.));
#5264 = ORIENTED_EDGE('',*,*,#5225,.F.);
#5265 = ORIENTED_EDGE('',*,*,#1314,.F.);
#5266 = SURFACE_OF_LINEAR_EXTRUSION('',#5267,#5271);
#5267 = B_SPLINE_CURVE_WITH_KNOTS('',2,(#5268,#5269,#5270),
  .UNSPECIFIED.,.F.,.F.,(3,3),(0.,1.),.PIECEWISE_BEZIER_KNOTS.);
#5268 = CARTESIAN_POINT('',(-0.402635946521,5.648435109775E-02,40.));
#5269 = CARTESIAN_POINT('',(-0.560011666982,0.103089178187,40.));
#5270 = CARTESIAN_POINT('',(-0.724366854302,0.158249480781,40.));
#5271 = VECTOR('',#5272,1.);
#5272 = DIRECTION('',(0.,0.,1.));
#5273 = ADVANCED_FACE('',(#5274),#5292,.T.);
#5274 = FACE_BOUND('',#5275,.T.);
#5275 = EDGE_LOOP('',(#5276,#5284,#5290,#5291));
#5276 = ORIENTED_EDGE('',*,*,#5277,.T.);
#5277 = EDGE_CURVE('',#1299,#5278,#5280,.T.);
#5278 = VERTEX_POINT('',#5279);
#5279 = CARTESIAN_POINT('',(-0.1225566958,-4.888308406075E-02,38.));
#5280 = LINE('',#5281,#5282);
#5281 = CARTESIAN_POINT('',(-0.1225566958,-4.888308406075E-02,40.));
#5282 = VECTOR('',#5283,1.);
#5283 = DIRECTION('',(-0.,-0.,-1.));
#5284 = ORIENTED_EDGE('',*,*,#5285,.T.);
#5285 = EDGE_CURVE('',#5278,#5252,#5286,.T.);
#5286 = B_SPLINE_CURVE_WITH_KNOTS('',2,(#5287,#5288,#5289),
  .UNSPECIFIED.,.F.,.F.,(3,3),(0.,1.),.PIECEWISE_BEZIER_KNOTS.);
#5287 = CARTESIAN_POINT('',(-0.1225566958,-4.888308406075E-02,38.));
#5288 = CARTESIAN_POINT('',(-0.24526022606,9.879524008412E-03,38.));
#5289 = CARTESIAN_POINT('',(-0.402635946521,5.648435109775E-02,38.));
#5290 = ORIENTED_EDGE('',*,*,#5251,.F.);
#5291 = ORIENTED_EDGE('',*,*,#1306,.F.);
#5292 = SURFACE_OF_LINEAR_EXTRUSION('',#5293,#5297);
#5293 = B_SPLINE_CURVE_WITH_KNOTS('',2,(#5294,#5295,#5296),
  .UNSPECIFIED.,.F.,.F.,(3,3),(0.,1.),.PIECEWISE_BEZIER_KNOTS.);
#5294 = CARTESIAN_POINT('',(-0.1225566958,-4.888308406075E-02,40.));
#5295 = CARTESIAN_POINT('',(-0.24526022606,9.879524008412E-03,40.));
#5296 = CARTESIAN_POINT('',(-0.402635946521,5.648435109775E-02,40.));
#5297 = VECTOR('',#5298,1.);
#5298 = DIRECTION('',(0.,0.,1.));
#5299 = ADVANCED_FACE('',(#5300),#5318,.T.);
#5300 = FACE_BOUND('',#5301,.T.);
#5301 = EDGE_LOOP('',(#5302,#5310,#5316,#5317));
#5302 = ORIENTED_EDGE('',*,*,#5303,.T.);
#5303 = EDGE_CURVE('',#1291,#5304,#5306,.T.);
#5304 = VERTEX_POINT('',#5305);
#5305 = CARTESIAN_POINT('',(7.444438489147E-02,-0.186896412591,38.));
#5306 = LINE('',#5307,#5308);
#5307 = CARTESIAN_POINT('',(7.444438489147E-02,-0.186896412591,40.));
#5308 = VECTOR('',#5309,1.);
#5309 = DIRECTION('',(-0.,-0.,-1.));
#5310 = ORIENTED_EDGE('',*,*,#5311,.T.);
#5311 = EDGE_CURVE('',#5304,#5278,#5312,.T.);
#5312 = B_SPLINE_CURVE_WITH_KNOTS('',2,(#5313,#5314,#5315),
  .UNSPECIFIED.,.F.,.F.,(3,3),(0.,1.),.PIECEWISE_BEZIER_KNOTS.);
#5313 = CARTESIAN_POINT('',(7.444438489147E-02,-0.186896412591,38.));
#5314 = CARTESIAN_POINT('',(1.468344591959E-04,-0.107420548038,38.));
#5315 = CARTESIAN_POINT('',(-0.1225566958,-4.888308406075E-02,38.));
#5316 = ORIENTED_EDGE('',*,*,#5277,.F.);
#5317 = ORIENTED_EDGE('',*,*,#1298,.F.);
#5318 = SURFACE_OF_LINEAR_EXTRUSION('',#5319,#5323);
#5319 = B_SPLINE_CURVE_WITH_KNOTS('',2,(#5320,#5321,#5322),
  .UNSPECIFIED.,.F.,.F.,(3,3),(0.,1.),.PIECEWISE_BEZIER_KNOTS.);
#5320 = CARTESIAN_POINT('',(7.444438489147E-02,-0.186896412591,40.));
#5321 = CARTESIAN_POINT('',(1.468344591959E-04,-0.107420548038,40.));
#5322 = CARTESIAN_POINT('',(-0.1225566958,-4.888308406075E-02,40.));
#5323 = VECTOR('',#5324,1.);
#5324 = DIRECTION('',(0.,0.,1.));
#5325 = ADVANCED_FACE('',(#5326),#5344,.T.);
#5326 = FACE_BOUND('',#5327,.T.);
#5327 = EDGE_LOOP('',(#5328,#5336,#5342,#5343));
#5328 = ORIENTED_EDGE('',*,*,#5329,.T.);
#5329 = EDGE_CURVE('',#1283,#5330,#5332,.T.);
#5330 = VERTEX_POINT('',#5331);
#5331 = CARTESIAN_POINT('',(0.148967079416,-0.390426671957,38.));
#5332 = LINE('',#5333,#5334);
#5333 = CARTESIAN_POINT('',(0.148967079416,-0.390426671957,40.));
#5334 = VECTOR('',#5335,1.);
#5335 = DIRECTION('',(-0.,-0.,-1.));
#5336 = ORIENTED_EDGE('',*,*,#5337,.T.);
#5337 = EDGE_CURVE('',#5330,#5304,#5338,.T.);
#5338 = B_SPLINE_CURVE_WITH_KNOTS('',2,(#5339,#5340,#5341),
  .UNSPECIFIED.,.F.,.F.,(3,3),(0.,1.),.PIECEWISE_BEZIER_KNOTS.);
#5339 = CARTESIAN_POINT('',(0.148967079416,-0.390426671957,38.));
#5340 = CARTESIAN_POINT('',(0.148967079416,-0.266147133052,38.));
#5341 = CARTESIAN_POINT('',(7.444438489147E-02,-0.186896412591,38.));
#5342 = ORIENTED_EDGE('',*,*,#5303,.F.);
#5343 = ORIENTED_EDGE('',*,*,#1290,.F.);
#5344 = SURFACE_OF_LINEAR_EXTRUSION('',#5345,#5349);
#5345 = B_SPLINE_CURVE_WITH_KNOTS('',2,(#5346,#5347,#5348),
  .UNSPECIFIED.,.F.,.F.,(3,3),(0.,1.),.PIECEWISE_BEZIER_KNOTS.);
#5346 = CARTESIAN_POINT('',(0.148967079416,-0.390426671957,40.));
#5347 = CARTESIAN_POINT('',(0.148967079416,-0.266147133052,40.));
#5348 = CARTESIAN_POINT('',(7.444438489147E-02,-0.186896412591,40.));
#5349 = VECTOR('',#5350,1.);
#5350 = DIRECTION('',(0.,0.,1.));
#5351 = ADVANCED_FACE('',(#5352),#5370,.T.);
#5352 = FACE_BOUND('',#5353,.T.);
#5353 = EDGE_LOOP('',(#5354,#5362,#5368,#5369));
#5354 = ORIENTED_EDGE('',*,*,#5355,.T.);
#5355 = EDGE_CURVE('',#1275,#5356,#5358,.T.);
#5356 = VERTEX_POINT('',#5357);
#5357 = CARTESIAN_POINT('',(0.116096041952,-0.550954409709,38.));
#5358 = LINE('',#5359,#5360);
#5359 = CARTESIAN_POINT('',(0.116096041952,-0.550954409709,40.));
#5360 = VECTOR('',#5361,1.);
#5361 = DIRECTION('',(-0.,-0.,-1.));
#5362 = ORIENTED_EDGE('',*,*,#5363,.T.);
#5363 = EDGE_CURVE('',#5356,#5330,#5364,.T.);
#5364 = B_SPLINE_CURVE_WITH_KNOTS('',2,(#5365,#5366,#5367),
  .UNSPECIFIED.,.F.,.F.,(3,3),(0.,1.),.PIECEWISE_BEZIER_KNOTS.);
#5365 = CARTESIAN_POINT('',(0.116096041952,-0.550954409709,38.));
#5366 = CARTESIAN_POINT('',(0.148967079416,-0.473279697894,38.));
#5367 = CARTESIAN_POINT('',(0.148967079416,-0.390426671957,38.));
#5368 = ORIENTED_EDGE('',*,*,#5329,.F.);
#5369 = ORIENTED_EDGE('',*,*,#1282,.F.);
#5370 = SURFACE_OF_LINEAR_EXTRUSION('',#5371,#5375);
#5371 = B_SPLINE_CURVE_WITH_KNOTS('',2,(#5372,#5373,#5374),
  .UNSPECIFIED.,.F.,.F.,(3,3),(0.,1.),.PIECEWISE_BEZIER_KNOTS.);
#5372 = CARTESIAN_POINT('',(0.116096041952,-0.550954409709,40.));
#5373 = CARTESIAN_POINT('',(0.148967079416,-0.473279697894,40.));
#5374 = CARTESIAN_POINT('',(0.148967079416,-0.390426671957,40.));
#5375 = VECTOR('',#5376,1.);
#5376 = DIRECTION('',(0.,0.,1.));
#5377 = ADVANCED_FACE('',(#5378),#5396,.T.);
#5378 = FACE_BOUND('',#5379,.T.);
#5379 = EDGE_LOOP('',(#5380,#5388,#5394,#5395));
#5380 = ORIENTED_EDGE('',*,*,#5381,.T.);
#5381 = EDGE_CURVE('',#1267,#5382,#5384,.T.);
#5382 = VERTEX_POINT('',#5383);
#5383 = CARTESIAN_POINT('',(1.230461543902E-02,-0.687391729594,38.));
#5384 = LINE('',#5385,#5386);
#5385 = CARTESIAN_POINT('',(1.230461543902E-02,-0.687391729594,40.));
#5386 = VECTOR('',#5387,1.);
#5387 = DIRECTION('',(-0.,-0.,-1.));
#5388 = ORIENTED_EDGE('',*,*,#5389,.T.);
#5389 = EDGE_CURVE('',#5382,#5356,#5390,.T.);
#5390 = B_SPLINE_CURVE_WITH_KNOTS('',2,(#5391,#5392,#5393),
  .UNSPECIFIED.,.F.,.F.,(3,3),(0.,1.),.PIECEWISE_BEZIER_KNOTS.);
#5391 = CARTESIAN_POINT('',(1.230461543902E-02,-0.687391729594,38.));
#5392 = CARTESIAN_POINT('',(8.322500448801E-02,-0.628629121525,38.));
#5393 = CARTESIAN_POINT('',(0.116096041952,-0.550954409709,38.));
#5394 = ORIENTED_EDGE('',*,*,#5355,.F.);
#5395 = ORIENTED_EDGE('',*,*,#1274,.F.);
#5396 = SURFACE_OF_LINEAR_EXTRUSION('',#5397,#5401);
#5397 = B_SPLINE_CURVE_WITH_KNOTS('',2,(#5398,#5399,#5400),
  .UNSPECIFIED.,.F.,.F.,(3,3),(0.,1.),.PIECEWISE_BEZIER_KNOTS.);
#5398 = CARTESIAN_POINT('',(1.230461543902E-02,-0.687391729594,40.));
#5399 = CARTESIAN_POINT('',(8.322500448801E-02,-0.628629121525,40.));
#5400 = CARTESIAN_POINT('',(0.116096041952,-0.550954409709,40.));
#5401 = VECTOR('',#5402,1.);
#5402 = DIRECTION('',(0.,0.,1.));
#5403 = ADVANCED_FACE('',(#5404),#5422,.T.);
#5404 = FACE_BOUND('',#5405,.T.);
#5405 = EDGE_LOOP('',(#5406,#5414,#5420,#5421));
#5406 = ORIENTED_EDGE('',*,*,#5407,.T.);
#5407 = EDGE_CURVE('',#1259,#5408,#5410,.T.);
#5408 = VERTEX_POINT('',#5409);
#5409 = CARTESIAN_POINT('',(-0.167585514244,-0.782177392418,38.));
#5410 = LINE('',#5411,#5412);
#5411 = CARTESIAN_POINT('',(-0.167585514244,-0.782177392418,40.));
#5412 = VECTOR('',#5413,1.);
#5413 = DIRECTION('',(-0.,-0.,-1.));
#5414 = ORIENTED_EDGE('',*,*,#5415,.T.);
#5415 = EDGE_CURVE('',#5408,#5382,#5416,.T.);
#5416 = B_SPLINE_CURVE_WITH_KNOTS('',2,(#5417,#5418,#5419),
  .UNSPECIFIED.,.F.,.F.,(3,3),(0.,1.),.PIECEWISE_BEZIER_KNOTS.);
#5417 = CARTESIAN_POINT('',(-0.167585514244,-0.782177392418,38.));
#5418 = CARTESIAN_POINT('',(-5.861577360997E-02,-0.745929193571,38.));
#5419 = CARTESIAN_POINT('',(1.230461543902E-02,-0.687391729594,38.));
#5420 = ORIENTED_EDGE('',*,*,#5381,.F.);
#5421 = ORIENTED_EDGE('',*,*,#1266,.F.);
#5422 = SURFACE_OF_LINEAR_EXTRUSION('',#5423,#5427);
#5423 = B_SPLINE_CURVE_WITH_KNOTS('',2,(#5424,#5425,#5426),
  .UNSPECIFIED.,.F.,.F.,(3,3),(0.,1.),.PIECEWISE_BEZIER_KNOTS.);
#5424 = CARTESIAN_POINT('',(-0.167585514244,-0.782177392418,40.));
#5425 = CARTESIAN_POINT('',(-5.861577360997E-02,-0.745929193571,40.));
#5426 = CARTESIAN_POINT('',(1.230461543902E-02,-0.687391729594,40.));
#5427 = VECTOR('',#5428,1.);
#5428 = DIRECTION('',(0.,0.,1.));
#5429 = ADVANCED_FACE('',(#5430),#5448,.T.);
#5430 = FACE_BOUND('',#5431,.T.);
#5431 = EDGE_LOOP('',(#5432,#5440,#5446,#5447));
#5432 = ORIENTED_EDGE('',*,*,#5433,.T.);
#5433 = EDGE_CURVE('',#1251,#5434,#5436,.T.);
#5434 = VERTEX_POINT('',#5435);
#5435 = CARTESIAN_POINT('',(-0.428527517126,-0.818425591265,38.));
#5436 = LINE('',#5437,#5438);
#5437 = CARTESIAN_POINT('',(-0.428527517126,-0.818425591265,40.));
#5438 = VECTOR('',#5439,1.);
#5439 = DIRECTION('',(-0.,-0.,-1.));
#5440 = ORIENTED_EDGE('',*,*,#5441,.T.);
#5441 = EDGE_CURVE('',#5434,#5408,#5442,.T.);
#5442 = B_SPLINE_CURVE_WITH_KNOTS('',2,(#5443,#5444,#5445),
  .UNSPECIFIED.,.F.,.F.,(3,3),(0.,1.),.PIECEWISE_BEZIER_KNOTS.);
#5443 = CARTESIAN_POINT('',(-0.428527517126,-0.818425591265,38.));
#5444 = CARTESIAN_POINT('',(-0.276555254878,-0.818425591265,38.));
#5445 = CARTESIAN_POINT('',(-0.167585514244,-0.782177392418,38.));
#5446 = ORIENTED_EDGE('',*,*,#5407,.F.);
#5447 = ORIENTED_EDGE('',*,*,#1258,.F.);
#5448 = SURFACE_OF_LINEAR_EXTRUSION('',#5449,#5453);
#5449 = B_SPLINE_CURVE_WITH_KNOTS('',2,(#5450,#5451,#5452),
  .UNSPECIFIED.,.F.,.F.,(3,3),(0.,1.),.PIECEWISE_BEZIER_KNOTS.);
#5450 = CARTESIAN_POINT('',(-0.428527517126,-0.818425591265,40.));
#5451 = CARTESIAN_POINT('',(-0.276555254878,-0.818425591265,40.));
#5452 = CARTESIAN_POINT('',(-0.167585514244,-0.782177392418,40.));
#5453 = VECTOR('',#5454,1.);
#5454 = DIRECTION('',(0.,0.,1.));
#5455 = ADVANCED_FACE('',(#5456),#5474,.T.);
#5456 = FACE_BOUND('',#5457,.T.);
#5457 = EDGE_LOOP('',(#5458,#5466,#5472,#5473));
#5458 = ORIENTED_EDGE('',*,*,#5459,.T.);
#5459 = EDGE_CURVE('',#1243,#5460,#5462,.T.);
#5460 = VERTEX_POINT('',#5461);
#5461 = CARTESIAN_POINT('',(-0.748682416261,-0.773621916914,38.));
#5462 = LINE('',#5463,#5464);
#5463 = CARTESIAN_POINT('',(-0.748682416261,-0.773621916914,40.));
#5464 = VECTOR('',#5465,1.);
#5465 = DIRECTION('',(-0.,-0.,-1.));
#5466 = ORIENTED_EDGE('',*,*,#5467,.T.);
#5467 = EDGE_CURVE('',#5460,#5434,#5468,.T.);
#5468 = B_SPLINE_CURVE_WITH_KNOTS('',2,(#5469,#5470,#5471),
  .UNSPECIFIED.,.F.,.F.,(3,3),(0.,1.),.PIECEWISE_BEZIER_KNOTS.);
#5469 = CARTESIAN_POINT('',(-0.748682416261,-0.773621916914,38.));
#5470 = CARTESIAN_POINT('',(-0.622376580526,-0.818425591265,38.));
#5471 = CARTESIAN_POINT('',(-0.428527517126,-0.818425591265,38.));
#5472 = ORIENTED_EDGE('',*,*,#5433,.F.);
#5473 = ORIENTED_EDGE('',*,*,#1250,.F.);
#5474 = SURFACE_OF_LINEAR_EXTRUSION('',#5475,#5479);
#5475 = B_SPLINE_CURVE_WITH_KNOTS('',2,(#5476,#5477,#5478),
  .UNSPECIFIED.,.F.,.F.,(3,3),(0.,1.),.PIECEWISE_BEZIER_KNOTS.);
#5476 = CARTESIAN_POINT('',(-0.748682416261,-0.773621916914,40.));
#5477 = CARTESIAN_POINT('',(-0.622376580526,-0.818425591265,40.));
#5478 = CARTESIAN_POINT('',(-0.428527517126,-0.818425591265,40.));
#5479 = VECTOR('',#5480,1.);
#5480 = DIRECTION('',(0.,0.,1.));
#5481 = ADVANCED_FACE('',(#5482),#5500,.T.);
#5482 = FACE_BOUND('',#5483,.T.);
#5483 = EDGE_LOOP('',(#5484,#5492,#5498,#5499));
#5484 = ORIENTED_EDGE('',*,*,#5485,.T.);
#5485 = EDGE_CURVE('',#1235,#5486,#5488,.T.);
#5486 = VERTEX_POINT('',#5487);
#5487 = CARTESIAN_POINT('',(-0.968197906175,-0.67680995726,38.));
#5488 = LINE('',#5489,#5490);
#5489 = CARTESIAN_POINT('',(-0.968197906175,-0.67680995726,40.));
#5490 = VECTOR('',#5491,1.);
#5491 = DIRECTION('',(-0.,-0.,-1.));
#5492 = ORIENTED_EDGE('',*,*,#5493,.T.);
#5493 = EDGE_CURVE('',#5486,#5460,#5494,.T.);
#5494 = B_SPLINE_CURVE_WITH_KNOTS('',2,(#5495,#5496,#5497),
  .UNSPECIFIED.,.F.,.F.,(3,3),(0.,1.),.PIECEWISE_BEZIER_KNOTS.);
#5495 = CARTESIAN_POINT('',(-0.968197906175,-0.67680995726,38.));
#5496 = CARTESIAN_POINT('',(-0.874763107904,-0.72859309847,38.));
#5497 = CARTESIAN_POINT('',(-0.748682416261,-0.773621916914,38.));
#5498 = ORIENTED_EDGE('',*,*,#5459,.F.);
#5499 = ORIENTED_EDGE('',*,*,#1242,.F.);
#5500 = SURFACE_OF_LINEAR_EXTRUSION('',#5501,#5505);
#5501 = B_SPLINE_CURVE_WITH_KNOTS('',2,(#5502,#5503,#5504),
  .UNSPECIFIED.,.F.,.F.,(3,3),(0.,1.),.PIECEWISE_BEZIER_KNOTS.);
#5502 = CARTESIAN_POINT('',(-0.968197906175,-0.67680995726,40.));
#5503 = CARTESIAN_POINT('',(-0.874763107904,-0.72859309847,40.));
#5504 = CARTESIAN_POINT('',(-0.748682416261,-0.773621916914,40.));
#5505 = VECTOR('',#5506,1.);
#5506 = DIRECTION('',(0.,0.,1.));
#5507 = ADVANCED_FACE('',(#5508),#5526,.T.);
#5508 = FACE_BOUND('',#5509,.T.);
#5509 = EDGE_LOOP('',(#5510,#5518,#5524,#5525));
#5510 = ORIENTED_EDGE('',*,*,#5511,.T.);
#5511 = EDGE_CURVE('',#1227,#5512,#5514,.T.);
#5512 = VERTEX_POINT('',#5513);
#5513 = CARTESIAN_POINT('',(-1.132327949402,-0.580223141698,38.));
#5514 = LINE('',#5515,#5516);
#5515 = CARTESIAN_POINT('',(-1.132327949402,-0.580223141698,40.));
#5516 = VECTOR('',#5517,1.);
#5517 = DIRECTION('',(-0.,-0.,-1.));
#5518 = ORIENTED_EDGE('',*,*,#5519,.T.);
#5519 = EDGE_CURVE('',#5512,#5486,#5520,.T.);
#5520 = B_SPLINE_CURVE_WITH_KNOTS('',2,(#5521,#5522,#5523),
  .UNSPECIFIED.,.F.,.F.,(3,3),(0.,1.),.PIECEWISE_BEZIER_KNOTS.);
#5521 = CARTESIAN_POINT('',(-1.132327949402,-0.580223141698,38.));
#5522 = CARTESIAN_POINT('',(-1.061407560353,-0.625026816049,38.));
#5523 = CARTESIAN_POINT('',(-0.968197906175,-0.67680995726,38.));
#5524 = ORIENTED_EDGE('',*,*,#5485,.F.);
#5525 = ORIENTED_EDGE('',*,*,#1234,.F.);
#5526 = SURFACE_OF_LINEAR_EXTRUSION('',#5527,#5531);
#5527 = B_SPLINE_CURVE_WITH_KNOTS('',2,(#5528,#5529,#5530),
  .UNSPECIFIED.,.F.,.F.,(3,3),(0.,1.),.PIECEWISE_BEZIER_KNOTS.);
#5528 = CARTESIAN_POINT('',(-1.132327949402,-0.580223141698,40.));
#5529 = CARTESIAN_POINT('',(-1.061407560353,-0.625026816049,40.));
#5530 = CARTESIAN_POINT('',(-0.968197906175,-0.67680995726,40.));
#5531 = VECTOR('',#5532,1.);
#5532 = DIRECTION('',(0.,0.,1.));
#5533 = ADVANCED_FACE('',(#5534),#5552,.T.);
#5534 = FACE_BOUND('',#5535,.T.);
#5535 = EDGE_LOOP('',(#5536,#5544,#5550,#5551));
#5536 = ORIENTED_EDGE('',*,*,#5537,.T.);
#5537 = EDGE_CURVE('',#1219,#5538,#5540,.T.);
#5538 = VERTEX_POINT('',#5539);
#5539 = CARTESIAN_POINT('',(-1.282724203005,-0.535194323254,38.));
#5540 = LINE('',#5541,#5542);
#5541 = CARTESIAN_POINT('',(-1.282724203005,-0.535194323254,40.));
#5542 = VECTOR('',#5543,1.);
#5543 = DIRECTION('',(-0.,-0.,-1.));
#5544 = ORIENTED_EDGE('',*,*,#5545,.T.);
#5545 = EDGE_CURVE('',#5538,#5512,#5546,.T.);
#5546 = B_SPLINE_CURVE_WITH_KNOTS('',2,(#5547,#5548,#5549),
  .UNSPECIFIED.,.F.,.F.,(3,3),(0.,1.),.PIECEWISE_BEZIER_KNOTS.);
#5547 = CARTESIAN_POINT('',(-1.282724203005,-0.535194323254,38.));
#5548 = CARTESIAN_POINT('',(-1.203248338451,-0.535194323254,38.));
#5549 = CARTESIAN_POINT('',(-1.132327949402,-0.580223141698,38.));
#5550 = ORIENTED_EDGE('',*,*,#5511,.F.);
#5551 = ORIENTED_EDGE('',*,*,#1226,.F.);
#5552 = SURFACE_OF_LINEAR_EXTRUSION('',#5553,#5557);
#5553 = B_SPLINE_CURVE_WITH_KNOTS('',2,(#5554,#5555,#5556),
  .UNSPECIFIED.,.F.,.F.,(3,3),(0.,1.),.PIECEWISE_BEZIER_KNOTS.);
#5554 = CARTESIAN_POINT('',(-1.282724203005,-0.535194323254,40.));
#5555 = CARTESIAN_POINT('',(-1.203248338451,-0.535194323254,40.));
#5556 = CARTESIAN_POINT('',(-1.132327949402,-0.580223141698,40.));
#5557 = VECTOR('',#5558,1.);
#5558 = DIRECTION('',(0.,0.,1.));
#5559 = ADVANCED_FACE('',(#5560),#5578,.T.);
#5560 = FACE_BOUND('',#5561,.T.);
#5561 = EDGE_LOOP('',(#5562,#5570,#5576,#5577));
#5562 = ORIENTED_EDGE('',*,*,#5563,.T.);
#5563 = EDGE_CURVE('',#1211,#5564,#5566,.T.);
#5564 = VERTEX_POINT('',#5565);
#5565 = CARTESIAN_POINT('',(-1.414208352861,-0.566714496164,38.));
#5566 = LINE('',#5567,#5568);
#5567 = CARTESIAN_POINT('',(-1.414208352861,-0.566714496164,40.));
#5568 = VECTOR('',#5569,1.);
#5569 = DIRECTION('',(-0.,-0.,-1.));
#5570 = ORIENTED_EDGE('',*,*,#5571,.T.);
#5571 = EDGE_CURVE('',#5564,#5538,#5572,.T.);
#5572 = B_SPLINE_CURVE_WITH_KNOTS('',2,(#5573,#5574,#5575),
  .UNSPECIFIED.,.F.,.F.,(3,3),(0.,1.),.PIECEWISE_BEZIER_KNOTS.);
#5573 = CARTESIAN_POINT('',(-1.414208352861,-0.566714496164,38.));
#5574 = CARTESIAN_POINT('',(-1.36242521165,-0.535194323254,38.));
#5575 = CARTESIAN_POINT('',(-1.282724203005,-0.535194323254,38.));
#5576 = ORIENTED_EDGE('',*,*,#5537,.F.);
#5577 = ORIENTED_EDGE('',*,*,#1218,.F.);
#5578 = SURFACE_OF_LINEAR_EXTRUSION('',#5579,#5583);
#5579 = B_SPLINE_CURVE_WITH_KNOTS('',2,(#5580,#5581,#5582),
  .UNSPECIFIED.,.F.,.F.,(3,3),(0.,1.),.PIECEWISE_BEZIER_KNOTS.);
#5580 = CARTESIAN_POINT('',(-1.414208352861,-0.566714496164,40.));
#5581 = CARTESIAN_POINT('',(-1.36242521165,-0.535194323254,40.));
#5582 = CARTESIAN_POINT('',(-1.282724203005,-0.535194323254,40.));
#5583 = VECTOR('',#5584,1.);
#5584 = DIRECTION('',(0.,0.,1.));
#5585 = ADVANCED_FACE('',(#5586),#5604,.T.);
#5586 = FACE_BOUND('',#5587,.T.);
#5587 = EDGE_LOOP('',(#5588,#5596,#5602,#5603));
#5588 = ORIENTED_EDGE('',*,*,#5589,.T.);
#5589 = EDGE_CURVE('',#1203,#5590,#5592,.T.);
#5590 = VERTEX_POINT('',#5591);
#5591 = CARTESIAN_POINT('',(-1.504040845656,-0.657897853513,38.));
#5592 = LINE('',#5593,#5594);
#5593 = CARTESIAN_POINT('',(-1.504040845656,-0.657897853513,40.));
#5594 = VECTOR('',#5595,1.);
#5595 = DIRECTION('',(-0.,-0.,-1.));
#5596 = ORIENTED_EDGE('',*,*,#5597,.T.);
#5597 = EDGE_CURVE('',#5590,#5564,#5598,.T.);
#5598 = B_SPLINE_CURVE_WITH_KNOTS('',2,(#5599,#5600,#5601),
  .UNSPECIFIED.,.F.,.F.,(3,3),(0.,1.),.PIECEWISE_BEZIER_KNOTS.);
#5599 = CARTESIAN_POINT('',(-1.504040845656,-0.657897853513,38.));
#5600 = CARTESIAN_POINT('',(-1.465991494071,-0.598234669075,38.));
#5601 = CARTESIAN_POINT('',(-1.414208352861,-0.566714496164,38.));
#5602 = ORIENTED_EDGE('',*,*,#5563,.F.);
#5603 = ORIENTED_EDGE('',*,*,#1210,.F.);
#5604 = SURFACE_OF_LINEAR_EXTRUSION('',#5605,#5609);
#5605 = B_SPLINE_CURVE_WITH_KNOTS('',2,(#5606,#5607,#5608),
  .UNSPECIFIED.,.F.,.F.,(3,3),(0.,1.),.PIECEWISE_BEZIER_KNOTS.);
#5606 = CARTESIAN_POINT('',(-1.504040845656,-0.657897853513,40.));
#5607 = CARTESIAN_POINT('',(-1.465991494071,-0.598234669075,40.));
#5608 = CARTESIAN_POINT('',(-1.414208352861,-0.566714496164,40.));
#5609 = VECTOR('',#5610,1.);
#5610 = DIRECTION('',(0.,0.,1.));
#5611 = ADVANCED_FACE('',(#5612),#5630,.T.);
#5612 = FACE_BOUND('',#5613,.T.);
#5613 = EDGE_LOOP('',(#5614,#5622,#5628,#5629));
#5614 = ORIENTED_EDGE('',*,*,#5615,.T.);
#5615 = EDGE_CURVE('',#1195,#5616,#5618,.T.);
#5616 = VERTEX_POINT('',#5617);
#5617 = CARTESIAN_POINT('',(-1.70126707044,-0.987733948614,38.));
#5618 = LINE('',#5619,#5620);
#5619 = CARTESIAN_POINT('',(-1.70126707044,-0.987733948614,40.));
#5620 = VECTOR('',#5621,1.);
#5621 = DIRECTION('',(-0.,-0.,-1.));
#5622 = ORIENTED_EDGE('',*,*,#5623,.T.);
#5623 = EDGE_CURVE('',#5616,#5590,#5624,.T.);
#5624 = LINE('',#5625,#5626);
#5625 = CARTESIAN_POINT('',(-1.70126707044,-0.987733948614,38.));
#5626 = VECTOR('',#5627,1.);
#5627 = DIRECTION('',(0.513202859348,0.858267338978,0.));
#5628 = ORIENTED_EDGE('',*,*,#5589,.F.);
#5629 = ORIENTED_EDGE('',*,*,#1202,.F.);
#5630 = PLANE('',#5631);
#5631 = AXIS2_PLACEMENT_3D('',#5632,#5633,#5634);
#5632 = CARTESIAN_POINT('',(-1.70126707044,-0.987733948614,40.));
#5633 = DIRECTION('',(0.858267338978,-0.513202859348,0.));
#5634 = DIRECTION('',(0.513202859348,0.858267338978,0.));
#5635 = ADVANCED_FACE('',(#5636),#5654,.T.);
#5636 = FACE_BOUND('',#5637,.T.);
#5637 = EDGE_LOOP('',(#5638,#5646,#5652,#5653));
#5638 = ORIENTED_EDGE('',*,*,#5639,.T.);
#5639 = EDGE_CURVE('',#1187,#5640,#5642,.T.);
#5640 = VERTEX_POINT('',#5641);
#5641 = CARTESIAN_POINT('',(-1.461038324042,-1.16086975553,38.));
#5642 = LINE('',#5643,#5644);
#5643 = CARTESIAN_POINT('',(-1.461038324042,-1.16086975553,40.));
#5644 = VECTOR('',#5645,1.);
#5645 = DIRECTION('',(-0.,-0.,-1.));
#5646 = ORIENTED_EDGE('',*,*,#5647,.T.);
#5647 = EDGE_CURVE('',#5640,#5616,#5648,.T.);
#5648 = B_SPLINE_CURVE_WITH_KNOTS('',2,(#5649,#5650,#5651),
  .UNSPECIFIED.,.F.,.F.,(3,3),(0.,1.),.PIECEWISE_BEZIER_KNOTS.);
#5649 = CARTESIAN_POINT('',(-1.461038324042,-1.16086975553,38.));
#5650 = CARTESIAN_POINT('',(-1.597475643927,-1.081168746885,38.));
#5651 = CARTESIAN_POINT('',(-1.70126707044,-0.987733948614,38.));
#5652 = ORIENTED_EDGE('',*,*,#5615,.F.);
#5653 = ORIENTED_EDGE('',*,*,#1194,.F.);
#5654 = SURFACE_OF_LINEAR_EXTRUSION('',#5655,#5659);
#5655 = B_SPLINE_CURVE_WITH_KNOTS('',2,(#5656,#5657,#5658),
  .UNSPECIFIED.,.F.,.F.,(3,3),(0.,1.),.PIECEWISE_BEZIER_KNOTS.);
#5656 = CARTESIAN_POINT('',(-1.461038324042,-1.16086975553,40.));
#5657 = CARTESIAN_POINT('',(-1.597475643927,-1.081168746885,40.));
#5658 = CARTESIAN_POINT('',(-1.70126707044,-0.987733948614,40.));
#5659 = VECTOR('',#5660,1.);
#5660 = DIRECTION('',(0.,0.,1.));
#5661 = ADVANCED_FACE('',(#5662),#5680,.T.);
#5662 = FACE_BOUND('',#5663,.T.);
#5663 = EDGE_LOOP('',(#5664,#5672,#5678,#5679));
#5664 = ORIENTED_EDGE('',*,*,#5665,.T.);
#5665 = EDGE_CURVE('',#1179,#5666,#5668,.T.);
#5666 = VERTEX_POINT('',#5667);
#5667 = CARTESIAN_POINT('',(-1.163622978221,-1.299108228153,38.));
#5668 = LINE('',#5669,#5670);
#5669 = CARTESIAN_POINT('',(-1.163622978221,-1.299108228153,40.));
#5670 = VECTOR('',#5671,1.);
#5671 = DIRECTION('',(-0.,-0.,-1.));
#5672 = ORIENTED_EDGE('',*,*,#5673,.T.);
#5673 = EDGE_CURVE('',#5666,#5640,#5674,.T.);
#5674 = B_SPLINE_CURVE_WITH_KNOTS('',2,(#5675,#5676,#5677),
  .UNSPECIFIED.,.F.,.F.,(3,3),(0.,1.),.PIECEWISE_BEZIER_KNOTS.);
#5675 = CARTESIAN_POINT('',(-1.163622978221,-1.299108228153,38.));
#5676 = CARTESIAN_POINT('',(-1.324375860065,-1.240345620084,38.));
#5677 = CARTESIAN_POINT('',(-1.461038324042,-1.16086975553,38.));
#5678 = ORIENTED_EDGE('',*,*,#5639,.F.);
#5679 = ORIENTED_EDGE('',*,*,#1186,.F.);
#5680 = SURFACE_OF_LINEAR_EXTRUSION('',#5681,#5685);
#5681 = B_SPLINE_CURVE_WITH_KNOTS('',2,(#5682,#5683,#5684),
  .UNSPECIFIED.,.F.,.F.,(3,3),(0.,1.),.PIECEWISE_BEZIER_KNOTS.);
#5682 = CARTESIAN_POINT('',(-1.163622978221,-1.299108228153,40.));
#5683 = CARTESIAN_POINT('',(-1.324375860065,-1.240345620084,40.));
#5684 = CARTESIAN_POINT('',(-1.461038324042,-1.16086975553,40.));
#5685 = VECTOR('',#5686,1.);
#5686 = DIRECTION('',(0.,0.,1.));
#5687 = ADVANCED_FACE('',(#5688),#5706,.T.);
#5688 = FACE_BOUND('',#5689,.T.);
#5689 = EDGE_LOOP('',(#5690,#5698,#5704,#5705));
#5690 = ORIENTED_EDGE('',*,*,#5691,.T.);
#5691 = EDGE_CURVE('',#1171,#5692,#5694,.T.);
#5692 = VERTEX_POINT('',#5693);
#5693 = CARTESIAN_POINT('',(-0.828158280815,-1.390741873686,38.));
#5694 = LINE('',#5695,#5696);
#5695 = CARTESIAN_POINT('',(-0.828158280815,-1.390741873686,40.));
#5696 = VECTOR('',#5697,1.);
#5697 = DIRECTION('',(-0.,-0.,-1.));
#5698 = ORIENTED_EDGE('',*,*,#5699,.T.);
#5699 = EDGE_CURVE('',#5692,#5666,#5700,.T.);
#5700 = B_SPLINE_CURVE_WITH_KNOTS('',2,(#5701,#5702,#5703),
  .UNSPECIFIED.,.F.,.F.,(3,3),(0.,1.),.PIECEWISE_BEZIER_KNOTS.);
#5701 = CARTESIAN_POINT('',(-0.828158280815,-1.390741873686,38.));
#5702 = CARTESIAN_POINT('',(-1.002644952284,-1.357870836222,38.));
#5703 = CARTESIAN_POINT('',(-1.163622978221,-1.299108228153,38.));
#5704 = ORIENTED_EDGE('',*,*,#5665,.F.);
#5705 = ORIENTED_EDGE('',*,*,#1178,.F.);
#5706 = SURFACE_OF_LINEAR_EXTRUSION('',#5707,#5711);
#5707 = B_SPLINE_CURVE_WITH_KNOTS('',2,(#5708,#5709,#5710),
  .UNSPECIFIED.,.F.,.F.,(3,3),(0.,1.),.PIECEWISE_BEZIER_KNOTS.);
#5708 = CARTESIAN_POINT('',(-0.828158280815,-1.390741873686,40.));
#5709 = CARTESIAN_POINT('',(-1.002644952284,-1.357870836222,40.));
#5710 = CARTESIAN_POINT('',(-1.163622978221,-1.299108228153,40.));
#5711 = VECTOR('',#5712,1.);
#5712 = DIRECTION('',(0.,0.,1.));
#5713 = ADVANCED_FACE('',(#5714),#5732,.T.);
#5714 = FACE_BOUND('',#5715,.T.);
#5715 = EDGE_LOOP('',(#5716,#5724,#5730,#5731));
#5716 = ORIENTED_EDGE('',*,*,#5717,.T.);
#5717 = EDGE_CURVE('',#1163,#5718,#5720,.T.);
#5718 = VERTEX_POINT('',#5719);
#5719 = CARTESIAN_POINT('',(-0.470179174186,-1.42361291115,38.));
#5720 = LINE('',#5721,#5722);
#5721 = CARTESIAN_POINT('',(-0.470179174186,-1.42361291115,40.));
#5722 = VECTOR('',#5723,1.);
#5723 = DIRECTION('',(-0.,-0.,-1.));
#5724 = ORIENTED_EDGE('',*,*,#5725,.T.);
#5725 = EDGE_CURVE('',#5718,#5692,#5726,.T.);
#5726 = B_SPLINE_CURVE_WITH_KNOTS('',2,(#5727,#5728,#5729),
  .UNSPECIFIED.,.F.,.F.,(3,3),(0.,1.),.PIECEWISE_BEZIER_KNOTS.);
#5727 = CARTESIAN_POINT('',(-0.470179174186,-1.42361291115,38.));
#5728 = CARTESIAN_POINT('',(-0.653446465253,-1.42361291115,38.));
#5729 = CARTESIAN_POINT('',(-0.828158280815,-1.390741873686,38.));
#5730 = ORIENTED_EDGE('',*,*,#5691,.F.);
#5731 = ORIENTED_EDGE('',*,*,#1170,.F.);
#5732 = SURFACE_OF_LINEAR_EXTRUSION('',#5733,#5737);
#5733 = B_SPLINE_CURVE_WITH_KNOTS('',2,(#5734,#5735,#5736),
  .UNSPECIFIED.,.F.,.F.,(3,3),(0.,1.),.PIECEWISE_BEZIER_KNOTS.);
#5734 = CARTESIAN_POINT('',(-0.470179174186,-1.42361291115,40.));
#5735 = CARTESIAN_POINT('',(-0.653446465253,-1.42361291115,40.));
#5736 = CARTESIAN_POINT('',(-0.828158280815,-1.390741873686,40.));
#5737 = VECTOR('',#5738,1.);
#5738 = DIRECTION('',(0.,0.,1.));
#5739 = ADVANCED_FACE('',(#5740),#5758,.T.);
#5740 = FACE_BOUND('',#5741,.T.);
#5741 = EDGE_LOOP('',(#5742,#5750,#5756,#5757));
#5742 = ORIENTED_EDGE('',*,*,#5743,.T.);
#5743 = EDGE_CURVE('',#1155,#5744,#5746,.T.);
#5744 = VERTEX_POINT('',#5745);
#5745 = CARTESIAN_POINT('',(0.136809298436,-1.335356427,38.));
#5746 = LINE('',#5747,#5748);
#5747 = CARTESIAN_POINT('',(0.136809298436,-1.335356427,40.));
#5748 = VECTOR('',#5749,1.);
#5749 = DIRECTION('',(-0.,-0.,-1.));
#5750 = ORIENTED_EDGE('',*,*,#5751,.T.);
#5751 = EDGE_CURVE('',#5744,#5718,#5752,.T.);
#5752 = B_SPLINE_CURVE_WITH_KNOTS('',2,(#5753,#5754,#5755),
  .UNSPECIFIED.,.F.,.F.,(3,3),(0.,1.),.PIECEWISE_BEZIER_KNOTS.);
#5753 = CARTESIAN_POINT('',(0.136809298436,-1.335356427,38.));
#5754 = CARTESIAN_POINT('',(-0.127735009921,-1.42361291115,38.));
#5755 = CARTESIAN_POINT('',(-0.470179174186,-1.42361291115,38.));
#5756 = ORIENTED_EDGE('',*,*,#5717,.F.);
#5757 = ORIENTED_EDGE('',*,*,#1162,.F.);
#5758 = SURFACE_OF_LINEAR_EXTRUSION('',#5759,#5763);
#5759 = B_SPLINE_CURVE_WITH_KNOTS('',2,(#5760,#5761,#5762),
  .UNSPECIFIED.,.F.,.F.,(3,3),(0.,1.),.PIECEWISE_BEZIER_KNOTS.);
#5760 = CARTESIAN_POINT('',(0.136809298436,-1.335356427,40.));
#5761 = CARTESIAN_POINT('',(-0.127735009921,-1.42361291115,40.));
#5762 = CARTESIAN_POINT('',(-0.470179174186,-1.42361291115,40.));
#5763 = VECTOR('',#5764,1.);
#5764 = DIRECTION('',(0.,0.,1.));
#5765 = ADVANCED_FACE('',(#5766),#5784,.T.);
#5766 = FACE_BOUND('',#5767,.T.);
#5767 = EDGE_LOOP('',(#5768,#5776,#5782,#5783));
#5768 = ORIENTED_EDGE('',*,*,#5769,.T.);
#5769 = EDGE_CURVE('',#1147,#5770,#5772,.T.);
#5770 = VERTEX_POINT('',#5771);
#5771 = CARTESIAN_POINT('',(0.581018592384,-1.089499078297,38.));
#5772 = LINE('',#5773,#5774);
#5773 = CARTESIAN_POINT('',(0.581018592384,-1.089499078297,40.));
#5774 = VECTOR('',#5775,1.);
#5775 = DIRECTION('',(-0.,-0.,-1.));
#5776 = ORIENTED_EDGE('',*,*,#5777,.T.);
#5777 = EDGE_CURVE('',#5770,#5744,#5778,.T.);
#5778 = B_SPLINE_CURVE_WITH_KNOTS('',2,(#5779,#5780,#5781),
  .UNSPECIFIED.,.F.,.F.,(3,3),(0.,1.),.PIECEWISE_BEZIER_KNOTS.);
#5779 = CARTESIAN_POINT('',(0.581018592384,-1.089499078297,38.));
#5780 = CARTESIAN_POINT('',(0.401353606793,-1.24709994285,38.));
#5781 = CARTESIAN_POINT('',(0.136809298436,-1.335356427,38.));
#5782 = ORIENTED_EDGE('',*,*,#5743,.F.);
#5783 = ORIENTED_EDGE('',*,*,#1154,.F.);
#5784 = SURFACE_OF_LINEAR_EXTRUSION('',#5785,#5789);
#5785 = B_SPLINE_CURVE_WITH_KNOTS('',2,(#5786,#5787,#5788),
  .UNSPECIFIED.,.F.,.F.,(3,3),(0.,1.),.PIECEWISE_BEZIER_KNOTS.);
#5786 = CARTESIAN_POINT('',(0.581018592384,-1.089499078297,40.));
#5787 = CARTESIAN_POINT('',(0.401353606793,-1.24709994285,40.));
#5788 = CARTESIAN_POINT('',(0.136809298436,-1.335356427,40.));
#5789 = VECTOR('',#5790,1.);
#5790 = DIRECTION('',(0.,0.,1.));
#5791 = ADVANCED_FACE('',(#5792),#5810,.T.);
#5792 = FACE_BOUND('',#5793,.T.);
#5793 = EDGE_LOOP('',(#5794,#5802,#5808,#5809));
#5794 = ORIENTED_EDGE('',*,*,#5795,.T.);
#5795 = EDGE_CURVE('',#1139,#5796,#5798,.T.);
#5796 = VERTEX_POINT('',#5797);
#5797 = CARTESIAN_POINT('',(0.854343520338,-0.715534741121,38.));
#5798 = LINE('',#5799,#5800);
#5799 = CARTESIAN_POINT('',(0.854343520338,-0.715534741121,40.));
#5800 = VECTOR('',#5801,1.);
#5801 = DIRECTION('',(-0.,-0.,-1.));
#5802 = ORIENTED_EDGE('',*,*,#5803,.T.);
#5803 = EDGE_CURVE('',#5796,#5770,#5804,.T.);
#5804 = B_SPLINE_CURVE_WITH_KNOTS('',2,(#5805,#5806,#5807),
  .UNSPECIFIED.,.F.,.F.,(3,3),(0.,1.),.PIECEWISE_BEZIER_KNOTS.);
#5805 = CARTESIAN_POINT('',(0.854343520338,-0.715534741121,38.));
#5806 = CARTESIAN_POINT('',(0.760908722067,-0.931898213744,38.));
#5807 = CARTESIAN_POINT('',(0.581018592384,-1.089499078297,38.));
#5808 = ORIENTED_EDGE('',*,*,#5769,.F.);
#5809 = ORIENTED_EDGE('',*,*,#1146,.F.);
#5810 = SURFACE_OF_LINEAR_EXTRUSION('',#5811,#5815);
#5811 = B_SPLINE_CURVE_WITH_KNOTS('',2,(#5812,#5813,#5814),
  .UNSPECIFIED.,.F.,.F.,(3,3),(0.,1.),.PIECEWISE_BEZIER_KNOTS.);
#5812 = CARTESIAN_POINT('',(0.854343520338,-0.715534741121,40.));
#5813 = CARTESIAN_POINT('',(0.760908722067,-0.931898213744,40.));
#5814 = CARTESIAN_POINT('',(0.581018592384,-1.089499078297,40.));
#5815 = VECTOR('',#5816,1.);
#5816 = DIRECTION('',(0.,0.,1.));
#5817 = ADVANCED_FACE('',(#5818),#5836,.T.);
#5818 = FACE_BOUND('',#5819,.T.);
#5819 = EDGE_LOOP('',(#5820,#5828,#5834,#5835));
#5820 = ORIENTED_EDGE('',*,*,#5821,.T.);
#5821 = EDGE_CURVE('',#1131,#5822,#5824,.T.);
#5822 = VERTEX_POINT('',#5823);
#5823 = CARTESIAN_POINT('',(0.947778318609,-0.242732147461,38.));
#5824 = LINE('',#5825,#5826);
#5825 = CARTESIAN_POINT('',(0.947778318609,-0.242732147461,40.));
#5826 = VECTOR('',#5827,1.);
#5827 = DIRECTION('',(-0.,-0.,-1.));
#5828 = ORIENTED_EDGE('',*,*,#5829,.T.);
#5829 = EDGE_CURVE('',#5822,#5796,#5830,.T.);
#5830 = B_SPLINE_CURVE_WITH_KNOTS('',2,(#5831,#5832,#5833),
  .UNSPECIFIED.,.F.,.F.,(3,3),(0.,1.),.PIECEWISE_BEZIER_KNOTS.);
#5831 = CARTESIAN_POINT('',(0.947778318609,-0.242732147461,38.));
#5832 = CARTESIAN_POINT('',(0.947778318609,-0.498946124407,38.));
#5833 = CARTESIAN_POINT('',(0.854343520338,-0.715534741121,38.));
#5834 = ORIENTED_EDGE('',*,*,#5795,.F.);
#5835 = ORIENTED_EDGE('',*,*,#1138,.F.);
#5836 = SURFACE_OF_LINEAR_EXTRUSION('',#5837,#5841);
#5837 = B_SPLINE_CURVE_WITH_KNOTS('',2,(#5838,#5839,#5840),
  .UNSPECIFIED.,.F.,.F.,(3,3),(0.,1.),.PIECEWISE_BEZIER_KNOTS.);
#5838 = CARTESIAN_POINT('',(0.947778318609,-0.242732147461,40.));
#5839 = CARTESIAN_POINT('',(0.947778318609,-0.498946124407,40.));
#5840 = CARTESIAN_POINT('',(0.854343520338,-0.715534741121,40.));
#5841 = VECTOR('',#5842,1.);
#5842 = DIRECTION('',(0.,0.,1.));
#5843 = ADVANCED_FACE('',(#5844),#5862,.T.);
#5844 = FACE_BOUND('',#5845,.T.);
#5845 = EDGE_LOOP('',(#5846,#5854,#5860,#5861));
#5846 = ORIENTED_EDGE('',*,*,#5847,.T.);
#5847 = EDGE_CURVE('',#1123,#5848,#5850,.T.);
#5848 = VERTEX_POINT('',#5849);
#5849 = CARTESIAN_POINT('',(0.873255624085,0.124252722856,38.));
#5850 = LINE('',#5851,#5852);
#5851 = CARTESIAN_POINT('',(0.873255624085,0.124252722856,40.));
#5852 = VECTOR('',#5853,1.);
#5853 = DIRECTION('',(-0.,-0.,-1.));
#5854 = ORIENTED_EDGE('',*,*,#5855,.T.);
#5855 = EDGE_CURVE('',#5848,#5822,#5856,.T.);
#5856 = B_SPLINE_CURVE_WITH_KNOTS('',2,(#5857,#5858,#5859),
  .UNSPECIFIED.,.F.,.F.,(3,3),(0.,1.),.PIECEWISE_BEZIER_KNOTS.);
#5857 = CARTESIAN_POINT('',(0.873255624085,0.124252722856,38.));
#5858 = CARTESIAN_POINT('',(0.947778318609,-2.81698275766E-02,38.));
#5859 = CARTESIAN_POINT('',(0.947778318609,-0.242732147461,38.));
#5860 = ORIENTED_EDGE('',*,*,#5821,.F.);
#5861 = ORIENTED_EDGE('',*,*,#1130,.F.);
#5862 = SURFACE_OF_LINEAR_EXTRUSION('',#5863,#5867);
#5863 = B_SPLINE_CURVE_WITH_KNOTS('',2,(#5864,#5865,#5866),
  .UNSPECIFIED.,.F.,.F.,(3,3),(0.,1.),.PIECEWISE_BEZIER_KNOTS.);
#5864 = CARTESIAN_POINT('',(0.873255624085,0.124252722856,40.));
#5865 = CARTESIAN_POINT('',(0.947778318609,-2.81698275766E-02,40.));
#5866 = CARTESIAN_POINT('',(0.947778318609,-0.242732147461,40.));
#5867 = VECTOR('',#5868,1.);
#5868 = DIRECTION('',(0.,0.,1.));
#5869 = ADVANCED_FACE('',(#5870),#5888,.T.);
#5870 = FACE_BOUND('',#5871,.T.);
#5871 = EDGE_LOOP('',(#5872,#5880,#5886,#5887));
#5872 = ORIENTED_EDGE('',*,*,#5873,.T.);
#5873 = EDGE_CURVE('',#1115,#5874,#5876,.T.);
#5874 = VERTEX_POINT('',#5875);
#5875 = CARTESIAN_POINT('',(0.676254543393,0.385645013922,38.));
#5876 = LINE('',#5877,#5878);
#5877 = CARTESIAN_POINT('',(0.676254543393,0.385645013922,40.));
#5878 = VECTOR('',#5879,1.);
#5879 = DIRECTION('',(-0.,-0.,-1.));
#5880 = ORIENTED_EDGE('',*,*,#5881,.T.);
#5881 = EDGE_CURVE('',#5874,#5848,#5882,.T.);
#5882 = B_SPLINE_CURVE_WITH_KNOTS('',2,(#5883,#5884,#5885),
  .UNSPECIFIED.,.F.,.F.,(3,3),(0.,1.),.PIECEWISE_BEZIER_KNOTS.);
#5883 = CARTESIAN_POINT('',(0.676254543393,0.385645013922,38.));
#5884 = CARTESIAN_POINT('',(0.798958073652,0.276675273288,38.));
#5885 = CARTESIAN_POINT('',(0.873255624085,0.124252722856,38.));
#5886 = ORIENTED_EDGE('',*,*,#5847,.F.);
#5887 = ORIENTED_EDGE('',*,*,#1122,.F.);
#5888 = SURFACE_OF_LINEAR_EXTRUSION('',#5889,#5893);
#5889 = B_SPLINE_CURVE_WITH_KNOTS('',2,(#5890,#5891,#5892),
  .UNSPECIFIED.,.F.,.F.,(3,3),(0.,1.),.PIECEWISE_BEZIER_KNOTS.);
#5890 = CARTESIAN_POINT('',(0.676254543393,0.385645013922,40.));
#5891 = CARTESIAN_POINT('',(0.798958073652,0.276675273288,40.));
#5892 = CARTESIAN_POINT('',(0.873255624085,0.124252722856,40.));
#5893 = VECTOR('',#5894,1.);
#5894 = DIRECTION('',(0.,0.,1.));
#5895 = ADVANCED_FACE('',(#5896),#5914,.T.);
#5896 = FACE_BOUND('',#5897,.T.);
#5897 = EDGE_LOOP('',(#5898,#5906,#5912,#5913));
#5898 = ORIENTED_EDGE('',*,*,#5899,.T.);
#5899 = EDGE_CURVE('',#1107,#5900,#5902,.T.);
#5900 = VERTEX_POINT('',#5901);
#5901 = CARTESIAN_POINT('',(0.397751301318,0.565760287697,38.));
#5902 = LINE('',#5903,#5904);
#5903 = CARTESIAN_POINT('',(0.397751301318,0.565760287697,40.));
#5904 = VECTOR('',#5905,1.);
#5905 = DIRECTION('',(-0.,-0.,-1.));
#5906 = ORIENTED_EDGE('',*,*,#5907,.T.);
#5907 = EDGE_CURVE('',#5900,#5874,#5908,.T.);
#5908 = B_SPLINE_CURVE_WITH_KNOTS('',2,(#5909,#5910,#5911),
  .UNSPECIFIED.,.F.,.F.,(3,3),(0.,1.),.PIECEWISE_BEZIER_KNOTS.);
#5909 = CARTESIAN_POINT('',(0.397751301318,0.565760287697,38.));
#5910 = CARTESIAN_POINT('',(0.553551013134,0.494839898648,38.));
#5911 = CARTESIAN_POINT('',(0.676254543393,0.385645013922,38.));
#5912 = ORIENTED_EDGE('',*,*,#5873,.F.);
#5913 = ORIENTED_EDGE('',*,*,#1114,.F.);
#5914 = SURFACE_OF_LINEAR_EXTRUSION('',#5915,#5919);
#5915 = B_SPLINE_CURVE_WITH_KNOTS('',2,(#5916,#5917,#5918),
  .UNSPECIFIED.,.F.,.F.,(3,3),(0.,1.),.PIECEWISE_BEZIER_KNOTS.);
#5916 = CARTESIAN_POINT('',(0.397751301318,0.565760287697,40.));
#5917 = CARTESIAN_POINT('',(0.553551013134,0.494839898648,40.));
#5918 = CARTESIAN_POINT('',(0.676254543393,0.385645013922,40.));
#5919 = VECTOR('',#5920,1.);
#5920 = DIRECTION('',(0.,0.,1.));
#5921 = ADVANCED_FACE('',(#5922),#5940,.T.);
#5922 = FACE_BOUND('',#5923,.T.);
#5923 = EDGE_LOOP('',(#5924,#5932,#5938,#5939));
#5924 = ORIENTED_EDGE('',*,*,#5925,.T.);
#5925 = EDGE_CURVE('',#1099,#5926,#5928,.T.);
#5926 = VERTEX_POINT('',#5927);
#5927 = CARTESIAN_POINT('',(7.962269901251E-02,0.692066123432,38.));
#5928 = LINE('',#5929,#5930);
#5929 = CARTESIAN_POINT('',(7.962269901251E-02,0.692066123432,40.));
#5930 = VECTOR('',#5931,1.);
#5931 = DIRECTION('',(-0.,-0.,-1.));
#5932 = ORIENTED_EDGE('',*,*,#5933,.T.);
#5933 = EDGE_CURVE('',#5926,#5900,#5934,.T.);
#5934 = B_SPLINE_CURVE_WITH_KNOTS('',2,(#5935,#5936,#5937),
  .UNSPECIFIED.,.F.,.F.,(3,3),(0.,1.),.PIECEWISE_BEZIER_KNOTS.);
#5935 = CARTESIAN_POINT('',(7.962269901251E-02,0.692066123432,38.));
#5936 = CARTESIAN_POINT('',(0.242176733595,0.636680676746,38.));
#5937 = CARTESIAN_POINT('',(0.397751301318,0.565760287697,38.));
#5938 = ORIENTED_EDGE('',*,*,#5899,.F.);
#5939 = ORIENTED_EDGE('',*,*,#1106,.F.);
#5940 = SURFACE_OF_LINEAR_EXTRUSION('',#5941,#5945);
#5941 = B_SPLINE_CURVE_WITH_KNOTS('',2,(#5942,#5943,#5944),
  .UNSPECIFIED.,.F.,.F.,(3,3),(0.,1.),.PIECEWISE_BEZIER_KNOTS.);
#5942 = CARTESIAN_POINT('',(7.962269901251E-02,0.692066123432,40.));
#5943 = CARTESIAN_POINT('',(0.242176733595,0.636680676746,40.));
#5944 = CARTESIAN_POINT('',(0.397751301318,0.565760287697,40.));
#5945 = VECTOR('',#5946,1.);
#5946 = DIRECTION('',(0.,0.,1.));
#5947 = ADVANCED_FACE('',(#5948),#5966,.T.);
#5948 = FACE_BOUND('',#5949,.T.);
#5949 = EDGE_LOOP('',(#5950,#5958,#5964,#5965));
#5950 = ORIENTED_EDGE('',*,*,#5951,.T.);
#5951 = EDGE_CURVE('',#1091,#5952,#5954,.T.);
#5952 = VERTEX_POINT('',#5953);
#5953 = CARTESIAN_POINT('',(-0.238505903293,0.794281541299,38.));
#5954 = LINE('',#5955,#5956);
#5955 = CARTESIAN_POINT('',(-0.238505903293,0.794281541299,40.));
#5956 = VECTOR('',#5957,1.);
#5957 = DIRECTION('',(-0.,-0.,-1.));
#5958 = ORIENTED_EDGE('',*,*,#5959,.T.);
#5959 = EDGE_CURVE('',#5952,#5926,#5960,.T.);
#5960 = B_SPLINE_CURVE_WITH_KNOTS('',2,(#5961,#5962,#5963),
  .UNSPECIFIED.,.F.,.F.,(3,3),(0.,1.),.PIECEWISE_BEZIER_KNOTS.);
#5961 = CARTESIAN_POINT('',(-0.238505903293,0.794281541299,38.));
#5962 = CARTESIAN_POINT('',(-8.27061914774E-02,0.74767671421,38.));
#5963 = CARTESIAN_POINT('',(7.962269901251E-02,0.692066123432,38.));
#5964 = ORIENTED_EDGE('',*,*,#5925,.F.);
#5965 = ORIENTED_EDGE('',*,*,#1098,.F.);
#5966 = SURFACE_OF_LINEAR_EXTRUSION('',#5967,#5971);
#5967 = B_SPLINE_CURVE_WITH_KNOTS('',2,(#5968,#5969,#5970),
  .UNSPECIFIED.,.F.,.F.,(3,3),(0.,1.),.PIECEWISE_BEZIER_KNOTS.);
#5968 = CARTESIAN_POINT('',(-0.238505903293,0.794281541299,40.));
#5969 = CARTESIAN_POINT('',(-8.27061914774E-02,0.74767671421,40.));
#5970 = CARTESIAN_POINT('',(7.962269901251E-02,0.692066123432,40.));
#5971 = VECTOR('',#5972,1.);
#5972 = DIRECTION('',(0.,0.,1.));
#5973 = ADVANCED_FACE('',(#5974),#5992,.T.);
#5974 = FACE_BOUND('',#5975,.T.);
#5975 = EDGE_LOOP('',(#5976,#5984,#5990,#5991));
#5976 = ORIENTED_EDGE('',*,*,#5977,.T.);
#5977 = EDGE_CURVE('',#1083,#5978,#5980,.T.);
#5978 = VERTEX_POINT('',#5979);
#5979 = CARTESIAN_POINT('',(-0.516784001276,0.89987412055,38.));
#5980 = LINE('',#5981,#5982);
#5981 = CARTESIAN_POINT('',(-0.516784001276,0.89987412055,40.));
#5982 = VECTOR('',#5983,1.);
#5983 = DIRECTION('',(-0.,-0.,-1.));
#5984 = ORIENTED_EDGE('',*,*,#5985,.T.);
#5985 = EDGE_CURVE('',#5978,#5952,#5986,.T.);
#5986 = B_SPLINE_CURVE_WITH_KNOTS('',2,(#5987,#5988,#5989),
  .UNSPECIFIED.,.F.,.F.,(3,3),(0.,1.),.PIECEWISE_BEZIER_KNOTS.);
#5987 = CARTESIAN_POINT('',(-0.516784001276,0.89987412055,38.));
#5988 = CARTESIAN_POINT('',(-0.394080471016,0.841111512481,38.));
#5989 = CARTESIAN_POINT('',(-0.238505903293,0.794281541299,38.));
#5990 = ORIENTED_EDGE('',*,*,#5951,.F.);
#5991 = ORIENTED_EDGE('',*,*,#1090,.F.);
#5992 = SURFACE_OF_LINEAR_EXTRUSION('',#5993,#5997);
#5993 = B_SPLINE_CURVE_WITH_KNOTS('',2,(#5994,#5995,#5996),
  .UNSPECIFIED.,.F.,.F.,(3,3),(0.,1.),.PIECEWISE_BEZIER_KNOTS.);
#5994 = CARTESIAN_POINT('',(-0.516784001276,0.89987412055,40.));
#5995 = CARTESIAN_POINT('',(-0.394080471016,0.841111512481,40.));
#5996 = CARTESIAN_POINT('',(-0.238505903293,0.794281541299,40.));
#5997 = VECTOR('',#5998,1.);
#5998 = DIRECTION('',(0.,0.,1.));
#5999 = ADVANCED_FACE('',(#6000),#6018,.T.);
#6000 = FACE_BOUND('',#6001,.T.);
#6001 = EDGE_LOOP('',(#6002,#6010,#6016,#6017));
#6002 = ORIENTED_EDGE('',*,*,#6003,.T.);
#6003 = EDGE_CURVE('',#1075,#6004,#6006,.T.);
#6004 = VERTEX_POINT('',#6005);
#6005 = CARTESIAN_POINT('',(-0.71401022606,1.036761728619,38.));
#6006 = LINE('',#6007,#6008);
#6007 = CARTESIAN_POINT('',(-0.71401022606,1.036761728619,40.));
#6008 = VECTOR('',#6009,1.);
#6009 = DIRECTION('',(-0.,-0.,-1.));
#6010 = ORIENTED_EDGE('',*,*,#6011,.T.);
#6011 = EDGE_CURVE('',#6004,#5978,#6012,.T.);
#6012 = B_SPLINE_CURVE_WITH_KNOTS('',2,(#6013,#6014,#6015),
  .UNSPECIFIED.,.F.,.F.,(3,3),(0.,1.),.PIECEWISE_BEZIER_KNOTS.);
#6013 = CARTESIAN_POINT('',(-0.71401022606,1.036761728619,38.));
#6014 = CARTESIAN_POINT('',(-0.639487531535,0.958861872712,38.));
#6015 = CARTESIAN_POINT('',(-0.516784001276,0.89987412055,38.));
#6016 = ORIENTED_EDGE('',*,*,#5977,.F.);
#6017 = ORIENTED_EDGE('',*,*,#1082,.F.);
#6018 = SURFACE_OF_LINEAR_EXTRUSION('',#6019,#6023);
#6019 = B_SPLINE_CURVE_WITH_KNOTS('',2,(#6020,#6021,#6022),
  .UNSPECIFIED.,.F.,.F.,(3,3),(0.,1.),.PIECEWISE_BEZIER_KNOTS.);
#6020 = CARTESIAN_POINT('',(-0.71401022606,1.036761728619,40.));
#6021 = CARTESIAN_POINT('',(-0.639487531535,0.958861872712,40.));
#6022 = CARTESIAN_POINT('',(-0.516784001276,0.89987412055,40.));
#6023 = VECTOR('',#6024,1.);
#6024 = DIRECTION('',(0.,0.,1.));
#6025 = ADVANCED_FACE('',(#6026),#6044,.T.);
#6026 = FACE_BOUND('',#6027,.T.);
#6027 = EDGE_LOOP('',(#6028,#6036,#6042,#6043));
#6028 = ORIENTED_EDGE('',*,*,#6029,.T.);
#6029 = EDGE_CURVE('',#1067,#6030,#6032,.T.);
#6030 = VERTEX_POINT('',#6031);
#6031 = CARTESIAN_POINT('',(-0.788307776492,1.228809639282,38.));
#6032 = LINE('',#6033,#6034);
#6033 = CARTESIAN_POINT('',(-0.788307776492,1.228809639282,40.));
#6034 = VECTOR('',#6035,1.);
#6035 = DIRECTION('',(-0.,-0.,-1.));
#6036 = ORIENTED_EDGE('',*,*,#6037,.T.);
#6037 = EDGE_CURVE('',#6030,#6004,#6038,.T.);
#6038 = B_SPLINE_CURVE_WITH_KNOTS('',2,(#6039,#6040,#6041),
  .UNSPECIFIED.,.F.,.F.,(3,3),(0.,1.),.PIECEWISE_BEZIER_KNOTS.);
#6039 = CARTESIAN_POINT('',(-0.788307776492,1.228809639282,38.));
#6040 = CARTESIAN_POINT('',(-0.788307776492,1.114661584527,38.));
#6041 = CARTESIAN_POINT('',(-0.71401022606,1.036761728619,38.));
#6042 = ORIENTED_EDGE('',*,*,#6003,.F.);
#6043 = ORIENTED_EDGE('',*,*,#1074,.F.);
#6044 = SURFACE_OF_LINEAR_EXTRUSION('',#6045,#6049);
#6045 = B_SPLINE_CURVE_WITH_KNOTS('',2,(#6046,#6047,#6048),
  .UNSPECIFIED.,.F.,.F.,(3,3),(0.,1.),.PIECEWISE_BEZIER_KNOTS.);
#6046 = CARTESIAN_POINT('',(-0.788307776492,1.228809639282,40.));
#6047 = CARTESIAN_POINT('',(-0.788307776492,1.114661584527,40.));
#6048 = CARTESIAN_POINT('',(-0.71401022606,1.036761728619,40.));
#6049 = VECTOR('',#6050,1.);
#6050 = DIRECTION('',(0.,0.,1.));
#6051 = ADVANCED_FACE('',(#6052),#6070,.T.);
#6052 = FACE_BOUND('',#6053,.T.);
#6053 = EDGE_LOOP('',(#6054,#6062,#6068,#6069));
#6054 = ORIENTED_EDGE('',*,*,#6055,.T.);
#6055 = EDGE_CURVE('',#1059,#6056,#6058,.T.);
#6056 = VERTEX_POINT('',#6057);
#6057 = CARTESIAN_POINT('',(-0.643089837011,1.509339178187,38.));
#6058 = LINE('',#6059,#6060);
#6059 = CARTESIAN_POINT('',(-0.643089837011,1.509339178187,40.));
#6060 = VECTOR('',#6061,1.);
#6061 = DIRECTION('',(-0.,-0.,-1.));
#6062 = ORIENTED_EDGE('',*,*,#6063,.T.);
#6063 = EDGE_CURVE('',#6056,#6030,#6064,.T.);
#6064 = B_SPLINE_CURVE_WITH_KNOTS('',2,(#6065,#6066,#6067),
  .UNSPECIFIED.,.F.,.F.,(3,3),(0.,1.),.PIECEWISE_BEZIER_KNOTS.);
#6065 = CARTESIAN_POINT('',(-0.643089837011,1.509339178187,38.));
#6066 = CARTESIAN_POINT('',(-0.788307776492,1.401945446199,38.));
#6067 = CARTESIAN_POINT('',(-0.788307776492,1.228809639282,38.));
#6068 = ORIENTED_EDGE('',*,*,#6029,.F.);
#6069 = ORIENTED_EDGE('',*,*,#1066,.F.);
#6070 = SURFACE_OF_LINEAR_EXTRUSION('',#6071,#6075);
#6071 = B_SPLINE_CURVE_WITH_KNOTS('',2,(#6072,#6073,#6074),
  .UNSPECIFIED.,.F.,.F.,(3,3),(0.,1.),.PIECEWISE_BEZIER_KNOTS.);
#6072 = CARTESIAN_POINT('',(-0.643089837011,1.509339178187,40.));
#6073 = CARTESIAN_POINT('',(-0.788307776492,1.401945446199,40.));
#6074 = CARTESIAN_POINT('',(-0.788307776492,1.228809639282,40.));
#6075 = VECTOR('',#6076,1.);
#6076 = DIRECTION('',(0.,0.,1.));
#6077 = ADVANCED_FACE('',(#6078),#6096,.T.);
#6078 = FACE_BOUND('',#6079,.T.);
#6079 = EDGE_LOOP('',(#6080,#6088,#6094,#6095));
#6080 = ORIENTED_EDGE('',*,*,#6081,.T.);
#6081 = EDGE_CURVE('',#1051,#6082,#6084,.T.);
#6082 = VERTEX_POINT('',#6083);
#6083 = CARTESIAN_POINT('',(-0.24526022606,1.616732910176,38.));
#6084 = LINE('',#6085,#6086);
#6085 = CARTESIAN_POINT('',(-0.24526022606,1.616732910176,40.));
#6086 = VECTOR('',#6087,1.);
#6087 = DIRECTION('',(-0.,-0.,-1.));
#6088 = ORIENTED_EDGE('',*,*,#6089,.T.);
#6089 = EDGE_CURVE('',#6082,#6056,#6090,.T.);
#6090 = B_SPLINE_CURVE_WITH_KNOTS('',2,(#6091,#6092,#6093),
  .UNSPECIFIED.,.F.,.F.,(3,3),(0.,1.),.PIECEWISE_BEZIER_KNOTS.);
#6091 = CARTESIAN_POINT('',(-0.24526022606,1.616732910176,38.));
#6092 = CARTESIAN_POINT('',(-0.497871897529,1.616732910176,38.));
#6093 = CARTESIAN_POINT('',(-0.643089837011,1.509339178187,38.));
#6094 = ORIENTED_EDGE('',*,*,#6055,.F.);
#6095 = ORIENTED_EDGE('',*,*,#1058,.F.);
#6096 = SURFACE_OF_LINEAR_EXTRUSION('',#6097,#6101);
#6097 = B_SPLINE_CURVE_WITH_KNOTS('',2,(#6098,#6099,#6100),
  .UNSPECIFIED.,.F.,.F.,(3,3),(0.,1.),.PIECEWISE_BEZIER_KNOTS.);
#6098 = CARTESIAN_POINT('',(-0.24526022606,1.616732910176,40.));
#6099 = CARTESIAN_POINT('',(-0.497871897529,1.616732910176,40.));
#6100 = CARTESIAN_POINT('',(-0.643089837011,1.509339178187,40.));
#6101 = VECTOR('',#6102,1.);
#6102 = DIRECTION('',(0.,0.,1.));
#6103 = ADVANCED_FACE('',(#6104),#6122,.T.);
#6104 = FACE_BOUND('',#6105,.T.);
#6105 = EDGE_LOOP('',(#6106,#6114,#6120,#6121));
#6106 = ORIENTED_EDGE('',*,*,#6107,.T.);
#6107 = EDGE_CURVE('',#1043,#6108,#6110,.T.);
#6108 = VERTEX_POINT('',#6109);
#6109 = CARTESIAN_POINT('',(3.639503330646E-02,1.582285864066,38.));
#6110 = LINE('',#6111,#6112);
#6111 = CARTESIAN_POINT('',(3.639503330646E-02,1.582285864066,40.));
#6112 = VECTOR('',#6113,1.);
#6113 = DIRECTION('',(-0.,-0.,-1.));
#6114 = ORIENTED_EDGE('',*,*,#6115,.T.);
#6115 = EDGE_CURVE('',#6108,#6082,#6116,.T.);
#6116 = B_SPLINE_CURVE_WITH_KNOTS('',2,(#6117,#6118,#6119),
  .UNSPECIFIED.,.F.,.F.,(3,3),(0.,1.),.PIECEWISE_BEZIER_KNOTS.);
#6117 = CARTESIAN_POINT('',(3.639503330646E-02,1.582285864066,38.));
#6118 = CARTESIAN_POINT('',(-8.27061914774E-02,1.616732910176,38.));
#6119 = CARTESIAN_POINT('',(-0.24526022606,1.616732910176,38.));
#6120 = ORIENTED_EDGE('',*,*,#6081,.F.);
#6121 = ORIENTED_EDGE('',*,*,#1050,.F.);
#6122 = SURFACE_OF_LINEAR_EXTRUSION('',#6123,#6127);
#6123 = B_SPLINE_CURVE_WITH_KNOTS('',2,(#6124,#6125,#6126),
  .UNSPECIFIED.,.F.,.F.,(3,3),(0.,1.),.PIECEWISE_BEZIER_KNOTS.);
#6124 = CARTESIAN_POINT('',(3.639503330646E-02,1.582285864066,40.));
#6125 = CARTESIAN_POINT('',(-8.27061914774E-02,1.616732910176,40.));
#6126 = CARTESIAN_POINT('',(-0.24526022606,1.616732910176,40.));
#6127 = VECTOR('',#6128,1.);
#6128 = DIRECTION('',(0.,0.,1.));
#6129 = ADVANCED_FACE('',(#6130),#6148,.T.);
#6130 = FACE_BOUND('',#6131,.T.);
#6131 = EDGE_LOOP('',(#6132,#6140,#6146,#6147));
#6132 = ORIENTED_EDGE('',*,*,#6133,.T.);
#6133 = EDGE_CURVE('',#1035,#6134,#6136,.T.);
#6134 = VERTEX_POINT('',#6135);
#6135 = CARTESIAN_POINT('',(0.249156200453,1.50461115225,38.));
#6136 = LINE('',#6137,#6138);
#6137 = CARTESIAN_POINT('',(0.249156200453,1.50461115225,40.));
#6138 = VECTOR('',#6139,1.);
#6139 = DIRECTION('',(-0.,-0.,-1.));
#6140 = ORIENTED_EDGE('',*,*,#6141,.T.);
#6141 = EDGE_CURVE('',#6134,#6108,#6142,.T.);
#6142 = B_SPLINE_CURVE_WITH_KNOTS('',2,(#6143,#6144,#6145),
  .UNSPECIFIED.,.F.,.F.,(3,3),(0.,1.),.PIECEWISE_BEZIER_KNOTS.);
#6143 = CARTESIAN_POINT('',(0.249156200453,1.50461115225,38.));
#6144 = CARTESIAN_POINT('',(0.155721402183,1.547838817957,38.));
#6145 = CARTESIAN_POINT('',(3.639503330646E-02,1.582285864066,38.));
#6146 = ORIENTED_EDGE('',*,*,#6107,.F.);
#6147 = ORIENTED_EDGE('',*,*,#1042,.F.);
#6148 = SURFACE_OF_LINEAR_EXTRUSION('',#6149,#6153);
#6149 = B_SPLINE_CURVE_WITH_KNOTS('',2,(#6150,#6151,#6152),
  .UNSPECIFIED.,.F.,.F.,(3,3),(0.,1.),.PIECEWISE_BEZIER_KNOTS.);
#6150 = CARTESIAN_POINT('',(0.249156200453,1.50461115225,40.));
#6151 = CARTESIAN_POINT('',(0.155721402183,1.547838817957,40.));
#6152 = CARTESIAN_POINT('',(3.639503330646E-02,1.582285864066,40.));
#6153 = VECTOR('',#6154,1.);
#6154 = DIRECTION('',(0.,0.,1.));
#6155 = ADVANCED_FACE('',(#6156),#6174,.T.);
#6156 = FACE_BOUND('',#6157,.T.);
#6157 = EDGE_LOOP('',(#6158,#6166,#6172,#6173));
#6158 = ORIENTED_EDGE('',*,*,#6159,.T.);
#6159 = EDGE_CURVE('',#1027,#6160,#6162,.T.);
#6160 = VERTEX_POINT('',#6161);
#6161 = CARTESIAN_POINT('',(0.413511387773,1.426936440435,38.));
#6162 = LINE('',#6163,#6164);
#6163 = CARTESIAN_POINT('',(0.413511387773,1.426936440435,40.));
#6164 = VECTOR('',#6165,1.);
#6165 = DIRECTION('',(-0.,-0.,-1.));
#6166 = ORIENTED_EDGE('',*,*,#6167,.T.);
#6167 = EDGE_CURVE('',#6160,#6134,#6168,.T.);
#6168 = B_SPLINE_CURVE_WITH_KNOTS('',2,(#6169,#6170,#6171),
  .UNSPECIFIED.,.F.,.F.,(3,3),(0.,1.),.PIECEWISE_BEZIER_KNOTS.);
#6169 = CARTESIAN_POINT('',(0.413511387773,1.426936440435,38.));
#6170 = CARTESIAN_POINT('',(0.342590998724,1.461383486544,38.));
#6171 = CARTESIAN_POINT('',(0.249156200453,1.50461115225,38.));
#6172 = ORIENTED_EDGE('',*,*,#6133,.F.);
#6173 = ORIENTED_EDGE('',*,*,#1034,.F.);
#6174 = SURFACE_OF_LINEAR_EXTRUSION('',#6175,#6179);
#6175 = B_SPLINE_CURVE_WITH_KNOTS('',2,(#6176,#6177,#6178),
  .UNSPECIFIED.,.F.,.F.,(3,3),(0.,1.),.PIECEWISE_BEZIER_KNOTS.);
#6176 = CARTESIAN_POINT('',(0.413511387773,1.426936440435,40.));
#6177 = CARTESIAN_POINT('',(0.342590998724,1.461383486544,40.));
#6178 = CARTESIAN_POINT('',(0.249156200453,1.50461115225,40.));
#6179 = VECTOR('',#6180,1.);
#6180 = DIRECTION('',(0.,0.,1.));
#6181 = ADVANCED_FACE('',(#6182),#6200,.T.);
#6182 = FACE_BOUND('',#6183,.T.);
#6183 = EDGE_LOOP('',(#6184,#6192,#6198,#6199));
#6184 = ORIENTED_EDGE('',*,*,#6185,.T.);
#6185 = EDGE_CURVE('',#1019,#6186,#6188,.T.);
#6186 = VERTEX_POINT('',#6187);
#6187 = CARTESIAN_POINT('',(0.546571546275,1.392489394325,38.));
#6188 = LINE('',#6189,#6190);
#6189 = CARTESIAN_POINT('',(0.546571546275,1.392489394325,40.));
#6190 = VECTOR('',#6191,1.);
#6191 = DIRECTION('',(-0.,-0.,-1.));
#6192 = ORIENTED_EDGE('',*,*,#6193,.T.);
#6193 = EDGE_CURVE('',#6186,#6160,#6194,.T.);
#6194 = B_SPLINE_CURVE_WITH_KNOTS('',2,(#6195,#6196,#6197),
  .UNSPECIFIED.,.F.,.F.,(3,3),(0.,1.),.PIECEWISE_BEZIER_KNOTS.);
#6195 = CARTESIAN_POINT('',(0.546571546275,1.392489394325,38.));
#6196 = CARTESIAN_POINT('',(0.484431776822,1.392489394325,38.));
#6197 = CARTESIAN_POINT('',(0.413511387773,1.426936440435,38.));
#6198 = ORIENTED_EDGE('',*,*,#6159,.F.);
#6199 = ORIENTED_EDGE('',*,*,#1026,.F.);
#6200 = SURFACE_OF_LINEAR_EXTRUSION('',#6201,#6205);
#6201 = B_SPLINE_CURVE_WITH_KNOTS('',2,(#6202,#6203,#6204),
  .UNSPECIFIED.,.F.,.F.,(3,3),(0.,1.),.PIECEWISE_BEZIER_KNOTS.);
#6202 = CARTESIAN_POINT('',(0.546571546275,1.392489394325,40.));
#6203 = CARTESIAN_POINT('',(0.484431776822,1.392489394325,40.));
#6204 = CARTESIAN_POINT('',(0.413511387773,1.426936440435,40.));
#6205 = VECTOR('',#6206,1.);
#6206 = DIRECTION('',(0.,0.,1.));
#6207 = ADVANCED_FACE('',(#6208),#6226,.T.);
#6208 = FACE_BOUND('',#6209,.T.);
#6209 = EDGE_LOOP('',(#6210,#6218,#6224,#6225));
#6210 = ORIENTED_EDGE('',*,*,#6211,.T.);
#6211 = EDGE_CURVE('',#1011,#6212,#6214,.T.);
#6212 = VERTEX_POINT('',#6213);
#6213 = CARTESIAN_POINT('',(0.643383505929,1.414778659455,38.));
#6214 = LINE('',#6215,#6216);
#6215 = CARTESIAN_POINT('',(0.643383505929,1.414778659455,40.));
#6216 = VECTOR('',#6217,1.);
#6217 = DIRECTION('',(-0.,-0.,-1.));
#6218 = ORIENTED_EDGE('',*,*,#6219,.T.);
#6219 = EDGE_CURVE('',#6212,#6186,#6220,.T.);
#6220 = B_SPLINE_CURVE_WITH_KNOTS('',2,(#6221,#6222,#6223),
  .UNSPECIFIED.,.F.,.F.,(3,3),(0.,1.),.PIECEWISE_BEZIER_KNOTS.);
#6221 = CARTESIAN_POINT('',(0.643383505929,1.414778659455,38.));
#6222 = CARTESIAN_POINT('',(0.605334154344,1.392489394325,38.));
#6223 = CARTESIAN_POINT('',(0.546571546275,1.392489394325,38.));
#6224 = ORIENTED_EDGE('',*,*,#6185,.F.);
#6225 = ORIENTED_EDGE('',*,*,#1018,.F.);
#6226 = SURFACE_OF_LINEAR_EXTRUSION('',#6227,#6231);
#6227 = B_SPLINE_CURVE_WITH_KNOTS('',2,(#6228,#6229,#6230),
  .UNSPECIFIED.,.F.,.F.,(3,3),(0.,1.),.PIECEWISE_BEZIER_KNOTS.);
#6228 = CARTESIAN_POINT('',(0.643383505929,1.414778659455,40.));
#6229 = CARTESIAN_POINT('',(0.605334154344,1.392489394325,40.));
#6230 = CARTESIAN_POINT('',(0.546571546275,1.392489394325,40.));
#6231 = VECTOR('',#6232,1.);
#6232 = DIRECTION('',(0.,0.,1.));
#6233 = ADVANCED_FACE('',(#6234),#6245,.T.);
#6234 = FACE_BOUND('',#6235,.T.);
#6235 = EDGE_LOOP('',(#6236,#6237,#6243,#6244));
#6236 = ORIENTED_EDGE('',*,*,#4976,.T.);
#6237 = ORIENTED_EDGE('',*,*,#6238,.T.);
#6238 = EDGE_CURVE('',#4969,#6212,#6239,.T.);
#6239 = B_SPLINE_CURVE_WITH_KNOTS('',2,(#6240,#6241,#6242),
  .UNSPECIFIED.,.F.,.F.,(3,3),(0.,1.),.PIECEWISE_BEZIER_KNOTS.);
#6240 = CARTESIAN_POINT('',(0.716105047716,1.492003083086,38.));
#6241 = CARTESIAN_POINT('',(0.681432857514,1.437067924585,38.));
#6242 = CARTESIAN_POINT('',(0.643383505929,1.414778659455,38.));
#6243 = ORIENTED_EDGE('',*,*,#6211,.F.);
#6244 = ORIENTED_EDGE('',*,*,#1010,.F.);
#6245 = SURFACE_OF_LINEAR_EXTRUSION('',#6246,#6250);
#6246 = B_SPLINE_CURVE_WITH_KNOTS('',2,(#6247,#6248,#6249),
  .UNSPECIFIED.,.F.,.F.,(3,3),(0.,1.),.PIECEWISE_BEZIER_KNOTS.);
#6247 = CARTESIAN_POINT('',(0.716105047716,1.492003083086,40.));
#6248 = CARTESIAN_POINT('',(0.681432857514,1.437067924585,40.));
#6249 = CARTESIAN_POINT('',(0.643383505929,1.414778659455,40.));
#6250 = VECTOR('',#6251,1.);
#6251 = DIRECTION('',(0.,0.,1.));
#6252 = ADVANCED_FACE('',(#6253),#6278,.T.);
#6253 = FACE_BOUND('',#6254,.T.);
#6254 = EDGE_LOOP('',(#6255,#6263,#6271,#6277));
#6255 = ORIENTED_EDGE('',*,*,#6256,.T.);
#6256 = EDGE_CURVE('',#1403,#6257,#6259,.T.);
#6257 = VERTEX_POINT('',#6258);
#6258 = CARTESIAN_POINT('',(-6.380211594936,0.593678155132,38.));
#6259 = LINE('',#6260,#6261);
#6260 = CARTESIAN_POINT('',(-6.380211594936,0.593678155132,40.));
#6261 = VECTOR('',#6262,1.);
#6262 = DIRECTION('',(-0.,-0.,-1.));
#6263 = ORIENTED_EDGE('',*,*,#6264,.T.);
#6264 = EDGE_CURVE('',#6257,#6265,#6267,.T.);
#6265 = VERTEX_POINT('',#6266);
#6266 = CARTESIAN_POINT('',(-6.777816061794,0.593678155132,38.));
#6267 = LINE('',#6268,#6269);
#6268 = CARTESIAN_POINT('',(-6.380211594936,0.593678155132,38.));
#6269 = VECTOR('',#6270,1.);
#6270 = DIRECTION('',(-1.,0.,0.));
#6271 = ORIENTED_EDGE('',*,*,#6272,.F.);
#6272 = EDGE_CURVE('',#1405,#6265,#6273,.T.);
#6273 = LINE('',#6274,#6275);
#6274 = CARTESIAN_POINT('',(-6.777816061794,0.593678155132,40.));
#6275 = VECTOR('',#6276,1.);
#6276 = DIRECTION('',(-0.,-0.,-1.));
#6277 = ORIENTED_EDGE('',*,*,#1402,.F.);
#6278 = PLANE('',#6279);
#6279 = AXIS2_PLACEMENT_3D('',#6280,#6281,#6282);
#6280 = CARTESIAN_POINT('',(-6.380211594936,0.593678155132,40.));
#6281 = DIRECTION('',(0.,1.,0.));
#6282 = DIRECTION('',(-1.,0.,0.));
#6283 = ADVANCED_FACE('',(#6284),#6302,.T.);
#6284 = FACE_BOUND('',#6285,.T.);
#6285 = EDGE_LOOP('',(#6286,#6294,#6300,#6301));
#6286 = ORIENTED_EDGE('',*,*,#6287,.T.);
#6287 = EDGE_CURVE('',#1557,#6288,#6290,.T.);
#6288 = VERTEX_POINT('',#6289);
#6289 = CARTESIAN_POINT('',(-6.171052733264,0.555628803547,38.));
#6290 = LINE('',#6291,#6292);
#6291 = CARTESIAN_POINT('',(-6.171052733264,0.555628803547,40.));
#6292 = VECTOR('',#6293,1.);
#6293 = DIRECTION('',(-0.,-0.,-1.));
#6294 = ORIENTED_EDGE('',*,*,#6295,.T.);
#6295 = EDGE_CURVE('',#6288,#6257,#6296,.T.);
#6296 = B_SPLINE_CURVE_WITH_KNOTS('',2,(#6297,#6298,#6299),
  .UNSPECIFIED.,.F.,.F.,(3,3),(0.,1.),.PIECEWISE_BEZIER_KNOTS.);
#6297 = CARTESIAN_POINT('',(-6.171052733264,0.555628803547,38.));
#6298 = CARTESIAN_POINT('',(-6.241973122313,0.593678155132,38.));
#6299 = CARTESIAN_POINT('',(-6.380211594936,0.593678155132,38.));
#6300 = ORIENTED_EDGE('',*,*,#6256,.F.);
#6301 = ORIENTED_EDGE('',*,*,#1564,.F.);
#6302 = SURFACE_OF_LINEAR_EXTRUSION('',#6303,#6307);
#6303 = B_SPLINE_CURVE_WITH_KNOTS('',2,(#6304,#6305,#6306),
  .UNSPECIFIED.,.F.,.F.,(3,3),(0.,1.),.PIECEWISE_BEZIER_KNOTS.);
#6304 = CARTESIAN_POINT('',(-6.171052733264,0.555628803547,40.));
#6305 = CARTESIAN_POINT('',(-6.241973122313,0.593678155132,40.));
#6306 = CARTESIAN_POINT('',(-6.380211594936,0.593678155132,40.));
#6307 = VECTOR('',#6308,1.);
#6308 = DIRECTION('',(0.,0.,1.));
#6309 = ADVANCED_FACE('',(#6310),#6328,.T.);
#6310 = FACE_BOUND('',#6311,.T.);
#6311 = EDGE_LOOP('',(#6312,#6320,#6326,#6327));
#6312 = ORIENTED_EDGE('',*,*,#6313,.T.);
#6313 = EDGE_CURVE('',#1549,#6314,#6316,.T.);
#6314 = VERTEX_POINT('',#6315);
#6315 = CARTESIAN_POINT('',(-6.041369736146,0.427746959167,38.));
#6316 = LINE('',#6317,#6318);
#6317 = CARTESIAN_POINT('',(-6.041369736146,0.427746959167,40.));
#6318 = VECTOR('',#6319,1.);
#6319 = DIRECTION('',(-0.,-0.,-1.));
#6320 = ORIENTED_EDGE('',*,*,#6321,.T.);
#6321 = EDGE_CURVE('',#6314,#6288,#6322,.T.);
#6322 = B_SPLINE_CURVE_WITH_KNOTS('',2,(#6323,#6324,#6325),
  .UNSPECIFIED.,.F.,.F.,(3,3),(0.,1.),.PIECEWISE_BEZIER_KNOTS.);
#6323 = CARTESIAN_POINT('',(-6.041369736146,0.427746959167,38.));
#6324 = CARTESIAN_POINT('',(-6.100132344215,0.517579451962,38.));
#6325 = CARTESIAN_POINT('',(-6.171052733264,0.555628803547,38.));
#6326 = ORIENTED_EDGE('',*,*,#6287,.F.);
#6327 = ORIENTED_EDGE('',*,*,#1556,.F.);
#6328 = SURFACE_OF_LINEAR_EXTRUSION('',#6329,#6333);
#6329 = B_SPLINE_CURVE_WITH_KNOTS('',2,(#6330,#6331,#6332),
  .UNSPECIFIED.,.F.,.F.,(3,3),(0.,1.),.PIECEWISE_BEZIER_KNOTS.);
#6330 = CARTESIAN_POINT('',(-6.041369736146,0.427746959167,40.));
#6331 = CARTESIAN_POINT('',(-6.100132344215,0.517579451962,40.));
#6332 = CARTESIAN_POINT('',(-6.171052733264,0.555628803547,40.));
#6333 = VECTOR('',#6334,1.);
#6334 = DIRECTION('',(0.,0.,1.));
#6335 = ADVANCED_FACE('',(#6336),#6354,.T.);
#6336 = FACE_BOUND('',#6337,.T.);
#6337 = EDGE_LOOP('',(#6338,#6346,#6352,#6353));
#6338 = ORIENTED_EDGE('',*,*,#6339,.T.);
#6339 = EDGE_CURVE('',#1541,#6340,#6342,.T.);
#6340 = VERTEX_POINT('',#6341);
#6341 = CARTESIAN_POINT('',(-4.989946825483,-1.172126960141,38.));
#6342 = LINE('',#6343,#6344);
#6343 = CARTESIAN_POINT('',(-4.989946825483,-1.172126960141,40.));
#6344 = VECTOR('',#6345,1.);
#6345 = DIRECTION('',(-0.,-0.,-1.));
#6346 = ORIENTED_EDGE('',*,*,#6347,.T.);
#6347 = EDGE_CURVE('',#6340,#6314,#6348,.T.);
#6348 = LINE('',#6349,#6350);
#6349 = CARTESIAN_POINT('',(-4.989946825483,-1.172126960141,38.));
#6350 = VECTOR('',#6351,1.);
#6351 = DIRECTION('',(-0.549206046704,0.83568697385,0.));
#6352 = ORIENTED_EDGE('',*,*,#6313,.F.);
#6353 = ORIENTED_EDGE('',*,*,#1548,.F.);
#6354 = PLANE('',#6355);
#6355 = AXIS2_PLACEMENT_3D('',#6356,#6357,#6358);
#6356 = CARTESIAN_POINT('',(-4.989946825483,-1.172126960141,40.));
#6357 = DIRECTION('',(0.83568697385,0.549206046704,0.));
#6358 = DIRECTION('',(-0.549206046704,0.83568697385,0.));
#6359 = ADVANCED_FACE('',(#6360),#6378,.T.);
#6360 = FACE_BOUND('',#6361,.T.);
#6361 = EDGE_LOOP('',(#6362,#6370,#6376,#6377));
#6362 = ORIENTED_EDGE('',*,*,#6363,.T.);
#6363 = EDGE_CURVE('',#1533,#6364,#6366,.T.);
#6364 = VERTEX_POINT('',#6365);
#6365 = CARTESIAN_POINT('',(-4.84653003874,-1.310365432764,38.));
#6366 = LINE('',#6367,#6368);
#6367 = CARTESIAN_POINT('',(-4.84653003874,-1.310365432764,40.));
#6368 = VECTOR('',#6369,1.);
#6369 = DIRECTION('',(-0.,-0.,-1.));
#6370 = ORIENTED_EDGE('',*,*,#6371,.T.);
#6371 = EDGE_CURVE('',#6364,#6340,#6372,.T.);
#6372 = B_SPLINE_CURVE_WITH_KNOTS('',2,(#6373,#6374,#6375),
  .UNSPECIFIED.,.F.,.F.,(3,3),(0.,1.),.PIECEWISE_BEZIER_KNOTS.);
#6373 = CARTESIAN_POINT('',(-4.84653003874,-1.310365432764,38.));
#6374 = CARTESIAN_POINT('',(-4.931184217414,-1.261959452937,38.));
#6375 = CARTESIAN_POINT('',(-4.989946825483,-1.172126960141,38.));
#6376 = ORIENTED_EDGE('',*,*,#6339,.F.);
#6377 = ORIENTED_EDGE('',*,*,#1540,.F.);
#6378 = SURFACE_OF_LINEAR_EXTRUSION('',#6379,#6383);
#6379 = B_SPLINE_CURVE_WITH_KNOTS('',2,(#6380,#6381,#6382),
  .UNSPECIFIED.,.F.,.F.,(3,3),(0.,1.),.PIECEWISE_BEZIER_KNOTS.);
#6380 = CARTESIAN_POINT('',(-4.84653003874,-1.310365432764,40.));
#6381 = CARTESIAN_POINT('',(-4.931184217414,-1.261959452937,40.));
#6382 = CARTESIAN_POINT('',(-4.989946825483,-1.172126960141,40.));
#6383 = VECTOR('',#6384,1.);
#6384 = DIRECTION('',(0.,0.,1.));
#6385 = ADVANCED_FACE('',(#6386),#6404,.T.);
#6386 = FACE_BOUND('',#6387,.T.);
#6387 = EDGE_LOOP('',(#6388,#6396,#6402,#6403));
#6388 = ORIENTED_EDGE('',*,*,#6389,.T.);
#6389 = EDGE_CURVE('',#1525,#6390,#6392,.T.);
#6390 = VERTEX_POINT('',#6391);
#6391 = CARTESIAN_POINT('',(-4.640748338451,-1.358771412591,38.));
#6392 = LINE('',#6393,#6394);
#6393 = CARTESIAN_POINT('',(-4.640748338451,-1.358771412591,40.));
#6394 = VECTOR('',#6395,1.);
#6395 = DIRECTION('',(-0.,-0.,-1.));
#6396 = ORIENTED_EDGE('',*,*,#6397,.T.);
#6397 = EDGE_CURVE('',#6390,#6364,#6398,.T.);
#6398 = B_SPLINE_CURVE_WITH_KNOTS('',2,(#6399,#6400,#6401),
  .UNSPECIFIED.,.F.,.F.,(3,3),(0.,1.),.PIECEWISE_BEZIER_KNOTS.);
#6399 = CARTESIAN_POINT('',(-4.640748338451,-1.358771412591,38.));
#6400 = CARTESIAN_POINT('',(-4.761650715973,-1.358771412591,38.));
#6401 = CARTESIAN_POINT('',(-4.84653003874,-1.310365432764,38.));
#6402 = ORIENTED_EDGE('',*,*,#6363,.F.);
#6403 = ORIENTED_EDGE('',*,*,#1532,.F.);
#6404 = SURFACE_OF_LINEAR_EXTRUSION('',#6405,#6409);
#6405 = B_SPLINE_CURVE_WITH_KNOTS('',2,(#6406,#6407,#6408),
  .UNSPECIFIED.,.F.,.F.,(3,3),(0.,1.),.PIECEWISE_BEZIER_KNOTS.);
#6406 = CARTESIAN_POINT('',(-4.640748338451,-1.358771412591,40.));
#6407 = CARTESIAN_POINT('',(-4.761650715973,-1.358771412591,40.));
#6408 = CARTESIAN_POINT('',(-4.84653003874,-1.310365432764,40.));
#6409 = VECTOR('',#6410,1.);
#6410 = DIRECTION('',(0.,0.,1.));
#6411 = ADVANCED_FACE('',(#6412),#6430,.T.);
#6412 = FACE_BOUND('',#6413,.T.);
#6413 = EDGE_LOOP('',(#6414,#6422,#6428,#6429));
#6414 = ORIENTED_EDGE('',*,*,#6415,.T.);
#6415 = EDGE_CURVE('',#1517,#6416,#6418,.T.);
#6416 = VERTEX_POINT('',#6417);
#6417 = CARTESIAN_POINT('',(-3.803887747673,-1.358771412591,38.));
#6418 = LINE('',#6419,#6420);
#6419 = CARTESIAN_POINT('',(-3.803887747673,-1.358771412591,40.));
#6420 = VECTOR('',#6421,1.);
#6421 = DIRECTION('',(-0.,-0.,-1.));
#6422 = ORIENTED_EDGE('',*,*,#6423,.T.);
#6423 = EDGE_CURVE('',#6416,#6390,#6424,.T.);
#6424 = LINE('',#6425,#6426);
#6425 = CARTESIAN_POINT('',(-3.803887747673,-1.358771412591,38.));
#6426 = VECTOR('',#6427,1.);
#6427 = DIRECTION('',(-1.,0.,0.));
#6428 = ORIENTED_EDGE('',*,*,#6389,.F.);
#6429 = ORIENTED_EDGE('',*,*,#1524,.F.);
#6430 = PLANE('',#6431);
#6431 = AXIS2_PLACEMENT_3D('',#6432,#6433,#6434);
#6432 = CARTESIAN_POINT('',(-3.803887747673,-1.358771412591,40.));
#6433 = DIRECTION('',(0.,1.,0.));
#6434 = DIRECTION('',(-1.,0.,0.));
#6435 = ADVANCED_FACE('',(#6436),#6454,.T.);
#6436 = FACE_BOUND('',#6437,.T.);
#6437 = EDGE_LOOP('',(#6438,#6446,#6452,#6453));
#6438 = ORIENTED_EDGE('',*,*,#6439,.T.);
#6439 = EDGE_CURVE('',#1509,#6440,#6442,.T.);
#6440 = VERTEX_POINT('',#6441);
#6441 = CARTESIAN_POINT('',(-5.055688900411,0.484483270406,38.));
#6442 = LINE('',#6443,#6444);
#6443 = CARTESIAN_POINT('',(-5.055688900411,0.484483270406,40.));
#6444 = VECTOR('',#6445,1.);
#6445 = DIRECTION('',(-0.,-0.,-1.));
#6446 = ORIENTED_EDGE('',*,*,#6447,.T.);
#6447 = EDGE_CURVE('',#6440,#6416,#6448,.T.);
#6448 = LINE('',#6449,#6450);
#6449 = CARTESIAN_POINT('',(-5.055688900411,0.484483270406,38.));
#6450 = VECTOR('',#6451,1.);
#6451 = DIRECTION('',(0.561815193865,-0.827262768377,0.));
#6452 = ORIENTED_EDGE('',*,*,#6415,.F.);
#6453 = ORIENTED_EDGE('',*,*,#1516,.F.);
#6454 = PLANE('',#6455);
#6455 = AXIS2_PLACEMENT_3D('',#6456,#6457,#6458);
#6456 = CARTESIAN_POINT('',(-5.055688900411,0.484483270406,40.));
#6457 = DIRECTION('',(-0.827262768377,-0.561815193865,0.));
#6458 = DIRECTION('',(0.561815193865,-0.827262768377,0.));
#6459 = ADVANCED_FACE('',(#6460),#6478,.T.);
#6460 = FACE_BOUND('',#6461,.T.);
#6461 = EDGE_LOOP('',(#6462,#6470,#6476,#6477));
#6462 = ORIENTED_EDGE('',*,*,#6463,.T.);
#6463 = EDGE_CURVE('',#1501,#6464,#6466,.T.);
#6464 = VERTEX_POINT('',#6465);
#6465 = CARTESIAN_POINT('',(-5.360083713091,0.770866555709,38.));
#6466 = LINE('',#6467,#6468);
#6467 = CARTESIAN_POINT('',(-5.360083713091,0.770866555709,40.));
#6468 = VECTOR('',#6469,1.);
#6469 = DIRECTION('',(-0.,-0.,-1.));
#6470 = ORIENTED_EDGE('',*,*,#6471,.T.);
#6471 = EDGE_CURVE('',#6464,#6440,#6472,.T.);
#6472 = B_SPLINE_CURVE_WITH_KNOTS('',2,(#6473,#6474,#6475),
  .UNSPECIFIED.,.F.,.F.,(3,3),(0.,1.),.PIECEWISE_BEZIER_KNOTS.);
#6473 = CARTESIAN_POINT('',(-5.360083713091,0.770866555709,38.));
#6474 = CARTESIAN_POINT('',(-5.183570744792,0.670677434671,38.));
#6475 = CARTESIAN_POINT('',(-5.055688900411,0.484483270406,38.));
#6476 = ORIENTED_EDGE('',*,*,#6439,.F.);
#6477 = ORIENTED_EDGE('',*,*,#1508,.F.);
#6478 = SURFACE_OF_LINEAR_EXTRUSION('',#6479,#6483);
#6479 = B_SPLINE_CURVE_WITH_KNOTS('',2,(#6480,#6481,#6482),
  .UNSPECIFIED.,.F.,.F.,(3,3),(0.,1.),.PIECEWISE_BEZIER_KNOTS.);
#6480 = CARTESIAN_POINT('',(-5.360083713091,0.770866555709,40.));
#6481 = CARTESIAN_POINT('',(-5.183570744792,0.670677434671,40.));
#6482 = CARTESIAN_POINT('',(-5.055688900411,0.484483270406,40.));
#6483 = VECTOR('',#6484,1.);
#6484 = DIRECTION('',(0.,0.,1.));
#6485 = ADVANCED_FACE('',(#6486),#6504,.T.);
#6486 = FACE_BOUND('',#6487,.T.);
#6487 = EDGE_LOOP('',(#6488,#6496,#6502,#6503));
#6488 = ORIENTED_EDGE('',*,*,#6489,.T.);
#6489 = EDGE_CURVE('',#1493,#6490,#6492,.T.);
#6490 = VERTEX_POINT('',#6491);
#6491 = CARTESIAN_POINT('',(-4.891558857183,0.991732910176,38.));
#6492 = LINE('',#6493,#6494);
#6493 = CARTESIAN_POINT('',(-4.891558857183,0.991732910176,40.));
#6494 = VECTOR('',#6495,1.);
#6495 = DIRECTION('',(-0.,-0.,-1.));
#6496 = ORIENTED_EDGE('',*,*,#6497,.T.);
#6497 = EDGE_CURVE('',#6490,#6464,#6498,.T.);
#6498 = B_SPLINE_CURVE_WITH_KNOTS('',2,(#6499,#6500,#6501),
  .UNSPECIFIED.,.F.,.F.,(3,3),(0.,1.),.PIECEWISE_BEZIER_KNOTS.);
#6499 = CARTESIAN_POINT('',(-4.891558857183,0.991732910176,38.));
#6500 = CARTESIAN_POINT('',(-5.097115413379,0.853719581645,38.));
#6501 = CARTESIAN_POINT('',(-5.360083713091,0.770866555709,38.));
#6502 = ORIENTED_EDGE('',*,*,#6463,.F.);
#6503 = ORIENTED_EDGE('',*,*,#1500,.F.);
#6504 = SURFACE_OF_LINEAR_EXTRUSION('',#6505,#6509);
#6505 = B_SPLINE_CURVE_WITH_KNOTS('',2,(#6506,#6507,#6508),
  .UNSPECIFIED.,.F.,.F.,(3,3),(0.,1.),.PIECEWISE_BEZIER_KNOTS.);
#6506 = CARTESIAN_POINT('',(-4.891558857183,0.991732910176,40.));
#6507 = CARTESIAN_POINT('',(-5.097115413379,0.853719581645,40.));
#6508 = CARTESIAN_POINT('',(-5.360083713091,0.770866555709,40.));
#6509 = VECTOR('',#6510,1.);
#6510 = DIRECTION('',(0.,0.,1.));
#6511 = ADVANCED_FACE('',(#6512),#6530,.T.);
#6512 = FACE_BOUND('',#6513,.T.);
#6513 = EDGE_LOOP('',(#6514,#6522,#6528,#6529));
#6514 = ORIENTED_EDGE('',*,*,#6515,.T.);
#6515 = EDGE_CURVE('',#1485,#6516,#6518,.T.);
#6516 = VERTEX_POINT('',#6517);
#6517 = CARTESIAN_POINT('',(-4.545737531535,1.313013529772,38.));
#6518 = LINE('',#6519,#6520);
#6519 = CARTESIAN_POINT('',(-4.545737531535,1.313013529772,40.));
#6520 = VECTOR('',#6521,1.);
#6521 = DIRECTION('',(-0.,-0.,-1.));
#6522 = ORIENTED_EDGE('',*,*,#6523,.T.);
#6523 = EDGE_CURVE('',#6516,#6490,#6524,.T.);
#6524 = B_SPLINE_CURVE_WITH_KNOTS('',2,(#6525,#6526,#6527),
  .UNSPECIFIED.,.F.,.F.,(3,3),(0.,1.),.PIECEWISE_BEZIER_KNOTS.);
#6525 = CARTESIAN_POINT('',(-4.545737531535,1.313013529772,38.));
#6526 = CARTESIAN_POINT('',(-4.685777156895,1.129971382798,38.));
#6527 = CARTESIAN_POINT('',(-4.891558857183,0.991732910176,38.));
#6528 = ORIENTED_EDGE('',*,*,#6489,.F.);
#6529 = ORIENTED_EDGE('',*,*,#1492,.F.);
#6530 = SURFACE_OF_LINEAR_EXTRUSION('',#6531,#6535);
#6531 = B_SPLINE_CURVE_WITH_KNOTS('',2,(#6532,#6533,#6534),
  .UNSPECIFIED.,.F.,.F.,(3,3),(0.,1.),.PIECEWISE_BEZIER_KNOTS.);
#6532 = CARTESIAN_POINT('',(-4.545737531535,1.313013529772,40.));
#6533 = CARTESIAN_POINT('',(-4.685777156895,1.129971382798,40.));
#6534 = CARTESIAN_POINT('',(-4.891558857183,0.991732910176,40.));
#6535 = VECTOR('',#6536,1.);
#6536 = DIRECTION('',(0.,0.,1.));
#6537 = ADVANCED_FACE('',(#6538),#6556,.T.);
#6538 = FACE_BOUND('',#6539,.T.);
#6539 = EDGE_LOOP('',(#6540,#6548,#6554,#6555));
#6540 = ORIENTED_EDGE('',*,*,#6541,.T.);
#6541 = EDGE_CURVE('',#1477,#6542,#6544,.T.);
#6542 = VERTEX_POINT('',#6543);
#6543 = CARTESIAN_POINT('',(-4.33117521165,1.720524336689,38.));
#6544 = LINE('',#6545,#6546);
#6545 = CARTESIAN_POINT('',(-4.33117521165,1.720524336689,40.));
#6546 = VECTOR('',#6547,1.);
#6547 = DIRECTION('',(-0.,-0.,-1.));
#6548 = ORIENTED_EDGE('',*,*,#6549,.T.);
#6549 = EDGE_CURVE('',#6542,#6516,#6550,.T.);
#6550 = B_SPLINE_CURVE_WITH_KNOTS('',2,(#6551,#6552,#6553),
  .UNSPECIFIED.,.F.,.F.,(3,3),(0.,1.),.PIECEWISE_BEZIER_KNOTS.);
#6551 = CARTESIAN_POINT('',(-4.33117521165,1.720524336689,38.));
#6552 = CARTESIAN_POINT('',(-4.405472762083,1.496055676746,38.));
#6553 = CARTESIAN_POINT('',(-4.545737531535,1.313013529772,38.));
#6554 = ORIENTED_EDGE('',*,*,#6515,.F.);
#6555 = ORIENTED_EDGE('',*,*,#1484,.F.);
#6556 = SURFACE_OF_LINEAR_EXTRUSION('',#6557,#6561);
#6557 = B_SPLINE_CURVE_WITH_KNOTS('',2,(#6558,#6559,#6560),
  .UNSPECIFIED.,.F.,.F.,(3,3),(0.,1.),.PIECEWISE_BEZIER_KNOTS.);
#6558 = CARTESIAN_POINT('',(-4.33117521165,1.720524336689,40.));
#6559 = CARTESIAN_POINT('',(-4.405472762083,1.496055676746,40.));
#6560 = CARTESIAN_POINT('',(-4.545737531535,1.313013529772,40.));
#6561 = VECTOR('',#6562,1.);
#6562 = DIRECTION('',(0.,0.,1.));
#6563 = ADVANCED_FACE('',(#6564),#6582,.T.);
#6564 = FACE_BOUND('',#6565,.T.);
#6565 = EDGE_LOOP('',(#6566,#6574,#6580,#6581));
#6566 = ORIENTED_EDGE('',*,*,#6567,.T.);
#6567 = EDGE_CURVE('',#1469,#6568,#6570,.T.);
#6568 = VERTEX_POINT('',#6569);
#6569 = CARTESIAN_POINT('',(-4.256877661218,2.197154379916,38.));
#6570 = LINE('',#6571,#6572);
#6571 = CARTESIAN_POINT('',(-4.256877661218,2.197154379916,40.));
#6572 = VECTOR('',#6573,1.);
#6573 = DIRECTION('',(-0.,-0.,-1.));
#6574 = ORIENTED_EDGE('',*,*,#6575,.T.);
#6575 = EDGE_CURVE('',#6568,#6542,#6576,.T.);
#6576 = B_SPLINE_CURVE_WITH_KNOTS('',2,(#6577,#6578,#6579),
  .UNSPECIFIED.,.F.,.F.,(3,3),(0.,1.),.PIECEWISE_BEZIER_KNOTS.);
#6577 = CARTESIAN_POINT('',(-4.256877661218,2.197154379916,38.));
#6578 = CARTESIAN_POINT('',(-4.256877661218,1.945218140723,38.));
#6579 = CARTESIAN_POINT('',(-4.33117521165,1.720524336689,38.));
#6580 = ORIENTED_EDGE('',*,*,#6541,.F.);
#6581 = ORIENTED_EDGE('',*,*,#1476,.F.);
#6582 = SURFACE_OF_LINEAR_EXTRUSION('',#6583,#6587);
#6583 = B_SPLINE_CURVE_WITH_KNOTS('',2,(#6584,#6585,#6586),
  .UNSPECIFIED.,.F.,.F.,(3,3),(0.,1.),.PIECEWISE_BEZIER_KNOTS.);
#6584 = CARTESIAN_POINT('',(-4.256877661218,2.197154379916,40.));
#6585 = CARTESIAN_POINT('',(-4.256877661218,1.945218140723,40.));
#6586 = CARTESIAN_POINT('',(-4.33117521165,1.720524336689,40.));
#6587 = VECTOR('',#6588,1.);
#6588 = DIRECTION('',(0.,0.,1.));
#6589 = ADVANCED_FACE('',(#6590),#6608,.T.);
#6590 = FACE_BOUND('',#6591,.T.);
#6591 = EDGE_LOOP('',(#6592,#6600,#6606,#6607));
#6592 = ORIENTED_EDGE('',*,*,#6593,.T.);
#6593 = EDGE_CURVE('',#1461,#6594,#6596,.T.);
#6594 = VERTEX_POINT('',#6595);
#6595 = CARTESIAN_POINT('',(-4.365847401852,2.779151858302,38.));
#6596 = LINE('',#6597,#6598);
#6597 = CARTESIAN_POINT('',(-4.365847401852,2.779151858302,40.));
#6598 = VECTOR('',#6599,1.);
#6599 = DIRECTION('',(-0.,-0.,-1.));
#6600 = ORIENTED_EDGE('',*,*,#6601,.T.);
#6601 = EDGE_CURVE('',#6594,#6568,#6602,.T.);
#6602 = B_SPLINE_CURVE_WITH_KNOTS('',2,(#6603,#6604,#6605),
  .UNSPECIFIED.,.F.,.F.,(3,3),(0.,1.),.PIECEWISE_BEZIER_KNOTS.);
#6603 = CARTESIAN_POINT('',(-4.365847401852,2.779151858302,38.));
#6604 = CARTESIAN_POINT('',(-4.256877661218,2.515057838129,38.));
#6605 = CARTESIAN_POINT('',(-4.256877661218,2.197154379916,38.));
#6606 = ORIENTED_EDGE('',*,*,#6567,.F.);
#6607 = ORIENTED_EDGE('',*,*,#1468,.F.);
#6608 = SURFACE_OF_LINEAR_EXTRUSION('',#6609,#6613);
#6609 = B_SPLINE_CURVE_WITH_KNOTS('',2,(#6610,#6611,#6612),
  .UNSPECIFIED.,.F.,.F.,(3,3),(0.,1.),.PIECEWISE_BEZIER_KNOTS.);
#6610 = CARTESIAN_POINT('',(-4.365847401852,2.779151858302,40.));
#6611 = CARTESIAN_POINT('',(-4.256877661218,2.515057838129,40.));
#6612 = CARTESIAN_POINT('',(-4.256877661218,2.197154379916,40.));
#6613 = VECTOR('',#6614,1.);
#6614 = DIRECTION('',(0.,0.,1.));
#6615 = ADVANCED_FACE('',(#6616),#6634,.T.);
#6616 = FACE_BOUND('',#6617,.T.);
#6617 = EDGE_LOOP('',(#6618,#6626,#6632,#6633));
#6618 = ORIENTED_EDGE('',*,*,#6619,.T.);
#6619 = EDGE_CURVE('',#1453,#6620,#6622,.T.);
#6620 = VERTEX_POINT('',#6621);
#6621 = CARTESIAN_POINT('',(-4.708291566117,3.233267492308,38.));
#6622 = LINE('',#6623,#6624);
#6623 = CARTESIAN_POINT('',(-4.708291566117,3.233267492308,40.));
#6624 = VECTOR('',#6625,1.);
#6625 = DIRECTION('',(-0.,-0.,-1.));
#6626 = ORIENTED_EDGE('',*,*,#6627,.T.);
#6627 = EDGE_CURVE('',#6620,#6594,#6628,.T.);
#6628 = B_SPLINE_CURVE_WITH_KNOTS('',2,(#6629,#6630,#6631),
  .UNSPECIFIED.,.F.,.F.,(3,3),(0.,1.),.PIECEWISE_BEZIER_KNOTS.);
#6629 = CARTESIAN_POINT('',(-4.708291566117,3.233267492308,38.));
#6630 = CARTESIAN_POINT('',(-4.474817142486,3.043471022567,38.));
#6631 = CARTESIAN_POINT('',(-4.365847401852,2.779151858302,38.));
#6632 = ORIENTED_EDGE('',*,*,#6593,.F.);
#6633 = ORIENTED_EDGE('',*,*,#1460,.F.);
#6634 = SURFACE_OF_LINEAR_EXTRUSION('',#6635,#6639);
#6635 = B_SPLINE_CURVE_WITH_KNOTS('',2,(#6636,#6637,#6638),
  .UNSPECIFIED.,.F.,.F.,(3,3),(0.,1.),.PIECEWISE_BEZIER_KNOTS.);
#6636 = CARTESIAN_POINT('',(-4.708291566117,3.233267492308,40.));
#6637 = CARTESIAN_POINT('',(-4.474817142486,3.043471022567,40.));
#6638 = CARTESIAN_POINT('',(-4.365847401852,2.779151858302,40.));
#6639 = VECTOR('',#6640,1.);
#6640 = DIRECTION('',(0.,0.,1.));
#6641 = ADVANCED_FACE('',(#6642),#6660,.T.);
#6642 = FACE_BOUND('',#6643,.T.);
#6643 = EDGE_LOOP('',(#6644,#6652,#6658,#6659));
#6644 = ORIENTED_EDGE('',*,*,#6645,.T.);
#6645 = EDGE_CURVE('',#1445,#6646,#6648,.T.);
#6646 = VERTEX_POINT('',#6647);
#6647 = CARTESIAN_POINT('',(-5.306499419143,3.528656541299,38.));
#6648 = LINE('',#6649,#6650);
#6649 = CARTESIAN_POINT('',(-5.306499419143,3.528656541299,40.));
#6650 = VECTOR('',#6651,1.);
#6651 = DIRECTION('',(-0.,-0.,-1.));
#6652 = ORIENTED_EDGE('',*,*,#6653,.T.);
#6653 = EDGE_CURVE('',#6646,#6620,#6654,.T.);
#6654 = B_SPLINE_CURVE_WITH_KNOTS('',2,(#6655,#6656,#6657),
  .UNSPECIFIED.,.F.,.F.,(3,3),(0.,1.),.PIECEWISE_BEZIER_KNOTS.);
#6655 = CARTESIAN_POINT('',(-5.306499419143,3.528656541299,38.));
#6656 = CARTESIAN_POINT('',(-4.941540845656,3.423289106141,38.));
#6657 = CARTESIAN_POINT('',(-4.708291566117,3.233267492308,38.));
#6658 = ORIENTED_EDGE('',*,*,#6619,.F.);
#6659 = ORIENTED_EDGE('',*,*,#1452,.F.);
#6660 = SURFACE_OF_LINEAR_EXTRUSION('',#6661,#6665);
#6661 = B_SPLINE_CURVE_WITH_KNOTS('',2,(#6662,#6663,#6664),
  .UNSPECIFIED.,.F.,.F.,(3,3),(0.,1.),.PIECEWISE_BEZIER_KNOTS.);
#6662 = CARTESIAN_POINT('',(-5.306499419143,3.528656541299,40.));
#6663 = CARTESIAN_POINT('',(-4.941540845656,3.423289106141,40.));
#6664 = CARTESIAN_POINT('',(-4.708291566117,3.233267492308,40.));
#6665 = VECTOR('',#6666,1.);
#6666 = DIRECTION('',(0.,0.,1.));
#6667 = ADVANCED_FACE('',(#6668),#6686,.T.);
#6668 = FACE_BOUND('',#6669,.T.);
#6669 = EDGE_LOOP('',(#6670,#6678,#6684,#6685));
#6670 = ORIENTED_EDGE('',*,*,#6671,.T.);
#6671 = EDGE_CURVE('',#1437,#6672,#6674,.T.);
#6672 = VERTEX_POINT('',#6673);
#6673 = CARTESIAN_POINT('',(-6.182985370152,3.634023976458,38.));
#6674 = LINE('',#6675,#6676);
#6675 = CARTESIAN_POINT('',(-6.182985370152,3.634023976458,40.));
#6676 = VECTOR('',#6677,1.);
#6677 = DIRECTION('',(-0.,-0.,-1.));
#6678 = ORIENTED_EDGE('',*,*,#6679,.T.);
#6679 = EDGE_CURVE('',#6672,#6646,#6680,.T.);
#6680 = B_SPLINE_CURVE_WITH_KNOTS('',2,(#6681,#6682,#6683),
  .UNSPECIFIED.,.F.,.F.,(3,3),(0.,1.),.PIECEWISE_BEZIER_KNOTS.);
#6681 = CARTESIAN_POINT('',(-6.182985370152,3.634023976458,38.));
#6682 = CARTESIAN_POINT('',(-5.671232848538,3.634023976458,38.));
#6683 = CARTESIAN_POINT('',(-5.306499419143,3.528656541299,38.));
#6684 = ORIENTED_EDGE('',*,*,#6645,.F.);
#6685 = ORIENTED_EDGE('',*,*,#1444,.F.);
#6686 = SURFACE_OF_LINEAR_EXTRUSION('',#6687,#6691);
#6687 = B_SPLINE_CURVE_WITH_KNOTS('',2,(#6688,#6689,#6690),
  .UNSPECIFIED.,.F.,.F.,(3,3),(0.,1.),.PIECEWISE_BEZIER_KNOTS.);
#6688 = CARTESIAN_POINT('',(-6.182985370152,3.634023976458,40.));
#6689 = CARTESIAN_POINT('',(-5.671232848538,3.634023976458,40.));
#6690 = CARTESIAN_POINT('',(-5.306499419143,3.528656541299,40.));
#6691 = VECTOR('',#6692,1.);
#6692 = DIRECTION('',(0.,0.,1.));
#6693 = ADVANCED_FACE('',(#6694),#6712,.T.);
#6694 = FACE_BOUND('',#6695,.T.);
#6695 = EDGE_LOOP('',(#6696,#6704,#6710,#6711));
#6696 = ORIENTED_EDGE('',*,*,#6697,.T.);
#6697 = EDGE_CURVE('',#1429,#6698,#6700,.T.);
#6698 = VERTEX_POINT('',#6699);
#6699 = CARTESIAN_POINT('',(-7.708111450843,3.634023976458,38.));
#6700 = LINE('',#6701,#6702);
#6701 = CARTESIAN_POINT('',(-7.708111450843,3.634023976458,40.));
#6702 = VECTOR('',#6703,1.);
#6703 = DIRECTION('',(-0.,-0.,-1.));
#6704 = ORIENTED_EDGE('',*,*,#6705,.T.);
#6705 = EDGE_CURVE('',#6698,#6672,#6706,.T.);
#6706 = LINE('',#6707,#6708);
#6707 = CARTESIAN_POINT('',(-7.708111450843,3.634023976458,38.));
#6708 = VECTOR('',#6709,1.);
#6709 = DIRECTION('',(1.,0.,0.));
#6710 = ORIENTED_EDGE('',*,*,#6671,.F.);
#6711 = ORIENTED_EDGE('',*,*,#1436,.F.);
#6712 = PLANE('',#6713);
#6713 = AXIS2_PLACEMENT_3D('',#6714,#6715,#6716);
#6714 = CARTESIAN_POINT('',(-7.708111450843,3.634023976458,40.));
#6715 = DIRECTION('',(0.,-1.,0.));
#6716 = DIRECTION('',(1.,0.,0.));
#6717 = ADVANCED_FACE('',(#6718),#6736,.T.);
#6718 = FACE_BOUND('',#6719,.T.);
#6719 = EDGE_LOOP('',(#6720,#6728,#6734,#6735));
#6720 = ORIENTED_EDGE('',*,*,#6721,.T.);
#6721 = EDGE_CURVE('',#1421,#6722,#6724,.T.);
#6722 = VERTEX_POINT('',#6723);
#6723 = CARTESIAN_POINT('',(-7.708111450843,-1.358771412591,38.));
#6724 = LINE('',#6725,#6726);
#6725 = CARTESIAN_POINT('',(-7.708111450843,-1.358771412591,40.));
#6726 = VECTOR('',#6727,1.);
#6727 = DIRECTION('',(-0.,-0.,-1.));
#6728 = ORIENTED_EDGE('',*,*,#6729,.T.);
#6729 = EDGE_CURVE('',#6722,#6698,#6730,.T.);
#6730 = LINE('',#6731,#6732);
#6731 = CARTESIAN_POINT('',(-7.708111450843,-1.358771412591,38.));
#6732 = VECTOR('',#6733,1.);
#6733 = DIRECTION('',(0.,1.,0.));
#6734 = ORIENTED_EDGE('',*,*,#6697,.F.);
#6735 = ORIENTED_EDGE('',*,*,#1428,.F.);
#6736 = PLANE('',#6737);
#6737 = AXIS2_PLACEMENT_3D('',#6738,#6739,#6740);
#6738 = CARTESIAN_POINT('',(-7.708111450843,-1.358771412591,40.));
#6739 = DIRECTION('',(1.,0.,0.));
#6740 = DIRECTION('',(-0.,1.,0.));
#6741 = ADVANCED_FACE('',(#6742),#6760,.T.);
#6742 = FACE_BOUND('',#6743,.T.);
#6743 = EDGE_LOOP('',(#6744,#6752,#6758,#6759));
#6744 = ORIENTED_EDGE('',*,*,#6745,.T.);
#6745 = EDGE_CURVE('',#1413,#6746,#6748,.T.);
#6746 = VERTEX_POINT('',#6747);
#6747 = CARTESIAN_POINT('',(-6.777816061794,-1.358771412591,38.));
#6748 = LINE('',#6749,#6750);
#6749 = CARTESIAN_POINT('',(-6.777816061794,-1.358771412591,40.));
#6750 = VECTOR('',#6751,1.);
#6751 = DIRECTION('',(-0.,-0.,-1.));
#6752 = ORIENTED_EDGE('',*,*,#6753,.T.);
#6753 = EDGE_CURVE('',#6746,#6722,#6754,.T.);
#6754 = LINE('',#6755,#6756);
#6755 = CARTESIAN_POINT('',(-6.777816061794,-1.358771412591,38.));
#6756 = VECTOR('',#6757,1.);
#6757 = DIRECTION('',(-1.,0.,0.));
#6758 = ORIENTED_EDGE('',*,*,#6721,.F.);
#6759 = ORIENTED_EDGE('',*,*,#1420,.F.);
#6760 = PLANE('',#6761);
#6761 = AXIS2_PLACEMENT_3D('',#6762,#6763,#6764);
#6762 = CARTESIAN_POINT('',(-6.777816061794,-1.358771412591,40.));
#6763 = DIRECTION('',(0.,1.,0.));
#6764 = DIRECTION('',(-1.,0.,0.));
#6765 = ADVANCED_FACE('',(#6766),#6777,.T.);
#6766 = FACE_BOUND('',#6767,.T.);
#6767 = EDGE_LOOP('',(#6768,#6769,#6775,#6776));
#6768 = ORIENTED_EDGE('',*,*,#6272,.T.);
#6769 = ORIENTED_EDGE('',*,*,#6770,.T.);
#6770 = EDGE_CURVE('',#6265,#6746,#6771,.T.);
#6771 = LINE('',#6772,#6773);
#6772 = CARTESIAN_POINT('',(-6.777816061794,0.593678155132,38.));
#6773 = VECTOR('',#6774,1.);
#6774 = DIRECTION('',(0.,-1.,0.));
#6775 = ORIENTED_EDGE('',*,*,#6745,.F.);
#6776 = ORIENTED_EDGE('',*,*,#1412,.F.);
#6777 = PLANE('',#6778);
#6778 = AXIS2_PLACEMENT_3D('',#6779,#6780,#6781);
#6779 = CARTESIAN_POINT('',(-6.777816061794,0.593678155132,40.));
#6780 = DIRECTION('',(-1.,0.,0.));
#6781 = DIRECTION('',(0.,-1.,0.));
#6782 = ADVANCED_FACE('',(#6783),#6808,.T.);
#6783 = FACE_BOUND('',#6784,.T.);
#6784 = EDGE_LOOP('',(#6785,#6793,#6801,#6807));
#6785 = ORIENTED_EDGE('',*,*,#6786,.T.);
#6786 = EDGE_CURVE('',#1573,#6787,#6789,.T.);
#6787 = VERTEX_POINT('',#6788);
#6788 = CARTESIAN_POINT('',(-2.270656479662,3.43229486983,38.));
#6789 = LINE('',#6790,#6791);
#6790 = CARTESIAN_POINT('',(-2.270656479662,3.43229486983,40.));
#6791 = VECTOR('',#6792,1.);
#6792 = DIRECTION('',(-0.,-0.,-1.));
#6793 = ORIENTED_EDGE('',*,*,#6794,.T.);
#6794 = EDGE_CURVE('',#6787,#6795,#6797,.T.);
#6795 = VERTEX_POINT('',#6796);
#6796 = CARTESIAN_POINT('',(-2.225627661218,3.218182838129,38.));
#6797 = B_SPLINE_CURVE_WITH_KNOTS('',2,(#6798,#6799,#6800),
  .UNSPECIFIED.,.F.,.F.,(3,3),(0.,1.),.PIECEWISE_BEZIER_KNOTS.);
#6798 = CARTESIAN_POINT('',(-2.270656479662,3.43229486983,38.));
#6799 = CARTESIAN_POINT('',(-2.225627661218,3.332105748792,38.));
#6800 = CARTESIAN_POINT('',(-2.225627661218,3.218182838129,38.));
#6801 = ORIENTED_EDGE('',*,*,#6802,.F.);
#6802 = EDGE_CURVE('',#1575,#6795,#6803,.T.);
#6803 = LINE('',#6804,#6805);
#6804 = CARTESIAN_POINT('',(-2.225627661218,3.218182838129,40.));
#6805 = VECTOR('',#6806,1.);
#6806 = DIRECTION('',(-0.,-0.,-1.));
#6807 = ORIENTED_EDGE('',*,*,#1572,.F.);
#6808 = SURFACE_OF_LINEAR_EXTRUSION('',#6809,#6813);
#6809 = B_SPLINE_CURVE_WITH_KNOTS('',2,(#6810,#6811,#6812),
  .UNSPECIFIED.,.F.,.F.,(3,3),(0.,1.),.PIECEWISE_BEZIER_KNOTS.);
#6810 = CARTESIAN_POINT('',(-2.270656479662,3.43229486983,40.));
#6811 = CARTESIAN_POINT('',(-2.225627661218,3.332105748792,40.));
#6812 = CARTESIAN_POINT('',(-2.225627661218,3.218182838129,40.));
#6813 = VECTOR('',#6814,1.);
#6814 = DIRECTION('',(0.,0.,1.));
#6815 = ADVANCED_FACE('',(#6816),#6834,.T.);
#6816 = FACE_BOUND('',#6817,.T.);
#6817 = EDGE_LOOP('',(#6818,#6826,#6832,#6833));
#6818 = ORIENTED_EDGE('',*,*,#6819,.T.);
#6819 = EDGE_CURVE('',#1687,#6820,#6822,.T.);
#6820 = VERTEX_POINT('',#6821);
#6821 = CARTESIAN_POINT('',(-2.389982848538,3.604980388562,38.));
#6822 = LINE('',#6823,#6824);
#6823 = CARTESIAN_POINT('',(-2.389982848538,3.604980388562,40.));
#6824 = VECTOR('',#6825,1.);
#6825 = DIRECTION('',(-0.,-0.,-1.));
#6826 = ORIENTED_EDGE('',*,*,#6827,.T.);
#6827 = EDGE_CURVE('',#6820,#6787,#6828,.T.);
#6828 = B_SPLINE_CURVE_WITH_KNOTS('',2,(#6829,#6830,#6831),
  .UNSPECIFIED.,.F.,.F.,(3,3),(0.,1.),.PIECEWISE_BEZIER_KNOTS.);
#6829 = CARTESIAN_POINT('',(-2.389982848538,3.604980388562,38.));
#6830 = CARTESIAN_POINT('',(-2.315685298106,3.532483990867,38.));
#6831 = CARTESIAN_POINT('',(-2.270656479662,3.43229486983,38.));
#6832 = ORIENTED_EDGE('',*,*,#6786,.F.);
#6833 = ORIENTED_EDGE('',*,*,#1694,.F.);
#6834 = SURFACE_OF_LINEAR_EXTRUSION('',#6835,#6839);
#6835 = B_SPLINE_CURVE_WITH_KNOTS('',2,(#6836,#6837,#6838),
  .UNSPECIFIED.,.F.,.F.,(3,3),(0.,1.),.PIECEWISE_BEZIER_KNOTS.);
#6836 = CARTESIAN_POINT('',(-2.389982848538,3.604980388562,40.));
#6837 = CARTESIAN_POINT('',(-2.315685298106,3.532483990867,40.));
#6838 = CARTESIAN_POINT('',(-2.270656479662,3.43229486983,40.));
#6839 = VECTOR('',#6840,1.);
#6840 = DIRECTION('',(0.,0.,1.));
#6841 = ADVANCED_FACE('',(#6842),#6860,.T.);
#6842 = FACE_BOUND('',#6843,.T.);
#6843 = EDGE_LOOP('',(#6844,#6852,#6858,#6859));
#6844 = ORIENTED_EDGE('',*,*,#6845,.T.);
#6845 = EDGE_CURVE('',#1679,#6846,#6848,.T.);
#6846 = VERTEX_POINT('',#6847);
#6847 = CARTESIAN_POINT('',(-2.5646946641,3.72047930787,38.));
#6848 = LINE('',#6849,#6850);
#6849 = CARTESIAN_POINT('',(-2.5646946641,3.72047930787,40.));
#6850 = VECTOR('',#6851,1.);
#6851 = DIRECTION('',(-0.,-0.,-1.));
#6852 = ORIENTED_EDGE('',*,*,#6853,.T.);
#6853 = EDGE_CURVE('',#6846,#6820,#6854,.T.);
#6854 = B_SPLINE_CURVE_WITH_KNOTS('',2,(#6855,#6856,#6857),
  .UNSPECIFIED.,.F.,.F.,(3,3),(0.,1.),.PIECEWISE_BEZIER_KNOTS.);
#6855 = CARTESIAN_POINT('',(-2.5646946641,3.72047930787,38.));
#6856 = CARTESIAN_POINT('',(-2.46428039897,3.677476786256,38.));
#6857 = CARTESIAN_POINT('',(-2.389982848538,3.604980388562,38.));
#6858 = ORIENTED_EDGE('',*,*,#6819,.F.);
#6859 = ORIENTED_EDGE('',*,*,#1686,.F.);
#6860 = SURFACE_OF_LINEAR_EXTRUSION('',#6861,#6865);
#6861 = B_SPLINE_CURVE_WITH_KNOTS('',2,(#6862,#6863,#6864),
  .UNSPECIFIED.,.F.,.F.,(3,3),(0.,1.),.PIECEWISE_BEZIER_KNOTS.);
#6862 = CARTESIAN_POINT('',(-2.5646946641,3.72047930787,40.));
#6863 = CARTESIAN_POINT('',(-2.46428039897,3.677476786256,40.));
#6864 = CARTESIAN_POINT('',(-2.389982848538,3.604980388562,40.));
#6865 = VECTOR('',#6866,1.);
#6866 = DIRECTION('',(0.,0.,1.));
#6867 = ADVANCED_FACE('',(#6868),#6886,.T.);
#6868 = FACE_BOUND('',#6869,.T.);
#6869 = EDGE_LOOP('',(#6870,#6878,#6884,#6885));
#6870 = ORIENTED_EDGE('',*,*,#6871,.T.);
#6871 = EDGE_CURVE('',#1671,#6872,#6874,.T.);
#6872 = VERTEX_POINT('',#6873);
#6873 = CARTESIAN_POINT('',(-2.779031839892,3.763706973576,38.));
#6874 = LINE('',#6875,#6876);
#6875 = CARTESIAN_POINT('',(-2.779031839892,3.763706973576,40.));
#6876 = VECTOR('',#6877,1.);
#6877 = DIRECTION('',(-0.,-0.,-1.));
#6878 = ORIENTED_EDGE('',*,*,#6879,.T.);
#6879 = EDGE_CURVE('',#6872,#6846,#6880,.T.);
#6880 = B_SPLINE_CURVE_WITH_KNOTS('',2,(#6881,#6882,#6883),
  .UNSPECIFIED.,.F.,.F.,(3,3),(0.,1.),.PIECEWISE_BEZIER_KNOTS.);
#6881 = CARTESIAN_POINT('',(-2.779031839892,3.763706973576,38.));
#6882 = CARTESIAN_POINT('',(-2.664883785137,3.763706973576,38.));
#6883 = CARTESIAN_POINT('',(-2.5646946641,3.72047930787,38.));
#6884 = ORIENTED_EDGE('',*,*,#6845,.F.);
#6885 = ORIENTED_EDGE('',*,*,#1678,.F.);
#6886 = SURFACE_OF_LINEAR_EXTRUSION('',#6887,#6891);
#6887 = B_SPLINE_CURVE_WITH_KNOTS('',2,(#6888,#6889,#6890),
  .UNSPECIFIED.,.F.,.F.,(3,3),(0.,1.),.PIECEWISE_BEZIER_KNOTS.);
#6888 = CARTESIAN_POINT('',(-2.779031839892,3.763706973576,40.));
#6889 = CARTESIAN_POINT('',(-2.664883785137,3.763706973576,40.));
#6890 = CARTESIAN_POINT('',(-2.5646946641,3.72047930787,40.));
#6891 = VECTOR('',#6892,1.);
#6892 = DIRECTION('',(0.,0.,1.));
#6893 = ADVANCED_FACE('',(#6894),#6912,.T.);
#6894 = FACE_BOUND('',#6895,.T.);
#6895 = EDGE_LOOP('',(#6896,#6904,#6910,#6911));
#6896 = ORIENTED_EDGE('',*,*,#6897,.T.);
#6897 = EDGE_CURVE('',#1663,#6898,#6900,.T.);
#6898 = VERTEX_POINT('',#6899);
#6899 = CARTESIAN_POINT('',(-2.988415845656,3.72047930787,38.));
#6900 = LINE('',#6901,#6902);
#6901 = CARTESIAN_POINT('',(-2.988415845656,3.72047930787,40.));
#6902 = VECTOR('',#6903,1.);
#6903 = DIRECTION('',(-0.,-0.,-1.));
#6904 = ORIENTED_EDGE('',*,*,#6905,.T.);
#6905 = EDGE_CURVE('',#6898,#6872,#6906,.T.);
#6906 = B_SPLINE_CURVE_WITH_KNOTS('',2,(#6907,#6908,#6909),
  .UNSPECIFIED.,.F.,.F.,(3,3),(0.,1.),.PIECEWISE_BEZIER_KNOTS.);
#6907 = CARTESIAN_POINT('',(-2.988415845656,3.72047930787,38.));
#6908 = CARTESIAN_POINT('',(-2.889802733264,3.763706973576,38.));
#6909 = CARTESIAN_POINT('',(-2.779031839892,3.763706973576,38.));
#6910 = ORIENTED_EDGE('',*,*,#6871,.F.);
#6911 = ORIENTED_EDGE('',*,*,#1670,.F.);
#6912 = SURFACE_OF_LINEAR_EXTRUSION('',#6913,#6917);
#6913 = B_SPLINE_CURVE_WITH_KNOTS('',2,(#6914,#6915,#6916),
  .UNSPECIFIED.,.F.,.F.,(3,3),(0.,1.),.PIECEWISE_BEZIER_KNOTS.);
#6914 = CARTESIAN_POINT('',(-2.988415845656,3.72047930787,40.));
#6915 = CARTESIAN_POINT('',(-2.889802733264,3.763706973576,40.));
#6916 = CARTESIAN_POINT('',(-2.779031839892,3.763706973576,40.));
#6917 = VECTOR('',#6918,1.);
#6918 = DIRECTION('',(0.,0.,1.));
#6919 = ADVANCED_FACE('',(#6920),#6938,.T.);
#6920 = FACE_BOUND('',#6921,.T.);
#6921 = EDGE_LOOP('',(#6922,#6930,#6936,#6937));
#6922 = ORIENTED_EDGE('',*,*,#6923,.T.);
#6923 = EDGE_CURVE('',#1655,#6924,#6926,.T.);
#6924 = VERTEX_POINT('',#6925);
#6925 = CARTESIAN_POINT('',(-3.159525355743,3.604980388562,38.));
#6926 = LINE('',#6927,#6928);
#6927 = CARTESIAN_POINT('',(-3.159525355743,3.604980388562,40.));
#6928 = VECTOR('',#6929,1.);
#6929 = DIRECTION('',(-0.,-0.,-1.));
#6930 = ORIENTED_EDGE('',*,*,#6931,.T.);
#6931 = EDGE_CURVE('',#6924,#6898,#6932,.T.);
#6932 = B_SPLINE_CURVE_WITH_KNOTS('',2,(#6933,#6934,#6935),
  .UNSPECIFIED.,.F.,.F.,(3,3),(0.,1.),.PIECEWISE_BEZIER_KNOTS.);
#6933 = CARTESIAN_POINT('',(-3.159525355743,3.604980388562,38.));
#6934 = CARTESIAN_POINT('',(-3.086803813956,3.677476786256,38.));
#6935 = CARTESIAN_POINT('',(-2.988415845656,3.72047930787,38.));
#6936 = ORIENTED_EDGE('',*,*,#6897,.F.);
#6937 = ORIENTED_EDGE('',*,*,#1662,.F.);
#6938 = SURFACE_OF_LINEAR_EXTRUSION('',#6939,#6943);
#6939 = B_SPLINE_CURVE_WITH_KNOTS('',2,(#6940,#6941,#6942),
  .UNSPECIFIED.,.F.,.F.,(3,3),(0.,1.),.PIECEWISE_BEZIER_KNOTS.);
#6940 = CARTESIAN_POINT('',(-3.159525355743,3.604980388562,40.));
#6941 = CARTESIAN_POINT('',(-3.086803813956,3.677476786256,40.));
#6942 = CARTESIAN_POINT('',(-2.988415845656,3.72047930787,40.));
#6943 = VECTOR('',#6944,1.);
#6944 = DIRECTION('',(0.,0.,1.));
#6945 = ADVANCED_FACE('',(#6946),#6964,.T.);
#6946 = FACE_BOUND('',#6947,.T.);
#6947 = EDGE_LOOP('',(#6948,#6956,#6962,#6963));
#6948 = ORIENTED_EDGE('',*,*,#6949,.T.);
#6949 = EDGE_CURVE('',#1647,#6950,#6952,.T.);
#6950 = VERTEX_POINT('',#6951);
#6951 = CARTESIAN_POINT('',(-3.275249419143,3.43229486983,38.));
#6952 = LINE('',#6953,#6954);
#6953 = CARTESIAN_POINT('',(-3.275249419143,3.43229486983,40.));
#6954 = VECTOR('',#6955,1.);
#6955 = DIRECTION('',(-0.,-0.,-1.));
#6956 = ORIENTED_EDGE('',*,*,#6957,.T.);
#6957 = EDGE_CURVE('',#6950,#6924,#6958,.T.);
#6958 = B_SPLINE_CURVE_WITH_KNOTS('',2,(#6959,#6960,#6961),
  .UNSPECIFIED.,.F.,.F.,(3,3),(0.,1.),.PIECEWISE_BEZIER_KNOTS.);
#6959 = CARTESIAN_POINT('',(-3.275249419143,3.43229486983,38.));
#6960 = CARTESIAN_POINT('',(-3.232021753437,3.532483990867,38.));
#6961 = CARTESIAN_POINT('',(-3.159525355743,3.604980388562,38.));
#6962 = ORIENTED_EDGE('',*,*,#6923,.F.);
#6963 = ORIENTED_EDGE('',*,*,#1654,.F.);
#6964 = SURFACE_OF_LINEAR_EXTRUSION('',#6965,#6969);
#6965 = B_SPLINE_CURVE_WITH_KNOTS('',2,(#6966,#6967,#6968),
  .UNSPECIFIED.,.F.,.F.,(3,3),(0.,1.),.PIECEWISE_BEZIER_KNOTS.);
#6966 = CARTESIAN_POINT('',(-3.275249419143,3.43229486983,40.));
#6967 = CARTESIAN_POINT('',(-3.232021753437,3.532483990867,40.));
#6968 = CARTESIAN_POINT('',(-3.159525355743,3.604980388562,40.));
#6969 = VECTOR('',#6970,1.);
#6970 = DIRECTION('',(0.,0.,1.));
#6971 = ADVANCED_FACE('',(#6972),#6990,.T.);
#6972 = FACE_BOUND('',#6973,.T.);
#6973 = EDGE_LOOP('',(#6974,#6982,#6988,#6989));
#6974 = ORIENTED_EDGE('',*,*,#6975,.T.);
#6975 = EDGE_CURVE('',#1639,#6976,#6978,.T.);
#6976 = VERTEX_POINT('',#6977);
#6977 = CARTESIAN_POINT('',(-3.318477084849,3.218182838129,38.));
#6978 = LINE('',#6979,#6980);
#6979 = CARTESIAN_POINT('',(-3.318477084849,3.218182838129,40.));
#6980 = VECTOR('',#6981,1.);
#6981 = DIRECTION('',(-0.,-0.,-1.));
#6982 = ORIENTED_EDGE('',*,*,#6983,.T.);
#6983 = EDGE_CURVE('',#6976,#6950,#6984,.T.);
#6984 = B_SPLINE_CURVE_WITH_KNOTS('',2,(#6985,#6986,#6987),
  .UNSPECIFIED.,.F.,.F.,(3,3),(0.,1.),.PIECEWISE_BEZIER_KNOTS.);
#6985 = CARTESIAN_POINT('',(-3.318477084849,3.218182838129,38.));
#6986 = CARTESIAN_POINT('',(-3.318477084849,3.332105748792,38.));
#6987 = CARTESIAN_POINT('',(-3.275249419143,3.43229486983,38.));
#6988 = ORIENTED_EDGE('',*,*,#6949,.F.);
#6989 = ORIENTED_EDGE('',*,*,#1646,.F.);
#6990 = SURFACE_OF_LINEAR_EXTRUSION('',#6991,#6995);
#6991 = B_SPLINE_CURVE_WITH_KNOTS('',2,(#6992,#6993,#6994),
  .UNSPECIFIED.,.F.,.F.,(3,3),(0.,1.),.PIECEWISE_BEZIER_KNOTS.);
#6992 = CARTESIAN_POINT('',(-3.318477084849,3.218182838129,40.));
#6993 = CARTESIAN_POINT('',(-3.318477084849,3.332105748792,40.));
#6994 = CARTESIAN_POINT('',(-3.275249419143,3.43229486983,40.));
#6995 = VECTOR('',#6996,1.);
#6996 = DIRECTION('',(0.,0.,1.));
#6997 = ADVANCED_FACE('',(#6998),#7016,.T.);
#6998 = FACE_BOUND('',#6999,.T.);
#6999 = EDGE_LOOP('',(#7000,#7008,#7014,#7015));
#7000 = ORIENTED_EDGE('',*,*,#7001,.T.);
#7001 = EDGE_CURVE('',#1631,#7002,#7004,.T.);
#7002 = VERTEX_POINT('',#7003);
#7003 = CARTESIAN_POINT('',(-3.275249419143,3.010825129196,38.));
#7004 = LINE('',#7005,#7006);
#7005 = CARTESIAN_POINT('',(-3.275249419143,3.010825129196,40.));
#7006 = VECTOR('',#7007,1.);
#7007 = DIRECTION('',(-0.,-0.,-1.));
#7008 = ORIENTED_EDGE('',*,*,#7009,.T.);
#7009 = EDGE_CURVE('',#7002,#6976,#7010,.T.);
#7010 = B_SPLINE_CURVE_WITH_KNOTS('',2,(#7011,#7012,#7013),
  .UNSPECIFIED.,.F.,.F.,(3,3),(0.,1.),.PIECEWISE_BEZIER_KNOTS.);
#7011 = CARTESIAN_POINT('',(-3.275249419143,3.010825129196,38.));
#7012 = CARTESIAN_POINT('',(-3.318477084849,3.10763708885,38.));
#7013 = CARTESIAN_POINT('',(-3.318477084849,3.218182838129,38.));
#7014 = ORIENTED_EDGE('',*,*,#6975,.F.);
#7015 = ORIENTED_EDGE('',*,*,#1638,.F.);
#7016 = SURFACE_OF_LINEAR_EXTRUSION('',#7017,#7021);
#7017 = B_SPLINE_CURVE_WITH_KNOTS('',2,(#7018,#7019,#7020),
  .UNSPECIFIED.,.F.,.F.,(3,3),(0.,1.),.PIECEWISE_BEZIER_KNOTS.);
#7018 = CARTESIAN_POINT('',(-3.275249419143,3.010825129196,40.));
#7019 = CARTESIAN_POINT('',(-3.318477084849,3.10763708885,40.));
#7020 = CARTESIAN_POINT('',(-3.318477084849,3.218182838129,40.));
#7021 = VECTOR('',#7022,1.);
#7022 = DIRECTION('',(0.,0.,1.));
#7023 = ADVANCED_FACE('',(#7024),#7042,.T.);
#7024 = FACE_BOUND('',#7025,.T.);
#7025 = EDGE_LOOP('',(#7026,#7034,#7040,#7041));
#7026 = ORIENTED_EDGE('',*,*,#7027,.T.);
#7027 = EDGE_CURVE('',#1623,#7028,#7030,.T.);
#7028 = VERTEX_POINT('',#7029);
#7029 = CARTESIAN_POINT('',(-3.159525355743,2.841741915939,38.));
#7030 = LINE('',#7031,#7032);
#7031 = CARTESIAN_POINT('',(-3.159525355743,2.841741915939,40.));
#7032 = VECTOR('',#7033,1.);
#7033 = DIRECTION('',(-0.,-0.,-1.));
#7034 = ORIENTED_EDGE('',*,*,#7035,.T.);
#7035 = EDGE_CURVE('',#7028,#7002,#7036,.T.);
#7036 = B_SPLINE_CURVE_WITH_KNOTS('',2,(#7037,#7038,#7039),
  .UNSPECIFIED.,.F.,.F.,(3,3),(0.,1.),.PIECEWISE_BEZIER_KNOTS.);
#7037 = CARTESIAN_POINT('',(-3.159525355743,2.841741915939,38.));
#7038 = CARTESIAN_POINT('',(-3.232021753437,2.914238313634,38.));
#7039 = CARTESIAN_POINT('',(-3.275249419143,3.010825129196,38.));
#7040 = ORIENTED_EDGE('',*,*,#7001,.F.);
#7041 = ORIENTED_EDGE('',*,*,#1630,.F.);
#7042 = SURFACE_OF_LINEAR_EXTRUSION('',#7043,#7047);
#7043 = B_SPLINE_CURVE_WITH_KNOTS('',2,(#7044,#7045,#7046),
  .UNSPECIFIED.,.F.,.F.,(3,3),(0.,1.),.PIECEWISE_BEZIER_KNOTS.);
#7044 = CARTESIAN_POINT('',(-3.159525355743,2.841741915939,40.));
#7045 = CARTESIAN_POINT('',(-3.232021753437,2.914238313634,40.));
#7046 = CARTESIAN_POINT('',(-3.275249419143,3.010825129196,40.));
#7047 = VECTOR('',#7048,1.);
#7048 = DIRECTION('',(0.,0.,1.));
#7049 = ADVANCED_FACE('',(#7050),#7068,.T.);
#7050 = FACE_BOUND('',#7051,.T.);
#7051 = EDGE_LOOP('',(#7052,#7060,#7066,#7067));
#7052 = ORIENTED_EDGE('',*,*,#7053,.T.);
#7053 = EDGE_CURVE('',#1615,#7054,#7056,.T.);
#7054 = VERTEX_POINT('',#7055);
#7055 = CARTESIAN_POINT('',(-2.988415845656,2.726017852539,38.));
#7056 = LINE('',#7057,#7058);
#7057 = CARTESIAN_POINT('',(-2.988415845656,2.726017852539,40.));
#7058 = VECTOR('',#7059,1.);
#7059 = DIRECTION('',(-0.,-0.,-1.));
#7060 = ORIENTED_EDGE('',*,*,#7061,.T.);
#7061 = EDGE_CURVE('',#7054,#7028,#7062,.T.);
#7062 = B_SPLINE_CURVE_WITH_KNOTS('',2,(#7063,#7064,#7065),
  .UNSPECIFIED.,.F.,.F.,(3,3),(0.,1.),.PIECEWISE_BEZIER_KNOTS.);
#7063 = CARTESIAN_POINT('',(-2.988415845656,2.726017852539,38.));
#7064 = CARTESIAN_POINT('',(-3.086803813956,2.769245518245,38.));
#7065 = CARTESIAN_POINT('',(-3.159525355743,2.841741915939,38.));
#7066 = ORIENTED_EDGE('',*,*,#7027,.F.);
#7067 = ORIENTED_EDGE('',*,*,#1622,.F.);
#7068 = SURFACE_OF_LINEAR_EXTRUSION('',#7069,#7073);
#7069 = B_SPLINE_CURVE_WITH_KNOTS('',2,(#7070,#7071,#7072),
  .UNSPECIFIED.,.F.,.F.,(3,3),(0.,1.),.PIECEWISE_BEZIER_KNOTS.);
#7070 = CARTESIAN_POINT('',(-2.988415845656,2.726017852539,40.));
#7071 = CARTESIAN_POINT('',(-3.086803813956,2.769245518245,40.));
#7072 = CARTESIAN_POINT('',(-3.159525355743,2.841741915939,40.));
#7073 = VECTOR('',#7074,1.);
#7074 = DIRECTION('',(0.,0.,1.));
#7075 = ADVANCED_FACE('',(#7076),#7094,.T.);
#7076 = FACE_BOUND('',#7077,.T.);
#7077 = EDGE_LOOP('',(#7078,#7086,#7092,#7093));
#7078 = ORIENTED_EDGE('',*,*,#7079,.T.);
#7079 = EDGE_CURVE('',#1607,#7080,#7082,.T.);
#7080 = VERTEX_POINT('',#7081);
#7081 = CARTESIAN_POINT('',(-2.779031839892,2.683015330925,38.));
#7082 = LINE('',#7083,#7084);
#7083 = CARTESIAN_POINT('',(-2.779031839892,2.683015330925,40.));
#7084 = VECTOR('',#7085,1.);
#7085 = DIRECTION('',(-0.,-0.,-1.));
#7086 = ORIENTED_EDGE('',*,*,#7087,.T.);
#7087 = EDGE_CURVE('',#7080,#7054,#7088,.T.);
#7088 = B_SPLINE_CURVE_WITH_KNOTS('',2,(#7089,#7090,#7091),
  .UNSPECIFIED.,.F.,.F.,(3,3),(0.,1.),.PIECEWISE_BEZIER_KNOTS.);
#7089 = CARTESIAN_POINT('',(-2.779031839892,2.683015330925,38.));
#7090 = CARTESIAN_POINT('',(-2.889802733264,2.683015330925,38.));
#7091 = CARTESIAN_POINT('',(-2.988415845656,2.726017852539,38.));
#7092 = ORIENTED_EDGE('',*,*,#7053,.F.);
#7093 = ORIENTED_EDGE('',*,*,#1614,.F.);
#7094 = SURFACE_OF_LINEAR_EXTRUSION('',#7095,#7099);
#7095 = B_SPLINE_CURVE_WITH_KNOTS('',2,(#7096,#7097,#7098),
  .UNSPECIFIED.,.F.,.F.,(3,3),(0.,1.),.PIECEWISE_BEZIER_KNOTS.);
#7096 = CARTESIAN_POINT('',(-2.779031839892,2.683015330925,40.));
#7097 = CARTESIAN_POINT('',(-2.889802733264,2.683015330925,40.));
#7098 = CARTESIAN_POINT('',(-2.988415845656,2.726017852539,40.));
#7099 = VECTOR('',#7100,1.);
#7100 = DIRECTION('',(0.,0.,1.));
#7101 = ADVANCED_FACE('',(#7102),#7120,.T.);
#7102 = FACE_BOUND('',#7103,.T.);
#7103 = EDGE_LOOP('',(#7104,#7112,#7118,#7119));
#7104 = ORIENTED_EDGE('',*,*,#7105,.T.);
#7105 = EDGE_CURVE('',#1599,#7106,#7108,.T.);
#7106 = VERTEX_POINT('',#7107);
#7107 = CARTESIAN_POINT('',(-2.5646946641,2.726017852539,38.));
#7108 = LINE('',#7109,#7110);
#7109 = CARTESIAN_POINT('',(-2.5646946641,2.726017852539,40.));
#7110 = VECTOR('',#7111,1.);
#7111 = DIRECTION('',(-0.,-0.,-1.));
#7112 = ORIENTED_EDGE('',*,*,#7113,.T.);
#7113 = EDGE_CURVE('',#7106,#7080,#7114,.T.);
#7114 = B_SPLINE_CURVE_WITH_KNOTS('',2,(#7115,#7116,#7117),
  .UNSPECIFIED.,.F.,.F.,(3,3),(0.,1.),.PIECEWISE_BEZIER_KNOTS.);
#7115 = CARTESIAN_POINT('',(-2.5646946641,2.726017852539,38.));
#7116 = CARTESIAN_POINT('',(-2.664883785137,2.683015330925,38.));
#7117 = CARTESIAN_POINT('',(-2.779031839892,2.683015330925,38.));
#7118 = ORIENTED_EDGE('',*,*,#7079,.F.);
#7119 = ORIENTED_EDGE('',*,*,#1606,.F.);
#7120 = SURFACE_OF_LINEAR_EXTRUSION('',#7121,#7125);
#7121 = B_SPLINE_CURVE_WITH_KNOTS('',2,(#7122,#7123,#7124),
  .UNSPECIFIED.,.F.,.F.,(3,3),(0.,1.),.PIECEWISE_BEZIER_KNOTS.);
#7122 = CARTESIAN_POINT('',(-2.5646946641,2.726017852539,40.));
#7123 = CARTESIAN_POINT('',(-2.664883785137,2.683015330925,40.));
#7124 = CARTESIAN_POINT('',(-2.779031839892,2.683015330925,40.));
#7125 = VECTOR('',#7126,1.);
#7126 = DIRECTION('',(0.,0.,1.));
#7127 = ADVANCED_FACE('',(#7128),#7146,.T.);
#7128 = FACE_BOUND('',#7129,.T.);
#7129 = EDGE_LOOP('',(#7130,#7138,#7144,#7145));
#7130 = ORIENTED_EDGE('',*,*,#7131,.T.);
#7131 = EDGE_CURVE('',#1591,#7132,#7134,.T.);
#7132 = VERTEX_POINT('',#7133);
#7133 = CARTESIAN_POINT('',(-2.389982848538,2.841741915939,38.));
#7134 = LINE('',#7135,#7136);
#7135 = CARTESIAN_POINT('',(-2.389982848538,2.841741915939,40.));
#7136 = VECTOR('',#7137,1.);
#7137 = DIRECTION('',(-0.,-0.,-1.));
#7138 = ORIENTED_EDGE('',*,*,#7139,.T.);
#7139 = EDGE_CURVE('',#7132,#7106,#7140,.T.);
#7140 = B_SPLINE_CURVE_WITH_KNOTS('',2,(#7141,#7142,#7143),
  .UNSPECIFIED.,.F.,.F.,(3,3),(0.,1.),.PIECEWISE_BEZIER_KNOTS.);
#7141 = CARTESIAN_POINT('',(-2.389982848538,2.841741915939,38.));
#7142 = CARTESIAN_POINT('',(-2.46428039897,2.769245518245,38.));
#7143 = CARTESIAN_POINT('',(-2.5646946641,2.726017852539,38.));
#7144 = ORIENTED_EDGE('',*,*,#7105,.F.);
#7145 = ORIENTED_EDGE('',*,*,#1598,.F.);
#7146 = SURFACE_OF_LINEAR_EXTRUSION('',#7147,#7151);
#7147 = B_SPLINE_CURVE_WITH_KNOTS('',2,(#7148,#7149,#7150),
  .UNSPECIFIED.,.F.,.F.,(3,3),(0.,1.),.PIECEWISE_BEZIER_KNOTS.);
#7148 = CARTESIAN_POINT('',(-2.389982848538,2.841741915939,40.));
#7149 = CARTESIAN_POINT('',(-2.46428039897,2.769245518245,40.));
#7150 = CARTESIAN_POINT('',(-2.5646946641,2.726017852539,40.));
#7151 = VECTOR('',#7152,1.);
#7152 = DIRECTION('',(0.,0.,1.));
#7153 = ADVANCED_FACE('',(#7154),#7172,.T.);
#7154 = FACE_BOUND('',#7155,.T.);
#7155 = EDGE_LOOP('',(#7156,#7164,#7170,#7171));
#7156 = ORIENTED_EDGE('',*,*,#7157,.T.);
#7157 = EDGE_CURVE('',#1583,#7158,#7160,.T.);
#7158 = VERTEX_POINT('',#7159);
#7159 = CARTESIAN_POINT('',(-2.270656479662,3.010825129196,38.));
#7160 = LINE('',#7161,#7162);
#7161 = CARTESIAN_POINT('',(-2.270656479662,3.010825129196,40.));
#7162 = VECTOR('',#7163,1.);
#7163 = DIRECTION('',(-0.,-0.,-1.));
#7164 = ORIENTED_EDGE('',*,*,#7165,.T.);
#7165 = EDGE_CURVE('',#7158,#7132,#7166,.T.);
#7166 = B_SPLINE_CURVE_WITH_KNOTS('',2,(#7167,#7168,#7169),
  .UNSPECIFIED.,.F.,.F.,(3,3),(0.,1.),.PIECEWISE_BEZIER_KNOTS.);
#7167 = CARTESIAN_POINT('',(-2.270656479662,3.010825129196,38.));
#7168 = CARTESIAN_POINT('',(-2.315685298106,2.914238313634,38.));
#7169 = CARTESIAN_POINT('',(-2.389982848538,2.841741915939,38.));
#7170 = ORIENTED_EDGE('',*,*,#7131,.F.);
#7171 = ORIENTED_EDGE('',*,*,#1590,.F.);
#7172 = SURFACE_OF_LINEAR_EXTRUSION('',#7173,#7177);
#7173 = B_SPLINE_CURVE_WITH_KNOTS('',2,(#7174,#7175,#7176),
  .UNSPECIFIED.,.F.,.F.,(3,3),(0.,1.),.PIECEWISE_BEZIER_KNOTS.);
#7174 = CARTESIAN_POINT('',(-2.270656479662,3.010825129196,40.));
#7175 = CARTESIAN_POINT('',(-2.315685298106,2.914238313634,40.));
#7176 = CARTESIAN_POINT('',(-2.389982848538,2.841741915939,40.));
#7177 = VECTOR('',#7178,1.);
#7178 = DIRECTION('',(0.,0.,1.));
#7179 = ADVANCED_FACE('',(#7180),#7191,.T.);
#7180 = FACE_BOUND('',#7181,.T.);
#7181 = EDGE_LOOP('',(#7182,#7183,#7189,#7190));
#7182 = ORIENTED_EDGE('',*,*,#6802,.T.);
#7183 = ORIENTED_EDGE('',*,*,#7184,.T.);
#7184 = EDGE_CURVE('',#6795,#7158,#7185,.T.);
#7185 = B_SPLINE_CURVE_WITH_KNOTS('',2,(#7186,#7187,#7188),
  .UNSPECIFIED.,.F.,.F.,(3,3),(0.,1.),.PIECEWISE_BEZIER_KNOTS.);
#7186 = CARTESIAN_POINT('',(-2.225627661218,3.218182838129,38.));
#7187 = CARTESIAN_POINT('',(-2.225627661218,3.10763708885,38.));
#7188 = CARTESIAN_POINT('',(-2.270656479662,3.010825129196,38.));
#7189 = ORIENTED_EDGE('',*,*,#7157,.F.);
#7190 = ORIENTED_EDGE('',*,*,#1582,.F.);
#7191 = SURFACE_OF_LINEAR_EXTRUSION('',#7192,#7196);
#7192 = B_SPLINE_CURVE_WITH_KNOTS('',2,(#7193,#7194,#7195),
  .UNSPECIFIED.,.F.,.F.,(3,3),(0.,1.),.PIECEWISE_BEZIER_KNOTS.);
#7193 = CARTESIAN_POINT('',(-2.225627661218,3.218182838129,40.));
#7194 = CARTESIAN_POINT('',(-2.225627661218,3.10763708885,40.));
#7195 = CARTESIAN_POINT('',(-2.270656479662,3.010825129196,40.));
#7196 = VECTOR('',#7197,1.);
#7197 = DIRECTION('',(0.,0.,1.));
#7198 = ADVANCED_FACE('',(#7199),#7224,.T.);
#7199 = FACE_BOUND('',#7200,.T.);
#7200 = EDGE_LOOP('',(#7201,#7209,#7217,#7223));
#7201 = ORIENTED_EDGE('',*,*,#7202,.T.);
#7202 = EDGE_CURVE('',#1703,#7203,#7205,.T.);
#7203 = VERTEX_POINT('',#7204);
#7204 = CARTESIAN_POINT('',(6.321742655785,2.08390690153,38.));
#7205 = LINE('',#7206,#7207);
#7206 = CARTESIAN_POINT('',(6.321742655785,2.08390690153,40.));
#7207 = VECTOR('',#7208,1.);
#7208 = DIRECTION('',(-0.,-0.,-1.));
#7209 = ORIENTED_EDGE('',*,*,#7210,.T.);
#7210 = EDGE_CURVE('',#7203,#7211,#7213,.T.);
#7211 = VERTEX_POINT('',#7212);
#7212 = CARTESIAN_POINT('',(7.035899716304,2.22192023006,38.));
#7213 = B_SPLINE_CURVE_WITH_KNOTS('',2,(#7214,#7215,#7216),
  .UNSPECIFIED.,.F.,.F.,(3,3),(0.,1.),.PIECEWISE_BEZIER_KNOTS.);
#7214 = CARTESIAN_POINT('',(6.321742655785,2.08390690153,38.));
#7215 = CARTESIAN_POINT('',(6.638295249445,2.22192023006,38.));
#7216 = CARTESIAN_POINT('',(7.035899716304,2.22192023006,38.));
#7217 = ORIENTED_EDGE('',*,*,#7218,.F.);
#7218 = EDGE_CURVE('',#1705,#7211,#7219,.T.);
#7219 = LINE('',#7220,#7221);
#7220 = CARTESIAN_POINT('',(7.035899716304,2.22192023006,40.));
#7221 = VECTOR('',#7222,1.);
#7222 = DIRECTION('',(-0.,-0.,-1.));
#7223 = ORIENTED_EDGE('',*,*,#1702,.F.);
#7224 = SURFACE_OF_LINEAR_EXTRUSION('',#7225,#7229);
#7225 = B_SPLINE_CURVE_WITH_KNOTS('',2,(#7226,#7227,#7228),
  .UNSPECIFIED.,.F.,.F.,(3,3),(0.,1.),.PIECEWISE_BEZIER_KNOTS.);
#7226 = CARTESIAN_POINT('',(6.321742655785,2.08390690153,40.));
#7227 = CARTESIAN_POINT('',(6.638295249445,2.22192023006,40.));
#7228 = CARTESIAN_POINT('',(7.035899716304,2.22192023006,40.));
#7229 = VECTOR('',#7230,1.);
#7230 = DIRECTION('',(0.,0.,1.));
#7231 = ADVANCED_FACE('',(#7232),#7250,.T.);
#7232 = FACE_BOUND('',#7233,.T.);
#7233 = EDGE_LOOP('',(#7234,#7242,#7248,#7249));
#7234 = ORIENTED_EDGE('',*,*,#7235,.T.);
#7235 = EDGE_CURVE('',#1929,#7236,#7238,.T.);
#7236 = VERTEX_POINT('',#7237);
#7237 = CARTESIAN_POINT('',(5.785674572211,1.709717420262,38.));
#7238 = LINE('',#7239,#7240);
#7239 = CARTESIAN_POINT('',(5.785674572211,1.709717420262,40.));
#7240 = VECTOR('',#7241,1.);
#7241 = DIRECTION('',(-0.,-0.,-1.));
#7242 = ORIENTED_EDGE('',*,*,#7243,.T.);
#7243 = EDGE_CURVE('',#7236,#7203,#7244,.T.);
#7244 = B_SPLINE_CURVE_WITH_KNOTS('',2,(#7245,#7246,#7247),
  .UNSPECIFIED.,.F.,.F.,(3,3),(0.,1.),.PIECEWISE_BEZIER_KNOTS.);
#7245 = CARTESIAN_POINT('',(5.785674572211,1.709717420262,38.));
#7246 = CARTESIAN_POINT('',(6.005415206217,1.945893573,38.));
#7247 = CARTESIAN_POINT('',(6.321742655785,2.08390690153,38.));
#7248 = ORIENTED_EDGE('',*,*,#7202,.F.);
#7249 = ORIENTED_EDGE('',*,*,#1936,.F.);
#7250 = SURFACE_OF_LINEAR_EXTRUSION('',#7251,#7255);
#7251 = B_SPLINE_CURVE_WITH_KNOTS('',2,(#7252,#7253,#7254),
  .UNSPECIFIED.,.F.,.F.,(3,3),(0.,1.),.PIECEWISE_BEZIER_KNOTS.);
#7252 = CARTESIAN_POINT('',(5.785674572211,1.709717420262,40.));
#7253 = CARTESIAN_POINT('',(6.005415206217,1.945893573,40.));
#7254 = CARTESIAN_POINT('',(6.321742655785,2.08390690153,40.));
#7255 = VECTOR('',#7256,1.);
#7256 = DIRECTION('',(0.,0.,1.));
#7257 = ADVANCED_FACE('',(#7258),#7276,.T.);
#7258 = FACE_BOUND('',#7259,.T.);
#7259 = EDGE_LOOP('',(#7260,#7268,#7274,#7275));
#7260 = ORIENTED_EDGE('',*,*,#7261,.T.);
#7261 = EDGE_CURVE('',#1921,#7262,#7264,.T.);
#7262 = VERTEX_POINT('',#7263);
#7263 = CARTESIAN_POINT('',(5.448633866159,1.15451208885,38.));
#7264 = LINE('',#7265,#7266);
#7265 = CARTESIAN_POINT('',(5.448633866159,1.15451208885,40.));
#7266 = VECTOR('',#7267,1.);
#7267 = DIRECTION('',(-0.,-0.,-1.));
#7268 = ORIENTED_EDGE('',*,*,#7269,.T.);
#7269 = EDGE_CURVE('',#7262,#7236,#7270,.T.);
#7270 = B_SPLINE_CURVE_WITH_KNOTS('',2,(#7271,#7272,#7273),
  .UNSPECIFIED.,.F.,.F.,(3,3),(0.,1.),.PIECEWISE_BEZIER_KNOTS.);
#7271 = CARTESIAN_POINT('',(5.448633866159,1.15451208885,38.));
#7272 = CARTESIAN_POINT('',(5.566159082298,1.473541267524,38.));
#7273 = CARTESIAN_POINT('',(5.785674572211,1.709717420262,38.));
#7274 = ORIENTED_EDGE('',*,*,#7235,.F.);
#7275 = ORIENTED_EDGE('',*,*,#1928,.F.);
#7276 = SURFACE_OF_LINEAR_EXTRUSION('',#7277,#7281);
#7277 = B_SPLINE_CURVE_WITH_KNOTS('',2,(#7278,#7279,#7280),
  .UNSPECIFIED.,.F.,.F.,(3,3),(0.,1.),.PIECEWISE_BEZIER_KNOTS.);
#7278 = CARTESIAN_POINT('',(5.448633866159,1.15451208885,40.));
#7279 = CARTESIAN_POINT('',(5.566159082298,1.473541267524,40.));
#7280 = CARTESIAN_POINT('',(5.785674572211,1.709717420262,40.));
#7281 = VECTOR('',#7282,1.);
#7282 = DIRECTION('',(0.,0.,1.));
#7283 = ADVANCED_FACE('',(#7284),#7302,.T.);
#7284 = FACE_BOUND('',#7285,.T.);
#7285 = EDGE_LOOP('',(#7286,#7294,#7300,#7301));
#7286 = ORIENTED_EDGE('',*,*,#7287,.T.);
#7287 = EDGE_CURVE('',#1913,#7288,#7290,.T.);
#7288 = VERTEX_POINT('',#7289);
#7289 = CARTESIAN_POINT('',(5.331108650021,0.473226065795,38.));
#7290 = LINE('',#7291,#7292);
#7291 = CARTESIAN_POINT('',(5.331108650021,0.473226065795,40.));
#7292 = VECTOR('',#7293,1.);
#7293 = DIRECTION('',(-0.,-0.,-1.));
#7294 = ORIENTED_EDGE('',*,*,#7295,.T.);
#7295 = EDGE_CURVE('',#7288,#7262,#7296,.T.);
#7296 = B_SPLINE_CURVE_WITH_KNOTS('',2,(#7297,#7298,#7299),
  .UNSPECIFIED.,.F.,.F.,(3,3),(0.,1.),.PIECEWISE_BEZIER_KNOTS.);
#7297 = CARTESIAN_POINT('',(5.331108650021,0.473226065795,38.));
#7298 = CARTESIAN_POINT('',(5.331108650021,0.835482910176,38.));
#7299 = CARTESIAN_POINT('',(5.448633866159,1.15451208885,38.));
#7300 = ORIENTED_EDGE('',*,*,#7261,.F.);
#7301 = ORIENTED_EDGE('',*,*,#1920,.F.);
#7302 = SURFACE_OF_LINEAR_EXTRUSION('',#7303,#7307);
#7303 = B_SPLINE_CURVE_WITH_KNOTS('',2,(#7304,#7305,#7306),
  .UNSPECIFIED.,.F.,.F.,(3,3),(0.,1.),.PIECEWISE_BEZIER_KNOTS.);
#7304 = CARTESIAN_POINT('',(5.331108650021,0.473226065795,40.));
#7305 = CARTESIAN_POINT('',(5.331108650021,0.835482910176,40.));
#7306 = CARTESIAN_POINT('',(5.448633866159,1.15451208885,40.));
#7307 = VECTOR('',#7308,1.);
#7308 = DIRECTION('',(0.,0.,1.));
#7309 = ADVANCED_FACE('',(#7310),#7328,.T.);
#7310 = FACE_BOUND('',#7311,.T.);
#7311 = EDGE_LOOP('',(#7312,#7320,#7326,#7327));
#7312 = ORIENTED_EDGE('',*,*,#7313,.T.);
#7313 = EDGE_CURVE('',#1905,#7314,#7316,.T.);
#7314 = VERTEX_POINT('',#7315);
#7315 = CARTESIAN_POINT('',(5.46596996126,-0.345848141698,38.));
#7316 = LINE('',#7317,#7318);
#7317 = CARTESIAN_POINT('',(5.46596996126,-0.345848141698,40.));
#7318 = VECTOR('',#7319,1.);
#7319 = DIRECTION('',(-0.,-0.,-1.));
#7320 = ORIENTED_EDGE('',*,*,#7321,.T.);
#7321 = EDGE_CURVE('',#7314,#7288,#7322,.T.);
#7322 = B_SPLINE_CURVE_WITH_KNOTS('',2,(#7323,#7324,#7325),
  .UNSPECIFIED.,.F.,.F.,(3,3),(0.,1.),.PIECEWISE_BEZIER_KNOTS.);
#7323 = CARTESIAN_POINT('',(5.46596996126,-0.345848141698,38.));
#7324 = CARTESIAN_POINT('',(5.331108650021,7.628083086222E-03,38.));
#7325 = CARTESIAN_POINT('',(5.331108650021,0.473226065795,38.));
#7326 = ORIENTED_EDGE('',*,*,#7287,.F.);
#7327 = ORIENTED_EDGE('',*,*,#1912,.F.);
#7328 = SURFACE_OF_LINEAR_EXTRUSION('',#7329,#7333);
#7329 = B_SPLINE_CURVE_WITH_KNOTS('',2,(#7330,#7331,#7332),
  .UNSPECIFIED.,.F.,.F.,(3,3),(0.,1.),.PIECEWISE_BEZIER_KNOTS.);
#7330 = CARTESIAN_POINT('',(5.46596996126,-0.345848141698,40.));
#7331 = CARTESIAN_POINT('',(5.331108650021,7.628083086222E-03,40.));
#7332 = CARTESIAN_POINT('',(5.331108650021,0.473226065795,40.));
#7333 = VECTOR('',#7334,1.);
#7334 = DIRECTION('',(0.,0.,1.));
#7335 = ADVANCED_FACE('',(#7336),#7354,.T.);
#7336 = FACE_BOUND('',#7337,.T.);
#7337 = EDGE_LOOP('',(#7338,#7346,#7352,#7353));
#7338 = ORIENTED_EDGE('',*,*,#7339,.T.);
#7339 = EDGE_CURVE('',#1897,#7340,#7342,.T.);
#7340 = VERTEX_POINT('',#7341);
#7341 = CARTESIAN_POINT('',(5.835881704776,-0.939102824695,38.));
#7342 = LINE('',#7343,#7344);
#7343 = CARTESIAN_POINT('',(5.835881704776,-0.939102824695,40.));
#7344 = VECTOR('',#7345,1.);
#7345 = DIRECTION('',(-0.,-0.,-1.));
#7346 = ORIENTED_EDGE('',*,*,#7347,.T.);
#7347 = EDGE_CURVE('',#7340,#7314,#7348,.T.);
#7348 = B_SPLINE_CURVE_WITH_KNOTS('',2,(#7349,#7350,#7351),
  .UNSPECIFIED.,.F.,.F.,(3,3),(0.,1.),.PIECEWISE_BEZIER_KNOTS.);
#7349 = CARTESIAN_POINT('',(5.835881704776,-0.939102824695,38.));
#7350 = CARTESIAN_POINT('',(5.6008312725,-0.699324366482,38.));
#7351 = CARTESIAN_POINT('',(5.46596996126,-0.345848141698,38.));
#7352 = ORIENTED_EDGE('',*,*,#7313,.F.);
#7353 = ORIENTED_EDGE('',*,*,#1904,.F.);
#7354 = SURFACE_OF_LINEAR_EXTRUSION('',#7355,#7359);
#7355 = B_SPLINE_CURVE_WITH_KNOTS('',2,(#7356,#7357,#7358),
  .UNSPECIFIED.,.F.,.F.,(3,3),(0.,1.),.PIECEWISE_BEZIER_KNOTS.);
#7356 = CARTESIAN_POINT('',(5.835881704776,-0.939102824695,40.));
#7357 = CARTESIAN_POINT('',(5.6008312725,-0.699324366482,40.));
#7358 = CARTESIAN_POINT('',(5.46596996126,-0.345848141698,40.));
#7359 = VECTOR('',#7360,1.);
#7360 = DIRECTION('',(0.,0.,1.));
#7361 = ADVANCED_FACE('',(#7362),#7380,.T.);
#7362 = FACE_BOUND('',#7363,.T.);
#7363 = EDGE_LOOP('',(#7364,#7372,#7378,#7379));
#7364 = ORIENTED_EDGE('',*,*,#7365,.T.);
#7365 = EDGE_CURVE('',#1889,#7366,#7368,.T.);
#7366 = VERTEX_POINT('',#7367);
#7367 = CARTESIAN_POINT('',(6.389285883451,-1.301134524983,38.));
#7368 = LINE('',#7369,#7370);
#7369 = CARTESIAN_POINT('',(6.389285883451,-1.301134524983,40.));
#7370 = VECTOR('',#7371,1.);
#7371 = DIRECTION('',(-0.,-0.,-1.));
#7372 = ORIENTED_EDGE('',*,*,#7373,.T.);
#7373 = EDGE_CURVE('',#7366,#7340,#7374,.T.);
#7374 = B_SPLINE_CURVE_WITH_KNOTS('',2,(#7375,#7376,#7377),
  .UNSPECIFIED.,.F.,.F.,(3,3),(0.,1.),.PIECEWISE_BEZIER_KNOTS.);
#7375 = CARTESIAN_POINT('',(6.389285883451,-1.301134524983,38.));
#7376 = CARTESIAN_POINT('',(6.071157281145,-1.178656138816,38.));
#7377 = CARTESIAN_POINT('',(5.835881704776,-0.939102824695,38.));
#7378 = ORIENTED_EDGE('',*,*,#7339,.F.);
#7379 = ORIENTED_EDGE('',*,*,#1896,.F.);
#7380 = SURFACE_OF_LINEAR_EXTRUSION('',#7381,#7385);
#7381 = B_SPLINE_CURVE_WITH_KNOTS('',2,(#7382,#7383,#7384),
  .UNSPECIFIED.,.F.,.F.,(3,3),(0.,1.),.PIECEWISE_BEZIER_KNOTS.);
#7382 = CARTESIAN_POINT('',(6.389285883451,-1.301134524983,40.));
#7383 = CARTESIAN_POINT('',(6.071157281145,-1.178656138816,40.));
#7384 = CARTESIAN_POINT('',(5.835881704776,-0.939102824695,40.));
#7385 = VECTOR('',#7386,1.);
#7386 = DIRECTION('',(0.,0.,1.));
#7387 = ADVANCED_FACE('',(#7388),#7406,.T.);
#7388 = FACE_BOUND('',#7389,.T.);
#7389 = EDGE_LOOP('',(#7390,#7398,#7404,#7405));
#7390 = ORIENTED_EDGE('',*,*,#7391,.T.);
#7391 = EDGE_CURVE('',#1881,#7392,#7394,.T.);
#7392 = VERTEX_POINT('',#7393);
#7393 = CARTESIAN_POINT('',(7.077326229272,-1.42361291115,38.));
#7394 = LINE('',#7395,#7396);
#7395 = CARTESIAN_POINT('',(7.077326229272,-1.42361291115,40.));
#7396 = VECTOR('',#7397,1.);
#7397 = DIRECTION('',(-0.,-0.,-1.));
#7398 = ORIENTED_EDGE('',*,*,#7399,.T.);
#7399 = EDGE_CURVE('',#7392,#7366,#7400,.T.);
#7400 = B_SPLINE_CURVE_WITH_KNOTS('',2,(#7401,#7402,#7403),
  .UNSPECIFIED.,.F.,.F.,(3,3),(0.,1.),.PIECEWISE_BEZIER_KNOTS.);
#7401 = CARTESIAN_POINT('',(7.077326229272,-1.42361291115,38.));
#7402 = CARTESIAN_POINT('',(6.707414485756,-1.42361291115,38.));
#7403 = CARTESIAN_POINT('',(6.389285883451,-1.301134524983,38.));
#7404 = ORIENTED_EDGE('',*,*,#7365,.F.);
#7405 = ORIENTED_EDGE('',*,*,#1888,.F.);
#7406 = SURFACE_OF_LINEAR_EXTRUSION('',#7407,#7411);
#7407 = B_SPLINE_CURVE_WITH_KNOTS('',2,(#7408,#7409,#7410),
  .UNSPECIFIED.,.F.,.F.,(3,3),(0.,1.),.PIECEWISE_BEZIER_KNOTS.);
#7408 = CARTESIAN_POINT('',(7.077326229272,-1.42361291115,40.));
#7409 = CARTESIAN_POINT('',(6.707414485756,-1.42361291115,40.));
#7410 = CARTESIAN_POINT('',(6.389285883451,-1.301134524983,40.));
#7411 = VECTOR('',#7412,1.);
#7412 = DIRECTION('',(0.,0.,1.));
#7413 = ADVANCED_FACE('',(#7414),#7432,.T.);
#7414 = FACE_BOUND('',#7415,.T.);
#7415 = EDGE_LOOP('',(#7416,#7424,#7430,#7431));
#7416 = ORIENTED_EDGE('',*,*,#7417,.T.);
#7417 = EDGE_CURVE('',#1873,#7418,#7420,.T.);
#7418 = VERTEX_POINT('',#7419);
#7419 = CARTESIAN_POINT('',(7.462998059243,-1.396370475992,38.));
#7420 = LINE('',#7421,#7422);
#7421 = CARTESIAN_POINT('',(7.462998059243,-1.396370475992,40.));
#7422 = VECTOR('',#7423,1.);
#7423 = DIRECTION('',(-0.,-0.,-1.));
#7424 = ORIENTED_EDGE('',*,*,#7425,.T.);
#7425 = EDGE_CURVE('',#7418,#7392,#7426,.T.);
#7426 = B_SPLINE_CURVE_WITH_KNOTS('',2,(#7427,#7428,#7429),
  .UNSPECIFIED.,.F.,.F.,(3,3),(0.,1.),.PIECEWISE_BEZIER_KNOTS.);
#7427 = CARTESIAN_POINT('',(7.462998059243,-1.396370475992,38.));
#7428 = CARTESIAN_POINT('',(7.264195825814,-1.42361291115,38.));
#7429 = CARTESIAN_POINT('',(7.077326229272,-1.42361291115,38.));
#7430 = ORIENTED_EDGE('',*,*,#7391,.F.);
#7431 = ORIENTED_EDGE('',*,*,#1880,.F.);
#7432 = SURFACE_OF_LINEAR_EXTRUSION('',#7433,#7437);
#7433 = B_SPLINE_CURVE_WITH_KNOTS('',2,(#7434,#7435,#7436),
  .UNSPECIFIED.,.F.,.F.,(3,3),(0.,1.),.PIECEWISE_BEZIER_KNOTS.);
#7434 = CARTESIAN_POINT('',(7.462998059243,-1.396370475992,40.));
#7435 = CARTESIAN_POINT('',(7.264195825814,-1.42361291115,40.));
#7436 = CARTESIAN_POINT('',(7.077326229272,-1.42361291115,40.));
#7437 = VECTOR('',#7438,1.);
#7438 = DIRECTION('',(0.,0.,1.));
#7439 = ADVANCED_FACE('',(#7440),#7458,.T.);
#7440 = FACE_BOUND('',#7441,.T.);
#7441 = EDGE_LOOP('',(#7442,#7450,#7456,#7457));
#7442 = ORIENTED_EDGE('',*,*,#7443,.T.);
#7443 = EDGE_CURVE('',#1865,#7444,#7446,.T.);
#7444 = VERTEX_POINT('',#7445);
#7445 = CARTESIAN_POINT('',(7.853623059243,-1.302710533628,38.));
#7446 = LINE('',#7447,#7448);
#7447 = CARTESIAN_POINT('',(7.853623059243,-1.302710533628,40.));
#7448 = VECTOR('',#7449,1.);
#7449 = DIRECTION('',(-0.,-0.,-1.));
#7450 = ORIENTED_EDGE('',*,*,#7451,.T.);
#7451 = EDGE_CURVE('',#7444,#7418,#7452,.T.);
#7452 = B_SPLINE_CURVE_WITH_KNOTS('',2,(#7453,#7454,#7455),
  .UNSPECIFIED.,.F.,.F.,(3,3),(0.,1.),.PIECEWISE_BEZIER_KNOTS.);
#7453 = CARTESIAN_POINT('',(7.853623059243,-1.302710533628,38.));
#7454 = CARTESIAN_POINT('',(7.661800292672,-1.369128040833,38.));
#7455 = CARTESIAN_POINT('',(7.462998059243,-1.396370475992,38.));
#7456 = ORIENTED_EDGE('',*,*,#7417,.F.);
#7457 = ORIENTED_EDGE('',*,*,#1872,.F.);
#7458 = SURFACE_OF_LINEAR_EXTRUSION('',#7459,#7463);
#7459 = B_SPLINE_CURVE_WITH_KNOTS('',2,(#7460,#7461,#7462),
  .UNSPECIFIED.,.F.,.F.,(3,3),(0.,1.),.PIECEWISE_BEZIER_KNOTS.);
#7460 = CARTESIAN_POINT('',(7.853623059243,-1.302710533628,40.));
#7461 = CARTESIAN_POINT('',(7.661800292672,-1.369128040833,40.));
#7462 = CARTESIAN_POINT('',(7.462998059243,-1.396370475992,40.));
#7463 = VECTOR('',#7464,1.);
#7464 = DIRECTION('',(0.,0.,1.));
#7465 = ADVANCED_FACE('',(#7466),#7484,.T.);
#7466 = FACE_BOUND('',#7467,.T.);
#7467 = EDGE_LOOP('',(#7468,#7476,#7482,#7483));
#7468 = ORIENTED_EDGE('',*,*,#7469,.T.);
#7469 = EDGE_CURVE('',#1857,#7470,#7472,.T.);
#7470 = VERTEX_POINT('',#7471);
#7471 = CARTESIAN_POINT('',(8.221958794113,-1.125747277144,38.));
#7472 = LINE('',#7473,#7474);
#7473 = CARTESIAN_POINT('',(8.221958794113,-1.125747277144,40.));
#7474 = VECTOR('',#7475,1.);
#7475 = DIRECTION('',(-0.,-0.,-1.));
#7476 = ORIENTED_EDGE('',*,*,#7477,.T.);
#7477 = EDGE_CURVE('',#7470,#7444,#7478,.T.);
#7478 = B_SPLINE_CURVE_WITH_KNOTS('',2,(#7479,#7480,#7481),
  .UNSPECIFIED.,.F.,.F.,(3,3),(0.,1.),.PIECEWISE_BEZIER_KNOTS.);
#7479 = CARTESIAN_POINT('',(8.221958794113,-1.125747277144,38.));
#7480 = CARTESIAN_POINT('',(8.045670969906,-1.236293026424,38.));
#7481 = CARTESIAN_POINT('',(7.853623059243,-1.302710533628,38.));
#7482 = ORIENTED_EDGE('',*,*,#7443,.F.);
#7483 = ORIENTED_EDGE('',*,*,#1864,.F.);
#7484 = SURFACE_OF_LINEAR_EXTRUSION('',#7485,#7489);
#7485 = B_SPLINE_CURVE_WITH_KNOTS('',2,(#7486,#7487,#7488),
  .UNSPECIFIED.,.F.,.F.,(3,3),(0.,1.),.PIECEWISE_BEZIER_KNOTS.);
#7486 = CARTESIAN_POINT('',(8.221958794113,-1.125747277144,40.));
#7487 = CARTESIAN_POINT('',(8.045670969906,-1.236293026424,40.));
#7488 = CARTESIAN_POINT('',(7.853623059243,-1.302710533628,40.));
#7489 = VECTOR('',#7490,1.);
#7490 = DIRECTION('',(0.,0.,1.));
#7491 = ADVANCED_FACE('',(#7492),#7510,.T.);
#7492 = FACE_BOUND('',#7493,.T.);
#7493 = EDGE_LOOP('',(#7494,#7502,#7508,#7509));
#7494 = ORIENTED_EDGE('',*,*,#7495,.T.);
#7495 = EDGE_CURVE('',#1849,#7496,#7498,.T.);
#7496 = VERTEX_POINT('',#7497);
#7497 = CARTESIAN_POINT('',(8.540312540511,-0.851746916914,38.));
#7498 = LINE('',#7499,#7500);
#7499 = CARTESIAN_POINT('',(8.540312540511,-0.851746916914,40.));
#7500 = VECTOR('',#7501,1.);
#7501 = DIRECTION('',(-0.,-0.,-1.));
#7502 = ORIENTED_EDGE('',*,*,#7503,.T.);
#7503 = EDGE_CURVE('',#7496,#7470,#7504,.T.);
#7504 = B_SPLINE_CURVE_WITH_KNOTS('',2,(#7505,#7506,#7507),
  .UNSPECIFIED.,.F.,.F.,(3,3),(0.,1.),.PIECEWISE_BEZIER_KNOTS.);
#7505 = CARTESIAN_POINT('',(8.540312540511,-0.851746916914,38.));
#7506 = CARTESIAN_POINT('',(8.398471762413,-1.015201527865,38.));
#7507 = CARTESIAN_POINT('',(8.221958794113,-1.125747277144,38.));
#7508 = ORIENTED_EDGE('',*,*,#7469,.F.);
#7509 = ORIENTED_EDGE('',*,*,#1856,.F.);
#7510 = SURFACE_OF_LINEAR_EXTRUSION('',#7511,#7515);
#7511 = B_SPLINE_CURVE_WITH_KNOTS('',2,(#7512,#7513,#7514),
  .UNSPECIFIED.,.F.,.F.,(3,3),(0.,1.),.PIECEWISE_BEZIER_KNOTS.);
#7512 = CARTESIAN_POINT('',(8.540312540511,-0.851746916914,40.));
#7513 = CARTESIAN_POINT('',(8.398471762413,-1.015201527865,40.));
#7514 = CARTESIAN_POINT('',(8.221958794113,-1.125747277144,40.));
#7515 = VECTOR('',#7516,1.);
#7516 = DIRECTION('',(0.,0.,1.));
#7517 = ADVANCED_FACE('',(#7518),#7536,.T.);
#7518 = FACE_BOUND('',#7519,.T.);
#7519 = EDGE_LOOP('',(#7520,#7528,#7534,#7535));
#7520 = ORIENTED_EDGE('',*,*,#7521,.T.);
#7521 = EDGE_CURVE('',#1841,#7522,#7524,.T.);
#7522 = VERTEX_POINT('',#7523);
#7523 = CARTESIAN_POINT('',(8.291303174517,-0.538121196453,38.));
#7524 = LINE('',#7525,#7526);
#7525 = CARTESIAN_POINT('',(8.291303174517,-0.538121196453,40.));
#7526 = VECTOR('',#7527,1.);
#7527 = DIRECTION('',(-0.,-0.,-1.));
#7528 = ORIENTED_EDGE('',*,*,#7529,.T.);
#7529 = EDGE_CURVE('',#7522,#7496,#7530,.T.);
#7530 = LINE('',#7531,#7532);
#7531 = CARTESIAN_POINT('',(8.291303174517,-0.538121196453,38.));
#7532 = VECTOR('',#7533,1.);
#7533 = DIRECTION('',(0.621811155655,-0.783167215033,0.));
#7534 = ORIENTED_EDGE('',*,*,#7495,.F.);
#7535 = ORIENTED_EDGE('',*,*,#1848,.F.);
#7536 = PLANE('',#7537);
#7537 = AXIS2_PLACEMENT_3D('',#7538,#7539,#7540);
#7538 = CARTESIAN_POINT('',(8.291303174517,-0.538121196453,40.));
#7539 = DIRECTION('',(-0.783167215033,-0.621811155655,0.));
#7540 = DIRECTION('',(0.621811155655,-0.783167215033,0.));
#7541 = ADVANCED_FACE('',(#7542),#7560,.T.);
#7542 = FACE_BOUND('',#7543,.T.);
#7543 = EDGE_LOOP('',(#7544,#7552,#7558,#7559));
#7544 = ORIENTED_EDGE('',*,*,#7545,.T.);
#7545 = EDGE_CURVE('',#1833,#7546,#7548,.T.);
#7546 = VERTEX_POINT('',#7547);
#7547 = CARTESIAN_POINT('',(8.225561099589,-0.478908300199,38.));
#7548 = LINE('',#7549,#7550);
#7549 = CARTESIAN_POINT('',(8.225561099589,-0.478908300199,40.));
#7550 = VECTOR('',#7551,1.);
#7551 = DIRECTION('',(-0.,-0.,-1.));
#7552 = ORIENTED_EDGE('',*,*,#7553,.T.);
#7553 = EDGE_CURVE('',#7546,#7522,#7554,.T.);
#7554 = B_SPLINE_CURVE_WITH_KNOTS('',2,(#7555,#7556,#7557),
  .UNSPECIFIED.,.F.,.F.,(3,3),(0.,1.),.PIECEWISE_BEZIER_KNOTS.);
#7555 = CARTESIAN_POINT('',(8.225561099589,-0.478908300199,38.));
#7556 = CARTESIAN_POINT('',(8.263610451174,-0.499846700775,38.));
#7557 = CARTESIAN_POINT('',(8.291303174517,-0.538121196453,38.));
#7558 = ORIENTED_EDGE('',*,*,#7521,.F.);
#7559 = ORIENTED_EDGE('',*,*,#1840,.F.);
#7560 = SURFACE_OF_LINEAR_EXTRUSION('',#7561,#7565);
#7561 = B_SPLINE_CURVE_WITH_KNOTS('',2,(#7562,#7563,#7564),
  .UNSPECIFIED.,.F.,.F.,(3,3),(0.,1.),.PIECEWISE_BEZIER_KNOTS.);
#7562 = CARTESIAN_POINT('',(8.225561099589,-0.478908300199,40.));
#7563 = CARTESIAN_POINT('',(8.263610451174,-0.499846700775,40.));
#7564 = CARTESIAN_POINT('',(8.291303174517,-0.538121196453,40.));
#7565 = VECTOR('',#7566,1.);
#7566 = DIRECTION('',(0.,0.,1.));
#7567 = ADVANCED_FACE('',(#7568),#7586,.T.);
#7568 = FACE_BOUND('',#7569,.T.);
#7569 = EDGE_LOOP('',(#7570,#7578,#7584,#7585));
#7570 = ORIENTED_EDGE('',*,*,#7571,.T.);
#7571 = EDGE_CURVE('',#1825,#7572,#7574,.T.);
#7572 = VERTEX_POINT('',#7573);
#7573 = CARTESIAN_POINT('',(8.135728606793,-0.457969899623,38.));
#7574 = LINE('',#7575,#7576);
#7575 = CARTESIAN_POINT('',(8.135728606793,-0.457969899623,40.));
#7576 = VECTOR('',#7577,1.);
#7577 = DIRECTION('',(-0.,-0.,-1.));
#7578 = ORIENTED_EDGE('',*,*,#7579,.T.);
#7579 = EDGE_CURVE('',#7572,#7546,#7580,.T.);
#7580 = B_SPLINE_CURVE_WITH_KNOTS('',2,(#7581,#7582,#7583),
  .UNSPECIFIED.,.F.,.F.,(3,3),(0.,1.),.PIECEWISE_BEZIER_KNOTS.);
#7581 = CARTESIAN_POINT('',(8.135728606793,-0.457969899623,38.));
#7582 = CARTESIAN_POINT('',(8.187511748004,-0.457969899623,38.));
#7583 = CARTESIAN_POINT('',(8.225561099589,-0.478908300199,38.));
#7584 = ORIENTED_EDGE('',*,*,#7545,.F.);
#7585 = ORIENTED_EDGE('',*,*,#1832,.F.);
#7586 = SURFACE_OF_LINEAR_EXTRUSION('',#7587,#7591);
#7587 = B_SPLINE_CURVE_WITH_KNOTS('',2,(#7588,#7589,#7590),
  .UNSPECIFIED.,.F.,.F.,(3,3),(0.,1.),.PIECEWISE_BEZIER_KNOTS.);
#7588 = CARTESIAN_POINT('',(8.135728606793,-0.457969899623,40.));
#7589 = CARTESIAN_POINT('',(8.187511748004,-0.457969899623,40.));
#7590 = CARTESIAN_POINT('',(8.225561099589,-0.478908300199,40.));
#7591 = VECTOR('',#7592,1.);
#7592 = DIRECTION('',(0.,0.,1.));
#7593 = ADVANCED_FACE('',(#7594),#7612,.T.);
#7594 = FACE_BOUND('',#7595,.T.);
#7595 = EDGE_LOOP('',(#7596,#7604,#7610,#7611));
#7596 = ORIENTED_EDGE('',*,*,#7597,.T.);
#7597 = EDGE_CURVE('',#1817,#7598,#7600,.T.);
#7598 = VERTEX_POINT('',#7599);
#7599 = CARTESIAN_POINT('',(7.971373419474,-0.506601023542,38.));
#7600 = LINE('',#7601,#7602);
#7601 = CARTESIAN_POINT('',(7.971373419474,-0.506601023542,40.));
#7602 = VECTOR('',#7603,1.);
#7603 = DIRECTION('',(-0.,-0.,-1.));
#7604 = ORIENTED_EDGE('',*,*,#7605,.T.);
#7605 = EDGE_CURVE('',#7598,#7572,#7606,.T.);
#7606 = B_SPLINE_CURVE_WITH_KNOTS('',2,(#7607,#7608,#7609),
  .UNSPECIFIED.,.F.,.F.,(3,3),(0.,1.),.PIECEWISE_BEZIER_KNOTS.);
#7607 = CARTESIAN_POINT('',(7.971373419474,-0.506601023542,38.));
#7608 = CARTESIAN_POINT('',(8.056027598148,-0.457969899623,38.));
#7609 = CARTESIAN_POINT('',(8.135728606793,-0.457969899623,38.));
#7610 = ORIENTED_EDGE('',*,*,#7571,.F.);
#7611 = ORIENTED_EDGE('',*,*,#1824,.F.);
#7612 = SURFACE_OF_LINEAR_EXTRUSION('',#7613,#7617);
#7613 = B_SPLINE_CURVE_WITH_KNOTS('',2,(#7614,#7615,#7616),
  .UNSPECIFIED.,.F.,.F.,(3,3),(0.,1.),.PIECEWISE_BEZIER_KNOTS.);
#7614 = CARTESIAN_POINT('',(7.971373419474,-0.506601023542,40.));
#7615 = CARTESIAN_POINT('',(8.056027598148,-0.457969899623,40.));
#7616 = CARTESIAN_POINT('',(8.135728606793,-0.457969899623,40.));
#7617 = VECTOR('',#7618,1.);
#7618 = DIRECTION('',(0.,0.,1.));
#7619 = ADVANCED_FACE('',(#7620),#7638,.T.);
#7620 = FACE_BOUND('',#7621,.T.);
#7621 = EDGE_LOOP('',(#7622,#7630,#7636,#7637));
#7622 = ORIENTED_EDGE('',*,*,#7623,.T.);
#7623 = EDGE_CURVE('',#1809,#7624,#7626,.T.);
#7624 = VERTEX_POINT('',#7625);
#7625 = CARTESIAN_POINT('',(7.77414719469,-0.61399475553,38.));
#7626 = LINE('',#7627,#7628);
#7627 = CARTESIAN_POINT('',(7.77414719469,-0.61399475553,40.));
#7628 = VECTOR('',#7629,1.);
#7629 = DIRECTION('',(-0.,-0.,-1.));
#7630 = ORIENTED_EDGE('',*,*,#7631,.T.);
#7631 = EDGE_CURVE('',#7624,#7598,#7632,.T.);
#7632 = B_SPLINE_CURVE_WITH_KNOTS('',2,(#7633,#7634,#7635),
  .UNSPECIFIED.,.F.,.F.,(3,3),(0.,1.),.PIECEWISE_BEZIER_KNOTS.);
#7633 = CARTESIAN_POINT('',(7.77414719469,-0.61399475553,38.));
#7634 = CARTESIAN_POINT('',(7.886719240799,-0.555007003369,38.));
#7635 = CARTESIAN_POINT('',(7.971373419474,-0.506601023542,38.));
#7636 = ORIENTED_EDGE('',*,*,#7597,.F.);
#7637 = ORIENTED_EDGE('',*,*,#1816,.F.);
#7638 = SURFACE_OF_LINEAR_EXTRUSION('',#7639,#7643);
#7639 = B_SPLINE_CURVE_WITH_KNOTS('',2,(#7640,#7641,#7642),
  .UNSPECIFIED.,.F.,.F.,(3,3),(0.,1.),.PIECEWISE_BEZIER_KNOTS.);
#7640 = CARTESIAN_POINT('',(7.77414719469,-0.61399475553,40.));
#7641 = CARTESIAN_POINT('',(7.886719240799,-0.555007003369,40.));
#7642 = CARTESIAN_POINT('',(7.971373419474,-0.506601023542,40.));
#7643 = VECTOR('',#7644,1.);
#7644 = DIRECTION('',(0.,0.,1.));
#7645 = ADVANCED_FACE('',(#7646),#7664,.T.);
#7646 = FACE_BOUND('',#7647,.T.);
#7647 = EDGE_LOOP('',(#7648,#7656,#7662,#7663));
#7648 = ORIENTED_EDGE('',*,*,#7649,.T.);
#7649 = EDGE_CURVE('',#1801,#7650,#7652,.T.);
#7650 = VERTEX_POINT('',#7651);
#7651 = CARTESIAN_POINT('',(7.51140403907,-0.721613631611,38.));
#7652 = LINE('',#7653,#7654);
#7653 = CARTESIAN_POINT('',(7.51140403907,-0.721613631611,40.));
#7654 = VECTOR('',#7655,1.);
#7655 = DIRECTION('',(-0.,-0.,-1.));
#7656 = ORIENTED_EDGE('',*,*,#7657,.T.);
#7657 = EDGE_CURVE('',#7650,#7624,#7658,.T.);
#7658 = B_SPLINE_CURVE_WITH_KNOTS('',2,(#7659,#7660,#7661),
  .UNSPECIFIED.,.F.,.F.,(3,3),(0.,1.),.PIECEWISE_BEZIER_KNOTS.);
#7659 = CARTESIAN_POINT('',(7.51140403907,-0.721613631611,38.));
#7660 = CARTESIAN_POINT('',(7.661800292672,-0.672982507692,38.));
#7661 = CARTESIAN_POINT('',(7.77414719469,-0.61399475553,38.));
#7662 = ORIENTED_EDGE('',*,*,#7623,.F.);
#7663 = ORIENTED_EDGE('',*,*,#1808,.F.);
#7664 = SURFACE_OF_LINEAR_EXTRUSION('',#7665,#7669);
#7665 = B_SPLINE_CURVE_WITH_KNOTS('',2,(#7666,#7667,#7668),
  .UNSPECIFIED.,.F.,.F.,(3,3),(0.,1.),.PIECEWISE_BEZIER_KNOTS.);
#7666 = CARTESIAN_POINT('',(7.51140403907,-0.721613631611,40.));
#7667 = CARTESIAN_POINT('',(7.661800292672,-0.672982507692,40.));
#7668 = CARTESIAN_POINT('',(7.77414719469,-0.61399475553,40.));
#7669 = VECTOR('',#7670,1.);
#7670 = DIRECTION('',(0.,0.,1.));
#7671 = ADVANCED_FACE('',(#7672),#7690,.T.);
#7672 = FACE_BOUND('',#7673,.T.);
#7673 = EDGE_LOOP('',(#7674,#7682,#7688,#7689));
#7674 = ORIENTED_EDGE('',*,*,#7675,.T.);
#7675 = EDGE_CURVE('',#1793,#7676,#7678,.T.);
#7676 = VERTEX_POINT('',#7677);
#7677 = CARTESIAN_POINT('',(7.153424932442,-0.770019611438,38.));
#7678 = LINE('',#7679,#7680);
#7679 = CARTESIAN_POINT('',(7.153424932442,-0.770019611438,40.));
#7680 = VECTOR('',#7681,1.);
#7681 = DIRECTION('',(-0.,-0.,-1.));
#7682 = ORIENTED_EDGE('',*,*,#7683,.T.);
#7683 = EDGE_CURVE('',#7676,#7650,#7684,.T.);
#7684 = B_SPLINE_CURVE_WITH_KNOTS('',2,(#7685,#7686,#7687),
  .UNSPECIFIED.,.F.,.F.,(3,3),(0.,1.),.PIECEWISE_BEZIER_KNOTS.);
#7685 = CARTESIAN_POINT('',(7.153424932442,-0.770019611438,38.));
#7686 = CARTESIAN_POINT('',(7.361007785468,-0.770019611438,38.));
#7687 = CARTESIAN_POINT('',(7.51140403907,-0.721613631611,38.));
#7688 = ORIENTED_EDGE('',*,*,#7649,.F.);
#7689 = ORIENTED_EDGE('',*,*,#1800,.F.);
#7690 = SURFACE_OF_LINEAR_EXTRUSION('',#7691,#7695);
#7691 = B_SPLINE_CURVE_WITH_KNOTS('',2,(#7692,#7693,#7694),
  .UNSPECIFIED.,.F.,.F.,(3,3),(0.,1.),.PIECEWISE_BEZIER_KNOTS.);
#7692 = CARTESIAN_POINT('',(7.153424932442,-0.770019611438,40.));
#7693 = CARTESIAN_POINT('',(7.361007785468,-0.770019611438,40.));
#7694 = CARTESIAN_POINT('',(7.51140403907,-0.721613631611,40.));
#7695 = VECTOR('',#7696,1.);
#7696 = DIRECTION('',(0.,0.,1.));
#7697 = ADVANCED_FACE('',(#7698),#7716,.T.);
#7698 = FACE_BOUND('',#7699,.T.);
#7699 = EDGE_LOOP('',(#7700,#7708,#7714,#7715));
#7700 = ORIENTED_EDGE('',*,*,#7701,.T.);
#7701 = EDGE_CURVE('',#1785,#7702,#7704,.T.);
#7702 = VERTEX_POINT('',#7703);
#7703 = CARTESIAN_POINT('',(6.47551607077,-0.513580490401,38.));
#7704 = LINE('',#7705,#7706);
#7705 = CARTESIAN_POINT('',(6.47551607077,-0.513580490401,40.));
#7706 = VECTOR('',#7707,1.);
#7707 = DIRECTION('',(-0.,-0.,-1.));
#7708 = ORIENTED_EDGE('',*,*,#7709,.T.);
#7709 = EDGE_CURVE('',#7702,#7676,#7710,.T.);
#7710 = B_SPLINE_CURVE_WITH_KNOTS('',2,(#7711,#7712,#7713),
  .UNSPECIFIED.,.F.,.F.,(3,3),(0.,1.),.PIECEWISE_BEZIER_KNOTS.);
#7711 = CARTESIAN_POINT('',(6.47551607077,-0.513580490401,38.));
#7712 = CARTESIAN_POINT('',(6.731504903623,-0.770019611438,38.));
#7713 = CARTESIAN_POINT('',(7.153424932442,-0.770019611438,38.));
#7714 = ORIENTED_EDGE('',*,*,#7675,.F.);
#7715 = ORIENTED_EDGE('',*,*,#1792,.F.);
#7716 = SURFACE_OF_LINEAR_EXTRUSION('',#7717,#7721);
#7717 = B_SPLINE_CURVE_WITH_KNOTS('',2,(#7718,#7719,#7720),
  .UNSPECIFIED.,.F.,.F.,(3,3),(0.,1.),.PIECEWISE_BEZIER_KNOTS.);
#7718 = CARTESIAN_POINT('',(6.47551607077,-0.513580490401,40.));
#7719 = CARTESIAN_POINT('',(6.731504903623,-0.770019611438,40.));
#7720 = CARTESIAN_POINT('',(7.153424932442,-0.770019611438,40.));
#7721 = VECTOR('',#7722,1.);
#7722 = DIRECTION('',(0.,0.,1.));
#7723 = ADVANCED_FACE('',(#7724),#7742,.T.);
#7724 = FACE_BOUND('',#7725,.T.);
#7725 = EDGE_LOOP('',(#7726,#7734,#7740,#7741));
#7726 = ORIENTED_EDGE('',*,*,#7727,.T.);
#7727 = EDGE_CURVE('',#1777,#7728,#7730,.T.);
#7728 = VERTEX_POINT('',#7729);
#7729 = CARTESIAN_POINT('',(6.181703030425,0.29108449519,38.));
#7730 = LINE('',#7731,#7732);
#7731 = CARTESIAN_POINT('',(6.181703030425,0.29108449519,40.));
#7732 = VECTOR('',#7733,1.);
#7733 = DIRECTION('',(-0.,-0.,-1.));
#7734 = ORIENTED_EDGE('',*,*,#7735,.T.);
#7735 = EDGE_CURVE('',#7728,#7702,#7736,.T.);
#7736 = B_SPLINE_CURVE_WITH_KNOTS('',2,(#7737,#7738,#7739),
  .UNSPECIFIED.,.F.,.F.,(3,3),(0.,1.),.PIECEWISE_BEZIER_KNOTS.);
#7737 = CARTESIAN_POINT('',(6.181703030425,0.29108449519,38.));
#7738 = CARTESIAN_POINT('',(6.21975238201,-0.256916225271,38.));
#7739 = CARTESIAN_POINT('',(6.47551607077,-0.513580490401,38.));
#7740 = ORIENTED_EDGE('',*,*,#7701,.F.);
#7741 = ORIENTED_EDGE('',*,*,#1784,.F.);
#7742 = SURFACE_OF_LINEAR_EXTRUSION('',#7743,#7747);
#7743 = B_SPLINE_CURVE_WITH_KNOTS('',2,(#7744,#7745,#7746),
  .UNSPECIFIED.,.F.,.F.,(3,3),(0.,1.),.PIECEWISE_BEZIER_KNOTS.);
#7744 = CARTESIAN_POINT('',(6.181703030425,0.29108449519,40.));
#7745 = CARTESIAN_POINT('',(6.21975238201,-0.256916225271,40.));
#7746 = CARTESIAN_POINT('',(6.47551607077,-0.513580490401,40.));
#7747 = VECTOR('',#7748,1.);
#7748 = DIRECTION('',(0.,0.,1.));
#7749 = ADVANCED_FACE('',(#7750),#7768,.T.);
#7750 = FACE_BOUND('',#7751,.T.);
#7751 = EDGE_LOOP('',(#7752,#7760,#7766,#7767));
#7752 = ORIENTED_EDGE('',*,*,#7753,.T.);
#7753 = EDGE_CURVE('',#1769,#7754,#7756,.T.);
#7754 = VERTEX_POINT('',#7755);
#7755 = CARTESIAN_POINT('',(8.374156200453,0.29108449519,38.));
#7756 = LINE('',#7757,#7758);
#7757 = CARTESIAN_POINT('',(8.374156200453,0.29108449519,40.));
#7758 = VECTOR('',#7759,1.);
#7759 = DIRECTION('',(-0.,-0.,-1.));
#7760 = ORIENTED_EDGE('',*,*,#7761,.T.);
#7761 = EDGE_CURVE('',#7754,#7728,#7762,.T.);
#7762 = LINE('',#7763,#7764);
#7763 = CARTESIAN_POINT('',(8.374156200453,0.29108449519,38.));
#7764 = VECTOR('',#7765,1.);
#7765 = DIRECTION('',(-1.,0.,0.));
#7766 = ORIENTED_EDGE('',*,*,#7727,.F.);
#7767 = ORIENTED_EDGE('',*,*,#1776,.F.);
#7768 = PLANE('',#7769);
#7769 = AXIS2_PLACEMENT_3D('',#7770,#7771,#7772);
#7770 = CARTESIAN_POINT('',(8.374156200453,0.29108449519,40.));
#7771 = DIRECTION('',(0.,1.,0.));
#7772 = DIRECTION('',(-1.,0.,0.));
#7773 = ADVANCED_FACE('',(#7774),#7792,.T.);
#7774 = FACE_BOUND('',#7775,.T.);
#7775 = EDGE_LOOP('',(#7776,#7784,#7790,#7791));
#7776 = ORIENTED_EDGE('',*,*,#7777,.T.);
#7777 = EDGE_CURVE('',#1761,#7778,#7780,.T.);
#7778 = VERTEX_POINT('',#7779);
#7779 = CARTESIAN_POINT('',(8.4711933042,0.306619437553,38.));
#7780 = LINE('',#7781,#7782);
#7781 = CARTESIAN_POINT('',(8.4711933042,0.306619437553,40.));
#7782 = VECTOR('',#7783,1.);
#7783 = DIRECTION('',(-0.,-0.,-1.));
#7784 = ORIENTED_EDGE('',*,*,#7785,.T.);
#7785 = EDGE_CURVE('',#7778,#7754,#7786,.T.);
#7786 = B_SPLINE_CURVE_WITH_KNOTS('',2,(#7787,#7788,#7789),
  .UNSPECIFIED.,.F.,.F.,(3,3),(0.,1.),.PIECEWISE_BEZIER_KNOTS.);
#7787 = CARTESIAN_POINT('',(8.4711933042,0.306619437553,38.));
#7788 = CARTESIAN_POINT('',(8.433143952615,0.29108449519,38.));
#7789 = CARTESIAN_POINT('',(8.374156200453,0.29108449519,38.));
#7790 = ORIENTED_EDGE('',*,*,#7753,.F.);
#7791 = ORIENTED_EDGE('',*,*,#1768,.F.);
#7792 = SURFACE_OF_LINEAR_EXTRUSION('',#7793,#7797);
#7793 = B_SPLINE_CURVE_WITH_KNOTS('',2,(#7794,#7795,#7796),
  .UNSPECIFIED.,.F.,.F.,(3,3),(0.,1.),.PIECEWISE_BEZIER_KNOTS.);
#7794 = CARTESIAN_POINT('',(8.4711933042,0.306619437553,40.));
#7795 = CARTESIAN_POINT('',(8.433143952615,0.29108449519,40.));
#7796 = CARTESIAN_POINT('',(8.374156200453,0.29108449519,40.));
#7797 = VECTOR('',#7798,1.);
#7798 = DIRECTION('',(0.,0.,1.));
#7799 = ADVANCED_FACE('',(#7800),#7818,.T.);
#7800 = FACE_BOUND('',#7801,.T.);
#7801 = EDGE_LOOP('',(#7802,#7810,#7816,#7817));
#7802 = ORIENTED_EDGE('',*,*,#7803,.T.);
#7803 = EDGE_CURVE('',#1753,#7804,#7806,.T.);
#7804 = VERTEX_POINT('',#7805);
#7805 = CARTESIAN_POINT('',(8.531531920915,0.358177434671,38.));
#7806 = LINE('',#7807,#7808);
#7807 = CARTESIAN_POINT('',(8.531531920915,0.358177434671,40.));
#7808 = VECTOR('',#7809,1.);
#7809 = DIRECTION('',(-0.,-0.,-1.));
#7810 = ORIENTED_EDGE('',*,*,#7811,.T.);
#7811 = EDGE_CURVE('',#7804,#7778,#7812,.T.);
#7812 = B_SPLINE_CURVE_WITH_KNOTS('',2,(#7813,#7814,#7815),
  .UNSPECIFIED.,.F.,.F.,(3,3),(0.,1.),.PIECEWISE_BEZIER_KNOTS.);
#7813 = CARTESIAN_POINT('',(8.531531920915,0.358177434671,38.));
#7814 = CARTESIAN_POINT('',(8.509242655785,0.322154379916,38.));
#7815 = CARTESIAN_POINT('',(8.4711933042,0.306619437553,38.));
#7816 = ORIENTED_EDGE('',*,*,#7777,.F.);
#7817 = ORIENTED_EDGE('',*,*,#1760,.F.);
#7818 = SURFACE_OF_LINEAR_EXTRUSION('',#7819,#7823);
#7819 = B_SPLINE_CURVE_WITH_KNOTS('',2,(#7820,#7821,#7822),
  .UNSPECIFIED.,.F.,.F.,(3,3),(0.,1.),.PIECEWISE_BEZIER_KNOTS.);
#7820 = CARTESIAN_POINT('',(8.531531920915,0.358177434671,40.));
#7821 = CARTESIAN_POINT('',(8.509242655785,0.322154379916,40.));
#7822 = CARTESIAN_POINT('',(8.4711933042,0.306619437553,40.));
#7823 = VECTOR('',#7824,1.);
#7824 = DIRECTION('',(0.,0.,1.));
#7825 = ADVANCED_FACE('',(#7826),#7844,.T.);
#7826 = FACE_BOUND('',#7827,.T.);
#7827 = EDGE_LOOP('',(#7828,#7836,#7842,#7843));
#7828 = ORIENTED_EDGE('',*,*,#7829,.T.);
#7829 = EDGE_CURVE('',#1745,#7830,#7832,.T.);
#7830 = VERTEX_POINT('',#7831);
#7831 = CARTESIAN_POINT('',(8.562601805641,0.458141411616,38.));
#7832 = LINE('',#7833,#7834);
#7833 = CARTESIAN_POINT('',(8.562601805641,0.458141411616,40.));
#7834 = VECTOR('',#7835,1.);
#7835 = DIRECTION('',(-0.,-0.,-1.));
#7836 = ORIENTED_EDGE('',*,*,#7837,.T.);
#7837 = EDGE_CURVE('',#7830,#7804,#7838,.T.);
#7838 = B_SPLINE_CURVE_WITH_KNOTS('',2,(#7839,#7840,#7841),
  .UNSPECIFIED.,.F.,.F.,(3,3),(0.,1.),.PIECEWISE_BEZIER_KNOTS.);
#7839 = CARTESIAN_POINT('',(8.562601805641,0.458141411616,38.));
#7840 = CARTESIAN_POINT('',(8.554046330136,0.394425633518,38.));
#7841 = CARTESIAN_POINT('',(8.531531920915,0.358177434671,38.));
#7842 = ORIENTED_EDGE('',*,*,#7803,.F.);
#7843 = ORIENTED_EDGE('',*,*,#1752,.F.);
#7844 = SURFACE_OF_LINEAR_EXTRUSION('',#7845,#7849);
#7845 = B_SPLINE_CURVE_WITH_KNOTS('',2,(#7846,#7847,#7848),
  .UNSPECIFIED.,.F.,.F.,(3,3),(0.,1.),.PIECEWISE_BEZIER_KNOTS.);
#7846 = CARTESIAN_POINT('',(8.562601805641,0.458141411616,40.));
#7847 = CARTESIAN_POINT('',(8.554046330136,0.394425633518,40.));
#7848 = CARTESIAN_POINT('',(8.531531920915,0.358177434671,40.));
#7849 = VECTOR('',#7850,1.);
#7850 = DIRECTION('',(0.,0.,1.));
#7851 = ADVANCED_FACE('',(#7852),#7870,.T.);
#7852 = FACE_BOUND('',#7853,.T.);
#7853 = EDGE_LOOP('',(#7854,#7862,#7868,#7869));
#7854 = ORIENTED_EDGE('',*,*,#7855,.T.);
#7855 = EDGE_CURVE('',#1737,#7856,#7858,.T.);
#7856 = VERTEX_POINT('',#7857);
#7857 = CARTESIAN_POINT('',(8.571382425237,0.618669149369,38.));
#7858 = LINE('',#7859,#7860);
#7859 = CARTESIAN_POINT('',(8.571382425237,0.618669149369,40.));
#7860 = VECTOR('',#7861,1.);
#7861 = DIRECTION('',(-0.,-0.,-1.));
#7862 = ORIENTED_EDGE('',*,*,#7863,.T.);
#7863 = EDGE_CURVE('',#7856,#7830,#7864,.T.);
#7864 = B_SPLINE_CURVE_WITH_KNOTS('',2,(#7865,#7866,#7867),
  .UNSPECIFIED.,.F.,.F.,(3,3),(0.,1.),.PIECEWISE_BEZIER_KNOTS.);
#7865 = CARTESIAN_POINT('',(8.571382425237,0.618669149369,38.));
#7866 = CARTESIAN_POINT('',(8.571382425237,0.522082333807,38.));
#7867 = CARTESIAN_POINT('',(8.562601805641,0.458141411616,38.));
#7868 = ORIENTED_EDGE('',*,*,#7829,.F.);
#7869 = ORIENTED_EDGE('',*,*,#1744,.F.);
#7870 = SURFACE_OF_LINEAR_EXTRUSION('',#7871,#7875);
#7871 = B_SPLINE_CURVE_WITH_KNOTS('',2,(#7872,#7873,#7874),
  .UNSPECIFIED.,.F.,.F.,(3,3),(0.,1.),.PIECEWISE_BEZIER_KNOTS.);
#7872 = CARTESIAN_POINT('',(8.571382425237,0.618669149369,40.));
#7873 = CARTESIAN_POINT('',(8.571382425237,0.522082333807,40.));
#7874 = CARTESIAN_POINT('',(8.562601805641,0.458141411616,40.));
#7875 = VECTOR('',#7876,1.);
#7876 = DIRECTION('',(0.,0.,1.));
#7877 = ADVANCED_FACE('',(#7878),#7896,.T.);
#7878 = FACE_BOUND('',#7879,.T.);
#7879 = EDGE_LOOP('',(#7880,#7888,#7894,#7895));
#7880 = ORIENTED_EDGE('',*,*,#7881,.T.);
#7881 = EDGE_CURVE('',#1729,#7882,#7884,.T.);
#7882 = VERTEX_POINT('',#7883);
#7883 = CARTESIAN_POINT('',(8.457234370482,1.299504884239,38.));
#7884 = LINE('',#7885,#7886);
#7885 = CARTESIAN_POINT('',(8.457234370482,1.299504884239,40.));
#7886 = VECTOR('',#7887,1.);
#7887 = DIRECTION('',(-0.,-0.,-1.));
#7888 = ORIENTED_EDGE('',*,*,#7889,.T.);
#7889 = EDGE_CURVE('',#7882,#7856,#7890,.T.);
#7890 = B_SPLINE_CURVE_WITH_KNOTS('',2,(#7891,#7892,#7893),
  .UNSPECIFIED.,.F.,.F.,(3,3),(0.,1.),.PIECEWISE_BEZIER_KNOTS.);
#7891 = CARTESIAN_POINT('',(8.457234370482,1.299504884239,38.));
#7892 = CARTESIAN_POINT('',(8.571382425237,1.001414106141,38.));
#7893 = CARTESIAN_POINT('',(8.571382425237,0.618669149369,38.));
#7894 = ORIENTED_EDGE('',*,*,#7855,.F.);
#7895 = ORIENTED_EDGE('',*,*,#1736,.F.);
#7896 = SURFACE_OF_LINEAR_EXTRUSION('',#7897,#7901);
#7897 = B_SPLINE_CURVE_WITH_KNOTS('',2,(#7898,#7899,#7900),
  .UNSPECIFIED.,.F.,.F.,(3,3),(0.,1.),.PIECEWISE_BEZIER_KNOTS.);
#7898 = CARTESIAN_POINT('',(8.457234370482,1.299504884239,40.));
#7899 = CARTESIAN_POINT('',(8.571382425237,1.001414106141,40.));
#7900 = CARTESIAN_POINT('',(8.571382425237,0.618669149369,40.));
#7901 = VECTOR('',#7902,1.);
#7902 = DIRECTION('',(0.,0.,1.));
#7903 = ADVANCED_FACE('',(#7904),#7922,.T.);
#7904 = FACE_BOUND('',#7905,.T.);
#7905 = EDGE_LOOP('',(#7906,#7914,#7920,#7921));
#7906 = ORIENTED_EDGE('',*,*,#7907,.T.);
#7907 = EDGE_CURVE('',#1721,#7908,#7910,.T.);
#7908 = VERTEX_POINT('',#7909);
#7909 = CARTESIAN_POINT('',(8.139105768177,1.802927074441,38.));
#7910 = LINE('',#7911,#7912);
#7911 = CARTESIAN_POINT('',(8.139105768177,1.802927074441,40.));
#7912 = VECTOR('',#7913,1.);
#7913 = DIRECTION('',(-0.,-0.,-1.));
#7914 = ORIENTED_EDGE('',*,*,#7915,.T.);
#7915 = EDGE_CURVE('',#7908,#7882,#7916,.T.);
#7916 = B_SPLINE_CURVE_WITH_KNOTS('',2,(#7917,#7918,#7919),
  .UNSPECIFIED.,.F.,.F.,(3,3),(0.,1.),.PIECEWISE_BEZIER_KNOTS.);
#7917 = CARTESIAN_POINT('',(8.139105768177,1.802927074441,38.));
#7918 = CARTESIAN_POINT('',(8.343086315727,1.597820806429,38.));
#7919 = CARTESIAN_POINT('',(8.457234370482,1.299504884239,38.));
#7920 = ORIENTED_EDGE('',*,*,#7881,.F.);
#7921 = ORIENTED_EDGE('',*,*,#1728,.F.);
#7922 = SURFACE_OF_LINEAR_EXTRUSION('',#7923,#7927);
#7923 = B_SPLINE_CURVE_WITH_KNOTS('',2,(#7924,#7925,#7926),
  .UNSPECIFIED.,.F.,.F.,(3,3),(0.,1.),.PIECEWISE_BEZIER_KNOTS.);
#7924 = CARTESIAN_POINT('',(8.139105768177,1.802927074441,40.));
#7925 = CARTESIAN_POINT('',(8.343086315727,1.597820806429,40.));
#7926 = CARTESIAN_POINT('',(8.457234370482,1.299504884239,40.));
#7927 = VECTOR('',#7928,1.);
#7928 = DIRECTION('',(0.,0.,1.));
#7929 = ADVANCED_FACE('',(#7930),#7948,.T.);
#7930 = FACE_BOUND('',#7931,.T.);
#7931 = EDGE_LOOP('',(#7932,#7940,#7946,#7947));
#7932 = ORIENTED_EDGE('',*,*,#7933,.T.);
#7933 = EDGE_CURVE('',#1713,#7934,#7936,.T.);
#7934 = VERTEX_POINT('',#7935);
#7935 = CARTESIAN_POINT('',(7.653244817168,2.114976786256,38.));
#7936 = LINE('',#7937,#7938);
#7937 = CARTESIAN_POINT('',(7.653244817168,2.114976786256,40.));
#7938 = VECTOR('',#7939,1.);
#7939 = DIRECTION('',(-0.,-0.,-1.));
#7940 = ORIENTED_EDGE('',*,*,#7941,.T.);
#7941 = EDGE_CURVE('',#7934,#7908,#7942,.T.);
#7942 = B_SPLINE_CURVE_WITH_KNOTS('',2,(#7943,#7944,#7945),
  .UNSPECIFIED.,.F.,.F.,(3,3),(0.,1.),.PIECEWISE_BEZIER_KNOTS.);
#7943 = CARTESIAN_POINT('',(7.653244817168,2.114976786256,38.));
#7944 = CARTESIAN_POINT('',(7.935125220626,2.008258486544,38.));
#7945 = CARTESIAN_POINT('',(8.139105768177,1.802927074441,38.));
#7946 = ORIENTED_EDGE('',*,*,#7907,.F.);
#7947 = ORIENTED_EDGE('',*,*,#1720,.F.);
#7948 = SURFACE_OF_LINEAR_EXTRUSION('',#7949,#7953);
#7949 = B_SPLINE_CURVE_WITH_KNOTS('',2,(#7950,#7951,#7952),
  .UNSPECIFIED.,.F.,.F.,(3,3),(0.,1.),.PIECEWISE_BEZIER_KNOTS.);
#7950 = CARTESIAN_POINT('',(7.653244817168,2.114976786256,40.));
#7951 = CARTESIAN_POINT('',(7.935125220626,2.008258486544,40.));
#7952 = CARTESIAN_POINT('',(8.139105768177,1.802927074441,40.));
#7953 = VECTOR('',#7954,1.);
#7954 = DIRECTION('',(0.,0.,1.));
#7955 = ADVANCED_FACE('',(#7956),#7967,.T.);
#7956 = FACE_BOUND('',#7957,.T.);
#7957 = EDGE_LOOP('',(#7958,#7959,#7965,#7966));
#7958 = ORIENTED_EDGE('',*,*,#7218,.T.);
#7959 = ORIENTED_EDGE('',*,*,#7960,.T.);
#7960 = EDGE_CURVE('',#7211,#7934,#7961,.T.);
#7961 = B_SPLINE_CURVE_WITH_KNOTS('',2,(#7962,#7963,#7964),
  .UNSPECIFIED.,.F.,.F.,(3,3),(0.,1.),.PIECEWISE_BEZIER_KNOTS.);
#7962 = CARTESIAN_POINT('',(7.035899716304,2.22192023006,38.));
#7963 = CARTESIAN_POINT('',(7.37136441371,2.22192023006,38.));
#7964 = CARTESIAN_POINT('',(7.653244817168,2.114976786256,38.));
#7965 = ORIENTED_EDGE('',*,*,#7933,.F.);
#7966 = ORIENTED_EDGE('',*,*,#1712,.F.);
#7967 = SURFACE_OF_LINEAR_EXTRUSION('',#7968,#7972);
#7968 = B_SPLINE_CURVE_WITH_KNOTS('',2,(#7969,#7970,#7971),
  .UNSPECIFIED.,.F.,.F.,(3,3),(0.,1.),.PIECEWISE_BEZIER_KNOTS.);
#7969 = CARTESIAN_POINT('',(7.035899716304,2.22192023006,40.));
#7970 = CARTESIAN_POINT('',(7.37136441371,2.22192023006,40.));
#7971 = CARTESIAN_POINT('',(7.653244817168,2.114976786256,40.));
#7972 = VECTOR('',#7973,1.);
#7973 = DIRECTION('',(0.,0.,1.));
#7974 = ADVANCED_FACE('',(#7975),#8000,.T.);
#7975 = FACE_BOUND('',#7976,.T.);
#7976 = EDGE_LOOP('',(#7977,#7985,#7993,#7999));
#7977 = ORIENTED_EDGE('',*,*,#7978,.T.);
#7978 = EDGE_CURVE('',#1945,#7979,#7981,.T.);
#7979 = VERTEX_POINT('',#7980);
#7980 = CARTESIAN_POINT('',(2.490015350309,-1.365976023542,38.));
#7981 = LINE('',#7982,#7983);
#7982 = CARTESIAN_POINT('',(2.490015350309,-1.365976023542,40.));
#7983 = VECTOR('',#7984,1.);
#7984 = DIRECTION('',(-0.,-0.,-1.));
#7985 = ORIENTED_EDGE('',*,*,#7986,.T.);
#7986 = EDGE_CURVE('',#7979,#7987,#7989,.T.);
#7987 = VERTEX_POINT('',#7988);
#7988 = CARTESIAN_POINT('',(1.636043808523,-1.365976023542,38.));
#7989 = LINE('',#7990,#7991);
#7990 = CARTESIAN_POINT('',(2.490015350309,-1.365976023542,38.));
#7991 = VECTOR('',#7992,1.);
#7992 = DIRECTION('',(-1.,0.,0.));
#7993 = ORIENTED_EDGE('',*,*,#7994,.F.);
#7994 = EDGE_CURVE('',#1947,#7987,#7995,.T.);
#7995 = LINE('',#7996,#7997);
#7996 = CARTESIAN_POINT('',(1.636043808523,-1.365976023542,40.));
#7997 = VECTOR('',#7998,1.);
#7998 = DIRECTION('',(-0.,-0.,-1.));
#7999 = ORIENTED_EDGE('',*,*,#1944,.F.);
#8000 = PLANE('',#8001);
#8001 = AXIS2_PLACEMENT_3D('',#8002,#8003,#8004);
#8002 = CARTESIAN_POINT('',(2.490015350309,-1.365976023542,40.));
#8003 = DIRECTION('',(0.,1.,0.));
#8004 = DIRECTION('',(-1.,0.,0.));
#8005 = ADVANCED_FACE('',(#8006),#8024,.T.);
#8006 = FACE_BOUND('',#8007,.T.);
#8007 = EDGE_LOOP('',(#8008,#8016,#8022,#8023));
#8008 = ORIENTED_EDGE('',*,*,#8009,.T.);
#8009 = EDGE_CURVE('',#2075,#8010,#8012,.T.);
#8010 = VERTEX_POINT('',#8011);
#8011 = CARTESIAN_POINT('',(2.490015350309,1.199315763201,38.));
#8012 = LINE('',#8013,#8014);
#8013 = CARTESIAN_POINT('',(2.490015350309,1.199315763201,40.));
#8014 = VECTOR('',#8015,1.);
#8015 = DIRECTION('',(-0.,-0.,-1.));
#8016 = ORIENTED_EDGE('',*,*,#8017,.T.);
#8017 = EDGE_CURVE('',#8010,#7979,#8018,.T.);
#8018 = LINE('',#8019,#8020);
#8019 = CARTESIAN_POINT('',(2.490015350309,1.199315763201,38.));
#8020 = VECTOR('',#8021,1.);
#8021 = DIRECTION('',(0.,-1.,0.));
#8022 = ORIENTED_EDGE('',*,*,#7978,.F.);
#8023 = ORIENTED_EDGE('',*,*,#2082,.F.);
#8024 = PLANE('',#8025);
#8025 = AXIS2_PLACEMENT_3D('',#8026,#8027,#8028);
#8026 = CARTESIAN_POINT('',(2.490015350309,1.199315763201,40.));
#8027 = DIRECTION('',(-1.,0.,0.));
#8028 = DIRECTION('',(0.,-1.,0.));
#8029 = ADVANCED_FACE('',(#8030),#8048,.T.);
#8030 = FACE_BOUND('',#8031,.T.);
#8031 = EDGE_LOOP('',(#8032,#8040,#8046,#8047));
#8032 = ORIENTED_EDGE('',*,*,#8033,.T.);
#8033 = EDGE_CURVE('',#2067,#8034,#8036,.T.);
#8034 = VERTEX_POINT('',#8035);
#8035 = CARTESIAN_POINT('',(2.856549932442,1.472865835248,38.));
#8036 = LINE('',#8037,#8038);
#8037 = CARTESIAN_POINT('',(2.856549932442,1.472865835248,40.));
#8038 = VECTOR('',#8039,1.);
#8039 = DIRECTION('',(-0.,-0.,-1.));
#8040 = ORIENTED_EDGE('',*,*,#8041,.T.);
#8041 = EDGE_CURVE('',#8034,#8010,#8042,.T.);
#8042 = B_SPLINE_CURVE_WITH_KNOTS('',2,(#8043,#8044,#8045),
  .UNSPECIFIED.,.F.,.F.,(3,3),(0.,1.),.PIECEWISE_BEZIER_KNOTS.);
#8043 = CARTESIAN_POINT('',(2.856549932442,1.472865835248,38.));
#8044 = CARTESIAN_POINT('',(2.662926013134,1.372451570118,38.));
#8045 = CARTESIAN_POINT('',(2.490015350309,1.199315763201,38.));
#8046 = ORIENTED_EDGE('',*,*,#8009,.F.);
#8047 = ORIENTED_EDGE('',*,*,#2074,.F.);
#8048 = SURFACE_OF_LINEAR_EXTRUSION('',#8049,#8053);
#8049 = B_SPLINE_CURVE_WITH_KNOTS('',2,(#8050,#8051,#8052),
  .UNSPECIFIED.,.F.,.F.,(3,3),(0.,1.),.PIECEWISE_BEZIER_KNOTS.);
#8050 = CARTESIAN_POINT('',(2.856549932442,1.472865835248,40.));
#8051 = CARTESIAN_POINT('',(2.662926013134,1.372451570118,40.));
#8052 = CARTESIAN_POINT('',(2.490015350309,1.199315763201,40.));
#8053 = VECTOR('',#8054,1.);
#8054 = DIRECTION('',(0.,0.,1.));
#8055 = ADVANCED_FACE('',(#8056),#8074,.T.);
#8056 = FACE_BOUND('',#8057,.T.);
#8057 = EDGE_LOOP('',(#8058,#8066,#8072,#8073));
#8058 = ORIENTED_EDGE('',*,*,#8059,.T.);
#8059 = EDGE_CURVE('',#2059,#8060,#8062,.T.);
#8060 = VERTEX_POINT('',#8061);
#8061 = CARTESIAN_POINT('',(3.271715638494,1.57350524447,38.));
#8062 = LINE('',#8063,#8064);
#8063 = CARTESIAN_POINT('',(3.271715638494,1.57350524447,40.));
#8064 = VECTOR('',#8065,1.);
#8065 = DIRECTION('',(-0.,-0.,-1.));
#8066 = ORIENTED_EDGE('',*,*,#8067,.T.);
#8067 = EDGE_CURVE('',#8060,#8034,#8068,.T.);
#8068 = B_SPLINE_CURVE_WITH_KNOTS('',2,(#8069,#8070,#8071),
  .UNSPECIFIED.,.F.,.F.,(3,3),(0.,1.),.PIECEWISE_BEZIER_KNOTS.);
#8069 = CARTESIAN_POINT('',(3.271715638494,1.57350524447,38.));
#8070 = CARTESIAN_POINT('',(3.050398995842,1.57350524447,38.));
#8071 = CARTESIAN_POINT('',(2.856549932442,1.472865835248,38.));
#8072 = ORIENTED_EDGE('',*,*,#8033,.F.);
#8073 = ORIENTED_EDGE('',*,*,#2066,.F.);
#8074 = SURFACE_OF_LINEAR_EXTRUSION('',#8075,#8079);
#8075 = B_SPLINE_CURVE_WITH_KNOTS('',2,(#8076,#8077,#8078),
  .UNSPECIFIED.,.F.,.F.,(3,3),(0.,1.),.PIECEWISE_BEZIER_KNOTS.);
#8076 = CARTESIAN_POINT('',(3.271715638494,1.57350524447,40.));
#8077 = CARTESIAN_POINT('',(3.050398995842,1.57350524447,40.));
#8078 = CARTESIAN_POINT('',(2.856549932442,1.472865835248,40.));
#8079 = VECTOR('',#8080,1.);
#8080 = DIRECTION('',(0.,0.,1.));
#8081 = ADVANCED_FACE('',(#8082),#8100,.T.);
#8082 = FACE_BOUND('',#8083,.T.);
#8083 = EDGE_LOOP('',(#8084,#8092,#8098,#8099));
#8084 = ORIENTED_EDGE('',*,*,#8085,.T.);
#8085 = EDGE_CURVE('',#2051,#8086,#8088,.T.);
#8086 = VERTEX_POINT('',#8087);
#8087 = CARTESIAN_POINT('',(3.722904399301,1.395416267524,38.));
#8088 = LINE('',#8089,#8090);
#8089 = CARTESIAN_POINT('',(3.722904399301,1.395416267524,40.));
#8090 = VECTOR('',#8091,1.);
#8091 = DIRECTION('',(-0.,-0.,-1.));
#8092 = ORIENTED_EDGE('',*,*,#8093,.T.);
#8093 = EDGE_CURVE('',#8086,#8060,#8094,.T.);
#8094 = B_SPLINE_CURVE_WITH_KNOTS('',2,(#8095,#8096,#8097),
  .UNSPECIFIED.,.F.,.F.,(3,3),(0.,1.),.PIECEWISE_BEZIER_KNOTS.);
#8095 = CARTESIAN_POINT('',(3.722904399301,1.395416267524,38.));
#8096 = CARTESIAN_POINT('',(3.572508145698,1.57350524447,38.));
#8097 = CARTESIAN_POINT('',(3.271715638494,1.57350524447,38.));
#8098 = ORIENTED_EDGE('',*,*,#8059,.F.);
#8099 = ORIENTED_EDGE('',*,*,#2058,.F.);
#8100 = SURFACE_OF_LINEAR_EXTRUSION('',#8101,#8105);
#8101 = B_SPLINE_CURVE_WITH_KNOTS('',2,(#8102,#8103,#8104),
  .UNSPECIFIED.,.F.,.F.,(3,3),(0.,1.),.PIECEWISE_BEZIER_KNOTS.);
#8102 = CARTESIAN_POINT('',(3.722904399301,1.395416267524,40.));
#8103 = CARTESIAN_POINT('',(3.572508145698,1.57350524447,40.));
#8104 = CARTESIAN_POINT('',(3.271715638494,1.57350524447,40.));
#8105 = VECTOR('',#8106,1.);
#8106 = DIRECTION('',(0.,0.,1.));
#8107 = ADVANCED_FACE('',(#8108),#8126,.T.);
#8108 = FACE_BOUND('',#8109,.T.);
#8109 = EDGE_LOOP('',(#8110,#8118,#8124,#8125));
#8110 = ORIENTED_EDGE('',*,*,#8111,.T.);
#8111 = EDGE_CURVE('',#2043,#8112,#8114,.T.);
#8112 = VERTEX_POINT('',#8113);
#8113 = CARTESIAN_POINT('',(3.873300652903,0.892219221415,38.));
#8114 = LINE('',#8115,#8116);
#8115 = CARTESIAN_POINT('',(3.873300652903,0.892219221415,40.));
#8116 = VECTOR('',#8117,1.);
#8117 = DIRECTION('',(-0.,-0.,-1.));
#8118 = ORIENTED_EDGE('',*,*,#8119,.T.);
#8119 = EDGE_CURVE('',#8112,#8086,#8120,.T.);
#8120 = B_SPLINE_CURVE_WITH_KNOTS('',2,(#8121,#8122,#8123),
  .UNSPECIFIED.,.F.,.F.,(3,3),(0.,1.),.PIECEWISE_BEZIER_KNOTS.);
#8121 = CARTESIAN_POINT('',(3.873300652903,0.892219221415,38.));
#8122 = CARTESIAN_POINT('',(3.873300652903,1.217327290579,38.));
#8123 = CARTESIAN_POINT('',(3.722904399301,1.395416267524,38.));
#8124 = ORIENTED_EDGE('',*,*,#8085,.F.);
#8125 = ORIENTED_EDGE('',*,*,#2050,.F.);
#8126 = SURFACE_OF_LINEAR_EXTRUSION('',#8127,#8131);
#8127 = B_SPLINE_CURVE_WITH_KNOTS('',2,(#8128,#8129,#8130),
  .UNSPECIFIED.,.F.,.F.,(3,3),(0.,1.),.PIECEWISE_BEZIER_KNOTS.);
#8128 = CARTESIAN_POINT('',(3.873300652903,0.892219221415,40.));
#8129 = CARTESIAN_POINT('',(3.873300652903,1.217327290579,40.));
#8130 = CARTESIAN_POINT('',(3.722904399301,1.395416267524,40.));
#8131 = VECTOR('',#8132,1.);
#8132 = DIRECTION('',(0.,0.,1.));
#8133 = ADVANCED_FACE('',(#8134),#8152,.T.);
#8134 = FACE_BOUND('',#8135,.T.);
#8135 = EDGE_LOOP('',(#8136,#8144,#8150,#8151));
#8136 = ORIENTED_EDGE('',*,*,#8137,.T.);
#8137 = EDGE_CURVE('',#2035,#8138,#8140,.T.);
#8138 = VERTEX_POINT('',#8139);
#8139 = CARTESIAN_POINT('',(3.873300652903,-1.365976023542,38.));
#8140 = LINE('',#8141,#8142);
#8141 = CARTESIAN_POINT('',(3.873300652903,-1.365976023542,40.));
#8142 = VECTOR('',#8143,1.);
#8143 = DIRECTION('',(-0.,-0.,-1.));
#8144 = ORIENTED_EDGE('',*,*,#8145,.T.);
#8145 = EDGE_CURVE('',#8138,#8112,#8146,.T.);
#8146 = LINE('',#8147,#8148);
#8147 = CARTESIAN_POINT('',(3.873300652903,-1.365976023542,38.));
#8148 = VECTOR('',#8149,1.);
#8149 = DIRECTION('',(0.,1.,0.));
#8150 = ORIENTED_EDGE('',*,*,#8111,.F.);
#8151 = ORIENTED_EDGE('',*,*,#2042,.F.);
#8152 = PLANE('',#8153);
#8153 = AXIS2_PLACEMENT_3D('',#8154,#8155,#8156);
#8154 = CARTESIAN_POINT('',(3.873300652903,-1.365976023542,40.));
#8155 = DIRECTION('',(1.,0.,0.));
#8156 = DIRECTION('',(-0.,1.,0.));
#8157 = ADVANCED_FACE('',(#8158),#8176,.T.);
#8158 = FACE_BOUND('',#8159,.T.);
#8159 = EDGE_LOOP('',(#8160,#8168,#8174,#8175));
#8160 = ORIENTED_EDGE('',*,*,#8161,.T.);
#8161 = EDGE_CURVE('',#2027,#8162,#8164,.T.);
#8162 = VERTEX_POINT('',#8163);
#8163 = CARTESIAN_POINT('',(4.727497338782,-1.365976023542,38.));
#8164 = LINE('',#8165,#8166);
#8165 = CARTESIAN_POINT('',(4.727497338782,-1.365976023542,40.));
#8166 = VECTOR('',#8167,1.);
#8167 = DIRECTION('',(-0.,-0.,-1.));
#8168 = ORIENTED_EDGE('',*,*,#8169,.T.);
#8169 = EDGE_CURVE('',#8162,#8138,#8170,.T.);
#8170 = LINE('',#8171,#8172);
#8171 = CARTESIAN_POINT('',(4.727497338782,-1.365976023542,38.));
#8172 = VECTOR('',#8173,1.);
#8173 = DIRECTION('',(-1.,0.,0.));
#8174 = ORIENTED_EDGE('',*,*,#8137,.F.);
#8175 = ORIENTED_EDGE('',*,*,#2034,.F.);
#8176 = PLANE('',#8177);
#8177 = AXIS2_PLACEMENT_3D('',#8178,#8179,#8180);
#8178 = CARTESIAN_POINT('',(4.727497338782,-1.365976023542,40.));
#8179 = DIRECTION('',(0.,1.,0.));
#8180 = DIRECTION('',(-1.,0.,0.));
#8181 = ADVANCED_FACE('',(#8182),#8200,.T.);
#8182 = FACE_BOUND('',#8183,.T.);
#8183 = EDGE_LOOP('',(#8184,#8192,#8198,#8199));
#8184 = ORIENTED_EDGE('',*,*,#8185,.T.);
#8185 = EDGE_CURVE('',#2019,#8186,#8188,.T.);
#8186 = VERTEX_POINT('',#8187);
#8187 = CARTESIAN_POINT('',(4.727497338782,0.891543789138,38.));
#8188 = LINE('',#8189,#8190);
#8189 = CARTESIAN_POINT('',(4.727497338782,0.891543789138,40.));
#8190 = VECTOR('',#8191,1.);
#8191 = DIRECTION('',(-0.,-0.,-1.));
#8192 = ORIENTED_EDGE('',*,*,#8193,.T.);
#8193 = EDGE_CURVE('',#8186,#8162,#8194,.T.);
#8194 = LINE('',#8195,#8196);
#8195 = CARTESIAN_POINT('',(4.727497338782,0.891543789138,38.));
#8196 = VECTOR('',#8197,1.);
#8197 = DIRECTION('',(0.,-1.,0.));
#8198 = ORIENTED_EDGE('',*,*,#8161,.F.);
#8199 = ORIENTED_EDGE('',*,*,#2026,.F.);
#8200 = PLANE('',#8201);
#8201 = AXIS2_PLACEMENT_3D('',#8202,#8203,#8204);
#8202 = CARTESIAN_POINT('',(4.727497338782,0.891543789138,40.));
#8203 = DIRECTION('',(-1.,0.,0.));
#8204 = DIRECTION('',(0.,-1.,0.));
#8205 = ADVANCED_FACE('',(#8206),#8224,.T.);
#8206 = FACE_BOUND('',#8207,.T.);
#8207 = EDGE_LOOP('',(#8208,#8216,#8222,#8223));
#8208 = ORIENTED_EDGE('',*,*,#8209,.T.);
#8209 = EDGE_CURVE('',#2011,#8210,#8212,.T.);
#8210 = VERTEX_POINT('',#8211);
#8211 = CARTESIAN_POINT('',(4.649597482874,1.435942204124,38.));
#8212 = LINE('',#8213,#8214);
#8213 = CARTESIAN_POINT('',(4.649597482874,1.435942204124,40.));
#8214 = VECTOR('',#8215,1.);
#8215 = DIRECTION('',(-0.,-0.,-1.));
#8216 = ORIENTED_EDGE('',*,*,#8217,.T.);
#8217 = EDGE_CURVE('',#8210,#8186,#8218,.T.);
#8218 = B_SPLINE_CURVE_WITH_KNOTS('',2,(#8219,#8220,#8221),
  .UNSPECIFIED.,.F.,.F.,(3,3),(0.,1.),.PIECEWISE_BEZIER_KNOTS.);
#8219 = CARTESIAN_POINT('',(4.649597482874,1.435942204124,38.));
#8220 = CARTESIAN_POINT('',(4.727497338782,1.188733990867,38.));
#8221 = CARTESIAN_POINT('',(4.727497338782,0.891543789138,38.));
#8222 = ORIENTED_EDGE('',*,*,#8185,.F.);
#8223 = ORIENTED_EDGE('',*,*,#2018,.F.);
#8224 = SURFACE_OF_LINEAR_EXTRUSION('',#8225,#8229);
#8225 = B_SPLINE_CURVE_WITH_KNOTS('',2,(#8226,#8227,#8228),
  .UNSPECIFIED.,.F.,.F.,(3,3),(0.,1.),.PIECEWISE_BEZIER_KNOTS.);
#8226 = CARTESIAN_POINT('',(4.649597482874,1.435942204124,40.));
#8227 = CARTESIAN_POINT('',(4.727497338782,1.188733990867,40.));
#8228 = CARTESIAN_POINT('',(4.727497338782,0.891543789138,40.));
#8229 = VECTOR('',#8230,1.);
#8230 = DIRECTION('',(0.,0.,1.));
#8231 = ADVANCED_FACE('',(#8232),#8250,.T.);
#8232 = FACE_BOUND('',#8233,.T.);
#8233 = EDGE_LOOP('',(#8234,#8242,#8248,#8249));
#8234 = ORIENTED_EDGE('',*,*,#8235,.T.);
#8235 = EDGE_CURVE('',#2003,#8236,#8238,.T.);
#8236 = VERTEX_POINT('',#8237);
#8237 = CARTESIAN_POINT('',(4.421526517456,1.861239394325,38.));
#8238 = LINE('',#8239,#8240);
#8239 = CARTESIAN_POINT('',(4.421526517456,1.861239394325,40.));
#8240 = VECTOR('',#8241,1.);
#8241 = DIRECTION('',(-0.,-0.,-1.));
#8242 = ORIENTED_EDGE('',*,*,#8243,.T.);
#8243 = EDGE_CURVE('',#8236,#8210,#8244,.T.);
#8244 = B_SPLINE_CURVE_WITH_KNOTS('',2,(#8245,#8246,#8247),
  .UNSPECIFIED.,.F.,.F.,(3,3),(0.,1.),.PIECEWISE_BEZIER_KNOTS.);
#8245 = CARTESIAN_POINT('',(4.421526517456,1.861239394325,38.));
#8246 = CARTESIAN_POINT('',(4.571922771059,1.68315041738,38.));
#8247 = CARTESIAN_POINT('',(4.649597482874,1.435942204124,38.));
#8248 = ORIENTED_EDGE('',*,*,#8209,.F.);
#8249 = ORIENTED_EDGE('',*,*,#2010,.F.);
#8250 = SURFACE_OF_LINEAR_EXTRUSION('',#8251,#8255);
#8251 = B_SPLINE_CURVE_WITH_KNOTS('',2,(#8252,#8253,#8254),
  .UNSPECIFIED.,.F.,.F.,(3,3),(0.,1.),.PIECEWISE_BEZIER_KNOTS.);
#8252 = CARTESIAN_POINT('',(4.421526517456,1.861239394325,40.));
#8253 = CARTESIAN_POINT('',(4.571922771059,1.68315041738,40.));
#8254 = CARTESIAN_POINT('',(4.649597482874,1.435942204124,40.));
#8255 = VECTOR('',#8256,1.);
#8256 = DIRECTION('',(0.,0.,1.));
#8257 = ADVANCED_FACE('',(#8258),#8276,.T.);
#8258 = FACE_BOUND('',#8259,.T.);
#8259 = EDGE_LOOP('',(#8260,#8268,#8274,#8275));
#8260 = ORIENTED_EDGE('',*,*,#8261,.T.);
#8261 = EDGE_CURVE('',#1995,#8262,#8264,.T.);
#8262 = VERTEX_POINT('',#8263);
#8263 = CARTESIAN_POINT('',(4.046211315727,2.13771633957,38.));
#8264 = LINE('',#8265,#8266);
#8265 = CARTESIAN_POINT('',(4.046211315727,2.13771633957,40.));
#8266 = VECTOR('',#8267,1.);
#8267 = DIRECTION('',(-0.,-0.,-1.));
#8268 = ORIENTED_EDGE('',*,*,#8269,.T.);
#8269 = EDGE_CURVE('',#8262,#8236,#8270,.T.);
#8270 = B_SPLINE_CURVE_WITH_KNOTS('',2,(#8271,#8272,#8273),
  .UNSPECIFIED.,.F.,.F.,(3,3),(0.,1.),.PIECEWISE_BEZIER_KNOTS.);
#8271 = CARTESIAN_POINT('',(4.046211315727,2.13771633957,38.));
#8272 = CARTESIAN_POINT('',(4.271130263854,2.039328371271,38.));
#8273 = CARTESIAN_POINT('',(4.421526517456,1.861239394325,38.));
#8274 = ORIENTED_EDGE('',*,*,#8235,.F.);
#8275 = ORIENTED_EDGE('',*,*,#2002,.F.);
#8276 = SURFACE_OF_LINEAR_EXTRUSION('',#8277,#8281);
#8277 = B_SPLINE_CURVE_WITH_KNOTS('',2,(#8278,#8279,#8280),
  .UNSPECIFIED.,.F.,.F.,(3,3),(0.,1.),.PIECEWISE_BEZIER_KNOTS.);
#8278 = CARTESIAN_POINT('',(4.046211315727,2.13771633957,40.));
#8279 = CARTESIAN_POINT('',(4.271130263854,2.039328371271,40.));
#8280 = CARTESIAN_POINT('',(4.421526517456,1.861239394325,40.));
#8281 = VECTOR('',#8282,1.);
#8282 = DIRECTION('',(0.,0.,1.));
#8283 = ADVANCED_FACE('',(#8284),#8302,.T.);
#8284 = FACE_BOUND('',#8285,.T.);
#8285 = EDGE_LOOP('',(#8286,#8294,#8300,#8301));
#8286 = ORIENTED_EDGE('',*,*,#8287,.T.);
#8287 = EDGE_CURVE('',#1987,#8288,#8290,.T.);
#8288 = VERTEX_POINT('',#8289);
#8289 = CARTESIAN_POINT('',(3.53108163273,2.236329451962,38.));
#8290 = LINE('',#8291,#8292);
#8291 = CARTESIAN_POINT('',(3.53108163273,2.236329451962,40.));
#8292 = VECTOR('',#8293,1.);
#8293 = DIRECTION('',(-0.,-0.,-1.));
#8294 = ORIENTED_EDGE('',*,*,#8295,.T.);
#8295 = EDGE_CURVE('',#8288,#8262,#8296,.T.);
#8296 = B_SPLINE_CURVE_WITH_KNOTS('',2,(#8297,#8298,#8299),
  .UNSPECIFIED.,.F.,.F.,(3,3),(0.,1.),.PIECEWISE_BEZIER_KNOTS.);
#8297 = CARTESIAN_POINT('',(3.53108163273,2.236329451962,38.));
#8298 = CARTESIAN_POINT('',(3.821517511693,2.236329451962,38.));
#8299 = CARTESIAN_POINT('',(4.046211315727,2.13771633957,38.));
#8300 = ORIENTED_EDGE('',*,*,#8261,.F.);
#8301 = ORIENTED_EDGE('',*,*,#1994,.F.);
#8302 = SURFACE_OF_LINEAR_EXTRUSION('',#8303,#8307);
#8303 = B_SPLINE_CURVE_WITH_KNOTS('',2,(#8304,#8305,#8306),
  .UNSPECIFIED.,.F.,.F.,(3,3),(0.,1.),.PIECEWISE_BEZIER_KNOTS.);
#8304 = CARTESIAN_POINT('',(3.53108163273,2.236329451962,40.));
#8305 = CARTESIAN_POINT('',(3.821517511693,2.236329451962,40.));
#8306 = CARTESIAN_POINT('',(4.046211315727,2.13771633957,40.));
#8307 = VECTOR('',#8308,1.);
#8308 = DIRECTION('',(0.,0.,1.));
#8309 = ADVANCED_FACE('',(#8310),#8328,.T.);
#8310 = FACE_BOUND('',#8311,.T.);
#8311 = EDGE_LOOP('',(#8312,#8320,#8326,#8327));
#8312 = ORIENTED_EDGE('',*,*,#8313,.T.);
#8313 = EDGE_CURVE('',#1979,#8314,#8316,.T.);
#8314 = VERTEX_POINT('',#8315);
#8315 = CARTESIAN_POINT('',(2.94660756933,2.114526498072,38.));
#8316 = LINE('',#8317,#8318);
#8317 = CARTESIAN_POINT('',(2.94660756933,2.114526498072,40.));
#8318 = VECTOR('',#8319,1.);
#8319 = DIRECTION('',(-0.,-0.,-1.));
#8320 = ORIENTED_EDGE('',*,*,#8321,.T.);
#8321 = EDGE_CURVE('',#8314,#8288,#8322,.T.);
#8322 = B_SPLINE_CURVE_WITH_KNOTS('',2,(#8323,#8324,#8325),
  .UNSPECIFIED.,.F.,.F.,(3,3),(0.,1.),.PIECEWISE_BEZIER_KNOTS.);
#8323 = CARTESIAN_POINT('',(2.94660756933,2.114526498072,38.));
#8324 = CARTESIAN_POINT('',(3.195616935324,2.236329451962,38.));
#8325 = CARTESIAN_POINT('',(3.53108163273,2.236329451962,38.));
#8326 = ORIENTED_EDGE('',*,*,#8287,.F.);
#8327 = ORIENTED_EDGE('',*,*,#1986,.F.);
#8328 = SURFACE_OF_LINEAR_EXTRUSION('',#8329,#8333);
#8329 = B_SPLINE_CURVE_WITH_KNOTS('',2,(#8330,#8331,#8332),
  .UNSPECIFIED.,.F.,.F.,(3,3),(0.,1.),.PIECEWISE_BEZIER_KNOTS.);
#8330 = CARTESIAN_POINT('',(2.94660756933,2.114526498072,40.));
#8331 = CARTESIAN_POINT('',(3.195616935324,2.236329451962,40.));
#8332 = CARTESIAN_POINT('',(3.53108163273,2.236329451962,40.));
#8333 = VECTOR('',#8334,1.);
#8334 = DIRECTION('',(0.,0.,1.));
#8335 = ADVANCED_FACE('',(#8336),#8354,.T.);
#8336 = FACE_BOUND('',#8337,.T.);
#8337 = EDGE_LOOP('',(#8338,#8346,#8352,#8353));
#8338 = ORIENTED_EDGE('',*,*,#8339,.T.);
#8339 = EDGE_CURVE('',#1971,#8340,#8342,.T.);
#8340 = VERTEX_POINT('',#8341);
#8341 = CARTESIAN_POINT('',(2.490015350309,1.794371598936,38.));
#8342 = LINE('',#8343,#8344);
#8343 = CARTESIAN_POINT('',(2.490015350309,1.794371598936,40.));
#8344 = VECTOR('',#8345,1.);
#8345 = DIRECTION('',(-0.,-0.,-1.));
#8346 = ORIENTED_EDGE('',*,*,#8347,.T.);
#8347 = EDGE_CURVE('',#8340,#8314,#8348,.T.);
#8348 = B_SPLINE_CURVE_WITH_KNOTS('',2,(#8349,#8350,#8351),
  .UNSPECIFIED.,.F.,.F.,(3,3),(0.,1.),.PIECEWISE_BEZIER_KNOTS.);
#8349 = CARTESIAN_POINT('',(2.490015350309,1.794371598936,38.));
#8350 = CARTESIAN_POINT('',(2.697598203335,1.992723544181,38.));
#8351 = CARTESIAN_POINT('',(2.94660756933,2.114526498072,38.));
#8352 = ORIENTED_EDGE('',*,*,#8313,.F.);
#8353 = ORIENTED_EDGE('',*,*,#1978,.F.);
#8354 = SURFACE_OF_LINEAR_EXTRUSION('',#8355,#8359);
#8355 = B_SPLINE_CURVE_WITH_KNOTS('',2,(#8356,#8357,#8358),
  .UNSPECIFIED.,.F.,.F.,(3,3),(0.,1.),.PIECEWISE_BEZIER_KNOTS.);
#8356 = CARTESIAN_POINT('',(2.490015350309,1.794371598936,40.));
#8357 = CARTESIAN_POINT('',(2.697598203335,1.992723544181,40.));
#8358 = CARTESIAN_POINT('',(2.94660756933,2.114526498072,40.));
#8359 = VECTOR('',#8360,1.);
#8360 = DIRECTION('',(0.,0.,1.));
#8361 = ADVANCED_FACE('',(#8362),#8380,.T.);
#8362 = FACE_BOUND('',#8363,.T.);
#8363 = EDGE_LOOP('',(#8364,#8372,#8378,#8379));
#8364 = ORIENTED_EDGE('',*,*,#8365,.T.);
#8365 = EDGE_CURVE('',#1963,#8366,#8368,.T.);
#8366 = VERTEX_POINT('',#8367);
#8367 = CARTESIAN_POINT('',(2.490015350309,3.778116195478,38.));
#8368 = LINE('',#8369,#8370);
#8369 = CARTESIAN_POINT('',(2.490015350309,3.778116195478,40.));
#8370 = VECTOR('',#8371,1.);
#8371 = DIRECTION('',(-0.,-0.,-1.));
#8372 = ORIENTED_EDGE('',*,*,#8373,.T.);
#8373 = EDGE_CURVE('',#8366,#8340,#8374,.T.);
#8374 = LINE('',#8375,#8376);
#8375 = CARTESIAN_POINT('',(2.490015350309,3.778116195478,38.));
#8376 = VECTOR('',#8377,1.);
#8377 = DIRECTION('',(0.,-1.,0.));
#8378 = ORIENTED_EDGE('',*,*,#8339,.F.);
#8379 = ORIENTED_EDGE('',*,*,#1970,.F.);
#8380 = PLANE('',#8381);
#8381 = AXIS2_PLACEMENT_3D('',#8382,#8383,#8384);
#8382 = CARTESIAN_POINT('',(2.490015350309,3.778116195478,40.));
#8383 = DIRECTION('',(-1.,0.,0.));
#8384 = DIRECTION('',(0.,-1.,0.));
#8385 = ADVANCED_FACE('',(#8386),#8404,.T.);
#8386 = FACE_BOUND('',#8387,.T.);
#8387 = EDGE_LOOP('',(#8388,#8396,#8402,#8403));
#8388 = ORIENTED_EDGE('',*,*,#8389,.T.);
#8389 = EDGE_CURVE('',#1955,#8390,#8392,.T.);
#8390 = VERTEX_POINT('',#8391);
#8391 = CARTESIAN_POINT('',(1.636043808523,3.778116195478,38.));
#8392 = LINE('',#8393,#8394);
#8393 = CARTESIAN_POINT('',(1.636043808523,3.778116195478,40.));
#8394 = VECTOR('',#8395,1.);
#8395 = DIRECTION('',(-0.,-0.,-1.));
#8396 = ORIENTED_EDGE('',*,*,#8397,.T.);
#8397 = EDGE_CURVE('',#8390,#8366,#8398,.T.);
#8398 = LINE('',#8399,#8400);
#8399 = CARTESIAN_POINT('',(1.636043808523,3.778116195478,38.));
#8400 = VECTOR('',#8401,1.);
#8401 = DIRECTION('',(1.,0.,0.));
#8402 = ORIENTED_EDGE('',*,*,#8365,.F.);
#8403 = ORIENTED_EDGE('',*,*,#1962,.F.);
#8404 = PLANE('',#8405);
#8405 = AXIS2_PLACEMENT_3D('',#8406,#8407,#8408);
#8406 = CARTESIAN_POINT('',(1.636043808523,3.778116195478,40.));
#8407 = DIRECTION('',(0.,-1.,0.));
#8408 = DIRECTION('',(1.,0.,0.));
#8409 = ADVANCED_FACE('',(#8410),#8421,.T.);
#8410 = FACE_BOUND('',#8411,.T.);
#8411 = EDGE_LOOP('',(#8412,#8413,#8419,#8420));
#8412 = ORIENTED_EDGE('',*,*,#7994,.T.);
#8413 = ORIENTED_EDGE('',*,*,#8414,.T.);
#8414 = EDGE_CURVE('',#7987,#8390,#8415,.T.);
#8415 = LINE('',#8416,#8417);
#8416 = CARTESIAN_POINT('',(1.636043808523,-1.365976023542,38.));
#8417 = VECTOR('',#8418,1.);
#8418 = DIRECTION('',(0.,1.,0.));
#8419 = ORIENTED_EDGE('',*,*,#8389,.F.);
#8420 = ORIENTED_EDGE('',*,*,#1954,.F.);
#8421 = PLANE('',#8422);
#8422 = AXIS2_PLACEMENT_3D('',#8423,#8424,#8425);
#8423 = CARTESIAN_POINT('',(1.636043808523,-1.365976023542,40.));
#8424 = DIRECTION('',(1.,0.,0.));
#8425 = DIRECTION('',(-0.,1.,0.));
#8426 = ADVANCED_FACE('',(#8427),#8438,.F.);
#8427 = FACE_BOUND('',#8428,.F.);
#8428 = EDGE_LOOP('',(#8429,#8430,#8431,#8437));
#8429 = ORIENTED_EDGE('',*,*,#2210,.F.);
#8430 = ORIENTED_EDGE('',*,*,#2122,.F.);
#8431 = ORIENTED_EDGE('',*,*,#8432,.F.);
#8432 = EDGE_CURVE('',#2178,#2114,#8433,.T.);
#8433 = LINE('',#8434,#8435);
#8434 = CARTESIAN_POINT('',(10.,10.,-25.));
#8435 = VECTOR('',#8436,1.);
#8436 = DIRECTION('',(-1.,-0.,-0.));
#8437 = ORIENTED_EDGE('',*,*,#2177,.F.);
#8438 = PLANE('',#8439);
#8439 = AXIS2_PLACEMENT_3D('',#8440,#8441,#8442);
#8440 = CARTESIAN_POINT('',(0.,0.,-25.));
#8441 = DIRECTION('',(0.,0.,1.));
#8442 = DIRECTION('',(1.,0.,0.));
#8443 = ADVANCED_FACE('',(#8444),#8455,.F.);
#8444 = FACE_BOUND('',#8445,.F.);
#8445 = EDGE_LOOP('',(#8446,#8447,#8448,#8449));
#8446 = ORIENTED_EDGE('',*,*,#2185,.F.);
#8447 = ORIENTED_EDGE('',*,*,#8432,.T.);
#8448 = ORIENTED_EDGE('',*,*,#2113,.T.);
#8449 = ORIENTED_EDGE('',*,*,#8450,.T.);
#8450 = EDGE_CURVE('',#2106,#2186,#8451,.T.);
#8451 = LINE('',#8452,#8453);
#8452 = CARTESIAN_POINT('',(10.,-10.,-25.));
#8453 = VECTOR('',#8454,1.);
#8454 = DIRECTION('',(1.,0.,0.));
#8455 = CYLINDRICAL_SURFACE('',#8456,10.);
#8456 = AXIS2_PLACEMENT_3D('',#8457,#8458,#8459);
#8457 = CARTESIAN_POINT('',(10.,0.,-25.));
#8458 = DIRECTION('',(1.,0.,0.));
#8459 = DIRECTION('',(0.,1.,0.));
#8460 = ADVANCED_FACE('',(#8461),#8467,.F.);
#8461 = FACE_BOUND('',#8462,.F.);
#8462 = EDGE_LOOP('',(#8463,#8464,#8465,#8466));
#8463 = ORIENTED_EDGE('',*,*,#8450,.F.);
#8464 = ORIENTED_EDGE('',*,*,#2105,.F.);
#8465 = ORIENTED_EDGE('',*,*,#2152,.F.);
#8466 = ORIENTED_EDGE('',*,*,#2194,.F.);
#8467 = PLANE('',#8468);
#8468 = AXIS2_PLACEMENT_3D('',#8469,#8470,#8471);
#8469 = CARTESIAN_POINT('',(0.,0.,-25.));
#8470 = DIRECTION('',(0.,0.,1.));
#8471 = DIRECTION('',(1.,0.,0.));
#8472 = ADVANCED_FACE('',(#8473),#8491,.T.);
#8473 = FACE_BOUND('',#8474,.T.);
#8474 = EDGE_LOOP('',(#8475,#8476,#8477,#8478,#8479,#8480,#8481,#8482,
    #8483,#8484,#8485,#8486,#8487,#8488,#8489,#8490));
#8475 = ORIENTED_EDGE('',*,*,#2282,.F.);
#8476 = ORIENTED_EDGE('',*,*,#2234,.F.);
#8477 = ORIENTED_EDGE('',*,*,#2265,.F.);
#8478 = ORIENTED_EDGE('',*,*,#2313,.F.);
#8479 = ORIENTED_EDGE('',*,*,#2361,.F.);
#8480 = ORIENTED_EDGE('',*,*,#2411,.F.);
#8481 = ORIENTED_EDGE('',*,*,#2459,.F.);
#8482 = ORIENTED_EDGE('',*,*,#2509,.F.);
#8483 = ORIENTED_EDGE('',*,*,#2559,.F.);
#8484 = ORIENTED_EDGE('',*,*,#2602,.F.);
#8485 = ORIENTED_EDGE('',*,*,#2576,.F.);
#8486 = ORIENTED_EDGE('',*,*,#2526,.F.);
#8487 = ORIENTED_EDGE('',*,*,#2476,.F.);
#8488 = ORIENTED_EDGE('',*,*,#2428,.F.);
#8489 = ORIENTED_EDGE('',*,*,#2378,.F.);
#8490 = ORIENTED_EDGE('',*,*,#2330,.F.);
#8491 = PLANE('',#8492);
#8492 = AXIS2_PLACEMENT_3D('',#8493,#8494,#8495);
#8493 = CARTESIAN_POINT('',(-5.148161784689,-6.155858298179,38.));
#8494 = DIRECTION('',(0.,0.,1.));
#8495 = DIRECTION('',(1.,0.,0.));
#8496 = ADVANCED_FACE('',(#8497),#8535,.T.);
#8497 = FACE_BOUND('',#8498,.T.);
#8498 = EDGE_LOOP('',(#8499,#8500,#8501,#8502,#8503,#8504,#8505,#8506,
    #8507,#8508,#8509,#8510,#8511,#8512,#8513,#8514,#8515,#8516,#8517,
    #8518,#8519,#8520,#8521,#8522,#8523,#8524,#8525,#8526,#8527,#8528,
    #8529,#8530,#8531,#8532,#8533,#8534));
#8499 = ORIENTED_EDGE('',*,*,#2676,.F.);
#8500 = ORIENTED_EDGE('',*,*,#2628,.F.);
#8501 = ORIENTED_EDGE('',*,*,#2659,.F.);
#8502 = ORIENTED_EDGE('',*,*,#2707,.F.);
#8503 = ORIENTED_EDGE('',*,*,#2757,.F.);
#8504 = ORIENTED_EDGE('',*,*,#2809,.F.);
#8505 = ORIENTED_EDGE('',*,*,#2859,.F.);
#8506 = ORIENTED_EDGE('',*,*,#2911,.F.);
#8507 = ORIENTED_EDGE('',*,*,#2961,.F.);
#8508 = ORIENTED_EDGE('',*,*,#3011,.F.);
#8509 = ORIENTED_EDGE('',*,*,#3061,.F.);
#8510 = ORIENTED_EDGE('',*,*,#3113,.F.);
#8511 = ORIENTED_EDGE('',*,*,#3165,.F.);
#8512 = ORIENTED_EDGE('',*,*,#3217,.F.);
#8513 = ORIENTED_EDGE('',*,*,#3269,.F.);
#8514 = ORIENTED_EDGE('',*,*,#3321,.F.);
#8515 = ORIENTED_EDGE('',*,*,#3373,.F.);
#8516 = ORIENTED_EDGE('',*,*,#3423,.F.);
#8517 = ORIENTED_EDGE('',*,*,#3473,.F.);
#8518 = ORIENTED_EDGE('',*,*,#3516,.F.);
#8519 = ORIENTED_EDGE('',*,*,#3490,.F.);
#8520 = ORIENTED_EDGE('',*,*,#3440,.F.);
#8521 = ORIENTED_EDGE('',*,*,#3390,.F.);
#8522 = ORIENTED_EDGE('',*,*,#3340,.F.);
#8523 = ORIENTED_EDGE('',*,*,#3288,.F.);
#8524 = ORIENTED_EDGE('',*,*,#3236,.F.);
#8525 = ORIENTED_EDGE('',*,*,#3184,.F.);
#8526 = ORIENTED_EDGE('',*,*,#3132,.F.);
#8527 = ORIENTED_EDGE('',*,*,#3080,.F.);
#8528 = ORIENTED_EDGE('',*,*,#3028,.F.);
#8529 = ORIENTED_EDGE('',*,*,#2978,.F.);
#8530 = ORIENTED_EDGE('',*,*,#2928,.F.);
#8531 = ORIENTED_EDGE('',*,*,#2878,.F.);
#8532 = ORIENTED_EDGE('',*,*,#2828,.F.);
#8533 = ORIENTED_EDGE('',*,*,#2776,.F.);
#8534 = ORIENTED_EDGE('',*,*,#2726,.F.);
#8535 = PLANE('',#8536);
#8536 = AXIS2_PLACEMENT_3D('',#8537,#8538,#8539);
#8537 = CARTESIAN_POINT('',(9.857408815289E-02,-6.36445601375,38.));
#8538 = DIRECTION('',(0.,0.,1.));
#8539 = DIRECTION('',(1.,0.,0.));
#8540 = ADVANCED_FACE('',(#8541,#8559),#8689,.T.);
#8541 = FACE_BOUND('',#8542,.T.);
#8542 = EDGE_LOOP('',(#8543,#8544,#8545,#8546,#8547,#8548,#8549,#8550,
    #8551,#8552,#8553,#8554,#8555,#8556,#8557,#8558));
#8543 = ORIENTED_EDGE('',*,*,#3594,.F.);
#8544 = ORIENTED_EDGE('',*,*,#3542,.F.);
#8545 = ORIENTED_EDGE('',*,*,#3575,.F.);
#8546 = ORIENTED_EDGE('',*,*,#3627,.F.);
#8547 = ORIENTED_EDGE('',*,*,#3679,.F.);
#8548 = ORIENTED_EDGE('',*,*,#3731,.F.);
#8549 = ORIENTED_EDGE('',*,*,#3783,.F.);
#8550 = ORIENTED_EDGE('',*,*,#3835,.F.);
#8551 = ORIENTED_EDGE('',*,*,#3887,.F.);
#8552 = ORIENTED_EDGE('',*,*,#3932,.F.);
#8553 = ORIENTED_EDGE('',*,*,#3906,.F.);
#8554 = ORIENTED_EDGE('',*,*,#3854,.F.);
#8555 = ORIENTED_EDGE('',*,*,#3802,.F.);
#8556 = ORIENTED_EDGE('',*,*,#3750,.F.);
#8557 = ORIENTED_EDGE('',*,*,#3698,.F.);
#8558 = ORIENTED_EDGE('',*,*,#3646,.F.);
#8559 = FACE_BOUND('',#8560,.T.);
#8560 = EDGE_LOOP('',(#8561,#8571,#8579,#8587,#8595,#8603,#8611,#8619,
    #8627,#8635,#8643,#8651,#8659,#8667,#8675,#8683));
#8561 = ORIENTED_EDGE('',*,*,#8562,.F.);
#8562 = EDGE_CURVE('',#8563,#8565,#8567,.T.);
#8563 = VERTEX_POINT('',#8564);
#8564 = CARTESIAN_POINT('',(-2.25998966105,-5.981441242379,38.));
#8565 = VERTEX_POINT('',#8566);
#8566 = CARTESIAN_POINT('',(-2.307810266237,-5.440555075232,38.));
#8567 = B_SPLINE_CURVE_WITH_KNOTS('',2,(#8568,#8569,#8570),
  .UNSPECIFIED.,.F.,.F.,(3,3),(0.,1.),.PIECEWISE_BEZIER_KNOTS.);
#8568 = CARTESIAN_POINT('',(-2.25998966105,-5.981441242379,38.));
#8569 = CARTESIAN_POINT('',(-2.25998966105,-5.654802193388,38.));
#8570 = CARTESIAN_POINT('',(-2.307810266237,-5.440555075232,38.));
#8571 = ORIENTED_EDGE('',*,*,#8572,.F.);
#8572 = EDGE_CURVE('',#8573,#8563,#8575,.T.);
#8573 = VERTEX_POINT('',#8574);
#8574 = CARTESIAN_POINT('',(-2.307810266237,-6.522327409526,38.));
#8575 = B_SPLINE_CURVE_WITH_KNOTS('',2,(#8576,#8577,#8578),
  .UNSPECIFIED.,.F.,.F.,(3,3),(0.,1.),.PIECEWISE_BEZIER_KNOTS.);
#8576 = CARTESIAN_POINT('',(-2.307810266237,-6.522327409526,38.));
#8577 = CARTESIAN_POINT('',(-2.25998966105,-6.308080291371,38.));
#8578 = CARTESIAN_POINT('',(-2.25998966105,-5.981441242379,38.));
#8579 = ORIENTED_EDGE('',*,*,#8580,.F.);
#8580 = EDGE_CURVE('',#8581,#8573,#8583,.T.);
#8581 = VERTEX_POINT('',#8582);
#8582 = CARTESIAN_POINT('',(-2.43533188007,-6.863555795693,38.));
#8583 = B_SPLINE_CURVE_WITH_KNOTS('',2,(#8584,#8585,#8586),
  .UNSPECIFIED.,.F.,.F.,(3,3),(0.,1.),.PIECEWISE_BEZIER_KNOTS.);
#8584 = CARTESIAN_POINT('',(-2.43533188007,-6.863555795693,38.));
#8585 = CARTESIAN_POINT('',(-2.355495784969,-6.736574527682,38.));
#8586 = CARTESIAN_POINT('',(-2.307810266237,-6.522327409526,38.));
#8587 = ORIENTED_EDGE('',*,*,#8588,.F.);
#8588 = EDGE_CURVE('',#8589,#8581,#8591,.T.);
#8589 = VERTEX_POINT('',#8590);
#8590 = CARTESIAN_POINT('',(-2.618914372866,-7.041464657365,38.));
#8591 = B_SPLINE_CURVE_WITH_KNOTS('',2,(#8592,#8593,#8594),
  .UNSPECIFIED.,.F.,.F.,(3,3),(0.,1.),.PIECEWISE_BEZIER_KNOTS.);
#8592 = CARTESIAN_POINT('',(-2.618914372866,-7.041464657365,38.));
#8593 = CARTESIAN_POINT('',(-2.515167975171,-6.99040197725,38.));
#8594 = CARTESIAN_POINT('',(-2.43533188007,-6.863555795693,38.));
#8595 = ORIENTED_EDGE('',*,*,#8596,.F.);
#8596 = EDGE_CURVE('',#8597,#8589,#8599,.T.);
#8597 = VERTEX_POINT('',#8598);
#8598 = CARTESIAN_POINT('',(-2.834782528485,-7.092392251025,38.));
#8599 = B_SPLINE_CURVE_WITH_KNOTS('',2,(#8600,#8601,#8602),
  .UNSPECIFIED.,.F.,.F.,(3,3),(0.,1.),.PIECEWISE_BEZIER_KNOTS.);
#8600 = CARTESIAN_POINT('',(-2.834782528485,-7.092392251025,38.));
#8601 = CARTESIAN_POINT('',(-2.72266077056,-7.092392251025,38.));
#8602 = CARTESIAN_POINT('',(-2.618914372866,-7.041464657365,38.));
#8603 = ORIENTED_EDGE('',*,*,#8604,.F.);
#8604 = EDGE_CURVE('',#8605,#8597,#8607,.T.);
#8605 = VERTEX_POINT('',#8606);
#8606 = CARTESIAN_POINT('',(-3.047543695632,-7.041464657365,38.));
#8607 = B_SPLINE_CURVE_WITH_KNOTS('',2,(#8608,#8609,#8610),
  .UNSPECIFIED.,.F.,.F.,(3,3),(0.,1.),.PIECEWISE_BEZIER_KNOTS.);
#8608 = CARTESIAN_POINT('',(-3.047543695632,-7.041464657365,38.));
#8609 = CARTESIAN_POINT('',(-2.944742903125,-7.092392251025,38.));
#8610 = CARTESIAN_POINT('',(-2.834782528485,-7.092392251025,38.));
#8611 = ORIENTED_EDGE('',*,*,#8612,.F.);
#8612 = EDGE_CURVE('',#8613,#8605,#8615,.T.);
#8613 = VERTEX_POINT('',#8614);
#8614 = CARTESIAN_POINT('',(-3.229099891598,-6.863555795693,38.));
#8615 = B_SPLINE_CURVE_WITH_KNOTS('',2,(#8616,#8617,#8618),
  .UNSPECIFIED.,.F.,.F.,(3,3),(0.,1.),.PIECEWISE_BEZIER_KNOTS.);
#8616 = CARTESIAN_POINT('',(-3.229099891598,-6.863555795693,38.));
#8617 = CARTESIAN_POINT('',(-3.150209401684,-6.99040197725,38.));
#8618 = CARTESIAN_POINT('',(-3.047543695632,-7.041464657365,38.));
#8619 = ORIENTED_EDGE('',*,*,#8620,.F.);
#8620 = EDGE_CURVE('',#8621,#8613,#8623,.T.);
#8621 = VERTEX_POINT('',#8622);
#8622 = CARTESIAN_POINT('',(-3.354595208601,-6.522327409526,38.));
#8623 = B_SPLINE_CURVE_WITH_KNOTS('',2,(#8624,#8625,#8626),
  .UNSPECIFIED.,.F.,.F.,(3,3),(0.,1.),.PIECEWISE_BEZIER_KNOTS.);
#8624 = CARTESIAN_POINT('',(-3.354595208601,-6.522327409526,38.));
#8625 = CARTESIAN_POINT('',(-3.307855295056,-6.736574527682,38.));
#8626 = CARTESIAN_POINT('',(-3.229099891598,-6.863555795693,38.));
#8627 = ORIENTED_EDGE('',*,*,#8628,.F.);
#8628 = EDGE_CURVE('',#8629,#8621,#8631,.T.);
#8629 = VERTEX_POINT('',#8630);
#8630 = CARTESIAN_POINT('',(-3.40120003569,-5.981441242379,38.));
#8631 = B_SPLINE_CURVE_WITH_KNOTS('',2,(#8632,#8633,#8634),
  .UNSPECIFIED.,.F.,.F.,(3,3),(0.,1.),.PIECEWISE_BEZIER_KNOTS.);
#8632 = CARTESIAN_POINT('',(-3.40120003569,-5.981441242379,38.));
#8633 = CARTESIAN_POINT('',(-3.40120003569,-6.308080291371,38.));
#8634 = CARTESIAN_POINT('',(-3.354595208601,-6.522327409526,38.));
#8635 = ORIENTED_EDGE('',*,*,#8636,.F.);
#8636 = EDGE_CURVE('',#8637,#8629,#8639,.T.);
#8637 = VERTEX_POINT('',#8638);
#8638 = CARTESIAN_POINT('',(-3.354595208601,-5.440555075232,38.));
#8639 = B_SPLINE_CURVE_WITH_KNOTS('',2,(#8640,#8641,#8642),
  .UNSPECIFIED.,.F.,.F.,(3,3),(0.,1.),.PIECEWISE_BEZIER_KNOTS.);
#8640 = CARTESIAN_POINT('',(-3.354595208601,-5.440555075232,38.));
#8641 = CARTESIAN_POINT('',(-3.40120003569,-5.654802193388,38.));
#8642 = CARTESIAN_POINT('',(-3.40120003569,-5.981441242379,38.));
#8643 = ORIENTED_EDGE('',*,*,#8644,.F.);
#8644 = EDGE_CURVE('',#8645,#8637,#8647,.T.);
#8645 = VERTEX_POINT('',#8646);
#8646 = CARTESIAN_POINT('',(-3.229099891598,-5.09946177552,38.));
#8647 = B_SPLINE_CURVE_WITH_KNOTS('',2,(#8648,#8649,#8650),
  .UNSPECIFIED.,.F.,.F.,(3,3),(0.,1.),.PIECEWISE_BEZIER_KNOTS.);
#8648 = CARTESIAN_POINT('',(-3.229099891598,-5.09946177552,38.));
#8649 = CARTESIAN_POINT('',(-3.307855295056,-5.226307957077,38.));
#8650 = CARTESIAN_POINT('',(-3.354595208601,-5.440555075232,38.));
#8651 = ORIENTED_EDGE('',*,*,#8652,.F.);
#8652 = EDGE_CURVE('',#8653,#8645,#8655,.T.);
#8653 = VERTEX_POINT('',#8654);
#8654 = CARTESIAN_POINT('',(-3.047543695632,-4.921552913849,38.));
#8655 = B_SPLINE_CURVE_WITH_KNOTS('',2,(#8656,#8657,#8658),
  .UNSPECIFIED.,.F.,.F.,(3,3),(0.,1.),.PIECEWISE_BEZIER_KNOTS.);
#8656 = CARTESIAN_POINT('',(-3.047543695632,-4.921552913849,38.));
#8657 = CARTESIAN_POINT('',(-3.150209401684,-4.972480507509,38.));
#8658 = CARTESIAN_POINT('',(-3.229099891598,-5.09946177552,38.));
#8659 = ORIENTED_EDGE('',*,*,#8660,.F.);
#8660 = EDGE_CURVE('',#8661,#8653,#8663,.T.);
#8661 = VERTEX_POINT('',#8662);
#8662 = CARTESIAN_POINT('',(-2.834782528485,-4.870490233734,38.));
#8663 = B_SPLINE_CURVE_WITH_KNOTS('',2,(#8664,#8665,#8666),
  .UNSPECIFIED.,.F.,.F.,(3,3),(0.,1.),.PIECEWISE_BEZIER_KNOTS.);
#8664 = CARTESIAN_POINT('',(-2.834782528485,-4.870490233734,38.));
#8665 = CARTESIAN_POINT('',(-2.944742903125,-4.870490233734,38.));
#8666 = CARTESIAN_POINT('',(-3.047543695632,-4.921552913849,38.));
#8667 = ORIENTED_EDGE('',*,*,#8668,.F.);
#8668 = EDGE_CURVE('',#8669,#8661,#8671,.T.);
#8669 = VERTEX_POINT('',#8670);
#8670 = CARTESIAN_POINT('',(-2.618914372866,-4.921552913849,38.));
#8671 = B_SPLINE_CURVE_WITH_KNOTS('',2,(#8672,#8673,#8674),
  .UNSPECIFIED.,.F.,.F.,(3,3),(0.,1.),.PIECEWISE_BEZIER_KNOTS.);
#8672 = CARTESIAN_POINT('',(-2.618914372866,-4.921552913849,38.));
#8673 = CARTESIAN_POINT('',(-2.72266077056,-4.870490233734,38.));
#8674 = CARTESIAN_POINT('',(-2.834782528485,-4.870490233734,38.));
#8675 = ORIENTED_EDGE('',*,*,#8676,.F.);
#8676 = EDGE_CURVE('',#8677,#8669,#8679,.T.);
#8677 = VERTEX_POINT('',#8678);
#8678 = CARTESIAN_POINT('',(-2.43533188007,-5.09946177552,38.));
#8679 = B_SPLINE_CURVE_WITH_KNOTS('',2,(#8680,#8681,#8682),
  .UNSPECIFIED.,.F.,.F.,(3,3),(0.,1.),.PIECEWISE_BEZIER_KNOTS.);
#8680 = CARTESIAN_POINT('',(-2.43533188007,-5.09946177552,38.));
#8681 = CARTESIAN_POINT('',(-2.515167975171,-4.972480507509,38.));
#8682 = CARTESIAN_POINT('',(-2.618914372866,-4.921552913849,38.));
#8683 = ORIENTED_EDGE('',*,*,#8684,.F.);
#8684 = EDGE_CURVE('',#8565,#8677,#8685,.T.);
#8685 = B_SPLINE_CURVE_WITH_KNOTS('',2,(#8686,#8687,#8688),
  .UNSPECIFIED.,.F.,.F.,(3,3),(0.,1.),.PIECEWISE_BEZIER_KNOTS.);
#8686 = CARTESIAN_POINT('',(-2.307810266237,-5.440555075232,38.));
#8687 = CARTESIAN_POINT('',(-2.355495784969,-5.226307957077,38.));
#8688 = CARTESIAN_POINT('',(-2.43533188007,-5.09946177552,38.));
#8689 = PLANE('',#8690);
#8690 = AXIS2_PLACEMENT_3D('',#8691,#8692,#8693);
#8691 = CARTESIAN_POINT('',(-2.831509585435,-5.981441004283,38.));
#8692 = DIRECTION('',(0.,0.,1.));
#8693 = DIRECTION('',(1.,0.,0.));
#8694 = ADVANCED_FACE('',(#8695),#8733,.T.);
#8695 = FACE_BOUND('',#8696,.T.);
#8696 = EDGE_LOOP('',(#8697,#8698,#8699,#8700,#8701,#8702,#8703,#8704,
    #8705,#8706,#8707,#8708,#8709,#8710,#8711,#8712,#8713,#8714,#8715,
    #8716,#8717,#8718,#8719,#8720,#8721,#8722,#8723,#8724,#8725,#8726,
    #8727,#8728,#8729,#8730,#8731,#8732));
#8697 = ORIENTED_EDGE('',*,*,#4006,.F.);
#8698 = ORIENTED_EDGE('',*,*,#3958,.F.);
#8699 = ORIENTED_EDGE('',*,*,#3989,.F.);
#8700 = ORIENTED_EDGE('',*,*,#4037,.F.);
#8701 = ORIENTED_EDGE('',*,*,#4087,.F.);
#8702 = ORIENTED_EDGE('',*,*,#4139,.F.);
#8703 = ORIENTED_EDGE('',*,*,#4189,.F.);
#8704 = ORIENTED_EDGE('',*,*,#4241,.F.);
#8705 = ORIENTED_EDGE('',*,*,#4291,.F.);
#8706 = ORIENTED_EDGE('',*,*,#4341,.F.);
#8707 = ORIENTED_EDGE('',*,*,#4391,.F.);
#8708 = ORIENTED_EDGE('',*,*,#4443,.F.);
#8709 = ORIENTED_EDGE('',*,*,#4495,.F.);
#8710 = ORIENTED_EDGE('',*,*,#4547,.F.);
#8711 = ORIENTED_EDGE('',*,*,#4599,.F.);
#8712 = ORIENTED_EDGE('',*,*,#4651,.F.);
#8713 = ORIENTED_EDGE('',*,*,#4703,.F.);
#8714 = ORIENTED_EDGE('',*,*,#4753,.F.);
#8715 = ORIENTED_EDGE('',*,*,#4803,.F.);
#8716 = ORIENTED_EDGE('',*,*,#4846,.F.);
#8717 = ORIENTED_EDGE('',*,*,#4820,.F.);
#8718 = ORIENTED_EDGE('',*,*,#4770,.F.);
#8719 = ORIENTED_EDGE('',*,*,#4720,.F.);
#8720 = ORIENTED_EDGE('',*,*,#4670,.F.);
#8721 = ORIENTED_EDGE('',*,*,#4618,.F.);
#8722 = ORIENTED_EDGE('',*,*,#4566,.F.);
#8723 = ORIENTED_EDGE('',*,*,#4514,.F.);
#8724 = ORIENTED_EDGE('',*,*,#4462,.F.);
#8725 = ORIENTED_EDGE('',*,*,#4410,.F.);
#8726 = ORIENTED_EDGE('',*,*,#4358,.F.);
#8727 = ORIENTED_EDGE('',*,*,#4308,.F.);
#8728 = ORIENTED_EDGE('',*,*,#4258,.F.);
#8729 = ORIENTED_EDGE('',*,*,#4208,.F.);
#8730 = ORIENTED_EDGE('',*,*,#4158,.F.);
#8731 = ORIENTED_EDGE('',*,*,#4106,.F.);
#8732 = ORIENTED_EDGE('',*,*,#4056,.F.);
#8733 = PLANE('',#8734);
#8734 = AXIS2_PLACEMENT_3D('',#8735,#8736,#8737);
#8735 = CARTESIAN_POINT('',(3.591369477202,-6.36445601375,38.));
#8736 = DIRECTION('',(0.,0.,1.));
#8737 = DIRECTION('',(1.,0.,0.));
#8738 = ADVANCED_FACE('',(#8739),#8745,.T.);
#8739 = FACE_BOUND('',#8740,.T.);
#8740 = EDGE_LOOP('',(#8741,#8742,#8743,#8744));
#8741 = ORIENTED_EDGE('',*,*,#4944,.F.);
#8742 = ORIENTED_EDGE('',*,*,#4872,.F.);
#8743 = ORIENTED_EDGE('',*,*,#4903,.F.);
#8744 = ORIENTED_EDGE('',*,*,#4927,.F.);
#8745 = PLANE('',#8746);
#8746 = AXIS2_PLACEMENT_3D('',#8747,#8748,#8749);
#8747 = CARTESIAN_POINT('',(-2.77876675592,1.192260565052,38.));
#8748 = DIRECTION('',(0.,0.,1.));
#8749 = DIRECTION('',(1.,0.,0.));
#8750 = ADVANCED_FACE('',(#8751),#8803,.T.);
#8751 = FACE_BOUND('',#8752,.T.);
#8752 = EDGE_LOOP('',(#8753,#8754,#8755,#8756,#8757,#8758,#8759,#8760,
    #8761,#8762,#8763,#8764,#8765,#8766,#8767,#8768,#8769,#8770,#8771,
    #8772,#8773,#8774,#8775,#8776,#8777,#8778,#8779,#8780,#8781,#8782,
    #8783,#8784,#8785,#8786,#8787,#8788,#8789,#8790,#8791,#8792,#8793,
    #8794,#8795,#8796,#8797,#8798,#8799,#8800,#8801,#8802));
#8753 = ORIENTED_EDGE('',*,*,#6238,.F.);
#8754 = ORIENTED_EDGE('',*,*,#4968,.F.);
#8755 = ORIENTED_EDGE('',*,*,#4999,.F.);
#8756 = ORIENTED_EDGE('',*,*,#5025,.F.);
#8757 = ORIENTED_EDGE('',*,*,#5051,.F.);
#8758 = ORIENTED_EDGE('',*,*,#5077,.F.);
#8759 = ORIENTED_EDGE('',*,*,#5103,.F.);
#8760 = ORIENTED_EDGE('',*,*,#5129,.F.);
#8761 = ORIENTED_EDGE('',*,*,#5155,.F.);
#8762 = ORIENTED_EDGE('',*,*,#5181,.F.);
#8763 = ORIENTED_EDGE('',*,*,#5207,.F.);
#8764 = ORIENTED_EDGE('',*,*,#5233,.F.);
#8765 = ORIENTED_EDGE('',*,*,#5259,.F.);
#8766 = ORIENTED_EDGE('',*,*,#5285,.F.);
#8767 = ORIENTED_EDGE('',*,*,#5311,.F.);
#8768 = ORIENTED_EDGE('',*,*,#5337,.F.);
#8769 = ORIENTED_EDGE('',*,*,#5363,.F.);
#8770 = ORIENTED_EDGE('',*,*,#5389,.F.);
#8771 = ORIENTED_EDGE('',*,*,#5415,.F.);
#8772 = ORIENTED_EDGE('',*,*,#5441,.F.);
#8773 = ORIENTED_EDGE('',*,*,#5467,.F.);
#8774 = ORIENTED_EDGE('',*,*,#5493,.F.);
#8775 = ORIENTED_EDGE('',*,*,#5519,.F.);
#8776 = ORIENTED_EDGE('',*,*,#5545,.F.);
#8777 = ORIENTED_EDGE('',*,*,#5571,.F.);
#8778 = ORIENTED_EDGE('',*,*,#5597,.F.);
#8779 = ORIENTED_EDGE('',*,*,#5623,.F.);
#8780 = ORIENTED_EDGE('',*,*,#5647,.F.);
#8781 = ORIENTED_EDGE('',*,*,#5673,.F.);
#8782 = ORIENTED_EDGE('',*,*,#5699,.F.);
#8783 = ORIENTED_EDGE('',*,*,#5725,.F.);
#8784 = ORIENTED_EDGE('',*,*,#5751,.F.);
#8785 = ORIENTED_EDGE('',*,*,#5777,.F.);
#8786 = ORIENTED_EDGE('',*,*,#5803,.F.);
#8787 = ORIENTED_EDGE('',*,*,#5829,.F.);
#8788 = ORIENTED_EDGE('',*,*,#5855,.F.);
#8789 = ORIENTED_EDGE('',*,*,#5881,.F.);
#8790 = ORIENTED_EDGE('',*,*,#5907,.F.);
#8791 = ORIENTED_EDGE('',*,*,#5933,.F.);
#8792 = ORIENTED_EDGE('',*,*,#5959,.F.);
#8793 = ORIENTED_EDGE('',*,*,#5985,.F.);
#8794 = ORIENTED_EDGE('',*,*,#6011,.F.);
#8795 = ORIENTED_EDGE('',*,*,#6037,.F.);
#8796 = ORIENTED_EDGE('',*,*,#6063,.F.);
#8797 = ORIENTED_EDGE('',*,*,#6089,.F.);
#8798 = ORIENTED_EDGE('',*,*,#6115,.F.);
#8799 = ORIENTED_EDGE('',*,*,#6141,.F.);
#8800 = ORIENTED_EDGE('',*,*,#6167,.F.);
#8801 = ORIENTED_EDGE('',*,*,#6193,.F.);
#8802 = ORIENTED_EDGE('',*,*,#6219,.F.);
#8803 = PLANE('',#8804);
#8804 = AXIS2_PLACEMENT_3D('',#8805,#8806,#8807);
#8805 = CARTESIAN_POINT('',(-0.349880768994,0.38491319092,38.));
#8806 = DIRECTION('',(0.,0.,1.));
#8807 = DIRECTION('',(1.,0.,0.));
#8808 = ADVANCED_FACE('',(#8809,#8832),#8906,.T.);
#8809 = FACE_BOUND('',#8810,.T.);
#8810 = EDGE_LOOP('',(#8811,#8812,#8813,#8814,#8815,#8816,#8817,#8818,
    #8819,#8820,#8821,#8822,#8823,#8824,#8825,#8826,#8827,#8828,#8829,
    #8830,#8831));
#8811 = ORIENTED_EDGE('',*,*,#6770,.F.);
#8812 = ORIENTED_EDGE('',*,*,#6264,.F.);
#8813 = ORIENTED_EDGE('',*,*,#6295,.F.);
#8814 = ORIENTED_EDGE('',*,*,#6321,.F.);
#8815 = ORIENTED_EDGE('',*,*,#6347,.F.);
#8816 = ORIENTED_EDGE('',*,*,#6371,.F.);
#8817 = ORIENTED_EDGE('',*,*,#6397,.F.);
#8818 = ORIENTED_EDGE('',*,*,#6423,.F.);
#8819 = ORIENTED_EDGE('',*,*,#6447,.F.);
#8820 = ORIENTED_EDGE('',*,*,#6471,.F.);
#8821 = ORIENTED_EDGE('',*,*,#6497,.F.);
#8822 = ORIENTED_EDGE('',*,*,#6523,.F.);
#8823 = ORIENTED_EDGE('',*,*,#6549,.F.);
#8824 = ORIENTED_EDGE('',*,*,#6575,.F.);
#8825 = ORIENTED_EDGE('',*,*,#6601,.F.);
#8826 = ORIENTED_EDGE('',*,*,#6627,.F.);
#8827 = ORIENTED_EDGE('',*,*,#6653,.F.);
#8828 = ORIENTED_EDGE('',*,*,#6679,.F.);
#8829 = ORIENTED_EDGE('',*,*,#6705,.F.);
#8830 = ORIENTED_EDGE('',*,*,#6729,.F.);
#8831 = ORIENTED_EDGE('',*,*,#6753,.F.);
#8832 = FACE_BOUND('',#8833,.T.);
#8833 = EDGE_LOOP('',(#8834,#8844,#8852,#8860,#8868,#8876,#8884,#8892,
    #8900));
#8834 = ORIENTED_EDGE('',*,*,#8835,.F.);
#8835 = EDGE_CURVE('',#8836,#8838,#8840,.T.);
#8836 = VERTEX_POINT('',#8837);
#8837 = CARTESIAN_POINT('',(-6.777816061794,1.256502362625,38.));
#8838 = VERTEX_POINT('',#8839);
#8839 = CARTESIAN_POINT('',(-6.196944303869,1.256502362625,38.));
#8840 = LINE('',#8841,#8842);
#8841 = CARTESIAN_POINT('',(-6.777816061794,1.256502362625,38.));
#8842 = VECTOR('',#8843,1.);
#8843 = DIRECTION('',(1.,0.,0.));
#8844 = ORIENTED_EDGE('',*,*,#8845,.F.);
#8845 = EDGE_CURVE('',#8846,#8836,#8848,.T.);
#8846 = VERTEX_POINT('',#8847);
#8847 = CARTESIAN_POINT('',(-6.777816061794,2.913562881357,38.));
#8848 = LINE('',#8849,#8850);
#8849 = CARTESIAN_POINT('',(-6.777816061794,2.913562881357,38.));
#8850 = VECTOR('',#8851,1.);
#8851 = DIRECTION('',(0.,-1.,0.));
#8852 = ORIENTED_EDGE('',*,*,#8853,.F.);
#8853 = EDGE_CURVE('',#8854,#8846,#8856,.T.);
#8854 = VERTEX_POINT('',#8855);
#8855 = CARTESIAN_POINT('',(-6.182985370152,2.913562881357,38.));
#8856 = LINE('',#8857,#8858);
#8857 = CARTESIAN_POINT('',(-6.182985370152,2.913562881357,38.));
#8858 = VECTOR('',#8859,1.);
#8859 = DIRECTION('',(-1.,0.,0.));
#8860 = ORIENTED_EDGE('',*,*,#8861,.F.);
#8861 = EDGE_CURVE('',#8862,#8854,#8864,.T.);
#8862 = VERTEX_POINT('',#8863);
#8863 = CARTESIAN_POINT('',(-5.417270312515,2.709807477899,38.));
#8864 = B_SPLINE_CURVE_WITH_KNOTS('',2,(#8865,#8866,#8867),
  .UNSPECIFIED.,.F.,.F.,(3,3),(0.,1.),.PIECEWISE_BEZIER_KNOTS.);
#8865 = CARTESIAN_POINT('',(-5.417270312515,2.709807477899,38.));
#8866 = CARTESIAN_POINT('',(-5.667855687155,2.913562881357,38.));
#8867 = CARTESIAN_POINT('',(-6.182985370152,2.913562881357,38.));
#8868 = ORIENTED_EDGE('',*,*,#8869,.F.);
#8869 = EDGE_CURVE('',#8870,#8862,#8872,.T.);
#8870 = VERTEX_POINT('',#8871);
#8871 = CARTESIAN_POINT('',(-5.166459793783,2.126459134959,38.));
#8872 = B_SPLINE_CURVE_WITH_KNOTS('',2,(#8873,#8874,#8875),
  .UNSPECIFIED.,.F.,.F.,(3,3),(0.,1.),.PIECEWISE_BEZIER_KNOTS.);
#8873 = CARTESIAN_POINT('',(-5.166459793783,2.126459134959,38.));
#8874 = CARTESIAN_POINT('',(-5.166459793783,2.506277218533,38.));
#8875 = CARTESIAN_POINT('',(-5.417270312515,2.709807477899,38.));
#8876 = ORIENTED_EDGE('',*,*,#8877,.F.);
#8877 = EDGE_CURVE('',#8878,#8870,#8880,.T.);
#8878 = VERTEX_POINT('',#8879);
#8879 = CARTESIAN_POINT('',(-5.228824707328,1.777710936112,38.));
#8880 = B_SPLINE_CURVE_WITH_KNOTS('',2,(#8881,#8882,#8883),
  .UNSPECIFIED.,.F.,.F.,(3,3),(0.,1.),.PIECEWISE_BEZIER_KNOTS.);
#8881 = CARTESIAN_POINT('',(-5.228824707328,1.777710936112,38.));
#8882 = CARTESIAN_POINT('',(-5.166459793783,1.936662665219,38.));
#8883 = CARTESIAN_POINT('',(-5.166459793783,2.126459134959,38.));
#8884 = ORIENTED_EDGE('',*,*,#8885,.F.);
#8885 = EDGE_CURVE('',#8886,#8878,#8888,.T.);
#8886 = VERTEX_POINT('',#8887);
#8887 = CARTESIAN_POINT('',(-5.417270312515,1.503260287697,38.));
#8888 = B_SPLINE_CURVE_WITH_KNOTS('',2,(#8889,#8890,#8891),
  .UNSPECIFIED.,.F.,.F.,(3,3),(0.,1.),.PIECEWISE_BEZIER_KNOTS.);
#8889 = CARTESIAN_POINT('',(-5.417270312515,1.503260287697,38.));
#8890 = CARTESIAN_POINT('',(-5.29096447678,1.618984351098,38.));
#8891 = CARTESIAN_POINT('',(-5.228824707328,1.777710936112,38.));
#8892 = ORIENTED_EDGE('',*,*,#8893,.F.);
#8893 = EDGE_CURVE('',#8894,#8886,#8896,.T.);
#8894 = VERTEX_POINT('',#8895);
#8895 = CARTESIAN_POINT('',(-5.738776076204,1.322019293461,38.));
#8896 = B_SPLINE_CURVE_WITH_KNOTS('',2,(#8897,#8898,#8899),
  .UNSPECIFIED.,.F.,.F.,(3,3),(0.,1.),.PIECEWISE_BEZIER_KNOTS.);
#8897 = CARTESIAN_POINT('',(-5.738776076204,1.322019293461,38.));
#8898 = CARTESIAN_POINT('',(-5.543351004158,1.387761368389,38.));
#8899 = CARTESIAN_POINT('',(-5.417270312515,1.503260287697,38.));
#8900 = ORIENTED_EDGE('',*,*,#8901,.F.);
#8901 = EDGE_CURVE('',#8838,#8894,#8902,.T.);
#8902 = B_SPLINE_CURVE_WITH_KNOTS('',2,(#8903,#8904,#8905),
  .UNSPECIFIED.,.F.,.F.,(3,3),(0.,1.),.PIECEWISE_BEZIER_KNOTS.);
#8903 = CARTESIAN_POINT('',(-6.196944303869,1.256502362625,38.));
#8904 = CARTESIAN_POINT('',(-5.93420114825,1.256502362625,38.));
#8905 = CARTESIAN_POINT('',(-5.738776076204,1.322019293461,38.));
#8906 = PLANE('',#8907);
#8907 = AXIS2_PLACEMENT_3D('',#8908,#8909,#8910);
#8908 = CARTESIAN_POINT('',(-6.051043962085,1.133819606406,38.));
#8909 = DIRECTION('',(0.,0.,1.));
#8910 = DIRECTION('',(1.,0.,0.));
#8911 = ADVANCED_FACE('',(#8912),#8930,.T.);
#8912 = FACE_BOUND('',#8913,.T.);
#8913 = EDGE_LOOP('',(#8914,#8915,#8916,#8917,#8918,#8919,#8920,#8921,
    #8922,#8923,#8924,#8925,#8926,#8927,#8928,#8929));
#8914 = ORIENTED_EDGE('',*,*,#7184,.F.);
#8915 = ORIENTED_EDGE('',*,*,#6794,.F.);
#8916 = ORIENTED_EDGE('',*,*,#6827,.F.);
#8917 = ORIENTED_EDGE('',*,*,#6853,.F.);
#8918 = ORIENTED_EDGE('',*,*,#6879,.F.);
#8919 = ORIENTED_EDGE('',*,*,#6905,.F.);
#8920 = ORIENTED_EDGE('',*,*,#6931,.F.);
#8921 = ORIENTED_EDGE('',*,*,#6957,.F.);
#8922 = ORIENTED_EDGE('',*,*,#6983,.F.);
#8923 = ORIENTED_EDGE('',*,*,#7009,.F.);
#8924 = ORIENTED_EDGE('',*,*,#7035,.F.);
#8925 = ORIENTED_EDGE('',*,*,#7061,.F.);
#8926 = ORIENTED_EDGE('',*,*,#7087,.F.);
#8927 = ORIENTED_EDGE('',*,*,#7113,.F.);
#8928 = ORIENTED_EDGE('',*,*,#7139,.F.);
#8929 = ORIENTED_EDGE('',*,*,#7165,.F.);
#8930 = PLANE('',#8931);
#8931 = AXIS2_PLACEMENT_3D('',#8932,#8933,#8934);
#8932 = CARTESIAN_POINT('',(-2.77876675592,1.192260565052,38.));
#8933 = DIRECTION('',(0.,0.,1.));
#8934 = DIRECTION('',(1.,0.,0.));
#8935 = ADVANCED_FACE('',(#8936,#8968),#9026,.T.);
#8936 = FACE_BOUND('',#8937,.T.);
#8937 = EDGE_LOOP('',(#8938,#8939,#8940,#8941,#8942,#8943,#8944,#8945,
    #8946,#8947,#8948,#8949,#8950,#8951,#8952,#8953,#8954,#8955,#8956,
    #8957,#8958,#8959,#8960,#8961,#8962,#8963,#8964,#8965,#8966,#8967));
#8938 = ORIENTED_EDGE('',*,*,#7960,.F.);
#8939 = ORIENTED_EDGE('',*,*,#7210,.F.);
#8940 = ORIENTED_EDGE('',*,*,#7243,.F.);
#8941 = ORIENTED_EDGE('',*,*,#7269,.F.);
#8942 = ORIENTED_EDGE('',*,*,#7295,.F.);
#8943 = ORIENTED_EDGE('',*,*,#7321,.F.);
#8944 = ORIENTED_EDGE('',*,*,#7347,.F.);
#8945 = ORIENTED_EDGE('',*,*,#7373,.F.);
#8946 = ORIENTED_EDGE('',*,*,#7399,.F.);
#8947 = ORIENTED_EDGE('',*,*,#7425,.F.);
#8948 = ORIENTED_EDGE('',*,*,#7451,.F.);
#8949 = ORIENTED_EDGE('',*,*,#7477,.F.);
#8950 = ORIENTED_EDGE('',*,*,#7503,.F.);
#8951 = ORIENTED_EDGE('',*,*,#7529,.F.);
#8952 = ORIENTED_EDGE('',*,*,#7553,.F.);
#8953 = ORIENTED_EDGE('',*,*,#7579,.F.);
#8954 = ORIENTED_EDGE('',*,*,#7605,.F.);
#8955 = ORIENTED_EDGE('',*,*,#7631,.F.);
#8956 = ORIENTED_EDGE('',*,*,#7657,.F.);
#8957 = ORIENTED_EDGE('',*,*,#7683,.F.);
#8958 = ORIENTED_EDGE('',*,*,#7709,.F.);
#8959 = ORIENTED_EDGE('',*,*,#7735,.F.);
#8960 = ORIENTED_EDGE('',*,*,#7761,.F.);
#8961 = ORIENTED_EDGE('',*,*,#7785,.F.);
#8962 = ORIENTED_EDGE('',*,*,#7811,.F.);
#8963 = ORIENTED_EDGE('',*,*,#7837,.F.);
#8964 = ORIENTED_EDGE('',*,*,#7863,.F.);
#8965 = ORIENTED_EDGE('',*,*,#7889,.F.);
#8966 = ORIENTED_EDGE('',*,*,#7915,.F.);
#8967 = ORIENTED_EDGE('',*,*,#7941,.F.);
#8968 = FACE_BOUND('',#8969,.T.);
#8969 = EDGE_LOOP('',(#8970,#8980,#8988,#8996,#9004,#9012,#9020));
#8970 = ORIENTED_EDGE('',*,*,#8971,.F.);
#8971 = EDGE_CURVE('',#8972,#8974,#8976,.T.);
#8972 = VERTEX_POINT('',#8973);
#8973 = CARTESIAN_POINT('',(7.053235811404,1.616732910176,38.));
#8974 = VERTEX_POINT('',#8975);
#8975 = CARTESIAN_POINT('',(6.468761748004,1.406223183951,38.));
#8976 = B_SPLINE_CURVE_WITH_KNOTS('',2,(#8977,#8978,#8979),
  .UNSPECIFIED.,.F.,.F.,(3,3),(0.,1.),.PIECEWISE_BEZIER_KNOTS.);
#8977 = CARTESIAN_POINT('',(7.053235811404,1.616732910176,38.));
#8978 = CARTESIAN_POINT('',(6.679721762413,1.616732910176,38.));
#8979 = CARTESIAN_POINT('',(6.468761748004,1.406223183951,38.));
#8980 = ORIENTED_EDGE('',*,*,#8981,.F.);
#8981 = EDGE_CURVE('',#8982,#8972,#8984,.T.);
#8982 = VERTEX_POINT('',#8983);
#8983 = CARTESIAN_POINT('',(7.385098203335,1.552791987985,38.));
#8984 = B_SPLINE_CURVE_WITH_KNOTS('',2,(#8985,#8986,#8987),
  .UNSPECIFIED.,.F.,.F.,(3,3),(0.,1.),.PIECEWISE_BEZIER_KNOTS.);
#8985 = CARTESIAN_POINT('',(7.385098203335,1.552791987985,38.));
#8986 = CARTESIAN_POINT('',(7.24348256933,1.616732910176,38.));
#8987 = CARTESIAN_POINT('',(7.053235811404,1.616732910176,38.));
#8988 = ORIENTED_EDGE('',*,*,#8989,.F.);
#8989 = EDGE_CURVE('',#8990,#8982,#8992,.T.);
#8990 = VERTEX_POINT('',#8991);
#8991 = CARTESIAN_POINT('',(7.620373779704,1.3787556047,38.));
#8992 = B_SPLINE_CURVE_WITH_KNOTS('',2,(#8993,#8994,#8995),
  .UNSPECIFIED.,.F.,.F.,(3,3),(0.,1.),.PIECEWISE_BEZIER_KNOTS.);
#8993 = CARTESIAN_POINT('',(7.620373779704,1.3787556047,38.));
#8994 = CARTESIAN_POINT('',(7.526938981433,1.489076209887,38.));
#8995 = CARTESIAN_POINT('',(7.385098203335,1.552791987985,38.));
#8996 = ORIENTED_EDGE('',*,*,#8997,.F.);
#8997 = EDGE_CURVE('',#8998,#8990,#9000,.T.);
#8998 = VERTEX_POINT('',#8999);
#8999 = CARTESIAN_POINT('',(7.758612252327,1.121866195478,38.));
#9000 = B_SPLINE_CURVE_WITH_KNOTS('',2,(#9001,#9002,#9003),
  .UNSPECIFIED.,.F.,.F.,(3,3),(0.,1.),.PIECEWISE_BEZIER_KNOTS.);
#9001 = CARTESIAN_POINT('',(7.758612252327,1.121866195478,38.));
#9002 = CARTESIAN_POINT('',(7.713808577975,1.268434999513,38.));
#9003 = CARTESIAN_POINT('',(7.620373779704,1.3787556047,38.));
#9004 = ORIENTED_EDGE('',*,*,#9005,.F.);
#9005 = EDGE_CURVE('',#9006,#8998,#9008,.T.);
#9006 = VERTEX_POINT('',#9007);
#9007 = CARTESIAN_POINT('',(7.80364107077,0.809816483663,38.));
#9008 = B_SPLINE_CURVE_WITH_KNOTS('',2,(#9009,#9010,#9011),
  .UNSPECIFIED.,.F.,.F.,(3,3),(0.,1.),.PIECEWISE_BEZIER_KNOTS.);
#9009 = CARTESIAN_POINT('',(7.80364107077,0.809816483663,38.));
#9010 = CARTESIAN_POINT('',(7.80364107077,0.975297391444,38.));
#9011 = CARTESIAN_POINT('',(7.758612252327,1.121866195478,38.));
#9012 = ORIENTED_EDGE('',*,*,#9013,.F.);
#9013 = EDGE_CURVE('',#9014,#9006,#9016,.T.);
#9014 = VERTEX_POINT('',#9015);
#9015 = CARTESIAN_POINT('',(6.199039125525,0.809816483663,38.));
#9016 = LINE('',#9017,#9018);
#9017 = CARTESIAN_POINT('',(6.199039125525,0.809816483663,38.));
#9018 = VECTOR('',#9019,1.);
#9019 = DIRECTION('',(1.,0.,0.));
#9020 = ORIENTED_EDGE('',*,*,#9021,.F.);
#9021 = EDGE_CURVE('',#8974,#9014,#9022,.T.);
#9022 = B_SPLINE_CURVE_WITH_KNOTS('',2,(#9023,#9024,#9025),
  .UNSPECIFIED.,.F.,.F.,(3,3),(0.,1.),.PIECEWISE_BEZIER_KNOTS.);
#9023 = CARTESIAN_POINT('',(6.468761748004,1.406223183951,38.));
#9024 = CARTESIAN_POINT('',(6.257801733595,1.195938601818,38.));
#9025 = CARTESIAN_POINT('',(6.199039125525,0.809816483663,38.));
#9026 = PLANE('',#9027);
#9027 = AXIS2_PLACEMENT_3D('',#9028,#9029,#9030);
#9028 = CARTESIAN_POINT('',(7.001310687614,0.413192369973,38.));
#9029 = DIRECTION('',(0.,0.,1.));
#9030 = DIRECTION('',(1.,0.,0.));
#9031 = ADVANCED_FACE('',(#9032),#9052,.T.);
#9032 = FACE_BOUND('',#9033,.T.);
#9033 = EDGE_LOOP('',(#9034,#9035,#9036,#9037,#9038,#9039,#9040,#9041,
    #9042,#9043,#9044,#9045,#9046,#9047,#9048,#9049,#9050,#9051));
#9034 = ORIENTED_EDGE('',*,*,#8414,.F.);
#9035 = ORIENTED_EDGE('',*,*,#7986,.F.);
#9036 = ORIENTED_EDGE('',*,*,#8017,.F.);
#9037 = ORIENTED_EDGE('',*,*,#8041,.F.);
#9038 = ORIENTED_EDGE('',*,*,#8067,.F.);
#9039 = ORIENTED_EDGE('',*,*,#8093,.F.);
#9040 = ORIENTED_EDGE('',*,*,#8119,.F.);
#9041 = ORIENTED_EDGE('',*,*,#8145,.F.);
#9042 = ORIENTED_EDGE('',*,*,#8169,.F.);
#9043 = ORIENTED_EDGE('',*,*,#8193,.F.);
#9044 = ORIENTED_EDGE('',*,*,#8217,.F.);
#9045 = ORIENTED_EDGE('',*,*,#8243,.F.);
#9046 = ORIENTED_EDGE('',*,*,#8269,.F.);
#9047 = ORIENTED_EDGE('',*,*,#8295,.F.);
#9048 = ORIENTED_EDGE('',*,*,#8321,.F.);
#9049 = ORIENTED_EDGE('',*,*,#8347,.F.);
#9050 = ORIENTED_EDGE('',*,*,#8373,.F.);
#9051 = ORIENTED_EDGE('',*,*,#8397,.F.);
#9052 = PLANE('',#9053);
#9053 = AXIS2_PLACEMENT_3D('',#9054,#9055,#9056);
#9054 = CARTESIAN_POINT('',(2.967003777326,0.911461520633,38.));
#9055 = DIRECTION('',(0.,0.,1.));
#9056 = DIRECTION('',(1.,0.,0.));
#9057 = ADVANCED_FACE('',(#9058),#9083,.T.);
#9058 = FACE_BOUND('',#9059,.T.);
#9059 = EDGE_LOOP('',(#9060,#9068,#9069,#9077));
#9060 = ORIENTED_EDGE('',*,*,#9061,.T.);
#9061 = EDGE_CURVE('',#9062,#8563,#9064,.T.);
#9062 = VERTEX_POINT('',#9063);
#9063 = CARTESIAN_POINT('',(-2.25998966105,-5.981441242379,40.));
#9064 = LINE('',#9065,#9066);
#9065 = CARTESIAN_POINT('',(-2.25998966105,-5.981441242379,40.));
#9066 = VECTOR('',#9067,1.);
#9067 = DIRECTION('',(-0.,-0.,-1.));
#9068 = ORIENTED_EDGE('',*,*,#8562,.T.);
#9069 = ORIENTED_EDGE('',*,*,#9070,.F.);
#9070 = EDGE_CURVE('',#9071,#8565,#9073,.T.);
#9071 = VERTEX_POINT('',#9072);
#9072 = CARTESIAN_POINT('',(-2.307810266237,-5.440555075232,40.));
#9073 = LINE('',#9074,#9075);
#9074 = CARTESIAN_POINT('',(-2.307810266237,-5.440555075232,40.));
#9075 = VECTOR('',#9076,1.);
#9076 = DIRECTION('',(-0.,-0.,-1.));
#9077 = ORIENTED_EDGE('',*,*,#9078,.F.);
#9078 = EDGE_CURVE('',#9062,#9071,#9079,.T.);
#9079 = B_SPLINE_CURVE_WITH_KNOTS('',2,(#9080,#9081,#9082),
  .UNSPECIFIED.,.F.,.F.,(3,3),(0.,1.),.PIECEWISE_BEZIER_KNOTS.);
#9080 = CARTESIAN_POINT('',(-2.25998966105,-5.981441242379,40.));
#9081 = CARTESIAN_POINT('',(-2.25998966105,-5.654802193388,40.));
#9082 = CARTESIAN_POINT('',(-2.307810266237,-5.440555075232,40.));
#9083 = SURFACE_OF_LINEAR_EXTRUSION('',#9084,#9088);
#9084 = B_SPLINE_CURVE_WITH_KNOTS('',2,(#9085,#9086,#9087),
  .UNSPECIFIED.,.F.,.F.,(3,3),(0.,1.),.PIECEWISE_BEZIER_KNOTS.);
#9085 = CARTESIAN_POINT('',(-2.25998966105,-5.981441242379,40.));
#9086 = CARTESIAN_POINT('',(-2.25998966105,-5.654802193388,40.));
#9087 = CARTESIAN_POINT('',(-2.307810266237,-5.440555075232,40.));
#9088 = VECTOR('',#9089,1.);
#9089 = DIRECTION('',(0.,0.,1.));
#9090 = ADVANCED_FACE('',(#9091),#9109,.T.);
#9091 = FACE_BOUND('',#9092,.T.);
#9092 = EDGE_LOOP('',(#9093,#9101,#9102,#9103));
#9093 = ORIENTED_EDGE('',*,*,#9094,.T.);
#9094 = EDGE_CURVE('',#9095,#8573,#9097,.T.);
#9095 = VERTEX_POINT('',#9096);
#9096 = CARTESIAN_POINT('',(-2.307810266237,-6.522327409526,40.));
#9097 = LINE('',#9098,#9099);
#9098 = CARTESIAN_POINT('',(-2.307810266237,-6.522327409526,40.));
#9099 = VECTOR('',#9100,1.);
#9100 = DIRECTION('',(-0.,-0.,-1.));
#9101 = ORIENTED_EDGE('',*,*,#8572,.T.);
#9102 = ORIENTED_EDGE('',*,*,#9061,.F.);
#9103 = ORIENTED_EDGE('',*,*,#9104,.F.);
#9104 = EDGE_CURVE('',#9095,#9062,#9105,.T.);
#9105 = B_SPLINE_CURVE_WITH_KNOTS('',2,(#9106,#9107,#9108),
  .UNSPECIFIED.,.F.,.F.,(3,3),(0.,1.),.PIECEWISE_BEZIER_KNOTS.);
#9106 = CARTESIAN_POINT('',(-2.307810266237,-6.522327409526,40.));
#9107 = CARTESIAN_POINT('',(-2.25998966105,-6.308080291371,40.));
#9108 = CARTESIAN_POINT('',(-2.25998966105,-5.981441242379,40.));
#9109 = SURFACE_OF_LINEAR_EXTRUSION('',#9110,#9114);
#9110 = B_SPLINE_CURVE_WITH_KNOTS('',2,(#9111,#9112,#9113),
  .UNSPECIFIED.,.F.,.F.,(3,3),(0.,1.),.PIECEWISE_BEZIER_KNOTS.);
#9111 = CARTESIAN_POINT('',(-2.307810266237,-6.522327409526,40.));
#9112 = CARTESIAN_POINT('',(-2.25998966105,-6.308080291371,40.));
#9113 = CARTESIAN_POINT('',(-2.25998966105,-5.981441242379,40.));
#9114 = VECTOR('',#9115,1.);
#9115 = DIRECTION('',(0.,0.,1.));
#9116 = ADVANCED_FACE('',(#9117),#9135,.T.);
#9117 = FACE_BOUND('',#9118,.T.);
#9118 = EDGE_LOOP('',(#9119,#9127,#9128,#9129));
#9119 = ORIENTED_EDGE('',*,*,#9120,.T.);
#9120 = EDGE_CURVE('',#9121,#8581,#9123,.T.);
#9121 = VERTEX_POINT('',#9122);
#9122 = CARTESIAN_POINT('',(-2.43533188007,-6.863555795693,40.));
#9123 = LINE('',#9124,#9125);
#9124 = CARTESIAN_POINT('',(-2.43533188007,-6.863555795693,40.));
#9125 = VECTOR('',#9126,1.);
#9126 = DIRECTION('',(-0.,-0.,-1.));
#9127 = ORIENTED_EDGE('',*,*,#8580,.T.);
#9128 = ORIENTED_EDGE('',*,*,#9094,.F.);
#9129 = ORIENTED_EDGE('',*,*,#9130,.F.);
#9130 = EDGE_CURVE('',#9121,#9095,#9131,.T.);
#9131 = B_SPLINE_CURVE_WITH_KNOTS('',2,(#9132,#9133,#9134),
  .UNSPECIFIED.,.F.,.F.,(3,3),(0.,1.),.PIECEWISE_BEZIER_KNOTS.);
#9132 = CARTESIAN_POINT('',(-2.43533188007,-6.863555795693,40.));
#9133 = CARTESIAN_POINT('',(-2.355495784969,-6.736574527682,40.));
#9134 = CARTESIAN_POINT('',(-2.307810266237,-6.522327409526,40.));
#9135 = SURFACE_OF_LINEAR_EXTRUSION('',#9136,#9140);
#9136 = B_SPLINE_CURVE_WITH_KNOTS('',2,(#9137,#9138,#9139),
  .UNSPECIFIED.,.F.,.F.,(3,3),(0.,1.),.PIECEWISE_BEZIER_KNOTS.);
#9137 = CARTESIAN_POINT('',(-2.43533188007,-6.863555795693,40.));
#9138 = CARTESIAN_POINT('',(-2.355495784969,-6.736574527682,40.));
#9139 = CARTESIAN_POINT('',(-2.307810266237,-6.522327409526,40.));
#9140 = VECTOR('',#9141,1.);
#9141 = DIRECTION('',(0.,0.,1.));
#9142 = ADVANCED_FACE('',(#9143),#9161,.T.);
#9143 = FACE_BOUND('',#9144,.T.);
#9144 = EDGE_LOOP('',(#9145,#9153,#9154,#9155));
#9145 = ORIENTED_EDGE('',*,*,#9146,.T.);
#9146 = EDGE_CURVE('',#9147,#8589,#9149,.T.);
#9147 = VERTEX_POINT('',#9148);
#9148 = CARTESIAN_POINT('',(-2.618914372866,-7.041464657365,40.));
#9149 = LINE('',#9150,#9151);
#9150 = CARTESIAN_POINT('',(-2.618914372866,-7.041464657365,40.));
#9151 = VECTOR('',#9152,1.);
#9152 = DIRECTION('',(-0.,-0.,-1.));
#9153 = ORIENTED_EDGE('',*,*,#8588,.T.);
#9154 = ORIENTED_EDGE('',*,*,#9120,.F.);
#9155 = ORIENTED_EDGE('',*,*,#9156,.F.);
#9156 = EDGE_CURVE('',#9147,#9121,#9157,.T.);
#9157 = B_SPLINE_CURVE_WITH_KNOTS('',2,(#9158,#9159,#9160),
  .UNSPECIFIED.,.F.,.F.,(3,3),(0.,1.),.PIECEWISE_BEZIER_KNOTS.);
#9158 = CARTESIAN_POINT('',(-2.618914372866,-7.041464657365,40.));
#9159 = CARTESIAN_POINT('',(-2.515167975171,-6.99040197725,40.));
#9160 = CARTESIAN_POINT('',(-2.43533188007,-6.863555795693,40.));
#9161 = SURFACE_OF_LINEAR_EXTRUSION('',#9162,#9166);
#9162 = B_SPLINE_CURVE_WITH_KNOTS('',2,(#9163,#9164,#9165),
  .UNSPECIFIED.,.F.,.F.,(3,3),(0.,1.),.PIECEWISE_BEZIER_KNOTS.);
#9163 = CARTESIAN_POINT('',(-2.618914372866,-7.041464657365,40.));
#9164 = CARTESIAN_POINT('',(-2.515167975171,-6.99040197725,40.));
#9165 = CARTESIAN_POINT('',(-2.43533188007,-6.863555795693,40.));
#9166 = VECTOR('',#9167,1.);
#9167 = DIRECTION('',(0.,0.,1.));
#9168 = ADVANCED_FACE('',(#9169),#9187,.T.);
#9169 = FACE_BOUND('',#9170,.T.);
#9170 = EDGE_LOOP('',(#9171,#9179,#9180,#9181));
#9171 = ORIENTED_EDGE('',*,*,#9172,.T.);
#9172 = EDGE_CURVE('',#9173,#8597,#9175,.T.);
#9173 = VERTEX_POINT('',#9174);
#9174 = CARTESIAN_POINT('',(-2.834782528485,-7.092392251025,40.));
#9175 = LINE('',#9176,#9177);
#9176 = CARTESIAN_POINT('',(-2.834782528485,-7.092392251025,40.));
#9177 = VECTOR('',#9178,1.);
#9178 = DIRECTION('',(-0.,-0.,-1.));
#9179 = ORIENTED_EDGE('',*,*,#8596,.T.);
#9180 = ORIENTED_EDGE('',*,*,#9146,.F.);
#9181 = ORIENTED_EDGE('',*,*,#9182,.F.);
#9182 = EDGE_CURVE('',#9173,#9147,#9183,.T.);
#9183 = B_SPLINE_CURVE_WITH_KNOTS('',2,(#9184,#9185,#9186),
  .UNSPECIFIED.,.F.,.F.,(3,3),(0.,1.),.PIECEWISE_BEZIER_KNOTS.);
#9184 = CARTESIAN_POINT('',(-2.834782528485,-7.092392251025,40.));
#9185 = CARTESIAN_POINT('',(-2.72266077056,-7.092392251025,40.));
#9186 = CARTESIAN_POINT('',(-2.618914372866,-7.041464657365,40.));
#9187 = SURFACE_OF_LINEAR_EXTRUSION('',#9188,#9192);
#9188 = B_SPLINE_CURVE_WITH_KNOTS('',2,(#9189,#9190,#9191),
  .UNSPECIFIED.,.F.,.F.,(3,3),(0.,1.),.PIECEWISE_BEZIER_KNOTS.);
#9189 = CARTESIAN_POINT('',(-2.834782528485,-7.092392251025,40.));
#9190 = CARTESIAN_POINT('',(-2.72266077056,-7.092392251025,40.));
#9191 = CARTESIAN_POINT('',(-2.618914372866,-7.041464657365,40.));
#9192 = VECTOR('',#9193,1.);
#9193 = DIRECTION('',(0.,0.,1.));
#9194 = ADVANCED_FACE('',(#9195),#9213,.T.);
#9195 = FACE_BOUND('',#9196,.T.);
#9196 = EDGE_LOOP('',(#9197,#9205,#9206,#9207));
#9197 = ORIENTED_EDGE('',*,*,#9198,.T.);
#9198 = EDGE_CURVE('',#9199,#8605,#9201,.T.);
#9199 = VERTEX_POINT('',#9200);
#9200 = CARTESIAN_POINT('',(-3.047543695632,-7.041464657365,40.));
#9201 = LINE('',#9202,#9203);
#9202 = CARTESIAN_POINT('',(-3.047543695632,-7.041464657365,40.));
#9203 = VECTOR('',#9204,1.);
#9204 = DIRECTION('',(-0.,-0.,-1.));
#9205 = ORIENTED_EDGE('',*,*,#8604,.T.);
#9206 = ORIENTED_EDGE('',*,*,#9172,.F.);
#9207 = ORIENTED_EDGE('',*,*,#9208,.F.);
#9208 = EDGE_CURVE('',#9199,#9173,#9209,.T.);
#9209 = B_SPLINE_CURVE_WITH_KNOTS('',2,(#9210,#9211,#9212),
  .UNSPECIFIED.,.F.,.F.,(3,3),(0.,1.),.PIECEWISE_BEZIER_KNOTS.);
#9210 = CARTESIAN_POINT('',(-3.047543695632,-7.041464657365,40.));
#9211 = CARTESIAN_POINT('',(-2.944742903125,-7.092392251025,40.));
#9212 = CARTESIAN_POINT('',(-2.834782528485,-7.092392251025,40.));
#9213 = SURFACE_OF_LINEAR_EXTRUSION('',#9214,#9218);
#9214 = B_SPLINE_CURVE_WITH_KNOTS('',2,(#9215,#9216,#9217),
  .UNSPECIFIED.,.F.,.F.,(3,3),(0.,1.),.PIECEWISE_BEZIER_KNOTS.);
#9215 = CARTESIAN_POINT('',(-3.047543695632,-7.041464657365,40.));
#9216 = CARTESIAN_POINT('',(-2.944742903125,-7.092392251025,40.));
#9217 = CARTESIAN_POINT('',(-2.834782528485,-7.092392251025,40.));
#9218 = VECTOR('',#9219,1.);
#9219 = DIRECTION('',(0.,0.,1.));
#9220 = ADVANCED_FACE('',(#9221),#9239,.T.);
#9221 = FACE_BOUND('',#9222,.T.);
#9222 = EDGE_LOOP('',(#9223,#9231,#9232,#9233));
#9223 = ORIENTED_EDGE('',*,*,#9224,.T.);
#9224 = EDGE_CURVE('',#9225,#8613,#9227,.T.);
#9225 = VERTEX_POINT('',#9226);
#9226 = CARTESIAN_POINT('',(-3.229099891598,-6.863555795693,40.));
#9227 = LINE('',#9228,#9229);
#9228 = CARTESIAN_POINT('',(-3.229099891598,-6.863555795693,40.));
#9229 = VECTOR('',#9230,1.);
#9230 = DIRECTION('',(-0.,-0.,-1.));
#9231 = ORIENTED_EDGE('',*,*,#8612,.T.);
#9232 = ORIENTED_EDGE('',*,*,#9198,.F.);
#9233 = ORIENTED_EDGE('',*,*,#9234,.F.);
#9234 = EDGE_CURVE('',#9225,#9199,#9235,.T.);
#9235 = B_SPLINE_CURVE_WITH_KNOTS('',2,(#9236,#9237,#9238),
  .UNSPECIFIED.,.F.,.F.,(3,3),(0.,1.),.PIECEWISE_BEZIER_KNOTS.);
#9236 = CARTESIAN_POINT('',(-3.229099891598,-6.863555795693,40.));
#9237 = CARTESIAN_POINT('',(-3.150209401684,-6.99040197725,40.));
#9238 = CARTESIAN_POINT('',(-3.047543695632,-7.041464657365,40.));
#9239 = SURFACE_OF_LINEAR_EXTRUSION('',#9240,#9244);
#9240 = B_SPLINE_CURVE_WITH_KNOTS('',2,(#9241,#9242,#9243),
  .UNSPECIFIED.,.F.,.F.,(3,3),(0.,1.),.PIECEWISE_BEZIER_KNOTS.);
#9241 = CARTESIAN_POINT('',(-3.229099891598,-6.863555795693,40.));
#9242 = CARTESIAN_POINT('',(-3.150209401684,-6.99040197725,40.));
#9243 = CARTESIAN_POINT('',(-3.047543695632,-7.041464657365,40.));
#9244 = VECTOR('',#9245,1.);
#9245 = DIRECTION('',(0.,0.,1.));
#9246 = ADVANCED_FACE('',(#9247),#9265,.T.);
#9247 = FACE_BOUND('',#9248,.T.);
#9248 = EDGE_LOOP('',(#9249,#9257,#9258,#9259));
#9249 = ORIENTED_EDGE('',*,*,#9250,.T.);
#9250 = EDGE_CURVE('',#9251,#8621,#9253,.T.);
#9251 = VERTEX_POINT('',#9252);
#9252 = CARTESIAN_POINT('',(-3.354595208601,-6.522327409526,40.));
#9253 = LINE('',#9254,#9255);
#9254 = CARTESIAN_POINT('',(-3.354595208601,-6.522327409526,40.));
#9255 = VECTOR('',#9256,1.);
#9256 = DIRECTION('',(-0.,-0.,-1.));
#9257 = ORIENTED_EDGE('',*,*,#8620,.T.);
#9258 = ORIENTED_EDGE('',*,*,#9224,.F.);
#9259 = ORIENTED_EDGE('',*,*,#9260,.F.);
#9260 = EDGE_CURVE('',#9251,#9225,#9261,.T.);
#9261 = B_SPLINE_CURVE_WITH_KNOTS('',2,(#9262,#9263,#9264),
  .UNSPECIFIED.,.F.,.F.,(3,3),(0.,1.),.PIECEWISE_BEZIER_KNOTS.);
#9262 = CARTESIAN_POINT('',(-3.354595208601,-6.522327409526,40.));
#9263 = CARTESIAN_POINT('',(-3.307855295056,-6.736574527682,40.));
#9264 = CARTESIAN_POINT('',(-3.229099891598,-6.863555795693,40.));
#9265 = SURFACE_OF_LINEAR_EXTRUSION('',#9266,#9270);
#9266 = B_SPLINE_CURVE_WITH_KNOTS('',2,(#9267,#9268,#9269),
  .UNSPECIFIED.,.F.,.F.,(3,3),(0.,1.),.PIECEWISE_BEZIER_KNOTS.);
#9267 = CARTESIAN_POINT('',(-3.354595208601,-6.522327409526,40.));
#9268 = CARTESIAN_POINT('',(-3.307855295056,-6.736574527682,40.));
#9269 = CARTESIAN_POINT('',(-3.229099891598,-6.863555795693,40.));
#9270 = VECTOR('',#9271,1.);
#9271 = DIRECTION('',(0.,0.,1.));
#9272 = ADVANCED_FACE('',(#9273),#9291,.T.);
#9273 = FACE_BOUND('',#9274,.T.);
#9274 = EDGE_LOOP('',(#9275,#9283,#9284,#9285));
#9275 = ORIENTED_EDGE('',*,*,#9276,.T.);
#9276 = EDGE_CURVE('',#9277,#8629,#9279,.T.);
#9277 = VERTEX_POINT('',#9278);
#9278 = CARTESIAN_POINT('',(-3.40120003569,-5.981441242379,40.));
#9279 = LINE('',#9280,#9281);
#9280 = CARTESIAN_POINT('',(-3.40120003569,-5.981441242379,40.));
#9281 = VECTOR('',#9282,1.);
#9282 = DIRECTION('',(-0.,-0.,-1.));
#9283 = ORIENTED_EDGE('',*,*,#8628,.T.);
#9284 = ORIENTED_EDGE('',*,*,#9250,.F.);
#9285 = ORIENTED_EDGE('',*,*,#9286,.F.);
#9286 = EDGE_CURVE('',#9277,#9251,#9287,.T.);
#9287 = B_SPLINE_CURVE_WITH_KNOTS('',2,(#9288,#9289,#9290),
  .UNSPECIFIED.,.F.,.F.,(3,3),(0.,1.),.PIECEWISE_BEZIER_KNOTS.);
#9288 = CARTESIAN_POINT('',(-3.40120003569,-5.981441242379,40.));
#9289 = CARTESIAN_POINT('',(-3.40120003569,-6.308080291371,40.));
#9290 = CARTESIAN_POINT('',(-3.354595208601,-6.522327409526,40.));
#9291 = SURFACE_OF_LINEAR_EXTRUSION('',#9292,#9296);
#9292 = B_SPLINE_CURVE_WITH_KNOTS('',2,(#9293,#9294,#9295),
  .UNSPECIFIED.,.F.,.F.,(3,3),(0.,1.),.PIECEWISE_BEZIER_KNOTS.);
#9293 = CARTESIAN_POINT('',(-3.40120003569,-5.981441242379,40.));
#9294 = CARTESIAN_POINT('',(-3.40120003569,-6.308080291371,40.));
#9295 = CARTESIAN_POINT('',(-3.354595208601,-6.522327409526,40.));
#9296 = VECTOR('',#9297,1.);
#9297 = DIRECTION('',(0.,0.,1.));
#9298 = ADVANCED_FACE('',(#9299),#9317,.T.);
#9299 = FACE_BOUND('',#9300,.T.);
#9300 = EDGE_LOOP('',(#9301,#9309,#9310,#9311));
#9301 = ORIENTED_EDGE('',*,*,#9302,.T.);
#9302 = EDGE_CURVE('',#9303,#8637,#9305,.T.);
#9303 = VERTEX_POINT('',#9304);
#9304 = CARTESIAN_POINT('',(-3.354595208601,-5.440555075232,40.));
#9305 = LINE('',#9306,#9307);
#9306 = CARTESIAN_POINT('',(-3.354595208601,-5.440555075232,40.));
#9307 = VECTOR('',#9308,1.);
#9308 = DIRECTION('',(-0.,-0.,-1.));
#9309 = ORIENTED_EDGE('',*,*,#8636,.T.);
#9310 = ORIENTED_EDGE('',*,*,#9276,.F.);
#9311 = ORIENTED_EDGE('',*,*,#9312,.F.);
#9312 = EDGE_CURVE('',#9303,#9277,#9313,.T.);
#9313 = B_SPLINE_CURVE_WITH_KNOTS('',2,(#9314,#9315,#9316),
  .UNSPECIFIED.,.F.,.F.,(3,3),(0.,1.),.PIECEWISE_BEZIER_KNOTS.);
#9314 = CARTESIAN_POINT('',(-3.354595208601,-5.440555075232,40.));
#9315 = CARTESIAN_POINT('',(-3.40120003569,-5.654802193388,40.));
#9316 = CARTESIAN_POINT('',(-3.40120003569,-5.981441242379,40.));
#9317 = SURFACE_OF_LINEAR_EXTRUSION('',#9318,#9322);
#9318 = B_SPLINE_CURVE_WITH_KNOTS('',2,(#9319,#9320,#9321),
  .UNSPECIFIED.,.F.,.F.,(3,3),(0.,1.),.PIECEWISE_BEZIER_KNOTS.);
#9319 = CARTESIAN_POINT('',(-3.354595208601,-5.440555075232,40.));
#9320 = CARTESIAN_POINT('',(-3.40120003569,-5.654802193388,40.));
#9321 = CARTESIAN_POINT('',(-3.40120003569,-5.981441242379,40.));
#9322 = VECTOR('',#9323,1.);
#9323 = DIRECTION('',(0.,0.,1.));
#9324 = ADVANCED_FACE('',(#9325),#9343,.T.);
#9325 = FACE_BOUND('',#9326,.T.);
#9326 = EDGE_LOOP('',(#9327,#9335,#9336,#9337));
#9327 = ORIENTED_EDGE('',*,*,#9328,.T.);
#9328 = EDGE_CURVE('',#9329,#8645,#9331,.T.);
#9329 = VERTEX_POINT('',#9330);
#9330 = CARTESIAN_POINT('',(-3.229099891598,-5.09946177552,40.));
#9331 = LINE('',#9332,#9333);
#9332 = CARTESIAN_POINT('',(-3.229099891598,-5.09946177552,40.));
#9333 = VECTOR('',#9334,1.);
#9334 = DIRECTION('',(-0.,-0.,-1.));
#9335 = ORIENTED_EDGE('',*,*,#8644,.T.);
#9336 = ORIENTED_EDGE('',*,*,#9302,.F.);
#9337 = ORIENTED_EDGE('',*,*,#9338,.F.);
#9338 = EDGE_CURVE('',#9329,#9303,#9339,.T.);
#9339 = B_SPLINE_CURVE_WITH_KNOTS('',2,(#9340,#9341,#9342),
  .UNSPECIFIED.,.F.,.F.,(3,3),(0.,1.),.PIECEWISE_BEZIER_KNOTS.);
#9340 = CARTESIAN_POINT('',(-3.229099891598,-5.09946177552,40.));
#9341 = CARTESIAN_POINT('',(-3.307855295056,-5.226307957077,40.));
#9342 = CARTESIAN_POINT('',(-3.354595208601,-5.440555075232,40.));
#9343 = SURFACE_OF_LINEAR_EXTRUSION('',#9344,#9348);
#9344 = B_SPLINE_CURVE_WITH_KNOTS('',2,(#9345,#9346,#9347),
  .UNSPECIFIED.,.F.,.F.,(3,3),(0.,1.),.PIECEWISE_BEZIER_KNOTS.);
#9345 = CARTESIAN_POINT('',(-3.229099891598,-5.09946177552,40.));
#9346 = CARTESIAN_POINT('',(-3.307855295056,-5.226307957077,40.));
#9347 = CARTESIAN_POINT('',(-3.354595208601,-5.440555075232,40.));
#9348 = VECTOR('',#9349,1.);
#9349 = DIRECTION('',(0.,0.,1.));
#9350 = ADVANCED_FACE('',(#9351),#9369,.T.);
#9351 = FACE_BOUND('',#9352,.T.);
#9352 = EDGE_LOOP('',(#9353,#9361,#9362,#9363));
#9353 = ORIENTED_EDGE('',*,*,#9354,.T.);
#9354 = EDGE_CURVE('',#9355,#8653,#9357,.T.);
#9355 = VERTEX_POINT('',#9356);
#9356 = CARTESIAN_POINT('',(-3.047543695632,-4.921552913849,40.));
#9357 = LINE('',#9358,#9359);
#9358 = CARTESIAN_POINT('',(-3.047543695632,-4.921552913849,40.));
#9359 = VECTOR('',#9360,1.);
#9360 = DIRECTION('',(-0.,-0.,-1.));
#9361 = ORIENTED_EDGE('',*,*,#8652,.T.);
#9362 = ORIENTED_EDGE('',*,*,#9328,.F.);
#9363 = ORIENTED_EDGE('',*,*,#9364,.F.);
#9364 = EDGE_CURVE('',#9355,#9329,#9365,.T.);
#9365 = B_SPLINE_CURVE_WITH_KNOTS('',2,(#9366,#9367,#9368),
  .UNSPECIFIED.,.F.,.F.,(3,3),(0.,1.),.PIECEWISE_BEZIER_KNOTS.);
#9366 = CARTESIAN_POINT('',(-3.047543695632,-4.921552913849,40.));
#9367 = CARTESIAN_POINT('',(-3.150209401684,-4.972480507509,40.));
#9368 = CARTESIAN_POINT('',(-3.229099891598,-5.09946177552,40.));
#9369 = SURFACE_OF_LINEAR_EXTRUSION('',#9370,#9374);
#9370 = B_SPLINE_CURVE_WITH_KNOTS('',2,(#9371,#9372,#9373),
  .UNSPECIFIED.,.F.,.F.,(3,3),(0.,1.),.PIECEWISE_BEZIER_KNOTS.);
#9371 = CARTESIAN_POINT('',(-3.047543695632,-4.921552913849,40.));
#9372 = CARTESIAN_POINT('',(-3.150209401684,-4.972480507509,40.));
#9373 = CARTESIAN_POINT('',(-3.229099891598,-5.09946177552,40.));
#9374 = VECTOR('',#9375,1.);
#9375 = DIRECTION('',(0.,0.,1.));
#9376 = ADVANCED_FACE('',(#9377),#9395,.T.);
#9377 = FACE_BOUND('',#9378,.T.);
#9378 = EDGE_LOOP('',(#9379,#9387,#9388,#9389));
#9379 = ORIENTED_EDGE('',*,*,#9380,.T.);
#9380 = EDGE_CURVE('',#9381,#8661,#9383,.T.);
#9381 = VERTEX_POINT('',#9382);
#9382 = CARTESIAN_POINT('',(-2.834782528485,-4.870490233734,40.));
#9383 = LINE('',#9384,#9385);
#9384 = CARTESIAN_POINT('',(-2.834782528485,-4.870490233734,40.));
#9385 = VECTOR('',#9386,1.);
#9386 = DIRECTION('',(-0.,-0.,-1.));
#9387 = ORIENTED_EDGE('',*,*,#8660,.T.);
#9388 = ORIENTED_EDGE('',*,*,#9354,.F.);
#9389 = ORIENTED_EDGE('',*,*,#9390,.F.);
#9390 = EDGE_CURVE('',#9381,#9355,#9391,.T.);
#9391 = B_SPLINE_CURVE_WITH_KNOTS('',2,(#9392,#9393,#9394),
  .UNSPECIFIED.,.F.,.F.,(3,3),(0.,1.),.PIECEWISE_BEZIER_KNOTS.);
#9392 = CARTESIAN_POINT('',(-2.834782528485,-4.870490233734,40.));
#9393 = CARTESIAN_POINT('',(-2.944742903125,-4.870490233734,40.));
#9394 = CARTESIAN_POINT('',(-3.047543695632,-4.921552913849,40.));
#9395 = SURFACE_OF_LINEAR_EXTRUSION('',#9396,#9400);
#9396 = B_SPLINE_CURVE_WITH_KNOTS('',2,(#9397,#9398,#9399),
  .UNSPECIFIED.,.F.,.F.,(3,3),(0.,1.),.PIECEWISE_BEZIER_KNOTS.);
#9397 = CARTESIAN_POINT('',(-2.834782528485,-4.870490233734,40.));
#9398 = CARTESIAN_POINT('',(-2.944742903125,-4.870490233734,40.));
#9399 = CARTESIAN_POINT('',(-3.047543695632,-4.921552913849,40.));
#9400 = VECTOR('',#9401,1.);
#9401 = DIRECTION('',(0.,0.,1.));
#9402 = ADVANCED_FACE('',(#9403),#9421,.T.);
#9403 = FACE_BOUND('',#9404,.T.);
#9404 = EDGE_LOOP('',(#9405,#9413,#9414,#9415));
#9405 = ORIENTED_EDGE('',*,*,#9406,.T.);
#9406 = EDGE_CURVE('',#9407,#8669,#9409,.T.);
#9407 = VERTEX_POINT('',#9408);
#9408 = CARTESIAN_POINT('',(-2.618914372866,-4.921552913849,40.));
#9409 = LINE('',#9410,#9411);
#9410 = CARTESIAN_POINT('',(-2.618914372866,-4.921552913849,40.));
#9411 = VECTOR('',#9412,1.);
#9412 = DIRECTION('',(-0.,-0.,-1.));
#9413 = ORIENTED_EDGE('',*,*,#8668,.T.);
#9414 = ORIENTED_EDGE('',*,*,#9380,.F.);
#9415 = ORIENTED_EDGE('',*,*,#9416,.F.);
#9416 = EDGE_CURVE('',#9407,#9381,#9417,.T.);
#9417 = B_SPLINE_CURVE_WITH_KNOTS('',2,(#9418,#9419,#9420),
  .UNSPECIFIED.,.F.,.F.,(3,3),(0.,1.),.PIECEWISE_BEZIER_KNOTS.);
#9418 = CARTESIAN_POINT('',(-2.618914372866,-4.921552913849,40.));
#9419 = CARTESIAN_POINT('',(-2.72266077056,-4.870490233734,40.));
#9420 = CARTESIAN_POINT('',(-2.834782528485,-4.870490233734,40.));
#9421 = SURFACE_OF_LINEAR_EXTRUSION('',#9422,#9426);
#9422 = B_SPLINE_CURVE_WITH_KNOTS('',2,(#9423,#9424,#9425),
  .UNSPECIFIED.,.F.,.F.,(3,3),(0.,1.),.PIECEWISE_BEZIER_KNOTS.);
#9423 = CARTESIAN_POINT('',(-2.618914372866,-4.921552913849,40.));
#9424 = CARTESIAN_POINT('',(-2.72266077056,-4.870490233734,40.));
#9425 = CARTESIAN_POINT('',(-2.834782528485,-4.870490233734,40.));
#9426 = VECTOR('',#9427,1.);
#9427 = DIRECTION('',(0.,0.,1.));
#9428 = ADVANCED_FACE('',(#9429),#9447,.T.);
#9429 = FACE_BOUND('',#9430,.T.);
#9430 = EDGE_LOOP('',(#9431,#9439,#9440,#9441));
#9431 = ORIENTED_EDGE('',*,*,#9432,.T.);
#9432 = EDGE_CURVE('',#9433,#8677,#9435,.T.);
#9433 = VERTEX_POINT('',#9434);
#9434 = CARTESIAN_POINT('',(-2.43533188007,-5.09946177552,40.));
#9435 = LINE('',#9436,#9437);
#9436 = CARTESIAN_POINT('',(-2.43533188007,-5.09946177552,40.));
#9437 = VECTOR('',#9438,1.);
#9438 = DIRECTION('',(-0.,-0.,-1.));
#9439 = ORIENTED_EDGE('',*,*,#8676,.T.);
#9440 = ORIENTED_EDGE('',*,*,#9406,.F.);
#9441 = ORIENTED_EDGE('',*,*,#9442,.F.);
#9442 = EDGE_CURVE('',#9433,#9407,#9443,.T.);
#9443 = B_SPLINE_CURVE_WITH_KNOTS('',2,(#9444,#9445,#9446),
  .UNSPECIFIED.,.F.,.F.,(3,3),(0.,1.),.PIECEWISE_BEZIER_KNOTS.);
#9444 = CARTESIAN_POINT('',(-2.43533188007,-5.09946177552,40.));
#9445 = CARTESIAN_POINT('',(-2.515167975171,-4.972480507509,40.));
#9446 = CARTESIAN_POINT('',(-2.618914372866,-4.921552913849,40.));
#9447 = SURFACE_OF_LINEAR_EXTRUSION('',#9448,#9452);
#9448 = B_SPLINE_CURVE_WITH_KNOTS('',2,(#9449,#9450,#9451),
  .UNSPECIFIED.,.F.,.F.,(3,3),(0.,1.),.PIECEWISE_BEZIER_KNOTS.);
#9449 = CARTESIAN_POINT('',(-2.43533188007,-5.09946177552,40.));
#9450 = CARTESIAN_POINT('',(-2.515167975171,-4.972480507509,40.));
#9451 = CARTESIAN_POINT('',(-2.618914372866,-4.921552913849,40.));
#9452 = VECTOR('',#9453,1.);
#9453 = DIRECTION('',(0.,0.,1.));
#9454 = ADVANCED_FACE('',(#9455),#9466,.T.);
#9455 = FACE_BOUND('',#9456,.T.);
#9456 = EDGE_LOOP('',(#9457,#9458,#9459,#9460));
#9457 = ORIENTED_EDGE('',*,*,#9070,.T.);
#9458 = ORIENTED_EDGE('',*,*,#8684,.T.);
#9459 = ORIENTED_EDGE('',*,*,#9432,.F.);
#9460 = ORIENTED_EDGE('',*,*,#9461,.F.);
#9461 = EDGE_CURVE('',#9071,#9433,#9462,.T.);
#9462 = B_SPLINE_CURVE_WITH_KNOTS('',2,(#9463,#9464,#9465),
  .UNSPECIFIED.,.F.,.F.,(3,3),(0.,1.),.PIECEWISE_BEZIER_KNOTS.);
#9463 = CARTESIAN_POINT('',(-2.307810266237,-5.440555075232,40.));
#9464 = CARTESIAN_POINT('',(-2.355495784969,-5.226307957077,40.));
#9465 = CARTESIAN_POINT('',(-2.43533188007,-5.09946177552,40.));
#9466 = SURFACE_OF_LINEAR_EXTRUSION('',#9467,#9471);
#9467 = B_SPLINE_CURVE_WITH_KNOTS('',2,(#9468,#9469,#9470),
  .UNSPECIFIED.,.F.,.F.,(3,3),(0.,1.),.PIECEWISE_BEZIER_KNOTS.);
#9468 = CARTESIAN_POINT('',(-2.307810266237,-5.440555075232,40.));
#9469 = CARTESIAN_POINT('',(-2.355495784969,-5.226307957077,40.));
#9470 = CARTESIAN_POINT('',(-2.43533188007,-5.09946177552,40.));
#9471 = VECTOR('',#9472,1.);
#9472 = DIRECTION('',(0.,0.,1.));
#9473 = ADVANCED_FACE('',(#9474),#9499,.T.);
#9474 = FACE_BOUND('',#9475,.T.);
#9475 = EDGE_LOOP('',(#9476,#9484,#9485,#9493));
#9476 = ORIENTED_EDGE('',*,*,#9477,.T.);
#9477 = EDGE_CURVE('',#9478,#8836,#9480,.T.);
#9478 = VERTEX_POINT('',#9479);
#9479 = CARTESIAN_POINT('',(-6.777816061794,1.256502362625,40.));
#9480 = LINE('',#9481,#9482);
#9481 = CARTESIAN_POINT('',(-6.777816061794,1.256502362625,40.));
#9482 = VECTOR('',#9483,1.);
#9483 = DIRECTION('',(-0.,-0.,-1.));
#9484 = ORIENTED_EDGE('',*,*,#8835,.T.);
#9485 = ORIENTED_EDGE('',*,*,#9486,.F.);
#9486 = EDGE_CURVE('',#9487,#8838,#9489,.T.);
#9487 = VERTEX_POINT('',#9488);
#9488 = CARTESIAN_POINT('',(-6.196944303869,1.256502362625,40.));
#9489 = LINE('',#9490,#9491);
#9490 = CARTESIAN_POINT('',(-6.196944303869,1.256502362625,40.));
#9491 = VECTOR('',#9492,1.);
#9492 = DIRECTION('',(-0.,-0.,-1.));
#9493 = ORIENTED_EDGE('',*,*,#9494,.F.);
#9494 = EDGE_CURVE('',#9478,#9487,#9495,.T.);
#9495 = LINE('',#9496,#9497);
#9496 = CARTESIAN_POINT('',(-6.777816061794,1.256502362625,40.));
#9497 = VECTOR('',#9498,1.);
#9498 = DIRECTION('',(1.,0.,0.));
#9499 = PLANE('',#9500);
#9500 = AXIS2_PLACEMENT_3D('',#9501,#9502,#9503);
#9501 = CARTESIAN_POINT('',(-6.777816061794,1.256502362625,40.));
#9502 = DIRECTION('',(0.,-1.,0.));
#9503 = DIRECTION('',(1.,0.,0.));
#9504 = ADVANCED_FACE('',(#9505),#9523,.T.);
#9505 = FACE_BOUND('',#9506,.T.);
#9506 = EDGE_LOOP('',(#9507,#9515,#9516,#9517));
#9507 = ORIENTED_EDGE('',*,*,#9508,.T.);
#9508 = EDGE_CURVE('',#9509,#8846,#9511,.T.);
#9509 = VERTEX_POINT('',#9510);
#9510 = CARTESIAN_POINT('',(-6.777816061794,2.913562881357,40.));
#9511 = LINE('',#9512,#9513);
#9512 = CARTESIAN_POINT('',(-6.777816061794,2.913562881357,40.));
#9513 = VECTOR('',#9514,1.);
#9514 = DIRECTION('',(-0.,-0.,-1.));
#9515 = ORIENTED_EDGE('',*,*,#8845,.T.);
#9516 = ORIENTED_EDGE('',*,*,#9477,.F.);
#9517 = ORIENTED_EDGE('',*,*,#9518,.F.);
#9518 = EDGE_CURVE('',#9509,#9478,#9519,.T.);
#9519 = LINE('',#9520,#9521);
#9520 = CARTESIAN_POINT('',(-6.777816061794,2.913562881357,40.));
#9521 = VECTOR('',#9522,1.);
#9522 = DIRECTION('',(0.,-1.,0.));
#9523 = PLANE('',#9524);
#9524 = AXIS2_PLACEMENT_3D('',#9525,#9526,#9527);
#9525 = CARTESIAN_POINT('',(-6.777816061794,2.913562881357,40.));
#9526 = DIRECTION('',(-1.,0.,0.));
#9527 = DIRECTION('',(0.,-1.,0.));
#9528 = ADVANCED_FACE('',(#9529),#9547,.T.);
#9529 = FACE_BOUND('',#9530,.T.);
#9530 = EDGE_LOOP('',(#9531,#9539,#9540,#9541));
#9531 = ORIENTED_EDGE('',*,*,#9532,.T.);
#9532 = EDGE_CURVE('',#9533,#8854,#9535,.T.);
#9533 = VERTEX_POINT('',#9534);
#9534 = CARTESIAN_POINT('',(-6.182985370152,2.913562881357,40.));
#9535 = LINE('',#9536,#9537);
#9536 = CARTESIAN_POINT('',(-6.182985370152,2.913562881357,40.));
#9537 = VECTOR('',#9538,1.);
#9538 = DIRECTION('',(-0.,-0.,-1.));
#9539 = ORIENTED_EDGE('',*,*,#8853,.T.);
#9540 = ORIENTED_EDGE('',*,*,#9508,.F.);
#9541 = ORIENTED_EDGE('',*,*,#9542,.F.);
#9542 = EDGE_CURVE('',#9533,#9509,#9543,.T.);
#9543 = LINE('',#9544,#9545);
#9544 = CARTESIAN_POINT('',(-6.182985370152,2.913562881357,40.));
#9545 = VECTOR('',#9546,1.);
#9546 = DIRECTION('',(-1.,0.,0.));
#9547 = PLANE('',#9548);
#9548 = AXIS2_PLACEMENT_3D('',#9549,#9550,#9551);
#9549 = CARTESIAN_POINT('',(-6.182985370152,2.913562881357,40.));
#9550 = DIRECTION('',(0.,1.,0.));
#9551 = DIRECTION('',(-1.,0.,0.));
#9552 = ADVANCED_FACE('',(#9553),#9571,.T.);
#9553 = FACE_BOUND('',#9554,.T.);
#9554 = EDGE_LOOP('',(#9555,#9563,#9564,#9565));
#9555 = ORIENTED_EDGE('',*,*,#9556,.T.);
#9556 = EDGE_CURVE('',#9557,#8862,#9559,.T.);
#9557 = VERTEX_POINT('',#9558);
#9558 = CARTESIAN_POINT('',(-5.417270312515,2.709807477899,40.));
#9559 = LINE('',#9560,#9561);
#9560 = CARTESIAN_POINT('',(-5.417270312515,2.709807477899,40.));
#9561 = VECTOR('',#9562,1.);
#9562 = DIRECTION('',(-0.,-0.,-1.));
#9563 = ORIENTED_EDGE('',*,*,#8861,.T.);
#9564 = ORIENTED_EDGE('',*,*,#9532,.F.);
#9565 = ORIENTED_EDGE('',*,*,#9566,.F.);
#9566 = EDGE_CURVE('',#9557,#9533,#9567,.T.);
#9567 = B_SPLINE_CURVE_WITH_KNOTS('',2,(#9568,#9569,#9570),
  .UNSPECIFIED.,.F.,.F.,(3,3),(0.,1.),.PIECEWISE_BEZIER_KNOTS.);
#9568 = CARTESIAN_POINT('',(-5.417270312515,2.709807477899,40.));
#9569 = CARTESIAN_POINT('',(-5.667855687155,2.913562881357,40.));
#9570 = CARTESIAN_POINT('',(-6.182985370152,2.913562881357,40.));
#9571 = SURFACE_OF_LINEAR_EXTRUSION('',#9572,#9576);
#9572 = B_SPLINE_CURVE_WITH_KNOTS('',2,(#9573,#9574,#9575),
  .UNSPECIFIED.,.F.,.F.,(3,3),(0.,1.),.PIECEWISE_BEZIER_KNOTS.);
#9573 = CARTESIAN_POINT('',(-5.417270312515,2.709807477899,40.));
#9574 = CARTESIAN_POINT('',(-5.667855687155,2.913562881357,40.));
#9575 = CARTESIAN_POINT('',(-6.182985370152,2.913562881357,40.));
#9576 = VECTOR('',#9577,1.);
#9577 = DIRECTION('',(0.,0.,1.));
#9578 = ADVANCED_FACE('',(#9579),#9597,.T.);
#9579 = FACE_BOUND('',#9580,.T.);
#9580 = EDGE_LOOP('',(#9581,#9589,#9590,#9591));
#9581 = ORIENTED_EDGE('',*,*,#9582,.T.);
#9582 = EDGE_CURVE('',#9583,#8870,#9585,.T.);
#9583 = VERTEX_POINT('',#9584);
#9584 = CARTESIAN_POINT('',(-5.166459793783,2.126459134959,40.));
#9585 = LINE('',#9586,#9587);
#9586 = CARTESIAN_POINT('',(-5.166459793783,2.126459134959,40.));
#9587 = VECTOR('',#9588,1.);
#9588 = DIRECTION('',(-0.,-0.,-1.));
#9589 = ORIENTED_EDGE('',*,*,#8869,.T.);
#9590 = ORIENTED_EDGE('',*,*,#9556,.F.);
#9591 = ORIENTED_EDGE('',*,*,#9592,.F.);
#9592 = EDGE_CURVE('',#9583,#9557,#9593,.T.);
#9593 = B_SPLINE_CURVE_WITH_KNOTS('',2,(#9594,#9595,#9596),
  .UNSPECIFIED.,.F.,.F.,(3,3),(0.,1.),.PIECEWISE_BEZIER_KNOTS.);
#9594 = CARTESIAN_POINT('',(-5.166459793783,2.126459134959,40.));
#9595 = CARTESIAN_POINT('',(-5.166459793783,2.506277218533,40.));
#9596 = CARTESIAN_POINT('',(-5.417270312515,2.709807477899,40.));
#9597 = SURFACE_OF_LINEAR_EXTRUSION('',#9598,#9602);
#9598 = B_SPLINE_CURVE_WITH_KNOTS('',2,(#9599,#9600,#9601),
  .UNSPECIFIED.,.F.,.F.,(3,3),(0.,1.),.PIECEWISE_BEZIER_KNOTS.);
#9599 = CARTESIAN_POINT('',(-5.166459793783,2.126459134959,40.));
#9600 = CARTESIAN_POINT('',(-5.166459793783,2.506277218533,40.));
#9601 = CARTESIAN_POINT('',(-5.417270312515,2.709807477899,40.));
#9602 = VECTOR('',#9603,1.);
#9603 = DIRECTION('',(0.,0.,1.));
#9604 = ADVANCED_FACE('',(#9605),#9623,.T.);
#9605 = FACE_BOUND('',#9606,.T.);
#9606 = EDGE_LOOP('',(#9607,#9615,#9616,#9617));
#9607 = ORIENTED_EDGE('',*,*,#9608,.T.);
#9608 = EDGE_CURVE('',#9609,#8878,#9611,.T.);
#9609 = VERTEX_POINT('',#9610);
#9610 = CARTESIAN_POINT('',(-5.228824707328,1.777710936112,40.));
#9611 = LINE('',#9612,#9613);
#9612 = CARTESIAN_POINT('',(-5.228824707328,1.777710936112,40.));
#9613 = VECTOR('',#9614,1.);
#9614 = DIRECTION('',(-0.,-0.,-1.));
#9615 = ORIENTED_EDGE('',*,*,#8877,.T.);
#9616 = ORIENTED_EDGE('',*,*,#9582,.F.);
#9617 = ORIENTED_EDGE('',*,*,#9618,.F.);
#9618 = EDGE_CURVE('',#9609,#9583,#9619,.T.);
#9619 = B_SPLINE_CURVE_WITH_KNOTS('',2,(#9620,#9621,#9622),
  .UNSPECIFIED.,.F.,.F.,(3,3),(0.,1.),.PIECEWISE_BEZIER_KNOTS.);
#9620 = CARTESIAN_POINT('',(-5.228824707328,1.777710936112,40.));
#9621 = CARTESIAN_POINT('',(-5.166459793783,1.936662665219,40.));
#9622 = CARTESIAN_POINT('',(-5.166459793783,2.126459134959,40.));
#9623 = SURFACE_OF_LINEAR_EXTRUSION('',#9624,#9628);
#9624 = B_SPLINE_CURVE_WITH_KNOTS('',2,(#9625,#9626,#9627),
  .UNSPECIFIED.,.F.,.F.,(3,3),(0.,1.),.PIECEWISE_BEZIER_KNOTS.);
#9625 = CARTESIAN_POINT('',(-5.228824707328,1.777710936112,40.));
#9626 = CARTESIAN_POINT('',(-5.166459793783,1.936662665219,40.));
#9627 = CARTESIAN_POINT('',(-5.166459793783,2.126459134959,40.));
#9628 = VECTOR('',#9629,1.);
#9629 = DIRECTION('',(0.,0.,1.));
#9630 = ADVANCED_FACE('',(#9631),#9649,.T.);
#9631 = FACE_BOUND('',#9632,.T.);
#9632 = EDGE_LOOP('',(#9633,#9641,#9642,#9643));
#9633 = ORIENTED_EDGE('',*,*,#9634,.T.);
#9634 = EDGE_CURVE('',#9635,#8886,#9637,.T.);
#9635 = VERTEX_POINT('',#9636);
#9636 = CARTESIAN_POINT('',(-5.417270312515,1.503260287697,40.));
#9637 = LINE('',#9638,#9639);
#9638 = CARTESIAN_POINT('',(-5.417270312515,1.503260287697,40.));
#9639 = VECTOR('',#9640,1.);
#9640 = DIRECTION('',(-0.,-0.,-1.));
#9641 = ORIENTED_EDGE('',*,*,#8885,.T.);
#9642 = ORIENTED_EDGE('',*,*,#9608,.F.);
#9643 = ORIENTED_EDGE('',*,*,#9644,.F.);
#9644 = EDGE_CURVE('',#9635,#9609,#9645,.T.);
#9645 = B_SPLINE_CURVE_WITH_KNOTS('',2,(#9646,#9647,#9648),
  .UNSPECIFIED.,.F.,.F.,(3,3),(0.,1.),.PIECEWISE_BEZIER_KNOTS.);
#9646 = CARTESIAN_POINT('',(-5.417270312515,1.503260287697,40.));
#9647 = CARTESIAN_POINT('',(-5.29096447678,1.618984351098,40.));
#9648 = CARTESIAN_POINT('',(-5.228824707328,1.777710936112,40.));
#9649 = SURFACE_OF_LINEAR_EXTRUSION('',#9650,#9654);
#9650 = B_SPLINE_CURVE_WITH_KNOTS('',2,(#9651,#9652,#9653),
  .UNSPECIFIED.,.F.,.F.,(3,3),(0.,1.),.PIECEWISE_BEZIER_KNOTS.);
#9651 = CARTESIAN_POINT('',(-5.417270312515,1.503260287697,40.));
#9652 = CARTESIAN_POINT('',(-5.29096447678,1.618984351098,40.));
#9653 = CARTESIAN_POINT('',(-5.228824707328,1.777710936112,40.));
#9654 = VECTOR('',#9655,1.);
#9655 = DIRECTION('',(0.,0.,1.));
#9656 = ADVANCED_FACE('',(#9657),#9675,.T.);
#9657 = FACE_BOUND('',#9658,.T.);
#9658 = EDGE_LOOP('',(#9659,#9667,#9668,#9669));
#9659 = ORIENTED_EDGE('',*,*,#9660,.T.);
#9660 = EDGE_CURVE('',#9661,#8894,#9663,.T.);
#9661 = VERTEX_POINT('',#9662);
#9662 = CARTESIAN_POINT('',(-5.738776076204,1.322019293461,40.));
#9663 = LINE('',#9664,#9665);
#9664 = CARTESIAN_POINT('',(-5.738776076204,1.322019293461,40.));
#9665 = VECTOR('',#9666,1.);
#9666 = DIRECTION('',(-0.,-0.,-1.));
#9667 = ORIENTED_EDGE('',*,*,#8893,.T.);
#9668 = ORIENTED_EDGE('',*,*,#9634,.F.);
#9669 = ORIENTED_EDGE('',*,*,#9670,.F.);
#9670 = EDGE_CURVE('',#9661,#9635,#9671,.T.);
#9671 = B_SPLINE_CURVE_WITH_KNOTS('',2,(#9672,#9673,#9674),
  .UNSPECIFIED.,.F.,.F.,(3,3),(0.,1.),.PIECEWISE_BEZIER_KNOTS.);
#9672 = CARTESIAN_POINT('',(-5.738776076204,1.322019293461,40.));
#9673 = CARTESIAN_POINT('',(-5.543351004158,1.387761368389,40.));
#9674 = CARTESIAN_POINT('',(-5.417270312515,1.503260287697,40.));
#9675 = SURFACE_OF_LINEAR_EXTRUSION('',#9676,#9680);
#9676 = B_SPLINE_CURVE_WITH_KNOTS('',2,(#9677,#9678,#9679),
  .UNSPECIFIED.,.F.,.F.,(3,3),(0.,1.),.PIECEWISE_BEZIER_KNOTS.);
#9677 = CARTESIAN_POINT('',(-5.738776076204,1.322019293461,40.));
#9678 = CARTESIAN_POINT('',(-5.543351004158,1.387761368389,40.));
#9679 = CARTESIAN_POINT('',(-5.417270312515,1.503260287697,40.));
#9680 = VECTOR('',#9681,1.);
#9681 = DIRECTION('',(0.,0.,1.));
#9682 = ADVANCED_FACE('',(#9683),#9694,.T.);
#9683 = FACE_BOUND('',#9684,.T.);
#9684 = EDGE_LOOP('',(#9685,#9686,#9687,#9688));
#9685 = ORIENTED_EDGE('',*,*,#9486,.T.);
#9686 = ORIENTED_EDGE('',*,*,#8901,.T.);
#9687 = ORIENTED_EDGE('',*,*,#9660,.F.);
#9688 = ORIENTED_EDGE('',*,*,#9689,.F.);
#9689 = EDGE_CURVE('',#9487,#9661,#9690,.T.);
#9690 = B_SPLINE_CURVE_WITH_KNOTS('',2,(#9691,#9692,#9693),
  .UNSPECIFIED.,.F.,.F.,(3,3),(0.,1.),.PIECEWISE_BEZIER_KNOTS.);
#9691 = CARTESIAN_POINT('',(-6.196944303869,1.256502362625,40.));
#9692 = CARTESIAN_POINT('',(-5.93420114825,1.256502362625,40.));
#9693 = CARTESIAN_POINT('',(-5.738776076204,1.322019293461,40.));
#9694 = SURFACE_OF_LINEAR_EXTRUSION('',#9695,#9699);
#9695 = B_SPLINE_CURVE_WITH_KNOTS('',2,(#9696,#9697,#9698),
  .UNSPECIFIED.,.F.,.F.,(3,3),(0.,1.),.PIECEWISE_BEZIER_KNOTS.);
#9696 = CARTESIAN_POINT('',(-6.196944303869,1.256502362625,40.));
#9697 = CARTESIAN_POINT('',(-5.93420114825,1.256502362625,40.));
#9698 = CARTESIAN_POINT('',(-5.738776076204,1.322019293461,40.));
#9699 = VECTOR('',#9700,1.);
#9700 = DIRECTION('',(0.,0.,1.));
#9701 = ADVANCED_FACE('',(#9702),#9727,.T.);
#9702 = FACE_BOUND('',#9703,.T.);
#9703 = EDGE_LOOP('',(#9704,#9712,#9713,#9721));
#9704 = ORIENTED_EDGE('',*,*,#9705,.T.);
#9705 = EDGE_CURVE('',#9706,#8972,#9708,.T.);
#9706 = VERTEX_POINT('',#9707);
#9707 = CARTESIAN_POINT('',(7.053235811404,1.616732910176,40.));
#9708 = LINE('',#9709,#9710);
#9709 = CARTESIAN_POINT('',(7.053235811404,1.616732910176,40.));
#9710 = VECTOR('',#9711,1.);
#9711 = DIRECTION('',(-0.,-0.,-1.));
#9712 = ORIENTED_EDGE('',*,*,#8971,.T.);
#9713 = ORIENTED_EDGE('',*,*,#9714,.F.);
#9714 = EDGE_CURVE('',#9715,#8974,#9717,.T.);
#9715 = VERTEX_POINT('',#9716);
#9716 = CARTESIAN_POINT('',(6.468761748004,1.406223183951,40.));
#9717 = LINE('',#9718,#9719);
#9718 = CARTESIAN_POINT('',(6.468761748004,1.406223183951,40.));
#9719 = VECTOR('',#9720,1.);
#9720 = DIRECTION('',(-0.,-0.,-1.));
#9721 = ORIENTED_EDGE('',*,*,#9722,.F.);
#9722 = EDGE_CURVE('',#9706,#9715,#9723,.T.);
#9723 = B_SPLINE_CURVE_WITH_KNOTS('',2,(#9724,#9725,#9726),
  .UNSPECIFIED.,.F.,.F.,(3,3),(0.,1.),.PIECEWISE_BEZIER_KNOTS.);
#9724 = CARTESIAN_POINT('',(7.053235811404,1.616732910176,40.));
#9725 = CARTESIAN_POINT('',(6.679721762413,1.616732910176,40.));
#9726 = CARTESIAN_POINT('',(6.468761748004,1.406223183951,40.));
#9727 = SURFACE_OF_LINEAR_EXTRUSION('',#9728,#9732);
#9728 = B_SPLINE_CURVE_WITH_KNOTS('',2,(#9729,#9730,#9731),
  .UNSPECIFIED.,.F.,.F.,(3,3),(0.,1.),.PIECEWISE_BEZIER_KNOTS.);
#9729 = CARTESIAN_POINT('',(7.053235811404,1.616732910176,40.));
#9730 = CARTESIAN_POINT('',(6.679721762413,1.616732910176,40.));
#9731 = CARTESIAN_POINT('',(6.468761748004,1.406223183951,40.));
#9732 = VECTOR('',#9733,1.);
#9733 = DIRECTION('',(0.,0.,1.));
#9734 = ADVANCED_FACE('',(#9735),#9753,.T.);
#9735 = FACE_BOUND('',#9736,.T.);
#9736 = EDGE_LOOP('',(#9737,#9745,#9746,#9747));
#9737 = ORIENTED_EDGE('',*,*,#9738,.T.);
#9738 = EDGE_CURVE('',#9739,#8982,#9741,.T.);
#9739 = VERTEX_POINT('',#9740);
#9740 = CARTESIAN_POINT('',(7.385098203335,1.552791987985,40.));
#9741 = LINE('',#9742,#9743);
#9742 = CARTESIAN_POINT('',(7.385098203335,1.552791987985,40.));
#9743 = VECTOR('',#9744,1.);
#9744 = DIRECTION('',(-0.,-0.,-1.));
#9745 = ORIENTED_EDGE('',*,*,#8981,.T.);
#9746 = ORIENTED_EDGE('',*,*,#9705,.F.);
#9747 = ORIENTED_EDGE('',*,*,#9748,.F.);
#9748 = EDGE_CURVE('',#9739,#9706,#9749,.T.);
#9749 = B_SPLINE_CURVE_WITH_KNOTS('',2,(#9750,#9751,#9752),
  .UNSPECIFIED.,.F.,.F.,(3,3),(0.,1.),.PIECEWISE_BEZIER_KNOTS.);
#9750 = CARTESIAN_POINT('',(7.385098203335,1.552791987985,40.));
#9751 = CARTESIAN_POINT('',(7.24348256933,1.616732910176,40.));
#9752 = CARTESIAN_POINT('',(7.053235811404,1.616732910176,40.));
#9753 = SURFACE_OF_LINEAR_EXTRUSION('',#9754,#9758);
#9754 = B_SPLINE_CURVE_WITH_KNOTS('',2,(#9755,#9756,#9757),
  .UNSPECIFIED.,.F.,.F.,(3,3),(0.,1.),.PIECEWISE_BEZIER_KNOTS.);
#9755 = CARTESIAN_POINT('',(7.385098203335,1.552791987985,40.));
#9756 = CARTESIAN_POINT('',(7.24348256933,1.616732910176,40.));
#9757 = CARTESIAN_POINT('',(7.053235811404,1.616732910176,40.));
#9758 = VECTOR('',#9759,1.);
#9759 = DIRECTION('',(0.,0.,1.));
#9760 = ADVANCED_FACE('',(#9761),#9779,.T.);
#9761 = FACE_BOUND('',#9762,.T.);
#9762 = EDGE_LOOP('',(#9763,#9771,#9772,#9773));
#9763 = ORIENTED_EDGE('',*,*,#9764,.T.);
#9764 = EDGE_CURVE('',#9765,#8990,#9767,.T.);
#9765 = VERTEX_POINT('',#9766);
#9766 = CARTESIAN_POINT('',(7.620373779704,1.3787556047,40.));
#9767 = LINE('',#9768,#9769);
#9768 = CARTESIAN_POINT('',(7.620373779704,1.3787556047,40.));
#9769 = VECTOR('',#9770,1.);
#9770 = DIRECTION('',(-0.,-0.,-1.));
#9771 = ORIENTED_EDGE('',*,*,#8989,.T.);
#9772 = ORIENTED_EDGE('',*,*,#9738,.F.);
#9773 = ORIENTED_EDGE('',*,*,#9774,.F.);
#9774 = EDGE_CURVE('',#9765,#9739,#9775,.T.);
#9775 = B_SPLINE_CURVE_WITH_KNOTS('',2,(#9776,#9777,#9778),
  .UNSPECIFIED.,.F.,.F.,(3,3),(0.,1.),.PIECEWISE_BEZIER_KNOTS.);
#9776 = CARTESIAN_POINT('',(7.620373779704,1.3787556047,40.));
#9777 = CARTESIAN_POINT('',(7.526938981433,1.489076209887,40.));
#9778 = CARTESIAN_POINT('',(7.385098203335,1.552791987985,40.));
#9779 = SURFACE_OF_LINEAR_EXTRUSION('',#9780,#9784);
#9780 = B_SPLINE_CURVE_WITH_KNOTS('',2,(#9781,#9782,#9783),
  .UNSPECIFIED.,.F.,.F.,(3,3),(0.,1.),.PIECEWISE_BEZIER_KNOTS.);
#9781 = CARTESIAN_POINT('',(7.620373779704,1.3787556047,40.));
#9782 = CARTESIAN_POINT('',(7.526938981433,1.489076209887,40.));
#9783 = CARTESIAN_POINT('',(7.385098203335,1.552791987985,40.));
#9784 = VECTOR('',#9785,1.);
#9785 = DIRECTION('',(0.,0.,1.));
#9786 = ADVANCED_FACE('',(#9787),#9805,.T.);
#9787 = FACE_BOUND('',#9788,.T.);
#9788 = EDGE_LOOP('',(#9789,#9797,#9798,#9799));
#9789 = ORIENTED_EDGE('',*,*,#9790,.T.);
#9790 = EDGE_CURVE('',#9791,#8998,#9793,.T.);
#9791 = VERTEX_POINT('',#9792);
#9792 = CARTESIAN_POINT('',(7.758612252327,1.121866195478,40.));
#9793 = LINE('',#9794,#9795);
#9794 = CARTESIAN_POINT('',(7.758612252327,1.121866195478,40.));
#9795 = VECTOR('',#9796,1.);
#9796 = DIRECTION('',(-0.,-0.,-1.));
#9797 = ORIENTED_EDGE('',*,*,#8997,.T.);
#9798 = ORIENTED_EDGE('',*,*,#9764,.F.);
#9799 = ORIENTED_EDGE('',*,*,#9800,.F.);
#9800 = EDGE_CURVE('',#9791,#9765,#9801,.T.);
#9801 = B_SPLINE_CURVE_WITH_KNOTS('',2,(#9802,#9803,#9804),
  .UNSPECIFIED.,.F.,.F.,(3,3),(0.,1.),.PIECEWISE_BEZIER_KNOTS.);
#9802 = CARTESIAN_POINT('',(7.758612252327,1.121866195478,40.));
#9803 = CARTESIAN_POINT('',(7.713808577975,1.268434999513,40.));
#9804 = CARTESIAN_POINT('',(7.620373779704,1.3787556047,40.));
#9805 = SURFACE_OF_LINEAR_EXTRUSION('',#9806,#9810);
#9806 = B_SPLINE_CURVE_WITH_KNOTS('',2,(#9807,#9808,#9809),
  .UNSPECIFIED.,.F.,.F.,(3,3),(0.,1.),.PIECEWISE_BEZIER_KNOTS.);
#9807 = CARTESIAN_POINT('',(7.758612252327,1.121866195478,40.));
#9808 = CARTESIAN_POINT('',(7.713808577975,1.268434999513,40.));
#9809 = CARTESIAN_POINT('',(7.620373779704,1.3787556047,40.));
#9810 = VECTOR('',#9811,1.);
#9811 = DIRECTION('',(0.,0.,1.));
#9812 = ADVANCED_FACE('',(#9813),#9831,.T.);
#9813 = FACE_BOUND('',#9814,.T.);
#9814 = EDGE_LOOP('',(#9815,#9823,#9824,#9825));
#9815 = ORIENTED_EDGE('',*,*,#9816,.T.);
#9816 = EDGE_CURVE('',#9817,#9006,#9819,.T.);
#9817 = VERTEX_POINT('',#9818);
#9818 = CARTESIAN_POINT('',(7.80364107077,0.809816483663,40.));
#9819 = LINE('',#9820,#9821);
#9820 = CARTESIAN_POINT('',(7.80364107077,0.809816483663,40.));
#9821 = VECTOR('',#9822,1.);
#9822 = DIRECTION('',(-0.,-0.,-1.));
#9823 = ORIENTED_EDGE('',*,*,#9005,.T.);
#9824 = ORIENTED_EDGE('',*,*,#9790,.F.);
#9825 = ORIENTED_EDGE('',*,*,#9826,.F.);
#9826 = EDGE_CURVE('',#9817,#9791,#9827,.T.);
#9827 = B_SPLINE_CURVE_WITH_KNOTS('',2,(#9828,#9829,#9830),
  .UNSPECIFIED.,.F.,.F.,(3,3),(0.,1.),.PIECEWISE_BEZIER_KNOTS.);
#9828 = CARTESIAN_POINT('',(7.80364107077,0.809816483663,40.));
#9829 = CARTESIAN_POINT('',(7.80364107077,0.975297391444,40.));
#9830 = CARTESIAN_POINT('',(7.758612252327,1.121866195478,40.));
#9831 = SURFACE_OF_LINEAR_EXTRUSION('',#9832,#9836);
#9832 = B_SPLINE_CURVE_WITH_KNOTS('',2,(#9833,#9834,#9835),
  .UNSPECIFIED.,.F.,.F.,(3,3),(0.,1.),.PIECEWISE_BEZIER_KNOTS.);
#9833 = CARTESIAN_POINT('',(7.80364107077,0.809816483663,40.));
#9834 = CARTESIAN_POINT('',(7.80364107077,0.975297391444,40.));
#9835 = CARTESIAN_POINT('',(7.758612252327,1.121866195478,40.));
#9836 = VECTOR('',#9837,1.);
#9837 = DIRECTION('',(0.,0.,1.));
#9838 = ADVANCED_FACE('',(#9839),#9857,.T.);
#9839 = FACE_BOUND('',#9840,.T.);
#9840 = EDGE_LOOP('',(#9841,#9849,#9850,#9851));
#9841 = ORIENTED_EDGE('',*,*,#9842,.T.);
#9842 = EDGE_CURVE('',#9843,#9014,#9845,.T.);
#9843 = VERTEX_POINT('',#9844);
#9844 = CARTESIAN_POINT('',(6.199039125525,0.809816483663,40.));
#9845 = LINE('',#9846,#9847);
#9846 = CARTESIAN_POINT('',(6.199039125525,0.809816483663,40.));
#9847 = VECTOR('',#9848,1.);
#9848 = DIRECTION('',(-0.,-0.,-1.));
#9849 = ORIENTED_EDGE('',*,*,#9013,.T.);
#9850 = ORIENTED_EDGE('',*,*,#9816,.F.);
#9851 = ORIENTED_EDGE('',*,*,#9852,.F.);
#9852 = EDGE_CURVE('',#9843,#9817,#9853,.T.);
#9853 = LINE('',#9854,#9855);
#9854 = CARTESIAN_POINT('',(6.199039125525,0.809816483663,40.));
#9855 = VECTOR('',#9856,1.);
#9856 = DIRECTION('',(1.,0.,0.));
#9857 = PLANE('',#9858);
#9858 = AXIS2_PLACEMENT_3D('',#9859,#9860,#9861);
#9859 = CARTESIAN_POINT('',(6.199039125525,0.809816483663,40.));
#9860 = DIRECTION('',(0.,-1.,0.));
#9861 = DIRECTION('',(1.,0.,0.));
#9862 = ADVANCED_FACE('',(#9863),#9874,.T.);
#9863 = FACE_BOUND('',#9864,.T.);
#9864 = EDGE_LOOP('',(#9865,#9866,#9867,#9868));
#9865 = ORIENTED_EDGE('',*,*,#9714,.T.);
#9866 = ORIENTED_EDGE('',*,*,#9021,.T.);
#9867 = ORIENTED_EDGE('',*,*,#9842,.F.);
#9868 = ORIENTED_EDGE('',*,*,#9869,.F.);
#9869 = EDGE_CURVE('',#9715,#9843,#9870,.T.);
#9870 = B_SPLINE_CURVE_WITH_KNOTS('',2,(#9871,#9872,#9873),
  .UNSPECIFIED.,.F.,.F.,(3,3),(0.,1.),.PIECEWISE_BEZIER_KNOTS.);
#9871 = CARTESIAN_POINT('',(6.468761748004,1.406223183951,40.));
#9872 = CARTESIAN_POINT('',(6.257801733595,1.195938601818,40.));
#9873 = CARTESIAN_POINT('',(6.199039125525,0.809816483663,40.));
#9874 = SURFACE_OF_LINEAR_EXTRUSION('',#9875,#9879);
#9875 = B_SPLINE_CURVE_WITH_KNOTS('',2,(#9876,#9877,#9878),
  .UNSPECIFIED.,.F.,.F.,(3,3),(0.,1.),.PIECEWISE_BEZIER_KNOTS.);
#9876 = CARTESIAN_POINT('',(6.468761748004,1.406223183951,40.));
#9877 = CARTESIAN_POINT('',(6.257801733595,1.195938601818,40.));
#9878 = CARTESIAN_POINT('',(6.199039125525,0.809816483663,40.));
#9879 = VECTOR('',#9880,1.);
#9880 = DIRECTION('',(0.,0.,1.));
#9881 = ADVANCED_FACE('',(#9882),#9900,.T.);
#9882 = FACE_BOUND('',#9883,.T.);
#9883 = EDGE_LOOP('',(#9884,#9885,#9886,#9887,#9888,#9889,#9890,#9891,
    #9892,#9893,#9894,#9895,#9896,#9897,#9898,#9899));
#9884 = ORIENTED_EDGE('',*,*,#9104,.T.);
#9885 = ORIENTED_EDGE('',*,*,#9078,.T.);
#9886 = ORIENTED_EDGE('',*,*,#9461,.T.);
#9887 = ORIENTED_EDGE('',*,*,#9442,.T.);
#9888 = ORIENTED_EDGE('',*,*,#9416,.T.);
#9889 = ORIENTED_EDGE('',*,*,#9390,.T.);
#9890 = ORIENTED_EDGE('',*,*,#9364,.T.);
#9891 = ORIENTED_EDGE('',*,*,#9338,.T.);
#9892 = ORIENTED_EDGE('',*,*,#9312,.T.);
#9893 = ORIENTED_EDGE('',*,*,#9286,.T.);
#9894 = ORIENTED_EDGE('',*,*,#9260,.T.);
#9895 = ORIENTED_EDGE('',*,*,#9234,.T.);
#9896 = ORIENTED_EDGE('',*,*,#9208,.T.);
#9897 = ORIENTED_EDGE('',*,*,#9182,.T.);
#9898 = ORIENTED_EDGE('',*,*,#9156,.T.);
#9899 = ORIENTED_EDGE('',*,*,#9130,.T.);
#9900 = PLANE('',#9901);
#9901 = AXIS2_PLACEMENT_3D('',#9902,#9903,#9904);
#9902 = CARTESIAN_POINT('',(-1.09E-15,1.37E-15,40.));
#9903 = DIRECTION('',(0.,0.,1.));
#9904 = DIRECTION('',(1.,0.,0.));
#9905 = ADVANCED_FACE('',(#9906),#9917,.T.);
#9906 = FACE_BOUND('',#9907,.T.);
#9907 = EDGE_LOOP('',(#9908,#9909,#9910,#9911,#9912,#9913,#9914,#9915,
    #9916));
#9908 = ORIENTED_EDGE('',*,*,#9518,.T.);
#9909 = ORIENTED_EDGE('',*,*,#9494,.T.);
#9910 = ORIENTED_EDGE('',*,*,#9689,.T.);
#9911 = ORIENTED_EDGE('',*,*,#9670,.T.);
#9912 = ORIENTED_EDGE('',*,*,#9644,.T.);
#9913 = ORIENTED_EDGE('',*,*,#9618,.T.);
#9914 = ORIENTED_EDGE('',*,*,#9592,.T.);
#9915 = ORIENTED_EDGE('',*,*,#9566,.T.);
#9916 = ORIENTED_EDGE('',*,*,#9542,.T.);
#9917 = PLANE('',#9918);
#9918 = AXIS2_PLACEMENT_3D('',#9919,#9920,#9921);
#9919 = CARTESIAN_POINT('',(-1.09E-15,1.37E-15,40.));
#9920 = DIRECTION('',(0.,0.,1.));
#9921 = DIRECTION('',(1.,0.,0.));
#9922 = ADVANCED_FACE('',(#9923),#9932,.T.);
#9923 = FACE_BOUND('',#9924,.T.);
#9924 = EDGE_LOOP('',(#9925,#9926,#9927,#9928,#9929,#9930,#9931));
#9925 = ORIENTED_EDGE('',*,*,#9748,.T.);
#9926 = ORIENTED_EDGE('',*,*,#9722,.T.);
#9927 = ORIENTED_EDGE('',*,*,#9869,.T.);
#9928 = ORIENTED_EDGE('',*,*,#9852,.T.);
#9929 = ORIENTED_EDGE('',*,*,#9826,.T.);
#9930 = ORIENTED_EDGE('',*,*,#9800,.T.);
#9931 = ORIENTED_EDGE('',*,*,#9774,.T.);
#9932 = PLANE('',#9933);
#9933 = AXIS2_PLACEMENT_3D('',#9934,#9935,#9936);
#9934 = CARTESIAN_POINT('',(-1.09E-15,1.37E-15,40.));
#9935 = DIRECTION('',(0.,0.,1.));
#9936 = DIRECTION('',(1.,0.,0.));
#9937 = ( GEOMETRIC_REPRESENTATION_CONTEXT(3) 
GLOBAL_UNCERTAINTY_ASSIGNED_CONTEXT((#9941)) 
GLOBAL_UNIT_ASSIGNED_CONTEXT((#9938,#9939,#9940)) REPRESENTATION_CONTEXT
('Context #1','3D Context with UNIT and UNCERTAINTY') );
#9938 = ( LENGTH_UNIT() NAMED_UNIT(*) SI_UNIT(.MILLI.,.METRE.) );
#9939 = ( NAMED_UNIT(*) PLANE_ANGLE_UNIT() SI_UNIT($,.RADIAN.) );
#9940 = ( NAMED_UNIT(*) SI_UNIT($,.STERADIAN.) SOLID_ANGLE_UNIT() );
#9941 = UNCERTAINTY_MEASURE_WITH_UNIT(LENGTH_MEASURE(1.E-07),#9938,
  'distance_accuracy_value','confusion accuracy');
#9942 = PRODUCT_RELATED_PRODUCT_CATEGORY('part',$,(#7));
#9943 = MECHANICAL_DESIGN_GEOMETRIC_PRESENTATION_REPRESENTATION('',(
    #9944),#9937);
#9944 = STYLED_ITEM('color',(#9945),#15);
#9945 = PRESENTATION_STYLE_ASSIGNMENT((#9946,#9952));
#9946 = SURFACE_STYLE_USAGE(.BOTH.,#9947);
#9947 = SURFACE_SIDE_STYLE('',(#9948));
#9948 = SURFACE_STYLE_FILL_AREA(#9949);
#9949 = FILL_AREA_STYLE('',(#9950));
#9950 = FILL_AREA_STYLE_COLOUR('',#9951);
#9951 = COLOUR_RGB('',0.678431390124,0.709803936702,0.741176476869);
#9952 = CURVE_STYLE('',#9953,POSITIVE_LENGTH_MEASURE(0.1),#9954);
#9953 = DRAUGHTING_PRE_DEFINED_CURVE_FONT('continuous');
#9954 = COLOUR_RGB('',9.803921802644E-02,9.803921802644E-02,
  9.803921802644E-02);
ENDSEC;
END-ISO-10303-21;
