ISO-10303-21;
HEADER;
FILE_DESCRIPTION(('FreeCAD Model'),'2;1');
FILE_NAME('Open CASCADE Shape Model','2026-08-28T12:26:43',(''),(''),
  'Open CASCADE STEP processor 7.8','FreeCAD','Unknown');
FILE_SCHEMA(('AUTOMOTIVE_DESIGN { 1 0 10303 214 1 1 1 1 }'));
ENDSEC;
DATA;
#1 = APPLICATION_PROTOCOL_DEFINITION('international standard',
  'automotive_design',2000,#2);
#2 = APPLICATION_CONTEXT(
  'core data for automotive mechanical design processes');
#3 = SHAPE_DEFINITION_REPRESENTATION(#4,#10);
#4 = PRODUCT_DEFINITION_SHAPE('','',#5);
#5 = PRODUCT_DEFINITION('design','',#6,#9);
#6 = PRODUCT_DEFINITION_FORMATION('','',#7);
#7 = PRODUCT('Corner','Corner','',(#8));
#8 = PRODUCT_CONTEXT('',#2,'mechanical');
#9 = PRODUCT_DEFINITION_CONTEXT('part definition',#2,'design');
#10 = ADVANCED_BREP_SHAPE_REPRESENTATION('',(#11,#15),#11183);
#11 = AXIS2_PLACEMENT_3D('',#12,#13,#14);
#12 = CARTESIAN_POINT('',(0.,0.,0.));
#13 = DIRECTION('',(0.,0.,1.));
#14 = DIRECTION('',(1.,0.,-0.));
#15 = MANIFOLD_SOLID_BREP('',#16);
#16 = CLOSED_SHELL('',(#17,#50,#76,#119,#2472,#2520,#2544,#2585,#2602,
    #2635,#2661,#2687,#2713,#2739,#2765,#2791,#2817,#2843,#2869,#2895,
    #2921,#2947,#2973,#2999,#3018,#3049,#3073,#3097,#3121,#3147,#3173,
    #3197,#3221,#3245,#3269,#3293,#3319,#3345,#3369,#3386,#3417,#3441,
    #3467,#3493,#3517,#3543,#3567,#3591,#3617,#3643,#3667,#3693,#3719,
    #3736,#3767,#3791,#3815,#3839,#3865,#3891,#3917,#3943,#3969,#3995,
    #4021,#4047,#4073,#4099,#4125,#4151,#4175,#4201,#4227,#4253,#4279,
    #4305,#4331,#4357,#4383,#4409,#4435,#4461,#4487,#4513,#4537,#4561,
    #4587,#4606,#4637,#4661,#4687,#4713,#4739,#4765,#4789,#4813,#4837,
    #4863,#4889,#4915,#4941,#4967,#4993,#5017,#5041,#5065,#5091,#5117,
    #5143,#5169,#5195,#5221,#5247,#5273,#5299,#5325,#5351,#5377,#5403,
    #5429,#5453,#5479,#5503,#5520,#5551,#5575,#5601,#5627,#5653,#5679,
    #5703,#5727,#5751,#5777,#5803,#5829,#5855,#5881,#5907,#5931,#5955,
    #5979,#6005,#6031,#6057,#6083,#6109,#6135,#6161,#6187,#6213,#6239,
    #6265,#6291,#6317,#6343,#6367,#6393,#6417,#6434,#6465,#6489,#6513,
    #6530,#6561,#6587,#6613,#6639,#6665,#6691,#6717,#6743,#6769,#6795,
    #6821,#6847,#6873,#6899,#6925,#6951,#6977,#7003,#7029,#7055,#7081,
    #7107,#7133,#7159,#7185,#7211,#7237,#7263,#7289,#7315,#7341,#7367,
    #7393,#7419,#7445,#7471,#7497,#7523,#7549,#7575,#7601,#7627,#7653,
    #7679,#7705,#7731,#7757,#7783,#7809,#7826,#7857,#7883,#7907,#7933,
    #7957,#7981,#8005,#8031,#8055,#8081,#8107,#8131,#8157,#8181,#8207,
    #8233,#8259,#8285,#8311,#8337,#8356,#8389,#8415,#8441,#8467,#8493,
    #8519,#8545,#8571,#8597,#8623,#8649,#8675,#8701,#8727,#8753,#8772,
    #8805,#8831,#8857,#8883,#8909,#8935,#8961,#8987,#9013,#9039,#9065,
    #9091,#9117,#9143,#9169,#9195,#9221,#9247,#9271,#9297,#9323,#9349,
    #9375,#9399,#9425,#9451,#9477,#9503,#9529,#9548,#9579,#9603,#9627,
    #9653,#9677,#9703,#9727,#9753,#9779,#9805,#9831,#9855,#9881,#9905,
    #9931,#9955,#9981,#10000,#10017,#10034,#10046,#10070,#10135,#10157,
    #10199,#10243,#10287,#10299,#10357,#10460,#10484,#10580,#10606,
    #10639,#10663,#10687,#10711,#10730,#10761,#10785,#10809,#10835,
    #10861,#10887,#10913,#10939,#10958,#10991,#11017,#11043,#11069,
    #11095,#11119,#11138,#11151,#11168));
#17 = ADVANCED_FACE('',(#18),#45,.T.);
#18 = FACE_BOUND('',#19,.F.);
#19 = EDGE_LOOP('',(#20,#30,#37,#38));
#20 = ORIENTED_EDGE('',*,*,#21,.T.);
#21 = EDGE_CURVE('',#22,#24,#26,.T.);
#22 = VERTEX_POINT('',#23);
#23 = CARTESIAN_POINT('',(20.,0.,0.));
#24 = VERTEX_POINT('',#25);
#25 = CARTESIAN_POINT('',(20.,0.,36.));
#26 = LINE('',#27,#28);
#27 = CARTESIAN_POINT('',(20.,0.,0.));
#28 = VECTOR('',#29,1.);
#29 = DIRECTION('',(0.,0.,1.));
#30 = ORIENTED_EDGE('',*,*,#31,.T.);
#31 = EDGE_CURVE('',#24,#24,#32,.T.);
#32 = CIRCLE('',#33,20.);
#33 = AXIS2_PLACEMENT_3D('',#34,#35,#36);
#34 = CARTESIAN_POINT('',(0.,0.,36.));
#35 = DIRECTION('',(0.,0.,1.));
#36 = DIRECTION('',(1.,0.,0.));
#37 = ORIENTED_EDGE('',*,*,#21,.F.);
#38 = ORIENTED_EDGE('',*,*,#39,.F.);
#39 = EDGE_CURVE('',#22,#22,#40,.T.);
#40 = CIRCLE('',#41,20.);
#41 = AXIS2_PLACEMENT_3D('',#42,#43,#44);
#42 = CARTESIAN_POINT('',(0.,0.,0.));
#43 = DIRECTION('',(0.,0.,1.));
#44 = DIRECTION('',(1.,0.,0.));
#45 = CYLINDRICAL_SURFACE('',#46,20.);
#46 = AXIS2_PLACEMENT_3D('',#47,#48,#49);
#47 = CARTESIAN_POINT('',(0.,0.,0.));
#48 = DIRECTION('',(-0.,-0.,-1.));
#49 = DIRECTION('',(1.,0.,0.));
#50 = ADVANCED_FACE('',(#51),#71,.T.);
#51 = FACE_BOUND('',#52,.T.);
#52 = EDGE_LOOP('',(#53,#62,#63,#64));
#53 = ORIENTED_EDGE('',*,*,#54,.F.);
#54 = EDGE_CURVE('',#24,#55,#57,.T.);
#55 = VERTEX_POINT('',#56);
#56 = CARTESIAN_POINT('',(16.,0.,40.));
#57 = CIRCLE('',#58,4.);
#58 = AXIS2_PLACEMENT_3D('',#59,#60,#61);
#59 = CARTESIAN_POINT('',(16.,0.,36.));
#60 = DIRECTION('',(0.,-1.,0.));
#61 = DIRECTION('',(1.,0.,0.));
#62 = ORIENTED_EDGE('',*,*,#31,.T.);
#63 = ORIENTED_EDGE('',*,*,#54,.T.);
#64 = ORIENTED_EDGE('',*,*,#65,.F.);
#65 = EDGE_CURVE('',#55,#55,#66,.T.);
#66 = CIRCLE('',#67,16.);
#67 = AXIS2_PLACEMENT_3D('',#68,#69,#70);
#68 = CARTESIAN_POINT('',(0.,0.,40.));
#69 = DIRECTION('',(0.,0.,1.));
#70 = DIRECTION('',(1.,0.,0.));
#71 = TOROIDAL_SURFACE('',#72,16.,4.);
#72 = AXIS2_PLACEMENT_3D('',#73,#74,#75);
#73 = CARTESIAN_POINT('',(0.,0.,36.));
#74 = DIRECTION('',(0.,0.,1.));
#75 = DIRECTION('',(1.,0.,0.));
#76 = ADVANCED_FACE('',(#77,#80),#114,.F.);
#77 = FACE_BOUND('',#78,.F.);
#78 = EDGE_LOOP('',(#79));
#79 = ORIENTED_EDGE('',*,*,#39,.T.);
#80 = FACE_BOUND('',#81,.F.);
#81 = EDGE_LOOP('',(#82,#92,#100,#108));
#82 = ORIENTED_EDGE('',*,*,#83,.T.);
#83 = EDGE_CURVE('',#84,#86,#88,.T.);
#84 = VERTEX_POINT('',#85);
#85 = CARTESIAN_POINT('',(-10.,-10.,0.));
#86 = VERTEX_POINT('',#87);
#87 = CARTESIAN_POINT('',(-10.,10.,0.));
#88 = LINE('',#89,#90);
#89 = CARTESIAN_POINT('',(-10.,-10.,0.));
#90 = VECTOR('',#91,1.);
#91 = DIRECTION('',(0.,1.,0.));
#92 = ORIENTED_EDGE('',*,*,#93,.T.);
#93 = EDGE_CURVE('',#86,#94,#96,.T.);
#94 = VERTEX_POINT('',#95);
#95 = CARTESIAN_POINT('',(10.,10.,0.));
#96 = LINE('',#97,#98);
#97 = CARTESIAN_POINT('',(-10.,10.,0.));
#98 = VECTOR('',#99,1.);
#99 = DIRECTION('',(1.,0.,0.));
#100 = ORIENTED_EDGE('',*,*,#101,.T.);
#101 = EDGE_CURVE('',#94,#102,#104,.T.);
#102 = VERTEX_POINT('',#103);
#103 = CARTESIAN_POINT('',(10.,-10.,0.));
#104 = LINE('',#105,#106);
#105 = CARTESIAN_POINT('',(10.,10.,0.));
#106 = VECTOR('',#107,1.);
#107 = DIRECTION('',(0.,-1.,0.));
#108 = ORIENTED_EDGE('',*,*,#109,.T.);
#109 = EDGE_CURVE('',#102,#84,#110,.T.);
#110 = LINE('',#111,#112);
#111 = CARTESIAN_POINT('',(10.,-10.,0.));
#112 = VECTOR('',#113,1.);
#113 = DIRECTION('',(-1.,0.,0.));
#114 = PLANE('',#115);
#115 = AXIS2_PLACEMENT_3D('',#116,#117,#118);
#116 = CARTESIAN_POINT('',(-1.093952106032E-15,1.371473012632E-15,0.));
#117 = DIRECTION('',(0.,0.,1.));
#118 = DIRECTION('',(1.,0.,0.));
#119 = ADVANCED_FACE('',(#120,#123,#253,#375,#489,#763,#1053,#1343,#1377
    ,#1779,#1949,#2079,#2321),#2467,.T.);
#120 = FACE_BOUND('',#121,.T.);
#121 = EDGE_LOOP('',(#122));
#122 = ORIENTED_EDGE('',*,*,#65,.T.);
#123 = FACE_BOUND('',#124,.T.);
#124 = EDGE_LOOP('',(#125,#135,#143,#151,#159,#167,#175,#183,#191,#199,
    #207,#215,#223,#231,#239,#247));
#125 = ORIENTED_EDGE('',*,*,#126,.T.);
#126 = EDGE_CURVE('',#127,#129,#131,.T.);
#127 = VERTEX_POINT('',#128);
#128 = CARTESIAN_POINT('',(-4.607464053049,-7.349371035804,40.));
#129 = VERTEX_POINT('',#130);
#130 = CARTESIAN_POINT('',(-4.631374355643,-7.226307274997,40.));
#131 = B_SPLINE_CURVE_WITH_KNOTS('',2,(#132,#133,#134),.UNSPECIFIED.,.F.
  ,.F.,(3,3),(0.,1.),.PIECEWISE_BEZIER_KNOTS.);
#132 = CARTESIAN_POINT('',(-4.607464053049,-7.349371035804,40.));
#133 = CARTESIAN_POINT('',(-4.631374355643,-7.292499638109,40.));
#134 = CARTESIAN_POINT('',(-4.631374355643,-7.226307274997,40.));
#135 = ORIENTED_EDGE('',*,*,#136,.T.);
#136 = EDGE_CURVE('',#129,#137,#139,.T.);
#137 = VERTEX_POINT('',#138);
#138 = CARTESIAN_POINT('',(-4.607464053049,-7.104324205833,40.));
#139 = B_SPLINE_CURVE_WITH_KNOTS('',2,(#140,#141,#142),.UNSPECIFIED.,.F.
  ,.F.,(3,3),(0.,1.),.PIECEWISE_BEZIER_KNOTS.);
#140 = CARTESIAN_POINT('',(-4.631374355643,-7.226307274997,40.));
#141 = CARTESIAN_POINT('',(-4.631374355643,-7.162141208715,40.));
#142 = CARTESIAN_POINT('',(-4.607464053049,-7.104324205833,40.));
#143 = ORIENTED_EDGE('',*,*,#144,.T.);
#144 = EDGE_CURVE('',#137,#145,#147,.T.);
#145 = VERTEX_POINT('',#146);
#146 = CARTESIAN_POINT('',(-4.541136603482,-7.005035661164,40.));
#147 = B_SPLINE_CURVE_WITH_KNOTS('',2,(#148,#149,#150),.UNSPECIFIED.,.F.
  ,.F.,(3,3),(0.,1.),.PIECEWISE_BEZIER_KNOTS.);
#148 = CARTESIAN_POINT('',(-4.607464053049,-7.104324205833,40.));
#149 = CARTESIAN_POINT('',(-4.583553750456,-7.046372116496,40.));
#150 = CARTESIAN_POINT('',(-4.541136603482,-7.005035661164,40.));
#151 = ORIENTED_EDGE('',*,*,#152,.T.);
#152 = EDGE_CURVE('',#145,#153,#155,.T.);
#153 = VERTEX_POINT('',#154);
#154 = CARTESIAN_POINT('',(-4.44049719426,-6.938843298052,40.));
#155 = B_SPLINE_CURVE_WITH_KNOTS('',2,(#156,#157,#158),.UNSPECIFIED.,.F.
  ,.F.,(3,3),(0.,1.),.PIECEWISE_BEZIER_KNOTS.);
#156 = CARTESIAN_POINT('',(-4.541136603482,-7.005035661164,40.));
#157 = CARTESIAN_POINT('',(-4.498584370052,-6.963564119377,40.));
#158 = CARTESIAN_POINT('',(-4.44049719426,-6.938843298052,40.));
#159 = ORIENTED_EDGE('',*,*,#160,.T.);
#160 = EDGE_CURVE('',#153,#161,#163,.T.);
#161 = VERTEX_POINT('',#162);
#162 = CARTESIAN_POINT('',(-4.315947482444,-6.913987390271,40.));
#163 = B_SPLINE_CURVE_WITH_KNOTS('',2,(#164,#165,#166),.UNSPECIFIED.,.F.
  ,.F.,(3,3),(0.,1.),.PIECEWISE_BEZIER_KNOTS.);
#164 = CARTESIAN_POINT('',(-4.44049719426,-6.938843298052,40.));
#165 = CARTESIAN_POINT('',(-4.382410018467,-6.913987390271,40.));
#166 = CARTESIAN_POINT('',(-4.315947482444,-6.913987390271,40.));
#167 = ORIENTED_EDGE('',*,*,#168,.T.);
#168 = EDGE_CURVE('',#161,#169,#171,.T.);
#169 = VERTEX_POINT('',#170);
#170 = CARTESIAN_POINT('',(-4.193559153914,-6.938843298052,40.));
#171 = B_SPLINE_CURVE_WITH_KNOTS('',2,(#172,#173,#174),.UNSPECIFIED.,.F.
  ,.F.,(3,3),(0.,1.),.PIECEWISE_BEZIER_KNOTS.);
#172 = CARTESIAN_POINT('',(-4.315947482444,-6.913987390271,40.));
#173 = CARTESIAN_POINT('',(-4.251646329706,-6.913987390271,40.));
#174 = CARTESIAN_POINT('',(-4.193559153914,-6.938843298052,40.));
#175 = ORIENTED_EDGE('',*,*,#176,.T.);
#176 = EDGE_CURVE('',#169,#177,#179,.T.);
#177 = VERTEX_POINT('',#178);
#178 = CARTESIAN_POINT('',(-4.094000436335,-7.005035661164,40.));
#179 = B_SPLINE_CURVE_WITH_KNOTS('',2,(#180,#181,#182),.UNSPECIFIED.,.F.
  ,.F.,(3,3),(0.,1.),.PIECEWISE_BEZIER_KNOTS.);
#180 = CARTESIAN_POINT('',(-4.193559153914,-6.938843298052,40.));
#181 = CARTESIAN_POINT('',(-4.135471978121,-6.963564119377,40.));
#182 = CARTESIAN_POINT('',(-4.094000436335,-7.005035661164,40.));
#183 = ORIENTED_EDGE('',*,*,#184,.T.);
#184 = EDGE_CURVE('',#177,#185,#187,.T.);
#185 = VERTEX_POINT('',#186);
#186 = CARTESIAN_POINT('',(-4.027537900312,-7.104324205833,40.));
#187 = B_SPLINE_CURVE_WITH_KNOTS('',2,(#188,#189,#190),.UNSPECIFIED.,.F.
  ,.F.,(3,3),(0.,1.),.PIECEWISE_BEZIER_KNOTS.);
#188 = CARTESIAN_POINT('',(-4.094000436335,-7.005035661164,40.));
#189 = CARTESIAN_POINT('',(-4.052393808093,-7.046372116496,40.));
#190 = CARTESIAN_POINT('',(-4.027537900312,-7.104324205833,40.));
#191 = ORIENTED_EDGE('',*,*,#192,.T.);
#192 = EDGE_CURVE('',#185,#193,#195,.T.);
#193 = VERTEX_POINT('',#194);
#194 = CARTESIAN_POINT('',(-4.002681992531,-7.226307274997,40.));
#195 = B_SPLINE_CURVE_WITH_KNOTS('',2,(#196,#197,#198),.UNSPECIFIED.,.F.
  ,.F.,(3,3),(0.,1.),.PIECEWISE_BEZIER_KNOTS.);
#196 = CARTESIAN_POINT('',(-4.027537900312,-7.104324205833,40.));
#197 = CARTESIAN_POINT('',(-4.002681992531,-7.162141208715,40.));
#198 = CARTESIAN_POINT('',(-4.002681992531,-7.226307274997,40.));
#199 = ORIENTED_EDGE('',*,*,#200,.T.);
#200 = EDGE_CURVE('',#193,#201,#203,.T.);
#201 = VERTEX_POINT('',#202);
#202 = CARTESIAN_POINT('',(-4.027537900312,-7.349371035804,40.));
#203 = B_SPLINE_CURVE_WITH_KNOTS('',2,(#204,#205,#206),.UNSPECIFIED.,.F.
  ,.F.,(3,3),(0.,1.),.PIECEWISE_BEZIER_KNOTS.);
#204 = CARTESIAN_POINT('',(-4.002681992531,-7.226307274997,40.));
#205 = CARTESIAN_POINT('',(-4.002681992531,-7.292499638109,40.));
#206 = CARTESIAN_POINT('',(-4.027537900312,-7.349371035804,40.));
#207 = ORIENTED_EDGE('',*,*,#208,.T.);
#208 = EDGE_CURVE('',#201,#209,#211,.T.);
#209 = VERTEX_POINT('',#210);
#210 = CARTESIAN_POINT('',(-4.094000436335,-7.44757888883,40.));
#211 = B_SPLINE_CURVE_WITH_KNOTS('',2,(#212,#213,#214),.UNSPECIFIED.,.F.
  ,.F.,(3,3),(0.,1.),.PIECEWISE_BEZIER_KNOTS.);
#212 = CARTESIAN_POINT('',(-4.027537900312,-7.349371035804,40.));
#213 = CARTESIAN_POINT('',(-4.052393808093,-7.406242433499,40.));
#214 = CARTESIAN_POINT('',(-4.094000436335,-7.44757888883,40.));
#215 = ORIENTED_EDGE('',*,*,#216,.T.);
#216 = EDGE_CURVE('',#209,#217,#219,.T.);
#217 = VERTEX_POINT('',#218);
#218 = CARTESIAN_POINT('',(-4.193559153914,-7.5126905603,40.));
#219 = B_SPLINE_CURVE_WITH_KNOTS('',2,(#220,#221,#222),.UNSPECIFIED.,.F.
  ,.F.,(3,3),(0.,1.),.PIECEWISE_BEZIER_KNOTS.);
#220 = CARTESIAN_POINT('',(-4.094000436335,-7.44757888883,40.));
#221 = CARTESIAN_POINT('',(-4.135471978121,-7.488915344161,40.));
#222 = CARTESIAN_POINT('',(-4.193559153914,-7.5126905603,40.));
#223 = ORIENTED_EDGE('',*,*,#224,.T.);
#224 = EDGE_CURVE('',#217,#225,#227,.T.);
#225 = VERTEX_POINT('',#226);
#226 = CARTESIAN_POINT('',(-4.315947482444,-7.536465776438,40.));
#227 = B_SPLINE_CURVE_WITH_KNOTS('',2,(#228,#229,#230),.UNSPECIFIED.,.F.
  ,.F.,(3,3),(0.,1.),.PIECEWISE_BEZIER_KNOTS.);
#228 = CARTESIAN_POINT('',(-4.193559153914,-7.5126905603,40.));
#229 = CARTESIAN_POINT('',(-4.251646329706,-7.536465776438,40.));
#230 = CARTESIAN_POINT('',(-4.315947482444,-7.536465776438,40.));
#231 = ORIENTED_EDGE('',*,*,#232,.T.);
#232 = EDGE_CURVE('',#225,#233,#235,.T.);
#233 = VERTEX_POINT('',#234);
#234 = CARTESIAN_POINT('',(-4.44049719426,-7.5126905603,40.));
#235 = B_SPLINE_CURVE_WITH_KNOTS('',2,(#236,#237,#238),.UNSPECIFIED.,.F.
  ,.F.,(3,3),(0.,1.),.PIECEWISE_BEZIER_KNOTS.);
#236 = CARTESIAN_POINT('',(-4.315947482444,-7.536465776438,40.));
#237 = CARTESIAN_POINT('',(-4.382410018467,-7.536465776438,40.));
#238 = CARTESIAN_POINT('',(-4.44049719426,-7.5126905603,40.));
#239 = ORIENTED_EDGE('',*,*,#240,.T.);
#240 = EDGE_CURVE('',#233,#241,#243,.T.);
#241 = VERTEX_POINT('',#242);
#242 = CARTESIAN_POINT('',(-4.541136603482,-7.44757888883,40.));
#243 = B_SPLINE_CURVE_WITH_KNOTS('',2,(#244,#245,#246),.UNSPECIFIED.,.F.
  ,.F.,(3,3),(0.,1.),.PIECEWISE_BEZIER_KNOTS.);
#244 = CARTESIAN_POINT('',(-4.44049719426,-7.5126905603,40.));
#245 = CARTESIAN_POINT('',(-4.498584370052,-7.488915344161,40.));
#246 = CARTESIAN_POINT('',(-4.541136603482,-7.44757888883,40.));
#247 = ORIENTED_EDGE('',*,*,#248,.T.);
#248 = EDGE_CURVE('',#241,#127,#249,.T.);
#249 = B_SPLINE_CURVE_WITH_KNOTS('',2,(#250,#251,#252),.UNSPECIFIED.,.F.
  ,.F.,(3,3),(0.,1.),.PIECEWISE_BEZIER_KNOTS.);
#250 = CARTESIAN_POINT('',(-4.541136603482,-7.44757888883,40.));
#251 = CARTESIAN_POINT('',(-4.583553750456,-7.406242433499,40.));
#252 = CARTESIAN_POINT('',(-4.607464053049,-7.349371035804,40.));
#253 = FACE_BOUND('',#254,.T.);
#254 = EDGE_LOOP('',(#255,#265,#273,#281,#289,#297,#305,#313,#321,#329,
    #337,#345,#353,#361,#369));
#255 = ORIENTED_EDGE('',*,*,#256,.T.);
#256 = EDGE_CURVE('',#257,#259,#261,.T.);
#257 = VERTEX_POINT('',#258);
#258 = CARTESIAN_POINT('',(-5.231698563136,-4.506206410444,40.));
#259 = VERTEX_POINT('',#260);
#260 = CARTESIAN_POINT('',(-5.231698563136,-6.377964335516,40.));
#261 = LINE('',#262,#263);
#262 = CARTESIAN_POINT('',(-5.231698563136,-4.506206410444,40.));
#263 = VECTOR('',#264,1.);
#264 = DIRECTION('',(0.,-1.,0.));
#265 = ORIENTED_EDGE('',*,*,#266,.T.);
#266 = EDGE_CURVE('',#259,#267,#269,.T.);
#267 = VERTEX_POINT('',#268);
#268 = CARTESIAN_POINT('',(-4.853996834029,-6.377964335516,40.));
#269 = LINE('',#270,#271);
#270 = CARTESIAN_POINT('',(-5.231698563136,-6.377964335516,40.));
#271 = VECTOR('',#272,1.);
#272 = DIRECTION('',(1.,0.,0.));
#273 = ORIENTED_EDGE('',*,*,#274,.T.);
#274 = EDGE_CURVE('',#267,#275,#277,.T.);
#275 = VERTEX_POINT('',#276);
#276 = CARTESIAN_POINT('',(-4.853996834029,-6.674208932058,40.));
#277 = LINE('',#278,#279);
#278 = CARTESIAN_POINT('',(-4.853996834029,-6.377964335516,40.));
#279 = VECTOR('',#280,1.);
#280 = DIRECTION('',(0.,-1.,0.));
#281 = ORIENTED_EDGE('',*,*,#282,.T.);
#282 = EDGE_CURVE('',#275,#283,#285,.T.);
#283 = VERTEX_POINT('',#284);
#284 = CARTESIAN_POINT('',(-4.881014125095,-6.745669666928,40.));
#285 = B_SPLINE_CURVE_WITH_KNOTS('',2,(#286,#287,#288),.UNSPECIFIED.,.F.
  ,.F.,(3,3),(0.,1.),.PIECEWISE_BEZIER_KNOTS.);
#286 = CARTESIAN_POINT('',(-4.853996834029,-6.674208932058,40.));
#287 = CARTESIAN_POINT('',(-4.853996834029,-6.715545387389,40.));
#288 = CARTESIAN_POINT('',(-4.881014125095,-6.745669666928,40.));
#289 = ORIENTED_EDGE('',*,*,#290,.T.);
#290 = EDGE_CURVE('',#283,#291,#293,.T.);
#291 = VERTEX_POINT('',#292);
#292 = CARTESIAN_POINT('',(-4.959904615009,-6.775658860012,40.));
#293 = B_SPLINE_CURVE_WITH_KNOTS('',2,(#294,#295,#296),.UNSPECIFIED.,.F.
  ,.F.,(3,3),(0.,1.),.PIECEWISE_BEZIER_KNOTS.);
#294 = CARTESIAN_POINT('',(-4.881014125095,-6.745669666928,40.));
#295 = CARTESIAN_POINT('',(-4.908031416162,-6.775658860012,40.));
#296 = CARTESIAN_POINT('',(-4.959904615009,-6.775658860012,40.));
#297 = ORIENTED_EDGE('',*,*,#298,.T.);
#298 = EDGE_CURVE('',#291,#299,#301,.T.);
#299 = VERTEX_POINT('',#300);
#300 = CARTESIAN_POINT('',(-5.231698563136,-6.775658860012,40.));
#301 = LINE('',#302,#303);
#302 = CARTESIAN_POINT('',(-4.959904615009,-6.775658860012,40.));
#303 = VECTOR('',#304,1.);
#304 = DIRECTION('',(-1.,0.,0.));
#305 = ORIENTED_EDGE('',*,*,#306,.T.);
#306 = EDGE_CURVE('',#299,#307,#309,.T.);
#307 = VERTEX_POINT('',#308);
#308 = CARTESIAN_POINT('',(-5.231698563136,-7.506206410444,40.));
#309 = LINE('',#310,#311);
#310 = CARTESIAN_POINT('',(-5.231698563136,-6.775658860012,40.));
#311 = VECTOR('',#312,1.);
#312 = DIRECTION('',(0.,-1.,0.));
#313 = ORIENTED_EDGE('',*,*,#314,.T.);
#314 = EDGE_CURVE('',#307,#315,#317,.T.);
#315 = VERTEX_POINT('',#316);
#316 = CARTESIAN_POINT('',(-5.679915421925,-7.506206410444,40.));
#317 = LINE('',#318,#319);
#318 = CARTESIAN_POINT('',(-5.231698563136,-7.506206410444,40.));
#319 = VECTOR('',#320,1.);
#320 = DIRECTION('',(-1.,0.,0.));
#321 = ORIENTED_EDGE('',*,*,#322,.T.);
#322 = EDGE_CURVE('',#315,#323,#325,.T.);
#323 = VERTEX_POINT('',#324);
#324 = CARTESIAN_POINT('',(-5.679915421925,-6.775658860012,40.));
#325 = LINE('',#326,#327);
#326 = CARTESIAN_POINT('',(-5.679915421925,-7.506206410444,40.));
#327 = VECTOR('',#328,1.);
#328 = DIRECTION('',(0.,1.,0.));
#329 = ORIENTED_EDGE('',*,*,#330,.T.);
#330 = EDGE_CURVE('',#323,#331,#333,.T.);
#331 = VERTEX_POINT('',#332);
#332 = CARTESIAN_POINT('',(-6.945540421925,-6.775658860012,40.));
#333 = LINE('',#334,#335);
#334 = CARTESIAN_POINT('',(-5.679915421925,-6.775658860012,40.));
#335 = VECTOR('',#336,1.);
#336 = DIRECTION('',(-1.,0.,0.));
#337 = ORIENTED_EDGE('',*,*,#338,.T.);
#338 = EDGE_CURVE('',#331,#339,#341,.T.);
#339 = VERTEX_POINT('',#340);
#340 = CARTESIAN_POINT('',(-7.036858865729,-6.743508283643,40.));
#341 = B_SPLINE_CURVE_WITH_KNOTS('',2,(#342,#343,#344),.UNSPECIFIED.,.F.
  ,.F.,(3,3),(0.,1.),.PIECEWISE_BEZIER_KNOTS.);
#342 = CARTESIAN_POINT('',(-6.945540421925,-6.775658860012,40.));
#343 = CARTESIAN_POINT('',(-6.997413620773,-6.775658860012,40.));
#344 = CARTESIAN_POINT('',(-7.036858865729,-6.743508283643,40.));
#345 = ORIENTED_EDGE('',*,*,#346,.T.);
#346 = EDGE_CURVE('',#339,#347,#349,.T.);
#347 = VERTEX_POINT('',#348);
#348 = CARTESIAN_POINT('',(-7.086705767747,-6.663672188542,40.));
#349 = B_SPLINE_CURVE_WITH_KNOTS('',2,(#350,#351,#352),.UNSPECIFIED.,.F.
  ,.F.,(3,3),(0.,1.),.PIECEWISE_BEZIER_KNOTS.);
#350 = CARTESIAN_POINT('',(-7.036858865729,-6.743508283643,40.));
#351 = CARTESIAN_POINT('',(-7.076304110686,-6.711357707274,40.));
#352 = CARTESIAN_POINT('',(-7.086705767747,-6.663672188542,40.));
#353 = ORIENTED_EDGE('',*,*,#354,.T.);
#354 = EDGE_CURVE('',#347,#355,#357,.T.);
#355 = VERTEX_POINT('',#356);
#356 = CARTESIAN_POINT('',(-7.138578966594,-6.404306194305,40.));
#357 = LINE('',#358,#359);
#358 = CARTESIAN_POINT('',(-7.086705767747,-6.663672188542,40.));
#359 = VECTOR('',#360,1.);
#360 = DIRECTION('',(-0.196116135138,0.980580675691,0.));
#361 = ORIENTED_EDGE('',*,*,#362,.T.);
#362 = EDGE_CURVE('',#355,#363,#365,.T.);
#363 = VERTEX_POINT('',#364);
#364 = CARTESIAN_POINT('',(-5.717199283597,-4.506206410444,40.));
#365 = LINE('',#366,#367);
#366 = CARTESIAN_POINT('',(-7.138578966594,-6.404306194305,40.));
#367 = VECTOR('',#368,1.);
#368 = DIRECTION('',(0.599407378069,0.800444123669,0.));
#369 = ORIENTED_EDGE('',*,*,#370,.T.);
#370 = EDGE_CURVE('',#363,#257,#371,.T.);
#371 = LINE('',#372,#373);
#372 = CARTESIAN_POINT('',(-5.717199283597,-4.506206410444,40.));
#373 = VECTOR('',#374,1.);
#374 = DIRECTION('',(1.,0.,0.));
#375 = FACE_BOUND('',#376,.T.);
#376 = EDGE_LOOP('',(#377,#387,#395,#403,#411,#419,#427,#435,#443,#451,
    #459,#467,#475,#483));
#377 = ORIENTED_EDGE('',*,*,#378,.T.);
#378 = EDGE_CURVE('',#379,#381,#383,.T.);
#379 = VERTEX_POINT('',#380);
#380 = CARTESIAN_POINT('',(-3.649836171205,-4.510529177014,40.));
#381 = VERTEX_POINT('',#382);
#382 = CARTESIAN_POINT('',(-1.574908217314,-4.510529177014,40.));
#383 = LINE('',#384,#385);
#384 = CARTESIAN_POINT('',(-3.649836171205,-4.510529177014,40.));
#385 = VECTOR('',#386,1.);
#386 = DIRECTION('',(1.,0.,0.));
#387 = ORIENTED_EDGE('',*,*,#388,.T.);
#388 = EDGE_CURVE('',#381,#389,#391,.T.);
#389 = VERTEX_POINT('',#390);
#390 = CARTESIAN_POINT('',(-1.574908217314,-4.732476223124,40.));
#391 = LINE('',#392,#393);
#392 = CARTESIAN_POINT('',(-1.574908217314,-4.510529177014,40.));
#393 = VECTOR('',#394,1.);
#394 = DIRECTION('',(0.,-1.,0.));
#395 = ORIENTED_EDGE('',*,*,#396,.T.);
#396 = EDGE_CURVE('',#389,#397,#399,.T.);
#397 = VERTEX_POINT('',#398);
#398 = CARTESIAN_POINT('',(-1.596792223078,-4.893364191424,40.));
#399 = B_SPLINE_CURVE_WITH_KNOTS('',2,(#400,#401,#402),.UNSPECIFIED.,.F.
  ,.F.,(3,3),(0.,1.),.PIECEWISE_BEZIER_KNOTS.);
#400 = CARTESIAN_POINT('',(-1.574908217314,-4.732476223124,40.));
#401 = CARTESIAN_POINT('',(-1.574908217314,-4.832170027158,40.));
#402 = CARTESIAN_POINT('',(-1.596792223078,-4.893364191424,40.));
#403 = ORIENTED_EDGE('',*,*,#404,.T.);
#404 = EDGE_CURVE('',#397,#405,#407,.T.);
#405 = VERTEX_POINT('',#406);
#406 = CARTESIAN_POINT('',(-1.639344456507,-4.996029897475,40.));
#407 = B_SPLINE_CURVE_WITH_KNOTS('',2,(#408,#409,#410),.UNSPECIFIED.,.F.
  ,.F.,(3,3),(0.,1.),.PIECEWISE_BEZIER_KNOTS.);
#408 = CARTESIAN_POINT('',(-1.596792223078,-4.893364191424,40.));
#409 = CARTESIAN_POINT('',(-1.618541142386,-4.954558355689,40.));
#410 = CARTESIAN_POINT('',(-1.639344456507,-4.996029897475,40.));
#411 = ORIENTED_EDGE('',*,*,#412,.T.);
#412 = EDGE_CURVE('',#405,#413,#415,.T.);
#413 = VERTEX_POINT('',#414);
#414 = CARTESIAN_POINT('',(-2.774340854202,-7.336267649637,40.));
#415 = LINE('',#416,#417);
#416 = CARTESIAN_POINT('',(-1.639344456507,-4.996029897475,40.));
#417 = VECTOR('',#418,1.);
#418 = DIRECTION('',(-0.436377996211,-0.899763438034,0.));
#419 = ORIENTED_EDGE('',*,*,#420,.T.);
#420 = EDGE_CURVE('',#413,#421,#423,.T.);
#421 = VERTEX_POINT('',#422);
#422 = CARTESIAN_POINT('',(-2.873899571781,-7.45973666981,40.));
#423 = B_SPLINE_CURVE_WITH_KNOTS('',2,(#424,#425,#426),.UNSPECIFIED.,.F.
  ,.F.,(3,3),(0.,1.),.PIECEWISE_BEZIER_KNOTS.);
#424 = CARTESIAN_POINT('',(-2.774340854202,-7.336267649637,40.));
#425 = CARTESIAN_POINT('',(-2.809598419044,-7.40880907615,40.));
#426 = CARTESIAN_POINT('',(-2.873899571781,-7.45973666981,40.));
#427 = ORIENTED_EDGE('',*,*,#428,.T.);
#428 = EDGE_CURVE('',#421,#429,#431,.T.);
#429 = VERTEX_POINT('',#430);
#430 = CARTESIAN_POINT('',(-3.048161099159,-7.510529177014,40.));
#431 = B_SPLINE_CURVE_WITH_KNOTS('',2,(#432,#433,#434),.UNSPECIFIED.,.F.
  ,.F.,(3,3),(0.,1.),.PIECEWISE_BEZIER_KNOTS.);
#432 = CARTESIAN_POINT('',(-2.873899571781,-7.45973666981,40.));
#433 = CARTESIAN_POINT('',(-2.938200724519,-7.510529177014,40.));
#434 = CARTESIAN_POINT('',(-3.048161099159,-7.510529177014,40.));
#435 = ORIENTED_EDGE('',*,*,#436,.T.);
#436 = EDGE_CURVE('',#429,#437,#439,.T.);
#437 = VERTEX_POINT('',#438);
#438 = CARTESIAN_POINT('',(-3.419513764865,-7.510529177014,40.));
#439 = LINE('',#440,#441);
#440 = CARTESIAN_POINT('',(-3.048161099159,-7.510529177014,40.));
#441 = VECTOR('',#442,1.);
#442 = DIRECTION('',(-1.,0.,0.));
#443 = ORIENTED_EDGE('',*,*,#444,.T.);
#444 = EDGE_CURVE('',#437,#445,#447,.T.);
#445 = VERTEX_POINT('',#446);
#446 = CARTESIAN_POINT('',(-2.257635162559,-5.21986815396,40.));
#447 = LINE('',#448,#449);
#448 = CARTESIAN_POINT('',(-3.419513764865,-7.510529177014,40.));
#449 = VECTOR('',#450,1.);
#450 = DIRECTION('',(0.452360375011,0.891835237653,0.));
#451 = ORIENTED_EDGE('',*,*,#452,.T.);
#452 = EDGE_CURVE('',#445,#453,#455,.T.);
#453 = VERTEX_POINT('',#454);
#454 = CARTESIAN_POINT('',(-2.095801589072,-4.97738796664,40.));
#455 = B_SPLINE_CURVE_WITH_KNOTS('',2,(#456,#457,#458),.UNSPECIFIED.,.F.
  ,.F.,(3,3),(0.,1.),.PIECEWISE_BEZIER_KNOTS.);
#456 = CARTESIAN_POINT('',(-2.257635162559,-5.21986815396,40.));
#457 = CARTESIAN_POINT('',(-2.184958649591,-5.078972981049,40.));
#458 = CARTESIAN_POINT('',(-2.095801589072,-4.97738796664,40.));
#459 = ORIENTED_EDGE('',*,*,#460,.T.);
#460 = EDGE_CURVE('',#453,#461,#463,.T.);
#461 = VERTEX_POINT('',#462);
#462 = CARTESIAN_POINT('',(-3.53163552279,-4.97738796664,40.));
#463 = LINE('',#464,#465);
#464 = CARTESIAN_POINT('',(-2.095801589072,-4.97738796664,40.));
#465 = VECTOR('',#466,1.);
#466 = DIRECTION('',(-1.,0.,0.));
#467 = ORIENTED_EDGE('',*,*,#468,.T.);
#468 = EDGE_CURVE('',#461,#469,#471,.T.);
#469 = VERTEX_POINT('',#470);
#470 = CARTESIAN_POINT('',(-3.614578606363,-4.941995315343,40.));
#471 = B_SPLINE_CURVE_WITH_KNOTS('',2,(#472,#473,#474),.UNSPECIFIED.,.F.
  ,.F.,(3,3),(0.,1.),.PIECEWISE_BEZIER_KNOTS.);
#472 = CARTESIAN_POINT('',(-3.53163552279,-4.97738796664,40.));
#473 = CARTESIAN_POINT('',(-3.579321041522,-4.97738796664,40.));
#474 = CARTESIAN_POINT('',(-3.614578606363,-4.941995315343,40.));
#475 = ORIENTED_EDGE('',*,*,#476,.T.);
#476 = EDGE_CURVE('',#469,#477,#479,.T.);
#477 = VERTEX_POINT('',#478);
#478 = CARTESIAN_POINT('',(-3.649836171205,-4.858646972403,40.));
#479 = B_SPLINE_CURVE_WITH_KNOTS('',2,(#480,#481,#482),.UNSPECIFIED.,.F.
  ,.F.,(3,3),(0.,1.),.PIECEWISE_BEZIER_KNOTS.);
#480 = CARTESIAN_POINT('',(-3.614578606363,-4.941995315343,40.));
#481 = CARTESIAN_POINT('',(-3.649836171205,-4.906467577591,40.));
#482 = CARTESIAN_POINT('',(-3.649836171205,-4.858646972403,40.));
#483 = ORIENTED_EDGE('',*,*,#484,.T.);
#484 = EDGE_CURVE('',#477,#379,#485,.T.);
#485 = LINE('',#486,#487);
#486 = CARTESIAN_POINT('',(-3.649836171205,-4.858646972403,40.));
#487 = VECTOR('',#488,1.);
#488 = DIRECTION('',(0.,1.,0.));
#489 = FACE_BOUND('',#490,.T.);
#490 = EDGE_LOOP('',(#491,#501,#509,#517,#525,#533,#541,#549,#557,#565,
    #573,#581,#589,#597,#605,#613,#621,#629,#637,#645,#653,#661,#669,
    #677,#685,#693,#701,#709,#717,#725,#733,#741,#749,#757));
#491 = ORIENTED_EDGE('',*,*,#492,.T.);
#492 = EDGE_CURVE('',#493,#495,#497,.T.);
#493 = VERTEX_POINT('',#494);
#494 = CARTESIAN_POINT('',(0.606467863377,-4.510529177014,40.));
#495 = VERTEX_POINT('',#496);
#496 = CARTESIAN_POINT('',(0.606467863377,-4.729369234651,40.));
#497 = LINE('',#498,#499);
#498 = CARTESIAN_POINT('',(0.606467863377,-4.510529177014,40.));
#499 = VECTOR('',#500,1.);
#500 = DIRECTION('',(0.,-1.,0.));
#501 = ORIENTED_EDGE('',*,*,#502,.T.);
#502 = EDGE_CURVE('',#495,#503,#505,.T.);
#503 = VERTEX_POINT('',#504);
#504 = CARTESIAN_POINT('',(0.536898338882,-4.908628960876,40.));
#505 = B_SPLINE_CURVE_WITH_KNOTS('',2,(#506,#507,#508),.UNSPECIFIED.,.F.
  ,.F.,(3,3),(0.,1.),.PIECEWISE_BEZIER_KNOTS.);
#506 = CARTESIAN_POINT('',(0.606467863377,-4.729369234651,40.));
#507 = CARTESIAN_POINT('',(0.606467863377,-4.839869955112,40.));
#508 = CARTESIAN_POINT('',(0.536898338882,-4.908628960876,40.));
#509 = ORIENTED_EDGE('',*,*,#510,.T.);
#510 = EDGE_CURVE('',#503,#511,#513,.T.);
#511 = VERTEX_POINT('',#512);
#512 = CARTESIAN_POINT('',(0.305630327354,-4.97738796664,40.));
#513 = B_SPLINE_CURVE_WITH_KNOTS('',2,(#514,#515,#516),.UNSPECIFIED.,.F.
  ,.F.,(3,3),(0.,1.),.PIECEWISE_BEZIER_KNOTS.);
#514 = CARTESIAN_POINT('',(0.536898338882,-4.908628960876,40.));
#515 = CARTESIAN_POINT('',(0.467463900841,-4.97738796664,40.));
#516 = CARTESIAN_POINT('',(0.305630327354,-4.97738796664,40.));
#517 = ORIENTED_EDGE('',*,*,#518,.T.);
#518 = EDGE_CURVE('',#511,#519,#521,.T.);
#519 = VERTEX_POINT('',#520);
#520 = CARTESIAN_POINT('',(-0.520153174087,-4.97738796664,40.));
#521 = LINE('',#522,#523);
#522 = CARTESIAN_POINT('',(0.305630327354,-4.97738796664,40.));
#523 = VECTOR('',#524,1.);
#524 = DIRECTION('',(-1.,0.,0.));
#525 = ORIENTED_EDGE('',*,*,#526,.T.);
#526 = EDGE_CURVE('',#519,#527,#529,.T.);
#527 = VERTEX_POINT('',#528);
#528 = CARTESIAN_POINT('',(-0.628087251897,-5.608782058859,40.));
#529 = LINE('',#530,#531);
#530 = CARTESIAN_POINT('',(-0.520153174087,-4.97738796664,40.));
#531 = VECTOR('',#532,1.);
#532 = DIRECTION('',(-0.168501376395,-0.985701418358,0.));
#533 = ORIENTED_EDGE('',*,*,#534,.T.);
#534 = EDGE_CURVE('',#527,#535,#537,.T.);
#535 = VERTEX_POINT('',#536);
#536 = CARTESIAN_POINT('',(-0.25673458619,-5.565284220242,40.));
#537 = B_SPLINE_CURVE_WITH_KNOTS('',2,(#538,#539,#540),.UNSPECIFIED.,.F.
  ,.F.,(3,3),(0.,1.),.PIECEWISE_BEZIER_KNOTS.);
#538 = CARTESIAN_POINT('',(-0.628087251897,-5.608782058859,40.));
#539 = CARTESIAN_POINT('',(-0.424782136623,-5.565284220242,40.));
#540 = CARTESIAN_POINT('',(-0.25673458619,-5.565284220242,40.));
#541 = ORIENTED_EDGE('',*,*,#542,.T.);
#542 = EDGE_CURVE('',#535,#543,#545,.T.);
#543 = VERTEX_POINT('',#544);
#544 = CARTESIAN_POINT('',(0.15933169623,-5.63566426347,40.));
#545 = B_SPLINE_CURVE_WITH_KNOTS('',2,(#546,#547,#548),.UNSPECIFIED.,.F.
  ,.F.,(3,3),(0.,1.),.PIECEWISE_BEZIER_KNOTS.);
#546 = CARTESIAN_POINT('',(-0.25673458619,-5.565284220242,40.));
#547 = CARTESIAN_POINT('',(-2.019820290519E-02,-5.565284220242,40.));
#548 = CARTESIAN_POINT('',(0.15933169623,-5.63566426347,40.));
#549 = ORIENTED_EDGE('',*,*,#550,.T.);
#550 = EDGE_CURVE('',#543,#551,#553,.T.);
#551 = VERTEX_POINT('',#552);
#552 = CARTESIAN_POINT('',(0.461249923896,-5.830323845602,40.));
#553 = B_SPLINE_CURVE_WITH_KNOTS('',2,(#554,#555,#556),.UNSPECIFIED.,.F.
  ,.F.,(3,3),(0.,1.),.PIECEWISE_BEZIER_KNOTS.);
#554 = CARTESIAN_POINT('',(0.15933169623,-5.63566426347,40.));
#555 = CARTESIAN_POINT('',(0.338861595366,-5.706044306697,40.));
#556 = CARTESIAN_POINT('',(0.461249923896,-5.830323845602,40.));
#557 = ORIENTED_EDGE('',*,*,#558,.T.);
#558 = EDGE_CURVE('',#551,#559,#561,.T.);
#559 = VERTEX_POINT('',#560);
#560 = CARTESIAN_POINT('',(0.645913108334,-6.121300070386,40.));
#561 = B_SPLINE_CURVE_WITH_KNOTS('',2,(#562,#563,#564),.UNSPECIFIED.,.F.
  ,.F.,(3,3),(0.,1.),.PIECEWISE_BEZIER_KNOTS.);
#562 = CARTESIAN_POINT('',(0.461249923896,-5.830323845602,40.));
#563 = CARTESIAN_POINT('',(0.583638252426,-5.954603384507,40.));
#564 = CARTESIAN_POINT('',(0.645913108334,-6.121300070386,40.));
#565 = ORIENTED_EDGE('',*,*,#566,.T.);
#566 = EDGE_CURVE('',#559,#567,#569,.T.);
#567 = VERTEX_POINT('',#568);
#568 = CARTESIAN_POINT('',(0.708187964242,-6.480630041568,40.));
#569 = B_SPLINE_CURVE_WITH_KNOTS('',2,(#570,#571,#572),.UNSPECIFIED.,.F.
  ,.F.,(3,3),(0.,1.),.PIECEWISE_BEZIER_KNOTS.);
#570 = CARTESIAN_POINT('',(0.645913108334,-6.121300070386,40.));
#571 = CARTESIAN_POINT('',(0.708187964242,-6.287996756265,40.));
#572 = CARTESIAN_POINT('',(0.708187964242,-6.480630041568,40.));
#573 = ORIENTED_EDGE('',*,*,#574,.T.);
#574 = EDGE_CURVE('',#567,#575,#577,.T.);
#575 = VERTEX_POINT('',#576);
#576 = CARTESIAN_POINT('',(0.624164189026,-6.915608427735,40.));
#577 = B_SPLINE_CURVE_WITH_KNOTS('',2,(#578,#579,#580),.UNSPECIFIED.,.F.
  ,.F.,(3,3),(0.,1.),.PIECEWISE_BEZIER_KNOTS.);
#578 = CARTESIAN_POINT('',(0.708187964242,-6.480630041568,40.));
#579 = CARTESIAN_POINT('',(0.708187964242,-6.718787462317,40.));
#580 = CARTESIAN_POINT('',(0.624164189026,-6.915608427735,40.));
#581 = ORIENTED_EDGE('',*,*,#582,.T.);
#582 = EDGE_CURVE('',#575,#583,#585,.T.);
#583 = VERTEX_POINT('',#584);
#584 = CARTESIAN_POINT('',(0.390734794213,-7.252108787965,40.));
#585 = B_SPLINE_CURVE_WITH_KNOTS('',2,(#586,#587,#588),.UNSPECIFIED.,.F.
  ,.F.,(3,3),(0.,1.),.PIECEWISE_BEZIER_KNOTS.);
#586 = CARTESIAN_POINT('',(0.624164189026,-6.915608427735,40.));
#587 = CARTESIAN_POINT('',(0.54014041381,-7.112294306697,40.));
#588 = CARTESIAN_POINT('',(0.390734794213,-7.252108787965,40.));
#589 = ORIENTED_EDGE('',*,*,#590,.T.);
#590 = EDGE_CURVE('',#583,#591,#593,.T.);
#591 = VERTEX_POINT('',#592);
#592 = CARTESIAN_POINT('',(3.69433677E-02,-7.468517289406,40.));
#593 = B_SPLINE_CURVE_WITH_KNOTS('',2,(#594,#595,#596),.UNSPECIFIED.,.F.
  ,.F.,(3,3),(0.,1.),.PIECEWISE_BEZIER_KNOTS.);
#594 = CARTESIAN_POINT('',(0.390734794213,-7.252108787965,40.));
#595 = CARTESIAN_POINT('',(0.241329174616,-7.391923269233,40.));
#596 = CARTESIAN_POINT('',(3.69433677E-02,-7.468517289406,40.));
#597 = ORIENTED_EDGE('',*,*,#598,.T.);
#598 = EDGE_CURVE('',#591,#599,#601,.T.);
#599 = VERTEX_POINT('',#600);
#600 = CARTESIAN_POINT('',(-0.408166502617,-7.545111309579,40.));
#601 = B_SPLINE_CURVE_WITH_KNOTS('',2,(#602,#603,#604),.UNSPECIFIED.,.F.
  ,.F.,(3,3),(0.,1.),.PIECEWISE_BEZIER_KNOTS.);
#602 = CARTESIAN_POINT('',(3.69433677E-02,-7.468517289406,40.));
#603 = CARTESIAN_POINT('',(-0.167442439216,-7.545111309579,40.));
#604 = CARTESIAN_POINT('',(-0.408166502617,-7.545111309579,40.));
#605 = ORIENTED_EDGE('',*,*,#606,.T.);
#606 = EDGE_CURVE('',#599,#607,#609,.T.);
#607 = VERTEX_POINT('',#608);
#608 = CARTESIAN_POINT('',(-0.675772770629,-7.516067721683,40.));
#609 = B_SPLINE_CURVE_WITH_KNOTS('',2,(#610,#611,#612),.UNSPECIFIED.,.F.
  ,.F.,(3,3),(0.,1.),.PIECEWISE_BEZIER_KNOTS.);
#610 = CARTESIAN_POINT('',(-0.408166502617,-7.545111309579,40.));
#611 = CARTESIAN_POINT('',(-0.549196761983,-7.545111309579,40.));
#612 = CARTESIAN_POINT('',(-0.675772770629,-7.516067721683,40.));
#613 = ORIENTED_EDGE('',*,*,#614,.T.);
#614 = EDGE_CURVE('',#607,#615,#617,.T.);
#615 = VERTEX_POINT('',#616);
#616 = CARTESIAN_POINT('',(-0.913389845556,-7.438257923412,40.));
#617 = B_SPLINE_CURVE_WITH_KNOTS('',2,(#618,#619,#620),.UNSPECIFIED.,.F.
  ,.F.,(3,3),(0.,1.),.PIECEWISE_BEZIER_KNOTS.);
#618 = CARTESIAN_POINT('',(-0.675772770629,-7.516067721683,40.));
#619 = CARTESIAN_POINT('',(-0.802348779274,-7.487024133787,40.));
#620 = CARTESIAN_POINT('',(-0.913389845556,-7.438257923412,40.));
#621 = ORIENTED_EDGE('',*,*,#622,.T.);
#622 = EDGE_CURVE('',#615,#623,#625,.T.);
#623 = VERTEX_POINT('',#624);
#624 = CARTESIAN_POINT('',(-1.118856344116,-7.326271251942,40.));
#625 = B_SPLINE_CURVE_WITH_KNOTS('',2,(#626,#627,#628),.UNSPECIFIED.,.F.
  ,.F.,(3,3),(0.,1.),.PIECEWISE_BEZIER_KNOTS.);
#626 = CARTESIAN_POINT('',(-0.913389845556,-7.438257923412,40.));
#627 = CARTESIAN_POINT('',(-1.024430911839,-7.389491713037,40.));
#628 = CARTESIAN_POINT('',(-1.118856344116,-7.326271251942,40.));
#629 = ORIENTED_EDGE('',*,*,#630,.T.);
#630 = EDGE_CURVE('',#623,#631,#633,.T.);
#631 = VERTEX_POINT('',#632);
#632 = CARTESIAN_POINT('',(-1.28798458619,-7.192400574709,40.));
#633 = B_SPLINE_CURVE_WITH_KNOTS('',2,(#634,#635,#636),.UNSPECIFIED.,.F.
  ,.F.,(3,3),(0.,1.),.PIECEWISE_BEZIER_KNOTS.);
#634 = CARTESIAN_POINT('',(-1.118856344116,-7.326271251942,40.));
#635 = CARTESIAN_POINT('',(-1.213281776392,-7.262915704392,40.));
#636 = CARTESIAN_POINT('',(-1.28798458619,-7.192400574709,40.));
#637 = ORIENTED_EDGE('',*,*,#638,.T.);
#638 = EDGE_CURVE('',#631,#639,#641,.T.);
#639 = VERTEX_POINT('',#640);
#640 = CARTESIAN_POINT('',(-1.130203606363,-6.97274999834,40.));
#641 = LINE('',#642,#643);
#642 = CARTESIAN_POINT('',(-1.28798458619,-7.192400574709,40.));
#643 = VECTOR('',#644,1.);
#644 = DIRECTION('',(0.583409596524,0.812178085572,0.));
#645 = ORIENTED_EDGE('',*,*,#646,.T.);
#646 = EDGE_CURVE('',#639,#647,#649,.T.);
#647 = VERTEX_POINT('',#648);
#648 = CARTESIAN_POINT('',(-0.997413620773,-6.901694522836,40.));
#649 = B_SPLINE_CURVE_WITH_KNOTS('',2,(#650,#651,#652),.UNSPECIFIED.,.F.
  ,.F.,(3,3),(0.,1.),.PIECEWISE_BEZIER_KNOTS.);
#650 = CARTESIAN_POINT('',(-1.130203606363,-6.97274999834,40.));
#651 = CARTESIAN_POINT('',(-1.080491790801,-6.901694522836,40.));
#652 = CARTESIAN_POINT('',(-0.997413620773,-6.901694522836,40.));
#653 = ORIENTED_EDGE('',*,*,#654,.T.);
#654 = EDGE_CURVE('',#647,#655,#657,.T.);
#655 = VERTEX_POINT('',#656);
#656 = CARTESIAN_POINT('',(-0.892721617891,-6.934790704392,40.));
#657 = B_SPLINE_CURVE_WITH_KNOTS('',2,(#658,#659,#660),.UNSPECIFIED.,.F.
  ,.F.,(3,3),(0.,1.),.PIECEWISE_BEZIER_KNOTS.);
#658 = CARTESIAN_POINT('',(-0.997413620773,-6.901694522836,40.));
#659 = CARTESIAN_POINT('',(-0.945540421925,-6.901694522836,40.));
#660 = CARTESIAN_POINT('',(-0.892721617891,-6.934790704392,40.));
#661 = ORIENTED_EDGE('',*,*,#662,.T.);
#662 = EDGE_CURVE('',#655,#663,#665,.T.);
#663 = VERTEX_POINT('',#664);
#664 = CARTESIAN_POINT('',(-0.769252597718,-7.007332130905,40.));
#665 = B_SPLINE_CURVE_WITH_KNOTS('',2,(#666,#667,#668),.UNSPECIFIED.,.F.
  ,.F.,(3,3),(0.,1.),.PIECEWISE_BEZIER_KNOTS.);
#666 = CARTESIAN_POINT('',(-0.892721617891,-6.934790704392,40.));
#667 = CARTESIAN_POINT('',(-0.839767727401,-6.967886885948,40.));
#668 = CARTESIAN_POINT('',(-0.769252597718,-7.007332130905,40.));
#669 = ORIENTED_EDGE('',*,*,#670,.T.);
#670 = EDGE_CURVE('',#663,#671,#673,.T.);
#671 = VERTEX_POINT('',#672);
#672 = CARTESIAN_POINT('',(-0.605257640946,-7.079738470963,40.));
#673 = B_SPLINE_CURVE_WITH_KNOTS('',2,(#674,#675,#676),.UNSPECIFIED.,.F.
  ,.F.,(3,3),(0.,1.),.PIECEWISE_BEZIER_KNOTS.);
#674 = CARTESIAN_POINT('',(-0.769252597718,-7.007332130905,40.));
#675 = CARTESIAN_POINT('',(-0.69860238158,-7.046642289406,40.));
#676 = CARTESIAN_POINT('',(-0.605257640946,-7.079738470963,40.));
#677 = ORIENTED_EDGE('',*,*,#678,.T.);
#678 = EDGE_CURVE('',#671,#679,#681,.T.);
#679 = VERTEX_POINT('',#680);
#680 = CARTESIAN_POINT('',(-0.379122914721,-7.112834652519,40.));
#681 = B_SPLINE_CURVE_WITH_KNOTS('',2,(#682,#683,#684),.UNSPECIFIED.,.F.
  ,.F.,(3,3),(0.,1.),.PIECEWISE_BEZIER_KNOTS.);
#682 = CARTESIAN_POINT('',(-0.605257640946,-7.079738470963,40.));
#683 = CARTESIAN_POINT('',(-0.511912900312,-7.112834652519,40.));
#684 = CARTESIAN_POINT('',(-0.379122914721,-7.112834652519,40.));
#685 = ORIENTED_EDGE('',*,*,#686,.T.);
#686 = EDGE_CURVE('',#679,#687,#689,.T.);
#687 = VERTEX_POINT('',#688);
#688 = CARTESIAN_POINT('',(-0.130158577545,-7.067310517072,40.));
#689 = B_SPLINE_CURVE_WITH_KNOTS('',2,(#690,#691,#692),.UNSPECIFIED.,.F.
  ,.F.,(3,3),(0.,1.),.PIECEWISE_BEZIER_KNOTS.);
#690 = CARTESIAN_POINT('',(-0.379122914721,-7.112834652519,40.));
#691 = CARTESIAN_POINT('',(-0.237957568899,-7.112834652519,40.));
#692 = CARTESIAN_POINT('',(-0.130158577545,-7.067310517072,40.));
#693 = ORIENTED_EDGE('',*,*,#694,.T.);
#694 = EDGE_CURVE('',#687,#695,#697,.T.);
#695 = VERTEX_POINT('',#696);
#696 = CARTESIAN_POINT('',(4.937132159049E-02,-6.94005907615,40.));
#697 = B_SPLINE_CURVE_WITH_KNOTS('',2,(#698,#699,#700),.UNSPECIFIED.,.F.
  ,.F.,(3,3),(0.,1.),.PIECEWISE_BEZIER_KNOTS.);
#698 = CARTESIAN_POINT('',(-0.130158577545,-7.067310517072,40.));
#699 = CARTESIAN_POINT('',(-2.222449973516E-02,-7.021786381625,40.));
#700 = CARTESIAN_POINT('',(4.937132159049E-02,-6.94005907615,40.));
#701 = ORIENTED_EDGE('',*,*,#702,.T.);
#702 = EDGE_CURVE('',#695,#703,#705,.T.);
#703 = VERTEX_POINT('',#704);
#704 = CARTESIAN_POINT('',(0.157170312945,-6.745399494017,40.));
#705 = B_SPLINE_CURVE_WITH_KNOTS('',2,(#706,#707,#708),.UNSPECIFIED.,.F.
  ,.F.,(3,3),(0.,1.),.PIECEWISE_BEZIER_KNOTS.);
#706 = CARTESIAN_POINT('',(4.937132159049E-02,-6.94005907615,40.));
#707 = CARTESIAN_POINT('',(0.120967142916,-6.858196684219,40.));
#708 = CARTESIAN_POINT('',(0.157170312945,-6.745399494017,40.));
#709 = ORIENTED_EDGE('',*,*,#710,.T.);
#710 = EDGE_CURVE('',#703,#711,#713,.T.);
#711 = VERTEX_POINT('',#712);
#712 = CARTESIAN_POINT('',(0.193508569429,-6.49994740468,40.));
#713 = B_SPLINE_CURVE_WITH_KNOTS('',2,(#714,#715,#716),.UNSPECIFIED.,.F.
  ,.F.,(3,3),(0.,1.),.PIECEWISE_BEZIER_KNOTS.);
#714 = CARTESIAN_POINT('',(0.157170312945,-6.745399494017,40.));
#715 = CARTESIAN_POINT('',(0.193508569429,-6.63246721736,40.));
#716 = CARTESIAN_POINT('',(0.193508569429,-6.49994740468,40.));
#717 = ORIENTED_EDGE('',*,*,#718,.T.);
#718 = EDGE_CURVE('',#711,#719,#721,.T.);
#719 = VERTEX_POINT('',#720);
#720 = CARTESIAN_POINT('',(5.139761842046E-02,-6.118057995458,40.));
#721 = B_SPLINE_CURVE_WITH_KNOTS('',2,(#722,#723,#724),.UNSPECIFIED.,.F.
  ,.F.,(3,3),(0.,1.),.PIECEWISE_BEZIER_KNOTS.);
#722 = CARTESIAN_POINT('',(0.193508569429,-6.49994740468,40.));
#723 = CARTESIAN_POINT('',(0.193508569429,-6.255711093441,40.));
#724 = CARTESIAN_POINT('',(5.139761842046E-02,-6.118057995458,40.));
#725 = ORIENTED_EDGE('',*,*,#726,.T.);
#726 = EDGE_CURVE('',#719,#727,#729,.T.);
#727 = VERTEX_POINT('',#728);
#728 = CARTESIAN_POINT('',(-0.36669496083,-5.98026981102,40.));
#729 = B_SPLINE_CURVE_WITH_KNOTS('',2,(#730,#731,#732),.UNSPECIFIED.,.F.
  ,.F.,(3,3),(0.,1.),.PIECEWISE_BEZIER_KNOTS.);
#730 = CARTESIAN_POINT('',(5.139761842046E-02,-6.118057995458,40.));
#731 = CARTESIAN_POINT('',(-9.071333258818E-02,-5.98026981102,40.));
#732 = CARTESIAN_POINT('',(-0.36669496083,-5.98026981102,40.));
#733 = ORIENTED_EDGE('',*,*,#734,.T.);
#734 = EDGE_CURVE('',#727,#735,#737,.T.);
#735 = VERTEX_POINT('',#736);
#736 = CARTESIAN_POINT('',(-0.804510162559,-6.070642649637,40.));
#737 = B_SPLINE_CURVE_WITH_KNOTS('',2,(#738,#739,#740),.UNSPECIFIED.,.F.
  ,.F.,(3,3),(0.,1.),.PIECEWISE_BEZIER_KNOTS.);
#738 = CARTESIAN_POINT('',(-0.36669496083,-5.98026981102,40.));
#739 = CARTESIAN_POINT('',(-0.58458941328,-5.98026981102,40.));
#740 = CARTESIAN_POINT('',(-0.804510162559,-6.070642649637,40.));
#741 = ORIENTED_EDGE('',*,*,#742,.T.);
#742 = EDGE_CURVE('',#735,#743,#745,.T.);
#743 = VERTEX_POINT('',#744);
#744 = CARTESIAN_POINT('',(-1.123989629418,-5.967976943585,40.));
#745 = LINE('',#746,#747);
#746 = CARTESIAN_POINT('',(-0.804510162559,-6.070642649637,40.));
#747 = VECTOR('',#748,1.);
#748 = DIRECTION('',(-0.952049501376,0.305944025812,0.));
#749 = ORIENTED_EDGE('',*,*,#750,.T.);
#750 = EDGE_CURVE('',#743,#751,#753,.T.);
#751 = VERTEX_POINT('',#752);
#752 = CARTESIAN_POINT('',(-0.875025292242,-4.510529177014,40.));
#753 = LINE('',#754,#755);
#754 = CARTESIAN_POINT('',(-1.123989629418,-5.967976943585,40.));
#755 = VECTOR('',#756,1.);
#756 = DIRECTION('',(0.168383072801,0.985721634537,0.));
#757 = ORIENTED_EDGE('',*,*,#758,.T.);
#758 = EDGE_CURVE('',#751,#493,#759,.T.);
#759 = LINE('',#760,#761);
#760 = CARTESIAN_POINT('',(-0.875025292242,-4.510529177014,40.));
#761 = VECTOR('',#762,1.);
#762 = DIRECTION('',(1.,0.,0.));
#763 = FACE_BOUND('',#764,.T.);
#764 = EDGE_LOOP('',(#765,#775,#783,#791,#799,#807,#815,#823,#831,#839,
    #847,#855,#863,#871,#879,#887,#895,#903,#911,#919,#927,#935,#943,
    #951,#959,#967,#975,#983,#991,#999,#1007,#1015,#1023,#1031,#1039,
    #1047));
#765 = ORIENTED_EDGE('',*,*,#766,.T.);
#766 = EDGE_CURVE('',#767,#769,#771,.T.);
#767 = VERTEX_POINT('',#768);
#768 = CARTESIAN_POINT('',(1.744165990178,-7.510529177014,40.));
#769 = VERTEX_POINT('',#770);
#770 = CARTESIAN_POINT('',(1.231783065106,-7.510529177014,40.));
#771 = LINE('',#772,#773);
#772 = CARTESIAN_POINT('',(1.744165990178,-7.510529177014,40.));
#773 = VECTOR('',#774,1.);
#774 = DIRECTION('',(-1.,0.,0.));
#775 = ORIENTED_EDGE('',*,*,#776,.T.);
#776 = EDGE_CURVE('',#769,#777,#779,.T.);
#777 = VERTEX_POINT('',#778);
#778 = CARTESIAN_POINT('',(1.231783065106,-5.383728024277,40.));
#779 = LINE('',#780,#781);
#780 = CARTESIAN_POINT('',(1.231783065106,-7.510529177014,40.));
#781 = VECTOR('',#782,1.);
#782 = DIRECTION('',(0.,1.,0.));
#783 = ORIENTED_EDGE('',*,*,#784,.T.);
#784 = EDGE_CURVE('',#777,#785,#787,.T.);
#785 = VERTEX_POINT('',#786);
#786 = CARTESIAN_POINT('',(1.54504855502,-5.383728024277,40.));
#787 = LINE('',#788,#789);
#788 = CARTESIAN_POINT('',(1.231783065106,-5.383728024277,40.));
#789 = VECTOR('',#790,1.);
#790 = DIRECTION('',(1.,0.,0.));
#791 = ORIENTED_EDGE('',*,*,#792,.T.);
#792 = EDGE_CURVE('',#785,#793,#795,.T.);
#793 = VERTEX_POINT('',#794);
#794 = CARTESIAN_POINT('',(1.675812243781,-5.477072764911,40.));
#795 = B_SPLINE_CURVE_WITH_KNOTS('',2,(#796,#797,#798),.UNSPECIFIED.,.F.
  ,.F.,(3,3),(0.,1.),.PIECEWISE_BEZIER_KNOTS.);
#796 = CARTESIAN_POINT('',(1.54504855502,-5.383728024277,40.));
#797 = CARTESIAN_POINT('',(1.644607272599,-5.383728024277,40.));
#798 = CARTESIAN_POINT('',(1.675812243781,-5.477072764911,40.));
#799 = ORIENTED_EDGE('',*,*,#800,.T.);
#800 = EDGE_CURVE('',#793,#801,#803,.T.);
#801 = VERTEX_POINT('',#802);
#802 = CARTESIAN_POINT('',(1.708908425337,-5.634583571827,40.));
#803 = LINE('',#804,#805);
#804 = CARTESIAN_POINT('',(1.675812243781,-5.477072764911,40.));
#805 = VECTOR('',#806,1.);
#806 = DIRECTION('',(0.205629772653,-0.978629856789,0.));
#807 = ORIENTED_EDGE('',*,*,#808,.T.);
#808 = EDGE_CURVE('',#801,#809,#811,.T.);
#809 = VERTEX_POINT('',#810);
#810 = CARTESIAN_POINT('',(1.826163468565,-5.520030257706,40.));
#811 = B_SPLINE_CURVE_WITH_KNOTS('',2,(#812,#813,#814),.UNSPECIFIED.,.F.
  ,.F.,(3,3),(0.,1.),.PIECEWISE_BEZIER_KNOTS.);
#812 = CARTESIAN_POINT('',(1.708908425337,-5.634583571827,40.));
#813 = CARTESIAN_POINT('',(1.764969304299,-5.572038543009,40.));
#814 = CARTESIAN_POINT('',(1.826163468565,-5.520030257706,40.));
#815 = ORIENTED_EDGE('',*,*,#816,.T.);
#816 = EDGE_CURVE('',#809,#817,#819,.T.);
#817 = VERTEX_POINT('',#818);
#818 = CARTESIAN_POINT('',(1.95679207087,-5.430467937821,40.));
#819 = B_SPLINE_CURVE_WITH_KNOTS('',2,(#820,#821,#822),.UNSPECIFIED.,.F.
  ,.F.,(3,3),(0.,1.),.PIECEWISE_BEZIER_KNOTS.);
#820 = CARTESIAN_POINT('',(1.826163468565,-5.520030257706,40.));
#821 = CARTESIAN_POINT('',(1.88735763283,-5.467886885948,40.));
#822 = CARTESIAN_POINT('',(1.95679207087,-5.430467937821,40.));
#823 = ORIENTED_EDGE('',*,*,#824,.T.);
#824 = EDGE_CURVE('',#817,#825,#827,.T.);
#825 = VERTEX_POINT('',#826);
#826 = CARTESIAN_POINT('',(2.106197690467,-5.371029897475,40.));
#827 = B_SPLINE_CURVE_WITH_KNOTS('',2,(#828,#829,#830),.UNSPECIFIED.,.F.
  ,.F.,(3,3),(0.,1.),.PIECEWISE_BEZIER_KNOTS.);
#828 = CARTESIAN_POINT('',(1.95679207087,-5.430467937821,40.));
#829 = CARTESIAN_POINT('',(2.026361595366,-5.392913903239,40.));
#830 = CARTESIAN_POINT('',(2.106197690467,-5.371029897475,40.));
#831 = ORIENTED_EDGE('',*,*,#832,.T.);
#832 = EDGE_CURVE('',#825,#833,#835,.T.);
#833 = VERTEX_POINT('',#834);
#834 = CARTESIAN_POINT('',(2.281674995942,-5.349145891712,40.));
#835 = B_SPLINE_CURVE_WITH_KNOTS('',2,(#836,#837,#838),.UNSPECIFIED.,.F.
  ,.F.,(3,3),(0.,1.),.PIECEWISE_BEZIER_KNOTS.);
#836 = CARTESIAN_POINT('',(2.106197690467,-5.371029897475,40.));
#837 = CARTESIAN_POINT('',(2.186168872023,-5.349145891712,40.));
#838 = CARTESIAN_POINT('',(2.281674995942,-5.349145891712,40.));
#839 = ORIENTED_EDGE('',*,*,#840,.T.);
#840 = EDGE_CURVE('',#833,#841,#843,.T.);
#841 = VERTEX_POINT('',#842);
#842 = CARTESIAN_POINT('',(2.612636811504,-5.457890488254,40.));
#843 = B_SPLINE_CURVE_WITH_KNOTS('',2,(#844,#845,#846),.UNSPECIFIED.,.F.
  ,.F.,(3,3),(0.,1.),.PIECEWISE_BEZIER_KNOTS.);
#844 = CARTESIAN_POINT('',(2.281674995942,-5.349145891712,40.));
#845 = CARTESIAN_POINT('',(2.482953814386,-5.349145891712,40.));
#846 = CARTESIAN_POINT('',(2.612636811504,-5.457890488254,40.));
#847 = ORIENTED_EDGE('',*,*,#848,.T.);
#848 = EDGE_CURVE('',#841,#849,#851,.T.);
#849 = VERTEX_POINT('',#850);
#850 = CARTESIAN_POINT('',(2.80662096136,-5.746840416207,40.));
#851 = B_SPLINE_CURVE_WITH_KNOTS('',2,(#852,#853,#854),.UNSPECIFIED.,.F.
  ,.F.,(3,3),(0.,1.),.PIECEWISE_BEZIER_KNOTS.);
#852 = CARTESIAN_POINT('',(2.612636811504,-5.457890488254,40.));
#853 = CARTESIAN_POINT('',(2.742319808622,-5.566635084795,40.));
#854 = CARTESIAN_POINT('',(2.80662096136,-5.746840416207,40.));
#855 = ORIENTED_EDGE('',*,*,#856,.T.);
#856 = EDGE_CURVE('',#849,#857,#859,.T.);
#857 = VERTEX_POINT('',#858);
#858 = CARTESIAN_POINT('',(2.93103558672,-5.565689479608,40.));
#859 = B_SPLINE_CURVE_WITH_KNOTS('',2,(#860,#861,#862),.UNSPECIFIED.,.F.
  ,.F.,(3,3),(0.,1.),.PIECEWISE_BEZIER_KNOTS.);
#860 = CARTESIAN_POINT('',(2.80662096136,-5.746840416207,40.));
#861 = CARTESIAN_POINT('',(2.856332776922,-5.641202808138,40.));
#862 = CARTESIAN_POINT('',(2.93103558672,-5.565689479608,40.));
#863 = ORIENTED_EDGE('',*,*,#864,.T.);
#864 = EDGE_CURVE('',#857,#865,#867,.T.);
#865 = VERTEX_POINT('',#866);
#866 = CARTESIAN_POINT('',(3.094895457037,-5.44235554589,40.));
#867 = B_SPLINE_CURVE_WITH_KNOTS('',2,(#868,#869,#870),.UNSPECIFIED.,.F.
  ,.F.,(3,3),(0.,1.),.PIECEWISE_BEZIER_KNOTS.);
#868 = CARTESIAN_POINT('',(2.93103558672,-5.565689479608,40.));
#869 = CARTESIAN_POINT('',(3.005738396518,-5.490041064622,40.));
#870 = CARTESIAN_POINT('',(3.094895457037,-5.44235554589,40.));
#871 = ORIENTED_EDGE('',*,*,#872,.T.);
#872 = EDGE_CURVE('',#865,#873,#875,.T.);
#873 = VERTEX_POINT('',#874);
#874 = CARTESIAN_POINT('',(3.284827013233,-5.371975502663,40.));
#875 = B_SPLINE_CURVE_WITH_KNOTS('',2,(#876,#877,#878),.UNSPECIFIED.,.F.
  ,.F.,(3,3),(0.,1.),.PIECEWISE_BEZIER_KNOTS.);
#876 = CARTESIAN_POINT('',(3.094895457037,-5.44235554589,40.));
#877 = CARTESIAN_POINT('',(3.184187604011,-5.394670027158,40.));
#878 = CARTESIAN_POINT('',(3.284827013233,-5.371975502663,40.));
#879 = ORIENTED_EDGE('',*,*,#880,.T.);
#880 = EDGE_CURVE('',#873,#881,#883,.T.);
#881 = VERTEX_POINT('',#882);
#882 = CARTESIAN_POINT('',(3.48718652332,-5.349145891712,40.));
#883 = B_SPLINE_CURVE_WITH_KNOTS('',2,(#884,#885,#886),.UNSPECIFIED.,.F.
  ,.F.,(3,3),(0.,1.),.PIECEWISE_BEZIER_KNOTS.);
#884 = CARTESIAN_POINT('',(3.284827013233,-5.371975502663,40.));
#885 = CARTESIAN_POINT('',(3.385466422455,-5.349145891712,40.));
#886 = CARTESIAN_POINT('',(3.48718652332,-5.349145891712,40.));
#887 = ORIENTED_EDGE('',*,*,#888,.T.);
#888 = EDGE_CURVE('',#881,#889,#891,.T.);
#889 = VERTEX_POINT('',#890);
#890 = CARTESIAN_POINT('',(3.800452013233,-5.403045387389,40.));
#891 = B_SPLINE_CURVE_WITH_KNOTS('',2,(#892,#893,#894),.UNSPECIFIED.,.F.
  ,.F.,(3,3),(0.,1.),.PIECEWISE_BEZIER_KNOTS.);
#892 = CARTESIAN_POINT('',(3.48718652332,-5.349145891712,40.));
#893 = CARTESIAN_POINT('',(3.663474347527,-5.349145891712,40.));
#894 = CARTESIAN_POINT('',(3.800452013233,-5.403045387389,40.));
#895 = ORIENTED_EDGE('',*,*,#896,.T.);
#896 = EDGE_CURVE('',#889,#897,#899,.T.);
#897 = VERTEX_POINT('',#898);
#898 = CARTESIAN_POINT('',(4.030774419573,-5.560691280761,40.));
#899 = B_SPLINE_CURVE_WITH_KNOTS('',2,(#900,#901,#902),.UNSPECIFIED.,.F.
  ,.F.,(3,3),(0.,1.),.PIECEWISE_BEZIER_KNOTS.);
#900 = CARTESIAN_POINT('',(3.800452013233,-5.403045387389,40.));
#901 = CARTESIAN_POINT('',(3.937429678939,-5.456944883066,40.));
#902 = CARTESIAN_POINT('',(4.030774419573,-5.560691280761,40.));
#903 = ORIENTED_EDGE('',*,*,#904,.T.);
#904 = EDGE_CURVE('',#897,#905,#907,.T.);
#905 = VERTEX_POINT('',#906);
#906 = CARTESIAN_POINT('',(4.172885370582,-5.813843298052,40.));
#907 = B_SPLINE_CURVE_WITH_KNOTS('',2,(#908,#909,#910),.UNSPECIFIED.,.F.
  ,.F.,(3,3),(0.,1.),.PIECEWISE_BEZIER_KNOTS.);
#908 = CARTESIAN_POINT('',(4.030774419573,-5.560691280761,40.));
#909 = CARTESIAN_POINT('',(4.124119160207,-5.664437678455,40.));
#910 = CARTESIAN_POINT('',(4.172885370582,-5.813843298052,40.));
#911 = ORIENTED_EDGE('',*,*,#912,.T.);
#912 = EDGE_CURVE('',#905,#913,#915,.T.);
#913 = VERTEX_POINT('',#914);
#914 = CARTESIAN_POINT('',(4.221651580956,-6.156017289406,40.));
#915 = B_SPLINE_CURVE_WITH_KNOTS('',2,(#916,#917,#918),.UNSPECIFIED.,.F.
  ,.F.,(3,3),(0.,1.),.PIECEWISE_BEZIER_KNOTS.);
#916 = CARTESIAN_POINT('',(4.172885370582,-5.813843298052,40.));
#917 = CARTESIAN_POINT('',(4.221651580956,-5.963113831193,40.));
#918 = CARTESIAN_POINT('',(4.221651580956,-6.156017289406,40.));
#919 = ORIENTED_EDGE('',*,*,#920,.T.);
#920 = EDGE_CURVE('',#913,#921,#923,.T.);
#921 = VERTEX_POINT('',#922);
#922 = CARTESIAN_POINT('',(4.221651580956,-7.510529177014,40.));
#923 = LINE('',#924,#925);
#924 = CARTESIAN_POINT('',(4.221651580956,-6.156017289406,40.));
#925 = VECTOR('',#926,1.);
#926 = DIRECTION('',(0.,-1.,0.));
#927 = ORIENTED_EDGE('',*,*,#928,.T.);
#928 = EDGE_CURVE('',#921,#929,#931,.T.);
#929 = VERTEX_POINT('',#930);
#930 = CARTESIAN_POINT('',(3.709133569429,-7.510529177014,40.));
#931 = LINE('',#932,#933);
#932 = CARTESIAN_POINT('',(4.221651580956,-7.510529177014,40.));
#933 = VECTOR('',#934,1.);
#934 = DIRECTION('',(-1.,0.,0.));
#935 = ORIENTED_EDGE('',*,*,#936,.T.);
#936 = EDGE_CURVE('',#929,#937,#939,.T.);
#937 = VERTEX_POINT('',#938);
#938 = CARTESIAN_POINT('',(3.709133569429,-6.15561203004,40.));
#939 = LINE('',#940,#941);
#940 = CARTESIAN_POINT('',(3.709133569429,-7.510529177014,40.));
#941 = VECTOR('',#942,1.);
#942 = DIRECTION('',(0.,1.,0.));
#943 = ORIENTED_EDGE('',*,*,#944,.T.);
#944 = EDGE_CURVE('',#937,#945,#947,.T.);
#945 = VERTEX_POINT('',#946);
#946 = CARTESIAN_POINT('',(3.619841422455,-5.849641208715,40.));
#947 = B_SPLINE_CURVE_WITH_KNOTS('',2,(#948,#949,#950),.UNSPECIFIED.,.F.
  ,.F.,(3,3),(0.,1.),.PIECEWISE_BEZIER_KNOTS.);
#948 = CARTESIAN_POINT('',(3.709133569429,-6.15561203004,40.));
#949 = CARTESIAN_POINT('',(3.709133569429,-5.952306914767,40.));
#950 = CARTESIAN_POINT('',(3.619841422455,-5.849641208715,40.));
#951 = ORIENTED_EDGE('',*,*,#952,.T.);
#952 = EDGE_CURVE('',#945,#953,#955,.T.);
#953 = VERTEX_POINT('',#954);
#954 = CARTESIAN_POINT('',(3.358584217844,-5.746840416207,40.));
#955 = B_SPLINE_CURVE_WITH_KNOTS('',2,(#956,#957,#958),.UNSPECIFIED.,.F.
  ,.F.,(3,3),(0.,1.),.PIECEWISE_BEZIER_KNOTS.);
#956 = CARTESIAN_POINT('',(3.619841422455,-5.849641208715,40.));
#957 = CARTESIAN_POINT('',(3.530684361936,-5.746840416207,40.));
#958 = CARTESIAN_POINT('',(3.358584217844,-5.746840416207,40.));
#959 = ORIENTED_EDGE('',*,*,#960,.T.);
#960 = EDGE_CURVE('',#953,#961,#963,.T.);
#961 = VERTEX_POINT('',#962);
#962 = CARTESIAN_POINT('',(3.212150500265,-5.773857707274,40.));
#963 = B_SPLINE_CURVE_WITH_KNOTS('',2,(#964,#965,#966),.UNSPECIFIED.,.F.
  ,.F.,(3,3),(0.,1.),.PIECEWISE_BEZIER_KNOTS.);
#964 = CARTESIAN_POINT('',(3.358584217844,-5.746840416207,40.));
#965 = CARTESIAN_POINT('',(3.279693727931,-5.746840416207,40.));
#966 = CARTESIAN_POINT('',(3.212150500265,-5.773857707274,40.));
#967 = ORIENTED_EDGE('',*,*,#968,.T.);
#968 = EDGE_CURVE('',#961,#969,#971,.T.);
#969 = VERTEX_POINT('',#970);
#970 = CARTESIAN_POINT('',(3.09394985185,-5.851667505545,40.));
#971 = B_SPLINE_CURVE_WITH_KNOTS('',2,(#972,#973,#974),.UNSPECIFIED.,.F.
  ,.F.,(3,3),(0.,1.),.PIECEWISE_BEZIER_KNOTS.);
#972 = CARTESIAN_POINT('',(3.212150500265,-5.773857707274,40.));
#973 = CARTESIAN_POINT('',(3.144742359054,-5.800739911885,40.));
#974 = CARTESIAN_POINT('',(3.09394985185,-5.851667505545,40.));
#975 = ORIENTED_EDGE('',*,*,#976,.T.);
#976 = EDGE_CURVE('',#969,#977,#979,.T.);
#977 = VERTEX_POINT('',#978);
#978 = CARTESIAN_POINT('',(3.014113756749,-5.979324205833,40.));
#979 = B_SPLINE_CURVE_WITH_KNOTS('',2,(#980,#981,#982),.UNSPECIFIED.,.F.
  ,.F.,(3,3),(0.,1.),.PIECEWISE_BEZIER_KNOTS.);
#980 = CARTESIAN_POINT('',(3.09394985185,-5.851667505545,40.));
#981 = CARTESIAN_POINT('',(3.043157344645,-5.902460012749,40.));
#982 = CARTESIAN_POINT('',(3.014113756749,-5.979324205833,40.));
#983 = ORIENTED_EDGE('',*,*,#984,.T.);
#984 = EDGE_CURVE('',#977,#985,#987,.T.);
#985 = VERTEX_POINT('',#986);
#986 = CARTESIAN_POINT('',(2.985070168853,-6.15561203004,40.));
#987 = B_SPLINE_CURVE_WITH_KNOTS('',2,(#988,#989,#990),.UNSPECIFIED.,.F.
  ,.F.,(3,3),(0.,1.),.PIECEWISE_BEZIER_KNOTS.);
#988 = CARTESIAN_POINT('',(3.014113756749,-5.979324205833,40.));
#989 = CARTESIAN_POINT('',(2.985070168853,-6.056053312461,40.));
#990 = CARTESIAN_POINT('',(2.985070168853,-6.15561203004,40.));
#991 = ORIENTED_EDGE('',*,*,#992,.T.);
#992 = EDGE_CURVE('',#985,#993,#995,.T.);
#993 = VERTEX_POINT('',#994);
#994 = CARTESIAN_POINT('',(2.985070168853,-7.510529177014,40.));
#995 = LINE('',#996,#997);
#996 = CARTESIAN_POINT('',(2.985070168853,-6.15561203004,40.));
#997 = VECTOR('',#998,1.);
#998 = DIRECTION('',(0.,-1.,0.));
#999 = ORIENTED_EDGE('',*,*,#1000,.T.);
#1000 = EDGE_CURVE('',#993,#1001,#1003,.T.);
#1001 = VERTEX_POINT('',#1002);
#1002 = CARTESIAN_POINT('',(2.47039077404,-7.510529177014,40.));
#1003 = LINE('',#1004,#1005);
#1004 = CARTESIAN_POINT('',(2.985070168853,-7.510529177014,40.));
#1005 = VECTOR('',#1006,1.);
#1006 = DIRECTION('',(-1.,0.,0.));
#1007 = ORIENTED_EDGE('',*,*,#1008,.T.);
#1008 = EDGE_CURVE('',#1001,#1009,#1011,.T.);
#1009 = VERTEX_POINT('',#1010);
#1010 = CARTESIAN_POINT('',(2.47039077404,-6.15561203004,40.));
#1011 = LINE('',#1012,#1013);
#1012 = CARTESIAN_POINT('',(2.47039077404,-7.510529177014,40.));
#1013 = VECTOR('',#1014,1.);
#1014 = DIRECTION('',(0.,1.,0.));
#1015 = ORIENTED_EDGE('',*,*,#1016,.T.);
#1016 = EDGE_CURVE('',#1009,#1017,#1019,.T.);
#1017 = VERTEX_POINT('',#1018);
#1018 = CARTESIAN_POINT('',(2.384340701994,-5.844372836957,40.));
#1019 = B_SPLINE_CURVE_WITH_KNOTS('',2,(#1020,#1021,#1022),
  .UNSPECIFIED.,.F.,.F.,(3,3),(0.,1.),.PIECEWISE_BEZIER_KNOTS.);
#1020 = CARTESIAN_POINT('',(2.47039077404,-6.15561203004,40.));
#1021 = CARTESIAN_POINT('',(2.47039077404,-5.941905257706,40.));
#1022 = CARTESIAN_POINT('',(2.384340701994,-5.844372836957,40.));
#1023 = ORIENTED_EDGE('',*,*,#1024,.T.);
#1024 = EDGE_CURVE('',#1017,#1025,#1027,.T.);
#1025 = VERTEX_POINT('',#1026);
#1026 = CARTESIAN_POINT('',(2.13010799306,-5.746840416207,40.));
#1027 = B_SPLINE_CURVE_WITH_KNOTS('',2,(#1028,#1029,#1030),
  .UNSPECIFIED.,.F.,.F.,(3,3),(0.,1.),.PIECEWISE_BEZIER_KNOTS.);
#1028 = CARTESIAN_POINT('',(2.384340701994,-5.844372836957,40.));
#1029 = CARTESIAN_POINT('',(2.298290629948,-5.746840416207,40.));
#1030 = CARTESIAN_POINT('',(2.13010799306,-5.746840416207,40.));
#1031 = ORIENTED_EDGE('',*,*,#1032,.T.);
#1032 = EDGE_CURVE('',#1025,#1033,#1035,.T.);
#1033 = VERTEX_POINT('',#1034);
#1034 = CARTESIAN_POINT('',(1.923695889314,-5.801955689983,40.));
#1035 = B_SPLINE_CURVE_WITH_KNOTS('',2,(#1036,#1037,#1038),
  .UNSPECIFIED.,.F.,.F.,(3,3),(0.,1.),.PIECEWISE_BEZIER_KNOTS.);
#1036 = CARTESIAN_POINT('',(2.13010799306,-5.746840416207,40.));
#1037 = CARTESIAN_POINT('',(2.02014761842,-5.746840416207,40.));
#1038 = CARTESIAN_POINT('',(1.923695889314,-5.801955689983,40.));
#1039 = ORIENTED_EDGE('',*,*,#1040,.T.);
#1040 = EDGE_CURVE('',#1033,#1041,#1043,.T.);
#1041 = VERTEX_POINT('',#1042);
#1042 = CARTESIAN_POINT('',(1.744165990178,-5.952712174133,40.));
#1043 = B_SPLINE_CURVE_WITH_KNOTS('',2,(#1044,#1045,#1046),
  .UNSPECIFIED.,.F.,.F.,(3,3),(0.,1.),.PIECEWISE_BEZIER_KNOTS.);
#1044 = CARTESIAN_POINT('',(1.923695889314,-5.801955689983,40.));
#1045 = CARTESIAN_POINT('',(1.827244160207,-5.857070963758,40.));
#1046 = CARTESIAN_POINT('',(1.744165990178,-5.952712174133,40.));
#1047 = ORIENTED_EDGE('',*,*,#1048,.T.);
#1048 = EDGE_CURVE('',#1041,#767,#1049,.T.);
#1049 = LINE('',#1050,#1051);
#1050 = CARTESIAN_POINT('',(1.744165990178,-5.952712174133,40.));
#1051 = VECTOR('',#1052,1.);
#1052 = DIRECTION('',(0.,-1.,0.));
#1053 = FACE_BOUND('',#1054,.T.);
#1054 = EDGE_LOOP('',(#1055,#1065,#1073,#1081,#1089,#1097,#1105,#1113,
    #1121,#1129,#1137,#1145,#1153,#1161,#1169,#1177,#1185,#1193,#1201,
    #1209,#1217,#1225,#1233,#1241,#1249,#1257,#1265,#1273,#1281,#1289,
    #1297,#1305,#1313,#1321,#1329,#1337));
#1055 = ORIENTED_EDGE('',*,*,#1056,.T.);
#1056 = EDGE_CURVE('',#1057,#1059,#1061,.T.);
#1057 = VERTEX_POINT('',#1058);
#1058 = CARTESIAN_POINT('',(5.236961379227,-7.510529177014,40.));
#1059 = VERTEX_POINT('',#1060);
#1060 = CARTESIAN_POINT('',(4.724578454155,-7.510529177014,40.));
#1061 = LINE('',#1062,#1063);
#1062 = CARTESIAN_POINT('',(5.236961379227,-7.510529177014,40.));
#1063 = VECTOR('',#1064,1.);
#1064 = DIRECTION('',(-1.,0.,0.));
#1065 = ORIENTED_EDGE('',*,*,#1066,.T.);
#1066 = EDGE_CURVE('',#1059,#1067,#1069,.T.);
#1067 = VERTEX_POINT('',#1068);
#1068 = CARTESIAN_POINT('',(4.724578454155,-5.383728024277,40.));
#1069 = LINE('',#1070,#1071);
#1070 = CARTESIAN_POINT('',(4.724578454155,-7.510529177014,40.));
#1071 = VECTOR('',#1072,1.);
#1072 = DIRECTION('',(0.,1.,0.));
#1073 = ORIENTED_EDGE('',*,*,#1074,.T.);
#1074 = EDGE_CURVE('',#1067,#1075,#1077,.T.);
#1075 = VERTEX_POINT('',#1076);
#1076 = CARTESIAN_POINT('',(5.037843944069,-5.383728024277,40.));
#1077 = LINE('',#1078,#1079);
#1078 = CARTESIAN_POINT('',(4.724578454155,-5.383728024277,40.));
#1079 = VECTOR('',#1080,1.);
#1080 = DIRECTION('',(1.,0.,0.));
#1081 = ORIENTED_EDGE('',*,*,#1082,.T.);
#1082 = EDGE_CURVE('',#1075,#1083,#1085,.T.);
#1083 = VERTEX_POINT('',#1084);
#1084 = CARTESIAN_POINT('',(5.16860763283,-5.477072764911,40.));
#1085 = B_SPLINE_CURVE_WITH_KNOTS('',2,(#1086,#1087,#1088),
  .UNSPECIFIED.,.F.,.F.,(3,3),(0.,1.),.PIECEWISE_BEZIER_KNOTS.);
#1086 = CARTESIAN_POINT('',(5.037843944069,-5.383728024277,40.));
#1087 = CARTESIAN_POINT('',(5.137402661648,-5.383728024277,40.));
#1088 = CARTESIAN_POINT('',(5.16860763283,-5.477072764911,40.));
#1089 = ORIENTED_EDGE('',*,*,#1090,.T.);
#1090 = EDGE_CURVE('',#1083,#1091,#1093,.T.);
#1091 = VERTEX_POINT('',#1092);
#1092 = CARTESIAN_POINT('',(5.201703814386,-5.634583571827,40.));
#1093 = LINE('',#1094,#1095);
#1094 = CARTESIAN_POINT('',(5.16860763283,-5.477072764911,40.));
#1095 = VECTOR('',#1096,1.);
#1096 = DIRECTION('',(0.205629772653,-0.978629856789,0.));
#1097 = ORIENTED_EDGE('',*,*,#1098,.T.);
#1098 = EDGE_CURVE('',#1091,#1099,#1101,.T.);
#1099 = VERTEX_POINT('',#1100);
#1100 = CARTESIAN_POINT('',(5.318958857614,-5.520030257706,40.));
#1101 = B_SPLINE_CURVE_WITH_KNOTS('',2,(#1102,#1103,#1104),
  .UNSPECIFIED.,.F.,.F.,(3,3),(0.,1.),.PIECEWISE_BEZIER_KNOTS.);
#1102 = CARTESIAN_POINT('',(5.201703814386,-5.634583571827,40.));
#1103 = CARTESIAN_POINT('',(5.257764693348,-5.572038543009,40.));
#1104 = CARTESIAN_POINT('',(5.318958857614,-5.520030257706,40.));
#1105 = ORIENTED_EDGE('',*,*,#1106,.T.);
#1106 = EDGE_CURVE('',#1099,#1107,#1109,.T.);
#1107 = VERTEX_POINT('',#1108);
#1108 = CARTESIAN_POINT('',(5.449587459919,-5.430467937821,40.));
#1109 = B_SPLINE_CURVE_WITH_KNOTS('',2,(#1110,#1111,#1112),
  .UNSPECIFIED.,.F.,.F.,(3,3),(0.,1.),.PIECEWISE_BEZIER_KNOTS.);
#1110 = CARTESIAN_POINT('',(5.318958857614,-5.520030257706,40.));
#1111 = CARTESIAN_POINT('',(5.380153021879,-5.467886885948,40.));
#1112 = CARTESIAN_POINT('',(5.449587459919,-5.430467937821,40.));
#1113 = ORIENTED_EDGE('',*,*,#1114,.T.);
#1114 = EDGE_CURVE('',#1107,#1115,#1117,.T.);
#1115 = VERTEX_POINT('',#1116);
#1116 = CARTESIAN_POINT('',(5.598993079516,-5.371029897475,40.));
#1117 = B_SPLINE_CURVE_WITH_KNOTS('',2,(#1118,#1119,#1120),
  .UNSPECIFIED.,.F.,.F.,(3,3),(0.,1.),.PIECEWISE_BEZIER_KNOTS.);
#1118 = CARTESIAN_POINT('',(5.449587459919,-5.430467937821,40.));
#1119 = CARTESIAN_POINT('',(5.519156984415,-5.392913903239,40.));
#1120 = CARTESIAN_POINT('',(5.598993079516,-5.371029897475,40.));
#1121 = ORIENTED_EDGE('',*,*,#1122,.T.);
#1122 = EDGE_CURVE('',#1115,#1123,#1125,.T.);
#1123 = VERTEX_POINT('',#1124);
#1124 = CARTESIAN_POINT('',(5.774470384991,-5.349145891712,40.));
#1125 = B_SPLINE_CURVE_WITH_KNOTS('',2,(#1126,#1127,#1128),
  .UNSPECIFIED.,.F.,.F.,(3,3),(0.,1.),.PIECEWISE_BEZIER_KNOTS.);
#1126 = CARTESIAN_POINT('',(5.598993079516,-5.371029897475,40.));
#1127 = CARTESIAN_POINT('',(5.678964261072,-5.349145891712,40.));
#1128 = CARTESIAN_POINT('',(5.774470384991,-5.349145891712,40.));
#1129 = ORIENTED_EDGE('',*,*,#1130,.T.);
#1130 = EDGE_CURVE('',#1123,#1131,#1133,.T.);
#1131 = VERTEX_POINT('',#1132);
#1132 = CARTESIAN_POINT('',(6.105432200553,-5.457890488254,40.));
#1133 = B_SPLINE_CURVE_WITH_KNOTS('',2,(#1134,#1135,#1136),
  .UNSPECIFIED.,.F.,.F.,(3,3),(0.,1.),.PIECEWISE_BEZIER_KNOTS.);
#1134 = CARTESIAN_POINT('',(5.774470384991,-5.349145891712,40.));
#1135 = CARTESIAN_POINT('',(5.975749203435,-5.349145891712,40.));
#1136 = CARTESIAN_POINT('',(6.105432200553,-5.457890488254,40.));
#1137 = ORIENTED_EDGE('',*,*,#1138,.T.);
#1138 = EDGE_CURVE('',#1131,#1139,#1141,.T.);
#1139 = VERTEX_POINT('',#1140);
#1140 = CARTESIAN_POINT('',(6.299416350409,-5.746840416207,40.));
#1141 = B_SPLINE_CURVE_WITH_KNOTS('',2,(#1142,#1143,#1144),
  .UNSPECIFIED.,.F.,.F.,(3,3),(0.,1.),.PIECEWISE_BEZIER_KNOTS.);
#1142 = CARTESIAN_POINT('',(6.105432200553,-5.457890488254,40.));
#1143 = CARTESIAN_POINT('',(6.235115197671,-5.566635084795,40.));
#1144 = CARTESIAN_POINT('',(6.299416350409,-5.746840416207,40.));
#1145 = ORIENTED_EDGE('',*,*,#1146,.T.);
#1146 = EDGE_CURVE('',#1139,#1147,#1149,.T.);
#1147 = VERTEX_POINT('',#1148);
#1148 = CARTESIAN_POINT('',(6.423830975769,-5.565689479608,40.));
#1149 = B_SPLINE_CURVE_WITH_KNOTS('',2,(#1150,#1151,#1152),
  .UNSPECIFIED.,.F.,.F.,(3,3),(0.,1.),.PIECEWISE_BEZIER_KNOTS.);
#1150 = CARTESIAN_POINT('',(6.299416350409,-5.746840416207,40.));
#1151 = CARTESIAN_POINT('',(6.349128165971,-5.641202808138,40.));
#1152 = CARTESIAN_POINT('',(6.423830975769,-5.565689479608,40.));
#1153 = ORIENTED_EDGE('',*,*,#1154,.T.);
#1154 = EDGE_CURVE('',#1147,#1155,#1157,.T.);
#1155 = VERTEX_POINT('',#1156);
#1156 = CARTESIAN_POINT('',(6.587690846086,-5.44235554589,40.));
#1157 = B_SPLINE_CURVE_WITH_KNOTS('',2,(#1158,#1159,#1160),
  .UNSPECIFIED.,.F.,.F.,(3,3),(0.,1.),.PIECEWISE_BEZIER_KNOTS.);
#1158 = CARTESIAN_POINT('',(6.423830975769,-5.565689479608,40.));
#1159 = CARTESIAN_POINT('',(6.498533785567,-5.490041064622,40.));
#1160 = CARTESIAN_POINT('',(6.587690846086,-5.44235554589,40.));
#1161 = ORIENTED_EDGE('',*,*,#1162,.T.);
#1162 = EDGE_CURVE('',#1155,#1163,#1165,.T.);
#1163 = VERTEX_POINT('',#1164);
#1164 = CARTESIAN_POINT('',(6.777622402282,-5.371975502663,40.));
#1165 = B_SPLINE_CURVE_WITH_KNOTS('',2,(#1166,#1167,#1168),
  .UNSPECIFIED.,.F.,.F.,(3,3),(0.,1.),.PIECEWISE_BEZIER_KNOTS.);
#1166 = CARTESIAN_POINT('',(6.587690846086,-5.44235554589,40.));
#1167 = CARTESIAN_POINT('',(6.67698299306,-5.394670027158,40.));
#1168 = CARTESIAN_POINT('',(6.777622402282,-5.371975502663,40.));
#1169 = ORIENTED_EDGE('',*,*,#1170,.T.);
#1170 = EDGE_CURVE('',#1163,#1171,#1173,.T.);
#1171 = VERTEX_POINT('',#1172);
#1172 = CARTESIAN_POINT('',(6.979981912369,-5.349145891712,40.));
#1173 = B_SPLINE_CURVE_WITH_KNOTS('',2,(#1174,#1175,#1176),
  .UNSPECIFIED.,.F.,.F.,(3,3),(0.,1.),.PIECEWISE_BEZIER_KNOTS.);
#1174 = CARTESIAN_POINT('',(6.777622402282,-5.371975502663,40.));
#1175 = CARTESIAN_POINT('',(6.878261811504,-5.349145891712,40.));
#1176 = CARTESIAN_POINT('',(6.979981912369,-5.349145891712,40.));
#1177 = ORIENTED_EDGE('',*,*,#1178,.T.);
#1178 = EDGE_CURVE('',#1171,#1179,#1181,.T.);
#1179 = VERTEX_POINT('',#1180);
#1180 = CARTESIAN_POINT('',(7.293247402282,-5.403045387389,40.));
#1181 = B_SPLINE_CURVE_WITH_KNOTS('',2,(#1182,#1183,#1184),
  .UNSPECIFIED.,.F.,.F.,(3,3),(0.,1.),.PIECEWISE_BEZIER_KNOTS.);
#1182 = CARTESIAN_POINT('',(6.979981912369,-5.349145891712,40.));
#1183 = CARTESIAN_POINT('',(7.156269736576,-5.349145891712,40.));
#1184 = CARTESIAN_POINT('',(7.293247402282,-5.403045387389,40.));
#1185 = ORIENTED_EDGE('',*,*,#1186,.T.);
#1186 = EDGE_CURVE('',#1179,#1187,#1189,.T.);
#1187 = VERTEX_POINT('',#1188);
#1188 = CARTESIAN_POINT('',(7.523569808622,-5.560691280761,40.));
#1189 = B_SPLINE_CURVE_WITH_KNOTS('',2,(#1190,#1191,#1192),
  .UNSPECIFIED.,.F.,.F.,(3,3),(0.,1.),.PIECEWISE_BEZIER_KNOTS.);
#1190 = CARTESIAN_POINT('',(7.293247402282,-5.403045387389,40.));
#1191 = CARTESIAN_POINT('',(7.430225067988,-5.456944883066,40.));
#1192 = CARTESIAN_POINT('',(7.523569808622,-5.560691280761,40.));
#1193 = ORIENTED_EDGE('',*,*,#1194,.T.);
#1194 = EDGE_CURVE('',#1187,#1195,#1197,.T.);
#1195 = VERTEX_POINT('',#1196);
#1196 = CARTESIAN_POINT('',(7.665680759631,-5.813843298052,40.));
#1197 = B_SPLINE_CURVE_WITH_KNOTS('',2,(#1198,#1199,#1200),
  .UNSPECIFIED.,.F.,.F.,(3,3),(0.,1.),.PIECEWISE_BEZIER_KNOTS.);
#1198 = CARTESIAN_POINT('',(7.523569808622,-5.560691280761,40.));
#1199 = CARTESIAN_POINT('',(7.616914549256,-5.664437678455,40.));
#1200 = CARTESIAN_POINT('',(7.665680759631,-5.813843298052,40.));
#1201 = ORIENTED_EDGE('',*,*,#1202,.T.);
#1202 = EDGE_CURVE('',#1195,#1203,#1205,.T.);
#1203 = VERTEX_POINT('',#1204);
#1204 = CARTESIAN_POINT('',(7.714446970005,-6.156017289406,40.));
#1205 = B_SPLINE_CURVE_WITH_KNOTS('',2,(#1206,#1207,#1208),
  .UNSPECIFIED.,.F.,.F.,(3,3),(0.,1.),.PIECEWISE_BEZIER_KNOTS.);
#1206 = CARTESIAN_POINT('',(7.665680759631,-5.813843298052,40.));
#1207 = CARTESIAN_POINT('',(7.714446970005,-5.963113831193,40.));
#1208 = CARTESIAN_POINT('',(7.714446970005,-6.156017289406,40.));
#1209 = ORIENTED_EDGE('',*,*,#1210,.T.);
#1210 = EDGE_CURVE('',#1203,#1211,#1213,.T.);
#1211 = VERTEX_POINT('',#1212);
#1212 = CARTESIAN_POINT('',(7.714446970005,-7.510529177014,40.));
#1213 = LINE('',#1214,#1215);
#1214 = CARTESIAN_POINT('',(7.714446970005,-6.156017289406,40.));
#1215 = VECTOR('',#1216,1.);
#1216 = DIRECTION('',(0.,-1.,0.));
#1217 = ORIENTED_EDGE('',*,*,#1218,.T.);
#1218 = EDGE_CURVE('',#1211,#1219,#1221,.T.);
#1219 = VERTEX_POINT('',#1220);
#1220 = CARTESIAN_POINT('',(7.201928958478,-7.510529177014,40.));
#1221 = LINE('',#1222,#1223);
#1222 = CARTESIAN_POINT('',(7.714446970005,-7.510529177014,40.));
#1223 = VECTOR('',#1224,1.);
#1224 = DIRECTION('',(-1.,0.,0.));
#1225 = ORIENTED_EDGE('',*,*,#1226,.T.);
#1226 = EDGE_CURVE('',#1219,#1227,#1229,.T.);
#1227 = VERTEX_POINT('',#1228);
#1228 = CARTESIAN_POINT('',(7.201928958478,-6.15561203004,40.));
#1229 = LINE('',#1230,#1231);
#1230 = CARTESIAN_POINT('',(7.201928958478,-7.510529177014,40.));
#1231 = VECTOR('',#1232,1.);
#1232 = DIRECTION('',(0.,1.,0.));
#1233 = ORIENTED_EDGE('',*,*,#1234,.T.);
#1234 = EDGE_CURVE('',#1227,#1235,#1237,.T.);
#1235 = VERTEX_POINT('',#1236);
#1236 = CARTESIAN_POINT('',(7.112636811504,-5.849641208715,40.));
#1237 = B_SPLINE_CURVE_WITH_KNOTS('',2,(#1238,#1239,#1240),
  .UNSPECIFIED.,.F.,.F.,(3,3),(0.,1.),.PIECEWISE_BEZIER_KNOTS.);
#1238 = CARTESIAN_POINT('',(7.201928958478,-6.15561203004,40.));
#1239 = CARTESIAN_POINT('',(7.201928958478,-5.952306914767,40.));
#1240 = CARTESIAN_POINT('',(7.112636811504,-5.849641208715,40.));
#1241 = ORIENTED_EDGE('',*,*,#1242,.T.);
#1242 = EDGE_CURVE('',#1235,#1243,#1245,.T.);
#1243 = VERTEX_POINT('',#1244);
#1244 = CARTESIAN_POINT('',(6.851379606893,-5.746840416207,40.));
#1245 = B_SPLINE_CURVE_WITH_KNOTS('',2,(#1246,#1247,#1248),
  .UNSPECIFIED.,.F.,.F.,(3,3),(0.,1.),.PIECEWISE_BEZIER_KNOTS.);
#1246 = CARTESIAN_POINT('',(7.112636811504,-5.849641208715,40.));
#1247 = CARTESIAN_POINT('',(7.023479750985,-5.746840416207,40.));
#1248 = CARTESIAN_POINT('',(6.851379606893,-5.746840416207,40.));
#1249 = ORIENTED_EDGE('',*,*,#1250,.T.);
#1250 = EDGE_CURVE('',#1243,#1251,#1253,.T.);
#1251 = VERTEX_POINT('',#1252);
#1252 = CARTESIAN_POINT('',(6.704945889314,-5.773857707274,40.));
#1253 = B_SPLINE_CURVE_WITH_KNOTS('',2,(#1254,#1255,#1256),
  .UNSPECIFIED.,.F.,.F.,(3,3),(0.,1.),.PIECEWISE_BEZIER_KNOTS.);
#1254 = CARTESIAN_POINT('',(6.851379606893,-5.746840416207,40.));
#1255 = CARTESIAN_POINT('',(6.77248911698,-5.746840416207,40.));
#1256 = CARTESIAN_POINT('',(6.704945889314,-5.773857707274,40.));
#1257 = ORIENTED_EDGE('',*,*,#1258,.T.);
#1258 = EDGE_CURVE('',#1251,#1259,#1261,.T.);
#1259 = VERTEX_POINT('',#1260);
#1260 = CARTESIAN_POINT('',(6.586745240899,-5.851667505545,40.));
#1261 = B_SPLINE_CURVE_WITH_KNOTS('',2,(#1262,#1263,#1264),
  .UNSPECIFIED.,.F.,.F.,(3,3),(0.,1.),.PIECEWISE_BEZIER_KNOTS.);
#1262 = CARTESIAN_POINT('',(6.704945889314,-5.773857707274,40.));
#1263 = CARTESIAN_POINT('',(6.637537748103,-5.800739911885,40.));
#1264 = CARTESIAN_POINT('',(6.586745240899,-5.851667505545,40.));
#1265 = ORIENTED_EDGE('',*,*,#1266,.T.);
#1266 = EDGE_CURVE('',#1259,#1267,#1269,.T.);
#1267 = VERTEX_POINT('',#1268);
#1268 = CARTESIAN_POINT('',(6.506909145798,-5.979324205833,40.));
#1269 = B_SPLINE_CURVE_WITH_KNOTS('',2,(#1270,#1271,#1272),
  .UNSPECIFIED.,.F.,.F.,(3,3),(0.,1.),.PIECEWISE_BEZIER_KNOTS.);
#1270 = CARTESIAN_POINT('',(6.586745240899,-5.851667505545,40.));
#1271 = CARTESIAN_POINT('',(6.535952733694,-5.902460012749,40.));
#1272 = CARTESIAN_POINT('',(6.506909145798,-5.979324205833,40.));
#1273 = ORIENTED_EDGE('',*,*,#1274,.T.);
#1274 = EDGE_CURVE('',#1267,#1275,#1277,.T.);
#1275 = VERTEX_POINT('',#1276);
#1276 = CARTESIAN_POINT('',(6.477865557902,-6.15561203004,40.));
#1277 = B_SPLINE_CURVE_WITH_KNOTS('',2,(#1278,#1279,#1280),
  .UNSPECIFIED.,.F.,.F.,(3,3),(0.,1.),.PIECEWISE_BEZIER_KNOTS.);
#1278 = CARTESIAN_POINT('',(6.506909145798,-5.979324205833,40.));
#1279 = CARTESIAN_POINT('',(6.477865557902,-6.056053312461,40.));
#1280 = CARTESIAN_POINT('',(6.477865557902,-6.15561203004,40.));
#1281 = ORIENTED_EDGE('',*,*,#1282,.T.);
#1282 = EDGE_CURVE('',#1275,#1283,#1285,.T.);
#1283 = VERTEX_POINT('',#1284);
#1284 = CARTESIAN_POINT('',(6.477865557902,-7.510529177014,40.));
#1285 = LINE('',#1286,#1287);
#1286 = CARTESIAN_POINT('',(6.477865557902,-6.15561203004,40.));
#1287 = VECTOR('',#1288,1.);
#1288 = DIRECTION('',(0.,-1.,0.));
#1289 = ORIENTED_EDGE('',*,*,#1290,.T.);
#1290 = EDGE_CURVE('',#1283,#1291,#1293,.T.);
#1291 = VERTEX_POINT('',#1292);
#1292 = CARTESIAN_POINT('',(5.963186163089,-7.510529177014,40.));
#1293 = LINE('',#1294,#1295);
#1294 = CARTESIAN_POINT('',(6.477865557902,-7.510529177014,40.));
#1295 = VECTOR('',#1296,1.);
#1296 = DIRECTION('',(-1.,0.,0.));
#1297 = ORIENTED_EDGE('',*,*,#1298,.T.);
#1298 = EDGE_CURVE('',#1291,#1299,#1301,.T.);
#1299 = VERTEX_POINT('',#1300);
#1300 = CARTESIAN_POINT('',(5.963186163089,-6.15561203004,40.));
#1301 = LINE('',#1302,#1303);
#1302 = CARTESIAN_POINT('',(5.963186163089,-7.510529177014,40.));
#1303 = VECTOR('',#1304,1.);
#1304 = DIRECTION('',(0.,1.,0.));
#1305 = ORIENTED_EDGE('',*,*,#1306,.T.);
#1306 = EDGE_CURVE('',#1299,#1307,#1309,.T.);
#1307 = VERTEX_POINT('',#1308);
#1308 = CARTESIAN_POINT('',(5.877136091043,-5.844372836957,40.));
#1309 = B_SPLINE_CURVE_WITH_KNOTS('',2,(#1310,#1311,#1312),
  .UNSPECIFIED.,.F.,.F.,(3,3),(0.,1.),.PIECEWISE_BEZIER_KNOTS.);
#1310 = CARTESIAN_POINT('',(5.963186163089,-6.15561203004,40.));
#1311 = CARTESIAN_POINT('',(5.963186163089,-5.941905257706,40.));
#1312 = CARTESIAN_POINT('',(5.877136091043,-5.844372836957,40.));
#1313 = ORIENTED_EDGE('',*,*,#1314,.T.);
#1314 = EDGE_CURVE('',#1307,#1315,#1317,.T.);
#1315 = VERTEX_POINT('',#1316);
#1316 = CARTESIAN_POINT('',(5.622903382109,-5.746840416207,40.));
#1317 = B_SPLINE_CURVE_WITH_KNOTS('',2,(#1318,#1319,#1320),
  .UNSPECIFIED.,.F.,.F.,(3,3),(0.,1.),.PIECEWISE_BEZIER_KNOTS.);
#1318 = CARTESIAN_POINT('',(5.877136091043,-5.844372836957,40.));
#1319 = CARTESIAN_POINT('',(5.791086018997,-5.746840416207,40.));
#1320 = CARTESIAN_POINT('',(5.622903382109,-5.746840416207,40.));
#1321 = ORIENTED_EDGE('',*,*,#1322,.T.);
#1322 = EDGE_CURVE('',#1315,#1323,#1325,.T.);
#1323 = VERTEX_POINT('',#1324);
#1324 = CARTESIAN_POINT('',(5.416491278363,-5.801955689983,40.));
#1325 = B_SPLINE_CURVE_WITH_KNOTS('',2,(#1326,#1327,#1328),
  .UNSPECIFIED.,.F.,.F.,(3,3),(0.,1.),.PIECEWISE_BEZIER_KNOTS.);
#1326 = CARTESIAN_POINT('',(5.622903382109,-5.746840416207,40.));
#1327 = CARTESIAN_POINT('',(5.512943007469,-5.746840416207,40.));
#1328 = CARTESIAN_POINT('',(5.416491278363,-5.801955689983,40.));
#1329 = ORIENTED_EDGE('',*,*,#1330,.T.);
#1330 = EDGE_CURVE('',#1323,#1331,#1333,.T.);
#1331 = VERTEX_POINT('',#1332);
#1332 = CARTESIAN_POINT('',(5.236961379227,-5.952712174133,40.));
#1333 = B_SPLINE_CURVE_WITH_KNOTS('',2,(#1334,#1335,#1336),
  .UNSPECIFIED.,.F.,.F.,(3,3),(0.,1.),.PIECEWISE_BEZIER_KNOTS.);
#1334 = CARTESIAN_POINT('',(5.416491278363,-5.801955689983,40.));
#1335 = CARTESIAN_POINT('',(5.320039549256,-5.857070963758,40.));
#1336 = CARTESIAN_POINT('',(5.236961379227,-5.952712174133,40.));
#1337 = ORIENTED_EDGE('',*,*,#1338,.T.);
#1338 = EDGE_CURVE('',#1331,#1057,#1339,.T.);
#1339 = LINE('',#1340,#1341);
#1340 = CARTESIAN_POINT('',(5.236961379227,-5.952712174133,40.));
#1341 = VECTOR('',#1342,1.);
#1342 = DIRECTION('',(0.,-1.,0.));
#1343 = FACE_BOUND('',#1344,.T.);
#1344 = EDGE_LOOP('',(#1345,#1355,#1363,#1371));
#1345 = ORIENTED_EDGE('',*,*,#1346,.T.);
#1346 = EDGE_CURVE('',#1347,#1349,#1351,.T.);
#1347 = VERTEX_POINT('',#1348);
#1348 = CARTESIAN_POINT('',(-3.144089589561,1.786290071687,40.));
#1349 = VERTEX_POINT('',#1350);
#1350 = CARTESIAN_POINT('',(-2.289892903682,1.786290071687,40.));
#1351 = LINE('',#1352,#1353);
#1352 = CARTESIAN_POINT('',(-3.144089589561,1.786290071687,40.));
#1353 = VECTOR('',#1354,1.);
#1354 = DIRECTION('',(1.,0.,0.));
#1355 = ORIENTED_EDGE('',*,*,#1356,.T.);
#1356 = EDGE_CURVE('',#1349,#1357,#1359,.T.);
#1357 = VERTEX_POINT('',#1358);
#1358 = CARTESIAN_POINT('',(-2.289892903682,-1.758378516209,40.));
#1359 = LINE('',#1360,#1361);
#1360 = CARTESIAN_POINT('',(-2.289892903682,1.786290071687,40.));
#1361 = VECTOR('',#1362,1.);
#1362 = DIRECTION('',(0.,-1.,0.));
#1363 = ORIENTED_EDGE('',*,*,#1364,.T.);
#1364 = EDGE_CURVE('',#1357,#1365,#1367,.T.);
#1365 = VERTEX_POINT('',#1366);
#1366 = CARTESIAN_POINT('',(-3.144089589561,-1.758378516209,40.));
#1367 = LINE('',#1368,#1369);
#1368 = CARTESIAN_POINT('',(-2.289892903682,-1.758378516209,40.));
#1369 = VECTOR('',#1370,1.);
#1370 = DIRECTION('',(-1.,0.,0.));
#1371 = ORIENTED_EDGE('',*,*,#1372,.T.);
#1372 = EDGE_CURVE('',#1365,#1347,#1373,.T.);
#1373 = LINE('',#1374,#1375);
#1374 = CARTESIAN_POINT('',(-3.144089589561,-1.758378516209,40.));
#1375 = VECTOR('',#1376,1.);
#1376 = DIRECTION('',(0.,1.,0.));
#1377 = FACE_BOUND('',#1378,.T.);
#1378 = EDGE_LOOP('',(#1379,#1389,#1397,#1405,#1413,#1421,#1429,#1437,
    #1445,#1453,#1461,#1469,#1477,#1485,#1493,#1501,#1509,#1517,#1525,
    #1533,#1541,#1549,#1557,#1565,#1573,#1581,#1589,#1597,#1605,#1613,
    #1621,#1629,#1637,#1645,#1653,#1661,#1669,#1677,#1685,#1693,#1701,
    #1709,#1717,#1725,#1733,#1741,#1749,#1757,#1765,#1773));
#1379 = ORIENTED_EDGE('',*,*,#1380,.T.);
#1380 = EDGE_CURVE('',#1381,#1383,#1385,.T.);
#1381 = VERTEX_POINT('',#1382);
#1382 = CARTESIAN_POINT('',(0.973570713032,1.404670835376,40.));
#1383 = VERTEX_POINT('',#1384);
#1384 = CARTESIAN_POINT('',(0.779946793724,1.099600590419,40.));
#1385 = LINE('',#1386,#1387);
#1386 = CARTESIAN_POINT('',(0.973570713032,1.404670835376,40.));
#1387 = VECTOR('',#1388,1.);
#1388 = DIRECTION('',(-0.535867150975,-0.844302313455,0.));
#1389 = ORIENTED_EDGE('',*,*,#1390,.T.);
#1390 = EDGE_CURVE('',#1383,#1391,#1393,.T.);
#1391 = VERTEX_POINT('',#1392);
#1392 = CARTESIAN_POINT('',(0.707225251937,1.022376166788,40.));
#1393 = B_SPLINE_CURVE_WITH_KNOTS('',2,(#1394,#1395,#1396),
  .UNSPECIFIED.,.F.,.F.,(3,3),(0.,1.),.PIECEWISE_BEZIER_KNOTS.);
#1394 = CARTESIAN_POINT('',(0.779946793724,1.099600590419,40.));
#1395 = CARTESIAN_POINT('',(0.745274603522,1.044665431918,40.));
#1396 = CARTESIAN_POINT('',(0.707225251937,1.022376166788,40.));
#1397 = ORIENTED_EDGE('',*,*,#1398,.T.);
#1398 = EDGE_CURVE('',#1391,#1399,#1401,.T.);
#1399 = VERTEX_POINT('',#1400);
#1400 = CARTESIAN_POINT('',(0.610413292283,1.000086901659,40.));
#1401 = B_SPLINE_CURVE_WITH_KNOTS('',2,(#1402,#1403,#1404),
  .UNSPECIFIED.,.F.,.F.,(3,3),(0.,1.),.PIECEWISE_BEZIER_KNOTS.);
#1402 = CARTESIAN_POINT('',(0.707225251937,1.022376166788,40.));
#1403 = CARTESIAN_POINT('',(0.669175900352,1.000086901659,40.));
#1404 = CARTESIAN_POINT('',(0.610413292283,1.000086901659,40.));
#1405 = ORIENTED_EDGE('',*,*,#1406,.T.);
#1406 = EDGE_CURVE('',#1399,#1407,#1409,.T.);
#1407 = VERTEX_POINT('',#1408);
#1408 = CARTESIAN_POINT('',(0.477353133782,1.034533947768,40.));
#1409 = B_SPLINE_CURVE_WITH_KNOTS('',2,(#1410,#1411,#1412),
  .UNSPECIFIED.,.F.,.F.,(3,3),(0.,1.),.PIECEWISE_BEZIER_KNOTS.);
#1410 = CARTESIAN_POINT('',(0.610413292283,1.000086901659,40.));
#1411 = CARTESIAN_POINT('',(0.548273522831,1.000086901659,40.));
#1412 = CARTESIAN_POINT('',(0.477353133782,1.034533947768,40.));
#1413 = ORIENTED_EDGE('',*,*,#1414,.T.);
#1414 = EDGE_CURVE('',#1407,#1415,#1417,.T.);
#1415 = VERTEX_POINT('',#1416);
#1416 = CARTESIAN_POINT('',(0.312997946462,1.112208659584,40.));
#1417 = B_SPLINE_CURVE_WITH_KNOTS('',2,(#1418,#1419,#1420),
  .UNSPECIFIED.,.F.,.F.,(3,3),(0.,1.),.PIECEWISE_BEZIER_KNOTS.);
#1418 = CARTESIAN_POINT('',(0.477353133782,1.034533947768,40.));
#1419 = CARTESIAN_POINT('',(0.406432744733,1.068980993878,40.));
#1420 = CARTESIAN_POINT('',(0.312997946462,1.112208659584,40.));
#1421 = ORIENTED_EDGE('',*,*,#1422,.T.);
#1422 = EDGE_CURVE('',#1415,#1423,#1425,.T.);
#1423 = VERTEX_POINT('',#1424);
#1424 = CARTESIAN_POINT('',(0.100236779315,1.189883371399,40.));
#1425 = B_SPLINE_CURVE_WITH_KNOTS('',2,(#1426,#1427,#1428),
  .UNSPECIFIED.,.F.,.F.,(3,3),(0.,1.),.PIECEWISE_BEZIER_KNOTS.);
#1426 = CARTESIAN_POINT('',(0.312997946462,1.112208659584,40.));
#1427 = CARTESIAN_POINT('',(0.219563148191,1.15543632529,40.));
#1428 = CARTESIAN_POINT('',(0.100236779315,1.189883371399,40.));
#1429 = ORIENTED_EDGE('',*,*,#1430,.T.);
#1430 = EDGE_CURVE('',#1423,#1431,#1433,.T.);
#1431 = VERTEX_POINT('',#1432);
#1432 = CARTESIAN_POINT('',(-0.181418480051,1.224330417509,40.));
#1433 = B_SPLINE_CURVE_WITH_KNOTS('',2,(#1434,#1435,#1436),
  .UNSPECIFIED.,.F.,.F.,(3,3),(0.,1.),.PIECEWISE_BEZIER_KNOTS.);
#1434 = CARTESIAN_POINT('',(0.100236779315,1.189883371399,40.));
#1435 = CARTESIAN_POINT('',(-1.886444546907E-02,1.224330417509,40.));
#1436 = CARTESIAN_POINT('',(-0.181418480051,1.224330417509,40.));
#1437 = ORIENTED_EDGE('',*,*,#1438,.T.);
#1438 = EDGE_CURVE('',#1431,#1439,#1441,.T.);
#1439 = VERTEX_POINT('',#1440);
#1440 = CARTESIAN_POINT('',(-0.579248091002,1.11693668552,40.));
#1441 = B_SPLINE_CURVE_WITH_KNOTS('',2,(#1442,#1443,#1444),
  .UNSPECIFIED.,.F.,.F.,(3,3),(0.,1.),.PIECEWISE_BEZIER_KNOTS.);
#1442 = CARTESIAN_POINT('',(-0.181418480051,1.224330417509,40.));
#1443 = CARTESIAN_POINT('',(-0.434030151521,1.224330417509,40.));
#1444 = CARTESIAN_POINT('',(-0.579248091002,1.11693668552,40.));
#1445 = ORIENTED_EDGE('',*,*,#1446,.T.);
#1446 = EDGE_CURVE('',#1439,#1447,#1449,.T.);
#1447 = VERTEX_POINT('',#1448);
#1448 = CARTESIAN_POINT('',(-0.724466030483,0.836407146615,40.));
#1449 = B_SPLINE_CURVE_WITH_KNOTS('',2,(#1450,#1451,#1452),
  .UNSPECIFIED.,.F.,.F.,(3,3),(0.,1.),.PIECEWISE_BEZIER_KNOTS.);
#1450 = CARTESIAN_POINT('',(-0.579248091002,1.11693668552,40.));
#1451 = CARTESIAN_POINT('',(-0.724466030483,1.009542953532,40.));
#1452 = CARTESIAN_POINT('',(-0.724466030483,0.836407146615,40.));
#1453 = ORIENTED_EDGE('',*,*,#1454,.T.);
#1454 = EDGE_CURVE('',#1447,#1455,#1457,.T.);
#1455 = VERTEX_POINT('',#1456);
#1456 = CARTESIAN_POINT('',(-0.650168480051,0.644359235953,40.));
#1457 = B_SPLINE_CURVE_WITH_KNOTS('',2,(#1458,#1459,#1460),
  .UNSPECIFIED.,.F.,.F.,(3,3),(0.,1.),.PIECEWISE_BEZIER_KNOTS.);
#1458 = CARTESIAN_POINT('',(-0.724466030483,0.836407146615,40.));
#1459 = CARTESIAN_POINT('',(-0.724466030483,0.72225909186,40.));
#1460 = CARTESIAN_POINT('',(-0.650168480051,0.644359235953,40.));
#1461 = ORIENTED_EDGE('',*,*,#1462,.T.);
#1462 = EDGE_CURVE('',#1455,#1463,#1465,.T.);
#1463 = VERTEX_POINT('',#1464);
#1464 = CARTESIAN_POINT('',(-0.452942255267,0.507471627883,40.));
#1465 = B_SPLINE_CURVE_WITH_KNOTS('',2,(#1466,#1467,#1468),
  .UNSPECIFIED.,.F.,.F.,(3,3),(0.,1.),.PIECEWISE_BEZIER_KNOTS.);
#1466 = CARTESIAN_POINT('',(-0.650168480051,0.644359235953,40.));
#1467 = CARTESIAN_POINT('',(-0.575645785527,0.566459380045,40.));
#1468 = CARTESIAN_POINT('',(-0.452942255267,0.507471627883,40.));
#1469 = ORIENTED_EDGE('',*,*,#1470,.T.);
#1470 = EDGE_CURVE('',#1463,#1471,#1473,.T.);
#1471 = VERTEX_POINT('',#1472);
#1472 = CARTESIAN_POINT('',(-0.174664157285,0.401879048633,40.));
#1473 = B_SPLINE_CURVE_WITH_KNOTS('',2,(#1474,#1475,#1476),
  .UNSPECIFIED.,.F.,.F.,(3,3),(0.,1.),.PIECEWISE_BEZIER_KNOTS.);
#1474 = CARTESIAN_POINT('',(-0.452942255267,0.507471627883,40.));
#1475 = CARTESIAN_POINT('',(-0.330238725008,0.448709019814,40.));
#1476 = CARTESIAN_POINT('',(-0.174664157285,0.401879048633,40.));
#1477 = ORIENTED_EDGE('',*,*,#1478,.T.);
#1478 = EDGE_CURVE('',#1471,#1479,#1481,.T.);
#1479 = VERTEX_POINT('',#1480);
#1480 = CARTESIAN_POINT('',(0.143464445021,0.299663630765,40.));
#1481 = B_SPLINE_CURVE_WITH_KNOTS('',2,(#1482,#1483,#1484),
  .UNSPECIFIED.,.F.,.F.,(3,3),(0.,1.),.PIECEWISE_BEZIER_KNOTS.);
#1482 = CARTESIAN_POINT('',(-0.174664157285,0.401879048633,40.));
#1483 = CARTESIAN_POINT('',(-1.886444546907E-02,0.355274221543,40.));
#1484 = CARTESIAN_POINT('',(0.143464445021,0.299663630765,40.));
#1485 = ORIENTED_EDGE('',*,*,#1486,.T.);
#1486 = EDGE_CURVE('',#1479,#1487,#1489,.T.);
#1487 = VERTEX_POINT('',#1488);
#1488 = CARTESIAN_POINT('',(0.461593047326,0.17335779503,40.));
#1489 = B_SPLINE_CURVE_WITH_KNOTS('',2,(#1490,#1491,#1492),
  .UNSPECIFIED.,.F.,.F.,(3,3),(0.,1.),.PIECEWISE_BEZIER_KNOTS.);
#1490 = CARTESIAN_POINT('',(0.143464445021,0.299663630765,40.));
#1491 = CARTESIAN_POINT('',(0.306018479603,0.244278184079,40.));
#1492 = CARTESIAN_POINT('',(0.461593047326,0.17335779503,40.));
#1493 = ORIENTED_EDGE('',*,*,#1494,.T.);
#1494 = EDGE_CURVE('',#1487,#1495,#1497,.T.);
#1495 = VERTEX_POINT('',#1496);
#1496 = CARTESIAN_POINT('',(0.740096289401,-6.757478744905E-03,40.));
#1497 = B_SPLINE_CURVE_WITH_KNOTS('',2,(#1498,#1499,#1500),
  .UNSPECIFIED.,.F.,.F.,(3,3),(0.,1.),.PIECEWISE_BEZIER_KNOTS.);
#1498 = CARTESIAN_POINT('',(0.461593047326,0.17335779503,40.));
#1499 = CARTESIAN_POINT('',(0.617392759142,0.102437405981,40.));
#1500 = CARTESIAN_POINT('',(0.740096289401,-6.757478744905E-03,40.));
#1501 = ORIENTED_EDGE('',*,*,#1502,.T.);
#1502 = EDGE_CURVE('',#1495,#1503,#1505,.T.);
#1503 = VERTEX_POINT('',#1504);
#1504 = CARTESIAN_POINT('',(0.937097370093,-0.268149769811,40.));
#1505 = B_SPLINE_CURVE_WITH_KNOTS('',2,(#1506,#1507,#1508),
  .UNSPECIFIED.,.F.,.F.,(3,3),(0.,1.),.PIECEWISE_BEZIER_KNOTS.);
#1506 = CARTESIAN_POINT('',(0.740096289401,-6.757478744905E-03,40.));
#1507 = CARTESIAN_POINT('',(0.862799819661,-0.115727219379,40.));
#1508 = CARTESIAN_POINT('',(0.937097370093,-0.268149769811,40.));
#1509 = ORIENTED_EDGE('',*,*,#1510,.T.);
#1510 = EDGE_CURVE('',#1503,#1511,#1513,.T.);
#1511 = VERTEX_POINT('',#1512);
#1512 = CARTESIAN_POINT('',(1.011620064617,-0.635134640128,40.));
#1513 = B_SPLINE_CURVE_WITH_KNOTS('',2,(#1514,#1515,#1516),
  .UNSPECIFIED.,.F.,.F.,(3,3),(0.,1.),.PIECEWISE_BEZIER_KNOTS.);
#1514 = CARTESIAN_POINT('',(0.937097370093,-0.268149769811,40.));
#1515 = CARTESIAN_POINT('',(1.011620064617,-0.420572320243,40.));
#1516 = CARTESIAN_POINT('',(1.011620064617,-0.635134640128,40.));
#1517 = ORIENTED_EDGE('',*,*,#1518,.T.);
#1518 = EDGE_CURVE('',#1511,#1519,#1521,.T.);
#1519 = VERTEX_POINT('',#1520);
#1520 = CARTESIAN_POINT('',(0.918185266346,-1.107937233788,40.));
#1521 = B_SPLINE_CURVE_WITH_KNOTS('',2,(#1522,#1523,#1524),
  .UNSPECIFIED.,.F.,.F.,(3,3),(0.,1.),.PIECEWISE_BEZIER_KNOTS.);
#1522 = CARTESIAN_POINT('',(1.011620064617,-0.635134640128,40.));
#1523 = CARTESIAN_POINT('',(1.011620064617,-0.891348617073,40.));
#1524 = CARTESIAN_POINT('',(0.918185266346,-1.107937233788,40.));
#1525 = ORIENTED_EDGE('',*,*,#1526,.T.);
#1526 = EDGE_CURVE('',#1519,#1527,#1529,.T.);
#1527 = VERTEX_POINT('',#1528);
#1528 = CARTESIAN_POINT('',(0.644860338393,-1.481901570964,40.));
#1529 = B_SPLINE_CURVE_WITH_KNOTS('',2,(#1530,#1531,#1532),
  .UNSPECIFIED.,.F.,.F.,(3,3),(0.,1.),.PIECEWISE_BEZIER_KNOTS.);
#1530 = CARTESIAN_POINT('',(0.918185266346,-1.107937233788,40.));
#1531 = CARTESIAN_POINT('',(0.824750468076,-1.324300706411,40.));
#1532 = CARTESIAN_POINT('',(0.644860338393,-1.481901570964,40.));
#1533 = ORIENTED_EDGE('',*,*,#1534,.T.);
#1534 = EDGE_CURVE('',#1527,#1535,#1537,.T.);
#1535 = VERTEX_POINT('',#1536);
#1536 = CARTESIAN_POINT('',(0.200651044444,-1.727758919667,40.));
#1537 = B_SPLINE_CURVE_WITH_KNOTS('',2,(#1538,#1539,#1540),
  .UNSPECIFIED.,.F.,.F.,(3,3),(0.,1.),.PIECEWISE_BEZIER_KNOTS.);
#1538 = CARTESIAN_POINT('',(0.644860338393,-1.481901570964,40.));
#1539 = CARTESIAN_POINT('',(0.465195352802,-1.639502435517,40.));
#1540 = CARTESIAN_POINT('',(0.200651044444,-1.727758919667,40.));
#1541 = ORIENTED_EDGE('',*,*,#1542,.T.);
#1542 = EDGE_CURVE('',#1535,#1543,#1545,.T.);
#1543 = VERTEX_POINT('',#1544);
#1544 = CARTESIAN_POINT('',(-0.406337428178,-1.816015403817,40.));
#1545 = B_SPLINE_CURVE_WITH_KNOTS('',2,(#1546,#1547,#1548),
  .UNSPECIFIED.,.F.,.F.,(3,3),(0.,1.),.PIECEWISE_BEZIER_KNOTS.);
#1546 = CARTESIAN_POINT('',(0.200651044444,-1.727758919667,40.));
#1547 = CARTESIAN_POINT('',(-6.389326391287E-02,-1.816015403817,40.));
#1548 = CARTESIAN_POINT('',(-0.406337428178,-1.816015403817,40.));
#1549 = ORIENTED_EDGE('',*,*,#1550,.T.);
#1550 = EDGE_CURVE('',#1543,#1551,#1553,.T.);
#1551 = VERTEX_POINT('',#1552);
#1552 = CARTESIAN_POINT('',(-0.764316534806,-1.783144366353,40.));
#1553 = B_SPLINE_CURVE_WITH_KNOTS('',2,(#1554,#1555,#1556),
  .UNSPECIFIED.,.F.,.F.,(3,3),(0.,1.),.PIECEWISE_BEZIER_KNOTS.);
#1554 = CARTESIAN_POINT('',(-0.406337428178,-1.816015403817,40.));
#1555 = CARTESIAN_POINT('',(-0.589604719244,-1.816015403817,40.));
#1556 = CARTESIAN_POINT('',(-0.764316534806,-1.783144366353,40.));
#1557 = ORIENTED_EDGE('',*,*,#1558,.T.);
#1558 = EDGE_CURVE('',#1551,#1559,#1561,.T.);
#1559 = VERTEX_POINT('',#1560);
#1560 = CARTESIAN_POINT('',(-1.099781232213,-1.69151072082,40.));
#1561 = B_SPLINE_CURVE_WITH_KNOTS('',2,(#1562,#1563,#1564),
  .UNSPECIFIED.,.F.,.F.,(3,3),(0.,1.),.PIECEWISE_BEZIER_KNOTS.);
#1562 = CARTESIAN_POINT('',(-0.764316534806,-1.783144366353,40.));
#1563 = CARTESIAN_POINT('',(-0.938803206276,-1.750273328889,40.));
#1564 = CARTESIAN_POINT('',(-1.099781232213,-1.69151072082,40.));
#1565 = ORIENTED_EDGE('',*,*,#1566,.T.);
#1566 = EDGE_CURVE('',#1559,#1567,#1569,.T.);
#1567 = VERTEX_POINT('',#1568);
#1568 = CARTESIAN_POINT('',(-1.397196578034,-1.553272248197,40.));
#1569 = B_SPLINE_CURVE_WITH_KNOTS('',2,(#1570,#1571,#1572),
  .UNSPECIFIED.,.F.,.F.,(3,3),(0.,1.),.PIECEWISE_BEZIER_KNOTS.);
#1570 = CARTESIAN_POINT('',(-1.099781232213,-1.69151072082,40.));
#1571 = CARTESIAN_POINT('',(-1.260534114057,-1.632748112751,40.));
#1572 = CARTESIAN_POINT('',(-1.397196578034,-1.553272248197,40.));
#1573 = ORIENTED_EDGE('',*,*,#1574,.T.);
#1574 = EDGE_CURVE('',#1567,#1575,#1577,.T.);
#1575 = VERTEX_POINT('',#1576);
#1576 = CARTESIAN_POINT('',(-1.637425324432,-1.380136441281,40.));
#1577 = B_SPLINE_CURVE_WITH_KNOTS('',2,(#1578,#1579,#1580),
  .UNSPECIFIED.,.F.,.F.,(3,3),(0.,1.),.PIECEWISE_BEZIER_KNOTS.);
#1578 = CARTESIAN_POINT('',(-1.397196578034,-1.553272248197,40.));
#1579 = CARTESIAN_POINT('',(-1.533633897919,-1.473571239552,40.));
#1580 = CARTESIAN_POINT('',(-1.637425324432,-1.380136441281,40.));
#1581 = ORIENTED_EDGE('',*,*,#1582,.T.);
#1582 = EDGE_CURVE('',#1575,#1583,#1585,.T.);
#1583 = VERTEX_POINT('',#1584);
#1584 = CARTESIAN_POINT('',(-1.440199099648,-1.05030034618,40.));
#1585 = LINE('',#1586,#1587);
#1586 = CARTESIAN_POINT('',(-1.637425324432,-1.380136441281,40.));
#1587 = VECTOR('',#1588,1.);
#1588 = DIRECTION('',(0.513202859348,0.858267338978,0.));
#1589 = ORIENTED_EDGE('',*,*,#1590,.T.);
#1590 = EDGE_CURVE('',#1583,#1591,#1593,.T.);
#1591 = VERTEX_POINT('',#1592);
#1592 = CARTESIAN_POINT('',(-1.350366606852,-0.959116988831,40.));
#1593 = B_SPLINE_CURVE_WITH_KNOTS('',2,(#1594,#1595,#1596),
  .UNSPECIFIED.,.F.,.F.,(3,3),(0.,1.),.PIECEWISE_BEZIER_KNOTS.);
#1594 = CARTESIAN_POINT('',(-1.440199099648,-1.05030034618,40.));
#1595 = CARTESIAN_POINT('',(-1.402149748063,-0.990637161742,40.));
#1596 = CARTESIAN_POINT('',(-1.350366606852,-0.959116988831,40.));
#1597 = ORIENTED_EDGE('',*,*,#1598,.T.);
#1598 = EDGE_CURVE('',#1591,#1599,#1601,.T.);
#1599 = VERTEX_POINT('',#1600);
#1600 = CARTESIAN_POINT('',(-1.218882456996,-0.927596815921,40.));
#1601 = B_SPLINE_CURVE_WITH_KNOTS('',2,(#1602,#1603,#1604),
  .UNSPECIFIED.,.F.,.F.,(3,3),(0.,1.),.PIECEWISE_BEZIER_KNOTS.);
#1602 = CARTESIAN_POINT('',(-1.350366606852,-0.959116988831,40.));
#1603 = CARTESIAN_POINT('',(-1.298583465642,-0.927596815921,40.));
#1604 = CARTESIAN_POINT('',(-1.218882456996,-0.927596815921,40.));
#1605 = ORIENTED_EDGE('',*,*,#1606,.T.);
#1606 = EDGE_CURVE('',#1599,#1607,#1609,.T.);
#1607 = VERTEX_POINT('',#1608);
#1608 = CARTESIAN_POINT('',(-1.068486203394,-0.972625634365,40.));
#1609 = B_SPLINE_CURVE_WITH_KNOTS('',2,(#1610,#1611,#1612),
  .UNSPECIFIED.,.F.,.F.,(3,3),(0.,1.),.PIECEWISE_BEZIER_KNOTS.);
#1610 = CARTESIAN_POINT('',(-1.218882456996,-0.927596815921,40.));
#1611 = CARTESIAN_POINT('',(-1.139406592443,-0.927596815921,40.));
#1612 = CARTESIAN_POINT('',(-1.068486203394,-0.972625634365,40.));
#1613 = ORIENTED_EDGE('',*,*,#1614,.T.);
#1614 = EDGE_CURVE('',#1607,#1615,#1617,.T.);
#1615 = VERTEX_POINT('',#1616);
#1616 = CARTESIAN_POINT('',(-0.904356160166,-1.069212449926,40.));
#1617 = B_SPLINE_CURVE_WITH_KNOTS('',2,(#1618,#1619,#1620),
  .UNSPECIFIED.,.F.,.F.,(3,3),(0.,1.),.PIECEWISE_BEZIER_KNOTS.);
#1618 = CARTESIAN_POINT('',(-1.068486203394,-0.972625634365,40.));
#1619 = CARTESIAN_POINT('',(-0.997565814345,-1.017429308716,40.));
#1620 = CARTESIAN_POINT('',(-0.904356160166,-1.069212449926,40.));
#1621 = ORIENTED_EDGE('',*,*,#1622,.T.);
#1622 = EDGE_CURVE('',#1615,#1623,#1625,.T.);
#1623 = VERTEX_POINT('',#1624);
#1624 = CARTESIAN_POINT('',(-0.684840670253,-1.166024409581,40.));
#1625 = B_SPLINE_CURVE_WITH_KNOTS('',2,(#1626,#1627,#1628),
  .UNSPECIFIED.,.F.,.F.,(3,3),(0.,1.),.PIECEWISE_BEZIER_KNOTS.);
#1626 = CARTESIAN_POINT('',(-0.904356160166,-1.069212449926,40.));
#1627 = CARTESIAN_POINT('',(-0.810921361896,-1.120995591137,40.));
#1628 = CARTESIAN_POINT('',(-0.684840670253,-1.166024409581,40.));
#1629 = ORIENTED_EDGE('',*,*,#1630,.T.);
#1630 = EDGE_CURVE('',#1623,#1631,#1633,.T.);
#1631 = VERTEX_POINT('',#1632);
#1632 = CARTESIAN_POINT('',(-0.364685771117,-1.210828083932,40.));
#1633 = B_SPLINE_CURVE_WITH_KNOTS('',2,(#1634,#1635,#1636),
  .UNSPECIFIED.,.F.,.F.,(3,3),(0.,1.),.PIECEWISE_BEZIER_KNOTS.);
#1634 = CARTESIAN_POINT('',(-0.684840670253,-1.166024409581,40.));
#1635 = CARTESIAN_POINT('',(-0.558534834518,-1.210828083932,40.));
#1636 = CARTESIAN_POINT('',(-0.364685771117,-1.210828083932,40.));
#1637 = ORIENTED_EDGE('',*,*,#1638,.T.);
#1638 = EDGE_CURVE('',#1631,#1639,#1641,.T.);
#1639 = VERTEX_POINT('',#1640);
#1640 = CARTESIAN_POINT('',(-0.103743768236,-1.174579885085,40.));
#1641 = B_SPLINE_CURVE_WITH_KNOTS('',2,(#1642,#1643,#1644),
  .UNSPECIFIED.,.F.,.F.,(3,3),(0.,1.),.PIECEWISE_BEZIER_KNOTS.);
#1642 = CARTESIAN_POINT('',(-0.364685771117,-1.210828083932,40.));
#1643 = CARTESIAN_POINT('',(-0.21271350887,-1.210828083932,40.));
#1644 = CARTESIAN_POINT('',(-0.103743768236,-1.174579885085,40.));
#1645 = ORIENTED_EDGE('',*,*,#1646,.T.);
#1646 = EDGE_CURVE('',#1639,#1647,#1649,.T.);
#1647 = VERTEX_POINT('',#1648);
#1648 = CARTESIAN_POINT('',(7.614636144736E-02,-1.079794222261,40.));
#1649 = B_SPLINE_CURVE_WITH_KNOTS('',2,(#1650,#1651,#1652),
  .UNSPECIFIED.,.F.,.F.,(3,3),(0.,1.),.PIECEWISE_BEZIER_KNOTS.);
#1650 = CARTESIAN_POINT('',(-0.103743768236,-1.174579885085,40.));
#1651 = CARTESIAN_POINT('',(5.225972398367E-03,-1.138331686238,40.));
#1652 = CARTESIAN_POINT('',(7.614636144736E-02,-1.079794222261,40.));
#1653 = ORIENTED_EDGE('',*,*,#1654,.T.);
#1654 = EDGE_CURVE('',#1647,#1655,#1657,.T.);
#1655 = VERTEX_POINT('',#1656);
#1656 = CARTESIAN_POINT('',(0.17993778796,-0.943356902376,40.));
#1657 = B_SPLINE_CURVE_WITH_KNOTS('',2,(#1658,#1659,#1660),
  .UNSPECIFIED.,.F.,.F.,(3,3),(0.,1.),.PIECEWISE_BEZIER_KNOTS.);
#1658 = CARTESIAN_POINT('',(7.614636144736E-02,-1.079794222261,40.));
#1659 = CARTESIAN_POINT('',(0.147066750496,-1.021031614192,40.));
#1660 = CARTESIAN_POINT('',(0.17993778796,-0.943356902376,40.));
#1661 = ORIENTED_EDGE('',*,*,#1662,.T.);
#1662 = EDGE_CURVE('',#1655,#1663,#1665,.T.);
#1663 = VERTEX_POINT('',#1664);
#1664 = CARTESIAN_POINT('',(0.212808825424,-0.782829164624,40.));
#1665 = B_SPLINE_CURVE_WITH_KNOTS('',2,(#1666,#1667,#1668),
  .UNSPECIFIED.,.F.,.F.,(3,3),(0.,1.),.PIECEWISE_BEZIER_KNOTS.);
#1666 = CARTESIAN_POINT('',(0.17993778796,-0.943356902376,40.));
#1667 = CARTESIAN_POINT('',(0.212808825424,-0.86568219056,40.));
#1668 = CARTESIAN_POINT('',(0.212808825424,-0.782829164624,40.));
#1669 = ORIENTED_EDGE('',*,*,#1670,.T.);
#1670 = EDGE_CURVE('',#1663,#1671,#1673,.T.);
#1671 = VERTEX_POINT('',#1672);
#1672 = CARTESIAN_POINT('',(0.1382861309,-0.579298905258,40.));
#1673 = B_SPLINE_CURVE_WITH_KNOTS('',2,(#1674,#1675,#1676),
  .UNSPECIFIED.,.F.,.F.,(3,3),(0.,1.),.PIECEWISE_BEZIER_KNOTS.);
#1674 = CARTESIAN_POINT('',(0.212808825424,-0.782829164624,40.));
#1675 = CARTESIAN_POINT('',(0.212808825424,-0.658549625719,40.));
#1676 = CARTESIAN_POINT('',(0.1382861309,-0.579298905258,40.));
#1677 = ORIENTED_EDGE('',*,*,#1678,.T.);
#1678 = EDGE_CURVE('',#1671,#1679,#1681,.T.);
#1679 = VERTEX_POINT('',#1680);
#1680 = CARTESIAN_POINT('',(-5.871494979183E-02,-0.441285576728,40.));
#1681 = B_SPLINE_CURVE_WITH_KNOTS('',2,(#1682,#1683,#1684),
  .UNSPECIFIED.,.F.,.F.,(3,3),(0.,1.),.PIECEWISE_BEZIER_KNOTS.);
#1682 = CARTESIAN_POINT('',(0.1382861309,-0.579298905258,40.));
#1683 = CARTESIAN_POINT('',(6.398858046753E-02,-0.499823040705,40.));
#1684 = CARTESIAN_POINT('',(-5.871494979183E-02,-0.441285576728,40.));
#1685 = ORIENTED_EDGE('',*,*,#1686,.T.);
#1686 = EDGE_CURVE('',#1679,#1687,#1689,.T.);
#1687 = VERTEX_POINT('',#1688);
#1688 = CARTESIAN_POINT('',(-0.338794200512,-0.335918141569,40.));
#1689 = B_SPLINE_CURVE_WITH_KNOTS('',2,(#1690,#1691,#1692),
  .UNSPECIFIED.,.F.,.F.,(3,3),(0.,1.),.PIECEWISE_BEZIER_KNOTS.);
#1690 = CARTESIAN_POINT('',(-5.871494979183E-02,-0.441285576728,40.));
#1691 = CARTESIAN_POINT('',(-0.181418480051,-0.382522968658,40.));
#1692 = CARTESIAN_POINT('',(-0.338794200512,-0.335918141569,40.));
#1693 = ORIENTED_EDGE('',*,*,#1694,.T.);
#1694 = EDGE_CURVE('',#1687,#1695,#1697,.T.);
#1695 = VERTEX_POINT('',#1696);
#1696 = CARTESIAN_POINT('',(-0.660525108293,-0.234153011886,40.));
#1697 = B_SPLINE_CURVE_WITH_KNOTS('',2,(#1698,#1699,#1700),
  .UNSPECIFIED.,.F.,.F.,(3,3),(0.,1.),.PIECEWISE_BEZIER_KNOTS.);
#1698 = CARTESIAN_POINT('',(-0.338794200512,-0.335918141569,40.));
#1699 = CARTESIAN_POINT('',(-0.496169920973,-0.28931331448,40.));
#1700 = CARTESIAN_POINT('',(-0.660525108293,-0.234153011886,40.));
#1701 = ORIENTED_EDGE('',*,*,#1702,.T.);
#1702 = EDGE_CURVE('',#1695,#1703,#1705,.T.);
#1703 = VERTEX_POINT('',#1704);
#1704 = CARTESIAN_POINT('',(-0.982030871982,-0.10469515886,40.));
#1705 = B_SPLINE_CURVE_WITH_KNOTS('',2,(#1706,#1707,#1708),
  .UNSPECIFIED.,.F.,.F.,(3,3),(0.,1.),.PIECEWISE_BEZIER_KNOTS.);
#1706 = CARTESIAN_POINT('',(-0.660525108293,-0.234153011886,40.));
#1707 = CARTESIAN_POINT('',(-0.824655151521,-0.1787675652,40.));
#1708 = CARTESIAN_POINT('',(-0.982030871982,-0.10469515886,40.));
#1709 = ORIENTED_EDGE('',*,*,#1710,.T.);
#1710 = EDGE_CURVE('',#1703,#1711,#1713,.T.);
#1711 = VERTEX_POINT('',#1712);
#1712 = CARTESIAN_POINT('',(-1.262335266795,8.352530223492E-02,40.));
#1713 = B_SPLINE_CURVE_WITH_KNOTS('',2,(#1714,#1715,#1716),
  .UNSPECIFIED.,.F.,.F.,(3,3),(0.,1.),.PIECEWISE_BEZIER_KNOTS.);
#1714 = CARTESIAN_POINT('',(-0.982030871982,-0.10469515886,40.));
#1715 = CARTESIAN_POINT('',(-1.139406592443,-3.03976084279E-02,40.));
#1716 = CARTESIAN_POINT('',(-1.262335266795,8.352530223492E-02,40.));
#1717 = ORIENTED_EDGE('',*,*,#1718,.T.);
#1718 = EDGE_CURVE('',#1711,#1719,#1721,.T.);
#1719 = VERTEX_POINT('',#1720);
#1720 = CARTESIAN_POINT('',(-1.459336347486,0.363154264771,40.));
#1721 = B_SPLINE_CURVE_WITH_KNOTS('',2,(#1722,#1723,#1724),
  .UNSPECIFIED.,.F.,.F.,(3,3),(0.,1.),.PIECEWISE_BEZIER_KNOTS.);
#1722 = CARTESIAN_POINT('',(-1.262335266795,8.352530223492E-02,40.));
#1723 = CARTESIAN_POINT('',(-1.385038797054,0.197448212898,40.));
#1724 = CARTESIAN_POINT('',(-1.459336347486,0.363154264771,40.));
#1725 = ORIENTED_EDGE('',*,*,#1726,.T.);
#1726 = EDGE_CURVE('',#1719,#1727,#1729,.T.);
#1727 = VERTEX_POINT('',#1728);
#1728 = CARTESIAN_POINT('',(-1.533633897919,0.763460460736,40.));
#1729 = B_SPLINE_CURVE_WITH_KNOTS('',2,(#1730,#1731,#1732),
  .UNSPECIFIED.,.F.,.F.,(3,3),(0.,1.),.PIECEWISE_BEZIER_KNOTS.);
#1730 = CARTESIAN_POINT('',(-1.459336347486,0.363154264771,40.));
#1731 = CARTESIAN_POINT('',(-1.533633897919,0.528860316644,40.));
#1732 = CARTESIAN_POINT('',(-1.533633897919,0.763460460736,40.));
#1733 = ORIENTED_EDGE('',*,*,#1734,.T.);
#1734 = EDGE_CURVE('',#1727,#1735,#1737,.T.);
#1735 = VERTEX_POINT('',#1736);
#1736 = CARTESIAN_POINT('',(-1.447178566507,1.177725590419,40.));
#1737 = B_SPLINE_CURVE_WITH_KNOTS('',2,(#1738,#1739,#1740),
  .UNSPECIFIED.,.F.,.F.,(3,3),(0.,1.),.PIECEWISE_BEZIER_KNOTS.);
#1738 = CARTESIAN_POINT('',(-1.533633897919,0.763460460736,40.));
#1739 = CARTESIAN_POINT('',(-1.533633897919,0.98094965382,40.));
#1740 = CARTESIAN_POINT('',(-1.447178566507,1.177725590419,40.));
#1741 = ORIENTED_EDGE('',*,*,#1742,.T.);
#1742 = EDGE_CURVE('',#1735,#1743,#1745,.T.);
#1743 = VERTEX_POINT('',#1744);
#1744 = CARTESIAN_POINT('',(-1.192990886391,1.521070331053,40.));
#1745 = B_SPLINE_CURVE_WITH_KNOTS('',2,(#1746,#1747,#1748),
  .UNSPECIFIED.,.F.,.F.,(3,3),(0.,1.),.PIECEWISE_BEZIER_KNOTS.);
#1746 = CARTESIAN_POINT('',(-1.447178566507,1.177725590419,40.));
#1747 = CARTESIAN_POINT('',(-1.360723235094,1.374501527019,40.));
#1748 = CARTESIAN_POINT('',(-1.192990886391,1.521070331053,40.));
#1749 = ORIENTED_EDGE('',*,*,#1750,.T.);
#1750 = EDGE_CURVE('',#1743,#1751,#1753,.T.);
#1751 = VERTEX_POINT('',#1752);
#1752 = CARTESIAN_POINT('',(-0.774673163048,1.755895619238,40.));
#1753 = B_SPLINE_CURVE_WITH_KNOTS('',2,(#1754,#1755,#1756),
  .UNSPECIFIED.,.F.,.F.,(3,3),(0.,1.),.PIECEWISE_BEZIER_KNOTS.);
#1754 = CARTESIAN_POINT('',(-1.192990886391,1.521070331053,40.));
#1755 = CARTESIAN_POINT('',(-1.025258537688,1.66786427918,40.));
#1756 = CARTESIAN_POINT('',(-0.774673163048,1.755895619238,40.));
#1757 = ORIENTED_EDGE('',*,*,#1758,.T.);
#1758 = EDGE_CURVE('',#1751,#1759,#1761,.T.);
#1759 = VERTEX_POINT('',#1760);
#1760 = CARTESIAN_POINT('',(-0.195377413769,1.843926959295,40.));
#1761 = B_SPLINE_CURVE_WITH_KNOTS('',2,(#1762,#1763,#1764),
  .UNSPECIFIED.,.F.,.F.,(3,3),(0.,1.),.PIECEWISE_BEZIER_KNOTS.);
#1762 = CARTESIAN_POINT('',(-0.774673163048,1.755895619238,40.));
#1763 = CARTESIAN_POINT('',(-0.523862644316,1.843926959295,40.));
#1764 = CARTESIAN_POINT('',(-0.195377413769,1.843926959295,40.));
#1765 = ORIENTED_EDGE('',*,*,#1766,.T.);
#1766 = EDGE_CURVE('',#1759,#1767,#1769,.T.);
#1767 = VERTEX_POINT('',#1768);
#1768 = CARTESIAN_POINT('',(0.471949675568,1.722799437682,40.));
#1769 = B_SPLINE_CURVE_WITH_KNOTS('',2,(#1770,#1771,#1772),
  .UNSPECIFIED.,.F.,.F.,(3,3),(0.,1.),.PIECEWISE_BEZIER_KNOTS.);
#1770 = CARTESIAN_POINT('',(-0.195377413769,1.843926959295,40.));
#1771 = CARTESIAN_POINT('',(0.171157168364,1.843926959295,40.));
#1772 = CARTESIAN_POINT('',(0.471949675568,1.722799437682,40.));
#1773 = ORIENTED_EDGE('',*,*,#1774,.T.);
#1774 = EDGE_CURVE('',#1767,#1381,#1775,.T.);
#1775 = B_SPLINE_CURVE_WITH_KNOTS('',2,(#1776,#1777,#1778),
  .UNSPECIFIED.,.F.,.F.,(3,3),(0.,1.),.PIECEWISE_BEZIER_KNOTS.);
#1776 = CARTESIAN_POINT('',(0.471949675568,1.722799437682,40.));
#1777 = CARTESIAN_POINT('',(0.772967326865,1.60189706016,40.));
#1778 = CARTESIAN_POINT('',(0.973570713032,1.404670835376,40.));
#1779 = FACE_BOUND('',#1780,.T.);
#1780 = EDGE_LOOP('',(#1781,#1791,#1799,#1807,#1815,#1823,#1831,#1839,
    #1847,#1855,#1863,#1871,#1879,#1887,#1895,#1903,#1911,#1919,#1927,
    #1935,#1943));
#1781 = ORIENTED_EDGE('',*,*,#1782,.T.);
#1782 = EDGE_CURVE('',#1783,#1785,#1787,.T.);
#1783 = VERTEX_POINT('',#1784);
#1784 = CARTESIAN_POINT('',(-6.316369848927,0.201275662465,40.));
#1785 = VERTEX_POINT('',#1786);
#1786 = CARTESIAN_POINT('',(-6.713974315786,0.201275662465,40.));
#1787 = LINE('',#1788,#1789);
#1788 = CARTESIAN_POINT('',(-6.316369848927,0.201275662465,40.));
#1789 = VECTOR('',#1790,1.);
#1790 = DIRECTION('',(-1.,0.,0.));
#1791 = ORIENTED_EDGE('',*,*,#1792,.T.);
#1792 = EDGE_CURVE('',#1785,#1793,#1795,.T.);
#1793 = VERTEX_POINT('',#1794);
#1794 = CARTESIAN_POINT('',(-6.713974315786,-1.751173905258,40.));
#1795 = LINE('',#1796,#1797);
#1796 = CARTESIAN_POINT('',(-6.713974315786,0.201275662465,40.));
#1797 = VECTOR('',#1798,1.);
#1798 = DIRECTION('',(0.,-1.,0.));
#1799 = ORIENTED_EDGE('',*,*,#1800,.T.);
#1800 = EDGE_CURVE('',#1793,#1801,#1803,.T.);
#1801 = VERTEX_POINT('',#1802);
#1802 = CARTESIAN_POINT('',(-7.644269704835,-1.751173905258,40.));
#1803 = LINE('',#1804,#1805);
#1804 = CARTESIAN_POINT('',(-6.713974315786,-1.751173905258,40.));
#1805 = VECTOR('',#1806,1.);
#1806 = DIRECTION('',(-1.,0.,0.));
#1807 = ORIENTED_EDGE('',*,*,#1808,.T.);
#1808 = EDGE_CURVE('',#1801,#1809,#1811,.T.);
#1809 = VERTEX_POINT('',#1810);
#1810 = CARTESIAN_POINT('',(-7.644269704835,3.241621483791,40.));
#1811 = LINE('',#1812,#1813);
#1812 = CARTESIAN_POINT('',(-7.644269704835,-1.751173905258,40.));
#1813 = VECTOR('',#1814,1.);
#1814 = DIRECTION('',(0.,1.,0.));
#1815 = ORIENTED_EDGE('',*,*,#1816,.T.);
#1816 = EDGE_CURVE('',#1809,#1817,#1819,.T.);
#1817 = VERTEX_POINT('',#1818);
#1818 = CARTESIAN_POINT('',(-6.119143624143,3.241621483791,40.));
#1819 = LINE('',#1820,#1821);
#1820 = CARTESIAN_POINT('',(-7.644269704835,3.241621483791,40.));
#1821 = VECTOR('',#1822,1.);
#1822 = DIRECTION('',(1.,0.,0.));
#1823 = ORIENTED_EDGE('',*,*,#1824,.T.);
#1824 = EDGE_CURVE('',#1817,#1825,#1827,.T.);
#1825 = VERTEX_POINT('',#1826);
#1826 = CARTESIAN_POINT('',(-5.242657673135,3.136254048633,40.));
#1827 = B_SPLINE_CURVE_WITH_KNOTS('',2,(#1828,#1829,#1830),
  .UNSPECIFIED.,.F.,.F.,(3,3),(0.,1.),.PIECEWISE_BEZIER_KNOTS.);
#1828 = CARTESIAN_POINT('',(-6.119143624143,3.241621483791,40.));
#1829 = CARTESIAN_POINT('',(-5.60739110253,3.241621483791,40.));
#1830 = CARTESIAN_POINT('',(-5.242657673135,3.136254048633,40.));
#1831 = ORIENTED_EDGE('',*,*,#1832,.T.);
#1832 = EDGE_CURVE('',#1825,#1833,#1835,.T.);
#1833 = VERTEX_POINT('',#1834);
#1834 = CARTESIAN_POINT('',(-4.644449820109,2.840864999641,40.));
#1835 = B_SPLINE_CURVE_WITH_KNOTS('',2,(#1836,#1837,#1838),
  .UNSPECIFIED.,.F.,.F.,(3,3),(0.,1.),.PIECEWISE_BEZIER_KNOTS.);
#1836 = CARTESIAN_POINT('',(-5.242657673135,3.136254048633,40.));
#1837 = CARTESIAN_POINT('',(-4.877699099648,3.030886613474,40.));
#1838 = CARTESIAN_POINT('',(-4.644449820109,2.840864999641,40.));
#1839 = ORIENTED_EDGE('',*,*,#1840,.T.);
#1840 = EDGE_CURVE('',#1833,#1841,#1843,.T.);
#1841 = VERTEX_POINT('',#1842);
#1842 = CARTESIAN_POINT('',(-4.302005655844,2.386749365635,40.));
#1843 = B_SPLINE_CURVE_WITH_KNOTS('',2,(#1844,#1845,#1846),
  .UNSPECIFIED.,.F.,.F.,(3,3),(0.,1.),.PIECEWISE_BEZIER_KNOTS.);
#1844 = CARTESIAN_POINT('',(-4.644449820109,2.840864999641,40.));
#1845 = CARTESIAN_POINT('',(-4.410975396478,2.651068529901,40.));
#1846 = CARTESIAN_POINT('',(-4.302005655844,2.386749365635,40.));
#1847 = ORIENTED_EDGE('',*,*,#1848,.T.);
#1848 = EDGE_CURVE('',#1841,#1849,#1851,.T.);
#1849 = VERTEX_POINT('',#1850);
#1850 = CARTESIAN_POINT('',(-4.19303591521,1.804751887249,40.));
#1851 = B_SPLINE_CURVE_WITH_KNOTS('',2,(#1852,#1853,#1854),
  .UNSPECIFIED.,.F.,.F.,(3,3),(0.,1.),.PIECEWISE_BEZIER_KNOTS.);
#1852 = CARTESIAN_POINT('',(-4.302005655844,2.386749365635,40.));
#1853 = CARTESIAN_POINT('',(-4.19303591521,2.122655345463,40.));
#1854 = CARTESIAN_POINT('',(-4.19303591521,1.804751887249,40.));
#1855 = ORIENTED_EDGE('',*,*,#1856,.T.);
#1856 = EDGE_CURVE('',#1849,#1857,#1859,.T.);
#1857 = VERTEX_POINT('',#1858);
#1858 = CARTESIAN_POINT('',(-4.267333465642,1.328121844022,40.));
#1859 = B_SPLINE_CURVE_WITH_KNOTS('',2,(#1860,#1861,#1862),
  .UNSPECIFIED.,.F.,.F.,(3,3),(0.,1.),.PIECEWISE_BEZIER_KNOTS.);
#1860 = CARTESIAN_POINT('',(-4.19303591521,1.804751887249,40.));
#1861 = CARTESIAN_POINT('',(-4.19303591521,1.552815648056,40.));
#1862 = CARTESIAN_POINT('',(-4.267333465642,1.328121844022,40.));
#1863 = ORIENTED_EDGE('',*,*,#1864,.T.);
#1864 = EDGE_CURVE('',#1857,#1865,#1867,.T.);
#1865 = VERTEX_POINT('',#1866);
#1866 = CARTESIAN_POINT('',(-4.481895785527,0.920611037105,40.));
#1867 = B_SPLINE_CURVE_WITH_KNOTS('',2,(#1868,#1869,#1870),
  .UNSPECIFIED.,.F.,.F.,(3,3),(0.,1.),.PIECEWISE_BEZIER_KNOTS.);
#1868 = CARTESIAN_POINT('',(-4.267333465642,1.328121844022,40.));
#1869 = CARTESIAN_POINT('',(-4.341631016074,1.103653184079,40.));
#1870 = CARTESIAN_POINT('',(-4.481895785527,0.920611037105,40.));
#1871 = ORIENTED_EDGE('',*,*,#1872,.T.);
#1872 = EDGE_CURVE('',#1865,#1873,#1875,.T.);
#1873 = VERTEX_POINT('',#1874);
#1874 = CARTESIAN_POINT('',(-4.827717111175,0.599330417509,40.));
#1875 = B_SPLINE_CURVE_WITH_KNOTS('',2,(#1876,#1877,#1878),
  .UNSPECIFIED.,.F.,.F.,(3,3),(0.,1.),.PIECEWISE_BEZIER_KNOTS.);
#1876 = CARTESIAN_POINT('',(-4.481895785527,0.920611037105,40.));
#1877 = CARTESIAN_POINT('',(-4.621935410887,0.737568890131,40.));
#1878 = CARTESIAN_POINT('',(-4.827717111175,0.599330417509,40.));
#1879 = ORIENTED_EDGE('',*,*,#1880,.T.);
#1880 = EDGE_CURVE('',#1873,#1881,#1883,.T.);
#1881 = VERTEX_POINT('',#1882);
#1882 = CARTESIAN_POINT('',(-5.296241967083,0.378464063042,40.));
#1883 = B_SPLINE_CURVE_WITH_KNOTS('',2,(#1884,#1885,#1886),
  .UNSPECIFIED.,.F.,.F.,(3,3),(0.,1.),.PIECEWISE_BEZIER_KNOTS.);
#1884 = CARTESIAN_POINT('',(-4.827717111175,0.599330417509,40.));
#1885 = CARTESIAN_POINT('',(-5.033273667371,0.461317088978,40.));
#1886 = CARTESIAN_POINT('',(-5.296241967083,0.378464063042,40.));
#1887 = ORIENTED_EDGE('',*,*,#1888,.T.);
#1888 = EDGE_CURVE('',#1881,#1889,#1891,.T.);
#1889 = VERTEX_POINT('',#1890);
#1890 = CARTESIAN_POINT('',(-4.991847154403,9.208077773924E-02,40.));
#1891 = B_SPLINE_CURVE_WITH_KNOTS('',2,(#1892,#1893,#1894),
  .UNSPECIFIED.,.F.,.F.,(3,3),(0.,1.),.PIECEWISE_BEZIER_KNOTS.);
#1892 = CARTESIAN_POINT('',(-5.296241967083,0.378464063042,40.));
#1893 = CARTESIAN_POINT('',(-5.119728998783,0.278274942004,40.));
#1894 = CARTESIAN_POINT('',(-4.991847154403,9.208077773924E-02,40.));
#1895 = ORIENTED_EDGE('',*,*,#1896,.T.);
#1896 = EDGE_CURVE('',#1889,#1897,#1899,.T.);
#1897 = VERTEX_POINT('',#1898);
#1898 = CARTESIAN_POINT('',(-3.740046001665,-1.751173905258,40.));
#1899 = LINE('',#1900,#1901);
#1900 = CARTESIAN_POINT('',(-4.991847154403,9.208077773924E-02,40.));
#1901 = VECTOR('',#1902,1.);
#1902 = DIRECTION('',(0.561815193865,-0.827262768377,0.));
#1903 = ORIENTED_EDGE('',*,*,#1904,.T.);
#1904 = EDGE_CURVE('',#1897,#1905,#1907,.T.);
#1905 = VERTEX_POINT('',#1906);
#1906 = CARTESIAN_POINT('',(-4.576906592443,-1.751173905258,40.));
#1907 = LINE('',#1908,#1909);
#1908 = CARTESIAN_POINT('',(-3.740046001665,-1.751173905258,40.));
#1909 = VECTOR('',#1910,1.);
#1910 = DIRECTION('',(-1.,0.,0.));
#1911 = ORIENTED_EDGE('',*,*,#1912,.T.);
#1912 = EDGE_CURVE('',#1905,#1913,#1915,.T.);
#1913 = VERTEX_POINT('',#1914);
#1914 = CARTESIAN_POINT('',(-4.782688292731,-1.702767925431,40.));
#1915 = B_SPLINE_CURVE_WITH_KNOTS('',2,(#1916,#1917,#1918),
  .UNSPECIFIED.,.F.,.F.,(3,3),(0.,1.),.PIECEWISE_BEZIER_KNOTS.);
#1916 = CARTESIAN_POINT('',(-4.576906592443,-1.751173905258,40.));
#1917 = CARTESIAN_POINT('',(-4.697808969965,-1.751173905258,40.));
#1918 = CARTESIAN_POINT('',(-4.782688292731,-1.702767925431,40.));
#1919 = ORIENTED_EDGE('',*,*,#1920,.T.);
#1920 = EDGE_CURVE('',#1913,#1921,#1923,.T.);
#1921 = VERTEX_POINT('',#1922);
#1922 = CARTESIAN_POINT('',(-4.926105079475,-1.564529452808,40.));
#1923 = B_SPLINE_CURVE_WITH_KNOTS('',2,(#1924,#1925,#1926),
  .UNSPECIFIED.,.F.,.F.,(3,3),(0.,1.),.PIECEWISE_BEZIER_KNOTS.);
#1924 = CARTESIAN_POINT('',(-4.782688292731,-1.702767925431,40.));
#1925 = CARTESIAN_POINT('',(-4.867342471406,-1.654361945604,40.));
#1926 = CARTESIAN_POINT('',(-4.926105079475,-1.564529452808,40.));
#1927 = ORIENTED_EDGE('',*,*,#1928,.T.);
#1928 = EDGE_CURVE('',#1921,#1929,#1931,.T.);
#1929 = VERTEX_POINT('',#1930);
#1930 = CARTESIAN_POINT('',(-5.977527990138,3.534446650005E-02,40.));
#1931 = LINE('',#1932,#1933);
#1932 = CARTESIAN_POINT('',(-4.926105079475,-1.564529452808,40.));
#1933 = VECTOR('',#1934,1.);
#1934 = DIRECTION('',(-0.549206046704,0.83568697385,0.));
#1935 = ORIENTED_EDGE('',*,*,#1936,.T.);
#1936 = EDGE_CURVE('',#1929,#1937,#1939,.T.);
#1937 = VERTEX_POINT('',#1938);
#1938 = CARTESIAN_POINT('',(-6.107210987256,0.16322631088,40.));
#1939 = B_SPLINE_CURVE_WITH_KNOTS('',2,(#1940,#1941,#1942),
  .UNSPECIFIED.,.F.,.F.,(3,3),(0.,1.),.PIECEWISE_BEZIER_KNOTS.);
#1940 = CARTESIAN_POINT('',(-5.977527990138,3.534446650005E-02,40.));
#1941 = CARTESIAN_POINT('',(-6.036290598207,0.125176959295,40.));
#1942 = CARTESIAN_POINT('',(-6.107210987256,0.16322631088,40.));
#1943 = ORIENTED_EDGE('',*,*,#1944,.T.);
#1944 = EDGE_CURVE('',#1937,#1783,#1945,.T.);
#1945 = B_SPLINE_CURVE_WITH_KNOTS('',2,(#1946,#1947,#1948),
  .UNSPECIFIED.,.F.,.F.,(3,3),(0.,1.),.PIECEWISE_BEZIER_KNOTS.);
#1946 = CARTESIAN_POINT('',(-6.107210987256,0.16322631088,40.));
#1947 = CARTESIAN_POINT('',(-6.178131376305,0.201275662465,40.));
#1948 = CARTESIAN_POINT('',(-6.316369848927,0.201275662465,40.));
#1949 = FACE_BOUND('',#1950,.T.);
#1950 = EDGE_LOOP('',(#1951,#1961,#1969,#1977,#1985,#1993,#2001,#2009,
    #2017,#2025,#2033,#2041,#2049,#2057,#2065,#2073));
#1951 = ORIENTED_EDGE('',*,*,#1952,.T.);
#1952 = EDGE_CURVE('',#1953,#1955,#1957,.T.);
#1953 = VERTEX_POINT('',#1954);
#1954 = CARTESIAN_POINT('',(-2.206814733654,3.039892377163,40.));
#1955 = VERTEX_POINT('',#1956);
#1956 = CARTESIAN_POINT('',(-2.16178591521,2.825780345463,40.));
#1957 = B_SPLINE_CURVE_WITH_KNOTS('',2,(#1958,#1959,#1960),
  .UNSPECIFIED.,.F.,.F.,(3,3),(0.,1.),.PIECEWISE_BEZIER_KNOTS.);
#1958 = CARTESIAN_POINT('',(-2.206814733654,3.039892377163,40.));
#1959 = CARTESIAN_POINT('',(-2.16178591521,2.939703256125,40.));
#1960 = CARTESIAN_POINT('',(-2.16178591521,2.825780345463,40.));
#1961 = ORIENTED_EDGE('',*,*,#1962,.T.);
#1962 = EDGE_CURVE('',#1955,#1963,#1965,.T.);
#1963 = VERTEX_POINT('',#1964);
#1964 = CARTESIAN_POINT('',(-2.206814733654,2.618422636529,40.));
#1965 = B_SPLINE_CURVE_WITH_KNOTS('',2,(#1966,#1967,#1968),
  .UNSPECIFIED.,.F.,.F.,(3,3),(0.,1.),.PIECEWISE_BEZIER_KNOTS.);
#1966 = CARTESIAN_POINT('',(-2.16178591521,2.825780345463,40.));
#1967 = CARTESIAN_POINT('',(-2.16178591521,2.715234596183,40.));
#1968 = CARTESIAN_POINT('',(-2.206814733654,2.618422636529,40.));
#1969 = ORIENTED_EDGE('',*,*,#1970,.T.);
#1970 = EDGE_CURVE('',#1963,#1971,#1973,.T.);
#1971 = VERTEX_POINT('',#1972);
#1972 = CARTESIAN_POINT('',(-2.32614110253,2.449339423272,40.));
#1973 = B_SPLINE_CURVE_WITH_KNOTS('',2,(#1974,#1975,#1976),
  .UNSPECIFIED.,.F.,.F.,(3,3),(0.,1.),.PIECEWISE_BEZIER_KNOTS.);
#1974 = CARTESIAN_POINT('',(-2.206814733654,2.618422636529,40.));
#1975 = CARTESIAN_POINT('',(-2.251843552097,2.521835820967,40.));
#1976 = CARTESIAN_POINT('',(-2.32614110253,2.449339423272,40.));
#1977 = ORIENTED_EDGE('',*,*,#1978,.T.);
#1978 = EDGE_CURVE('',#1971,#1979,#1981,.T.);
#1979 = VERTEX_POINT('',#1980);
#1980 = CARTESIAN_POINT('',(-2.500852918092,2.333615359872,40.));
#1981 = B_SPLINE_CURVE_WITH_KNOTS('',2,(#1982,#1983,#1984),
  .UNSPECIFIED.,.F.,.F.,(3,3),(0.,1.),.PIECEWISE_BEZIER_KNOTS.);
#1982 = CARTESIAN_POINT('',(-2.32614110253,2.449339423272,40.));
#1983 = CARTESIAN_POINT('',(-2.400438652962,2.376843025578,40.));
#1984 = CARTESIAN_POINT('',(-2.500852918092,2.333615359872,40.));
#1985 = ORIENTED_EDGE('',*,*,#1986,.T.);
#1986 = EDGE_CURVE('',#1979,#1987,#1989,.T.);
#1987 = VERTEX_POINT('',#1988);
#1988 = CARTESIAN_POINT('',(-2.715190093884,2.290612838258,40.));
#1989 = B_SPLINE_CURVE_WITH_KNOTS('',2,(#1990,#1991,#1992),
  .UNSPECIFIED.,.F.,.F.,(3,3),(0.,1.),.PIECEWISE_BEZIER_KNOTS.);
#1990 = CARTESIAN_POINT('',(-2.500852918092,2.333615359872,40.));
#1991 = CARTESIAN_POINT('',(-2.601042039129,2.290612838258,40.));
#1992 = CARTESIAN_POINT('',(-2.715190093884,2.290612838258,40.));
#1993 = ORIENTED_EDGE('',*,*,#1994,.T.);
#1994 = EDGE_CURVE('',#1987,#1995,#1997,.T.);
#1995 = VERTEX_POINT('',#1996);
#1996 = CARTESIAN_POINT('',(-2.924574099648,2.333615359872,40.));
#1997 = B_SPLINE_CURVE_WITH_KNOTS('',2,(#1998,#1999,#2000),
  .UNSPECIFIED.,.F.,.F.,(3,3),(0.,1.),.PIECEWISE_BEZIER_KNOTS.);
#1998 = CARTESIAN_POINT('',(-2.715190093884,2.290612838258,40.));
#1999 = CARTESIAN_POINT('',(-2.825960987256,2.290612838258,40.));
#2000 = CARTESIAN_POINT('',(-2.924574099648,2.333615359872,40.));
#2001 = ORIENTED_EDGE('',*,*,#2002,.T.);
#2002 = EDGE_CURVE('',#1995,#2003,#2005,.T.);
#2003 = VERTEX_POINT('',#2004);
#2004 = CARTESIAN_POINT('',(-3.095683609734,2.449339423272,40.));
#2005 = B_SPLINE_CURVE_WITH_KNOTS('',2,(#2006,#2007,#2008),
  .UNSPECIFIED.,.F.,.F.,(3,3),(0.,1.),.PIECEWISE_BEZIER_KNOTS.);
#2006 = CARTESIAN_POINT('',(-2.924574099648,2.333615359872,40.));
#2007 = CARTESIAN_POINT('',(-3.022962067947,2.376843025578,40.));
#2008 = CARTESIAN_POINT('',(-3.095683609734,2.449339423272,40.));
#2009 = ORIENTED_EDGE('',*,*,#2010,.T.);
#2010 = EDGE_CURVE('',#2003,#2011,#2013,.T.);
#2011 = VERTEX_POINT('',#2012);
#2012 = CARTESIAN_POINT('',(-3.211407673135,2.618422636529,40.));
#2013 = B_SPLINE_CURVE_WITH_KNOTS('',2,(#2014,#2015,#2016),
  .UNSPECIFIED.,.F.,.F.,(3,3),(0.,1.),.PIECEWISE_BEZIER_KNOTS.);
#2014 = CARTESIAN_POINT('',(-3.095683609734,2.449339423272,40.));
#2015 = CARTESIAN_POINT('',(-3.168180007429,2.521835820967,40.));
#2016 = CARTESIAN_POINT('',(-3.211407673135,2.618422636529,40.));
#2017 = ORIENTED_EDGE('',*,*,#2018,.T.);
#2018 = EDGE_CURVE('',#2011,#2019,#2021,.T.);
#2019 = VERTEX_POINT('',#2020);
#2020 = CARTESIAN_POINT('',(-3.254635338841,2.825780345463,40.));
#2021 = B_SPLINE_CURVE_WITH_KNOTS('',2,(#2022,#2023,#2024),
  .UNSPECIFIED.,.F.,.F.,(3,3),(0.,1.),.PIECEWISE_BEZIER_KNOTS.);
#2022 = CARTESIAN_POINT('',(-3.211407673135,2.618422636529,40.));
#2023 = CARTESIAN_POINT('',(-3.254635338841,2.715234596183,40.));
#2024 = CARTESIAN_POINT('',(-3.254635338841,2.825780345463,40.));
#2025 = ORIENTED_EDGE('',*,*,#2026,.T.);
#2026 = EDGE_CURVE('',#2019,#2027,#2029,.T.);
#2027 = VERTEX_POINT('',#2028);
#2028 = CARTESIAN_POINT('',(-3.211407673135,3.039892377163,40.));
#2029 = B_SPLINE_CURVE_WITH_KNOTS('',2,(#2030,#2031,#2032),
  .UNSPECIFIED.,.F.,.F.,(3,3),(0.,1.),.PIECEWISE_BEZIER_KNOTS.);
#2030 = CARTESIAN_POINT('',(-3.254635338841,2.825780345463,40.));
#2031 = CARTESIAN_POINT('',(-3.254635338841,2.939703256125,40.));
#2032 = CARTESIAN_POINT('',(-3.211407673135,3.039892377163,40.));
#2033 = ORIENTED_EDGE('',*,*,#2034,.T.);
#2034 = EDGE_CURVE('',#2027,#2035,#2037,.T.);
#2035 = VERTEX_POINT('',#2036);
#2036 = CARTESIAN_POINT('',(-3.095683609734,3.212577895895,40.));
#2037 = B_SPLINE_CURVE_WITH_KNOTS('',2,(#2038,#2039,#2040),
  .UNSPECIFIED.,.F.,.F.,(3,3),(0.,1.),.PIECEWISE_BEZIER_KNOTS.);
#2038 = CARTESIAN_POINT('',(-3.211407673135,3.039892377163,40.));
#2039 = CARTESIAN_POINT('',(-3.168180007429,3.1400814982,40.));
#2040 = CARTESIAN_POINT('',(-3.095683609734,3.212577895895,40.));
#2041 = ORIENTED_EDGE('',*,*,#2042,.T.);
#2042 = EDGE_CURVE('',#2035,#2043,#2045,.T.);
#2043 = VERTEX_POINT('',#2044);
#2044 = CARTESIAN_POINT('',(-2.924574099648,3.328076815203,40.));
#2045 = B_SPLINE_CURVE_WITH_KNOTS('',2,(#2046,#2047,#2048),
  .UNSPECIFIED.,.F.,.F.,(3,3),(0.,1.),.PIECEWISE_BEZIER_KNOTS.);
#2046 = CARTESIAN_POINT('',(-3.095683609734,3.212577895895,40.));
#2047 = CARTESIAN_POINT('',(-3.022962067947,3.285074293589,40.));
#2048 = CARTESIAN_POINT('',(-2.924574099648,3.328076815203,40.));
#2049 = ORIENTED_EDGE('',*,*,#2050,.T.);
#2050 = EDGE_CURVE('',#2043,#2051,#2053,.T.);
#2051 = VERTEX_POINT('',#2052);
#2052 = CARTESIAN_POINT('',(-2.715190093884,3.371304480909,40.));
#2053 = B_SPLINE_CURVE_WITH_KNOTS('',2,(#2054,#2055,#2056),
  .UNSPECIFIED.,.F.,.F.,(3,3),(0.,1.),.PIECEWISE_BEZIER_KNOTS.);
#2054 = CARTESIAN_POINT('',(-2.924574099648,3.328076815203,40.));
#2055 = CARTESIAN_POINT('',(-2.825960987256,3.371304480909,40.));
#2056 = CARTESIAN_POINT('',(-2.715190093884,3.371304480909,40.));
#2057 = ORIENTED_EDGE('',*,*,#2058,.T.);
#2058 = EDGE_CURVE('',#2051,#2059,#2061,.T.);
#2059 = VERTEX_POINT('',#2060);
#2060 = CARTESIAN_POINT('',(-2.500852918092,3.328076815203,40.));
#2061 = B_SPLINE_CURVE_WITH_KNOTS('',2,(#2062,#2063,#2064),
  .UNSPECIFIED.,.F.,.F.,(3,3),(0.,1.),.PIECEWISE_BEZIER_KNOTS.);
#2062 = CARTESIAN_POINT('',(-2.715190093884,3.371304480909,40.));
#2063 = CARTESIAN_POINT('',(-2.601042039129,3.371304480909,40.));
#2064 = CARTESIAN_POINT('',(-2.500852918092,3.328076815203,40.));
#2065 = ORIENTED_EDGE('',*,*,#2066,.T.);
#2066 = EDGE_CURVE('',#2059,#2067,#2069,.T.);
#2067 = VERTEX_POINT('',#2068);
#2068 = CARTESIAN_POINT('',(-2.32614110253,3.212577895895,40.));
#2069 = B_SPLINE_CURVE_WITH_KNOTS('',2,(#2070,#2071,#2072),
  .UNSPECIFIED.,.F.,.F.,(3,3),(0.,1.),.PIECEWISE_BEZIER_KNOTS.);
#2070 = CARTESIAN_POINT('',(-2.500852918092,3.328076815203,40.));
#2071 = CARTESIAN_POINT('',(-2.400438652962,3.285074293589,40.));
#2072 = CARTESIAN_POINT('',(-2.32614110253,3.212577895895,40.));
#2073 = ORIENTED_EDGE('',*,*,#2074,.T.);
#2074 = EDGE_CURVE('',#2067,#1953,#2075,.T.);
#2075 = B_SPLINE_CURVE_WITH_KNOTS('',2,(#2076,#2077,#2078),
  .UNSPECIFIED.,.F.,.F.,(3,3),(0.,1.),.PIECEWISE_BEZIER_KNOTS.);
#2076 = CARTESIAN_POINT('',(-2.32614110253,3.212577895895,40.));
#2077 = CARTESIAN_POINT('',(-2.251843552097,3.1400814982,40.));
#2078 = CARTESIAN_POINT('',(-2.206814733654,3.039892377163,40.));
#2079 = FACE_BOUND('',#2080,.T.);
#2080 = EDGE_LOOP('',(#2081,#2091,#2099,#2107,#2115,#2123,#2131,#2139,
    #2147,#2155,#2163,#2171,#2179,#2187,#2195,#2203,#2211,#2219,#2227,
    #2235,#2243,#2251,#2259,#2267,#2275,#2283,#2291,#2299,#2307,#2315));
#2081 = ORIENTED_EDGE('',*,*,#2082,.T.);
#2082 = EDGE_CURVE('',#2083,#2085,#2087,.T.);
#2083 = VERTEX_POINT('',#2084);
#2084 = CARTESIAN_POINT('',(6.385584401793,1.691504408863,40.));
#2085 = VERTEX_POINT('',#2086);
#2086 = CARTESIAN_POINT('',(7.099741462312,1.829517737393,40.));
#2087 = B_SPLINE_CURVE_WITH_KNOTS('',2,(#2088,#2089,#2090),
  .UNSPECIFIED.,.F.,.F.,(3,3),(0.,1.),.PIECEWISE_BEZIER_KNOTS.);
#2088 = CARTESIAN_POINT('',(6.385584401793,1.691504408863,40.));
#2089 = CARTESIAN_POINT('',(6.702136995453,1.829517737393,40.));
#2090 = CARTESIAN_POINT('',(7.099741462312,1.829517737393,40.));
#2091 = ORIENTED_EDGE('',*,*,#2092,.T.);
#2092 = EDGE_CURVE('',#2085,#2093,#2095,.T.);
#2093 = VERTEX_POINT('',#2094);
#2094 = CARTESIAN_POINT('',(7.717086563176,1.722574293589,40.));
#2095 = B_SPLINE_CURVE_WITH_KNOTS('',2,(#2096,#2097,#2098),
  .UNSPECIFIED.,.F.,.F.,(3,3),(0.,1.),.PIECEWISE_BEZIER_KNOTS.);
#2096 = CARTESIAN_POINT('',(7.099741462312,1.829517737393,40.));
#2097 = CARTESIAN_POINT('',(7.435206159718,1.829517737393,40.));
#2098 = CARTESIAN_POINT('',(7.717086563176,1.722574293589,40.));
#2099 = ORIENTED_EDGE('',*,*,#2100,.T.);
#2100 = EDGE_CURVE('',#2093,#2101,#2103,.T.);
#2101 = VERTEX_POINT('',#2102);
#2102 = CARTESIAN_POINT('',(8.202947514185,1.410524581774,40.));
#2103 = B_SPLINE_CURVE_WITH_KNOTS('',2,(#2104,#2105,#2106),
  .UNSPECIFIED.,.F.,.F.,(3,3),(0.,1.),.PIECEWISE_BEZIER_KNOTS.);
#2104 = CARTESIAN_POINT('',(7.717086563176,1.722574293589,40.));
#2105 = CARTESIAN_POINT('',(7.998966966635,1.615855993878,40.));
#2106 = CARTESIAN_POINT('',(8.202947514185,1.410524581774,40.));
#2107 = ORIENTED_EDGE('',*,*,#2108,.T.);
#2108 = EDGE_CURVE('',#2101,#2109,#2111,.T.);
#2109 = VERTEX_POINT('',#2110);
#2110 = CARTESIAN_POINT('',(8.521076116491,0.907102391572,40.));
#2111 = B_SPLINE_CURVE_WITH_KNOTS('',2,(#2112,#2113,#2114),
  .UNSPECIFIED.,.F.,.F.,(3,3),(0.,1.),.PIECEWISE_BEZIER_KNOTS.);
#2112 = CARTESIAN_POINT('',(8.202947514185,1.410524581774,40.));
#2113 = CARTESIAN_POINT('',(8.406928061736,1.205418313762,40.));
#2114 = CARTESIAN_POINT('',(8.521076116491,0.907102391572,40.));
#2115 = ORIENTED_EDGE('',*,*,#2116,.T.);
#2116 = EDGE_CURVE('',#2109,#2117,#2119,.T.);
#2117 = VERTEX_POINT('',#2118);
#2118 = CARTESIAN_POINT('',(8.635224171246,0.226266656702,40.));
#2119 = B_SPLINE_CURVE_WITH_KNOTS('',2,(#2120,#2121,#2122),
  .UNSPECIFIED.,.F.,.F.,(3,3),(0.,1.),.PIECEWISE_BEZIER_KNOTS.);
#2120 = CARTESIAN_POINT('',(8.521076116491,0.907102391572,40.));
#2121 = CARTESIAN_POINT('',(8.635224171246,0.609011613474,40.));
#2122 = CARTESIAN_POINT('',(8.635224171246,0.226266656702,40.));
#2123 = ORIENTED_EDGE('',*,*,#2124,.T.);
#2124 = EDGE_CURVE('',#2117,#2125,#2127,.T.);
#2125 = VERTEX_POINT('',#2126);
#2126 = CARTESIAN_POINT('',(8.626443551649,6.573891894962E-02,40.));
#2127 = B_SPLINE_CURVE_WITH_KNOTS('',2,(#2128,#2129,#2130),
  .UNSPECIFIED.,.F.,.F.,(3,3),(0.,1.),.PIECEWISE_BEZIER_KNOTS.);
#2128 = CARTESIAN_POINT('',(8.635224171246,0.226266656702,40.));
#2129 = CARTESIAN_POINT('',(8.635224171246,0.12967984114,40.));
#2130 = CARTESIAN_POINT('',(8.626443551649,6.573891894962E-02,40.));
#2131 = ORIENTED_EDGE('',*,*,#2132,.T.);
#2132 = EDGE_CURVE('',#2125,#2133,#2135,.T.);
#2133 = VERTEX_POINT('',#2134);
#2134 = CARTESIAN_POINT('',(8.595373666923,-3.422505799563E-02,40.));
#2135 = B_SPLINE_CURVE_WITH_KNOTS('',2,(#2136,#2137,#2138),
  .UNSPECIFIED.,.F.,.F.,(3,3),(0.,1.),.PIECEWISE_BEZIER_KNOTS.);
#2136 = CARTESIAN_POINT('',(8.626443551649,6.573891894962E-02,40.));
#2137 = CARTESIAN_POINT('',(8.617888076145,2.023140851636E-03,40.));
#2138 = CARTESIAN_POINT('',(8.595373666923,-3.422505799563E-02,40.));
#2139 = ORIENTED_EDGE('',*,*,#2140,.T.);
#2140 = EDGE_CURVE('',#2133,#2141,#2143,.T.);
#2141 = VERTEX_POINT('',#2142);
#2142 = CARTESIAN_POINT('',(8.535035050208,-8.578305511378E-02,40.));
#2143 = B_SPLINE_CURVE_WITH_KNOTS('',2,(#2144,#2145,#2146),
  .UNSPECIFIED.,.F.,.F.,(3,3),(0.,1.),.PIECEWISE_BEZIER_KNOTS.);
#2144 = CARTESIAN_POINT('',(8.595373666923,-3.422505799563E-02,40.));
#2145 = CARTESIAN_POINT('',(8.573084401793,-7.024811275067E-02,40.));
#2146 = CARTESIAN_POINT('',(8.535035050208,-8.578305511378E-02,40.));
#2147 = ORIENTED_EDGE('',*,*,#2148,.T.);
#2148 = EDGE_CURVE('',#2141,#2149,#2151,.T.);
#2149 = VERTEX_POINT('',#2150);
#2150 = CARTESIAN_POINT('',(8.437997946462,-0.101317997477,40.));
#2151 = B_SPLINE_CURVE_WITH_KNOTS('',2,(#2152,#2153,#2154),
  .UNSPECIFIED.,.F.,.F.,(3,3),(0.,1.),.PIECEWISE_BEZIER_KNOTS.);
#2152 = CARTESIAN_POINT('',(8.535035050208,-8.578305511378E-02,40.));
#2153 = CARTESIAN_POINT('',(8.496985698623,-0.101317997477,40.));
#2154 = CARTESIAN_POINT('',(8.437997946462,-0.101317997477,40.));
#2155 = ORIENTED_EDGE('',*,*,#2156,.T.);
#2156 = EDGE_CURVE('',#2149,#2157,#2159,.T.);
#2157 = VERTEX_POINT('',#2158);
#2158 = CARTESIAN_POINT('',(6.245544776433,-0.101317997477,40.));
#2159 = LINE('',#2160,#2161);
#2160 = CARTESIAN_POINT('',(8.437997946462,-0.101317997477,40.));
#2161 = VECTOR('',#2162,1.);
#2162 = DIRECTION('',(-1.,0.,0.));
#2163 = ORIENTED_EDGE('',*,*,#2164,.T.);
#2164 = EDGE_CURVE('',#2157,#2165,#2167,.T.);
#2165 = VERTEX_POINT('',#2166);
#2166 = CARTESIAN_POINT('',(6.539357816779,-0.905982983068,40.));
#2167 = B_SPLINE_CURVE_WITH_KNOTS('',2,(#2168,#2169,#2170),
  .UNSPECIFIED.,.F.,.F.,(3,3),(0.,1.),.PIECEWISE_BEZIER_KNOTS.);
#2168 = CARTESIAN_POINT('',(6.245544776433,-0.101317997477,40.));
#2169 = CARTESIAN_POINT('',(6.283594128018,-0.649318717938,40.));
#2170 = CARTESIAN_POINT('',(6.539357816779,-0.905982983068,40.));
#2171 = ORIENTED_EDGE('',*,*,#2172,.T.);
#2172 = EDGE_CURVE('',#2165,#2173,#2175,.T.);
#2173 = VERTEX_POINT('',#2174);
#2174 = CARTESIAN_POINT('',(7.21726667845,-1.162422104105,40.));
#2175 = B_SPLINE_CURVE_WITH_KNOTS('',2,(#2176,#2177,#2178),
  .UNSPECIFIED.,.F.,.F.,(3,3),(0.,1.),.PIECEWISE_BEZIER_KNOTS.);
#2176 = CARTESIAN_POINT('',(6.539357816779,-0.905982983068,40.));
#2177 = CARTESIAN_POINT('',(6.795346649632,-1.162422104105,40.));
#2178 = CARTESIAN_POINT('',(7.21726667845,-1.162422104105,40.));
#2179 = ORIENTED_EDGE('',*,*,#2180,.T.);
#2180 = EDGE_CURVE('',#2173,#2181,#2183,.T.);
#2181 = VERTEX_POINT('',#2182);
#2182 = CARTESIAN_POINT('',(7.575245785078,-1.114016124278,40.));
#2183 = B_SPLINE_CURVE_WITH_KNOTS('',2,(#2184,#2185,#2186),
  .UNSPECIFIED.,.F.,.F.,(3,3),(0.,1.),.PIECEWISE_BEZIER_KNOTS.);
#2184 = CARTESIAN_POINT('',(7.21726667845,-1.162422104105,40.));
#2185 = CARTESIAN_POINT('',(7.424849531476,-1.162422104105,40.));
#2186 = CARTESIAN_POINT('',(7.575245785078,-1.114016124278,40.));
#2187 = ORIENTED_EDGE('',*,*,#2188,.T.);
#2188 = EDGE_CURVE('',#2181,#2189,#2191,.T.);
#2189 = VERTEX_POINT('',#2190);
#2190 = CARTESIAN_POINT('',(7.837988940698,-1.006397248197,40.));
#2191 = B_SPLINE_CURVE_WITH_KNOTS('',2,(#2192,#2193,#2194),
  .UNSPECIFIED.,.F.,.F.,(3,3),(0.,1.),.PIECEWISE_BEZIER_KNOTS.);
#2192 = CARTESIAN_POINT('',(7.575245785078,-1.114016124278,40.));
#2193 = CARTESIAN_POINT('',(7.725642038681,-1.065385000359,40.));
#2194 = CARTESIAN_POINT('',(7.837988940698,-1.006397248197,40.));
#2195 = ORIENTED_EDGE('',*,*,#2196,.T.);
#2196 = EDGE_CURVE('',#2189,#2197,#2199,.T.);
#2197 = VERTEX_POINT('',#2198);
#2198 = CARTESIAN_POINT('',(8.035215165482,-0.899003516209,40.));
#2199 = B_SPLINE_CURVE_WITH_KNOTS('',2,(#2200,#2201,#2202),
  .UNSPECIFIED.,.F.,.F.,(3,3),(0.,1.),.PIECEWISE_BEZIER_KNOTS.);
#2200 = CARTESIAN_POINT('',(7.837988940698,-1.006397248197,40.));
#2201 = CARTESIAN_POINT('',(7.950560986808,-0.947409496036,40.));
#2202 = CARTESIAN_POINT('',(8.035215165482,-0.899003516209,40.));
#2203 = ORIENTED_EDGE('',*,*,#2204,.T.);
#2204 = EDGE_CURVE('',#2197,#2205,#2207,.T.);
#2205 = VERTEX_POINT('',#2206);
#2206 = CARTESIAN_POINT('',(8.199570352802,-0.85037239229,40.));
#2207 = B_SPLINE_CURVE_WITH_KNOTS('',2,(#2208,#2209,#2210),
  .UNSPECIFIED.,.F.,.F.,(3,3),(0.,1.),.PIECEWISE_BEZIER_KNOTS.);
#2208 = CARTESIAN_POINT('',(8.035215165482,-0.899003516209,40.));
#2209 = CARTESIAN_POINT('',(8.119869344156,-0.85037239229,40.));
#2210 = CARTESIAN_POINT('',(8.199570352802,-0.85037239229,40.));
#2211 = ORIENTED_EDGE('',*,*,#2212,.T.);
#2212 = EDGE_CURVE('',#2205,#2213,#2215,.T.);
#2213 = VERTEX_POINT('',#2214);
#2214 = CARTESIAN_POINT('',(8.289402845597,-0.871310792866,40.));
#2215 = B_SPLINE_CURVE_WITH_KNOTS('',2,(#2216,#2217,#2218),
  .UNSPECIFIED.,.F.,.F.,(3,3),(0.,1.),.PIECEWISE_BEZIER_KNOTS.);
#2216 = CARTESIAN_POINT('',(8.199570352802,-0.85037239229,40.));
#2217 = CARTESIAN_POINT('',(8.251353494012,-0.85037239229,40.));
#2218 = CARTESIAN_POINT('',(8.289402845597,-0.871310792866,40.));
#2219 = ORIENTED_EDGE('',*,*,#2220,.T.);
#2220 = EDGE_CURVE('',#2213,#2221,#2223,.T.);
#2221 = VERTEX_POINT('',#2222);
#2222 = CARTESIAN_POINT('',(8.355144920525,-0.93052368912,40.));
#2223 = B_SPLINE_CURVE_WITH_KNOTS('',2,(#2224,#2225,#2226),
  .UNSPECIFIED.,.F.,.F.,(3,3),(0.,1.),.PIECEWISE_BEZIER_KNOTS.);
#2224 = CARTESIAN_POINT('',(8.289402845597,-0.871310792866,40.));
#2225 = CARTESIAN_POINT('',(8.327452197182,-0.892249193442,40.));
#2226 = CARTESIAN_POINT('',(8.355144920525,-0.93052368912,40.));
#2227 = ORIENTED_EDGE('',*,*,#2228,.T.);
#2228 = EDGE_CURVE('',#2221,#2229,#2231,.T.);
#2229 = VERTEX_POINT('',#2230);
#2230 = CARTESIAN_POINT('',(8.604154286519,-1.244149409581,40.));
#2231 = LINE('',#2232,#2233);
#2232 = CARTESIAN_POINT('',(8.355144920525,-0.93052368912,40.));
#2233 = VECTOR('',#2234,1.);
#2234 = DIRECTION('',(0.621811155655,-0.783167215033,0.));
#2235 = ORIENTED_EDGE('',*,*,#2236,.T.);
#2236 = EDGE_CURVE('',#2229,#2237,#2239,.T.);
#2237 = VERTEX_POINT('',#2238);
#2238 = CARTESIAN_POINT('',(8.285800540122,-1.518149769811,40.));
#2239 = B_SPLINE_CURVE_WITH_KNOTS('',2,(#2240,#2241,#2242),
  .UNSPECIFIED.,.F.,.F.,(3,3),(0.,1.),.PIECEWISE_BEZIER_KNOTS.);
#2240 = CARTESIAN_POINT('',(8.604154286519,-1.244149409581,40.));
#2241 = CARTESIAN_POINT('',(8.462313508421,-1.407604020532,40.));
#2242 = CARTESIAN_POINT('',(8.285800540122,-1.518149769811,40.));
#2243 = ORIENTED_EDGE('',*,*,#2244,.T.);
#2244 = EDGE_CURVE('',#2237,#2245,#2247,.T.);
#2245 = VERTEX_POINT('',#2246);
#2246 = CARTESIAN_POINT('',(7.917464805251,-1.695113026295,40.));
#2247 = B_SPLINE_CURVE_WITH_KNOTS('',2,(#2248,#2249,#2250),
  .UNSPECIFIED.,.F.,.F.,(3,3),(0.,1.),.PIECEWISE_BEZIER_KNOTS.);
#2248 = CARTESIAN_POINT('',(8.285800540122,-1.518149769811,40.));
#2249 = CARTESIAN_POINT('',(8.109512715914,-1.628695519091,40.));
#2250 = CARTESIAN_POINT('',(7.917464805251,-1.695113026295,40.));
#2251 = ORIENTED_EDGE('',*,*,#2252,.T.);
#2252 = EDGE_CURVE('',#2245,#2253,#2255,.T.);
#2253 = VERTEX_POINT('',#2254);
#2254 = CARTESIAN_POINT('',(7.526839805251,-1.788772968658,40.));
#2255 = B_SPLINE_CURVE_WITH_KNOTS('',2,(#2256,#2257,#2258),
  .UNSPECIFIED.,.F.,.F.,(3,3),(0.,1.),.PIECEWISE_BEZIER_KNOTS.);
#2256 = CARTESIAN_POINT('',(7.917464805251,-1.695113026295,40.));
#2257 = CARTESIAN_POINT('',(7.725642038681,-1.7615305335,40.));
#2258 = CARTESIAN_POINT('',(7.526839805251,-1.788772968658,40.));
#2259 = ORIENTED_EDGE('',*,*,#2260,.T.);
#2260 = EDGE_CURVE('',#2253,#2261,#2263,.T.);
#2261 = VERTEX_POINT('',#2262);
#2262 = CARTESIAN_POINT('',(7.14116797528,-1.816015403817,40.));
#2263 = B_SPLINE_CURVE_WITH_KNOTS('',2,(#2264,#2265,#2266),
  .UNSPECIFIED.,.F.,.F.,(3,3),(0.,1.),.PIECEWISE_BEZIER_KNOTS.);
#2264 = CARTESIAN_POINT('',(7.526839805251,-1.788772968658,40.));
#2265 = CARTESIAN_POINT('',(7.328037571822,-1.816015403817,40.));
#2266 = CARTESIAN_POINT('',(7.14116797528,-1.816015403817,40.));
#2267 = ORIENTED_EDGE('',*,*,#2268,.T.);
#2268 = EDGE_CURVE('',#2261,#2269,#2271,.T.);
#2269 = VERTEX_POINT('',#2270);
#2270 = CARTESIAN_POINT('',(6.453127629459,-1.69353701765,40.));
#2271 = B_SPLINE_CURVE_WITH_KNOTS('',2,(#2272,#2273,#2274),
  .UNSPECIFIED.,.F.,.F.,(3,3),(0.,1.),.PIECEWISE_BEZIER_KNOTS.);
#2272 = CARTESIAN_POINT('',(7.14116797528,-1.816015403817,40.));
#2273 = CARTESIAN_POINT('',(6.771256231764,-1.816015403817,40.));
#2274 = CARTESIAN_POINT('',(6.453127629459,-1.69353701765,40.));
#2275 = ORIENTED_EDGE('',*,*,#2276,.T.);
#2276 = EDGE_CURVE('',#2269,#2277,#2279,.T.);
#2277 = VERTEX_POINT('',#2278);
#2278 = CARTESIAN_POINT('',(5.899723450785,-1.331505317362,40.));
#2279 = B_SPLINE_CURVE_WITH_KNOTS('',2,(#2280,#2281,#2282),
  .UNSPECIFIED.,.F.,.F.,(3,3),(0.,1.),.PIECEWISE_BEZIER_KNOTS.);
#2280 = CARTESIAN_POINT('',(6.453127629459,-1.69353701765,40.));
#2281 = CARTESIAN_POINT('',(6.134999027153,-1.571058631483,40.));
#2282 = CARTESIAN_POINT('',(5.899723450785,-1.331505317362,40.));
#2283 = ORIENTED_EDGE('',*,*,#2284,.T.);
#2284 = EDGE_CURVE('',#2277,#2285,#2287,.T.);
#2285 = VERTEX_POINT('',#2286);
#2286 = CARTESIAN_POINT('',(5.529811707269,-0.738250634365,40.));
#2287 = B_SPLINE_CURVE_WITH_KNOTS('',2,(#2288,#2289,#2290),
  .UNSPECIFIED.,.F.,.F.,(3,3),(0.,1.),.PIECEWISE_BEZIER_KNOTS.);
#2288 = CARTESIAN_POINT('',(5.899723450785,-1.331505317362,40.));
#2289 = CARTESIAN_POINT('',(5.664673018508,-1.091726859148,40.));
#2290 = CARTESIAN_POINT('',(5.529811707269,-0.738250634365,40.));
#2291 = ORIENTED_EDGE('',*,*,#2292,.T.);
#2292 = EDGE_CURVE('',#2285,#2293,#2295,.T.);
#2293 = VERTEX_POINT('',#2294);
#2294 = CARTESIAN_POINT('',(5.394950396029,8.082357312829E-02,40.));
#2295 = B_SPLINE_CURVE_WITH_KNOTS('',2,(#2296,#2297,#2298),
  .UNSPECIFIED.,.F.,.F.,(3,3),(0.,1.),.PIECEWISE_BEZIER_KNOTS.);
#2296 = CARTESIAN_POINT('',(5.529811707269,-0.738250634365,40.));
#2297 = CARTESIAN_POINT('',(5.394950396029,-0.384774409581,40.));
#2298 = CARTESIAN_POINT('',(5.394950396029,8.082357312829E-02,40.));
#2299 = ORIENTED_EDGE('',*,*,#2300,.T.);
#2300 = EDGE_CURVE('',#2293,#2301,#2303,.T.);
#2301 = VERTEX_POINT('',#2302);
#2302 = CARTESIAN_POINT('',(5.512475612168,0.762109596183,40.));
#2303 = B_SPLINE_CURVE_WITH_KNOTS('',2,(#2304,#2305,#2306),
  .UNSPECIFIED.,.F.,.F.,(3,3),(0.,1.),.PIECEWISE_BEZIER_KNOTS.);
#2304 = CARTESIAN_POINT('',(5.394950396029,8.082357312829E-02,40.));
#2305 = CARTESIAN_POINT('',(5.394950396029,0.443080417509,40.));
#2306 = CARTESIAN_POINT('',(5.512475612168,0.762109596183,40.));
#2307 = ORIENTED_EDGE('',*,*,#2308,.T.);
#2308 = EDGE_CURVE('',#2301,#2309,#2311,.T.);
#2309 = VERTEX_POINT('',#2310);
#2310 = CARTESIAN_POINT('',(5.84951631822,1.317314927595,40.));
#2311 = B_SPLINE_CURVE_WITH_KNOTS('',2,(#2312,#2313,#2314),
  .UNSPECIFIED.,.F.,.F.,(3,3),(0.,1.),.PIECEWISE_BEZIER_KNOTS.);
#2312 = CARTESIAN_POINT('',(5.512475612168,0.762109596183,40.));
#2313 = CARTESIAN_POINT('',(5.630000828306,1.081138774857,40.));
#2314 = CARTESIAN_POINT('',(5.84951631822,1.317314927595,40.));
#2315 = ORIENTED_EDGE('',*,*,#2316,.T.);
#2316 = EDGE_CURVE('',#2309,#2083,#2317,.T.);
#2317 = B_SPLINE_CURVE_WITH_KNOTS('',2,(#2318,#2319,#2320),
  .UNSPECIFIED.,.F.,.F.,(3,3),(0.,1.),.PIECEWISE_BEZIER_KNOTS.);
#2318 = CARTESIAN_POINT('',(5.84951631822,1.317314927595,40.));
#2319 = CARTESIAN_POINT('',(6.069256952225,1.553491080333,40.));
#2320 = CARTESIAN_POINT('',(6.385584401793,1.691504408863,40.));
#2321 = FACE_BOUND('',#2322,.T.);
#2322 = EDGE_LOOP('',(#2323,#2333,#2341,#2349,#2357,#2365,#2373,#2381,
    #2389,#2397,#2405,#2413,#2421,#2429,#2437,#2445,#2453,#2461));
#2323 = ORIENTED_EDGE('',*,*,#2324,.T.);
#2324 = EDGE_CURVE('',#2325,#2327,#2329,.T.);
#2325 = VERTEX_POINT('',#2326);
#2326 = CARTESIAN_POINT('',(2.553857096318,-1.758378516209,40.));
#2327 = VERTEX_POINT('',#2328);
#2328 = CARTESIAN_POINT('',(1.699885554531,-1.758378516209,40.));
#2329 = LINE('',#2330,#2331);
#2330 = CARTESIAN_POINT('',(2.553857096318,-1.758378516209,40.));
#2331 = VECTOR('',#2332,1.);
#2332 = DIRECTION('',(-1.,0.,0.));
#2333 = ORIENTED_EDGE('',*,*,#2334,.T.);
#2334 = EDGE_CURVE('',#2327,#2335,#2337,.T.);
#2335 = VERTEX_POINT('',#2336);
#2336 = CARTESIAN_POINT('',(1.699885554531,3.385713702811,40.));
#2337 = LINE('',#2338,#2339);
#2338 = CARTESIAN_POINT('',(1.699885554531,-1.758378516209,40.));
#2339 = VECTOR('',#2340,1.);
#2340 = DIRECTION('',(0.,1.,0.));
#2341 = ORIENTED_EDGE('',*,*,#2342,.T.);
#2342 = EDGE_CURVE('',#2335,#2343,#2345,.T.);
#2343 = VERTEX_POINT('',#2344);
#2344 = CARTESIAN_POINT('',(2.553857096318,3.385713702811,40.));
#2345 = LINE('',#2346,#2347);
#2346 = CARTESIAN_POINT('',(1.699885554531,3.385713702811,40.));
#2347 = VECTOR('',#2348,1.);
#2348 = DIRECTION('',(1.,0.,0.));
#2349 = ORIENTED_EDGE('',*,*,#2350,.T.);
#2350 = EDGE_CURVE('',#2343,#2351,#2353,.T.);
#2351 = VERTEX_POINT('',#2352);
#2352 = CARTESIAN_POINT('',(2.553857096318,1.40196910627,40.));
#2353 = LINE('',#2354,#2355);
#2354 = CARTESIAN_POINT('',(2.553857096318,3.385713702811,40.));
#2355 = VECTOR('',#2356,1.);
#2356 = DIRECTION('',(0.,-1.,0.));
#2357 = ORIENTED_EDGE('',*,*,#2358,.T.);
#2358 = EDGE_CURVE('',#2351,#2359,#2361,.T.);
#2359 = VERTEX_POINT('',#2360);
#2360 = CARTESIAN_POINT('',(3.010449315338,1.722124005405,40.));
#2361 = B_SPLINE_CURVE_WITH_KNOTS('',2,(#2362,#2363,#2364),
  .UNSPECIFIED.,.F.,.F.,(3,3),(0.,1.),.PIECEWISE_BEZIER_KNOTS.);
#2362 = CARTESIAN_POINT('',(2.553857096318,1.40196910627,40.));
#2363 = CARTESIAN_POINT('',(2.761439949344,1.600321051514,40.));
#2364 = CARTESIAN_POINT('',(3.010449315338,1.722124005405,40.));
#2365 = ORIENTED_EDGE('',*,*,#2366,.T.);
#2366 = EDGE_CURVE('',#2359,#2367,#2369,.T.);
#2367 = VERTEX_POINT('',#2368);
#2368 = CARTESIAN_POINT('',(3.594923378738,1.843926959295,40.));
#2369 = B_SPLINE_CURVE_WITH_KNOTS('',2,(#2370,#2371,#2372),
  .UNSPECIFIED.,.F.,.F.,(3,3),(0.,1.),.PIECEWISE_BEZIER_KNOTS.);
#2370 = CARTESIAN_POINT('',(3.010449315338,1.722124005405,40.));
#2371 = CARTESIAN_POINT('',(3.259458681332,1.843926959295,40.));
#2372 = CARTESIAN_POINT('',(3.594923378738,1.843926959295,40.));
#2373 = ORIENTED_EDGE('',*,*,#2374,.T.);
#2374 = EDGE_CURVE('',#2367,#2375,#2377,.T.);
#2375 = VERTEX_POINT('',#2376);
#2376 = CARTESIAN_POINT('',(4.110053061736,1.745313846904,40.));
#2377 = B_SPLINE_CURVE_WITH_KNOTS('',2,(#2378,#2379,#2380),
  .UNSPECIFIED.,.F.,.F.,(3,3),(0.,1.),.PIECEWISE_BEZIER_KNOTS.);
#2378 = CARTESIAN_POINT('',(3.594923378738,1.843926959295,40.));
#2379 = CARTESIAN_POINT('',(3.885359257701,1.843926959295,40.));
#2380 = CARTESIAN_POINT('',(4.110053061736,1.745313846904,40.));
#2381 = ORIENTED_EDGE('',*,*,#2382,.T.);
#2382 = EDGE_CURVE('',#2375,#2383,#2385,.T.);
#2383 = VERTEX_POINT('',#2384);
#2384 = CARTESIAN_POINT('',(4.485368263465,1.468836901659,40.));
#2385 = B_SPLINE_CURVE_WITH_KNOTS('',2,(#2386,#2387,#2388),
  .UNSPECIFIED.,.F.,.F.,(3,3),(0.,1.),.PIECEWISE_BEZIER_KNOTS.);
#2386 = CARTESIAN_POINT('',(4.110053061736,1.745313846904,40.));
#2387 = CARTESIAN_POINT('',(4.334972009862,1.646925878604,40.));
#2388 = CARTESIAN_POINT('',(4.485368263465,1.468836901659,40.));
#2389 = ORIENTED_EDGE('',*,*,#2390,.T.);
#2390 = EDGE_CURVE('',#2383,#2391,#2393,.T.);
#2391 = VERTEX_POINT('',#2392);
#2392 = CARTESIAN_POINT('',(4.713439228883,1.043539711457,40.));
#2393 = B_SPLINE_CURVE_WITH_KNOTS('',2,(#2394,#2395,#2396),
  .UNSPECIFIED.,.F.,.F.,(3,3),(0.,1.),.PIECEWISE_BEZIER_KNOTS.);
#2394 = CARTESIAN_POINT('',(4.485368263465,1.468836901659,40.));
#2395 = CARTESIAN_POINT('',(4.635764517067,1.290747924713,40.));
#2396 = CARTESIAN_POINT('',(4.713439228883,1.043539711457,40.));
#2397 = ORIENTED_EDGE('',*,*,#2398,.T.);
#2398 = EDGE_CURVE('',#2391,#2399,#2401,.T.);
#2399 = VERTEX_POINT('',#2400);
#2400 = CARTESIAN_POINT('',(4.79133908479,0.499141296471,40.));
#2401 = B_SPLINE_CURVE_WITH_KNOTS('',2,(#2402,#2403,#2404),
  .UNSPECIFIED.,.F.,.F.,(3,3),(0.,1.),.PIECEWISE_BEZIER_KNOTS.);
#2402 = CARTESIAN_POINT('',(4.713439228883,1.043539711457,40.));
#2403 = CARTESIAN_POINT('',(4.79133908479,0.7963314982,40.));
#2404 = CARTESIAN_POINT('',(4.79133908479,0.499141296471,40.));
#2405 = ORIENTED_EDGE('',*,*,#2406,.T.);
#2406 = EDGE_CURVE('',#2399,#2407,#2409,.T.);
#2407 = VERTEX_POINT('',#2408);
#2408 = CARTESIAN_POINT('',(4.79133908479,-1.758378516209,40.));
#2409 = LINE('',#2410,#2411);
#2410 = CARTESIAN_POINT('',(4.79133908479,0.499141296471,40.));
#2411 = VECTOR('',#2412,1.);
#2412 = DIRECTION('',(0.,-1.,0.));
#2413 = ORIENTED_EDGE('',*,*,#2414,.T.);
#2414 = EDGE_CURVE('',#2407,#2415,#2417,.T.);
#2415 = VERTEX_POINT('',#2416);
#2416 = CARTESIAN_POINT('',(3.937142398911,-1.758378516209,40.));
#2417 = LINE('',#2418,#2419);
#2418 = CARTESIAN_POINT('',(4.79133908479,-1.758378516209,40.));
#2419 = VECTOR('',#2420,1.);
#2420 = DIRECTION('',(-1.,0.,0.));
#2421 = ORIENTED_EDGE('',*,*,#2422,.T.);
#2422 = EDGE_CURVE('',#2415,#2423,#2425,.T.);
#2423 = VERTEX_POINT('',#2424);
#2424 = CARTESIAN_POINT('',(3.937142398911,0.499816728748,40.));
#2425 = LINE('',#2426,#2427);
#2426 = CARTESIAN_POINT('',(3.937142398911,-1.758378516209,40.));
#2427 = VECTOR('',#2428,1.);
#2428 = DIRECTION('',(0.,1.,0.));
#2429 = ORIENTED_EDGE('',*,*,#2430,.T.);
#2430 = EDGE_CURVE('',#2423,#2431,#2433,.T.);
#2431 = VERTEX_POINT('',#2432);
#2432 = CARTESIAN_POINT('',(3.786746145309,1.003013774857,40.));
#2433 = B_SPLINE_CURVE_WITH_KNOTS('',2,(#2434,#2435,#2436),
  .UNSPECIFIED.,.F.,.F.,(3,3),(0.,1.),.PIECEWISE_BEZIER_KNOTS.);
#2434 = CARTESIAN_POINT('',(3.937142398911,0.499816728748,40.));
#2435 = CARTESIAN_POINT('',(3.937142398911,0.824924797912,40.));
#2436 = CARTESIAN_POINT('',(3.786746145309,1.003013774857,40.));
#2437 = ORIENTED_EDGE('',*,*,#2438,.T.);
#2438 = EDGE_CURVE('',#2431,#2439,#2441,.T.);
#2439 = VERTEX_POINT('',#2440);
#2440 = CARTESIAN_POINT('',(3.335557384502,1.181102751803,40.));
#2441 = B_SPLINE_CURVE_WITH_KNOTS('',2,(#2442,#2443,#2444),
  .UNSPECIFIED.,.F.,.F.,(3,3),(0.,1.),.PIECEWISE_BEZIER_KNOTS.);
#2442 = CARTESIAN_POINT('',(3.786746145309,1.003013774857,40.));
#2443 = CARTESIAN_POINT('',(3.636349891707,1.181102751803,40.));
#2444 = CARTESIAN_POINT('',(3.335557384502,1.181102751803,40.));
#2445 = ORIENTED_EDGE('',*,*,#2446,.T.);
#2446 = EDGE_CURVE('',#2439,#2447,#2449,.T.);
#2447 = VERTEX_POINT('',#2448);
#2448 = CARTESIAN_POINT('',(2.92039167845,1.080463342581,40.));
#2449 = B_SPLINE_CURVE_WITH_KNOTS('',2,(#2450,#2451,#2452),
  .UNSPECIFIED.,.F.,.F.,(3,3),(0.,1.),.PIECEWISE_BEZIER_KNOTS.);
#2450 = CARTESIAN_POINT('',(3.335557384502,1.181102751803,40.));
#2451 = CARTESIAN_POINT('',(3.114240741851,1.181102751803,40.));
#2452 = CARTESIAN_POINT('',(2.92039167845,1.080463342581,40.));
#2453 = ORIENTED_EDGE('',*,*,#2454,.T.);
#2454 = EDGE_CURVE('',#2447,#2455,#2457,.T.);
#2455 = VERTEX_POINT('',#2456);
#2456 = CARTESIAN_POINT('',(2.553857096318,0.806913270535,40.));
#2457 = B_SPLINE_CURVE_WITH_KNOTS('',2,(#2458,#2459,#2460),
  .UNSPECIFIED.,.F.,.F.,(3,3),(0.,1.),.PIECEWISE_BEZIER_KNOTS.);
#2458 = CARTESIAN_POINT('',(2.92039167845,1.080463342581,40.));
#2459 = CARTESIAN_POINT('',(2.726767759142,0.980049077451,40.));
#2460 = CARTESIAN_POINT('',(2.553857096318,0.806913270535,40.));
#2461 = ORIENTED_EDGE('',*,*,#2462,.T.);
#2462 = EDGE_CURVE('',#2455,#2325,#2463,.T.);
#2463 = LINE('',#2464,#2465);
#2464 = CARTESIAN_POINT('',(2.553857096318,0.806913270535,40.));
#2465 = VECTOR('',#2466,1.);
#2466 = DIRECTION('',(0.,-1.,0.));
#2467 = PLANE('',#2468);
#2468 = AXIS2_PLACEMENT_3D('',#2469,#2470,#2471);
#2469 = CARTESIAN_POINT('',(-1.093952106032E-15,1.371473012632E-15,40.)
  );
#2470 = DIRECTION('',(0.,0.,1.));
#2471 = DIRECTION('',(1.,0.,0.));
#2472 = ADVANCED_FACE('',(#2473),#2515,.F.);
#2473 = FACE_BOUND('',#2474,.F.);
#2474 = EDGE_LOOP('',(#2475,#2476,#2484,#2492,#2501,#2509));
#2475 = ORIENTED_EDGE('',*,*,#83,.F.);
#2476 = ORIENTED_EDGE('',*,*,#2477,.T.);
#2477 = EDGE_CURVE('',#84,#2478,#2480,.T.);
#2478 = VERTEX_POINT('',#2479);
#2479 = CARTESIAN_POINT('',(-10.,-10.,-25.));
#2480 = LINE('',#2481,#2482);
#2481 = CARTESIAN_POINT('',(-10.,-10.,0.));
#2482 = VECTOR('',#2483,1.);
#2483 = DIRECTION('',(0.,0.,-1.));
#2484 = ORIENTED_EDGE('',*,*,#2485,.T.);
#2485 = EDGE_CURVE('',#2478,#2486,#2488,.T.);
#2486 = VERTEX_POINT('',#2487);
#2487 = CARTESIAN_POINT('',(-10.,-3.358757210636,-18.35875721063));
#2488 = LINE('',#2489,#2490);
#2489 = CARTESIAN_POINT('',(-10.,-3.75,-18.75));
#2490 = VECTOR('',#2491,1.);
#2491 = DIRECTION('',(0.,0.707106781187,0.707106781187));
#2492 = ORIENTED_EDGE('',*,*,#2493,.F.);
#2493 = EDGE_CURVE('',#2494,#2486,#2496,.T.);
#2494 = VERTEX_POINT('',#2495);
#2495 = CARTESIAN_POINT('',(-10.,3.358757210636,-18.35875721063));
#2496 = CIRCLE('',#2497,4.75);
#2497 = AXIS2_PLACEMENT_3D('',#2498,#2499,#2500);
#2498 = CARTESIAN_POINT('',(-10.,1.286082831445E-15,-21.71751442127));
#2499 = DIRECTION('',(1.,0.,0.));
#2500 = DIRECTION('',(0.,1.,0.));
#2501 = ORIENTED_EDGE('',*,*,#2502,.T.);
#2502 = EDGE_CURVE('',#2494,#2503,#2505,.T.);
#2503 = VERTEX_POINT('',#2504);
#2504 = CARTESIAN_POINT('',(-10.,10.,-25.));
#2505 = LINE('',#2506,#2507);
#2506 = CARTESIAN_POINT('',(-10.,-4.570621394682,-10.42937860531));
#2507 = VECTOR('',#2508,1.);
#2508 = DIRECTION('',(0.,0.707106781187,-0.707106781187));
#2509 = ORIENTED_EDGE('',*,*,#2510,.F.);
#2510 = EDGE_CURVE('',#86,#2503,#2511,.T.);
#2511 = LINE('',#2512,#2513);
#2512 = CARTESIAN_POINT('',(-10.,10.,0.));
#2513 = VECTOR('',#2514,1.);
#2514 = DIRECTION('',(0.,0.,-1.));
#2515 = PLANE('',#2516);
#2516 = AXIS2_PLACEMENT_3D('',#2517,#2518,#2519);
#2517 = CARTESIAN_POINT('',(-10.,-10.,0.));
#2518 = DIRECTION('',(1.,0.,0.));
#2519 = DIRECTION('',(0.,1.,0.));
#2520 = ADVANCED_FACE('',(#2521),#2539,.F.);
#2521 = FACE_BOUND('',#2522,.F.);
#2522 = EDGE_LOOP('',(#2523,#2531,#2537,#2538));
#2523 = ORIENTED_EDGE('',*,*,#2524,.T.);
#2524 = EDGE_CURVE('',#102,#2525,#2527,.T.);
#2525 = VERTEX_POINT('',#2526);
#2526 = CARTESIAN_POINT('',(10.,-10.,-25.));
#2527 = LINE('',#2528,#2529);
#2528 = CARTESIAN_POINT('',(10.,-10.,0.));
#2529 = VECTOR('',#2530,1.);
#2530 = DIRECTION('',(0.,0.,-1.));
#2531 = ORIENTED_EDGE('',*,*,#2532,.T.);
#2532 = EDGE_CURVE('',#2525,#2478,#2533,.T.);
#2533 = LINE('',#2534,#2535);
#2534 = CARTESIAN_POINT('',(10.,-10.,-25.));
#2535 = VECTOR('',#2536,1.);
#2536 = DIRECTION('',(-1.,0.,0.));
#2537 = ORIENTED_EDGE('',*,*,#2477,.F.);
#2538 = ORIENTED_EDGE('',*,*,#109,.F.);
#2539 = PLANE('',#2540);
#2540 = AXIS2_PLACEMENT_3D('',#2541,#2542,#2543);
#2541 = CARTESIAN_POINT('',(10.,-10.,0.));
#2542 = DIRECTION('',(0.,1.,0.));
#2543 = DIRECTION('',(-1.,0.,0.));
#2544 = ADVANCED_FACE('',(#2545),#2580,.F.);
#2545 = FACE_BOUND('',#2546,.F.);
#2546 = EDGE_LOOP('',(#2547,#2548,#2556,#2564,#2573,#2579));
#2547 = ORIENTED_EDGE('',*,*,#101,.F.);
#2548 = ORIENTED_EDGE('',*,*,#2549,.T.);
#2549 = EDGE_CURVE('',#94,#2550,#2552,.T.);
#2550 = VERTEX_POINT('',#2551);
#2551 = CARTESIAN_POINT('',(10.,10.,-25.));
#2552 = LINE('',#2553,#2554);
#2553 = CARTESIAN_POINT('',(10.,10.,0.));
#2554 = VECTOR('',#2555,1.);
#2555 = DIRECTION('',(0.,0.,-1.));
#2556 = ORIENTED_EDGE('',*,*,#2557,.F.);
#2557 = EDGE_CURVE('',#2558,#2550,#2560,.T.);
#2558 = VERTEX_POINT('',#2559);
#2559 = CARTESIAN_POINT('',(10.,3.358757210636,-18.35875721063));
#2560 = LINE('',#2561,#2562);
#2561 = CARTESIAN_POINT('',(10.,3.358757210636,-18.35875721063));
#2562 = VECTOR('',#2563,1.);
#2563 = DIRECTION('',(0.,0.707106781187,-0.707106781187));
#2564 = ORIENTED_EDGE('',*,*,#2565,.T.);
#2565 = EDGE_CURVE('',#2558,#2566,#2568,.T.);
#2566 = VERTEX_POINT('',#2567);
#2567 = CARTESIAN_POINT('',(10.,-3.358757210636,-18.35875721063));
#2568 = CIRCLE('',#2569,4.75);
#2569 = AXIS2_PLACEMENT_3D('',#2570,#2571,#2572);
#2570 = CARTESIAN_POINT('',(10.,1.286082831445E-15,-21.71751442127));
#2571 = DIRECTION('',(1.,0.,0.));
#2572 = DIRECTION('',(0.,1.,0.));
#2573 = ORIENTED_EDGE('',*,*,#2574,.F.);
#2574 = EDGE_CURVE('',#2525,#2566,#2575,.T.);
#2575 = LINE('',#2576,#2577);
#2576 = CARTESIAN_POINT('',(10.,-10.,-25.));
#2577 = VECTOR('',#2578,1.);
#2578 = DIRECTION('',(0.,0.707106781187,0.707106781187));
#2579 = ORIENTED_EDGE('',*,*,#2524,.F.);
#2580 = PLANE('',#2581);
#2581 = AXIS2_PLACEMENT_3D('',#2582,#2583,#2584);
#2582 = CARTESIAN_POINT('',(10.,10.,0.));
#2583 = DIRECTION('',(-1.,-0.,-0.));
#2584 = DIRECTION('',(0.,-1.,0.));
#2585 = ADVANCED_FACE('',(#2586),#2597,.F.);
#2586 = FACE_BOUND('',#2587,.F.);
#2587 = EDGE_LOOP('',(#2588,#2589,#2595,#2596));
#2588 = ORIENTED_EDGE('',*,*,#2510,.T.);
#2589 = ORIENTED_EDGE('',*,*,#2590,.T.);
#2590 = EDGE_CURVE('',#2503,#2550,#2591,.T.);
#2591 = LINE('',#2592,#2593);
#2592 = CARTESIAN_POINT('',(-10.,10.,-25.));
#2593 = VECTOR('',#2594,1.);
#2594 = DIRECTION('',(1.,0.,0.));
#2595 = ORIENTED_EDGE('',*,*,#2549,.F.);
#2596 = ORIENTED_EDGE('',*,*,#93,.F.);
#2597 = PLANE('',#2598);
#2598 = AXIS2_PLACEMENT_3D('',#2599,#2600,#2601);
#2599 = CARTESIAN_POINT('',(-10.,10.,0.));
#2600 = DIRECTION('',(0.,-1.,0.));
#2601 = DIRECTION('',(1.,0.,0.));
#2602 = ADVANCED_FACE('',(#2603),#2628,.T.);
#2603 = FACE_BOUND('',#2604,.T.);
#2604 = EDGE_LOOP('',(#2605,#2613,#2621,#2627));
#2605 = ORIENTED_EDGE('',*,*,#2606,.T.);
#2606 = EDGE_CURVE('',#127,#2607,#2609,.T.);
#2607 = VERTEX_POINT('',#2608);
#2608 = CARTESIAN_POINT('',(-4.607464053049,-7.349371035804,38.));
#2609 = LINE('',#2610,#2611);
#2610 = CARTESIAN_POINT('',(-4.607464053049,-7.349371035804,40.));
#2611 = VECTOR('',#2612,1.);
#2612 = DIRECTION('',(-0.,-0.,-1.));
#2613 = ORIENTED_EDGE('',*,*,#2614,.T.);
#2614 = EDGE_CURVE('',#2607,#2615,#2617,.T.);
#2615 = VERTEX_POINT('',#2616);
#2616 = CARTESIAN_POINT('',(-4.631374355643,-7.226307274997,38.));
#2617 = B_SPLINE_CURVE_WITH_KNOTS('',2,(#2618,#2619,#2620),
  .UNSPECIFIED.,.F.,.F.,(3,3),(0.,1.),.PIECEWISE_BEZIER_KNOTS.);
#2618 = CARTESIAN_POINT('',(-4.607464053049,-7.349371035804,38.));
#2619 = CARTESIAN_POINT('',(-4.631374355643,-7.292499638109,38.));
#2620 = CARTESIAN_POINT('',(-4.631374355643,-7.226307274997,38.));
#2621 = ORIENTED_EDGE('',*,*,#2622,.F.);
#2622 = EDGE_CURVE('',#129,#2615,#2623,.T.);
#2623 = LINE('',#2624,#2625);
#2624 = CARTESIAN_POINT('',(-4.631374355643,-7.226307274997,40.));
#2625 = VECTOR('',#2626,1.);
#2626 = DIRECTION('',(-0.,-0.,-1.));
#2627 = ORIENTED_EDGE('',*,*,#126,.F.);
#2628 = SURFACE_OF_LINEAR_EXTRUSION('',#2629,#2633);
#2629 = B_SPLINE_CURVE_WITH_KNOTS('',2,(#2630,#2631,#2632),
  .UNSPECIFIED.,.F.,.F.,(3,3),(0.,1.),.PIECEWISE_BEZIER_KNOTS.);
#2630 = CARTESIAN_POINT('',(-4.607464053049,-7.349371035804,40.));
#2631 = CARTESIAN_POINT('',(-4.631374355643,-7.292499638109,40.));
#2632 = CARTESIAN_POINT('',(-4.631374355643,-7.226307274997,40.));
#2633 = VECTOR('',#2634,1.);
#2634 = DIRECTION('',(0.,0.,1.));
#2635 = ADVANCED_FACE('',(#2636),#2654,.T.);
#2636 = FACE_BOUND('',#2637,.T.);
#2637 = EDGE_LOOP('',(#2638,#2646,#2652,#2653));
#2638 = ORIENTED_EDGE('',*,*,#2639,.T.);
#2639 = EDGE_CURVE('',#241,#2640,#2642,.T.);
#2640 = VERTEX_POINT('',#2641);
#2641 = CARTESIAN_POINT('',(-4.541136603482,-7.44757888883,38.));
#2642 = LINE('',#2643,#2644);
#2643 = CARTESIAN_POINT('',(-4.541136603482,-7.44757888883,40.));
#2644 = VECTOR('',#2645,1.);
#2645 = DIRECTION('',(-0.,-0.,-1.));
#2646 = ORIENTED_EDGE('',*,*,#2647,.T.);
#2647 = EDGE_CURVE('',#2640,#2607,#2648,.T.);
#2648 = B_SPLINE_CURVE_WITH_KNOTS('',2,(#2649,#2650,#2651),
  .UNSPECIFIED.,.F.,.F.,(3,3),(0.,1.),.PIECEWISE_BEZIER_KNOTS.);
#2649 = CARTESIAN_POINT('',(-4.541136603482,-7.44757888883,38.));
#2650 = CARTESIAN_POINT('',(-4.583553750456,-7.406242433499,38.));
#2651 = CARTESIAN_POINT('',(-4.607464053049,-7.349371035804,38.));
#2652 = ORIENTED_EDGE('',*,*,#2606,.F.);
#2653 = ORIENTED_EDGE('',*,*,#248,.F.);
#2654 = SURFACE_OF_LINEAR_EXTRUSION('',#2655,#2659);
#2655 = B_SPLINE_CURVE_WITH_KNOTS('',2,(#2656,#2657,#2658),
  .UNSPECIFIED.,.F.,.F.,(3,3),(0.,1.),.PIECEWISE_BEZIER_KNOTS.);
#2656 = CARTESIAN_POINT('',(-4.541136603482,-7.44757888883,40.));
#2657 = CARTESIAN_POINT('',(-4.583553750456,-7.406242433499,40.));
#2658 = CARTESIAN_POINT('',(-4.607464053049,-7.349371035804,40.));
#2659 = VECTOR('',#2660,1.);
#2660 = DIRECTION('',(0.,0.,1.));
#2661 = ADVANCED_FACE('',(#2662),#2680,.T.);
#2662 = FACE_BOUND('',#2663,.T.);
#2663 = EDGE_LOOP('',(#2664,#2672,#2678,#2679));
#2664 = ORIENTED_EDGE('',*,*,#2665,.T.);
#2665 = EDGE_CURVE('',#233,#2666,#2668,.T.);
#2666 = VERTEX_POINT('',#2667);
#2667 = CARTESIAN_POINT('',(-4.44049719426,-7.5126905603,38.));
#2668 = LINE('',#2669,#2670);
#2669 = CARTESIAN_POINT('',(-4.44049719426,-7.5126905603,40.));
#2670 = VECTOR('',#2671,1.);
#2671 = DIRECTION('',(-0.,-0.,-1.));
#2672 = ORIENTED_EDGE('',*,*,#2673,.T.);
#2673 = EDGE_CURVE('',#2666,#2640,#2674,.T.);
#2674 = B_SPLINE_CURVE_WITH_KNOTS('',2,(#2675,#2676,#2677),
  .UNSPECIFIED.,.F.,.F.,(3,3),(0.,1.),.PIECEWISE_BEZIER_KNOTS.);
#2675 = CARTESIAN_POINT('',(-4.44049719426,-7.5126905603,38.));
#2676 = CARTESIAN_POINT('',(-4.498584370052,-7.488915344161,38.));
#2677 = CARTESIAN_POINT('',(-4.541136603482,-7.44757888883,38.));
#2678 = ORIENTED_EDGE('',*,*,#2639,.F.);
#2679 = ORIENTED_EDGE('',*,*,#240,.F.);
#2680 = SURFACE_OF_LINEAR_EXTRUSION('',#2681,#2685);
#2681 = B_SPLINE_CURVE_WITH_KNOTS('',2,(#2682,#2683,#2684),
  .UNSPECIFIED.,.F.,.F.,(3,3),(0.,1.),.PIECEWISE_BEZIER_KNOTS.);
#2682 = CARTESIAN_POINT('',(-4.44049719426,-7.5126905603,40.));
#2683 = CARTESIAN_POINT('',(-4.498584370052,-7.488915344161,40.));
#2684 = CARTESIAN_POINT('',(-4.541136603482,-7.44757888883,40.));
#2685 = VECTOR('',#2686,1.);
#2686 = DIRECTION('',(0.,0.,1.));
#2687 = ADVANCED_FACE('',(#2688),#2706,.T.);
#2688 = FACE_BOUND('',#2689,.T.);
#2689 = EDGE_LOOP('',(#2690,#2698,#2704,#2705));
#2690 = ORIENTED_EDGE('',*,*,#2691,.T.);
#2691 = EDGE_CURVE('',#225,#2692,#2694,.T.);
#2692 = VERTEX_POINT('',#2693);
#2693 = CARTESIAN_POINT('',(-4.315947482444,-7.536465776438,38.));
#2694 = LINE('',#2695,#2696);
#2695 = CARTESIAN_POINT('',(-4.315947482444,-7.536465776438,40.));
#2696 = VECTOR('',#2697,1.);
#2697 = DIRECTION('',(-0.,-0.,-1.));
#2698 = ORIENTED_EDGE('',*,*,#2699,.T.);
#2699 = EDGE_CURVE('',#2692,#2666,#2700,.T.);
#2700 = B_SPLINE_CURVE_WITH_KNOTS('',2,(#2701,#2702,#2703),
  .UNSPECIFIED.,.F.,.F.,(3,3),(0.,1.),.PIECEWISE_BEZIER_KNOTS.);
#2701 = CARTESIAN_POINT('',(-4.315947482444,-7.536465776438,38.));
#2702 = CARTESIAN_POINT('',(-4.382410018467,-7.536465776438,38.));
#2703 = CARTESIAN_POINT('',(-4.44049719426,-7.5126905603,38.));
#2704 = ORIENTED_EDGE('',*,*,#2665,.F.);
#2705 = ORIENTED_EDGE('',*,*,#232,.F.);
#2706 = SURFACE_OF_LINEAR_EXTRUSION('',#2707,#2711);
#2707 = B_SPLINE_CURVE_WITH_KNOTS('',2,(#2708,#2709,#2710),
  .UNSPECIFIED.,.F.,.F.,(3,3),(0.,1.),.PIECEWISE_BEZIER_KNOTS.);
#2708 = CARTESIAN_POINT('',(-4.315947482444,-7.536465776438,40.));
#2709 = CARTESIAN_POINT('',(-4.382410018467,-7.536465776438,40.));
#2710 = CARTESIAN_POINT('',(-4.44049719426,-7.5126905603,40.));
#2711 = VECTOR('',#2712,1.);
#2712 = DIRECTION('',(0.,0.,1.));
#2713 = ADVANCED_FACE('',(#2714),#2732,.T.);
#2714 = FACE_BOUND('',#2715,.T.);
#2715 = EDGE_LOOP('',(#2716,#2724,#2730,#2731));
#2716 = ORIENTED_EDGE('',*,*,#2717,.T.);
#2717 = EDGE_CURVE('',#217,#2718,#2720,.T.);
#2718 = VERTEX_POINT('',#2719);
#2719 = CARTESIAN_POINT('',(-4.193559153914,-7.5126905603,38.));
#2720 = LINE('',#2721,#2722);
#2721 = CARTESIAN_POINT('',(-4.193559153914,-7.5126905603,40.));
#2722 = VECTOR('',#2723,1.);
#2723 = DIRECTION('',(-0.,-0.,-1.));
#2724 = ORIENTED_EDGE('',*,*,#2725,.T.);
#2725 = EDGE_CURVE('',#2718,#2692,#2726,.T.);
#2726 = B_SPLINE_CURVE_WITH_KNOTS('',2,(#2727,#2728,#2729),
  .UNSPECIFIED.,.F.,.F.,(3,3),(0.,1.),.PIECEWISE_BEZIER_KNOTS.);
#2727 = CARTESIAN_POINT('',(-4.193559153914,-7.5126905603,38.));
#2728 = CARTESIAN_POINT('',(-4.251646329706,-7.536465776438,38.));
#2729 = CARTESIAN_POINT('',(-4.315947482444,-7.536465776438,38.));
#2730 = ORIENTED_EDGE('',*,*,#2691,.F.);
#2731 = ORIENTED_EDGE('',*,*,#224,.F.);
#2732 = SURFACE_OF_LINEAR_EXTRUSION('',#2733,#2737);
#2733 = B_SPLINE_CURVE_WITH_KNOTS('',2,(#2734,#2735,#2736),
  .UNSPECIFIED.,.F.,.F.,(3,3),(0.,1.),.PIECEWISE_BEZIER_KNOTS.);
#2734 = CARTESIAN_POINT('',(-4.193559153914,-7.5126905603,40.));
#2735 = CARTESIAN_POINT('',(-4.251646329706,-7.536465776438,40.));
#2736 = CARTESIAN_POINT('',(-4.315947482444,-7.536465776438,40.));
#2737 = VECTOR('',#2738,1.);
#2738 = DIRECTION('',(0.,0.,1.));
#2739 = ADVANCED_FACE('',(#2740),#2758,.T.);
#2740 = FACE_BOUND('',#2741,.T.);
#2741 = EDGE_LOOP('',(#2742,#2750,#2756,#2757));
#2742 = ORIENTED_EDGE('',*,*,#2743,.T.);
#2743 = EDGE_CURVE('',#209,#2744,#2746,.T.);
#2744 = VERTEX_POINT('',#2745);
#2745 = CARTESIAN_POINT('',(-4.094000436335,-7.44757888883,38.));
#2746 = LINE('',#2747,#2748);
#2747 = CARTESIAN_POINT('',(-4.094000436335,-7.44757888883,40.));
#2748 = VECTOR('',#2749,1.);
#2749 = DIRECTION('',(-0.,-0.,-1.));
#2750 = ORIENTED_EDGE('',*,*,#2751,.T.);
#2751 = EDGE_CURVE('',#2744,#2718,#2752,.T.);
#2752 = B_SPLINE_CURVE_WITH_KNOTS('',2,(#2753,#2754,#2755),
  .UNSPECIFIED.,.F.,.F.,(3,3),(0.,1.),.PIECEWISE_BEZIER_KNOTS.);
#2753 = CARTESIAN_POINT('',(-4.094000436335,-7.44757888883,38.));
#2754 = CARTESIAN_POINT('',(-4.135471978121,-7.488915344161,38.));
#2755 = CARTESIAN_POINT('',(-4.193559153914,-7.5126905603,38.));
#2756 = ORIENTED_EDGE('',*,*,#2717,.F.);
#2757 = ORIENTED_EDGE('',*,*,#216,.F.);
#2758 = SURFACE_OF_LINEAR_EXTRUSION('',#2759,#2763);
#2759 = B_SPLINE_CURVE_WITH_KNOTS('',2,(#2760,#2761,#2762),
  .UNSPECIFIED.,.F.,.F.,(3,3),(0.,1.),.PIECEWISE_BEZIER_KNOTS.);
#2760 = CARTESIAN_POINT('',(-4.094000436335,-7.44757888883,40.));
#2761 = CARTESIAN_POINT('',(-4.135471978121,-7.488915344161,40.));
#2762 = CARTESIAN_POINT('',(-4.193559153914,-7.5126905603,40.));
#2763 = VECTOR('',#2764,1.);
#2764 = DIRECTION('',(0.,0.,1.));
#2765 = ADVANCED_FACE('',(#2766),#2784,.T.);
#2766 = FACE_BOUND('',#2767,.T.);
#2767 = EDGE_LOOP('',(#2768,#2776,#2782,#2783));
#2768 = ORIENTED_EDGE('',*,*,#2769,.T.);
#2769 = EDGE_CURVE('',#201,#2770,#2772,.T.);
#2770 = VERTEX_POINT('',#2771);
#2771 = CARTESIAN_POINT('',(-4.027537900312,-7.349371035804,38.));
#2772 = LINE('',#2773,#2774);
#2773 = CARTESIAN_POINT('',(-4.027537900312,-7.349371035804,40.));
#2774 = VECTOR('',#2775,1.);
#2775 = DIRECTION('',(-0.,-0.,-1.));
#2776 = ORIENTED_EDGE('',*,*,#2777,.T.);
#2777 = EDGE_CURVE('',#2770,#2744,#2778,.T.);
#2778 = B_SPLINE_CURVE_WITH_KNOTS('',2,(#2779,#2780,#2781),
  .UNSPECIFIED.,.F.,.F.,(3,3),(0.,1.),.PIECEWISE_BEZIER_KNOTS.);
#2779 = CARTESIAN_POINT('',(-4.027537900312,-7.349371035804,38.));
#2780 = CARTESIAN_POINT('',(-4.052393808093,-7.406242433499,38.));
#2781 = CARTESIAN_POINT('',(-4.094000436335,-7.44757888883,38.));
#2782 = ORIENTED_EDGE('',*,*,#2743,.F.);
#2783 = ORIENTED_EDGE('',*,*,#208,.F.);
#2784 = SURFACE_OF_LINEAR_EXTRUSION('',#2785,#2789);
#2785 = B_SPLINE_CURVE_WITH_KNOTS('',2,(#2786,#2787,#2788),
  .UNSPECIFIED.,.F.,.F.,(3,3),(0.,1.),.PIECEWISE_BEZIER_KNOTS.);
#2786 = CARTESIAN_POINT('',(-4.027537900312,-7.349371035804,40.));
#2787 = CARTESIAN_POINT('',(-4.052393808093,-7.406242433499,40.));
#2788 = CARTESIAN_POINT('',(-4.094000436335,-7.44757888883,40.));
#2789 = VECTOR('',#2790,1.);
#2790 = DIRECTION('',(0.,0.,1.));
#2791 = ADVANCED_FACE('',(#2792),#2810,.T.);
#2792 = FACE_BOUND('',#2793,.T.);
#2793 = EDGE_LOOP('',(#2794,#2802,#2808,#2809));
#2794 = ORIENTED_EDGE('',*,*,#2795,.T.);
#2795 = EDGE_CURVE('',#193,#2796,#2798,.T.);
#2796 = VERTEX_POINT('',#2797);
#2797 = CARTESIAN_POINT('',(-4.002681992531,-7.226307274997,38.));
#2798 = LINE('',#2799,#2800);
#2799 = CARTESIAN_POINT('',(-4.002681992531,-7.226307274997,40.));
#2800 = VECTOR('',#2801,1.);
#2801 = DIRECTION('',(-0.,-0.,-1.));
#2802 = ORIENTED_EDGE('',*,*,#2803,.T.);
#2803 = EDGE_CURVE('',#2796,#2770,#2804,.T.);
#2804 = B_SPLINE_CURVE_WITH_KNOTS('',2,(#2805,#2806,#2807),
  .UNSPECIFIED.,.F.,.F.,(3,3),(0.,1.),.PIECEWISE_BEZIER_KNOTS.);
#2805 = CARTESIAN_POINT('',(-4.002681992531,-7.226307274997,38.));
#2806 = CARTESIAN_POINT('',(-4.002681992531,-7.292499638109,38.));
#2807 = CARTESIAN_POINT('',(-4.027537900312,-7.349371035804,38.));
#2808 = ORIENTED_EDGE('',*,*,#2769,.F.);
#2809 = ORIENTED_EDGE('',*,*,#200,.F.);
#2810 = SURFACE_OF_LINEAR_EXTRUSION('',#2811,#2815);
#2811 = B_SPLINE_CURVE_WITH_KNOTS('',2,(#2812,#2813,#2814),
  .UNSPECIFIED.,.F.,.F.,(3,3),(0.,1.),.PIECEWISE_BEZIER_KNOTS.);
#2812 = CARTESIAN_POINT('',(-4.002681992531,-7.226307274997,40.));
#2813 = CARTESIAN_POINT('',(-4.002681992531,-7.292499638109,40.));
#2814 = CARTESIAN_POINT('',(-4.027537900312,-7.349371035804,40.));
#2815 = VECTOR('',#2816,1.);
#2816 = DIRECTION('',(0.,0.,1.));
#2817 = ADVANCED_FACE('',(#2818),#2836,.T.);
#2818 = FACE_BOUND('',#2819,.T.);
#2819 = EDGE_LOOP('',(#2820,#2828,#2834,#2835));
#2820 = ORIENTED_EDGE('',*,*,#2821,.T.);
#2821 = EDGE_CURVE('',#185,#2822,#2824,.T.);
#2822 = VERTEX_POINT('',#2823);
#2823 = CARTESIAN_POINT('',(-4.027537900312,-7.104324205833,38.));
#2824 = LINE('',#2825,#2826);
#2825 = CARTESIAN_POINT('',(-4.027537900312,-7.104324205833,40.));
#2826 = VECTOR('',#2827,1.);
#2827 = DIRECTION('',(-0.,-0.,-1.));
#2828 = ORIENTED_EDGE('',*,*,#2829,.T.);
#2829 = EDGE_CURVE('',#2822,#2796,#2830,.T.);
#2830 = B_SPLINE_CURVE_WITH_KNOTS('',2,(#2831,#2832,#2833),
  .UNSPECIFIED.,.F.,.F.,(3,3),(0.,1.),.PIECEWISE_BEZIER_KNOTS.);
#2831 = CARTESIAN_POINT('',(-4.027537900312,-7.104324205833,38.));
#2832 = CARTESIAN_POINT('',(-4.002681992531,-7.162141208715,38.));
#2833 = CARTESIAN_POINT('',(-4.002681992531,-7.226307274997,38.));
#2834 = ORIENTED_EDGE('',*,*,#2795,.F.);
#2835 = ORIENTED_EDGE('',*,*,#192,.F.);
#2836 = SURFACE_OF_LINEAR_EXTRUSION('',#2837,#2841);
#2837 = B_SPLINE_CURVE_WITH_KNOTS('',2,(#2838,#2839,#2840),
  .UNSPECIFIED.,.F.,.F.,(3,3),(0.,1.),.PIECEWISE_BEZIER_KNOTS.);
#2838 = CARTESIAN_POINT('',(-4.027537900312,-7.104324205833,40.));
#2839 = CARTESIAN_POINT('',(-4.002681992531,-7.162141208715,40.));
#2840 = CARTESIAN_POINT('',(-4.002681992531,-7.226307274997,40.));
#2841 = VECTOR('',#2842,1.);
#2842 = DIRECTION('',(0.,0.,1.));
#2843 = ADVANCED_FACE('',(#2844),#2862,.T.);
#2844 = FACE_BOUND('',#2845,.T.);
#2845 = EDGE_LOOP('',(#2846,#2854,#2860,#2861));
#2846 = ORIENTED_EDGE('',*,*,#2847,.T.);
#2847 = EDGE_CURVE('',#177,#2848,#2850,.T.);
#2848 = VERTEX_POINT('',#2849);
#2849 = CARTESIAN_POINT('',(-4.094000436335,-7.005035661164,38.));
#2850 = LINE('',#2851,#2852);
#2851 = CARTESIAN_POINT('',(-4.094000436335,-7.005035661164,40.));
#2852 = VECTOR('',#2853,1.);
#2853 = DIRECTION('',(-0.,-0.,-1.));
#2854 = ORIENTED_EDGE('',*,*,#2855,.T.);
#2855 = EDGE_CURVE('',#2848,#2822,#2856,.T.);
#2856 = B_SPLINE_CURVE_WITH_KNOTS('',2,(#2857,#2858,#2859),
  .UNSPECIFIED.,.F.,.F.,(3,3),(0.,1.),.PIECEWISE_BEZIER_KNOTS.);
#2857 = CARTESIAN_POINT('',(-4.094000436335,-7.005035661164,38.));
#2858 = CARTESIAN_POINT('',(-4.052393808093,-7.046372116496,38.));
#2859 = CARTESIAN_POINT('',(-4.027537900312,-7.104324205833,38.));
#2860 = ORIENTED_EDGE('',*,*,#2821,.F.);
#2861 = ORIENTED_EDGE('',*,*,#184,.F.);
#2862 = SURFACE_OF_LINEAR_EXTRUSION('',#2863,#2867);
#2863 = B_SPLINE_CURVE_WITH_KNOTS('',2,(#2864,#2865,#2866),
  .UNSPECIFIED.,.F.,.F.,(3,3),(0.,1.),.PIECEWISE_BEZIER_KNOTS.);
#2864 = CARTESIAN_POINT('',(-4.094000436335,-7.005035661164,40.));
#2865 = CARTESIAN_POINT('',(-4.052393808093,-7.046372116496,40.));
#2866 = CARTESIAN_POINT('',(-4.027537900312,-7.104324205833,40.));
#2867 = VECTOR('',#2868,1.);
#2868 = DIRECTION('',(0.,0.,1.));
#2869 = ADVANCED_FACE('',(#2870),#2888,.T.);
#2870 = FACE_BOUND('',#2871,.T.);
#2871 = EDGE_LOOP('',(#2872,#2880,#2886,#2887));
#2872 = ORIENTED_EDGE('',*,*,#2873,.T.);
#2873 = EDGE_CURVE('',#169,#2874,#2876,.T.);
#2874 = VERTEX_POINT('',#2875);
#2875 = CARTESIAN_POINT('',(-4.193559153914,-6.938843298052,38.));
#2876 = LINE('',#2877,#2878);
#2877 = CARTESIAN_POINT('',(-4.193559153914,-6.938843298052,40.));
#2878 = VECTOR('',#2879,1.);
#2879 = DIRECTION('',(-0.,-0.,-1.));
#2880 = ORIENTED_EDGE('',*,*,#2881,.T.);
#2881 = EDGE_CURVE('',#2874,#2848,#2882,.T.);
#2882 = B_SPLINE_CURVE_WITH_KNOTS('',2,(#2883,#2884,#2885),
  .UNSPECIFIED.,.F.,.F.,(3,3),(0.,1.),.PIECEWISE_BEZIER_KNOTS.);
#2883 = CARTESIAN_POINT('',(-4.193559153914,-6.938843298052,38.));
#2884 = CARTESIAN_POINT('',(-4.135471978121,-6.963564119377,38.));
#2885 = CARTESIAN_POINT('',(-4.094000436335,-7.005035661164,38.));
#2886 = ORIENTED_EDGE('',*,*,#2847,.F.);
#2887 = ORIENTED_EDGE('',*,*,#176,.F.);
#2888 = SURFACE_OF_LINEAR_EXTRUSION('',#2889,#2893);
#2889 = B_SPLINE_CURVE_WITH_KNOTS('',2,(#2890,#2891,#2892),
  .UNSPECIFIED.,.F.,.F.,(3,3),(0.,1.),.PIECEWISE_BEZIER_KNOTS.);
#2890 = CARTESIAN_POINT('',(-4.193559153914,-6.938843298052,40.));
#2891 = CARTESIAN_POINT('',(-4.135471978121,-6.963564119377,40.));
#2892 = CARTESIAN_POINT('',(-4.094000436335,-7.005035661164,40.));
#2893 = VECTOR('',#2894,1.);
#2894 = DIRECTION('',(0.,0.,1.));
#2895 = ADVANCED_FACE('',(#2896),#2914,.T.);
#2896 = FACE_BOUND('',#2897,.T.);
#2897 = EDGE_LOOP('',(#2898,#2906,#2912,#2913));
#2898 = ORIENTED_EDGE('',*,*,#2899,.T.);
#2899 = EDGE_CURVE('',#161,#2900,#2902,.T.);
#2900 = VERTEX_POINT('',#2901);
#2901 = CARTESIAN_POINT('',(-4.315947482444,-6.913987390271,38.));
#2902 = LINE('',#2903,#2904);
#2903 = CARTESIAN_POINT('',(-4.315947482444,-6.913987390271,40.));
#2904 = VECTOR('',#2905,1.);
#2905 = DIRECTION('',(-0.,-0.,-1.));
#2906 = ORIENTED_EDGE('',*,*,#2907,.T.);
#2907 = EDGE_CURVE('',#2900,#2874,#2908,.T.);
#2908 = B_SPLINE_CURVE_WITH_KNOTS('',2,(#2909,#2910,#2911),
  .UNSPECIFIED.,.F.,.F.,(3,3),(0.,1.),.PIECEWISE_BEZIER_KNOTS.);
#2909 = CARTESIAN_POINT('',(-4.315947482444,-6.913987390271,38.));
#2910 = CARTESIAN_POINT('',(-4.251646329706,-6.913987390271,38.));
#2911 = CARTESIAN_POINT('',(-4.193559153914,-6.938843298052,38.));
#2912 = ORIENTED_EDGE('',*,*,#2873,.F.);
#2913 = ORIENTED_EDGE('',*,*,#168,.F.);
#2914 = SURFACE_OF_LINEAR_EXTRUSION('',#2915,#2919);
#2915 = B_SPLINE_CURVE_WITH_KNOTS('',2,(#2916,#2917,#2918),
  .UNSPECIFIED.,.F.,.F.,(3,3),(0.,1.),.PIECEWISE_BEZIER_KNOTS.);
#2916 = CARTESIAN_POINT('',(-4.315947482444,-6.913987390271,40.));
#2917 = CARTESIAN_POINT('',(-4.251646329706,-6.913987390271,40.));
#2918 = CARTESIAN_POINT('',(-4.193559153914,-6.938843298052,40.));
#2919 = VECTOR('',#2920,1.);
#2920 = DIRECTION('',(0.,0.,1.));
#2921 = ADVANCED_FACE('',(#2922),#2940,.T.);
#2922 = FACE_BOUND('',#2923,.T.);
#2923 = EDGE_LOOP('',(#2924,#2932,#2938,#2939));
#2924 = ORIENTED_EDGE('',*,*,#2925,.T.);
#2925 = EDGE_CURVE('',#153,#2926,#2928,.T.);
#2926 = VERTEX_POINT('',#2927);
#2927 = CARTESIAN_POINT('',(-4.44049719426,-6.938843298052,38.));
#2928 = LINE('',#2929,#2930);
#2929 = CARTESIAN_POINT('',(-4.44049719426,-6.938843298052,40.));
#2930 = VECTOR('',#2931,1.);
#2931 = DIRECTION('',(-0.,-0.,-1.));
#2932 = ORIENTED_EDGE('',*,*,#2933,.T.);
#2933 = EDGE_CURVE('',#2926,#2900,#2934,.T.);
#2934 = B_SPLINE_CURVE_WITH_KNOTS('',2,(#2935,#2936,#2937),
  .UNSPECIFIED.,.F.,.F.,(3,3),(0.,1.),.PIECEWISE_BEZIER_KNOTS.);
#2935 = CARTESIAN_POINT('',(-4.44049719426,-6.938843298052,38.));
#2936 = CARTESIAN_POINT('',(-4.382410018467,-6.913987390271,38.));
#2937 = CARTESIAN_POINT('',(-4.315947482444,-6.913987390271,38.));
#2938 = ORIENTED_EDGE('',*,*,#2899,.F.);
#2939 = ORIENTED_EDGE('',*,*,#160,.F.);
#2940 = SURFACE_OF_LINEAR_EXTRUSION('',#2941,#2945);
#2941 = B_SPLINE_CURVE_WITH_KNOTS('',2,(#2942,#2943,#2944),
  .UNSPECIFIED.,.F.,.F.,(3,3),(0.,1.),.PIECEWISE_BEZIER_KNOTS.);
#2942 = CARTESIAN_POINT('',(-4.44049719426,-6.938843298052,40.));
#2943 = CARTESIAN_POINT('',(-4.382410018467,-6.913987390271,40.));
#2944 = CARTESIAN_POINT('',(-4.315947482444,-6.913987390271,40.));
#2945 = VECTOR('',#2946,1.);
#2946 = DIRECTION('',(0.,0.,1.));
#2947 = ADVANCED_FACE('',(#2948),#2966,.T.);
#2948 = FACE_BOUND('',#2949,.T.);
#2949 = EDGE_LOOP('',(#2950,#2958,#2964,#2965));
#2950 = ORIENTED_EDGE('',*,*,#2951,.T.);
#2951 = EDGE_CURVE('',#145,#2952,#2954,.T.);
#2952 = VERTEX_POINT('',#2953);
#2953 = CARTESIAN_POINT('',(-4.541136603482,-7.005035661164,38.));
#2954 = LINE('',#2955,#2956);
#2955 = CARTESIAN_POINT('',(-4.541136603482,-7.005035661164,40.));
#2956 = VECTOR('',#2957,1.);
#2957 = DIRECTION('',(-0.,-0.,-1.));
#2958 = ORIENTED_EDGE('',*,*,#2959,.T.);
#2959 = EDGE_CURVE('',#2952,#2926,#2960,.T.);
#2960 = B_SPLINE_CURVE_WITH_KNOTS('',2,(#2961,#2962,#2963),
  .UNSPECIFIED.,.F.,.F.,(3,3),(0.,1.),.PIECEWISE_BEZIER_KNOTS.);
#2961 = CARTESIAN_POINT('',(-4.541136603482,-7.005035661164,38.));
#2962 = CARTESIAN_POINT('',(-4.498584370052,-6.963564119377,38.));
#2963 = CARTESIAN_POINT('',(-4.44049719426,-6.938843298052,38.));
#2964 = ORIENTED_EDGE('',*,*,#2925,.F.);
#2965 = ORIENTED_EDGE('',*,*,#152,.F.);
#2966 = SURFACE_OF_LINEAR_EXTRUSION('',#2967,#2971);
#2967 = B_SPLINE_CURVE_WITH_KNOTS('',2,(#2968,#2969,#2970),
  .UNSPECIFIED.,.F.,.F.,(3,3),(0.,1.),.PIECEWISE_BEZIER_KNOTS.);
#2968 = CARTESIAN_POINT('',(-4.541136603482,-7.005035661164,40.));
#2969 = CARTESIAN_POINT('',(-4.498584370052,-6.963564119377,40.));
#2970 = CARTESIAN_POINT('',(-4.44049719426,-6.938843298052,40.));
#2971 = VECTOR('',#2972,1.);
#2972 = DIRECTION('',(0.,0.,1.));
#2973 = ADVANCED_FACE('',(#2974),#2992,.T.);
#2974 = FACE_BOUND('',#2975,.T.);
#2975 = EDGE_LOOP('',(#2976,#2984,#2990,#2991));
#2976 = ORIENTED_EDGE('',*,*,#2977,.T.);
#2977 = EDGE_CURVE('',#137,#2978,#2980,.T.);
#2978 = VERTEX_POINT('',#2979);
#2979 = CARTESIAN_POINT('',(-4.607464053049,-7.104324205833,38.));
#2980 = LINE('',#2981,#2982);
#2981 = CARTESIAN_POINT('',(-4.607464053049,-7.104324205833,40.));
#2982 = VECTOR('',#2983,1.);
#2983 = DIRECTION('',(-0.,-0.,-1.));
#2984 = ORIENTED_EDGE('',*,*,#2985,.T.);
#2985 = EDGE_CURVE('',#2978,#2952,#2986,.T.);
#2986 = B_SPLINE_CURVE_WITH_KNOTS('',2,(#2987,#2988,#2989),
  .UNSPECIFIED.,.F.,.F.,(3,3),(0.,1.),.PIECEWISE_BEZIER_KNOTS.);
#2987 = CARTESIAN_POINT('',(-4.607464053049,-7.104324205833,38.));
#2988 = CARTESIAN_POINT('',(-4.583553750456,-7.046372116496,38.));
#2989 = CARTESIAN_POINT('',(-4.541136603482,-7.005035661164,38.));
#2990 = ORIENTED_EDGE('',*,*,#2951,.F.);
#2991 = ORIENTED_EDGE('',*,*,#144,.F.);
#2992 = SURFACE_OF_LINEAR_EXTRUSION('',#2993,#2997);
#2993 = B_SPLINE_CURVE_WITH_KNOTS('',2,(#2994,#2995,#2996),
  .UNSPECIFIED.,.F.,.F.,(3,3),(0.,1.),.PIECEWISE_BEZIER_KNOTS.);
#2994 = CARTESIAN_POINT('',(-4.607464053049,-7.104324205833,40.));
#2995 = CARTESIAN_POINT('',(-4.583553750456,-7.046372116496,40.));
#2996 = CARTESIAN_POINT('',(-4.541136603482,-7.005035661164,40.));
#2997 = VECTOR('',#2998,1.);
#2998 = DIRECTION('',(0.,0.,1.));
#2999 = ADVANCED_FACE('',(#3000),#3011,.T.);
#3000 = FACE_BOUND('',#3001,.T.);
#3001 = EDGE_LOOP('',(#3002,#3003,#3009,#3010));
#3002 = ORIENTED_EDGE('',*,*,#2622,.T.);
#3003 = ORIENTED_EDGE('',*,*,#3004,.T.);
#3004 = EDGE_CURVE('',#2615,#2978,#3005,.T.);
#3005 = B_SPLINE_CURVE_WITH_KNOTS('',2,(#3006,#3007,#3008),
  .UNSPECIFIED.,.F.,.F.,(3,3),(0.,1.),.PIECEWISE_BEZIER_KNOTS.);
#3006 = CARTESIAN_POINT('',(-4.631374355643,-7.226307274997,38.));
#3007 = CARTESIAN_POINT('',(-4.631374355643,-7.162141208715,38.));
#3008 = CARTESIAN_POINT('',(-4.607464053049,-7.104324205833,38.));
#3009 = ORIENTED_EDGE('',*,*,#2977,.F.);
#3010 = ORIENTED_EDGE('',*,*,#136,.F.);
#3011 = SURFACE_OF_LINEAR_EXTRUSION('',#3012,#3016);
#3012 = B_SPLINE_CURVE_WITH_KNOTS('',2,(#3013,#3014,#3015),
  .UNSPECIFIED.,.F.,.F.,(3,3),(0.,1.),.PIECEWISE_BEZIER_KNOTS.);
#3013 = CARTESIAN_POINT('',(-4.631374355643,-7.226307274997,40.));
#3014 = CARTESIAN_POINT('',(-4.631374355643,-7.162141208715,40.));
#3015 = CARTESIAN_POINT('',(-4.607464053049,-7.104324205833,40.));
#3016 = VECTOR('',#3017,1.);
#3017 = DIRECTION('',(0.,0.,1.));
#3018 = ADVANCED_FACE('',(#3019),#3044,.T.);
#3019 = FACE_BOUND('',#3020,.T.);
#3020 = EDGE_LOOP('',(#3021,#3029,#3037,#3043));
#3021 = ORIENTED_EDGE('',*,*,#3022,.T.);
#3022 = EDGE_CURVE('',#257,#3023,#3025,.T.);
#3023 = VERTEX_POINT('',#3024);
#3024 = CARTESIAN_POINT('',(-5.231698563136,-4.506206410444,38.));
#3025 = LINE('',#3026,#3027);
#3026 = CARTESIAN_POINT('',(-5.231698563136,-4.506206410444,40.));
#3027 = VECTOR('',#3028,1.);
#3028 = DIRECTION('',(-0.,-0.,-1.));
#3029 = ORIENTED_EDGE('',*,*,#3030,.T.);
#3030 = EDGE_CURVE('',#3023,#3031,#3033,.T.);
#3031 = VERTEX_POINT('',#3032);
#3032 = CARTESIAN_POINT('',(-5.231698563136,-6.377964335516,38.));
#3033 = LINE('',#3034,#3035);
#3034 = CARTESIAN_POINT('',(-5.231698563136,-4.506206410444,38.));
#3035 = VECTOR('',#3036,1.);
#3036 = DIRECTION('',(0.,-1.,0.));
#3037 = ORIENTED_EDGE('',*,*,#3038,.F.);
#3038 = EDGE_CURVE('',#259,#3031,#3039,.T.);
#3039 = LINE('',#3040,#3041);
#3040 = CARTESIAN_POINT('',(-5.231698563136,-6.377964335516,40.));
#3041 = VECTOR('',#3042,1.);
#3042 = DIRECTION('',(-0.,-0.,-1.));
#3043 = ORIENTED_EDGE('',*,*,#256,.F.);
#3044 = PLANE('',#3045);
#3045 = AXIS2_PLACEMENT_3D('',#3046,#3047,#3048);
#3046 = CARTESIAN_POINT('',(-5.231698563136,-4.506206410444,40.));
#3047 = DIRECTION('',(-1.,0.,0.));
#3048 = DIRECTION('',(0.,-1.,0.));
#3049 = ADVANCED_FACE('',(#3050),#3068,.T.);
#3050 = FACE_BOUND('',#3051,.T.);
#3051 = EDGE_LOOP('',(#3052,#3060,#3066,#3067));
#3052 = ORIENTED_EDGE('',*,*,#3053,.T.);
#3053 = EDGE_CURVE('',#363,#3054,#3056,.T.);
#3054 = VERTEX_POINT('',#3055);
#3055 = CARTESIAN_POINT('',(-5.717199283597,-4.506206410444,38.));
#3056 = LINE('',#3057,#3058);
#3057 = CARTESIAN_POINT('',(-5.717199283597,-4.506206410444,40.));
#3058 = VECTOR('',#3059,1.);
#3059 = DIRECTION('',(-0.,-0.,-1.));
#3060 = ORIENTED_EDGE('',*,*,#3061,.T.);
#3061 = EDGE_CURVE('',#3054,#3023,#3062,.T.);
#3062 = LINE('',#3063,#3064);
#3063 = CARTESIAN_POINT('',(-5.717199283597,-4.506206410444,38.));
#3064 = VECTOR('',#3065,1.);
#3065 = DIRECTION('',(1.,0.,0.));
#3066 = ORIENTED_EDGE('',*,*,#3022,.F.);
#3067 = ORIENTED_EDGE('',*,*,#370,.F.);
#3068 = PLANE('',#3069);
#3069 = AXIS2_PLACEMENT_3D('',#3070,#3071,#3072);
#3070 = CARTESIAN_POINT('',(-5.717199283597,-4.506206410444,40.));
#3071 = DIRECTION('',(0.,-1.,0.));
#3072 = DIRECTION('',(1.,0.,0.));
#3073 = ADVANCED_FACE('',(#3074),#3092,.T.);
#3074 = FACE_BOUND('',#3075,.T.);
#3075 = EDGE_LOOP('',(#3076,#3084,#3090,#3091));
#3076 = ORIENTED_EDGE('',*,*,#3077,.T.);
#3077 = EDGE_CURVE('',#355,#3078,#3080,.T.);
#3078 = VERTEX_POINT('',#3079);
#3079 = CARTESIAN_POINT('',(-7.138578966594,-6.404306194305,38.));
#3080 = LINE('',#3081,#3082);
#3081 = CARTESIAN_POINT('',(-7.138578966594,-6.404306194305,40.));
#3082 = VECTOR('',#3083,1.);
#3083 = DIRECTION('',(-0.,-0.,-1.));
#3084 = ORIENTED_EDGE('',*,*,#3085,.T.);
#3085 = EDGE_CURVE('',#3078,#3054,#3086,.T.);
#3086 = LINE('',#3087,#3088);
#3087 = CARTESIAN_POINT('',(-7.138578966594,-6.404306194305,38.));
#3088 = VECTOR('',#3089,1.);
#3089 = DIRECTION('',(0.599407378069,0.800444123669,0.));
#3090 = ORIENTED_EDGE('',*,*,#3053,.F.);
#3091 = ORIENTED_EDGE('',*,*,#362,.F.);
#3092 = PLANE('',#3093);
#3093 = AXIS2_PLACEMENT_3D('',#3094,#3095,#3096);
#3094 = CARTESIAN_POINT('',(-7.138578966594,-6.404306194305,40.));
#3095 = DIRECTION('',(0.800444123669,-0.599407378069,0.));
#3096 = DIRECTION('',(0.599407378069,0.800444123669,0.));
#3097 = ADVANCED_FACE('',(#3098),#3116,.T.);
#3098 = FACE_BOUND('',#3099,.T.);
#3099 = EDGE_LOOP('',(#3100,#3108,#3114,#3115));
#3100 = ORIENTED_EDGE('',*,*,#3101,.T.);
#3101 = EDGE_CURVE('',#347,#3102,#3104,.T.);
#3102 = VERTEX_POINT('',#3103);
#3103 = CARTESIAN_POINT('',(-7.086705767747,-6.663672188542,38.));
#3104 = LINE('',#3105,#3106);
#3105 = CARTESIAN_POINT('',(-7.086705767747,-6.663672188542,40.));
#3106 = VECTOR('',#3107,1.);
#3107 = DIRECTION('',(-0.,-0.,-1.));
#3108 = ORIENTED_EDGE('',*,*,#3109,.T.);
#3109 = EDGE_CURVE('',#3102,#3078,#3110,.T.);
#3110 = LINE('',#3111,#3112);
#3111 = CARTESIAN_POINT('',(-7.086705767747,-6.663672188542,38.));
#3112 = VECTOR('',#3113,1.);
#3113 = DIRECTION('',(-0.196116135138,0.980580675691,0.));
#3114 = ORIENTED_EDGE('',*,*,#3077,.F.);
#3115 = ORIENTED_EDGE('',*,*,#354,.F.);
#3116 = PLANE('',#3117);
#3117 = AXIS2_PLACEMENT_3D('',#3118,#3119,#3120);
#3118 = CARTESIAN_POINT('',(-7.086705767747,-6.663672188542,40.));
#3119 = DIRECTION('',(0.980580675691,0.196116135138,0.));
#3120 = DIRECTION('',(-0.196116135138,0.980580675691,0.));
#3121 = ADVANCED_FACE('',(#3122),#3140,.T.);
#3122 = FACE_BOUND('',#3123,.T.);
#3123 = EDGE_LOOP('',(#3124,#3132,#3138,#3139));
#3124 = ORIENTED_EDGE('',*,*,#3125,.T.);
#3125 = EDGE_CURVE('',#339,#3126,#3128,.T.);
#3126 = VERTEX_POINT('',#3127);
#3127 = CARTESIAN_POINT('',(-7.036858865729,-6.743508283643,38.));
#3128 = LINE('',#3129,#3130);
#3129 = CARTESIAN_POINT('',(-7.036858865729,-6.743508283643,40.));
#3130 = VECTOR('',#3131,1.);
#3131 = DIRECTION('',(-0.,-0.,-1.));
#3132 = ORIENTED_EDGE('',*,*,#3133,.T.);
#3133 = EDGE_CURVE('',#3126,#3102,#3134,.T.);
#3134 = B_SPLINE_CURVE_WITH_KNOTS('',2,(#3135,#3136,#3137),
  .UNSPECIFIED.,.F.,.F.,(3,3),(0.,1.),.PIECEWISE_BEZIER_KNOTS.);
#3135 = CARTESIAN_POINT('',(-7.036858865729,-6.743508283643,38.));
#3136 = CARTESIAN_POINT('',(-7.076304110686,-6.711357707274,38.));
#3137 = CARTESIAN_POINT('',(-7.086705767747,-6.663672188542,38.));
#3138 = ORIENTED_EDGE('',*,*,#3101,.F.);
#3139 = ORIENTED_EDGE('',*,*,#346,.F.);
#3140 = SURFACE_OF_LINEAR_EXTRUSION('',#3141,#3145);
#3141 = B_SPLINE_CURVE_WITH_KNOTS('',2,(#3142,#3143,#3144),
  .UNSPECIFIED.,.F.,.F.,(3,3),(0.,1.),.PIECEWISE_BEZIER_KNOTS.);
#3142 = CARTESIAN_POINT('',(-7.036858865729,-6.743508283643,40.));
#3143 = CARTESIAN_POINT('',(-7.076304110686,-6.711357707274,40.));
#3144 = CARTESIAN_POINT('',(-7.086705767747,-6.663672188542,40.));
#3145 = VECTOR('',#3146,1.);
#3146 = DIRECTION('',(0.,0.,1.));
#3147 = ADVANCED_FACE('',(#3148),#3166,.T.);
#3148 = FACE_BOUND('',#3149,.T.);
#3149 = EDGE_LOOP('',(#3150,#3158,#3164,#3165));
#3150 = ORIENTED_EDGE('',*,*,#3151,.T.);
#3151 = EDGE_CURVE('',#331,#3152,#3154,.T.);
#3152 = VERTEX_POINT('',#3153);
#3153 = CARTESIAN_POINT('',(-6.945540421925,-6.775658860012,38.));
#3154 = LINE('',#3155,#3156);
#3155 = CARTESIAN_POINT('',(-6.945540421925,-6.775658860012,40.));
#3156 = VECTOR('',#3157,1.);
#3157 = DIRECTION('',(-0.,-0.,-1.));
#3158 = ORIENTED_EDGE('',*,*,#3159,.T.);
#3159 = EDGE_CURVE('',#3152,#3126,#3160,.T.);
#3160 = B_SPLINE_CURVE_WITH_KNOTS('',2,(#3161,#3162,#3163),
  .UNSPECIFIED.,.F.,.F.,(3,3),(0.,1.),.PIECEWISE_BEZIER_KNOTS.);
#3161 = CARTESIAN_POINT('',(-6.945540421925,-6.775658860012,38.));
#3162 = CARTESIAN_POINT('',(-6.997413620773,-6.775658860012,38.));
#3163 = CARTESIAN_POINT('',(-7.036858865729,-6.743508283643,38.));
#3164 = ORIENTED_EDGE('',*,*,#3125,.F.);
#3165 = ORIENTED_EDGE('',*,*,#338,.F.);
#3166 = SURFACE_OF_LINEAR_EXTRUSION('',#3167,#3171);
#3167 = B_SPLINE_CURVE_WITH_KNOTS('',2,(#3168,#3169,#3170),
  .UNSPECIFIED.,.F.,.F.,(3,3),(0.,1.),.PIECEWISE_BEZIER_KNOTS.);
#3168 = CARTESIAN_POINT('',(-6.945540421925,-6.775658860012,40.));
#3169 = CARTESIAN_POINT('',(-6.997413620773,-6.775658860012,40.));
#3170 = CARTESIAN_POINT('',(-7.036858865729,-6.743508283643,40.));
#3171 = VECTOR('',#3172,1.);
#3172 = DIRECTION('',(0.,0.,1.));
#3173 = ADVANCED_FACE('',(#3174),#3192,.T.);
#3174 = FACE_BOUND('',#3175,.T.);
#3175 = EDGE_LOOP('',(#3176,#3184,#3190,#3191));
#3176 = ORIENTED_EDGE('',*,*,#3177,.T.);
#3177 = EDGE_CURVE('',#323,#3178,#3180,.T.);
#3178 = VERTEX_POINT('',#3179);
#3179 = CARTESIAN_POINT('',(-5.679915421925,-6.775658860012,38.));
#3180 = LINE('',#3181,#3182);
#3181 = CARTESIAN_POINT('',(-5.679915421925,-6.775658860012,40.));
#3182 = VECTOR('',#3183,1.);
#3183 = DIRECTION('',(-0.,-0.,-1.));
#3184 = ORIENTED_EDGE('',*,*,#3185,.T.);
#3185 = EDGE_CURVE('',#3178,#3152,#3186,.T.);
#3186 = LINE('',#3187,#3188);
#3187 = CARTESIAN_POINT('',(-5.679915421925,-6.775658860012,38.));
#3188 = VECTOR('',#3189,1.);
#3189 = DIRECTION('',(-1.,0.,0.));
#3190 = ORIENTED_EDGE('',*,*,#3151,.F.);
#3191 = ORIENTED_EDGE('',*,*,#330,.F.);
#3192 = PLANE('',#3193);
#3193 = AXIS2_PLACEMENT_3D('',#3194,#3195,#3196);
#3194 = CARTESIAN_POINT('',(-5.679915421925,-6.775658860012,40.));
#3195 = DIRECTION('',(0.,1.,0.));
#3196 = DIRECTION('',(-1.,0.,0.));
#3197 = ADVANCED_FACE('',(#3198),#3216,.T.);
#3198 = FACE_BOUND('',#3199,.T.);
#3199 = EDGE_LOOP('',(#3200,#3208,#3214,#3215));
#3200 = ORIENTED_EDGE('',*,*,#3201,.T.);
#3201 = EDGE_CURVE('',#315,#3202,#3204,.T.);
#3202 = VERTEX_POINT('',#3203);
#3203 = CARTESIAN_POINT('',(-5.679915421925,-7.506206410444,38.));
#3204 = LINE('',#3205,#3206);
#3205 = CARTESIAN_POINT('',(-5.679915421925,-7.506206410444,40.));
#3206 = VECTOR('',#3207,1.);
#3207 = DIRECTION('',(-0.,-0.,-1.));
#3208 = ORIENTED_EDGE('',*,*,#3209,.T.);
#3209 = EDGE_CURVE('',#3202,#3178,#3210,.T.);
#3210 = LINE('',#3211,#3212);
#3211 = CARTESIAN_POINT('',(-5.679915421925,-7.506206410444,38.));
#3212 = VECTOR('',#3213,1.);
#3213 = DIRECTION('',(0.,1.,0.));
#3214 = ORIENTED_EDGE('',*,*,#3177,.F.);
#3215 = ORIENTED_EDGE('',*,*,#322,.F.);
#3216 = PLANE('',#3217);
#3217 = AXIS2_PLACEMENT_3D('',#3218,#3219,#3220);
#3218 = CARTESIAN_POINT('',(-5.679915421925,-7.506206410444,40.));
#3219 = DIRECTION('',(1.,0.,0.));
#3220 = DIRECTION('',(0.,1.,0.));
#3221 = ADVANCED_FACE('',(#3222),#3240,.T.);
#3222 = FACE_BOUND('',#3223,.T.);
#3223 = EDGE_LOOP('',(#3224,#3232,#3238,#3239));
#3224 = ORIENTED_EDGE('',*,*,#3225,.T.);
#3225 = EDGE_CURVE('',#307,#3226,#3228,.T.);
#3226 = VERTEX_POINT('',#3227);
#3227 = CARTESIAN_POINT('',(-5.231698563136,-7.506206410444,38.));
#3228 = LINE('',#3229,#3230);
#3229 = CARTESIAN_POINT('',(-5.231698563136,-7.506206410444,40.));
#3230 = VECTOR('',#3231,1.);
#3231 = DIRECTION('',(-0.,-0.,-1.));
#3232 = ORIENTED_EDGE('',*,*,#3233,.T.);
#3233 = EDGE_CURVE('',#3226,#3202,#3234,.T.);
#3234 = LINE('',#3235,#3236);
#3235 = CARTESIAN_POINT('',(-5.231698563136,-7.506206410444,38.));
#3236 = VECTOR('',#3237,1.);
#3237 = DIRECTION('',(-1.,0.,0.));
#3238 = ORIENTED_EDGE('',*,*,#3201,.F.);
#3239 = ORIENTED_EDGE('',*,*,#314,.F.);
#3240 = PLANE('',#3241);
#3241 = AXIS2_PLACEMENT_3D('',#3242,#3243,#3244);
#3242 = CARTESIAN_POINT('',(-5.231698563136,-7.506206410444,40.));
#3243 = DIRECTION('',(0.,1.,0.));
#3244 = DIRECTION('',(-1.,0.,0.));
#3245 = ADVANCED_FACE('',(#3246),#3264,.T.);
#3246 = FACE_BOUND('',#3247,.T.);
#3247 = EDGE_LOOP('',(#3248,#3256,#3262,#3263));
#3248 = ORIENTED_EDGE('',*,*,#3249,.T.);
#3249 = EDGE_CURVE('',#299,#3250,#3252,.T.);
#3250 = VERTEX_POINT('',#3251);
#3251 = CARTESIAN_POINT('',(-5.231698563136,-6.775658860012,38.));
#3252 = LINE('',#3253,#3254);
#3253 = CARTESIAN_POINT('',(-5.231698563136,-6.775658860012,40.));
#3254 = VECTOR('',#3255,1.);
#3255 = DIRECTION('',(-0.,-0.,-1.));
#3256 = ORIENTED_EDGE('',*,*,#3257,.T.);
#3257 = EDGE_CURVE('',#3250,#3226,#3258,.T.);
#3258 = LINE('',#3259,#3260);
#3259 = CARTESIAN_POINT('',(-5.231698563136,-6.775658860012,38.));
#3260 = VECTOR('',#3261,1.);
#3261 = DIRECTION('',(0.,-1.,0.));
#3262 = ORIENTED_EDGE('',*,*,#3225,.F.);
#3263 = ORIENTED_EDGE('',*,*,#306,.F.);
#3264 = PLANE('',#3265);
#3265 = AXIS2_PLACEMENT_3D('',#3266,#3267,#3268);
#3266 = CARTESIAN_POINT('',(-5.231698563136,-6.775658860012,40.));
#3267 = DIRECTION('',(-1.,0.,0.));
#3268 = DIRECTION('',(0.,-1.,0.));
#3269 = ADVANCED_FACE('',(#3270),#3288,.T.);
#3270 = FACE_BOUND('',#3271,.T.);
#3271 = EDGE_LOOP('',(#3272,#3280,#3286,#3287));
#3272 = ORIENTED_EDGE('',*,*,#3273,.T.);
#3273 = EDGE_CURVE('',#291,#3274,#3276,.T.);
#3274 = VERTEX_POINT('',#3275);
#3275 = CARTESIAN_POINT('',(-4.959904615009,-6.775658860012,38.));
#3276 = LINE('',#3277,#3278);
#3277 = CARTESIAN_POINT('',(-4.959904615009,-6.775658860012,40.));
#3278 = VECTOR('',#3279,1.);
#3279 = DIRECTION('',(-0.,-0.,-1.));
#3280 = ORIENTED_EDGE('',*,*,#3281,.T.);
#3281 = EDGE_CURVE('',#3274,#3250,#3282,.T.);
#3282 = LINE('',#3283,#3284);
#3283 = CARTESIAN_POINT('',(-4.959904615009,-6.775658860012,38.));
#3284 = VECTOR('',#3285,1.);
#3285 = DIRECTION('',(-1.,0.,0.));
#3286 = ORIENTED_EDGE('',*,*,#3249,.F.);
#3287 = ORIENTED_EDGE('',*,*,#298,.F.);
#3288 = PLANE('',#3289);
#3289 = AXIS2_PLACEMENT_3D('',#3290,#3291,#3292);
#3290 = CARTESIAN_POINT('',(-4.959904615009,-6.775658860012,40.));
#3291 = DIRECTION('',(0.,1.,0.));
#3292 = DIRECTION('',(-1.,0.,0.));
#3293 = ADVANCED_FACE('',(#3294),#3312,.T.);
#3294 = FACE_BOUND('',#3295,.T.);
#3295 = EDGE_LOOP('',(#3296,#3304,#3310,#3311));
#3296 = ORIENTED_EDGE('',*,*,#3297,.T.);
#3297 = EDGE_CURVE('',#283,#3298,#3300,.T.);
#3298 = VERTEX_POINT('',#3299);
#3299 = CARTESIAN_POINT('',(-4.881014125095,-6.745669666928,38.));
#3300 = LINE('',#3301,#3302);
#3301 = CARTESIAN_POINT('',(-4.881014125095,-6.745669666928,40.));
#3302 = VECTOR('',#3303,1.);
#3303 = DIRECTION('',(-0.,-0.,-1.));
#3304 = ORIENTED_EDGE('',*,*,#3305,.T.);
#3305 = EDGE_CURVE('',#3298,#3274,#3306,.T.);
#3306 = B_SPLINE_CURVE_WITH_KNOTS('',2,(#3307,#3308,#3309),
  .UNSPECIFIED.,.F.,.F.,(3,3),(0.,1.),.PIECEWISE_BEZIER_KNOTS.);
#3307 = CARTESIAN_POINT('',(-4.881014125095,-6.745669666928,38.));
#3308 = CARTESIAN_POINT('',(-4.908031416162,-6.775658860012,38.));
#3309 = CARTESIAN_POINT('',(-4.959904615009,-6.775658860012,38.));
#3310 = ORIENTED_EDGE('',*,*,#3273,.F.);
#3311 = ORIENTED_EDGE('',*,*,#290,.F.);
#3312 = SURFACE_OF_LINEAR_EXTRUSION('',#3313,#3317);
#3313 = B_SPLINE_CURVE_WITH_KNOTS('',2,(#3314,#3315,#3316),
  .UNSPECIFIED.,.F.,.F.,(3,3),(0.,1.),.PIECEWISE_BEZIER_KNOTS.);
#3314 = CARTESIAN_POINT('',(-4.881014125095,-6.745669666928,40.));
#3315 = CARTESIAN_POINT('',(-4.908031416162,-6.775658860012,40.));
#3316 = CARTESIAN_POINT('',(-4.959904615009,-6.775658860012,40.));
#3317 = VECTOR('',#3318,1.);
#3318 = DIRECTION('',(0.,0.,1.));
#3319 = ADVANCED_FACE('',(#3320),#3338,.T.);
#3320 = FACE_BOUND('',#3321,.T.);
#3321 = EDGE_LOOP('',(#3322,#3330,#3336,#3337));
#3322 = ORIENTED_EDGE('',*,*,#3323,.T.);
#3323 = EDGE_CURVE('',#275,#3324,#3326,.T.);
#3324 = VERTEX_POINT('',#3325);
#3325 = CARTESIAN_POINT('',(-4.853996834029,-6.674208932058,38.));
#3326 = LINE('',#3327,#3328);
#3327 = CARTESIAN_POINT('',(-4.853996834029,-6.674208932058,40.));
#3328 = VECTOR('',#3329,1.);
#3329 = DIRECTION('',(-0.,-0.,-1.));
#3330 = ORIENTED_EDGE('',*,*,#3331,.T.);
#3331 = EDGE_CURVE('',#3324,#3298,#3332,.T.);
#3332 = B_SPLINE_CURVE_WITH_KNOTS('',2,(#3333,#3334,#3335),
  .UNSPECIFIED.,.F.,.F.,(3,3),(0.,1.),.PIECEWISE_BEZIER_KNOTS.);
#3333 = CARTESIAN_POINT('',(-4.853996834029,-6.674208932058,38.));
#3334 = CARTESIAN_POINT('',(-4.853996834029,-6.715545387389,38.));
#3335 = CARTESIAN_POINT('',(-4.881014125095,-6.745669666928,38.));
#3336 = ORIENTED_EDGE('',*,*,#3297,.F.);
#3337 = ORIENTED_EDGE('',*,*,#282,.F.);
#3338 = SURFACE_OF_LINEAR_EXTRUSION('',#3339,#3343);
#3339 = B_SPLINE_CURVE_WITH_KNOTS('',2,(#3340,#3341,#3342),
  .UNSPECIFIED.,.F.,.F.,(3,3),(0.,1.),.PIECEWISE_BEZIER_KNOTS.);
#3340 = CARTESIAN_POINT('',(-4.853996834029,-6.674208932058,40.));
#3341 = CARTESIAN_POINT('',(-4.853996834029,-6.715545387389,40.));
#3342 = CARTESIAN_POINT('',(-4.881014125095,-6.745669666928,40.));
#3343 = VECTOR('',#3344,1.);
#3344 = DIRECTION('',(0.,0.,1.));
#3345 = ADVANCED_FACE('',(#3346),#3364,.T.);
#3346 = FACE_BOUND('',#3347,.T.);
#3347 = EDGE_LOOP('',(#3348,#3356,#3362,#3363));
#3348 = ORIENTED_EDGE('',*,*,#3349,.T.);
#3349 = EDGE_CURVE('',#267,#3350,#3352,.T.);
#3350 = VERTEX_POINT('',#3351);
#3351 = CARTESIAN_POINT('',(-4.853996834029,-6.377964335516,38.));
#3352 = LINE('',#3353,#3354);
#3353 = CARTESIAN_POINT('',(-4.853996834029,-6.377964335516,40.));
#3354 = VECTOR('',#3355,1.);
#3355 = DIRECTION('',(-0.,-0.,-1.));
#3356 = ORIENTED_EDGE('',*,*,#3357,.T.);
#3357 = EDGE_CURVE('',#3350,#3324,#3358,.T.);
#3358 = LINE('',#3359,#3360);
#3359 = CARTESIAN_POINT('',(-4.853996834029,-6.377964335516,38.));
#3360 = VECTOR('',#3361,1.);
#3361 = DIRECTION('',(0.,-1.,0.));
#3362 = ORIENTED_EDGE('',*,*,#3323,.F.);
#3363 = ORIENTED_EDGE('',*,*,#274,.F.);
#3364 = PLANE('',#3365);
#3365 = AXIS2_PLACEMENT_3D('',#3366,#3367,#3368);
#3366 = CARTESIAN_POINT('',(-4.853996834029,-6.377964335516,40.));
#3367 = DIRECTION('',(-1.,0.,0.));
#3368 = DIRECTION('',(0.,-1.,0.));
#3369 = ADVANCED_FACE('',(#3370),#3381,.T.);
#3370 = FACE_BOUND('',#3371,.T.);
#3371 = EDGE_LOOP('',(#3372,#3373,#3379,#3380));
#3372 = ORIENTED_EDGE('',*,*,#3038,.T.);
#3373 = ORIENTED_EDGE('',*,*,#3374,.T.);
#3374 = EDGE_CURVE('',#3031,#3350,#3375,.T.);
#3375 = LINE('',#3376,#3377);
#3376 = CARTESIAN_POINT('',(-5.231698563136,-6.377964335516,38.));
#3377 = VECTOR('',#3378,1.);
#3378 = DIRECTION('',(1.,0.,0.));
#3379 = ORIENTED_EDGE('',*,*,#3349,.F.);
#3380 = ORIENTED_EDGE('',*,*,#266,.F.);
#3381 = PLANE('',#3382);
#3382 = AXIS2_PLACEMENT_3D('',#3383,#3384,#3385);
#3383 = CARTESIAN_POINT('',(-5.231698563136,-6.377964335516,40.));
#3384 = DIRECTION('',(0.,-1.,0.));
#3385 = DIRECTION('',(1.,0.,0.));
#3386 = ADVANCED_FACE('',(#3387),#3412,.T.);
#3387 = FACE_BOUND('',#3388,.T.);
#3388 = EDGE_LOOP('',(#3389,#3397,#3405,#3411));
#3389 = ORIENTED_EDGE('',*,*,#3390,.T.);
#3390 = EDGE_CURVE('',#379,#3391,#3393,.T.);
#3391 = VERTEX_POINT('',#3392);
#3392 = CARTESIAN_POINT('',(-3.649836171205,-4.510529177014,38.));
#3393 = LINE('',#3394,#3395);
#3394 = CARTESIAN_POINT('',(-3.649836171205,-4.510529177014,40.));
#3395 = VECTOR('',#3396,1.);
#3396 = DIRECTION('',(-0.,-0.,-1.));
#3397 = ORIENTED_EDGE('',*,*,#3398,.T.);
#3398 = EDGE_CURVE('',#3391,#3399,#3401,.T.);
#3399 = VERTEX_POINT('',#3400);
#3400 = CARTESIAN_POINT('',(-1.574908217314,-4.510529177014,38.));
#3401 = LINE('',#3402,#3403);
#3402 = CARTESIAN_POINT('',(-3.649836171205,-4.510529177014,38.));
#3403 = VECTOR('',#3404,1.);
#3404 = DIRECTION('',(1.,0.,0.));
#3405 = ORIENTED_EDGE('',*,*,#3406,.F.);
#3406 = EDGE_CURVE('',#381,#3399,#3407,.T.);
#3407 = LINE('',#3408,#3409);
#3408 = CARTESIAN_POINT('',(-1.574908217314,-4.510529177014,40.));
#3409 = VECTOR('',#3410,1.);
#3410 = DIRECTION('',(-0.,-0.,-1.));
#3411 = ORIENTED_EDGE('',*,*,#378,.F.);
#3412 = PLANE('',#3413);
#3413 = AXIS2_PLACEMENT_3D('',#3414,#3415,#3416);
#3414 = CARTESIAN_POINT('',(-3.649836171205,-4.510529177014,40.));
#3415 = DIRECTION('',(0.,-1.,0.));
#3416 = DIRECTION('',(1.,0.,0.));
#3417 = ADVANCED_FACE('',(#3418),#3436,.T.);
#3418 = FACE_BOUND('',#3419,.T.);
#3419 = EDGE_LOOP('',(#3420,#3428,#3434,#3435));
#3420 = ORIENTED_EDGE('',*,*,#3421,.T.);
#3421 = EDGE_CURVE('',#477,#3422,#3424,.T.);
#3422 = VERTEX_POINT('',#3423);
#3423 = CARTESIAN_POINT('',(-3.649836171205,-4.858646972403,38.));
#3424 = LINE('',#3425,#3426);
#3425 = CARTESIAN_POINT('',(-3.649836171205,-4.858646972403,40.));
#3426 = VECTOR('',#3427,1.);
#3427 = DIRECTION('',(-0.,-0.,-1.));
#3428 = ORIENTED_EDGE('',*,*,#3429,.T.);
#3429 = EDGE_CURVE('',#3422,#3391,#3430,.T.);
#3430 = LINE('',#3431,#3432);
#3431 = CARTESIAN_POINT('',(-3.649836171205,-4.858646972403,38.));
#3432 = VECTOR('',#3433,1.);
#3433 = DIRECTION('',(0.,1.,0.));
#3434 = ORIENTED_EDGE('',*,*,#3390,.F.);
#3435 = ORIENTED_EDGE('',*,*,#484,.F.);
#3436 = PLANE('',#3437);
#3437 = AXIS2_PLACEMENT_3D('',#3438,#3439,#3440);
#3438 = CARTESIAN_POINT('',(-3.649836171205,-4.858646972403,40.));
#3439 = DIRECTION('',(1.,0.,0.));
#3440 = DIRECTION('',(0.,1.,0.));
#3441 = ADVANCED_FACE('',(#3442),#3460,.T.);
#3442 = FACE_BOUND('',#3443,.T.);
#3443 = EDGE_LOOP('',(#3444,#3452,#3458,#3459));
#3444 = ORIENTED_EDGE('',*,*,#3445,.T.);
#3445 = EDGE_CURVE('',#469,#3446,#3448,.T.);
#3446 = VERTEX_POINT('',#3447);
#3447 = CARTESIAN_POINT('',(-3.614578606363,-4.941995315343,38.));
#3448 = LINE('',#3449,#3450);
#3449 = CARTESIAN_POINT('',(-3.614578606363,-4.941995315343,40.));
#3450 = VECTOR('',#3451,1.);
#3451 = DIRECTION('',(-0.,-0.,-1.));
#3452 = ORIENTED_EDGE('',*,*,#3453,.T.);
#3453 = EDGE_CURVE('',#3446,#3422,#3454,.T.);
#3454 = B_SPLINE_CURVE_WITH_KNOTS('',2,(#3455,#3456,#3457),
  .UNSPECIFIED.,.F.,.F.,(3,3),(0.,1.),.PIECEWISE_BEZIER_KNOTS.);
#3455 = CARTESIAN_POINT('',(-3.614578606363,-4.941995315343,38.));
#3456 = CARTESIAN_POINT('',(-3.649836171205,-4.906467577591,38.));
#3457 = CARTESIAN_POINT('',(-3.649836171205,-4.858646972403,38.));
#3458 = ORIENTED_EDGE('',*,*,#3421,.F.);
#3459 = ORIENTED_EDGE('',*,*,#476,.F.);
#3460 = SURFACE_OF_LINEAR_EXTRUSION('',#3461,#3465);
#3461 = B_SPLINE_CURVE_WITH_KNOTS('',2,(#3462,#3463,#3464),
  .UNSPECIFIED.,.F.,.F.,(3,3),(0.,1.),.PIECEWISE_BEZIER_KNOTS.);
#3462 = CARTESIAN_POINT('',(-3.614578606363,-4.941995315343,40.));
#3463 = CARTESIAN_POINT('',(-3.649836171205,-4.906467577591,40.));
#3464 = CARTESIAN_POINT('',(-3.649836171205,-4.858646972403,40.));
#3465 = VECTOR('',#3466,1.);
#3466 = DIRECTION('',(0.,0.,1.));
#3467 = ADVANCED_FACE('',(#3468),#3486,.T.);
#3468 = FACE_BOUND('',#3469,.T.);
#3469 = EDGE_LOOP('',(#3470,#3478,#3484,#3485));
#3470 = ORIENTED_EDGE('',*,*,#3471,.T.);
#3471 = EDGE_CURVE('',#461,#3472,#3474,.T.);
#3472 = VERTEX_POINT('',#3473);
#3473 = CARTESIAN_POINT('',(-3.53163552279,-4.97738796664,38.));
#3474 = LINE('',#3475,#3476);
#3475 = CARTESIAN_POINT('',(-3.53163552279,-4.97738796664,40.));
#3476 = VECTOR('',#3477,1.);
#3477 = DIRECTION('',(-0.,-0.,-1.));
#3478 = ORIENTED_EDGE('',*,*,#3479,.T.);
#3479 = EDGE_CURVE('',#3472,#3446,#3480,.T.);
#3480 = B_SPLINE_CURVE_WITH_KNOTS('',2,(#3481,#3482,#3483),
  .UNSPECIFIED.,.F.,.F.,(3,3),(0.,1.),.PIECEWISE_BEZIER_KNOTS.);
#3481 = CARTESIAN_POINT('',(-3.53163552279,-4.97738796664,38.));
#3482 = CARTESIAN_POINT('',(-3.579321041522,-4.97738796664,38.));
#3483 = CARTESIAN_POINT('',(-3.614578606363,-4.941995315343,38.));
#3484 = ORIENTED_EDGE('',*,*,#3445,.F.);
#3485 = ORIENTED_EDGE('',*,*,#468,.F.);
#3486 = SURFACE_OF_LINEAR_EXTRUSION('',#3487,#3491);
#3487 = B_SPLINE_CURVE_WITH_KNOTS('',2,(#3488,#3489,#3490),
  .UNSPECIFIED.,.F.,.F.,(3,3),(0.,1.),.PIECEWISE_BEZIER_KNOTS.);
#3488 = CARTESIAN_POINT('',(-3.53163552279,-4.97738796664,40.));
#3489 = CARTESIAN_POINT('',(-3.579321041522,-4.97738796664,40.));
#3490 = CARTESIAN_POINT('',(-3.614578606363,-4.941995315343,40.));
#3491 = VECTOR('',#3492,1.);
#3492 = DIRECTION('',(0.,0.,1.));
#3493 = ADVANCED_FACE('',(#3494),#3512,.T.);
#3494 = FACE_BOUND('',#3495,.T.);
#3495 = EDGE_LOOP('',(#3496,#3504,#3510,#3511));
#3496 = ORIENTED_EDGE('',*,*,#3497,.T.);
#3497 = EDGE_CURVE('',#453,#3498,#3500,.T.);
#3498 = VERTEX_POINT('',#3499);
#3499 = CARTESIAN_POINT('',(-2.095801589072,-4.97738796664,38.));
#3500 = LINE('',#3501,#3502);
#3501 = CARTESIAN_POINT('',(-2.095801589072,-4.97738796664,40.));
#3502 = VECTOR('',#3503,1.);
#3503 = DIRECTION('',(-0.,-0.,-1.));
#3504 = ORIENTED_EDGE('',*,*,#3505,.T.);
#3505 = EDGE_CURVE('',#3498,#3472,#3506,.T.);
#3506 = LINE('',#3507,#3508);
#3507 = CARTESIAN_POINT('',(-2.095801589072,-4.97738796664,38.));
#3508 = VECTOR('',#3509,1.);
#3509 = DIRECTION('',(-1.,0.,0.));
#3510 = ORIENTED_EDGE('',*,*,#3471,.F.);
#3511 = ORIENTED_EDGE('',*,*,#460,.F.);
#3512 = PLANE('',#3513);
#3513 = AXIS2_PLACEMENT_3D('',#3514,#3515,#3516);
#3514 = CARTESIAN_POINT('',(-2.095801589072,-4.97738796664,40.));
#3515 = DIRECTION('',(0.,1.,0.));
#3516 = DIRECTION('',(-1.,0.,0.));
#3517 = ADVANCED_FACE('',(#3518),#3536,.T.);
#3518 = FACE_BOUND('',#3519,.T.);
#3519 = EDGE_LOOP('',(#3520,#3528,#3534,#3535));
#3520 = ORIENTED_EDGE('',*,*,#3521,.T.);
#3521 = EDGE_CURVE('',#445,#3522,#3524,.T.);
#3522 = VERTEX_POINT('',#3523);
#3523 = CARTESIAN_POINT('',(-2.257635162559,-5.21986815396,38.));
#3524 = LINE('',#3525,#3526);
#3525 = CARTESIAN_POINT('',(-2.257635162559,-5.21986815396,40.));
#3526 = VECTOR('',#3527,1.);
#3527 = DIRECTION('',(-0.,-0.,-1.));
#3528 = ORIENTED_EDGE('',*,*,#3529,.T.);
#3529 = EDGE_CURVE('',#3522,#3498,#3530,.T.);
#3530 = B_SPLINE_CURVE_WITH_KNOTS('',2,(#3531,#3532,#3533),
  .UNSPECIFIED.,.F.,.F.,(3,3),(0.,1.),.PIECEWISE_BEZIER_KNOTS.);
#3531 = CARTESIAN_POINT('',(-2.257635162559,-5.21986815396,38.));
#3532 = CARTESIAN_POINT('',(-2.184958649591,-5.078972981049,38.));
#3533 = CARTESIAN_POINT('',(-2.095801589072,-4.97738796664,38.));
#3534 = ORIENTED_EDGE('',*,*,#3497,.F.);
#3535 = ORIENTED_EDGE('',*,*,#452,.F.);
#3536 = SURFACE_OF_LINEAR_EXTRUSION('',#3537,#3541);
#3537 = B_SPLINE_CURVE_WITH_KNOTS('',2,(#3538,#3539,#3540),
  .UNSPECIFIED.,.F.,.F.,(3,3),(0.,1.),.PIECEWISE_BEZIER_KNOTS.);
#3538 = CARTESIAN_POINT('',(-2.257635162559,-5.21986815396,40.));
#3539 = CARTESIAN_POINT('',(-2.184958649591,-5.078972981049,40.));
#3540 = CARTESIAN_POINT('',(-2.095801589072,-4.97738796664,40.));
#3541 = VECTOR('',#3542,1.);
#3542 = DIRECTION('',(0.,0.,1.));
#3543 = ADVANCED_FACE('',(#3544),#3562,.T.);
#3544 = FACE_BOUND('',#3545,.T.);
#3545 = EDGE_LOOP('',(#3546,#3554,#3560,#3561));
#3546 = ORIENTED_EDGE('',*,*,#3547,.T.);
#3547 = EDGE_CURVE('',#437,#3548,#3550,.T.);
#3548 = VERTEX_POINT('',#3549);
#3549 = CARTESIAN_POINT('',(-3.419513764865,-7.510529177014,38.));
#3550 = LINE('',#3551,#3552);
#3551 = CARTESIAN_POINT('',(-3.419513764865,-7.510529177014,40.));
#3552 = VECTOR('',#3553,1.);
#3553 = DIRECTION('',(-0.,-0.,-1.));
#3554 = ORIENTED_EDGE('',*,*,#3555,.T.);
#3555 = EDGE_CURVE('',#3548,#3522,#3556,.T.);
#3556 = LINE('',#3557,#3558);
#3557 = CARTESIAN_POINT('',(-3.419513764865,-7.510529177014,38.));
#3558 = VECTOR('',#3559,1.);
#3559 = DIRECTION('',(0.452360375011,0.891835237653,0.));
#3560 = ORIENTED_EDGE('',*,*,#3521,.F.);
#3561 = ORIENTED_EDGE('',*,*,#444,.F.);
#3562 = PLANE('',#3563);
#3563 = AXIS2_PLACEMENT_3D('',#3564,#3565,#3566);
#3564 = CARTESIAN_POINT('',(-3.419513764865,-7.510529177014,40.));
#3565 = DIRECTION('',(0.891835237653,-0.452360375011,0.));
#3566 = DIRECTION('',(0.452360375011,0.891835237653,0.));
#3567 = ADVANCED_FACE('',(#3568),#3586,.T.);
#3568 = FACE_BOUND('',#3569,.T.);
#3569 = EDGE_LOOP('',(#3570,#3578,#3584,#3585));
#3570 = ORIENTED_EDGE('',*,*,#3571,.T.);
#3571 = EDGE_CURVE('',#429,#3572,#3574,.T.);
#3572 = VERTEX_POINT('',#3573);
#3573 = CARTESIAN_POINT('',(-3.048161099159,-7.510529177014,38.));
#3574 = LINE('',#3575,#3576);
#3575 = CARTESIAN_POINT('',(-3.048161099159,-7.510529177014,40.));
#3576 = VECTOR('',#3577,1.);
#3577 = DIRECTION('',(-0.,-0.,-1.));
#3578 = ORIENTED_EDGE('',*,*,#3579,.T.);
#3579 = EDGE_CURVE('',#3572,#3548,#3580,.T.);
#3580 = LINE('',#3581,#3582);
#3581 = CARTESIAN_POINT('',(-3.048161099159,-7.510529177014,38.));
#3582 = VECTOR('',#3583,1.);
#3583 = DIRECTION('',(-1.,0.,0.));
#3584 = ORIENTED_EDGE('',*,*,#3547,.F.);
#3585 = ORIENTED_EDGE('',*,*,#436,.F.);
#3586 = PLANE('',#3587);
#3587 = AXIS2_PLACEMENT_3D('',#3588,#3589,#3590);
#3588 = CARTESIAN_POINT('',(-3.048161099159,-7.510529177014,40.));
#3589 = DIRECTION('',(0.,1.,0.));
#3590 = DIRECTION('',(-1.,0.,0.));
#3591 = ADVANCED_FACE('',(#3592),#3610,.T.);
#3592 = FACE_BOUND('',#3593,.T.);
#3593 = EDGE_LOOP('',(#3594,#3602,#3608,#3609));
#3594 = ORIENTED_EDGE('',*,*,#3595,.T.);
#3595 = EDGE_CURVE('',#421,#3596,#3598,.T.);
#3596 = VERTEX_POINT('',#3597);
#3597 = CARTESIAN_POINT('',(-2.873899571781,-7.45973666981,38.));
#3598 = LINE('',#3599,#3600);
#3599 = CARTESIAN_POINT('',(-2.873899571781,-7.45973666981,40.));
#3600 = VECTOR('',#3601,1.);
#3601 = DIRECTION('',(-0.,-0.,-1.));
#3602 = ORIENTED_EDGE('',*,*,#3603,.T.);
#3603 = EDGE_CURVE('',#3596,#3572,#3604,.T.);
#3604 = B_SPLINE_CURVE_WITH_KNOTS('',2,(#3605,#3606,#3607),
  .UNSPECIFIED.,.F.,.F.,(3,3),(0.,1.),.PIECEWISE_BEZIER_KNOTS.);
#3605 = CARTESIAN_POINT('',(-2.873899571781,-7.45973666981,38.));
#3606 = CARTESIAN_POINT('',(-2.938200724519,-7.510529177014,38.));
#3607 = CARTESIAN_POINT('',(-3.048161099159,-7.510529177014,38.));
#3608 = ORIENTED_EDGE('',*,*,#3571,.F.);
#3609 = ORIENTED_EDGE('',*,*,#428,.F.);
#3610 = SURFACE_OF_LINEAR_EXTRUSION('',#3611,#3615);
#3611 = B_SPLINE_CURVE_WITH_KNOTS('',2,(#3612,#3613,#3614),
  .UNSPECIFIED.,.F.,.F.,(3,3),(0.,1.),.PIECEWISE_BEZIER_KNOTS.);
#3612 = CARTESIAN_POINT('',(-2.873899571781,-7.45973666981,40.));
#3613 = CARTESIAN_POINT('',(-2.938200724519,-7.510529177014,40.));
#3614 = CARTESIAN_POINT('',(-3.048161099159,-7.510529177014,40.));
#3615 = VECTOR('',#3616,1.);
#3616 = DIRECTION('',(0.,0.,1.));
#3617 = ADVANCED_FACE('',(#3618),#3636,.T.);
#3618 = FACE_BOUND('',#3619,.T.);
#3619 = EDGE_LOOP('',(#3620,#3628,#3634,#3635));
#3620 = ORIENTED_EDGE('',*,*,#3621,.T.);
#3621 = EDGE_CURVE('',#413,#3622,#3624,.T.);
#3622 = VERTEX_POINT('',#3623);
#3623 = CARTESIAN_POINT('',(-2.774340854202,-7.336267649637,38.));
#3624 = LINE('',#3625,#3626);
#3625 = CARTESIAN_POINT('',(-2.774340854202,-7.336267649637,40.));
#3626 = VECTOR('',#3627,1.);
#3627 = DIRECTION('',(-0.,-0.,-1.));
#3628 = ORIENTED_EDGE('',*,*,#3629,.T.);
#3629 = EDGE_CURVE('',#3622,#3596,#3630,.T.);
#3630 = B_SPLINE_CURVE_WITH_KNOTS('',2,(#3631,#3632,#3633),
  .UNSPECIFIED.,.F.,.F.,(3,3),(0.,1.),.PIECEWISE_BEZIER_KNOTS.);
#3631 = CARTESIAN_POINT('',(-2.774340854202,-7.336267649637,38.));
#3632 = CARTESIAN_POINT('',(-2.809598419044,-7.40880907615,38.));
#3633 = CARTESIAN_POINT('',(-2.873899571781,-7.45973666981,38.));
#3634 = ORIENTED_EDGE('',*,*,#3595,.F.);
#3635 = ORIENTED_EDGE('',*,*,#420,.F.);
#3636 = SURFACE_OF_LINEAR_EXTRUSION('',#3637,#3641);
#3637 = B_SPLINE_CURVE_WITH_KNOTS('',2,(#3638,#3639,#3640),
  .UNSPECIFIED.,.F.,.F.,(3,3),(0.,1.),.PIECEWISE_BEZIER_KNOTS.);
#3638 = CARTESIAN_POINT('',(-2.774340854202,-7.336267649637,40.));
#3639 = CARTESIAN_POINT('',(-2.809598419044,-7.40880907615,40.));
#3640 = CARTESIAN_POINT('',(-2.873899571781,-7.45973666981,40.));
#3641 = VECTOR('',#3642,1.);
#3642 = DIRECTION('',(0.,0.,1.));
#3643 = ADVANCED_FACE('',(#3644),#3662,.T.);
#3644 = FACE_BOUND('',#3645,.T.);
#3645 = EDGE_LOOP('',(#3646,#3654,#3660,#3661));
#3646 = ORIENTED_EDGE('',*,*,#3647,.T.);
#3647 = EDGE_CURVE('',#405,#3648,#3650,.T.);
#3648 = VERTEX_POINT('',#3649);
#3649 = CARTESIAN_POINT('',(-1.639344456507,-4.996029897475,38.));
#3650 = LINE('',#3651,#3652);
#3651 = CARTESIAN_POINT('',(-1.639344456507,-4.996029897475,40.));
#3652 = VECTOR('',#3653,1.);
#3653 = DIRECTION('',(-0.,-0.,-1.));
#3654 = ORIENTED_EDGE('',*,*,#3655,.T.);
#3655 = EDGE_CURVE('',#3648,#3622,#3656,.T.);
#3656 = LINE('',#3657,#3658);
#3657 = CARTESIAN_POINT('',(-1.639344456507,-4.996029897475,38.));
#3658 = VECTOR('',#3659,1.);
#3659 = DIRECTION('',(-0.436377996211,-0.899763438034,0.));
#3660 = ORIENTED_EDGE('',*,*,#3621,.F.);
#3661 = ORIENTED_EDGE('',*,*,#412,.F.);
#3662 = PLANE('',#3663);
#3663 = AXIS2_PLACEMENT_3D('',#3664,#3665,#3666);
#3664 = CARTESIAN_POINT('',(-1.639344456507,-4.996029897475,40.));
#3665 = DIRECTION('',(-0.899763438034,0.436377996211,0.));
#3666 = DIRECTION('',(-0.436377996211,-0.899763438034,0.));
#3667 = ADVANCED_FACE('',(#3668),#3686,.T.);
#3668 = FACE_BOUND('',#3669,.T.);
#3669 = EDGE_LOOP('',(#3670,#3678,#3684,#3685));
#3670 = ORIENTED_EDGE('',*,*,#3671,.T.);
#3671 = EDGE_CURVE('',#397,#3672,#3674,.T.);
#3672 = VERTEX_POINT('',#3673);
#3673 = CARTESIAN_POINT('',(-1.596792223078,-4.893364191424,38.));
#3674 = LINE('',#3675,#3676);
#3675 = CARTESIAN_POINT('',(-1.596792223078,-4.893364191424,40.));
#3676 = VECTOR('',#3677,1.);
#3677 = DIRECTION('',(-0.,-0.,-1.));
#3678 = ORIENTED_EDGE('',*,*,#3679,.T.);
#3679 = EDGE_CURVE('',#3672,#3648,#3680,.T.);
#3680 = B_SPLINE_CURVE_WITH_KNOTS('',2,(#3681,#3682,#3683),
  .UNSPECIFIED.,.F.,.F.,(3,3),(0.,1.),.PIECEWISE_BEZIER_KNOTS.);
#3681 = CARTESIAN_POINT('',(-1.596792223078,-4.893364191424,38.));
#3682 = CARTESIAN_POINT('',(-1.618541142386,-4.954558355689,38.));
#3683 = CARTESIAN_POINT('',(-1.639344456507,-4.996029897475,38.));
#3684 = ORIENTED_EDGE('',*,*,#3647,.F.);
#3685 = ORIENTED_EDGE('',*,*,#404,.F.);
#3686 = SURFACE_OF_LINEAR_EXTRUSION('',#3687,#3691);
#3687 = B_SPLINE_CURVE_WITH_KNOTS('',2,(#3688,#3689,#3690),
  .UNSPECIFIED.,.F.,.F.,(3,3),(0.,1.),.PIECEWISE_BEZIER_KNOTS.);
#3688 = CARTESIAN_POINT('',(-1.596792223078,-4.893364191424,40.));
#3689 = CARTESIAN_POINT('',(-1.618541142386,-4.954558355689,40.));
#3690 = CARTESIAN_POINT('',(-1.639344456507,-4.996029897475,40.));
#3691 = VECTOR('',#3692,1.);
#3692 = DIRECTION('',(0.,0.,1.));
#3693 = ADVANCED_FACE('',(#3694),#3712,.T.);
#3694 = FACE_BOUND('',#3695,.T.);
#3695 = EDGE_LOOP('',(#3696,#3704,#3710,#3711));
#3696 = ORIENTED_EDGE('',*,*,#3697,.T.);
#3697 = EDGE_CURVE('',#389,#3698,#3700,.T.);
#3698 = VERTEX_POINT('',#3699);
#3699 = CARTESIAN_POINT('',(-1.574908217314,-4.732476223124,38.));
#3700 = LINE('',#3701,#3702);
#3701 = CARTESIAN_POINT('',(-1.574908217314,-4.732476223124,40.));
#3702 = VECTOR('',#3703,1.);
#3703 = DIRECTION('',(-0.,-0.,-1.));
#3704 = ORIENTED_EDGE('',*,*,#3705,.T.);
#3705 = EDGE_CURVE('',#3698,#3672,#3706,.T.);
#3706 = B_SPLINE_CURVE_WITH_KNOTS('',2,(#3707,#3708,#3709),
  .UNSPECIFIED.,.F.,.F.,(3,3),(0.,1.),.PIECEWISE_BEZIER_KNOTS.);
#3707 = CARTESIAN_POINT('',(-1.574908217314,-4.732476223124,38.));
#3708 = CARTESIAN_POINT('',(-1.574908217314,-4.832170027158,38.));
#3709 = CARTESIAN_POINT('',(-1.596792223078,-4.893364191424,38.));
#3710 = ORIENTED_EDGE('',*,*,#3671,.F.);
#3711 = ORIENTED_EDGE('',*,*,#396,.F.);
#3712 = SURFACE_OF_LINEAR_EXTRUSION('',#3713,#3717);
#3713 = B_SPLINE_CURVE_WITH_KNOTS('',2,(#3714,#3715,#3716),
  .UNSPECIFIED.,.F.,.F.,(3,3),(0.,1.),.PIECEWISE_BEZIER_KNOTS.);
#3714 = CARTESIAN_POINT('',(-1.574908217314,-4.732476223124,40.));
#3715 = CARTESIAN_POINT('',(-1.574908217314,-4.832170027158,40.));
#3716 = CARTESIAN_POINT('',(-1.596792223078,-4.893364191424,40.));
#3717 = VECTOR('',#3718,1.);
#3718 = DIRECTION('',(0.,0.,1.));
#3719 = ADVANCED_FACE('',(#3720),#3731,.T.);
#3720 = FACE_BOUND('',#3721,.T.);
#3721 = EDGE_LOOP('',(#3722,#3723,#3729,#3730));
#3722 = ORIENTED_EDGE('',*,*,#3406,.T.);
#3723 = ORIENTED_EDGE('',*,*,#3724,.T.);
#3724 = EDGE_CURVE('',#3399,#3698,#3725,.T.);
#3725 = LINE('',#3726,#3727);
#3726 = CARTESIAN_POINT('',(-1.574908217314,-4.510529177014,38.));
#3727 = VECTOR('',#3728,1.);
#3728 = DIRECTION('',(0.,-1.,0.));
#3729 = ORIENTED_EDGE('',*,*,#3697,.F.);
#3730 = ORIENTED_EDGE('',*,*,#388,.F.);
#3731 = PLANE('',#3732);
#3732 = AXIS2_PLACEMENT_3D('',#3733,#3734,#3735);
#3733 = CARTESIAN_POINT('',(-1.574908217314,-4.510529177014,40.));
#3734 = DIRECTION('',(-1.,0.,0.));
#3735 = DIRECTION('',(0.,-1.,0.));
#3736 = ADVANCED_FACE('',(#3737),#3762,.T.);
#3737 = FACE_BOUND('',#3738,.T.);
#3738 = EDGE_LOOP('',(#3739,#3747,#3755,#3761));
#3739 = ORIENTED_EDGE('',*,*,#3740,.T.);
#3740 = EDGE_CURVE('',#493,#3741,#3743,.T.);
#3741 = VERTEX_POINT('',#3742);
#3742 = CARTESIAN_POINT('',(0.606467863377,-4.510529177014,38.));
#3743 = LINE('',#3744,#3745);
#3744 = CARTESIAN_POINT('',(0.606467863377,-4.510529177014,40.));
#3745 = VECTOR('',#3746,1.);
#3746 = DIRECTION('',(-0.,-0.,-1.));
#3747 = ORIENTED_EDGE('',*,*,#3748,.T.);
#3748 = EDGE_CURVE('',#3741,#3749,#3751,.T.);
#3749 = VERTEX_POINT('',#3750);
#3750 = CARTESIAN_POINT('',(0.606467863377,-4.729369234651,38.));
#3751 = LINE('',#3752,#3753);
#3752 = CARTESIAN_POINT('',(0.606467863377,-4.510529177014,38.));
#3753 = VECTOR('',#3754,1.);
#3754 = DIRECTION('',(0.,-1.,0.));
#3755 = ORIENTED_EDGE('',*,*,#3756,.F.);
#3756 = EDGE_CURVE('',#495,#3749,#3757,.T.);
#3757 = LINE('',#3758,#3759);
#3758 = CARTESIAN_POINT('',(0.606467863377,-4.729369234651,40.));
#3759 = VECTOR('',#3760,1.);
#3760 = DIRECTION('',(-0.,-0.,-1.));
#3761 = ORIENTED_EDGE('',*,*,#492,.F.);
#3762 = PLANE('',#3763);
#3763 = AXIS2_PLACEMENT_3D('',#3764,#3765,#3766);
#3764 = CARTESIAN_POINT('',(0.606467863377,-4.510529177014,40.));
#3765 = DIRECTION('',(-1.,0.,0.));
#3766 = DIRECTION('',(0.,-1.,0.));
#3767 = ADVANCED_FACE('',(#3768),#3786,.T.);
#3768 = FACE_BOUND('',#3769,.T.);
#3769 = EDGE_LOOP('',(#3770,#3778,#3784,#3785));
#3770 = ORIENTED_EDGE('',*,*,#3771,.T.);
#3771 = EDGE_CURVE('',#751,#3772,#3774,.T.);
#3772 = VERTEX_POINT('',#3773);
#3773 = CARTESIAN_POINT('',(-0.875025292242,-4.510529177014,38.));
#3774 = LINE('',#3775,#3776);
#3775 = CARTESIAN_POINT('',(-0.875025292242,-4.510529177014,40.));
#3776 = VECTOR('',#3777,1.);
#3777 = DIRECTION('',(-0.,-0.,-1.));
#3778 = ORIENTED_EDGE('',*,*,#3779,.T.);
#3779 = EDGE_CURVE('',#3772,#3741,#3780,.T.);
#3780 = LINE('',#3781,#3782);
#3781 = CARTESIAN_POINT('',(-0.875025292242,-4.510529177014,38.));
#3782 = VECTOR('',#3783,1.);
#3783 = DIRECTION('',(1.,0.,0.));
#3784 = ORIENTED_EDGE('',*,*,#3740,.F.);
#3785 = ORIENTED_EDGE('',*,*,#758,.F.);
#3786 = PLANE('',#3787);
#3787 = AXIS2_PLACEMENT_3D('',#3788,#3789,#3790);
#3788 = CARTESIAN_POINT('',(-0.875025292242,-4.510529177014,40.));
#3789 = DIRECTION('',(0.,-1.,0.));
#3790 = DIRECTION('',(1.,0.,0.));
#3791 = ADVANCED_FACE('',(#3792),#3810,.T.);
#3792 = FACE_BOUND('',#3793,.T.);
#3793 = EDGE_LOOP('',(#3794,#3802,#3808,#3809));
#3794 = ORIENTED_EDGE('',*,*,#3795,.T.);
#3795 = EDGE_CURVE('',#743,#3796,#3798,.T.);
#3796 = VERTEX_POINT('',#3797);
#3797 = CARTESIAN_POINT('',(-1.123989629418,-5.967976943585,38.));
#3798 = LINE('',#3799,#3800);
#3799 = CARTESIAN_POINT('',(-1.123989629418,-5.967976943585,40.));
#3800 = VECTOR('',#3801,1.);
#3801 = DIRECTION('',(-0.,-0.,-1.));
#3802 = ORIENTED_EDGE('',*,*,#3803,.T.);
#3803 = EDGE_CURVE('',#3796,#3772,#3804,.T.);
#3804 = LINE('',#3805,#3806);
#3805 = CARTESIAN_POINT('',(-1.123989629418,-5.967976943585,38.));
#3806 = VECTOR('',#3807,1.);
#3807 = DIRECTION('',(0.168383072801,0.985721634537,0.));
#3808 = ORIENTED_EDGE('',*,*,#3771,.F.);
#3809 = ORIENTED_EDGE('',*,*,#750,.F.);
#3810 = PLANE('',#3811);
#3811 = AXIS2_PLACEMENT_3D('',#3812,#3813,#3814);
#3812 = CARTESIAN_POINT('',(-1.123989629418,-5.967976943585,40.));
#3813 = DIRECTION('',(0.985721634537,-0.168383072801,0.));
#3814 = DIRECTION('',(0.168383072801,0.985721634537,0.));
#3815 = ADVANCED_FACE('',(#3816),#3834,.T.);
#3816 = FACE_BOUND('',#3817,.T.);
#3817 = EDGE_LOOP('',(#3818,#3826,#3832,#3833));
#3818 = ORIENTED_EDGE('',*,*,#3819,.T.);
#3819 = EDGE_CURVE('',#735,#3820,#3822,.T.);
#3820 = VERTEX_POINT('',#3821);
#3821 = CARTESIAN_POINT('',(-0.804510162559,-6.070642649637,38.));
#3822 = LINE('',#3823,#3824);
#3823 = CARTESIAN_POINT('',(-0.804510162559,-6.070642649637,40.));
#3824 = VECTOR('',#3825,1.);
#3825 = DIRECTION('',(-0.,-0.,-1.));
#3826 = ORIENTED_EDGE('',*,*,#3827,.T.);
#3827 = EDGE_CURVE('',#3820,#3796,#3828,.T.);
#3828 = LINE('',#3829,#3830);
#3829 = CARTESIAN_POINT('',(-0.804510162559,-6.070642649637,38.));
#3830 = VECTOR('',#3831,1.);
#3831 = DIRECTION('',(-0.952049501376,0.305944025812,0.));
#3832 = ORIENTED_EDGE('',*,*,#3795,.F.);
#3833 = ORIENTED_EDGE('',*,*,#742,.F.);
#3834 = PLANE('',#3835);
#3835 = AXIS2_PLACEMENT_3D('',#3836,#3837,#3838);
#3836 = CARTESIAN_POINT('',(-0.804510162559,-6.070642649637,40.));
#3837 = DIRECTION('',(0.305944025812,0.952049501376,0.));
#3838 = DIRECTION('',(-0.952049501376,0.305944025812,0.));
#3839 = ADVANCED_FACE('',(#3840),#3858,.T.);
#3840 = FACE_BOUND('',#3841,.T.);
#3841 = EDGE_LOOP('',(#3842,#3850,#3856,#3857));
#3842 = ORIENTED_EDGE('',*,*,#3843,.T.);
#3843 = EDGE_CURVE('',#727,#3844,#3846,.T.);
#3844 = VERTEX_POINT('',#3845);
#3845 = CARTESIAN_POINT('',(-0.36669496083,-5.98026981102,38.));
#3846 = LINE('',#3847,#3848);
#3847 = CARTESIAN_POINT('',(-0.36669496083,-5.98026981102,40.));
#3848 = VECTOR('',#3849,1.);
#3849 = DIRECTION('',(-0.,-0.,-1.));
#3850 = ORIENTED_EDGE('',*,*,#3851,.T.);
#3851 = EDGE_CURVE('',#3844,#3820,#3852,.T.);
#3852 = B_SPLINE_CURVE_WITH_KNOTS('',2,(#3853,#3854,#3855),
  .UNSPECIFIED.,.F.,.F.,(3,3),(0.,1.),.PIECEWISE_BEZIER_KNOTS.);
#3853 = CARTESIAN_POINT('',(-0.36669496083,-5.98026981102,38.));
#3854 = CARTESIAN_POINT('',(-0.58458941328,-5.98026981102,38.));
#3855 = CARTESIAN_POINT('',(-0.804510162559,-6.070642649637,38.));
#3856 = ORIENTED_EDGE('',*,*,#3819,.F.);
#3857 = ORIENTED_EDGE('',*,*,#734,.F.);
#3858 = SURFACE_OF_LINEAR_EXTRUSION('',#3859,#3863);
#3859 = B_SPLINE_CURVE_WITH_KNOTS('',2,(#3860,#3861,#3862),
  .UNSPECIFIED.,.F.,.F.,(3,3),(0.,1.),.PIECEWISE_BEZIER_KNOTS.);
#3860 = CARTESIAN_POINT('',(-0.36669496083,-5.98026981102,40.));
#3861 = CARTESIAN_POINT('',(-0.58458941328,-5.98026981102,40.));
#3862 = CARTESIAN_POINT('',(-0.804510162559,-6.070642649637,40.));
#3863 = VECTOR('',#3864,1.);
#3864 = DIRECTION('',(0.,0.,1.));
#3865 = ADVANCED_FACE('',(#3866),#3884,.T.);
#3866 = FACE_BOUND('',#3867,.T.);
#3867 = EDGE_LOOP('',(#3868,#3876,#3882,#3883));
#3868 = ORIENTED_EDGE('',*,*,#3869,.T.);
#3869 = EDGE_CURVE('',#719,#3870,#3872,.T.);
#3870 = VERTEX_POINT('',#3871);
#3871 = CARTESIAN_POINT('',(5.139761842046E-02,-6.118057995458,38.));
#3872 = LINE('',#3873,#3874);
#3873 = CARTESIAN_POINT('',(5.139761842046E-02,-6.118057995458,40.));
#3874 = VECTOR('',#3875,1.);
#3875 = DIRECTION('',(-0.,-0.,-1.));
#3876 = ORIENTED_EDGE('',*,*,#3877,.T.);
#3877 = EDGE_CURVE('',#3870,#3844,#3878,.T.);
#3878 = B_SPLINE_CURVE_WITH_KNOTS('',2,(#3879,#3880,#3881),
  .UNSPECIFIED.,.F.,.F.,(3,3),(0.,1.),.PIECEWISE_BEZIER_KNOTS.);
#3879 = CARTESIAN_POINT('',(5.139761842046E-02,-6.118057995458,38.));
#3880 = CARTESIAN_POINT('',(-9.071333258818E-02,-5.98026981102,38.));
#3881 = CARTESIAN_POINT('',(-0.36669496083,-5.98026981102,38.));
#3882 = ORIENTED_EDGE('',*,*,#3843,.F.);
#3883 = ORIENTED_EDGE('',*,*,#726,.F.);
#3884 = SURFACE_OF_LINEAR_EXTRUSION('',#3885,#3889);
#3885 = B_SPLINE_CURVE_WITH_KNOTS('',2,(#3886,#3887,#3888),
  .UNSPECIFIED.,.F.,.F.,(3,3),(0.,1.),.PIECEWISE_BEZIER_KNOTS.);
#3886 = CARTESIAN_POINT('',(5.139761842046E-02,-6.118057995458,40.));
#3887 = CARTESIAN_POINT('',(-9.071333258818E-02,-5.98026981102,40.));
#3888 = CARTESIAN_POINT('',(-0.36669496083,-5.98026981102,40.));
#3889 = VECTOR('',#3890,1.);
#3890 = DIRECTION('',(0.,0.,1.));
#3891 = ADVANCED_FACE('',(#3892),#3910,.T.);
#3892 = FACE_BOUND('',#3893,.T.);
#3893 = EDGE_LOOP('',(#3894,#3902,#3908,#3909));
#3894 = ORIENTED_EDGE('',*,*,#3895,.T.);
#3895 = EDGE_CURVE('',#711,#3896,#3898,.T.);
#3896 = VERTEX_POINT('',#3897);
#3897 = CARTESIAN_POINT('',(0.193508569429,-6.49994740468,38.));
#3898 = LINE('',#3899,#3900);
#3899 = CARTESIAN_POINT('',(0.193508569429,-6.49994740468,40.));
#3900 = VECTOR('',#3901,1.);
#3901 = DIRECTION('',(-0.,-0.,-1.));
#3902 = ORIENTED_EDGE('',*,*,#3903,.T.);
#3903 = EDGE_CURVE('',#3896,#3870,#3904,.T.);
#3904 = B_SPLINE_CURVE_WITH_KNOTS('',2,(#3905,#3906,#3907),
  .UNSPECIFIED.,.F.,.F.,(3,3),(0.,1.),.PIECEWISE_BEZIER_KNOTS.);
#3905 = CARTESIAN_POINT('',(0.193508569429,-6.49994740468,38.));
#3906 = CARTESIAN_POINT('',(0.193508569429,-6.255711093441,38.));
#3907 = CARTESIAN_POINT('',(5.139761842046E-02,-6.118057995458,38.));
#3908 = ORIENTED_EDGE('',*,*,#3869,.F.);
#3909 = ORIENTED_EDGE('',*,*,#718,.F.);
#3910 = SURFACE_OF_LINEAR_EXTRUSION('',#3911,#3915);
#3911 = B_SPLINE_CURVE_WITH_KNOTS('',2,(#3912,#3913,#3914),
  .UNSPECIFIED.,.F.,.F.,(3,3),(0.,1.),.PIECEWISE_BEZIER_KNOTS.);
#3912 = CARTESIAN_POINT('',(0.193508569429,-6.49994740468,40.));
#3913 = CARTESIAN_POINT('',(0.193508569429,-6.255711093441,40.));
#3914 = CARTESIAN_POINT('',(5.139761842046E-02,-6.118057995458,40.));
#3915 = VECTOR('',#3916,1.);
#3916 = DIRECTION('',(0.,0.,1.));
#3917 = ADVANCED_FACE('',(#3918),#3936,.T.);
#3918 = FACE_BOUND('',#3919,.T.);
#3919 = EDGE_LOOP('',(#3920,#3928,#3934,#3935));
#3920 = ORIENTED_EDGE('',*,*,#3921,.T.);
#3921 = EDGE_CURVE('',#703,#3922,#3924,.T.);
#3922 = VERTEX_POINT('',#3923);
#3923 = CARTESIAN_POINT('',(0.157170312945,-6.745399494017,38.));
#3924 = LINE('',#3925,#3926);
#3925 = CARTESIAN_POINT('',(0.157170312945,-6.745399494017,40.));
#3926 = VECTOR('',#3927,1.);
#3927 = DIRECTION('',(-0.,-0.,-1.));
#3928 = ORIENTED_EDGE('',*,*,#3929,.T.);
#3929 = EDGE_CURVE('',#3922,#3896,#3930,.T.);
#3930 = B_SPLINE_CURVE_WITH_KNOTS('',2,(#3931,#3932,#3933),
  .UNSPECIFIED.,.F.,.F.,(3,3),(0.,1.),.PIECEWISE_BEZIER_KNOTS.);
#3931 = CARTESIAN_POINT('',(0.157170312945,-6.745399494017,38.));
#3932 = CARTESIAN_POINT('',(0.193508569429,-6.63246721736,38.));
#3933 = CARTESIAN_POINT('',(0.193508569429,-6.49994740468,38.));
#3934 = ORIENTED_EDGE('',*,*,#3895,.F.);
#3935 = ORIENTED_EDGE('',*,*,#710,.F.);
#3936 = SURFACE_OF_LINEAR_EXTRUSION('',#3937,#3941);
#3937 = B_SPLINE_CURVE_WITH_KNOTS('',2,(#3938,#3939,#3940),
  .UNSPECIFIED.,.F.,.F.,(3,3),(0.,1.),.PIECEWISE_BEZIER_KNOTS.);
#3938 = CARTESIAN_POINT('',(0.157170312945,-6.745399494017,40.));
#3939 = CARTESIAN_POINT('',(0.193508569429,-6.63246721736,40.));
#3940 = CARTESIAN_POINT('',(0.193508569429,-6.49994740468,40.));
#3941 = VECTOR('',#3942,1.);
#3942 = DIRECTION('',(0.,0.,1.));
#3943 = ADVANCED_FACE('',(#3944),#3962,.T.);
#3944 = FACE_BOUND('',#3945,.T.);
#3945 = EDGE_LOOP('',(#3946,#3954,#3960,#3961));
#3946 = ORIENTED_EDGE('',*,*,#3947,.T.);
#3947 = EDGE_CURVE('',#695,#3948,#3950,.T.);
#3948 = VERTEX_POINT('',#3949);
#3949 = CARTESIAN_POINT('',(4.937132159049E-02,-6.94005907615,38.));
#3950 = LINE('',#3951,#3952);
#3951 = CARTESIAN_POINT('',(4.937132159049E-02,-6.94005907615,40.));
#3952 = VECTOR('',#3953,1.);
#3953 = DIRECTION('',(-0.,-0.,-1.));
#3954 = ORIENTED_EDGE('',*,*,#3955,.T.);
#3955 = EDGE_CURVE('',#3948,#3922,#3956,.T.);
#3956 = B_SPLINE_CURVE_WITH_KNOTS('',2,(#3957,#3958,#3959),
  .UNSPECIFIED.,.F.,.F.,(3,3),(0.,1.),.PIECEWISE_BEZIER_KNOTS.);
#3957 = CARTESIAN_POINT('',(4.937132159049E-02,-6.94005907615,38.));
#3958 = CARTESIAN_POINT('',(0.120967142916,-6.858196684219,38.));
#3959 = CARTESIAN_POINT('',(0.157170312945,-6.745399494017,38.));
#3960 = ORIENTED_EDGE('',*,*,#3921,.F.);
#3961 = ORIENTED_EDGE('',*,*,#702,.F.);
#3962 = SURFACE_OF_LINEAR_EXTRUSION('',#3963,#3967);
#3963 = B_SPLINE_CURVE_WITH_KNOTS('',2,(#3964,#3965,#3966),
  .UNSPECIFIED.,.F.,.F.,(3,3),(0.,1.),.PIECEWISE_BEZIER_KNOTS.);
#3964 = CARTESIAN_POINT('',(4.937132159049E-02,-6.94005907615,40.));
#3965 = CARTESIAN_POINT('',(0.120967142916,-6.858196684219,40.));
#3966 = CARTESIAN_POINT('',(0.157170312945,-6.745399494017,40.));
#3967 = VECTOR('',#3968,1.);
#3968 = DIRECTION('',(0.,0.,1.));
#3969 = ADVANCED_FACE('',(#3970),#3988,.T.);
#3970 = FACE_BOUND('',#3971,.T.);
#3971 = EDGE_LOOP('',(#3972,#3980,#3986,#3987));
#3972 = ORIENTED_EDGE('',*,*,#3973,.T.);
#3973 = EDGE_CURVE('',#687,#3974,#3976,.T.);
#3974 = VERTEX_POINT('',#3975);
#3975 = CARTESIAN_POINT('',(-0.130158577545,-7.067310517072,38.));
#3976 = LINE('',#3977,#3978);
#3977 = CARTESIAN_POINT('',(-0.130158577545,-7.067310517072,40.));
#3978 = VECTOR('',#3979,1.);
#3979 = DIRECTION('',(-0.,-0.,-1.));
#3980 = ORIENTED_EDGE('',*,*,#3981,.T.);
#3981 = EDGE_CURVE('',#3974,#3948,#3982,.T.);
#3982 = B_SPLINE_CURVE_WITH_KNOTS('',2,(#3983,#3984,#3985),
  .UNSPECIFIED.,.F.,.F.,(3,3),(0.,1.),.PIECEWISE_BEZIER_KNOTS.);
#3983 = CARTESIAN_POINT('',(-0.130158577545,-7.067310517072,38.));
#3984 = CARTESIAN_POINT('',(-2.222449973516E-02,-7.021786381625,38.));
#3985 = CARTESIAN_POINT('',(4.937132159049E-02,-6.94005907615,38.));
#3986 = ORIENTED_EDGE('',*,*,#3947,.F.);
#3987 = ORIENTED_EDGE('',*,*,#694,.F.);
#3988 = SURFACE_OF_LINEAR_EXTRUSION('',#3989,#3993);
#3989 = B_SPLINE_CURVE_WITH_KNOTS('',2,(#3990,#3991,#3992),
  .UNSPECIFIED.,.F.,.F.,(3,3),(0.,1.),.PIECEWISE_BEZIER_KNOTS.);
#3990 = CARTESIAN_POINT('',(-0.130158577545,-7.067310517072,40.));
#3991 = CARTESIAN_POINT('',(-2.222449973516E-02,-7.021786381625,40.));
#3992 = CARTESIAN_POINT('',(4.937132159049E-02,-6.94005907615,40.));
#3993 = VECTOR('',#3994,1.);
#3994 = DIRECTION('',(0.,0.,1.));
#3995 = ADVANCED_FACE('',(#3996),#4014,.T.);
#3996 = FACE_BOUND('',#3997,.T.);
#3997 = EDGE_LOOP('',(#3998,#4006,#4012,#4013));
#3998 = ORIENTED_EDGE('',*,*,#3999,.T.);
#3999 = EDGE_CURVE('',#679,#4000,#4002,.T.);
#4000 = VERTEX_POINT('',#4001);
#4001 = CARTESIAN_POINT('',(-0.379122914721,-7.112834652519,38.));
#4002 = LINE('',#4003,#4004);
#4003 = CARTESIAN_POINT('',(-0.379122914721,-7.112834652519,40.));
#4004 = VECTOR('',#4005,1.);
#4005 = DIRECTION('',(-0.,-0.,-1.));
#4006 = ORIENTED_EDGE('',*,*,#4007,.T.);
#4007 = EDGE_CURVE('',#4000,#3974,#4008,.T.);
#4008 = B_SPLINE_CURVE_WITH_KNOTS('',2,(#4009,#4010,#4011),
  .UNSPECIFIED.,.F.,.F.,(3,3),(0.,1.),.PIECEWISE_BEZIER_KNOTS.);
#4009 = CARTESIAN_POINT('',(-0.379122914721,-7.112834652519,38.));
#4010 = CARTESIAN_POINT('',(-0.237957568899,-7.112834652519,38.));
#4011 = CARTESIAN_POINT('',(-0.130158577545,-7.067310517072,38.));
#4012 = ORIENTED_EDGE('',*,*,#3973,.F.);
#4013 = ORIENTED_EDGE('',*,*,#686,.F.);
#4014 = SURFACE_OF_LINEAR_EXTRUSION('',#4015,#4019);
#4015 = B_SPLINE_CURVE_WITH_KNOTS('',2,(#4016,#4017,#4018),
  .UNSPECIFIED.,.F.,.F.,(3,3),(0.,1.),.PIECEWISE_BEZIER_KNOTS.);
#4016 = CARTESIAN_POINT('',(-0.379122914721,-7.112834652519,40.));
#4017 = CARTESIAN_POINT('',(-0.237957568899,-7.112834652519,40.));
#4018 = CARTESIAN_POINT('',(-0.130158577545,-7.067310517072,40.));
#4019 = VECTOR('',#4020,1.);
#4020 = DIRECTION('',(0.,0.,1.));
#4021 = ADVANCED_FACE('',(#4022),#4040,.T.);
#4022 = FACE_BOUND('',#4023,.T.);
#4023 = EDGE_LOOP('',(#4024,#4032,#4038,#4039));
#4024 = ORIENTED_EDGE('',*,*,#4025,.T.);
#4025 = EDGE_CURVE('',#671,#4026,#4028,.T.);
#4026 = VERTEX_POINT('',#4027);
#4027 = CARTESIAN_POINT('',(-0.605257640946,-7.079738470963,38.));
#4028 = LINE('',#4029,#4030);
#4029 = CARTESIAN_POINT('',(-0.605257640946,-7.079738470963,40.));
#4030 = VECTOR('',#4031,1.);
#4031 = DIRECTION('',(-0.,-0.,-1.));
#4032 = ORIENTED_EDGE('',*,*,#4033,.T.);
#4033 = EDGE_CURVE('',#4026,#4000,#4034,.T.);
#4034 = B_SPLINE_CURVE_WITH_KNOTS('',2,(#4035,#4036,#4037),
  .UNSPECIFIED.,.F.,.F.,(3,3),(0.,1.),.PIECEWISE_BEZIER_KNOTS.);
#4035 = CARTESIAN_POINT('',(-0.605257640946,-7.079738470963,38.));
#4036 = CARTESIAN_POINT('',(-0.511912900312,-7.112834652519,38.));
#4037 = CARTESIAN_POINT('',(-0.379122914721,-7.112834652519,38.));
#4038 = ORIENTED_EDGE('',*,*,#3999,.F.);
#4039 = ORIENTED_EDGE('',*,*,#678,.F.);
#4040 = SURFACE_OF_LINEAR_EXTRUSION('',#4041,#4045);
#4041 = B_SPLINE_CURVE_WITH_KNOTS('',2,(#4042,#4043,#4044),
  .UNSPECIFIED.,.F.,.F.,(3,3),(0.,1.),.PIECEWISE_BEZIER_KNOTS.);
#4042 = CARTESIAN_POINT('',(-0.605257640946,-7.079738470963,40.));
#4043 = CARTESIAN_POINT('',(-0.511912900312,-7.112834652519,40.));
#4044 = CARTESIAN_POINT('',(-0.379122914721,-7.112834652519,40.));
#4045 = VECTOR('',#4046,1.);
#4046 = DIRECTION('',(0.,0.,1.));
#4047 = ADVANCED_FACE('',(#4048),#4066,.T.);
#4048 = FACE_BOUND('',#4049,.T.);
#4049 = EDGE_LOOP('',(#4050,#4058,#4064,#4065));
#4050 = ORIENTED_EDGE('',*,*,#4051,.T.);
#4051 = EDGE_CURVE('',#663,#4052,#4054,.T.);
#4052 = VERTEX_POINT('',#4053);
#4053 = CARTESIAN_POINT('',(-0.769252597718,-7.007332130905,38.));
#4054 = LINE('',#4055,#4056);
#4055 = CARTESIAN_POINT('',(-0.769252597718,-7.007332130905,40.));
#4056 = VECTOR('',#4057,1.);
#4057 = DIRECTION('',(-0.,-0.,-1.));
#4058 = ORIENTED_EDGE('',*,*,#4059,.T.);
#4059 = EDGE_CURVE('',#4052,#4026,#4060,.T.);
#4060 = B_SPLINE_CURVE_WITH_KNOTS('',2,(#4061,#4062,#4063),
  .UNSPECIFIED.,.F.,.F.,(3,3),(0.,1.),.PIECEWISE_BEZIER_KNOTS.);
#4061 = CARTESIAN_POINT('',(-0.769252597718,-7.007332130905,38.));
#4062 = CARTESIAN_POINT('',(-0.69860238158,-7.046642289406,38.));
#4063 = CARTESIAN_POINT('',(-0.605257640946,-7.079738470963,38.));
#4064 = ORIENTED_EDGE('',*,*,#4025,.F.);
#4065 = ORIENTED_EDGE('',*,*,#670,.F.);
#4066 = SURFACE_OF_LINEAR_EXTRUSION('',#4067,#4071);
#4067 = B_SPLINE_CURVE_WITH_KNOTS('',2,(#4068,#4069,#4070),
  .UNSPECIFIED.,.F.,.F.,(3,3),(0.,1.),.PIECEWISE_BEZIER_KNOTS.);
#4068 = CARTESIAN_POINT('',(-0.769252597718,-7.007332130905,40.));
#4069 = CARTESIAN_POINT('',(-0.69860238158,-7.046642289406,40.));
#4070 = CARTESIAN_POINT('',(-0.605257640946,-7.079738470963,40.));
#4071 = VECTOR('',#4072,1.);
#4072 = DIRECTION('',(0.,0.,1.));
#4073 = ADVANCED_FACE('',(#4074),#4092,.T.);
#4074 = FACE_BOUND('',#4075,.T.);
#4075 = EDGE_LOOP('',(#4076,#4084,#4090,#4091));
#4076 = ORIENTED_EDGE('',*,*,#4077,.T.);
#4077 = EDGE_CURVE('',#655,#4078,#4080,.T.);
#4078 = VERTEX_POINT('',#4079);
#4079 = CARTESIAN_POINT('',(-0.892721617891,-6.934790704392,38.));
#4080 = LINE('',#4081,#4082);
#4081 = CARTESIAN_POINT('',(-0.892721617891,-6.934790704392,40.));
#4082 = VECTOR('',#4083,1.);
#4083 = DIRECTION('',(-0.,-0.,-1.));
#4084 = ORIENTED_EDGE('',*,*,#4085,.T.);
#4085 = EDGE_CURVE('',#4078,#4052,#4086,.T.);
#4086 = B_SPLINE_CURVE_WITH_KNOTS('',2,(#4087,#4088,#4089),
  .UNSPECIFIED.,.F.,.F.,(3,3),(0.,1.),.PIECEWISE_BEZIER_KNOTS.);
#4087 = CARTESIAN_POINT('',(-0.892721617891,-6.934790704392,38.));
#4088 = CARTESIAN_POINT('',(-0.839767727401,-6.967886885948,38.));
#4089 = CARTESIAN_POINT('',(-0.769252597718,-7.007332130905,38.));
#4090 = ORIENTED_EDGE('',*,*,#4051,.F.);
#4091 = ORIENTED_EDGE('',*,*,#662,.F.);
#4092 = SURFACE_OF_LINEAR_EXTRUSION('',#4093,#4097);
#4093 = B_SPLINE_CURVE_WITH_KNOTS('',2,(#4094,#4095,#4096),
  .UNSPECIFIED.,.F.,.F.,(3,3),(0.,1.),.PIECEWISE_BEZIER_KNOTS.);
#4094 = CARTESIAN_POINT('',(-0.892721617891,-6.934790704392,40.));
#4095 = CARTESIAN_POINT('',(-0.839767727401,-6.967886885948,40.));
#4096 = CARTESIAN_POINT('',(-0.769252597718,-7.007332130905,40.));
#4097 = VECTOR('',#4098,1.);
#4098 = DIRECTION('',(0.,0.,1.));
#4099 = ADVANCED_FACE('',(#4100),#4118,.T.);
#4100 = FACE_BOUND('',#4101,.T.);
#4101 = EDGE_LOOP('',(#4102,#4110,#4116,#4117));
#4102 = ORIENTED_EDGE('',*,*,#4103,.T.);
#4103 = EDGE_CURVE('',#647,#4104,#4106,.T.);
#4104 = VERTEX_POINT('',#4105);
#4105 = CARTESIAN_POINT('',(-0.997413620773,-6.901694522836,38.));
#4106 = LINE('',#4107,#4108);
#4107 = CARTESIAN_POINT('',(-0.997413620773,-6.901694522836,40.));
#4108 = VECTOR('',#4109,1.);
#4109 = DIRECTION('',(-0.,-0.,-1.));
#4110 = ORIENTED_EDGE('',*,*,#4111,.T.);
#4111 = EDGE_CURVE('',#4104,#4078,#4112,.T.);
#4112 = B_SPLINE_CURVE_WITH_KNOTS('',2,(#4113,#4114,#4115),
  .UNSPECIFIED.,.F.,.F.,(3,3),(0.,1.),.PIECEWISE_BEZIER_KNOTS.);
#4113 = CARTESIAN_POINT('',(-0.997413620773,-6.901694522836,38.));
#4114 = CARTESIAN_POINT('',(-0.945540421925,-6.901694522836,38.));
#4115 = CARTESIAN_POINT('',(-0.892721617891,-6.934790704392,38.));
#4116 = ORIENTED_EDGE('',*,*,#4077,.F.);
#4117 = ORIENTED_EDGE('',*,*,#654,.F.);
#4118 = SURFACE_OF_LINEAR_EXTRUSION('',#4119,#4123);
#4119 = B_SPLINE_CURVE_WITH_KNOTS('',2,(#4120,#4121,#4122),
  .UNSPECIFIED.,.F.,.F.,(3,3),(0.,1.),.PIECEWISE_BEZIER_KNOTS.);
#4120 = CARTESIAN_POINT('',(-0.997413620773,-6.901694522836,40.));
#4121 = CARTESIAN_POINT('',(-0.945540421925,-6.901694522836,40.));
#4122 = CARTESIAN_POINT('',(-0.892721617891,-6.934790704392,40.));
#4123 = VECTOR('',#4124,1.);
#4124 = DIRECTION('',(0.,0.,1.));
#4125 = ADVANCED_FACE('',(#4126),#4144,.T.);
#4126 = FACE_BOUND('',#4127,.T.);
#4127 = EDGE_LOOP('',(#4128,#4136,#4142,#4143));
#4128 = ORIENTED_EDGE('',*,*,#4129,.T.);
#4129 = EDGE_CURVE('',#639,#4130,#4132,.T.);
#4130 = VERTEX_POINT('',#4131);
#4131 = CARTESIAN_POINT('',(-1.130203606363,-6.97274999834,38.));
#4132 = LINE('',#4133,#4134);
#4133 = CARTESIAN_POINT('',(-1.130203606363,-6.97274999834,40.));
#4134 = VECTOR('',#4135,1.);
#4135 = DIRECTION('',(-0.,-0.,-1.));
#4136 = ORIENTED_EDGE('',*,*,#4137,.T.);
#4137 = EDGE_CURVE('',#4130,#4104,#4138,.T.);
#4138 = B_SPLINE_CURVE_WITH_KNOTS('',2,(#4139,#4140,#4141),
  .UNSPECIFIED.,.F.,.F.,(3,3),(0.,1.),.PIECEWISE_BEZIER_KNOTS.);
#4139 = CARTESIAN_POINT('',(-1.130203606363,-6.97274999834,38.));
#4140 = CARTESIAN_POINT('',(-1.080491790801,-6.901694522836,38.));
#4141 = CARTESIAN_POINT('',(-0.997413620773,-6.901694522836,38.));
#4142 = ORIENTED_EDGE('',*,*,#4103,.F.);
#4143 = ORIENTED_EDGE('',*,*,#646,.F.);
#4144 = SURFACE_OF_LINEAR_EXTRUSION('',#4145,#4149);
#4145 = B_SPLINE_CURVE_WITH_KNOTS('',2,(#4146,#4147,#4148),
  .UNSPECIFIED.,.F.,.F.,(3,3),(0.,1.),.PIECEWISE_BEZIER_KNOTS.);
#4146 = CARTESIAN_POINT('',(-1.130203606363,-6.97274999834,40.));
#4147 = CARTESIAN_POINT('',(-1.080491790801,-6.901694522836,40.));
#4148 = CARTESIAN_POINT('',(-0.997413620773,-6.901694522836,40.));
#4149 = VECTOR('',#4150,1.);
#4150 = DIRECTION('',(0.,0.,1.));
#4151 = ADVANCED_FACE('',(#4152),#4170,.T.);
#4152 = FACE_BOUND('',#4153,.T.);
#4153 = EDGE_LOOP('',(#4154,#4162,#4168,#4169));
#4154 = ORIENTED_EDGE('',*,*,#4155,.T.);
#4155 = EDGE_CURVE('',#631,#4156,#4158,.T.);
#4156 = VERTEX_POINT('',#4157);
#4157 = CARTESIAN_POINT('',(-1.28798458619,-7.192400574709,38.));
#4158 = LINE('',#4159,#4160);
#4159 = CARTESIAN_POINT('',(-1.28798458619,-7.192400574709,40.));
#4160 = VECTOR('',#4161,1.);
#4161 = DIRECTION('',(-0.,-0.,-1.));
#4162 = ORIENTED_EDGE('',*,*,#4163,.T.);
#4163 = EDGE_CURVE('',#4156,#4130,#4164,.T.);
#4164 = LINE('',#4165,#4166);
#4165 = CARTESIAN_POINT('',(-1.28798458619,-7.192400574709,38.));
#4166 = VECTOR('',#4167,1.);
#4167 = DIRECTION('',(0.583409596524,0.812178085572,0.));
#4168 = ORIENTED_EDGE('',*,*,#4129,.F.);
#4169 = ORIENTED_EDGE('',*,*,#638,.F.);
#4170 = PLANE('',#4171);
#4171 = AXIS2_PLACEMENT_3D('',#4172,#4173,#4174);
#4172 = CARTESIAN_POINT('',(-1.28798458619,-7.192400574709,40.));
#4173 = DIRECTION('',(0.812178085572,-0.583409596524,0.));
#4174 = DIRECTION('',(0.583409596524,0.812178085572,0.));
#4175 = ADVANCED_FACE('',(#4176),#4194,.T.);
#4176 = FACE_BOUND('',#4177,.T.);
#4177 = EDGE_LOOP('',(#4178,#4186,#4192,#4193));
#4178 = ORIENTED_EDGE('',*,*,#4179,.T.);
#4179 = EDGE_CURVE('',#623,#4180,#4182,.T.);
#4180 = VERTEX_POINT('',#4181);
#4181 = CARTESIAN_POINT('',(-1.118856344116,-7.326271251942,38.));
#4182 = LINE('',#4183,#4184);
#4183 = CARTESIAN_POINT('',(-1.118856344116,-7.326271251942,40.));
#4184 = VECTOR('',#4185,1.);
#4185 = DIRECTION('',(-0.,-0.,-1.));
#4186 = ORIENTED_EDGE('',*,*,#4187,.T.);
#4187 = EDGE_CURVE('',#4180,#4156,#4188,.T.);
#4188 = B_SPLINE_CURVE_WITH_KNOTS('',2,(#4189,#4190,#4191),
  .UNSPECIFIED.,.F.,.F.,(3,3),(0.,1.),.PIECEWISE_BEZIER_KNOTS.);
#4189 = CARTESIAN_POINT('',(-1.118856344116,-7.326271251942,38.));
#4190 = CARTESIAN_POINT('',(-1.213281776392,-7.262915704392,38.));
#4191 = CARTESIAN_POINT('',(-1.28798458619,-7.192400574709,38.));
#4192 = ORIENTED_EDGE('',*,*,#4155,.F.);
#4193 = ORIENTED_EDGE('',*,*,#630,.F.);
#4194 = SURFACE_OF_LINEAR_EXTRUSION('',#4195,#4199);
#4195 = B_SPLINE_CURVE_WITH_KNOTS('',2,(#4196,#4197,#4198),
  .UNSPECIFIED.,.F.,.F.,(3,3),(0.,1.),.PIECEWISE_BEZIER_KNOTS.);
#4196 = CARTESIAN_POINT('',(-1.118856344116,-7.326271251942,40.));
#4197 = CARTESIAN_POINT('',(-1.213281776392,-7.262915704392,40.));
#4198 = CARTESIAN_POINT('',(-1.28798458619,-7.192400574709,40.));
#4199 = VECTOR('',#4200,1.);
#4200 = DIRECTION('',(0.,0.,1.));
#4201 = ADVANCED_FACE('',(#4202),#4220,.T.);
#4202 = FACE_BOUND('',#4203,.T.);
#4203 = EDGE_LOOP('',(#4204,#4212,#4218,#4219));
#4204 = ORIENTED_EDGE('',*,*,#4205,.T.);
#4205 = EDGE_CURVE('',#615,#4206,#4208,.T.);
#4206 = VERTEX_POINT('',#4207);
#4207 = CARTESIAN_POINT('',(-0.913389845556,-7.438257923412,38.));
#4208 = LINE('',#4209,#4210);
#4209 = CARTESIAN_POINT('',(-0.913389845556,-7.438257923412,40.));
#4210 = VECTOR('',#4211,1.);
#4211 = DIRECTION('',(-0.,-0.,-1.));
#4212 = ORIENTED_EDGE('',*,*,#4213,.T.);
#4213 = EDGE_CURVE('',#4206,#4180,#4214,.T.);
#4214 = B_SPLINE_CURVE_WITH_KNOTS('',2,(#4215,#4216,#4217),
  .UNSPECIFIED.,.F.,.F.,(3,3),(0.,1.),.PIECEWISE_BEZIER_KNOTS.);
#4215 = CARTESIAN_POINT('',(-0.913389845556,-7.438257923412,38.));
#4216 = CARTESIAN_POINT('',(-1.024430911839,-7.389491713037,38.));
#4217 = CARTESIAN_POINT('',(-1.118856344116,-7.326271251942,38.));
#4218 = ORIENTED_EDGE('',*,*,#4179,.F.);
#4219 = ORIENTED_EDGE('',*,*,#622,.F.);
#4220 = SURFACE_OF_LINEAR_EXTRUSION('',#4221,#4225);
#4221 = B_SPLINE_CURVE_WITH_KNOTS('',2,(#4222,#4223,#4224),
  .UNSPECIFIED.,.F.,.F.,(3,3),(0.,1.),.PIECEWISE_BEZIER_KNOTS.);
#4222 = CARTESIAN_POINT('',(-0.913389845556,-7.438257923412,40.));
#4223 = CARTESIAN_POINT('',(-1.024430911839,-7.389491713037,40.));
#4224 = CARTESIAN_POINT('',(-1.118856344116,-7.326271251942,40.));
#4225 = VECTOR('',#4226,1.);
#4226 = DIRECTION('',(0.,0.,1.));
#4227 = ADVANCED_FACE('',(#4228),#4246,.T.);
#4228 = FACE_BOUND('',#4229,.T.);
#4229 = EDGE_LOOP('',(#4230,#4238,#4244,#4245));
#4230 = ORIENTED_EDGE('',*,*,#4231,.T.);
#4231 = EDGE_CURVE('',#607,#4232,#4234,.T.);
#4232 = VERTEX_POINT('',#4233);
#4233 = CARTESIAN_POINT('',(-0.675772770629,-7.516067721683,38.));
#4234 = LINE('',#4235,#4236);
#4235 = CARTESIAN_POINT('',(-0.675772770629,-7.516067721683,40.));
#4236 = VECTOR('',#4237,1.);
#4237 = DIRECTION('',(-0.,-0.,-1.));
#4238 = ORIENTED_EDGE('',*,*,#4239,.T.);
#4239 = EDGE_CURVE('',#4232,#4206,#4240,.T.);
#4240 = B_SPLINE_CURVE_WITH_KNOTS('',2,(#4241,#4242,#4243),
  .UNSPECIFIED.,.F.,.F.,(3,3),(0.,1.),.PIECEWISE_BEZIER_KNOTS.);
#4241 = CARTESIAN_POINT('',(-0.675772770629,-7.516067721683,38.));
#4242 = CARTESIAN_POINT('',(-0.802348779274,-7.487024133787,38.));
#4243 = CARTESIAN_POINT('',(-0.913389845556,-7.438257923412,38.));
#4244 = ORIENTED_EDGE('',*,*,#4205,.F.);
#4245 = ORIENTED_EDGE('',*,*,#614,.F.);
#4246 = SURFACE_OF_LINEAR_EXTRUSION('',#4247,#4251);
#4247 = B_SPLINE_CURVE_WITH_KNOTS('',2,(#4248,#4249,#4250),
  .UNSPECIFIED.,.F.,.F.,(3,3),(0.,1.),.PIECEWISE_BEZIER_KNOTS.);
#4248 = CARTESIAN_POINT('',(-0.675772770629,-7.516067721683,40.));
#4249 = CARTESIAN_POINT('',(-0.802348779274,-7.487024133787,40.));
#4250 = CARTESIAN_POINT('',(-0.913389845556,-7.438257923412,40.));
#4251 = VECTOR('',#4252,1.);
#4252 = DIRECTION('',(0.,0.,1.));
#4253 = ADVANCED_FACE('',(#4254),#4272,.T.);
#4254 = FACE_BOUND('',#4255,.T.);
#4255 = EDGE_LOOP('',(#4256,#4264,#4270,#4271));
#4256 = ORIENTED_EDGE('',*,*,#4257,.T.);
#4257 = EDGE_CURVE('',#599,#4258,#4260,.T.);
#4258 = VERTEX_POINT('',#4259);
#4259 = CARTESIAN_POINT('',(-0.408166502617,-7.545111309579,38.));
#4260 = LINE('',#4261,#4262);
#4261 = CARTESIAN_POINT('',(-0.408166502617,-7.545111309579,40.));
#4262 = VECTOR('',#4263,1.);
#4263 = DIRECTION('',(-0.,-0.,-1.));
#4264 = ORIENTED_EDGE('',*,*,#4265,.T.);
#4265 = EDGE_CURVE('',#4258,#4232,#4266,.T.);
#4266 = B_SPLINE_CURVE_WITH_KNOTS('',2,(#4267,#4268,#4269),
  .UNSPECIFIED.,.F.,.F.,(3,3),(0.,1.),.PIECEWISE_BEZIER_KNOTS.);
#4267 = CARTESIAN_POINT('',(-0.408166502617,-7.545111309579,38.));
#4268 = CARTESIAN_POINT('',(-0.549196761983,-7.545111309579,38.));
#4269 = CARTESIAN_POINT('',(-0.675772770629,-7.516067721683,38.));
#4270 = ORIENTED_EDGE('',*,*,#4231,.F.);
#4271 = ORIENTED_EDGE('',*,*,#606,.F.);
#4272 = SURFACE_OF_LINEAR_EXTRUSION('',#4273,#4277);
#4273 = B_SPLINE_CURVE_WITH_KNOTS('',2,(#4274,#4275,#4276),
  .UNSPECIFIED.,.F.,.F.,(3,3),(0.,1.),.PIECEWISE_BEZIER_KNOTS.);
#4274 = CARTESIAN_POINT('',(-0.408166502617,-7.545111309579,40.));
#4275 = CARTESIAN_POINT('',(-0.549196761983,-7.545111309579,40.));
#4276 = CARTESIAN_POINT('',(-0.675772770629,-7.516067721683,40.));
#4277 = VECTOR('',#4278,1.);
#4278 = DIRECTION('',(0.,0.,1.));
#4279 = ADVANCED_FACE('',(#4280),#4298,.T.);
#4280 = FACE_BOUND('',#4281,.T.);
#4281 = EDGE_LOOP('',(#4282,#4290,#4296,#4297));
#4282 = ORIENTED_EDGE('',*,*,#4283,.T.);
#4283 = EDGE_CURVE('',#591,#4284,#4286,.T.);
#4284 = VERTEX_POINT('',#4285);
#4285 = CARTESIAN_POINT('',(3.69433677E-02,-7.468517289406,38.));
#4286 = LINE('',#4287,#4288);
#4287 = CARTESIAN_POINT('',(3.69433677E-02,-7.468517289406,40.));
#4288 = VECTOR('',#4289,1.);
#4289 = DIRECTION('',(-0.,-0.,-1.));
#4290 = ORIENTED_EDGE('',*,*,#4291,.T.);
#4291 = EDGE_CURVE('',#4284,#4258,#4292,.T.);
#4292 = B_SPLINE_CURVE_WITH_KNOTS('',2,(#4293,#4294,#4295),
  .UNSPECIFIED.,.F.,.F.,(3,3),(0.,1.),.PIECEWISE_BEZIER_KNOTS.);
#4293 = CARTESIAN_POINT('',(3.69433677E-02,-7.468517289406,38.));
#4294 = CARTESIAN_POINT('',(-0.167442439216,-7.545111309579,38.));
#4295 = CARTESIAN_POINT('',(-0.408166502617,-7.545111309579,38.));
#4296 = ORIENTED_EDGE('',*,*,#4257,.F.);
#4297 = ORIENTED_EDGE('',*,*,#598,.F.);
#4298 = SURFACE_OF_LINEAR_EXTRUSION('',#4299,#4303);
#4299 = B_SPLINE_CURVE_WITH_KNOTS('',2,(#4300,#4301,#4302),
  .UNSPECIFIED.,.F.,.F.,(3,3),(0.,1.),.PIECEWISE_BEZIER_KNOTS.);
#4300 = CARTESIAN_POINT('',(3.69433677E-02,-7.468517289406,40.));
#4301 = CARTESIAN_POINT('',(-0.167442439216,-7.545111309579,40.));
#4302 = CARTESIAN_POINT('',(-0.408166502617,-7.545111309579,40.));
#4303 = VECTOR('',#4304,1.);
#4304 = DIRECTION('',(0.,0.,1.));
#4305 = ADVANCED_FACE('',(#4306),#4324,.T.);
#4306 = FACE_BOUND('',#4307,.T.);
#4307 = EDGE_LOOP('',(#4308,#4316,#4322,#4323));
#4308 = ORIENTED_EDGE('',*,*,#4309,.T.);
#4309 = EDGE_CURVE('',#583,#4310,#4312,.T.);
#4310 = VERTEX_POINT('',#4311);
#4311 = CARTESIAN_POINT('',(0.390734794213,-7.252108787965,38.));
#4312 = LINE('',#4313,#4314);
#4313 = CARTESIAN_POINT('',(0.390734794213,-7.252108787965,40.));
#4314 = VECTOR('',#4315,1.);
#4315 = DIRECTION('',(-0.,-0.,-1.));
#4316 = ORIENTED_EDGE('',*,*,#4317,.T.);
#4317 = EDGE_CURVE('',#4310,#4284,#4318,.T.);
#4318 = B_SPLINE_CURVE_WITH_KNOTS('',2,(#4319,#4320,#4321),
  .UNSPECIFIED.,.F.,.F.,(3,3),(0.,1.),.PIECEWISE_BEZIER_KNOTS.);
#4319 = CARTESIAN_POINT('',(0.390734794213,-7.252108787965,38.));
#4320 = CARTESIAN_POINT('',(0.241329174616,-7.391923269233,38.));
#4321 = CARTESIAN_POINT('',(3.69433677E-02,-7.468517289406,38.));
#4322 = ORIENTED_EDGE('',*,*,#4283,.F.);
#4323 = ORIENTED_EDGE('',*,*,#590,.F.);
#4324 = SURFACE_OF_LINEAR_EXTRUSION('',#4325,#4329);
#4325 = B_SPLINE_CURVE_WITH_KNOTS('',2,(#4326,#4327,#4328),
  .UNSPECIFIED.,.F.,.F.,(3,3),(0.,1.),.PIECEWISE_BEZIER_KNOTS.);
#4326 = CARTESIAN_POINT('',(0.390734794213,-7.252108787965,40.));
#4327 = CARTESIAN_POINT('',(0.241329174616,-7.391923269233,40.));
#4328 = CARTESIAN_POINT('',(3.69433677E-02,-7.468517289406,40.));
#4329 = VECTOR('',#4330,1.);
#4330 = DIRECTION('',(0.,0.,1.));
#4331 = ADVANCED_FACE('',(#4332),#4350,.T.);
#4332 = FACE_BOUND('',#4333,.T.);
#4333 = EDGE_LOOP('',(#4334,#4342,#4348,#4349));
#4334 = ORIENTED_EDGE('',*,*,#4335,.T.);
#4335 = EDGE_CURVE('',#575,#4336,#4338,.T.);
#4336 = VERTEX_POINT('',#4337);
#4337 = CARTESIAN_POINT('',(0.624164189026,-6.915608427735,38.));
#4338 = LINE('',#4339,#4340);
#4339 = CARTESIAN_POINT('',(0.624164189026,-6.915608427735,40.));
#4340 = VECTOR('',#4341,1.);
#4341 = DIRECTION('',(-0.,-0.,-1.));
#4342 = ORIENTED_EDGE('',*,*,#4343,.T.);
#4343 = EDGE_CURVE('',#4336,#4310,#4344,.T.);
#4344 = B_SPLINE_CURVE_WITH_KNOTS('',2,(#4345,#4346,#4347),
  .UNSPECIFIED.,.F.,.F.,(3,3),(0.,1.),.PIECEWISE_BEZIER_KNOTS.);
#4345 = CARTESIAN_POINT('',(0.624164189026,-6.915608427735,38.));
#4346 = CARTESIAN_POINT('',(0.54014041381,-7.112294306697,38.));
#4347 = CARTESIAN_POINT('',(0.390734794213,-7.252108787965,38.));
#4348 = ORIENTED_EDGE('',*,*,#4309,.F.);
#4349 = ORIENTED_EDGE('',*,*,#582,.F.);
#4350 = SURFACE_OF_LINEAR_EXTRUSION('',#4351,#4355);
#4351 = B_SPLINE_CURVE_WITH_KNOTS('',2,(#4352,#4353,#4354),
  .UNSPECIFIED.,.F.,.F.,(3,3),(0.,1.),.PIECEWISE_BEZIER_KNOTS.);
#4352 = CARTESIAN_POINT('',(0.624164189026,-6.915608427735,40.));
#4353 = CARTESIAN_POINT('',(0.54014041381,-7.112294306697,40.));
#4354 = CARTESIAN_POINT('',(0.390734794213,-7.252108787965,40.));
#4355 = VECTOR('',#4356,1.);
#4356 = DIRECTION('',(0.,0.,1.));
#4357 = ADVANCED_FACE('',(#4358),#4376,.T.);
#4358 = FACE_BOUND('',#4359,.T.);
#4359 = EDGE_LOOP('',(#4360,#4368,#4374,#4375));
#4360 = ORIENTED_EDGE('',*,*,#4361,.T.);
#4361 = EDGE_CURVE('',#567,#4362,#4364,.T.);
#4362 = VERTEX_POINT('',#4363);
#4363 = CARTESIAN_POINT('',(0.708187964242,-6.480630041568,38.));
#4364 = LINE('',#4365,#4366);
#4365 = CARTESIAN_POINT('',(0.708187964242,-6.480630041568,40.));
#4366 = VECTOR('',#4367,1.);
#4367 = DIRECTION('',(-0.,-0.,-1.));
#4368 = ORIENTED_EDGE('',*,*,#4369,.T.);
#4369 = EDGE_CURVE('',#4362,#4336,#4370,.T.);
#4370 = B_SPLINE_CURVE_WITH_KNOTS('',2,(#4371,#4372,#4373),
  .UNSPECIFIED.,.F.,.F.,(3,3),(0.,1.),.PIECEWISE_BEZIER_KNOTS.);
#4371 = CARTESIAN_POINT('',(0.708187964242,-6.480630041568,38.));
#4372 = CARTESIAN_POINT('',(0.708187964242,-6.718787462317,38.));
#4373 = CARTESIAN_POINT('',(0.624164189026,-6.915608427735,38.));
#4374 = ORIENTED_EDGE('',*,*,#4335,.F.);
#4375 = ORIENTED_EDGE('',*,*,#574,.F.);
#4376 = SURFACE_OF_LINEAR_EXTRUSION('',#4377,#4381);
#4377 = B_SPLINE_CURVE_WITH_KNOTS('',2,(#4378,#4379,#4380),
  .UNSPECIFIED.,.F.,.F.,(3,3),(0.,1.),.PIECEWISE_BEZIER_KNOTS.);
#4378 = CARTESIAN_POINT('',(0.708187964242,-6.480630041568,40.));
#4379 = CARTESIAN_POINT('',(0.708187964242,-6.718787462317,40.));
#4380 = CARTESIAN_POINT('',(0.624164189026,-6.915608427735,40.));
#4381 = VECTOR('',#4382,1.);
#4382 = DIRECTION('',(0.,0.,1.));
#4383 = ADVANCED_FACE('',(#4384),#4402,.T.);
#4384 = FACE_BOUND('',#4385,.T.);
#4385 = EDGE_LOOP('',(#4386,#4394,#4400,#4401));
#4386 = ORIENTED_EDGE('',*,*,#4387,.T.);
#4387 = EDGE_CURVE('',#559,#4388,#4390,.T.);
#4388 = VERTEX_POINT('',#4389);
#4389 = CARTESIAN_POINT('',(0.645913108334,-6.121300070386,38.));
#4390 = LINE('',#4391,#4392);
#4391 = CARTESIAN_POINT('',(0.645913108334,-6.121300070386,40.));
#4392 = VECTOR('',#4393,1.);
#4393 = DIRECTION('',(-0.,-0.,-1.));
#4394 = ORIENTED_EDGE('',*,*,#4395,.T.);
#4395 = EDGE_CURVE('',#4388,#4362,#4396,.T.);
#4396 = B_SPLINE_CURVE_WITH_KNOTS('',2,(#4397,#4398,#4399),
  .UNSPECIFIED.,.F.,.F.,(3,3),(0.,1.),.PIECEWISE_BEZIER_KNOTS.);
#4397 = CARTESIAN_POINT('',(0.645913108334,-6.121300070386,38.));
#4398 = CARTESIAN_POINT('',(0.708187964242,-6.287996756265,38.));
#4399 = CARTESIAN_POINT('',(0.708187964242,-6.480630041568,38.));
#4400 = ORIENTED_EDGE('',*,*,#4361,.F.);
#4401 = ORIENTED_EDGE('',*,*,#566,.F.);
#4402 = SURFACE_OF_LINEAR_EXTRUSION('',#4403,#4407);
#4403 = B_SPLINE_CURVE_WITH_KNOTS('',2,(#4404,#4405,#4406),
  .UNSPECIFIED.,.F.,.F.,(3,3),(0.,1.),.PIECEWISE_BEZIER_KNOTS.);
#4404 = CARTESIAN_POINT('',(0.645913108334,-6.121300070386,40.));
#4405 = CARTESIAN_POINT('',(0.708187964242,-6.287996756265,40.));
#4406 = CARTESIAN_POINT('',(0.708187964242,-6.480630041568,40.));
#4407 = VECTOR('',#4408,1.);
#4408 = DIRECTION('',(0.,0.,1.));
#4409 = ADVANCED_FACE('',(#4410),#4428,.T.);
#4410 = FACE_BOUND('',#4411,.T.);
#4411 = EDGE_LOOP('',(#4412,#4420,#4426,#4427));
#4412 = ORIENTED_EDGE('',*,*,#4413,.T.);
#4413 = EDGE_CURVE('',#551,#4414,#4416,.T.);
#4414 = VERTEX_POINT('',#4415);
#4415 = CARTESIAN_POINT('',(0.461249923896,-5.830323845602,38.));
#4416 = LINE('',#4417,#4418);
#4417 = CARTESIAN_POINT('',(0.461249923896,-5.830323845602,40.));
#4418 = VECTOR('',#4419,1.);
#4419 = DIRECTION('',(-0.,-0.,-1.));
#4420 = ORIENTED_EDGE('',*,*,#4421,.T.);
#4421 = EDGE_CURVE('',#4414,#4388,#4422,.T.);
#4422 = B_SPLINE_CURVE_WITH_KNOTS('',2,(#4423,#4424,#4425),
  .UNSPECIFIED.,.F.,.F.,(3,3),(0.,1.),.PIECEWISE_BEZIER_KNOTS.);
#4423 = CARTESIAN_POINT('',(0.461249923896,-5.830323845602,38.));
#4424 = CARTESIAN_POINT('',(0.583638252426,-5.954603384507,38.));
#4425 = CARTESIAN_POINT('',(0.645913108334,-6.121300070386,38.));
#4426 = ORIENTED_EDGE('',*,*,#4387,.F.);
#4427 = ORIENTED_EDGE('',*,*,#558,.F.);
#4428 = SURFACE_OF_LINEAR_EXTRUSION('',#4429,#4433);
#4429 = B_SPLINE_CURVE_WITH_KNOTS('',2,(#4430,#4431,#4432),
  .UNSPECIFIED.,.F.,.F.,(3,3),(0.,1.),.PIECEWISE_BEZIER_KNOTS.);
#4430 = CARTESIAN_POINT('',(0.461249923896,-5.830323845602,40.));
#4431 = CARTESIAN_POINT('',(0.583638252426,-5.954603384507,40.));
#4432 = CARTESIAN_POINT('',(0.645913108334,-6.121300070386,40.));
#4433 = VECTOR('',#4434,1.);
#4434 = DIRECTION('',(0.,0.,1.));
#4435 = ADVANCED_FACE('',(#4436),#4454,.T.);
#4436 = FACE_BOUND('',#4437,.T.);
#4437 = EDGE_LOOP('',(#4438,#4446,#4452,#4453));
#4438 = ORIENTED_EDGE('',*,*,#4439,.T.);
#4439 = EDGE_CURVE('',#543,#4440,#4442,.T.);
#4440 = VERTEX_POINT('',#4441);
#4441 = CARTESIAN_POINT('',(0.15933169623,-5.63566426347,38.));
#4442 = LINE('',#4443,#4444);
#4443 = CARTESIAN_POINT('',(0.15933169623,-5.63566426347,40.));
#4444 = VECTOR('',#4445,1.);
#4445 = DIRECTION('',(-0.,-0.,-1.));
#4446 = ORIENTED_EDGE('',*,*,#4447,.T.);
#4447 = EDGE_CURVE('',#4440,#4414,#4448,.T.);
#4448 = B_SPLINE_CURVE_WITH_KNOTS('',2,(#4449,#4450,#4451),
  .UNSPECIFIED.,.F.,.F.,(3,3),(0.,1.),.PIECEWISE_BEZIER_KNOTS.);
#4449 = CARTESIAN_POINT('',(0.15933169623,-5.63566426347,38.));
#4450 = CARTESIAN_POINT('',(0.338861595366,-5.706044306697,38.));
#4451 = CARTESIAN_POINT('',(0.461249923896,-5.830323845602,38.));
#4452 = ORIENTED_EDGE('',*,*,#4413,.F.);
#4453 = ORIENTED_EDGE('',*,*,#550,.F.);
#4454 = SURFACE_OF_LINEAR_EXTRUSION('',#4455,#4459);
#4455 = B_SPLINE_CURVE_WITH_KNOTS('',2,(#4456,#4457,#4458),
  .UNSPECIFIED.,.F.,.F.,(3,3),(0.,1.),.PIECEWISE_BEZIER_KNOTS.);
#4456 = CARTESIAN_POINT('',(0.15933169623,-5.63566426347,40.));
#4457 = CARTESIAN_POINT('',(0.338861595366,-5.706044306697,40.));
#4458 = CARTESIAN_POINT('',(0.461249923896,-5.830323845602,40.));
#4459 = VECTOR('',#4460,1.);
#4460 = DIRECTION('',(0.,0.,1.));
#4461 = ADVANCED_FACE('',(#4462),#4480,.T.);
#4462 = FACE_BOUND('',#4463,.T.);
#4463 = EDGE_LOOP('',(#4464,#4472,#4478,#4479));
#4464 = ORIENTED_EDGE('',*,*,#4465,.T.);
#4465 = EDGE_CURVE('',#535,#4466,#4468,.T.);
#4466 = VERTEX_POINT('',#4467);
#4467 = CARTESIAN_POINT('',(-0.25673458619,-5.565284220242,38.));
#4468 = LINE('',#4469,#4470);
#4469 = CARTESIAN_POINT('',(-0.25673458619,-5.565284220242,40.));
#4470 = VECTOR('',#4471,1.);
#4471 = DIRECTION('',(-0.,-0.,-1.));
#4472 = ORIENTED_EDGE('',*,*,#4473,.T.);
#4473 = EDGE_CURVE('',#4466,#4440,#4474,.T.);
#4474 = B_SPLINE_CURVE_WITH_KNOTS('',2,(#4475,#4476,#4477),
  .UNSPECIFIED.,.F.,.F.,(3,3),(0.,1.),.PIECEWISE_BEZIER_KNOTS.);
#4475 = CARTESIAN_POINT('',(-0.25673458619,-5.565284220242,38.));
#4476 = CARTESIAN_POINT('',(-2.019820290519E-02,-5.565284220242,38.));
#4477 = CARTESIAN_POINT('',(0.15933169623,-5.63566426347,38.));
#4478 = ORIENTED_EDGE('',*,*,#4439,.F.);
#4479 = ORIENTED_EDGE('',*,*,#542,.F.);
#4480 = SURFACE_OF_LINEAR_EXTRUSION('',#4481,#4485);
#4481 = B_SPLINE_CURVE_WITH_KNOTS('',2,(#4482,#4483,#4484),
  .UNSPECIFIED.,.F.,.F.,(3,3),(0.,1.),.PIECEWISE_BEZIER_KNOTS.);
#4482 = CARTESIAN_POINT('',(-0.25673458619,-5.565284220242,40.));
#4483 = CARTESIAN_POINT('',(-2.019820290519E-02,-5.565284220242,40.));
#4484 = CARTESIAN_POINT('',(0.15933169623,-5.63566426347,40.));
#4485 = VECTOR('',#4486,1.);
#4486 = DIRECTION('',(0.,0.,1.));
#4487 = ADVANCED_FACE('',(#4488),#4506,.T.);
#4488 = FACE_BOUND('',#4489,.T.);
#4489 = EDGE_LOOP('',(#4490,#4498,#4504,#4505));
#4490 = ORIENTED_EDGE('',*,*,#4491,.T.);
#4491 = EDGE_CURVE('',#527,#4492,#4494,.T.);
#4492 = VERTEX_POINT('',#4493);
#4493 = CARTESIAN_POINT('',(-0.628087251897,-5.608782058859,38.));
#4494 = LINE('',#4495,#4496);
#4495 = CARTESIAN_POINT('',(-0.628087251897,-5.608782058859,40.));
#4496 = VECTOR('',#4497,1.);
#4497 = DIRECTION('',(-0.,-0.,-1.));
#4498 = ORIENTED_EDGE('',*,*,#4499,.T.);
#4499 = EDGE_CURVE('',#4492,#4466,#4500,.T.);
#4500 = B_SPLINE_CURVE_WITH_KNOTS('',2,(#4501,#4502,#4503),
  .UNSPECIFIED.,.F.,.F.,(3,3),(0.,1.),.PIECEWISE_BEZIER_KNOTS.);
#4501 = CARTESIAN_POINT('',(-0.628087251897,-5.608782058859,38.));
#4502 = CARTESIAN_POINT('',(-0.424782136623,-5.565284220242,38.));
#4503 = CARTESIAN_POINT('',(-0.25673458619,-5.565284220242,38.));
#4504 = ORIENTED_EDGE('',*,*,#4465,.F.);
#4505 = ORIENTED_EDGE('',*,*,#534,.F.);
#4506 = SURFACE_OF_LINEAR_EXTRUSION('',#4507,#4511);
#4507 = B_SPLINE_CURVE_WITH_KNOTS('',2,(#4508,#4509,#4510),
  .UNSPECIFIED.,.F.,.F.,(3,3),(0.,1.),.PIECEWISE_BEZIER_KNOTS.);
#4508 = CARTESIAN_POINT('',(-0.628087251897,-5.608782058859,40.));
#4509 = CARTESIAN_POINT('',(-0.424782136623,-5.565284220242,40.));
#4510 = CARTESIAN_POINT('',(-0.25673458619,-5.565284220242,40.));
#4511 = VECTOR('',#4512,1.);
#4512 = DIRECTION('',(0.,0.,1.));
#4513 = ADVANCED_FACE('',(#4514),#4532,.T.);
#4514 = FACE_BOUND('',#4515,.T.);
#4515 = EDGE_LOOP('',(#4516,#4524,#4530,#4531));
#4516 = ORIENTED_EDGE('',*,*,#4517,.T.);
#4517 = EDGE_CURVE('',#519,#4518,#4520,.T.);
#4518 = VERTEX_POINT('',#4519);
#4519 = CARTESIAN_POINT('',(-0.520153174087,-4.97738796664,38.));
#4520 = LINE('',#4521,#4522);
#4521 = CARTESIAN_POINT('',(-0.520153174087,-4.97738796664,40.));
#4522 = VECTOR('',#4523,1.);
#4523 = DIRECTION('',(-0.,-0.,-1.));
#4524 = ORIENTED_EDGE('',*,*,#4525,.T.);
#4525 = EDGE_CURVE('',#4518,#4492,#4526,.T.);
#4526 = LINE('',#4527,#4528);
#4527 = CARTESIAN_POINT('',(-0.520153174087,-4.97738796664,38.));
#4528 = VECTOR('',#4529,1.);
#4529 = DIRECTION('',(-0.168501376395,-0.985701418358,0.));
#4530 = ORIENTED_EDGE('',*,*,#4491,.F.);
#4531 = ORIENTED_EDGE('',*,*,#526,.F.);
#4532 = PLANE('',#4533);
#4533 = AXIS2_PLACEMENT_3D('',#4534,#4535,#4536);
#4534 = CARTESIAN_POINT('',(-0.520153174087,-4.97738796664,40.));
#4535 = DIRECTION('',(-0.985701418358,0.168501376395,0.));
#4536 = DIRECTION('',(-0.168501376395,-0.985701418358,0.));
#4537 = ADVANCED_FACE('',(#4538),#4556,.T.);
#4538 = FACE_BOUND('',#4539,.T.);
#4539 = EDGE_LOOP('',(#4540,#4548,#4554,#4555));
#4540 = ORIENTED_EDGE('',*,*,#4541,.T.);
#4541 = EDGE_CURVE('',#511,#4542,#4544,.T.);
#4542 = VERTEX_POINT('',#4543);
#4543 = CARTESIAN_POINT('',(0.305630327354,-4.97738796664,38.));
#4544 = LINE('',#4545,#4546);
#4545 = CARTESIAN_POINT('',(0.305630327354,-4.97738796664,40.));
#4546 = VECTOR('',#4547,1.);
#4547 = DIRECTION('',(-0.,-0.,-1.));
#4548 = ORIENTED_EDGE('',*,*,#4549,.T.);
#4549 = EDGE_CURVE('',#4542,#4518,#4550,.T.);
#4550 = LINE('',#4551,#4552);
#4551 = CARTESIAN_POINT('',(0.305630327354,-4.97738796664,38.));
#4552 = VECTOR('',#4553,1.);
#4553 = DIRECTION('',(-1.,0.,0.));
#4554 = ORIENTED_EDGE('',*,*,#4517,.F.);
#4555 = ORIENTED_EDGE('',*,*,#518,.F.);
#4556 = PLANE('',#4557);
#4557 = AXIS2_PLACEMENT_3D('',#4558,#4559,#4560);
#4558 = CARTESIAN_POINT('',(0.305630327354,-4.97738796664,40.));
#4559 = DIRECTION('',(0.,1.,0.));
#4560 = DIRECTION('',(-1.,0.,0.));
#4561 = ADVANCED_FACE('',(#4562),#4580,.T.);
#4562 = FACE_BOUND('',#4563,.T.);
#4563 = EDGE_LOOP('',(#4564,#4572,#4578,#4579));
#4564 = ORIENTED_EDGE('',*,*,#4565,.T.);
#4565 = EDGE_CURVE('',#503,#4566,#4568,.T.);
#4566 = VERTEX_POINT('',#4567);
#4567 = CARTESIAN_POINT('',(0.536898338882,-4.908628960876,38.));
#4568 = LINE('',#4569,#4570);
#4569 = CARTESIAN_POINT('',(0.536898338882,-4.908628960876,40.));
#4570 = VECTOR('',#4571,1.);
#4571 = DIRECTION('',(-0.,-0.,-1.));
#4572 = ORIENTED_EDGE('',*,*,#4573,.T.);
#4573 = EDGE_CURVE('',#4566,#4542,#4574,.T.);
#4574 = B_SPLINE_CURVE_WITH_KNOTS('',2,(#4575,#4576,#4577),
  .UNSPECIFIED.,.F.,.F.,(3,3),(0.,1.),.PIECEWISE_BEZIER_KNOTS.);
#4575 = CARTESIAN_POINT('',(0.536898338882,-4.908628960876,38.));
#4576 = CARTESIAN_POINT('',(0.467463900841,-4.97738796664,38.));
#4577 = CARTESIAN_POINT('',(0.305630327354,-4.97738796664,38.));
#4578 = ORIENTED_EDGE('',*,*,#4541,.F.);
#4579 = ORIENTED_EDGE('',*,*,#510,.F.);
#4580 = SURFACE_OF_LINEAR_EXTRUSION('',#4581,#4585);
#4581 = B_SPLINE_CURVE_WITH_KNOTS('',2,(#4582,#4583,#4584),
  .UNSPECIFIED.,.F.,.F.,(3,3),(0.,1.),.PIECEWISE_BEZIER_KNOTS.);
#4582 = CARTESIAN_POINT('',(0.536898338882,-4.908628960876,40.));
#4583 = CARTESIAN_POINT('',(0.467463900841,-4.97738796664,40.));
#4584 = CARTESIAN_POINT('',(0.305630327354,-4.97738796664,40.));
#4585 = VECTOR('',#4586,1.);
#4586 = DIRECTION('',(0.,0.,1.));
#4587 = ADVANCED_FACE('',(#4588),#4599,.T.);
#4588 = FACE_BOUND('',#4589,.T.);
#4589 = EDGE_LOOP('',(#4590,#4591,#4597,#4598));
#4590 = ORIENTED_EDGE('',*,*,#3756,.T.);
#4591 = ORIENTED_EDGE('',*,*,#4592,.T.);
#4592 = EDGE_CURVE('',#3749,#4566,#4593,.T.);
#4593 = B_SPLINE_CURVE_WITH_KNOTS('',2,(#4594,#4595,#4596),
  .UNSPECIFIED.,.F.,.F.,(3,3),(0.,1.),.PIECEWISE_BEZIER_KNOTS.);
#4594 = CARTESIAN_POINT('',(0.606467863377,-4.729369234651,38.));
#4595 = CARTESIAN_POINT('',(0.606467863377,-4.839869955112,38.));
#4596 = CARTESIAN_POINT('',(0.536898338882,-4.908628960876,38.));
#4597 = ORIENTED_EDGE('',*,*,#4565,.F.);
#4598 = ORIENTED_EDGE('',*,*,#502,.F.);
#4599 = SURFACE_OF_LINEAR_EXTRUSION('',#4600,#4604);
#4600 = B_SPLINE_CURVE_WITH_KNOTS('',2,(#4601,#4602,#4603),
  .UNSPECIFIED.,.F.,.F.,(3,3),(0.,1.),.PIECEWISE_BEZIER_KNOTS.);
#4601 = CARTESIAN_POINT('',(0.606467863377,-4.729369234651,40.));
#4602 = CARTESIAN_POINT('',(0.606467863377,-4.839869955112,40.));
#4603 = CARTESIAN_POINT('',(0.536898338882,-4.908628960876,40.));
#4604 = VECTOR('',#4605,1.);
#4605 = DIRECTION('',(0.,0.,1.));
#4606 = ADVANCED_FACE('',(#4607),#4632,.T.);
#4607 = FACE_BOUND('',#4608,.T.);
#4608 = EDGE_LOOP('',(#4609,#4617,#4625,#4631));
#4609 = ORIENTED_EDGE('',*,*,#4610,.T.);
#4610 = EDGE_CURVE('',#767,#4611,#4613,.T.);
#4611 = VERTEX_POINT('',#4612);
#4612 = CARTESIAN_POINT('',(1.744165990178,-7.510529177014,38.));
#4613 = LINE('',#4614,#4615);
#4614 = CARTESIAN_POINT('',(1.744165990178,-7.510529177014,40.));
#4615 = VECTOR('',#4616,1.);
#4616 = DIRECTION('',(-0.,-0.,-1.));
#4617 = ORIENTED_EDGE('',*,*,#4618,.T.);
#4618 = EDGE_CURVE('',#4611,#4619,#4621,.T.);
#4619 = VERTEX_POINT('',#4620);
#4620 = CARTESIAN_POINT('',(1.231783065106,-7.510529177014,38.));
#4621 = LINE('',#4622,#4623);
#4622 = CARTESIAN_POINT('',(1.744165990178,-7.510529177014,38.));
#4623 = VECTOR('',#4624,1.);
#4624 = DIRECTION('',(-1.,0.,0.));
#4625 = ORIENTED_EDGE('',*,*,#4626,.F.);
#4626 = EDGE_CURVE('',#769,#4619,#4627,.T.);
#4627 = LINE('',#4628,#4629);
#4628 = CARTESIAN_POINT('',(1.231783065106,-7.510529177014,40.));
#4629 = VECTOR('',#4630,1.);
#4630 = DIRECTION('',(-0.,-0.,-1.));
#4631 = ORIENTED_EDGE('',*,*,#766,.F.);
#4632 = PLANE('',#4633);
#4633 = AXIS2_PLACEMENT_3D('',#4634,#4635,#4636);
#4634 = CARTESIAN_POINT('',(1.744165990178,-7.510529177014,40.));
#4635 = DIRECTION('',(0.,1.,0.));
#4636 = DIRECTION('',(-1.,0.,0.));
#4637 = ADVANCED_FACE('',(#4638),#4656,.T.);
#4638 = FACE_BOUND('',#4639,.T.);
#4639 = EDGE_LOOP('',(#4640,#4648,#4654,#4655));
#4640 = ORIENTED_EDGE('',*,*,#4641,.T.);
#4641 = EDGE_CURVE('',#1041,#4642,#4644,.T.);
#4642 = VERTEX_POINT('',#4643);
#4643 = CARTESIAN_POINT('',(1.744165990178,-5.952712174133,38.));
#4644 = LINE('',#4645,#4646);
#4645 = CARTESIAN_POINT('',(1.744165990178,-5.952712174133,40.));
#4646 = VECTOR('',#4647,1.);
#4647 = DIRECTION('',(-0.,-0.,-1.));
#4648 = ORIENTED_EDGE('',*,*,#4649,.T.);
#4649 = EDGE_CURVE('',#4642,#4611,#4650,.T.);
#4650 = LINE('',#4651,#4652);
#4651 = CARTESIAN_POINT('',(1.744165990178,-5.952712174133,38.));
#4652 = VECTOR('',#4653,1.);
#4653 = DIRECTION('',(0.,-1.,0.));
#4654 = ORIENTED_EDGE('',*,*,#4610,.F.);
#4655 = ORIENTED_EDGE('',*,*,#1048,.F.);
#4656 = PLANE('',#4657);
#4657 = AXIS2_PLACEMENT_3D('',#4658,#4659,#4660);
#4658 = CARTESIAN_POINT('',(1.744165990178,-5.952712174133,40.));
#4659 = DIRECTION('',(-1.,0.,0.));
#4660 = DIRECTION('',(0.,-1.,0.));
#4661 = ADVANCED_FACE('',(#4662),#4680,.T.);
#4662 = FACE_BOUND('',#4663,.T.);
#4663 = EDGE_LOOP('',(#4664,#4672,#4678,#4679));
#4664 = ORIENTED_EDGE('',*,*,#4665,.T.);
#4665 = EDGE_CURVE('',#1033,#4666,#4668,.T.);
#4666 = VERTEX_POINT('',#4667);
#4667 = CARTESIAN_POINT('',(1.923695889314,-5.801955689983,38.));
#4668 = LINE('',#4669,#4670);
#4669 = CARTESIAN_POINT('',(1.923695889314,-5.801955689983,40.));
#4670 = VECTOR('',#4671,1.);
#4671 = DIRECTION('',(-0.,-0.,-1.));
#4672 = ORIENTED_EDGE('',*,*,#4673,.T.);
#4673 = EDGE_CURVE('',#4666,#4642,#4674,.T.);
#4674 = B_SPLINE_CURVE_WITH_KNOTS('',2,(#4675,#4676,#4677),
  .UNSPECIFIED.,.F.,.F.,(3,3),(0.,1.),.PIECEWISE_BEZIER_KNOTS.);
#4675 = CARTESIAN_POINT('',(1.923695889314,-5.801955689983,38.));
#4676 = CARTESIAN_POINT('',(1.827244160207,-5.857070963758,38.));
#4677 = CARTESIAN_POINT('',(1.744165990178,-5.952712174133,38.));
#4678 = ORIENTED_EDGE('',*,*,#4641,.F.);
#4679 = ORIENTED_EDGE('',*,*,#1040,.F.);
#4680 = SURFACE_OF_LINEAR_EXTRUSION('',#4681,#4685);
#4681 = B_SPLINE_CURVE_WITH_KNOTS('',2,(#4682,#4683,#4684),
  .UNSPECIFIED.,.F.,.F.,(3,3),(0.,1.),.PIECEWISE_BEZIER_KNOTS.);
#4682 = CARTESIAN_POINT('',(1.923695889314,-5.801955689983,40.));
#4683 = CARTESIAN_POINT('',(1.827244160207,-5.857070963758,40.));
#4684 = CARTESIAN_POINT('',(1.744165990178,-5.952712174133,40.));
#4685 = VECTOR('',#4686,1.);
#4686 = DIRECTION('',(0.,0.,1.));
#4687 = ADVANCED_FACE('',(#4688),#4706,.T.);
#4688 = FACE_BOUND('',#4689,.T.);
#4689 = EDGE_LOOP('',(#4690,#4698,#4704,#4705));
#4690 = ORIENTED_EDGE('',*,*,#4691,.T.);
#4691 = EDGE_CURVE('',#1025,#4692,#4694,.T.);
#4692 = VERTEX_POINT('',#4693);
#4693 = CARTESIAN_POINT('',(2.13010799306,-5.746840416207,38.));
#4694 = LINE('',#4695,#4696);
#4695 = CARTESIAN_POINT('',(2.13010799306,-5.746840416207,40.));
#4696 = VECTOR('',#4697,1.);
#4697 = DIRECTION('',(-0.,-0.,-1.));
#4698 = ORIENTED_EDGE('',*,*,#4699,.T.);
#4699 = EDGE_CURVE('',#4692,#4666,#4700,.T.);
#4700 = B_SPLINE_CURVE_WITH_KNOTS('',2,(#4701,#4702,#4703),
  .UNSPECIFIED.,.F.,.F.,(3,3),(0.,1.),.PIECEWISE_BEZIER_KNOTS.);
#4701 = CARTESIAN_POINT('',(2.13010799306,-5.746840416207,38.));
#4702 = CARTESIAN_POINT('',(2.02014761842,-5.746840416207,38.));
#4703 = CARTESIAN_POINT('',(1.923695889314,-5.801955689983,38.));
#4704 = ORIENTED_EDGE('',*,*,#4665,.F.);
#4705 = ORIENTED_EDGE('',*,*,#1032,.F.);
#4706 = SURFACE_OF_LINEAR_EXTRUSION('',#4707,#4711);
#4707 = B_SPLINE_CURVE_WITH_KNOTS('',2,(#4708,#4709,#4710),
  .UNSPECIFIED.,.F.,.F.,(3,3),(0.,1.),.PIECEWISE_BEZIER_KNOTS.);
#4708 = CARTESIAN_POINT('',(2.13010799306,-5.746840416207,40.));
#4709 = CARTESIAN_POINT('',(2.02014761842,-5.746840416207,40.));
#4710 = CARTESIAN_POINT('',(1.923695889314,-5.801955689983,40.));
#4711 = VECTOR('',#4712,1.);
#4712 = DIRECTION('',(0.,0.,1.));
#4713 = ADVANCED_FACE('',(#4714),#4732,.T.);
#4714 = FACE_BOUND('',#4715,.T.);
#4715 = EDGE_LOOP('',(#4716,#4724,#4730,#4731));
#4716 = ORIENTED_EDGE('',*,*,#4717,.T.);
#4717 = EDGE_CURVE('',#1017,#4718,#4720,.T.);
#4718 = VERTEX_POINT('',#4719);
#4719 = CARTESIAN_POINT('',(2.384340701994,-5.844372836957,38.));
#4720 = LINE('',#4721,#4722);
#4721 = CARTESIAN_POINT('',(2.384340701994,-5.844372836957,40.));
#4722 = VECTOR('',#4723,1.);
#4723 = DIRECTION('',(-0.,-0.,-1.));
#4724 = ORIENTED_EDGE('',*,*,#4725,.T.);
#4725 = EDGE_CURVE('',#4718,#4692,#4726,.T.);
#4726 = B_SPLINE_CURVE_WITH_KNOTS('',2,(#4727,#4728,#4729),
  .UNSPECIFIED.,.F.,.F.,(3,3),(0.,1.),.PIECEWISE_BEZIER_KNOTS.);
#4727 = CARTESIAN_POINT('',(2.384340701994,-5.844372836957,38.));
#4728 = CARTESIAN_POINT('',(2.298290629948,-5.746840416207,38.));
#4729 = CARTESIAN_POINT('',(2.13010799306,-5.746840416207,38.));
#4730 = ORIENTED_EDGE('',*,*,#4691,.F.);
#4731 = ORIENTED_EDGE('',*,*,#1024,.F.);
#4732 = SURFACE_OF_LINEAR_EXTRUSION('',#4733,#4737);
#4733 = B_SPLINE_CURVE_WITH_KNOTS('',2,(#4734,#4735,#4736),
  .UNSPECIFIED.,.F.,.F.,(3,3),(0.,1.),.PIECEWISE_BEZIER_KNOTS.);
#4734 = CARTESIAN_POINT('',(2.384340701994,-5.844372836957,40.));
#4735 = CARTESIAN_POINT('',(2.298290629948,-5.746840416207,40.));
#4736 = CARTESIAN_POINT('',(2.13010799306,-5.746840416207,40.));
#4737 = VECTOR('',#4738,1.);
#4738 = DIRECTION('',(0.,0.,1.));
#4739 = ADVANCED_FACE('',(#4740),#4758,.T.);
#4740 = FACE_BOUND('',#4741,.T.);
#4741 = EDGE_LOOP('',(#4742,#4750,#4756,#4757));
#4742 = ORIENTED_EDGE('',*,*,#4743,.T.);
#4743 = EDGE_CURVE('',#1009,#4744,#4746,.T.);
#4744 = VERTEX_POINT('',#4745);
#4745 = CARTESIAN_POINT('',(2.47039077404,-6.15561203004,38.));
#4746 = LINE('',#4747,#4748);
#4747 = CARTESIAN_POINT('',(2.47039077404,-6.15561203004,40.));
#4748 = VECTOR('',#4749,1.);
#4749 = DIRECTION('',(-0.,-0.,-1.));
#4750 = ORIENTED_EDGE('',*,*,#4751,.T.);
#4751 = EDGE_CURVE('',#4744,#4718,#4752,.T.);
#4752 = B_SPLINE_CURVE_WITH_KNOTS('',2,(#4753,#4754,#4755),
  .UNSPECIFIED.,.F.,.F.,(3,3),(0.,1.),.PIECEWISE_BEZIER_KNOTS.);
#4753 = CARTESIAN_POINT('',(2.47039077404,-6.15561203004,38.));
#4754 = CARTESIAN_POINT('',(2.47039077404,-5.941905257706,38.));
#4755 = CARTESIAN_POINT('',(2.384340701994,-5.844372836957,38.));
#4756 = ORIENTED_EDGE('',*,*,#4717,.F.);
#4757 = ORIENTED_EDGE('',*,*,#1016,.F.);
#4758 = SURFACE_OF_LINEAR_EXTRUSION('',#4759,#4763);
#4759 = B_SPLINE_CURVE_WITH_KNOTS('',2,(#4760,#4761,#4762),
  .UNSPECIFIED.,.F.,.F.,(3,3),(0.,1.),.PIECEWISE_BEZIER_KNOTS.);
#4760 = CARTESIAN_POINT('',(2.47039077404,-6.15561203004,40.));
#4761 = CARTESIAN_POINT('',(2.47039077404,-5.941905257706,40.));
#4762 = CARTESIAN_POINT('',(2.384340701994,-5.844372836957,40.));
#4763 = VECTOR('',#4764,1.);
#4764 = DIRECTION('',(0.,0.,1.));
#4765 = ADVANCED_FACE('',(#4766),#4784,.T.);
#4766 = FACE_BOUND('',#4767,.T.);
#4767 = EDGE_LOOP('',(#4768,#4776,#4782,#4783));
#4768 = ORIENTED_EDGE('',*,*,#4769,.T.);
#4769 = EDGE_CURVE('',#1001,#4770,#4772,.T.);
#4770 = VERTEX_POINT('',#4771);
#4771 = CARTESIAN_POINT('',(2.47039077404,-7.510529177014,38.));
#4772 = LINE('',#4773,#4774);
#4773 = CARTESIAN_POINT('',(2.47039077404,-7.510529177014,40.));
#4774 = VECTOR('',#4775,1.);
#4775 = DIRECTION('',(-0.,-0.,-1.));
#4776 = ORIENTED_EDGE('',*,*,#4777,.T.);
#4777 = EDGE_CURVE('',#4770,#4744,#4778,.T.);
#4778 = LINE('',#4779,#4780);
#4779 = CARTESIAN_POINT('',(2.47039077404,-7.510529177014,38.));
#4780 = VECTOR('',#4781,1.);
#4781 = DIRECTION('',(0.,1.,0.));
#4782 = ORIENTED_EDGE('',*,*,#4743,.F.);
#4783 = ORIENTED_EDGE('',*,*,#1008,.F.);
#4784 = PLANE('',#4785);
#4785 = AXIS2_PLACEMENT_3D('',#4786,#4787,#4788);
#4786 = CARTESIAN_POINT('',(2.47039077404,-7.510529177014,40.));
#4787 = DIRECTION('',(1.,0.,0.));
#4788 = DIRECTION('',(0.,1.,0.));
#4789 = ADVANCED_FACE('',(#4790),#4808,.T.);
#4790 = FACE_BOUND('',#4791,.T.);
#4791 = EDGE_LOOP('',(#4792,#4800,#4806,#4807));
#4792 = ORIENTED_EDGE('',*,*,#4793,.T.);
#4793 = EDGE_CURVE('',#993,#4794,#4796,.T.);
#4794 = VERTEX_POINT('',#4795);
#4795 = CARTESIAN_POINT('',(2.985070168853,-7.510529177014,38.));
#4796 = LINE('',#4797,#4798);
#4797 = CARTESIAN_POINT('',(2.985070168853,-7.510529177014,40.));
#4798 = VECTOR('',#4799,1.);
#4799 = DIRECTION('',(-0.,-0.,-1.));
#4800 = ORIENTED_EDGE('',*,*,#4801,.T.);
#4801 = EDGE_CURVE('',#4794,#4770,#4802,.T.);
#4802 = LINE('',#4803,#4804);
#4803 = CARTESIAN_POINT('',(2.985070168853,-7.510529177014,38.));
#4804 = VECTOR('',#4805,1.);
#4805 = DIRECTION('',(-1.,0.,0.));
#4806 = ORIENTED_EDGE('',*,*,#4769,.F.);
#4807 = ORIENTED_EDGE('',*,*,#1000,.F.);
#4808 = PLANE('',#4809);
#4809 = AXIS2_PLACEMENT_3D('',#4810,#4811,#4812);
#4810 = CARTESIAN_POINT('',(2.985070168853,-7.510529177014,40.));
#4811 = DIRECTION('',(0.,1.,0.));
#4812 = DIRECTION('',(-1.,0.,0.));
#4813 = ADVANCED_FACE('',(#4814),#4832,.T.);
#4814 = FACE_BOUND('',#4815,.T.);
#4815 = EDGE_LOOP('',(#4816,#4824,#4830,#4831));
#4816 = ORIENTED_EDGE('',*,*,#4817,.T.);
#4817 = EDGE_CURVE('',#985,#4818,#4820,.T.);
#4818 = VERTEX_POINT('',#4819);
#4819 = CARTESIAN_POINT('',(2.985070168853,-6.15561203004,38.));
#4820 = LINE('',#4821,#4822);
#4821 = CARTESIAN_POINT('',(2.985070168853,-6.15561203004,40.));
#4822 = VECTOR('',#4823,1.);
#4823 = DIRECTION('',(-0.,-0.,-1.));
#4824 = ORIENTED_EDGE('',*,*,#4825,.T.);
#4825 = EDGE_CURVE('',#4818,#4794,#4826,.T.);
#4826 = LINE('',#4827,#4828);
#4827 = CARTESIAN_POINT('',(2.985070168853,-6.15561203004,38.));
#4828 = VECTOR('',#4829,1.);
#4829 = DIRECTION('',(0.,-1.,0.));
#4830 = ORIENTED_EDGE('',*,*,#4793,.F.);
#4831 = ORIENTED_EDGE('',*,*,#992,.F.);
#4832 = PLANE('',#4833);
#4833 = AXIS2_PLACEMENT_3D('',#4834,#4835,#4836);
#4834 = CARTESIAN_POINT('',(2.985070168853,-6.15561203004,40.));
#4835 = DIRECTION('',(-1.,0.,0.));
#4836 = DIRECTION('',(0.,-1.,0.));
#4837 = ADVANCED_FACE('',(#4838),#4856,.T.);
#4838 = FACE_BOUND('',#4839,.T.);
#4839 = EDGE_LOOP('',(#4840,#4848,#4854,#4855));
#4840 = ORIENTED_EDGE('',*,*,#4841,.T.);
#4841 = EDGE_CURVE('',#977,#4842,#4844,.T.);
#4842 = VERTEX_POINT('',#4843);
#4843 = CARTESIAN_POINT('',(3.014113756749,-5.979324205833,38.));
#4844 = LINE('',#4845,#4846);
#4845 = CARTESIAN_POINT('',(3.014113756749,-5.979324205833,40.));
#4846 = VECTOR('',#4847,1.);
#4847 = DIRECTION('',(-0.,-0.,-1.));
#4848 = ORIENTED_EDGE('',*,*,#4849,.T.);
#4849 = EDGE_CURVE('',#4842,#4818,#4850,.T.);
#4850 = B_SPLINE_CURVE_WITH_KNOTS('',2,(#4851,#4852,#4853),
  .UNSPECIFIED.,.F.,.F.,(3,3),(0.,1.),.PIECEWISE_BEZIER_KNOTS.);
#4851 = CARTESIAN_POINT('',(3.014113756749,-5.979324205833,38.));
#4852 = CARTESIAN_POINT('',(2.985070168853,-6.056053312461,38.));
#4853 = CARTESIAN_POINT('',(2.985070168853,-6.15561203004,38.));
#4854 = ORIENTED_EDGE('',*,*,#4817,.F.);
#4855 = ORIENTED_EDGE('',*,*,#984,.F.);
#4856 = SURFACE_OF_LINEAR_EXTRUSION('',#4857,#4861);
#4857 = B_SPLINE_CURVE_WITH_KNOTS('',2,(#4858,#4859,#4860),
  .UNSPECIFIED.,.F.,.F.,(3,3),(0.,1.),.PIECEWISE_BEZIER_KNOTS.);
#4858 = CARTESIAN_POINT('',(3.014113756749,-5.979324205833,40.));
#4859 = CARTESIAN_POINT('',(2.985070168853,-6.056053312461,40.));
#4860 = CARTESIAN_POINT('',(2.985070168853,-6.15561203004,40.));
#4861 = VECTOR('',#4862,1.);
#4862 = DIRECTION('',(0.,0.,1.));
#4863 = ADVANCED_FACE('',(#4864),#4882,.T.);
#4864 = FACE_BOUND('',#4865,.T.);
#4865 = EDGE_LOOP('',(#4866,#4874,#4880,#4881));
#4866 = ORIENTED_EDGE('',*,*,#4867,.T.);
#4867 = EDGE_CURVE('',#969,#4868,#4870,.T.);
#4868 = VERTEX_POINT('',#4869);
#4869 = CARTESIAN_POINT('',(3.09394985185,-5.851667505545,38.));
#4870 = LINE('',#4871,#4872);
#4871 = CARTESIAN_POINT('',(3.09394985185,-5.851667505545,40.));
#4872 = VECTOR('',#4873,1.);
#4873 = DIRECTION('',(-0.,-0.,-1.));
#4874 = ORIENTED_EDGE('',*,*,#4875,.T.);
#4875 = EDGE_CURVE('',#4868,#4842,#4876,.T.);
#4876 = B_SPLINE_CURVE_WITH_KNOTS('',2,(#4877,#4878,#4879),
  .UNSPECIFIED.,.F.,.F.,(3,3),(0.,1.),.PIECEWISE_BEZIER_KNOTS.);
#4877 = CARTESIAN_POINT('',(3.09394985185,-5.851667505545,38.));
#4878 = CARTESIAN_POINT('',(3.043157344645,-5.902460012749,38.));
#4879 = CARTESIAN_POINT('',(3.014113756749,-5.979324205833,38.));
#4880 = ORIENTED_EDGE('',*,*,#4841,.F.);
#4881 = ORIENTED_EDGE('',*,*,#976,.F.);
#4882 = SURFACE_OF_LINEAR_EXTRUSION('',#4883,#4887);
#4883 = B_SPLINE_CURVE_WITH_KNOTS('',2,(#4884,#4885,#4886),
  .UNSPECIFIED.,.F.,.F.,(3,3),(0.,1.),.PIECEWISE_BEZIER_KNOTS.);
#4884 = CARTESIAN_POINT('',(3.09394985185,-5.851667505545,40.));
#4885 = CARTESIAN_POINT('',(3.043157344645,-5.902460012749,40.));
#4886 = CARTESIAN_POINT('',(3.014113756749,-5.979324205833,40.));
#4887 = VECTOR('',#4888,1.);
#4888 = DIRECTION('',(0.,0.,1.));
#4889 = ADVANCED_FACE('',(#4890),#4908,.T.);
#4890 = FACE_BOUND('',#4891,.T.);
#4891 = EDGE_LOOP('',(#4892,#4900,#4906,#4907));
#4892 = ORIENTED_EDGE('',*,*,#4893,.T.);
#4893 = EDGE_CURVE('',#961,#4894,#4896,.T.);
#4894 = VERTEX_POINT('',#4895);
#4895 = CARTESIAN_POINT('',(3.212150500265,-5.773857707274,38.));
#4896 = LINE('',#4897,#4898);
#4897 = CARTESIAN_POINT('',(3.212150500265,-5.773857707274,40.));
#4898 = VECTOR('',#4899,1.);
#4899 = DIRECTION('',(-0.,-0.,-1.));
#4900 = ORIENTED_EDGE('',*,*,#4901,.T.);
#4901 = EDGE_CURVE('',#4894,#4868,#4902,.T.);
#4902 = B_SPLINE_CURVE_WITH_KNOTS('',2,(#4903,#4904,#4905),
  .UNSPECIFIED.,.F.,.F.,(3,3),(0.,1.),.PIECEWISE_BEZIER_KNOTS.);
#4903 = CARTESIAN_POINT('',(3.212150500265,-5.773857707274,38.));
#4904 = CARTESIAN_POINT('',(3.144742359054,-5.800739911885,38.));
#4905 = CARTESIAN_POINT('',(3.09394985185,-5.851667505545,38.));
#4906 = ORIENTED_EDGE('',*,*,#4867,.F.);
#4907 = ORIENTED_EDGE('',*,*,#968,.F.);
#4908 = SURFACE_OF_LINEAR_EXTRUSION('',#4909,#4913);
#4909 = B_SPLINE_CURVE_WITH_KNOTS('',2,(#4910,#4911,#4912),
  .UNSPECIFIED.,.F.,.F.,(3,3),(0.,1.),.PIECEWISE_BEZIER_KNOTS.);
#4910 = CARTESIAN_POINT('',(3.212150500265,-5.773857707274,40.));
#4911 = CARTESIAN_POINT('',(3.144742359054,-5.800739911885,40.));
#4912 = CARTESIAN_POINT('',(3.09394985185,-5.851667505545,40.));
#4913 = VECTOR('',#4914,1.);
#4914 = DIRECTION('',(0.,0.,1.));
#4915 = ADVANCED_FACE('',(#4916),#4934,.T.);
#4916 = FACE_BOUND('',#4917,.T.);
#4917 = EDGE_LOOP('',(#4918,#4926,#4932,#4933));
#4918 = ORIENTED_EDGE('',*,*,#4919,.T.);
#4919 = EDGE_CURVE('',#953,#4920,#4922,.T.);
#4920 = VERTEX_POINT('',#4921);
#4921 = CARTESIAN_POINT('',(3.358584217844,-5.746840416207,38.));
#4922 = LINE('',#4923,#4924);
#4923 = CARTESIAN_POINT('',(3.358584217844,-5.746840416207,40.));
#4924 = VECTOR('',#4925,1.);
#4925 = DIRECTION('',(-0.,-0.,-1.));
#4926 = ORIENTED_EDGE('',*,*,#4927,.T.);
#4927 = EDGE_CURVE('',#4920,#4894,#4928,.T.);
#4928 = B_SPLINE_CURVE_WITH_KNOTS('',2,(#4929,#4930,#4931),
  .UNSPECIFIED.,.F.,.F.,(3,3),(0.,1.),.PIECEWISE_BEZIER_KNOTS.);
#4929 = CARTESIAN_POINT('',(3.358584217844,-5.746840416207,38.));
#4930 = CARTESIAN_POINT('',(3.279693727931,-5.746840416207,38.));
#4931 = CARTESIAN_POINT('',(3.212150500265,-5.773857707274,38.));
#4932 = ORIENTED_EDGE('',*,*,#4893,.F.);
#4933 = ORIENTED_EDGE('',*,*,#960,.F.);
#4934 = SURFACE_OF_LINEAR_EXTRUSION('',#4935,#4939);
#4935 = B_SPLINE_CURVE_WITH_KNOTS('',2,(#4936,#4937,#4938),
  .UNSPECIFIED.,.F.,.F.,(3,3),(0.,1.),.PIECEWISE_BEZIER_KNOTS.);
#4936 = CARTESIAN_POINT('',(3.358584217844,-5.746840416207,40.));
#4937 = CARTESIAN_POINT('',(3.279693727931,-5.746840416207,40.));
#4938 = CARTESIAN_POINT('',(3.212150500265,-5.773857707274,40.));
#4939 = VECTOR('',#4940,1.);
#4940 = DIRECTION('',(0.,0.,1.));
#4941 = ADVANCED_FACE('',(#4942),#4960,.T.);
#4942 = FACE_BOUND('',#4943,.T.);
#4943 = EDGE_LOOP('',(#4944,#4952,#4958,#4959));
#4944 = ORIENTED_EDGE('',*,*,#4945,.T.);
#4945 = EDGE_CURVE('',#945,#4946,#4948,.T.);
#4946 = VERTEX_POINT('',#4947);
#4947 = CARTESIAN_POINT('',(3.619841422455,-5.849641208715,38.));
#4948 = LINE('',#4949,#4950);
#4949 = CARTESIAN_POINT('',(3.619841422455,-5.849641208715,40.));
#4950 = VECTOR('',#4951,1.);
#4951 = DIRECTION('',(-0.,-0.,-1.));
#4952 = ORIENTED_EDGE('',*,*,#4953,.T.);
#4953 = EDGE_CURVE('',#4946,#4920,#4954,.T.);
#4954 = B_SPLINE_CURVE_WITH_KNOTS('',2,(#4955,#4956,#4957),
  .UNSPECIFIED.,.F.,.F.,(3,3),(0.,1.),.PIECEWISE_BEZIER_KNOTS.);
#4955 = CARTESIAN_POINT('',(3.619841422455,-5.849641208715,38.));
#4956 = CARTESIAN_POINT('',(3.530684361936,-5.746840416207,38.));
#4957 = CARTESIAN_POINT('',(3.358584217844,-5.746840416207,38.));
#4958 = ORIENTED_EDGE('',*,*,#4919,.F.);
#4959 = ORIENTED_EDGE('',*,*,#952,.F.);
#4960 = SURFACE_OF_LINEAR_EXTRUSION('',#4961,#4965);
#4961 = B_SPLINE_CURVE_WITH_KNOTS('',2,(#4962,#4963,#4964),
  .UNSPECIFIED.,.F.,.F.,(3,3),(0.,1.),.PIECEWISE_BEZIER_KNOTS.);
#4962 = CARTESIAN_POINT('',(3.619841422455,-5.849641208715,40.));
#4963 = CARTESIAN_POINT('',(3.530684361936,-5.746840416207,40.));
#4964 = CARTESIAN_POINT('',(3.358584217844,-5.746840416207,40.));
#4965 = VECTOR('',#4966,1.);
#4966 = DIRECTION('',(0.,0.,1.));
#4967 = ADVANCED_FACE('',(#4968),#4986,.T.);
#4968 = FACE_BOUND('',#4969,.T.);
#4969 = EDGE_LOOP('',(#4970,#4978,#4984,#4985));
#4970 = ORIENTED_EDGE('',*,*,#4971,.T.);
#4971 = EDGE_CURVE('',#937,#4972,#4974,.T.);
#4972 = VERTEX_POINT('',#4973);
#4973 = CARTESIAN_POINT('',(3.709133569429,-6.15561203004,38.));
#4974 = LINE('',#4975,#4976);
#4975 = CARTESIAN_POINT('',(3.709133569429,-6.15561203004,40.));
#4976 = VECTOR('',#4977,1.);
#4977 = DIRECTION('',(-0.,-0.,-1.));
#4978 = ORIENTED_EDGE('',*,*,#4979,.T.);
#4979 = EDGE_CURVE('',#4972,#4946,#4980,.T.);
#4980 = B_SPLINE_CURVE_WITH_KNOTS('',2,(#4981,#4982,#4983),
  .UNSPECIFIED.,.F.,.F.,(3,3),(0.,1.),.PIECEWISE_BEZIER_KNOTS.);
#4981 = CARTESIAN_POINT('',(3.709133569429,-6.15561203004,38.));
#4982 = CARTESIAN_POINT('',(3.709133569429,-5.952306914767,38.));
#4983 = CARTESIAN_POINT('',(3.619841422455,-5.849641208715,38.));
#4984 = ORIENTED_EDGE('',*,*,#4945,.F.);
#4985 = ORIENTED_EDGE('',*,*,#944,.F.);
#4986 = SURFACE_OF_LINEAR_EXTRUSION('',#4987,#4991);
#4987 = B_SPLINE_CURVE_WITH_KNOTS('',2,(#4988,#4989,#4990),
  .UNSPECIFIED.,.F.,.F.,(3,3),(0.,1.),.PIECEWISE_BEZIER_KNOTS.);
#4988 = CARTESIAN_POINT('',(3.709133569429,-6.15561203004,40.));
#4989 = CARTESIAN_POINT('',(3.709133569429,-5.952306914767,40.));
#4990 = CARTESIAN_POINT('',(3.619841422455,-5.849641208715,40.));
#4991 = VECTOR('',#4992,1.);
#4992 = DIRECTION('',(0.,0.,1.));
#4993 = ADVANCED_FACE('',(#4994),#5012,.T.);
#4994 = FACE_BOUND('',#4995,.T.);
#4995 = EDGE_LOOP('',(#4996,#5004,#5010,#5011));
#4996 = ORIENTED_EDGE('',*,*,#4997,.T.);
#4997 = EDGE_CURVE('',#929,#4998,#5000,.T.);
#4998 = VERTEX_POINT('',#4999);
#4999 = CARTESIAN_POINT('',(3.709133569429,-7.510529177014,38.));
#5000 = LINE('',#5001,#5002);
#5001 = CARTESIAN_POINT('',(3.709133569429,-7.510529177014,40.));
#5002 = VECTOR('',#5003,1.);
#5003 = DIRECTION('',(-0.,-0.,-1.));
#5004 = ORIENTED_EDGE('',*,*,#5005,.T.);
#5005 = EDGE_CURVE('',#4998,#4972,#5006,.T.);
#5006 = LINE('',#5007,#5008);
#5007 = CARTESIAN_POINT('',(3.709133569429,-7.510529177014,38.));
#5008 = VECTOR('',#5009,1.);
#5009 = DIRECTION('',(0.,1.,0.));
#5010 = ORIENTED_EDGE('',*,*,#4971,.F.);
#5011 = ORIENTED_EDGE('',*,*,#936,.F.);
#5012 = PLANE('',#5013);
#5013 = AXIS2_PLACEMENT_3D('',#5014,#5015,#5016);
#5014 = CARTESIAN_POINT('',(3.709133569429,-7.510529177014,40.));
#5015 = DIRECTION('',(1.,0.,0.));
#5016 = DIRECTION('',(0.,1.,0.));
#5017 = ADVANCED_FACE('',(#5018),#5036,.T.);
#5018 = FACE_BOUND('',#5019,.T.);
#5019 = EDGE_LOOP('',(#5020,#5028,#5034,#5035));
#5020 = ORIENTED_EDGE('',*,*,#5021,.T.);
#5021 = EDGE_CURVE('',#921,#5022,#5024,.T.);
#5022 = VERTEX_POINT('',#5023);
#5023 = CARTESIAN_POINT('',(4.221651580956,-7.510529177014,38.));
#5024 = LINE('',#5025,#5026);
#5025 = CARTESIAN_POINT('',(4.221651580956,-7.510529177014,40.));
#5026 = VECTOR('',#5027,1.);
#5027 = DIRECTION('',(-0.,-0.,-1.));
#5028 = ORIENTED_EDGE('',*,*,#5029,.T.);
#5029 = EDGE_CURVE('',#5022,#4998,#5030,.T.);
#5030 = LINE('',#5031,#5032);
#5031 = CARTESIAN_POINT('',(4.221651580956,-7.510529177014,38.));
#5032 = VECTOR('',#5033,1.);
#5033 = DIRECTION('',(-1.,0.,0.));
#5034 = ORIENTED_EDGE('',*,*,#4997,.F.);
#5035 = ORIENTED_EDGE('',*,*,#928,.F.);
#5036 = PLANE('',#5037);
#5037 = AXIS2_PLACEMENT_3D('',#5038,#5039,#5040);
#5038 = CARTESIAN_POINT('',(4.221651580956,-7.510529177014,40.));
#5039 = DIRECTION('',(0.,1.,0.));
#5040 = DIRECTION('',(-1.,0.,0.));
#5041 = ADVANCED_FACE('',(#5042),#5060,.T.);
#5042 = FACE_BOUND('',#5043,.T.);
#5043 = EDGE_LOOP('',(#5044,#5052,#5058,#5059));
#5044 = ORIENTED_EDGE('',*,*,#5045,.T.);
#5045 = EDGE_CURVE('',#913,#5046,#5048,.T.);
#5046 = VERTEX_POINT('',#5047);
#5047 = CARTESIAN_POINT('',(4.221651580956,-6.156017289406,38.));
#5048 = LINE('',#5049,#5050);
#5049 = CARTESIAN_POINT('',(4.221651580956,-6.156017289406,40.));
#5050 = VECTOR('',#5051,1.);
#5051 = DIRECTION('',(-0.,-0.,-1.));
#5052 = ORIENTED_EDGE('',*,*,#5053,.T.);
#5053 = EDGE_CURVE('',#5046,#5022,#5054,.T.);
#5054 = LINE('',#5055,#5056);
#5055 = CARTESIAN_POINT('',(4.221651580956,-6.156017289406,38.));
#5056 = VECTOR('',#5057,1.);
#5057 = DIRECTION('',(0.,-1.,0.));
#5058 = ORIENTED_EDGE('',*,*,#5021,.F.);
#5059 = ORIENTED_EDGE('',*,*,#920,.F.);
#5060 = PLANE('',#5061);
#5061 = AXIS2_PLACEMENT_3D('',#5062,#5063,#5064);
#5062 = CARTESIAN_POINT('',(4.221651580956,-6.156017289406,40.));
#5063 = DIRECTION('',(-1.,0.,0.));
#5064 = DIRECTION('',(0.,-1.,0.));
#5065 = ADVANCED_FACE('',(#5066),#5084,.T.);
#5066 = FACE_BOUND('',#5067,.T.);
#5067 = EDGE_LOOP('',(#5068,#5076,#5082,#5083));
#5068 = ORIENTED_EDGE('',*,*,#5069,.T.);
#5069 = EDGE_CURVE('',#905,#5070,#5072,.T.);
#5070 = VERTEX_POINT('',#5071);
#5071 = CARTESIAN_POINT('',(4.172885370582,-5.813843298052,38.));
#5072 = LINE('',#5073,#5074);
#5073 = CARTESIAN_POINT('',(4.172885370582,-5.813843298052,40.));
#5074 = VECTOR('',#5075,1.);
#5075 = DIRECTION('',(-0.,-0.,-1.));
#5076 = ORIENTED_EDGE('',*,*,#5077,.T.);
#5077 = EDGE_CURVE('',#5070,#5046,#5078,.T.);
#5078 = B_SPLINE_CURVE_WITH_KNOTS('',2,(#5079,#5080,#5081),
  .UNSPECIFIED.,.F.,.F.,(3,3),(0.,1.),.PIECEWISE_BEZIER_KNOTS.);
#5079 = CARTESIAN_POINT('',(4.172885370582,-5.813843298052,38.));
#5080 = CARTESIAN_POINT('',(4.221651580956,-5.963113831193,38.));
#5081 = CARTESIAN_POINT('',(4.221651580956,-6.156017289406,38.));
#5082 = ORIENTED_EDGE('',*,*,#5045,.F.);
#5083 = ORIENTED_EDGE('',*,*,#912,.F.);
#5084 = SURFACE_OF_LINEAR_EXTRUSION('',#5085,#5089);
#5085 = B_SPLINE_CURVE_WITH_KNOTS('',2,(#5086,#5087,#5088),
  .UNSPECIFIED.,.F.,.F.,(3,3),(0.,1.),.PIECEWISE_BEZIER_KNOTS.);
#5086 = CARTESIAN_POINT('',(4.172885370582,-5.813843298052,40.));
#5087 = CARTESIAN_POINT('',(4.221651580956,-5.963113831193,40.));
#5088 = CARTESIAN_POINT('',(4.221651580956,-6.156017289406,40.));
#5089 = VECTOR('',#5090,1.);
#5090 = DIRECTION('',(0.,0.,1.));
#5091 = ADVANCED_FACE('',(#5092),#5110,.T.);
#5092 = FACE_BOUND('',#5093,.T.);
#5093 = EDGE_LOOP('',(#5094,#5102,#5108,#5109));
#5094 = ORIENTED_EDGE('',*,*,#5095,.T.);
#5095 = EDGE_CURVE('',#897,#5096,#5098,.T.);
#5096 = VERTEX_POINT('',#5097);
#5097 = CARTESIAN_POINT('',(4.030774419573,-5.560691280761,38.));
#5098 = LINE('',#5099,#5100);
#5099 = CARTESIAN_POINT('',(4.030774419573,-5.560691280761,40.));
#5100 = VECTOR('',#5101,1.);
#5101 = DIRECTION('',(-0.,-0.,-1.));
#5102 = ORIENTED_EDGE('',*,*,#5103,.T.);
#5103 = EDGE_CURVE('',#5096,#5070,#5104,.T.);
#5104 = B_SPLINE_CURVE_WITH_KNOTS('',2,(#5105,#5106,#5107),
  .UNSPECIFIED.,.F.,.F.,(3,3),(0.,1.),.PIECEWISE_BEZIER_KNOTS.);
#5105 = CARTESIAN_POINT('',(4.030774419573,-5.560691280761,38.));
#5106 = CARTESIAN_POINT('',(4.124119160207,-5.664437678455,38.));
#5107 = CARTESIAN_POINT('',(4.172885370582,-5.813843298052,38.));
#5108 = ORIENTED_EDGE('',*,*,#5069,.F.);
#5109 = ORIENTED_EDGE('',*,*,#904,.F.);
#5110 = SURFACE_OF_LINEAR_EXTRUSION('',#5111,#5115);
#5111 = B_SPLINE_CURVE_WITH_KNOTS('',2,(#5112,#5113,#5114),
  .UNSPECIFIED.,.F.,.F.,(3,3),(0.,1.),.PIECEWISE_BEZIER_KNOTS.);
#5112 = CARTESIAN_POINT('',(4.030774419573,-5.560691280761,40.));
#5113 = CARTESIAN_POINT('',(4.124119160207,-5.664437678455,40.));
#5114 = CARTESIAN_POINT('',(4.172885370582,-5.813843298052,40.));
#5115 = VECTOR('',#5116,1.);
#5116 = DIRECTION('',(0.,0.,1.));
#5117 = ADVANCED_FACE('',(#5118),#5136,.T.);
#5118 = FACE_BOUND('',#5119,.T.);
#5119 = EDGE_LOOP('',(#5120,#5128,#5134,#5135));
#5120 = ORIENTED_EDGE('',*,*,#5121,.T.);
#5121 = EDGE_CURVE('',#889,#5122,#5124,.T.);
#5122 = VERTEX_POINT('',#5123);
#5123 = CARTESIAN_POINT('',(3.800452013233,-5.403045387389,38.));
#5124 = LINE('',#5125,#5126);
#5125 = CARTESIAN_POINT('',(3.800452013233,-5.403045387389,40.));
#5126 = VECTOR('',#5127,1.);
#5127 = DIRECTION('',(-0.,-0.,-1.));
#5128 = ORIENTED_EDGE('',*,*,#5129,.T.);
#5129 = EDGE_CURVE('',#5122,#5096,#5130,.T.);
#5130 = B_SPLINE_CURVE_WITH_KNOTS('',2,(#5131,#5132,#5133),
  .UNSPECIFIED.,.F.,.F.,(3,3),(0.,1.),.PIECEWISE_BEZIER_KNOTS.);
#5131 = CARTESIAN_POINT('',(3.800452013233,-5.403045387389,38.));
#5132 = CARTESIAN_POINT('',(3.937429678939,-5.456944883066,38.));
#5133 = CARTESIAN_POINT('',(4.030774419573,-5.560691280761,38.));
#5134 = ORIENTED_EDGE('',*,*,#5095,.F.);
#5135 = ORIENTED_EDGE('',*,*,#896,.F.);
#5136 = SURFACE_OF_LINEAR_EXTRUSION('',#5137,#5141);
#5137 = B_SPLINE_CURVE_WITH_KNOTS('',2,(#5138,#5139,#5140),
  .UNSPECIFIED.,.F.,.F.,(3,3),(0.,1.),.PIECEWISE_BEZIER_KNOTS.);
#5138 = CARTESIAN_POINT('',(3.800452013233,-5.403045387389,40.));
#5139 = CARTESIAN_POINT('',(3.937429678939,-5.456944883066,40.));
#5140 = CARTESIAN_POINT('',(4.030774419573,-5.560691280761,40.));
#5141 = VECTOR('',#5142,1.);
#5142 = DIRECTION('',(0.,0.,1.));
#5143 = ADVANCED_FACE('',(#5144),#5162,.T.);
#5144 = FACE_BOUND('',#5145,.T.);
#5145 = EDGE_LOOP('',(#5146,#5154,#5160,#5161));
#5146 = ORIENTED_EDGE('',*,*,#5147,.T.);
#5147 = EDGE_CURVE('',#881,#5148,#5150,.T.);
#5148 = VERTEX_POINT('',#5149);
#5149 = CARTESIAN_POINT('',(3.48718652332,-5.349145891712,38.));
#5150 = LINE('',#5151,#5152);
#5151 = CARTESIAN_POINT('',(3.48718652332,-5.349145891712,40.));
#5152 = VECTOR('',#5153,1.);
#5153 = DIRECTION('',(-0.,-0.,-1.));
#5154 = ORIENTED_EDGE('',*,*,#5155,.T.);
#5155 = EDGE_CURVE('',#5148,#5122,#5156,.T.);
#5156 = B_SPLINE_CURVE_WITH_KNOTS('',2,(#5157,#5158,#5159),
  .UNSPECIFIED.,.F.,.F.,(3,3),(0.,1.),.PIECEWISE_BEZIER_KNOTS.);
#5157 = CARTESIAN_POINT('',(3.48718652332,-5.349145891712,38.));
#5158 = CARTESIAN_POINT('',(3.663474347527,-5.349145891712,38.));
#5159 = CARTESIAN_POINT('',(3.800452013233,-5.403045387389,38.));
#5160 = ORIENTED_EDGE('',*,*,#5121,.F.);
#5161 = ORIENTED_EDGE('',*,*,#888,.F.);
#5162 = SURFACE_OF_LINEAR_EXTRUSION('',#5163,#5167);
#5163 = B_SPLINE_CURVE_WITH_KNOTS('',2,(#5164,#5165,#5166),
  .UNSPECIFIED.,.F.,.F.,(3,3),(0.,1.),.PIECEWISE_BEZIER_KNOTS.);
#5164 = CARTESIAN_POINT('',(3.48718652332,-5.349145891712,40.));
#5165 = CARTESIAN_POINT('',(3.663474347527,-5.349145891712,40.));
#5166 = CARTESIAN_POINT('',(3.800452013233,-5.403045387389,40.));
#5167 = VECTOR('',#5168,1.);
#5168 = DIRECTION('',(0.,0.,1.));
#5169 = ADVANCED_FACE('',(#5170),#5188,.T.);
#5170 = FACE_BOUND('',#5171,.T.);
#5171 = EDGE_LOOP('',(#5172,#5180,#5186,#5187));
#5172 = ORIENTED_EDGE('',*,*,#5173,.T.);
#5173 = EDGE_CURVE('',#873,#5174,#5176,.T.);
#5174 = VERTEX_POINT('',#5175);
#5175 = CARTESIAN_POINT('',(3.284827013233,-5.371975502663,38.));
#5176 = LINE('',#5177,#5178);
#5177 = CARTESIAN_POINT('',(3.284827013233,-5.371975502663,40.));
#5178 = VECTOR('',#5179,1.);
#5179 = DIRECTION('',(-0.,-0.,-1.));
#5180 = ORIENTED_EDGE('',*,*,#5181,.T.);
#5181 = EDGE_CURVE('',#5174,#5148,#5182,.T.);
#5182 = B_SPLINE_CURVE_WITH_KNOTS('',2,(#5183,#5184,#5185),
  .UNSPECIFIED.,.F.,.F.,(3,3),(0.,1.),.PIECEWISE_BEZIER_KNOTS.);
#5183 = CARTESIAN_POINT('',(3.284827013233,-5.371975502663,38.));
#5184 = CARTESIAN_POINT('',(3.385466422455,-5.349145891712,38.));
#5185 = CARTESIAN_POINT('',(3.48718652332,-5.349145891712,38.));
#5186 = ORIENTED_EDGE('',*,*,#5147,.F.);
#5187 = ORIENTED_EDGE('',*,*,#880,.F.);
#5188 = SURFACE_OF_LINEAR_EXTRUSION('',#5189,#5193);
#5189 = B_SPLINE_CURVE_WITH_KNOTS('',2,(#5190,#5191,#5192),
  .UNSPECIFIED.,.F.,.F.,(3,3),(0.,1.),.PIECEWISE_BEZIER_KNOTS.);
#5190 = CARTESIAN_POINT('',(3.284827013233,-5.371975502663,40.));
#5191 = CARTESIAN_POINT('',(3.385466422455,-5.349145891712,40.));
#5192 = CARTESIAN_POINT('',(3.48718652332,-5.349145891712,40.));
#5193 = VECTOR('',#5194,1.);
#5194 = DIRECTION('',(0.,0.,1.));
#5195 = ADVANCED_FACE('',(#5196),#5214,.T.);
#5196 = FACE_BOUND('',#5197,.T.);
#5197 = EDGE_LOOP('',(#5198,#5206,#5212,#5213));
#5198 = ORIENTED_EDGE('',*,*,#5199,.T.);
#5199 = EDGE_CURVE('',#865,#5200,#5202,.T.);
#5200 = VERTEX_POINT('',#5201);
#5201 = CARTESIAN_POINT('',(3.094895457037,-5.44235554589,38.));
#5202 = LINE('',#5203,#5204);
#5203 = CARTESIAN_POINT('',(3.094895457037,-5.44235554589,40.));
#5204 = VECTOR('',#5205,1.);
#5205 = DIRECTION('',(-0.,-0.,-1.));
#5206 = ORIENTED_EDGE('',*,*,#5207,.T.);
#5207 = EDGE_CURVE('',#5200,#5174,#5208,.T.);
#5208 = B_SPLINE_CURVE_WITH_KNOTS('',2,(#5209,#5210,#5211),
  .UNSPECIFIED.,.F.,.F.,(3,3),(0.,1.),.PIECEWISE_BEZIER_KNOTS.);
#5209 = CARTESIAN_POINT('',(3.094895457037,-5.44235554589,38.));
#5210 = CARTESIAN_POINT('',(3.184187604011,-5.394670027158,38.));
#5211 = CARTESIAN_POINT('',(3.284827013233,-5.371975502663,38.));
#5212 = ORIENTED_EDGE('',*,*,#5173,.F.);
#5213 = ORIENTED_EDGE('',*,*,#872,.F.);
#5214 = SURFACE_OF_LINEAR_EXTRUSION('',#5215,#5219);
#5215 = B_SPLINE_CURVE_WITH_KNOTS('',2,(#5216,#5217,#5218),
  .UNSPECIFIED.,.F.,.F.,(3,3),(0.,1.),.PIECEWISE_BEZIER_KNOTS.);
#5216 = CARTESIAN_POINT('',(3.094895457037,-5.44235554589,40.));
#5217 = CARTESIAN_POINT('',(3.184187604011,-5.394670027158,40.));
#5218 = CARTESIAN_POINT('',(3.284827013233,-5.371975502663,40.));
#5219 = VECTOR('',#5220,1.);
#5220 = DIRECTION('',(0.,0.,1.));
#5221 = ADVANCED_FACE('',(#5222),#5240,.T.);
#5222 = FACE_BOUND('',#5223,.T.);
#5223 = EDGE_LOOP('',(#5224,#5232,#5238,#5239));
#5224 = ORIENTED_EDGE('',*,*,#5225,.T.);
#5225 = EDGE_CURVE('',#857,#5226,#5228,.T.);
#5226 = VERTEX_POINT('',#5227);
#5227 = CARTESIAN_POINT('',(2.93103558672,-5.565689479608,38.));
#5228 = LINE('',#5229,#5230);
#5229 = CARTESIAN_POINT('',(2.93103558672,-5.565689479608,40.));
#5230 = VECTOR('',#5231,1.);
#5231 = DIRECTION('',(-0.,-0.,-1.));
#5232 = ORIENTED_EDGE('',*,*,#5233,.T.);
#5233 = EDGE_CURVE('',#5226,#5200,#5234,.T.);
#5234 = B_SPLINE_CURVE_WITH_KNOTS('',2,(#5235,#5236,#5237),
  .UNSPECIFIED.,.F.,.F.,(3,3),(0.,1.),.PIECEWISE_BEZIER_KNOTS.);
#5235 = CARTESIAN_POINT('',(2.93103558672,-5.565689479608,38.));
#5236 = CARTESIAN_POINT('',(3.005738396518,-5.490041064622,38.));
#5237 = CARTESIAN_POINT('',(3.094895457037,-5.44235554589,38.));
#5238 = ORIENTED_EDGE('',*,*,#5199,.F.);
#5239 = ORIENTED_EDGE('',*,*,#864,.F.);
#5240 = SURFACE_OF_LINEAR_EXTRUSION('',#5241,#5245);
#5241 = B_SPLINE_CURVE_WITH_KNOTS('',2,(#5242,#5243,#5244),
  .UNSPECIFIED.,.F.,.F.,(3,3),(0.,1.),.PIECEWISE_BEZIER_KNOTS.);
#5242 = CARTESIAN_POINT('',(2.93103558672,-5.565689479608,40.));
#5243 = CARTESIAN_POINT('',(3.005738396518,-5.490041064622,40.));
#5244 = CARTESIAN_POINT('',(3.094895457037,-5.44235554589,40.));
#5245 = VECTOR('',#5246,1.);
#5246 = DIRECTION('',(0.,0.,1.));
#5247 = ADVANCED_FACE('',(#5248),#5266,.T.);
#5248 = FACE_BOUND('',#5249,.T.);
#5249 = EDGE_LOOP('',(#5250,#5258,#5264,#5265));
#5250 = ORIENTED_EDGE('',*,*,#5251,.T.);
#5251 = EDGE_CURVE('',#849,#5252,#5254,.T.);
#5252 = VERTEX_POINT('',#5253);
#5253 = CARTESIAN_POINT('',(2.80662096136,-5.746840416207,38.));
#5254 = LINE('',#5255,#5256);
#5255 = CARTESIAN_POINT('',(2.80662096136,-5.746840416207,40.));
#5256 = VECTOR('',#5257,1.);
#5257 = DIRECTION('',(-0.,-0.,-1.));
#5258 = ORIENTED_EDGE('',*,*,#5259,.T.);
#5259 = EDGE_CURVE('',#5252,#5226,#5260,.T.);
#5260 = B_SPLINE_CURVE_WITH_KNOTS('',2,(#5261,#5262,#5263),
  .UNSPECIFIED.,.F.,.F.,(3,3),(0.,1.),.PIECEWISE_BEZIER_KNOTS.);
#5261 = CARTESIAN_POINT('',(2.80662096136,-5.746840416207,38.));
#5262 = CARTESIAN_POINT('',(2.856332776922,-5.641202808138,38.));
#5263 = CARTESIAN_POINT('',(2.93103558672,-5.565689479608,38.));
#5264 = ORIENTED_EDGE('',*,*,#5225,.F.);
#5265 = ORIENTED_EDGE('',*,*,#856,.F.);
#5266 = SURFACE_OF_LINEAR_EXTRUSION('',#5267,#5271);
#5267 = B_SPLINE_CURVE_WITH_KNOTS('',2,(#5268,#5269,#5270),
  .UNSPECIFIED.,.F.,.F.,(3,3),(0.,1.),.PIECEWISE_BEZIER_KNOTS.);
#5268 = CARTESIAN_POINT('',(2.80662096136,-5.746840416207,40.));
#5269 = CARTESIAN_POINT('',(2.856332776922,-5.641202808138,40.));
#5270 = CARTESIAN_POINT('',(2.93103558672,-5.565689479608,40.));
#5271 = VECTOR('',#5272,1.);
#5272 = DIRECTION('',(0.,0.,1.));
#5273 = ADVANCED_FACE('',(#5274),#5292,.T.);
#5274 = FACE_BOUND('',#5275,.T.);
#5275 = EDGE_LOOP('',(#5276,#5284,#5290,#5291));
#5276 = ORIENTED_EDGE('',*,*,#5277,.T.);
#5277 = EDGE_CURVE('',#841,#5278,#5280,.T.);
#5278 = VERTEX_POINT('',#5279);
#5279 = CARTESIAN_POINT('',(2.612636811504,-5.457890488254,38.));
#5280 = LINE('',#5281,#5282);
#5281 = CARTESIAN_POINT('',(2.612636811504,-5.457890488254,40.));
#5282 = VECTOR('',#5283,1.);
#5283 = DIRECTION('',(-0.,-0.,-1.));
#5284 = ORIENTED_EDGE('',*,*,#5285,.T.);
#5285 = EDGE_CURVE('',#5278,#5252,#5286,.T.);
#5286 = B_SPLINE_CURVE_WITH_KNOTS('',2,(#5287,#5288,#5289),
  .UNSPECIFIED.,.F.,.F.,(3,3),(0.,1.),.PIECEWISE_BEZIER_KNOTS.);
#5287 = CARTESIAN_POINT('',(2.612636811504,-5.457890488254,38.));
#5288 = CARTESIAN_POINT('',(2.742319808622,-5.566635084795,38.));
#5289 = CARTESIAN_POINT('',(2.80662096136,-5.746840416207,38.));
#5290 = ORIENTED_EDGE('',*,*,#5251,.F.);
#5291 = ORIENTED_EDGE('',*,*,#848,.F.);
#5292 = SURFACE_OF_LINEAR_EXTRUSION('',#5293,#5297);
#5293 = B_SPLINE_CURVE_WITH_KNOTS('',2,(#5294,#5295,#5296),
  .UNSPECIFIED.,.F.,.F.,(3,3),(0.,1.),.PIECEWISE_BEZIER_KNOTS.);
#5294 = CARTESIAN_POINT('',(2.612636811504,-5.457890488254,40.));
#5295 = CARTESIAN_POINT('',(2.742319808622,-5.566635084795,40.));
#5296 = CARTESIAN_POINT('',(2.80662096136,-5.746840416207,40.));
#5297 = VECTOR('',#5298,1.);
#5298 = DIRECTION('',(0.,0.,1.));
#5299 = ADVANCED_FACE('',(#5300),#5318,.T.);
#5300 = FACE_BOUND('',#5301,.T.);
#5301 = EDGE_LOOP('',(#5302,#5310,#5316,#5317));
#5302 = ORIENTED_EDGE('',*,*,#5303,.T.);
#5303 = EDGE_CURVE('',#833,#5304,#5306,.T.);
#5304 = VERTEX_POINT('',#5305);
#5305 = CARTESIAN_POINT('',(2.281674995942,-5.349145891712,38.));
#5306 = LINE('',#5307,#5308);
#5307 = CARTESIAN_POINT('',(2.281674995942,-5.349145891712,40.));
#5308 = VECTOR('',#5309,1.);
#5309 = DIRECTION('',(-0.,-0.,-1.));
#5310 = ORIENTED_EDGE('',*,*,#5311,.T.);
#5311 = EDGE_CURVE('',#5304,#5278,#5312,.T.);
#5312 = B_SPLINE_CURVE_WITH_KNOTS('',2,(#5313,#5314,#5315),
  .UNSPECIFIED.,.F.,.F.,(3,3),(0.,1.),.PIECEWISE_BEZIER_KNOTS.);
#5313 = CARTESIAN_POINT('',(2.281674995942,-5.349145891712,38.));
#5314 = CARTESIAN_POINT('',(2.482953814386,-5.349145891712,38.));
#5315 = CARTESIAN_POINT('',(2.612636811504,-5.457890488254,38.));
#5316 = ORIENTED_EDGE('',*,*,#5277,.F.);
#5317 = ORIENTED_EDGE('',*,*,#840,.F.);
#5318 = SURFACE_OF_LINEAR_EXTRUSION('',#5319,#5323);
#5319 = B_SPLINE_CURVE_WITH_KNOTS('',2,(#5320,#5321,#5322),
  .UNSPECIFIED.,.F.,.F.,(3,3),(0.,1.),.PIECEWISE_BEZIER_KNOTS.);
#5320 = CARTESIAN_POINT('',(2.281674995942,-5.349145891712,40.));
#5321 = CARTESIAN_POINT('',(2.482953814386,-5.349145891712,40.));
#5322 = CARTESIAN_POINT('',(2.612636811504,-5.457890488254,40.));
#5323 = VECTOR('',#5324,1.);
#5324 = DIRECTION('',(0.,0.,1.));
#5325 = ADVANCED_FACE('',(#5326),#5344,.T.);
#5326 = FACE_BOUND('',#5327,.T.);
#5327 = EDGE_LOOP('',(#5328,#5336,#5342,#5343));
#5328 = ORIENTED_EDGE('',*,*,#5329,.T.);
#5329 = EDGE_CURVE('',#825,#5330,#5332,.T.);
#5330 = VERTEX_POINT('',#5331);
#5331 = CARTESIAN_POINT('',(2.106197690467,-5.371029897475,38.));
#5332 = LINE('',#5333,#5334);
#5333 = CARTESIAN_POINT('',(2.106197690467,-5.371029897475,40.));
#5334 = VECTOR('',#5335,1.);
#5335 = DIRECTION('',(-0.,-0.,-1.));
#5336 = ORIENTED_EDGE('',*,*,#5337,.T.);
#5337 = EDGE_CURVE('',#5330,#5304,#5338,.T.);
#5338 = B_SPLINE_CURVE_WITH_KNOTS('',2,(#5339,#5340,#5341),
  .UNSPECIFIED.,.F.,.F.,(3,3),(0.,1.),.PIECEWISE_BEZIER_KNOTS.);
#5339 = CARTESIAN_POINT('',(2.106197690467,-5.371029897475,38.));
#5340 = CARTESIAN_POINT('',(2.186168872023,-5.349145891712,38.));
#5341 = CARTESIAN_POINT('',(2.281674995942,-5.349145891712,38.));
#5342 = ORIENTED_EDGE('',*,*,#5303,.F.);
#5343 = ORIENTED_EDGE('',*,*,#832,.F.);
#5344 = SURFACE_OF_LINEAR_EXTRUSION('',#5345,#5349);
#5345 = B_SPLINE_CURVE_WITH_KNOTS('',2,(#5346,#5347,#5348),
  .UNSPECIFIED.,.F.,.F.,(3,3),(0.,1.),.PIECEWISE_BEZIER_KNOTS.);
#5346 = CARTESIAN_POINT('',(2.106197690467,-5.371029897475,40.));
#5347 = CARTESIAN_POINT('',(2.186168872023,-5.349145891712,40.));
#5348 = CARTESIAN_POINT('',(2.281674995942,-5.349145891712,40.));
#5349 = VECTOR('',#5350,1.);
#5350 = DIRECTION('',(0.,0.,1.));
#5351 = ADVANCED_FACE('',(#5352),#5370,.T.);
#5352 = FACE_BOUND('',#5353,.T.);
#5353 = EDGE_LOOP('',(#5354,#5362,#5368,#5369));
#5354 = ORIENTED_EDGE('',*,*,#5355,.T.);
#5355 = EDGE_CURVE('',#817,#5356,#5358,.T.);
#5356 = VERTEX_POINT('',#5357);
#5357 = CARTESIAN_POINT('',(1.95679207087,-5.430467937821,38.));
#5358 = LINE('',#5359,#5360);
#5359 = CARTESIAN_POINT('',(1.95679207087,-5.430467937821,40.));
#5360 = VECTOR('',#5361,1.);
#5361 = DIRECTION('',(-0.,-0.,-1.));
#5362 = ORIENTED_EDGE('',*,*,#5363,.T.);
#5363 = EDGE_CURVE('',#5356,#5330,#5364,.T.);
#5364 = B_SPLINE_CURVE_WITH_KNOTS('',2,(#5365,#5366,#5367),
  .UNSPECIFIED.,.F.,.F.,(3,3),(0.,1.),.PIECEWISE_BEZIER_KNOTS.);
#5365 = CARTESIAN_POINT('',(1.95679207087,-5.430467937821,38.));
#5366 = CARTESIAN_POINT('',(2.026361595366,-5.392913903239,38.));
#5367 = CARTESIAN_POINT('',(2.106197690467,-5.371029897475,38.));
#5368 = ORIENTED_EDGE('',*,*,#5329,.F.);
#5369 = ORIENTED_EDGE('',*,*,#824,.F.);
#5370 = SURFACE_OF_LINEAR_EXTRUSION('',#5371,#5375);
#5371 = B_SPLINE_CURVE_WITH_KNOTS('',2,(#5372,#5373,#5374),
  .UNSPECIFIED.,.F.,.F.,(3,3),(0.,1.),.PIECEWISE_BEZIER_KNOTS.);
#5372 = CARTESIAN_POINT('',(1.95679207087,-5.430467937821,40.));
#5373 = CARTESIAN_POINT('',(2.026361595366,-5.392913903239,40.));
#5374 = CARTESIAN_POINT('',(2.106197690467,-5.371029897475,40.));
#5375 = VECTOR('',#5376,1.);
#5376 = DIRECTION('',(0.,0.,1.));
#5377 = ADVANCED_FACE('',(#5378),#5396,.T.);
#5378 = FACE_BOUND('',#5379,.T.);
#5379 = EDGE_LOOP('',(#5380,#5388,#5394,#5395));
#5380 = ORIENTED_EDGE('',*,*,#5381,.T.);
#5381 = EDGE_CURVE('',#809,#5382,#5384,.T.);
#5382 = VERTEX_POINT('',#5383);
#5383 = CARTESIAN_POINT('',(1.826163468565,-5.520030257706,38.));
#5384 = LINE('',#5385,#5386);
#5385 = CARTESIAN_POINT('',(1.826163468565,-5.520030257706,40.));
#5386 = VECTOR('',#5387,1.);
#5387 = DIRECTION('',(-0.,-0.,-1.));
#5388 = ORIENTED_EDGE('',*,*,#5389,.T.);
#5389 = EDGE_CURVE('',#5382,#5356,#5390,.T.);
#5390 = B_SPLINE_CURVE_WITH_KNOTS('',2,(#5391,#5392,#5393),
  .UNSPECIFIED.,.F.,.F.,(3,3),(0.,1.),.PIECEWISE_BEZIER_KNOTS.);
#5391 = CARTESIAN_POINT('',(1.826163468565,-5.520030257706,38.));
#5392 = CARTESIAN_POINT('',(1.88735763283,-5.467886885948,38.));
#5393 = CARTESIAN_POINT('',(1.95679207087,-5.430467937821,38.));
#5394 = ORIENTED_EDGE('',*,*,#5355,.F.);
#5395 = ORIENTED_EDGE('',*,*,#816,.F.);
#5396 = SURFACE_OF_LINEAR_EXTRUSION('',#5397,#5401);
#5397 = B_SPLINE_CURVE_WITH_KNOTS('',2,(#5398,#5399,#5400),
  .UNSPECIFIED.,.F.,.F.,(3,3),(0.,1.),.PIECEWISE_BEZIER_KNOTS.);
#5398 = CARTESIAN_POINT('',(1.826163468565,-5.520030257706,40.));
#5399 = CARTESIAN_POINT('',(1.88735763283,-5.467886885948,40.));
#5400 = CARTESIAN_POINT('',(1.95679207087,-5.430467937821,40.));
#5401 = VECTOR('',#5402,1.);
#5402 = DIRECTION('',(0.,0.,1.));
#5403 = ADVANCED_FACE('',(#5404),#5422,.T.);
#5404 = FACE_BOUND('',#5405,.T.);
#5405 = EDGE_LOOP('',(#5406,#5414,#5420,#5421));
#5406 = ORIENTED_EDGE('',*,*,#5407,.T.);
#5407 = EDGE_CURVE('',#801,#5408,#5410,.T.);
#5408 = VERTEX_POINT('',#5409);
#5409 = CARTESIAN_POINT('',(1.708908425337,-5.634583571827,38.));
#5410 = LINE('',#5411,#5412);
#5411 = CARTESIAN_POINT('',(1.708908425337,-5.634583571827,40.));
#5412 = VECTOR('',#5413,1.);
#5413 = DIRECTION('',(-0.,-0.,-1.));
#5414 = ORIENTED_EDGE('',*,*,#5415,.T.);
#5415 = EDGE_CURVE('',#5408,#5382,#5416,.T.);
#5416 = B_SPLINE_CURVE_WITH_KNOTS('',2,(#5417,#5418,#5419),
  .UNSPECIFIED.,.F.,.F.,(3,3),(0.,1.),.PIECEWISE_BEZIER_KNOTS.);
#5417 = CARTESIAN_POINT('',(1.708908425337,-5.634583571827,38.));
#5418 = CARTESIAN_POINT('',(1.764969304299,-5.572038543009,38.));
#5419 = CARTESIAN_POINT('',(1.826163468565,-5.520030257706,38.));
#5420 = ORIENTED_EDGE('',*,*,#5381,.F.);
#5421 = ORIENTED_EDGE('',*,*,#808,.F.);
#5422 = SURFACE_OF_LINEAR_EXTRUSION('',#5423,#5427);
#5423 = B_SPLINE_CURVE_WITH_KNOTS('',2,(#5424,#5425,#5426),
  .UNSPECIFIED.,.F.,.F.,(3,3),(0.,1.),.PIECEWISE_BEZIER_KNOTS.);
#5424 = CARTESIAN_POINT('',(1.708908425337,-5.634583571827,40.));
#5425 = CARTESIAN_POINT('',(1.764969304299,-5.572038543009,40.));
#5426 = CARTESIAN_POINT('',(1.826163468565,-5.520030257706,40.));
#5427 = VECTOR('',#5428,1.);
#5428 = DIRECTION('',(0.,0.,1.));
#5429 = ADVANCED_FACE('',(#5430),#5448,.T.);
#5430 = FACE_BOUND('',#5431,.T.);
#5431 = EDGE_LOOP('',(#5432,#5440,#5446,#5447));
#5432 = ORIENTED_EDGE('',*,*,#5433,.T.);
#5433 = EDGE_CURVE('',#793,#5434,#5436,.T.);
#5434 = VERTEX_POINT('',#5435);
#5435 = CARTESIAN_POINT('',(1.675812243781,-5.477072764911,38.));
#5436 = LINE('',#5437,#5438);
#5437 = CARTESIAN_POINT('',(1.675812243781,-5.477072764911,40.));
#5438 = VECTOR('',#5439,1.);
#5439 = DIRECTION('',(-0.,-0.,-1.));
#5440 = ORIENTED_EDGE('',*,*,#5441,.T.);
#5441 = EDGE_CURVE('',#5434,#5408,#5442,.T.);
#5442 = LINE('',#5443,#5444);
#5443 = CARTESIAN_POINT('',(1.675812243781,-5.477072764911,38.));
#5444 = VECTOR('',#5445,1.);
#5445 = DIRECTION('',(0.205629772653,-0.978629856789,0.));
#5446 = ORIENTED_EDGE('',*,*,#5407,.F.);
#5447 = ORIENTED_EDGE('',*,*,#800,.F.);
#5448 = PLANE('',#5449);
#5449 = AXIS2_PLACEMENT_3D('',#5450,#5451,#5452);
#5450 = CARTESIAN_POINT('',(1.675812243781,-5.477072764911,40.));
#5451 = DIRECTION('',(-0.978629856789,-0.205629772653,0.));
#5452 = DIRECTION('',(0.205629772653,-0.978629856789,0.));
#5453 = ADVANCED_FACE('',(#5454),#5472,.T.);
#5454 = FACE_BOUND('',#5455,.T.);
#5455 = EDGE_LOOP('',(#5456,#5464,#5470,#5471));
#5456 = ORIENTED_EDGE('',*,*,#5457,.T.);
#5457 = EDGE_CURVE('',#785,#5458,#5460,.T.);
#5458 = VERTEX_POINT('',#5459);
#5459 = CARTESIAN_POINT('',(1.54504855502,-5.383728024277,38.));
#5460 = LINE('',#5461,#5462);
#5461 = CARTESIAN_POINT('',(1.54504855502,-5.383728024277,40.));
#5462 = VECTOR('',#5463,1.);
#5463 = DIRECTION('',(-0.,-0.,-1.));
#5464 = ORIENTED_EDGE('',*,*,#5465,.T.);
#5465 = EDGE_CURVE('',#5458,#5434,#5466,.T.);
#5466 = B_SPLINE_CURVE_WITH_KNOTS('',2,(#5467,#5468,#5469),
  .UNSPECIFIED.,.F.,.F.,(3,3),(0.,1.),.PIECEWISE_BEZIER_KNOTS.);
#5467 = CARTESIAN_POINT('',(1.54504855502,-5.383728024277,38.));
#5468 = CARTESIAN_POINT('',(1.644607272599,-5.383728024277,38.));
#5469 = CARTESIAN_POINT('',(1.675812243781,-5.477072764911,38.));
#5470 = ORIENTED_EDGE('',*,*,#5433,.F.);
#5471 = ORIENTED_EDGE('',*,*,#792,.F.);
#5472 = SURFACE_OF_LINEAR_EXTRUSION('',#5473,#5477);
#5473 = B_SPLINE_CURVE_WITH_KNOTS('',2,(#5474,#5475,#5476),
  .UNSPECIFIED.,.F.,.F.,(3,3),(0.,1.),.PIECEWISE_BEZIER_KNOTS.);
#5474 = CARTESIAN_POINT('',(1.54504855502,-5.383728024277,40.));
#5475 = CARTESIAN_POINT('',(1.644607272599,-5.383728024277,40.));
#5476 = CARTESIAN_POINT('',(1.675812243781,-5.477072764911,40.));
#5477 = VECTOR('',#5478,1.);
#5478 = DIRECTION('',(0.,0.,1.));
#5479 = ADVANCED_FACE('',(#5480),#5498,.T.);
#5480 = FACE_BOUND('',#5481,.T.);
#5481 = EDGE_LOOP('',(#5482,#5490,#5496,#5497));
#5482 = ORIENTED_EDGE('',*,*,#5483,.T.);
#5483 = EDGE_CURVE('',#777,#5484,#5486,.T.);
#5484 = VERTEX_POINT('',#5485);
#5485 = CARTESIAN_POINT('',(1.231783065106,-5.383728024277,38.));
#5486 = LINE('',#5487,#5488);
#5487 = CARTESIAN_POINT('',(1.231783065106,-5.383728024277,40.));
#5488 = VECTOR('',#5489,1.);
#5489 = DIRECTION('',(-0.,-0.,-1.));
#5490 = ORIENTED_EDGE('',*,*,#5491,.T.);
#5491 = EDGE_CURVE('',#5484,#5458,#5492,.T.);
#5492 = LINE('',#5493,#5494);
#5493 = CARTESIAN_POINT('',(1.231783065106,-5.383728024277,38.));
#5494 = VECTOR('',#5495,1.);
#5495 = DIRECTION('',(1.,0.,0.));
#5496 = ORIENTED_EDGE('',*,*,#5457,.F.);
#5497 = ORIENTED_EDGE('',*,*,#784,.F.);
#5498 = PLANE('',#5499);
#5499 = AXIS2_PLACEMENT_3D('',#5500,#5501,#5502);
#5500 = CARTESIAN_POINT('',(1.231783065106,-5.383728024277,40.));
#5501 = DIRECTION('',(0.,-1.,0.));
#5502 = DIRECTION('',(1.,0.,0.));
#5503 = ADVANCED_FACE('',(#5504),#5515,.T.);
#5504 = FACE_BOUND('',#5505,.T.);
#5505 = EDGE_LOOP('',(#5506,#5507,#5513,#5514));
#5506 = ORIENTED_EDGE('',*,*,#4626,.T.);
#5507 = ORIENTED_EDGE('',*,*,#5508,.T.);
#5508 = EDGE_CURVE('',#4619,#5484,#5509,.T.);
#5509 = LINE('',#5510,#5511);
#5510 = CARTESIAN_POINT('',(1.231783065106,-7.510529177014,38.));
#5511 = VECTOR('',#5512,1.);
#5512 = DIRECTION('',(0.,1.,0.));
#5513 = ORIENTED_EDGE('',*,*,#5483,.F.);
#5514 = ORIENTED_EDGE('',*,*,#776,.F.);
#5515 = PLANE('',#5516);
#5516 = AXIS2_PLACEMENT_3D('',#5517,#5518,#5519);
#5517 = CARTESIAN_POINT('',(1.231783065106,-7.510529177014,40.));
#5518 = DIRECTION('',(1.,0.,0.));
#5519 = DIRECTION('',(0.,1.,0.));
#5520 = ADVANCED_FACE('',(#5521),#5546,.T.);
#5521 = FACE_BOUND('',#5522,.T.);
#5522 = EDGE_LOOP('',(#5523,#5531,#5539,#5545));
#5523 = ORIENTED_EDGE('',*,*,#5524,.T.);
#5524 = EDGE_CURVE('',#1057,#5525,#5527,.T.);
#5525 = VERTEX_POINT('',#5526);
#5526 = CARTESIAN_POINT('',(5.236961379227,-7.510529177014,38.));
#5527 = LINE('',#5528,#5529);
#5528 = CARTESIAN_POINT('',(5.236961379227,-7.510529177014,40.));
#5529 = VECTOR('',#5530,1.);
#5530 = DIRECTION('',(-0.,-0.,-1.));
#5531 = ORIENTED_EDGE('',*,*,#5532,.T.);
#5532 = EDGE_CURVE('',#5525,#5533,#5535,.T.);
#5533 = VERTEX_POINT('',#5534);
#5534 = CARTESIAN_POINT('',(4.724578454155,-7.510529177014,38.));
#5535 = LINE('',#5536,#5537);
#5536 = CARTESIAN_POINT('',(5.236961379227,-7.510529177014,38.));
#5537 = VECTOR('',#5538,1.);
#5538 = DIRECTION('',(-1.,0.,0.));
#5539 = ORIENTED_EDGE('',*,*,#5540,.F.);
#5540 = EDGE_CURVE('',#1059,#5533,#5541,.T.);
#5541 = LINE('',#5542,#5543);
#5542 = CARTESIAN_POINT('',(4.724578454155,-7.510529177014,40.));
#5543 = VECTOR('',#5544,1.);
#5544 = DIRECTION('',(-0.,-0.,-1.));
#5545 = ORIENTED_EDGE('',*,*,#1056,.F.);
#5546 = PLANE('',#5547);
#5547 = AXIS2_PLACEMENT_3D('',#5548,#5549,#5550);
#5548 = CARTESIAN_POINT('',(5.236961379227,-7.510529177014,40.));
#5549 = DIRECTION('',(0.,1.,0.));
#5550 = DIRECTION('',(-1.,0.,0.));
#5551 = ADVANCED_FACE('',(#5552),#5570,.T.);
#5552 = FACE_BOUND('',#5553,.T.);
#5553 = EDGE_LOOP('',(#5554,#5562,#5568,#5569));
#5554 = ORIENTED_EDGE('',*,*,#5555,.T.);
#5555 = EDGE_CURVE('',#1331,#5556,#5558,.T.);
#5556 = VERTEX_POINT('',#5557);
#5557 = CARTESIAN_POINT('',(5.236961379227,-5.952712174133,38.));
#5558 = LINE('',#5559,#5560);
#5559 = CARTESIAN_POINT('',(5.236961379227,-5.952712174133,40.));
#5560 = VECTOR('',#5561,1.);
#5561 = DIRECTION('',(-0.,-0.,-1.));
#5562 = ORIENTED_EDGE('',*,*,#5563,.T.);
#5563 = EDGE_CURVE('',#5556,#5525,#5564,.T.);
#5564 = LINE('',#5565,#5566);
#5565 = CARTESIAN_POINT('',(5.236961379227,-5.952712174133,38.));
#5566 = VECTOR('',#5567,1.);
#5567 = DIRECTION('',(0.,-1.,0.));
#5568 = ORIENTED_EDGE('',*,*,#5524,.F.);
#5569 = ORIENTED_EDGE('',*,*,#1338,.F.);
#5570 = PLANE('',#5571);
#5571 = AXIS2_PLACEMENT_3D('',#5572,#5573,#5574);
#5572 = CARTESIAN_POINT('',(5.236961379227,-5.952712174133,40.));
#5573 = DIRECTION('',(-1.,0.,0.));
#5574 = DIRECTION('',(0.,-1.,0.));
#5575 = ADVANCED_FACE('',(#5576),#5594,.T.);
#5576 = FACE_BOUND('',#5577,.T.);
#5577 = EDGE_LOOP('',(#5578,#5586,#5592,#5593));
#5578 = ORIENTED_EDGE('',*,*,#5579,.T.);
#5579 = EDGE_CURVE('',#1323,#5580,#5582,.T.);
#5580 = VERTEX_POINT('',#5581);
#5581 = CARTESIAN_POINT('',(5.416491278363,-5.801955689983,38.));
#5582 = LINE('',#5583,#5584);
#5583 = CARTESIAN_POINT('',(5.416491278363,-5.801955689983,40.));
#5584 = VECTOR('',#5585,1.);
#5585 = DIRECTION('',(-0.,-0.,-1.));
#5586 = ORIENTED_EDGE('',*,*,#5587,.T.);
#5587 = EDGE_CURVE('',#5580,#5556,#5588,.T.);
#5588 = B_SPLINE_CURVE_WITH_KNOTS('',2,(#5589,#5590,#5591),
  .UNSPECIFIED.,.F.,.F.,(3,3),(0.,1.),.PIECEWISE_BEZIER_KNOTS.);
#5589 = CARTESIAN_POINT('',(5.416491278363,-5.801955689983,38.));
#5590 = CARTESIAN_POINT('',(5.320039549256,-5.857070963758,38.));
#5591 = CARTESIAN_POINT('',(5.236961379227,-5.952712174133,38.));
#5592 = ORIENTED_EDGE('',*,*,#5555,.F.);
#5593 = ORIENTED_EDGE('',*,*,#1330,.F.);
#5594 = SURFACE_OF_LINEAR_EXTRUSION('',#5595,#5599);
#5595 = B_SPLINE_CURVE_WITH_KNOTS('',2,(#5596,#5597,#5598),
  .UNSPECIFIED.,.F.,.F.,(3,3),(0.,1.),.PIECEWISE_BEZIER_KNOTS.);
#5596 = CARTESIAN_POINT('',(5.416491278363,-5.801955689983,40.));
#5597 = CARTESIAN_POINT('',(5.320039549256,-5.857070963758,40.));
#5598 = CARTESIAN_POINT('',(5.236961379227,-5.952712174133,40.));
#5599 = VECTOR('',#5600,1.);
#5600 = DIRECTION('',(0.,0.,1.));
#5601 = ADVANCED_FACE('',(#5602),#5620,.T.);
#5602 = FACE_BOUND('',#5603,.T.);
#5603 = EDGE_LOOP('',(#5604,#5612,#5618,#5619));
#5604 = ORIENTED_EDGE('',*,*,#5605,.T.);
#5605 = EDGE_CURVE('',#1315,#5606,#5608,.T.);
#5606 = VERTEX_POINT('',#5607);
#5607 = CARTESIAN_POINT('',(5.622903382109,-5.746840416207,38.));
#5608 = LINE('',#5609,#5610);
#5609 = CARTESIAN_POINT('',(5.622903382109,-5.746840416207,40.));
#5610 = VECTOR('',#5611,1.);
#5611 = DIRECTION('',(-0.,-0.,-1.));
#5612 = ORIENTED_EDGE('',*,*,#5613,.T.);
#5613 = EDGE_CURVE('',#5606,#5580,#5614,.T.);
#5614 = B_SPLINE_CURVE_WITH_KNOTS('',2,(#5615,#5616,#5617),
  .UNSPECIFIED.,.F.,.F.,(3,3),(0.,1.),.PIECEWISE_BEZIER_KNOTS.);
#5615 = CARTESIAN_POINT('',(5.622903382109,-5.746840416207,38.));
#5616 = CARTESIAN_POINT('',(5.512943007469,-5.746840416207,38.));
#5617 = CARTESIAN_POINT('',(5.416491278363,-5.801955689983,38.));
#5618 = ORIENTED_EDGE('',*,*,#5579,.F.);
#5619 = ORIENTED_EDGE('',*,*,#1322,.F.);
#5620 = SURFACE_OF_LINEAR_EXTRUSION('',#5621,#5625);
#5621 = B_SPLINE_CURVE_WITH_KNOTS('',2,(#5622,#5623,#5624),
  .UNSPECIFIED.,.F.,.F.,(3,3),(0.,1.),.PIECEWISE_BEZIER_KNOTS.);
#5622 = CARTESIAN_POINT('',(5.622903382109,-5.746840416207,40.));
#5623 = CARTESIAN_POINT('',(5.512943007469,-5.746840416207,40.));
#5624 = CARTESIAN_POINT('',(5.416491278363,-5.801955689983,40.));
#5625 = VECTOR('',#5626,1.);
#5626 = DIRECTION('',(0.,0.,1.));
#5627 = ADVANCED_FACE('',(#5628),#5646,.T.);
#5628 = FACE_BOUND('',#5629,.T.);
#5629 = EDGE_LOOP('',(#5630,#5638,#5644,#5645));
#5630 = ORIENTED_EDGE('',*,*,#5631,.T.);
#5631 = EDGE_CURVE('',#1307,#5632,#5634,.T.);
#5632 = VERTEX_POINT('',#5633);
#5633 = CARTESIAN_POINT('',(5.877136091043,-5.844372836957,38.));
#5634 = LINE('',#5635,#5636);
#5635 = CARTESIAN_POINT('',(5.877136091043,-5.844372836957,40.));
#5636 = VECTOR('',#5637,1.);
#5637 = DIRECTION('',(-0.,-0.,-1.));
#5638 = ORIENTED_EDGE('',*,*,#5639,.T.);
#5639 = EDGE_CURVE('',#5632,#5606,#5640,.T.);
#5640 = B_SPLINE_CURVE_WITH_KNOTS('',2,(#5641,#5642,#5643),
  .UNSPECIFIED.,.F.,.F.,(3,3),(0.,1.),.PIECEWISE_BEZIER_KNOTS.);
#5641 = CARTESIAN_POINT('',(5.877136091043,-5.844372836957,38.));
#5642 = CARTESIAN_POINT('',(5.791086018997,-5.746840416207,38.));
#5643 = CARTESIAN_POINT('',(5.622903382109,-5.746840416207,38.));
#5644 = ORIENTED_EDGE('',*,*,#5605,.F.);
#5645 = ORIENTED_EDGE('',*,*,#1314,.F.);
#5646 = SURFACE_OF_LINEAR_EXTRUSION('',#5647,#5651);
#5647 = B_SPLINE_CURVE_WITH_KNOTS('',2,(#5648,#5649,#5650),
  .UNSPECIFIED.,.F.,.F.,(3,3),(0.,1.),.PIECEWISE_BEZIER_KNOTS.);
#5648 = CARTESIAN_POINT('',(5.877136091043,-5.844372836957,40.));
#5649 = CARTESIAN_POINT('',(5.791086018997,-5.746840416207,40.));
#5650 = CARTESIAN_POINT('',(5.622903382109,-5.746840416207,40.));
#5651 = VECTOR('',#5652,1.);
#5652 = DIRECTION('',(0.,0.,1.));
#5653 = ADVANCED_FACE('',(#5654),#5672,.T.);
#5654 = FACE_BOUND('',#5655,.T.);
#5655 = EDGE_LOOP('',(#5656,#5664,#5670,#5671));
#5656 = ORIENTED_EDGE('',*,*,#5657,.T.);
#5657 = EDGE_CURVE('',#1299,#5658,#5660,.T.);
#5658 = VERTEX_POINT('',#5659);
#5659 = CARTESIAN_POINT('',(5.963186163089,-6.15561203004,38.));
#5660 = LINE('',#5661,#5662);
#5661 = CARTESIAN_POINT('',(5.963186163089,-6.15561203004,40.));
#5662 = VECTOR('',#5663,1.);
#5663 = DIRECTION('',(-0.,-0.,-1.));
#5664 = ORIENTED_EDGE('',*,*,#5665,.T.);
#5665 = EDGE_CURVE('',#5658,#5632,#5666,.T.);
#5666 = B_SPLINE_CURVE_WITH_KNOTS('',2,(#5667,#5668,#5669),
  .UNSPECIFIED.,.F.,.F.,(3,3),(0.,1.),.PIECEWISE_BEZIER_KNOTS.);
#5667 = CARTESIAN_POINT('',(5.963186163089,-6.15561203004,38.));
#5668 = CARTESIAN_POINT('',(5.963186163089,-5.941905257706,38.));
#5669 = CARTESIAN_POINT('',(5.877136091043,-5.844372836957,38.));
#5670 = ORIENTED_EDGE('',*,*,#5631,.F.);
#5671 = ORIENTED_EDGE('',*,*,#1306,.F.);
#5672 = SURFACE_OF_LINEAR_EXTRUSION('',#5673,#5677);
#5673 = B_SPLINE_CURVE_WITH_KNOTS('',2,(#5674,#5675,#5676),
  .UNSPECIFIED.,.F.,.F.,(3,3),(0.,1.),.PIECEWISE_BEZIER_KNOTS.);
#5674 = CARTESIAN_POINT('',(5.963186163089,-6.15561203004,40.));
#5675 = CARTESIAN_POINT('',(5.963186163089,-5.941905257706,40.));
#5676 = CARTESIAN_POINT('',(5.877136091043,-5.844372836957,40.));
#5677 = VECTOR('',#5678,1.);
#5678 = DIRECTION('',(0.,0.,1.));
#5679 = ADVANCED_FACE('',(#5680),#5698,.T.);
#5680 = FACE_BOUND('',#5681,.T.);
#5681 = EDGE_LOOP('',(#5682,#5690,#5696,#5697));
#5682 = ORIENTED_EDGE('',*,*,#5683,.T.);
#5683 = EDGE_CURVE('',#1291,#5684,#5686,.T.);
#5684 = VERTEX_POINT('',#5685);
#5685 = CARTESIAN_POINT('',(5.963186163089,-7.510529177014,38.));
#5686 = LINE('',#5687,#5688);
#5687 = CARTESIAN_POINT('',(5.963186163089,-7.510529177014,40.));
#5688 = VECTOR('',#5689,1.);
#5689 = DIRECTION('',(-0.,-0.,-1.));
#5690 = ORIENTED_EDGE('',*,*,#5691,.T.);
#5691 = EDGE_CURVE('',#5684,#5658,#5692,.T.);
#5692 = LINE('',#5693,#5694);
#5693 = CARTESIAN_POINT('',(5.963186163089,-7.510529177014,38.));
#5694 = VECTOR('',#5695,1.);
#5695 = DIRECTION('',(0.,1.,0.));
#5696 = ORIENTED_EDGE('',*,*,#5657,.F.);
#5697 = ORIENTED_EDGE('',*,*,#1298,.F.);
#5698 = PLANE('',#5699);
#5699 = AXIS2_PLACEMENT_3D('',#5700,#5701,#5702);
#5700 = CARTESIAN_POINT('',(5.963186163089,-7.510529177014,40.));
#5701 = DIRECTION('',(1.,0.,0.));
#5702 = DIRECTION('',(0.,1.,0.));
#5703 = ADVANCED_FACE('',(#5704),#5722,.T.);
#5704 = FACE_BOUND('',#5705,.T.);
#5705 = EDGE_LOOP('',(#5706,#5714,#5720,#5721));
#5706 = ORIENTED_EDGE('',*,*,#5707,.T.);
#5707 = EDGE_CURVE('',#1283,#5708,#5710,.T.);
#5708 = VERTEX_POINT('',#5709);
#5709 = CARTESIAN_POINT('',(6.477865557902,-7.510529177014,38.));
#5710 = LINE('',#5711,#5712);
#5711 = CARTESIAN_POINT('',(6.477865557902,-7.510529177014,40.));
#5712 = VECTOR('',#5713,1.);
#5713 = DIRECTION('',(-0.,-0.,-1.));
#5714 = ORIENTED_EDGE('',*,*,#5715,.T.);
#5715 = EDGE_CURVE('',#5708,#5684,#5716,.T.);
#5716 = LINE('',#5717,#5718);
#5717 = CARTESIAN_POINT('',(6.477865557902,-7.510529177014,38.));
#5718 = VECTOR('',#5719,1.);
#5719 = DIRECTION('',(-1.,0.,0.));
#5720 = ORIENTED_EDGE('',*,*,#5683,.F.);
#5721 = ORIENTED_EDGE('',*,*,#1290,.F.);
#5722 = PLANE('',#5723);
#5723 = AXIS2_PLACEMENT_3D('',#5724,#5725,#5726);
#5724 = CARTESIAN_POINT('',(6.477865557902,-7.510529177014,40.));
#5725 = DIRECTION('',(0.,1.,0.));
#5726 = DIRECTION('',(-1.,0.,0.));
#5727 = ADVANCED_FACE('',(#5728),#5746,.T.);
#5728 = FACE_BOUND('',#5729,.T.);
#5729 = EDGE_LOOP('',(#5730,#5738,#5744,#5745));
#5730 = ORIENTED_EDGE('',*,*,#5731,.T.);
#5731 = EDGE_CURVE('',#1275,#5732,#5734,.T.);
#5732 = VERTEX_POINT('',#5733);
#5733 = CARTESIAN_POINT('',(6.477865557902,-6.15561203004,38.));
#5734 = LINE('',#5735,#5736);
#5735 = CARTESIAN_POINT('',(6.477865557902,-6.15561203004,40.));
#5736 = VECTOR('',#5737,1.);
#5737 = DIRECTION('',(-0.,-0.,-1.));
#5738 = ORIENTED_EDGE('',*,*,#5739,.T.);
#5739 = EDGE_CURVE('',#5732,#5708,#5740,.T.);
#5740 = LINE('',#5741,#5742);
#5741 = CARTESIAN_POINT('',(6.477865557902,-6.15561203004,38.));
#5742 = VECTOR('',#5743,1.);
#5743 = DIRECTION('',(0.,-1.,0.));
#5744 = ORIENTED_EDGE('',*,*,#5707,.F.);
#5745 = ORIENTED_EDGE('',*,*,#1282,.F.);
#5746 = PLANE('',#5747);
#5747 = AXIS2_PLACEMENT_3D('',#5748,#5749,#5750);
#5748 = CARTESIAN_POINT('',(6.477865557902,-6.15561203004,40.));
#5749 = DIRECTION('',(-1.,0.,0.));
#5750 = DIRECTION('',(0.,-1.,0.));
#5751 = ADVANCED_FACE('',(#5752),#5770,.T.);
#5752 = FACE_BOUND('',#5753,.T.);
#5753 = EDGE_LOOP('',(#5754,#5762,#5768,#5769));
#5754 = ORIENTED_EDGE('',*,*,#5755,.T.);
#5755 = EDGE_CURVE('',#1267,#5756,#5758,.T.);
#5756 = VERTEX_POINT('',#5757);
#5757 = CARTESIAN_POINT('',(6.506909145798,-5.979324205833,38.));
#5758 = LINE('',#5759,#5760);
#5759 = CARTESIAN_POINT('',(6.506909145798,-5.979324205833,40.));
#5760 = VECTOR('',#5761,1.);
#5761 = DIRECTION('',(-0.,-0.,-1.));
#5762 = ORIENTED_EDGE('',*,*,#5763,.T.);
#5763 = EDGE_CURVE('',#5756,#5732,#5764,.T.);
#5764 = B_SPLINE_CURVE_WITH_KNOTS('',2,(#5765,#5766,#5767),
  .UNSPECIFIED.,.F.,.F.,(3,3),(0.,1.),.PIECEWISE_BEZIER_KNOTS.);
#5765 = CARTESIAN_POINT('',(6.506909145798,-5.979324205833,38.));
#5766 = CARTESIAN_POINT('',(6.477865557902,-6.056053312461,38.));
#5767 = CARTESIAN_POINT('',(6.477865557902,-6.15561203004,38.));
#5768 = ORIENTED_EDGE('',*,*,#5731,.F.);
#5769 = ORIENTED_EDGE('',*,*,#1274,.F.);
#5770 = SURFACE_OF_LINEAR_EXTRUSION('',#5771,#5775);
#5771 = B_SPLINE_CURVE_WITH_KNOTS('',2,(#5772,#5773,#5774),
  .UNSPECIFIED.,.F.,.F.,(3,3),(0.,1.),.PIECEWISE_BEZIER_KNOTS.);
#5772 = CARTESIAN_POINT('',(6.506909145798,-5.979324205833,40.));
#5773 = CARTESIAN_POINT('',(6.477865557902,-6.056053312461,40.));
#5774 = CARTESIAN_POINT('',(6.477865557902,-6.15561203004,40.));
#5775 = VECTOR('',#5776,1.);
#5776 = DIRECTION('',(0.,0.,1.));
#5777 = ADVANCED_FACE('',(#5778),#5796,.T.);
#5778 = FACE_BOUND('',#5779,.T.);
#5779 = EDGE_LOOP('',(#5780,#5788,#5794,#5795));
#5780 = ORIENTED_EDGE('',*,*,#5781,.T.);
#5781 = EDGE_CURVE('',#1259,#5782,#5784,.T.);
#5782 = VERTEX_POINT('',#5783);
#5783 = CARTESIAN_POINT('',(6.586745240899,-5.851667505545,38.));
#5784 = LINE('',#5785,#5786);
#5785 = CARTESIAN_POINT('',(6.586745240899,-5.851667505545,40.));
#5786 = VECTOR('',#5787,1.);
#5787 = DIRECTION('',(-0.,-0.,-1.));
#5788 = ORIENTED_EDGE('',*,*,#5789,.T.);
#5789 = EDGE_CURVE('',#5782,#5756,#5790,.T.);
#5790 = B_SPLINE_CURVE_WITH_KNOTS('',2,(#5791,#5792,#5793),
  .UNSPECIFIED.,.F.,.F.,(3,3),(0.,1.),.PIECEWISE_BEZIER_KNOTS.);
#5791 = CARTESIAN_POINT('',(6.586745240899,-5.851667505545,38.));
#5792 = CARTESIAN_POINT('',(6.535952733694,-5.902460012749,38.));
#5793 = CARTESIAN_POINT('',(6.506909145798,-5.979324205833,38.));
#5794 = ORIENTED_EDGE('',*,*,#5755,.F.);
#5795 = ORIENTED_EDGE('',*,*,#1266,.F.);
#5796 = SURFACE_OF_LINEAR_EXTRUSION('',#5797,#5801);
#5797 = B_SPLINE_CURVE_WITH_KNOTS('',2,(#5798,#5799,#5800),
  .UNSPECIFIED.,.F.,.F.,(3,3),(0.,1.),.PIECEWISE_BEZIER_KNOTS.);
#5798 = CARTESIAN_POINT('',(6.586745240899,-5.851667505545,40.));
#5799 = CARTESIAN_POINT('',(6.535952733694,-5.902460012749,40.));
#5800 = CARTESIAN_POINT('',(6.506909145798,-5.979324205833,40.));
#5801 = VECTOR('',#5802,1.);
#5802 = DIRECTION('',(0.,0.,1.));
#5803 = ADVANCED_FACE('',(#5804),#5822,.T.);
#5804 = FACE_BOUND('',#5805,.T.);
#5805 = EDGE_LOOP('',(#5806,#5814,#5820,#5821));
#5806 = ORIENTED_EDGE('',*,*,#5807,.T.);
#5807 = EDGE_CURVE('',#1251,#5808,#5810,.T.);
#5808 = VERTEX_POINT('',#5809);
#5809 = CARTESIAN_POINT('',(6.704945889314,-5.773857707274,38.));
#5810 = LINE('',#5811,#5812);
#5811 = CARTESIAN_POINT('',(6.704945889314,-5.773857707274,40.));
#5812 = VECTOR('',#5813,1.);
#5813 = DIRECTION('',(-0.,-0.,-1.));
#5814 = ORIENTED_EDGE('',*,*,#5815,.T.);
#5815 = EDGE_CURVE('',#5808,#5782,#5816,.T.);
#5816 = B_SPLINE_CURVE_WITH_KNOTS('',2,(#5817,#5818,#5819),
  .UNSPECIFIED.,.F.,.F.,(3,3),(0.,1.),.PIECEWISE_BEZIER_KNOTS.);
#5817 = CARTESIAN_POINT('',(6.704945889314,-5.773857707274,38.));
#5818 = CARTESIAN_POINT('',(6.637537748103,-5.800739911885,38.));
#5819 = CARTESIAN_POINT('',(6.586745240899,-5.851667505545,38.));
#5820 = ORIENTED_EDGE('',*,*,#5781,.F.);
#5821 = ORIENTED_EDGE('',*,*,#1258,.F.);
#5822 = SURFACE_OF_LINEAR_EXTRUSION('',#5823,#5827);
#5823 = B_SPLINE_CURVE_WITH_KNOTS('',2,(#5824,#5825,#5826),
  .UNSPECIFIED.,.F.,.F.,(3,3),(0.,1.),.PIECEWISE_BEZIER_KNOTS.);
#5824 = CARTESIAN_POINT('',(6.704945889314,-5.773857707274,40.));
#5825 = CARTESIAN_POINT('',(6.637537748103,-5.800739911885,40.));
#5826 = CARTESIAN_POINT('',(6.586745240899,-5.851667505545,40.));
#5827 = VECTOR('',#5828,1.);
#5828 = DIRECTION('',(0.,0.,1.));
#5829 = ADVANCED_FACE('',(#5830),#5848,.T.);
#5830 = FACE_BOUND('',#5831,.T.);
#5831 = EDGE_LOOP('',(#5832,#5840,#5846,#5847));
#5832 = ORIENTED_EDGE('',*,*,#5833,.T.);
#5833 = EDGE_CURVE('',#1243,#5834,#5836,.T.);
#5834 = VERTEX_POINT('',#5835);
#5835 = CARTESIAN_POINT('',(6.851379606893,-5.746840416207,38.));
#5836 = LINE('',#5837,#5838);
#5837 = CARTESIAN_POINT('',(6.851379606893,-5.746840416207,40.));
#5838 = VECTOR('',#5839,1.);
#5839 = DIRECTION('',(-0.,-0.,-1.));
#5840 = ORIENTED_EDGE('',*,*,#5841,.T.);
#5841 = EDGE_CURVE('',#5834,#5808,#5842,.T.);
#5842 = B_SPLINE_CURVE_WITH_KNOTS('',2,(#5843,#5844,#5845),
  .UNSPECIFIED.,.F.,.F.,(3,3),(0.,1.),.PIECEWISE_BEZIER_KNOTS.);
#5843 = CARTESIAN_POINT('',(6.851379606893,-5.746840416207,38.));
#5844 = CARTESIAN_POINT('',(6.77248911698,-5.746840416207,38.));
#5845 = CARTESIAN_POINT('',(6.704945889314,-5.773857707274,38.));
#5846 = ORIENTED_EDGE('',*,*,#5807,.F.);
#5847 = ORIENTED_EDGE('',*,*,#1250,.F.);
#5848 = SURFACE_OF_LINEAR_EXTRUSION('',#5849,#5853);
#5849 = B_SPLINE_CURVE_WITH_KNOTS('',2,(#5850,#5851,#5852),
  .UNSPECIFIED.,.F.,.F.,(3,3),(0.,1.),.PIECEWISE_BEZIER_KNOTS.);
#5850 = CARTESIAN_POINT('',(6.851379606893,-5.746840416207,40.));
#5851 = CARTESIAN_POINT('',(6.77248911698,-5.746840416207,40.));
#5852 = CARTESIAN_POINT('',(6.704945889314,-5.773857707274,40.));
#5853 = VECTOR('',#5854,1.);
#5854 = DIRECTION('',(0.,0.,1.));
#5855 = ADVANCED_FACE('',(#5856),#5874,.T.);
#5856 = FACE_BOUND('',#5857,.T.);
#5857 = EDGE_LOOP('',(#5858,#5866,#5872,#5873));
#5858 = ORIENTED_EDGE('',*,*,#5859,.T.);
#5859 = EDGE_CURVE('',#1235,#5860,#5862,.T.);
#5860 = VERTEX_POINT('',#5861);
#5861 = CARTESIAN_POINT('',(7.112636811504,-5.849641208715,38.));
#5862 = LINE('',#5863,#5864);
#5863 = CARTESIAN_POINT('',(7.112636811504,-5.849641208715,40.));
#5864 = VECTOR('',#5865,1.);
#5865 = DIRECTION('',(-0.,-0.,-1.));
#5866 = ORIENTED_EDGE('',*,*,#5867,.T.);
#5867 = EDGE_CURVE('',#5860,#5834,#5868,.T.);
#5868 = B_SPLINE_CURVE_WITH_KNOTS('',2,(#5869,#5870,#5871),
  .UNSPECIFIED.,.F.,.F.,(3,3),(0.,1.),.PIECEWISE_BEZIER_KNOTS.);
#5869 = CARTESIAN_POINT('',(7.112636811504,-5.849641208715,38.));
#5870 = CARTESIAN_POINT('',(7.023479750985,-5.746840416207,38.));
#5871 = CARTESIAN_POINT('',(6.851379606893,-5.746840416207,38.));
#5872 = ORIENTED_EDGE('',*,*,#5833,.F.);
#5873 = ORIENTED_EDGE('',*,*,#1242,.F.);
#5874 = SURFACE_OF_LINEAR_EXTRUSION('',#5875,#5879);
#5875 = B_SPLINE_CURVE_WITH_KNOTS('',2,(#5876,#5877,#5878),
  .UNSPECIFIED.,.F.,.F.,(3,3),(0.,1.),.PIECEWISE_BEZIER_KNOTS.);
#5876 = CARTESIAN_POINT('',(7.112636811504,-5.849641208715,40.));
#5877 = CARTESIAN_POINT('',(7.023479750985,-5.746840416207,40.));
#5878 = CARTESIAN_POINT('',(6.851379606893,-5.746840416207,40.));
#5879 = VECTOR('',#5880,1.);
#5880 = DIRECTION('',(0.,0.,1.));
#5881 = ADVANCED_FACE('',(#5882),#5900,.T.);
#5882 = FACE_BOUND('',#5883,.T.);
#5883 = EDGE_LOOP('',(#5884,#5892,#5898,#5899));
#5884 = ORIENTED_EDGE('',*,*,#5885,.T.);
#5885 = EDGE_CURVE('',#1227,#5886,#5888,.T.);
#5886 = VERTEX_POINT('',#5887);
#5887 = CARTESIAN_POINT('',(7.201928958478,-6.15561203004,38.));
#5888 = LINE('',#5889,#5890);
#5889 = CARTESIAN_POINT('',(7.201928958478,-6.15561203004,40.));
#5890 = VECTOR('',#5891,1.);
#5891 = DIRECTION('',(-0.,-0.,-1.));
#5892 = ORIENTED_EDGE('',*,*,#5893,.T.);
#5893 = EDGE_CURVE('',#5886,#5860,#5894,.T.);
#5894 = B_SPLINE_CURVE_WITH_KNOTS('',2,(#5895,#5896,#5897),
  .UNSPECIFIED.,.F.,.F.,(3,3),(0.,1.),.PIECEWISE_BEZIER_KNOTS.);
#5895 = CARTESIAN_POINT('',(7.201928958478,-6.15561203004,38.));
#5896 = CARTESIAN_POINT('',(7.201928958478,-5.952306914767,38.));
#5897 = CARTESIAN_POINT('',(7.112636811504,-5.849641208715,38.));
#5898 = ORIENTED_EDGE('',*,*,#5859,.F.);
#5899 = ORIENTED_EDGE('',*,*,#1234,.F.);
#5900 = SURFACE_OF_LINEAR_EXTRUSION('',#5901,#5905);
#5901 = B_SPLINE_CURVE_WITH_KNOTS('',2,(#5902,#5903,#5904),
  .UNSPECIFIED.,.F.,.F.,(3,3),(0.,1.),.PIECEWISE_BEZIER_KNOTS.);
#5902 = CARTESIAN_POINT('',(7.201928958478,-6.15561203004,40.));
#5903 = CARTESIAN_POINT('',(7.201928958478,-5.952306914767,40.));
#5904 = CARTESIAN_POINT('',(7.112636811504,-5.849641208715,40.));
#5905 = VECTOR('',#5906,1.);
#5906 = DIRECTION('',(0.,0.,1.));
#5907 = ADVANCED_FACE('',(#5908),#5926,.T.);
#5908 = FACE_BOUND('',#5909,.T.);
#5909 = EDGE_LOOP('',(#5910,#5918,#5924,#5925));
#5910 = ORIENTED_EDGE('',*,*,#5911,.T.);
#5911 = EDGE_CURVE('',#1219,#5912,#5914,.T.);
#5912 = VERTEX_POINT('',#5913);
#5913 = CARTESIAN_POINT('',(7.201928958478,-7.510529177014,38.));
#5914 = LINE('',#5915,#5916);
#5915 = CARTESIAN_POINT('',(7.201928958478,-7.510529177014,40.));
#5916 = VECTOR('',#5917,1.);
#5917 = DIRECTION('',(-0.,-0.,-1.));
#5918 = ORIENTED_EDGE('',*,*,#5919,.T.);
#5919 = EDGE_CURVE('',#5912,#5886,#5920,.T.);
#5920 = LINE('',#5921,#5922);
#5921 = CARTESIAN_POINT('',(7.201928958478,-7.510529177014,38.));
#5922 = VECTOR('',#5923,1.);
#5923 = DIRECTION('',(0.,1.,0.));
#5924 = ORIENTED_EDGE('',*,*,#5885,.F.);
#5925 = ORIENTED_EDGE('',*,*,#1226,.F.);
#5926 = PLANE('',#5927);
#5927 = AXIS2_PLACEMENT_3D('',#5928,#5929,#5930);
#5928 = CARTESIAN_POINT('',(7.201928958478,-7.510529177014,40.));
#5929 = DIRECTION('',(1.,0.,0.));
#5930 = DIRECTION('',(0.,1.,0.));
#5931 = ADVANCED_FACE('',(#5932),#5950,.T.);
#5932 = FACE_BOUND('',#5933,.T.);
#5933 = EDGE_LOOP('',(#5934,#5942,#5948,#5949));
#5934 = ORIENTED_EDGE('',*,*,#5935,.T.);
#5935 = EDGE_CURVE('',#1211,#5936,#5938,.T.);
#5936 = VERTEX_POINT('',#5937);
#5937 = CARTESIAN_POINT('',(7.714446970005,-7.510529177014,38.));
#5938 = LINE('',#5939,#5940);
#5939 = CARTESIAN_POINT('',(7.714446970005,-7.510529177014,40.));
#5940 = VECTOR('',#5941,1.);
#5941 = DIRECTION('',(-0.,-0.,-1.));
#5942 = ORIENTED_EDGE('',*,*,#5943,.T.);
#5943 = EDGE_CURVE('',#5936,#5912,#5944,.T.);
#5944 = LINE('',#5945,#5946);
#5945 = CARTESIAN_POINT('',(7.714446970005,-7.510529177014,38.));
#5946 = VECTOR('',#5947,1.);
#5947 = DIRECTION('',(-1.,0.,0.));
#5948 = ORIENTED_EDGE('',*,*,#5911,.F.);
#5949 = ORIENTED_EDGE('',*,*,#1218,.F.);
#5950 = PLANE('',#5951);
#5951 = AXIS2_PLACEMENT_3D('',#5952,#5953,#5954);
#5952 = CARTESIAN_POINT('',(7.714446970005,-7.510529177014,40.));
#5953 = DIRECTION('',(0.,1.,0.));
#5954 = DIRECTION('',(-1.,0.,0.));
#5955 = ADVANCED_FACE('',(#5956),#5974,.T.);
#5956 = FACE_BOUND('',#5957,.T.);
#5957 = EDGE_LOOP('',(#5958,#5966,#5972,#5973));
#5958 = ORIENTED_EDGE('',*,*,#5959,.T.);
#5959 = EDGE_CURVE('',#1203,#5960,#5962,.T.);
#5960 = VERTEX_POINT('',#5961);
#5961 = CARTESIAN_POINT('',(7.714446970005,-6.156017289406,38.));
#5962 = LINE('',#5963,#5964);
#5963 = CARTESIAN_POINT('',(7.714446970005,-6.156017289406,40.));
#5964 = VECTOR('',#5965,1.);
#5965 = DIRECTION('',(-0.,-0.,-1.));
#5966 = ORIENTED_EDGE('',*,*,#5967,.T.);
#5967 = EDGE_CURVE('',#5960,#5936,#5968,.T.);
#5968 = LINE('',#5969,#5970);
#5969 = CARTESIAN_POINT('',(7.714446970005,-6.156017289406,38.));
#5970 = VECTOR('',#5971,1.);
#5971 = DIRECTION('',(0.,-1.,0.));
#5972 = ORIENTED_EDGE('',*,*,#5935,.F.);
#5973 = ORIENTED_EDGE('',*,*,#1210,.F.);
#5974 = PLANE('',#5975);
#5975 = AXIS2_PLACEMENT_3D('',#5976,#5977,#5978);
#5976 = CARTESIAN_POINT('',(7.714446970005,-6.156017289406,40.));
#5977 = DIRECTION('',(-1.,0.,0.));
#5978 = DIRECTION('',(0.,-1.,0.));
#5979 = ADVANCED_FACE('',(#5980),#5998,.T.);
#5980 = FACE_BOUND('',#5981,.T.);
#5981 = EDGE_LOOP('',(#5982,#5990,#5996,#5997));
#5982 = ORIENTED_EDGE('',*,*,#5983,.T.);
#5983 = EDGE_CURVE('',#1195,#5984,#5986,.T.);
#5984 = VERTEX_POINT('',#5985);
#5985 = CARTESIAN_POINT('',(7.665680759631,-5.813843298052,38.));
#5986 = LINE('',#5987,#5988);
#5987 = CARTESIAN_POINT('',(7.665680759631,-5.813843298052,40.));
#5988 = VECTOR('',#5989,1.);
#5989 = DIRECTION('',(-0.,-0.,-1.));
#5990 = ORIENTED_EDGE('',*,*,#5991,.T.);
#5991 = EDGE_CURVE('',#5984,#5960,#5992,.T.);
#5992 = B_SPLINE_CURVE_WITH_KNOTS('',2,(#5993,#5994,#5995),
  .UNSPECIFIED.,.F.,.F.,(3,3),(0.,1.),.PIECEWISE_BEZIER_KNOTS.);
#5993 = CARTESIAN_POINT('',(7.665680759631,-5.813843298052,38.));
#5994 = CARTESIAN_POINT('',(7.714446970005,-5.963113831193,38.));
#5995 = CARTESIAN_POINT('',(7.714446970005,-6.156017289406,38.));
#5996 = ORIENTED_EDGE('',*,*,#5959,.F.);
#5997 = ORIENTED_EDGE('',*,*,#1202,.F.);
#5998 = SURFACE_OF_LINEAR_EXTRUSION('',#5999,#6003);
#5999 = B_SPLINE_CURVE_WITH_KNOTS('',2,(#6000,#6001,#6002),
  .UNSPECIFIED.,.F.,.F.,(3,3),(0.,1.),.PIECEWISE_BEZIER_KNOTS.);
#6000 = CARTESIAN_POINT('',(7.665680759631,-5.813843298052,40.));
#6001 = CARTESIAN_POINT('',(7.714446970005,-5.963113831193,40.));
#6002 = CARTESIAN_POINT('',(7.714446970005,-6.156017289406,40.));
#6003 = VECTOR('',#6004,1.);
#6004 = DIRECTION('',(0.,0.,1.));
#6005 = ADVANCED_FACE('',(#6006),#6024,.T.);
#6006 = FACE_BOUND('',#6007,.T.);
#6007 = EDGE_LOOP('',(#6008,#6016,#6022,#6023));
#6008 = ORIENTED_EDGE('',*,*,#6009,.T.);
#6009 = EDGE_CURVE('',#1187,#6010,#6012,.T.);
#6010 = VERTEX_POINT('',#6011);
#6011 = CARTESIAN_POINT('',(7.523569808622,-5.560691280761,38.));
#6012 = LINE('',#6013,#6014);
#6013 = CARTESIAN_POINT('',(7.523569808622,-5.560691280761,40.));
#6014 = VECTOR('',#6015,1.);
#6015 = DIRECTION('',(-0.,-0.,-1.));
#6016 = ORIENTED_EDGE('',*,*,#6017,.T.);
#6017 = EDGE_CURVE('',#6010,#5984,#6018,.T.);
#6018 = B_SPLINE_CURVE_WITH_KNOTS('',2,(#6019,#6020,#6021),
  .UNSPECIFIED.,.F.,.F.,(3,3),(0.,1.),.PIECEWISE_BEZIER_KNOTS.);
#6019 = CARTESIAN_POINT('',(7.523569808622,-5.560691280761,38.));
#6020 = CARTESIAN_POINT('',(7.616914549256,-5.664437678455,38.));
#6021 = CARTESIAN_POINT('',(7.665680759631,-5.813843298052,38.));
#6022 = ORIENTED_EDGE('',*,*,#5983,.F.);
#6023 = ORIENTED_EDGE('',*,*,#1194,.F.);
#6024 = SURFACE_OF_LINEAR_EXTRUSION('',#6025,#6029);
#6025 = B_SPLINE_CURVE_WITH_KNOTS('',2,(#6026,#6027,#6028),
  .UNSPECIFIED.,.F.,.F.,(3,3),(0.,1.),.PIECEWISE_BEZIER_KNOTS.);
#6026 = CARTESIAN_POINT('',(7.523569808622,-5.560691280761,40.));
#6027 = CARTESIAN_POINT('',(7.616914549256,-5.664437678455,40.));
#6028 = CARTESIAN_POINT('',(7.665680759631,-5.813843298052,40.));
#6029 = VECTOR('',#6030,1.);
#6030 = DIRECTION('',(0.,0.,1.));
#6031 = ADVANCED_FACE('',(#6032),#6050,.T.);
#6032 = FACE_BOUND('',#6033,.T.);
#6033 = EDGE_LOOP('',(#6034,#6042,#6048,#6049));
#6034 = ORIENTED_EDGE('',*,*,#6035,.T.);
#6035 = EDGE_CURVE('',#1179,#6036,#6038,.T.);
#6036 = VERTEX_POINT('',#6037);
#6037 = CARTESIAN_POINT('',(7.293247402282,-5.403045387389,38.));
#6038 = LINE('',#6039,#6040);
#6039 = CARTESIAN_POINT('',(7.293247402282,-5.403045387389,40.));
#6040 = VECTOR('',#6041,1.);
#6041 = DIRECTION('',(-0.,-0.,-1.));
#6042 = ORIENTED_EDGE('',*,*,#6043,.T.);
#6043 = EDGE_CURVE('',#6036,#6010,#6044,.T.);
#6044 = B_SPLINE_CURVE_WITH_KNOTS('',2,(#6045,#6046,#6047),
  .UNSPECIFIED.,.F.,.F.,(3,3),(0.,1.),.PIECEWISE_BEZIER_KNOTS.);
#6045 = CARTESIAN_POINT('',(7.293247402282,-5.403045387389,38.));
#6046 = CARTESIAN_POINT('',(7.430225067988,-5.456944883066,38.));
#6047 = CARTESIAN_POINT('',(7.523569808622,-5.560691280761,38.));
#6048 = ORIENTED_EDGE('',*,*,#6009,.F.);
#6049 = ORIENTED_EDGE('',*,*,#1186,.F.);
#6050 = SURFACE_OF_LINEAR_EXTRUSION('',#6051,#6055);
#6051 = B_SPLINE_CURVE_WITH_KNOTS('',2,(#6052,#6053,#6054),
  .UNSPECIFIED.,.F.,.F.,(3,3),(0.,1.),.PIECEWISE_BEZIER_KNOTS.);
#6052 = CARTESIAN_POINT('',(7.293247402282,-5.403045387389,40.));
#6053 = CARTESIAN_POINT('',(7.430225067988,-5.456944883066,40.));
#6054 = CARTESIAN_POINT('',(7.523569808622,-5.560691280761,40.));
#6055 = VECTOR('',#6056,1.);
#6056 = DIRECTION('',(0.,0.,1.));
#6057 = ADVANCED_FACE('',(#6058),#6076,.T.);
#6058 = FACE_BOUND('',#6059,.T.);
#6059 = EDGE_LOOP('',(#6060,#6068,#6074,#6075));
#6060 = ORIENTED_EDGE('',*,*,#6061,.T.);
#6061 = EDGE_CURVE('',#1171,#6062,#6064,.T.);
#6062 = VERTEX_POINT('',#6063);
#6063 = CARTESIAN_POINT('',(6.979981912369,-5.349145891712,38.));
#6064 = LINE('',#6065,#6066);
#6065 = CARTESIAN_POINT('',(6.979981912369,-5.349145891712,40.));
#6066 = VECTOR('',#6067,1.);
#6067 = DIRECTION('',(-0.,-0.,-1.));
#6068 = ORIENTED_EDGE('',*,*,#6069,.T.);
#6069 = EDGE_CURVE('',#6062,#6036,#6070,.T.);
#6070 = B_SPLINE_CURVE_WITH_KNOTS('',2,(#6071,#6072,#6073),
  .UNSPECIFIED.,.F.,.F.,(3,3),(0.,1.),.PIECEWISE_BEZIER_KNOTS.);
#6071 = CARTESIAN_POINT('',(6.979981912369,-5.349145891712,38.));
#6072 = CARTESIAN_POINT('',(7.156269736576,-5.349145891712,38.));
#6073 = CARTESIAN_POINT('',(7.293247402282,-5.403045387389,38.));
#6074 = ORIENTED_EDGE('',*,*,#6035,.F.);
#6075 = ORIENTED_EDGE('',*,*,#1178,.F.);
#6076 = SURFACE_OF_LINEAR_EXTRUSION('',#6077,#6081);
#6077 = B_SPLINE_CURVE_WITH_KNOTS('',2,(#6078,#6079,#6080),
  .UNSPECIFIED.,.F.,.F.,(3,3),(0.,1.),.PIECEWISE_BEZIER_KNOTS.);
#6078 = CARTESIAN_POINT('',(6.979981912369,-5.349145891712,40.));
#6079 = CARTESIAN_POINT('',(7.156269736576,-5.349145891712,40.));
#6080 = CARTESIAN_POINT('',(7.293247402282,-5.403045387389,40.));
#6081 = VECTOR('',#6082,1.);
#6082 = DIRECTION('',(0.,0.,1.));
#6083 = ADVANCED_FACE('',(#6084),#6102,.T.);
#6084 = FACE_BOUND('',#6085,.T.);
#6085 = EDGE_LOOP('',(#6086,#6094,#6100,#6101));
#6086 = ORIENTED_EDGE('',*,*,#6087,.T.);
#6087 = EDGE_CURVE('',#1163,#6088,#6090,.T.);
#6088 = VERTEX_POINT('',#6089);
#6089 = CARTESIAN_POINT('',(6.777622402282,-5.371975502663,38.));
#6090 = LINE('',#6091,#6092);
#6091 = CARTESIAN_POINT('',(6.777622402282,-5.371975502663,40.));
#6092 = VECTOR('',#6093,1.);
#6093 = DIRECTION('',(-0.,-0.,-1.));
#6094 = ORIENTED_EDGE('',*,*,#6095,.T.);
#6095 = EDGE_CURVE('',#6088,#6062,#6096,.T.);
#6096 = B_SPLINE_CURVE_WITH_KNOTS('',2,(#6097,#6098,#6099),
  .UNSPECIFIED.,.F.,.F.,(3,3),(0.,1.),.PIECEWISE_BEZIER_KNOTS.);
#6097 = CARTESIAN_POINT('',(6.777622402282,-5.371975502663,38.));
#6098 = CARTESIAN_POINT('',(6.878261811504,-5.349145891712,38.));
#6099 = CARTESIAN_POINT('',(6.979981912369,-5.349145891712,38.));
#6100 = ORIENTED_EDGE('',*,*,#6061,.F.);
#6101 = ORIENTED_EDGE('',*,*,#1170,.F.);
#6102 = SURFACE_OF_LINEAR_EXTRUSION('',#6103,#6107);
#6103 = B_SPLINE_CURVE_WITH_KNOTS('',2,(#6104,#6105,#6106),
  .UNSPECIFIED.,.F.,.F.,(3,3),(0.,1.),.PIECEWISE_BEZIER_KNOTS.);
#6104 = CARTESIAN_POINT('',(6.777622402282,-5.371975502663,40.));
#6105 = CARTESIAN_POINT('',(6.878261811504,-5.349145891712,40.));
#6106 = CARTESIAN_POINT('',(6.979981912369,-5.349145891712,40.));
#6107 = VECTOR('',#6108,1.);
#6108 = DIRECTION('',(0.,0.,1.));
#6109 = ADVANCED_FACE('',(#6110),#6128,.T.);
#6110 = FACE_BOUND('',#6111,.T.);
#6111 = EDGE_LOOP('',(#6112,#6120,#6126,#6127));
#6112 = ORIENTED_EDGE('',*,*,#6113,.T.);
#6113 = EDGE_CURVE('',#1155,#6114,#6116,.T.);
#6114 = VERTEX_POINT('',#6115);
#6115 = CARTESIAN_POINT('',(6.587690846086,-5.44235554589,38.));
#6116 = LINE('',#6117,#6118);
#6117 = CARTESIAN_POINT('',(6.587690846086,-5.44235554589,40.));
#6118 = VECTOR('',#6119,1.);
#6119 = DIRECTION('',(-0.,-0.,-1.));
#6120 = ORIENTED_EDGE('',*,*,#6121,.T.);
#6121 = EDGE_CURVE('',#6114,#6088,#6122,.T.);
#6122 = B_SPLINE_CURVE_WITH_KNOTS('',2,(#6123,#6124,#6125),
  .UNSPECIFIED.,.F.,.F.,(3,3),(0.,1.),.PIECEWISE_BEZIER_KNOTS.);
#6123 = CARTESIAN_POINT('',(6.587690846086,-5.44235554589,38.));
#6124 = CARTESIAN_POINT('',(6.67698299306,-5.394670027158,38.));
#6125 = CARTESIAN_POINT('',(6.777622402282,-5.371975502663,38.));
#6126 = ORIENTED_EDGE('',*,*,#6087,.F.);
#6127 = ORIENTED_EDGE('',*,*,#1162,.F.);
#6128 = SURFACE_OF_LINEAR_EXTRUSION('',#6129,#6133);
#6129 = B_SPLINE_CURVE_WITH_KNOTS('',2,(#6130,#6131,#6132),
  .UNSPECIFIED.,.F.,.F.,(3,3),(0.,1.),.PIECEWISE_BEZIER_KNOTS.);
#6130 = CARTESIAN_POINT('',(6.587690846086,-5.44235554589,40.));
#6131 = CARTESIAN_POINT('',(6.67698299306,-5.394670027158,40.));
#6132 = CARTESIAN_POINT('',(6.777622402282,-5.371975502663,40.));
#6133 = VECTOR('',#6134,1.);
#6134 = DIRECTION('',(0.,0.,1.));
#6135 = ADVANCED_FACE('',(#6136),#6154,.T.);
#6136 = FACE_BOUND('',#6137,.T.);
#6137 = EDGE_LOOP('',(#6138,#6146,#6152,#6153));
#6138 = ORIENTED_EDGE('',*,*,#6139,.T.);
#6139 = EDGE_CURVE('',#1147,#6140,#6142,.T.);
#6140 = VERTEX_POINT('',#6141);
#6141 = CARTESIAN_POINT('',(6.423830975769,-5.565689479608,38.));
#6142 = LINE('',#6143,#6144);
#6143 = CARTESIAN_POINT('',(6.423830975769,-5.565689479608,40.));
#6144 = VECTOR('',#6145,1.);
#6145 = DIRECTION('',(-0.,-0.,-1.));
#6146 = ORIENTED_EDGE('',*,*,#6147,.T.);
#6147 = EDGE_CURVE('',#6140,#6114,#6148,.T.);
#6148 = B_SPLINE_CURVE_WITH_KNOTS('',2,(#6149,#6150,#6151),
  .UNSPECIFIED.,.F.,.F.,(3,3),(0.,1.),.PIECEWISE_BEZIER_KNOTS.);
#6149 = CARTESIAN_POINT('',(6.423830975769,-5.565689479608,38.));
#6150 = CARTESIAN_POINT('',(6.498533785567,-5.490041064622,38.));
#6151 = CARTESIAN_POINT('',(6.587690846086,-5.44235554589,38.));
#6152 = ORIENTED_EDGE('',*,*,#6113,.F.);
#6153 = ORIENTED_EDGE('',*,*,#1154,.F.);
#6154 = SURFACE_OF_LINEAR_EXTRUSION('',#6155,#6159);
#6155 = B_SPLINE_CURVE_WITH_KNOTS('',2,(#6156,#6157,#6158),
  .UNSPECIFIED.,.F.,.F.,(3,3),(0.,1.),.PIECEWISE_BEZIER_KNOTS.);
#6156 = CARTESIAN_POINT('',(6.423830975769,-5.565689479608,40.));
#6157 = CARTESIAN_POINT('',(6.498533785567,-5.490041064622,40.));
#6158 = CARTESIAN_POINT('',(6.587690846086,-5.44235554589,40.));
#6159 = VECTOR('',#6160,1.);
#6160 = DIRECTION('',(0.,0.,1.));
#6161 = ADVANCED_FACE('',(#6162),#6180,.T.);
#6162 = FACE_BOUND('',#6163,.T.);
#6163 = EDGE_LOOP('',(#6164,#6172,#6178,#6179));
#6164 = ORIENTED_EDGE('',*,*,#6165,.T.);
#6165 = EDGE_CURVE('',#1139,#6166,#6168,.T.);
#6166 = VERTEX_POINT('',#6167);
#6167 = CARTESIAN_POINT('',(6.299416350409,-5.746840416207,38.));
#6168 = LINE('',#6169,#6170);
#6169 = CARTESIAN_POINT('',(6.299416350409,-5.746840416207,40.));
#6170 = VECTOR('',#6171,1.);
#6171 = DIRECTION('',(-0.,-0.,-1.));
#6172 = ORIENTED_EDGE('',*,*,#6173,.T.);
#6173 = EDGE_CURVE('',#6166,#6140,#6174,.T.);
#6174 = B_SPLINE_CURVE_WITH_KNOTS('',2,(#6175,#6176,#6177),
  .UNSPECIFIED.,.F.,.F.,(3,3),(0.,1.),.PIECEWISE_BEZIER_KNOTS.);
#6175 = CARTESIAN_POINT('',(6.299416350409,-5.746840416207,38.));
#6176 = CARTESIAN_POINT('',(6.349128165971,-5.641202808138,38.));
#6177 = CARTESIAN_POINT('',(6.423830975769,-5.565689479608,38.));
#6178 = ORIENTED_EDGE('',*,*,#6139,.F.);
#6179 = ORIENTED_EDGE('',*,*,#1146,.F.);
#6180 = SURFACE_OF_LINEAR_EXTRUSION('',#6181,#6185);
#6181 = B_SPLINE_CURVE_WITH_KNOTS('',2,(#6182,#6183,#6184),
  .UNSPECIFIED.,.F.,.F.,(3,3),(0.,1.),.PIECEWISE_BEZIER_KNOTS.);
#6182 = CARTESIAN_POINT('',(6.299416350409,-5.746840416207,40.));
#6183 = CARTESIAN_POINT('',(6.349128165971,-5.641202808138,40.));
#6184 = CARTESIAN_POINT('',(6.423830975769,-5.565689479608,40.));
#6185 = VECTOR('',#6186,1.);
#6186 = DIRECTION('',(0.,0.,1.));
#6187 = ADVANCED_FACE('',(#6188),#6206,.T.);
#6188 = FACE_BOUND('',#6189,.T.);
#6189 = EDGE_LOOP('',(#6190,#6198,#6204,#6205));
#6190 = ORIENTED_EDGE('',*,*,#6191,.T.);
#6191 = EDGE_CURVE('',#1131,#6192,#6194,.T.);
#6192 = VERTEX_POINT('',#6193);
#6193 = CARTESIAN_POINT('',(6.105432200553,-5.457890488254,38.));
#6194 = LINE('',#6195,#6196);
#6195 = CARTESIAN_POINT('',(6.105432200553,-5.457890488254,40.));
#6196 = VECTOR('',#6197,1.);
#6197 = DIRECTION('',(-0.,-0.,-1.));
#6198 = ORIENTED_EDGE('',*,*,#6199,.T.);
#6199 = EDGE_CURVE('',#6192,#6166,#6200,.T.);
#6200 = B_SPLINE_CURVE_WITH_KNOTS('',2,(#6201,#6202,#6203),
  .UNSPECIFIED.,.F.,.F.,(3,3),(0.,1.),.PIECEWISE_BEZIER_KNOTS.);
#6201 = CARTESIAN_POINT('',(6.105432200553,-5.457890488254,38.));
#6202 = CARTESIAN_POINT('',(6.235115197671,-5.566635084795,38.));
#6203 = CARTESIAN_POINT('',(6.299416350409,-5.746840416207,38.));
#6204 = ORIENTED_EDGE('',*,*,#6165,.F.);
#6205 = ORIENTED_EDGE('',*,*,#1138,.F.);
#6206 = SURFACE_OF_LINEAR_EXTRUSION('',#6207,#6211);
#6207 = B_SPLINE_CURVE_WITH_KNOTS('',2,(#6208,#6209,#6210),
  .UNSPECIFIED.,.F.,.F.,(3,3),(0.,1.),.PIECEWISE_BEZIER_KNOTS.);
#6208 = CARTESIAN_POINT('',(6.105432200553,-5.457890488254,40.));
#6209 = CARTESIAN_POINT('',(6.235115197671,-5.566635084795,40.));
#6210 = CARTESIAN_POINT('',(6.299416350409,-5.746840416207,40.));
#6211 = VECTOR('',#6212,1.);
#6212 = DIRECTION('',(0.,0.,1.));
#6213 = ADVANCED_FACE('',(#6214),#6232,.T.);
#6214 = FACE_BOUND('',#6215,.T.);
#6215 = EDGE_LOOP('',(#6216,#6224,#6230,#6231));
#6216 = ORIENTED_EDGE('',*,*,#6217,.T.);
#6217 = EDGE_CURVE('',#1123,#6218,#6220,.T.);
#6218 = VERTEX_POINT('',#6219);
#6219 = CARTESIAN_POINT('',(5.774470384991,-5.349145891712,38.));
#6220 = LINE('',#6221,#6222);
#6221 = CARTESIAN_POINT('',(5.774470384991,-5.349145891712,40.));
#6222 = VECTOR('',#6223,1.);
#6223 = DIRECTION('',(-0.,-0.,-1.));
#6224 = ORIENTED_EDGE('',*,*,#6225,.T.);
#6225 = EDGE_CURVE('',#6218,#6192,#6226,.T.);
#6226 = B_SPLINE_CURVE_WITH_KNOTS('',2,(#6227,#6228,#6229),
  .UNSPECIFIED.,.F.,.F.,(3,3),(0.,1.),.PIECEWISE_BEZIER_KNOTS.);
#6227 = CARTESIAN_POINT('',(5.774470384991,-5.349145891712,38.));
#6228 = CARTESIAN_POINT('',(5.975749203435,-5.349145891712,38.));
#6229 = CARTESIAN_POINT('',(6.105432200553,-5.457890488254,38.));
#6230 = ORIENTED_EDGE('',*,*,#6191,.F.);
#6231 = ORIENTED_EDGE('',*,*,#1130,.F.);
#6232 = SURFACE_OF_LINEAR_EXTRUSION('',#6233,#6237);
#6233 = B_SPLINE_CURVE_WITH_KNOTS('',2,(#6234,#6235,#6236),
  .UNSPECIFIED.,.F.,.F.,(3,3),(0.,1.),.PIECEWISE_BEZIER_KNOTS.);
#6234 = CARTESIAN_POINT('',(5.774470384991,-5.349145891712,40.));
#6235 = CARTESIAN_POINT('',(5.975749203435,-5.349145891712,40.));
#6236 = CARTESIAN_POINT('',(6.105432200553,-5.457890488254,40.));
#6237 = VECTOR('',#6238,1.);
#6238 = DIRECTION('',(0.,0.,1.));
#6239 = ADVANCED_FACE('',(#6240),#6258,.T.);
#6240 = FACE_BOUND('',#6241,.T.);
#6241 = EDGE_LOOP('',(#6242,#6250,#6256,#6257));
#6242 = ORIENTED_EDGE('',*,*,#6243,.T.);
#6243 = EDGE_CURVE('',#1115,#6244,#6246,.T.);
#6244 = VERTEX_POINT('',#6245);
#6245 = CARTESIAN_POINT('',(5.598993079516,-5.371029897475,38.));
#6246 = LINE('',#6247,#6248);
#6247 = CARTESIAN_POINT('',(5.598993079516,-5.371029897475,40.));
#6248 = VECTOR('',#6249,1.);
#6249 = DIRECTION('',(-0.,-0.,-1.));
#6250 = ORIENTED_EDGE('',*,*,#6251,.T.);
#6251 = EDGE_CURVE('',#6244,#6218,#6252,.T.);
#6252 = B_SPLINE_CURVE_WITH_KNOTS('',2,(#6253,#6254,#6255),
  .UNSPECIFIED.,.F.,.F.,(3,3),(0.,1.),.PIECEWISE_BEZIER_KNOTS.);
#6253 = CARTESIAN_POINT('',(5.598993079516,-5.371029897475,38.));
#6254 = CARTESIAN_POINT('',(5.678964261072,-5.349145891712,38.));
#6255 = CARTESIAN_POINT('',(5.774470384991,-5.349145891712,38.));
#6256 = ORIENTED_EDGE('',*,*,#6217,.F.);
#6257 = ORIENTED_EDGE('',*,*,#1122,.F.);
#6258 = SURFACE_OF_LINEAR_EXTRUSION('',#6259,#6263);
#6259 = B_SPLINE_CURVE_WITH_KNOTS('',2,(#6260,#6261,#6262),
  .UNSPECIFIED.,.F.,.F.,(3,3),(0.,1.),.PIECEWISE_BEZIER_KNOTS.);
#6260 = CARTESIAN_POINT('',(5.598993079516,-5.371029897475,40.));
#6261 = CARTESIAN_POINT('',(5.678964261072,-5.349145891712,40.));
#6262 = CARTESIAN_POINT('',(5.774470384991,-5.349145891712,40.));
#6263 = VECTOR('',#6264,1.);
#6264 = DIRECTION('',(0.,0.,1.));
#6265 = ADVANCED_FACE('',(#6266),#6284,.T.);
#6266 = FACE_BOUND('',#6267,.T.);
#6267 = EDGE_LOOP('',(#6268,#6276,#6282,#6283));
#6268 = ORIENTED_EDGE('',*,*,#6269,.T.);
#6269 = EDGE_CURVE('',#1107,#6270,#6272,.T.);
#6270 = VERTEX_POINT('',#6271);
#6271 = CARTESIAN_POINT('',(5.449587459919,-5.430467937821,38.));
#6272 = LINE('',#6273,#6274);
#6273 = CARTESIAN_POINT('',(5.449587459919,-5.430467937821,40.));
#6274 = VECTOR('',#6275,1.);
#6275 = DIRECTION('',(-0.,-0.,-1.));
#6276 = ORIENTED_EDGE('',*,*,#6277,.T.);
#6277 = EDGE_CURVE('',#6270,#6244,#6278,.T.);
#6278 = B_SPLINE_CURVE_WITH_KNOTS('',2,(#6279,#6280,#6281),
  .UNSPECIFIED.,.F.,.F.,(3,3),(0.,1.),.PIECEWISE_BEZIER_KNOTS.);
#6279 = CARTESIAN_POINT('',(5.449587459919,-5.430467937821,38.));
#6280 = CARTESIAN_POINT('',(5.519156984415,-5.392913903239,38.));
#6281 = CARTESIAN_POINT('',(5.598993079516,-5.371029897475,38.));
#6282 = ORIENTED_EDGE('',*,*,#6243,.F.);
#6283 = ORIENTED_EDGE('',*,*,#1114,.F.);
#6284 = SURFACE_OF_LINEAR_EXTRUSION('',#6285,#6289);
#6285 = B_SPLINE_CURVE_WITH_KNOTS('',2,(#6286,#6287,#6288),
  .UNSPECIFIED.,.F.,.F.,(3,3),(0.,1.),.PIECEWISE_BEZIER_KNOTS.);
#6286 = CARTESIAN_POINT('',(5.449587459919,-5.430467937821,40.));
#6287 = CARTESIAN_POINT('',(5.519156984415,-5.392913903239,40.));
#6288 = CARTESIAN_POINT('',(5.598993079516,-5.371029897475,40.));
#6289 = VECTOR('',#6290,1.);
#6290 = DIRECTION('',(0.,0.,1.));
#6291 = ADVANCED_FACE('',(#6292),#6310,.T.);
#6292 = FACE_BOUND('',#6293,.T.);
#6293 = EDGE_LOOP('',(#6294,#6302,#6308,#6309));
#6294 = ORIENTED_EDGE('',*,*,#6295,.T.);
#6295 = EDGE_CURVE('',#1099,#6296,#6298,.T.);
#6296 = VERTEX_POINT('',#6297);
#6297 = CARTESIAN_POINT('',(5.318958857614,-5.520030257706,38.));
#6298 = LINE('',#6299,#6300);
#6299 = CARTESIAN_POINT('',(5.318958857614,-5.520030257706,40.));
#6300 = VECTOR('',#6301,1.);
#6301 = DIRECTION('',(-0.,-0.,-1.));
#6302 = ORIENTED_EDGE('',*,*,#6303,.T.);
#6303 = EDGE_CURVE('',#6296,#6270,#6304,.T.);
#6304 = B_SPLINE_CURVE_WITH_KNOTS('',2,(#6305,#6306,#6307),
  .UNSPECIFIED.,.F.,.F.,(3,3),(0.,1.),.PIECEWISE_BEZIER_KNOTS.);
#6305 = CARTESIAN_POINT('',(5.318958857614,-5.520030257706,38.));
#6306 = CARTESIAN_POINT('',(5.380153021879,-5.467886885948,38.));
#6307 = CARTESIAN_POINT('',(5.449587459919,-5.430467937821,38.));
#6308 = ORIENTED_EDGE('',*,*,#6269,.F.);
#6309 = ORIENTED_EDGE('',*,*,#1106,.F.);
#6310 = SURFACE_OF_LINEAR_EXTRUSION('',#6311,#6315);
#6311 = B_SPLINE_CURVE_WITH_KNOTS('',2,(#6312,#6313,#6314),
  .UNSPECIFIED.,.F.,.F.,(3,3),(0.,1.),.PIECEWISE_BEZIER_KNOTS.);
#6312 = CARTESIAN_POINT('',(5.318958857614,-5.520030257706,40.));
#6313 = CARTESIAN_POINT('',(5.380153021879,-5.467886885948,40.));
#6314 = CARTESIAN_POINT('',(5.449587459919,-5.430467937821,40.));
#6315 = VECTOR('',#6316,1.);
#6316 = DIRECTION('',(0.,0.,1.));
#6317 = ADVANCED_FACE('',(#6318),#6336,.T.);
#6318 = FACE_BOUND('',#6319,.T.);
#6319 = EDGE_LOOP('',(#6320,#6328,#6334,#6335));
#6320 = ORIENTED_EDGE('',*,*,#6321,.T.);
#6321 = EDGE_CURVE('',#1091,#6322,#6324,.T.);
#6322 = VERTEX_POINT('',#6323);
#6323 = CARTESIAN_POINT('',(5.201703814386,-5.634583571827,38.));
#6324 = LINE('',#6325,#6326);
#6325 = CARTESIAN_POINT('',(5.201703814386,-5.634583571827,40.));
#6326 = VECTOR('',#6327,1.);
#6327 = DIRECTION('',(-0.,-0.,-1.));
#6328 = ORIENTED_EDGE('',*,*,#6329,.T.);
#6329 = EDGE_CURVE('',#6322,#6296,#6330,.T.);
#6330 = B_SPLINE_CURVE_WITH_KNOTS('',2,(#6331,#6332,#6333),
  .UNSPECIFIED.,.F.,.F.,(3,3),(0.,1.),.PIECEWISE_BEZIER_KNOTS.);
#6331 = CARTESIAN_POINT('',(5.201703814386,-5.634583571827,38.));
#6332 = CARTESIAN_POINT('',(5.257764693348,-5.572038543009,38.));
#6333 = CARTESIAN_POINT('',(5.318958857614,-5.520030257706,38.));
#6334 = ORIENTED_EDGE('',*,*,#6295,.F.);
#6335 = ORIENTED_EDGE('',*,*,#1098,.F.);
#6336 = SURFACE_OF_LINEAR_EXTRUSION('',#6337,#6341);
#6337 = B_SPLINE_CURVE_WITH_KNOTS('',2,(#6338,#6339,#6340),
  .UNSPECIFIED.,.F.,.F.,(3,3),(0.,1.),.PIECEWISE_BEZIER_KNOTS.);
#6338 = CARTESIAN_POINT('',(5.201703814386,-5.634583571827,40.));
#6339 = CARTESIAN_POINT('',(5.257764693348,-5.572038543009,40.));
#6340 = CARTESIAN_POINT('',(5.318958857614,-5.520030257706,40.));
#6341 = VECTOR('',#6342,1.);
#6342 = DIRECTION('',(0.,0.,1.));
#6343 = ADVANCED_FACE('',(#6344),#6362,.T.);
#6344 = FACE_BOUND('',#6345,.T.);
#6345 = EDGE_LOOP('',(#6346,#6354,#6360,#6361));
#6346 = ORIENTED_EDGE('',*,*,#6347,.T.);
#6347 = EDGE_CURVE('',#1083,#6348,#6350,.T.);
#6348 = VERTEX_POINT('',#6349);
#6349 = CARTESIAN_POINT('',(5.16860763283,-5.477072764911,38.));
#6350 = LINE('',#6351,#6352);
#6351 = CARTESIAN_POINT('',(5.16860763283,-5.477072764911,40.));
#6352 = VECTOR('',#6353,1.);
#6353 = DIRECTION('',(-0.,-0.,-1.));
#6354 = ORIENTED_EDGE('',*,*,#6355,.T.);
#6355 = EDGE_CURVE('',#6348,#6322,#6356,.T.);
#6356 = LINE('',#6357,#6358);
#6357 = CARTESIAN_POINT('',(5.16860763283,-5.477072764911,38.));
#6358 = VECTOR('',#6359,1.);
#6359 = DIRECTION('',(0.205629772653,-0.978629856789,0.));
#6360 = ORIENTED_EDGE('',*,*,#6321,.F.);
#6361 = ORIENTED_EDGE('',*,*,#1090,.F.);
#6362 = PLANE('',#6363);
#6363 = AXIS2_PLACEMENT_3D('',#6364,#6365,#6366);
#6364 = CARTESIAN_POINT('',(5.16860763283,-5.477072764911,40.));
#6365 = DIRECTION('',(-0.978629856789,-0.205629772653,0.));
#6366 = DIRECTION('',(0.205629772653,-0.978629856789,0.));
#6367 = ADVANCED_FACE('',(#6368),#6386,.T.);
#6368 = FACE_BOUND('',#6369,.T.);
#6369 = EDGE_LOOP('',(#6370,#6378,#6384,#6385));
#6370 = ORIENTED_EDGE('',*,*,#6371,.T.);
#6371 = EDGE_CURVE('',#1075,#6372,#6374,.T.);
#6372 = VERTEX_POINT('',#6373);
#6373 = CARTESIAN_POINT('',(5.037843944069,-5.383728024277,38.));
#6374 = LINE('',#6375,#6376);
#6375 = CARTESIAN_POINT('',(5.037843944069,-5.383728024277,40.));
#6376 = VECTOR('',#6377,1.);
#6377 = DIRECTION('',(-0.,-0.,-1.));
#6378 = ORIENTED_EDGE('',*,*,#6379,.T.);
#6379 = EDGE_CURVE('',#6372,#6348,#6380,.T.);
#6380 = B_SPLINE_CURVE_WITH_KNOTS('',2,(#6381,#6382,#6383),
  .UNSPECIFIED.,.F.,.F.,(3,3),(0.,1.),.PIECEWISE_BEZIER_KNOTS.);
#6381 = CARTESIAN_POINT('',(5.037843944069,-5.383728024277,38.));
#6382 = CARTESIAN_POINT('',(5.137402661648,-5.383728024277,38.));
#6383 = CARTESIAN_POINT('',(5.16860763283,-5.477072764911,38.));
#6384 = ORIENTED_EDGE('',*,*,#6347,.F.);
#6385 = ORIENTED_EDGE('',*,*,#1082,.F.);
#6386 = SURFACE_OF_LINEAR_EXTRUSION('',#6387,#6391);
#6387 = B_SPLINE_CURVE_WITH_KNOTS('',2,(#6388,#6389,#6390),
  .UNSPECIFIED.,.F.,.F.,(3,3),(0.,1.),.PIECEWISE_BEZIER_KNOTS.);
#6388 = CARTESIAN_POINT('',(5.037843944069,-5.383728024277,40.));
#6389 = CARTESIAN_POINT('',(5.137402661648,-5.383728024277,40.));
#6390 = CARTESIAN_POINT('',(5.16860763283,-5.477072764911,40.));
#6391 = VECTOR('',#6392,1.);
#6392 = DIRECTION('',(0.,0.,1.));
#6393 = ADVANCED_FACE('',(#6394),#6412,.T.);
#6394 = FACE_BOUND('',#6395,.T.);
#6395 = EDGE_LOOP('',(#6396,#6404,#6410,#6411));
#6396 = ORIENTED_EDGE('',*,*,#6397,.T.);
#6397 = EDGE_CURVE('',#1067,#6398,#6400,.T.);
#6398 = VERTEX_POINT('',#6399);
#6399 = CARTESIAN_POINT('',(4.724578454155,-5.383728024277,38.));
#6400 = LINE('',#6401,#6402);
#6401 = CARTESIAN_POINT('',(4.724578454155,-5.383728024277,40.));
#6402 = VECTOR('',#6403,1.);
#6403 = DIRECTION('',(-0.,-0.,-1.));
#6404 = ORIENTED_EDGE('',*,*,#6405,.T.);
#6405 = EDGE_CURVE('',#6398,#6372,#6406,.T.);
#6406 = LINE('',#6407,#6408);
#6407 = CARTESIAN_POINT('',(4.724578454155,-5.383728024277,38.));
#6408 = VECTOR('',#6409,1.);
#6409 = DIRECTION('',(1.,0.,0.));
#6410 = ORIENTED_EDGE('',*,*,#6371,.F.);
#6411 = ORIENTED_EDGE('',*,*,#1074,.F.);
#6412 = PLANE('',#6413);
#6413 = AXIS2_PLACEMENT_3D('',#6414,#6415,#6416);
#6414 = CARTESIAN_POINT('',(4.724578454155,-5.383728024277,40.));
#6415 = DIRECTION('',(0.,-1.,0.));
#6416 = DIRECTION('',(1.,0.,0.));
#6417 = ADVANCED_FACE('',(#6418),#6429,.T.);
#6418 = FACE_BOUND('',#6419,.T.);
#6419 = EDGE_LOOP('',(#6420,#6421,#6427,#6428));
#6420 = ORIENTED_EDGE('',*,*,#5540,.T.);
#6421 = ORIENTED_EDGE('',*,*,#6422,.T.);
#6422 = EDGE_CURVE('',#5533,#6398,#6423,.T.);
#6423 = LINE('',#6424,#6425);
#6424 = CARTESIAN_POINT('',(4.724578454155,-7.510529177014,38.));
#6425 = VECTOR('',#6426,1.);
#6426 = DIRECTION('',(0.,1.,0.));
#6427 = ORIENTED_EDGE('',*,*,#6397,.F.);
#6428 = ORIENTED_EDGE('',*,*,#1066,.F.);
#6429 = PLANE('',#6430);
#6430 = AXIS2_PLACEMENT_3D('',#6431,#6432,#6433);
#6431 = CARTESIAN_POINT('',(4.724578454155,-7.510529177014,40.));
#6432 = DIRECTION('',(1.,0.,0.));
#6433 = DIRECTION('',(0.,1.,0.));
#6434 = ADVANCED_FACE('',(#6435),#6460,.T.);
#6435 = FACE_BOUND('',#6436,.T.);
#6436 = EDGE_LOOP('',(#6437,#6445,#6453,#6459));
#6437 = ORIENTED_EDGE('',*,*,#6438,.T.);
#6438 = EDGE_CURVE('',#1347,#6439,#6441,.T.);
#6439 = VERTEX_POINT('',#6440);
#6440 = CARTESIAN_POINT('',(-3.144089589561,1.786290071687,38.));
#6441 = LINE('',#6442,#6443);
#6442 = CARTESIAN_POINT('',(-3.144089589561,1.786290071687,40.));
#6443 = VECTOR('',#6444,1.);
#6444 = DIRECTION('',(-0.,-0.,-1.));
#6445 = ORIENTED_EDGE('',*,*,#6446,.T.);
#6446 = EDGE_CURVE('',#6439,#6447,#6449,.T.);
#6447 = VERTEX_POINT('',#6448);
#6448 = CARTESIAN_POINT('',(-2.289892903682,1.786290071687,38.));
#6449 = LINE('',#6450,#6451);
#6450 = CARTESIAN_POINT('',(-3.144089589561,1.786290071687,38.));
#6451 = VECTOR('',#6452,1.);
#6452 = DIRECTION('',(1.,0.,0.));
#6453 = ORIENTED_EDGE('',*,*,#6454,.F.);
#6454 = EDGE_CURVE('',#1349,#6447,#6455,.T.);
#6455 = LINE('',#6456,#6457);
#6456 = CARTESIAN_POINT('',(-2.289892903682,1.786290071687,40.));
#6457 = VECTOR('',#6458,1.);
#6458 = DIRECTION('',(-0.,-0.,-1.));
#6459 = ORIENTED_EDGE('',*,*,#1346,.F.);
#6460 = PLANE('',#6461);
#6461 = AXIS2_PLACEMENT_3D('',#6462,#6463,#6464);
#6462 = CARTESIAN_POINT('',(-3.144089589561,1.786290071687,40.));
#6463 = DIRECTION('',(0.,-1.,0.));
#6464 = DIRECTION('',(1.,0.,0.));
#6465 = ADVANCED_FACE('',(#6466),#6484,.T.);
#6466 = FACE_BOUND('',#6467,.T.);
#6467 = EDGE_LOOP('',(#6468,#6476,#6482,#6483));
#6468 = ORIENTED_EDGE('',*,*,#6469,.T.);
#6469 = EDGE_CURVE('',#1365,#6470,#6472,.T.);
#6470 = VERTEX_POINT('',#6471);
#6471 = CARTESIAN_POINT('',(-3.144089589561,-1.758378516209,38.));
#6472 = LINE('',#6473,#6474);
#6473 = CARTESIAN_POINT('',(-3.144089589561,-1.758378516209,40.));
#6474 = VECTOR('',#6475,1.);
#6475 = DIRECTION('',(-0.,-0.,-1.));
#6476 = ORIENTED_EDGE('',*,*,#6477,.T.);
#6477 = EDGE_CURVE('',#6470,#6439,#6478,.T.);
#6478 = LINE('',#6479,#6480);
#6479 = CARTESIAN_POINT('',(-3.144089589561,-1.758378516209,38.));
#6480 = VECTOR('',#6481,1.);
#6481 = DIRECTION('',(0.,1.,0.));
#6482 = ORIENTED_EDGE('',*,*,#6438,.F.);
#6483 = ORIENTED_EDGE('',*,*,#1372,.F.);
#6484 = PLANE('',#6485);
#6485 = AXIS2_PLACEMENT_3D('',#6486,#6487,#6488);
#6486 = CARTESIAN_POINT('',(-3.144089589561,-1.758378516209,40.));
#6487 = DIRECTION('',(1.,0.,0.));
#6488 = DIRECTION('',(0.,1.,0.));
#6489 = ADVANCED_FACE('',(#6490),#6508,.T.);
#6490 = FACE_BOUND('',#6491,.T.);
#6491 = EDGE_LOOP('',(#6492,#6493,#6501,#6507));
#6492 = ORIENTED_EDGE('',*,*,#6454,.T.);
#6493 = ORIENTED_EDGE('',*,*,#6494,.T.);
#6494 = EDGE_CURVE('',#6447,#6495,#6497,.T.);
#6495 = VERTEX_POINT('',#6496);
#6496 = CARTESIAN_POINT('',(-2.289892903682,-1.758378516209,38.));
#6497 = LINE('',#6498,#6499);
#6498 = CARTESIAN_POINT('',(-2.289892903682,1.786290071687,38.));
#6499 = VECTOR('',#6500,1.);
#6500 = DIRECTION('',(0.,-1.,0.));
#6501 = ORIENTED_EDGE('',*,*,#6502,.F.);
#6502 = EDGE_CURVE('',#1357,#6495,#6503,.T.);
#6503 = LINE('',#6504,#6505);
#6504 = CARTESIAN_POINT('',(-2.289892903682,-1.758378516209,40.));
#6505 = VECTOR('',#6506,1.);
#6506 = DIRECTION('',(-0.,-0.,-1.));
#6507 = ORIENTED_EDGE('',*,*,#1356,.F.);
#6508 = PLANE('',#6509);
#6509 = AXIS2_PLACEMENT_3D('',#6510,#6511,#6512);
#6510 = CARTESIAN_POINT('',(-2.289892903682,1.786290071687,40.));
#6511 = DIRECTION('',(-1.,0.,0.));
#6512 = DIRECTION('',(0.,-1.,0.));
#6513 = ADVANCED_FACE('',(#6514),#6525,.T.);
#6514 = FACE_BOUND('',#6515,.T.);
#6515 = EDGE_LOOP('',(#6516,#6517,#6523,#6524));
#6516 = ORIENTED_EDGE('',*,*,#6502,.T.);
#6517 = ORIENTED_EDGE('',*,*,#6518,.T.);
#6518 = EDGE_CURVE('',#6495,#6470,#6519,.T.);
#6519 = LINE('',#6520,#6521);
#6520 = CARTESIAN_POINT('',(-2.289892903682,-1.758378516209,38.));
#6521 = VECTOR('',#6522,1.);
#6522 = DIRECTION('',(-1.,0.,0.));
#6523 = ORIENTED_EDGE('',*,*,#6469,.F.);
#6524 = ORIENTED_EDGE('',*,*,#1364,.F.);
#6525 = PLANE('',#6526);
#6526 = AXIS2_PLACEMENT_3D('',#6527,#6528,#6529);
#6527 = CARTESIAN_POINT('',(-2.289892903682,-1.758378516209,40.));
#6528 = DIRECTION('',(0.,1.,0.));
#6529 = DIRECTION('',(-1.,0.,0.));
#6530 = ADVANCED_FACE('',(#6531),#6556,.T.);
#6531 = FACE_BOUND('',#6532,.T.);
#6532 = EDGE_LOOP('',(#6533,#6541,#6549,#6555));
#6533 = ORIENTED_EDGE('',*,*,#6534,.T.);
#6534 = EDGE_CURVE('',#1381,#6535,#6537,.T.);
#6535 = VERTEX_POINT('',#6536);
#6536 = CARTESIAN_POINT('',(0.973570713032,1.404670835376,38.));
#6537 = LINE('',#6538,#6539);
#6538 = CARTESIAN_POINT('',(0.973570713032,1.404670835376,40.));
#6539 = VECTOR('',#6540,1.);
#6540 = DIRECTION('',(-0.,-0.,-1.));
#6541 = ORIENTED_EDGE('',*,*,#6542,.T.);
#6542 = EDGE_CURVE('',#6535,#6543,#6545,.T.);
#6543 = VERTEX_POINT('',#6544);
#6544 = CARTESIAN_POINT('',(0.779946793724,1.099600590419,38.));
#6545 = LINE('',#6546,#6547);
#6546 = CARTESIAN_POINT('',(0.973570713032,1.404670835376,38.));
#6547 = VECTOR('',#6548,1.);
#6548 = DIRECTION('',(-0.535867150975,-0.844302313455,0.));
#6549 = ORIENTED_EDGE('',*,*,#6550,.F.);
#6550 = EDGE_CURVE('',#1383,#6543,#6551,.T.);
#6551 = LINE('',#6552,#6553);
#6552 = CARTESIAN_POINT('',(0.779946793724,1.099600590419,40.));
#6553 = VECTOR('',#6554,1.);
#6554 = DIRECTION('',(-0.,-0.,-1.));
#6555 = ORIENTED_EDGE('',*,*,#1380,.F.);
#6556 = PLANE('',#6557);
#6557 = AXIS2_PLACEMENT_3D('',#6558,#6559,#6560);
#6558 = CARTESIAN_POINT('',(0.973570713032,1.404670835376,40.));
#6559 = DIRECTION('',(-0.844302313455,0.535867150975,0.));
#6560 = DIRECTION('',(-0.535867150975,-0.844302313455,0.));
#6561 = ADVANCED_FACE('',(#6562),#6580,.T.);
#6562 = FACE_BOUND('',#6563,.T.);
#6563 = EDGE_LOOP('',(#6564,#6572,#6578,#6579));
#6564 = ORIENTED_EDGE('',*,*,#6565,.T.);
#6565 = EDGE_CURVE('',#1767,#6566,#6568,.T.);
#6566 = VERTEX_POINT('',#6567);
#6567 = CARTESIAN_POINT('',(0.471949675568,1.722799437682,38.));
#6568 = LINE('',#6569,#6570);
#6569 = CARTESIAN_POINT('',(0.471949675568,1.722799437682,40.));
#6570 = VECTOR('',#6571,1.);
#6571 = DIRECTION('',(-0.,-0.,-1.));
#6572 = ORIENTED_EDGE('',*,*,#6573,.T.);
#6573 = EDGE_CURVE('',#6566,#6535,#6574,.T.);
#6574 = B_SPLINE_CURVE_WITH_KNOTS('',2,(#6575,#6576,#6577),
  .UNSPECIFIED.,.F.,.F.,(3,3),(0.,1.),.PIECEWISE_BEZIER_KNOTS.);
#6575 = CARTESIAN_POINT('',(0.471949675568,1.722799437682,38.));
#6576 = CARTESIAN_POINT('',(0.772967326865,1.60189706016,38.));
#6577 = CARTESIAN_POINT('',(0.973570713032,1.404670835376,38.));
#6578 = ORIENTED_EDGE('',*,*,#6534,.F.);
#6579 = ORIENTED_EDGE('',*,*,#1774,.F.);
#6580 = SURFACE_OF_LINEAR_EXTRUSION('',#6581,#6585);
#6581 = B_SPLINE_CURVE_WITH_KNOTS('',2,(#6582,#6583,#6584),
  .UNSPECIFIED.,.F.,.F.,(3,3),(0.,1.),.PIECEWISE_BEZIER_KNOTS.);
#6582 = CARTESIAN_POINT('',(0.471949675568,1.722799437682,40.));
#6583 = CARTESIAN_POINT('',(0.772967326865,1.60189706016,40.));
#6584 = CARTESIAN_POINT('',(0.973570713032,1.404670835376,40.));
#6585 = VECTOR('',#6586,1.);
#6586 = DIRECTION('',(0.,0.,1.));
#6587 = ADVANCED_FACE('',(#6588),#6606,.T.);
#6588 = FACE_BOUND('',#6589,.T.);
#6589 = EDGE_LOOP('',(#6590,#6591,#6599,#6605));
#6590 = ORIENTED_EDGE('',*,*,#6550,.T.);
#6591 = ORIENTED_EDGE('',*,*,#6592,.T.);
#6592 = EDGE_CURVE('',#6543,#6593,#6595,.T.);
#6593 = VERTEX_POINT('',#6594);
#6594 = CARTESIAN_POINT('',(0.707225251937,1.022376166788,38.));
#6595 = B_SPLINE_CURVE_WITH_KNOTS('',2,(#6596,#6597,#6598),
  .UNSPECIFIED.,.F.,.F.,(3,3),(0.,1.),.PIECEWISE_BEZIER_KNOTS.);
#6596 = CARTESIAN_POINT('',(0.779946793724,1.099600590419,38.));
#6597 = CARTESIAN_POINT('',(0.745274603522,1.044665431918,38.));
#6598 = CARTESIAN_POINT('',(0.707225251937,1.022376166788,38.));
#6599 = ORIENTED_EDGE('',*,*,#6600,.F.);
#6600 = EDGE_CURVE('',#1391,#6593,#6601,.T.);
#6601 = LINE('',#6602,#6603);
#6602 = CARTESIAN_POINT('',(0.707225251937,1.022376166788,40.));
#6603 = VECTOR('',#6604,1.);
#6604 = DIRECTION('',(-0.,-0.,-1.));
#6605 = ORIENTED_EDGE('',*,*,#1390,.F.);
#6606 = SURFACE_OF_LINEAR_EXTRUSION('',#6607,#6611);
#6607 = B_SPLINE_CURVE_WITH_KNOTS('',2,(#6608,#6609,#6610),
  .UNSPECIFIED.,.F.,.F.,(3,3),(0.,1.),.PIECEWISE_BEZIER_KNOTS.);
#6608 = CARTESIAN_POINT('',(0.779946793724,1.099600590419,40.));
#6609 = CARTESIAN_POINT('',(0.745274603522,1.044665431918,40.));
#6610 = CARTESIAN_POINT('',(0.707225251937,1.022376166788,40.));
#6611 = VECTOR('',#6612,1.);
#6612 = DIRECTION('',(0.,0.,1.));
#6613 = ADVANCED_FACE('',(#6614),#6632,.T.);
#6614 = FACE_BOUND('',#6615,.T.);
#6615 = EDGE_LOOP('',(#6616,#6624,#6630,#6631));
#6616 = ORIENTED_EDGE('',*,*,#6617,.T.);
#6617 = EDGE_CURVE('',#1759,#6618,#6620,.T.);
#6618 = VERTEX_POINT('',#6619);
#6619 = CARTESIAN_POINT('',(-0.195377413769,1.843926959295,38.));
#6620 = LINE('',#6621,#6622);
#6621 = CARTESIAN_POINT('',(-0.195377413769,1.843926959295,40.));
#6622 = VECTOR('',#6623,1.);
#6623 = DIRECTION('',(-0.,-0.,-1.));
#6624 = ORIENTED_EDGE('',*,*,#6625,.T.);
#6625 = EDGE_CURVE('',#6618,#6566,#6626,.T.);
#6626 = B_SPLINE_CURVE_WITH_KNOTS('',2,(#6627,#6628,#6629),
  .UNSPECIFIED.,.F.,.F.,(3,3),(0.,1.),.PIECEWISE_BEZIER_KNOTS.);
#6627 = CARTESIAN_POINT('',(-0.195377413769,1.843926959295,38.));
#6628 = CARTESIAN_POINT('',(0.171157168364,1.843926959295,38.));
#6629 = CARTESIAN_POINT('',(0.471949675568,1.722799437682,38.));
#6630 = ORIENTED_EDGE('',*,*,#6565,.F.);
#6631 = ORIENTED_EDGE('',*,*,#1766,.F.);
#6632 = SURFACE_OF_LINEAR_EXTRUSION('',#6633,#6637);
#6633 = B_SPLINE_CURVE_WITH_KNOTS('',2,(#6634,#6635,#6636),
  .UNSPECIFIED.,.F.,.F.,(3,3),(0.,1.),.PIECEWISE_BEZIER_KNOTS.);
#6634 = CARTESIAN_POINT('',(-0.195377413769,1.843926959295,40.));
#6635 = CARTESIAN_POINT('',(0.171157168364,1.843926959295,40.));
#6636 = CARTESIAN_POINT('',(0.471949675568,1.722799437682,40.));
#6637 = VECTOR('',#6638,1.);
#6638 = DIRECTION('',(0.,0.,1.));
#6639 = ADVANCED_FACE('',(#6640),#6658,.T.);
#6640 = FACE_BOUND('',#6641,.T.);
#6641 = EDGE_LOOP('',(#6642,#6643,#6651,#6657));
#6642 = ORIENTED_EDGE('',*,*,#6600,.T.);
#6643 = ORIENTED_EDGE('',*,*,#6644,.T.);
#6644 = EDGE_CURVE('',#6593,#6645,#6647,.T.);
#6645 = VERTEX_POINT('',#6646);
#6646 = CARTESIAN_POINT('',(0.610413292283,1.000086901659,38.));
#6647 = B_SPLINE_CURVE_WITH_KNOTS('',2,(#6648,#6649,#6650),
  .UNSPECIFIED.,.F.,.F.,(3,3),(0.,1.),.PIECEWISE_BEZIER_KNOTS.);
#6648 = CARTESIAN_POINT('',(0.707225251937,1.022376166788,38.));
#6649 = CARTESIAN_POINT('',(0.669175900352,1.000086901659,38.));
#6650 = CARTESIAN_POINT('',(0.610413292283,1.000086901659,38.));
#6651 = ORIENTED_EDGE('',*,*,#6652,.F.);
#6652 = EDGE_CURVE('',#1399,#6645,#6653,.T.);
#6653 = LINE('',#6654,#6655);
#6654 = CARTESIAN_POINT('',(0.610413292283,1.000086901659,40.));
#6655 = VECTOR('',#6656,1.);
#6656 = DIRECTION('',(-0.,-0.,-1.));
#6657 = ORIENTED_EDGE('',*,*,#1398,.F.);
#6658 = SURFACE_OF_LINEAR_EXTRUSION('',#6659,#6663);
#6659 = B_SPLINE_CURVE_WITH_KNOTS('',2,(#6660,#6661,#6662),
  .UNSPECIFIED.,.F.,.F.,(3,3),(0.,1.),.PIECEWISE_BEZIER_KNOTS.);
#6660 = CARTESIAN_POINT('',(0.707225251937,1.022376166788,40.));
#6661 = CARTESIAN_POINT('',(0.669175900352,1.000086901659,40.));
#6662 = CARTESIAN_POINT('',(0.610413292283,1.000086901659,40.));
#6663 = VECTOR('',#6664,1.);
#6664 = DIRECTION('',(0.,0.,1.));
#6665 = ADVANCED_FACE('',(#6666),#6684,.T.);
#6666 = FACE_BOUND('',#6667,.T.);
#6667 = EDGE_LOOP('',(#6668,#6676,#6682,#6683));
#6668 = ORIENTED_EDGE('',*,*,#6669,.T.);
#6669 = EDGE_CURVE('',#1751,#6670,#6672,.T.);
#6670 = VERTEX_POINT('',#6671);
#6671 = CARTESIAN_POINT('',(-0.774673163048,1.755895619238,38.));
#6672 = LINE('',#6673,#6674);
#6673 = CARTESIAN_POINT('',(-0.774673163048,1.755895619238,40.));
#6674 = VECTOR('',#6675,1.);
#6675 = DIRECTION('',(-0.,-0.,-1.));
#6676 = ORIENTED_EDGE('',*,*,#6677,.T.);
#6677 = EDGE_CURVE('',#6670,#6618,#6678,.T.);
#6678 = B_SPLINE_CURVE_WITH_KNOTS('',2,(#6679,#6680,#6681),
  .UNSPECIFIED.,.F.,.F.,(3,3),(0.,1.),.PIECEWISE_BEZIER_KNOTS.);
#6679 = CARTESIAN_POINT('',(-0.774673163048,1.755895619238,38.));
#6680 = CARTESIAN_POINT('',(-0.523862644316,1.843926959295,38.));
#6681 = CARTESIAN_POINT('',(-0.195377413769,1.843926959295,38.));
#6682 = ORIENTED_EDGE('',*,*,#6617,.F.);
#6683 = ORIENTED_EDGE('',*,*,#1758,.F.);
#6684 = SURFACE_OF_LINEAR_EXTRUSION('',#6685,#6689);
#6685 = B_SPLINE_CURVE_WITH_KNOTS('',2,(#6686,#6687,#6688),
  .UNSPECIFIED.,.F.,.F.,(3,3),(0.,1.),.PIECEWISE_BEZIER_KNOTS.);
#6686 = CARTESIAN_POINT('',(-0.774673163048,1.755895619238,40.));
#6687 = CARTESIAN_POINT('',(-0.523862644316,1.843926959295,40.));
#6688 = CARTESIAN_POINT('',(-0.195377413769,1.843926959295,40.));
#6689 = VECTOR('',#6690,1.);
#6690 = DIRECTION('',(0.,0.,1.));
#6691 = ADVANCED_FACE('',(#6692),#6710,.T.);
#6692 = FACE_BOUND('',#6693,.T.);
#6693 = EDGE_LOOP('',(#6694,#6695,#6703,#6709));
#6694 = ORIENTED_EDGE('',*,*,#6652,.T.);
#6695 = ORIENTED_EDGE('',*,*,#6696,.T.);
#6696 = EDGE_CURVE('',#6645,#6697,#6699,.T.);
#6697 = VERTEX_POINT('',#6698);
#6698 = CARTESIAN_POINT('',(0.477353133782,1.034533947768,38.));
#6699 = B_SPLINE_CURVE_WITH_KNOTS('',2,(#6700,#6701,#6702),
  .UNSPECIFIED.,.F.,.F.,(3,3),(0.,1.),.PIECEWISE_BEZIER_KNOTS.);
#6700 = CARTESIAN_POINT('',(0.610413292283,1.000086901659,38.));
#6701 = CARTESIAN_POINT('',(0.548273522831,1.000086901659,38.));
#6702 = CARTESIAN_POINT('',(0.477353133782,1.034533947768,38.));
#6703 = ORIENTED_EDGE('',*,*,#6704,.F.);
#6704 = EDGE_CURVE('',#1407,#6697,#6705,.T.);
#6705 = LINE('',#6706,#6707);
#6706 = CARTESIAN_POINT('',(0.477353133782,1.034533947768,40.));
#6707 = VECTOR('',#6708,1.);
#6708 = DIRECTION('',(-0.,-0.,-1.));
#6709 = ORIENTED_EDGE('',*,*,#1406,.F.);
#6710 = SURFACE_OF_LINEAR_EXTRUSION('',#6711,#6715);
#6711 = B_SPLINE_CURVE_WITH_KNOTS('',2,(#6712,#6713,#6714),
  .UNSPECIFIED.,.F.,.F.,(3,3),(0.,1.),.PIECEWISE_BEZIER_KNOTS.);
#6712 = CARTESIAN_POINT('',(0.610413292283,1.000086901659,40.));
#6713 = CARTESIAN_POINT('',(0.548273522831,1.000086901659,40.));
#6714 = CARTESIAN_POINT('',(0.477353133782,1.034533947768,40.));
#6715 = VECTOR('',#6716,1.);
#6716 = DIRECTION('',(0.,0.,1.));
#6717 = ADVANCED_FACE('',(#6718),#6736,.T.);
#6718 = FACE_BOUND('',#6719,.T.);
#6719 = EDGE_LOOP('',(#6720,#6728,#6734,#6735));
#6720 = ORIENTED_EDGE('',*,*,#6721,.T.);
#6721 = EDGE_CURVE('',#1743,#6722,#6724,.T.);
#6722 = VERTEX_POINT('',#6723);
#6723 = CARTESIAN_POINT('',(-1.192990886391,1.521070331053,38.));
#6724 = LINE('',#6725,#6726);
#6725 = CARTESIAN_POINT('',(-1.192990886391,1.521070331053,40.));
#6726 = VECTOR('',#6727,1.);
#6727 = DIRECTION('',(-0.,-0.,-1.));
#6728 = ORIENTED_EDGE('',*,*,#6729,.T.);
#6729 = EDGE_CURVE('',#6722,#6670,#6730,.T.);
#6730 = B_SPLINE_CURVE_WITH_KNOTS('',2,(#6731,#6732,#6733),
  .UNSPECIFIED.,.F.,.F.,(3,3),(0.,1.),.PIECEWISE_BEZIER_KNOTS.);
#6731 = CARTESIAN_POINT('',(-1.192990886391,1.521070331053,38.));
#6732 = CARTESIAN_POINT('',(-1.025258537688,1.66786427918,38.));
#6733 = CARTESIAN_POINT('',(-0.774673163048,1.755895619238,38.));
#6734 = ORIENTED_EDGE('',*,*,#6669,.F.);
#6735 = ORIENTED_EDGE('',*,*,#1750,.F.);
#6736 = SURFACE_OF_LINEAR_EXTRUSION('',#6737,#6741);
#6737 = B_SPLINE_CURVE_WITH_KNOTS('',2,(#6738,#6739,#6740),
  .UNSPECIFIED.,.F.,.F.,(3,3),(0.,1.),.PIECEWISE_BEZIER_KNOTS.);
#6738 = CARTESIAN_POINT('',(-1.192990886391,1.521070331053,40.));
#6739 = CARTESIAN_POINT('',(-1.025258537688,1.66786427918,40.));
#6740 = CARTESIAN_POINT('',(-0.774673163048,1.755895619238,40.));
#6741 = VECTOR('',#6742,1.);
#6742 = DIRECTION('',(0.,0.,1.));
#6743 = ADVANCED_FACE('',(#6744),#6762,.T.);
#6744 = FACE_BOUND('',#6745,.T.);
#6745 = EDGE_LOOP('',(#6746,#6747,#6755,#6761));
#6746 = ORIENTED_EDGE('',*,*,#6704,.T.);
#6747 = ORIENTED_EDGE('',*,*,#6748,.T.);
#6748 = EDGE_CURVE('',#6697,#6749,#6751,.T.);
#6749 = VERTEX_POINT('',#6750);
#6750 = CARTESIAN_POINT('',(0.312997946462,1.112208659584,38.));
#6751 = B_SPLINE_CURVE_WITH_KNOTS('',2,(#6752,#6753,#6754),
  .UNSPECIFIED.,.F.,.F.,(3,3),(0.,1.),.PIECEWISE_BEZIER_KNOTS.);
#6752 = CARTESIAN_POINT('',(0.477353133782,1.034533947768,38.));
#6753 = CARTESIAN_POINT('',(0.406432744733,1.068980993878,38.));
#6754 = CARTESIAN_POINT('',(0.312997946462,1.112208659584,38.));
#6755 = ORIENTED_EDGE('',*,*,#6756,.F.);
#6756 = EDGE_CURVE('',#1415,#6749,#6757,.T.);
#6757 = LINE('',#6758,#6759);
#6758 = CARTESIAN_POINT('',(0.312997946462,1.112208659584,40.));
#6759 = VECTOR('',#6760,1.);
#6760 = DIRECTION('',(-0.,-0.,-1.));
#6761 = ORIENTED_EDGE('',*,*,#1414,.F.);
#6762 = SURFACE_OF_LINEAR_EXTRUSION('',#6763,#6767);
#6763 = B_SPLINE_CURVE_WITH_KNOTS('',2,(#6764,#6765,#6766),
  .UNSPECIFIED.,.F.,.F.,(3,3),(0.,1.),.PIECEWISE_BEZIER_KNOTS.);
#6764 = CARTESIAN_POINT('',(0.477353133782,1.034533947768,40.));
#6765 = CARTESIAN_POINT('',(0.406432744733,1.068980993878,40.));
#6766 = CARTESIAN_POINT('',(0.312997946462,1.112208659584,40.));
#6767 = VECTOR('',#6768,1.);
#6768 = DIRECTION('',(0.,0.,1.));
#6769 = ADVANCED_FACE('',(#6770),#6788,.T.);
#6770 = FACE_BOUND('',#6771,.T.);
#6771 = EDGE_LOOP('',(#6772,#6780,#6786,#6787));
#6772 = ORIENTED_EDGE('',*,*,#6773,.T.);
#6773 = EDGE_CURVE('',#1735,#6774,#6776,.T.);
#6774 = VERTEX_POINT('',#6775);
#6775 = CARTESIAN_POINT('',(-1.447178566507,1.177725590419,38.));
#6776 = LINE('',#6777,#6778);
#6777 = CARTESIAN_POINT('',(-1.447178566507,1.177725590419,40.));
#6778 = VECTOR('',#6779,1.);
#6779 = DIRECTION('',(-0.,-0.,-1.));
#6780 = ORIENTED_EDGE('',*,*,#6781,.T.);
#6781 = EDGE_CURVE('',#6774,#6722,#6782,.T.);
#6782 = B_SPLINE_CURVE_WITH_KNOTS('',2,(#6783,#6784,#6785),
  .UNSPECIFIED.,.F.,.F.,(3,3),(0.,1.),.PIECEWISE_BEZIER_KNOTS.);
#6783 = CARTESIAN_POINT('',(-1.447178566507,1.177725590419,38.));
#6784 = CARTESIAN_POINT('',(-1.360723235094,1.374501527019,38.));
#6785 = CARTESIAN_POINT('',(-1.192990886391,1.521070331053,38.));
#6786 = ORIENTED_EDGE('',*,*,#6721,.F.);
#6787 = ORIENTED_EDGE('',*,*,#1742,.F.);
#6788 = SURFACE_OF_LINEAR_EXTRUSION('',#6789,#6793);
#6789 = B_SPLINE_CURVE_WITH_KNOTS('',2,(#6790,#6791,#6792),
  .UNSPECIFIED.,.F.,.F.,(3,3),(0.,1.),.PIECEWISE_BEZIER_KNOTS.);
#6790 = CARTESIAN_POINT('',(-1.447178566507,1.177725590419,40.));
#6791 = CARTESIAN_POINT('',(-1.360723235094,1.374501527019,40.));
#6792 = CARTESIAN_POINT('',(-1.192990886391,1.521070331053,40.));
#6793 = VECTOR('',#6794,1.);
#6794 = DIRECTION('',(0.,0.,1.));
#6795 = ADVANCED_FACE('',(#6796),#6814,.T.);
#6796 = FACE_BOUND('',#6797,.T.);
#6797 = EDGE_LOOP('',(#6798,#6799,#6807,#6813));
#6798 = ORIENTED_EDGE('',*,*,#6756,.T.);
#6799 = ORIENTED_EDGE('',*,*,#6800,.T.);
#6800 = EDGE_CURVE('',#6749,#6801,#6803,.T.);
#6801 = VERTEX_POINT('',#6802);
#6802 = CARTESIAN_POINT('',(0.100236779315,1.189883371399,38.));
#6803 = B_SPLINE_CURVE_WITH_KNOTS('',2,(#6804,#6805,#6806),
  .UNSPECIFIED.,.F.,.F.,(3,3),(0.,1.),.PIECEWISE_BEZIER_KNOTS.);
#6804 = CARTESIAN_POINT('',(0.312997946462,1.112208659584,38.));
#6805 = CARTESIAN_POINT('',(0.219563148191,1.15543632529,38.));
#6806 = CARTESIAN_POINT('',(0.100236779315,1.189883371399,38.));
#6807 = ORIENTED_EDGE('',*,*,#6808,.F.);
#6808 = EDGE_CURVE('',#1423,#6801,#6809,.T.);
#6809 = LINE('',#6810,#6811);
#6810 = CARTESIAN_POINT('',(0.100236779315,1.189883371399,40.));
#6811 = VECTOR('',#6812,1.);
#6812 = DIRECTION('',(-0.,-0.,-1.));
#6813 = ORIENTED_EDGE('',*,*,#1422,.F.);
#6814 = SURFACE_OF_LINEAR_EXTRUSION('',#6815,#6819);
#6815 = B_SPLINE_CURVE_WITH_KNOTS('',2,(#6816,#6817,#6818),
  .UNSPECIFIED.,.F.,.F.,(3,3),(0.,1.),.PIECEWISE_BEZIER_KNOTS.);
#6816 = CARTESIAN_POINT('',(0.312997946462,1.112208659584,40.));
#6817 = CARTESIAN_POINT('',(0.219563148191,1.15543632529,40.));
#6818 = CARTESIAN_POINT('',(0.100236779315,1.189883371399,40.));
#6819 = VECTOR('',#6820,1.);
#6820 = DIRECTION('',(0.,0.,1.));
#6821 = ADVANCED_FACE('',(#6822),#6840,.T.);
#6822 = FACE_BOUND('',#6823,.T.);
#6823 = EDGE_LOOP('',(#6824,#6832,#6838,#6839));
#6824 = ORIENTED_EDGE('',*,*,#6825,.T.);
#6825 = EDGE_CURVE('',#1727,#6826,#6828,.T.);
#6826 = VERTEX_POINT('',#6827);
#6827 = CARTESIAN_POINT('',(-1.533633897919,0.763460460736,38.));
#6828 = LINE('',#6829,#6830);
#6829 = CARTESIAN_POINT('',(-1.533633897919,0.763460460736,40.));
#6830 = VECTOR('',#6831,1.);
#6831 = DIRECTION('',(-0.,-0.,-1.));
#6832 = ORIENTED_EDGE('',*,*,#6833,.T.);
#6833 = EDGE_CURVE('',#6826,#6774,#6834,.T.);
#6834 = B_SPLINE_CURVE_WITH_KNOTS('',2,(#6835,#6836,#6837),
  .UNSPECIFIED.,.F.,.F.,(3,3),(0.,1.),.PIECEWISE_BEZIER_KNOTS.);
#6835 = CARTESIAN_POINT('',(-1.533633897919,0.763460460736,38.));
#6836 = CARTESIAN_POINT('',(-1.533633897919,0.98094965382,38.));
#6837 = CARTESIAN_POINT('',(-1.447178566507,1.177725590419,38.));
#6838 = ORIENTED_EDGE('',*,*,#6773,.F.);
#6839 = ORIENTED_EDGE('',*,*,#1734,.F.);
#6840 = SURFACE_OF_LINEAR_EXTRUSION('',#6841,#6845);
#6841 = B_SPLINE_CURVE_WITH_KNOTS('',2,(#6842,#6843,#6844),
  .UNSPECIFIED.,.F.,.F.,(3,3),(0.,1.),.PIECEWISE_BEZIER_KNOTS.);
#6842 = CARTESIAN_POINT('',(-1.533633897919,0.763460460736,40.));
#6843 = CARTESIAN_POINT('',(-1.533633897919,0.98094965382,40.));
#6844 = CARTESIAN_POINT('',(-1.447178566507,1.177725590419,40.));
#6845 = VECTOR('',#6846,1.);
#6846 = DIRECTION('',(0.,0.,1.));
#6847 = ADVANCED_FACE('',(#6848),#6866,.T.);
#6848 = FACE_BOUND('',#6849,.T.);
#6849 = EDGE_LOOP('',(#6850,#6851,#6859,#6865));
#6850 = ORIENTED_EDGE('',*,*,#6808,.T.);
#6851 = ORIENTED_EDGE('',*,*,#6852,.T.);
#6852 = EDGE_CURVE('',#6801,#6853,#6855,.T.);
#6853 = VERTEX_POINT('',#6854);
#6854 = CARTESIAN_POINT('',(-0.181418480051,1.224330417509,38.));
#6855 = B_SPLINE_CURVE_WITH_KNOTS('',2,(#6856,#6857,#6858),
  .UNSPECIFIED.,.F.,.F.,(3,3),(0.,1.),.PIECEWISE_BEZIER_KNOTS.);
#6856 = CARTESIAN_POINT('',(0.100236779315,1.189883371399,38.));
#6857 = CARTESIAN_POINT('',(-1.886444546907E-02,1.224330417509,38.));
#6858 = CARTESIAN_POINT('',(-0.181418480051,1.224330417509,38.));
#6859 = ORIENTED_EDGE('',*,*,#6860,.F.);
#6860 = EDGE_CURVE('',#1431,#6853,#6861,.T.);
#6861 = LINE('',#6862,#6863);
#6862 = CARTESIAN_POINT('',(-0.181418480051,1.224330417509,40.));
#6863 = VECTOR('',#6864,1.);
#6864 = DIRECTION('',(-0.,-0.,-1.));
#6865 = ORIENTED_EDGE('',*,*,#1430,.F.);
#6866 = SURFACE_OF_LINEAR_EXTRUSION('',#6867,#6871);
#6867 = B_SPLINE_CURVE_WITH_KNOTS('',2,(#6868,#6869,#6870),
  .UNSPECIFIED.,.F.,.F.,(3,3),(0.,1.),.PIECEWISE_BEZIER_KNOTS.);
#6868 = CARTESIAN_POINT('',(0.100236779315,1.189883371399,40.));
#6869 = CARTESIAN_POINT('',(-1.886444546907E-02,1.224330417509,40.));
#6870 = CARTESIAN_POINT('',(-0.181418480051,1.224330417509,40.));
#6871 = VECTOR('',#6872,1.);
#6872 = DIRECTION('',(0.,0.,1.));
#6873 = ADVANCED_FACE('',(#6874),#6892,.T.);
#6874 = FACE_BOUND('',#6875,.T.);
#6875 = EDGE_LOOP('',(#6876,#6884,#6890,#6891));
#6876 = ORIENTED_EDGE('',*,*,#6877,.T.);
#6877 = EDGE_CURVE('',#1719,#6878,#6880,.T.);
#6878 = VERTEX_POINT('',#6879);
#6879 = CARTESIAN_POINT('',(-1.459336347486,0.363154264771,38.));
#6880 = LINE('',#6881,#6882);
#6881 = CARTESIAN_POINT('',(-1.459336347486,0.363154264771,40.));
#6882 = VECTOR('',#6883,1.);
#6883 = DIRECTION('',(-0.,-0.,-1.));
#6884 = ORIENTED_EDGE('',*,*,#6885,.T.);
#6885 = EDGE_CURVE('',#6878,#6826,#6886,.T.);
#6886 = B_SPLINE_CURVE_WITH_KNOTS('',2,(#6887,#6888,#6889),
  .UNSPECIFIED.,.F.,.F.,(3,3),(0.,1.),.PIECEWISE_BEZIER_KNOTS.);
#6887 = CARTESIAN_POINT('',(-1.459336347486,0.363154264771,38.));
#6888 = CARTESIAN_POINT('',(-1.533633897919,0.528860316644,38.));
#6889 = CARTESIAN_POINT('',(-1.533633897919,0.763460460736,38.));
#6890 = ORIENTED_EDGE('',*,*,#6825,.F.);
#6891 = ORIENTED_EDGE('',*,*,#1726,.F.);
#6892 = SURFACE_OF_LINEAR_EXTRUSION('',#6893,#6897);
#6893 = B_SPLINE_CURVE_WITH_KNOTS('',2,(#6894,#6895,#6896),
  .UNSPECIFIED.,.F.,.F.,(3,3),(0.,1.),.PIECEWISE_BEZIER_KNOTS.);
#6894 = CARTESIAN_POINT('',(-1.459336347486,0.363154264771,40.));
#6895 = CARTESIAN_POINT('',(-1.533633897919,0.528860316644,40.));
#6896 = CARTESIAN_POINT('',(-1.533633897919,0.763460460736,40.));
#6897 = VECTOR('',#6898,1.);
#6898 = DIRECTION('',(0.,0.,1.));
#6899 = ADVANCED_FACE('',(#6900),#6918,.T.);
#6900 = FACE_BOUND('',#6901,.T.);
#6901 = EDGE_LOOP('',(#6902,#6903,#6911,#6917));
#6902 = ORIENTED_EDGE('',*,*,#6860,.T.);
#6903 = ORIENTED_EDGE('',*,*,#6904,.T.);
#6904 = EDGE_CURVE('',#6853,#6905,#6907,.T.);
#6905 = VERTEX_POINT('',#6906);
#6906 = CARTESIAN_POINT('',(-0.579248091002,1.11693668552,38.));
#6907 = B_SPLINE_CURVE_WITH_KNOTS('',2,(#6908,#6909,#6910),
  .UNSPECIFIED.,.F.,.F.,(3,3),(0.,1.),.PIECEWISE_BEZIER_KNOTS.);
#6908 = CARTESIAN_POINT('',(-0.181418480051,1.224330417509,38.));
#6909 = CARTESIAN_POINT('',(-0.434030151521,1.224330417509,38.));
#6910 = CARTESIAN_POINT('',(-0.579248091002,1.11693668552,38.));
#6911 = ORIENTED_EDGE('',*,*,#6912,.F.);
#6912 = EDGE_CURVE('',#1439,#6905,#6913,.T.);
#6913 = LINE('',#6914,#6915);
#6914 = CARTESIAN_POINT('',(-0.579248091002,1.11693668552,40.));
#6915 = VECTOR('',#6916,1.);
#6916 = DIRECTION('',(-0.,-0.,-1.));
#6917 = ORIENTED_EDGE('',*,*,#1438,.F.);
#6918 = SURFACE_OF_LINEAR_EXTRUSION('',#6919,#6923);
#6919 = B_SPLINE_CURVE_WITH_KNOTS('',2,(#6920,#6921,#6922),
  .UNSPECIFIED.,.F.,.F.,(3,3),(0.,1.),.PIECEWISE_BEZIER_KNOTS.);
#6920 = CARTESIAN_POINT('',(-0.181418480051,1.224330417509,40.));
#6921 = CARTESIAN_POINT('',(-0.434030151521,1.224330417509,40.));
#6922 = CARTESIAN_POINT('',(-0.579248091002,1.11693668552,40.));
#6923 = VECTOR('',#6924,1.);
#6924 = DIRECTION('',(0.,0.,1.));
#6925 = ADVANCED_FACE('',(#6926),#6944,.T.);
#6926 = FACE_BOUND('',#6927,.T.);
#6927 = EDGE_LOOP('',(#6928,#6936,#6942,#6943));
#6928 = ORIENTED_EDGE('',*,*,#6929,.T.);
#6929 = EDGE_CURVE('',#1711,#6930,#6932,.T.);
#6930 = VERTEX_POINT('',#6931);
#6931 = CARTESIAN_POINT('',(-1.262335266795,8.352530223492E-02,38.));
#6932 = LINE('',#6933,#6934);
#6933 = CARTESIAN_POINT('',(-1.262335266795,8.352530223492E-02,40.));
#6934 = VECTOR('',#6935,1.);
#6935 = DIRECTION('',(-0.,-0.,-1.));
#6936 = ORIENTED_EDGE('',*,*,#6937,.T.);
#6937 = EDGE_CURVE('',#6930,#6878,#6938,.T.);
#6938 = B_SPLINE_CURVE_WITH_KNOTS('',2,(#6939,#6940,#6941),
  .UNSPECIFIED.,.F.,.F.,(3,3),(0.,1.),.PIECEWISE_BEZIER_KNOTS.);
#6939 = CARTESIAN_POINT('',(-1.262335266795,8.352530223492E-02,38.));
#6940 = CARTESIAN_POINT('',(-1.385038797054,0.197448212898,38.));
#6941 = CARTESIAN_POINT('',(-1.459336347486,0.363154264771,38.));
#6942 = ORIENTED_EDGE('',*,*,#6877,.F.);
#6943 = ORIENTED_EDGE('',*,*,#1718,.F.);
#6944 = SURFACE_OF_LINEAR_EXTRUSION('',#6945,#6949);
#6945 = B_SPLINE_CURVE_WITH_KNOTS('',2,(#6946,#6947,#6948),
  .UNSPECIFIED.,.F.,.F.,(3,3),(0.,1.),.PIECEWISE_BEZIER_KNOTS.);
#6946 = CARTESIAN_POINT('',(-1.262335266795,8.352530223492E-02,40.));
#6947 = CARTESIAN_POINT('',(-1.385038797054,0.197448212898,40.));
#6948 = CARTESIAN_POINT('',(-1.459336347486,0.363154264771,40.));
#6949 = VECTOR('',#6950,1.);
#6950 = DIRECTION('',(0.,0.,1.));
#6951 = ADVANCED_FACE('',(#6952),#6970,.T.);
#6952 = FACE_BOUND('',#6953,.T.);
#6953 = EDGE_LOOP('',(#6954,#6955,#6963,#6969));
#6954 = ORIENTED_EDGE('',*,*,#6912,.T.);
#6955 = ORIENTED_EDGE('',*,*,#6956,.T.);
#6956 = EDGE_CURVE('',#6905,#6957,#6959,.T.);
#6957 = VERTEX_POINT('',#6958);
#6958 = CARTESIAN_POINT('',(-0.724466030483,0.836407146615,38.));
#6959 = B_SPLINE_CURVE_WITH_KNOTS('',2,(#6960,#6961,#6962),
  .UNSPECIFIED.,.F.,.F.,(3,3),(0.,1.),.PIECEWISE_BEZIER_KNOTS.);
#6960 = CARTESIAN_POINT('',(-0.579248091002,1.11693668552,38.));
#6961 = CARTESIAN_POINT('',(-0.724466030483,1.009542953532,38.));
#6962 = CARTESIAN_POINT('',(-0.724466030483,0.836407146615,38.));
#6963 = ORIENTED_EDGE('',*,*,#6964,.F.);
#6964 = EDGE_CURVE('',#1447,#6957,#6965,.T.);
#6965 = LINE('',#6966,#6967);
#6966 = CARTESIAN_POINT('',(-0.724466030483,0.836407146615,40.));
#6967 = VECTOR('',#6968,1.);
#6968 = DIRECTION('',(-0.,-0.,-1.));
#6969 = ORIENTED_EDGE('',*,*,#1446,.F.);
#6970 = SURFACE_OF_LINEAR_EXTRUSION('',#6971,#6975);
#6971 = B_SPLINE_CURVE_WITH_KNOTS('',2,(#6972,#6973,#6974),
  .UNSPECIFIED.,.F.,.F.,(3,3),(0.,1.),.PIECEWISE_BEZIER_KNOTS.);
#6972 = CARTESIAN_POINT('',(-0.579248091002,1.11693668552,40.));
#6973 = CARTESIAN_POINT('',(-0.724466030483,1.009542953532,40.));
#6974 = CARTESIAN_POINT('',(-0.724466030483,0.836407146615,40.));
#6975 = VECTOR('',#6976,1.);
#6976 = DIRECTION('',(0.,0.,1.));
#6977 = ADVANCED_FACE('',(#6978),#6996,.T.);
#6978 = FACE_BOUND('',#6979,.T.);
#6979 = EDGE_LOOP('',(#6980,#6988,#6994,#6995));
#6980 = ORIENTED_EDGE('',*,*,#6981,.T.);
#6981 = EDGE_CURVE('',#1703,#6982,#6984,.T.);
#6982 = VERTEX_POINT('',#6983);
#6983 = CARTESIAN_POINT('',(-0.982030871982,-0.10469515886,38.));
#6984 = LINE('',#6985,#6986);
#6985 = CARTESIAN_POINT('',(-0.982030871982,-0.10469515886,40.));
#6986 = VECTOR('',#6987,1.);
#6987 = DIRECTION('',(-0.,-0.,-1.));
#6988 = ORIENTED_EDGE('',*,*,#6989,.T.);
#6989 = EDGE_CURVE('',#6982,#6930,#6990,.T.);
#6990 = B_SPLINE_CURVE_WITH_KNOTS('',2,(#6991,#6992,#6993),
  .UNSPECIFIED.,.F.,.F.,(3,3),(0.,1.),.PIECEWISE_BEZIER_KNOTS.);
#6991 = CARTESIAN_POINT('',(-0.982030871982,-0.10469515886,38.));
#6992 = CARTESIAN_POINT('',(-1.139406592443,-3.03976084279E-02,38.));
#6993 = CARTESIAN_POINT('',(-1.262335266795,8.352530223492E-02,38.));
#6994 = ORIENTED_EDGE('',*,*,#6929,.F.);
#6995 = ORIENTED_EDGE('',*,*,#1710,.F.);
#6996 = SURFACE_OF_LINEAR_EXTRUSION('',#6997,#7001);
#6997 = B_SPLINE_CURVE_WITH_KNOTS('',2,(#6998,#6999,#7000),
  .UNSPECIFIED.,.F.,.F.,(3,3),(0.,1.),.PIECEWISE_BEZIER_KNOTS.);
#6998 = CARTESIAN_POINT('',(-0.982030871982,-0.10469515886,40.));
#6999 = CARTESIAN_POINT('',(-1.139406592443,-3.03976084279E-02,40.));
#7000 = CARTESIAN_POINT('',(-1.262335266795,8.352530223492E-02,40.));
#7001 = VECTOR('',#7002,1.);
#7002 = DIRECTION('',(0.,0.,1.));
#7003 = ADVANCED_FACE('',(#7004),#7022,.T.);
#7004 = FACE_BOUND('',#7005,.T.);
#7005 = EDGE_LOOP('',(#7006,#7007,#7015,#7021));
#7006 = ORIENTED_EDGE('',*,*,#6964,.T.);
#7007 = ORIENTED_EDGE('',*,*,#7008,.T.);
#7008 = EDGE_CURVE('',#6957,#7009,#7011,.T.);
#7009 = VERTEX_POINT('',#7010);
#7010 = CARTESIAN_POINT('',(-0.650168480051,0.644359235953,38.));
#7011 = B_SPLINE_CURVE_WITH_KNOTS('',2,(#7012,#7013,#7014),
  .UNSPECIFIED.,.F.,.F.,(3,3),(0.,1.),.PIECEWISE_BEZIER_KNOTS.);
#7012 = CARTESIAN_POINT('',(-0.724466030483,0.836407146615,38.));
#7013 = CARTESIAN_POINT('',(-0.724466030483,0.72225909186,38.));
#7014 = CARTESIAN_POINT('',(-0.650168480051,0.644359235953,38.));
#7015 = ORIENTED_EDGE('',*,*,#7016,.F.);
#7016 = EDGE_CURVE('',#1455,#7009,#7017,.T.);
#7017 = LINE('',#7018,#7019);
#7018 = CARTESIAN_POINT('',(-0.650168480051,0.644359235953,40.));
#7019 = VECTOR('',#7020,1.);
#7020 = DIRECTION('',(-0.,-0.,-1.));
#7021 = ORIENTED_EDGE('',*,*,#1454,.F.);
#7022 = SURFACE_OF_LINEAR_EXTRUSION('',#7023,#7027);
#7023 = B_SPLINE_CURVE_WITH_KNOTS('',2,(#7024,#7025,#7026),
  .UNSPECIFIED.,.F.,.F.,(3,3),(0.,1.),.PIECEWISE_BEZIER_KNOTS.);
#7024 = CARTESIAN_POINT('',(-0.724466030483,0.836407146615,40.));
#7025 = CARTESIAN_POINT('',(-0.724466030483,0.72225909186,40.));
#7026 = CARTESIAN_POINT('',(-0.650168480051,0.644359235953,40.));
#7027 = VECTOR('',#7028,1.);
#7028 = DIRECTION('',(0.,0.,1.));
#7029 = ADVANCED_FACE('',(#7030),#7048,.T.);
#7030 = FACE_BOUND('',#7031,.T.);
#7031 = EDGE_LOOP('',(#7032,#7040,#7046,#7047));
#7032 = ORIENTED_EDGE('',*,*,#7033,.T.);
#7033 = EDGE_CURVE('',#1695,#7034,#7036,.T.);
#7034 = VERTEX_POINT('',#7035);
#7035 = CARTESIAN_POINT('',(-0.660525108293,-0.234153011886,38.));
#7036 = LINE('',#7037,#7038);
#7037 = CARTESIAN_POINT('',(-0.660525108293,-0.234153011886,40.));
#7038 = VECTOR('',#7039,1.);
#7039 = DIRECTION('',(-0.,-0.,-1.));
#7040 = ORIENTED_EDGE('',*,*,#7041,.T.);
#7041 = EDGE_CURVE('',#7034,#6982,#7042,.T.);
#7042 = B_SPLINE_CURVE_WITH_KNOTS('',2,(#7043,#7044,#7045),
  .UNSPECIFIED.,.F.,.F.,(3,3),(0.,1.),.PIECEWISE_BEZIER_KNOTS.);
#7043 = CARTESIAN_POINT('',(-0.660525108293,-0.234153011886,38.));
#7044 = CARTESIAN_POINT('',(-0.824655151521,-0.1787675652,38.));
#7045 = CARTESIAN_POINT('',(-0.982030871982,-0.10469515886,38.));
#7046 = ORIENTED_EDGE('',*,*,#6981,.F.);
#7047 = ORIENTED_EDGE('',*,*,#1702,.F.);
#7048 = SURFACE_OF_LINEAR_EXTRUSION('',#7049,#7053);
#7049 = B_SPLINE_CURVE_WITH_KNOTS('',2,(#7050,#7051,#7052),
  .UNSPECIFIED.,.F.,.F.,(3,3),(0.,1.),.PIECEWISE_BEZIER_KNOTS.);
#7050 = CARTESIAN_POINT('',(-0.660525108293,-0.234153011886,40.));
#7051 = CARTESIAN_POINT('',(-0.824655151521,-0.1787675652,40.));
#7052 = CARTESIAN_POINT('',(-0.982030871982,-0.10469515886,40.));
#7053 = VECTOR('',#7054,1.);
#7054 = DIRECTION('',(0.,0.,1.));
#7055 = ADVANCED_FACE('',(#7056),#7074,.T.);
#7056 = FACE_BOUND('',#7057,.T.);
#7057 = EDGE_LOOP('',(#7058,#7059,#7067,#7073));
#7058 = ORIENTED_EDGE('',*,*,#7016,.T.);
#7059 = ORIENTED_EDGE('',*,*,#7060,.T.);
#7060 = EDGE_CURVE('',#7009,#7061,#7063,.T.);
#7061 = VERTEX_POINT('',#7062);
#7062 = CARTESIAN_POINT('',(-0.452942255267,0.507471627883,38.));
#7063 = B_SPLINE_CURVE_WITH_KNOTS('',2,(#7064,#7065,#7066),
  .UNSPECIFIED.,.F.,.F.,(3,3),(0.,1.),.PIECEWISE_BEZIER_KNOTS.);
#7064 = CARTESIAN_POINT('',(-0.650168480051,0.644359235953,38.));
#7065 = CARTESIAN_POINT('',(-0.575645785527,0.566459380045,38.));
#7066 = CARTESIAN_POINT('',(-0.452942255267,0.507471627883,38.));
#7067 = ORIENTED_EDGE('',*,*,#7068,.F.);
#7068 = EDGE_CURVE('',#1463,#7061,#7069,.T.);
#7069 = LINE('',#7070,#7071);
#7070 = CARTESIAN_POINT('',(-0.452942255267,0.507471627883,40.));
#7071 = VECTOR('',#7072,1.);
#7072 = DIRECTION('',(-0.,-0.,-1.));
#7073 = ORIENTED_EDGE('',*,*,#1462,.F.);
#7074 = SURFACE_OF_LINEAR_EXTRUSION('',#7075,#7079);
#7075 = B_SPLINE_CURVE_WITH_KNOTS('',2,(#7076,#7077,#7078),
  .UNSPECIFIED.,.F.,.F.,(3,3),(0.,1.),.PIECEWISE_BEZIER_KNOTS.);
#7076 = CARTESIAN_POINT('',(-0.650168480051,0.644359235953,40.));
#7077 = CARTESIAN_POINT('',(-0.575645785527,0.566459380045,40.));
#7078 = CARTESIAN_POINT('',(-0.452942255267,0.507471627883,40.));
#7079 = VECTOR('',#7080,1.);
#7080 = DIRECTION('',(0.,0.,1.));
#7081 = ADVANCED_FACE('',(#7082),#7100,.T.);
#7082 = FACE_BOUND('',#7083,.T.);
#7083 = EDGE_LOOP('',(#7084,#7092,#7098,#7099));
#7084 = ORIENTED_EDGE('',*,*,#7085,.T.);
#7085 = EDGE_CURVE('',#1687,#7086,#7088,.T.);
#7086 = VERTEX_POINT('',#7087);
#7087 = CARTESIAN_POINT('',(-0.338794200512,-0.335918141569,38.));
#7088 = LINE('',#7089,#7090);
#7089 = CARTESIAN_POINT('',(-0.338794200512,-0.335918141569,40.));
#7090 = VECTOR('',#7091,1.);
#7091 = DIRECTION('',(-0.,-0.,-1.));
#7092 = ORIENTED_EDGE('',*,*,#7093,.T.);
#7093 = EDGE_CURVE('',#7086,#7034,#7094,.T.);
#7094 = B_SPLINE_CURVE_WITH_KNOTS('',2,(#7095,#7096,#7097),
  .UNSPECIFIED.,.F.,.F.,(3,3),(0.,1.),.PIECEWISE_BEZIER_KNOTS.);
#7095 = CARTESIAN_POINT('',(-0.338794200512,-0.335918141569,38.));
#7096 = CARTESIAN_POINT('',(-0.496169920973,-0.28931331448,38.));
#7097 = CARTESIAN_POINT('',(-0.660525108293,-0.234153011886,38.));
#7098 = ORIENTED_EDGE('',*,*,#7033,.F.);
#7099 = ORIENTED_EDGE('',*,*,#1694,.F.);
#7100 = SURFACE_OF_LINEAR_EXTRUSION('',#7101,#7105);
#7101 = B_SPLINE_CURVE_WITH_KNOTS('',2,(#7102,#7103,#7104),
  .UNSPECIFIED.,.F.,.F.,(3,3),(0.,1.),.PIECEWISE_BEZIER_KNOTS.);
#7102 = CARTESIAN_POINT('',(-0.338794200512,-0.335918141569,40.));
#7103 = CARTESIAN_POINT('',(-0.496169920973,-0.28931331448,40.));
#7104 = CARTESIAN_POINT('',(-0.660525108293,-0.234153011886,40.));
#7105 = VECTOR('',#7106,1.);
#7106 = DIRECTION('',(0.,0.,1.));
#7107 = ADVANCED_FACE('',(#7108),#7126,.T.);
#7108 = FACE_BOUND('',#7109,.T.);
#7109 = EDGE_LOOP('',(#7110,#7111,#7119,#7125));
#7110 = ORIENTED_EDGE('',*,*,#7068,.T.);
#7111 = ORIENTED_EDGE('',*,*,#7112,.T.);
#7112 = EDGE_CURVE('',#7061,#7113,#7115,.T.);
#7113 = VERTEX_POINT('',#7114);
#7114 = CARTESIAN_POINT('',(-0.174664157285,0.401879048633,38.));
#7115 = B_SPLINE_CURVE_WITH_KNOTS('',2,(#7116,#7117,#7118),
  .UNSPECIFIED.,.F.,.F.,(3,3),(0.,1.),.PIECEWISE_BEZIER_KNOTS.);
#7116 = CARTESIAN_POINT('',(-0.452942255267,0.507471627883,38.));
#7117 = CARTESIAN_POINT('',(-0.330238725008,0.448709019814,38.));
#7118 = CARTESIAN_POINT('',(-0.174664157285,0.401879048633,38.));
#7119 = ORIENTED_EDGE('',*,*,#7120,.F.);
#7120 = EDGE_CURVE('',#1471,#7113,#7121,.T.);
#7121 = LINE('',#7122,#7123);
#7122 = CARTESIAN_POINT('',(-0.174664157285,0.401879048633,40.));
#7123 = VECTOR('',#7124,1.);
#7124 = DIRECTION('',(-0.,-0.,-1.));
#7125 = ORIENTED_EDGE('',*,*,#1470,.F.);
#7126 = SURFACE_OF_LINEAR_EXTRUSION('',#7127,#7131);
#7127 = B_SPLINE_CURVE_WITH_KNOTS('',2,(#7128,#7129,#7130),
  .UNSPECIFIED.,.F.,.F.,(3,3),(0.,1.),.PIECEWISE_BEZIER_KNOTS.);
#7128 = CARTESIAN_POINT('',(-0.452942255267,0.507471627883,40.));
#7129 = CARTESIAN_POINT('',(-0.330238725008,0.448709019814,40.));
#7130 = CARTESIAN_POINT('',(-0.174664157285,0.401879048633,40.));
#7131 = VECTOR('',#7132,1.);
#7132 = DIRECTION('',(0.,0.,1.));
#7133 = ADVANCED_FACE('',(#7134),#7152,.T.);
#7134 = FACE_BOUND('',#7135,.T.);
#7135 = EDGE_LOOP('',(#7136,#7144,#7150,#7151));
#7136 = ORIENTED_EDGE('',*,*,#7137,.T.);
#7137 = EDGE_CURVE('',#1679,#7138,#7140,.T.);
#7138 = VERTEX_POINT('',#7139);
#7139 = CARTESIAN_POINT('',(-5.871494979183E-02,-0.441285576728,38.));
#7140 = LINE('',#7141,#7142);
#7141 = CARTESIAN_POINT('',(-5.871494979183E-02,-0.441285576728,40.));
#7142 = VECTOR('',#7143,1.);
#7143 = DIRECTION('',(-0.,-0.,-1.));
#7144 = ORIENTED_EDGE('',*,*,#7145,.T.);
#7145 = EDGE_CURVE('',#7138,#7086,#7146,.T.);
#7146 = B_SPLINE_CURVE_WITH_KNOTS('',2,(#7147,#7148,#7149),
  .UNSPECIFIED.,.F.,.F.,(3,3),(0.,1.),.PIECEWISE_BEZIER_KNOTS.);
#7147 = CARTESIAN_POINT('',(-5.871494979183E-02,-0.441285576728,38.));
#7148 = CARTESIAN_POINT('',(-0.181418480051,-0.382522968658,38.));
#7149 = CARTESIAN_POINT('',(-0.338794200512,-0.335918141569,38.));
#7150 = ORIENTED_EDGE('',*,*,#7085,.F.);
#7151 = ORIENTED_EDGE('',*,*,#1686,.F.);
#7152 = SURFACE_OF_LINEAR_EXTRUSION('',#7153,#7157);
#7153 = B_SPLINE_CURVE_WITH_KNOTS('',2,(#7154,#7155,#7156),
  .UNSPECIFIED.,.F.,.F.,(3,3),(0.,1.),.PIECEWISE_BEZIER_KNOTS.);
#7154 = CARTESIAN_POINT('',(-5.871494979183E-02,-0.441285576728,40.));
#7155 = CARTESIAN_POINT('',(-0.181418480051,-0.382522968658,40.));
#7156 = CARTESIAN_POINT('',(-0.338794200512,-0.335918141569,40.));
#7157 = VECTOR('',#7158,1.);
#7158 = DIRECTION('',(0.,0.,1.));
#7159 = ADVANCED_FACE('',(#7160),#7178,.T.);
#7160 = FACE_BOUND('',#7161,.T.);
#7161 = EDGE_LOOP('',(#7162,#7163,#7171,#7177));
#7162 = ORIENTED_EDGE('',*,*,#7120,.T.);
#7163 = ORIENTED_EDGE('',*,*,#7164,.T.);
#7164 = EDGE_CURVE('',#7113,#7165,#7167,.T.);
#7165 = VERTEX_POINT('',#7166);
#7166 = CARTESIAN_POINT('',(0.143464445021,0.299663630765,38.));
#7167 = B_SPLINE_CURVE_WITH_KNOTS('',2,(#7168,#7169,#7170),
  .UNSPECIFIED.,.F.,.F.,(3,3),(0.,1.),.PIECEWISE_BEZIER_KNOTS.);
#7168 = CARTESIAN_POINT('',(-0.174664157285,0.401879048633,38.));
#7169 = CARTESIAN_POINT('',(-1.886444546907E-02,0.355274221543,38.));
#7170 = CARTESIAN_POINT('',(0.143464445021,0.299663630765,38.));
#7171 = ORIENTED_EDGE('',*,*,#7172,.F.);
#7172 = EDGE_CURVE('',#1479,#7165,#7173,.T.);
#7173 = LINE('',#7174,#7175);
#7174 = CARTESIAN_POINT('',(0.143464445021,0.299663630765,40.));
#7175 = VECTOR('',#7176,1.);
#7176 = DIRECTION('',(-0.,-0.,-1.));
#7177 = ORIENTED_EDGE('',*,*,#1478,.F.);
#7178 = SURFACE_OF_LINEAR_EXTRUSION('',#7179,#7183);
#7179 = B_SPLINE_CURVE_WITH_KNOTS('',2,(#7180,#7181,#7182),
  .UNSPECIFIED.,.F.,.F.,(3,3),(0.,1.),.PIECEWISE_BEZIER_KNOTS.);
#7180 = CARTESIAN_POINT('',(-0.174664157285,0.401879048633,40.));
#7181 = CARTESIAN_POINT('',(-1.886444546907E-02,0.355274221543,40.));
#7182 = CARTESIAN_POINT('',(0.143464445021,0.299663630765,40.));
#7183 = VECTOR('',#7184,1.);
#7184 = DIRECTION('',(0.,0.,1.));
#7185 = ADVANCED_FACE('',(#7186),#7204,.T.);
#7186 = FACE_BOUND('',#7187,.T.);
#7187 = EDGE_LOOP('',(#7188,#7196,#7202,#7203));
#7188 = ORIENTED_EDGE('',*,*,#7189,.T.);
#7189 = EDGE_CURVE('',#1671,#7190,#7192,.T.);
#7190 = VERTEX_POINT('',#7191);
#7191 = CARTESIAN_POINT('',(0.1382861309,-0.579298905258,38.));
#7192 = LINE('',#7193,#7194);
#7193 = CARTESIAN_POINT('',(0.1382861309,-0.579298905258,40.));
#7194 = VECTOR('',#7195,1.);
#7195 = DIRECTION('',(-0.,-0.,-1.));
#7196 = ORIENTED_EDGE('',*,*,#7197,.T.);
#7197 = EDGE_CURVE('',#7190,#7138,#7198,.T.);
#7198 = B_SPLINE_CURVE_WITH_KNOTS('',2,(#7199,#7200,#7201),
  .UNSPECIFIED.,.F.,.F.,(3,3),(0.,1.),.PIECEWISE_BEZIER_KNOTS.);
#7199 = CARTESIAN_POINT('',(0.1382861309,-0.579298905258,38.));
#7200 = CARTESIAN_POINT('',(6.398858046753E-02,-0.499823040705,38.));
#7201 = CARTESIAN_POINT('',(-5.871494979183E-02,-0.441285576728,38.));
#7202 = ORIENTED_EDGE('',*,*,#7137,.F.);
#7203 = ORIENTED_EDGE('',*,*,#1678,.F.);
#7204 = SURFACE_OF_LINEAR_EXTRUSION('',#7205,#7209);
#7205 = B_SPLINE_CURVE_WITH_KNOTS('',2,(#7206,#7207,#7208),
  .UNSPECIFIED.,.F.,.F.,(3,3),(0.,1.),.PIECEWISE_BEZIER_KNOTS.);
#7206 = CARTESIAN_POINT('',(0.1382861309,-0.579298905258,40.));
#7207 = CARTESIAN_POINT('',(6.398858046753E-02,-0.499823040705,40.));
#7208 = CARTESIAN_POINT('',(-5.871494979183E-02,-0.441285576728,40.));
#7209 = VECTOR('',#7210,1.);
#7210 = DIRECTION('',(0.,0.,1.));
#7211 = ADVANCED_FACE('',(#7212),#7230,.T.);
#7212 = FACE_BOUND('',#7213,.T.);
#7213 = EDGE_LOOP('',(#7214,#7215,#7223,#7229));
#7214 = ORIENTED_EDGE('',*,*,#7172,.T.);
#7215 = ORIENTED_EDGE('',*,*,#7216,.T.);
#7216 = EDGE_CURVE('',#7165,#7217,#7219,.T.);
#7217 = VERTEX_POINT('',#7218);
#7218 = CARTESIAN_POINT('',(0.461593047326,0.17335779503,38.));
#7219 = B_SPLINE_CURVE_WITH_KNOTS('',2,(#7220,#7221,#7222),
  .UNSPECIFIED.,.F.,.F.,(3,3),(0.,1.),.PIECEWISE_BEZIER_KNOTS.);
#7220 = CARTESIAN_POINT('',(0.143464445021,0.299663630765,38.));
#7221 = CARTESIAN_POINT('',(0.306018479603,0.244278184079,38.));
#7222 = CARTESIAN_POINT('',(0.461593047326,0.17335779503,38.));
#7223 = ORIENTED_EDGE('',*,*,#7224,.F.);
#7224 = EDGE_CURVE('',#1487,#7217,#7225,.T.);
#7225 = LINE('',#7226,#7227);
#7226 = CARTESIAN_POINT('',(0.461593047326,0.17335779503,40.));
#7227 = VECTOR('',#7228,1.);
#7228 = DIRECTION('',(-0.,-0.,-1.));
#7229 = ORIENTED_EDGE('',*,*,#1486,.F.);
#7230 = SURFACE_OF_LINEAR_EXTRUSION('',#7231,#7235);
#7231 = B_SPLINE_CURVE_WITH_KNOTS('',2,(#7232,#7233,#7234),
  .UNSPECIFIED.,.F.,.F.,(3,3),(0.,1.),.PIECEWISE_BEZIER_KNOTS.);
#7232 = CARTESIAN_POINT('',(0.143464445021,0.299663630765,40.));
#7233 = CARTESIAN_POINT('',(0.306018479603,0.244278184079,40.));
#7234 = CARTESIAN_POINT('',(0.461593047326,0.17335779503,40.));
#7235 = VECTOR('',#7236,1.);
#7236 = DIRECTION('',(0.,0.,1.));
#7237 = ADVANCED_FACE('',(#7238),#7256,.T.);
#7238 = FACE_BOUND('',#7239,.T.);
#7239 = EDGE_LOOP('',(#7240,#7248,#7254,#7255));
#7240 = ORIENTED_EDGE('',*,*,#7241,.T.);
#7241 = EDGE_CURVE('',#1663,#7242,#7244,.T.);
#7242 = VERTEX_POINT('',#7243);
#7243 = CARTESIAN_POINT('',(0.212808825424,-0.782829164624,38.));
#7244 = LINE('',#7245,#7246);
#7245 = CARTESIAN_POINT('',(0.212808825424,-0.782829164624,40.));
#7246 = VECTOR('',#7247,1.);
#7247 = DIRECTION('',(-0.,-0.,-1.));
#7248 = ORIENTED_EDGE('',*,*,#7249,.T.);
#7249 = EDGE_CURVE('',#7242,#7190,#7250,.T.);
#7250 = B_SPLINE_CURVE_WITH_KNOTS('',2,(#7251,#7252,#7253),
  .UNSPECIFIED.,.F.,.F.,(3,3),(0.,1.),.PIECEWISE_BEZIER_KNOTS.);
#7251 = CARTESIAN_POINT('',(0.212808825424,-0.782829164624,38.));
#7252 = CARTESIAN_POINT('',(0.212808825424,-0.658549625719,38.));
#7253 = CARTESIAN_POINT('',(0.1382861309,-0.579298905258,38.));
#7254 = ORIENTED_EDGE('',*,*,#7189,.F.);
#7255 = ORIENTED_EDGE('',*,*,#1670,.F.);
#7256 = SURFACE_OF_LINEAR_EXTRUSION('',#7257,#7261);
#7257 = B_SPLINE_CURVE_WITH_KNOTS('',2,(#7258,#7259,#7260),
  .UNSPECIFIED.,.F.,.F.,(3,3),(0.,1.),.PIECEWISE_BEZIER_KNOTS.);
#7258 = CARTESIAN_POINT('',(0.212808825424,-0.782829164624,40.));
#7259 = CARTESIAN_POINT('',(0.212808825424,-0.658549625719,40.));
#7260 = CARTESIAN_POINT('',(0.1382861309,-0.579298905258,40.));
#7261 = VECTOR('',#7262,1.);
#7262 = DIRECTION('',(0.,0.,1.));
#7263 = ADVANCED_FACE('',(#7264),#7282,.T.);
#7264 = FACE_BOUND('',#7265,.T.);
#7265 = EDGE_LOOP('',(#7266,#7267,#7275,#7281));
#7266 = ORIENTED_EDGE('',*,*,#7224,.T.);
#7267 = ORIENTED_EDGE('',*,*,#7268,.T.);
#7268 = EDGE_CURVE('',#7217,#7269,#7271,.T.);
#7269 = VERTEX_POINT('',#7270);
#7270 = CARTESIAN_POINT('',(0.740096289401,-6.757478744905E-03,38.));
#7271 = B_SPLINE_CURVE_WITH_KNOTS('',2,(#7272,#7273,#7274),
  .UNSPECIFIED.,.F.,.F.,(3,3),(0.,1.),.PIECEWISE_BEZIER_KNOTS.);
#7272 = CARTESIAN_POINT('',(0.461593047326,0.17335779503,38.));
#7273 = CARTESIAN_POINT('',(0.617392759142,0.102437405981,38.));
#7274 = CARTESIAN_POINT('',(0.740096289401,-6.757478744905E-03,38.));
#7275 = ORIENTED_EDGE('',*,*,#7276,.F.);
#7276 = EDGE_CURVE('',#1495,#7269,#7277,.T.);
#7277 = LINE('',#7278,#7279);
#7278 = CARTESIAN_POINT('',(0.740096289401,-6.757478744905E-03,40.));
#7279 = VECTOR('',#7280,1.);
#7280 = DIRECTION('',(-0.,-0.,-1.));
#7281 = ORIENTED_EDGE('',*,*,#1494,.F.);
#7282 = SURFACE_OF_LINEAR_EXTRUSION('',#7283,#7287);
#7283 = B_SPLINE_CURVE_WITH_KNOTS('',2,(#7284,#7285,#7286),
  .UNSPECIFIED.,.F.,.F.,(3,3),(0.,1.),.PIECEWISE_BEZIER_KNOTS.);
#7284 = CARTESIAN_POINT('',(0.461593047326,0.17335779503,40.));
#7285 = CARTESIAN_POINT('',(0.617392759142,0.102437405981,40.));
#7286 = CARTESIAN_POINT('',(0.740096289401,-6.757478744905E-03,40.));
#7287 = VECTOR('',#7288,1.);
#7288 = DIRECTION('',(0.,0.,1.));
#7289 = ADVANCED_FACE('',(#7290),#7308,.T.);
#7290 = FACE_BOUND('',#7291,.T.);
#7291 = EDGE_LOOP('',(#7292,#7300,#7306,#7307));
#7292 = ORIENTED_EDGE('',*,*,#7293,.T.);
#7293 = EDGE_CURVE('',#1655,#7294,#7296,.T.);
#7294 = VERTEX_POINT('',#7295);
#7295 = CARTESIAN_POINT('',(0.17993778796,-0.943356902376,38.));
#7296 = LINE('',#7297,#7298);
#7297 = CARTESIAN_POINT('',(0.17993778796,-0.943356902376,40.));
#7298 = VECTOR('',#7299,1.);
#7299 = DIRECTION('',(-0.,-0.,-1.));
#7300 = ORIENTED_EDGE('',*,*,#7301,.T.);
#7301 = EDGE_CURVE('',#7294,#7242,#7302,.T.);
#7302 = B_SPLINE_CURVE_WITH_KNOTS('',2,(#7303,#7304,#7305),
  .UNSPECIFIED.,.F.,.F.,(3,3),(0.,1.),.PIECEWISE_BEZIER_KNOTS.);
#7303 = CARTESIAN_POINT('',(0.17993778796,-0.943356902376,38.));
#7304 = CARTESIAN_POINT('',(0.212808825424,-0.86568219056,38.));
#7305 = CARTESIAN_POINT('',(0.212808825424,-0.782829164624,38.));
#7306 = ORIENTED_EDGE('',*,*,#7241,.F.);
#7307 = ORIENTED_EDGE('',*,*,#1662,.F.);
#7308 = SURFACE_OF_LINEAR_EXTRUSION('',#7309,#7313);
#7309 = B_SPLINE_CURVE_WITH_KNOTS('',2,(#7310,#7311,#7312),
  .UNSPECIFIED.,.F.,.F.,(3,3),(0.,1.),.PIECEWISE_BEZIER_KNOTS.);
#7310 = CARTESIAN_POINT('',(0.17993778796,-0.943356902376,40.));
#7311 = CARTESIAN_POINT('',(0.212808825424,-0.86568219056,40.));
#7312 = CARTESIAN_POINT('',(0.212808825424,-0.782829164624,40.));
#7313 = VECTOR('',#7314,1.);
#7314 = DIRECTION('',(0.,0.,1.));
#7315 = ADVANCED_FACE('',(#7316),#7334,.T.);
#7316 = FACE_BOUND('',#7317,.T.);
#7317 = EDGE_LOOP('',(#7318,#7319,#7327,#7333));
#7318 = ORIENTED_EDGE('',*,*,#7276,.T.);
#7319 = ORIENTED_EDGE('',*,*,#7320,.T.);
#7320 = EDGE_CURVE('',#7269,#7321,#7323,.T.);
#7321 = VERTEX_POINT('',#7322);
#7322 = CARTESIAN_POINT('',(0.937097370093,-0.268149769811,38.));
#7323 = B_SPLINE_CURVE_WITH_KNOTS('',2,(#7324,#7325,#7326),
  .UNSPECIFIED.,.F.,.F.,(3,3),(0.,1.),.PIECEWISE_BEZIER_KNOTS.);
#7324 = CARTESIAN_POINT('',(0.740096289401,-6.757478744905E-03,38.));
#7325 = CARTESIAN_POINT('',(0.862799819661,-0.115727219379,38.));
#7326 = CARTESIAN_POINT('',(0.937097370093,-0.268149769811,38.));
#7327 = ORIENTED_EDGE('',*,*,#7328,.F.);
#7328 = EDGE_CURVE('',#1503,#7321,#7329,.T.);
#7329 = LINE('',#7330,#7331);
#7330 = CARTESIAN_POINT('',(0.937097370093,-0.268149769811,40.));
#7331 = VECTOR('',#7332,1.);
#7332 = DIRECTION('',(-0.,-0.,-1.));
#7333 = ORIENTED_EDGE('',*,*,#1502,.F.);
#7334 = SURFACE_OF_LINEAR_EXTRUSION('',#7335,#7339);
#7335 = B_SPLINE_CURVE_WITH_KNOTS('',2,(#7336,#7337,#7338),
  .UNSPECIFIED.,.F.,.F.,(3,3),(0.,1.),.PIECEWISE_BEZIER_KNOTS.);
#7336 = CARTESIAN_POINT('',(0.740096289401,-6.757478744905E-03,40.));
#7337 = CARTESIAN_POINT('',(0.862799819661,-0.115727219379,40.));
#7338 = CARTESIAN_POINT('',(0.937097370093,-0.268149769811,40.));
#7339 = VECTOR('',#7340,1.);
#7340 = DIRECTION('',(0.,0.,1.));
#7341 = ADVANCED_FACE('',(#7342),#7360,.T.);
#7342 = FACE_BOUND('',#7343,.T.);
#7343 = EDGE_LOOP('',(#7344,#7352,#7358,#7359));
#7344 = ORIENTED_EDGE('',*,*,#7345,.T.);
#7345 = EDGE_CURVE('',#1647,#7346,#7348,.T.);
#7346 = VERTEX_POINT('',#7347);
#7347 = CARTESIAN_POINT('',(7.614636144736E-02,-1.079794222261,38.));
#7348 = LINE('',#7349,#7350);
#7349 = CARTESIAN_POINT('',(7.614636144736E-02,-1.079794222261,40.));
#7350 = VECTOR('',#7351,1.);
#7351 = DIRECTION('',(-0.,-0.,-1.));
#7352 = ORIENTED_EDGE('',*,*,#7353,.T.);
#7353 = EDGE_CURVE('',#7346,#7294,#7354,.T.);
#7354 = B_SPLINE_CURVE_WITH_KNOTS('',2,(#7355,#7356,#7357),
  .UNSPECIFIED.,.F.,.F.,(3,3),(0.,1.),.PIECEWISE_BEZIER_KNOTS.);
#7355 = CARTESIAN_POINT('',(7.614636144736E-02,-1.079794222261,38.));
#7356 = CARTESIAN_POINT('',(0.147066750496,-1.021031614192,38.));
#7357 = CARTESIAN_POINT('',(0.17993778796,-0.943356902376,38.));
#7358 = ORIENTED_EDGE('',*,*,#7293,.F.);
#7359 = ORIENTED_EDGE('',*,*,#1654,.F.);
#7360 = SURFACE_OF_LINEAR_EXTRUSION('',#7361,#7365);
#7361 = B_SPLINE_CURVE_WITH_KNOTS('',2,(#7362,#7363,#7364),
  .UNSPECIFIED.,.F.,.F.,(3,3),(0.,1.),.PIECEWISE_BEZIER_KNOTS.);
#7362 = CARTESIAN_POINT('',(7.614636144736E-02,-1.079794222261,40.));
#7363 = CARTESIAN_POINT('',(0.147066750496,-1.021031614192,40.));
#7364 = CARTESIAN_POINT('',(0.17993778796,-0.943356902376,40.));
#7365 = VECTOR('',#7366,1.);
#7366 = DIRECTION('',(0.,0.,1.));
#7367 = ADVANCED_FACE('',(#7368),#7386,.T.);
#7368 = FACE_BOUND('',#7369,.T.);
#7369 = EDGE_LOOP('',(#7370,#7371,#7379,#7385));
#7370 = ORIENTED_EDGE('',*,*,#7328,.T.);
#7371 = ORIENTED_EDGE('',*,*,#7372,.T.);
#7372 = EDGE_CURVE('',#7321,#7373,#7375,.T.);
#7373 = VERTEX_POINT('',#7374);
#7374 = CARTESIAN_POINT('',(1.011620064617,-0.635134640128,38.));
#7375 = B_SPLINE_CURVE_WITH_KNOTS('',2,(#7376,#7377,#7378),
  .UNSPECIFIED.,.F.,.F.,(3,3),(0.,1.),.PIECEWISE_BEZIER_KNOTS.);
#7376 = CARTESIAN_POINT('',(0.937097370093,-0.268149769811,38.));
#7377 = CARTESIAN_POINT('',(1.011620064617,-0.420572320243,38.));
#7378 = CARTESIAN_POINT('',(1.011620064617,-0.635134640128,38.));
#7379 = ORIENTED_EDGE('',*,*,#7380,.F.);
#7380 = EDGE_CURVE('',#1511,#7373,#7381,.T.);
#7381 = LINE('',#7382,#7383);
#7382 = CARTESIAN_POINT('',(1.011620064617,-0.635134640128,40.));
#7383 = VECTOR('',#7384,1.);
#7384 = DIRECTION('',(-0.,-0.,-1.));
#7385 = ORIENTED_EDGE('',*,*,#1510,.F.);
#7386 = SURFACE_OF_LINEAR_EXTRUSION('',#7387,#7391);
#7387 = B_SPLINE_CURVE_WITH_KNOTS('',2,(#7388,#7389,#7390),
  .UNSPECIFIED.,.F.,.F.,(3,3),(0.,1.),.PIECEWISE_BEZIER_KNOTS.);
#7388 = CARTESIAN_POINT('',(0.937097370093,-0.268149769811,40.));
#7389 = CARTESIAN_POINT('',(1.011620064617,-0.420572320243,40.));
#7390 = CARTESIAN_POINT('',(1.011620064617,-0.635134640128,40.));
#7391 = VECTOR('',#7392,1.);
#7392 = DIRECTION('',(0.,0.,1.));
#7393 = ADVANCED_FACE('',(#7394),#7412,.T.);
#7394 = FACE_BOUND('',#7395,.T.);
#7395 = EDGE_LOOP('',(#7396,#7404,#7410,#7411));
#7396 = ORIENTED_EDGE('',*,*,#7397,.T.);
#7397 = EDGE_CURVE('',#1639,#7398,#7400,.T.);
#7398 = VERTEX_POINT('',#7399);
#7399 = CARTESIAN_POINT('',(-0.103743768236,-1.174579885085,38.));
#7400 = LINE('',#7401,#7402);
#7401 = CARTESIAN_POINT('',(-0.103743768236,-1.174579885085,40.));
#7402 = VECTOR('',#7403,1.);
#7403 = DIRECTION('',(-0.,-0.,-1.));
#7404 = ORIENTED_EDGE('',*,*,#7405,.T.);
#7405 = EDGE_CURVE('',#7398,#7346,#7406,.T.);
#7406 = B_SPLINE_CURVE_WITH_KNOTS('',2,(#7407,#7408,#7409),
  .UNSPECIFIED.,.F.,.F.,(3,3),(0.,1.),.PIECEWISE_BEZIER_KNOTS.);
#7407 = CARTESIAN_POINT('',(-0.103743768236,-1.174579885085,38.));
#7408 = CARTESIAN_POINT('',(5.225972398367E-03,-1.138331686238,38.));
#7409 = CARTESIAN_POINT('',(7.614636144736E-02,-1.079794222261,38.));
#7410 = ORIENTED_EDGE('',*,*,#7345,.F.);
#7411 = ORIENTED_EDGE('',*,*,#1646,.F.);
#7412 = SURFACE_OF_LINEAR_EXTRUSION('',#7413,#7417);
#7413 = B_SPLINE_CURVE_WITH_KNOTS('',2,(#7414,#7415,#7416),
  .UNSPECIFIED.,.F.,.F.,(3,3),(0.,1.),.PIECEWISE_BEZIER_KNOTS.);
#7414 = CARTESIAN_POINT('',(-0.103743768236,-1.174579885085,40.));
#7415 = CARTESIAN_POINT('',(5.225972398367E-03,-1.138331686238,40.));
#7416 = CARTESIAN_POINT('',(7.614636144736E-02,-1.079794222261,40.));
#7417 = VECTOR('',#7418,1.);
#7418 = DIRECTION('',(0.,0.,1.));
#7419 = ADVANCED_FACE('',(#7420),#7438,.T.);
#7420 = FACE_BOUND('',#7421,.T.);
#7421 = EDGE_LOOP('',(#7422,#7423,#7431,#7437));
#7422 = ORIENTED_EDGE('',*,*,#7380,.T.);
#7423 = ORIENTED_EDGE('',*,*,#7424,.T.);
#7424 = EDGE_CURVE('',#7373,#7425,#7427,.T.);
#7425 = VERTEX_POINT('',#7426);
#7426 = CARTESIAN_POINT('',(0.918185266346,-1.107937233788,38.));
#7427 = B_SPLINE_CURVE_WITH_KNOTS('',2,(#7428,#7429,#7430),
  .UNSPECIFIED.,.F.,.F.,(3,3),(0.,1.),.PIECEWISE_BEZIER_KNOTS.);
#7428 = CARTESIAN_POINT('',(1.011620064617,-0.635134640128,38.));
#7429 = CARTESIAN_POINT('',(1.011620064617,-0.891348617073,38.));
#7430 = CARTESIAN_POINT('',(0.918185266346,-1.107937233788,38.));
#7431 = ORIENTED_EDGE('',*,*,#7432,.F.);
#7432 = EDGE_CURVE('',#1519,#7425,#7433,.T.);
#7433 = LINE('',#7434,#7435);
#7434 = CARTESIAN_POINT('',(0.918185266346,-1.107937233788,40.));
#7435 = VECTOR('',#7436,1.);
#7436 = DIRECTION('',(-0.,-0.,-1.));
#7437 = ORIENTED_EDGE('',*,*,#1518,.F.);
#7438 = SURFACE_OF_LINEAR_EXTRUSION('',#7439,#7443);
#7439 = B_SPLINE_CURVE_WITH_KNOTS('',2,(#7440,#7441,#7442),
  .UNSPECIFIED.,.F.,.F.,(3,3),(0.,1.),.PIECEWISE_BEZIER_KNOTS.);
#7440 = CARTESIAN_POINT('',(1.011620064617,-0.635134640128,40.));
#7441 = CARTESIAN_POINT('',(1.011620064617,-0.891348617073,40.));
#7442 = CARTESIAN_POINT('',(0.918185266346,-1.107937233788,40.));
#7443 = VECTOR('',#7444,1.);
#7444 = DIRECTION('',(0.,0.,1.));
#7445 = ADVANCED_FACE('',(#7446),#7464,.T.);
#7446 = FACE_BOUND('',#7447,.T.);
#7447 = EDGE_LOOP('',(#7448,#7456,#7462,#7463));
#7448 = ORIENTED_EDGE('',*,*,#7449,.T.);
#7449 = EDGE_CURVE('',#1631,#7450,#7452,.T.);
#7450 = VERTEX_POINT('',#7451);
#7451 = CARTESIAN_POINT('',(-0.364685771117,-1.210828083932,38.));
#7452 = LINE('',#7453,#7454);
#7453 = CARTESIAN_POINT('',(-0.364685771117,-1.210828083932,40.));
#7454 = VECTOR('',#7455,1.);
#7455 = DIRECTION('',(-0.,-0.,-1.));
#7456 = ORIENTED_EDGE('',*,*,#7457,.T.);
#7457 = EDGE_CURVE('',#7450,#7398,#7458,.T.);
#7458 = B_SPLINE_CURVE_WITH_KNOTS('',2,(#7459,#7460,#7461),
  .UNSPECIFIED.,.F.,.F.,(3,3),(0.,1.),.PIECEWISE_BEZIER_KNOTS.);
#7459 = CARTESIAN_POINT('',(-0.364685771117,-1.210828083932,38.));
#7460 = CARTESIAN_POINT('',(-0.21271350887,-1.210828083932,38.));
#7461 = CARTESIAN_POINT('',(-0.103743768236,-1.174579885085,38.));
#7462 = ORIENTED_EDGE('',*,*,#7397,.F.);
#7463 = ORIENTED_EDGE('',*,*,#1638,.F.);
#7464 = SURFACE_OF_LINEAR_EXTRUSION('',#7465,#7469);
#7465 = B_SPLINE_CURVE_WITH_KNOTS('',2,(#7466,#7467,#7468),
  .UNSPECIFIED.,.F.,.F.,(3,3),(0.,1.),.PIECEWISE_BEZIER_KNOTS.);
#7466 = CARTESIAN_POINT('',(-0.364685771117,-1.210828083932,40.));
#7467 = CARTESIAN_POINT('',(-0.21271350887,-1.210828083932,40.));
#7468 = CARTESIAN_POINT('',(-0.103743768236,-1.174579885085,40.));
#7469 = VECTOR('',#7470,1.);
#7470 = DIRECTION('',(0.,0.,1.));
#7471 = ADVANCED_FACE('',(#7472),#7490,.T.);
#7472 = FACE_BOUND('',#7473,.T.);
#7473 = EDGE_LOOP('',(#7474,#7475,#7483,#7489));
#7474 = ORIENTED_EDGE('',*,*,#7432,.T.);
#7475 = ORIENTED_EDGE('',*,*,#7476,.T.);
#7476 = EDGE_CURVE('',#7425,#7477,#7479,.T.);
#7477 = VERTEX_POINT('',#7478);
#7478 = CARTESIAN_POINT('',(0.644860338393,-1.481901570964,38.));
#7479 = B_SPLINE_CURVE_WITH_KNOTS('',2,(#7480,#7481,#7482),
  .UNSPECIFIED.,.F.,.F.,(3,3),(0.,1.),.PIECEWISE_BEZIER_KNOTS.);
#7480 = CARTESIAN_POINT('',(0.918185266346,-1.107937233788,38.));
#7481 = CARTESIAN_POINT('',(0.824750468076,-1.324300706411,38.));
#7482 = CARTESIAN_POINT('',(0.644860338393,-1.481901570964,38.));
#7483 = ORIENTED_EDGE('',*,*,#7484,.F.);
#7484 = EDGE_CURVE('',#1527,#7477,#7485,.T.);
#7485 = LINE('',#7486,#7487);
#7486 = CARTESIAN_POINT('',(0.644860338393,-1.481901570964,40.));
#7487 = VECTOR('',#7488,1.);
#7488 = DIRECTION('',(-0.,-0.,-1.));
#7489 = ORIENTED_EDGE('',*,*,#1526,.F.);
#7490 = SURFACE_OF_LINEAR_EXTRUSION('',#7491,#7495);
#7491 = B_SPLINE_CURVE_WITH_KNOTS('',2,(#7492,#7493,#7494),
  .UNSPECIFIED.,.F.,.F.,(3,3),(0.,1.),.PIECEWISE_BEZIER_KNOTS.);
#7492 = CARTESIAN_POINT('',(0.918185266346,-1.107937233788,40.));
#7493 = CARTESIAN_POINT('',(0.824750468076,-1.324300706411,40.));
#7494 = CARTESIAN_POINT('',(0.644860338393,-1.481901570964,40.));
#7495 = VECTOR('',#7496,1.);
#7496 = DIRECTION('',(0.,0.,1.));
#7497 = ADVANCED_FACE('',(#7498),#7516,.T.);
#7498 = FACE_BOUND('',#7499,.T.);
#7499 = EDGE_LOOP('',(#7500,#7508,#7514,#7515));
#7500 = ORIENTED_EDGE('',*,*,#7501,.T.);
#7501 = EDGE_CURVE('',#1623,#7502,#7504,.T.);
#7502 = VERTEX_POINT('',#7503);
#7503 = CARTESIAN_POINT('',(-0.684840670253,-1.166024409581,38.));
#7504 = LINE('',#7505,#7506);
#7505 = CARTESIAN_POINT('',(-0.684840670253,-1.166024409581,40.));
#7506 = VECTOR('',#7507,1.);
#7507 = DIRECTION('',(-0.,-0.,-1.));
#7508 = ORIENTED_EDGE('',*,*,#7509,.T.);
#7509 = EDGE_CURVE('',#7502,#7450,#7510,.T.);
#7510 = B_SPLINE_CURVE_WITH_KNOTS('',2,(#7511,#7512,#7513),
  .UNSPECIFIED.,.F.,.F.,(3,3),(0.,1.),.PIECEWISE_BEZIER_KNOTS.);
#7511 = CARTESIAN_POINT('',(-0.684840670253,-1.166024409581,38.));
#7512 = CARTESIAN_POINT('',(-0.558534834518,-1.210828083932,38.));
#7513 = CARTESIAN_POINT('',(-0.364685771117,-1.210828083932,38.));
#7514 = ORIENTED_EDGE('',*,*,#7449,.F.);
#7515 = ORIENTED_EDGE('',*,*,#1630,.F.);
#7516 = SURFACE_OF_LINEAR_EXTRUSION('',#7517,#7521);
#7517 = B_SPLINE_CURVE_WITH_KNOTS('',2,(#7518,#7519,#7520),
  .UNSPECIFIED.,.F.,.F.,(3,3),(0.,1.),.PIECEWISE_BEZIER_KNOTS.);
#7518 = CARTESIAN_POINT('',(-0.684840670253,-1.166024409581,40.));
#7519 = CARTESIAN_POINT('',(-0.558534834518,-1.210828083932,40.));
#7520 = CARTESIAN_POINT('',(-0.364685771117,-1.210828083932,40.));
#7521 = VECTOR('',#7522,1.);
#7522 = DIRECTION('',(0.,0.,1.));
#7523 = ADVANCED_FACE('',(#7524),#7542,.T.);
#7524 = FACE_BOUND('',#7525,.T.);
#7525 = EDGE_LOOP('',(#7526,#7527,#7535,#7541));
#7526 = ORIENTED_EDGE('',*,*,#7484,.T.);
#7527 = ORIENTED_EDGE('',*,*,#7528,.T.);
#7528 = EDGE_CURVE('',#7477,#7529,#7531,.T.);
#7529 = VERTEX_POINT('',#7530);
#7530 = CARTESIAN_POINT('',(0.200651044444,-1.727758919667,38.));
#7531 = B_SPLINE_CURVE_WITH_KNOTS('',2,(#7532,#7533,#7534),
  .UNSPECIFIED.,.F.,.F.,(3,3),(0.,1.),.PIECEWISE_BEZIER_KNOTS.);
#7532 = CARTESIAN_POINT('',(0.644860338393,-1.481901570964,38.));
#7533 = CARTESIAN_POINT('',(0.465195352802,-1.639502435517,38.));
#7534 = CARTESIAN_POINT('',(0.200651044444,-1.727758919667,38.));
#7535 = ORIENTED_EDGE('',*,*,#7536,.F.);
#7536 = EDGE_CURVE('',#1535,#7529,#7537,.T.);
#7537 = LINE('',#7538,#7539);
#7538 = CARTESIAN_POINT('',(0.200651044444,-1.727758919667,40.));
#7539 = VECTOR('',#7540,1.);
#7540 = DIRECTION('',(-0.,-0.,-1.));
#7541 = ORIENTED_EDGE('',*,*,#1534,.F.);
#7542 = SURFACE_OF_LINEAR_EXTRUSION('',#7543,#7547);
#7543 = B_SPLINE_CURVE_WITH_KNOTS('',2,(#7544,#7545,#7546),
  .UNSPECIFIED.,.F.,.F.,(3,3),(0.,1.),.PIECEWISE_BEZIER_KNOTS.);
#7544 = CARTESIAN_POINT('',(0.644860338393,-1.481901570964,40.));
#7545 = CARTESIAN_POINT('',(0.465195352802,-1.639502435517,40.));
#7546 = CARTESIAN_POINT('',(0.200651044444,-1.727758919667,40.));
#7547 = VECTOR('',#7548,1.);
#7548 = DIRECTION('',(0.,0.,1.));
#7549 = ADVANCED_FACE('',(#7550),#7568,.T.);
#7550 = FACE_BOUND('',#7551,.T.);
#7551 = EDGE_LOOP('',(#7552,#7560,#7566,#7567));
#7552 = ORIENTED_EDGE('',*,*,#7553,.T.);
#7553 = EDGE_CURVE('',#1615,#7554,#7556,.T.);
#7554 = VERTEX_POINT('',#7555);
#7555 = CARTESIAN_POINT('',(-0.904356160166,-1.069212449926,38.));
#7556 = LINE('',#7557,#7558);
#7557 = CARTESIAN_POINT('',(-0.904356160166,-1.069212449926,40.));
#7558 = VECTOR('',#7559,1.);
#7559 = DIRECTION('',(-0.,-0.,-1.));
#7560 = ORIENTED_EDGE('',*,*,#7561,.T.);
#7561 = EDGE_CURVE('',#7554,#7502,#7562,.T.);
#7562 = B_SPLINE_CURVE_WITH_KNOTS('',2,(#7563,#7564,#7565),
  .UNSPECIFIED.,.F.,.F.,(3,3),(0.,1.),.PIECEWISE_BEZIER_KNOTS.);
#7563 = CARTESIAN_POINT('',(-0.904356160166,-1.069212449926,38.));
#7564 = CARTESIAN_POINT('',(-0.810921361896,-1.120995591137,38.));
#7565 = CARTESIAN_POINT('',(-0.684840670253,-1.166024409581,38.));
#7566 = ORIENTED_EDGE('',*,*,#7501,.F.);
#7567 = ORIENTED_EDGE('',*,*,#1622,.F.);
#7568 = SURFACE_OF_LINEAR_EXTRUSION('',#7569,#7573);
#7569 = B_SPLINE_CURVE_WITH_KNOTS('',2,(#7570,#7571,#7572),
  .UNSPECIFIED.,.F.,.F.,(3,3),(0.,1.),.PIECEWISE_BEZIER_KNOTS.);
#7570 = CARTESIAN_POINT('',(-0.904356160166,-1.069212449926,40.));
#7571 = CARTESIAN_POINT('',(-0.810921361896,-1.120995591137,40.));
#7572 = CARTESIAN_POINT('',(-0.684840670253,-1.166024409581,40.));
#7573 = VECTOR('',#7574,1.);
#7574 = DIRECTION('',(0.,0.,1.));
#7575 = ADVANCED_FACE('',(#7576),#7594,.T.);
#7576 = FACE_BOUND('',#7577,.T.);
#7577 = EDGE_LOOP('',(#7578,#7579,#7587,#7593));
#7578 = ORIENTED_EDGE('',*,*,#7536,.T.);
#7579 = ORIENTED_EDGE('',*,*,#7580,.T.);
#7580 = EDGE_CURVE('',#7529,#7581,#7583,.T.);
#7581 = VERTEX_POINT('',#7582);
#7582 = CARTESIAN_POINT('',(-0.406337428178,-1.816015403817,38.));
#7583 = B_SPLINE_CURVE_WITH_KNOTS('',2,(#7584,#7585,#7586),
  .UNSPECIFIED.,.F.,.F.,(3,3),(0.,1.),.PIECEWISE_BEZIER_KNOTS.);
#7584 = CARTESIAN_POINT('',(0.200651044444,-1.727758919667,38.));
#7585 = CARTESIAN_POINT('',(-6.389326391287E-02,-1.816015403817,38.));
#7586 = CARTESIAN_POINT('',(-0.406337428178,-1.816015403817,38.));
#7587 = ORIENTED_EDGE('',*,*,#7588,.F.);
#7588 = EDGE_CURVE('',#1543,#7581,#7589,.T.);
#7589 = LINE('',#7590,#7591);
#7590 = CARTESIAN_POINT('',(-0.406337428178,-1.816015403817,40.));
#7591 = VECTOR('',#7592,1.);
#7592 = DIRECTION('',(-0.,-0.,-1.));
#7593 = ORIENTED_EDGE('',*,*,#1542,.F.);
#7594 = SURFACE_OF_LINEAR_EXTRUSION('',#7595,#7599);
#7595 = B_SPLINE_CURVE_WITH_KNOTS('',2,(#7596,#7597,#7598),
  .UNSPECIFIED.,.F.,.F.,(3,3),(0.,1.),.PIECEWISE_BEZIER_KNOTS.);
#7596 = CARTESIAN_POINT('',(0.200651044444,-1.727758919667,40.));
#7597 = CARTESIAN_POINT('',(-6.389326391287E-02,-1.816015403817,40.));
#7598 = CARTESIAN_POINT('',(-0.406337428178,-1.816015403817,40.));
#7599 = VECTOR('',#7600,1.);
#7600 = DIRECTION('',(0.,0.,1.));
#7601 = ADVANCED_FACE('',(#7602),#7620,.T.);
#7602 = FACE_BOUND('',#7603,.T.);
#7603 = EDGE_LOOP('',(#7604,#7612,#7618,#7619));
#7604 = ORIENTED_EDGE('',*,*,#7605,.T.);
#7605 = EDGE_CURVE('',#1607,#7606,#7608,.T.);
#7606 = VERTEX_POINT('',#7607);
#7607 = CARTESIAN_POINT('',(-1.068486203394,-0.972625634365,38.));
#7608 = LINE('',#7609,#7610);
#7609 = CARTESIAN_POINT('',(-1.068486203394,-0.972625634365,40.));
#7610 = VECTOR('',#7611,1.);
#7611 = DIRECTION('',(-0.,-0.,-1.));
#7612 = ORIENTED_EDGE('',*,*,#7613,.T.);
#7613 = EDGE_CURVE('',#7606,#7554,#7614,.T.);
#7614 = B_SPLINE_CURVE_WITH_KNOTS('',2,(#7615,#7616,#7617),
  .UNSPECIFIED.,.F.,.F.,(3,3),(0.,1.),.PIECEWISE_BEZIER_KNOTS.);
#7615 = CARTESIAN_POINT('',(-1.068486203394,-0.972625634365,38.));
#7616 = CARTESIAN_POINT('',(-0.997565814345,-1.017429308716,38.));
#7617 = CARTESIAN_POINT('',(-0.904356160166,-1.069212449926,38.));
#7618 = ORIENTED_EDGE('',*,*,#7553,.F.);
#7619 = ORIENTED_EDGE('',*,*,#1614,.F.);
#7620 = SURFACE_OF_LINEAR_EXTRUSION('',#7621,#7625);
#7621 = B_SPLINE_CURVE_WITH_KNOTS('',2,(#7622,#7623,#7624),
  .UNSPECIFIED.,.F.,.F.,(3,3),(0.,1.),.PIECEWISE_BEZIER_KNOTS.);
#7622 = CARTESIAN_POINT('',(-1.068486203394,-0.972625634365,40.));
#7623 = CARTESIAN_POINT('',(-0.997565814345,-1.017429308716,40.));
#7624 = CARTESIAN_POINT('',(-0.904356160166,-1.069212449926,40.));
#7625 = VECTOR('',#7626,1.);
#7626 = DIRECTION('',(0.,0.,1.));
#7627 = ADVANCED_FACE('',(#7628),#7646,.T.);
#7628 = FACE_BOUND('',#7629,.T.);
#7629 = EDGE_LOOP('',(#7630,#7631,#7639,#7645));
#7630 = ORIENTED_EDGE('',*,*,#7588,.T.);
#7631 = ORIENTED_EDGE('',*,*,#7632,.T.);
#7632 = EDGE_CURVE('',#7581,#7633,#7635,.T.);
#7633 = VERTEX_POINT('',#7634);
#7634 = CARTESIAN_POINT('',(-0.764316534806,-1.783144366353,38.));
#7635 = B_SPLINE_CURVE_WITH_KNOTS('',2,(#7636,#7637,#7638),
  .UNSPECIFIED.,.F.,.F.,(3,3),(0.,1.),.PIECEWISE_BEZIER_KNOTS.);
#7636 = CARTESIAN_POINT('',(-0.406337428178,-1.816015403817,38.));
#7637 = CARTESIAN_POINT('',(-0.589604719244,-1.816015403817,38.));
#7638 = CARTESIAN_POINT('',(-0.764316534806,-1.783144366353,38.));
#7639 = ORIENTED_EDGE('',*,*,#7640,.F.);
#7640 = EDGE_CURVE('',#1551,#7633,#7641,.T.);
#7641 = LINE('',#7642,#7643);
#7642 = CARTESIAN_POINT('',(-0.764316534806,-1.783144366353,40.));
#7643 = VECTOR('',#7644,1.);
#7644 = DIRECTION('',(-0.,-0.,-1.));
#7645 = ORIENTED_EDGE('',*,*,#1550,.F.);
#7646 = SURFACE_OF_LINEAR_EXTRUSION('',#7647,#7651);
#7647 = B_SPLINE_CURVE_WITH_KNOTS('',2,(#7648,#7649,#7650),
  .UNSPECIFIED.,.F.,.F.,(3,3),(0.,1.),.PIECEWISE_BEZIER_KNOTS.);
#7648 = CARTESIAN_POINT('',(-0.406337428178,-1.816015403817,40.));
#7649 = CARTESIAN_POINT('',(-0.589604719244,-1.816015403817,40.));
#7650 = CARTESIAN_POINT('',(-0.764316534806,-1.783144366353,40.));
#7651 = VECTOR('',#7652,1.);
#7652 = DIRECTION('',(0.,0.,1.));
#7653 = ADVANCED_FACE('',(#7654),#7672,.T.);
#7654 = FACE_BOUND('',#7655,.T.);
#7655 = EDGE_LOOP('',(#7656,#7664,#7670,#7671));
#7656 = ORIENTED_EDGE('',*,*,#7657,.T.);
#7657 = EDGE_CURVE('',#1599,#7658,#7660,.T.);
#7658 = VERTEX_POINT('',#7659);
#7659 = CARTESIAN_POINT('',(-1.218882456996,-0.927596815921,38.));
#7660 = LINE('',#7661,#7662);
#7661 = CARTESIAN_POINT('',(-1.218882456996,-0.927596815921,40.));
#7662 = VECTOR('',#7663,1.);
#7663 = DIRECTION('',(-0.,-0.,-1.));
#7664 = ORIENTED_EDGE('',*,*,#7665,.T.);
#7665 = EDGE_CURVE('',#7658,#7606,#7666,.T.);
#7666 = B_SPLINE_CURVE_WITH_KNOTS('',2,(#7667,#7668,#7669),
  .UNSPECIFIED.,.F.,.F.,(3,3),(0.,1.),.PIECEWISE_BEZIER_KNOTS.);
#7667 = CARTESIAN_POINT('',(-1.218882456996,-0.927596815921,38.));
#7668 = CARTESIAN_POINT('',(-1.139406592443,-0.927596815921,38.));
#7669 = CARTESIAN_POINT('',(-1.068486203394,-0.972625634365,38.));
#7670 = ORIENTED_EDGE('',*,*,#7605,.F.);
#7671 = ORIENTED_EDGE('',*,*,#1606,.F.);
#7672 = SURFACE_OF_LINEAR_EXTRUSION('',#7673,#7677);
#7673 = B_SPLINE_CURVE_WITH_KNOTS('',2,(#7674,#7675,#7676),
  .UNSPECIFIED.,.F.,.F.,(3,3),(0.,1.),.PIECEWISE_BEZIER_KNOTS.);
#7674 = CARTESIAN_POINT('',(-1.218882456996,-0.927596815921,40.));
#7675 = CARTESIAN_POINT('',(-1.139406592443,-0.927596815921,40.));
#7676 = CARTESIAN_POINT('',(-1.068486203394,-0.972625634365,40.));
#7677 = VECTOR('',#7678,1.);
#7678 = DIRECTION('',(0.,0.,1.));
#7679 = ADVANCED_FACE('',(#7680),#7698,.T.);
#7680 = FACE_BOUND('',#7681,.T.);
#7681 = EDGE_LOOP('',(#7682,#7683,#7691,#7697));
#7682 = ORIENTED_EDGE('',*,*,#7640,.T.);
#7683 = ORIENTED_EDGE('',*,*,#7684,.T.);
#7684 = EDGE_CURVE('',#7633,#7685,#7687,.T.);
#7685 = VERTEX_POINT('',#7686);
#7686 = CARTESIAN_POINT('',(-1.099781232213,-1.69151072082,38.));
#7687 = B_SPLINE_CURVE_WITH_KNOTS('',2,(#7688,#7689,#7690),
  .UNSPECIFIED.,.F.,.F.,(3,3),(0.,1.),.PIECEWISE_BEZIER_KNOTS.);
#7688 = CARTESIAN_POINT('',(-0.764316534806,-1.783144366353,38.));
#7689 = CARTESIAN_POINT('',(-0.938803206276,-1.750273328889,38.));
#7690 = CARTESIAN_POINT('',(-1.099781232213,-1.69151072082,38.));
#7691 = ORIENTED_EDGE('',*,*,#7692,.F.);
#7692 = EDGE_CURVE('',#1559,#7685,#7693,.T.);
#7693 = LINE('',#7694,#7695);
#7694 = CARTESIAN_POINT('',(-1.099781232213,-1.69151072082,40.));
#7695 = VECTOR('',#7696,1.);
#7696 = DIRECTION('',(-0.,-0.,-1.));
#7697 = ORIENTED_EDGE('',*,*,#1558,.F.);
#7698 = SURFACE_OF_LINEAR_EXTRUSION('',#7699,#7703);
#7699 = B_SPLINE_CURVE_WITH_KNOTS('',2,(#7700,#7701,#7702),
  .UNSPECIFIED.,.F.,.F.,(3,3),(0.,1.),.PIECEWISE_BEZIER_KNOTS.);
#7700 = CARTESIAN_POINT('',(-0.764316534806,-1.783144366353,40.));
#7701 = CARTESIAN_POINT('',(-0.938803206276,-1.750273328889,40.));
#7702 = CARTESIAN_POINT('',(-1.099781232213,-1.69151072082,40.));
#7703 = VECTOR('',#7704,1.);
#7704 = DIRECTION('',(0.,0.,1.));
#7705 = ADVANCED_FACE('',(#7706),#7724,.T.);
#7706 = FACE_BOUND('',#7707,.T.);
#7707 = EDGE_LOOP('',(#7708,#7716,#7722,#7723));
#7708 = ORIENTED_EDGE('',*,*,#7709,.T.);
#7709 = EDGE_CURVE('',#1591,#7710,#7712,.T.);
#7710 = VERTEX_POINT('',#7711);
#7711 = CARTESIAN_POINT('',(-1.350366606852,-0.959116988831,38.));
#7712 = LINE('',#7713,#7714);
#7713 = CARTESIAN_POINT('',(-1.350366606852,-0.959116988831,40.));
#7714 = VECTOR('',#7715,1.);
#7715 = DIRECTION('',(-0.,-0.,-1.));
#7716 = ORIENTED_EDGE('',*,*,#7717,.T.);
#7717 = EDGE_CURVE('',#7710,#7658,#7718,.T.);
#7718 = B_SPLINE_CURVE_WITH_KNOTS('',2,(#7719,#7720,#7721),
  .UNSPECIFIED.,.F.,.F.,(3,3),(0.,1.),.PIECEWISE_BEZIER_KNOTS.);
#7719 = CARTESIAN_POINT('',(-1.350366606852,-0.959116988831,38.));
#7720 = CARTESIAN_POINT('',(-1.298583465642,-0.927596815921,38.));
#7721 = CARTESIAN_POINT('',(-1.218882456996,-0.927596815921,38.));
#7722 = ORIENTED_EDGE('',*,*,#7657,.F.);
#7723 = ORIENTED_EDGE('',*,*,#1598,.F.);
#7724 = SURFACE_OF_LINEAR_EXTRUSION('',#7725,#7729);
#7725 = B_SPLINE_CURVE_WITH_KNOTS('',2,(#7726,#7727,#7728),
  .UNSPECIFIED.,.F.,.F.,(3,3),(0.,1.),.PIECEWISE_BEZIER_KNOTS.);
#7726 = CARTESIAN_POINT('',(-1.350366606852,-0.959116988831,40.));
#7727 = CARTESIAN_POINT('',(-1.298583465642,-0.927596815921,40.));
#7728 = CARTESIAN_POINT('',(-1.218882456996,-0.927596815921,40.));
#7729 = VECTOR('',#7730,1.);
#7730 = DIRECTION('',(0.,0.,1.));
#7731 = ADVANCED_FACE('',(#7732),#7750,.T.);
#7732 = FACE_BOUND('',#7733,.T.);
#7733 = EDGE_LOOP('',(#7734,#7735,#7743,#7749));
#7734 = ORIENTED_EDGE('',*,*,#7692,.T.);
#7735 = ORIENTED_EDGE('',*,*,#7736,.T.);
#7736 = EDGE_CURVE('',#7685,#7737,#7739,.T.);
#7737 = VERTEX_POINT('',#7738);
#7738 = CARTESIAN_POINT('',(-1.397196578034,-1.553272248197,38.));
#7739 = B_SPLINE_CURVE_WITH_KNOTS('',2,(#7740,#7741,#7742),
  .UNSPECIFIED.,.F.,.F.,(3,3),(0.,1.),.PIECEWISE_BEZIER_KNOTS.);
#7740 = CARTESIAN_POINT('',(-1.099781232213,-1.69151072082,38.));
#7741 = CARTESIAN_POINT('',(-1.260534114057,-1.632748112751,38.));
#7742 = CARTESIAN_POINT('',(-1.397196578034,-1.553272248197,38.));
#7743 = ORIENTED_EDGE('',*,*,#7744,.F.);
#7744 = EDGE_CURVE('',#1567,#7737,#7745,.T.);
#7745 = LINE('',#7746,#7747);
#7746 = CARTESIAN_POINT('',(-1.397196578034,-1.553272248197,40.));
#7747 = VECTOR('',#7748,1.);
#7748 = DIRECTION('',(-0.,-0.,-1.));
#7749 = ORIENTED_EDGE('',*,*,#1566,.F.);
#7750 = SURFACE_OF_LINEAR_EXTRUSION('',#7751,#7755);
#7751 = B_SPLINE_CURVE_WITH_KNOTS('',2,(#7752,#7753,#7754),
  .UNSPECIFIED.,.F.,.F.,(3,3),(0.,1.),.PIECEWISE_BEZIER_KNOTS.);
#7752 = CARTESIAN_POINT('',(-1.099781232213,-1.69151072082,40.));
#7753 = CARTESIAN_POINT('',(-1.260534114057,-1.632748112751,40.));
#7754 = CARTESIAN_POINT('',(-1.397196578034,-1.553272248197,40.));
#7755 = VECTOR('',#7756,1.);
#7756 = DIRECTION('',(0.,0.,1.));
#7757 = ADVANCED_FACE('',(#7758),#7776,.T.);
#7758 = FACE_BOUND('',#7759,.T.);
#7759 = EDGE_LOOP('',(#7760,#7768,#7774,#7775));
#7760 = ORIENTED_EDGE('',*,*,#7761,.T.);
#7761 = EDGE_CURVE('',#1583,#7762,#7764,.T.);
#7762 = VERTEX_POINT('',#7763);
#7763 = CARTESIAN_POINT('',(-1.440199099648,-1.05030034618,38.));
#7764 = LINE('',#7765,#7766);
#7765 = CARTESIAN_POINT('',(-1.440199099648,-1.05030034618,40.));
#7766 = VECTOR('',#7767,1.);
#7767 = DIRECTION('',(-0.,-0.,-1.));
#7768 = ORIENTED_EDGE('',*,*,#7769,.T.);
#7769 = EDGE_CURVE('',#7762,#7710,#7770,.T.);
#7770 = B_SPLINE_CURVE_WITH_KNOTS('',2,(#7771,#7772,#7773),
  .UNSPECIFIED.,.F.,.F.,(3,3),(0.,1.),.PIECEWISE_BEZIER_KNOTS.);
#7771 = CARTESIAN_POINT('',(-1.440199099648,-1.05030034618,38.));
#7772 = CARTESIAN_POINT('',(-1.402149748063,-0.990637161742,38.));
#7773 = CARTESIAN_POINT('',(-1.350366606852,-0.959116988831,38.));
#7774 = ORIENTED_EDGE('',*,*,#7709,.F.);
#7775 = ORIENTED_EDGE('',*,*,#1590,.F.);
#7776 = SURFACE_OF_LINEAR_EXTRUSION('',#7777,#7781);
#7777 = B_SPLINE_CURVE_WITH_KNOTS('',2,(#7778,#7779,#7780),
  .UNSPECIFIED.,.F.,.F.,(3,3),(0.,1.),.PIECEWISE_BEZIER_KNOTS.);
#7778 = CARTESIAN_POINT('',(-1.440199099648,-1.05030034618,40.));
#7779 = CARTESIAN_POINT('',(-1.402149748063,-0.990637161742,40.));
#7780 = CARTESIAN_POINT('',(-1.350366606852,-0.959116988831,40.));
#7781 = VECTOR('',#7782,1.);
#7782 = DIRECTION('',(0.,0.,1.));
#7783 = ADVANCED_FACE('',(#7784),#7802,.T.);
#7784 = FACE_BOUND('',#7785,.T.);
#7785 = EDGE_LOOP('',(#7786,#7787,#7795,#7801));
#7786 = ORIENTED_EDGE('',*,*,#7744,.T.);
#7787 = ORIENTED_EDGE('',*,*,#7788,.T.);
#7788 = EDGE_CURVE('',#7737,#7789,#7791,.T.);
#7789 = VERTEX_POINT('',#7790);
#7790 = CARTESIAN_POINT('',(-1.637425324432,-1.380136441281,38.));
#7791 = B_SPLINE_CURVE_WITH_KNOTS('',2,(#7792,#7793,#7794),
  .UNSPECIFIED.,.F.,.F.,(3,3),(0.,1.),.PIECEWISE_BEZIER_KNOTS.);
#7792 = CARTESIAN_POINT('',(-1.397196578034,-1.553272248197,38.));
#7793 = CARTESIAN_POINT('',(-1.533633897919,-1.473571239552,38.));
#7794 = CARTESIAN_POINT('',(-1.637425324432,-1.380136441281,38.));
#7795 = ORIENTED_EDGE('',*,*,#7796,.F.);
#7796 = EDGE_CURVE('',#1575,#7789,#7797,.T.);
#7797 = LINE('',#7798,#7799);
#7798 = CARTESIAN_POINT('',(-1.637425324432,-1.380136441281,40.));
#7799 = VECTOR('',#7800,1.);
#7800 = DIRECTION('',(-0.,-0.,-1.));
#7801 = ORIENTED_EDGE('',*,*,#1574,.F.);
#7802 = SURFACE_OF_LINEAR_EXTRUSION('',#7803,#7807);
#7803 = B_SPLINE_CURVE_WITH_KNOTS('',2,(#7804,#7805,#7806),
  .UNSPECIFIED.,.F.,.F.,(3,3),(0.,1.),.PIECEWISE_BEZIER_KNOTS.);
#7804 = CARTESIAN_POINT('',(-1.397196578034,-1.553272248197,40.));
#7805 = CARTESIAN_POINT('',(-1.533633897919,-1.473571239552,40.));
#7806 = CARTESIAN_POINT('',(-1.637425324432,-1.380136441281,40.));
#7807 = VECTOR('',#7808,1.);
#7808 = DIRECTION('',(0.,0.,1.));
#7809 = ADVANCED_FACE('',(#7810),#7821,.T.);
#7810 = FACE_BOUND('',#7811,.T.);
#7811 = EDGE_LOOP('',(#7812,#7813,#7819,#7820));
#7812 = ORIENTED_EDGE('',*,*,#7796,.T.);
#7813 = ORIENTED_EDGE('',*,*,#7814,.T.);
#7814 = EDGE_CURVE('',#7789,#7762,#7815,.T.);
#7815 = LINE('',#7816,#7817);
#7816 = CARTESIAN_POINT('',(-1.637425324432,-1.380136441281,38.));
#7817 = VECTOR('',#7818,1.);
#7818 = DIRECTION('',(0.513202859348,0.858267338978,0.));
#7819 = ORIENTED_EDGE('',*,*,#7761,.F.);
#7820 = ORIENTED_EDGE('',*,*,#1582,.F.);
#7821 = PLANE('',#7822);
#7822 = AXIS2_PLACEMENT_3D('',#7823,#7824,#7825);
#7823 = CARTESIAN_POINT('',(-1.637425324432,-1.380136441281,40.));
#7824 = DIRECTION('',(0.858267338978,-0.513202859348,0.));
#7825 = DIRECTION('',(0.513202859348,0.858267338978,0.));
#7826 = ADVANCED_FACE('',(#7827),#7852,.T.);
#7827 = FACE_BOUND('',#7828,.T.);
#7828 = EDGE_LOOP('',(#7829,#7837,#7845,#7851));
#7829 = ORIENTED_EDGE('',*,*,#7830,.T.);
#7830 = EDGE_CURVE('',#1783,#7831,#7833,.T.);
#7831 = VERTEX_POINT('',#7832);
#7832 = CARTESIAN_POINT('',(-6.316369848927,0.201275662465,38.));
#7833 = LINE('',#7834,#7835);
#7834 = CARTESIAN_POINT('',(-6.316369848927,0.201275662465,40.));
#7835 = VECTOR('',#7836,1.);
#7836 = DIRECTION('',(-0.,-0.,-1.));
#7837 = ORIENTED_EDGE('',*,*,#7838,.T.);
#7838 = EDGE_CURVE('',#7831,#7839,#7841,.T.);
#7839 = VERTEX_POINT('',#7840);
#7840 = CARTESIAN_POINT('',(-6.713974315786,0.201275662465,38.));
#7841 = LINE('',#7842,#7843);
#7842 = CARTESIAN_POINT('',(-6.316369848927,0.201275662465,38.));
#7843 = VECTOR('',#7844,1.);
#7844 = DIRECTION('',(-1.,0.,0.));
#7845 = ORIENTED_EDGE('',*,*,#7846,.F.);
#7846 = EDGE_CURVE('',#1785,#7839,#7847,.T.);
#7847 = LINE('',#7848,#7849);
#7848 = CARTESIAN_POINT('',(-6.713974315786,0.201275662465,40.));
#7849 = VECTOR('',#7850,1.);
#7850 = DIRECTION('',(-0.,-0.,-1.));
#7851 = ORIENTED_EDGE('',*,*,#1782,.F.);
#7852 = PLANE('',#7853);
#7853 = AXIS2_PLACEMENT_3D('',#7854,#7855,#7856);
#7854 = CARTESIAN_POINT('',(-6.316369848927,0.201275662465,40.));
#7855 = DIRECTION('',(0.,1.,0.));
#7856 = DIRECTION('',(-1.,0.,0.));
#7857 = ADVANCED_FACE('',(#7858),#7876,.T.);
#7858 = FACE_BOUND('',#7859,.T.);
#7859 = EDGE_LOOP('',(#7860,#7868,#7874,#7875));
#7860 = ORIENTED_EDGE('',*,*,#7861,.T.);
#7861 = EDGE_CURVE('',#1937,#7862,#7864,.T.);
#7862 = VERTEX_POINT('',#7863);
#7863 = CARTESIAN_POINT('',(-6.107210987256,0.16322631088,38.));
#7864 = LINE('',#7865,#7866);
#7865 = CARTESIAN_POINT('',(-6.107210987256,0.16322631088,40.));
#7866 = VECTOR('',#7867,1.);
#7867 = DIRECTION('',(-0.,-0.,-1.));
#7868 = ORIENTED_EDGE('',*,*,#7869,.T.);
#7869 = EDGE_CURVE('',#7862,#7831,#7870,.T.);
#7870 = B_SPLINE_CURVE_WITH_KNOTS('',2,(#7871,#7872,#7873),
  .UNSPECIFIED.,.F.,.F.,(3,3),(0.,1.),.PIECEWISE_BEZIER_KNOTS.);
#7871 = CARTESIAN_POINT('',(-6.107210987256,0.16322631088,38.));
#7872 = CARTESIAN_POINT('',(-6.178131376305,0.201275662465,38.));
#7873 = CARTESIAN_POINT('',(-6.316369848927,0.201275662465,38.));
#7874 = ORIENTED_EDGE('',*,*,#7830,.F.);
#7875 = ORIENTED_EDGE('',*,*,#1944,.F.);
#7876 = SURFACE_OF_LINEAR_EXTRUSION('',#7877,#7881);
#7877 = B_SPLINE_CURVE_WITH_KNOTS('',2,(#7878,#7879,#7880),
  .UNSPECIFIED.,.F.,.F.,(3,3),(0.,1.),.PIECEWISE_BEZIER_KNOTS.);
#7878 = CARTESIAN_POINT('',(-6.107210987256,0.16322631088,40.));
#7879 = CARTESIAN_POINT('',(-6.178131376305,0.201275662465,40.));
#7880 = CARTESIAN_POINT('',(-6.316369848927,0.201275662465,40.));
#7881 = VECTOR('',#7882,1.);
#7882 = DIRECTION('',(0.,0.,1.));
#7883 = ADVANCED_FACE('',(#7884),#7902,.T.);
#7884 = FACE_BOUND('',#7885,.T.);
#7885 = EDGE_LOOP('',(#7886,#7887,#7895,#7901));
#7886 = ORIENTED_EDGE('',*,*,#7846,.T.);
#7887 = ORIENTED_EDGE('',*,*,#7888,.T.);
#7888 = EDGE_CURVE('',#7839,#7889,#7891,.T.);
#7889 = VERTEX_POINT('',#7890);
#7890 = CARTESIAN_POINT('',(-6.713974315786,-1.751173905258,38.));
#7891 = LINE('',#7892,#7893);
#7892 = CARTESIAN_POINT('',(-6.713974315786,0.201275662465,38.));
#7893 = VECTOR('',#7894,1.);
#7894 = DIRECTION('',(0.,-1.,0.));
#7895 = ORIENTED_EDGE('',*,*,#7896,.F.);
#7896 = EDGE_CURVE('',#1793,#7889,#7897,.T.);
#7897 = LINE('',#7898,#7899);
#7898 = CARTESIAN_POINT('',(-6.713974315786,-1.751173905258,40.));
#7899 = VECTOR('',#7900,1.);
#7900 = DIRECTION('',(-0.,-0.,-1.));
#7901 = ORIENTED_EDGE('',*,*,#1792,.F.);
#7902 = PLANE('',#7903);
#7903 = AXIS2_PLACEMENT_3D('',#7904,#7905,#7906);
#7904 = CARTESIAN_POINT('',(-6.713974315786,0.201275662465,40.));
#7905 = DIRECTION('',(-1.,0.,0.));
#7906 = DIRECTION('',(0.,-1.,0.));
#7907 = ADVANCED_FACE('',(#7908),#7926,.T.);
#7908 = FACE_BOUND('',#7909,.T.);
#7909 = EDGE_LOOP('',(#7910,#7918,#7924,#7925));
#7910 = ORIENTED_EDGE('',*,*,#7911,.T.);
#7911 = EDGE_CURVE('',#1929,#7912,#7914,.T.);
#7912 = VERTEX_POINT('',#7913);
#7913 = CARTESIAN_POINT('',(-5.977527990138,3.534446650005E-02,38.));
#7914 = LINE('',#7915,#7916);
#7915 = CARTESIAN_POINT('',(-5.977527990138,3.534446650005E-02,40.));
#7916 = VECTOR('',#7917,1.);
#7917 = DIRECTION('',(-0.,-0.,-1.));
#7918 = ORIENTED_EDGE('',*,*,#7919,.T.);
#7919 = EDGE_CURVE('',#7912,#7862,#7920,.T.);
#7920 = B_SPLINE_CURVE_WITH_KNOTS('',2,(#7921,#7922,#7923),
  .UNSPECIFIED.,.F.,.F.,(3,3),(0.,1.),.PIECEWISE_BEZIER_KNOTS.);
#7921 = CARTESIAN_POINT('',(-5.977527990138,3.534446650005E-02,38.));
#7922 = CARTESIAN_POINT('',(-6.036290598207,0.125176959295,38.));
#7923 = CARTESIAN_POINT('',(-6.107210987256,0.16322631088,38.));
#7924 = ORIENTED_EDGE('',*,*,#7861,.F.);
#7925 = ORIENTED_EDGE('',*,*,#1936,.F.);
#7926 = SURFACE_OF_LINEAR_EXTRUSION('',#7927,#7931);
#7927 = B_SPLINE_CURVE_WITH_KNOTS('',2,(#7928,#7929,#7930),
  .UNSPECIFIED.,.F.,.F.,(3,3),(0.,1.),.PIECEWISE_BEZIER_KNOTS.);
#7928 = CARTESIAN_POINT('',(-5.977527990138,3.534446650005E-02,40.));
#7929 = CARTESIAN_POINT('',(-6.036290598207,0.125176959295,40.));
#7930 = CARTESIAN_POINT('',(-6.107210987256,0.16322631088,40.));
#7931 = VECTOR('',#7932,1.);
#7932 = DIRECTION('',(0.,0.,1.));
#7933 = ADVANCED_FACE('',(#7934),#7952,.T.);
#7934 = FACE_BOUND('',#7935,.T.);
#7935 = EDGE_LOOP('',(#7936,#7937,#7945,#7951));
#7936 = ORIENTED_EDGE('',*,*,#7896,.T.);
#7937 = ORIENTED_EDGE('',*,*,#7938,.T.);
#7938 = EDGE_CURVE('',#7889,#7939,#7941,.T.);
#7939 = VERTEX_POINT('',#7940);
#7940 = CARTESIAN_POINT('',(-7.644269704835,-1.751173905258,38.));
#7941 = LINE('',#7942,#7943);
#7942 = CARTESIAN_POINT('',(-6.713974315786,-1.751173905258,38.));
#7943 = VECTOR('',#7944,1.);
#7944 = DIRECTION('',(-1.,0.,0.));
#7945 = ORIENTED_EDGE('',*,*,#7946,.F.);
#7946 = EDGE_CURVE('',#1801,#7939,#7947,.T.);
#7947 = LINE('',#7948,#7949);
#7948 = CARTESIAN_POINT('',(-7.644269704835,-1.751173905258,40.));
#7949 = VECTOR('',#7950,1.);
#7950 = DIRECTION('',(-0.,-0.,-1.));
#7951 = ORIENTED_EDGE('',*,*,#1800,.F.);
#7952 = PLANE('',#7953);
#7953 = AXIS2_PLACEMENT_3D('',#7954,#7955,#7956);
#7954 = CARTESIAN_POINT('',(-6.713974315786,-1.751173905258,40.));
#7955 = DIRECTION('',(0.,1.,0.));
#7956 = DIRECTION('',(-1.,0.,0.));
#7957 = ADVANCED_FACE('',(#7958),#7976,.T.);
#7958 = FACE_BOUND('',#7959,.T.);
#7959 = EDGE_LOOP('',(#7960,#7968,#7974,#7975));
#7960 = ORIENTED_EDGE('',*,*,#7961,.T.);
#7961 = EDGE_CURVE('',#1921,#7962,#7964,.T.);
#7962 = VERTEX_POINT('',#7963);
#7963 = CARTESIAN_POINT('',(-4.926105079475,-1.564529452808,38.));
#7964 = LINE('',#7965,#7966);
#7965 = CARTESIAN_POINT('',(-4.926105079475,-1.564529452808,40.));
#7966 = VECTOR('',#7967,1.);
#7967 = DIRECTION('',(-0.,-0.,-1.));
#7968 = ORIENTED_EDGE('',*,*,#7969,.T.);
#7969 = EDGE_CURVE('',#7962,#7912,#7970,.T.);
#7970 = LINE('',#7971,#7972);
#7971 = CARTESIAN_POINT('',(-4.926105079475,-1.564529452808,38.));
#7972 = VECTOR('',#7973,1.);
#7973 = DIRECTION('',(-0.549206046704,0.83568697385,0.));
#7974 = ORIENTED_EDGE('',*,*,#7911,.F.);
#7975 = ORIENTED_EDGE('',*,*,#1928,.F.);
#7976 = PLANE('',#7977);
#7977 = AXIS2_PLACEMENT_3D('',#7978,#7979,#7980);
#7978 = CARTESIAN_POINT('',(-4.926105079475,-1.564529452808,40.));
#7979 = DIRECTION('',(0.83568697385,0.549206046704,0.));
#7980 = DIRECTION('',(-0.549206046704,0.83568697385,0.));
#7981 = ADVANCED_FACE('',(#7982),#8000,.T.);
#7982 = FACE_BOUND('',#7983,.T.);
#7983 = EDGE_LOOP('',(#7984,#7985,#7993,#7999));
#7984 = ORIENTED_EDGE('',*,*,#7946,.T.);
#7985 = ORIENTED_EDGE('',*,*,#7986,.T.);
#7986 = EDGE_CURVE('',#7939,#7987,#7989,.T.);
#7987 = VERTEX_POINT('',#7988);
#7988 = CARTESIAN_POINT('',(-7.644269704835,3.241621483791,38.));
#7989 = LINE('',#7990,#7991);
#7990 = CARTESIAN_POINT('',(-7.644269704835,-1.751173905258,38.));
#7991 = VECTOR('',#7992,1.);
#7992 = DIRECTION('',(0.,1.,0.));
#7993 = ORIENTED_EDGE('',*,*,#7994,.F.);
#7994 = EDGE_CURVE('',#1809,#7987,#7995,.T.);
#7995 = LINE('',#7996,#7997);
#7996 = CARTESIAN_POINT('',(-7.644269704835,3.241621483791,40.));
#7997 = VECTOR('',#7998,1.);
#7998 = DIRECTION('',(-0.,-0.,-1.));
#7999 = ORIENTED_EDGE('',*,*,#1808,.F.);
#8000 = PLANE('',#8001);
#8001 = AXIS2_PLACEMENT_3D('',#8002,#8003,#8004);
#8002 = CARTESIAN_POINT('',(-7.644269704835,-1.751173905258,40.));
#8003 = DIRECTION('',(1.,0.,0.));
#8004 = DIRECTION('',(0.,1.,0.));
#8005 = ADVANCED_FACE('',(#8006),#8024,.T.);
#8006 = FACE_BOUND('',#8007,.T.);
#8007 = EDGE_LOOP('',(#8008,#8016,#8022,#8023));
#8008 = ORIENTED_EDGE('',*,*,#8009,.T.);
#8009 = EDGE_CURVE('',#1913,#8010,#8012,.T.);
#8010 = VERTEX_POINT('',#8011);
#8011 = CARTESIAN_POINT('',(-4.782688292731,-1.702767925431,38.));
#8012 = LINE('',#8013,#8014);
#8013 = CARTESIAN_POINT('',(-4.782688292731,-1.702767925431,40.));
#8014 = VECTOR('',#8015,1.);
#8015 = DIRECTION('',(-0.,-0.,-1.));
#8016 = ORIENTED_EDGE('',*,*,#8017,.T.);
#8017 = EDGE_CURVE('',#8010,#7962,#8018,.T.);
#8018 = B_SPLINE_CURVE_WITH_KNOTS('',2,(#8019,#8020,#8021),
  .UNSPECIFIED.,.F.,.F.,(3,3),(0.,1.),.PIECEWISE_BEZIER_KNOTS.);
#8019 = CARTESIAN_POINT('',(-4.782688292731,-1.702767925431,38.));
#8020 = CARTESIAN_POINT('',(-4.867342471406,-1.654361945604,38.));
#8021 = CARTESIAN_POINT('',(-4.926105079475,-1.564529452808,38.));
#8022 = ORIENTED_EDGE('',*,*,#7961,.F.);
#8023 = ORIENTED_EDGE('',*,*,#1920,.F.);
#8024 = SURFACE_OF_LINEAR_EXTRUSION('',#8025,#8029);
#8025 = B_SPLINE_CURVE_WITH_KNOTS('',2,(#8026,#8027,#8028),
  .UNSPECIFIED.,.F.,.F.,(3,3),(0.,1.),.PIECEWISE_BEZIER_KNOTS.);
#8026 = CARTESIAN_POINT('',(-4.782688292731,-1.702767925431,40.));
#8027 = CARTESIAN_POINT('',(-4.867342471406,-1.654361945604,40.));
#8028 = CARTESIAN_POINT('',(-4.926105079475,-1.564529452808,40.));
#8029 = VECTOR('',#8030,1.);
#8030 = DIRECTION('',(0.,0.,1.));
#8031 = ADVANCED_FACE('',(#8032),#8050,.T.);
#8032 = FACE_BOUND('',#8033,.T.);
#8033 = EDGE_LOOP('',(#8034,#8035,#8043,#8049));
#8034 = ORIENTED_EDGE('',*,*,#7994,.T.);
#8035 = ORIENTED_EDGE('',*,*,#8036,.T.);
#8036 = EDGE_CURVE('',#7987,#8037,#8039,.T.);
#8037 = VERTEX_POINT('',#8038);
#8038 = CARTESIAN_POINT('',(-6.119143624143,3.241621483791,38.));
#8039 = LINE('',#8040,#8041);
#8040 = CARTESIAN_POINT('',(-7.644269704835,3.241621483791,38.));
#8041 = VECTOR('',#8042,1.);
#8042 = DIRECTION('',(1.,0.,0.));
#8043 = ORIENTED_EDGE('',*,*,#8044,.F.);
#8044 = EDGE_CURVE('',#1817,#8037,#8045,.T.);
#8045 = LINE('',#8046,#8047);
#8046 = CARTESIAN_POINT('',(-6.119143624143,3.241621483791,40.));
#8047 = VECTOR('',#8048,1.);
#8048 = DIRECTION('',(-0.,-0.,-1.));
#8049 = ORIENTED_EDGE('',*,*,#1816,.F.);
#8050 = PLANE('',#8051);
#8051 = AXIS2_PLACEMENT_3D('',#8052,#8053,#8054);
#8052 = CARTESIAN_POINT('',(-7.644269704835,3.241621483791,40.));
#8053 = DIRECTION('',(0.,-1.,0.));
#8054 = DIRECTION('',(1.,0.,0.));
#8055 = ADVANCED_FACE('',(#8056),#8074,.T.);
#8056 = FACE_BOUND('',#8057,.T.);
#8057 = EDGE_LOOP('',(#8058,#8066,#8072,#8073));
#8058 = ORIENTED_EDGE('',*,*,#8059,.T.);
#8059 = EDGE_CURVE('',#1905,#8060,#8062,.T.);
#8060 = VERTEX_POINT('',#8061);
#8061 = CARTESIAN_POINT('',(-4.576906592443,-1.751173905258,38.));
#8062 = LINE('',#8063,#8064);
#8063 = CARTESIAN_POINT('',(-4.576906592443,-1.751173905258,40.));
#8064 = VECTOR('',#8065,1.);
#8065 = DIRECTION('',(-0.,-0.,-1.));
#8066 = ORIENTED_EDGE('',*,*,#8067,.T.);
#8067 = EDGE_CURVE('',#8060,#8010,#8068,.T.);
#8068 = B_SPLINE_CURVE_WITH_KNOTS('',2,(#8069,#8070,#8071),
  .UNSPECIFIED.,.F.,.F.,(3,3),(0.,1.),.PIECEWISE_BEZIER_KNOTS.);
#8069 = CARTESIAN_POINT('',(-4.576906592443,-1.751173905258,38.));
#8070 = CARTESIAN_POINT('',(-4.697808969965,-1.751173905258,38.));
#8071 = CARTESIAN_POINT('',(-4.782688292731,-1.702767925431,38.));
#8072 = ORIENTED_EDGE('',*,*,#8009,.F.);
#8073 = ORIENTED_EDGE('',*,*,#1912,.F.);
#8074 = SURFACE_OF_LINEAR_EXTRUSION('',#8075,#8079);
#8075 = B_SPLINE_CURVE_WITH_KNOTS('',2,(#8076,#8077,#8078),
  .UNSPECIFIED.,.F.,.F.,(3,3),(0.,1.),.PIECEWISE_BEZIER_KNOTS.);
#8076 = CARTESIAN_POINT('',(-4.576906592443,-1.751173905258,40.));
#8077 = CARTESIAN_POINT('',(-4.697808969965,-1.751173905258,40.));
#8078 = CARTESIAN_POINT('',(-4.782688292731,-1.702767925431,40.));
#8079 = VECTOR('',#8080,1.);
#8080 = DIRECTION('',(0.,0.,1.));
#8081 = ADVANCED_FACE('',(#8082),#8100,.T.);
#8082 = FACE_BOUND('',#8083,.T.);
#8083 = EDGE_LOOP('',(#8084,#8085,#8093,#8099));
#8084 = ORIENTED_EDGE('',*,*,#8044,.T.);
#8085 = ORIENTED_EDGE('',*,*,#8086,.T.);
#8086 = EDGE_CURVE('',#8037,#8087,#8089,.T.);
#8087 = VERTEX_POINT('',#8088);
#8088 = CARTESIAN_POINT('',(-5.242657673135,3.136254048633,38.));
#8089 = B_SPLINE_CURVE_WITH_KNOTS('',2,(#8090,#8091,#8092),
  .UNSPECIFIED.,.F.,.F.,(3,3),(0.,1.),.PIECEWISE_BEZIER_KNOTS.);
#8090 = CARTESIAN_POINT('',(-6.119143624143,3.241621483791,38.));
#8091 = CARTESIAN_POINT('',(-5.60739110253,3.241621483791,38.));
#8092 = CARTESIAN_POINT('',(-5.242657673135,3.136254048633,38.));
#8093 = ORIENTED_EDGE('',*,*,#8094,.F.);
#8094 = EDGE_CURVE('',#1825,#8087,#8095,.T.);
#8095 = LINE('',#8096,#8097);
#8096 = CARTESIAN_POINT('',(-5.242657673135,3.136254048633,40.));
#8097 = VECTOR('',#8098,1.);
#8098 = DIRECTION('',(-0.,-0.,-1.));
#8099 = ORIENTED_EDGE('',*,*,#1824,.F.);
#8100 = SURFACE_OF_LINEAR_EXTRUSION('',#8101,#8105);
#8101 = B_SPLINE_CURVE_WITH_KNOTS('',2,(#8102,#8103,#8104),
  .UNSPECIFIED.,.F.,.F.,(3,3),(0.,1.),.PIECEWISE_BEZIER_KNOTS.);
#8102 = CARTESIAN_POINT('',(-6.119143624143,3.241621483791,40.));
#8103 = CARTESIAN_POINT('',(-5.60739110253,3.241621483791,40.));
#8104 = CARTESIAN_POINT('',(-5.242657673135,3.136254048633,40.));
#8105 = VECTOR('',#8106,1.);
#8106 = DIRECTION('',(0.,0.,1.));
#8107 = ADVANCED_FACE('',(#8108),#8126,.T.);
#8108 = FACE_BOUND('',#8109,.T.);
#8109 = EDGE_LOOP('',(#8110,#8118,#8124,#8125));
#8110 = ORIENTED_EDGE('',*,*,#8111,.T.);
#8111 = EDGE_CURVE('',#1897,#8112,#8114,.T.);
#8112 = VERTEX_POINT('',#8113);
#8113 = CARTESIAN_POINT('',(-3.740046001665,-1.751173905258,38.));
#8114 = LINE('',#8115,#8116);
#8115 = CARTESIAN_POINT('',(-3.740046001665,-1.751173905258,40.));
#8116 = VECTOR('',#8117,1.);
#8117 = DIRECTION('',(-0.,-0.,-1.));
#8118 = ORIENTED_EDGE('',*,*,#8119,.T.);
#8119 = EDGE_CURVE('',#8112,#8060,#8120,.T.);
#8120 = LINE('',#8121,#8122);
#8121 = CARTESIAN_POINT('',(-3.740046001665,-1.751173905258,38.));
#8122 = VECTOR('',#8123,1.);
#8123 = DIRECTION('',(-1.,0.,0.));
#8124 = ORIENTED_EDGE('',*,*,#8059,.F.);
#8125 = ORIENTED_EDGE('',*,*,#1904,.F.);
#8126 = PLANE('',#8127);
#8127 = AXIS2_PLACEMENT_3D('',#8128,#8129,#8130);
#8128 = CARTESIAN_POINT('',(-3.740046001665,-1.751173905258,40.));
#8129 = DIRECTION('',(0.,1.,0.));
#8130 = DIRECTION('',(-1.,0.,0.));
#8131 = ADVANCED_FACE('',(#8132),#8150,.T.);
#8132 = FACE_BOUND('',#8133,.T.);
#8133 = EDGE_LOOP('',(#8134,#8135,#8143,#8149));
#8134 = ORIENTED_EDGE('',*,*,#8094,.T.);
#8135 = ORIENTED_EDGE('',*,*,#8136,.T.);
#8136 = EDGE_CURVE('',#8087,#8137,#8139,.T.);
#8137 = VERTEX_POINT('',#8138);
#8138 = CARTESIAN_POINT('',(-4.644449820109,2.840864999641,38.));
#8139 = B_SPLINE_CURVE_WITH_KNOTS('',2,(#8140,#8141,#8142),
  .UNSPECIFIED.,.F.,.F.,(3,3),(0.,1.),.PIECEWISE_BEZIER_KNOTS.);
#8140 = CARTESIAN_POINT('',(-5.242657673135,3.136254048633,38.));
#8141 = CARTESIAN_POINT('',(-4.877699099648,3.030886613474,38.));
#8142 = CARTESIAN_POINT('',(-4.644449820109,2.840864999641,38.));
#8143 = ORIENTED_EDGE('',*,*,#8144,.F.);
#8144 = EDGE_CURVE('',#1833,#8137,#8145,.T.);
#8145 = LINE('',#8146,#8147);
#8146 = CARTESIAN_POINT('',(-4.644449820109,2.840864999641,40.));
#8147 = VECTOR('',#8148,1.);
#8148 = DIRECTION('',(-0.,-0.,-1.));
#8149 = ORIENTED_EDGE('',*,*,#1832,.F.);
#8150 = SURFACE_OF_LINEAR_EXTRUSION('',#8151,#8155);
#8151 = B_SPLINE_CURVE_WITH_KNOTS('',2,(#8152,#8153,#8154),
  .UNSPECIFIED.,.F.,.F.,(3,3),(0.,1.),.PIECEWISE_BEZIER_KNOTS.);
#8152 = CARTESIAN_POINT('',(-5.242657673135,3.136254048633,40.));
#8153 = CARTESIAN_POINT('',(-4.877699099648,3.030886613474,40.));
#8154 = CARTESIAN_POINT('',(-4.644449820109,2.840864999641,40.));
#8155 = VECTOR('',#8156,1.);
#8156 = DIRECTION('',(0.,0.,1.));
#8157 = ADVANCED_FACE('',(#8158),#8176,.T.);
#8158 = FACE_BOUND('',#8159,.T.);
#8159 = EDGE_LOOP('',(#8160,#8168,#8174,#8175));
#8160 = ORIENTED_EDGE('',*,*,#8161,.T.);
#8161 = EDGE_CURVE('',#1889,#8162,#8164,.T.);
#8162 = VERTEX_POINT('',#8163);
#8163 = CARTESIAN_POINT('',(-4.991847154403,9.208077773924E-02,38.));
#8164 = LINE('',#8165,#8166);
#8165 = CARTESIAN_POINT('',(-4.991847154403,9.208077773924E-02,40.));
#8166 = VECTOR('',#8167,1.);
#8167 = DIRECTION('',(-0.,-0.,-1.));
#8168 = ORIENTED_EDGE('',*,*,#8169,.T.);
#8169 = EDGE_CURVE('',#8162,#8112,#8170,.T.);
#8170 = LINE('',#8171,#8172);
#8171 = CARTESIAN_POINT('',(-4.991847154403,9.208077773924E-02,38.));
#8172 = VECTOR('',#8173,1.);
#8173 = DIRECTION('',(0.561815193865,-0.827262768377,0.));
#8174 = ORIENTED_EDGE('',*,*,#8111,.F.);
#8175 = ORIENTED_EDGE('',*,*,#1896,.F.);
#8176 = PLANE('',#8177);
#8177 = AXIS2_PLACEMENT_3D('',#8178,#8179,#8180);
#8178 = CARTESIAN_POINT('',(-4.991847154403,9.208077773924E-02,40.));
#8179 = DIRECTION('',(-0.827262768377,-0.561815193865,0.));
#8180 = DIRECTION('',(0.561815193865,-0.827262768377,0.));
#8181 = ADVANCED_FACE('',(#8182),#8200,.T.);
#8182 = FACE_BOUND('',#8183,.T.);
#8183 = EDGE_LOOP('',(#8184,#8185,#8193,#8199));
#8184 = ORIENTED_EDGE('',*,*,#8144,.T.);
#8185 = ORIENTED_EDGE('',*,*,#8186,.T.);
#8186 = EDGE_CURVE('',#8137,#8187,#8189,.T.);
#8187 = VERTEX_POINT('',#8188);
#8188 = CARTESIAN_POINT('',(-4.302005655844,2.386749365635,38.));
#8189 = B_SPLINE_CURVE_WITH_KNOTS('',2,(#8190,#8191,#8192),
  .UNSPECIFIED.,.F.,.F.,(3,3),(0.,1.),.PIECEWISE_BEZIER_KNOTS.);
#8190 = CARTESIAN_POINT('',(-4.644449820109,2.840864999641,38.));
#8191 = CARTESIAN_POINT('',(-4.410975396478,2.651068529901,38.));
#8192 = CARTESIAN_POINT('',(-4.302005655844,2.386749365635,38.));
#8193 = ORIENTED_EDGE('',*,*,#8194,.F.);
#8194 = EDGE_CURVE('',#1841,#8187,#8195,.T.);
#8195 = LINE('',#8196,#8197);
#8196 = CARTESIAN_POINT('',(-4.302005655844,2.386749365635,40.));
#8197 = VECTOR('',#8198,1.);
#8198 = DIRECTION('',(-0.,-0.,-1.));
#8199 = ORIENTED_EDGE('',*,*,#1840,.F.);
#8200 = SURFACE_OF_LINEAR_EXTRUSION('',#8201,#8205);
#8201 = B_SPLINE_CURVE_WITH_KNOTS('',2,(#8202,#8203,#8204),
  .UNSPECIFIED.,.F.,.F.,(3,3),(0.,1.),.PIECEWISE_BEZIER_KNOTS.);
#8202 = CARTESIAN_POINT('',(-4.644449820109,2.840864999641,40.));
#8203 = CARTESIAN_POINT('',(-4.410975396478,2.651068529901,40.));
#8204 = CARTESIAN_POINT('',(-4.302005655844,2.386749365635,40.));
#8205 = VECTOR('',#8206,1.);
#8206 = DIRECTION('',(0.,0.,1.));
#8207 = ADVANCED_FACE('',(#8208),#8226,.T.);
#8208 = FACE_BOUND('',#8209,.T.);
#8209 = EDGE_LOOP('',(#8210,#8218,#8224,#8225));
#8210 = ORIENTED_EDGE('',*,*,#8211,.T.);
#8211 = EDGE_CURVE('',#1881,#8212,#8214,.T.);
#8212 = VERTEX_POINT('',#8213);
#8213 = CARTESIAN_POINT('',(-5.296241967083,0.378464063042,38.));
#8214 = LINE('',#8215,#8216);
#8215 = CARTESIAN_POINT('',(-5.296241967083,0.378464063042,40.));
#8216 = VECTOR('',#8217,1.);
#8217 = DIRECTION('',(-0.,-0.,-1.));
#8218 = ORIENTED_EDGE('',*,*,#8219,.T.);
#8219 = EDGE_CURVE('',#8212,#8162,#8220,.T.);
#8220 = B_SPLINE_CURVE_WITH_KNOTS('',2,(#8221,#8222,#8223),
  .UNSPECIFIED.,.F.,.F.,(3,3),(0.,1.),.PIECEWISE_BEZIER_KNOTS.);
#8221 = CARTESIAN_POINT('',(-5.296241967083,0.378464063042,38.));
#8222 = CARTESIAN_POINT('',(-5.119728998783,0.278274942004,38.));
#8223 = CARTESIAN_POINT('',(-4.991847154403,9.208077773924E-02,38.));
#8224 = ORIENTED_EDGE('',*,*,#8161,.F.);
#8225 = ORIENTED_EDGE('',*,*,#1888,.F.);
#8226 = SURFACE_OF_LINEAR_EXTRUSION('',#8227,#8231);
#8227 = B_SPLINE_CURVE_WITH_KNOTS('',2,(#8228,#8229,#8230),
  .UNSPECIFIED.,.F.,.F.,(3,3),(0.,1.),.PIECEWISE_BEZIER_KNOTS.);
#8228 = CARTESIAN_POINT('',(-5.296241967083,0.378464063042,40.));
#8229 = CARTESIAN_POINT('',(-5.119728998783,0.278274942004,40.));
#8230 = CARTESIAN_POINT('',(-4.991847154403,9.208077773924E-02,40.));
#8231 = VECTOR('',#8232,1.);
#8232 = DIRECTION('',(0.,0.,1.));
#8233 = ADVANCED_FACE('',(#8234),#8252,.T.);
#8234 = FACE_BOUND('',#8235,.T.);
#8235 = EDGE_LOOP('',(#8236,#8237,#8245,#8251));
#8236 = ORIENTED_EDGE('',*,*,#8194,.T.);
#8237 = ORIENTED_EDGE('',*,*,#8238,.T.);
#8238 = EDGE_CURVE('',#8187,#8239,#8241,.T.);
#8239 = VERTEX_POINT('',#8240);
#8240 = CARTESIAN_POINT('',(-4.19303591521,1.804751887249,38.));
#8241 = B_SPLINE_CURVE_WITH_KNOTS('',2,(#8242,#8243,#8244),
  .UNSPECIFIED.,.F.,.F.,(3,3),(0.,1.),.PIECEWISE_BEZIER_KNOTS.);
#8242 = CARTESIAN_POINT('',(-4.302005655844,2.386749365635,38.));
#8243 = CARTESIAN_POINT('',(-4.19303591521,2.122655345463,38.));
#8244 = CARTESIAN_POINT('',(-4.19303591521,1.804751887249,38.));
#8245 = ORIENTED_EDGE('',*,*,#8246,.F.);
#8246 = EDGE_CURVE('',#1849,#8239,#8247,.T.);
#8247 = LINE('',#8248,#8249);
#8248 = CARTESIAN_POINT('',(-4.19303591521,1.804751887249,40.));
#8249 = VECTOR('',#8250,1.);
#8250 = DIRECTION('',(-0.,-0.,-1.));
#8251 = ORIENTED_EDGE('',*,*,#1848,.F.);
#8252 = SURFACE_OF_LINEAR_EXTRUSION('',#8253,#8257);
#8253 = B_SPLINE_CURVE_WITH_KNOTS('',2,(#8254,#8255,#8256),
  .UNSPECIFIED.,.F.,.F.,(3,3),(0.,1.),.PIECEWISE_BEZIER_KNOTS.);
#8254 = CARTESIAN_POINT('',(-4.302005655844,2.386749365635,40.));
#8255 = CARTESIAN_POINT('',(-4.19303591521,2.122655345463,40.));
#8256 = CARTESIAN_POINT('',(-4.19303591521,1.804751887249,40.));
#8257 = VECTOR('',#8258,1.);
#8258 = DIRECTION('',(0.,0.,1.));
#8259 = ADVANCED_FACE('',(#8260),#8278,.T.);
#8260 = FACE_BOUND('',#8261,.T.);
#8261 = EDGE_LOOP('',(#8262,#8270,#8276,#8277));
#8262 = ORIENTED_EDGE('',*,*,#8263,.T.);
#8263 = EDGE_CURVE('',#1873,#8264,#8266,.T.);
#8264 = VERTEX_POINT('',#8265);
#8265 = CARTESIAN_POINT('',(-4.827717111175,0.599330417509,38.));
#8266 = LINE('',#8267,#8268);
#8267 = CARTESIAN_POINT('',(-4.827717111175,0.599330417509,40.));
#8268 = VECTOR('',#8269,1.);
#8269 = DIRECTION('',(-0.,-0.,-1.));
#8270 = ORIENTED_EDGE('',*,*,#8271,.T.);
#8271 = EDGE_CURVE('',#8264,#8212,#8272,.T.);
#8272 = B_SPLINE_CURVE_WITH_KNOTS('',2,(#8273,#8274,#8275),
  .UNSPECIFIED.,.F.,.F.,(3,3),(0.,1.),.PIECEWISE_BEZIER_KNOTS.);
#8273 = CARTESIAN_POINT('',(-4.827717111175,0.599330417509,38.));
#8274 = CARTESIAN_POINT('',(-5.033273667371,0.461317088978,38.));
#8275 = CARTESIAN_POINT('',(-5.296241967083,0.378464063042,38.));
#8276 = ORIENTED_EDGE('',*,*,#8211,.F.);
#8277 = ORIENTED_EDGE('',*,*,#1880,.F.);
#8278 = SURFACE_OF_LINEAR_EXTRUSION('',#8279,#8283);
#8279 = B_SPLINE_CURVE_WITH_KNOTS('',2,(#8280,#8281,#8282),
  .UNSPECIFIED.,.F.,.F.,(3,3),(0.,1.),.PIECEWISE_BEZIER_KNOTS.);
#8280 = CARTESIAN_POINT('',(-4.827717111175,0.599330417509,40.));
#8281 = CARTESIAN_POINT('',(-5.033273667371,0.461317088978,40.));
#8282 = CARTESIAN_POINT('',(-5.296241967083,0.378464063042,40.));
#8283 = VECTOR('',#8284,1.);
#8284 = DIRECTION('',(0.,0.,1.));
#8285 = ADVANCED_FACE('',(#8286),#8304,.T.);
#8286 = FACE_BOUND('',#8287,.T.);
#8287 = EDGE_LOOP('',(#8288,#8289,#8297,#8303));
#8288 = ORIENTED_EDGE('',*,*,#8246,.T.);
#8289 = ORIENTED_EDGE('',*,*,#8290,.T.);
#8290 = EDGE_CURVE('',#8239,#8291,#8293,.T.);
#8291 = VERTEX_POINT('',#8292);
#8292 = CARTESIAN_POINT('',(-4.267333465642,1.328121844022,38.));
#8293 = B_SPLINE_CURVE_WITH_KNOTS('',2,(#8294,#8295,#8296),
  .UNSPECIFIED.,.F.,.F.,(3,3),(0.,1.),.PIECEWISE_BEZIER_KNOTS.);
#8294 = CARTESIAN_POINT('',(-4.19303591521,1.804751887249,38.));
#8295 = CARTESIAN_POINT('',(-4.19303591521,1.552815648056,38.));
#8296 = CARTESIAN_POINT('',(-4.267333465642,1.328121844022,38.));
#8297 = ORIENTED_EDGE('',*,*,#8298,.F.);
#8298 = EDGE_CURVE('',#1857,#8291,#8299,.T.);
#8299 = LINE('',#8300,#8301);
#8300 = CARTESIAN_POINT('',(-4.267333465642,1.328121844022,40.));
#8301 = VECTOR('',#8302,1.);
#8302 = DIRECTION('',(-0.,-0.,-1.));
#8303 = ORIENTED_EDGE('',*,*,#1856,.F.);
#8304 = SURFACE_OF_LINEAR_EXTRUSION('',#8305,#8309);
#8305 = B_SPLINE_CURVE_WITH_KNOTS('',2,(#8306,#8307,#8308),
  .UNSPECIFIED.,.F.,.F.,(3,3),(0.,1.),.PIECEWISE_BEZIER_KNOTS.);
#8306 = CARTESIAN_POINT('',(-4.19303591521,1.804751887249,40.));
#8307 = CARTESIAN_POINT('',(-4.19303591521,1.552815648056,40.));
#8308 = CARTESIAN_POINT('',(-4.267333465642,1.328121844022,40.));
#8309 = VECTOR('',#8310,1.);
#8310 = DIRECTION('',(0.,0.,1.));
#8311 = ADVANCED_FACE('',(#8312),#8330,.T.);
#8312 = FACE_BOUND('',#8313,.T.);
#8313 = EDGE_LOOP('',(#8314,#8322,#8328,#8329));
#8314 = ORIENTED_EDGE('',*,*,#8315,.T.);
#8315 = EDGE_CURVE('',#1865,#8316,#8318,.T.);
#8316 = VERTEX_POINT('',#8317);
#8317 = CARTESIAN_POINT('',(-4.481895785527,0.920611037105,38.));
#8318 = LINE('',#8319,#8320);
#8319 = CARTESIAN_POINT('',(-4.481895785527,0.920611037105,40.));
#8320 = VECTOR('',#8321,1.);
#8321 = DIRECTION('',(-0.,-0.,-1.));
#8322 = ORIENTED_EDGE('',*,*,#8323,.T.);
#8323 = EDGE_CURVE('',#8316,#8264,#8324,.T.);
#8324 = B_SPLINE_CURVE_WITH_KNOTS('',2,(#8325,#8326,#8327),
  .UNSPECIFIED.,.F.,.F.,(3,3),(0.,1.),.PIECEWISE_BEZIER_KNOTS.);
#8325 = CARTESIAN_POINT('',(-4.481895785527,0.920611037105,38.));
#8326 = CARTESIAN_POINT('',(-4.621935410887,0.737568890131,38.));
#8327 = CARTESIAN_POINT('',(-4.827717111175,0.599330417509,38.));
#8328 = ORIENTED_EDGE('',*,*,#8263,.F.);
#8329 = ORIENTED_EDGE('',*,*,#1872,.F.);
#8330 = SURFACE_OF_LINEAR_EXTRUSION('',#8331,#8335);
#8331 = B_SPLINE_CURVE_WITH_KNOTS('',2,(#8332,#8333,#8334),
  .UNSPECIFIED.,.F.,.F.,(3,3),(0.,1.),.PIECEWISE_BEZIER_KNOTS.);
#8332 = CARTESIAN_POINT('',(-4.481895785527,0.920611037105,40.));
#8333 = CARTESIAN_POINT('',(-4.621935410887,0.737568890131,40.));
#8334 = CARTESIAN_POINT('',(-4.827717111175,0.599330417509,40.));
#8335 = VECTOR('',#8336,1.);
#8336 = DIRECTION('',(0.,0.,1.));
#8337 = ADVANCED_FACE('',(#8338),#8349,.T.);
#8338 = FACE_BOUND('',#8339,.T.);
#8339 = EDGE_LOOP('',(#8340,#8341,#8347,#8348));
#8340 = ORIENTED_EDGE('',*,*,#8298,.T.);
#8341 = ORIENTED_EDGE('',*,*,#8342,.T.);
#8342 = EDGE_CURVE('',#8291,#8316,#8343,.T.);
#8343 = B_SPLINE_CURVE_WITH_KNOTS('',2,(#8344,#8345,#8346),
  .UNSPECIFIED.,.F.,.F.,(3,3),(0.,1.),.PIECEWISE_BEZIER_KNOTS.);
#8344 = CARTESIAN_POINT('',(-4.267333465642,1.328121844022,38.));
#8345 = CARTESIAN_POINT('',(-4.341631016074,1.103653184079,38.));
#8346 = CARTESIAN_POINT('',(-4.481895785527,0.920611037105,38.));
#8347 = ORIENTED_EDGE('',*,*,#8315,.F.);
#8348 = ORIENTED_EDGE('',*,*,#1864,.F.);
#8349 = SURFACE_OF_LINEAR_EXTRUSION('',#8350,#8354);
#8350 = B_SPLINE_CURVE_WITH_KNOTS('',2,(#8351,#8352,#8353),
  .UNSPECIFIED.,.F.,.F.,(3,3),(0.,1.),.PIECEWISE_BEZIER_KNOTS.);
#8351 = CARTESIAN_POINT('',(-4.267333465642,1.328121844022,40.));
#8352 = CARTESIAN_POINT('',(-4.341631016074,1.103653184079,40.));
#8353 = CARTESIAN_POINT('',(-4.481895785527,0.920611037105,40.));
#8354 = VECTOR('',#8355,1.);
#8355 = DIRECTION('',(0.,0.,1.));
#8356 = ADVANCED_FACE('',(#8357),#8382,.T.);
#8357 = FACE_BOUND('',#8358,.T.);
#8358 = EDGE_LOOP('',(#8359,#8367,#8375,#8381));
#8359 = ORIENTED_EDGE('',*,*,#8360,.T.);
#8360 = EDGE_CURVE('',#1953,#8361,#8363,.T.);
#8361 = VERTEX_POINT('',#8362);
#8362 = CARTESIAN_POINT('',(-2.206814733654,3.039892377163,38.));
#8363 = LINE('',#8364,#8365);
#8364 = CARTESIAN_POINT('',(-2.206814733654,3.039892377163,40.));
#8365 = VECTOR('',#8366,1.);
#8366 = DIRECTION('',(-0.,-0.,-1.));
#8367 = ORIENTED_EDGE('',*,*,#8368,.T.);
#8368 = EDGE_CURVE('',#8361,#8369,#8371,.T.);
#8369 = VERTEX_POINT('',#8370);
#8370 = CARTESIAN_POINT('',(-2.16178591521,2.825780345463,38.));
#8371 = B_SPLINE_CURVE_WITH_KNOTS('',2,(#8372,#8373,#8374),
  .UNSPECIFIED.,.F.,.F.,(3,3),(0.,1.),.PIECEWISE_BEZIER_KNOTS.);
#8372 = CARTESIAN_POINT('',(-2.206814733654,3.039892377163,38.));
#8373 = CARTESIAN_POINT('',(-2.16178591521,2.939703256125,38.));
#8374 = CARTESIAN_POINT('',(-2.16178591521,2.825780345463,38.));
#8375 = ORIENTED_EDGE('',*,*,#8376,.F.);
#8376 = EDGE_CURVE('',#1955,#8369,#8377,.T.);
#8377 = LINE('',#8378,#8379);
#8378 = CARTESIAN_POINT('',(-2.16178591521,2.825780345463,40.));
#8379 = VECTOR('',#8380,1.);
#8380 = DIRECTION('',(-0.,-0.,-1.));
#8381 = ORIENTED_EDGE('',*,*,#1952,.F.);
#8382 = SURFACE_OF_LINEAR_EXTRUSION('',#8383,#8387);
#8383 = B_SPLINE_CURVE_WITH_KNOTS('',2,(#8384,#8385,#8386),
  .UNSPECIFIED.,.F.,.F.,(3,3),(0.,1.),.PIECEWISE_BEZIER_KNOTS.);
#8384 = CARTESIAN_POINT('',(-2.206814733654,3.039892377163,40.));
#8385 = CARTESIAN_POINT('',(-2.16178591521,2.939703256125,40.));
#8386 = CARTESIAN_POINT('',(-2.16178591521,2.825780345463,40.));
#8387 = VECTOR('',#8388,1.);
#8388 = DIRECTION('',(0.,0.,1.));
#8389 = ADVANCED_FACE('',(#8390),#8408,.T.);
#8390 = FACE_BOUND('',#8391,.T.);
#8391 = EDGE_LOOP('',(#8392,#8400,#8406,#8407));
#8392 = ORIENTED_EDGE('',*,*,#8393,.T.);
#8393 = EDGE_CURVE('',#2067,#8394,#8396,.T.);
#8394 = VERTEX_POINT('',#8395);
#8395 = CARTESIAN_POINT('',(-2.32614110253,3.212577895895,38.));
#8396 = LINE('',#8397,#8398);
#8397 = CARTESIAN_POINT('',(-2.32614110253,3.212577895895,40.));
#8398 = VECTOR('',#8399,1.);
#8399 = DIRECTION('',(-0.,-0.,-1.));
#8400 = ORIENTED_EDGE('',*,*,#8401,.T.);
#8401 = EDGE_CURVE('',#8394,#8361,#8402,.T.);
#8402 = B_SPLINE_CURVE_WITH_KNOTS('',2,(#8403,#8404,#8405),
  .UNSPECIFIED.,.F.,.F.,(3,3),(0.,1.),.PIECEWISE_BEZIER_KNOTS.);
#8403 = CARTESIAN_POINT('',(-2.32614110253,3.212577895895,38.));
#8404 = CARTESIAN_POINT('',(-2.251843552097,3.1400814982,38.));
#8405 = CARTESIAN_POINT('',(-2.206814733654,3.039892377163,38.));
#8406 = ORIENTED_EDGE('',*,*,#8360,.F.);
#8407 = ORIENTED_EDGE('',*,*,#2074,.F.);
#8408 = SURFACE_OF_LINEAR_EXTRUSION('',#8409,#8413);
#8409 = B_SPLINE_CURVE_WITH_KNOTS('',2,(#8410,#8411,#8412),
  .UNSPECIFIED.,.F.,.F.,(3,3),(0.,1.),.PIECEWISE_BEZIER_KNOTS.);
#8410 = CARTESIAN_POINT('',(-2.32614110253,3.212577895895,40.));
#8411 = CARTESIAN_POINT('',(-2.251843552097,3.1400814982,40.));
#8412 = CARTESIAN_POINT('',(-2.206814733654,3.039892377163,40.));
#8413 = VECTOR('',#8414,1.);
#8414 = DIRECTION('',(0.,0.,1.));
#8415 = ADVANCED_FACE('',(#8416),#8434,.T.);
#8416 = FACE_BOUND('',#8417,.T.);
#8417 = EDGE_LOOP('',(#8418,#8419,#8427,#8433));
#8418 = ORIENTED_EDGE('',*,*,#8376,.T.);
#8419 = ORIENTED_EDGE('',*,*,#8420,.T.);
#8420 = EDGE_CURVE('',#8369,#8421,#8423,.T.);
#8421 = VERTEX_POINT('',#8422);
#8422 = CARTESIAN_POINT('',(-2.206814733654,2.618422636529,38.));
#8423 = B_SPLINE_CURVE_WITH_KNOTS('',2,(#8424,#8425,#8426),
  .UNSPECIFIED.,.F.,.F.,(3,3),(0.,1.),.PIECEWISE_BEZIER_KNOTS.);
#8424 = CARTESIAN_POINT('',(-2.16178591521,2.825780345463,38.));
#8425 = CARTESIAN_POINT('',(-2.16178591521,2.715234596183,38.));
#8426 = CARTESIAN_POINT('',(-2.206814733654,2.618422636529,38.));
#8427 = ORIENTED_EDGE('',*,*,#8428,.F.);
#8428 = EDGE_CURVE('',#1963,#8421,#8429,.T.);
#8429 = LINE('',#8430,#8431);
#8430 = CARTESIAN_POINT('',(-2.206814733654,2.618422636529,40.));
#8431 = VECTOR('',#8432,1.);
#8432 = DIRECTION('',(-0.,-0.,-1.));
#8433 = ORIENTED_EDGE('',*,*,#1962,.F.);
#8434 = SURFACE_OF_LINEAR_EXTRUSION('',#8435,#8439);
#8435 = B_SPLINE_CURVE_WITH_KNOTS('',2,(#8436,#8437,#8438),
  .UNSPECIFIED.,.F.,.F.,(3,3),(0.,1.),.PIECEWISE_BEZIER_KNOTS.);
#8436 = CARTESIAN_POINT('',(-2.16178591521,2.825780345463,40.));
#8437 = CARTESIAN_POINT('',(-2.16178591521,2.715234596183,40.));
#8438 = CARTESIAN_POINT('',(-2.206814733654,2.618422636529,40.));
#8439 = VECTOR('',#8440,1.);
#8440 = DIRECTION('',(0.,0.,1.));
#8441 = ADVANCED_FACE('',(#8442),#8460,.T.);
#8442 = FACE_BOUND('',#8443,.T.);
#8443 = EDGE_LOOP('',(#8444,#8452,#8458,#8459));
#8444 = ORIENTED_EDGE('',*,*,#8445,.T.);
#8445 = EDGE_CURVE('',#2059,#8446,#8448,.T.);
#8446 = VERTEX_POINT('',#8447);
#8447 = CARTESIAN_POINT('',(-2.500852918092,3.328076815203,38.));
#8448 = LINE('',#8449,#8450);
#8449 = CARTESIAN_POINT('',(-2.500852918092,3.328076815203,40.));
#8450 = VECTOR('',#8451,1.);
#8451 = DIRECTION('',(-0.,-0.,-1.));
#8452 = ORIENTED_EDGE('',*,*,#8453,.T.);
#8453 = EDGE_CURVE('',#8446,#8394,#8454,.T.);
#8454 = B_SPLINE_CURVE_WITH_KNOTS('',2,(#8455,#8456,#8457),
  .UNSPECIFIED.,.F.,.F.,(3,3),(0.,1.),.PIECEWISE_BEZIER_KNOTS.);
#8455 = CARTESIAN_POINT('',(-2.500852918092,3.328076815203,38.));
#8456 = CARTESIAN_POINT('',(-2.400438652962,3.285074293589,38.));
#8457 = CARTESIAN_POINT('',(-2.32614110253,3.212577895895,38.));
#8458 = ORIENTED_EDGE('',*,*,#8393,.F.);
#8459 = ORIENTED_EDGE('',*,*,#2066,.F.);
#8460 = SURFACE_OF_LINEAR_EXTRUSION('',#8461,#8465);
#8461 = B_SPLINE_CURVE_WITH_KNOTS('',2,(#8462,#8463,#8464),
  .UNSPECIFIED.,.F.,.F.,(3,3),(0.,1.),.PIECEWISE_BEZIER_KNOTS.);
#8462 = CARTESIAN_POINT('',(-2.500852918092,3.328076815203,40.));
#8463 = CARTESIAN_POINT('',(-2.400438652962,3.285074293589,40.));
#8464 = CARTESIAN_POINT('',(-2.32614110253,3.212577895895,40.));
#8465 = VECTOR('',#8466,1.);
#8466 = DIRECTION('',(0.,0.,1.));
#8467 = ADVANCED_FACE('',(#8468),#8486,.T.);
#8468 = FACE_BOUND('',#8469,.T.);
#8469 = EDGE_LOOP('',(#8470,#8471,#8479,#8485));
#8470 = ORIENTED_EDGE('',*,*,#8428,.T.);
#8471 = ORIENTED_EDGE('',*,*,#8472,.T.);
#8472 = EDGE_CURVE('',#8421,#8473,#8475,.T.);
#8473 = VERTEX_POINT('',#8474);
#8474 = CARTESIAN_POINT('',(-2.32614110253,2.449339423272,38.));
#8475 = B_SPLINE_CURVE_WITH_KNOTS('',2,(#8476,#8477,#8478),
  .UNSPECIFIED.,.F.,.F.,(3,3),(0.,1.),.PIECEWISE_BEZIER_KNOTS.);
#8476 = CARTESIAN_POINT('',(-2.206814733654,2.618422636529,38.));
#8477 = CARTESIAN_POINT('',(-2.251843552097,2.521835820967,38.));
#8478 = CARTESIAN_POINT('',(-2.32614110253,2.449339423272,38.));
#8479 = ORIENTED_EDGE('',*,*,#8480,.F.);
#8480 = EDGE_CURVE('',#1971,#8473,#8481,.T.);
#8481 = LINE('',#8482,#8483);
#8482 = CARTESIAN_POINT('',(-2.32614110253,2.449339423272,40.));
#8483 = VECTOR('',#8484,1.);
#8484 = DIRECTION('',(-0.,-0.,-1.));
#8485 = ORIENTED_EDGE('',*,*,#1970,.F.);
#8486 = SURFACE_OF_LINEAR_EXTRUSION('',#8487,#8491);
#8487 = B_SPLINE_CURVE_WITH_KNOTS('',2,(#8488,#8489,#8490),
  .UNSPECIFIED.,.F.,.F.,(3,3),(0.,1.),.PIECEWISE_BEZIER_KNOTS.);
#8488 = CARTESIAN_POINT('',(-2.206814733654,2.618422636529,40.));
#8489 = CARTESIAN_POINT('',(-2.251843552097,2.521835820967,40.));
#8490 = CARTESIAN_POINT('',(-2.32614110253,2.449339423272,40.));
#8491 = VECTOR('',#8492,1.);
#8492 = DIRECTION('',(0.,0.,1.));
#8493 = ADVANCED_FACE('',(#8494),#8512,.T.);
#8494 = FACE_BOUND('',#8495,.T.);
#8495 = EDGE_LOOP('',(#8496,#8504,#8510,#8511));
#8496 = ORIENTED_EDGE('',*,*,#8497,.T.);
#8497 = EDGE_CURVE('',#2051,#8498,#8500,.T.);
#8498 = VERTEX_POINT('',#8499);
#8499 = CARTESIAN_POINT('',(-2.715190093884,3.371304480909,38.));
#8500 = LINE('',#8501,#8502);
#8501 = CARTESIAN_POINT('',(-2.715190093884,3.371304480909,40.));
#8502 = VECTOR('',#8503,1.);
#8503 = DIRECTION('',(-0.,-0.,-1.));
#8504 = ORIENTED_EDGE('',*,*,#8505,.T.);
#8505 = EDGE_CURVE('',#8498,#8446,#8506,.T.);
#8506 = B_SPLINE_CURVE_WITH_KNOTS('',2,(#8507,#8508,#8509),
  .UNSPECIFIED.,.F.,.F.,(3,3),(0.,1.),.PIECEWISE_BEZIER_KNOTS.);
#8507 = CARTESIAN_POINT('',(-2.715190093884,3.371304480909,38.));
#8508 = CARTESIAN_POINT('',(-2.601042039129,3.371304480909,38.));
#8509 = CARTESIAN_POINT('',(-2.500852918092,3.328076815203,38.));
#8510 = ORIENTED_EDGE('',*,*,#8445,.F.);
#8511 = ORIENTED_EDGE('',*,*,#2058,.F.);
#8512 = SURFACE_OF_LINEAR_EXTRUSION('',#8513,#8517);
#8513 = B_SPLINE_CURVE_WITH_KNOTS('',2,(#8514,#8515,#8516),
  .UNSPECIFIED.,.F.,.F.,(3,3),(0.,1.),.PIECEWISE_BEZIER_KNOTS.);
#8514 = CARTESIAN_POINT('',(-2.715190093884,3.371304480909,40.));
#8515 = CARTESIAN_POINT('',(-2.601042039129,3.371304480909,40.));
#8516 = CARTESIAN_POINT('',(-2.500852918092,3.328076815203,40.));
#8517 = VECTOR('',#8518,1.);
#8518 = DIRECTION('',(0.,0.,1.));
#8519 = ADVANCED_FACE('',(#8520),#8538,.T.);
#8520 = FACE_BOUND('',#8521,.T.);
#8521 = EDGE_LOOP('',(#8522,#8523,#8531,#8537));
#8522 = ORIENTED_EDGE('',*,*,#8480,.T.);
#8523 = ORIENTED_EDGE('',*,*,#8524,.T.);
#8524 = EDGE_CURVE('',#8473,#8525,#8527,.T.);
#8525 = VERTEX_POINT('',#8526);
#8526 = CARTESIAN_POINT('',(-2.500852918092,2.333615359872,38.));
#8527 = B_SPLINE_CURVE_WITH_KNOTS('',2,(#8528,#8529,#8530),
  .UNSPECIFIED.,.F.,.F.,(3,3),(0.,1.),.PIECEWISE_BEZIER_KNOTS.);
#8528 = CARTESIAN_POINT('',(-2.32614110253,2.449339423272,38.));
#8529 = CARTESIAN_POINT('',(-2.400438652962,2.376843025578,38.));
#8530 = CARTESIAN_POINT('',(-2.500852918092,2.333615359872,38.));
#8531 = ORIENTED_EDGE('',*,*,#8532,.F.);
#8532 = EDGE_CURVE('',#1979,#8525,#8533,.T.);
#8533 = LINE('',#8534,#8535);
#8534 = CARTESIAN_POINT('',(-2.500852918092,2.333615359872,40.));
#8535 = VECTOR('',#8536,1.);
#8536 = DIRECTION('',(-0.,-0.,-1.));
#8537 = ORIENTED_EDGE('',*,*,#1978,.F.);
#8538 = SURFACE_OF_LINEAR_EXTRUSION('',#8539,#8543);
#8539 = B_SPLINE_CURVE_WITH_KNOTS('',2,(#8540,#8541,#8542),
  .UNSPECIFIED.,.F.,.F.,(3,3),(0.,1.),.PIECEWISE_BEZIER_KNOTS.);
#8540 = CARTESIAN_POINT('',(-2.32614110253,2.449339423272,40.));
#8541 = CARTESIAN_POINT('',(-2.400438652962,2.376843025578,40.));
#8542 = CARTESIAN_POINT('',(-2.500852918092,2.333615359872,40.));
#8543 = VECTOR('',#8544,1.);
#8544 = DIRECTION('',(0.,0.,1.));
#8545 = ADVANCED_FACE('',(#8546),#8564,.T.);
#8546 = FACE_BOUND('',#8547,.T.);
#8547 = EDGE_LOOP('',(#8548,#8556,#8562,#8563));
#8548 = ORIENTED_EDGE('',*,*,#8549,.T.);
#8549 = EDGE_CURVE('',#2043,#8550,#8552,.T.);
#8550 = VERTEX_POINT('',#8551);
#8551 = CARTESIAN_POINT('',(-2.924574099648,3.328076815203,38.));
#8552 = LINE('',#8553,#8554);
#8553 = CARTESIAN_POINT('',(-2.924574099648,3.328076815203,40.));
#8554 = VECTOR('',#8555,1.);
#8555 = DIRECTION('',(-0.,-0.,-1.));
#8556 = ORIENTED_EDGE('',*,*,#8557,.T.);
#8557 = EDGE_CURVE('',#8550,#8498,#8558,.T.);
#8558 = B_SPLINE_CURVE_WITH_KNOTS('',2,(#8559,#8560,#8561),
  .UNSPECIFIED.,.F.,.F.,(3,3),(0.,1.),.PIECEWISE_BEZIER_KNOTS.);
#8559 = CARTESIAN_POINT('',(-2.924574099648,3.328076815203,38.));
#8560 = CARTESIAN_POINT('',(-2.825960987256,3.371304480909,38.));
#8561 = CARTESIAN_POINT('',(-2.715190093884,3.371304480909,38.));
#8562 = ORIENTED_EDGE('',*,*,#8497,.F.);
#8563 = ORIENTED_EDGE('',*,*,#2050,.F.);
#8564 = SURFACE_OF_LINEAR_EXTRUSION('',#8565,#8569);
#8565 = B_SPLINE_CURVE_WITH_KNOTS('',2,(#8566,#8567,#8568),
  .UNSPECIFIED.,.F.,.F.,(3,3),(0.,1.),.PIECEWISE_BEZIER_KNOTS.);
#8566 = CARTESIAN_POINT('',(-2.924574099648,3.328076815203,40.));
#8567 = CARTESIAN_POINT('',(-2.825960987256,3.371304480909,40.));
#8568 = CARTESIAN_POINT('',(-2.715190093884,3.371304480909,40.));
#8569 = VECTOR('',#8570,1.);
#8570 = DIRECTION('',(0.,0.,1.));
#8571 = ADVANCED_FACE('',(#8572),#8590,.T.);
#8572 = FACE_BOUND('',#8573,.T.);
#8573 = EDGE_LOOP('',(#8574,#8575,#8583,#8589));
#8574 = ORIENTED_EDGE('',*,*,#8532,.T.);
#8575 = ORIENTED_EDGE('',*,*,#8576,.T.);
#8576 = EDGE_CURVE('',#8525,#8577,#8579,.T.);
#8577 = VERTEX_POINT('',#8578);
#8578 = CARTESIAN_POINT('',(-2.715190093884,2.290612838258,38.));
#8579 = B_SPLINE_CURVE_WITH_KNOTS('',2,(#8580,#8581,#8582),
  .UNSPECIFIED.,.F.,.F.,(3,3),(0.,1.),.PIECEWISE_BEZIER_KNOTS.);
#8580 = CARTESIAN_POINT('',(-2.500852918092,2.333615359872,38.));
#8581 = CARTESIAN_POINT('',(-2.601042039129,2.290612838258,38.));
#8582 = CARTESIAN_POINT('',(-2.715190093884,2.290612838258,38.));
#8583 = ORIENTED_EDGE('',*,*,#8584,.F.);
#8584 = EDGE_CURVE('',#1987,#8577,#8585,.T.);
#8585 = LINE('',#8586,#8587);
#8586 = CARTESIAN_POINT('',(-2.715190093884,2.290612838258,40.));
#8587 = VECTOR('',#8588,1.);
#8588 = DIRECTION('',(-0.,-0.,-1.));
#8589 = ORIENTED_EDGE('',*,*,#1986,.F.);
#8590 = SURFACE_OF_LINEAR_EXTRUSION('',#8591,#8595);
#8591 = B_SPLINE_CURVE_WITH_KNOTS('',2,(#8592,#8593,#8594),
  .UNSPECIFIED.,.F.,.F.,(3,3),(0.,1.),.PIECEWISE_BEZIER_KNOTS.);
#8592 = CARTESIAN_POINT('',(-2.500852918092,2.333615359872,40.));
#8593 = CARTESIAN_POINT('',(-2.601042039129,2.290612838258,40.));
#8594 = CARTESIAN_POINT('',(-2.715190093884,2.290612838258,40.));
#8595 = VECTOR('',#8596,1.);
#8596 = DIRECTION('',(0.,0.,1.));
#8597 = ADVANCED_FACE('',(#8598),#8616,.T.);
#8598 = FACE_BOUND('',#8599,.T.);
#8599 = EDGE_LOOP('',(#8600,#8608,#8614,#8615));
#8600 = ORIENTED_EDGE('',*,*,#8601,.T.);
#8601 = EDGE_CURVE('',#2035,#8602,#8604,.T.);
#8602 = VERTEX_POINT('',#8603);
#8603 = CARTESIAN_POINT('',(-3.095683609734,3.212577895895,38.));
#8604 = LINE('',#8605,#8606);
#8605 = CARTESIAN_POINT('',(-3.095683609734,3.212577895895,40.));
#8606 = VECTOR('',#8607,1.);
#8607 = DIRECTION('',(-0.,-0.,-1.));
#8608 = ORIENTED_EDGE('',*,*,#8609,.T.);
#8609 = EDGE_CURVE('',#8602,#8550,#8610,.T.);
#8610 = B_SPLINE_CURVE_WITH_KNOTS('',2,(#8611,#8612,#8613),
  .UNSPECIFIED.,.F.,.F.,(3,3),(0.,1.),.PIECEWISE_BEZIER_KNOTS.);
#8611 = CARTESIAN_POINT('',(-3.095683609734,3.212577895895,38.));
#8612 = CARTESIAN_POINT('',(-3.022962067947,3.285074293589,38.));
#8613 = CARTESIAN_POINT('',(-2.924574099648,3.328076815203,38.));
#8614 = ORIENTED_EDGE('',*,*,#8549,.F.);
#8615 = ORIENTED_EDGE('',*,*,#2042,.F.);
#8616 = SURFACE_OF_LINEAR_EXTRUSION('',#8617,#8621);
#8617 = B_SPLINE_CURVE_WITH_KNOTS('',2,(#8618,#8619,#8620),
  .UNSPECIFIED.,.F.,.F.,(3,3),(0.,1.),.PIECEWISE_BEZIER_KNOTS.);
#8618 = CARTESIAN_POINT('',(-3.095683609734,3.212577895895,40.));
#8619 = CARTESIAN_POINT('',(-3.022962067947,3.285074293589,40.));
#8620 = CARTESIAN_POINT('',(-2.924574099648,3.328076815203,40.));
#8621 = VECTOR('',#8622,1.);
#8622 = DIRECTION('',(0.,0.,1.));
#8623 = ADVANCED_FACE('',(#8624),#8642,.T.);
#8624 = FACE_BOUND('',#8625,.T.);
#8625 = EDGE_LOOP('',(#8626,#8627,#8635,#8641));
#8626 = ORIENTED_EDGE('',*,*,#8584,.T.);
#8627 = ORIENTED_EDGE('',*,*,#8628,.T.);
#8628 = EDGE_CURVE('',#8577,#8629,#8631,.T.);
#8629 = VERTEX_POINT('',#8630);
#8630 = CARTESIAN_POINT('',(-2.924574099648,2.333615359872,38.));
#8631 = B_SPLINE_CURVE_WITH_KNOTS('',2,(#8632,#8633,#8634),
  .UNSPECIFIED.,.F.,.F.,(3,3),(0.,1.),.PIECEWISE_BEZIER_KNOTS.);
#8632 = CARTESIAN_POINT('',(-2.715190093884,2.290612838258,38.));
#8633 = CARTESIAN_POINT('',(-2.825960987256,2.290612838258,38.));
#8634 = CARTESIAN_POINT('',(-2.924574099648,2.333615359872,38.));
#8635 = ORIENTED_EDGE('',*,*,#8636,.F.);
#8636 = EDGE_CURVE('',#1995,#8629,#8637,.T.);
#8637 = LINE('',#8638,#8639);
#8638 = CARTESIAN_POINT('',(-2.924574099648,2.333615359872,40.));
#8639 = VECTOR('',#8640,1.);
#8640 = DIRECTION('',(-0.,-0.,-1.));
#8641 = ORIENTED_EDGE('',*,*,#1994,.F.);
#8642 = SURFACE_OF_LINEAR_EXTRUSION('',#8643,#8647);
#8643 = B_SPLINE_CURVE_WITH_KNOTS('',2,(#8644,#8645,#8646),
  .UNSPECIFIED.,.F.,.F.,(3,3),(0.,1.),.PIECEWISE_BEZIER_KNOTS.);
#8644 = CARTESIAN_POINT('',(-2.715190093884,2.290612838258,40.));
#8645 = CARTESIAN_POINT('',(-2.825960987256,2.290612838258,40.));
#8646 = CARTESIAN_POINT('',(-2.924574099648,2.333615359872,40.));
#8647 = VECTOR('',#8648,1.);
#8648 = DIRECTION('',(0.,0.,1.));
#8649 = ADVANCED_FACE('',(#8650),#8668,.T.);
#8650 = FACE_BOUND('',#8651,.T.);
#8651 = EDGE_LOOP('',(#8652,#8660,#8666,#8667));
#8652 = ORIENTED_EDGE('',*,*,#8653,.T.);
#8653 = EDGE_CURVE('',#2027,#8654,#8656,.T.);
#8654 = VERTEX_POINT('',#8655);
#8655 = CARTESIAN_POINT('',(-3.211407673135,3.039892377163,38.));
#8656 = LINE('',#8657,#8658);
#8657 = CARTESIAN_POINT('',(-3.211407673135,3.039892377163,40.));
#8658 = VECTOR('',#8659,1.);
#8659 = DIRECTION('',(-0.,-0.,-1.));
#8660 = ORIENTED_EDGE('',*,*,#8661,.T.);
#8661 = EDGE_CURVE('',#8654,#8602,#8662,.T.);
#8662 = B_SPLINE_CURVE_WITH_KNOTS('',2,(#8663,#8664,#8665),
  .UNSPECIFIED.,.F.,.F.,(3,3),(0.,1.),.PIECEWISE_BEZIER_KNOTS.);
#8663 = CARTESIAN_POINT('',(-3.211407673135,3.039892377163,38.));
#8664 = CARTESIAN_POINT('',(-3.168180007429,3.1400814982,38.));
#8665 = CARTESIAN_POINT('',(-3.095683609734,3.212577895895,38.));
#8666 = ORIENTED_EDGE('',*,*,#8601,.F.);
#8667 = ORIENTED_EDGE('',*,*,#2034,.F.);
#8668 = SURFACE_OF_LINEAR_EXTRUSION('',#8669,#8673);
#8669 = B_SPLINE_CURVE_WITH_KNOTS('',2,(#8670,#8671,#8672),
  .UNSPECIFIED.,.F.,.F.,(3,3),(0.,1.),.PIECEWISE_BEZIER_KNOTS.);
#8670 = CARTESIAN_POINT('',(-3.211407673135,3.039892377163,40.));
#8671 = CARTESIAN_POINT('',(-3.168180007429,3.1400814982,40.));
#8672 = CARTESIAN_POINT('',(-3.095683609734,3.212577895895,40.));
#8673 = VECTOR('',#8674,1.);
#8674 = DIRECTION('',(0.,0.,1.));
#8675 = ADVANCED_FACE('',(#8676),#8694,.T.);
#8676 = FACE_BOUND('',#8677,.T.);
#8677 = EDGE_LOOP('',(#8678,#8679,#8687,#8693));
#8678 = ORIENTED_EDGE('',*,*,#8636,.T.);
#8679 = ORIENTED_EDGE('',*,*,#8680,.T.);
#8680 = EDGE_CURVE('',#8629,#8681,#8683,.T.);
#8681 = VERTEX_POINT('',#8682);
#8682 = CARTESIAN_POINT('',(-3.095683609734,2.449339423272,38.));
#8683 = B_SPLINE_CURVE_WITH_KNOTS('',2,(#8684,#8685,#8686),
  .UNSPECIFIED.,.F.,.F.,(3,3),(0.,1.),.PIECEWISE_BEZIER_KNOTS.);
#8684 = CARTESIAN_POINT('',(-2.924574099648,2.333615359872,38.));
#8685 = CARTESIAN_POINT('',(-3.022962067947,2.376843025578,38.));
#8686 = CARTESIAN_POINT('',(-3.095683609734,2.449339423272,38.));
#8687 = ORIENTED_EDGE('',*,*,#8688,.F.);
#8688 = EDGE_CURVE('',#2003,#8681,#8689,.T.);
#8689 = LINE('',#8690,#8691);
#8690 = CARTESIAN_POINT('',(-3.095683609734,2.449339423272,40.));
#8691 = VECTOR('',#8692,1.);
#8692 = DIRECTION('',(-0.,-0.,-1.));
#8693 = ORIENTED_EDGE('',*,*,#2002,.F.);
#8694 = SURFACE_OF_LINEAR_EXTRUSION('',#8695,#8699);
#8695 = B_SPLINE_CURVE_WITH_KNOTS('',2,(#8696,#8697,#8698),
  .UNSPECIFIED.,.F.,.F.,(3,3),(0.,1.),.PIECEWISE_BEZIER_KNOTS.);
#8696 = CARTESIAN_POINT('',(-2.924574099648,2.333615359872,40.));
#8697 = CARTESIAN_POINT('',(-3.022962067947,2.376843025578,40.));
#8698 = CARTESIAN_POINT('',(-3.095683609734,2.449339423272,40.));
#8699 = VECTOR('',#8700,1.);
#8700 = DIRECTION('',(0.,0.,1.));
#8701 = ADVANCED_FACE('',(#8702),#8720,.T.);
#8702 = FACE_BOUND('',#8703,.T.);
#8703 = EDGE_LOOP('',(#8704,#8712,#8718,#8719));
#8704 = ORIENTED_EDGE('',*,*,#8705,.T.);
#8705 = EDGE_CURVE('',#2019,#8706,#8708,.T.);
#8706 = VERTEX_POINT('',#8707);
#8707 = CARTESIAN_POINT('',(-3.254635338841,2.825780345463,38.));
#8708 = LINE('',#8709,#8710);
#8709 = CARTESIAN_POINT('',(-3.254635338841,2.825780345463,40.));
#8710 = VECTOR('',#8711,1.);
#8711 = DIRECTION('',(-0.,-0.,-1.));
#8712 = ORIENTED_EDGE('',*,*,#8713,.T.);
#8713 = EDGE_CURVE('',#8706,#8654,#8714,.T.);
#8714 = B_SPLINE_CURVE_WITH_KNOTS('',2,(#8715,#8716,#8717),
  .UNSPECIFIED.,.F.,.F.,(3,3),(0.,1.),.PIECEWISE_BEZIER_KNOTS.);
#8715 = CARTESIAN_POINT('',(-3.254635338841,2.825780345463,38.));
#8716 = CARTESIAN_POINT('',(-3.254635338841,2.939703256125,38.));
#8717 = CARTESIAN_POINT('',(-3.211407673135,3.039892377163,38.));
#8718 = ORIENTED_EDGE('',*,*,#8653,.F.);
#8719 = ORIENTED_EDGE('',*,*,#2026,.F.);
#8720 = SURFACE_OF_LINEAR_EXTRUSION('',#8721,#8725);
#8721 = B_SPLINE_CURVE_WITH_KNOTS('',2,(#8722,#8723,#8724),
  .UNSPECIFIED.,.F.,.F.,(3,3),(0.,1.),.PIECEWISE_BEZIER_KNOTS.);
#8722 = CARTESIAN_POINT('',(-3.254635338841,2.825780345463,40.));
#8723 = CARTESIAN_POINT('',(-3.254635338841,2.939703256125,40.));
#8724 = CARTESIAN_POINT('',(-3.211407673135,3.039892377163,40.));
#8725 = VECTOR('',#8726,1.);
#8726 = DIRECTION('',(0.,0.,1.));
#8727 = ADVANCED_FACE('',(#8728),#8746,.T.);
#8728 = FACE_BOUND('',#8729,.T.);
#8729 = EDGE_LOOP('',(#8730,#8731,#8739,#8745));
#8730 = ORIENTED_EDGE('',*,*,#8688,.T.);
#8731 = ORIENTED_EDGE('',*,*,#8732,.T.);
#8732 = EDGE_CURVE('',#8681,#8733,#8735,.T.);
#8733 = VERTEX_POINT('',#8734);
#8734 = CARTESIAN_POINT('',(-3.211407673135,2.618422636529,38.));
#8735 = B_SPLINE_CURVE_WITH_KNOTS('',2,(#8736,#8737,#8738),
  .UNSPECIFIED.,.F.,.F.,(3,3),(0.,1.),.PIECEWISE_BEZIER_KNOTS.);
#8736 = CARTESIAN_POINT('',(-3.095683609734,2.449339423272,38.));
#8737 = CARTESIAN_POINT('',(-3.168180007429,2.521835820967,38.));
#8738 = CARTESIAN_POINT('',(-3.211407673135,2.618422636529,38.));
#8739 = ORIENTED_EDGE('',*,*,#8740,.F.);
#8740 = EDGE_CURVE('',#2011,#8733,#8741,.T.);
#8741 = LINE('',#8742,#8743);
#8742 = CARTESIAN_POINT('',(-3.211407673135,2.618422636529,40.));
#8743 = VECTOR('',#8744,1.);
#8744 = DIRECTION('',(-0.,-0.,-1.));
#8745 = ORIENTED_EDGE('',*,*,#2010,.F.);
#8746 = SURFACE_OF_LINEAR_EXTRUSION('',#8747,#8751);
#8747 = B_SPLINE_CURVE_WITH_KNOTS('',2,(#8748,#8749,#8750),
  .UNSPECIFIED.,.F.,.F.,(3,3),(0.,1.),.PIECEWISE_BEZIER_KNOTS.);
#8748 = CARTESIAN_POINT('',(-3.095683609734,2.449339423272,40.));
#8749 = CARTESIAN_POINT('',(-3.168180007429,2.521835820967,40.));
#8750 = CARTESIAN_POINT('',(-3.211407673135,2.618422636529,40.));
#8751 = VECTOR('',#8752,1.);
#8752 = DIRECTION('',(0.,0.,1.));
#8753 = ADVANCED_FACE('',(#8754),#8765,.T.);
#8754 = FACE_BOUND('',#8755,.T.);
#8755 = EDGE_LOOP('',(#8756,#8757,#8763,#8764));
#8756 = ORIENTED_EDGE('',*,*,#8740,.T.);
#8757 = ORIENTED_EDGE('',*,*,#8758,.T.);
#8758 = EDGE_CURVE('',#8733,#8706,#8759,.T.);
#8759 = B_SPLINE_CURVE_WITH_KNOTS('',2,(#8760,#8761,#8762),
  .UNSPECIFIED.,.F.,.F.,(3,3),(0.,1.),.PIECEWISE_BEZIER_KNOTS.);
#8760 = CARTESIAN_POINT('',(-3.211407673135,2.618422636529,38.));
#8761 = CARTESIAN_POINT('',(-3.254635338841,2.715234596183,38.));
#8762 = CARTESIAN_POINT('',(-3.254635338841,2.825780345463,38.));
#8763 = ORIENTED_EDGE('',*,*,#8705,.F.);
#8764 = ORIENTED_EDGE('',*,*,#2018,.F.);
#8765 = SURFACE_OF_LINEAR_EXTRUSION('',#8766,#8770);
#8766 = B_SPLINE_CURVE_WITH_KNOTS('',2,(#8767,#8768,#8769),
  .UNSPECIFIED.,.F.,.F.,(3,3),(0.,1.),.PIECEWISE_BEZIER_KNOTS.);
#8767 = CARTESIAN_POINT('',(-3.211407673135,2.618422636529,40.));
#8768 = CARTESIAN_POINT('',(-3.254635338841,2.715234596183,40.));
#8769 = CARTESIAN_POINT('',(-3.254635338841,2.825780345463,40.));
#8770 = VECTOR('',#8771,1.);
#8771 = DIRECTION('',(0.,0.,1.));
#8772 = ADVANCED_FACE('',(#8773),#8798,.T.);
#8773 = FACE_BOUND('',#8774,.T.);
#8774 = EDGE_LOOP('',(#8775,#8783,#8791,#8797));
#8775 = ORIENTED_EDGE('',*,*,#8776,.T.);
#8776 = EDGE_CURVE('',#2083,#8777,#8779,.T.);
#8777 = VERTEX_POINT('',#8778);
#8778 = CARTESIAN_POINT('',(6.385584401793,1.691504408863,38.));
#8779 = LINE('',#8780,#8781);
#8780 = CARTESIAN_POINT('',(6.385584401793,1.691504408863,40.));
#8781 = VECTOR('',#8782,1.);
#8782 = DIRECTION('',(-0.,-0.,-1.));
#8783 = ORIENTED_EDGE('',*,*,#8784,.T.);
#8784 = EDGE_CURVE('',#8777,#8785,#8787,.T.);
#8785 = VERTEX_POINT('',#8786);
#8786 = CARTESIAN_POINT('',(7.099741462312,1.829517737393,38.));
#8787 = B_SPLINE_CURVE_WITH_KNOTS('',2,(#8788,#8789,#8790),
  .UNSPECIFIED.,.F.,.F.,(3,3),(0.,1.),.PIECEWISE_BEZIER_KNOTS.);
#8788 = CARTESIAN_POINT('',(6.385584401793,1.691504408863,38.));
#8789 = CARTESIAN_POINT('',(6.702136995453,1.829517737393,38.));
#8790 = CARTESIAN_POINT('',(7.099741462312,1.829517737393,38.));
#8791 = ORIENTED_EDGE('',*,*,#8792,.F.);
#8792 = EDGE_CURVE('',#2085,#8785,#8793,.T.);
#8793 = LINE('',#8794,#8795);
#8794 = CARTESIAN_POINT('',(7.099741462312,1.829517737393,40.));
#8795 = VECTOR('',#8796,1.);
#8796 = DIRECTION('',(-0.,-0.,-1.));
#8797 = ORIENTED_EDGE('',*,*,#2082,.F.);
#8798 = SURFACE_OF_LINEAR_EXTRUSION('',#8799,#8803);
#8799 = B_SPLINE_CURVE_WITH_KNOTS('',2,(#8800,#8801,#8802),
  .UNSPECIFIED.,.F.,.F.,(3,3),(0.,1.),.PIECEWISE_BEZIER_KNOTS.);
#8800 = CARTESIAN_POINT('',(6.385584401793,1.691504408863,40.));
#8801 = CARTESIAN_POINT('',(6.702136995453,1.829517737393,40.));
#8802 = CARTESIAN_POINT('',(7.099741462312,1.829517737393,40.));
#8803 = VECTOR('',#8804,1.);
#8804 = DIRECTION('',(0.,0.,1.));
#8805 = ADVANCED_FACE('',(#8806),#8824,.T.);
#8806 = FACE_BOUND('',#8807,.T.);
#8807 = EDGE_LOOP('',(#8808,#8816,#8822,#8823));
#8808 = ORIENTED_EDGE('',*,*,#8809,.T.);
#8809 = EDGE_CURVE('',#2309,#8810,#8812,.T.);
#8810 = VERTEX_POINT('',#8811);
#8811 = CARTESIAN_POINT('',(5.84951631822,1.317314927595,38.));
#8812 = LINE('',#8813,#8814);
#8813 = CARTESIAN_POINT('',(5.84951631822,1.317314927595,40.));
#8814 = VECTOR('',#8815,1.);
#8815 = DIRECTION('',(-0.,-0.,-1.));
#8816 = ORIENTED_EDGE('',*,*,#8817,.T.);
#8817 = EDGE_CURVE('',#8810,#8777,#8818,.T.);
#8818 = B_SPLINE_CURVE_WITH_KNOTS('',2,(#8819,#8820,#8821),
  .UNSPECIFIED.,.F.,.F.,(3,3),(0.,1.),.PIECEWISE_BEZIER_KNOTS.);
#8819 = CARTESIAN_POINT('',(5.84951631822,1.317314927595,38.));
#8820 = CARTESIAN_POINT('',(6.069256952225,1.553491080333,38.));
#8821 = CARTESIAN_POINT('',(6.385584401793,1.691504408863,38.));
#8822 = ORIENTED_EDGE('',*,*,#8776,.F.);
#8823 = ORIENTED_EDGE('',*,*,#2316,.F.);
#8824 = SURFACE_OF_LINEAR_EXTRUSION('',#8825,#8829);
#8825 = B_SPLINE_CURVE_WITH_KNOTS('',2,(#8826,#8827,#8828),
  .UNSPECIFIED.,.F.,.F.,(3,3),(0.,1.),.PIECEWISE_BEZIER_KNOTS.);
#8826 = CARTESIAN_POINT('',(5.84951631822,1.317314927595,40.));
#8827 = CARTESIAN_POINT('',(6.069256952225,1.553491080333,40.));
#8828 = CARTESIAN_POINT('',(6.385584401793,1.691504408863,40.));
#8829 = VECTOR('',#8830,1.);
#8830 = DIRECTION('',(0.,0.,1.));
#8831 = ADVANCED_FACE('',(#8832),#8850,.T.);
#8832 = FACE_BOUND('',#8833,.T.);
#8833 = EDGE_LOOP('',(#8834,#8835,#8843,#8849));
#8834 = ORIENTED_EDGE('',*,*,#8792,.T.);
#8835 = ORIENTED_EDGE('',*,*,#8836,.T.);
#8836 = EDGE_CURVE('',#8785,#8837,#8839,.T.);
#8837 = VERTEX_POINT('',#8838);
#8838 = CARTESIAN_POINT('',(7.717086563176,1.722574293589,38.));
#8839 = B_SPLINE_CURVE_WITH_KNOTS('',2,(#8840,#8841,#8842),
  .UNSPECIFIED.,.F.,.F.,(3,3),(0.,1.),.PIECEWISE_BEZIER_KNOTS.);
#8840 = CARTESIAN_POINT('',(7.099741462312,1.829517737393,38.));
#8841 = CARTESIAN_POINT('',(7.435206159718,1.829517737393,38.));
#8842 = CARTESIAN_POINT('',(7.717086563176,1.722574293589,38.));
#8843 = ORIENTED_EDGE('',*,*,#8844,.F.);
#8844 = EDGE_CURVE('',#2093,#8837,#8845,.T.);
#8845 = LINE('',#8846,#8847);
#8846 = CARTESIAN_POINT('',(7.717086563176,1.722574293589,40.));
#8847 = VECTOR('',#8848,1.);
#8848 = DIRECTION('',(-0.,-0.,-1.));
#8849 = ORIENTED_EDGE('',*,*,#2092,.F.);
#8850 = SURFACE_OF_LINEAR_EXTRUSION('',#8851,#8855);
#8851 = B_SPLINE_CURVE_WITH_KNOTS('',2,(#8852,#8853,#8854),
  .UNSPECIFIED.,.F.,.F.,(3,3),(0.,1.),.PIECEWISE_BEZIER_KNOTS.);
#8852 = CARTESIAN_POINT('',(7.099741462312,1.829517737393,40.));
#8853 = CARTESIAN_POINT('',(7.435206159718,1.829517737393,40.));
#8854 = CARTESIAN_POINT('',(7.717086563176,1.722574293589,40.));
#8855 = VECTOR('',#8856,1.);
#8856 = DIRECTION('',(0.,0.,1.));
#8857 = ADVANCED_FACE('',(#8858),#8876,.T.);
#8858 = FACE_BOUND('',#8859,.T.);
#8859 = EDGE_LOOP('',(#8860,#8868,#8874,#8875));
#8860 = ORIENTED_EDGE('',*,*,#8861,.T.);
#8861 = EDGE_CURVE('',#2301,#8862,#8864,.T.);
#8862 = VERTEX_POINT('',#8863);
#8863 = CARTESIAN_POINT('',(5.512475612168,0.762109596183,38.));
#8864 = LINE('',#8865,#8866);
#8865 = CARTESIAN_POINT('',(5.512475612168,0.762109596183,40.));
#8866 = VECTOR('',#8867,1.);
#8867 = DIRECTION('',(-0.,-0.,-1.));
#8868 = ORIENTED_EDGE('',*,*,#8869,.T.);
#8869 = EDGE_CURVE('',#8862,#8810,#8870,.T.);
#8870 = B_SPLINE_CURVE_WITH_KNOTS('',2,(#8871,#8872,#8873),
  .UNSPECIFIED.,.F.,.F.,(3,3),(0.,1.),.PIECEWISE_BEZIER_KNOTS.);
#8871 = CARTESIAN_POINT('',(5.512475612168,0.762109596183,38.));
#8872 = CARTESIAN_POINT('',(5.630000828306,1.081138774857,38.));
#8873 = CARTESIAN_POINT('',(5.84951631822,1.317314927595,38.));
#8874 = ORIENTED_EDGE('',*,*,#8809,.F.);
#8875 = ORIENTED_EDGE('',*,*,#2308,.F.);
#8876 = SURFACE_OF_LINEAR_EXTRUSION('',#8877,#8881);
#8877 = B_SPLINE_CURVE_WITH_KNOTS('',2,(#8878,#8879,#8880),
  .UNSPECIFIED.,.F.,.F.,(3,3),(0.,1.),.PIECEWISE_BEZIER_KNOTS.);
#8878 = CARTESIAN_POINT('',(5.512475612168,0.762109596183,40.));
#8879 = CARTESIAN_POINT('',(5.630000828306,1.081138774857,40.));
#8880 = CARTESIAN_POINT('',(5.84951631822,1.317314927595,40.));
#8881 = VECTOR('',#8882,1.);
#8882 = DIRECTION('',(0.,0.,1.));
#8883 = ADVANCED_FACE('',(#8884),#8902,.T.);
#8884 = FACE_BOUND('',#8885,.T.);
#8885 = EDGE_LOOP('',(#8886,#8887,#8895,#8901));
#8886 = ORIENTED_EDGE('',*,*,#8844,.T.);
#8887 = ORIENTED_EDGE('',*,*,#8888,.T.);
#8888 = EDGE_CURVE('',#8837,#8889,#8891,.T.);
#8889 = VERTEX_POINT('',#8890);
#8890 = CARTESIAN_POINT('',(8.202947514185,1.410524581774,38.));
#8891 = B_SPLINE_CURVE_WITH_KNOTS('',2,(#8892,#8893,#8894),
  .UNSPECIFIED.,.F.,.F.,(3,3),(0.,1.),.PIECEWISE_BEZIER_KNOTS.);
#8892 = CARTESIAN_POINT('',(7.717086563176,1.722574293589,38.));
#8893 = CARTESIAN_POINT('',(7.998966966635,1.615855993878,38.));
#8894 = CARTESIAN_POINT('',(8.202947514185,1.410524581774,38.));
#8895 = ORIENTED_EDGE('',*,*,#8896,.F.);
#8896 = EDGE_CURVE('',#2101,#8889,#8897,.T.);
#8897 = LINE('',#8898,#8899);
#8898 = CARTESIAN_POINT('',(8.202947514185,1.410524581774,40.));
#8899 = VECTOR('',#8900,1.);
#8900 = DIRECTION('',(-0.,-0.,-1.));
#8901 = ORIENTED_EDGE('',*,*,#2100,.F.);
#8902 = SURFACE_OF_LINEAR_EXTRUSION('',#8903,#8907);
#8903 = B_SPLINE_CURVE_WITH_KNOTS('',2,(#8904,#8905,#8906),
  .UNSPECIFIED.,.F.,.F.,(3,3),(0.,1.),.PIECEWISE_BEZIER_KNOTS.);
#8904 = CARTESIAN_POINT('',(7.717086563176,1.722574293589,40.));
#8905 = CARTESIAN_POINT('',(7.998966966635,1.615855993878,40.));
#8906 = CARTESIAN_POINT('',(8.202947514185,1.410524581774,40.));
#8907 = VECTOR('',#8908,1.);
#8908 = DIRECTION('',(0.,0.,1.));
#8909 = ADVANCED_FACE('',(#8910),#8928,.T.);
#8910 = FACE_BOUND('',#8911,.T.);
#8911 = EDGE_LOOP('',(#8912,#8920,#8926,#8927));
#8912 = ORIENTED_EDGE('',*,*,#8913,.T.);
#8913 = EDGE_CURVE('',#2293,#8914,#8916,.T.);
#8914 = VERTEX_POINT('',#8915);
#8915 = CARTESIAN_POINT('',(5.394950396029,8.082357312829E-02,38.));
#8916 = LINE('',#8917,#8918);
#8917 = CARTESIAN_POINT('',(5.394950396029,8.082357312829E-02,40.));
#8918 = VECTOR('',#8919,1.);
#8919 = DIRECTION('',(-0.,-0.,-1.));
#8920 = ORIENTED_EDGE('',*,*,#8921,.T.);
#8921 = EDGE_CURVE('',#8914,#8862,#8922,.T.);
#8922 = B_SPLINE_CURVE_WITH_KNOTS('',2,(#8923,#8924,#8925),
  .UNSPECIFIED.,.F.,.F.,(3,3),(0.,1.),.PIECEWISE_BEZIER_KNOTS.);
#8923 = CARTESIAN_POINT('',(5.394950396029,8.082357312829E-02,38.));
#8924 = CARTESIAN_POINT('',(5.394950396029,0.443080417509,38.));
#8925 = CARTESIAN_POINT('',(5.512475612168,0.762109596183,38.));
#8926 = ORIENTED_EDGE('',*,*,#8861,.F.);
#8927 = ORIENTED_EDGE('',*,*,#2300,.F.);
#8928 = SURFACE_OF_LINEAR_EXTRUSION('',#8929,#8933);
#8929 = B_SPLINE_CURVE_WITH_KNOTS('',2,(#8930,#8931,#8932),
  .UNSPECIFIED.,.F.,.F.,(3,3),(0.,1.),.PIECEWISE_BEZIER_KNOTS.);
#8930 = CARTESIAN_POINT('',(5.394950396029,8.082357312829E-02,40.));
#8931 = CARTESIAN_POINT('',(5.394950396029,0.443080417509,40.));
#8932 = CARTESIAN_POINT('',(5.512475612168,0.762109596183,40.));
#8933 = VECTOR('',#8934,1.);
#8934 = DIRECTION('',(0.,0.,1.));
#8935 = ADVANCED_FACE('',(#8936),#8954,.T.);
#8936 = FACE_BOUND('',#8937,.T.);
#8937 = EDGE_LOOP('',(#8938,#8939,#8947,#8953));
#8938 = ORIENTED_EDGE('',*,*,#8896,.T.);
#8939 = ORIENTED_EDGE('',*,*,#8940,.T.);
#8940 = EDGE_CURVE('',#8889,#8941,#8943,.T.);
#8941 = VERTEX_POINT('',#8942);
#8942 = CARTESIAN_POINT('',(8.521076116491,0.907102391572,38.));
#8943 = B_SPLINE_CURVE_WITH_KNOTS('',2,(#8944,#8945,#8946),
  .UNSPECIFIED.,.F.,.F.,(3,3),(0.,1.),.PIECEWISE_BEZIER_KNOTS.);
#8944 = CARTESIAN_POINT('',(8.202947514185,1.410524581774,38.));
#8945 = CARTESIAN_POINT('',(8.406928061736,1.205418313762,38.));
#8946 = CARTESIAN_POINT('',(8.521076116491,0.907102391572,38.));
#8947 = ORIENTED_EDGE('',*,*,#8948,.F.);
#8948 = EDGE_CURVE('',#2109,#8941,#8949,.T.);
#8949 = LINE('',#8950,#8951);
#8950 = CARTESIAN_POINT('',(8.521076116491,0.907102391572,40.));
#8951 = VECTOR('',#8952,1.);
#8952 = DIRECTION('',(-0.,-0.,-1.));
#8953 = ORIENTED_EDGE('',*,*,#2108,.F.);
#8954 = SURFACE_OF_LINEAR_EXTRUSION('',#8955,#8959);
#8955 = B_SPLINE_CURVE_WITH_KNOTS('',2,(#8956,#8957,#8958),
  .UNSPECIFIED.,.F.,.F.,(3,3),(0.,1.),.PIECEWISE_BEZIER_KNOTS.);
#8956 = CARTESIAN_POINT('',(8.202947514185,1.410524581774,40.));
#8957 = CARTESIAN_POINT('',(8.406928061736,1.205418313762,40.));
#8958 = CARTESIAN_POINT('',(8.521076116491,0.907102391572,40.));
#8959 = VECTOR('',#8960,1.);
#8960 = DIRECTION('',(0.,0.,1.));
#8961 = ADVANCED_FACE('',(#8962),#8980,.T.);
#8962 = FACE_BOUND('',#8963,.T.);
#8963 = EDGE_LOOP('',(#8964,#8972,#8978,#8979));
#8964 = ORIENTED_EDGE('',*,*,#8965,.T.);
#8965 = EDGE_CURVE('',#2285,#8966,#8968,.T.);
#8966 = VERTEX_POINT('',#8967);
#8967 = CARTESIAN_POINT('',(5.529811707269,-0.738250634365,38.));
#8968 = LINE('',#8969,#8970);
#8969 = CARTESIAN_POINT('',(5.529811707269,-0.738250634365,40.));
#8970 = VECTOR('',#8971,1.);
#8971 = DIRECTION('',(-0.,-0.,-1.));
#8972 = ORIENTED_EDGE('',*,*,#8973,.T.);
#8973 = EDGE_CURVE('',#8966,#8914,#8974,.T.);
#8974 = B_SPLINE_CURVE_WITH_KNOTS('',2,(#8975,#8976,#8977),
  .UNSPECIFIED.,.F.,.F.,(3,3),(0.,1.),.PIECEWISE_BEZIER_KNOTS.);
#8975 = CARTESIAN_POINT('',(5.529811707269,-0.738250634365,38.));
#8976 = CARTESIAN_POINT('',(5.394950396029,-0.384774409581,38.));
#8977 = CARTESIAN_POINT('',(5.394950396029,8.082357312829E-02,38.));
#8978 = ORIENTED_EDGE('',*,*,#8913,.F.);
#8979 = ORIENTED_EDGE('',*,*,#2292,.F.);
#8980 = SURFACE_OF_LINEAR_EXTRUSION('',#8981,#8985);
#8981 = B_SPLINE_CURVE_WITH_KNOTS('',2,(#8982,#8983,#8984),
  .UNSPECIFIED.,.F.,.F.,(3,3),(0.,1.),.PIECEWISE_BEZIER_KNOTS.);
#8982 = CARTESIAN_POINT('',(5.529811707269,-0.738250634365,40.));
#8983 = CARTESIAN_POINT('',(5.394950396029,-0.384774409581,40.));
#8984 = CARTESIAN_POINT('',(5.394950396029,8.082357312829E-02,40.));
#8985 = VECTOR('',#8986,1.);
#8986 = DIRECTION('',(0.,0.,1.));
#8987 = ADVANCED_FACE('',(#8988),#9006,.T.);
#8988 = FACE_BOUND('',#8989,.T.);
#8989 = EDGE_LOOP('',(#8990,#8991,#8999,#9005));
#8990 = ORIENTED_EDGE('',*,*,#8948,.T.);
#8991 = ORIENTED_EDGE('',*,*,#8992,.T.);
#8992 = EDGE_CURVE('',#8941,#8993,#8995,.T.);
#8993 = VERTEX_POINT('',#8994);
#8994 = CARTESIAN_POINT('',(8.635224171246,0.226266656702,38.));
#8995 = B_SPLINE_CURVE_WITH_KNOTS('',2,(#8996,#8997,#8998),
  .UNSPECIFIED.,.F.,.F.,(3,3),(0.,1.),.PIECEWISE_BEZIER_KNOTS.);
#8996 = CARTESIAN_POINT('',(8.521076116491,0.907102391572,38.));
#8997 = CARTESIAN_POINT('',(8.635224171246,0.609011613474,38.));
#8998 = CARTESIAN_POINT('',(8.635224171246,0.226266656702,38.));
#8999 = ORIENTED_EDGE('',*,*,#9000,.F.);
#9000 = EDGE_CURVE('',#2117,#8993,#9001,.T.);
#9001 = LINE('',#9002,#9003);
#9002 = CARTESIAN_POINT('',(8.635224171246,0.226266656702,40.));
#9003 = VECTOR('',#9004,1.);
#9004 = DIRECTION('',(-0.,-0.,-1.));
#9005 = ORIENTED_EDGE('',*,*,#2116,.F.);
#9006 = SURFACE_OF_LINEAR_EXTRUSION('',#9007,#9011);
#9007 = B_SPLINE_CURVE_WITH_KNOTS('',2,(#9008,#9009,#9010),
  .UNSPECIFIED.,.F.,.F.,(3,3),(0.,1.),.PIECEWISE_BEZIER_KNOTS.);
#9008 = CARTESIAN_POINT('',(8.521076116491,0.907102391572,40.));
#9009 = CARTESIAN_POINT('',(8.635224171246,0.609011613474,40.));
#9010 = CARTESIAN_POINT('',(8.635224171246,0.226266656702,40.));
#9011 = VECTOR('',#9012,1.);
#9012 = DIRECTION('',(0.,0.,1.));
#9013 = ADVANCED_FACE('',(#9014),#9032,.T.);
#9014 = FACE_BOUND('',#9015,.T.);
#9015 = EDGE_LOOP('',(#9016,#9024,#9030,#9031));
#9016 = ORIENTED_EDGE('',*,*,#9017,.T.);
#9017 = EDGE_CURVE('',#2277,#9018,#9020,.T.);
#9018 = VERTEX_POINT('',#9019);
#9019 = CARTESIAN_POINT('',(5.899723450785,-1.331505317362,38.));
#9020 = LINE('',#9021,#9022);
#9021 = CARTESIAN_POINT('',(5.899723450785,-1.331505317362,40.));
#9022 = VECTOR('',#9023,1.);
#9023 = DIRECTION('',(-0.,-0.,-1.));
#9024 = ORIENTED_EDGE('',*,*,#9025,.T.);
#9025 = EDGE_CURVE('',#9018,#8966,#9026,.T.);
#9026 = B_SPLINE_CURVE_WITH_KNOTS('',2,(#9027,#9028,#9029),
  .UNSPECIFIED.,.F.,.F.,(3,3),(0.,1.),.PIECEWISE_BEZIER_KNOTS.);
#9027 = CARTESIAN_POINT('',(5.899723450785,-1.331505317362,38.));
#9028 = CARTESIAN_POINT('',(5.664673018508,-1.091726859148,38.));
#9029 = CARTESIAN_POINT('',(5.529811707269,-0.738250634365,38.));
#9030 = ORIENTED_EDGE('',*,*,#8965,.F.);
#9031 = ORIENTED_EDGE('',*,*,#2284,.F.);
#9032 = SURFACE_OF_LINEAR_EXTRUSION('',#9033,#9037);
#9033 = B_SPLINE_CURVE_WITH_KNOTS('',2,(#9034,#9035,#9036),
  .UNSPECIFIED.,.F.,.F.,(3,3),(0.,1.),.PIECEWISE_BEZIER_KNOTS.);
#9034 = CARTESIAN_POINT('',(5.899723450785,-1.331505317362,40.));
#9035 = CARTESIAN_POINT('',(5.664673018508,-1.091726859148,40.));
#9036 = CARTESIAN_POINT('',(5.529811707269,-0.738250634365,40.));
#9037 = VECTOR('',#9038,1.);
#9038 = DIRECTION('',(0.,0.,1.));
#9039 = ADVANCED_FACE('',(#9040),#9058,.T.);
#9040 = FACE_BOUND('',#9041,.T.);
#9041 = EDGE_LOOP('',(#9042,#9043,#9051,#9057));
#9042 = ORIENTED_EDGE('',*,*,#9000,.T.);
#9043 = ORIENTED_EDGE('',*,*,#9044,.T.);
#9044 = EDGE_CURVE('',#8993,#9045,#9047,.T.);
#9045 = VERTEX_POINT('',#9046);
#9046 = CARTESIAN_POINT('',(8.626443551649,6.573891894962E-02,38.));
#9047 = B_SPLINE_CURVE_WITH_KNOTS('',2,(#9048,#9049,#9050),
  .UNSPECIFIED.,.F.,.F.,(3,3),(0.,1.),.PIECEWISE_BEZIER_KNOTS.);
#9048 = CARTESIAN_POINT('',(8.635224171246,0.226266656702,38.));
#9049 = CARTESIAN_POINT('',(8.635224171246,0.12967984114,38.));
#9050 = CARTESIAN_POINT('',(8.626443551649,6.573891894962E-02,38.));
#9051 = ORIENTED_EDGE('',*,*,#9052,.F.);
#9052 = EDGE_CURVE('',#2125,#9045,#9053,.T.);
#9053 = LINE('',#9054,#9055);
#9054 = CARTESIAN_POINT('',(8.626443551649,6.573891894962E-02,40.));
#9055 = VECTOR('',#9056,1.);
#9056 = DIRECTION('',(-0.,-0.,-1.));
#9057 = ORIENTED_EDGE('',*,*,#2124,.F.);
#9058 = SURFACE_OF_LINEAR_EXTRUSION('',#9059,#9063);
#9059 = B_SPLINE_CURVE_WITH_KNOTS('',2,(#9060,#9061,#9062),
  .UNSPECIFIED.,.F.,.F.,(3,3),(0.,1.),.PIECEWISE_BEZIER_KNOTS.);
#9060 = CARTESIAN_POINT('',(8.635224171246,0.226266656702,40.));
#9061 = CARTESIAN_POINT('',(8.635224171246,0.12967984114,40.));
#9062 = CARTESIAN_POINT('',(8.626443551649,6.573891894962E-02,40.));
#9063 = VECTOR('',#9064,1.);
#9064 = DIRECTION('',(0.,0.,1.));
#9065 = ADVANCED_FACE('',(#9066),#9084,.T.);
#9066 = FACE_BOUND('',#9067,.T.);
#9067 = EDGE_LOOP('',(#9068,#9076,#9082,#9083));
#9068 = ORIENTED_EDGE('',*,*,#9069,.T.);
#9069 = EDGE_CURVE('',#2269,#9070,#9072,.T.);
#9070 = VERTEX_POINT('',#9071);
#9071 = CARTESIAN_POINT('',(6.453127629459,-1.69353701765,38.));
#9072 = LINE('',#9073,#9074);
#9073 = CARTESIAN_POINT('',(6.453127629459,-1.69353701765,40.));
#9074 = VECTOR('',#9075,1.);
#9075 = DIRECTION('',(-0.,-0.,-1.));
#9076 = ORIENTED_EDGE('',*,*,#9077,.T.);
#9077 = EDGE_CURVE('',#9070,#9018,#9078,.T.);
#9078 = B_SPLINE_CURVE_WITH_KNOTS('',2,(#9079,#9080,#9081),
  .UNSPECIFIED.,.F.,.F.,(3,3),(0.,1.),.PIECEWISE_BEZIER_KNOTS.);
#9079 = CARTESIAN_POINT('',(6.453127629459,-1.69353701765,38.));
#9080 = CARTESIAN_POINT('',(6.134999027153,-1.571058631483,38.));
#9081 = CARTESIAN_POINT('',(5.899723450785,-1.331505317362,38.));
#9082 = ORIENTED_EDGE('',*,*,#9017,.F.);
#9083 = ORIENTED_EDGE('',*,*,#2276,.F.);
#9084 = SURFACE_OF_LINEAR_EXTRUSION('',#9085,#9089);
#9085 = B_SPLINE_CURVE_WITH_KNOTS('',2,(#9086,#9087,#9088),
  .UNSPECIFIED.,.F.,.F.,(3,3),(0.,1.),.PIECEWISE_BEZIER_KNOTS.);
#9086 = CARTESIAN_POINT('',(6.453127629459,-1.69353701765,40.));
#9087 = CARTESIAN_POINT('',(6.134999027153,-1.571058631483,40.));
#9088 = CARTESIAN_POINT('',(5.899723450785,-1.331505317362,40.));
#9089 = VECTOR('',#9090,1.);
#9090 = DIRECTION('',(0.,0.,1.));
#9091 = ADVANCED_FACE('',(#9092),#9110,.T.);
#9092 = FACE_BOUND('',#9093,.T.);
#9093 = EDGE_LOOP('',(#9094,#9095,#9103,#9109));
#9094 = ORIENTED_EDGE('',*,*,#9052,.T.);
#9095 = ORIENTED_EDGE('',*,*,#9096,.T.);
#9096 = EDGE_CURVE('',#9045,#9097,#9099,.T.);
#9097 = VERTEX_POINT('',#9098);
#9098 = CARTESIAN_POINT('',(8.595373666923,-3.422505799563E-02,38.));
#9099 = B_SPLINE_CURVE_WITH_KNOTS('',2,(#9100,#9101,#9102),
  .UNSPECIFIED.,.F.,.F.,(3,3),(0.,1.),.PIECEWISE_BEZIER_KNOTS.);
#9100 = CARTESIAN_POINT('',(8.626443551649,6.573891894962E-02,38.));
#9101 = CARTESIAN_POINT('',(8.617888076145,2.023140851636E-03,38.));
#9102 = CARTESIAN_POINT('',(8.595373666923,-3.422505799563E-02,38.));
#9103 = ORIENTED_EDGE('',*,*,#9104,.F.);
#9104 = EDGE_CURVE('',#2133,#9097,#9105,.T.);
#9105 = LINE('',#9106,#9107);
#9106 = CARTESIAN_POINT('',(8.595373666923,-3.422505799563E-02,40.));
#9107 = VECTOR('',#9108,1.);
#9108 = DIRECTION('',(-0.,-0.,-1.));
#9109 = ORIENTED_EDGE('',*,*,#2132,.F.);
#9110 = SURFACE_OF_LINEAR_EXTRUSION('',#9111,#9115);
#9111 = B_SPLINE_CURVE_WITH_KNOTS('',2,(#9112,#9113,#9114),
  .UNSPECIFIED.,.F.,.F.,(3,3),(0.,1.),.PIECEWISE_BEZIER_KNOTS.);
#9112 = CARTESIAN_POINT('',(8.626443551649,6.573891894962E-02,40.));
#9113 = CARTESIAN_POINT('',(8.617888076145,2.023140851636E-03,40.));
#9114 = CARTESIAN_POINT('',(8.595373666923,-3.422505799563E-02,40.));
#9115 = VECTOR('',#9116,1.);
#9116 = DIRECTION('',(0.,0.,1.));
#9117 = ADVANCED_FACE('',(#9118),#9136,.T.);
#9118 = FACE_BOUND('',#9119,.T.);
#9119 = EDGE_LOOP('',(#9120,#9128,#9134,#9135));
#9120 = ORIENTED_EDGE('',*,*,#9121,.T.);
#9121 = EDGE_CURVE('',#2261,#9122,#9124,.T.);
#9122 = VERTEX_POINT('',#9123);
#9123 = CARTESIAN_POINT('',(7.14116797528,-1.816015403817,38.));
#9124 = LINE('',#9125,#9126);
#9125 = CARTESIAN_POINT('',(7.14116797528,-1.816015403817,40.));
#9126 = VECTOR('',#9127,1.);
#9127 = DIRECTION('',(-0.,-0.,-1.));
#9128 = ORIENTED_EDGE('',*,*,#9129,.T.);
#9129 = EDGE_CURVE('',#9122,#9070,#9130,.T.);
#9130 = B_SPLINE_CURVE_WITH_KNOTS('',2,(#9131,#9132,#9133),
  .UNSPECIFIED.,.F.,.F.,(3,3),(0.,1.),.PIECEWISE_BEZIER_KNOTS.);
#9131 = CARTESIAN_POINT('',(7.14116797528,-1.816015403817,38.));
#9132 = CARTESIAN_POINT('',(6.771256231764,-1.816015403817,38.));
#9133 = CARTESIAN_POINT('',(6.453127629459,-1.69353701765,38.));
#9134 = ORIENTED_EDGE('',*,*,#9069,.F.);
#9135 = ORIENTED_EDGE('',*,*,#2268,.F.);
#9136 = SURFACE_OF_LINEAR_EXTRUSION('',#9137,#9141);
#9137 = B_SPLINE_CURVE_WITH_KNOTS('',2,(#9138,#9139,#9140),
  .UNSPECIFIED.,.F.,.F.,(3,3),(0.,1.),.PIECEWISE_BEZIER_KNOTS.);
#9138 = CARTESIAN_POINT('',(7.14116797528,-1.816015403817,40.));
#9139 = CARTESIAN_POINT('',(6.771256231764,-1.816015403817,40.));
#9140 = CARTESIAN_POINT('',(6.453127629459,-1.69353701765,40.));
#9141 = VECTOR('',#9142,1.);
#9142 = DIRECTION('',(0.,0.,1.));
#9143 = ADVANCED_FACE('',(#9144),#9162,.T.);
#9144 = FACE_BOUND('',#9145,.T.);
#9145 = EDGE_LOOP('',(#9146,#9147,#9155,#9161));
#9146 = ORIENTED_EDGE('',*,*,#9104,.T.);
#9147 = ORIENTED_EDGE('',*,*,#9148,.T.);
#9148 = EDGE_CURVE('',#9097,#9149,#9151,.T.);
#9149 = VERTEX_POINT('',#9150);
#9150 = CARTESIAN_POINT('',(8.535035050208,-8.578305511378E-02,38.));
#9151 = B_SPLINE_CURVE_WITH_KNOTS('',2,(#9152,#9153,#9154),
  .UNSPECIFIED.,.F.,.F.,(3,3),(0.,1.),.PIECEWISE_BEZIER_KNOTS.);
#9152 = CARTESIAN_POINT('',(8.595373666923,-3.422505799563E-02,38.));
#9153 = CARTESIAN_POINT('',(8.573084401793,-7.024811275067E-02,38.));
#9154 = CARTESIAN_POINT('',(8.535035050208,-8.578305511378E-02,38.));
#9155 = ORIENTED_EDGE('',*,*,#9156,.F.);
#9156 = EDGE_CURVE('',#2141,#9149,#9157,.T.);
#9157 = LINE('',#9158,#9159);
#9158 = CARTESIAN_POINT('',(8.535035050208,-8.578305511378E-02,40.));
#9159 = VECTOR('',#9160,1.);
#9160 = DIRECTION('',(-0.,-0.,-1.));
#9161 = ORIENTED_EDGE('',*,*,#2140,.F.);
#9162 = SURFACE_OF_LINEAR_EXTRUSION('',#9163,#9167);
#9163 = B_SPLINE_CURVE_WITH_KNOTS('',2,(#9164,#9165,#9166),
  .UNSPECIFIED.,.F.,.F.,(3,3),(0.,1.),.PIECEWISE_BEZIER_KNOTS.);
#9164 = CARTESIAN_POINT('',(8.595373666923,-3.422505799563E-02,40.));
#9165 = CARTESIAN_POINT('',(8.573084401793,-7.024811275067E-02,40.));
#9166 = CARTESIAN_POINT('',(8.535035050208,-8.578305511378E-02,40.));
#9167 = VECTOR('',#9168,1.);
#9168 = DIRECTION('',(0.,0.,1.));
#9169 = ADVANCED_FACE('',(#9170),#9188,.T.);
#9170 = FACE_BOUND('',#9171,.T.);
#9171 = EDGE_LOOP('',(#9172,#9180,#9186,#9187));
#9172 = ORIENTED_EDGE('',*,*,#9173,.T.);
#9173 = EDGE_CURVE('',#2253,#9174,#9176,.T.);
#9174 = VERTEX_POINT('',#9175);
#9175 = CARTESIAN_POINT('',(7.526839805251,-1.788772968658,38.));
#9176 = LINE('',#9177,#9178);
#9177 = CARTESIAN_POINT('',(7.526839805251,-1.788772968658,40.));
#9178 = VECTOR('',#9179,1.);
#9179 = DIRECTION('',(-0.,-0.,-1.));
#9180 = ORIENTED_EDGE('',*,*,#9181,.T.);
#9181 = EDGE_CURVE('',#9174,#9122,#9182,.T.);
#9182 = B_SPLINE_CURVE_WITH_KNOTS('',2,(#9183,#9184,#9185),
  .UNSPECIFIED.,.F.,.F.,(3,3),(0.,1.),.PIECEWISE_BEZIER_KNOTS.);
#9183 = CARTESIAN_POINT('',(7.526839805251,-1.788772968658,38.));
#9184 = CARTESIAN_POINT('',(7.328037571822,-1.816015403817,38.));
#9185 = CARTESIAN_POINT('',(7.14116797528,-1.816015403817,38.));
#9186 = ORIENTED_EDGE('',*,*,#9121,.F.);
#9187 = ORIENTED_EDGE('',*,*,#2260,.F.);
#9188 = SURFACE_OF_LINEAR_EXTRUSION('',#9189,#9193);
#9189 = B_SPLINE_CURVE_WITH_KNOTS('',2,(#9190,#9191,#9192),
  .UNSPECIFIED.,.F.,.F.,(3,3),(0.,1.),.PIECEWISE_BEZIER_KNOTS.);
#9190 = CARTESIAN_POINT('',(7.526839805251,-1.788772968658,40.));
#9191 = CARTESIAN_POINT('',(7.328037571822,-1.816015403817,40.));
#9192 = CARTESIAN_POINT('',(7.14116797528,-1.816015403817,40.));
#9193 = VECTOR('',#9194,1.);
#9194 = DIRECTION('',(0.,0.,1.));
#9195 = ADVANCED_FACE('',(#9196),#9214,.T.);
#9196 = FACE_BOUND('',#9197,.T.);
#9197 = EDGE_LOOP('',(#9198,#9199,#9207,#9213));
#9198 = ORIENTED_EDGE('',*,*,#9156,.T.);
#9199 = ORIENTED_EDGE('',*,*,#9200,.T.);
#9200 = EDGE_CURVE('',#9149,#9201,#9203,.T.);
#9201 = VERTEX_POINT('',#9202);
#9202 = CARTESIAN_POINT('',(8.437997946462,-0.101317997477,38.));
#9203 = B_SPLINE_CURVE_WITH_KNOTS('',2,(#9204,#9205,#9206),
  .UNSPECIFIED.,.F.,.F.,(3,3),(0.,1.),.PIECEWISE_BEZIER_KNOTS.);
#9204 = CARTESIAN_POINT('',(8.535035050208,-8.578305511378E-02,38.));
#9205 = CARTESIAN_POINT('',(8.496985698623,-0.101317997477,38.));
#9206 = CARTESIAN_POINT('',(8.437997946462,-0.101317997477,38.));
#9207 = ORIENTED_EDGE('',*,*,#9208,.F.);
#9208 = EDGE_CURVE('',#2149,#9201,#9209,.T.);
#9209 = LINE('',#9210,#9211);
#9210 = CARTESIAN_POINT('',(8.437997946462,-0.101317997477,40.));
#9211 = VECTOR('',#9212,1.);
#9212 = DIRECTION('',(-0.,-0.,-1.));
#9213 = ORIENTED_EDGE('',*,*,#2148,.F.);
#9214 = SURFACE_OF_LINEAR_EXTRUSION('',#9215,#9219);
#9215 = B_SPLINE_CURVE_WITH_KNOTS('',2,(#9216,#9217,#9218),
  .UNSPECIFIED.,.F.,.F.,(3,3),(0.,1.),.PIECEWISE_BEZIER_KNOTS.);
#9216 = CARTESIAN_POINT('',(8.535035050208,-8.578305511378E-02,40.));
#9217 = CARTESIAN_POINT('',(8.496985698623,-0.101317997477,40.));
#9218 = CARTESIAN_POINT('',(8.437997946462,-0.101317997477,40.));
#9219 = VECTOR('',#9220,1.);
#9220 = DIRECTION('',(0.,0.,1.));
#9221 = ADVANCED_FACE('',(#9222),#9240,.T.);
#9222 = FACE_BOUND('',#9223,.T.);
#9223 = EDGE_LOOP('',(#9224,#9232,#9238,#9239));
#9224 = ORIENTED_EDGE('',*,*,#9225,.T.);
#9225 = EDGE_CURVE('',#2245,#9226,#9228,.T.);
#9226 = VERTEX_POINT('',#9227);
#9227 = CARTESIAN_POINT('',(7.917464805251,-1.695113026295,38.));
#9228 = LINE('',#9229,#9230);
#9229 = CARTESIAN_POINT('',(7.917464805251,-1.695113026295,40.));
#9230 = VECTOR('',#9231,1.);
#9231 = DIRECTION('',(-0.,-0.,-1.));
#9232 = ORIENTED_EDGE('',*,*,#9233,.T.);
#9233 = EDGE_CURVE('',#9226,#9174,#9234,.T.);
#9234 = B_SPLINE_CURVE_WITH_KNOTS('',2,(#9235,#9236,#9237),
  .UNSPECIFIED.,.F.,.F.,(3,3),(0.,1.),.PIECEWISE_BEZIER_KNOTS.);
#9235 = CARTESIAN_POINT('',(7.917464805251,-1.695113026295,38.));
#9236 = CARTESIAN_POINT('',(7.725642038681,-1.7615305335,38.));
#9237 = CARTESIAN_POINT('',(7.526839805251,-1.788772968658,38.));
#9238 = ORIENTED_EDGE('',*,*,#9173,.F.);
#9239 = ORIENTED_EDGE('',*,*,#2252,.F.);
#9240 = SURFACE_OF_LINEAR_EXTRUSION('',#9241,#9245);
#9241 = B_SPLINE_CURVE_WITH_KNOTS('',2,(#9242,#9243,#9244),
  .UNSPECIFIED.,.F.,.F.,(3,3),(0.,1.),.PIECEWISE_BEZIER_KNOTS.);
#9242 = CARTESIAN_POINT('',(7.917464805251,-1.695113026295,40.));
#9243 = CARTESIAN_POINT('',(7.725642038681,-1.7615305335,40.));
#9244 = CARTESIAN_POINT('',(7.526839805251,-1.788772968658,40.));
#9245 = VECTOR('',#9246,1.);
#9246 = DIRECTION('',(0.,0.,1.));
#9247 = ADVANCED_FACE('',(#9248),#9266,.T.);
#9248 = FACE_BOUND('',#9249,.T.);
#9249 = EDGE_LOOP('',(#9250,#9251,#9259,#9265));
#9250 = ORIENTED_EDGE('',*,*,#9208,.T.);
#9251 = ORIENTED_EDGE('',*,*,#9252,.T.);
#9252 = EDGE_CURVE('',#9201,#9253,#9255,.T.);
#9253 = VERTEX_POINT('',#9254);
#9254 = CARTESIAN_POINT('',(6.245544776433,-0.101317997477,38.));
#9255 = LINE('',#9256,#9257);
#9256 = CARTESIAN_POINT('',(8.437997946462,-0.101317997477,38.));
#9257 = VECTOR('',#9258,1.);
#9258 = DIRECTION('',(-1.,0.,0.));
#9259 = ORIENTED_EDGE('',*,*,#9260,.F.);
#9260 = EDGE_CURVE('',#2157,#9253,#9261,.T.);
#9261 = LINE('',#9262,#9263);
#9262 = CARTESIAN_POINT('',(6.245544776433,-0.101317997477,40.));
#9263 = VECTOR('',#9264,1.);
#9264 = DIRECTION('',(-0.,-0.,-1.));
#9265 = ORIENTED_EDGE('',*,*,#2156,.F.);
#9266 = PLANE('',#9267);
#9267 = AXIS2_PLACEMENT_3D('',#9268,#9269,#9270);
#9268 = CARTESIAN_POINT('',(8.437997946462,-0.101317997477,40.));
#9269 = DIRECTION('',(0.,1.,0.));
#9270 = DIRECTION('',(-1.,0.,0.));
#9271 = ADVANCED_FACE('',(#9272),#9290,.T.);
#9272 = FACE_BOUND('',#9273,.T.);
#9273 = EDGE_LOOP('',(#9274,#9282,#9288,#9289));
#9274 = ORIENTED_EDGE('',*,*,#9275,.T.);
#9275 = EDGE_CURVE('',#2237,#9276,#9278,.T.);
#9276 = VERTEX_POINT('',#9277);
#9277 = CARTESIAN_POINT('',(8.285800540122,-1.518149769811,38.));
#9278 = LINE('',#9279,#9280);
#9279 = CARTESIAN_POINT('',(8.285800540122,-1.518149769811,40.));
#9280 = VECTOR('',#9281,1.);
#9281 = DIRECTION('',(-0.,-0.,-1.));
#9282 = ORIENTED_EDGE('',*,*,#9283,.T.);
#9283 = EDGE_CURVE('',#9276,#9226,#9284,.T.);
#9284 = B_SPLINE_CURVE_WITH_KNOTS('',2,(#9285,#9286,#9287),
  .UNSPECIFIED.,.F.,.F.,(3,3),(0.,1.),.PIECEWISE_BEZIER_KNOTS.);
#9285 = CARTESIAN_POINT('',(8.285800540122,-1.518149769811,38.));
#9286 = CARTESIAN_POINT('',(8.109512715914,-1.628695519091,38.));
#9287 = CARTESIAN_POINT('',(7.917464805251,-1.695113026295,38.));
#9288 = ORIENTED_EDGE('',*,*,#9225,.F.);
#9289 = ORIENTED_EDGE('',*,*,#2244,.F.);
#9290 = SURFACE_OF_LINEAR_EXTRUSION('',#9291,#9295);
#9291 = B_SPLINE_CURVE_WITH_KNOTS('',2,(#9292,#9293,#9294),
  .UNSPECIFIED.,.F.,.F.,(3,3),(0.,1.),.PIECEWISE_BEZIER_KNOTS.);
#9292 = CARTESIAN_POINT('',(8.285800540122,-1.518149769811,40.));
#9293 = CARTESIAN_POINT('',(8.109512715914,-1.628695519091,40.));
#9294 = CARTESIAN_POINT('',(7.917464805251,-1.695113026295,40.));
#9295 = VECTOR('',#9296,1.);
#9296 = DIRECTION('',(0.,0.,1.));
#9297 = ADVANCED_FACE('',(#9298),#9316,.T.);
#9298 = FACE_BOUND('',#9299,.T.);
#9299 = EDGE_LOOP('',(#9300,#9301,#9309,#9315));
#9300 = ORIENTED_EDGE('',*,*,#9260,.T.);
#9301 = ORIENTED_EDGE('',*,*,#9302,.T.);
#9302 = EDGE_CURVE('',#9253,#9303,#9305,.T.);
#9303 = VERTEX_POINT('',#9304);
#9304 = CARTESIAN_POINT('',(6.539357816779,-0.905982983068,38.));
#9305 = B_SPLINE_CURVE_WITH_KNOTS('',2,(#9306,#9307,#9308),
  .UNSPECIFIED.,.F.,.F.,(3,3),(0.,1.),.PIECEWISE_BEZIER_KNOTS.);
#9306 = CARTESIAN_POINT('',(6.245544776433,-0.101317997477,38.));
#9307 = CARTESIAN_POINT('',(6.283594128018,-0.649318717938,38.));
#9308 = CARTESIAN_POINT('',(6.539357816779,-0.905982983068,38.));
#9309 = ORIENTED_EDGE('',*,*,#9310,.F.);
#9310 = EDGE_CURVE('',#2165,#9303,#9311,.T.);
#9311 = LINE('',#9312,#9313);
#9312 = CARTESIAN_POINT('',(6.539357816779,-0.905982983068,40.));
#9313 = VECTOR('',#9314,1.);
#9314 = DIRECTION('',(-0.,-0.,-1.));
#9315 = ORIENTED_EDGE('',*,*,#2164,.F.);
#9316 = SURFACE_OF_LINEAR_EXTRUSION('',#9317,#9321);
#9317 = B_SPLINE_CURVE_WITH_KNOTS('',2,(#9318,#9319,#9320),
  .UNSPECIFIED.,.F.,.F.,(3,3),(0.,1.),.PIECEWISE_BEZIER_KNOTS.);
#9318 = CARTESIAN_POINT('',(6.245544776433,-0.101317997477,40.));
#9319 = CARTESIAN_POINT('',(6.283594128018,-0.649318717938,40.));
#9320 = CARTESIAN_POINT('',(6.539357816779,-0.905982983068,40.));
#9321 = VECTOR('',#9322,1.);
#9322 = DIRECTION('',(0.,0.,1.));
#9323 = ADVANCED_FACE('',(#9324),#9342,.T.);
#9324 = FACE_BOUND('',#9325,.T.);
#9325 = EDGE_LOOP('',(#9326,#9334,#9340,#9341));
#9326 = ORIENTED_EDGE('',*,*,#9327,.T.);
#9327 = EDGE_CURVE('',#2229,#9328,#9330,.T.);
#9328 = VERTEX_POINT('',#9329);
#9329 = CARTESIAN_POINT('',(8.604154286519,-1.244149409581,38.));
#9330 = LINE('',#9331,#9332);
#9331 = CARTESIAN_POINT('',(8.604154286519,-1.244149409581,40.));
#9332 = VECTOR('',#9333,1.);
#9333 = DIRECTION('',(-0.,-0.,-1.));
#9334 = ORIENTED_EDGE('',*,*,#9335,.T.);
#9335 = EDGE_CURVE('',#9328,#9276,#9336,.T.);
#9336 = B_SPLINE_CURVE_WITH_KNOTS('',2,(#9337,#9338,#9339),
  .UNSPECIFIED.,.F.,.F.,(3,3),(0.,1.),.PIECEWISE_BEZIER_KNOTS.);
#9337 = CARTESIAN_POINT('',(8.604154286519,-1.244149409581,38.));
#9338 = CARTESIAN_POINT('',(8.462313508421,-1.407604020532,38.));
#9339 = CARTESIAN_POINT('',(8.285800540122,-1.518149769811,38.));
#9340 = ORIENTED_EDGE('',*,*,#9275,.F.);
#9341 = ORIENTED_EDGE('',*,*,#2236,.F.);
#9342 = SURFACE_OF_LINEAR_EXTRUSION('',#9343,#9347);
#9343 = B_SPLINE_CURVE_WITH_KNOTS('',2,(#9344,#9345,#9346),
  .UNSPECIFIED.,.F.,.F.,(3,3),(0.,1.),.PIECEWISE_BEZIER_KNOTS.);
#9344 = CARTESIAN_POINT('',(8.604154286519,-1.244149409581,40.));
#9345 = CARTESIAN_POINT('',(8.462313508421,-1.407604020532,40.));
#9346 = CARTESIAN_POINT('',(8.285800540122,-1.518149769811,40.));
#9347 = VECTOR('',#9348,1.);
#9348 = DIRECTION('',(0.,0.,1.));
#9349 = ADVANCED_FACE('',(#9350),#9368,.T.);
#9350 = FACE_BOUND('',#9351,.T.);
#9351 = EDGE_LOOP('',(#9352,#9353,#9361,#9367));
#9352 = ORIENTED_EDGE('',*,*,#9310,.T.);
#9353 = ORIENTED_EDGE('',*,*,#9354,.T.);
#9354 = EDGE_CURVE('',#9303,#9355,#9357,.T.);
#9355 = VERTEX_POINT('',#9356);
#9356 = CARTESIAN_POINT('',(7.21726667845,-1.162422104105,38.));
#9357 = B_SPLINE_CURVE_WITH_KNOTS('',2,(#9358,#9359,#9360),
  .UNSPECIFIED.,.F.,.F.,(3,3),(0.,1.),.PIECEWISE_BEZIER_KNOTS.);
#9358 = CARTESIAN_POINT('',(6.539357816779,-0.905982983068,38.));
#9359 = CARTESIAN_POINT('',(6.795346649632,-1.162422104105,38.));
#9360 = CARTESIAN_POINT('',(7.21726667845,-1.162422104105,38.));
#9361 = ORIENTED_EDGE('',*,*,#9362,.F.);
#9362 = EDGE_CURVE('',#2173,#9355,#9363,.T.);
#9363 = LINE('',#9364,#9365);
#9364 = CARTESIAN_POINT('',(7.21726667845,-1.162422104105,40.));
#9365 = VECTOR('',#9366,1.);
#9366 = DIRECTION('',(-0.,-0.,-1.));
#9367 = ORIENTED_EDGE('',*,*,#2172,.F.);
#9368 = SURFACE_OF_LINEAR_EXTRUSION('',#9369,#9373);
#9369 = B_SPLINE_CURVE_WITH_KNOTS('',2,(#9370,#9371,#9372),
  .UNSPECIFIED.,.F.,.F.,(3,3),(0.,1.),.PIECEWISE_BEZIER_KNOTS.);
#9370 = CARTESIAN_POINT('',(6.539357816779,-0.905982983068,40.));
#9371 = CARTESIAN_POINT('',(6.795346649632,-1.162422104105,40.));
#9372 = CARTESIAN_POINT('',(7.21726667845,-1.162422104105,40.));
#9373 = VECTOR('',#9374,1.);
#9374 = DIRECTION('',(0.,0.,1.));
#9375 = ADVANCED_FACE('',(#9376),#9394,.T.);
#9376 = FACE_BOUND('',#9377,.T.);
#9377 = EDGE_LOOP('',(#9378,#9386,#9392,#9393));
#9378 = ORIENTED_EDGE('',*,*,#9379,.T.);
#9379 = EDGE_CURVE('',#2221,#9380,#9382,.T.);
#9380 = VERTEX_POINT('',#9381);
#9381 = CARTESIAN_POINT('',(8.355144920525,-0.93052368912,38.));
#9382 = LINE('',#9383,#9384);
#9383 = CARTESIAN_POINT('',(8.355144920525,-0.93052368912,40.));
#9384 = VECTOR('',#9385,1.);
#9385 = DIRECTION('',(-0.,-0.,-1.));
#9386 = ORIENTED_EDGE('',*,*,#9387,.T.);
#9387 = EDGE_CURVE('',#9380,#9328,#9388,.T.);
#9388 = LINE('',#9389,#9390);
#9389 = CARTESIAN_POINT('',(8.355144920525,-0.93052368912,38.));
#9390 = VECTOR('',#9391,1.);
#9391 = DIRECTION('',(0.621811155655,-0.783167215033,0.));
#9392 = ORIENTED_EDGE('',*,*,#9327,.F.);
#9393 = ORIENTED_EDGE('',*,*,#2228,.F.);
#9394 = PLANE('',#9395);
#9395 = AXIS2_PLACEMENT_3D('',#9396,#9397,#9398);
#9396 = CARTESIAN_POINT('',(8.355144920525,-0.93052368912,40.));
#9397 = DIRECTION('',(-0.783167215033,-0.621811155655,0.));
#9398 = DIRECTION('',(0.621811155655,-0.783167215033,0.));
#9399 = ADVANCED_FACE('',(#9400),#9418,.T.);
#9400 = FACE_BOUND('',#9401,.T.);
#9401 = EDGE_LOOP('',(#9402,#9403,#9411,#9417));
#9402 = ORIENTED_EDGE('',*,*,#9362,.T.);
#9403 = ORIENTED_EDGE('',*,*,#9404,.T.);
#9404 = EDGE_CURVE('',#9355,#9405,#9407,.T.);
#9405 = VERTEX_POINT('',#9406);
#9406 = CARTESIAN_POINT('',(7.575245785078,-1.114016124278,38.));
#9407 = B_SPLINE_CURVE_WITH_KNOTS('',2,(#9408,#9409,#9410),
  .UNSPECIFIED.,.F.,.F.,(3,3),(0.,1.),.PIECEWISE_BEZIER_KNOTS.);
#9408 = CARTESIAN_POINT('',(7.21726667845,-1.162422104105,38.));
#9409 = CARTESIAN_POINT('',(7.424849531476,-1.162422104105,38.));
#9410 = CARTESIAN_POINT('',(7.575245785078,-1.114016124278,38.));
#9411 = ORIENTED_EDGE('',*,*,#9412,.F.);
#9412 = EDGE_CURVE('',#2181,#9405,#9413,.T.);
#9413 = LINE('',#9414,#9415);
#9414 = CARTESIAN_POINT('',(7.575245785078,-1.114016124278,40.));
#9415 = VECTOR('',#9416,1.);
#9416 = DIRECTION('',(-0.,-0.,-1.));
#9417 = ORIENTED_EDGE('',*,*,#2180,.F.);
#9418 = SURFACE_OF_LINEAR_EXTRUSION('',#9419,#9423);
#9419 = B_SPLINE_CURVE_WITH_KNOTS('',2,(#9420,#9421,#9422),
  .UNSPECIFIED.,.F.,.F.,(3,3),(0.,1.),.PIECEWISE_BEZIER_KNOTS.);
#9420 = CARTESIAN_POINT('',(7.21726667845,-1.162422104105,40.));
#9421 = CARTESIAN_POINT('',(7.424849531476,-1.162422104105,40.));
#9422 = CARTESIAN_POINT('',(7.575245785078,-1.114016124278,40.));
#9423 = VECTOR('',#9424,1.);
#9424 = DIRECTION('',(0.,0.,1.));
#9425 = ADVANCED_FACE('',(#9426),#9444,.T.);
#9426 = FACE_BOUND('',#9427,.T.);
#9427 = EDGE_LOOP('',(#9428,#9436,#9442,#9443));
#9428 = ORIENTED_EDGE('',*,*,#9429,.T.);
#9429 = EDGE_CURVE('',#2213,#9430,#9432,.T.);
#9430 = VERTEX_POINT('',#9431);
#9431 = CARTESIAN_POINT('',(8.289402845597,-0.871310792866,38.));
#9432 = LINE('',#9433,#9434);
#9433 = CARTESIAN_POINT('',(8.289402845597,-0.871310792866,40.));
#9434 = VECTOR('',#9435,1.);
#9435 = DIRECTION('',(-0.,-0.,-1.));
#9436 = ORIENTED_EDGE('',*,*,#9437,.T.);
#9437 = EDGE_CURVE('',#9430,#9380,#9438,.T.);
#9438 = B_SPLINE_CURVE_WITH_KNOTS('',2,(#9439,#9440,#9441),
  .UNSPECIFIED.,.F.,.F.,(3,3),(0.,1.),.PIECEWISE_BEZIER_KNOTS.);
#9439 = CARTESIAN_POINT('',(8.289402845597,-0.871310792866,38.));
#9440 = CARTESIAN_POINT('',(8.327452197182,-0.892249193442,38.));
#9441 = CARTESIAN_POINT('',(8.355144920525,-0.93052368912,38.));
#9442 = ORIENTED_EDGE('',*,*,#9379,.F.);
#9443 = ORIENTED_EDGE('',*,*,#2220,.F.);
#9444 = SURFACE_OF_LINEAR_EXTRUSION('',#9445,#9449);
#9445 = B_SPLINE_CURVE_WITH_KNOTS('',2,(#9446,#9447,#9448),
  .UNSPECIFIED.,.F.,.F.,(3,3),(0.,1.),.PIECEWISE_BEZIER_KNOTS.);
#9446 = CARTESIAN_POINT('',(8.289402845597,-0.871310792866,40.));
#9447 = CARTESIAN_POINT('',(8.327452197182,-0.892249193442,40.));
#9448 = CARTESIAN_POINT('',(8.355144920525,-0.93052368912,40.));
#9449 = VECTOR('',#9450,1.);
#9450 = DIRECTION('',(0.,0.,1.));
#9451 = ADVANCED_FACE('',(#9452),#9470,.T.);
#9452 = FACE_BOUND('',#9453,.T.);
#9453 = EDGE_LOOP('',(#9454,#9455,#9463,#9469));
#9454 = ORIENTED_EDGE('',*,*,#9412,.T.);
#9455 = ORIENTED_EDGE('',*,*,#9456,.T.);
#9456 = EDGE_CURVE('',#9405,#9457,#9459,.T.);
#9457 = VERTEX_POINT('',#9458);
#9458 = CARTESIAN_POINT('',(7.837988940698,-1.006397248197,38.));
#9459 = B_SPLINE_CURVE_WITH_KNOTS('',2,(#9460,#9461,#9462),
  .UNSPECIFIED.,.F.,.F.,(3,3),(0.,1.),.PIECEWISE_BEZIER_KNOTS.);
#9460 = CARTESIAN_POINT('',(7.575245785078,-1.114016124278,38.));
#9461 = CARTESIAN_POINT('',(7.725642038681,-1.065385000359,38.));
#9462 = CARTESIAN_POINT('',(7.837988940698,-1.006397248197,38.));
#9463 = ORIENTED_EDGE('',*,*,#9464,.F.);
#9464 = EDGE_CURVE('',#2189,#9457,#9465,.T.);
#9465 = LINE('',#9466,#9467);
#9466 = CARTESIAN_POINT('',(7.837988940698,-1.006397248197,40.));
#9467 = VECTOR('',#9468,1.);
#9468 = DIRECTION('',(-0.,-0.,-1.));
#9469 = ORIENTED_EDGE('',*,*,#2188,.F.);
#9470 = SURFACE_OF_LINEAR_EXTRUSION('',#9471,#9475);
#9471 = B_SPLINE_CURVE_WITH_KNOTS('',2,(#9472,#9473,#9474),
  .UNSPECIFIED.,.F.,.F.,(3,3),(0.,1.),.PIECEWISE_BEZIER_KNOTS.);
#9472 = CARTESIAN_POINT('',(7.575245785078,-1.114016124278,40.));
#9473 = CARTESIAN_POINT('',(7.725642038681,-1.065385000359,40.));
#9474 = CARTESIAN_POINT('',(7.837988940698,-1.006397248197,40.));
#9475 = VECTOR('',#9476,1.);
#9476 = DIRECTION('',(0.,0.,1.));
#9477 = ADVANCED_FACE('',(#9478),#9496,.T.);
#9478 = FACE_BOUND('',#9479,.T.);
#9479 = EDGE_LOOP('',(#9480,#9488,#9494,#9495));
#9480 = ORIENTED_EDGE('',*,*,#9481,.T.);
#9481 = EDGE_CURVE('',#2205,#9482,#9484,.T.);
#9482 = VERTEX_POINT('',#9483);
#9483 = CARTESIAN_POINT('',(8.199570352802,-0.85037239229,38.));
#9484 = LINE('',#9485,#9486);
#9485 = CARTESIAN_POINT('',(8.199570352802,-0.85037239229,40.));
#9486 = VECTOR('',#9487,1.);
#9487 = DIRECTION('',(-0.,-0.,-1.));
#9488 = ORIENTED_EDGE('',*,*,#9489,.T.);
#9489 = EDGE_CURVE('',#9482,#9430,#9490,.T.);
#9490 = B_SPLINE_CURVE_WITH_KNOTS('',2,(#9491,#9492,#9493),
  .UNSPECIFIED.,.F.,.F.,(3,3),(0.,1.),.PIECEWISE_BEZIER_KNOTS.);
#9491 = CARTESIAN_POINT('',(8.199570352802,-0.85037239229,38.));
#9492 = CARTESIAN_POINT('',(8.251353494012,-0.85037239229,38.));
#9493 = CARTESIAN_POINT('',(8.289402845597,-0.871310792866,38.));
#9494 = ORIENTED_EDGE('',*,*,#9429,.F.);
#9495 = ORIENTED_EDGE('',*,*,#2212,.F.);
#9496 = SURFACE_OF_LINEAR_EXTRUSION('',#9497,#9501);
#9497 = B_SPLINE_CURVE_WITH_KNOTS('',2,(#9498,#9499,#9500),
  .UNSPECIFIED.,.F.,.F.,(3,3),(0.,1.),.PIECEWISE_BEZIER_KNOTS.);
#9498 = CARTESIAN_POINT('',(8.199570352802,-0.85037239229,40.));
#9499 = CARTESIAN_POINT('',(8.251353494012,-0.85037239229,40.));
#9500 = CARTESIAN_POINT('',(8.289402845597,-0.871310792866,40.));
#9501 = VECTOR('',#9502,1.);
#9502 = DIRECTION('',(0.,0.,1.));
#9503 = ADVANCED_FACE('',(#9504),#9522,.T.);
#9504 = FACE_BOUND('',#9505,.T.);
#9505 = EDGE_LOOP('',(#9506,#9507,#9515,#9521));
#9506 = ORIENTED_EDGE('',*,*,#9464,.T.);
#9507 = ORIENTED_EDGE('',*,*,#9508,.T.);
#9508 = EDGE_CURVE('',#9457,#9509,#9511,.T.);
#9509 = VERTEX_POINT('',#9510);
#9510 = CARTESIAN_POINT('',(8.035215165482,-0.899003516209,38.));
#9511 = B_SPLINE_CURVE_WITH_KNOTS('',2,(#9512,#9513,#9514),
  .UNSPECIFIED.,.F.,.F.,(3,3),(0.,1.),.PIECEWISE_BEZIER_KNOTS.);
#9512 = CARTESIAN_POINT('',(7.837988940698,-1.006397248197,38.));
#9513 = CARTESIAN_POINT('',(7.950560986808,-0.947409496036,38.));
#9514 = CARTESIAN_POINT('',(8.035215165482,-0.899003516209,38.));
#9515 = ORIENTED_EDGE('',*,*,#9516,.F.);
#9516 = EDGE_CURVE('',#2197,#9509,#9517,.T.);
#9517 = LINE('',#9518,#9519);
#9518 = CARTESIAN_POINT('',(8.035215165482,-0.899003516209,40.));
#9519 = VECTOR('',#9520,1.);
#9520 = DIRECTION('',(-0.,-0.,-1.));
#9521 = ORIENTED_EDGE('',*,*,#2196,.F.);
#9522 = SURFACE_OF_LINEAR_EXTRUSION('',#9523,#9527);
#9523 = B_SPLINE_CURVE_WITH_KNOTS('',2,(#9524,#9525,#9526),
  .UNSPECIFIED.,.F.,.F.,(3,3),(0.,1.),.PIECEWISE_BEZIER_KNOTS.);
#9524 = CARTESIAN_POINT('',(7.837988940698,-1.006397248197,40.));
#9525 = CARTESIAN_POINT('',(7.950560986808,-0.947409496036,40.));
#9526 = CARTESIAN_POINT('',(8.035215165482,-0.899003516209,40.));
#9527 = VECTOR('',#9528,1.);
#9528 = DIRECTION('',(0.,0.,1.));
#9529 = ADVANCED_FACE('',(#9530),#9541,.T.);
#9530 = FACE_BOUND('',#9531,.T.);
#9531 = EDGE_LOOP('',(#9532,#9533,#9539,#9540));
#9532 = ORIENTED_EDGE('',*,*,#9516,.T.);
#9533 = ORIENTED_EDGE('',*,*,#9534,.T.);
#9534 = EDGE_CURVE('',#9509,#9482,#9535,.T.);
#9535 = B_SPLINE_CURVE_WITH_KNOTS('',2,(#9536,#9537,#9538),
  .UNSPECIFIED.,.F.,.F.,(3,3),(0.,1.),.PIECEWISE_BEZIER_KNOTS.);
#9536 = CARTESIAN_POINT('',(8.035215165482,-0.899003516209,38.));
#9537 = CARTESIAN_POINT('',(8.119869344156,-0.85037239229,38.));
#9538 = CARTESIAN_POINT('',(8.199570352802,-0.85037239229,38.));
#9539 = ORIENTED_EDGE('',*,*,#9481,.F.);
#9540 = ORIENTED_EDGE('',*,*,#2204,.F.);
#9541 = SURFACE_OF_LINEAR_EXTRUSION('',#9542,#9546);
#9542 = B_SPLINE_CURVE_WITH_KNOTS('',2,(#9543,#9544,#9545),
  .UNSPECIFIED.,.F.,.F.,(3,3),(0.,1.),.PIECEWISE_BEZIER_KNOTS.);
#9543 = CARTESIAN_POINT('',(8.035215165482,-0.899003516209,40.));
#9544 = CARTESIAN_POINT('',(8.119869344156,-0.85037239229,40.));
#9545 = CARTESIAN_POINT('',(8.199570352802,-0.85037239229,40.));
#9546 = VECTOR('',#9547,1.);
#9547 = DIRECTION('',(0.,0.,1.));
#9548 = ADVANCED_FACE('',(#9549),#9574,.T.);
#9549 = FACE_BOUND('',#9550,.T.);
#9550 = EDGE_LOOP('',(#9551,#9559,#9567,#9573));
#9551 = ORIENTED_EDGE('',*,*,#9552,.T.);
#9552 = EDGE_CURVE('',#2325,#9553,#9555,.T.);
#9553 = VERTEX_POINT('',#9554);
#9554 = CARTESIAN_POINT('',(2.553857096318,-1.758378516209,38.));
#9555 = LINE('',#9556,#9557);
#9556 = CARTESIAN_POINT('',(2.553857096318,-1.758378516209,40.));
#9557 = VECTOR('',#9558,1.);
#9558 = DIRECTION('',(-0.,-0.,-1.));
#9559 = ORIENTED_EDGE('',*,*,#9560,.T.);
#9560 = EDGE_CURVE('',#9553,#9561,#9563,.T.);
#9561 = VERTEX_POINT('',#9562);
#9562 = CARTESIAN_POINT('',(1.699885554531,-1.758378516209,38.));
#9563 = LINE('',#9564,#9565);
#9564 = CARTESIAN_POINT('',(2.553857096318,-1.758378516209,38.));
#9565 = VECTOR('',#9566,1.);
#9566 = DIRECTION('',(-1.,0.,0.));
#9567 = ORIENTED_EDGE('',*,*,#9568,.F.);
#9568 = EDGE_CURVE('',#2327,#9561,#9569,.T.);
#9569 = LINE('',#9570,#9571);
#9570 = CARTESIAN_POINT('',(1.699885554531,-1.758378516209,40.));
#9571 = VECTOR('',#9572,1.);
#9572 = DIRECTION('',(-0.,-0.,-1.));
#9573 = ORIENTED_EDGE('',*,*,#2324,.F.);
#9574 = PLANE('',#9575);
#9575 = AXIS2_PLACEMENT_3D('',#9576,#9577,#9578);
#9576 = CARTESIAN_POINT('',(2.553857096318,-1.758378516209,40.));
#9577 = DIRECTION('',(0.,1.,0.));
#9578 = DIRECTION('',(-1.,0.,0.));
#9579 = ADVANCED_FACE('',(#9580),#9598,.T.);
#9580 = FACE_BOUND('',#9581,.T.);
#9581 = EDGE_LOOP('',(#9582,#9590,#9596,#9597));
#9582 = ORIENTED_EDGE('',*,*,#9583,.T.);
#9583 = EDGE_CURVE('',#2455,#9584,#9586,.T.);
#9584 = VERTEX_POINT('',#9585);
#9585 = CARTESIAN_POINT('',(2.553857096318,0.806913270535,38.));
#9586 = LINE('',#9587,#9588);
#9587 = CARTESIAN_POINT('',(2.553857096318,0.806913270535,40.));
#9588 = VECTOR('',#9589,1.);
#9589 = DIRECTION('',(-0.,-0.,-1.));
#9590 = ORIENTED_EDGE('',*,*,#9591,.T.);
#9591 = EDGE_CURVE('',#9584,#9553,#9592,.T.);
#9592 = LINE('',#9593,#9594);
#9593 = CARTESIAN_POINT('',(2.553857096318,0.806913270535,38.));
#9594 = VECTOR('',#9595,1.);
#9595 = DIRECTION('',(0.,-1.,0.));
#9596 = ORIENTED_EDGE('',*,*,#9552,.F.);
#9597 = ORIENTED_EDGE('',*,*,#2462,.F.);
#9598 = PLANE('',#9599);
#9599 = AXIS2_PLACEMENT_3D('',#9600,#9601,#9602);
#9600 = CARTESIAN_POINT('',(2.553857096318,0.806913270535,40.));
#9601 = DIRECTION('',(-1.,0.,0.));
#9602 = DIRECTION('',(0.,-1.,0.));
#9603 = ADVANCED_FACE('',(#9604),#9622,.T.);
#9604 = FACE_BOUND('',#9605,.T.);
#9605 = EDGE_LOOP('',(#9606,#9607,#9615,#9621));
#9606 = ORIENTED_EDGE('',*,*,#9568,.T.);
#9607 = ORIENTED_EDGE('',*,*,#9608,.T.);
#9608 = EDGE_CURVE('',#9561,#9609,#9611,.T.);
#9609 = VERTEX_POINT('',#9610);
#9610 = CARTESIAN_POINT('',(1.699885554531,3.385713702811,38.));
#9611 = LINE('',#9612,#9613);
#9612 = CARTESIAN_POINT('',(1.699885554531,-1.758378516209,38.));
#9613 = VECTOR('',#9614,1.);
#9614 = DIRECTION('',(0.,1.,0.));
#9615 = ORIENTED_EDGE('',*,*,#9616,.F.);
#9616 = EDGE_CURVE('',#2335,#9609,#9617,.T.);
#9617 = LINE('',#9618,#9619);
#9618 = CARTESIAN_POINT('',(1.699885554531,3.385713702811,40.));
#9619 = VECTOR('',#9620,1.);
#9620 = DIRECTION('',(-0.,-0.,-1.));
#9621 = ORIENTED_EDGE('',*,*,#2334,.F.);
#9622 = PLANE('',#9623);
#9623 = AXIS2_PLACEMENT_3D('',#9624,#9625,#9626);
#9624 = CARTESIAN_POINT('',(1.699885554531,-1.758378516209,40.));
#9625 = DIRECTION('',(1.,0.,0.));
#9626 = DIRECTION('',(0.,1.,0.));
#9627 = ADVANCED_FACE('',(#9628),#9646,.T.);
#9628 = FACE_BOUND('',#9629,.T.);
#9629 = EDGE_LOOP('',(#9630,#9638,#9644,#9645));
#9630 = ORIENTED_EDGE('',*,*,#9631,.T.);
#9631 = EDGE_CURVE('',#2447,#9632,#9634,.T.);
#9632 = VERTEX_POINT('',#9633);
#9633 = CARTESIAN_POINT('',(2.92039167845,1.080463342581,38.));
#9634 = LINE('',#9635,#9636);
#9635 = CARTESIAN_POINT('',(2.92039167845,1.080463342581,40.));
#9636 = VECTOR('',#9637,1.);
#9637 = DIRECTION('',(-0.,-0.,-1.));
#9638 = ORIENTED_EDGE('',*,*,#9639,.T.);
#9639 = EDGE_CURVE('',#9632,#9584,#9640,.T.);
#9640 = B_SPLINE_CURVE_WITH_KNOTS('',2,(#9641,#9642,#9643),
  .UNSPECIFIED.,.F.,.F.,(3,3),(0.,1.),.PIECEWISE_BEZIER_KNOTS.);
#9641 = CARTESIAN_POINT('',(2.92039167845,1.080463342581,38.));
#9642 = CARTESIAN_POINT('',(2.726767759142,0.980049077451,38.));
#9643 = CARTESIAN_POINT('',(2.553857096318,0.806913270535,38.));
#9644 = ORIENTED_EDGE('',*,*,#9583,.F.);
#9645 = ORIENTED_EDGE('',*,*,#2454,.F.);
#9646 = SURFACE_OF_LINEAR_EXTRUSION('',#9647,#9651);
#9647 = B_SPLINE_CURVE_WITH_KNOTS('',2,(#9648,#9649,#9650),
  .UNSPECIFIED.,.F.,.F.,(3,3),(0.,1.),.PIECEWISE_BEZIER_KNOTS.);
#9648 = CARTESIAN_POINT('',(2.92039167845,1.080463342581,40.));
#9649 = CARTESIAN_POINT('',(2.726767759142,0.980049077451,40.));
#9650 = CARTESIAN_POINT('',(2.553857096318,0.806913270535,40.));
#9651 = VECTOR('',#9652,1.);
#9652 = DIRECTION('',(0.,0.,1.));
#9653 = ADVANCED_FACE('',(#9654),#9672,.T.);
#9654 = FACE_BOUND('',#9655,.T.);
#9655 = EDGE_LOOP('',(#9656,#9657,#9665,#9671));
#9656 = ORIENTED_EDGE('',*,*,#9616,.T.);
#9657 = ORIENTED_EDGE('',*,*,#9658,.T.);
#9658 = EDGE_CURVE('',#9609,#9659,#9661,.T.);
#9659 = VERTEX_POINT('',#9660);
#9660 = CARTESIAN_POINT('',(2.553857096318,3.385713702811,38.));
#9661 = LINE('',#9662,#9663);
#9662 = CARTESIAN_POINT('',(1.699885554531,3.385713702811,38.));
#9663 = VECTOR('',#9664,1.);
#9664 = DIRECTION('',(1.,0.,0.));
#9665 = ORIENTED_EDGE('',*,*,#9666,.F.);
#9666 = EDGE_CURVE('',#2343,#9659,#9667,.T.);
#9667 = LINE('',#9668,#9669);
#9668 = CARTESIAN_POINT('',(2.553857096318,3.385713702811,40.));
#9669 = VECTOR('',#9670,1.);
#9670 = DIRECTION('',(-0.,-0.,-1.));
#9671 = ORIENTED_EDGE('',*,*,#2342,.F.);
#9672 = PLANE('',#9673);
#9673 = AXIS2_PLACEMENT_3D('',#9674,#9675,#9676);
#9674 = CARTESIAN_POINT('',(1.699885554531,3.385713702811,40.));
#9675 = DIRECTION('',(0.,-1.,0.));
#9676 = DIRECTION('',(1.,0.,0.));
#9677 = ADVANCED_FACE('',(#9678),#9696,.T.);
#9678 = FACE_BOUND('',#9679,.T.);
#9679 = EDGE_LOOP('',(#9680,#9688,#9694,#9695));
#9680 = ORIENTED_EDGE('',*,*,#9681,.T.);
#9681 = EDGE_CURVE('',#2439,#9682,#9684,.T.);
#9682 = VERTEX_POINT('',#9683);
#9683 = CARTESIAN_POINT('',(3.335557384502,1.181102751803,38.));
#9684 = LINE('',#9685,#9686);
#9685 = CARTESIAN_POINT('',(3.335557384502,1.181102751803,40.));
#9686 = VECTOR('',#9687,1.);
#9687 = DIRECTION('',(-0.,-0.,-1.));
#9688 = ORIENTED_EDGE('',*,*,#9689,.T.);
#9689 = EDGE_CURVE('',#9682,#9632,#9690,.T.);
#9690 = B_SPLINE_CURVE_WITH_KNOTS('',2,(#9691,#9692,#9693),
  .UNSPECIFIED.,.F.,.F.,(3,3),(0.,1.),.PIECEWISE_BEZIER_KNOTS.);
#9691 = CARTESIAN_POINT('',(3.335557384502,1.181102751803,38.));
#9692 = CARTESIAN_POINT('',(3.114240741851,1.181102751803,38.));
#9693 = CARTESIAN_POINT('',(2.92039167845,1.080463342581,38.));
#9694 = ORIENTED_EDGE('',*,*,#9631,.F.);
#9695 = ORIENTED_EDGE('',*,*,#2446,.F.);
#9696 = SURFACE_OF_LINEAR_EXTRUSION('',#9697,#9701);
#9697 = B_SPLINE_CURVE_WITH_KNOTS('',2,(#9698,#9699,#9700),
  .UNSPECIFIED.,.F.,.F.,(3,3),(0.,1.),.PIECEWISE_BEZIER_KNOTS.);
#9698 = CARTESIAN_POINT('',(3.335557384502,1.181102751803,40.));
#9699 = CARTESIAN_POINT('',(3.114240741851,1.181102751803,40.));
#9700 = CARTESIAN_POINT('',(2.92039167845,1.080463342581,40.));
#9701 = VECTOR('',#9702,1.);
#9702 = DIRECTION('',(0.,0.,1.));
#9703 = ADVANCED_FACE('',(#9704),#9722,.T.);
#9704 = FACE_BOUND('',#9705,.T.);
#9705 = EDGE_LOOP('',(#9706,#9707,#9715,#9721));
#9706 = ORIENTED_EDGE('',*,*,#9666,.T.);
#9707 = ORIENTED_EDGE('',*,*,#9708,.T.);
#9708 = EDGE_CURVE('',#9659,#9709,#9711,.T.);
#9709 = VERTEX_POINT('',#9710);
#9710 = CARTESIAN_POINT('',(2.553857096318,1.40196910627,38.));
#9711 = LINE('',#9712,#9713);
#9712 = CARTESIAN_POINT('',(2.553857096318,3.385713702811,38.));
#9713 = VECTOR('',#9714,1.);
#9714 = DIRECTION('',(0.,-1.,0.));
#9715 = ORIENTED_EDGE('',*,*,#9716,.F.);
#9716 = EDGE_CURVE('',#2351,#9709,#9717,.T.);
#9717 = LINE('',#9718,#9719);
#9718 = CARTESIAN_POINT('',(2.553857096318,1.40196910627,40.));
#9719 = VECTOR('',#9720,1.);
#9720 = DIRECTION('',(-0.,-0.,-1.));
#9721 = ORIENTED_EDGE('',*,*,#2350,.F.);
#9722 = PLANE('',#9723);
#9723 = AXIS2_PLACEMENT_3D('',#9724,#9725,#9726);
#9724 = CARTESIAN_POINT('',(2.553857096318,3.385713702811,40.));
#9725 = DIRECTION('',(-1.,0.,0.));
#9726 = DIRECTION('',(0.,-1.,0.));
#9727 = ADVANCED_FACE('',(#9728),#9746,.T.);
#9728 = FACE_BOUND('',#9729,.T.);
#9729 = EDGE_LOOP('',(#9730,#9738,#9744,#9745));
#9730 = ORIENTED_EDGE('',*,*,#9731,.T.);
#9731 = EDGE_CURVE('',#2431,#9732,#9734,.T.);
#9732 = VERTEX_POINT('',#9733);
#9733 = CARTESIAN_POINT('',(3.786746145309,1.003013774857,38.));
#9734 = LINE('',#9735,#9736);
#9735 = CARTESIAN_POINT('',(3.786746145309,1.003013774857,40.));
#9736 = VECTOR('',#9737,1.);
#9737 = DIRECTION('',(-0.,-0.,-1.));
#9738 = ORIENTED_EDGE('',*,*,#9739,.T.);
#9739 = EDGE_CURVE('',#9732,#9682,#9740,.T.);
#9740 = B_SPLINE_CURVE_WITH_KNOTS('',2,(#9741,#9742,#9743),
  .UNSPECIFIED.,.F.,.F.,(3,3),(0.,1.),.PIECEWISE_BEZIER_KNOTS.);
#9741 = CARTESIAN_POINT('',(3.786746145309,1.003013774857,38.));
#9742 = CARTESIAN_POINT('',(3.636349891707,1.181102751803,38.));
#9743 = CARTESIAN_POINT('',(3.335557384502,1.181102751803,38.));
#9744 = ORIENTED_EDGE('',*,*,#9681,.F.);
#9745 = ORIENTED_EDGE('',*,*,#2438,.F.);
#9746 = SURFACE_OF_LINEAR_EXTRUSION('',#9747,#9751);
#9747 = B_SPLINE_CURVE_WITH_KNOTS('',2,(#9748,#9749,#9750),
  .UNSPECIFIED.,.F.,.F.,(3,3),(0.,1.),.PIECEWISE_BEZIER_KNOTS.);
#9748 = CARTESIAN_POINT('',(3.786746145309,1.003013774857,40.));
#9749 = CARTESIAN_POINT('',(3.636349891707,1.181102751803,40.));
#9750 = CARTESIAN_POINT('',(3.335557384502,1.181102751803,40.));
#9751 = VECTOR('',#9752,1.);
#9752 = DIRECTION('',(0.,0.,1.));
#9753 = ADVANCED_FACE('',(#9754),#9772,.T.);
#9754 = FACE_BOUND('',#9755,.T.);
#9755 = EDGE_LOOP('',(#9756,#9757,#9765,#9771));
#9756 = ORIENTED_EDGE('',*,*,#9716,.T.);
#9757 = ORIENTED_EDGE('',*,*,#9758,.T.);
#9758 = EDGE_CURVE('',#9709,#9759,#9761,.T.);
#9759 = VERTEX_POINT('',#9760);
#9760 = CARTESIAN_POINT('',(3.010449315338,1.722124005405,38.));
#9761 = B_SPLINE_CURVE_WITH_KNOTS('',2,(#9762,#9763,#9764),
  .UNSPECIFIED.,.F.,.F.,(3,3),(0.,1.),.PIECEWISE_BEZIER_KNOTS.);
#9762 = CARTESIAN_POINT('',(2.553857096318,1.40196910627,38.));
#9763 = CARTESIAN_POINT('',(2.761439949344,1.600321051514,38.));
#9764 = CARTESIAN_POINT('',(3.010449315338,1.722124005405,38.));
#9765 = ORIENTED_EDGE('',*,*,#9766,.F.);
#9766 = EDGE_CURVE('',#2359,#9759,#9767,.T.);
#9767 = LINE('',#9768,#9769);
#9768 = CARTESIAN_POINT('',(3.010449315338,1.722124005405,40.));
#9769 = VECTOR('',#9770,1.);
#9770 = DIRECTION('',(-0.,-0.,-1.));
#9771 = ORIENTED_EDGE('',*,*,#2358,.F.);
#9772 = SURFACE_OF_LINEAR_EXTRUSION('',#9773,#9777);
#9773 = B_SPLINE_CURVE_WITH_KNOTS('',2,(#9774,#9775,#9776),
  .UNSPECIFIED.,.F.,.F.,(3,3),(0.,1.),.PIECEWISE_BEZIER_KNOTS.);
#9774 = CARTESIAN_POINT('',(2.553857096318,1.40196910627,40.));
#9775 = CARTESIAN_POINT('',(2.761439949344,1.600321051514,40.));
#9776 = CARTESIAN_POINT('',(3.010449315338,1.722124005405,40.));
#9777 = VECTOR('',#9778,1.);
#9778 = DIRECTION('',(0.,0.,1.));
#9779 = ADVANCED_FACE('',(#9780),#9798,.T.);
#9780 = FACE_BOUND('',#9781,.T.);
#9781 = EDGE_LOOP('',(#9782,#9790,#9796,#9797));
#9782 = ORIENTED_EDGE('',*,*,#9783,.T.);
#9783 = EDGE_CURVE('',#2423,#9784,#9786,.T.);
#9784 = VERTEX_POINT('',#9785);
#9785 = CARTESIAN_POINT('',(3.937142398911,0.499816728748,38.));
#9786 = LINE('',#9787,#9788);
#9787 = CARTESIAN_POINT('',(3.937142398911,0.499816728748,40.));
#9788 = VECTOR('',#9789,1.);
#9789 = DIRECTION('',(-0.,-0.,-1.));
#9790 = ORIENTED_EDGE('',*,*,#9791,.T.);
#9791 = EDGE_CURVE('',#9784,#9732,#9792,.T.);
#9792 = B_SPLINE_CURVE_WITH_KNOTS('',2,(#9793,#9794,#9795),
  .UNSPECIFIED.,.F.,.F.,(3,3),(0.,1.),.PIECEWISE_BEZIER_KNOTS.);
#9793 = CARTESIAN_POINT('',(3.937142398911,0.499816728748,38.));
#9794 = CARTESIAN_POINT('',(3.937142398911,0.824924797912,38.));
#9795 = CARTESIAN_POINT('',(3.786746145309,1.003013774857,38.));
#9796 = ORIENTED_EDGE('',*,*,#9731,.F.);
#9797 = ORIENTED_EDGE('',*,*,#2430,.F.);
#9798 = SURFACE_OF_LINEAR_EXTRUSION('',#9799,#9803);
#9799 = B_SPLINE_CURVE_WITH_KNOTS('',2,(#9800,#9801,#9802),
  .UNSPECIFIED.,.F.,.F.,(3,3),(0.,1.),.PIECEWISE_BEZIER_KNOTS.);
#9800 = CARTESIAN_POINT('',(3.937142398911,0.499816728748,40.));
#9801 = CARTESIAN_POINT('',(3.937142398911,0.824924797912,40.));
#9802 = CARTESIAN_POINT('',(3.786746145309,1.003013774857,40.));
#9803 = VECTOR('',#9804,1.);
#9804 = DIRECTION('',(0.,0.,1.));
#9805 = ADVANCED_FACE('',(#9806),#9824,.T.);
#9806 = FACE_BOUND('',#9807,.T.);
#9807 = EDGE_LOOP('',(#9808,#9809,#9817,#9823));
#9808 = ORIENTED_EDGE('',*,*,#9766,.T.);
#9809 = ORIENTED_EDGE('',*,*,#9810,.T.);
#9810 = EDGE_CURVE('',#9759,#9811,#9813,.T.);
#9811 = VERTEX_POINT('',#9812);
#9812 = CARTESIAN_POINT('',(3.594923378738,1.843926959295,38.));
#9813 = B_SPLINE_CURVE_WITH_KNOTS('',2,(#9814,#9815,#9816),
  .UNSPECIFIED.,.F.,.F.,(3,3),(0.,1.),.PIECEWISE_BEZIER_KNOTS.);
#9814 = CARTESIAN_POINT('',(3.010449315338,1.722124005405,38.));
#9815 = CARTESIAN_POINT('',(3.259458681332,1.843926959295,38.));
#9816 = CARTESIAN_POINT('',(3.594923378738,1.843926959295,38.));
#9817 = ORIENTED_EDGE('',*,*,#9818,.F.);
#9818 = EDGE_CURVE('',#2367,#9811,#9819,.T.);
#9819 = LINE('',#9820,#9821);
#9820 = CARTESIAN_POINT('',(3.594923378738,1.843926959295,40.));
#9821 = VECTOR('',#9822,1.);
#9822 = DIRECTION('',(-0.,-0.,-1.));
#9823 = ORIENTED_EDGE('',*,*,#2366,.F.);
#9824 = SURFACE_OF_LINEAR_EXTRUSION('',#9825,#9829);
#9825 = B_SPLINE_CURVE_WITH_KNOTS('',2,(#9826,#9827,#9828),
  .UNSPECIFIED.,.F.,.F.,(3,3),(0.,1.),.PIECEWISE_BEZIER_KNOTS.);
#9826 = CARTESIAN_POINT('',(3.010449315338,1.722124005405,40.));
#9827 = CARTESIAN_POINT('',(3.259458681332,1.843926959295,40.));
#9828 = CARTESIAN_POINT('',(3.594923378738,1.843926959295,40.));
#9829 = VECTOR('',#9830,1.);
#9830 = DIRECTION('',(0.,0.,1.));
#9831 = ADVANCED_FACE('',(#9832),#9850,.T.);
#9832 = FACE_BOUND('',#9833,.T.);
#9833 = EDGE_LOOP('',(#9834,#9842,#9848,#9849));
#9834 = ORIENTED_EDGE('',*,*,#9835,.T.);
#9835 = EDGE_CURVE('',#2415,#9836,#9838,.T.);
#9836 = VERTEX_POINT('',#9837);
#9837 = CARTESIAN_POINT('',(3.937142398911,-1.758378516209,38.));
#9838 = LINE('',#9839,#9840);
#9839 = CARTESIAN_POINT('',(3.937142398911,-1.758378516209,40.));
#9840 = VECTOR('',#9841,1.);
#9841 = DIRECTION('',(-0.,-0.,-1.));
#9842 = ORIENTED_EDGE('',*,*,#9843,.T.);
#9843 = EDGE_CURVE('',#9836,#9784,#9844,.T.);
#9844 = LINE('',#9845,#9846);
#9845 = CARTESIAN_POINT('',(3.937142398911,-1.758378516209,38.));
#9846 = VECTOR('',#9847,1.);
#9847 = DIRECTION('',(0.,1.,0.));
#9848 = ORIENTED_EDGE('',*,*,#9783,.F.);
#9849 = ORIENTED_EDGE('',*,*,#2422,.F.);
#9850 = PLANE('',#9851);
#9851 = AXIS2_PLACEMENT_3D('',#9852,#9853,#9854);
#9852 = CARTESIAN_POINT('',(3.937142398911,-1.758378516209,40.));
#9853 = DIRECTION('',(1.,0.,0.));
#9854 = DIRECTION('',(0.,1.,0.));
#9855 = ADVANCED_FACE('',(#9856),#9874,.T.);
#9856 = FACE_BOUND('',#9857,.T.);
#9857 = EDGE_LOOP('',(#9858,#9859,#9867,#9873));
#9858 = ORIENTED_EDGE('',*,*,#9818,.T.);
#9859 = ORIENTED_EDGE('',*,*,#9860,.T.);
#9860 = EDGE_CURVE('',#9811,#9861,#9863,.T.);
#9861 = VERTEX_POINT('',#9862);
#9862 = CARTESIAN_POINT('',(4.110053061736,1.745313846904,38.));
#9863 = B_SPLINE_CURVE_WITH_KNOTS('',2,(#9864,#9865,#9866),
  .UNSPECIFIED.,.F.,.F.,(3,3),(0.,1.),.PIECEWISE_BEZIER_KNOTS.);
#9864 = CARTESIAN_POINT('',(3.594923378738,1.843926959295,38.));
#9865 = CARTESIAN_POINT('',(3.885359257701,1.843926959295,38.));
#9866 = CARTESIAN_POINT('',(4.110053061736,1.745313846904,38.));
#9867 = ORIENTED_EDGE('',*,*,#9868,.F.);
#9868 = EDGE_CURVE('',#2375,#9861,#9869,.T.);
#9869 = LINE('',#9870,#9871);
#9870 = CARTESIAN_POINT('',(4.110053061736,1.745313846904,40.));
#9871 = VECTOR('',#9872,1.);
#9872 = DIRECTION('',(-0.,-0.,-1.));
#9873 = ORIENTED_EDGE('',*,*,#2374,.F.);
#9874 = SURFACE_OF_LINEAR_EXTRUSION('',#9875,#9879);
#9875 = B_SPLINE_CURVE_WITH_KNOTS('',2,(#9876,#9877,#9878),
  .UNSPECIFIED.,.F.,.F.,(3,3),(0.,1.),.PIECEWISE_BEZIER_KNOTS.);
#9876 = CARTESIAN_POINT('',(3.594923378738,1.843926959295,40.));
#9877 = CARTESIAN_POINT('',(3.885359257701,1.843926959295,40.));
#9878 = CARTESIAN_POINT('',(4.110053061736,1.745313846904,40.));
#9879 = VECTOR('',#9880,1.);
#9880 = DIRECTION('',(0.,0.,1.));
#9881 = ADVANCED_FACE('',(#9882),#9900,.T.);
#9882 = FACE_BOUND('',#9883,.T.);
#9883 = EDGE_LOOP('',(#9884,#9892,#9898,#9899));
#9884 = ORIENTED_EDGE('',*,*,#9885,.T.);
#9885 = EDGE_CURVE('',#2407,#9886,#9888,.T.);
#9886 = VERTEX_POINT('',#9887);
#9887 = CARTESIAN_POINT('',(4.79133908479,-1.758378516209,38.));
#9888 = LINE('',#9889,#9890);
#9889 = CARTESIAN_POINT('',(4.79133908479,-1.758378516209,40.));
#9890 = VECTOR('',#9891,1.);
#9891 = DIRECTION('',(-0.,-0.,-1.));
#9892 = ORIENTED_EDGE('',*,*,#9893,.T.);
#9893 = EDGE_CURVE('',#9886,#9836,#9894,.T.);
#9894 = LINE('',#9895,#9896);
#9895 = CARTESIAN_POINT('',(4.79133908479,-1.758378516209,38.));
#9896 = VECTOR('',#9897,1.);
#9897 = DIRECTION('',(-1.,0.,0.));
#9898 = ORIENTED_EDGE('',*,*,#9835,.F.);
#9899 = ORIENTED_EDGE('',*,*,#2414,.F.);
#9900 = PLANE('',#9901);
#9901 = AXIS2_PLACEMENT_3D('',#9902,#9903,#9904);
#9902 = CARTESIAN_POINT('',(4.79133908479,-1.758378516209,40.));
#9903 = DIRECTION('',(0.,1.,0.));
#9904 = DIRECTION('',(-1.,0.,0.));
#9905 = ADVANCED_FACE('',(#9906),#9924,.T.);
#9906 = FACE_BOUND('',#9907,.T.);
#9907 = EDGE_LOOP('',(#9908,#9909,#9917,#9923));
#9908 = ORIENTED_EDGE('',*,*,#9868,.T.);
#9909 = ORIENTED_EDGE('',*,*,#9910,.T.);
#9910 = EDGE_CURVE('',#9861,#9911,#9913,.T.);
#9911 = VERTEX_POINT('',#9912);
#9912 = CARTESIAN_POINT('',(4.485368263465,1.468836901659,38.));
#9913 = B_SPLINE_CURVE_WITH_KNOTS('',2,(#9914,#9915,#9916),
  .UNSPECIFIED.,.F.,.F.,(3,3),(0.,1.),.PIECEWISE_BEZIER_KNOTS.);
#9914 = CARTESIAN_POINT('',(4.110053061736,1.745313846904,38.));
#9915 = CARTESIAN_POINT('',(4.334972009862,1.646925878604,38.));
#9916 = CARTESIAN_POINT('',(4.485368263465,1.468836901659,38.));
#9917 = ORIENTED_EDGE('',*,*,#9918,.F.);
#9918 = EDGE_CURVE('',#2383,#9911,#9919,.T.);
#9919 = LINE('',#9920,#9921);
#9920 = CARTESIAN_POINT('',(4.485368263465,1.468836901659,40.));
#9921 = VECTOR('',#9922,1.);
#9922 = DIRECTION('',(-0.,-0.,-1.));
#9923 = ORIENTED_EDGE('',*,*,#2382,.F.);
#9924 = SURFACE_OF_LINEAR_EXTRUSION('',#9925,#9929);
#9925 = B_SPLINE_CURVE_WITH_KNOTS('',2,(#9926,#9927,#9928),
  .UNSPECIFIED.,.F.,.F.,(3,3),(0.,1.),.PIECEWISE_BEZIER_KNOTS.);
#9926 = CARTESIAN_POINT('',(4.110053061736,1.745313846904,40.));
#9927 = CARTESIAN_POINT('',(4.334972009862,1.646925878604,40.));
#9928 = CARTESIAN_POINT('',(4.485368263465,1.468836901659,40.));
#9929 = VECTOR('',#9930,1.);
#9930 = DIRECTION('',(0.,0.,1.));
#9931 = ADVANCED_FACE('',(#9932),#9950,.T.);
#9932 = FACE_BOUND('',#9933,.T.);
#9933 = EDGE_LOOP('',(#9934,#9942,#9948,#9949));
#9934 = ORIENTED_EDGE('',*,*,#9935,.T.);
#9935 = EDGE_CURVE('',#2399,#9936,#9938,.T.);
#9936 = VERTEX_POINT('',#9937);
#9937 = CARTESIAN_POINT('',(4.79133908479,0.499141296471,38.));
#9938 = LINE('',#9939,#9940);
#9939 = CARTESIAN_POINT('',(4.79133908479,0.499141296471,40.));
#9940 = VECTOR('',#9941,1.);
#9941 = DIRECTION('',(-0.,-0.,-1.));
#9942 = ORIENTED_EDGE('',*,*,#9943,.T.);
#9943 = EDGE_CURVE('',#9936,#9886,#9944,.T.);
#9944 = LINE('',#9945,#9946);
#9945 = CARTESIAN_POINT('',(4.79133908479,0.499141296471,38.));
#9946 = VECTOR('',#9947,1.);
#9947 = DIRECTION('',(0.,-1.,0.));
#9948 = ORIENTED_EDGE('',*,*,#9885,.F.);
#9949 = ORIENTED_EDGE('',*,*,#2406,.F.);
#9950 = PLANE('',#9951);
#9951 = AXIS2_PLACEMENT_3D('',#9952,#9953,#9954);
#9952 = CARTESIAN_POINT('',(4.79133908479,0.499141296471,40.));
#9953 = DIRECTION('',(-1.,0.,0.));
#9954 = DIRECTION('',(0.,-1.,0.));
#9955 = ADVANCED_FACE('',(#9956),#9974,.T.);
#9956 = FACE_BOUND('',#9957,.T.);
#9957 = EDGE_LOOP('',(#9958,#9959,#9967,#9973));
#9958 = ORIENTED_EDGE('',*,*,#9918,.T.);
#9959 = ORIENTED_EDGE('',*,*,#9960,.T.);
#9960 = EDGE_CURVE('',#9911,#9961,#9963,.T.);
#9961 = VERTEX_POINT('',#9962);
#9962 = CARTESIAN_POINT('',(4.713439228883,1.043539711457,38.));
#9963 = B_SPLINE_CURVE_WITH_KNOTS('',2,(#9964,#9965,#9966),
  .UNSPECIFIED.,.F.,.F.,(3,3),(0.,1.),.PIECEWISE_BEZIER_KNOTS.);
#9964 = CARTESIAN_POINT('',(4.485368263465,1.468836901659,38.));
#9965 = CARTESIAN_POINT('',(4.635764517067,1.290747924713,38.));
#9966 = CARTESIAN_POINT('',(4.713439228883,1.043539711457,38.));
#9967 = ORIENTED_EDGE('',*,*,#9968,.F.);
#9968 = EDGE_CURVE('',#2391,#9961,#9969,.T.);
#9969 = LINE('',#9970,#9971);
#9970 = CARTESIAN_POINT('',(4.713439228883,1.043539711457,40.));
#9971 = VECTOR('',#9972,1.);
#9972 = DIRECTION('',(-0.,-0.,-1.));
#9973 = ORIENTED_EDGE('',*,*,#2390,.F.);
#9974 = SURFACE_OF_LINEAR_EXTRUSION('',#9975,#9979);
#9975 = B_SPLINE_CURVE_WITH_KNOTS('',2,(#9976,#9977,#9978),
  .UNSPECIFIED.,.F.,.F.,(3,3),(0.,1.),.PIECEWISE_BEZIER_KNOTS.);
#9976 = CARTESIAN_POINT('',(4.485368263465,1.468836901659,40.));
#9977 = CARTESIAN_POINT('',(4.635764517067,1.290747924713,40.));
#9978 = CARTESIAN_POINT('',(4.713439228883,1.043539711457,40.));
#9979 = VECTOR('',#9980,1.);
#9980 = DIRECTION('',(0.,0.,1.));
#9981 = ADVANCED_FACE('',(#9982),#9993,.T.);
#9982 = FACE_BOUND('',#9983,.T.);
#9983 = EDGE_LOOP('',(#9984,#9985,#9991,#9992));
#9984 = ORIENTED_EDGE('',*,*,#9968,.T.);
#9985 = ORIENTED_EDGE('',*,*,#9986,.T.);
#9986 = EDGE_CURVE('',#9961,#9936,#9987,.T.);
#9987 = B_SPLINE_CURVE_WITH_KNOTS('',2,(#9988,#9989,#9990),
  .UNSPECIFIED.,.F.,.F.,(3,3),(0.,1.),.PIECEWISE_BEZIER_KNOTS.);
#9988 = CARTESIAN_POINT('',(4.713439228883,1.043539711457,38.));
#9989 = CARTESIAN_POINT('',(4.79133908479,0.7963314982,38.));
#9990 = CARTESIAN_POINT('',(4.79133908479,0.499141296471,38.));
#9991 = ORIENTED_EDGE('',*,*,#9935,.F.);
#9992 = ORIENTED_EDGE('',*,*,#2398,.F.);
#9993 = SURFACE_OF_LINEAR_EXTRUSION('',#9994,#9998);
#9994 = B_SPLINE_CURVE_WITH_KNOTS('',2,(#9995,#9996,#9997),
  .UNSPECIFIED.,.F.,.F.,(3,3),(0.,1.),.PIECEWISE_BEZIER_KNOTS.);
#9995 = CARTESIAN_POINT('',(4.713439228883,1.043539711457,40.));
#9996 = CARTESIAN_POINT('',(4.79133908479,0.7963314982,40.));
#9997 = CARTESIAN_POINT('',(4.79133908479,0.499141296471,40.));
#9998 = VECTOR('',#9999,1.);
#9999 = DIRECTION('',(0.,0.,1.));
#10000 = ADVANCED_FACE('',(#10001),#10012,.T.);
#10001 = FACE_BOUND('',#10002,.T.);
#10002 = EDGE_LOOP('',(#10003,#10004,#10010,#10011));
#10003 = ORIENTED_EDGE('',*,*,#2557,.F.);
#10004 = ORIENTED_EDGE('',*,*,#10005,.T.);
#10005 = EDGE_CURVE('',#2558,#2494,#10006,.T.);
#10006 = LINE('',#10007,#10008);
#10007 = CARTESIAN_POINT('',(10.,3.358757210636,-18.35875721063));
#10008 = VECTOR('',#10009,1.);
#10009 = DIRECTION('',(-1.,-0.,-0.));
#10010 = ORIENTED_EDGE('',*,*,#2502,.T.);
#10011 = ORIENTED_EDGE('',*,*,#2590,.T.);
#10012 = PLANE('',#10013);
#10013 = AXIS2_PLACEMENT_3D('',#10014,#10015,#10016);
#10014 = CARTESIAN_POINT('',(10.,3.358757210636,-18.35875721063));
#10015 = DIRECTION('',(0.,-0.707106781187,-0.707106781187));
#10016 = DIRECTION('',(0.,0.707106781187,-0.707106781187));
#10017 = ADVANCED_FACE('',(#10018),#10029,.F.);
#10018 = FACE_BOUND('',#10019,.F.);
#10019 = EDGE_LOOP('',(#10020,#10021,#10022,#10023));
#10020 = ORIENTED_EDGE('',*,*,#2565,.F.);
#10021 = ORIENTED_EDGE('',*,*,#10005,.T.);
#10022 = ORIENTED_EDGE('',*,*,#2493,.T.);
#10023 = ORIENTED_EDGE('',*,*,#10024,.F.);
#10024 = EDGE_CURVE('',#2566,#2486,#10025,.T.);
#10025 = LINE('',#10026,#10027);
#10026 = CARTESIAN_POINT('',(10.,-3.358757210636,-18.35875721063));
#10027 = VECTOR('',#10028,1.);
#10028 = DIRECTION('',(-1.,-0.,-0.));
#10029 = CYLINDRICAL_SURFACE('',#10030,4.75);
#10030 = AXIS2_PLACEMENT_3D('',#10031,#10032,#10033);
#10031 = CARTESIAN_POINT('',(10.,1.286082831445E-15,-21.71751442127));
#10032 = DIRECTION('',(1.,0.,0.));
#10033 = DIRECTION('',(0.,1.,0.));
#10034 = ADVANCED_FACE('',(#10035),#10041,.T.);
#10035 = FACE_BOUND('',#10036,.T.);
#10036 = EDGE_LOOP('',(#10037,#10038,#10039,#10040));
#10037 = ORIENTED_EDGE('',*,*,#2574,.F.);
#10038 = ORIENTED_EDGE('',*,*,#2532,.T.);
#10039 = ORIENTED_EDGE('',*,*,#2485,.T.);
#10040 = ORIENTED_EDGE('',*,*,#10024,.F.);
#10041 = PLANE('',#10042);
#10042 = AXIS2_PLACEMENT_3D('',#10043,#10044,#10045);
#10043 = CARTESIAN_POINT('',(10.,-10.,-25.));
#10044 = DIRECTION('',(0.,0.707106781187,-0.707106781187));
#10045 = DIRECTION('',(0.,0.707106781187,0.707106781187));
#10046 = ADVANCED_FACE('',(#10047),#10065,.T.);
#10047 = FACE_BOUND('',#10048,.T.);
#10048 = EDGE_LOOP('',(#10049,#10050,#10051,#10052,#10053,#10054,#10055,
    #10056,#10057,#10058,#10059,#10060,#10061,#10062,#10063,#10064));
#10049 = ORIENTED_EDGE('',*,*,#3004,.F.);
#10050 = ORIENTED_EDGE('',*,*,#2614,.F.);
#10051 = ORIENTED_EDGE('',*,*,#2647,.F.);
#10052 = ORIENTED_EDGE('',*,*,#2673,.F.);
#10053 = ORIENTED_EDGE('',*,*,#2699,.F.);
#10054 = ORIENTED_EDGE('',*,*,#2725,.F.);
#10055 = ORIENTED_EDGE('',*,*,#2751,.F.);
#10056 = ORIENTED_EDGE('',*,*,#2777,.F.);
#10057 = ORIENTED_EDGE('',*,*,#2803,.F.);
#10058 = ORIENTED_EDGE('',*,*,#2829,.F.);
#10059 = ORIENTED_EDGE('',*,*,#2855,.F.);
#10060 = ORIENTED_EDGE('',*,*,#2881,.F.);
#10061 = ORIENTED_EDGE('',*,*,#2907,.F.);
#10062 = ORIENTED_EDGE('',*,*,#2933,.F.);
#10063 = ORIENTED_EDGE('',*,*,#2959,.F.);
#10064 = ORIENTED_EDGE('',*,*,#2985,.F.);
#10065 = PLANE('',#10066);
#10066 = AXIS2_PLACEMENT_3D('',#10067,#10068,#10069);
#10067 = CARTESIAN_POINT('',(-4.317353765105,-7.225838374423,38.));
#10068 = DIRECTION('',(0.,0.,1.));
#10069 = DIRECTION('',(1.,0.,0.));
#10070 = ADVANCED_FACE('',(#10071,#10088),#10130,.T.);
#10071 = FACE_BOUND('',#10072,.T.);
#10072 = EDGE_LOOP('',(#10073,#10074,#10075,#10076,#10077,#10078,#10079,
    #10080,#10081,#10082,#10083,#10084,#10085,#10086,#10087));
#10073 = ORIENTED_EDGE('',*,*,#3374,.F.);
#10074 = ORIENTED_EDGE('',*,*,#3030,.F.);
#10075 = ORIENTED_EDGE('',*,*,#3061,.F.);
#10076 = ORIENTED_EDGE('',*,*,#3085,.F.);
#10077 = ORIENTED_EDGE('',*,*,#3109,.F.);
#10078 = ORIENTED_EDGE('',*,*,#3133,.F.);
#10079 = ORIENTED_EDGE('',*,*,#3159,.F.);
#10080 = ORIENTED_EDGE('',*,*,#3185,.F.);
#10081 = ORIENTED_EDGE('',*,*,#3209,.F.);
#10082 = ORIENTED_EDGE('',*,*,#3233,.F.);
#10083 = ORIENTED_EDGE('',*,*,#3257,.F.);
#10084 = ORIENTED_EDGE('',*,*,#3281,.F.);
#10085 = ORIENTED_EDGE('',*,*,#3305,.F.);
#10086 = ORIENTED_EDGE('',*,*,#3331,.F.);
#10087 = ORIENTED_EDGE('',*,*,#3357,.F.);
#10088 = FACE_BOUND('',#10089,.T.);
#10089 = EDGE_LOOP('',(#10090,#10100,#10108,#10116,#10124));
#10090 = ORIENTED_EDGE('',*,*,#10091,.F.);
#10091 = EDGE_CURVE('',#10092,#10094,#10096,.T.);
#10092 = VERTEX_POINT('',#10093);
#10093 = CARTESIAN_POINT('',(-5.679915421925,-5.396831410444,38.));
#10094 = VERTEX_POINT('',#10095);
#10095 = CARTESIAN_POINT('',(-5.67572774181,-5.253774854248,38.));
#10096 = B_SPLINE_CURVE_WITH_KNOTS('',2,(#10097,#10098,#10099),
  .UNSPECIFIED.,.F.,.F.,(3,3),(0.,1.),.PIECEWISE_BEZIER_KNOTS.);
#10097 = CARTESIAN_POINT('',(-5.679915421925,-5.396831410444,38.));
#10098 = CARTESIAN_POINT('',(-5.679915421925,-5.330503960876,38.));
#10099 = CARTESIAN_POINT('',(-5.67572774181,-5.253774854248,38.));
#10100 = ORIENTED_EDGE('',*,*,#10101,.F.);
#10101 = EDGE_CURVE('',#10102,#10092,#10104,.T.);
#10102 = VERTEX_POINT('',#10103);
#10103 = CARTESIAN_POINT('',(-5.679915421925,-6.377964335516,38.));
#10104 = LINE('',#10105,#10106);
#10105 = CARTESIAN_POINT('',(-5.679915421925,-6.377964335516,38.));
#10106 = VECTOR('',#10107,1.);
#10107 = DIRECTION('',(0.,1.,0.));
#10108 = ORIENTED_EDGE('',*,*,#10109,.F.);
#10109 = EDGE_CURVE('',#10110,#10102,#10112,.T.);
#10110 = VERTEX_POINT('',#10111);
#10111 = CARTESIAN_POINT('',(-6.592829687055,-6.377964335516,38.));
#10112 = LINE('',#10113,#10114);
#10113 = CARTESIAN_POINT('',(-6.592829687055,-6.377964335516,38.));
#10114 = VECTOR('',#10115,1.);
#10115 = DIRECTION('',(1.,0.,0.));
#10116 = ORIENTED_EDGE('',*,*,#10117,.F.);
#10117 = EDGE_CURVE('',#10118,#10110,#10120,.T.);
#10118 = VERTEX_POINT('',#10119);
#10119 = CARTESIAN_POINT('',(-5.661138404634,-5.093967577591,38.));
#10120 = LINE('',#10121,#10122);
#10121 = CARTESIAN_POINT('',(-5.661138404634,-5.093967577591,38.));
#10122 = VECTOR('',#10123,1.);
#10123 = DIRECTION('',(-0.587295434685,-0.809372641247,0.));
#10124 = ORIENTED_EDGE('',*,*,#10125,.F.);
#10125 = EDGE_CURVE('',#10094,#10118,#10126,.T.);
#10126 = B_SPLINE_CURVE_WITH_KNOTS('',2,(#10127,#10128,#10129),
  .UNSPECIFIED.,.F.,.F.,(3,3),(0.,1.),.PIECEWISE_BEZIER_KNOTS.);
#10127 = CARTESIAN_POINT('',(-5.67572774181,-5.253774854248,38.));
#10128 = CARTESIAN_POINT('',(-5.671540061695,-5.176910661164,38.));
#10129 = CARTESIAN_POINT('',(-5.661138404634,-5.093967577591,38.));
#10130 = PLANE('',#10131);
#10131 = AXIS2_PLACEMENT_3D('',#10132,#10133,#10134);
#10132 = CARTESIAN_POINT('',(-5.845810718845,-6.057610078498,38.));
#10133 = DIRECTION('',(0.,0.,1.));
#10134 = DIRECTION('',(1.,0.,0.));
#10135 = ADVANCED_FACE('',(#10136),#10152,.T.);
#10136 = FACE_BOUND('',#10137,.T.);
#10137 = EDGE_LOOP('',(#10138,#10139,#10140,#10141,#10142,#10143,#10144,
    #10145,#10146,#10147,#10148,#10149,#10150,#10151));
#10138 = ORIENTED_EDGE('',*,*,#3724,.F.);
#10139 = ORIENTED_EDGE('',*,*,#3398,.F.);
#10140 = ORIENTED_EDGE('',*,*,#3429,.F.);
#10141 = ORIENTED_EDGE('',*,*,#3453,.F.);
#10142 = ORIENTED_EDGE('',*,*,#3479,.F.);
#10143 = ORIENTED_EDGE('',*,*,#3505,.F.);
#10144 = ORIENTED_EDGE('',*,*,#3529,.F.);
#10145 = ORIENTED_EDGE('',*,*,#3555,.F.);
#10146 = ORIENTED_EDGE('',*,*,#3579,.F.);
#10147 = ORIENTED_EDGE('',*,*,#3603,.F.);
#10148 = ORIENTED_EDGE('',*,*,#3629,.F.);
#10149 = ORIENTED_EDGE('',*,*,#3655,.F.);
#10150 = ORIENTED_EDGE('',*,*,#3679,.F.);
#10151 = ORIENTED_EDGE('',*,*,#3705,.F.);
#10152 = PLANE('',#10153);
#10153 = AXIS2_PLACEMENT_3D('',#10154,#10155,#10156);
#10154 = CARTESIAN_POINT('',(-2.617291926448,-5.658019324872,38.));
#10155 = DIRECTION('',(0.,0.,1.));
#10156 = DIRECTION('',(1.,0.,0.));
#10157 = ADVANCED_FACE('',(#10158),#10194,.T.);
#10158 = FACE_BOUND('',#10159,.T.);
#10159 = EDGE_LOOP('',(#10160,#10161,#10162,#10163,#10164,#10165,#10166,
    #10167,#10168,#10169,#10170,#10171,#10172,#10173,#10174,#10175,
    #10176,#10177,#10178,#10179,#10180,#10181,#10182,#10183,#10184,
    #10185,#10186,#10187,#10188,#10189,#10190,#10191,#10192,#10193));
#10160 = ORIENTED_EDGE('',*,*,#4592,.F.);
#10161 = ORIENTED_EDGE('',*,*,#3748,.F.);
#10162 = ORIENTED_EDGE('',*,*,#3779,.F.);
#10163 = ORIENTED_EDGE('',*,*,#3803,.F.);
#10164 = ORIENTED_EDGE('',*,*,#3827,.F.);
#10165 = ORIENTED_EDGE('',*,*,#3851,.F.);
#10166 = ORIENTED_EDGE('',*,*,#3877,.F.);
#10167 = ORIENTED_EDGE('',*,*,#3903,.F.);
#10168 = ORIENTED_EDGE('',*,*,#3929,.F.);
#10169 = ORIENTED_EDGE('',*,*,#3955,.F.);
#10170 = ORIENTED_EDGE('',*,*,#3981,.F.);
#10171 = ORIENTED_EDGE('',*,*,#4007,.F.);
#10172 = ORIENTED_EDGE('',*,*,#4033,.F.);
#10173 = ORIENTED_EDGE('',*,*,#4059,.F.);
#10174 = ORIENTED_EDGE('',*,*,#4085,.F.);
#10175 = ORIENTED_EDGE('',*,*,#4111,.F.);
#10176 = ORIENTED_EDGE('',*,*,#4137,.F.);
#10177 = ORIENTED_EDGE('',*,*,#4163,.F.);
#10178 = ORIENTED_EDGE('',*,*,#4187,.F.);
#10179 = ORIENTED_EDGE('',*,*,#4213,.F.);
#10180 = ORIENTED_EDGE('',*,*,#4239,.F.);
#10181 = ORIENTED_EDGE('',*,*,#4265,.F.);
#10182 = ORIENTED_EDGE('',*,*,#4291,.F.);
#10183 = ORIENTED_EDGE('',*,*,#4317,.F.);
#10184 = ORIENTED_EDGE('',*,*,#4343,.F.);
#10185 = ORIENTED_EDGE('',*,*,#4369,.F.);
#10186 = ORIENTED_EDGE('',*,*,#4395,.F.);
#10187 = ORIENTED_EDGE('',*,*,#4421,.F.);
#10188 = ORIENTED_EDGE('',*,*,#4447,.F.);
#10189 = ORIENTED_EDGE('',*,*,#4473,.F.);
#10190 = ORIENTED_EDGE('',*,*,#4499,.F.);
#10191 = ORIENTED_EDGE('',*,*,#4525,.F.);
#10192 = ORIENTED_EDGE('',*,*,#4549,.F.);
#10193 = ORIENTED_EDGE('',*,*,#4573,.F.);
#10194 = PLANE('',#10195);
#10195 = AXIS2_PLACEMENT_3D('',#10196,#10197,#10198);
#10196 = CARTESIAN_POINT('',(-0.24600511791,-5.982555375506,38.));
#10197 = DIRECTION('',(0.,0.,1.));
#10198 = DIRECTION('',(1.,0.,0.));
#10199 = ADVANCED_FACE('',(#10200),#10238,.T.);
#10200 = FACE_BOUND('',#10201,.T.);
#10201 = EDGE_LOOP('',(#10202,#10203,#10204,#10205,#10206,#10207,#10208,
    #10209,#10210,#10211,#10212,#10213,#10214,#10215,#10216,#10217,
    #10218,#10219,#10220,#10221,#10222,#10223,#10224,#10225,#10226,
    #10227,#10228,#10229,#10230,#10231,#10232,#10233,#10234,#10235,
    #10236,#10237));
#10202 = ORIENTED_EDGE('',*,*,#5508,.F.);
#10203 = ORIENTED_EDGE('',*,*,#4618,.F.);
#10204 = ORIENTED_EDGE('',*,*,#4649,.F.);
#10205 = ORIENTED_EDGE('',*,*,#4673,.F.);
#10206 = ORIENTED_EDGE('',*,*,#4699,.F.);
#10207 = ORIENTED_EDGE('',*,*,#4725,.F.);
#10208 = ORIENTED_EDGE('',*,*,#4751,.F.);
#10209 = ORIENTED_EDGE('',*,*,#4777,.F.);
#10210 = ORIENTED_EDGE('',*,*,#4801,.F.);
#10211 = ORIENTED_EDGE('',*,*,#4825,.F.);
#10212 = ORIENTED_EDGE('',*,*,#4849,.F.);
#10213 = ORIENTED_EDGE('',*,*,#4875,.F.);
#10214 = ORIENTED_EDGE('',*,*,#4901,.F.);
#10215 = ORIENTED_EDGE('',*,*,#4927,.F.);
#10216 = ORIENTED_EDGE('',*,*,#4953,.F.);
#10217 = ORIENTED_EDGE('',*,*,#4979,.F.);
#10218 = ORIENTED_EDGE('',*,*,#5005,.F.);
#10219 = ORIENTED_EDGE('',*,*,#5029,.F.);
#10220 = ORIENTED_EDGE('',*,*,#5053,.F.);
#10221 = ORIENTED_EDGE('',*,*,#5077,.F.);
#10222 = ORIENTED_EDGE('',*,*,#5103,.F.);
#10223 = ORIENTED_EDGE('',*,*,#5129,.F.);
#10224 = ORIENTED_EDGE('',*,*,#5155,.F.);
#10225 = ORIENTED_EDGE('',*,*,#5181,.F.);
#10226 = ORIENTED_EDGE('',*,*,#5207,.F.);
#10227 = ORIENTED_EDGE('',*,*,#5233,.F.);
#10228 = ORIENTED_EDGE('',*,*,#5259,.F.);
#10229 = ORIENTED_EDGE('',*,*,#5285,.F.);
#10230 = ORIENTED_EDGE('',*,*,#5311,.F.);
#10231 = ORIENTED_EDGE('',*,*,#5337,.F.);
#10232 = ORIENTED_EDGE('',*,*,#5363,.F.);
#10233 = ORIENTED_EDGE('',*,*,#5389,.F.);
#10234 = ORIENTED_EDGE('',*,*,#5415,.F.);
#10235 = ORIENTED_EDGE('',*,*,#5441,.F.);
#10236 = ORIENTED_EDGE('',*,*,#5465,.F.);
#10237 = ORIENTED_EDGE('',*,*,#5491,.F.);
#10238 = PLANE('',#10239);
#10239 = AXIS2_PLACEMENT_3D('',#10240,#10241,#10242);
#10240 = CARTESIAN_POINT('',(2.687023687508,-6.393543948385,38.));
#10241 = DIRECTION('',(0.,0.,1.));
#10242 = DIRECTION('',(1.,0.,0.));
#10243 = ADVANCED_FACE('',(#10244),#10282,.T.);
#10244 = FACE_BOUND('',#10245,.T.);
#10245 = EDGE_LOOP('',(#10246,#10247,#10248,#10249,#10250,#10251,#10252,
    #10253,#10254,#10255,#10256,#10257,#10258,#10259,#10260,#10261,
    #10262,#10263,#10264,#10265,#10266,#10267,#10268,#10269,#10270,
    #10271,#10272,#10273,#10274,#10275,#10276,#10277,#10278,#10279,
    #10280,#10281));
#10246 = ORIENTED_EDGE('',*,*,#6422,.F.);
#10247 = ORIENTED_EDGE('',*,*,#5532,.F.);
#10248 = ORIENTED_EDGE('',*,*,#5563,.F.);
#10249 = ORIENTED_EDGE('',*,*,#5587,.F.);
#10250 = ORIENTED_EDGE('',*,*,#5613,.F.);
#10251 = ORIENTED_EDGE('',*,*,#5639,.F.);
#10252 = ORIENTED_EDGE('',*,*,#5665,.F.);
#10253 = ORIENTED_EDGE('',*,*,#5691,.F.);
#10254 = ORIENTED_EDGE('',*,*,#5715,.F.);
#10255 = ORIENTED_EDGE('',*,*,#5739,.F.);
#10256 = ORIENTED_EDGE('',*,*,#5763,.F.);
#10257 = ORIENTED_EDGE('',*,*,#5789,.F.);
#10258 = ORIENTED_EDGE('',*,*,#5815,.F.);
#10259 = ORIENTED_EDGE('',*,*,#5841,.F.);
#10260 = ORIENTED_EDGE('',*,*,#5867,.F.);
#10261 = ORIENTED_EDGE('',*,*,#5893,.F.);
#10262 = ORIENTED_EDGE('',*,*,#5919,.F.);
#10263 = ORIENTED_EDGE('',*,*,#5943,.F.);
#10264 = ORIENTED_EDGE('',*,*,#5967,.F.);
#10265 = ORIENTED_EDGE('',*,*,#5991,.F.);
#10266 = ORIENTED_EDGE('',*,*,#6017,.F.);
#10267 = ORIENTED_EDGE('',*,*,#6043,.F.);
#10268 = ORIENTED_EDGE('',*,*,#6069,.F.);
#10269 = ORIENTED_EDGE('',*,*,#6095,.F.);
#10270 = ORIENTED_EDGE('',*,*,#6121,.F.);
#10271 = ORIENTED_EDGE('',*,*,#6147,.F.);
#10272 = ORIENTED_EDGE('',*,*,#6173,.F.);
#10273 = ORIENTED_EDGE('',*,*,#6199,.F.);
#10274 = ORIENTED_EDGE('',*,*,#6225,.F.);
#10275 = ORIENTED_EDGE('',*,*,#6251,.F.);
#10276 = ORIENTED_EDGE('',*,*,#6277,.F.);
#10277 = ORIENTED_EDGE('',*,*,#6303,.F.);
#10278 = ORIENTED_EDGE('',*,*,#6329,.F.);
#10279 = ORIENTED_EDGE('',*,*,#6355,.F.);
#10280 = ORIENTED_EDGE('',*,*,#6379,.F.);
#10281 = ORIENTED_EDGE('',*,*,#6405,.F.);
#10282 = PLANE('',#10283);
#10283 = AXIS2_PLACEMENT_3D('',#10284,#10285,#10286);
#10284 = CARTESIAN_POINT('',(6.179819076557,-6.393543948385,38.));
#10285 = DIRECTION('',(0.,0.,1.));
#10286 = DIRECTION('',(1.,0.,0.));
#10287 = ADVANCED_FACE('',(#10288),#10294,.T.);
#10288 = FACE_BOUND('',#10289,.T.);
#10289 = EDGE_LOOP('',(#10290,#10291,#10292,#10293));
#10290 = ORIENTED_EDGE('',*,*,#6494,.F.);
#10291 = ORIENTED_EDGE('',*,*,#6446,.F.);
#10292 = ORIENTED_EDGE('',*,*,#6477,.F.);
#10293 = ORIENTED_EDGE('',*,*,#6518,.F.);
#10294 = PLANE('',#10295);
#10295 = AXIS2_PLACEMENT_3D('',#10296,#10297,#10298);
#10296 = CARTESIAN_POINT('',(-2.714925009911,0.799858072385,38.));
#10297 = DIRECTION('',(0.,0.,1.));
#10298 = DIRECTION('',(1.,0.,0.));
#10299 = ADVANCED_FACE('',(#10300),#10352,.T.);
#10300 = FACE_BOUND('',#10301,.T.);
#10301 = EDGE_LOOP('',(#10302,#10303,#10304,#10305,#10306,#10307,#10308,
    #10309,#10310,#10311,#10312,#10313,#10314,#10315,#10316,#10317,
    #10318,#10319,#10320,#10321,#10322,#10323,#10324,#10325,#10326,
    #10327,#10328,#10329,#10330,#10331,#10332,#10333,#10334,#10335,
    #10336,#10337,#10338,#10339,#10340,#10341,#10342,#10343,#10344,
    #10345,#10346,#10347,#10348,#10349,#10350,#10351));
#10302 = ORIENTED_EDGE('',*,*,#6592,.F.);
#10303 = ORIENTED_EDGE('',*,*,#6542,.F.);
#10304 = ORIENTED_EDGE('',*,*,#6573,.F.);
#10305 = ORIENTED_EDGE('',*,*,#6625,.F.);
#10306 = ORIENTED_EDGE('',*,*,#6677,.F.);
#10307 = ORIENTED_EDGE('',*,*,#6729,.F.);
#10308 = ORIENTED_EDGE('',*,*,#6781,.F.);
#10309 = ORIENTED_EDGE('',*,*,#6833,.F.);
#10310 = ORIENTED_EDGE('',*,*,#6885,.F.);
#10311 = ORIENTED_EDGE('',*,*,#6937,.F.);
#10312 = ORIENTED_EDGE('',*,*,#6989,.F.);
#10313 = ORIENTED_EDGE('',*,*,#7041,.F.);
#10314 = ORIENTED_EDGE('',*,*,#7093,.F.);
#10315 = ORIENTED_EDGE('',*,*,#7145,.F.);
#10316 = ORIENTED_EDGE('',*,*,#7197,.F.);
#10317 = ORIENTED_EDGE('',*,*,#7249,.F.);
#10318 = ORIENTED_EDGE('',*,*,#7301,.F.);
#10319 = ORIENTED_EDGE('',*,*,#7353,.F.);
#10320 = ORIENTED_EDGE('',*,*,#7405,.F.);
#10321 = ORIENTED_EDGE('',*,*,#7457,.F.);
#10322 = ORIENTED_EDGE('',*,*,#7509,.F.);
#10323 = ORIENTED_EDGE('',*,*,#7561,.F.);
#10324 = ORIENTED_EDGE('',*,*,#7613,.F.);
#10325 = ORIENTED_EDGE('',*,*,#7665,.F.);
#10326 = ORIENTED_EDGE('',*,*,#7717,.F.);
#10327 = ORIENTED_EDGE('',*,*,#7769,.F.);
#10328 = ORIENTED_EDGE('',*,*,#7814,.F.);
#10329 = ORIENTED_EDGE('',*,*,#7788,.F.);
#10330 = ORIENTED_EDGE('',*,*,#7736,.F.);
#10331 = ORIENTED_EDGE('',*,*,#7684,.F.);
#10332 = ORIENTED_EDGE('',*,*,#7632,.F.);
#10333 = ORIENTED_EDGE('',*,*,#7580,.F.);
#10334 = ORIENTED_EDGE('',*,*,#7528,.F.);
#10335 = ORIENTED_EDGE('',*,*,#7476,.F.);
#10336 = ORIENTED_EDGE('',*,*,#7424,.F.);
#10337 = ORIENTED_EDGE('',*,*,#7372,.F.);
#10338 = ORIENTED_EDGE('',*,*,#7320,.F.);
#10339 = ORIENTED_EDGE('',*,*,#7268,.F.);
#10340 = ORIENTED_EDGE('',*,*,#7216,.F.);
#10341 = ORIENTED_EDGE('',*,*,#7164,.F.);
#10342 = ORIENTED_EDGE('',*,*,#7112,.F.);
#10343 = ORIENTED_EDGE('',*,*,#7060,.F.);
#10344 = ORIENTED_EDGE('',*,*,#7008,.F.);
#10345 = ORIENTED_EDGE('',*,*,#6956,.F.);
#10346 = ORIENTED_EDGE('',*,*,#6904,.F.);
#10347 = ORIENTED_EDGE('',*,*,#6852,.F.);
#10348 = ORIENTED_EDGE('',*,*,#6800,.F.);
#10349 = ORIENTED_EDGE('',*,*,#6748,.F.);
#10350 = ORIENTED_EDGE('',*,*,#6696,.F.);
#10351 = ORIENTED_EDGE('',*,*,#6644,.F.);
#10352 = PLANE('',#10353);
#10353 = AXIS2_PLACEMENT_3D('',#10354,#10355,#10356);
#10354 = CARTESIAN_POINT('',(-0.286039022986,-7.489301746637E-03,38.));
#10355 = DIRECTION('',(0.,0.,1.));
#10356 = DIRECTION('',(1.,0.,0.));
#10357 = ADVANCED_FACE('',(#10358,#10381),#10455,.T.);
#10358 = FACE_BOUND('',#10359,.T.);
#10359 = EDGE_LOOP('',(#10360,#10361,#10362,#10363,#10364,#10365,#10366,
    #10367,#10368,#10369,#10370,#10371,#10372,#10373,#10374,#10375,
    #10376,#10377,#10378,#10379,#10380));
#10360 = ORIENTED_EDGE('',*,*,#7888,.F.);
#10361 = ORIENTED_EDGE('',*,*,#7838,.F.);
#10362 = ORIENTED_EDGE('',*,*,#7869,.F.);
#10363 = ORIENTED_EDGE('',*,*,#7919,.F.);
#10364 = ORIENTED_EDGE('',*,*,#7969,.F.);
#10365 = ORIENTED_EDGE('',*,*,#8017,.F.);
#10366 = ORIENTED_EDGE('',*,*,#8067,.F.);
#10367 = ORIENTED_EDGE('',*,*,#8119,.F.);
#10368 = ORIENTED_EDGE('',*,*,#8169,.F.);
#10369 = ORIENTED_EDGE('',*,*,#8219,.F.);
#10370 = ORIENTED_EDGE('',*,*,#8271,.F.);
#10371 = ORIENTED_EDGE('',*,*,#8323,.F.);
#10372 = ORIENTED_EDGE('',*,*,#8342,.F.);
#10373 = ORIENTED_EDGE('',*,*,#8290,.F.);
#10374 = ORIENTED_EDGE('',*,*,#8238,.F.);
#10375 = ORIENTED_EDGE('',*,*,#8186,.F.);
#10376 = ORIENTED_EDGE('',*,*,#8136,.F.);
#10377 = ORIENTED_EDGE('',*,*,#8086,.F.);
#10378 = ORIENTED_EDGE('',*,*,#8036,.F.);
#10379 = ORIENTED_EDGE('',*,*,#7986,.F.);
#10380 = ORIENTED_EDGE('',*,*,#7938,.F.);
#10381 = FACE_BOUND('',#10382,.T.);
#10382 = EDGE_LOOP('',(#10383,#10393,#10401,#10409,#10417,#10425,#10433,
    #10441,#10449));
#10383 = ORIENTED_EDGE('',*,*,#10384,.F.);
#10384 = EDGE_CURVE('',#10385,#10387,#10389,.T.);
#10385 = VERTEX_POINT('',#10386);
#10386 = CARTESIAN_POINT('',(-6.713974315786,0.864099869958,38.));
#10387 = VERTEX_POINT('',#10388);
#10388 = CARTESIAN_POINT('',(-6.133102557861,0.864099869958,38.));
#10389 = LINE('',#10390,#10391);
#10390 = CARTESIAN_POINT('',(-6.713974315786,0.864099869958,38.));
#10391 = VECTOR('',#10392,1.);
#10392 = DIRECTION('',(1.,0.,0.));
#10393 = ORIENTED_EDGE('',*,*,#10394,.F.);
#10394 = EDGE_CURVE('',#10395,#10385,#10397,.T.);
#10395 = VERTEX_POINT('',#10396);
#10396 = CARTESIAN_POINT('',(-6.713974315786,2.52116038869,38.));
#10397 = LINE('',#10398,#10399);
#10398 = CARTESIAN_POINT('',(-6.713974315786,2.52116038869,38.));
#10399 = VECTOR('',#10400,1.);
#10400 = DIRECTION('',(0.,-1.,0.));
#10401 = ORIENTED_EDGE('',*,*,#10402,.F.);
#10402 = EDGE_CURVE('',#10403,#10395,#10405,.T.);
#10403 = VERTEX_POINT('',#10404);
#10404 = CARTESIAN_POINT('',(-6.119143624143,2.52116038869,38.));
#10405 = LINE('',#10406,#10407);
#10406 = CARTESIAN_POINT('',(-6.119143624143,2.52116038869,38.));
#10407 = VECTOR('',#10408,1.);
#10408 = DIRECTION('',(-1.,0.,0.));
#10409 = ORIENTED_EDGE('',*,*,#10410,.F.);
#10410 = EDGE_CURVE('',#10411,#10403,#10413,.T.);
#10411 = VERTEX_POINT('',#10412);
#10412 = CARTESIAN_POINT('',(-5.353428566507,2.317404985232,38.));
#10413 = B_SPLINE_CURVE_WITH_KNOTS('',2,(#10414,#10415,#10416),
  .UNSPECIFIED.,.F.,.F.,(3,3),(0.,1.),.PIECEWISE_BEZIER_KNOTS.);
#10414 = CARTESIAN_POINT('',(-5.353428566507,2.317404985232,38.));
#10415 = CARTESIAN_POINT('',(-5.604013941146,2.52116038869,38.));
#10416 = CARTESIAN_POINT('',(-6.119143624143,2.52116038869,38.));
#10417 = ORIENTED_EDGE('',*,*,#10418,.F.);
#10418 = EDGE_CURVE('',#10419,#10411,#10421,.T.);
#10419 = VERTEX_POINT('',#10420);
#10420 = CARTESIAN_POINT('',(-5.102618047775,1.734056642293,38.));
#10421 = B_SPLINE_CURVE_WITH_KNOTS('',2,(#10422,#10423,#10424),
  .UNSPECIFIED.,.F.,.F.,(3,3),(0.,1.),.PIECEWISE_BEZIER_KNOTS.);
#10422 = CARTESIAN_POINT('',(-5.102618047775,1.734056642293,38.));
#10423 = CARTESIAN_POINT('',(-5.102618047775,2.113874725866,38.));
#10424 = CARTESIAN_POINT('',(-5.353428566507,2.317404985232,38.));
#10425 = ORIENTED_EDGE('',*,*,#10426,.F.);
#10426 = EDGE_CURVE('',#10427,#10419,#10429,.T.);
#10427 = VERTEX_POINT('',#10428);
#10428 = CARTESIAN_POINT('',(-5.164982961319,1.385308443445,38.));
#10429 = B_SPLINE_CURVE_WITH_KNOTS('',2,(#10430,#10431,#10432),
  .UNSPECIFIED.,.F.,.F.,(3,3),(0.,1.),.PIECEWISE_BEZIER_KNOTS.);
#10430 = CARTESIAN_POINT('',(-5.164982961319,1.385308443445,38.));
#10431 = CARTESIAN_POINT('',(-5.102618047775,1.544260172552,38.));
#10432 = CARTESIAN_POINT('',(-5.102618047775,1.734056642293,38.));
#10433 = ORIENTED_EDGE('',*,*,#10434,.F.);
#10434 = EDGE_CURVE('',#10435,#10427,#10437,.T.);
#10435 = VERTEX_POINT('',#10436);
#10436 = CARTESIAN_POINT('',(-5.353428566507,1.11085779503,38.));
#10437 = B_SPLINE_CURVE_WITH_KNOTS('',2,(#10438,#10439,#10440),
  .UNSPECIFIED.,.F.,.F.,(3,3),(0.,1.),.PIECEWISE_BEZIER_KNOTS.);
#10438 = CARTESIAN_POINT('',(-5.353428566507,1.11085779503,38.));
#10439 = CARTESIAN_POINT('',(-5.227122730772,1.226581858431,38.));
#10440 = CARTESIAN_POINT('',(-5.164982961319,1.385308443445,38.));
#10441 = ORIENTED_EDGE('',*,*,#10442,.F.);
#10442 = EDGE_CURVE('',#10443,#10435,#10445,.T.);
#10443 = VERTEX_POINT('',#10444);
#10444 = CARTESIAN_POINT('',(-5.674934330195,0.929616800794,38.));
#10445 = B_SPLINE_CURVE_WITH_KNOTS('',2,(#10446,#10447,#10448),
  .UNSPECIFIED.,.F.,.F.,(3,3),(0.,1.),.PIECEWISE_BEZIER_KNOTS.);
#10446 = CARTESIAN_POINT('',(-5.674934330195,0.929616800794,38.));
#10447 = CARTESIAN_POINT('',(-5.479509258149,0.995358875722,38.));
#10448 = CARTESIAN_POINT('',(-5.353428566507,1.11085779503,38.));
#10449 = ORIENTED_EDGE('',*,*,#10450,.F.);
#10450 = EDGE_CURVE('',#10387,#10443,#10451,.T.);
#10451 = B_SPLINE_CURVE_WITH_KNOTS('',2,(#10452,#10453,#10454),
  .UNSPECIFIED.,.F.,.F.,(3,3),(0.,1.),.PIECEWISE_BEZIER_KNOTS.);
#10452 = CARTESIAN_POINT('',(-6.133102557861,0.864099869958,38.));
#10453 = CARTESIAN_POINT('',(-5.870359402241,0.864099869958,38.));
#10454 = CARTESIAN_POINT('',(-5.674934330195,0.929616800794,38.));
#10455 = PLANE('',#10456);
#10456 = AXIS2_PLACEMENT_3D('',#10457,#10458,#10459);
#10457 = CARTESIAN_POINT('',(-5.987202216076,0.74141711374,38.));
#10458 = DIRECTION('',(0.,0.,1.));
#10459 = DIRECTION('',(1.,0.,0.));
#10460 = ADVANCED_FACE('',(#10461),#10479,.T.);
#10461 = FACE_BOUND('',#10462,.T.);
#10462 = EDGE_LOOP('',(#10463,#10464,#10465,#10466,#10467,#10468,#10469,
    #10470,#10471,#10472,#10473,#10474,#10475,#10476,#10477,#10478));
#10463 = ORIENTED_EDGE('',*,*,#8420,.F.);
#10464 = ORIENTED_EDGE('',*,*,#8368,.F.);
#10465 = ORIENTED_EDGE('',*,*,#8401,.F.);
#10466 = ORIENTED_EDGE('',*,*,#8453,.F.);
#10467 = ORIENTED_EDGE('',*,*,#8505,.F.);
#10468 = ORIENTED_EDGE('',*,*,#8557,.F.);
#10469 = ORIENTED_EDGE('',*,*,#8609,.F.);
#10470 = ORIENTED_EDGE('',*,*,#8661,.F.);
#10471 = ORIENTED_EDGE('',*,*,#8713,.F.);
#10472 = ORIENTED_EDGE('',*,*,#8758,.F.);
#10473 = ORIENTED_EDGE('',*,*,#8732,.F.);
#10474 = ORIENTED_EDGE('',*,*,#8680,.F.);
#10475 = ORIENTED_EDGE('',*,*,#8628,.F.);
#10476 = ORIENTED_EDGE('',*,*,#8576,.F.);
#10477 = ORIENTED_EDGE('',*,*,#8524,.F.);
#10478 = ORIENTED_EDGE('',*,*,#8472,.F.);
#10479 = PLANE('',#10480);
#10480 = AXIS2_PLACEMENT_3D('',#10481,#10482,#10483);
#10481 = CARTESIAN_POINT('',(-2.714925009911,0.799858072385,38.));
#10482 = DIRECTION('',(0.,0.,1.));
#10483 = DIRECTION('',(1.,0.,0.));
#10484 = ADVANCED_FACE('',(#10485,#10517),#10575,.T.);
#10485 = FACE_BOUND('',#10486,.T.);
#10486 = EDGE_LOOP('',(#10487,#10488,#10489,#10490,#10491,#10492,#10493,
    #10494,#10495,#10496,#10497,#10498,#10499,#10500,#10501,#10502,
    #10503,#10504,#10505,#10506,#10507,#10508,#10509,#10510,#10511,
    #10512,#10513,#10514,#10515,#10516));
#10487 = ORIENTED_EDGE('',*,*,#8836,.F.);
#10488 = ORIENTED_EDGE('',*,*,#8784,.F.);
#10489 = ORIENTED_EDGE('',*,*,#8817,.F.);
#10490 = ORIENTED_EDGE('',*,*,#8869,.F.);
#10491 = ORIENTED_EDGE('',*,*,#8921,.F.);
#10492 = ORIENTED_EDGE('',*,*,#8973,.F.);
#10493 = ORIENTED_EDGE('',*,*,#9025,.F.);
#10494 = ORIENTED_EDGE('',*,*,#9077,.F.);
#10495 = ORIENTED_EDGE('',*,*,#9129,.F.);
#10496 = ORIENTED_EDGE('',*,*,#9181,.F.);
#10497 = ORIENTED_EDGE('',*,*,#9233,.F.);
#10498 = ORIENTED_EDGE('',*,*,#9283,.F.);
#10499 = ORIENTED_EDGE('',*,*,#9335,.F.);
#10500 = ORIENTED_EDGE('',*,*,#9387,.F.);
#10501 = ORIENTED_EDGE('',*,*,#9437,.F.);
#10502 = ORIENTED_EDGE('',*,*,#9489,.F.);
#10503 = ORIENTED_EDGE('',*,*,#9534,.F.);
#10504 = ORIENTED_EDGE('',*,*,#9508,.F.);
#10505 = ORIENTED_EDGE('',*,*,#9456,.F.);
#10506 = ORIENTED_EDGE('',*,*,#9404,.F.);
#10507 = ORIENTED_EDGE('',*,*,#9354,.F.);
#10508 = ORIENTED_EDGE('',*,*,#9302,.F.);
#10509 = ORIENTED_EDGE('',*,*,#9252,.F.);
#10510 = ORIENTED_EDGE('',*,*,#9200,.F.);
#10511 = ORIENTED_EDGE('',*,*,#9148,.F.);
#10512 = ORIENTED_EDGE('',*,*,#9096,.F.);
#10513 = ORIENTED_EDGE('',*,*,#9044,.F.);
#10514 = ORIENTED_EDGE('',*,*,#8992,.F.);
#10515 = ORIENTED_EDGE('',*,*,#8940,.F.);
#10516 = ORIENTED_EDGE('',*,*,#8888,.F.);
#10517 = FACE_BOUND('',#10518,.T.);
#10518 = EDGE_LOOP('',(#10519,#10529,#10537,#10545,#10553,#10561,#10569)
  );
#10519 = ORIENTED_EDGE('',*,*,#10520,.F.);
#10520 = EDGE_CURVE('',#10521,#10523,#10525,.T.);
#10521 = VERTEX_POINT('',#10522);
#10522 = CARTESIAN_POINT('',(7.117077557413,1.224330417509,38.));
#10523 = VERTEX_POINT('',#10524);
#10524 = CARTESIAN_POINT('',(6.532603494012,1.013820691284,38.));
#10525 = B_SPLINE_CURVE_WITH_KNOTS('',2,(#10526,#10527,#10528),
  .UNSPECIFIED.,.F.,.F.,(3,3),(0.,1.),.PIECEWISE_BEZIER_KNOTS.);
#10526 = CARTESIAN_POINT('',(7.117077557413,1.224330417509,38.));
#10527 = CARTESIAN_POINT('',(6.743563508421,1.224330417509,38.));
#10528 = CARTESIAN_POINT('',(6.532603494012,1.013820691284,38.));
#10529 = ORIENTED_EDGE('',*,*,#10530,.F.);
#10530 = EDGE_CURVE('',#10531,#10521,#10533,.T.);
#10531 = VERTEX_POINT('',#10532);
#10532 = CARTESIAN_POINT('',(7.448939949344,1.160389495318,38.));
#10533 = B_SPLINE_CURVE_WITH_KNOTS('',2,(#10534,#10535,#10536),
  .UNSPECIFIED.,.F.,.F.,(3,3),(0.,1.),.PIECEWISE_BEZIER_KNOTS.);
#10534 = CARTESIAN_POINT('',(7.448939949344,1.160389495318,38.));
#10535 = CARTESIAN_POINT('',(7.307324315338,1.224330417509,38.));
#10536 = CARTESIAN_POINT('',(7.117077557413,1.224330417509,38.));
#10537 = ORIENTED_EDGE('',*,*,#10538,.F.);
#10538 = EDGE_CURVE('',#10539,#10531,#10541,.T.);
#10539 = VERTEX_POINT('',#10540);
#10540 = CARTESIAN_POINT('',(7.684215525712,0.986353112033,38.));
#10541 = B_SPLINE_CURVE_WITH_KNOTS('',2,(#10542,#10543,#10544),
  .UNSPECIFIED.,.F.,.F.,(3,3),(0.,1.),.PIECEWISE_BEZIER_KNOTS.);
#10542 = CARTESIAN_POINT('',(7.684215525712,0.986353112033,38.));
#10543 = CARTESIAN_POINT('',(7.590780727442,1.096673717221,38.));
#10544 = CARTESIAN_POINT('',(7.448939949344,1.160389495318,38.));
#10545 = ORIENTED_EDGE('',*,*,#10546,.F.);
#10546 = EDGE_CURVE('',#10547,#10539,#10549,.T.);
#10547 = VERTEX_POINT('',#10548);
#10548 = CARTESIAN_POINT('',(7.822453998335,0.729463702811,38.));
#10549 = B_SPLINE_CURVE_WITH_KNOTS('',2,(#10550,#10551,#10552),
  .UNSPECIFIED.,.F.,.F.,(3,3),(0.,1.),.PIECEWISE_BEZIER_KNOTS.);
#10550 = CARTESIAN_POINT('',(7.822453998335,0.729463702811,38.));
#10551 = CARTESIAN_POINT('',(7.777650323983,0.876032506846,38.));
#10552 = CARTESIAN_POINT('',(7.684215525712,0.986353112033,38.));
#10553 = ORIENTED_EDGE('',*,*,#10554,.F.);
#10554 = EDGE_CURVE('',#10555,#10547,#10557,.T.);
#10555 = VERTEX_POINT('',#10556);
#10556 = CARTESIAN_POINT('',(7.867482816779,0.417413990996,38.));
#10557 = B_SPLINE_CURVE_WITH_KNOTS('',2,(#10558,#10559,#10560),
  .UNSPECIFIED.,.F.,.F.,(3,3),(0.,1.),.PIECEWISE_BEZIER_KNOTS.);
#10558 = CARTESIAN_POINT('',(7.867482816779,0.417413990996,38.));
#10559 = CARTESIAN_POINT('',(7.867482816779,0.582894898777,38.));
#10560 = CARTESIAN_POINT('',(7.822453998335,0.729463702811,38.));
#10561 = ORIENTED_EDGE('',*,*,#10562,.F.);
#10562 = EDGE_CURVE('',#10563,#10555,#10565,.T.);
#10563 = VERTEX_POINT('',#10564);
#10564 = CARTESIAN_POINT('',(6.262880871534,0.417413990996,38.));
#10565 = LINE('',#10566,#10567);
#10566 = CARTESIAN_POINT('',(6.262880871534,0.417413990996,38.));
#10567 = VECTOR('',#10568,1.);
#10568 = DIRECTION('',(1.,0.,0.));
#10569 = ORIENTED_EDGE('',*,*,#10570,.F.);
#10570 = EDGE_CURVE('',#10523,#10563,#10571,.T.);
#10571 = B_SPLINE_CURVE_WITH_KNOTS('',2,(#10572,#10573,#10574),
  .UNSPECIFIED.,.F.,.F.,(3,3),(0.,1.),.PIECEWISE_BEZIER_KNOTS.);
#10572 = CARTESIAN_POINT('',(6.532603494012,1.013820691284,38.));
#10573 = CARTESIAN_POINT('',(6.321643479603,0.803536109151,38.));
#10574 = CARTESIAN_POINT('',(6.262880871534,0.417413990996,38.));
#10575 = PLANE('',#10576);
#10576 = AXIS2_PLACEMENT_3D('',#10577,#10578,#10579);
#10577 = CARTESIAN_POINT('',(7.065152433622,2.078987730621E-02,38.));
#10578 = DIRECTION('',(0.,0.,1.));
#10579 = DIRECTION('',(1.,0.,0.));
#10580 = ADVANCED_FACE('',(#10581),#10601,.T.);
#10581 = FACE_BOUND('',#10582,.T.);
#10582 = EDGE_LOOP('',(#10583,#10584,#10585,#10586,#10587,#10588,#10589,
    #10590,#10591,#10592,#10593,#10594,#10595,#10596,#10597,#10598,
    #10599,#10600));
#10583 = ORIENTED_EDGE('',*,*,#9608,.F.);
#10584 = ORIENTED_EDGE('',*,*,#9560,.F.);
#10585 = ORIENTED_EDGE('',*,*,#9591,.F.);
#10586 = ORIENTED_EDGE('',*,*,#9639,.F.);
#10587 = ORIENTED_EDGE('',*,*,#9689,.F.);
#10588 = ORIENTED_EDGE('',*,*,#9739,.F.);
#10589 = ORIENTED_EDGE('',*,*,#9791,.F.);
#10590 = ORIENTED_EDGE('',*,*,#9843,.F.);
#10591 = ORIENTED_EDGE('',*,*,#9893,.F.);
#10592 = ORIENTED_EDGE('',*,*,#9943,.F.);
#10593 = ORIENTED_EDGE('',*,*,#9986,.F.);
#10594 = ORIENTED_EDGE('',*,*,#9960,.F.);
#10595 = ORIENTED_EDGE('',*,*,#9910,.F.);
#10596 = ORIENTED_EDGE('',*,*,#9860,.F.);
#10597 = ORIENTED_EDGE('',*,*,#9810,.F.);
#10598 = ORIENTED_EDGE('',*,*,#9758,.F.);
#10599 = ORIENTED_EDGE('',*,*,#9708,.F.);
#10600 = ORIENTED_EDGE('',*,*,#9658,.F.);
#10601 = PLANE('',#10602);
#10602 = AXIS2_PLACEMENT_3D('',#10603,#10604,#10605);
#10603 = CARTESIAN_POINT('',(3.030845523335,0.519059027967,38.));
#10604 = DIRECTION('',(0.,0.,1.));
#10605 = DIRECTION('',(1.,0.,0.));
#10606 = ADVANCED_FACE('',(#10607),#10632,.T.);
#10607 = FACE_BOUND('',#10608,.T.);
#10608 = EDGE_LOOP('',(#10609,#10617,#10618,#10626));
#10609 = ORIENTED_EDGE('',*,*,#10610,.T.);
#10610 = EDGE_CURVE('',#10611,#10092,#10613,.T.);
#10611 = VERTEX_POINT('',#10612);
#10612 = CARTESIAN_POINT('',(-5.679915421925,-5.396831410444,40.));
#10613 = LINE('',#10614,#10615);
#10614 = CARTESIAN_POINT('',(-5.679915421925,-5.396831410444,40.));
#10615 = VECTOR('',#10616,1.);
#10616 = DIRECTION('',(-0.,-0.,-1.));
#10617 = ORIENTED_EDGE('',*,*,#10091,.T.);
#10618 = ORIENTED_EDGE('',*,*,#10619,.F.);
#10619 = EDGE_CURVE('',#10620,#10094,#10622,.T.);
#10620 = VERTEX_POINT('',#10621);
#10621 = CARTESIAN_POINT('',(-5.67572774181,-5.253774854248,40.));
#10622 = LINE('',#10623,#10624);
#10623 = CARTESIAN_POINT('',(-5.67572774181,-5.253774854248,40.));
#10624 = VECTOR('',#10625,1.);
#10625 = DIRECTION('',(-0.,-0.,-1.));
#10626 = ORIENTED_EDGE('',*,*,#10627,.F.);
#10627 = EDGE_CURVE('',#10611,#10620,#10628,.T.);
#10628 = B_SPLINE_CURVE_WITH_KNOTS('',2,(#10629,#10630,#10631),
  .UNSPECIFIED.,.F.,.F.,(3,3),(0.,1.),.PIECEWISE_BEZIER_KNOTS.);
#10629 = CARTESIAN_POINT('',(-5.679915421925,-5.396831410444,40.));
#10630 = CARTESIAN_POINT('',(-5.679915421925,-5.330503960876,40.));
#10631 = CARTESIAN_POINT('',(-5.67572774181,-5.253774854248,40.));
#10632 = SURFACE_OF_LINEAR_EXTRUSION('',#10633,#10637);
#10633 = B_SPLINE_CURVE_WITH_KNOTS('',2,(#10634,#10635,#10636),
  .UNSPECIFIED.,.F.,.F.,(3,3),(0.,1.),.PIECEWISE_BEZIER_KNOTS.);
#10634 = CARTESIAN_POINT('',(-5.679915421925,-5.396831410444,40.));
#10635 = CARTESIAN_POINT('',(-5.679915421925,-5.330503960876,40.));
#10636 = CARTESIAN_POINT('',(-5.67572774181,-5.253774854248,40.));
#10637 = VECTOR('',#10638,1.);
#10638 = DIRECTION('',(0.,0.,1.));
#10639 = ADVANCED_FACE('',(#10640),#10658,.T.);
#10640 = FACE_BOUND('',#10641,.T.);
#10641 = EDGE_LOOP('',(#10642,#10650,#10651,#10652));
#10642 = ORIENTED_EDGE('',*,*,#10643,.T.);
#10643 = EDGE_CURVE('',#10644,#10102,#10646,.T.);
#10644 = VERTEX_POINT('',#10645);
#10645 = CARTESIAN_POINT('',(-5.679915421925,-6.377964335516,40.));
#10646 = LINE('',#10647,#10648);
#10647 = CARTESIAN_POINT('',(-5.679915421925,-6.377964335516,40.));
#10648 = VECTOR('',#10649,1.);
#10649 = DIRECTION('',(-0.,-0.,-1.));
#10650 = ORIENTED_EDGE('',*,*,#10101,.T.);
#10651 = ORIENTED_EDGE('',*,*,#10610,.F.);
#10652 = ORIENTED_EDGE('',*,*,#10653,.F.);
#10653 = EDGE_CURVE('',#10644,#10611,#10654,.T.);
#10654 = LINE('',#10655,#10656);
#10655 = CARTESIAN_POINT('',(-5.679915421925,-6.377964335516,40.));
#10656 = VECTOR('',#10657,1.);
#10657 = DIRECTION('',(0.,1.,0.));
#10658 = PLANE('',#10659);
#10659 = AXIS2_PLACEMENT_3D('',#10660,#10661,#10662);
#10660 = CARTESIAN_POINT('',(-5.679915421925,-6.377964335516,40.));
#10661 = DIRECTION('',(1.,0.,0.));
#10662 = DIRECTION('',(0.,1.,0.));
#10663 = ADVANCED_FACE('',(#10664),#10682,.T.);
#10664 = FACE_BOUND('',#10665,.T.);
#10665 = EDGE_LOOP('',(#10666,#10674,#10675,#10676));
#10666 = ORIENTED_EDGE('',*,*,#10667,.T.);
#10667 = EDGE_CURVE('',#10668,#10110,#10670,.T.);
#10668 = VERTEX_POINT('',#10669);
#10669 = CARTESIAN_POINT('',(-6.592829687055,-6.377964335516,40.));
#10670 = LINE('',#10671,#10672);
#10671 = CARTESIAN_POINT('',(-6.592829687055,-6.377964335516,40.));
#10672 = VECTOR('',#10673,1.);
#10673 = DIRECTION('',(-0.,-0.,-1.));
#10674 = ORIENTED_EDGE('',*,*,#10109,.T.);
#10675 = ORIENTED_EDGE('',*,*,#10643,.F.);
#10676 = ORIENTED_EDGE('',*,*,#10677,.F.);
#10677 = EDGE_CURVE('',#10668,#10644,#10678,.T.);
#10678 = LINE('',#10679,#10680);
#10679 = CARTESIAN_POINT('',(-6.592829687055,-6.377964335516,40.));
#10680 = VECTOR('',#10681,1.);
#10681 = DIRECTION('',(1.,0.,0.));
#10682 = PLANE('',#10683);
#10683 = AXIS2_PLACEMENT_3D('',#10684,#10685,#10686);
#10684 = CARTESIAN_POINT('',(-6.592829687055,-6.377964335516,40.));
#10685 = DIRECTION('',(0.,-1.,0.));
#10686 = DIRECTION('',(1.,0.,0.));
#10687 = ADVANCED_FACE('',(#10688),#10706,.T.);
#10688 = FACE_BOUND('',#10689,.T.);
#10689 = EDGE_LOOP('',(#10690,#10698,#10699,#10700));
#10690 = ORIENTED_EDGE('',*,*,#10691,.T.);
#10691 = EDGE_CURVE('',#10692,#10118,#10694,.T.);
#10692 = VERTEX_POINT('',#10693);
#10693 = CARTESIAN_POINT('',(-5.661138404634,-5.093967577591,40.));
#10694 = LINE('',#10695,#10696);
#10695 = CARTESIAN_POINT('',(-5.661138404634,-5.093967577591,40.));
#10696 = VECTOR('',#10697,1.);
#10697 = DIRECTION('',(-0.,-0.,-1.));
#10698 = ORIENTED_EDGE('',*,*,#10117,.T.);
#10699 = ORIENTED_EDGE('',*,*,#10667,.F.);
#10700 = ORIENTED_EDGE('',*,*,#10701,.F.);
#10701 = EDGE_CURVE('',#10692,#10668,#10702,.T.);
#10702 = LINE('',#10703,#10704);
#10703 = CARTESIAN_POINT('',(-5.661138404634,-5.093967577591,40.));
#10704 = VECTOR('',#10705,1.);
#10705 = DIRECTION('',(-0.587295434685,-0.809372641247,0.));
#10706 = PLANE('',#10707);
#10707 = AXIS2_PLACEMENT_3D('',#10708,#10709,#10710);
#10708 = CARTESIAN_POINT('',(-5.661138404634,-5.093967577591,40.));
#10709 = DIRECTION('',(-0.809372641247,0.587295434685,0.));
#10710 = DIRECTION('',(-0.587295434685,-0.809372641247,0.));
#10711 = ADVANCED_FACE('',(#10712),#10723,.T.);
#10712 = FACE_BOUND('',#10713,.T.);
#10713 = EDGE_LOOP('',(#10714,#10715,#10716,#10717));
#10714 = ORIENTED_EDGE('',*,*,#10619,.T.);
#10715 = ORIENTED_EDGE('',*,*,#10125,.T.);
#10716 = ORIENTED_EDGE('',*,*,#10691,.F.);
#10717 = ORIENTED_EDGE('',*,*,#10718,.F.);
#10718 = EDGE_CURVE('',#10620,#10692,#10719,.T.);
#10719 = B_SPLINE_CURVE_WITH_KNOTS('',2,(#10720,#10721,#10722),
  .UNSPECIFIED.,.F.,.F.,(3,3),(0.,1.),.PIECEWISE_BEZIER_KNOTS.);
#10720 = CARTESIAN_POINT('',(-5.67572774181,-5.253774854248,40.));
#10721 = CARTESIAN_POINT('',(-5.671540061695,-5.176910661164,40.));
#10722 = CARTESIAN_POINT('',(-5.661138404634,-5.093967577591,40.));
#10723 = SURFACE_OF_LINEAR_EXTRUSION('',#10724,#10728);
#10724 = B_SPLINE_CURVE_WITH_KNOTS('',2,(#10725,#10726,#10727),
  .UNSPECIFIED.,.F.,.F.,(3,3),(0.,1.),.PIECEWISE_BEZIER_KNOTS.);
#10725 = CARTESIAN_POINT('',(-5.67572774181,-5.253774854248,40.));
#10726 = CARTESIAN_POINT('',(-5.671540061695,-5.176910661164,40.));
#10727 = CARTESIAN_POINT('',(-5.661138404634,-5.093967577591,40.));
#10728 = VECTOR('',#10729,1.);
#10729 = DIRECTION('',(0.,0.,1.));
#10730 = ADVANCED_FACE('',(#10731),#10756,.T.);
#10731 = FACE_BOUND('',#10732,.T.);
#10732 = EDGE_LOOP('',(#10733,#10741,#10742,#10750));
#10733 = ORIENTED_EDGE('',*,*,#10734,.T.);
#10734 = EDGE_CURVE('',#10735,#10385,#10737,.T.);
#10735 = VERTEX_POINT('',#10736);
#10736 = CARTESIAN_POINT('',(-6.713974315786,0.864099869958,40.));
#10737 = LINE('',#10738,#10739);
#10738 = CARTESIAN_POINT('',(-6.713974315786,0.864099869958,40.));
#10739 = VECTOR('',#10740,1.);
#10740 = DIRECTION('',(-0.,-0.,-1.));
#10741 = ORIENTED_EDGE('',*,*,#10384,.T.);
#10742 = ORIENTED_EDGE('',*,*,#10743,.F.);
#10743 = EDGE_CURVE('',#10744,#10387,#10746,.T.);
#10744 = VERTEX_POINT('',#10745);
#10745 = CARTESIAN_POINT('',(-6.133102557861,0.864099869958,40.));
#10746 = LINE('',#10747,#10748);
#10747 = CARTESIAN_POINT('',(-6.133102557861,0.864099869958,40.));
#10748 = VECTOR('',#10749,1.);
#10749 = DIRECTION('',(-0.,-0.,-1.));
#10750 = ORIENTED_EDGE('',*,*,#10751,.F.);
#10751 = EDGE_CURVE('',#10735,#10744,#10752,.T.);
#10752 = LINE('',#10753,#10754);
#10753 = CARTESIAN_POINT('',(-6.713974315786,0.864099869958,40.));
#10754 = VECTOR('',#10755,1.);
#10755 = DIRECTION('',(1.,0.,0.));
#10756 = PLANE('',#10757);
#10757 = AXIS2_PLACEMENT_3D('',#10758,#10759,#10760);
#10758 = CARTESIAN_POINT('',(-6.713974315786,0.864099869958,40.));
#10759 = DIRECTION('',(0.,-1.,0.));
#10760 = DIRECTION('',(1.,0.,0.));
#10761 = ADVANCED_FACE('',(#10762),#10780,.T.);
#10762 = FACE_BOUND('',#10763,.T.);
#10763 = EDGE_LOOP('',(#10764,#10772,#10773,#10774));
#10764 = ORIENTED_EDGE('',*,*,#10765,.T.);
#10765 = EDGE_CURVE('',#10766,#10395,#10768,.T.);
#10766 = VERTEX_POINT('',#10767);
#10767 = CARTESIAN_POINT('',(-6.713974315786,2.52116038869,40.));
#10768 = LINE('',#10769,#10770);
#10769 = CARTESIAN_POINT('',(-6.713974315786,2.52116038869,40.));
#10770 = VECTOR('',#10771,1.);
#10771 = DIRECTION('',(-0.,-0.,-1.));
#10772 = ORIENTED_EDGE('',*,*,#10394,.T.);
#10773 = ORIENTED_EDGE('',*,*,#10734,.F.);
#10774 = ORIENTED_EDGE('',*,*,#10775,.F.);
#10775 = EDGE_CURVE('',#10766,#10735,#10776,.T.);
#10776 = LINE('',#10777,#10778);
#10777 = CARTESIAN_POINT('',(-6.713974315786,2.52116038869,40.));
#10778 = VECTOR('',#10779,1.);
#10779 = DIRECTION('',(0.,-1.,0.));
#10780 = PLANE('',#10781);
#10781 = AXIS2_PLACEMENT_3D('',#10782,#10783,#10784);
#10782 = CARTESIAN_POINT('',(-6.713974315786,2.52116038869,40.));
#10783 = DIRECTION('',(-1.,0.,0.));
#10784 = DIRECTION('',(0.,-1.,0.));
#10785 = ADVANCED_FACE('',(#10786),#10804,.T.);
#10786 = FACE_BOUND('',#10787,.T.);
#10787 = EDGE_LOOP('',(#10788,#10796,#10797,#10798));
#10788 = ORIENTED_EDGE('',*,*,#10789,.T.);
#10789 = EDGE_CURVE('',#10790,#10403,#10792,.T.);
#10790 = VERTEX_POINT('',#10791);
#10791 = CARTESIAN_POINT('',(-6.119143624143,2.52116038869,40.));
#10792 = LINE('',#10793,#10794);
#10793 = CARTESIAN_POINT('',(-6.119143624143,2.52116038869,40.));
#10794 = VECTOR('',#10795,1.);
#10795 = DIRECTION('',(-0.,-0.,-1.));
#10796 = ORIENTED_EDGE('',*,*,#10402,.T.);
#10797 = ORIENTED_EDGE('',*,*,#10765,.F.);
#10798 = ORIENTED_EDGE('',*,*,#10799,.F.);
#10799 = EDGE_CURVE('',#10790,#10766,#10800,.T.);
#10800 = LINE('',#10801,#10802);
#10801 = CARTESIAN_POINT('',(-6.119143624143,2.52116038869,40.));
#10802 = VECTOR('',#10803,1.);
#10803 = DIRECTION('',(-1.,0.,0.));
#10804 = PLANE('',#10805);
#10805 = AXIS2_PLACEMENT_3D('',#10806,#10807,#10808);
#10806 = CARTESIAN_POINT('',(-6.119143624143,2.52116038869,40.));
#10807 = DIRECTION('',(0.,1.,0.));
#10808 = DIRECTION('',(-1.,0.,0.));
#10809 = ADVANCED_FACE('',(#10810),#10828,.T.);
#10810 = FACE_BOUND('',#10811,.T.);
#10811 = EDGE_LOOP('',(#10812,#10820,#10821,#10822));
#10812 = ORIENTED_EDGE('',*,*,#10813,.T.);
#10813 = EDGE_CURVE('',#10814,#10411,#10816,.T.);
#10814 = VERTEX_POINT('',#10815);
#10815 = CARTESIAN_POINT('',(-5.353428566507,2.317404985232,40.));
#10816 = LINE('',#10817,#10818);
#10817 = CARTESIAN_POINT('',(-5.353428566507,2.317404985232,40.));
#10818 = VECTOR('',#10819,1.);
#10819 = DIRECTION('',(-0.,-0.,-1.));
#10820 = ORIENTED_EDGE('',*,*,#10410,.T.);
#10821 = ORIENTED_EDGE('',*,*,#10789,.F.);
#10822 = ORIENTED_EDGE('',*,*,#10823,.F.);
#10823 = EDGE_CURVE('',#10814,#10790,#10824,.T.);
#10824 = B_SPLINE_CURVE_WITH_KNOTS('',2,(#10825,#10826,#10827),
  .UNSPECIFIED.,.F.,.F.,(3,3),(0.,1.),.PIECEWISE_BEZIER_KNOTS.);
#10825 = CARTESIAN_POINT('',(-5.353428566507,2.317404985232,40.));
#10826 = CARTESIAN_POINT('',(-5.604013941146,2.52116038869,40.));
#10827 = CARTESIAN_POINT('',(-6.119143624143,2.52116038869,40.));
#10828 = SURFACE_OF_LINEAR_EXTRUSION('',#10829,#10833);
#10829 = B_SPLINE_CURVE_WITH_KNOTS('',2,(#10830,#10831,#10832),
  .UNSPECIFIED.,.F.,.F.,(3,3),(0.,1.),.PIECEWISE_BEZIER_KNOTS.);
#10830 = CARTESIAN_POINT('',(-5.353428566507,2.317404985232,40.));
#10831 = CARTESIAN_POINT('',(-5.604013941146,2.52116038869,40.));
#10832 = CARTESIAN_POINT('',(-6.119143624143,2.52116038869,40.));
#10833 = VECTOR('',#10834,1.);
#10834 = DIRECTION('',(0.,0.,1.));
#10835 = ADVANCED_FACE('',(#10836),#10854,.T.);
#10836 = FACE_BOUND('',#10837,.T.);
#10837 = EDGE_LOOP('',(#10838,#10846,#10847,#10848));
#10838 = ORIENTED_EDGE('',*,*,#10839,.T.);
#10839 = EDGE_CURVE('',#10840,#10419,#10842,.T.);
#10840 = VERTEX_POINT('',#10841);
#10841 = CARTESIAN_POINT('',(-5.102618047775,1.734056642293,40.));
#10842 = LINE('',#10843,#10844);
#10843 = CARTESIAN_POINT('',(-5.102618047775,1.734056642293,40.));
#10844 = VECTOR('',#10845,1.);
#10845 = DIRECTION('',(-0.,-0.,-1.));
#10846 = ORIENTED_EDGE('',*,*,#10418,.T.);
#10847 = ORIENTED_EDGE('',*,*,#10813,.F.);
#10848 = ORIENTED_EDGE('',*,*,#10849,.F.);
#10849 = EDGE_CURVE('',#10840,#10814,#10850,.T.);
#10850 = B_SPLINE_CURVE_WITH_KNOTS('',2,(#10851,#10852,#10853),
  .UNSPECIFIED.,.F.,.F.,(3,3),(0.,1.),.PIECEWISE_BEZIER_KNOTS.);
#10851 = CARTESIAN_POINT('',(-5.102618047775,1.734056642293,40.));
#10852 = CARTESIAN_POINT('',(-5.102618047775,2.113874725866,40.));
#10853 = CARTESIAN_POINT('',(-5.353428566507,2.317404985232,40.));
#10854 = SURFACE_OF_LINEAR_EXTRUSION('',#10855,#10859);
#10855 = B_SPLINE_CURVE_WITH_KNOTS('',2,(#10856,#10857,#10858),
  .UNSPECIFIED.,.F.,.F.,(3,3),(0.,1.),.PIECEWISE_BEZIER_KNOTS.);
#10856 = CARTESIAN_POINT('',(-5.102618047775,1.734056642293,40.));
#10857 = CARTESIAN_POINT('',(-5.102618047775,2.113874725866,40.));
#10858 = CARTESIAN_POINT('',(-5.353428566507,2.317404985232,40.));
#10859 = VECTOR('',#10860,1.);
#10860 = DIRECTION('',(0.,0.,1.));
#10861 = ADVANCED_FACE('',(#10862),#10880,.T.);
#10862 = FACE_BOUND('',#10863,.T.);
#10863 = EDGE_LOOP('',(#10864,#10872,#10873,#10874));
#10864 = ORIENTED_EDGE('',*,*,#10865,.T.);
#10865 = EDGE_CURVE('',#10866,#10427,#10868,.T.);
#10866 = VERTEX_POINT('',#10867);
#10867 = CARTESIAN_POINT('',(-5.164982961319,1.385308443445,40.));
#10868 = LINE('',#10869,#10870);
#10869 = CARTESIAN_POINT('',(-5.164982961319,1.385308443445,40.));
#10870 = VECTOR('',#10871,1.);
#10871 = DIRECTION('',(-0.,-0.,-1.));
#10872 = ORIENTED_EDGE('',*,*,#10426,.T.);
#10873 = ORIENTED_EDGE('',*,*,#10839,.F.);
#10874 = ORIENTED_EDGE('',*,*,#10875,.F.);
#10875 = EDGE_CURVE('',#10866,#10840,#10876,.T.);
#10876 = B_SPLINE_CURVE_WITH_KNOTS('',2,(#10877,#10878,#10879),
  .UNSPECIFIED.,.F.,.F.,(3,3),(0.,1.),.PIECEWISE_BEZIER_KNOTS.);
#10877 = CARTESIAN_POINT('',(-5.164982961319,1.385308443445,40.));
#10878 = CARTESIAN_POINT('',(-5.102618047775,1.544260172552,40.));
#10879 = CARTESIAN_POINT('',(-5.102618047775,1.734056642293,40.));
#10880 = SURFACE_OF_LINEAR_EXTRUSION('',#10881,#10885);
#10881 = B_SPLINE_CURVE_WITH_KNOTS('',2,(#10882,#10883,#10884),
  .UNSPECIFIED.,.F.,.F.,(3,3),(0.,1.),.PIECEWISE_BEZIER_KNOTS.);
#10882 = CARTESIAN_POINT('',(-5.164982961319,1.385308443445,40.));
#10883 = CARTESIAN_POINT('',(-5.102618047775,1.544260172552,40.));
#10884 = CARTESIAN_POINT('',(-5.102618047775,1.734056642293,40.));
#10885 = VECTOR('',#10886,1.);
#10886 = DIRECTION('',(0.,0.,1.));
#10887 = ADVANCED_FACE('',(#10888),#10906,.T.);
#10888 = FACE_BOUND('',#10889,.T.);
#10889 = EDGE_LOOP('',(#10890,#10898,#10899,#10900));
#10890 = ORIENTED_EDGE('',*,*,#10891,.T.);
#10891 = EDGE_CURVE('',#10892,#10435,#10894,.T.);
#10892 = VERTEX_POINT('',#10893);
#10893 = CARTESIAN_POINT('',(-5.353428566507,1.11085779503,40.));
#10894 = LINE('',#10895,#10896);
#10895 = CARTESIAN_POINT('',(-5.353428566507,1.11085779503,40.));
#10896 = VECTOR('',#10897,1.);
#10897 = DIRECTION('',(-0.,-0.,-1.));
#10898 = ORIENTED_EDGE('',*,*,#10434,.T.);
#10899 = ORIENTED_EDGE('',*,*,#10865,.F.);
#10900 = ORIENTED_EDGE('',*,*,#10901,.F.);
#10901 = EDGE_CURVE('',#10892,#10866,#10902,.T.);
#10902 = B_SPLINE_CURVE_WITH_KNOTS('',2,(#10903,#10904,#10905),
  .UNSPECIFIED.,.F.,.F.,(3,3),(0.,1.),.PIECEWISE_BEZIER_KNOTS.);
#10903 = CARTESIAN_POINT('',(-5.353428566507,1.11085779503,40.));
#10904 = CARTESIAN_POINT('',(-5.227122730772,1.226581858431,40.));
#10905 = CARTESIAN_POINT('',(-5.164982961319,1.385308443445,40.));
#10906 = SURFACE_OF_LINEAR_EXTRUSION('',#10907,#10911);
#10907 = B_SPLINE_CURVE_WITH_KNOTS('',2,(#10908,#10909,#10910),
  .UNSPECIFIED.,.F.,.F.,(3,3),(0.,1.),.PIECEWISE_BEZIER_KNOTS.);
#10908 = CARTESIAN_POINT('',(-5.353428566507,1.11085779503,40.));
#10909 = CARTESIAN_POINT('',(-5.227122730772,1.226581858431,40.));
#10910 = CARTESIAN_POINT('',(-5.164982961319,1.385308443445,40.));
#10911 = VECTOR('',#10912,1.);
#10912 = DIRECTION('',(0.,0.,1.));
#10913 = ADVANCED_FACE('',(#10914),#10932,.T.);
#10914 = FACE_BOUND('',#10915,.T.);
#10915 = EDGE_LOOP('',(#10916,#10924,#10925,#10926));
#10916 = ORIENTED_EDGE('',*,*,#10917,.T.);
#10917 = EDGE_CURVE('',#10918,#10443,#10920,.T.);
#10918 = VERTEX_POINT('',#10919);
#10919 = CARTESIAN_POINT('',(-5.674934330195,0.929616800794,40.));
#10920 = LINE('',#10921,#10922);
#10921 = CARTESIAN_POINT('',(-5.674934330195,0.929616800794,40.));
#10922 = VECTOR('',#10923,1.);
#10923 = DIRECTION('',(-0.,-0.,-1.));
#10924 = ORIENTED_EDGE('',*,*,#10442,.T.);
#10925 = ORIENTED_EDGE('',*,*,#10891,.F.);
#10926 = ORIENTED_EDGE('',*,*,#10927,.F.);
#10927 = EDGE_CURVE('',#10918,#10892,#10928,.T.);
#10928 = B_SPLINE_CURVE_WITH_KNOTS('',2,(#10929,#10930,#10931),
  .UNSPECIFIED.,.F.,.F.,(3,3),(0.,1.),.PIECEWISE_BEZIER_KNOTS.);
#10929 = CARTESIAN_POINT('',(-5.674934330195,0.929616800794,40.));
#10930 = CARTESIAN_POINT('',(-5.479509258149,0.995358875722,40.));
#10931 = CARTESIAN_POINT('',(-5.353428566507,1.11085779503,40.));
#10932 = SURFACE_OF_LINEAR_EXTRUSION('',#10933,#10937);
#10933 = B_SPLINE_CURVE_WITH_KNOTS('',2,(#10934,#10935,#10936),
  .UNSPECIFIED.,.F.,.F.,(3,3),(0.,1.),.PIECEWISE_BEZIER_KNOTS.);
#10934 = CARTESIAN_POINT('',(-5.674934330195,0.929616800794,40.));
#10935 = CARTESIAN_POINT('',(-5.479509258149,0.995358875722,40.));
#10936 = CARTESIAN_POINT('',(-5.353428566507,1.11085779503,40.));
#10937 = VECTOR('',#10938,1.);
#10938 = DIRECTION('',(0.,0.,1.));
#10939 = ADVANCED_FACE('',(#10940),#10951,.T.);
#10940 = FACE_BOUND('',#10941,.T.);
#10941 = EDGE_LOOP('',(#10942,#10943,#10944,#10945));
#10942 = ORIENTED_EDGE('',*,*,#10743,.T.);
#10943 = ORIENTED_EDGE('',*,*,#10450,.T.);
#10944 = ORIENTED_EDGE('',*,*,#10917,.F.);
#10945 = ORIENTED_EDGE('',*,*,#10946,.F.);
#10946 = EDGE_CURVE('',#10744,#10918,#10947,.T.);
#10947 = B_SPLINE_CURVE_WITH_KNOTS('',2,(#10948,#10949,#10950),
  .UNSPECIFIED.,.F.,.F.,(3,3),(0.,1.),.PIECEWISE_BEZIER_KNOTS.);
#10948 = CARTESIAN_POINT('',(-6.133102557861,0.864099869958,40.));
#10949 = CARTESIAN_POINT('',(-5.870359402241,0.864099869958,40.));
#10950 = CARTESIAN_POINT('',(-5.674934330195,0.929616800794,40.));
#10951 = SURFACE_OF_LINEAR_EXTRUSION('',#10952,#10956);
#10952 = B_SPLINE_CURVE_WITH_KNOTS('',2,(#10953,#10954,#10955),
  .UNSPECIFIED.,.F.,.F.,(3,3),(0.,1.),.PIECEWISE_BEZIER_KNOTS.);
#10953 = CARTESIAN_POINT('',(-6.133102557861,0.864099869958,40.));
#10954 = CARTESIAN_POINT('',(-5.870359402241,0.864099869958,40.));
#10955 = CARTESIAN_POINT('',(-5.674934330195,0.929616800794,40.));
#10956 = VECTOR('',#10957,1.);
#10957 = DIRECTION('',(0.,0.,1.));
#10958 = ADVANCED_FACE('',(#10959),#10984,.T.);
#10959 = FACE_BOUND('',#10960,.T.);
#10960 = EDGE_LOOP('',(#10961,#10969,#10970,#10978));
#10961 = ORIENTED_EDGE('',*,*,#10962,.T.);
#10962 = EDGE_CURVE('',#10963,#10521,#10965,.T.);
#10963 = VERTEX_POINT('',#10964);
#10964 = CARTESIAN_POINT('',(7.117077557413,1.224330417509,40.));
#10965 = LINE('',#10966,#10967);
#10966 = CARTESIAN_POINT('',(7.117077557413,1.224330417509,40.));
#10967 = VECTOR('',#10968,1.);
#10968 = DIRECTION('',(-0.,-0.,-1.));
#10969 = ORIENTED_EDGE('',*,*,#10520,.T.);
#10970 = ORIENTED_EDGE('',*,*,#10971,.F.);
#10971 = EDGE_CURVE('',#10972,#10523,#10974,.T.);
#10972 = VERTEX_POINT('',#10973);
#10973 = CARTESIAN_POINT('',(6.532603494012,1.013820691284,40.));
#10974 = LINE('',#10975,#10976);
#10975 = CARTESIAN_POINT('',(6.532603494012,1.013820691284,40.));
#10976 = VECTOR('',#10977,1.);
#10977 = DIRECTION('',(-0.,-0.,-1.));
#10978 = ORIENTED_EDGE('',*,*,#10979,.F.);
#10979 = EDGE_CURVE('',#10963,#10972,#10980,.T.);
#10980 = B_SPLINE_CURVE_WITH_KNOTS('',2,(#10981,#10982,#10983),
  .UNSPECIFIED.,.F.,.F.,(3,3),(0.,1.),.PIECEWISE_BEZIER_KNOTS.);
#10981 = CARTESIAN_POINT('',(7.117077557413,1.224330417509,40.));
#10982 = CARTESIAN_POINT('',(6.743563508421,1.224330417509,40.));
#10983 = CARTESIAN_POINT('',(6.532603494012,1.013820691284,40.));
#10984 = SURFACE_OF_LINEAR_EXTRUSION('',#10985,#10989);
#10985 = B_SPLINE_CURVE_WITH_KNOTS('',2,(#10986,#10987,#10988),
  .UNSPECIFIED.,.F.,.F.,(3,3),(0.,1.),.PIECEWISE_BEZIER_KNOTS.);
#10986 = CARTESIAN_POINT('',(7.117077557413,1.224330417509,40.));
#10987 = CARTESIAN_POINT('',(6.743563508421,1.224330417509,40.));
#10988 = CARTESIAN_POINT('',(6.532603494012,1.013820691284,40.));
#10989 = VECTOR('',#10990,1.);
#10990 = DIRECTION('',(0.,0.,1.));
#10991 = ADVANCED_FACE('',(#10992),#11010,.T.);
#10992 = FACE_BOUND('',#10993,.T.);
#10993 = EDGE_LOOP('',(#10994,#11002,#11003,#11004));
#10994 = ORIENTED_EDGE('',*,*,#10995,.T.);
#10995 = EDGE_CURVE('',#10996,#10531,#10998,.T.);
#10996 = VERTEX_POINT('',#10997);
#10997 = CARTESIAN_POINT('',(7.448939949344,1.160389495318,40.));
#10998 = LINE('',#10999,#11000);
#10999 = CARTESIAN_POINT('',(7.448939949344,1.160389495318,40.));
#11000 = VECTOR('',#11001,1.);
#11001 = DIRECTION('',(-0.,-0.,-1.));
#11002 = ORIENTED_EDGE('',*,*,#10530,.T.);
#11003 = ORIENTED_EDGE('',*,*,#10962,.F.);
#11004 = ORIENTED_EDGE('',*,*,#11005,.F.);
#11005 = EDGE_CURVE('',#10996,#10963,#11006,.T.);
#11006 = B_SPLINE_CURVE_WITH_KNOTS('',2,(#11007,#11008,#11009),
  .UNSPECIFIED.,.F.,.F.,(3,3),(0.,1.),.PIECEWISE_BEZIER_KNOTS.);
#11007 = CARTESIAN_POINT('',(7.448939949344,1.160389495318,40.));
#11008 = CARTESIAN_POINT('',(7.307324315338,1.224330417509,40.));
#11009 = CARTESIAN_POINT('',(7.117077557413,1.224330417509,40.));
#11010 = SURFACE_OF_LINEAR_EXTRUSION('',#11011,#11015);
#11011 = B_SPLINE_CURVE_WITH_KNOTS('',2,(#11012,#11013,#11014),
  .UNSPECIFIED.,.F.,.F.,(3,3),(0.,1.),.PIECEWISE_BEZIER_KNOTS.);
#11012 = CARTESIAN_POINT('',(7.448939949344,1.160389495318,40.));
#11013 = CARTESIAN_POINT('',(7.307324315338,1.224330417509,40.));
#11014 = CARTESIAN_POINT('',(7.117077557413,1.224330417509,40.));
#11015 = VECTOR('',#11016,1.);
#11016 = DIRECTION('',(0.,0.,1.));
#11017 = ADVANCED_FACE('',(#11018),#11036,.T.);
#11018 = FACE_BOUND('',#11019,.T.);
#11019 = EDGE_LOOP('',(#11020,#11028,#11029,#11030));
#11020 = ORIENTED_EDGE('',*,*,#11021,.T.);
#11021 = EDGE_CURVE('',#11022,#10539,#11024,.T.);
#11022 = VERTEX_POINT('',#11023);
#11023 = CARTESIAN_POINT('',(7.684215525712,0.986353112033,40.));
#11024 = LINE('',#11025,#11026);
#11025 = CARTESIAN_POINT('',(7.684215525712,0.986353112033,40.));
#11026 = VECTOR('',#11027,1.);
#11027 = DIRECTION('',(-0.,-0.,-1.));
#11028 = ORIENTED_EDGE('',*,*,#10538,.T.);
#11029 = ORIENTED_EDGE('',*,*,#10995,.F.);
#11030 = ORIENTED_EDGE('',*,*,#11031,.F.);
#11031 = EDGE_CURVE('',#11022,#10996,#11032,.T.);
#11032 = B_SPLINE_CURVE_WITH_KNOTS('',2,(#11033,#11034,#11035),
  .UNSPECIFIED.,.F.,.F.,(3,3),(0.,1.),.PIECEWISE_BEZIER_KNOTS.);
#11033 = CARTESIAN_POINT('',(7.684215525712,0.986353112033,40.));
#11034 = CARTESIAN_POINT('',(7.590780727442,1.096673717221,40.));
#11035 = CARTESIAN_POINT('',(7.448939949344,1.160389495318,40.));
#11036 = SURFACE_OF_LINEAR_EXTRUSION('',#11037,#11041);
#11037 = B_SPLINE_CURVE_WITH_KNOTS('',2,(#11038,#11039,#11040),
  .UNSPECIFIED.,.F.,.F.,(3,3),(0.,1.),.PIECEWISE_BEZIER_KNOTS.);
#11038 = CARTESIAN_POINT('',(7.684215525712,0.986353112033,40.));
#11039 = CARTESIAN_POINT('',(7.590780727442,1.096673717221,40.));
#11040 = CARTESIAN_POINT('',(7.448939949344,1.160389495318,40.));
#11041 = VECTOR('',#11042,1.);
#11042 = DIRECTION('',(0.,0.,1.));
#11043 = ADVANCED_FACE('',(#11044),#11062,.T.);
#11044 = FACE_BOUND('',#11045,.T.);
#11045 = EDGE_LOOP('',(#11046,#11054,#11055,#11056));
#11046 = ORIENTED_EDGE('',*,*,#11047,.T.);
#11047 = EDGE_CURVE('',#11048,#10547,#11050,.T.);
#11048 = VERTEX_POINT('',#11049);
#11049 = CARTESIAN_POINT('',(7.822453998335,0.729463702811,40.));
#11050 = LINE('',#11051,#11052);
#11051 = CARTESIAN_POINT('',(7.822453998335,0.729463702811,40.));
#11052 = VECTOR('',#11053,1.);
#11053 = DIRECTION('',(-0.,-0.,-1.));
#11054 = ORIENTED_EDGE('',*,*,#10546,.T.);
#11055 = ORIENTED_EDGE('',*,*,#11021,.F.);
#11056 = ORIENTED_EDGE('',*,*,#11057,.F.);
#11057 = EDGE_CURVE('',#11048,#11022,#11058,.T.);
#11058 = B_SPLINE_CURVE_WITH_KNOTS('',2,(#11059,#11060,#11061),
  .UNSPECIFIED.,.F.,.F.,(3,3),(0.,1.),.PIECEWISE_BEZIER_KNOTS.);
#11059 = CARTESIAN_POINT('',(7.822453998335,0.729463702811,40.));
#11060 = CARTESIAN_POINT('',(7.777650323983,0.876032506846,40.));
#11061 = CARTESIAN_POINT('',(7.684215525712,0.986353112033,40.));
#11062 = SURFACE_OF_LINEAR_EXTRUSION('',#11063,#11067);
#11063 = B_SPLINE_CURVE_WITH_KNOTS('',2,(#11064,#11065,#11066),
  .UNSPECIFIED.,.F.,.F.,(3,3),(0.,1.),.PIECEWISE_BEZIER_KNOTS.);
#11064 = CARTESIAN_POINT('',(7.822453998335,0.729463702811,40.));
#11065 = CARTESIAN_POINT('',(7.777650323983,0.876032506846,40.));
#11066 = CARTESIAN_POINT('',(7.684215525712,0.986353112033,40.));
#11067 = VECTOR('',#11068,1.);
#11068 = DIRECTION('',(0.,0.,1.));
#11069 = ADVANCED_FACE('',(#11070),#11088,.T.);
#11070 = FACE_BOUND('',#11071,.T.);
#11071 = EDGE_LOOP('',(#11072,#11080,#11081,#11082));
#11072 = ORIENTED_EDGE('',*,*,#11073,.T.);
#11073 = EDGE_CURVE('',#11074,#10555,#11076,.T.);
#11074 = VERTEX_POINT('',#11075);
#11075 = CARTESIAN_POINT('',(7.867482816779,0.417413990996,40.));
#11076 = LINE('',#11077,#11078);
#11077 = CARTESIAN_POINT('',(7.867482816779,0.417413990996,40.));
#11078 = VECTOR('',#11079,1.);
#11079 = DIRECTION('',(-0.,-0.,-1.));
#11080 = ORIENTED_EDGE('',*,*,#10554,.T.);
#11081 = ORIENTED_EDGE('',*,*,#11047,.F.);
#11082 = ORIENTED_EDGE('',*,*,#11083,.F.);
#11083 = EDGE_CURVE('',#11074,#11048,#11084,.T.);
#11084 = B_SPLINE_CURVE_WITH_KNOTS('',2,(#11085,#11086,#11087),
  .UNSPECIFIED.,.F.,.F.,(3,3),(0.,1.),.PIECEWISE_BEZIER_KNOTS.);
#11085 = CARTESIAN_POINT('',(7.867482816779,0.417413990996,40.));
#11086 = CARTESIAN_POINT('',(7.867482816779,0.582894898777,40.));
#11087 = CARTESIAN_POINT('',(7.822453998335,0.729463702811,40.));
#11088 = SURFACE_OF_LINEAR_EXTRUSION('',#11089,#11093);
#11089 = B_SPLINE_CURVE_WITH_KNOTS('',2,(#11090,#11091,#11092),
  .UNSPECIFIED.,.F.,.F.,(3,3),(0.,1.),.PIECEWISE_BEZIER_KNOTS.);
#11090 = CARTESIAN_POINT('',(7.867482816779,0.417413990996,40.));
#11091 = CARTESIAN_POINT('',(7.867482816779,0.582894898777,40.));
#11092 = CARTESIAN_POINT('',(7.822453998335,0.729463702811,40.));
#11093 = VECTOR('',#11094,1.);
#11094 = DIRECTION('',(0.,0.,1.));
#11095 = ADVANCED_FACE('',(#11096),#11114,.T.);
#11096 = FACE_BOUND('',#11097,.T.);
#11097 = EDGE_LOOP('',(#11098,#11106,#11107,#11108));
#11098 = ORIENTED_EDGE('',*,*,#11099,.T.);
#11099 = EDGE_CURVE('',#11100,#10563,#11102,.T.);
#11100 = VERTEX_POINT('',#11101);
#11101 = CARTESIAN_POINT('',(6.262880871534,0.417413990996,40.));
#11102 = LINE('',#11103,#11104);
#11103 = CARTESIAN_POINT('',(6.262880871534,0.417413990996,40.));
#11104 = VECTOR('',#11105,1.);
#11105 = DIRECTION('',(-0.,-0.,-1.));
#11106 = ORIENTED_EDGE('',*,*,#10562,.T.);
#11107 = ORIENTED_EDGE('',*,*,#11073,.F.);
#11108 = ORIENTED_EDGE('',*,*,#11109,.F.);
#11109 = EDGE_CURVE('',#11100,#11074,#11110,.T.);
#11110 = LINE('',#11111,#11112);
#11111 = CARTESIAN_POINT('',(6.262880871534,0.417413990996,40.));
#11112 = VECTOR('',#11113,1.);
#11113 = DIRECTION('',(1.,0.,0.));
#11114 = PLANE('',#11115);
#11115 = AXIS2_PLACEMENT_3D('',#11116,#11117,#11118);
#11116 = CARTESIAN_POINT('',(6.262880871534,0.417413990996,40.));
#11117 = DIRECTION('',(0.,-1.,0.));
#11118 = DIRECTION('',(1.,0.,0.));
#11119 = ADVANCED_FACE('',(#11120),#11131,.T.);
#11120 = FACE_BOUND('',#11121,.T.);
#11121 = EDGE_LOOP('',(#11122,#11123,#11124,#11125));
#11122 = ORIENTED_EDGE('',*,*,#10971,.T.);
#11123 = ORIENTED_EDGE('',*,*,#10570,.T.);
#11124 = ORIENTED_EDGE('',*,*,#11099,.F.);
#11125 = ORIENTED_EDGE('',*,*,#11126,.F.);
#11126 = EDGE_CURVE('',#10972,#11100,#11127,.T.);
#11127 = B_SPLINE_CURVE_WITH_KNOTS('',2,(#11128,#11129,#11130),
  .UNSPECIFIED.,.F.,.F.,(3,3),(0.,1.),.PIECEWISE_BEZIER_KNOTS.);
#11128 = CARTESIAN_POINT('',(6.532603494012,1.013820691284,40.));
#11129 = CARTESIAN_POINT('',(6.321643479603,0.803536109151,40.));
#11130 = CARTESIAN_POINT('',(6.262880871534,0.417413990996,40.));
#11131 = SURFACE_OF_LINEAR_EXTRUSION('',#11132,#11136);
#11132 = B_SPLINE_CURVE_WITH_KNOTS('',2,(#11133,#11134,#11135),
  .UNSPECIFIED.,.F.,.F.,(3,3),(0.,1.),.PIECEWISE_BEZIER_KNOTS.);
#11133 = CARTESIAN_POINT('',(6.532603494012,1.013820691284,40.));
#11134 = CARTESIAN_POINT('',(6.321643479603,0.803536109151,40.));
#11135 = CARTESIAN_POINT('',(6.262880871534,0.417413990996,40.));
#11136 = VECTOR('',#11137,1.);
#11137 = DIRECTION('',(0.,0.,1.));
#11138 = ADVANCED_FACE('',(#11139),#11146,.T.);
#11139 = FACE_BOUND('',#11140,.T.);
#11140 = EDGE_LOOP('',(#11141,#11142,#11143,#11144,#11145));
#11141 = ORIENTED_EDGE('',*,*,#10653,.T.);
#11142 = ORIENTED_EDGE('',*,*,#10627,.T.);
#11143 = ORIENTED_EDGE('',*,*,#10718,.T.);
#11144 = ORIENTED_EDGE('',*,*,#10701,.T.);
#11145 = ORIENTED_EDGE('',*,*,#10677,.T.);
#11146 = PLANE('',#11147);
#11147 = AXIS2_PLACEMENT_3D('',#11148,#11149,#11150);
#11148 = CARTESIAN_POINT('',(-1.093952106032E-15,1.371473012632E-15,40.)
  );
#11149 = DIRECTION('',(0.,0.,1.));
#11150 = DIRECTION('',(1.,0.,0.));
#11151 = ADVANCED_FACE('',(#11152),#11163,.T.);
#11152 = FACE_BOUND('',#11153,.T.);
#11153 = EDGE_LOOP('',(#11154,#11155,#11156,#11157,#11158,#11159,#11160,
    #11161,#11162));
#11154 = ORIENTED_EDGE('',*,*,#10775,.T.);
#11155 = ORIENTED_EDGE('',*,*,#10751,.T.);
#11156 = ORIENTED_EDGE('',*,*,#10946,.T.);
#11157 = ORIENTED_EDGE('',*,*,#10927,.T.);
#11158 = ORIENTED_EDGE('',*,*,#10901,.T.);
#11159 = ORIENTED_EDGE('',*,*,#10875,.T.);
#11160 = ORIENTED_EDGE('',*,*,#10849,.T.);
#11161 = ORIENTED_EDGE('',*,*,#10823,.T.);
#11162 = ORIENTED_EDGE('',*,*,#10799,.T.);
#11163 = PLANE('',#11164);
#11164 = AXIS2_PLACEMENT_3D('',#11165,#11166,#11167);
#11165 = CARTESIAN_POINT('',(-1.093952106032E-15,1.371473012632E-15,40.)
  );
#11166 = DIRECTION('',(0.,0.,1.));
#11167 = DIRECTION('',(1.,0.,0.));
#11168 = ADVANCED_FACE('',(#11169),#11178,.T.);
#11169 = FACE_BOUND('',#11170,.T.);
#11170 = EDGE_LOOP('',(#11171,#11172,#11173,#11174,#11175,#11176,#11177)
  );
#11171 = ORIENTED_EDGE('',*,*,#11005,.T.);
#11172 = ORIENTED_EDGE('',*,*,#10979,.T.);
#11173 = ORIENTED_EDGE('',*,*,#11126,.T.);
#11174 = ORIENTED_EDGE('',*,*,#11109,.T.);
#11175 = ORIENTED_EDGE('',*,*,#11083,.T.);
#11176 = ORIENTED_EDGE('',*,*,#11057,.T.);
#11177 = ORIENTED_EDGE('',*,*,#11031,.T.);
#11178 = PLANE('',#11179);
#11179 = AXIS2_PLACEMENT_3D('',#11180,#11181,#11182);
#11180 = CARTESIAN_POINT('',(-1.093952106032E-15,1.371473012632E-15,40.)
  );
#11181 = DIRECTION('',(0.,0.,1.));
#11182 = DIRECTION('',(1.,0.,0.));
#11183 = ( GEOMETRIC_REPRESENTATION_CONTEXT(3) 
GLOBAL_UNCERTAINTY_ASSIGNED_CONTEXT((#11187)) 
GLOBAL_UNIT_ASSIGNED_CONTEXT((#11184,#11185,#11186)) 
REPRESENTATION_CONTEXT('Context #1',
  '3D Context with UNIT and UNCERTAINTY') );
#11184 = ( LENGTH_UNIT() NAMED_UNIT(*) SI_UNIT(.MILLI.,.METRE.) );
#11185 = ( NAMED_UNIT(*) PLANE_ANGLE_UNIT() SI_UNIT($,.RADIAN.) );
#11186 = ( NAMED_UNIT(*) SI_UNIT($,.STERADIAN.) SOLID_ANGLE_UNIT() );
#11187 = UNCERTAINTY_MEASURE_WITH_UNIT(LENGTH_MEASURE(5.E-07),#11184,
  'distance_accuracy_value','confusion accuracy');
#11188 = PRODUCT_RELATED_PRODUCT_CATEGORY('part',$,(#7));
#11189 = MECHANICAL_DESIGN_GEOMETRIC_PRESENTATION_REPRESENTATION('',(
    #11190),#11183);
#11190 = STYLED_ITEM('color',(#11191),#15);
#11191 = PRESENTATION_STYLE_ASSIGNMENT((#11192,#11198));
#11192 = SURFACE_STYLE_USAGE(.BOTH.,#11193);
#11193 = SURFACE_SIDE_STYLE('',(#11194));
#11194 = SURFACE_STYLE_FILL_AREA(#11195);
#11195 = FILL_AREA_STYLE('',(#11196));
#11196 = FILL_AREA_STYLE_COLOUR('',#11197);
#11197 = COLOUR_RGB('',0.678431390124,0.709803936702,0.741176476869);
#11198 = CURVE_STYLE('',#11199,POSITIVE_LENGTH_MEASURE(0.1),#11200);
#11199 = DRAUGHTING_PRE_DEFINED_CURVE_FONT('continuous');
#11200 = COLOUR_RGB('',9.803921802644E-02,9.803921802644E-02,
  9.803921802644E-02);
ENDSEC;
END-ISO-10303-21;
