ISO-10303-21;
HEADER;
FILE_DESCRIPTION(('FreeCAD Model'),'2;1');
FILE_NAME('Open CASCADE Shape Model','2026-08-31T11:02:17',(''),(''),
  'Open CASCADE STEP processor 7.8','FreeCAD','Unknown');
FILE_SCHEMA(('AUTOMOTIVE_DESIGN { 1 0 10303 214 1 1 1 1 }'));
ENDSEC;
DATA;
#1 = APPLICATION_PROTOCOL_DEFINITION('international standard',
  'automotive_design',2000,#2);
#2 = APPLICATION_CONTEXT(
  'core data for automotive mechanical design processes');
#3 = SHAPE_DEFINITION_REPRESENTATION(#4,#10);
#4 = PRODUCT_DEFINITION_SHAPE('','',#5);
#5 = PRODUCT_DEFINITION('design','',#6,#9);
#6 = PRODUCT_DEFINITION_FORMATION('','',#7);
#7 = PRODUCT('Corner','Corner','',(#8));
#8 = PRODUCT_CONTEXT('',#2,'mechanical');
#9 = PRODUCT_DEFINITION_CONTEXT('part definition',#2,'design');
#10 = ADVANCED_BREP_SHAPE_REPRESENTATION('',(#11,#15),#12355);
#11 = AXIS2_PLACEMENT_3D('',#12,#13,#14);
#12 = CARTESIAN_POINT('',(0.,0.,0.));
#13 = DIRECTION('',(0.,0.,1.));
#14 = DIRECTION('',(1.,0.,-0.));
#15 = MANIFOLD_SOLID_BREP('',#16);
#16 = CLOSED_SHELL('',(#17,#92,#123,#148,#183,#207,#231,#256,#281,#298,
    #314,#339,#365,#2742,#2775,#2801,#2827,#2853,#2879,#2905,#2931,#2957
    ,#2983,#3009,#3035,#3061,#3087,#3113,#3139,#3158,#3189,#3213,#3237,
    #3261,#3287,#3313,#3339,#3365,#3391,#3417,#3443,#3469,#3495,#3521,
    #3547,#3573,#3597,#3623,#3649,#3675,#3701,#3727,#3753,#3779,#3805,
    #3831,#3857,#3883,#3909,#3935,#3959,#3983,#4009,#4028,#4061,#4087,
    #4113,#4139,#4165,#4191,#4217,#4243,#4269,#4295,#4321,#4347,#4373,
    #4399,#4425,#4444,#4477,#4503,#4529,#4555,#4581,#4607,#4633,#4659,
    #4685,#4711,#4737,#4763,#4789,#4815,#4841,#4860,#4891,#4915,#4941,
    #4967,#4993,#5019,#5043,#5067,#5091,#5117,#5143,#5169,#5195,#5221,
    #5247,#5271,#5295,#5319,#5345,#5371,#5397,#5423,#5449,#5475,#5501,
    #5527,#5553,#5579,#5605,#5631,#5657,#5683,#5707,#5733,#5757,#5774,
    #5805,#5829,#5855,#5881,#5907,#5933,#5957,#5981,#6005,#6031,#6057,
    #6083,#6109,#6135,#6161,#6185,#6209,#6233,#6259,#6285,#6311,#6337,
    #6363,#6389,#6415,#6441,#6467,#6493,#6519,#6545,#6571,#6597,#6621,
    #6647,#6671,#6688,#6719,#6743,#6767,#6784,#6815,#6841,#6867,#6893,
    #6919,#6945,#6971,#6997,#7023,#7049,#7075,#7101,#7127,#7153,#7179,
    #7205,#7231,#7257,#7283,#7309,#7335,#7361,#7387,#7413,#7439,#7465,
    #7491,#7517,#7543,#7569,#7595,#7621,#7647,#7673,#7699,#7725,#7751,
    #7777,#7803,#7829,#7855,#7881,#7907,#7933,#7959,#7985,#8011,#8037,
    #8063,#8080,#8111,#8137,#8161,#8187,#8211,#8235,#8259,#8285,#8309,
    #8335,#8361,#8385,#8411,#8435,#8461,#8487,#8513,#8539,#8565,#8591,
    #8610,#8643,#8669,#8695,#8721,#8747,#8773,#8799,#8825,#8851,#8877,
    #8903,#8929,#8955,#8981,#9007,#9026,#9059,#9085,#9111,#9137,#9163,
    #9189,#9215,#9241,#9267,#9293,#9319,#9345,#9371,#9397,#9423,#9449,
    #9475,#9501,#9525,#9551,#9577,#9603,#9629,#9653,#9679,#9705,#9731,
    #9757,#9783,#9802,#9833,#9857,#9881,#9907,#9931,#9957,#9981,#10007,
    #10033,#10059,#10085,#10109,#10135,#10159,#10185,#10209,#10235,
    #10254,#10278,#10320,#10474,#10628,#10672,#10716,#10728,#10786,
    #10889,#10913,#11009,#11035,#11068,#11094,#11120,#11146,#11172,
    #11198,#11224,#11250,#11276,#11302,#11328,#11354,#11380,#11406,
    #11432,#11451,#11484,#11510,#11536,#11562,#11588,#11614,#11640,
    #11666,#11692,#11718,#11744,#11770,#11796,#11822,#11848,#11867,
    #11898,#11922,#11946,#11972,#11998,#12024,#12050,#12076,#12095,
    #12128,#12154,#12180,#12206,#12232,#12256,#12275,#12299,#12323,
    #12340));
#17 = ADVANCED_FACE('',(#18),#87,.F.);
#18 = FACE_BOUND('',#19,.F.);
#19 = EDGE_LOOP('',(#20,#30,#38,#46,#55,#63,#72,#80));
#20 = ORIENTED_EDGE('',*,*,#21,.F.);
#21 = EDGE_CURVE('',#22,#24,#26,.T.);
#22 = VERTEX_POINT('',#23);
#23 = CARTESIAN_POINT('',(-10.,7.5,0.));
#24 = VERTEX_POINT('',#25);
#25 = CARTESIAN_POINT('',(-10.,7.5,-22.58578643762));
#26 = LINE('',#27,#28);
#27 = CARTESIAN_POINT('',(-10.,7.5,0.));
#28 = VECTOR('',#29,1.);
#29 = DIRECTION('',(0.,0.,-1.));
#30 = ORIENTED_EDGE('',*,*,#31,.F.);
#31 = EDGE_CURVE('',#32,#22,#34,.T.);
#32 = VERTEX_POINT('',#33);
#33 = CARTESIAN_POINT('',(-10.,-7.5,0.));
#34 = LINE('',#35,#36);
#35 = CARTESIAN_POINT('',(-10.,-7.5,0.));
#36 = VECTOR('',#37,1.);
#37 = DIRECTION('',(0.,1.,0.));
#38 = ORIENTED_EDGE('',*,*,#39,.T.);
#39 = EDGE_CURVE('',#32,#40,#42,.T.);
#40 = VERTEX_POINT('',#41);
#41 = CARTESIAN_POINT('',(-10.,-7.5,-22.58578643762));
#42 = LINE('',#43,#44);
#43 = CARTESIAN_POINT('',(-10.,-7.5,0.));
#44 = VECTOR('',#45,1.);
#45 = DIRECTION('',(0.,0.,-1.));
#46 = ORIENTED_EDGE('',*,*,#47,.T.);
#47 = EDGE_CURVE('',#40,#48,#50,.T.);
#48 = VERTEX_POINT('',#49);
#49 = CARTESIAN_POINT('',(-10.,-5.792893218814,-23.29289321881));
#50 = CIRCLE('',#51,1.);
#51 = AXIS2_PLACEMENT_3D('',#52,#53,#54);
#52 = CARTESIAN_POINT('',(-10.,-6.5,-22.58578643762));
#53 = DIRECTION('',(1.,-0.,0.));
#54 = DIRECTION('',(0.,0.,-1.));
#55 = ORIENTED_EDGE('',*,*,#56,.T.);
#56 = EDGE_CURVE('',#48,#57,#59,.T.);
#57 = VERTEX_POINT('',#58);
#58 = CARTESIAN_POINT('',(-10.,-3.535533905933,-21.03553390594));
#59 = LINE('',#60,#61);
#60 = CARTESIAN_POINT('',(-10.,-2.25,-19.75));
#61 = VECTOR('',#62,1.);
#62 = DIRECTION('',(0.,0.707106781187,0.707106781186));
#63 = ORIENTED_EDGE('',*,*,#64,.F.);
#64 = EDGE_CURVE('',#65,#57,#67,.T.);
#65 = VERTEX_POINT('',#66);
#66 = CARTESIAN_POINT('',(-10.,3.535533905933,-21.03553390594));
#67 = CIRCLE('',#68,5.);
#68 = AXIS2_PLACEMENT_3D('',#69,#70,#71);
#69 = CARTESIAN_POINT('',(-10.,-5.879004812859E-22,-24.57106781187));
#70 = DIRECTION('',(1.,0.,0.));
#71 = DIRECTION('',(0.,1.,0.));
#72 = ORIENTED_EDGE('',*,*,#73,.T.);
#73 = EDGE_CURVE('',#65,#74,#76,.T.);
#74 = VERTEX_POINT('',#75);
#75 = CARTESIAN_POINT('',(-10.,5.792893218814,-23.29289321881));
#76 = LINE('',#77,#78);
#77 = CARTESIAN_POINT('',(-10.,-4.482233047033,-13.01776695297));
#78 = VECTOR('',#79,1.);
#79 = DIRECTION('',(0.,0.707106781187,-0.707106781186));
#80 = ORIENTED_EDGE('',*,*,#81,.F.);
#81 = EDGE_CURVE('',#24,#74,#82,.T.);
#82 = CIRCLE('',#83,1.);
#83 = AXIS2_PLACEMENT_3D('',#84,#85,#86);
#84 = CARTESIAN_POINT('',(-10.,6.5,-22.58578643762));
#85 = DIRECTION('',(-1.,0.,0.));
#86 = DIRECTION('',(0.,0.,1.));
#87 = PLANE('',#88);
#88 = AXIS2_PLACEMENT_3D('',#89,#90,#91);
#89 = CARTESIAN_POINT('',(-10.,-7.5,0.));
#90 = DIRECTION('',(1.,0.,0.));
#91 = DIRECTION('',(0.,1.,0.));
#92 = ADVANCED_FACE('',(#93),#118,.F.);
#93 = FACE_BOUND('',#94,.F.);
#94 = EDGE_LOOP('',(#95,#96,#104,#112));
#95 = ORIENTED_EDGE('',*,*,#21,.T.);
#96 = ORIENTED_EDGE('',*,*,#97,.T.);
#97 = EDGE_CURVE('',#24,#98,#100,.T.);
#98 = VERTEX_POINT('',#99);
#99 = CARTESIAN_POINT('',(10.,7.5,-22.58578643762));
#100 = LINE('',#101,#102);
#101 = CARTESIAN_POINT('',(-10.,7.5,-22.58578643762));
#102 = VECTOR('',#103,1.);
#103 = DIRECTION('',(1.,0.,0.));
#104 = ORIENTED_EDGE('',*,*,#105,.F.);
#105 = EDGE_CURVE('',#106,#98,#108,.T.);
#106 = VERTEX_POINT('',#107);
#107 = CARTESIAN_POINT('',(10.,7.5,0.));
#108 = LINE('',#109,#110);
#109 = CARTESIAN_POINT('',(10.,7.5,0.));
#110 = VECTOR('',#111,1.);
#111 = DIRECTION('',(0.,0.,-1.));
#112 = ORIENTED_EDGE('',*,*,#113,.F.);
#113 = EDGE_CURVE('',#22,#106,#114,.T.);
#114 = LINE('',#115,#116);
#115 = CARTESIAN_POINT('',(-10.,7.5,0.));
#116 = VECTOR('',#117,1.);
#117 = DIRECTION('',(1.,0.,0.));
#118 = PLANE('',#119);
#119 = AXIS2_PLACEMENT_3D('',#120,#121,#122);
#120 = CARTESIAN_POINT('',(-10.,7.5,0.));
#121 = DIRECTION('',(0.,-1.,0.));
#122 = DIRECTION('',(1.,0.,0.));
#123 = ADVANCED_FACE('',(#124),#143,.T.);
#124 = FACE_BOUND('',#125,.F.);
#125 = EDGE_LOOP('',(#126,#127,#135,#142));
#126 = ORIENTED_EDGE('',*,*,#81,.T.);
#127 = ORIENTED_EDGE('',*,*,#128,.T.);
#128 = EDGE_CURVE('',#74,#129,#131,.T.);
#129 = VERTEX_POINT('',#130);
#130 = CARTESIAN_POINT('',(10.,5.792893218814,-23.29289321881));
#131 = LINE('',#132,#133);
#132 = CARTESIAN_POINT('',(-10.,5.792893218814,-23.29289321881));
#133 = VECTOR('',#134,1.);
#134 = DIRECTION('',(1.,0.,0.));
#135 = ORIENTED_EDGE('',*,*,#136,.F.);
#136 = EDGE_CURVE('',#98,#129,#137,.T.);
#137 = CIRCLE('',#138,1.);
#138 = AXIS2_PLACEMENT_3D('',#139,#140,#141);
#139 = CARTESIAN_POINT('',(10.,6.5,-22.58578643762));
#140 = DIRECTION('',(-1.,0.,0.));
#141 = DIRECTION('',(0.,0.,1.));
#142 = ORIENTED_EDGE('',*,*,#97,.F.);
#143 = CYLINDRICAL_SURFACE('',#144,1.);
#144 = AXIS2_PLACEMENT_3D('',#145,#146,#147);
#145 = CARTESIAN_POINT('',(-10.,6.5,-22.58578643762));
#146 = DIRECTION('',(1.,0.,0.));
#147 = DIRECTION('',(0.,1.,0.));
#148 = ADVANCED_FACE('',(#149,#160),#178,.F.);
#149 = FACE_BOUND('',#150,.F.);
#150 = EDGE_LOOP('',(#151));
#151 = ORIENTED_EDGE('',*,*,#152,.T.);
#152 = EDGE_CURVE('',#153,#153,#155,.T.);
#153 = VERTEX_POINT('',#154);
#154 = CARTESIAN_POINT('',(20.,0.,0.));
#155 = CIRCLE('',#156,20.);
#156 = AXIS2_PLACEMENT_3D('',#157,#158,#159);
#157 = CARTESIAN_POINT('',(0.,0.,0.));
#158 = DIRECTION('',(0.,0.,1.));
#159 = DIRECTION('',(1.,0.,0.));
#160 = FACE_BOUND('',#161,.F.);
#161 = EDGE_LOOP('',(#162,#163,#164,#172));
#162 = ORIENTED_EDGE('',*,*,#31,.T.);
#163 = ORIENTED_EDGE('',*,*,#113,.T.);
#164 = ORIENTED_EDGE('',*,*,#165,.T.);
#165 = EDGE_CURVE('',#106,#166,#168,.T.);
#166 = VERTEX_POINT('',#167);
#167 = CARTESIAN_POINT('',(10.,-7.5,0.));
#168 = LINE('',#169,#170);
#169 = CARTESIAN_POINT('',(10.,7.5,0.));
#170 = VECTOR('',#171,1.);
#171 = DIRECTION('',(0.,-1.,0.));
#172 = ORIENTED_EDGE('',*,*,#173,.T.);
#173 = EDGE_CURVE('',#166,#32,#174,.T.);
#174 = LINE('',#175,#176);
#175 = CARTESIAN_POINT('',(10.,-7.5,0.));
#176 = VECTOR('',#177,1.);
#177 = DIRECTION('',(-1.,0.,0.));
#178 = PLANE('',#179);
#179 = AXIS2_PLACEMENT_3D('',#180,#181,#182);
#180 = CARTESIAN_POINT('',(-1.093952106032E-15,1.371473012632E-15,0.));
#181 = DIRECTION('',(0.,0.,1.));
#182 = DIRECTION('',(1.,0.,0.));
#183 = ADVANCED_FACE('',(#184),#202,.T.);
#184 = FACE_BOUND('',#185,.T.);
#185 = EDGE_LOOP('',(#186,#194,#200,#201));
#186 = ORIENTED_EDGE('',*,*,#187,.F.);
#187 = EDGE_CURVE('',#188,#129,#190,.T.);
#188 = VERTEX_POINT('',#189);
#189 = CARTESIAN_POINT('',(10.,3.535533905933,-21.03553390594));
#190 = LINE('',#191,#192);
#191 = CARTESIAN_POINT('',(10.,3.535533905936,-21.03553390593));
#192 = VECTOR('',#193,1.);
#193 = DIRECTION('',(0.,0.707106781187,-0.707106781186));
#194 = ORIENTED_EDGE('',*,*,#195,.T.);
#195 = EDGE_CURVE('',#188,#65,#196,.T.);
#196 = LINE('',#197,#198);
#197 = CARTESIAN_POINT('',(10.,3.535533905933,-21.03553390594));
#198 = VECTOR('',#199,1.);
#199 = DIRECTION('',(-1.,-0.,-0.));
#200 = ORIENTED_EDGE('',*,*,#73,.T.);
#201 = ORIENTED_EDGE('',*,*,#128,.T.);
#202 = PLANE('',#203);
#203 = AXIS2_PLACEMENT_3D('',#204,#205,#206);
#204 = CARTESIAN_POINT('',(10.,3.535533905936,-21.03553390593));
#205 = DIRECTION('',(0.,-0.707106781186,-0.707106781187));
#206 = DIRECTION('',(0.,0.707106781187,-0.707106781186));
#207 = ADVANCED_FACE('',(#208),#226,.F.);
#208 = FACE_BOUND('',#209,.F.);
#209 = EDGE_LOOP('',(#210,#218,#224,#225));
#210 = ORIENTED_EDGE('',*,*,#211,.T.);
#211 = EDGE_CURVE('',#166,#212,#214,.T.);
#212 = VERTEX_POINT('',#213);
#213 = CARTESIAN_POINT('',(10.,-7.5,-22.58578643762));
#214 = LINE('',#215,#216);
#215 = CARTESIAN_POINT('',(10.,-7.5,0.));
#216 = VECTOR('',#217,1.);
#217 = DIRECTION('',(0.,0.,-1.));
#218 = ORIENTED_EDGE('',*,*,#219,.T.);
#219 = EDGE_CURVE('',#212,#40,#220,.T.);
#220 = LINE('',#221,#222);
#221 = CARTESIAN_POINT('',(10.,-7.5,-22.58578643762));
#222 = VECTOR('',#223,1.);
#223 = DIRECTION('',(-1.,0.,0.));
#224 = ORIENTED_EDGE('',*,*,#39,.F.);
#225 = ORIENTED_EDGE('',*,*,#173,.F.);
#226 = PLANE('',#227);
#227 = AXIS2_PLACEMENT_3D('',#228,#229,#230);
#228 = CARTESIAN_POINT('',(10.,-7.5,0.));
#229 = DIRECTION('',(0.,1.,0.));
#230 = DIRECTION('',(-1.,0.,0.));
#231 = ADVANCED_FACE('',(#232),#251,.F.);
#232 = FACE_BOUND('',#233,.F.);
#233 = EDGE_LOOP('',(#234,#243,#244,#245));
#234 = ORIENTED_EDGE('',*,*,#235,.F.);
#235 = EDGE_CURVE('',#188,#236,#238,.T.);
#236 = VERTEX_POINT('',#237);
#237 = CARTESIAN_POINT('',(10.,-3.535533905933,-21.03553390594));
#238 = CIRCLE('',#239,5.);
#239 = AXIS2_PLACEMENT_3D('',#240,#241,#242);
#240 = CARTESIAN_POINT('',(10.,-5.879004812859E-22,-24.57106781187));
#241 = DIRECTION('',(1.,0.,0.));
#242 = DIRECTION('',(0.,1.,0.));
#243 = ORIENTED_EDGE('',*,*,#195,.T.);
#244 = ORIENTED_EDGE('',*,*,#64,.T.);
#245 = ORIENTED_EDGE('',*,*,#246,.F.);
#246 = EDGE_CURVE('',#236,#57,#247,.T.);
#247 = LINE('',#248,#249);
#248 = CARTESIAN_POINT('',(10.,-3.535533905933,-21.03553390594));
#249 = VECTOR('',#250,1.);
#250 = DIRECTION('',(-1.,-0.,-0.));
#251 = CYLINDRICAL_SURFACE('',#252,5.);
#252 = AXIS2_PLACEMENT_3D('',#253,#254,#255);
#253 = CARTESIAN_POINT('',(10.,-5.879004812859E-22,-24.57106781187));
#254 = DIRECTION('',(1.,0.,0.));
#255 = DIRECTION('',(0.,1.,0.));
#256 = ADVANCED_FACE('',(#257),#276,.T.);
#257 = FACE_BOUND('',#258,.F.);
#258 = EDGE_LOOP('',(#259,#268,#274,#275));
#259 = ORIENTED_EDGE('',*,*,#260,.T.);
#260 = EDGE_CURVE('',#212,#261,#263,.T.);
#261 = VERTEX_POINT('',#262);
#262 = CARTESIAN_POINT('',(10.,-5.792893218814,-23.29289321881));
#263 = CIRCLE('',#264,1.);
#264 = AXIS2_PLACEMENT_3D('',#265,#266,#267);
#265 = CARTESIAN_POINT('',(10.,-6.5,-22.58578643762));
#266 = DIRECTION('',(1.,-0.,0.));
#267 = DIRECTION('',(0.,0.,-1.));
#268 = ORIENTED_EDGE('',*,*,#269,.T.);
#269 = EDGE_CURVE('',#261,#48,#270,.T.);
#270 = LINE('',#271,#272);
#271 = CARTESIAN_POINT('',(10.,-5.792893218814,-23.29289321881));
#272 = VECTOR('',#273,1.);
#273 = DIRECTION('',(-1.,0.,0.));
#274 = ORIENTED_EDGE('',*,*,#47,.F.);
#275 = ORIENTED_EDGE('',*,*,#219,.F.);
#276 = CYLINDRICAL_SURFACE('',#277,1.);
#277 = AXIS2_PLACEMENT_3D('',#278,#279,#280);
#278 = CARTESIAN_POINT('',(10.,-6.5,-22.58578643762));
#279 = DIRECTION('',(-1.,0.,0.));
#280 = DIRECTION('',(0.,-1.,0.));
#281 = ADVANCED_FACE('',(#282),#293,.T.);
#282 = FACE_BOUND('',#283,.T.);
#283 = EDGE_LOOP('',(#284,#290,#291,#292));
#284 = ORIENTED_EDGE('',*,*,#285,.F.);
#285 = EDGE_CURVE('',#261,#236,#286,.T.);
#286 = LINE('',#287,#288);
#287 = CARTESIAN_POINT('',(10.,-9.5,-27.));
#288 = VECTOR('',#289,1.);
#289 = DIRECTION('',(0.,0.707106781187,0.707106781186));
#290 = ORIENTED_EDGE('',*,*,#269,.T.);
#291 = ORIENTED_EDGE('',*,*,#56,.T.);
#292 = ORIENTED_EDGE('',*,*,#246,.F.);
#293 = PLANE('',#294);
#294 = AXIS2_PLACEMENT_3D('',#295,#296,#297);
#295 = CARTESIAN_POINT('',(10.,-9.5,-27.));
#296 = DIRECTION('',(0.,0.707106781186,-0.707106781187));
#297 = DIRECTION('',(0.,0.707106781187,0.707106781186));
#298 = ADVANCED_FACE('',(#299),#309,.F.);
#299 = FACE_BOUND('',#300,.F.);
#300 = EDGE_LOOP('',(#301,#302,#303,#304,#305,#306,#307,#308));
#301 = ORIENTED_EDGE('',*,*,#211,.F.);
#302 = ORIENTED_EDGE('',*,*,#165,.F.);
#303 = ORIENTED_EDGE('',*,*,#105,.T.);
#304 = ORIENTED_EDGE('',*,*,#136,.T.);
#305 = ORIENTED_EDGE('',*,*,#187,.F.);
#306 = ORIENTED_EDGE('',*,*,#235,.T.);
#307 = ORIENTED_EDGE('',*,*,#285,.F.);
#308 = ORIENTED_EDGE('',*,*,#260,.F.);
#309 = PLANE('',#310);
#310 = AXIS2_PLACEMENT_3D('',#311,#312,#313);
#311 = CARTESIAN_POINT('',(10.,7.5,0.));
#312 = DIRECTION('',(-1.,-0.,-0.));
#313 = DIRECTION('',(0.,-1.,0.));
#314 = ADVANCED_FACE('',(#315),#334,.T.);
#315 = FACE_BOUND('',#316,.F.);
#316 = EDGE_LOOP('',(#317,#325,#332,#333));
#317 = ORIENTED_EDGE('',*,*,#318,.T.);
#318 = EDGE_CURVE('',#153,#319,#321,.T.);
#319 = VERTEX_POINT('',#320);
#320 = CARTESIAN_POINT('',(20.,0.,21.));
#321 = LINE('',#322,#323);
#322 = CARTESIAN_POINT('',(20.,0.,0.));
#323 = VECTOR('',#324,1.);
#324 = DIRECTION('',(0.,0.,1.));
#325 = ORIENTED_EDGE('',*,*,#326,.T.);
#326 = EDGE_CURVE('',#319,#319,#327,.T.);
#327 = CIRCLE('',#328,20.);
#328 = AXIS2_PLACEMENT_3D('',#329,#330,#331);
#329 = CARTESIAN_POINT('',(0.,0.,21.));
#330 = DIRECTION('',(0.,0.,1.));
#331 = DIRECTION('',(1.,0.,0.));
#332 = ORIENTED_EDGE('',*,*,#318,.F.);
#333 = ORIENTED_EDGE('',*,*,#152,.F.);
#334 = CYLINDRICAL_SURFACE('',#335,20.);
#335 = AXIS2_PLACEMENT_3D('',#336,#337,#338);
#336 = CARTESIAN_POINT('',(0.,0.,0.));
#337 = DIRECTION('',(-0.,-0.,-1.));
#338 = DIRECTION('',(1.,0.,0.));
#339 = ADVANCED_FACE('',(#340),#360,.T.);
#340 = FACE_BOUND('',#341,.T.);
#341 = EDGE_LOOP('',(#342,#351,#352,#353));
#342 = ORIENTED_EDGE('',*,*,#343,.F.);
#343 = EDGE_CURVE('',#319,#344,#346,.T.);
#344 = VERTEX_POINT('',#345);
#345 = CARTESIAN_POINT('',(16.,0.,25.));
#346 = CIRCLE('',#347,4.);
#347 = AXIS2_PLACEMENT_3D('',#348,#349,#350);
#348 = CARTESIAN_POINT('',(16.,0.,21.));
#349 = DIRECTION('',(0.,-1.,0.));
#350 = DIRECTION('',(1.,0.,0.));
#351 = ORIENTED_EDGE('',*,*,#326,.T.);
#352 = ORIENTED_EDGE('',*,*,#343,.T.);
#353 = ORIENTED_EDGE('',*,*,#354,.F.);
#354 = EDGE_CURVE('',#344,#344,#355,.T.);
#355 = CIRCLE('',#356,16.);
#356 = AXIS2_PLACEMENT_3D('',#357,#358,#359);
#357 = CARTESIAN_POINT('',(0.,0.,25.));
#358 = DIRECTION('',(0.,0.,1.));
#359 = DIRECTION('',(1.,0.,0.));
#360 = TOROIDAL_SURFACE('',#361,16.,4.);
#361 = AXIS2_PLACEMENT_3D('',#362,#363,#364);
#362 = CARTESIAN_POINT('',(0.,0.,21.));
#363 = DIRECTION('',(0.,0.,1.));
#364 = DIRECTION('',(1.,0.,0.));
#365 = ADVANCED_FACE('',(#366,#369,#499,#773,#903,#1033,#1323,#1613,
    #1647,#2049,#2219,#2349,#2591),#2737,.T.);
#366 = FACE_BOUND('',#367,.T.);
#367 = EDGE_LOOP('',(#368));
#368 = ORIENTED_EDGE('',*,*,#354,.T.);
#369 = FACE_BOUND('',#370,.T.);
#370 = EDGE_LOOP('',(#371,#381,#389,#397,#405,#413,#421,#429,#437,#445,
    #453,#461,#469,#477,#485,#493));
#371 = ORIENTED_EDGE('',*,*,#372,.T.);
#372 = EDGE_CURVE('',#373,#375,#377,.T.);
#373 = VERTEX_POINT('',#374);
#374 = CARTESIAN_POINT('',(-4.717424427689,-7.349371035804,25.));
#375 = VERTEX_POINT('',#376);
#376 = CARTESIAN_POINT('',(-4.741334730283,-7.226307274997,25.));
#377 = B_SPLINE_CURVE_WITH_KNOTS('',2,(#378,#379,#380),.UNSPECIFIED.,.F.
  ,.F.,(3,3),(0.,1.),.PIECEWISE_BEZIER_KNOTS.);
#378 = CARTESIAN_POINT('',(-4.717424427689,-7.349371035804,25.));
#379 = CARTESIAN_POINT('',(-4.741334730283,-7.292499638109,25.));
#380 = CARTESIAN_POINT('',(-4.741334730283,-7.226307274997,25.));
#381 = ORIENTED_EDGE('',*,*,#382,.T.);
#382 = EDGE_CURVE('',#375,#383,#385,.T.);
#383 = VERTEX_POINT('',#384);
#384 = CARTESIAN_POINT('',(-4.717424427689,-7.104324205833,25.));
#385 = B_SPLINE_CURVE_WITH_KNOTS('',2,(#386,#387,#388),.UNSPECIFIED.,.F.
  ,.F.,(3,3),(0.,1.),.PIECEWISE_BEZIER_KNOTS.);
#386 = CARTESIAN_POINT('',(-4.741334730283,-7.226307274997,25.));
#387 = CARTESIAN_POINT('',(-4.741334730283,-7.162141208715,25.));
#388 = CARTESIAN_POINT('',(-4.717424427689,-7.104324205833,25.));
#389 = ORIENTED_EDGE('',*,*,#390,.T.);
#390 = EDGE_CURVE('',#383,#391,#393,.T.);
#391 = VERTEX_POINT('',#392);
#392 = CARTESIAN_POINT('',(-4.651096978121,-7.005035661164,25.));
#393 = B_SPLINE_CURVE_WITH_KNOTS('',2,(#394,#395,#396),.UNSPECIFIED.,.F.
  ,.F.,(3,3),(0.,1.),.PIECEWISE_BEZIER_KNOTS.);
#394 = CARTESIAN_POINT('',(-4.717424427689,-7.104324205833,25.));
#395 = CARTESIAN_POINT('',(-4.693514125095,-7.046372116496,25.));
#396 = CARTESIAN_POINT('',(-4.651096978121,-7.005035661164,25.));
#397 = ORIENTED_EDGE('',*,*,#398,.T.);
#398 = EDGE_CURVE('',#391,#399,#401,.T.);
#399 = VERTEX_POINT('',#400);
#400 = CARTESIAN_POINT('',(-4.550457568899,-6.938843298052,25.));
#401 = B_SPLINE_CURVE_WITH_KNOTS('',2,(#402,#403,#404),.UNSPECIFIED.,.F.
  ,.F.,(3,3),(0.,1.),.PIECEWISE_BEZIER_KNOTS.);
#402 = CARTESIAN_POINT('',(-4.651096978121,-7.005035661164,25.));
#403 = CARTESIAN_POINT('',(-4.608544744692,-6.963564119377,25.));
#404 = CARTESIAN_POINT('',(-4.550457568899,-6.938843298052,25.));
#405 = ORIENTED_EDGE('',*,*,#406,.T.);
#406 = EDGE_CURVE('',#399,#407,#409,.T.);
#407 = VERTEX_POINT('',#408);
#408 = CARTESIAN_POINT('',(-4.425907857084,-6.913987390271,25.));
#409 = B_SPLINE_CURVE_WITH_KNOTS('',2,(#410,#411,#412),.UNSPECIFIED.,.F.
  ,.F.,(3,3),(0.,1.),.PIECEWISE_BEZIER_KNOTS.);
#410 = CARTESIAN_POINT('',(-4.550457568899,-6.938843298052,25.));
#411 = CARTESIAN_POINT('',(-4.492370393107,-6.913987390271,25.));
#412 = CARTESIAN_POINT('',(-4.425907857084,-6.913987390271,25.));
#413 = ORIENTED_EDGE('',*,*,#414,.T.);
#414 = EDGE_CURVE('',#407,#415,#417,.T.);
#415 = VERTEX_POINT('',#416);
#416 = CARTESIAN_POINT('',(-4.303519528554,-6.938843298052,25.));
#417 = B_SPLINE_CURVE_WITH_KNOTS('',2,(#418,#419,#420),.UNSPECIFIED.,.F.
  ,.F.,(3,3),(0.,1.),.PIECEWISE_BEZIER_KNOTS.);
#418 = CARTESIAN_POINT('',(-4.425907857084,-6.913987390271,25.));
#419 = CARTESIAN_POINT('',(-4.361606704346,-6.913987390271,25.));
#420 = CARTESIAN_POINT('',(-4.303519528554,-6.938843298052,25.));
#421 = ORIENTED_EDGE('',*,*,#422,.T.);
#422 = EDGE_CURVE('',#415,#423,#425,.T.);
#423 = VERTEX_POINT('',#424);
#424 = CARTESIAN_POINT('',(-4.203960810974,-7.005035661164,25.));
#425 = B_SPLINE_CURVE_WITH_KNOTS('',2,(#426,#427,#428),.UNSPECIFIED.,.F.
  ,.F.,(3,3),(0.,1.),.PIECEWISE_BEZIER_KNOTS.);
#426 = CARTESIAN_POINT('',(-4.303519528554,-6.938843298052,25.));
#427 = CARTESIAN_POINT('',(-4.245432352761,-6.963564119377,25.));
#428 = CARTESIAN_POINT('',(-4.203960810974,-7.005035661164,25.));
#429 = ORIENTED_EDGE('',*,*,#430,.T.);
#430 = EDGE_CURVE('',#423,#431,#433,.T.);
#431 = VERTEX_POINT('',#432);
#432 = CARTESIAN_POINT('',(-4.137498274951,-7.104324205833,25.));
#433 = B_SPLINE_CURVE_WITH_KNOTS('',2,(#434,#435,#436),.UNSPECIFIED.,.F.
  ,.F.,(3,3),(0.,1.),.PIECEWISE_BEZIER_KNOTS.);
#434 = CARTESIAN_POINT('',(-4.203960810974,-7.005035661164,25.));
#435 = CARTESIAN_POINT('',(-4.162354182732,-7.046372116496,25.));
#436 = CARTESIAN_POINT('',(-4.137498274951,-7.104324205833,25.));
#437 = ORIENTED_EDGE('',*,*,#438,.T.);
#438 = EDGE_CURVE('',#431,#439,#441,.T.);
#439 = VERTEX_POINT('',#440);
#440 = CARTESIAN_POINT('',(-4.11264236717,-7.226307274997,25.));
#441 = B_SPLINE_CURVE_WITH_KNOTS('',2,(#442,#443,#444),.UNSPECIFIED.,.F.
  ,.F.,(3,3),(0.,1.),.PIECEWISE_BEZIER_KNOTS.);
#442 = CARTESIAN_POINT('',(-4.137498274951,-7.104324205833,25.));
#443 = CARTESIAN_POINT('',(-4.11264236717,-7.162141208715,25.));
#444 = CARTESIAN_POINT('',(-4.11264236717,-7.226307274997,25.));
#445 = ORIENTED_EDGE('',*,*,#446,.T.);
#446 = EDGE_CURVE('',#439,#447,#449,.T.);
#447 = VERTEX_POINT('',#448);
#448 = CARTESIAN_POINT('',(-4.137498274951,-7.349371035804,25.));
#449 = B_SPLINE_CURVE_WITH_KNOTS('',2,(#450,#451,#452),.UNSPECIFIED.,.F.
  ,.F.,(3,3),(0.,1.),.PIECEWISE_BEZIER_KNOTS.);
#450 = CARTESIAN_POINT('',(-4.11264236717,-7.226307274997,25.));
#451 = CARTESIAN_POINT('',(-4.11264236717,-7.292499638109,25.));
#452 = CARTESIAN_POINT('',(-4.137498274951,-7.349371035804,25.));
#453 = ORIENTED_EDGE('',*,*,#454,.T.);
#454 = EDGE_CURVE('',#447,#455,#457,.T.);
#455 = VERTEX_POINT('',#456);
#456 = CARTESIAN_POINT('',(-4.203960810974,-7.44757888883,25.));
#457 = B_SPLINE_CURVE_WITH_KNOTS('',2,(#458,#459,#460),.UNSPECIFIED.,.F.
  ,.F.,(3,3),(0.,1.),.PIECEWISE_BEZIER_KNOTS.);
#458 = CARTESIAN_POINT('',(-4.137498274951,-7.349371035804,25.));
#459 = CARTESIAN_POINT('',(-4.162354182732,-7.406242433499,25.));
#460 = CARTESIAN_POINT('',(-4.203960810974,-7.44757888883,25.));
#461 = ORIENTED_EDGE('',*,*,#462,.T.);
#462 = EDGE_CURVE('',#455,#463,#465,.T.);
#463 = VERTEX_POINT('',#464);
#464 = CARTESIAN_POINT('',(-4.303519528554,-7.5126905603,25.));
#465 = B_SPLINE_CURVE_WITH_KNOTS('',2,(#466,#467,#468),.UNSPECIFIED.,.F.
  ,.F.,(3,3),(0.,1.),.PIECEWISE_BEZIER_KNOTS.);
#466 = CARTESIAN_POINT('',(-4.203960810974,-7.44757888883,25.));
#467 = CARTESIAN_POINT('',(-4.245432352761,-7.488915344161,25.));
#468 = CARTESIAN_POINT('',(-4.303519528554,-7.5126905603,25.));
#469 = ORIENTED_EDGE('',*,*,#470,.T.);
#470 = EDGE_CURVE('',#463,#471,#473,.T.);
#471 = VERTEX_POINT('',#472);
#472 = CARTESIAN_POINT('',(-4.425907857084,-7.536465776438,25.));
#473 = B_SPLINE_CURVE_WITH_KNOTS('',2,(#474,#475,#476),.UNSPECIFIED.,.F.
  ,.F.,(3,3),(0.,1.),.PIECEWISE_BEZIER_KNOTS.);
#474 = CARTESIAN_POINT('',(-4.303519528554,-7.5126905603,25.));
#475 = CARTESIAN_POINT('',(-4.361606704346,-7.536465776438,25.));
#476 = CARTESIAN_POINT('',(-4.425907857084,-7.536465776438,25.));
#477 = ORIENTED_EDGE('',*,*,#478,.T.);
#478 = EDGE_CURVE('',#471,#479,#481,.T.);
#479 = VERTEX_POINT('',#480);
#480 = CARTESIAN_POINT('',(-4.550457568899,-7.5126905603,25.));
#481 = B_SPLINE_CURVE_WITH_KNOTS('',2,(#482,#483,#484),.UNSPECIFIED.,.F.
  ,.F.,(3,3),(0.,1.),.PIECEWISE_BEZIER_KNOTS.);
#482 = CARTESIAN_POINT('',(-4.425907857084,-7.536465776438,25.));
#483 = CARTESIAN_POINT('',(-4.492370393107,-7.536465776438,25.));
#484 = CARTESIAN_POINT('',(-4.550457568899,-7.5126905603,25.));
#485 = ORIENTED_EDGE('',*,*,#486,.T.);
#486 = EDGE_CURVE('',#479,#487,#489,.T.);
#487 = VERTEX_POINT('',#488);
#488 = CARTESIAN_POINT('',(-4.651096978121,-7.44757888883,25.));
#489 = B_SPLINE_CURVE_WITH_KNOTS('',2,(#490,#491,#492),.UNSPECIFIED.,.F.
  ,.F.,(3,3),(0.,1.),.PIECEWISE_BEZIER_KNOTS.);
#490 = CARTESIAN_POINT('',(-4.550457568899,-7.5126905603,25.));
#491 = CARTESIAN_POINT('',(-4.608544744692,-7.488915344161,25.));
#492 = CARTESIAN_POINT('',(-4.651096978121,-7.44757888883,25.));
#493 = ORIENTED_EDGE('',*,*,#494,.T.);
#494 = EDGE_CURVE('',#487,#373,#495,.T.);
#495 = B_SPLINE_CURVE_WITH_KNOTS('',2,(#496,#497,#498),.UNSPECIFIED.,.F.
  ,.F.,(3,3),(0.,1.),.PIECEWISE_BEZIER_KNOTS.);
#496 = CARTESIAN_POINT('',(-4.651096978121,-7.44757888883,25.));
#497 = CARTESIAN_POINT('',(-4.693514125095,-7.406242433499,25.));
#498 = CARTESIAN_POINT('',(-4.717424427689,-7.349371035804,25.));
#499 = FACE_BOUND('',#500,.T.);
#500 = EDGE_LOOP('',(#501,#511,#519,#527,#535,#543,#551,#559,#567,#575,
    #583,#591,#599,#607,#615,#623,#631,#639,#647,#655,#663,#671,#679,
    #687,#695,#703,#711,#719,#727,#735,#743,#751,#759,#767));
#501 = ORIENTED_EDGE('',*,*,#502,.T.);
#502 = EDGE_CURVE('',#503,#505,#507,.T.);
#503 = VERTEX_POINT('',#504);
#504 = CARTESIAN_POINT('',(-5.244126517026,-4.510529177014,25.));
#505 = VERTEX_POINT('',#506);
#506 = CARTESIAN_POINT('',(-5.244126517026,-4.729369234651,25.));
#507 = LINE('',#508,#509);
#508 = CARTESIAN_POINT('',(-5.244126517026,-4.510529177014,25.));
#509 = VECTOR('',#510,1.);
#510 = DIRECTION('',(0.,-1.,0.));
#511 = ORIENTED_EDGE('',*,*,#512,.T.);
#512 = EDGE_CURVE('',#505,#513,#515,.T.);
#513 = VERTEX_POINT('',#514);
#514 = CARTESIAN_POINT('',(-5.313696041522,-4.908628960876,25.));
#515 = B_SPLINE_CURVE_WITH_KNOTS('',2,(#516,#517,#518),.UNSPECIFIED.,.F.
  ,.F.,(3,3),(0.,1.),.PIECEWISE_BEZIER_KNOTS.);
#516 = CARTESIAN_POINT('',(-5.244126517026,-4.729369234651,25.));
#517 = CARTESIAN_POINT('',(-5.244126517026,-4.839869955112,25.));
#518 = CARTESIAN_POINT('',(-5.313696041522,-4.908628960876,25.));
#519 = ORIENTED_EDGE('',*,*,#520,.T.);
#520 = EDGE_CURVE('',#513,#521,#523,.T.);
#521 = VERTEX_POINT('',#522);
#522 = CARTESIAN_POINT('',(-5.544964053049,-4.97738796664,25.));
#523 = B_SPLINE_CURVE_WITH_KNOTS('',2,(#524,#525,#526),.UNSPECIFIED.,.F.
  ,.F.,(3,3),(0.,1.),.PIECEWISE_BEZIER_KNOTS.);
#524 = CARTESIAN_POINT('',(-5.313696041522,-4.908628960876,25.));
#525 = CARTESIAN_POINT('',(-5.383130479562,-4.97738796664,25.));
#526 = CARTESIAN_POINT('',(-5.544964053049,-4.97738796664,25.));
#527 = ORIENTED_EDGE('',*,*,#528,.T.);
#528 = EDGE_CURVE('',#521,#529,#531,.T.);
#529 = VERTEX_POINT('',#530);
#530 = CARTESIAN_POINT('',(-6.37074755449,-4.97738796664,25.));
#531 = LINE('',#532,#533);
#532 = CARTESIAN_POINT('',(-5.544964053049,-4.97738796664,25.));
#533 = VECTOR('',#534,1.);
#534 = DIRECTION('',(-1.,0.,0.));
#535 = ORIENTED_EDGE('',*,*,#536,.T.);
#536 = EDGE_CURVE('',#529,#537,#539,.T.);
#537 = VERTEX_POINT('',#538);
#538 = CARTESIAN_POINT('',(-6.4786816323,-5.608782058859,25.));
#539 = LINE('',#540,#541);
#540 = CARTESIAN_POINT('',(-6.37074755449,-4.97738796664,25.));
#541 = VECTOR('',#542,1.);
#542 = DIRECTION('',(-0.168501376395,-0.985701418358,0.));
#543 = ORIENTED_EDGE('',*,*,#544,.T.);
#544 = EDGE_CURVE('',#537,#545,#547,.T.);
#545 = VERTEX_POINT('',#546);
#546 = CARTESIAN_POINT('',(-6.107328966594,-5.565284220242,25.));
#547 = B_SPLINE_CURVE_WITH_KNOTS('',2,(#548,#549,#550),.UNSPECIFIED.,.F.
  ,.F.,(3,3),(0.,1.),.PIECEWISE_BEZIER_KNOTS.);
#548 = CARTESIAN_POINT('',(-6.4786816323,-5.608782058859,25.));
#549 = CARTESIAN_POINT('',(-6.275376517026,-5.565284220242,25.));
#550 = CARTESIAN_POINT('',(-6.107328966594,-5.565284220242,25.));
#551 = ORIENTED_EDGE('',*,*,#552,.T.);
#552 = EDGE_CURVE('',#545,#553,#555,.T.);
#553 = VERTEX_POINT('',#554);
#554 = CARTESIAN_POINT('',(-5.691262684173,-5.63566426347,25.));
#555 = B_SPLINE_CURVE_WITH_KNOTS('',2,(#556,#557,#558),.UNSPECIFIED.,.F.
  ,.F.,(3,3),(0.,1.),.PIECEWISE_BEZIER_KNOTS.);
#556 = CARTESIAN_POINT('',(-6.107328966594,-5.565284220242,25.));
#557 = CARTESIAN_POINT('',(-5.870792583309,-5.565284220242,25.));
#558 = CARTESIAN_POINT('',(-5.691262684173,-5.63566426347,25.));
#559 = ORIENTED_EDGE('',*,*,#560,.T.);
#560 = EDGE_CURVE('',#553,#561,#563,.T.);
#561 = VERTEX_POINT('',#562);
#562 = CARTESIAN_POINT('',(-5.389344456507,-5.830323845602,25.));
#563 = B_SPLINE_CURVE_WITH_KNOTS('',2,(#564,#565,#566),.UNSPECIFIED.,.F.
  ,.F.,(3,3),(0.,1.),.PIECEWISE_BEZIER_KNOTS.);
#564 = CARTESIAN_POINT('',(-5.691262684173,-5.63566426347,25.));
#565 = CARTESIAN_POINT('',(-5.511732785038,-5.706044306697,25.));
#566 = CARTESIAN_POINT('',(-5.389344456507,-5.830323845602,25.));
#567 = ORIENTED_EDGE('',*,*,#568,.T.);
#568 = EDGE_CURVE('',#561,#569,#571,.T.);
#569 = VERTEX_POINT('',#570);
#570 = CARTESIAN_POINT('',(-5.204681272069,-6.121300070386,25.));
#571 = B_SPLINE_CURVE_WITH_KNOTS('',2,(#572,#573,#574),.UNSPECIFIED.,.F.
  ,.F.,(3,3),(0.,1.),.PIECEWISE_BEZIER_KNOTS.);
#572 = CARTESIAN_POINT('',(-5.389344456507,-5.830323845602,25.));
#573 = CARTESIAN_POINT('',(-5.266956127977,-5.954603384507,25.));
#574 = CARTESIAN_POINT('',(-5.204681272069,-6.121300070386,25.));
#575 = ORIENTED_EDGE('',*,*,#576,.T.);
#576 = EDGE_CURVE('',#569,#577,#579,.T.);
#577 = VERTEX_POINT('',#578);
#578 = CARTESIAN_POINT('',(-5.142406416162,-6.480630041568,25.));
#579 = B_SPLINE_CURVE_WITH_KNOTS('',2,(#580,#581,#582),.UNSPECIFIED.,.F.
  ,.F.,(3,3),(0.,1.),.PIECEWISE_BEZIER_KNOTS.);
#580 = CARTESIAN_POINT('',(-5.204681272069,-6.121300070386,25.));
#581 = CARTESIAN_POINT('',(-5.142406416162,-6.287996756265,25.));
#582 = CARTESIAN_POINT('',(-5.142406416162,-6.480630041568,25.));
#583 = ORIENTED_EDGE('',*,*,#584,.T.);
#584 = EDGE_CURVE('',#577,#585,#587,.T.);
#585 = VERTEX_POINT('',#586);
#586 = CARTESIAN_POINT('',(-5.226430191378,-6.915608427735,25.));
#587 = B_SPLINE_CURVE_WITH_KNOTS('',2,(#588,#589,#590),.UNSPECIFIED.,.F.
  ,.F.,(3,3),(0.,1.),.PIECEWISE_BEZIER_KNOTS.);
#588 = CARTESIAN_POINT('',(-5.142406416162,-6.480630041568,25.));
#589 = CARTESIAN_POINT('',(-5.142406416162,-6.718787462317,25.));
#590 = CARTESIAN_POINT('',(-5.226430191378,-6.915608427735,25.));
#591 = ORIENTED_EDGE('',*,*,#592,.T.);
#592 = EDGE_CURVE('',#585,#593,#595,.T.);
#593 = VERTEX_POINT('',#594);
#594 = CARTESIAN_POINT('',(-5.45985958619,-7.252108787965,25.));
#595 = B_SPLINE_CURVE_WITH_KNOTS('',2,(#596,#597,#598),.UNSPECIFIED.,.F.
  ,.F.,(3,3),(0.,1.),.PIECEWISE_BEZIER_KNOTS.);
#596 = CARTESIAN_POINT('',(-5.226430191378,-6.915608427735,25.));
#597 = CARTESIAN_POINT('',(-5.310453966594,-7.112294306697,25.));
#598 = CARTESIAN_POINT('',(-5.45985958619,-7.252108787965,25.));
#599 = ORIENTED_EDGE('',*,*,#600,.T.);
#600 = EDGE_CURVE('',#593,#601,#603,.T.);
#601 = VERTEX_POINT('',#602);
#602 = CARTESIAN_POINT('',(-5.813651012703,-7.468517289406,25.));
#603 = B_SPLINE_CURVE_WITH_KNOTS('',2,(#604,#605,#606),.UNSPECIFIED.,.F.
  ,.F.,(3,3),(0.,1.),.PIECEWISE_BEZIER_KNOTS.);
#604 = CARTESIAN_POINT('',(-5.45985958619,-7.252108787965,25.));
#605 = CARTESIAN_POINT('',(-5.609265205787,-7.391923269233,25.));
#606 = CARTESIAN_POINT('',(-5.813651012703,-7.468517289406,25.));
#607 = ORIENTED_EDGE('',*,*,#608,.T.);
#608 = EDGE_CURVE('',#601,#609,#611,.T.);
#609 = VERTEX_POINT('',#610);
#610 = CARTESIAN_POINT('',(-6.25876088302,-7.545111309579,25.));
#611 = B_SPLINE_CURVE_WITH_KNOTS('',2,(#612,#613,#614),.UNSPECIFIED.,.F.
  ,.F.,(3,3),(0.,1.),.PIECEWISE_BEZIER_KNOTS.);
#612 = CARTESIAN_POINT('',(-5.813651012703,-7.468517289406,25.));
#613 = CARTESIAN_POINT('',(-6.01803681962,-7.545111309579,25.));
#614 = CARTESIAN_POINT('',(-6.25876088302,-7.545111309579,25.));
#615 = ORIENTED_EDGE('',*,*,#616,.T.);
#616 = EDGE_CURVE('',#609,#617,#619,.T.);
#617 = VERTEX_POINT('',#618);
#618 = CARTESIAN_POINT('',(-6.526367151032,-7.516067721683,25.));
#619 = B_SPLINE_CURVE_WITH_KNOTS('',2,(#620,#621,#622),.UNSPECIFIED.,.F.
  ,.F.,(3,3),(0.,1.),.PIECEWISE_BEZIER_KNOTS.);
#620 = CARTESIAN_POINT('',(-6.25876088302,-7.545111309579,25.));
#621 = CARTESIAN_POINT('',(-6.399791142386,-7.545111309579,25.));
#622 = CARTESIAN_POINT('',(-6.526367151032,-7.516067721683,25.));
#623 = ORIENTED_EDGE('',*,*,#624,.T.);
#624 = EDGE_CURVE('',#617,#625,#627,.T.);
#625 = VERTEX_POINT('',#626);
#626 = CARTESIAN_POINT('',(-6.76398422596,-7.438257923412,25.));
#627 = B_SPLINE_CURVE_WITH_KNOTS('',2,(#628,#629,#630),.UNSPECIFIED.,.F.
  ,.F.,(3,3),(0.,1.),.PIECEWISE_BEZIER_KNOTS.);
#628 = CARTESIAN_POINT('',(-6.526367151032,-7.516067721683,25.));
#629 = CARTESIAN_POINT('',(-6.652943159678,-7.487024133787,25.));
#630 = CARTESIAN_POINT('',(-6.76398422596,-7.438257923412,25.));
#631 = ORIENTED_EDGE('',*,*,#632,.T.);
#632 = EDGE_CURVE('',#625,#633,#635,.T.);
#633 = VERTEX_POINT('',#634);
#634 = CARTESIAN_POINT('',(-6.969450724519,-7.326271251942,25.));
#635 = B_SPLINE_CURVE_WITH_KNOTS('',2,(#636,#637,#638),.UNSPECIFIED.,.F.
  ,.F.,(3,3),(0.,1.),.PIECEWISE_BEZIER_KNOTS.);
#636 = CARTESIAN_POINT('',(-6.76398422596,-7.438257923412,25.));
#637 = CARTESIAN_POINT('',(-6.875025292242,-7.389491713037,25.));
#638 = CARTESIAN_POINT('',(-6.969450724519,-7.326271251942,25.));
#639 = ORIENTED_EDGE('',*,*,#640,.T.);
#640 = EDGE_CURVE('',#633,#641,#643,.T.);
#641 = VERTEX_POINT('',#642);
#642 = CARTESIAN_POINT('',(-7.138578966594,-7.192400574709,25.));
#643 = B_SPLINE_CURVE_WITH_KNOTS('',2,(#644,#645,#646),.UNSPECIFIED.,.F.
  ,.F.,(3,3),(0.,1.),.PIECEWISE_BEZIER_KNOTS.);
#644 = CARTESIAN_POINT('',(-6.969450724519,-7.326271251942,25.));
#645 = CARTESIAN_POINT('',(-7.063876156796,-7.262915704392,25.));
#646 = CARTESIAN_POINT('',(-7.138578966594,-7.192400574709,25.));
#647 = ORIENTED_EDGE('',*,*,#648,.T.);
#648 = EDGE_CURVE('',#641,#649,#651,.T.);
#649 = VERTEX_POINT('',#650);
#650 = CARTESIAN_POINT('',(-6.980797986767,-6.97274999834,25.));
#651 = LINE('',#652,#653);
#652 = CARTESIAN_POINT('',(-7.138578966594,-7.192400574709,25.));
#653 = VECTOR('',#654,1.);
#654 = DIRECTION('',(0.583409596524,0.812178085572,0.));
#655 = ORIENTED_EDGE('',*,*,#656,.T.);
#656 = EDGE_CURVE('',#649,#657,#659,.T.);
#657 = VERTEX_POINT('',#658);
#658 = CARTESIAN_POINT('',(-6.848008001176,-6.901694522836,25.));
#659 = B_SPLINE_CURVE_WITH_KNOTS('',2,(#660,#661,#662),.UNSPECIFIED.,.F.
  ,.F.,(3,3),(0.,1.),.PIECEWISE_BEZIER_KNOTS.);
#660 = CARTESIAN_POINT('',(-6.980797986767,-6.97274999834,25.));
#661 = CARTESIAN_POINT('',(-6.931086171205,-6.901694522836,25.));
#662 = CARTESIAN_POINT('',(-6.848008001176,-6.901694522836,25.));
#663 = ORIENTED_EDGE('',*,*,#664,.T.);
#664 = EDGE_CURVE('',#657,#665,#667,.T.);
#665 = VERTEX_POINT('',#666);
#666 = CARTESIAN_POINT('',(-6.743315998294,-6.934790704392,25.));
#667 = B_SPLINE_CURVE_WITH_KNOTS('',2,(#668,#669,#670),.UNSPECIFIED.,.F.
  ,.F.,(3,3),(0.,1.),.PIECEWISE_BEZIER_KNOTS.);
#668 = CARTESIAN_POINT('',(-6.848008001176,-6.901694522836,25.));
#669 = CARTESIAN_POINT('',(-6.796134802329,-6.901694522836,25.));
#670 = CARTESIAN_POINT('',(-6.743315998294,-6.934790704392,25.));
#671 = ORIENTED_EDGE('',*,*,#672,.T.);
#672 = EDGE_CURVE('',#665,#673,#675,.T.);
#673 = VERTEX_POINT('',#674);
#674 = CARTESIAN_POINT('',(-6.619846978121,-7.007332130905,25.));
#675 = B_SPLINE_CURVE_WITH_KNOTS('',2,(#676,#677,#678),.UNSPECIFIED.,.F.
  ,.F.,(3,3),(0.,1.),.PIECEWISE_BEZIER_KNOTS.);
#676 = CARTESIAN_POINT('',(-6.743315998294,-6.934790704392,25.));
#677 = CARTESIAN_POINT('',(-6.690362107804,-6.967886885948,25.));
#678 = CARTESIAN_POINT('',(-6.619846978121,-7.007332130905,25.));
#679 = ORIENTED_EDGE('',*,*,#680,.T.);
#680 = EDGE_CURVE('',#673,#681,#683,.T.);
#681 = VERTEX_POINT('',#682);
#682 = CARTESIAN_POINT('',(-6.455852021349,-7.079738470963,25.));
#683 = B_SPLINE_CURVE_WITH_KNOTS('',2,(#684,#685,#686),.UNSPECIFIED.,.F.
  ,.F.,(3,3),(0.,1.),.PIECEWISE_BEZIER_KNOTS.);
#684 = CARTESIAN_POINT('',(-6.619846978121,-7.007332130905,25.));
#685 = CARTESIAN_POINT('',(-6.549196761983,-7.046642289406,25.));
#686 = CARTESIAN_POINT('',(-6.455852021349,-7.079738470963,25.));
#687 = ORIENTED_EDGE('',*,*,#688,.T.);
#688 = EDGE_CURVE('',#681,#689,#691,.T.);
#689 = VERTEX_POINT('',#690);
#690 = CARTESIAN_POINT('',(-6.229717295124,-7.112834652519,25.));
#691 = B_SPLINE_CURVE_WITH_KNOTS('',2,(#692,#693,#694),.UNSPECIFIED.,.F.
  ,.F.,(3,3),(0.,1.),.PIECEWISE_BEZIER_KNOTS.);
#692 = CARTESIAN_POINT('',(-6.455852021349,-7.079738470963,25.));
#693 = CARTESIAN_POINT('',(-6.362507280715,-7.112834652519,25.));
#694 = CARTESIAN_POINT('',(-6.229717295124,-7.112834652519,25.));
#695 = ORIENTED_EDGE('',*,*,#696,.T.);
#696 = EDGE_CURVE('',#689,#697,#699,.T.);
#697 = VERTEX_POINT('',#698);
#698 = CARTESIAN_POINT('',(-5.980752957948,-7.067310517072,25.));
#699 = B_SPLINE_CURVE_WITH_KNOTS('',2,(#700,#701,#702),.UNSPECIFIED.,.F.
  ,.F.,(3,3),(0.,1.),.PIECEWISE_BEZIER_KNOTS.);
#700 = CARTESIAN_POINT('',(-6.229717295124,-7.112834652519,25.));
#701 = CARTESIAN_POINT('',(-6.088551949303,-7.112834652519,25.));
#702 = CARTESIAN_POINT('',(-5.980752957948,-7.067310517072,25.));
#703 = ORIENTED_EDGE('',*,*,#704,.T.);
#704 = EDGE_CURVE('',#697,#705,#707,.T.);
#705 = VERTEX_POINT('',#706);
#706 = CARTESIAN_POINT('',(-5.801223058813,-6.94005907615,25.));
#707 = B_SPLINE_CURVE_WITH_KNOTS('',2,(#708,#709,#710),.UNSPECIFIED.,.F.
  ,.F.,(3,3),(0.,1.),.PIECEWISE_BEZIER_KNOTS.);
#708 = CARTESIAN_POINT('',(-5.980752957948,-7.067310517072,25.));
#709 = CARTESIAN_POINT('',(-5.872818880139,-7.021786381625,25.));
#710 = CARTESIAN_POINT('',(-5.801223058813,-6.94005907615,25.));
#711 = ORIENTED_EDGE('',*,*,#712,.T.);
#712 = EDGE_CURVE('',#705,#713,#715,.T.);
#713 = VERTEX_POINT('',#714);
#714 = CARTESIAN_POINT('',(-5.693424067459,-6.745399494017,25.));
#715 = B_SPLINE_CURVE_WITH_KNOTS('',2,(#716,#717,#718),.UNSPECIFIED.,.F.
  ,.F.,(3,3),(0.,1.),.PIECEWISE_BEZIER_KNOTS.);
#716 = CARTESIAN_POINT('',(-5.801223058813,-6.94005907615,25.));
#717 = CARTESIAN_POINT('',(-5.729627237487,-6.858196684219,25.));
#718 = CARTESIAN_POINT('',(-5.693424067459,-6.745399494017,25.));
#719 = ORIENTED_EDGE('',*,*,#720,.T.);
#720 = EDGE_CURVE('',#713,#721,#723,.T.);
#721 = VERTEX_POINT('',#722);
#722 = CARTESIAN_POINT('',(-5.657085810974,-6.49994740468,25.));
#723 = B_SPLINE_CURVE_WITH_KNOTS('',2,(#724,#725,#726),.UNSPECIFIED.,.F.
  ,.F.,(3,3),(0.,1.),.PIECEWISE_BEZIER_KNOTS.);
#724 = CARTESIAN_POINT('',(-5.693424067459,-6.745399494017,25.));
#725 = CARTESIAN_POINT('',(-5.657085810974,-6.63246721736,25.));
#726 = CARTESIAN_POINT('',(-5.657085810974,-6.49994740468,25.));
#727 = ORIENTED_EDGE('',*,*,#728,.T.);
#728 = EDGE_CURVE('',#721,#729,#731,.T.);
#729 = VERTEX_POINT('',#730);
#730 = CARTESIAN_POINT('',(-5.799196761983,-6.118057995458,25.));
#731 = B_SPLINE_CURVE_WITH_KNOTS('',2,(#732,#733,#734),.UNSPECIFIED.,.F.
  ,.F.,(3,3),(0.,1.),.PIECEWISE_BEZIER_KNOTS.);
#732 = CARTESIAN_POINT('',(-5.657085810974,-6.49994740468,25.));
#733 = CARTESIAN_POINT('',(-5.657085810974,-6.255711093441,25.));
#734 = CARTESIAN_POINT('',(-5.799196761983,-6.118057995458,25.));
#735 = ORIENTED_EDGE('',*,*,#736,.T.);
#736 = EDGE_CURVE('',#729,#737,#739,.T.);
#737 = VERTEX_POINT('',#738);
#738 = CARTESIAN_POINT('',(-6.217289341234,-5.98026981102,25.));
#739 = B_SPLINE_CURVE_WITH_KNOTS('',2,(#740,#741,#742),.UNSPECIFIED.,.F.
  ,.F.,(3,3),(0.,1.),.PIECEWISE_BEZIER_KNOTS.);
#740 = CARTESIAN_POINT('',(-5.799196761983,-6.118057995458,25.));
#741 = CARTESIAN_POINT('',(-5.941307712992,-5.98026981102,25.));
#742 = CARTESIAN_POINT('',(-6.217289341234,-5.98026981102,25.));
#743 = ORIENTED_EDGE('',*,*,#744,.T.);
#744 = EDGE_CURVE('',#737,#745,#747,.T.);
#745 = VERTEX_POINT('',#746);
#746 = CARTESIAN_POINT('',(-6.655104542963,-6.070642649637,25.));
#747 = B_SPLINE_CURVE_WITH_KNOTS('',2,(#748,#749,#750),.UNSPECIFIED.,.F.
  ,.F.,(3,3),(0.,1.),.PIECEWISE_BEZIER_KNOTS.);
#748 = CARTESIAN_POINT('',(-6.217289341234,-5.98026981102,25.));
#749 = CARTESIAN_POINT('',(-6.435183793683,-5.98026981102,25.));
#750 = CARTESIAN_POINT('',(-6.655104542963,-6.070642649637,25.));
#751 = ORIENTED_EDGE('',*,*,#752,.T.);
#752 = EDGE_CURVE('',#745,#753,#755,.T.);
#753 = VERTEX_POINT('',#754);
#754 = CARTESIAN_POINT('',(-6.974584009822,-5.967976943585,25.));
#755 = LINE('',#756,#757);
#756 = CARTESIAN_POINT('',(-6.655104542963,-6.070642649637,25.));
#757 = VECTOR('',#758,1.);
#758 = DIRECTION('',(-0.952049501376,0.305944025812,0.));
#759 = ORIENTED_EDGE('',*,*,#760,.T.);
#760 = EDGE_CURVE('',#753,#761,#763,.T.);
#761 = VERTEX_POINT('',#762);
#762 = CARTESIAN_POINT('',(-6.725619672646,-4.510529177014,25.));
#763 = LINE('',#764,#765);
#764 = CARTESIAN_POINT('',(-6.974584009822,-5.967976943585,25.));
#765 = VECTOR('',#766,1.);
#766 = DIRECTION('',(0.168383072801,0.985721634537,0.));
#767 = ORIENTED_EDGE('',*,*,#768,.T.);
#768 = EDGE_CURVE('',#761,#503,#769,.T.);
#769 = LINE('',#770,#771);
#770 = CARTESIAN_POINT('',(-6.725619672646,-4.510529177014,25.));
#771 = VECTOR('',#772,1.);
#772 = DIRECTION('',(1.,0.,0.));
#773 = FACE_BOUND('',#774,.T.);
#774 = EDGE_LOOP('',(#775,#785,#793,#801,#809,#817,#825,#833,#841,#849,
    #857,#865,#873,#881,#889,#897));
#775 = ORIENTED_EDGE('',*,*,#776,.T.);
#776 = EDGE_CURVE('',#777,#779,#781,.T.);
#777 = VERTEX_POINT('',#778);
#778 = CARTESIAN_POINT('',(-1.739983865729,-5.327396972403,25.));
#779 = VERTEX_POINT('',#780);
#780 = CARTESIAN_POINT('',(-1.655825004058,-6.010529177014,25.));
#781 = B_SPLINE_CURVE_WITH_KNOTS('',2,(#782,#783,#784),.UNSPECIFIED.,.F.
  ,.F.,(3,3),(0.,1.),.PIECEWISE_BEZIER_KNOTS.);
#782 = CARTESIAN_POINT('',(-1.739983865729,-5.327396972403,25.));
#783 = CARTESIAN_POINT('',(-1.655825004058,-5.615941640991,25.));
#784 = CARTESIAN_POINT('',(-1.655825004058,-6.010529177014,25.));
#785 = ORIENTED_EDGE('',*,*,#786,.T.);
#786 = EDGE_CURVE('',#779,#787,#789,.T.);
#787 = VERTEX_POINT('',#788);
#788 = CARTESIAN_POINT('',(-1.739983865729,-6.692715776438,25.));
#789 = B_SPLINE_CURVE_WITH_KNOTS('',2,(#790,#791,#792),.UNSPECIFIED.,.F.
  ,.F.,(3,3),(0.,1.),.PIECEWISE_BEZIER_KNOTS.);
#790 = CARTESIAN_POINT('',(-1.655825004058,-6.010529177014,25.));
#791 = CARTESIAN_POINT('',(-1.655825004058,-6.402955329752,25.));
#792 = CARTESIAN_POINT('',(-1.739983865729,-6.692715776438,25.));
#793 = ORIENTED_EDGE('',*,*,#794,.T.);
#794 = EDGE_CURVE('',#787,#795,#797,.T.);
#795 = VERTEX_POINT('',#796);
#796 = CARTESIAN_POINT('',(-1.972332568899,-7.171327087677,25.));
#797 = B_SPLINE_CURVE_WITH_KNOTS('',2,(#798,#799,#800),.UNSPECIFIED.,.F.
  ,.F.,(3,3),(0.,1.),.PIECEWISE_BEZIER_KNOTS.);
#798 = CARTESIAN_POINT('',(-1.739983865729,-6.692715776438,25.));
#799 = CARTESIAN_POINT('',(-1.824007640946,-6.982341136669,25.));
#800 = CARTESIAN_POINT('',(-1.972332568899,-7.171327087677,25.));
#801 = ORIENTED_EDGE('',*,*,#802,.T.);
#802 = EDGE_CURVE('',#795,#803,#805,.T.);
#803 = VERTEX_POINT('',#804);
#804 = CARTESIAN_POINT('',(-2.32301700694,-7.452712174133,25.));
#805 = B_SPLINE_CURVE_WITH_KNOTS('',2,(#806,#807,#808),.UNSPECIFIED.,.F.
  ,.F.,(3,3),(0.,1.),.PIECEWISE_BEZIER_KNOTS.);
#806 = CARTESIAN_POINT('',(-1.972332568899,-7.171327087677,25.));
#807 = CARTESIAN_POINT('',(-2.120657496853,-7.360313038686,25.));
#808 = CARTESIAN_POINT('',(-2.32301700694,-7.452712174133,25.));
#809 = ORIENTED_EDGE('',*,*,#810,.T.);
#810 = EDGE_CURVE('',#803,#811,#813,.T.);
#811 = VERTEX_POINT('',#812);
#812 = CARTESIAN_POINT('',(-2.759751517026,-7.545111309579,25.));
#813 = B_SPLINE_CURVE_WITH_KNOTS('',2,(#814,#815,#816),.UNSPECIFIED.,.F.
  ,.F.,(3,3),(0.,1.),.PIECEWISE_BEZIER_KNOTS.);
#814 = CARTESIAN_POINT('',(-2.32301700694,-7.452712174133,25.));
#815 = CARTESIAN_POINT('',(-2.525241430571,-7.545111309579,25.));
#816 = CARTESIAN_POINT('',(-2.759751517026,-7.545111309579,25.));
#817 = ORIENTED_EDGE('',*,*,#818,.T.);
#818 = EDGE_CURVE('',#811,#819,#821,.T.);
#819 = VERTEX_POINT('',#820);
#820 = CARTESIAN_POINT('',(-3.194459730283,-7.452712174133,25.));
#821 = B_SPLINE_CURVE_WITH_KNOTS('',2,(#822,#823,#824),.UNSPECIFIED.,.F.
  ,.F.,(3,3),(0.,1.),.PIECEWISE_BEZIER_KNOTS.);
#822 = CARTESIAN_POINT('',(-2.759751517026,-7.545111309579,25.));
#823 = CARTESIAN_POINT('',(-2.994261603482,-7.545111309579,25.));
#824 = CARTESIAN_POINT('',(-3.194459730283,-7.452712174133,25.));
#825 = ORIENTED_EDGE('',*,*,#826,.T.);
#826 = EDGE_CURVE('',#819,#827,#829,.T.);
#827 = VERTEX_POINT('',#828);
#828 = CARTESIAN_POINT('',(-3.54203717985,-7.171327087677,25.));
#829 = B_SPLINE_CURVE_WITH_KNOTS('',2,(#830,#831,#832),.UNSPECIFIED.,.F.
  ,.F.,(3,3),(0.,1.),.PIECEWISE_BEZIER_KNOTS.);
#830 = CARTESIAN_POINT('',(-3.194459730283,-7.452712174133,25.));
#831 = CARTESIAN_POINT('',(-3.394657857084,-7.360313038686,25.));
#832 = CARTESIAN_POINT('',(-3.54203717985,-7.171327087677,25.));
#833 = ORIENTED_EDGE('',*,*,#834,.T.);
#834 = EDGE_CURVE('',#827,#835,#837,.T.);
#835 = VERTEX_POINT('',#836);
#836 = CARTESIAN_POINT('',(-3.77235958619,-6.692715776438,25.));
#837 = B_SPLINE_CURVE_WITH_KNOTS('',2,(#838,#839,#840),.UNSPECIFIED.,.F.
  ,.F.,(3,3),(0.,1.),.PIECEWISE_BEZIER_KNOTS.);
#838 = CARTESIAN_POINT('',(-3.54203717985,-7.171327087677,25.));
#839 = CARTESIAN_POINT('',(-3.689281416162,-6.982341136669,25.));
#840 = CARTESIAN_POINT('',(-3.77235958619,-6.692715776438,25.));
#841 = ORIENTED_EDGE('',*,*,#842,.T.);
#842 = EDGE_CURVE('',#835,#843,#845,.T.);
#843 = VERTEX_POINT('',#844);
#844 = CARTESIAN_POINT('',(-3.855302669764,-6.010529177014,25.));
#845 = B_SPLINE_CURVE_WITH_KNOTS('',2,(#846,#847,#848),.UNSPECIFIED.,.F.
  ,.F.,(3,3),(0.,1.),.PIECEWISE_BEZIER_KNOTS.);
#846 = CARTESIAN_POINT('',(-3.77235958619,-6.692715776438,25.));
#847 = CARTESIAN_POINT('',(-3.855302669764,-6.402955329752,25.));
#848 = CARTESIAN_POINT('',(-3.855302669764,-6.010529177014,25.));
#849 = ORIENTED_EDGE('',*,*,#850,.T.);
#850 = EDGE_CURVE('',#843,#851,#853,.T.);
#851 = VERTEX_POINT('',#852);
#852 = CARTESIAN_POINT('',(-3.77235958619,-5.327396972403,25.));
#853 = B_SPLINE_CURVE_WITH_KNOTS('',2,(#854,#855,#856),.UNSPECIFIED.,.F.
  ,.F.,(3,3),(0.,1.),.PIECEWISE_BEZIER_KNOTS.);
#854 = CARTESIAN_POINT('',(-3.855302669764,-6.010529177014,25.));
#855 = CARTESIAN_POINT('',(-3.855302669764,-5.615941640991,25.));
#856 = CARTESIAN_POINT('',(-3.77235958619,-5.327396972403,25.));
#857 = ORIENTED_EDGE('',*,*,#858,.T.);
#858 = EDGE_CURVE('',#851,#859,#861,.T.);
#859 = VERTEX_POINT('',#860);
#860 = CARTESIAN_POINT('',(-3.54203717985,-4.849731266352,25.));
#861 = B_SPLINE_CURVE_WITH_KNOTS('',2,(#862,#863,#864),.UNSPECIFIED.,.F.
  ,.F.,(3,3),(0.,1.),.PIECEWISE_BEZIER_KNOTS.);
#862 = CARTESIAN_POINT('',(-3.77235958619,-5.327396972403,25.));
#863 = CARTESIAN_POINT('',(-3.689281416162,-5.03871721736,25.));
#864 = CARTESIAN_POINT('',(-3.54203717985,-4.849731266352,25.));
#865 = ORIENTED_EDGE('',*,*,#866,.T.);
#866 = EDGE_CURVE('',#859,#867,#869,.T.);
#867 = VERTEX_POINT('',#868);
#868 = CARTESIAN_POINT('',(-3.194459730283,-4.568346179896,25.));
#869 = B_SPLINE_CURVE_WITH_KNOTS('',2,(#870,#871,#872),.UNSPECIFIED.,.F.
  ,.F.,(3,3),(0.,1.),.PIECEWISE_BEZIER_KNOTS.);
#870 = CARTESIAN_POINT('',(-3.54203717985,-4.849731266352,25.));
#871 = CARTESIAN_POINT('',(-3.394657857084,-4.660745315343,25.));
#872 = CARTESIAN_POINT('',(-3.194459730283,-4.568346179896,25.));
#873 = ORIENTED_EDGE('',*,*,#874,.T.);
#874 = EDGE_CURVE('',#867,#875,#877,.T.);
#875 = VERTEX_POINT('',#876);
#876 = CARTESIAN_POINT('',(-2.759751517026,-4.47594704445,25.));
#877 = B_SPLINE_CURVE_WITH_KNOTS('',2,(#878,#879,#880),.UNSPECIFIED.,.F.
  ,.F.,(3,3),(0.,1.),.PIECEWISE_BEZIER_KNOTS.);
#878 = CARTESIAN_POINT('',(-3.194459730283,-4.568346179896,25.));
#879 = CARTESIAN_POINT('',(-2.994261603482,-4.47594704445,25.));
#880 = CARTESIAN_POINT('',(-2.759751517026,-4.47594704445,25.));
#881 = ORIENTED_EDGE('',*,*,#882,.T.);
#882 = EDGE_CURVE('',#875,#883,#885,.T.);
#883 = VERTEX_POINT('',#884);
#884 = CARTESIAN_POINT('',(-2.32301700694,-4.568346179896,25.));
#885 = B_SPLINE_CURVE_WITH_KNOTS('',2,(#886,#887,#888),.UNSPECIFIED.,.F.
  ,.F.,(3,3),(0.,1.),.PIECEWISE_BEZIER_KNOTS.);
#886 = CARTESIAN_POINT('',(-2.759751517026,-4.47594704445,25.));
#887 = CARTESIAN_POINT('',(-2.525241430571,-4.47594704445,25.));
#888 = CARTESIAN_POINT('',(-2.32301700694,-4.568346179896,25.));
#889 = ORIENTED_EDGE('',*,*,#890,.T.);
#890 = EDGE_CURVE('',#883,#891,#893,.T.);
#891 = VERTEX_POINT('',#892);
#892 = CARTESIAN_POINT('',(-1.972332568899,-4.849731266352,25.));
#893 = B_SPLINE_CURVE_WITH_KNOTS('',2,(#894,#895,#896),.UNSPECIFIED.,.F.
  ,.F.,(3,3),(0.,1.),.PIECEWISE_BEZIER_KNOTS.);
#894 = CARTESIAN_POINT('',(-2.32301700694,-4.568346179896,25.));
#895 = CARTESIAN_POINT('',(-2.120657496853,-4.660745315343,25.));
#896 = CARTESIAN_POINT('',(-1.972332568899,-4.849731266352,25.));
#897 = ORIENTED_EDGE('',*,*,#898,.T.);
#898 = EDGE_CURVE('',#891,#777,#899,.T.);
#899 = B_SPLINE_CURVE_WITH_KNOTS('',2,(#900,#901,#902),.UNSPECIFIED.,.F.
  ,.F.,(3,3),(0.,1.),.PIECEWISE_BEZIER_KNOTS.);
#900 = CARTESIAN_POINT('',(-1.972332568899,-4.849731266352,25.));
#901 = CARTESIAN_POINT('',(-1.824007640946,-5.03871721736,25.));
#902 = CARTESIAN_POINT('',(-1.739983865729,-5.327396972403,25.));
#903 = FACE_BOUND('',#904,.T.);
#904 = EDGE_LOOP('',(#905,#915,#923,#931,#939,#947,#955,#963,#971,#979,
    #987,#995,#1003,#1011,#1019,#1027));
#905 = ORIENTED_EDGE('',*,*,#906,.T.);
#906 = EDGE_CURVE('',#907,#909,#911,.T.);
#907 = VERTEX_POINT('',#908);
#908 = CARTESIAN_POINT('',(0.663474347527,-5.327396972403,25.));
#909 = VERTEX_POINT('',#910);
#910 = CARTESIAN_POINT('',(0.747633209199,-6.010529177014,25.));
#911 = B_SPLINE_CURVE_WITH_KNOTS('',2,(#912,#913,#914),.UNSPECIFIED.,.F.
  ,.F.,(3,3),(0.,1.),.PIECEWISE_BEZIER_KNOTS.);
#912 = CARTESIAN_POINT('',(0.663474347527,-5.327396972403,25.));
#913 = CARTESIAN_POINT('',(0.747633209199,-5.615941640991,25.));
#914 = CARTESIAN_POINT('',(0.747633209199,-6.010529177014,25.));
#915 = ORIENTED_EDGE('',*,*,#916,.T.);
#916 = EDGE_CURVE('',#909,#917,#919,.T.);
#917 = VERTEX_POINT('',#918);
#918 = CARTESIAN_POINT('',(0.663474347527,-6.692715776438,25.));
#919 = B_SPLINE_CURVE_WITH_KNOTS('',2,(#920,#921,#922),.UNSPECIFIED.,.F.
  ,.F.,(3,3),(0.,1.),.PIECEWISE_BEZIER_KNOTS.);
#920 = CARTESIAN_POINT('',(0.747633209199,-6.010529177014,25.));
#921 = CARTESIAN_POINT('',(0.747633209199,-6.402955329752,25.));
#922 = CARTESIAN_POINT('',(0.663474347527,-6.692715776438,25.));
#923 = ORIENTED_EDGE('',*,*,#924,.T.);
#924 = EDGE_CURVE('',#917,#925,#927,.T.);
#925 = VERTEX_POINT('',#926);
#926 = CARTESIAN_POINT('',(0.431125644357,-7.171327087677,25.));
#927 = B_SPLINE_CURVE_WITH_KNOTS('',2,(#928,#929,#930),.UNSPECIFIED.,.F.
  ,.F.,(3,3),(0.,1.),.PIECEWISE_BEZIER_KNOTS.);
#928 = CARTESIAN_POINT('',(0.663474347527,-6.692715776438,25.));
#929 = CARTESIAN_POINT('',(0.579450572311,-6.982341136669,25.));
#930 = CARTESIAN_POINT('',(0.431125644357,-7.171327087677,25.));
#931 = ORIENTED_EDGE('',*,*,#932,.T.);
#932 = EDGE_CURVE('',#925,#933,#935,.T.);
#933 = VERTEX_POINT('',#934);
#934 = CARTESIAN_POINT('',(8.044120631671E-02,-7.452712174133,25.));
#935 = B_SPLINE_CURVE_WITH_KNOTS('',2,(#936,#937,#938),.UNSPECIFIED.,.F.
  ,.F.,(3,3),(0.,1.),.PIECEWISE_BEZIER_KNOTS.);
#936 = CARTESIAN_POINT('',(0.431125644357,-7.171327087677,25.));
#937 = CARTESIAN_POINT('',(0.282800716403,-7.360313038686,25.));
#938 = CARTESIAN_POINT('',(8.044120631671E-02,-7.452712174133,25.));
#939 = ORIENTED_EDGE('',*,*,#940,.T.);
#940 = EDGE_CURVE('',#933,#941,#943,.T.);
#941 = VERTEX_POINT('',#942);
#942 = CARTESIAN_POINT('',(-0.35629330377,-7.545111309579,25.));
#943 = B_SPLINE_CURVE_WITH_KNOTS('',2,(#944,#945,#946),.UNSPECIFIED.,.F.
  ,.F.,(3,3),(0.,1.),.PIECEWISE_BEZIER_KNOTS.);
#944 = CARTESIAN_POINT('',(8.044120631671E-02,-7.452712174133,25.));
#945 = CARTESIAN_POINT('',(-0.121783217314,-7.545111309579,25.));
#946 = CARTESIAN_POINT('',(-0.35629330377,-7.545111309579,25.));
#947 = ORIENTED_EDGE('',*,*,#948,.T.);
#948 = EDGE_CURVE('',#941,#949,#951,.T.);
#949 = VERTEX_POINT('',#950);
#950 = CARTESIAN_POINT('',(-0.791001517026,-7.452712174133,25.));
#951 = B_SPLINE_CURVE_WITH_KNOTS('',2,(#952,#953,#954),.UNSPECIFIED.,.F.
  ,.F.,(3,3),(0.,1.),.PIECEWISE_BEZIER_KNOTS.);
#952 = CARTESIAN_POINT('',(-0.35629330377,-7.545111309579,25.));
#953 = CARTESIAN_POINT('',(-0.590803390225,-7.545111309579,25.));
#954 = CARTESIAN_POINT('',(-0.791001517026,-7.452712174133,25.));
#955 = ORIENTED_EDGE('',*,*,#956,.T.);
#956 = EDGE_CURVE('',#949,#957,#959,.T.);
#957 = VERTEX_POINT('',#958);
#958 = CARTESIAN_POINT('',(-1.138578966594,-7.171327087677,25.));
#959 = B_SPLINE_CURVE_WITH_KNOTS('',2,(#960,#961,#962),.UNSPECIFIED.,.F.
  ,.F.,(3,3),(0.,1.),.PIECEWISE_BEZIER_KNOTS.);
#960 = CARTESIAN_POINT('',(-0.791001517026,-7.452712174133,25.));
#961 = CARTESIAN_POINT('',(-0.991199643827,-7.360313038686,25.));
#962 = CARTESIAN_POINT('',(-1.138578966594,-7.171327087677,25.));
#963 = ORIENTED_EDGE('',*,*,#964,.T.);
#964 = EDGE_CURVE('',#957,#965,#967,.T.);
#965 = VERTEX_POINT('',#966);
#966 = CARTESIAN_POINT('',(-1.368901372934,-6.692715776438,25.));
#967 = B_SPLINE_CURVE_WITH_KNOTS('',2,(#968,#969,#970),.UNSPECIFIED.,.F.
  ,.F.,(3,3),(0.,1.),.PIECEWISE_BEZIER_KNOTS.);
#968 = CARTESIAN_POINT('',(-1.138578966594,-7.171327087677,25.));
#969 = CARTESIAN_POINT('',(-1.285823202905,-6.982341136669,25.));
#970 = CARTESIAN_POINT('',(-1.368901372934,-6.692715776438,25.));
#971 = ORIENTED_EDGE('',*,*,#972,.T.);
#972 = EDGE_CURVE('',#965,#973,#975,.T.);
#973 = VERTEX_POINT('',#974);
#974 = CARTESIAN_POINT('',(-1.451844456507,-6.010529177014,25.));
#975 = B_SPLINE_CURVE_WITH_KNOTS('',2,(#976,#977,#978),.UNSPECIFIED.,.F.
  ,.F.,(3,3),(0.,1.),.PIECEWISE_BEZIER_KNOTS.);
#976 = CARTESIAN_POINT('',(-1.368901372934,-6.692715776438,25.));
#977 = CARTESIAN_POINT('',(-1.451844456507,-6.402955329752,25.));
#978 = CARTESIAN_POINT('',(-1.451844456507,-6.010529177014,25.));
#979 = ORIENTED_EDGE('',*,*,#980,.T.);
#980 = EDGE_CURVE('',#973,#981,#983,.T.);
#981 = VERTEX_POINT('',#982);
#982 = CARTESIAN_POINT('',(-1.368901372934,-5.327396972403,25.));
#983 = B_SPLINE_CURVE_WITH_KNOTS('',2,(#984,#985,#986),.UNSPECIFIED.,.F.
  ,.F.,(3,3),(0.,1.),.PIECEWISE_BEZIER_KNOTS.);
#984 = CARTESIAN_POINT('',(-1.451844456507,-6.010529177014,25.));
#985 = CARTESIAN_POINT('',(-1.451844456507,-5.615941640991,25.));
#986 = CARTESIAN_POINT('',(-1.368901372934,-5.327396972403,25.));
#987 = ORIENTED_EDGE('',*,*,#988,.T.);
#988 = EDGE_CURVE('',#981,#989,#991,.T.);
#989 = VERTEX_POINT('',#990);
#990 = CARTESIAN_POINT('',(-1.138578966594,-4.849731266352,25.));
#991 = B_SPLINE_CURVE_WITH_KNOTS('',2,(#992,#993,#994),.UNSPECIFIED.,.F.
  ,.F.,(3,3),(0.,1.),.PIECEWISE_BEZIER_KNOTS.);
#992 = CARTESIAN_POINT('',(-1.368901372934,-5.327396972403,25.));
#993 = CARTESIAN_POINT('',(-1.285823202905,-5.03871721736,25.));
#994 = CARTESIAN_POINT('',(-1.138578966594,-4.849731266352,25.));
#995 = ORIENTED_EDGE('',*,*,#996,.T.);
#996 = EDGE_CURVE('',#989,#997,#999,.T.);
#997 = VERTEX_POINT('',#998);
#998 = CARTESIAN_POINT('',(-0.791001517026,-4.568346179896,25.));
#999 = B_SPLINE_CURVE_WITH_KNOTS('',2,(#1000,#1001,#1002),
  .UNSPECIFIED.,.F.,.F.,(3,3),(0.,1.),.PIECEWISE_BEZIER_KNOTS.);
#1000 = CARTESIAN_POINT('',(-1.138578966594,-4.849731266352,25.));
#1001 = CARTESIAN_POINT('',(-0.991199643827,-4.660745315343,25.));
#1002 = CARTESIAN_POINT('',(-0.791001517026,-4.568346179896,25.));
#1003 = ORIENTED_EDGE('',*,*,#1004,.T.);
#1004 = EDGE_CURVE('',#997,#1005,#1007,.T.);
#1005 = VERTEX_POINT('',#1006);
#1006 = CARTESIAN_POINT('',(-0.35629330377,-4.47594704445,25.));
#1007 = B_SPLINE_CURVE_WITH_KNOTS('',2,(#1008,#1009,#1010),
  .UNSPECIFIED.,.F.,.F.,(3,3),(0.,1.),.PIECEWISE_BEZIER_KNOTS.);
#1008 = CARTESIAN_POINT('',(-0.791001517026,-4.568346179896,25.));
#1009 = CARTESIAN_POINT('',(-0.590803390225,-4.47594704445,25.));
#1010 = CARTESIAN_POINT('',(-0.35629330377,-4.47594704445,25.));
#1011 = ORIENTED_EDGE('',*,*,#1012,.T.);
#1012 = EDGE_CURVE('',#1005,#1013,#1015,.T.);
#1013 = VERTEX_POINT('',#1014);
#1014 = CARTESIAN_POINT('',(8.044120631671E-02,-4.568346179896,25.));
#1015 = B_SPLINE_CURVE_WITH_KNOTS('',2,(#1016,#1017,#1018),
  .UNSPECIFIED.,.F.,.F.,(3,3),(0.,1.),.PIECEWISE_BEZIER_KNOTS.);
#1016 = CARTESIAN_POINT('',(-0.35629330377,-4.47594704445,25.));
#1017 = CARTESIAN_POINT('',(-0.121783217314,-4.47594704445,25.));
#1018 = CARTESIAN_POINT('',(8.044120631671E-02,-4.568346179896,25.));
#1019 = ORIENTED_EDGE('',*,*,#1020,.T.);
#1020 = EDGE_CURVE('',#1013,#1021,#1023,.T.);
#1021 = VERTEX_POINT('',#1022);
#1022 = CARTESIAN_POINT('',(0.431125644357,-4.849731266352,25.));
#1023 = B_SPLINE_CURVE_WITH_KNOTS('',2,(#1024,#1025,#1026),
  .UNSPECIFIED.,.F.,.F.,(3,3),(0.,1.),.PIECEWISE_BEZIER_KNOTS.);
#1024 = CARTESIAN_POINT('',(8.044120631671E-02,-4.568346179896,25.));
#1025 = CARTESIAN_POINT('',(0.282800716403,-4.660745315343,25.));
#1026 = CARTESIAN_POINT('',(0.431125644357,-4.849731266352,25.));
#1027 = ORIENTED_EDGE('',*,*,#1028,.T.);
#1028 = EDGE_CURVE('',#1021,#907,#1029,.T.);
#1029 = B_SPLINE_CURVE_WITH_KNOTS('',2,(#1030,#1031,#1032),
  .UNSPECIFIED.,.F.,.F.,(3,3),(0.,1.),.PIECEWISE_BEZIER_KNOTS.);
#1030 = CARTESIAN_POINT('',(0.431125644357,-4.849731266352,25.));
#1031 = CARTESIAN_POINT('',(0.579450572311,-5.03871721736,25.));
#1032 = CARTESIAN_POINT('',(0.663474347527,-5.327396972403,25.));
#1033 = FACE_BOUND('',#1034,.T.);
#1034 = EDGE_LOOP('',(#1035,#1045,#1053,#1061,#1069,#1077,#1085,#1093,
    #1101,#1109,#1117,#1125,#1133,#1141,#1149,#1157,#1165,#1173,#1181,
    #1189,#1197,#1205,#1213,#1221,#1229,#1237,#1245,#1253,#1261,#1269,
    #1277,#1285,#1293,#1301,#1309,#1317));
#1035 = ORIENTED_EDGE('',*,*,#1036,.T.);
#1036 = EDGE_CURVE('',#1037,#1039,#1041,.T.);
#1037 = VERTEX_POINT('',#1038);
#1038 = CARTESIAN_POINT('',(2.438240197671,-7.510529177014,25.));
#1039 = VERTEX_POINT('',#1040);
#1040 = CARTESIAN_POINT('',(1.925857272599,-7.510529177014,25.));
#1041 = LINE('',#1042,#1043);
#1042 = CARTESIAN_POINT('',(2.438240197671,-7.510529177014,25.));
#1043 = VECTOR('',#1044,1.);
#1044 = DIRECTION('',(-1.,0.,0.));
#1045 = ORIENTED_EDGE('',*,*,#1046,.T.);
#1046 = EDGE_CURVE('',#1039,#1047,#1049,.T.);
#1047 = VERTEX_POINT('',#1048);
#1048 = CARTESIAN_POINT('',(1.925857272599,-5.383728024277,25.));
#1049 = LINE('',#1050,#1051);
#1050 = CARTESIAN_POINT('',(1.925857272599,-7.510529177014,25.));
#1051 = VECTOR('',#1052,1.);
#1052 = DIRECTION('',(0.,1.,0.));
#1053 = ORIENTED_EDGE('',*,*,#1054,.T.);
#1054 = EDGE_CURVE('',#1047,#1055,#1057,.T.);
#1055 = VERTEX_POINT('',#1056);
#1056 = CARTESIAN_POINT('',(2.239122762513,-5.383728024277,25.));
#1057 = LINE('',#1058,#1059);
#1058 = CARTESIAN_POINT('',(1.925857272599,-5.383728024277,25.));
#1059 = VECTOR('',#1060,1.);
#1060 = DIRECTION('',(1.,0.,0.));
#1061 = ORIENTED_EDGE('',*,*,#1062,.T.);
#1062 = EDGE_CURVE('',#1055,#1063,#1065,.T.);
#1063 = VERTEX_POINT('',#1064);
#1064 = CARTESIAN_POINT('',(2.369886451273,-5.477072764911,25.));
#1065 = B_SPLINE_CURVE_WITH_KNOTS('',2,(#1066,#1067,#1068),
  .UNSPECIFIED.,.F.,.F.,(3,3),(0.,1.),.PIECEWISE_BEZIER_KNOTS.);
#1066 = CARTESIAN_POINT('',(2.239122762513,-5.383728024277,25.));
#1067 = CARTESIAN_POINT('',(2.338681480092,-5.383728024277,25.));
#1068 = CARTESIAN_POINT('',(2.369886451273,-5.477072764911,25.));
#1069 = ORIENTED_EDGE('',*,*,#1070,.T.);
#1070 = EDGE_CURVE('',#1063,#1071,#1073,.T.);
#1071 = VERTEX_POINT('',#1072);
#1072 = CARTESIAN_POINT('',(2.40298263283,-5.634583571827,25.));
#1073 = LINE('',#1074,#1075);
#1074 = CARTESIAN_POINT('',(2.369886451273,-5.477072764911,25.));
#1075 = VECTOR('',#1076,1.);
#1076 = DIRECTION('',(0.205629772653,-0.978629856789,0.));
#1077 = ORIENTED_EDGE('',*,*,#1078,.T.);
#1078 = EDGE_CURVE('',#1071,#1079,#1081,.T.);
#1079 = VERTEX_POINT('',#1080);
#1080 = CARTESIAN_POINT('',(2.520237676057,-5.520030257706,25.));
#1081 = B_SPLINE_CURVE_WITH_KNOTS('',2,(#1082,#1083,#1084),
  .UNSPECIFIED.,.F.,.F.,(3,3),(0.,1.),.PIECEWISE_BEZIER_KNOTS.);
#1082 = CARTESIAN_POINT('',(2.40298263283,-5.634583571827,25.));
#1083 = CARTESIAN_POINT('',(2.459043511792,-5.572038543009,25.));
#1084 = CARTESIAN_POINT('',(2.520237676057,-5.520030257706,25.));
#1085 = ORIENTED_EDGE('',*,*,#1086,.T.);
#1086 = EDGE_CURVE('',#1079,#1087,#1089,.T.);
#1087 = VERTEX_POINT('',#1088);
#1088 = CARTESIAN_POINT('',(2.650866278363,-5.430467937821,25.));
#1089 = B_SPLINE_CURVE_WITH_KNOTS('',2,(#1090,#1091,#1092),
  .UNSPECIFIED.,.F.,.F.,(3,3),(0.,1.),.PIECEWISE_BEZIER_KNOTS.);
#1090 = CARTESIAN_POINT('',(2.520237676057,-5.520030257706,25.));
#1091 = CARTESIAN_POINT('',(2.581431840322,-5.467886885948,25.));
#1092 = CARTESIAN_POINT('',(2.650866278363,-5.430467937821,25.));
#1093 = ORIENTED_EDGE('',*,*,#1094,.T.);
#1094 = EDGE_CURVE('',#1087,#1095,#1097,.T.);
#1095 = VERTEX_POINT('',#1096);
#1096 = CARTESIAN_POINT('',(2.800271897959,-5.371029897475,25.));
#1097 = B_SPLINE_CURVE_WITH_KNOTS('',2,(#1098,#1099,#1100),
  .UNSPECIFIED.,.F.,.F.,(3,3),(0.,1.),.PIECEWISE_BEZIER_KNOTS.);
#1098 = CARTESIAN_POINT('',(2.650866278363,-5.430467937821,25.));
#1099 = CARTESIAN_POINT('',(2.720435802858,-5.392913903239,25.));
#1100 = CARTESIAN_POINT('',(2.800271897959,-5.371029897475,25.));
#1101 = ORIENTED_EDGE('',*,*,#1102,.T.);
#1102 = EDGE_CURVE('',#1095,#1103,#1105,.T.);
#1103 = VERTEX_POINT('',#1104);
#1104 = CARTESIAN_POINT('',(2.975749203435,-5.349145891712,25.));
#1105 = B_SPLINE_CURVE_WITH_KNOTS('',2,(#1106,#1107,#1108),
  .UNSPECIFIED.,.F.,.F.,(3,3),(0.,1.),.PIECEWISE_BEZIER_KNOTS.);
#1106 = CARTESIAN_POINT('',(2.800271897959,-5.371029897475,25.));
#1107 = CARTESIAN_POINT('',(2.880243079516,-5.349145891712,25.));
#1108 = CARTESIAN_POINT('',(2.975749203435,-5.349145891712,25.));
#1109 = ORIENTED_EDGE('',*,*,#1110,.T.);
#1110 = EDGE_CURVE('',#1103,#1111,#1113,.T.);
#1111 = VERTEX_POINT('',#1112);
#1112 = CARTESIAN_POINT('',(3.306711018997,-5.457890488254,25.));
#1113 = B_SPLINE_CURVE_WITH_KNOTS('',2,(#1114,#1115,#1116),
  .UNSPECIFIED.,.F.,.F.,(3,3),(0.,1.),.PIECEWISE_BEZIER_KNOTS.);
#1114 = CARTESIAN_POINT('',(2.975749203435,-5.349145891712,25.));
#1115 = CARTESIAN_POINT('',(3.177028021879,-5.349145891712,25.));
#1116 = CARTESIAN_POINT('',(3.306711018997,-5.457890488254,25.));
#1117 = ORIENTED_EDGE('',*,*,#1118,.T.);
#1118 = EDGE_CURVE('',#1111,#1119,#1121,.T.);
#1119 = VERTEX_POINT('',#1120);
#1120 = CARTESIAN_POINT('',(3.500695168853,-5.746840416207,25.));
#1121 = B_SPLINE_CURVE_WITH_KNOTS('',2,(#1122,#1123,#1124),
  .UNSPECIFIED.,.F.,.F.,(3,3),(0.,1.),.PIECEWISE_BEZIER_KNOTS.);
#1122 = CARTESIAN_POINT('',(3.306711018997,-5.457890488254,25.));
#1123 = CARTESIAN_POINT('',(3.436394016115,-5.566635084795,25.));
#1124 = CARTESIAN_POINT('',(3.500695168853,-5.746840416207,25.));
#1125 = ORIENTED_EDGE('',*,*,#1126,.T.);
#1126 = EDGE_CURVE('',#1119,#1127,#1129,.T.);
#1127 = VERTEX_POINT('',#1128);
#1128 = CARTESIAN_POINT('',(3.625109794213,-5.565689479608,25.));
#1129 = B_SPLINE_CURVE_WITH_KNOTS('',2,(#1130,#1131,#1132),
  .UNSPECIFIED.,.F.,.F.,(3,3),(0.,1.),.PIECEWISE_BEZIER_KNOTS.);
#1130 = CARTESIAN_POINT('',(3.500695168853,-5.746840416207,25.));
#1131 = CARTESIAN_POINT('',(3.550406984415,-5.641202808138,25.));
#1132 = CARTESIAN_POINT('',(3.625109794213,-5.565689479608,25.));
#1133 = ORIENTED_EDGE('',*,*,#1134,.T.);
#1134 = EDGE_CURVE('',#1127,#1135,#1137,.T.);
#1135 = VERTEX_POINT('',#1136);
#1136 = CARTESIAN_POINT('',(3.78896966453,-5.44235554589,25.));
#1137 = B_SPLINE_CURVE_WITH_KNOTS('',2,(#1138,#1139,#1140),
  .UNSPECIFIED.,.F.,.F.,(3,3),(0.,1.),.PIECEWISE_BEZIER_KNOTS.);
#1138 = CARTESIAN_POINT('',(3.625109794213,-5.565689479608,25.));
#1139 = CARTESIAN_POINT('',(3.699812604011,-5.490041064622,25.));
#1140 = CARTESIAN_POINT('',(3.78896966453,-5.44235554589,25.));
#1141 = ORIENTED_EDGE('',*,*,#1142,.T.);
#1142 = EDGE_CURVE('',#1135,#1143,#1145,.T.);
#1143 = VERTEX_POINT('',#1144);
#1144 = CARTESIAN_POINT('',(3.978901220726,-5.371975502663,25.));
#1145 = B_SPLINE_CURVE_WITH_KNOTS('',2,(#1146,#1147,#1148),
  .UNSPECIFIED.,.F.,.F.,(3,3),(0.,1.),.PIECEWISE_BEZIER_KNOTS.);
#1146 = CARTESIAN_POINT('',(3.78896966453,-5.44235554589,25.));
#1147 = CARTESIAN_POINT('',(3.878261811504,-5.394670027158,25.));
#1148 = CARTESIAN_POINT('',(3.978901220726,-5.371975502663,25.));
#1149 = ORIENTED_EDGE('',*,*,#1150,.T.);
#1150 = EDGE_CURVE('',#1143,#1151,#1153,.T.);
#1151 = VERTEX_POINT('',#1152);
#1152 = CARTESIAN_POINT('',(4.181260730812,-5.349145891712,25.));
#1153 = B_SPLINE_CURVE_WITH_KNOTS('',2,(#1154,#1155,#1156),
  .UNSPECIFIED.,.F.,.F.,(3,3),(0.,1.),.PIECEWISE_BEZIER_KNOTS.);
#1154 = CARTESIAN_POINT('',(3.978901220726,-5.371975502663,25.));
#1155 = CARTESIAN_POINT('',(4.079540629948,-5.349145891712,25.));
#1156 = CARTESIAN_POINT('',(4.181260730812,-5.349145891712,25.));
#1157 = ORIENTED_EDGE('',*,*,#1158,.T.);
#1158 = EDGE_CURVE('',#1151,#1159,#1161,.T.);
#1159 = VERTEX_POINT('',#1160);
#1160 = CARTESIAN_POINT('',(4.494526220726,-5.403045387389,25.));
#1161 = B_SPLINE_CURVE_WITH_KNOTS('',2,(#1162,#1163,#1164),
  .UNSPECIFIED.,.F.,.F.,(3,3),(0.,1.),.PIECEWISE_BEZIER_KNOTS.);
#1162 = CARTESIAN_POINT('',(4.181260730812,-5.349145891712,25.));
#1163 = CARTESIAN_POINT('',(4.35754855502,-5.349145891712,25.));
#1164 = CARTESIAN_POINT('',(4.494526220726,-5.403045387389,25.));
#1165 = ORIENTED_EDGE('',*,*,#1166,.T.);
#1166 = EDGE_CURVE('',#1159,#1167,#1169,.T.);
#1167 = VERTEX_POINT('',#1168);
#1168 = CARTESIAN_POINT('',(4.724848627066,-5.560691280761,25.));
#1169 = B_SPLINE_CURVE_WITH_KNOTS('',2,(#1170,#1171,#1172),
  .UNSPECIFIED.,.F.,.F.,(3,3),(0.,1.),.PIECEWISE_BEZIER_KNOTS.);
#1170 = CARTESIAN_POINT('',(4.494526220726,-5.403045387389,25.));
#1171 = CARTESIAN_POINT('',(4.631503886432,-5.456944883066,25.));
#1172 = CARTESIAN_POINT('',(4.724848627066,-5.560691280761,25.));
#1173 = ORIENTED_EDGE('',*,*,#1174,.T.);
#1174 = EDGE_CURVE('',#1167,#1175,#1177,.T.);
#1175 = VERTEX_POINT('',#1176);
#1176 = CARTESIAN_POINT('',(4.866959578075,-5.813843298052,25.));
#1177 = B_SPLINE_CURVE_WITH_KNOTS('',2,(#1178,#1179,#1180),
  .UNSPECIFIED.,.F.,.F.,(3,3),(0.,1.),.PIECEWISE_BEZIER_KNOTS.);
#1178 = CARTESIAN_POINT('',(4.724848627066,-5.560691280761,25.));
#1179 = CARTESIAN_POINT('',(4.8181933677,-5.664437678455,25.));
#1180 = CARTESIAN_POINT('',(4.866959578075,-5.813843298052,25.));
#1181 = ORIENTED_EDGE('',*,*,#1182,.T.);
#1182 = EDGE_CURVE('',#1175,#1183,#1185,.T.);
#1183 = VERTEX_POINT('',#1184);
#1184 = CARTESIAN_POINT('',(4.915725788449,-6.156017289406,25.));
#1185 = B_SPLINE_CURVE_WITH_KNOTS('',2,(#1186,#1187,#1188),
  .UNSPECIFIED.,.F.,.F.,(3,3),(0.,1.),.PIECEWISE_BEZIER_KNOTS.);
#1186 = CARTESIAN_POINT('',(4.866959578075,-5.813843298052,25.));
#1187 = CARTESIAN_POINT('',(4.915725788449,-5.963113831193,25.));
#1188 = CARTESIAN_POINT('',(4.915725788449,-6.156017289406,25.));
#1189 = ORIENTED_EDGE('',*,*,#1190,.T.);
#1190 = EDGE_CURVE('',#1183,#1191,#1193,.T.);
#1191 = VERTEX_POINT('',#1192);
#1192 = CARTESIAN_POINT('',(4.915725788449,-7.510529177014,25.));
#1193 = LINE('',#1194,#1195);
#1194 = CARTESIAN_POINT('',(4.915725788449,-6.156017289406,25.));
#1195 = VECTOR('',#1196,1.);
#1196 = DIRECTION('',(0.,-1.,0.));
#1197 = ORIENTED_EDGE('',*,*,#1198,.T.);
#1198 = EDGE_CURVE('',#1191,#1199,#1201,.T.);
#1199 = VERTEX_POINT('',#1200);
#1200 = CARTESIAN_POINT('',(4.403207776922,-7.510529177014,25.));
#1201 = LINE('',#1202,#1203);
#1202 = CARTESIAN_POINT('',(4.915725788449,-7.510529177014,25.));
#1203 = VECTOR('',#1204,1.);
#1204 = DIRECTION('',(-1.,0.,0.));
#1205 = ORIENTED_EDGE('',*,*,#1206,.T.);
#1206 = EDGE_CURVE('',#1199,#1207,#1209,.T.);
#1207 = VERTEX_POINT('',#1208);
#1208 = CARTESIAN_POINT('',(4.403207776922,-6.15561203004,25.));
#1209 = LINE('',#1210,#1211);
#1210 = CARTESIAN_POINT('',(4.403207776922,-7.510529177014,25.));
#1211 = VECTOR('',#1212,1.);
#1212 = DIRECTION('',(0.,1.,0.));
#1213 = ORIENTED_EDGE('',*,*,#1214,.T.);
#1214 = EDGE_CURVE('',#1207,#1215,#1217,.T.);
#1215 = VERTEX_POINT('',#1216);
#1216 = CARTESIAN_POINT('',(4.313915629948,-5.849641208715,25.));
#1217 = B_SPLINE_CURVE_WITH_KNOTS('',2,(#1218,#1219,#1220),
  .UNSPECIFIED.,.F.,.F.,(3,3),(0.,1.),.PIECEWISE_BEZIER_KNOTS.);
#1218 = CARTESIAN_POINT('',(4.403207776922,-6.15561203004,25.));
#1219 = CARTESIAN_POINT('',(4.403207776922,-5.952306914767,25.));
#1220 = CARTESIAN_POINT('',(4.313915629948,-5.849641208715,25.));
#1221 = ORIENTED_EDGE('',*,*,#1222,.T.);
#1222 = EDGE_CURVE('',#1215,#1223,#1225,.T.);
#1223 = VERTEX_POINT('',#1224);
#1224 = CARTESIAN_POINT('',(4.052658425337,-5.746840416207,25.));
#1225 = B_SPLINE_CURVE_WITH_KNOTS('',2,(#1226,#1227,#1228),
  .UNSPECIFIED.,.F.,.F.,(3,3),(0.,1.),.PIECEWISE_BEZIER_KNOTS.);
#1226 = CARTESIAN_POINT('',(4.313915629948,-5.849641208715,25.));
#1227 = CARTESIAN_POINT('',(4.224758569429,-5.746840416207,25.));
#1228 = CARTESIAN_POINT('',(4.052658425337,-5.746840416207,25.));
#1229 = ORIENTED_EDGE('',*,*,#1230,.T.);
#1230 = EDGE_CURVE('',#1223,#1231,#1233,.T.);
#1231 = VERTEX_POINT('',#1232);
#1232 = CARTESIAN_POINT('',(3.906224707758,-5.773857707274,25.));
#1233 = B_SPLINE_CURVE_WITH_KNOTS('',2,(#1234,#1235,#1236),
  .UNSPECIFIED.,.F.,.F.,(3,3),(0.,1.),.PIECEWISE_BEZIER_KNOTS.);
#1234 = CARTESIAN_POINT('',(4.052658425337,-5.746840416207,25.));
#1235 = CARTESIAN_POINT('',(3.973767935423,-5.746840416207,25.));
#1236 = CARTESIAN_POINT('',(3.906224707758,-5.773857707274,25.));
#1237 = ORIENTED_EDGE('',*,*,#1238,.T.);
#1238 = EDGE_CURVE('',#1231,#1239,#1241,.T.);
#1239 = VERTEX_POINT('',#1240);
#1240 = CARTESIAN_POINT('',(3.788024059343,-5.851667505545,25.));
#1241 = B_SPLINE_CURVE_WITH_KNOTS('',2,(#1242,#1243,#1244),
  .UNSPECIFIED.,.F.,.F.,(3,3),(0.,1.),.PIECEWISE_BEZIER_KNOTS.);
#1242 = CARTESIAN_POINT('',(3.906224707758,-5.773857707274,25.));
#1243 = CARTESIAN_POINT('',(3.838816566547,-5.800739911885,25.));
#1244 = CARTESIAN_POINT('',(3.788024059343,-5.851667505545,25.));
#1245 = ORIENTED_EDGE('',*,*,#1246,.T.);
#1246 = EDGE_CURVE('',#1239,#1247,#1249,.T.);
#1247 = VERTEX_POINT('',#1248);
#1248 = CARTESIAN_POINT('',(3.708187964242,-5.979324205833,25.));
#1249 = B_SPLINE_CURVE_WITH_KNOTS('',2,(#1250,#1251,#1252),
  .UNSPECIFIED.,.F.,.F.,(3,3),(0.,1.),.PIECEWISE_BEZIER_KNOTS.);
#1250 = CARTESIAN_POINT('',(3.788024059343,-5.851667505545,25.));
#1251 = CARTESIAN_POINT('',(3.737231552138,-5.902460012749,25.));
#1252 = CARTESIAN_POINT('',(3.708187964242,-5.979324205833,25.));
#1253 = ORIENTED_EDGE('',*,*,#1254,.T.);
#1254 = EDGE_CURVE('',#1247,#1255,#1257,.T.);
#1255 = VERTEX_POINT('',#1256);
#1256 = CARTESIAN_POINT('',(3.679144376346,-6.15561203004,25.));
#1257 = B_SPLINE_CURVE_WITH_KNOTS('',2,(#1258,#1259,#1260),
  .UNSPECIFIED.,.F.,.F.,(3,3),(0.,1.),.PIECEWISE_BEZIER_KNOTS.);
#1258 = CARTESIAN_POINT('',(3.708187964242,-5.979324205833,25.));
#1259 = CARTESIAN_POINT('',(3.679144376346,-6.056053312461,25.));
#1260 = CARTESIAN_POINT('',(3.679144376346,-6.15561203004,25.));
#1261 = ORIENTED_EDGE('',*,*,#1262,.T.);
#1262 = EDGE_CURVE('',#1255,#1263,#1265,.T.);
#1263 = VERTEX_POINT('',#1264);
#1264 = CARTESIAN_POINT('',(3.679144376346,-7.510529177014,25.));
#1265 = LINE('',#1266,#1267);
#1266 = CARTESIAN_POINT('',(3.679144376346,-6.15561203004,25.));
#1267 = VECTOR('',#1268,1.);
#1268 = DIRECTION('',(0.,-1.,0.));
#1269 = ORIENTED_EDGE('',*,*,#1270,.T.);
#1270 = EDGE_CURVE('',#1263,#1271,#1273,.T.);
#1271 = VERTEX_POINT('',#1272);
#1272 = CARTESIAN_POINT('',(3.164464981533,-7.510529177014,25.));
#1273 = LINE('',#1274,#1275);
#1274 = CARTESIAN_POINT('',(3.679144376346,-7.510529177014,25.));
#1275 = VECTOR('',#1276,1.);
#1276 = DIRECTION('',(-1.,0.,0.));
#1277 = ORIENTED_EDGE('',*,*,#1278,.T.);
#1278 = EDGE_CURVE('',#1271,#1279,#1281,.T.);
#1279 = VERTEX_POINT('',#1280);
#1280 = CARTESIAN_POINT('',(3.164464981533,-6.15561203004,25.));
#1281 = LINE('',#1282,#1283);
#1282 = CARTESIAN_POINT('',(3.164464981533,-7.510529177014,25.));
#1283 = VECTOR('',#1284,1.);
#1284 = DIRECTION('',(0.,1.,0.));
#1285 = ORIENTED_EDGE('',*,*,#1286,.T.);
#1286 = EDGE_CURVE('',#1279,#1287,#1289,.T.);
#1287 = VERTEX_POINT('',#1288);
#1288 = CARTESIAN_POINT('',(3.078414909487,-5.844372836957,25.));
#1289 = B_SPLINE_CURVE_WITH_KNOTS('',2,(#1290,#1291,#1292),
  .UNSPECIFIED.,.F.,.F.,(3,3),(0.,1.),.PIECEWISE_BEZIER_KNOTS.);
#1290 = CARTESIAN_POINT('',(3.164464981533,-6.15561203004,25.));
#1291 = CARTESIAN_POINT('',(3.164464981533,-5.941905257706,25.));
#1292 = CARTESIAN_POINT('',(3.078414909487,-5.844372836957,25.));
#1293 = ORIENTED_EDGE('',*,*,#1294,.T.);
#1294 = EDGE_CURVE('',#1287,#1295,#1297,.T.);
#1295 = VERTEX_POINT('',#1296);
#1296 = CARTESIAN_POINT('',(2.824182200553,-5.746840416207,25.));
#1297 = B_SPLINE_CURVE_WITH_KNOTS('',2,(#1298,#1299,#1300),
  .UNSPECIFIED.,.F.,.F.,(3,3),(0.,1.),.PIECEWISE_BEZIER_KNOTS.);
#1298 = CARTESIAN_POINT('',(3.078414909487,-5.844372836957,25.));
#1299 = CARTESIAN_POINT('',(2.992364837441,-5.746840416207,25.));
#1300 = CARTESIAN_POINT('',(2.824182200553,-5.746840416207,25.));
#1301 = ORIENTED_EDGE('',*,*,#1302,.T.);
#1302 = EDGE_CURVE('',#1295,#1303,#1305,.T.);
#1303 = VERTEX_POINT('',#1304);
#1304 = CARTESIAN_POINT('',(2.617770096807,-5.801955689983,25.));
#1305 = B_SPLINE_CURVE_WITH_KNOTS('',2,(#1306,#1307,#1308),
  .UNSPECIFIED.,.F.,.F.,(3,3),(0.,1.),.PIECEWISE_BEZIER_KNOTS.);
#1306 = CARTESIAN_POINT('',(2.824182200553,-5.746840416207,25.));
#1307 = CARTESIAN_POINT('',(2.714221825913,-5.746840416207,25.));
#1308 = CARTESIAN_POINT('',(2.617770096807,-5.801955689983,25.));
#1309 = ORIENTED_EDGE('',*,*,#1310,.T.);
#1310 = EDGE_CURVE('',#1303,#1311,#1313,.T.);
#1311 = VERTEX_POINT('',#1312);
#1312 = CARTESIAN_POINT('',(2.438240197671,-5.952712174133,25.));
#1313 = B_SPLINE_CURVE_WITH_KNOTS('',2,(#1314,#1315,#1316),
  .UNSPECIFIED.,.F.,.F.,(3,3),(0.,1.),.PIECEWISE_BEZIER_KNOTS.);
#1314 = CARTESIAN_POINT('',(2.617770096807,-5.801955689983,25.));
#1315 = CARTESIAN_POINT('',(2.5213183677,-5.857070963758,25.));
#1316 = CARTESIAN_POINT('',(2.438240197671,-5.952712174133,25.));
#1317 = ORIENTED_EDGE('',*,*,#1318,.T.);
#1318 = EDGE_CURVE('',#1311,#1037,#1319,.T.);
#1319 = LINE('',#1320,#1321);
#1320 = CARTESIAN_POINT('',(2.438240197671,-5.952712174133,25.));
#1321 = VECTOR('',#1322,1.);
#1322 = DIRECTION('',(0.,-1.,0.));
#1323 = FACE_BOUND('',#1324,.T.);
#1324 = EDGE_LOOP('',(#1325,#1335,#1343,#1351,#1359,#1367,#1375,#1383,
    #1391,#1399,#1407,#1415,#1423,#1431,#1439,#1447,#1455,#1463,#1471,
    #1479,#1487,#1495,#1503,#1511,#1519,#1527,#1535,#1543,#1551,#1559,
    #1567,#1575,#1583,#1591,#1599,#1607));
#1325 = ORIENTED_EDGE('',*,*,#1326,.T.);
#1326 = EDGE_CURVE('',#1327,#1329,#1331,.T.);
#1327 = VERTEX_POINT('',#1328);
#1328 = CARTESIAN_POINT('',(5.93103558672,-7.510529177014,25.));
#1329 = VERTEX_POINT('',#1330);
#1330 = CARTESIAN_POINT('',(5.418652661648,-7.510529177014,25.));
#1331 = LINE('',#1332,#1333);
#1332 = CARTESIAN_POINT('',(5.93103558672,-7.510529177014,25.));
#1333 = VECTOR('',#1334,1.);
#1334 = DIRECTION('',(-1.,0.,0.));
#1335 = ORIENTED_EDGE('',*,*,#1336,.T.);
#1336 = EDGE_CURVE('',#1329,#1337,#1339,.T.);
#1337 = VERTEX_POINT('',#1338);
#1338 = CARTESIAN_POINT('',(5.418652661648,-5.383728024277,25.));
#1339 = LINE('',#1340,#1341);
#1340 = CARTESIAN_POINT('',(5.418652661648,-7.510529177014,25.));
#1341 = VECTOR('',#1342,1.);
#1342 = DIRECTION('',(0.,1.,0.));
#1343 = ORIENTED_EDGE('',*,*,#1344,.T.);
#1344 = EDGE_CURVE('',#1337,#1345,#1347,.T.);
#1345 = VERTEX_POINT('',#1346);
#1346 = CARTESIAN_POINT('',(5.731918151562,-5.383728024277,25.));
#1347 = LINE('',#1348,#1349);
#1348 = CARTESIAN_POINT('',(5.418652661648,-5.383728024277,25.));
#1349 = VECTOR('',#1350,1.);
#1350 = DIRECTION('',(1.,0.,0.));
#1351 = ORIENTED_EDGE('',*,*,#1352,.T.);
#1352 = EDGE_CURVE('',#1345,#1353,#1355,.T.);
#1353 = VERTEX_POINT('',#1354);
#1354 = CARTESIAN_POINT('',(5.862681840322,-5.477072764911,25.));
#1355 = B_SPLINE_CURVE_WITH_KNOTS('',2,(#1356,#1357,#1358),
  .UNSPECIFIED.,.F.,.F.,(3,3),(0.,1.),.PIECEWISE_BEZIER_KNOTS.);
#1356 = CARTESIAN_POINT('',(5.731918151562,-5.383728024277,25.));
#1357 = CARTESIAN_POINT('',(5.831476869141,-5.383728024277,25.));
#1358 = CARTESIAN_POINT('',(5.862681840322,-5.477072764911,25.));
#1359 = ORIENTED_EDGE('',*,*,#1360,.T.);
#1360 = EDGE_CURVE('',#1353,#1361,#1363,.T.);
#1361 = VERTEX_POINT('',#1362);
#1362 = CARTESIAN_POINT('',(5.895778021879,-5.634583571827,25.));
#1363 = LINE('',#1364,#1365);
#1364 = CARTESIAN_POINT('',(5.862681840322,-5.477072764911,25.));
#1365 = VECTOR('',#1366,1.);
#1366 = DIRECTION('',(0.205629772653,-0.978629856789,0.));
#1367 = ORIENTED_EDGE('',*,*,#1368,.T.);
#1368 = EDGE_CURVE('',#1361,#1369,#1371,.T.);
#1369 = VERTEX_POINT('',#1370);
#1370 = CARTESIAN_POINT('',(6.013033065106,-5.520030257706,25.));
#1371 = B_SPLINE_CURVE_WITH_KNOTS('',2,(#1372,#1373,#1374),
  .UNSPECIFIED.,.F.,.F.,(3,3),(0.,1.),.PIECEWISE_BEZIER_KNOTS.);
#1372 = CARTESIAN_POINT('',(5.895778021879,-5.634583571827,25.));
#1373 = CARTESIAN_POINT('',(5.951838900841,-5.572038543009,25.));
#1374 = CARTESIAN_POINT('',(6.013033065106,-5.520030257706,25.));
#1375 = ORIENTED_EDGE('',*,*,#1376,.T.);
#1376 = EDGE_CURVE('',#1369,#1377,#1379,.T.);
#1377 = VERTEX_POINT('',#1378);
#1378 = CARTESIAN_POINT('',(6.143661667412,-5.430467937821,25.));
#1379 = B_SPLINE_CURVE_WITH_KNOTS('',2,(#1380,#1381,#1382),
  .UNSPECIFIED.,.F.,.F.,(3,3),(0.,1.),.PIECEWISE_BEZIER_KNOTS.);
#1380 = CARTESIAN_POINT('',(6.013033065106,-5.520030257706,25.));
#1381 = CARTESIAN_POINT('',(6.074227229371,-5.467886885948,25.));
#1382 = CARTESIAN_POINT('',(6.143661667412,-5.430467937821,25.));
#1383 = ORIENTED_EDGE('',*,*,#1384,.T.);
#1384 = EDGE_CURVE('',#1377,#1385,#1387,.T.);
#1385 = VERTEX_POINT('',#1386);
#1386 = CARTESIAN_POINT('',(6.293067287008,-5.371029897475,25.));
#1387 = B_SPLINE_CURVE_WITH_KNOTS('',2,(#1388,#1389,#1390),
  .UNSPECIFIED.,.F.,.F.,(3,3),(0.,1.),.PIECEWISE_BEZIER_KNOTS.);
#1388 = CARTESIAN_POINT('',(6.143661667412,-5.430467937821,25.));
#1389 = CARTESIAN_POINT('',(6.213231191907,-5.392913903239,25.));
#1390 = CARTESIAN_POINT('',(6.293067287008,-5.371029897475,25.));
#1391 = ORIENTED_EDGE('',*,*,#1392,.T.);
#1392 = EDGE_CURVE('',#1385,#1393,#1395,.T.);
#1393 = VERTEX_POINT('',#1394);
#1394 = CARTESIAN_POINT('',(6.468544592484,-5.349145891712,25.));
#1395 = B_SPLINE_CURVE_WITH_KNOTS('',2,(#1396,#1397,#1398),
  .UNSPECIFIED.,.F.,.F.,(3,3),(0.,1.),.PIECEWISE_BEZIER_KNOTS.);
#1396 = CARTESIAN_POINT('',(6.293067287008,-5.371029897475,25.));
#1397 = CARTESIAN_POINT('',(6.373038468565,-5.349145891712,25.));
#1398 = CARTESIAN_POINT('',(6.468544592484,-5.349145891712,25.));
#1399 = ORIENTED_EDGE('',*,*,#1400,.T.);
#1400 = EDGE_CURVE('',#1393,#1401,#1403,.T.);
#1401 = VERTEX_POINT('',#1402);
#1402 = CARTESIAN_POINT('',(6.799506408046,-5.457890488254,25.));
#1403 = B_SPLINE_CURVE_WITH_KNOTS('',2,(#1404,#1405,#1406),
  .UNSPECIFIED.,.F.,.F.,(3,3),(0.,1.),.PIECEWISE_BEZIER_KNOTS.);
#1404 = CARTESIAN_POINT('',(6.468544592484,-5.349145891712,25.));
#1405 = CARTESIAN_POINT('',(6.669823410928,-5.349145891712,25.));
#1406 = CARTESIAN_POINT('',(6.799506408046,-5.457890488254,25.));
#1407 = ORIENTED_EDGE('',*,*,#1408,.T.);
#1408 = EDGE_CURVE('',#1401,#1409,#1411,.T.);
#1409 = VERTEX_POINT('',#1410);
#1410 = CARTESIAN_POINT('',(6.993490557902,-5.746840416207,25.));
#1411 = B_SPLINE_CURVE_WITH_KNOTS('',2,(#1412,#1413,#1414),
  .UNSPECIFIED.,.F.,.F.,(3,3),(0.,1.),.PIECEWISE_BEZIER_KNOTS.);
#1412 = CARTESIAN_POINT('',(6.799506408046,-5.457890488254,25.));
#1413 = CARTESIAN_POINT('',(6.929189405164,-5.566635084795,25.));
#1414 = CARTESIAN_POINT('',(6.993490557902,-5.746840416207,25.));
#1415 = ORIENTED_EDGE('',*,*,#1416,.T.);
#1416 = EDGE_CURVE('',#1409,#1417,#1419,.T.);
#1417 = VERTEX_POINT('',#1418);
#1418 = CARTESIAN_POINT('',(7.117905183262,-5.565689479608,25.));
#1419 = B_SPLINE_CURVE_WITH_KNOTS('',2,(#1420,#1421,#1422),
  .UNSPECIFIED.,.F.,.F.,(3,3),(0.,1.),.PIECEWISE_BEZIER_KNOTS.);
#1420 = CARTESIAN_POINT('',(6.993490557902,-5.746840416207,25.));
#1421 = CARTESIAN_POINT('',(7.043202373464,-5.641202808138,25.));
#1422 = CARTESIAN_POINT('',(7.117905183262,-5.565689479608,25.));
#1423 = ORIENTED_EDGE('',*,*,#1424,.T.);
#1424 = EDGE_CURVE('',#1417,#1425,#1427,.T.);
#1425 = VERTEX_POINT('',#1426);
#1426 = CARTESIAN_POINT('',(7.281765053579,-5.44235554589,25.));
#1427 = B_SPLINE_CURVE_WITH_KNOTS('',2,(#1428,#1429,#1430),
  .UNSPECIFIED.,.F.,.F.,(3,3),(0.,1.),.PIECEWISE_BEZIER_KNOTS.);
#1428 = CARTESIAN_POINT('',(7.117905183262,-5.565689479608,25.));
#1429 = CARTESIAN_POINT('',(7.19260799306,-5.490041064622,25.));
#1430 = CARTESIAN_POINT('',(7.281765053579,-5.44235554589,25.));
#1431 = ORIENTED_EDGE('',*,*,#1432,.T.);
#1432 = EDGE_CURVE('',#1425,#1433,#1435,.T.);
#1433 = VERTEX_POINT('',#1434);
#1434 = CARTESIAN_POINT('',(7.471696609775,-5.371975502663,25.));
#1435 = B_SPLINE_CURVE_WITH_KNOTS('',2,(#1436,#1437,#1438),
  .UNSPECIFIED.,.F.,.F.,(3,3),(0.,1.),.PIECEWISE_BEZIER_KNOTS.);
#1436 = CARTESIAN_POINT('',(7.281765053579,-5.44235554589,25.));
#1437 = CARTESIAN_POINT('',(7.371057200553,-5.394670027158,25.));
#1438 = CARTESIAN_POINT('',(7.471696609775,-5.371975502663,25.));
#1439 = ORIENTED_EDGE('',*,*,#1440,.T.);
#1440 = EDGE_CURVE('',#1433,#1441,#1443,.T.);
#1441 = VERTEX_POINT('',#1442);
#1442 = CARTESIAN_POINT('',(7.674056119861,-5.349145891712,25.));
#1443 = B_SPLINE_CURVE_WITH_KNOTS('',2,(#1444,#1445,#1446),
  .UNSPECIFIED.,.F.,.F.,(3,3),(0.,1.),.PIECEWISE_BEZIER_KNOTS.);
#1444 = CARTESIAN_POINT('',(7.471696609775,-5.371975502663,25.));
#1445 = CARTESIAN_POINT('',(7.572336018997,-5.349145891712,25.));
#1446 = CARTESIAN_POINT('',(7.674056119861,-5.349145891712,25.));
#1447 = ORIENTED_EDGE('',*,*,#1448,.T.);
#1448 = EDGE_CURVE('',#1441,#1449,#1451,.T.);
#1449 = VERTEX_POINT('',#1450);
#1450 = CARTESIAN_POINT('',(7.987321609775,-5.403045387389,25.));
#1451 = B_SPLINE_CURVE_WITH_KNOTS('',2,(#1452,#1453,#1454),
  .UNSPECIFIED.,.F.,.F.,(3,3),(0.,1.),.PIECEWISE_BEZIER_KNOTS.);
#1452 = CARTESIAN_POINT('',(7.674056119861,-5.349145891712,25.));
#1453 = CARTESIAN_POINT('',(7.850343944069,-5.349145891712,25.));
#1454 = CARTESIAN_POINT('',(7.987321609775,-5.403045387389,25.));
#1455 = ORIENTED_EDGE('',*,*,#1456,.T.);
#1456 = EDGE_CURVE('',#1449,#1457,#1459,.T.);
#1457 = VERTEX_POINT('',#1458);
#1458 = CARTESIAN_POINT('',(8.217644016115,-5.560691280761,25.));
#1459 = B_SPLINE_CURVE_WITH_KNOTS('',2,(#1460,#1461,#1462),
  .UNSPECIFIED.,.F.,.F.,(3,3),(0.,1.),.PIECEWISE_BEZIER_KNOTS.);
#1460 = CARTESIAN_POINT('',(7.987321609775,-5.403045387389,25.));
#1461 = CARTESIAN_POINT('',(8.124299275481,-5.456944883066,25.));
#1462 = CARTESIAN_POINT('',(8.217644016115,-5.560691280761,25.));
#1463 = ORIENTED_EDGE('',*,*,#1464,.T.);
#1464 = EDGE_CURVE('',#1457,#1465,#1467,.T.);
#1465 = VERTEX_POINT('',#1466);
#1466 = CARTESIAN_POINT('',(8.359754967124,-5.813843298052,25.));
#1467 = B_SPLINE_CURVE_WITH_KNOTS('',2,(#1468,#1469,#1470),
  .UNSPECIFIED.,.F.,.F.,(3,3),(0.,1.),.PIECEWISE_BEZIER_KNOTS.);
#1468 = CARTESIAN_POINT('',(8.217644016115,-5.560691280761,25.));
#1469 = CARTESIAN_POINT('',(8.310988756749,-5.664437678455,25.));
#1470 = CARTESIAN_POINT('',(8.359754967124,-5.813843298052,25.));
#1471 = ORIENTED_EDGE('',*,*,#1472,.T.);
#1472 = EDGE_CURVE('',#1465,#1473,#1475,.T.);
#1473 = VERTEX_POINT('',#1474);
#1474 = CARTESIAN_POINT('',(8.408521177498,-6.156017289406,25.));
#1475 = B_SPLINE_CURVE_WITH_KNOTS('',2,(#1476,#1477,#1478),
  .UNSPECIFIED.,.F.,.F.,(3,3),(0.,1.),.PIECEWISE_BEZIER_KNOTS.);
#1476 = CARTESIAN_POINT('',(8.359754967124,-5.813843298052,25.));
#1477 = CARTESIAN_POINT('',(8.408521177498,-5.963113831193,25.));
#1478 = CARTESIAN_POINT('',(8.408521177498,-6.156017289406,25.));
#1479 = ORIENTED_EDGE('',*,*,#1480,.T.);
#1480 = EDGE_CURVE('',#1473,#1481,#1483,.T.);
#1481 = VERTEX_POINT('',#1482);
#1482 = CARTESIAN_POINT('',(8.408521177498,-7.510529177014,25.));
#1483 = LINE('',#1484,#1485);
#1484 = CARTESIAN_POINT('',(8.408521177498,-6.156017289406,25.));
#1485 = VECTOR('',#1486,1.);
#1486 = DIRECTION('',(0.,-1.,0.));
#1487 = ORIENTED_EDGE('',*,*,#1488,.T.);
#1488 = EDGE_CURVE('',#1481,#1489,#1491,.T.);
#1489 = VERTEX_POINT('',#1490);
#1490 = CARTESIAN_POINT('',(7.896003165971,-7.510529177014,25.));
#1491 = LINE('',#1492,#1493);
#1492 = CARTESIAN_POINT('',(8.408521177498,-7.510529177014,25.));
#1493 = VECTOR('',#1494,1.);
#1494 = DIRECTION('',(-1.,0.,0.));
#1495 = ORIENTED_EDGE('',*,*,#1496,.T.);
#1496 = EDGE_CURVE('',#1489,#1497,#1499,.T.);
#1497 = VERTEX_POINT('',#1498);
#1498 = CARTESIAN_POINT('',(7.896003165971,-6.15561203004,25.));
#1499 = LINE('',#1500,#1501);
#1500 = CARTESIAN_POINT('',(7.896003165971,-7.510529177014,25.));
#1501 = VECTOR('',#1502,1.);
#1502 = DIRECTION('',(0.,1.,0.));
#1503 = ORIENTED_EDGE('',*,*,#1504,.T.);
#1504 = EDGE_CURVE('',#1497,#1505,#1507,.T.);
#1505 = VERTEX_POINT('',#1506);
#1506 = CARTESIAN_POINT('',(7.806711018997,-5.849641208715,25.));
#1507 = B_SPLINE_CURVE_WITH_KNOTS('',2,(#1508,#1509,#1510),
  .UNSPECIFIED.,.F.,.F.,(3,3),(0.,1.),.PIECEWISE_BEZIER_KNOTS.);
#1508 = CARTESIAN_POINT('',(7.896003165971,-6.15561203004,25.));
#1509 = CARTESIAN_POINT('',(7.896003165971,-5.952306914767,25.));
#1510 = CARTESIAN_POINT('',(7.806711018997,-5.849641208715,25.));
#1511 = ORIENTED_EDGE('',*,*,#1512,.T.);
#1512 = EDGE_CURVE('',#1505,#1513,#1515,.T.);
#1513 = VERTEX_POINT('',#1514);
#1514 = CARTESIAN_POINT('',(7.545453814386,-5.746840416207,25.));
#1515 = B_SPLINE_CURVE_WITH_KNOTS('',2,(#1516,#1517,#1518),
  .UNSPECIFIED.,.F.,.F.,(3,3),(0.,1.),.PIECEWISE_BEZIER_KNOTS.);
#1516 = CARTESIAN_POINT('',(7.806711018997,-5.849641208715,25.));
#1517 = CARTESIAN_POINT('',(7.717553958478,-5.746840416207,25.));
#1518 = CARTESIAN_POINT('',(7.545453814386,-5.746840416207,25.));
#1519 = ORIENTED_EDGE('',*,*,#1520,.T.);
#1520 = EDGE_CURVE('',#1513,#1521,#1523,.T.);
#1521 = VERTEX_POINT('',#1522);
#1522 = CARTESIAN_POINT('',(7.399020096807,-5.773857707274,25.));
#1523 = B_SPLINE_CURVE_WITH_KNOTS('',2,(#1524,#1525,#1526),
  .UNSPECIFIED.,.F.,.F.,(3,3),(0.,1.),.PIECEWISE_BEZIER_KNOTS.);
#1524 = CARTESIAN_POINT('',(7.545453814386,-5.746840416207,25.));
#1525 = CARTESIAN_POINT('',(7.466563324472,-5.746840416207,25.));
#1526 = CARTESIAN_POINT('',(7.399020096807,-5.773857707274,25.));
#1527 = ORIENTED_EDGE('',*,*,#1528,.T.);
#1528 = EDGE_CURVE('',#1521,#1529,#1531,.T.);
#1529 = VERTEX_POINT('',#1530);
#1530 = CARTESIAN_POINT('',(7.280819448392,-5.851667505545,25.));
#1531 = B_SPLINE_CURVE_WITH_KNOTS('',2,(#1532,#1533,#1534),
  .UNSPECIFIED.,.F.,.F.,(3,3),(0.,1.),.PIECEWISE_BEZIER_KNOTS.);
#1532 = CARTESIAN_POINT('',(7.399020096807,-5.773857707274,25.));
#1533 = CARTESIAN_POINT('',(7.331611955596,-5.800739911885,25.));
#1534 = CARTESIAN_POINT('',(7.280819448392,-5.851667505545,25.));
#1535 = ORIENTED_EDGE('',*,*,#1536,.T.);
#1536 = EDGE_CURVE('',#1529,#1537,#1539,.T.);
#1537 = VERTEX_POINT('',#1538);
#1538 = CARTESIAN_POINT('',(7.200983353291,-5.979324205833,25.));
#1539 = B_SPLINE_CURVE_WITH_KNOTS('',2,(#1540,#1541,#1542),
  .UNSPECIFIED.,.F.,.F.,(3,3),(0.,1.),.PIECEWISE_BEZIER_KNOTS.);
#1540 = CARTESIAN_POINT('',(7.280819448392,-5.851667505545,25.));
#1541 = CARTESIAN_POINT('',(7.230026941187,-5.902460012749,25.));
#1542 = CARTESIAN_POINT('',(7.200983353291,-5.979324205833,25.));
#1543 = ORIENTED_EDGE('',*,*,#1544,.T.);
#1544 = EDGE_CURVE('',#1537,#1545,#1547,.T.);
#1545 = VERTEX_POINT('',#1546);
#1546 = CARTESIAN_POINT('',(7.171939765395,-6.15561203004,25.));
#1547 = B_SPLINE_CURVE_WITH_KNOTS('',2,(#1548,#1549,#1550),
  .UNSPECIFIED.,.F.,.F.,(3,3),(0.,1.),.PIECEWISE_BEZIER_KNOTS.);
#1548 = CARTESIAN_POINT('',(7.200983353291,-5.979324205833,25.));
#1549 = CARTESIAN_POINT('',(7.171939765395,-6.056053312461,25.));
#1550 = CARTESIAN_POINT('',(7.171939765395,-6.15561203004,25.));
#1551 = ORIENTED_EDGE('',*,*,#1552,.T.);
#1552 = EDGE_CURVE('',#1545,#1553,#1555,.T.);
#1553 = VERTEX_POINT('',#1554);
#1554 = CARTESIAN_POINT('',(7.171939765395,-7.510529177014,25.));
#1555 = LINE('',#1556,#1557);
#1556 = CARTESIAN_POINT('',(7.171939765395,-6.15561203004,25.));
#1557 = VECTOR('',#1558,1.);
#1558 = DIRECTION('',(0.,-1.,0.));
#1559 = ORIENTED_EDGE('',*,*,#1560,.T.);
#1560 = EDGE_CURVE('',#1553,#1561,#1563,.T.);
#1561 = VERTEX_POINT('',#1562);
#1562 = CARTESIAN_POINT('',(6.657260370582,-7.510529177014,25.));
#1563 = LINE('',#1564,#1565);
#1564 = CARTESIAN_POINT('',(7.171939765395,-7.510529177014,25.));
#1565 = VECTOR('',#1566,1.);
#1566 = DIRECTION('',(-1.,0.,0.));
#1567 = ORIENTED_EDGE('',*,*,#1568,.T.);
#1568 = EDGE_CURVE('',#1561,#1569,#1571,.T.);
#1569 = VERTEX_POINT('',#1570);
#1570 = CARTESIAN_POINT('',(6.657260370582,-6.15561203004,25.));
#1571 = LINE('',#1572,#1573);
#1572 = CARTESIAN_POINT('',(6.657260370582,-7.510529177014,25.));
#1573 = VECTOR('',#1574,1.);
#1574 = DIRECTION('',(0.,1.,0.));
#1575 = ORIENTED_EDGE('',*,*,#1576,.T.);
#1576 = EDGE_CURVE('',#1569,#1577,#1579,.T.);
#1577 = VERTEX_POINT('',#1578);
#1578 = CARTESIAN_POINT('',(6.571210298536,-5.844372836957,25.));
#1579 = B_SPLINE_CURVE_WITH_KNOTS('',2,(#1580,#1581,#1582),
  .UNSPECIFIED.,.F.,.F.,(3,3),(0.,1.),.PIECEWISE_BEZIER_KNOTS.);
#1580 = CARTESIAN_POINT('',(6.657260370582,-6.15561203004,25.));
#1581 = CARTESIAN_POINT('',(6.657260370582,-5.941905257706,25.));
#1582 = CARTESIAN_POINT('',(6.571210298536,-5.844372836957,25.));
#1583 = ORIENTED_EDGE('',*,*,#1584,.T.);
#1584 = EDGE_CURVE('',#1577,#1585,#1587,.T.);
#1585 = VERTEX_POINT('',#1586);
#1586 = CARTESIAN_POINT('',(6.316977589602,-5.746840416207,25.));
#1587 = B_SPLINE_CURVE_WITH_KNOTS('',2,(#1588,#1589,#1590),
  .UNSPECIFIED.,.F.,.F.,(3,3),(0.,1.),.PIECEWISE_BEZIER_KNOTS.);
#1588 = CARTESIAN_POINT('',(6.571210298536,-5.844372836957,25.));
#1589 = CARTESIAN_POINT('',(6.48516022649,-5.746840416207,25.));
#1590 = CARTESIAN_POINT('',(6.316977589602,-5.746840416207,25.));
#1591 = ORIENTED_EDGE('',*,*,#1592,.T.);
#1592 = EDGE_CURVE('',#1585,#1593,#1595,.T.);
#1593 = VERTEX_POINT('',#1594);
#1594 = CARTESIAN_POINT('',(6.110565485856,-5.801955689983,25.));
#1595 = B_SPLINE_CURVE_WITH_KNOTS('',2,(#1596,#1597,#1598),
  .UNSPECIFIED.,.F.,.F.,(3,3),(0.,1.),.PIECEWISE_BEZIER_KNOTS.);
#1596 = CARTESIAN_POINT('',(6.316977589602,-5.746840416207,25.));
#1597 = CARTESIAN_POINT('',(6.207017214962,-5.746840416207,25.));
#1598 = CARTESIAN_POINT('',(6.110565485856,-5.801955689983,25.));
#1599 = ORIENTED_EDGE('',*,*,#1600,.T.);
#1600 = EDGE_CURVE('',#1593,#1601,#1603,.T.);
#1601 = VERTEX_POINT('',#1602);
#1602 = CARTESIAN_POINT('',(5.93103558672,-5.952712174133,25.));
#1603 = B_SPLINE_CURVE_WITH_KNOTS('',2,(#1604,#1605,#1606),
  .UNSPECIFIED.,.F.,.F.,(3,3),(0.,1.),.PIECEWISE_BEZIER_KNOTS.);
#1604 = CARTESIAN_POINT('',(6.110565485856,-5.801955689983,25.));
#1605 = CARTESIAN_POINT('',(6.014113756749,-5.857070963758,25.));
#1606 = CARTESIAN_POINT('',(5.93103558672,-5.952712174133,25.));
#1607 = ORIENTED_EDGE('',*,*,#1608,.T.);
#1608 = EDGE_CURVE('',#1601,#1327,#1609,.T.);
#1609 = LINE('',#1610,#1611);
#1610 = CARTESIAN_POINT('',(5.93103558672,-5.952712174133,25.));
#1611 = VECTOR('',#1612,1.);
#1612 = DIRECTION('',(0.,-1.,0.));
#1613 = FACE_BOUND('',#1614,.T.);
#1614 = EDGE_LOOP('',(#1615,#1625,#1633,#1641));
#1615 = ORIENTED_EDGE('',*,*,#1616,.T.);
#1616 = EDGE_CURVE('',#1617,#1619,#1621,.T.);
#1617 = VERTEX_POINT('',#1618);
#1618 = CARTESIAN_POINT('',(-3.144089589561,1.786290071687,25.));
#1619 = VERTEX_POINT('',#1620);
#1620 = CARTESIAN_POINT('',(-2.289892903682,1.786290071687,25.));
#1621 = LINE('',#1622,#1623);
#1622 = CARTESIAN_POINT('',(-3.144089589561,1.786290071687,25.));
#1623 = VECTOR('',#1624,1.);
#1624 = DIRECTION('',(1.,0.,0.));
#1625 = ORIENTED_EDGE('',*,*,#1626,.T.);
#1626 = EDGE_CURVE('',#1619,#1627,#1629,.T.);
#1627 = VERTEX_POINT('',#1628);
#1628 = CARTESIAN_POINT('',(-2.289892903682,-1.758378516209,25.));
#1629 = LINE('',#1630,#1631);
#1630 = CARTESIAN_POINT('',(-2.289892903682,1.786290071687,25.));
#1631 = VECTOR('',#1632,1.);
#1632 = DIRECTION('',(0.,-1.,0.));
#1633 = ORIENTED_EDGE('',*,*,#1634,.T.);
#1634 = EDGE_CURVE('',#1627,#1635,#1637,.T.);
#1635 = VERTEX_POINT('',#1636);
#1636 = CARTESIAN_POINT('',(-3.144089589561,-1.758378516209,25.));
#1637 = LINE('',#1638,#1639);
#1638 = CARTESIAN_POINT('',(-2.289892903682,-1.758378516209,25.));
#1639 = VECTOR('',#1640,1.);
#1640 = DIRECTION('',(-1.,0.,0.));
#1641 = ORIENTED_EDGE('',*,*,#1642,.T.);
#1642 = EDGE_CURVE('',#1635,#1617,#1643,.T.);
#1643 = LINE('',#1644,#1645);
#1644 = CARTESIAN_POINT('',(-3.144089589561,-1.758378516209,25.));
#1645 = VECTOR('',#1646,1.);
#1646 = DIRECTION('',(0.,1.,0.));
#1647 = FACE_BOUND('',#1648,.T.);
#1648 = EDGE_LOOP('',(#1649,#1659,#1667,#1675,#1683,#1691,#1699,#1707,
    #1715,#1723,#1731,#1739,#1747,#1755,#1763,#1771,#1779,#1787,#1795,
    #1803,#1811,#1819,#1827,#1835,#1843,#1851,#1859,#1867,#1875,#1883,
    #1891,#1899,#1907,#1915,#1923,#1931,#1939,#1947,#1955,#1963,#1971,
    #1979,#1987,#1995,#2003,#2011,#2019,#2027,#2035,#2043));
#1649 = ORIENTED_EDGE('',*,*,#1650,.T.);
#1650 = EDGE_CURVE('',#1651,#1653,#1655,.T.);
#1651 = VERTEX_POINT('',#1652);
#1652 = CARTESIAN_POINT('',(0.973570713032,1.404670835376,25.));
#1653 = VERTEX_POINT('',#1654);
#1654 = CARTESIAN_POINT('',(0.779946793724,1.099600590419,25.));
#1655 = LINE('',#1656,#1657);
#1656 = CARTESIAN_POINT('',(0.973570713032,1.404670835376,25.));
#1657 = VECTOR('',#1658,1.);
#1658 = DIRECTION('',(-0.535867150975,-0.844302313455,0.));
#1659 = ORIENTED_EDGE('',*,*,#1660,.T.);
#1660 = EDGE_CURVE('',#1653,#1661,#1663,.T.);
#1661 = VERTEX_POINT('',#1662);
#1662 = CARTESIAN_POINT('',(0.707225251937,1.022376166788,25.));
#1663 = B_SPLINE_CURVE_WITH_KNOTS('',2,(#1664,#1665,#1666),
  .UNSPECIFIED.,.F.,.F.,(3,3),(0.,1.),.PIECEWISE_BEZIER_KNOTS.);
#1664 = CARTESIAN_POINT('',(0.779946793724,1.099600590419,25.));
#1665 = CARTESIAN_POINT('',(0.745274603522,1.044665431918,25.));
#1666 = CARTESIAN_POINT('',(0.707225251937,1.022376166788,25.));
#1667 = ORIENTED_EDGE('',*,*,#1668,.T.);
#1668 = EDGE_CURVE('',#1661,#1669,#1671,.T.);
#1669 = VERTEX_POINT('',#1670);
#1670 = CARTESIAN_POINT('',(0.610413292283,1.000086901659,25.));
#1671 = B_SPLINE_CURVE_WITH_KNOTS('',2,(#1672,#1673,#1674),
  .UNSPECIFIED.,.F.,.F.,(3,3),(0.,1.),.PIECEWISE_BEZIER_KNOTS.);
#1672 = CARTESIAN_POINT('',(0.707225251937,1.022376166788,25.));
#1673 = CARTESIAN_POINT('',(0.669175900352,1.000086901659,25.));
#1674 = CARTESIAN_POINT('',(0.610413292283,1.000086901659,25.));
#1675 = ORIENTED_EDGE('',*,*,#1676,.T.);
#1676 = EDGE_CURVE('',#1669,#1677,#1679,.T.);
#1677 = VERTEX_POINT('',#1678);
#1678 = CARTESIAN_POINT('',(0.477353133782,1.034533947768,25.));
#1679 = B_SPLINE_CURVE_WITH_KNOTS('',2,(#1680,#1681,#1682),
  .UNSPECIFIED.,.F.,.F.,(3,3),(0.,1.),.PIECEWISE_BEZIER_KNOTS.);
#1680 = CARTESIAN_POINT('',(0.610413292283,1.000086901659,25.));
#1681 = CARTESIAN_POINT('',(0.548273522831,1.000086901659,25.));
#1682 = CARTESIAN_POINT('',(0.477353133782,1.034533947768,25.));
#1683 = ORIENTED_EDGE('',*,*,#1684,.T.);
#1684 = EDGE_CURVE('',#1677,#1685,#1687,.T.);
#1685 = VERTEX_POINT('',#1686);
#1686 = CARTESIAN_POINT('',(0.312997946462,1.112208659584,25.));
#1687 = B_SPLINE_CURVE_WITH_KNOTS('',2,(#1688,#1689,#1690),
  .UNSPECIFIED.,.F.,.F.,(3,3),(0.,1.),.PIECEWISE_BEZIER_KNOTS.);
#1688 = CARTESIAN_POINT('',(0.477353133782,1.034533947768,25.));
#1689 = CARTESIAN_POINT('',(0.406432744733,1.068980993878,25.));
#1690 = CARTESIAN_POINT('',(0.312997946462,1.112208659584,25.));
#1691 = ORIENTED_EDGE('',*,*,#1692,.T.);
#1692 = EDGE_CURVE('',#1685,#1693,#1695,.T.);
#1693 = VERTEX_POINT('',#1694);
#1694 = CARTESIAN_POINT('',(0.100236779315,1.189883371399,25.));
#1695 = B_SPLINE_CURVE_WITH_KNOTS('',2,(#1696,#1697,#1698),
  .UNSPECIFIED.,.F.,.F.,(3,3),(0.,1.),.PIECEWISE_BEZIER_KNOTS.);
#1696 = CARTESIAN_POINT('',(0.312997946462,1.112208659584,25.));
#1697 = CARTESIAN_POINT('',(0.219563148191,1.15543632529,25.));
#1698 = CARTESIAN_POINT('',(0.100236779315,1.189883371399,25.));
#1699 = ORIENTED_EDGE('',*,*,#1700,.T.);
#1700 = EDGE_CURVE('',#1693,#1701,#1703,.T.);
#1701 = VERTEX_POINT('',#1702);
#1702 = CARTESIAN_POINT('',(-0.181418480051,1.224330417509,25.));
#1703 = B_SPLINE_CURVE_WITH_KNOTS('',2,(#1704,#1705,#1706),
  .UNSPECIFIED.,.F.,.F.,(3,3),(0.,1.),.PIECEWISE_BEZIER_KNOTS.);
#1704 = CARTESIAN_POINT('',(0.100236779315,1.189883371399,25.));
#1705 = CARTESIAN_POINT('',(-1.886444546907E-02,1.224330417509,25.));
#1706 = CARTESIAN_POINT('',(-0.181418480051,1.224330417509,25.));
#1707 = ORIENTED_EDGE('',*,*,#1708,.T.);
#1708 = EDGE_CURVE('',#1701,#1709,#1711,.T.);
#1709 = VERTEX_POINT('',#1710);
#1710 = CARTESIAN_POINT('',(-0.579248091002,1.11693668552,25.));
#1711 = B_SPLINE_CURVE_WITH_KNOTS('',2,(#1712,#1713,#1714),
  .UNSPECIFIED.,.F.,.F.,(3,3),(0.,1.),.PIECEWISE_BEZIER_KNOTS.);
#1712 = CARTESIAN_POINT('',(-0.181418480051,1.224330417509,25.));
#1713 = CARTESIAN_POINT('',(-0.434030151521,1.224330417509,25.));
#1714 = CARTESIAN_POINT('',(-0.579248091002,1.11693668552,25.));
#1715 = ORIENTED_EDGE('',*,*,#1716,.T.);
#1716 = EDGE_CURVE('',#1709,#1717,#1719,.T.);
#1717 = VERTEX_POINT('',#1718);
#1718 = CARTESIAN_POINT('',(-0.724466030483,0.836407146615,25.));
#1719 = B_SPLINE_CURVE_WITH_KNOTS('',2,(#1720,#1721,#1722),
  .UNSPECIFIED.,.F.,.F.,(3,3),(0.,1.),.PIECEWISE_BEZIER_KNOTS.);
#1720 = CARTESIAN_POINT('',(-0.579248091002,1.11693668552,25.));
#1721 = CARTESIAN_POINT('',(-0.724466030483,1.009542953532,25.));
#1722 = CARTESIAN_POINT('',(-0.724466030483,0.836407146615,25.));
#1723 = ORIENTED_EDGE('',*,*,#1724,.T.);
#1724 = EDGE_CURVE('',#1717,#1725,#1727,.T.);
#1725 = VERTEX_POINT('',#1726);
#1726 = CARTESIAN_POINT('',(-0.650168480051,0.644359235953,25.));
#1727 = B_SPLINE_CURVE_WITH_KNOTS('',2,(#1728,#1729,#1730),
  .UNSPECIFIED.,.F.,.F.,(3,3),(0.,1.),.PIECEWISE_BEZIER_KNOTS.);
#1728 = CARTESIAN_POINT('',(-0.724466030483,0.836407146615,25.));
#1729 = CARTESIAN_POINT('',(-0.724466030483,0.72225909186,25.));
#1730 = CARTESIAN_POINT('',(-0.650168480051,0.644359235953,25.));
#1731 = ORIENTED_EDGE('',*,*,#1732,.T.);
#1732 = EDGE_CURVE('',#1725,#1733,#1735,.T.);
#1733 = VERTEX_POINT('',#1734);
#1734 = CARTESIAN_POINT('',(-0.452942255267,0.507471627883,25.));
#1735 = B_SPLINE_CURVE_WITH_KNOTS('',2,(#1736,#1737,#1738),
  .UNSPECIFIED.,.F.,.F.,(3,3),(0.,1.),.PIECEWISE_BEZIER_KNOTS.);
#1736 = CARTESIAN_POINT('',(-0.650168480051,0.644359235953,25.));
#1737 = CARTESIAN_POINT('',(-0.575645785527,0.566459380045,25.));
#1738 = CARTESIAN_POINT('',(-0.452942255267,0.507471627883,25.));
#1739 = ORIENTED_EDGE('',*,*,#1740,.T.);
#1740 = EDGE_CURVE('',#1733,#1741,#1743,.T.);
#1741 = VERTEX_POINT('',#1742);
#1742 = CARTESIAN_POINT('',(-0.174664157285,0.401879048633,25.));
#1743 = B_SPLINE_CURVE_WITH_KNOTS('',2,(#1744,#1745,#1746),
  .UNSPECIFIED.,.F.,.F.,(3,3),(0.,1.),.PIECEWISE_BEZIER_KNOTS.);
#1744 = CARTESIAN_POINT('',(-0.452942255267,0.507471627883,25.));
#1745 = CARTESIAN_POINT('',(-0.330238725008,0.448709019814,25.));
#1746 = CARTESIAN_POINT('',(-0.174664157285,0.401879048633,25.));
#1747 = ORIENTED_EDGE('',*,*,#1748,.T.);
#1748 = EDGE_CURVE('',#1741,#1749,#1751,.T.);
#1749 = VERTEX_POINT('',#1750);
#1750 = CARTESIAN_POINT('',(0.143464445021,0.299663630765,25.));
#1751 = B_SPLINE_CURVE_WITH_KNOTS('',2,(#1752,#1753,#1754),
  .UNSPECIFIED.,.F.,.F.,(3,3),(0.,1.),.PIECEWISE_BEZIER_KNOTS.);
#1752 = CARTESIAN_POINT('',(-0.174664157285,0.401879048633,25.));
#1753 = CARTESIAN_POINT('',(-1.886444546907E-02,0.355274221543,25.));
#1754 = CARTESIAN_POINT('',(0.143464445021,0.299663630765,25.));
#1755 = ORIENTED_EDGE('',*,*,#1756,.T.);
#1756 = EDGE_CURVE('',#1749,#1757,#1759,.T.);
#1757 = VERTEX_POINT('',#1758);
#1758 = CARTESIAN_POINT('',(0.461593047326,0.17335779503,25.));
#1759 = B_SPLINE_CURVE_WITH_KNOTS('',2,(#1760,#1761,#1762),
  .UNSPECIFIED.,.F.,.F.,(3,3),(0.,1.),.PIECEWISE_BEZIER_KNOTS.);
#1760 = CARTESIAN_POINT('',(0.143464445021,0.299663630765,25.));
#1761 = CARTESIAN_POINT('',(0.306018479603,0.244278184079,25.));
#1762 = CARTESIAN_POINT('',(0.461593047326,0.17335779503,25.));
#1763 = ORIENTED_EDGE('',*,*,#1764,.T.);
#1764 = EDGE_CURVE('',#1757,#1765,#1767,.T.);
#1765 = VERTEX_POINT('',#1766);
#1766 = CARTESIAN_POINT('',(0.740096289401,-6.757478744905E-03,25.));
#1767 = B_SPLINE_CURVE_WITH_KNOTS('',2,(#1768,#1769,#1770),
  .UNSPECIFIED.,.F.,.F.,(3,3),(0.,1.),.PIECEWISE_BEZIER_KNOTS.);
#1768 = CARTESIAN_POINT('',(0.461593047326,0.17335779503,25.));
#1769 = CARTESIAN_POINT('',(0.617392759142,0.102437405981,25.));
#1770 = CARTESIAN_POINT('',(0.740096289401,-6.757478744905E-03,25.));
#1771 = ORIENTED_EDGE('',*,*,#1772,.T.);
#1772 = EDGE_CURVE('',#1765,#1773,#1775,.T.);
#1773 = VERTEX_POINT('',#1774);
#1774 = CARTESIAN_POINT('',(0.937097370093,-0.268149769811,25.));
#1775 = B_SPLINE_CURVE_WITH_KNOTS('',2,(#1776,#1777,#1778),
  .UNSPECIFIED.,.F.,.F.,(3,3),(0.,1.),.PIECEWISE_BEZIER_KNOTS.);
#1776 = CARTESIAN_POINT('',(0.740096289401,-6.757478744905E-03,25.));
#1777 = CARTESIAN_POINT('',(0.862799819661,-0.115727219379,25.));
#1778 = CARTESIAN_POINT('',(0.937097370093,-0.268149769811,25.));
#1779 = ORIENTED_EDGE('',*,*,#1780,.T.);
#1780 = EDGE_CURVE('',#1773,#1781,#1783,.T.);
#1781 = VERTEX_POINT('',#1782);
#1782 = CARTESIAN_POINT('',(1.011620064617,-0.635134640128,25.));
#1783 = B_SPLINE_CURVE_WITH_KNOTS('',2,(#1784,#1785,#1786),
  .UNSPECIFIED.,.F.,.F.,(3,3),(0.,1.),.PIECEWISE_BEZIER_KNOTS.);
#1784 = CARTESIAN_POINT('',(0.937097370093,-0.268149769811,25.));
#1785 = CARTESIAN_POINT('',(1.011620064617,-0.420572320243,25.));
#1786 = CARTESIAN_POINT('',(1.011620064617,-0.635134640128,25.));
#1787 = ORIENTED_EDGE('',*,*,#1788,.T.);
#1788 = EDGE_CURVE('',#1781,#1789,#1791,.T.);
#1789 = VERTEX_POINT('',#1790);
#1790 = CARTESIAN_POINT('',(0.918185266346,-1.107937233788,25.));
#1791 = B_SPLINE_CURVE_WITH_KNOTS('',2,(#1792,#1793,#1794),
  .UNSPECIFIED.,.F.,.F.,(3,3),(0.,1.),.PIECEWISE_BEZIER_KNOTS.);
#1792 = CARTESIAN_POINT('',(1.011620064617,-0.635134640128,25.));
#1793 = CARTESIAN_POINT('',(1.011620064617,-0.891348617073,25.));
#1794 = CARTESIAN_POINT('',(0.918185266346,-1.107937233788,25.));
#1795 = ORIENTED_EDGE('',*,*,#1796,.T.);
#1796 = EDGE_CURVE('',#1789,#1797,#1799,.T.);
#1797 = VERTEX_POINT('',#1798);
#1798 = CARTESIAN_POINT('',(0.644860338393,-1.481901570964,25.));
#1799 = B_SPLINE_CURVE_WITH_KNOTS('',2,(#1800,#1801,#1802),
  .UNSPECIFIED.,.F.,.F.,(3,3),(0.,1.),.PIECEWISE_BEZIER_KNOTS.);
#1800 = CARTESIAN_POINT('',(0.918185266346,-1.107937233788,25.));
#1801 = CARTESIAN_POINT('',(0.824750468076,-1.324300706411,25.));
#1802 = CARTESIAN_POINT('',(0.644860338393,-1.481901570964,25.));
#1803 = ORIENTED_EDGE('',*,*,#1804,.T.);
#1804 = EDGE_CURVE('',#1797,#1805,#1807,.T.);
#1805 = VERTEX_POINT('',#1806);
#1806 = CARTESIAN_POINT('',(0.200651044444,-1.727758919667,25.));
#1807 = B_SPLINE_CURVE_WITH_KNOTS('',2,(#1808,#1809,#1810),
  .UNSPECIFIED.,.F.,.F.,(3,3),(0.,1.),.PIECEWISE_BEZIER_KNOTS.);
#1808 = CARTESIAN_POINT('',(0.644860338393,-1.481901570964,25.));
#1809 = CARTESIAN_POINT('',(0.465195352802,-1.639502435517,25.));
#1810 = CARTESIAN_POINT('',(0.200651044444,-1.727758919667,25.));
#1811 = ORIENTED_EDGE('',*,*,#1812,.T.);
#1812 = EDGE_CURVE('',#1805,#1813,#1815,.T.);
#1813 = VERTEX_POINT('',#1814);
#1814 = CARTESIAN_POINT('',(-0.406337428178,-1.816015403817,25.));
#1815 = B_SPLINE_CURVE_WITH_KNOTS('',2,(#1816,#1817,#1818),
  .UNSPECIFIED.,.F.,.F.,(3,3),(0.,1.),.PIECEWISE_BEZIER_KNOTS.);
#1816 = CARTESIAN_POINT('',(0.200651044444,-1.727758919667,25.));
#1817 = CARTESIAN_POINT('',(-6.389326391287E-02,-1.816015403817,25.));
#1818 = CARTESIAN_POINT('',(-0.406337428178,-1.816015403817,25.));
#1819 = ORIENTED_EDGE('',*,*,#1820,.T.);
#1820 = EDGE_CURVE('',#1813,#1821,#1823,.T.);
#1821 = VERTEX_POINT('',#1822);
#1822 = CARTESIAN_POINT('',(-0.764316534806,-1.783144366353,25.));
#1823 = B_SPLINE_CURVE_WITH_KNOTS('',2,(#1824,#1825,#1826),
  .UNSPECIFIED.,.F.,.F.,(3,3),(0.,1.),.PIECEWISE_BEZIER_KNOTS.);
#1824 = CARTESIAN_POINT('',(-0.406337428178,-1.816015403817,25.));
#1825 = CARTESIAN_POINT('',(-0.589604719244,-1.816015403817,25.));
#1826 = CARTESIAN_POINT('',(-0.764316534806,-1.783144366353,25.));
#1827 = ORIENTED_EDGE('',*,*,#1828,.T.);
#1828 = EDGE_CURVE('',#1821,#1829,#1831,.T.);
#1829 = VERTEX_POINT('',#1830);
#1830 = CARTESIAN_POINT('',(-1.099781232213,-1.69151072082,25.));
#1831 = B_SPLINE_CURVE_WITH_KNOTS('',2,(#1832,#1833,#1834),
  .UNSPECIFIED.,.F.,.F.,(3,3),(0.,1.),.PIECEWISE_BEZIER_KNOTS.);
#1832 = CARTESIAN_POINT('',(-0.764316534806,-1.783144366353,25.));
#1833 = CARTESIAN_POINT('',(-0.938803206276,-1.750273328889,25.));
#1834 = CARTESIAN_POINT('',(-1.099781232213,-1.69151072082,25.));
#1835 = ORIENTED_EDGE('',*,*,#1836,.T.);
#1836 = EDGE_CURVE('',#1829,#1837,#1839,.T.);
#1837 = VERTEX_POINT('',#1838);
#1838 = CARTESIAN_POINT('',(-1.397196578034,-1.553272248197,25.));
#1839 = B_SPLINE_CURVE_WITH_KNOTS('',2,(#1840,#1841,#1842),
  .UNSPECIFIED.,.F.,.F.,(3,3),(0.,1.),.PIECEWISE_BEZIER_KNOTS.);
#1840 = CARTESIAN_POINT('',(-1.099781232213,-1.69151072082,25.));
#1841 = CARTESIAN_POINT('',(-1.260534114057,-1.632748112751,25.));
#1842 = CARTESIAN_POINT('',(-1.397196578034,-1.553272248197,25.));
#1843 = ORIENTED_EDGE('',*,*,#1844,.T.);
#1844 = EDGE_CURVE('',#1837,#1845,#1847,.T.);
#1845 = VERTEX_POINT('',#1846);
#1846 = CARTESIAN_POINT('',(-1.637425324432,-1.380136441281,25.));
#1847 = B_SPLINE_CURVE_WITH_KNOTS('',2,(#1848,#1849,#1850),
  .UNSPECIFIED.,.F.,.F.,(3,3),(0.,1.),.PIECEWISE_BEZIER_KNOTS.);
#1848 = CARTESIAN_POINT('',(-1.397196578034,-1.553272248197,25.));
#1849 = CARTESIAN_POINT('',(-1.533633897919,-1.473571239552,25.));
#1850 = CARTESIAN_POINT('',(-1.637425324432,-1.380136441281,25.));
#1851 = ORIENTED_EDGE('',*,*,#1852,.T.);
#1852 = EDGE_CURVE('',#1845,#1853,#1855,.T.);
#1853 = VERTEX_POINT('',#1854);
#1854 = CARTESIAN_POINT('',(-1.440199099648,-1.05030034618,25.));
#1855 = LINE('',#1856,#1857);
#1856 = CARTESIAN_POINT('',(-1.637425324432,-1.380136441281,25.));
#1857 = VECTOR('',#1858,1.);
#1858 = DIRECTION('',(0.513202859348,0.858267338978,0.));
#1859 = ORIENTED_EDGE('',*,*,#1860,.T.);
#1860 = EDGE_CURVE('',#1853,#1861,#1863,.T.);
#1861 = VERTEX_POINT('',#1862);
#1862 = CARTESIAN_POINT('',(-1.350366606852,-0.959116988831,25.));
#1863 = B_SPLINE_CURVE_WITH_KNOTS('',2,(#1864,#1865,#1866),
  .UNSPECIFIED.,.F.,.F.,(3,3),(0.,1.),.PIECEWISE_BEZIER_KNOTS.);
#1864 = CARTESIAN_POINT('',(-1.440199099648,-1.05030034618,25.));
#1865 = CARTESIAN_POINT('',(-1.402149748063,-0.990637161742,25.));
#1866 = CARTESIAN_POINT('',(-1.350366606852,-0.959116988831,25.));
#1867 = ORIENTED_EDGE('',*,*,#1868,.T.);
#1868 = EDGE_CURVE('',#1861,#1869,#1871,.T.);
#1869 = VERTEX_POINT('',#1870);
#1870 = CARTESIAN_POINT('',(-1.218882456996,-0.927596815921,25.));
#1871 = B_SPLINE_CURVE_WITH_KNOTS('',2,(#1872,#1873,#1874),
  .UNSPECIFIED.,.F.,.F.,(3,3),(0.,1.),.PIECEWISE_BEZIER_KNOTS.);
#1872 = CARTESIAN_POINT('',(-1.350366606852,-0.959116988831,25.));
#1873 = CARTESIAN_POINT('',(-1.298583465642,-0.927596815921,25.));
#1874 = CARTESIAN_POINT('',(-1.218882456996,-0.927596815921,25.));
#1875 = ORIENTED_EDGE('',*,*,#1876,.T.);
#1876 = EDGE_CURVE('',#1869,#1877,#1879,.T.);
#1877 = VERTEX_POINT('',#1878);
#1878 = CARTESIAN_POINT('',(-1.068486203394,-0.972625634365,25.));
#1879 = B_SPLINE_CURVE_WITH_KNOTS('',2,(#1880,#1881,#1882),
  .UNSPECIFIED.,.F.,.F.,(3,3),(0.,1.),.PIECEWISE_BEZIER_KNOTS.);
#1880 = CARTESIAN_POINT('',(-1.218882456996,-0.927596815921,25.));
#1881 = CARTESIAN_POINT('',(-1.139406592443,-0.927596815921,25.));
#1882 = CARTESIAN_POINT('',(-1.068486203394,-0.972625634365,25.));
#1883 = ORIENTED_EDGE('',*,*,#1884,.T.);
#1884 = EDGE_CURVE('',#1877,#1885,#1887,.T.);
#1885 = VERTEX_POINT('',#1886);
#1886 = CARTESIAN_POINT('',(-0.904356160166,-1.069212449926,25.));
#1887 = B_SPLINE_CURVE_WITH_KNOTS('',2,(#1888,#1889,#1890),
  .UNSPECIFIED.,.F.,.F.,(3,3),(0.,1.),.PIECEWISE_BEZIER_KNOTS.);
#1888 = CARTESIAN_POINT('',(-1.068486203394,-0.972625634365,25.));
#1889 = CARTESIAN_POINT('',(-0.997565814345,-1.017429308716,25.));
#1890 = CARTESIAN_POINT('',(-0.904356160166,-1.069212449926,25.));
#1891 = ORIENTED_EDGE('',*,*,#1892,.T.);
#1892 = EDGE_CURVE('',#1885,#1893,#1895,.T.);
#1893 = VERTEX_POINT('',#1894);
#1894 = CARTESIAN_POINT('',(-0.684840670253,-1.166024409581,25.));
#1895 = B_SPLINE_CURVE_WITH_KNOTS('',2,(#1896,#1897,#1898),
  .UNSPECIFIED.,.F.,.F.,(3,3),(0.,1.),.PIECEWISE_BEZIER_KNOTS.);
#1896 = CARTESIAN_POINT('',(-0.904356160166,-1.069212449926,25.));
#1897 = CARTESIAN_POINT('',(-0.810921361896,-1.120995591137,25.));
#1898 = CARTESIAN_POINT('',(-0.684840670253,-1.166024409581,25.));
#1899 = ORIENTED_EDGE('',*,*,#1900,.T.);
#1900 = EDGE_CURVE('',#1893,#1901,#1903,.T.);
#1901 = VERTEX_POINT('',#1902);
#1902 = CARTESIAN_POINT('',(-0.364685771117,-1.210828083932,25.));
#1903 = B_SPLINE_CURVE_WITH_KNOTS('',2,(#1904,#1905,#1906),
  .UNSPECIFIED.,.F.,.F.,(3,3),(0.,1.),.PIECEWISE_BEZIER_KNOTS.);
#1904 = CARTESIAN_POINT('',(-0.684840670253,-1.166024409581,25.));
#1905 = CARTESIAN_POINT('',(-0.558534834518,-1.210828083932,25.));
#1906 = CARTESIAN_POINT('',(-0.364685771117,-1.210828083932,25.));
#1907 = ORIENTED_EDGE('',*,*,#1908,.T.);
#1908 = EDGE_CURVE('',#1901,#1909,#1911,.T.);
#1909 = VERTEX_POINT('',#1910);
#1910 = CARTESIAN_POINT('',(-0.103743768236,-1.174579885085,25.));
#1911 = B_SPLINE_CURVE_WITH_KNOTS('',2,(#1912,#1913,#1914),
  .UNSPECIFIED.,.F.,.F.,(3,3),(0.,1.),.PIECEWISE_BEZIER_KNOTS.);
#1912 = CARTESIAN_POINT('',(-0.364685771117,-1.210828083932,25.));
#1913 = CARTESIAN_POINT('',(-0.21271350887,-1.210828083932,25.));
#1914 = CARTESIAN_POINT('',(-0.103743768236,-1.174579885085,25.));
#1915 = ORIENTED_EDGE('',*,*,#1916,.T.);
#1916 = EDGE_CURVE('',#1909,#1917,#1919,.T.);
#1917 = VERTEX_POINT('',#1918);
#1918 = CARTESIAN_POINT('',(7.614636144736E-02,-1.079794222261,25.));
#1919 = B_SPLINE_CURVE_WITH_KNOTS('',2,(#1920,#1921,#1922),
  .UNSPECIFIED.,.F.,.F.,(3,3),(0.,1.),.PIECEWISE_BEZIER_KNOTS.);
#1920 = CARTESIAN_POINT('',(-0.103743768236,-1.174579885085,25.));
#1921 = CARTESIAN_POINT('',(5.225972398367E-03,-1.138331686238,25.));
#1922 = CARTESIAN_POINT('',(7.614636144736E-02,-1.079794222261,25.));
#1923 = ORIENTED_EDGE('',*,*,#1924,.T.);
#1924 = EDGE_CURVE('',#1917,#1925,#1927,.T.);
#1925 = VERTEX_POINT('',#1926);
#1926 = CARTESIAN_POINT('',(0.17993778796,-0.943356902376,25.));
#1927 = B_SPLINE_CURVE_WITH_KNOTS('',2,(#1928,#1929,#1930),
  .UNSPECIFIED.,.F.,.F.,(3,3),(0.,1.),.PIECEWISE_BEZIER_KNOTS.);
#1928 = CARTESIAN_POINT('',(7.614636144736E-02,-1.079794222261,25.));
#1929 = CARTESIAN_POINT('',(0.147066750496,-1.021031614192,25.));
#1930 = CARTESIAN_POINT('',(0.17993778796,-0.943356902376,25.));
#1931 = ORIENTED_EDGE('',*,*,#1932,.T.);
#1932 = EDGE_CURVE('',#1925,#1933,#1935,.T.);
#1933 = VERTEX_POINT('',#1934);
#1934 = CARTESIAN_POINT('',(0.212808825424,-0.782829164624,25.));
#1935 = B_SPLINE_CURVE_WITH_KNOTS('',2,(#1936,#1937,#1938),
  .UNSPECIFIED.,.F.,.F.,(3,3),(0.,1.),.PIECEWISE_BEZIER_KNOTS.);
#1936 = CARTESIAN_POINT('',(0.17993778796,-0.943356902376,25.));
#1937 = CARTESIAN_POINT('',(0.212808825424,-0.86568219056,25.));
#1938 = CARTESIAN_POINT('',(0.212808825424,-0.782829164624,25.));
#1939 = ORIENTED_EDGE('',*,*,#1940,.T.);
#1940 = EDGE_CURVE('',#1933,#1941,#1943,.T.);
#1941 = VERTEX_POINT('',#1942);
#1942 = CARTESIAN_POINT('',(0.1382861309,-0.579298905258,25.));
#1943 = B_SPLINE_CURVE_WITH_KNOTS('',2,(#1944,#1945,#1946),
  .UNSPECIFIED.,.F.,.F.,(3,3),(0.,1.),.PIECEWISE_BEZIER_KNOTS.);
#1944 = CARTESIAN_POINT('',(0.212808825424,-0.782829164624,25.));
#1945 = CARTESIAN_POINT('',(0.212808825424,-0.658549625719,25.));
#1946 = CARTESIAN_POINT('',(0.1382861309,-0.579298905258,25.));
#1947 = ORIENTED_EDGE('',*,*,#1948,.T.);
#1948 = EDGE_CURVE('',#1941,#1949,#1951,.T.);
#1949 = VERTEX_POINT('',#1950);
#1950 = CARTESIAN_POINT('',(-5.871494979183E-02,-0.441285576728,25.));
#1951 = B_SPLINE_CURVE_WITH_KNOTS('',2,(#1952,#1953,#1954),
  .UNSPECIFIED.,.F.,.F.,(3,3),(0.,1.),.PIECEWISE_BEZIER_KNOTS.);
#1952 = CARTESIAN_POINT('',(0.1382861309,-0.579298905258,25.));
#1953 = CARTESIAN_POINT('',(6.398858046753E-02,-0.499823040705,25.));
#1954 = CARTESIAN_POINT('',(-5.871494979183E-02,-0.441285576728,25.));
#1955 = ORIENTED_EDGE('',*,*,#1956,.T.);
#1956 = EDGE_CURVE('',#1949,#1957,#1959,.T.);
#1957 = VERTEX_POINT('',#1958);
#1958 = CARTESIAN_POINT('',(-0.338794200512,-0.335918141569,25.));
#1959 = B_SPLINE_CURVE_WITH_KNOTS('',2,(#1960,#1961,#1962),
  .UNSPECIFIED.,.F.,.F.,(3,3),(0.,1.),.PIECEWISE_BEZIER_KNOTS.);
#1960 = CARTESIAN_POINT('',(-5.871494979183E-02,-0.441285576728,25.));
#1961 = CARTESIAN_POINT('',(-0.181418480051,-0.382522968658,25.));
#1962 = CARTESIAN_POINT('',(-0.338794200512,-0.335918141569,25.));
#1963 = ORIENTED_EDGE('',*,*,#1964,.T.);
#1964 = EDGE_CURVE('',#1957,#1965,#1967,.T.);
#1965 = VERTEX_POINT('',#1966);
#1966 = CARTESIAN_POINT('',(-0.660525108293,-0.234153011886,25.));
#1967 = B_SPLINE_CURVE_WITH_KNOTS('',2,(#1968,#1969,#1970),
  .UNSPECIFIED.,.F.,.F.,(3,3),(0.,1.),.PIECEWISE_BEZIER_KNOTS.);
#1968 = CARTESIAN_POINT('',(-0.338794200512,-0.335918141569,25.));
#1969 = CARTESIAN_POINT('',(-0.496169920973,-0.28931331448,25.));
#1970 = CARTESIAN_POINT('',(-0.660525108293,-0.234153011886,25.));
#1971 = ORIENTED_EDGE('',*,*,#1972,.T.);
#1972 = EDGE_CURVE('',#1965,#1973,#1975,.T.);
#1973 = VERTEX_POINT('',#1974);
#1974 = CARTESIAN_POINT('',(-0.982030871982,-0.10469515886,25.));
#1975 = B_SPLINE_CURVE_WITH_KNOTS('',2,(#1976,#1977,#1978),
  .UNSPECIFIED.,.F.,.F.,(3,3),(0.,1.),.PIECEWISE_BEZIER_KNOTS.);
#1976 = CARTESIAN_POINT('',(-0.660525108293,-0.234153011886,25.));
#1977 = CARTESIAN_POINT('',(-0.824655151521,-0.1787675652,25.));
#1978 = CARTESIAN_POINT('',(-0.982030871982,-0.10469515886,25.));
#1979 = ORIENTED_EDGE('',*,*,#1980,.T.);
#1980 = EDGE_CURVE('',#1973,#1981,#1983,.T.);
#1981 = VERTEX_POINT('',#1982);
#1982 = CARTESIAN_POINT('',(-1.262335266795,8.352530223492E-02,25.));
#1983 = B_SPLINE_CURVE_WITH_KNOTS('',2,(#1984,#1985,#1986),
  .UNSPECIFIED.,.F.,.F.,(3,3),(0.,1.),.PIECEWISE_BEZIER_KNOTS.);
#1984 = CARTESIAN_POINT('',(-0.982030871982,-0.10469515886,25.));
#1985 = CARTESIAN_POINT('',(-1.139406592443,-3.03976084279E-02,25.));
#1986 = CARTESIAN_POINT('',(-1.262335266795,8.352530223492E-02,25.));
#1987 = ORIENTED_EDGE('',*,*,#1988,.T.);
#1988 = EDGE_CURVE('',#1981,#1989,#1991,.T.);
#1989 = VERTEX_POINT('',#1990);
#1990 = CARTESIAN_POINT('',(-1.459336347486,0.363154264771,25.));
#1991 = B_SPLINE_CURVE_WITH_KNOTS('',2,(#1992,#1993,#1994),
  .UNSPECIFIED.,.F.,.F.,(3,3),(0.,1.),.PIECEWISE_BEZIER_KNOTS.);
#1992 = CARTESIAN_POINT('',(-1.262335266795,8.352530223492E-02,25.));
#1993 = CARTESIAN_POINT('',(-1.385038797054,0.197448212898,25.));
#1994 = CARTESIAN_POINT('',(-1.459336347486,0.363154264771,25.));
#1995 = ORIENTED_EDGE('',*,*,#1996,.T.);
#1996 = EDGE_CURVE('',#1989,#1997,#1999,.T.);
#1997 = VERTEX_POINT('',#1998);
#1998 = CARTESIAN_POINT('',(-1.533633897919,0.763460460736,25.));
#1999 = B_SPLINE_CURVE_WITH_KNOTS('',2,(#2000,#2001,#2002),
  .UNSPECIFIED.,.F.,.F.,(3,3),(0.,1.),.PIECEWISE_BEZIER_KNOTS.);
#2000 = CARTESIAN_POINT('',(-1.459336347486,0.363154264771,25.));
#2001 = CARTESIAN_POINT('',(-1.533633897919,0.528860316644,25.));
#2002 = CARTESIAN_POINT('',(-1.533633897919,0.763460460736,25.));
#2003 = ORIENTED_EDGE('',*,*,#2004,.T.);
#2004 = EDGE_CURVE('',#1997,#2005,#2007,.T.);
#2005 = VERTEX_POINT('',#2006);
#2006 = CARTESIAN_POINT('',(-1.447178566507,1.177725590419,25.));
#2007 = B_SPLINE_CURVE_WITH_KNOTS('',2,(#2008,#2009,#2010),
  .UNSPECIFIED.,.F.,.F.,(3,3),(0.,1.),.PIECEWISE_BEZIER_KNOTS.);
#2008 = CARTESIAN_POINT('',(-1.533633897919,0.763460460736,25.));
#2009 = CARTESIAN_POINT('',(-1.533633897919,0.98094965382,25.));
#2010 = CARTESIAN_POINT('',(-1.447178566507,1.177725590419,25.));
#2011 = ORIENTED_EDGE('',*,*,#2012,.T.);
#2012 = EDGE_CURVE('',#2005,#2013,#2015,.T.);
#2013 = VERTEX_POINT('',#2014);
#2014 = CARTESIAN_POINT('',(-1.192990886391,1.521070331053,25.));
#2015 = B_SPLINE_CURVE_WITH_KNOTS('',2,(#2016,#2017,#2018),
  .UNSPECIFIED.,.F.,.F.,(3,3),(0.,1.),.PIECEWISE_BEZIER_KNOTS.);
#2016 = CARTESIAN_POINT('',(-1.447178566507,1.177725590419,25.));
#2017 = CARTESIAN_POINT('',(-1.360723235094,1.374501527019,25.));
#2018 = CARTESIAN_POINT('',(-1.192990886391,1.521070331053,25.));
#2019 = ORIENTED_EDGE('',*,*,#2020,.T.);
#2020 = EDGE_CURVE('',#2013,#2021,#2023,.T.);
#2021 = VERTEX_POINT('',#2022);
#2022 = CARTESIAN_POINT('',(-0.774673163048,1.755895619238,25.));
#2023 = B_SPLINE_CURVE_WITH_KNOTS('',2,(#2024,#2025,#2026),
  .UNSPECIFIED.,.F.,.F.,(3,3),(0.,1.),.PIECEWISE_BEZIER_KNOTS.);
#2024 = CARTESIAN_POINT('',(-1.192990886391,1.521070331053,25.));
#2025 = CARTESIAN_POINT('',(-1.025258537688,1.66786427918,25.));
#2026 = CARTESIAN_POINT('',(-0.774673163048,1.755895619238,25.));
#2027 = ORIENTED_EDGE('',*,*,#2028,.T.);
#2028 = EDGE_CURVE('',#2021,#2029,#2031,.T.);
#2029 = VERTEX_POINT('',#2030);
#2030 = CARTESIAN_POINT('',(-0.195377413769,1.843926959295,25.));
#2031 = B_SPLINE_CURVE_WITH_KNOTS('',2,(#2032,#2033,#2034),
  .UNSPECIFIED.,.F.,.F.,(3,3),(0.,1.),.PIECEWISE_BEZIER_KNOTS.);
#2032 = CARTESIAN_POINT('',(-0.774673163048,1.755895619238,25.));
#2033 = CARTESIAN_POINT('',(-0.523862644316,1.843926959295,25.));
#2034 = CARTESIAN_POINT('',(-0.195377413769,1.843926959295,25.));
#2035 = ORIENTED_EDGE('',*,*,#2036,.T.);
#2036 = EDGE_CURVE('',#2029,#2037,#2039,.T.);
#2037 = VERTEX_POINT('',#2038);
#2038 = CARTESIAN_POINT('',(0.471949675568,1.722799437682,25.));
#2039 = B_SPLINE_CURVE_WITH_KNOTS('',2,(#2040,#2041,#2042),
  .UNSPECIFIED.,.F.,.F.,(3,3),(0.,1.),.PIECEWISE_BEZIER_KNOTS.);
#2040 = CARTESIAN_POINT('',(-0.195377413769,1.843926959295,25.));
#2041 = CARTESIAN_POINT('',(0.171157168364,1.843926959295,25.));
#2042 = CARTESIAN_POINT('',(0.471949675568,1.722799437682,25.));
#2043 = ORIENTED_EDGE('',*,*,#2044,.T.);
#2044 = EDGE_CURVE('',#2037,#1651,#2045,.T.);
#2045 = B_SPLINE_CURVE_WITH_KNOTS('',2,(#2046,#2047,#2048),
  .UNSPECIFIED.,.F.,.F.,(3,3),(0.,1.),.PIECEWISE_BEZIER_KNOTS.);
#2046 = CARTESIAN_POINT('',(0.471949675568,1.722799437682,25.));
#2047 = CARTESIAN_POINT('',(0.772967326865,1.60189706016,25.));
#2048 = CARTESIAN_POINT('',(0.973570713032,1.404670835376,25.));
#2049 = FACE_BOUND('',#2050,.T.);
#2050 = EDGE_LOOP('',(#2051,#2061,#2069,#2077,#2085,#2093,#2101,#2109,
    #2117,#2125,#2133,#2141,#2149,#2157,#2165,#2173,#2181,#2189,#2197,
    #2205,#2213));
#2051 = ORIENTED_EDGE('',*,*,#2052,.T.);
#2052 = EDGE_CURVE('',#2053,#2055,#2057,.T.);
#2053 = VERTEX_POINT('',#2054);
#2054 = CARTESIAN_POINT('',(-6.316369848927,0.201275662465,25.));
#2055 = VERTEX_POINT('',#2056);
#2056 = CARTESIAN_POINT('',(-6.713974315786,0.201275662465,25.));
#2057 = LINE('',#2058,#2059);
#2058 = CARTESIAN_POINT('',(-6.316369848927,0.201275662465,25.));
#2059 = VECTOR('',#2060,1.);
#2060 = DIRECTION('',(-1.,0.,0.));
#2061 = ORIENTED_EDGE('',*,*,#2062,.T.);
#2062 = EDGE_CURVE('',#2055,#2063,#2065,.T.);
#2063 = VERTEX_POINT('',#2064);
#2064 = CARTESIAN_POINT('',(-6.713974315786,-1.751173905258,25.));
#2065 = LINE('',#2066,#2067);
#2066 = CARTESIAN_POINT('',(-6.713974315786,0.201275662465,25.));
#2067 = VECTOR('',#2068,1.);
#2068 = DIRECTION('',(0.,-1.,0.));
#2069 = ORIENTED_EDGE('',*,*,#2070,.T.);
#2070 = EDGE_CURVE('',#2063,#2071,#2073,.T.);
#2071 = VERTEX_POINT('',#2072);
#2072 = CARTESIAN_POINT('',(-7.644269704835,-1.751173905258,25.));
#2073 = LINE('',#2074,#2075);
#2074 = CARTESIAN_POINT('',(-6.713974315786,-1.751173905258,25.));
#2075 = VECTOR('',#2076,1.);
#2076 = DIRECTION('',(-1.,0.,0.));
#2077 = ORIENTED_EDGE('',*,*,#2078,.T.);
#2078 = EDGE_CURVE('',#2071,#2079,#2081,.T.);
#2079 = VERTEX_POINT('',#2080);
#2080 = CARTESIAN_POINT('',(-7.644269704835,3.241621483791,25.));
#2081 = LINE('',#2082,#2083);
#2082 = CARTESIAN_POINT('',(-7.644269704835,-1.751173905258,25.));
#2083 = VECTOR('',#2084,1.);
#2084 = DIRECTION('',(0.,1.,0.));
#2085 = ORIENTED_EDGE('',*,*,#2086,.T.);
#2086 = EDGE_CURVE('',#2079,#2087,#2089,.T.);
#2087 = VERTEX_POINT('',#2088);
#2088 = CARTESIAN_POINT('',(-6.119143624143,3.241621483791,25.));
#2089 = LINE('',#2090,#2091);
#2090 = CARTESIAN_POINT('',(-7.644269704835,3.241621483791,25.));
#2091 = VECTOR('',#2092,1.);
#2092 = DIRECTION('',(1.,0.,0.));
#2093 = ORIENTED_EDGE('',*,*,#2094,.T.);
#2094 = EDGE_CURVE('',#2087,#2095,#2097,.T.);
#2095 = VERTEX_POINT('',#2096);
#2096 = CARTESIAN_POINT('',(-5.242657673135,3.136254048633,25.));
#2097 = B_SPLINE_CURVE_WITH_KNOTS('',2,(#2098,#2099,#2100),
  .UNSPECIFIED.,.F.,.F.,(3,3),(0.,1.),.PIECEWISE_BEZIER_KNOTS.);
#2098 = CARTESIAN_POINT('',(-6.119143624143,3.241621483791,25.));
#2099 = CARTESIAN_POINT('',(-5.60739110253,3.241621483791,25.));
#2100 = CARTESIAN_POINT('',(-5.242657673135,3.136254048633,25.));
#2101 = ORIENTED_EDGE('',*,*,#2102,.T.);
#2102 = EDGE_CURVE('',#2095,#2103,#2105,.T.);
#2103 = VERTEX_POINT('',#2104);
#2104 = CARTESIAN_POINT('',(-4.644449820109,2.840864999641,25.));
#2105 = B_SPLINE_CURVE_WITH_KNOTS('',2,(#2106,#2107,#2108),
  .UNSPECIFIED.,.F.,.F.,(3,3),(0.,1.),.PIECEWISE_BEZIER_KNOTS.);
#2106 = CARTESIAN_POINT('',(-5.242657673135,3.136254048633,25.));
#2107 = CARTESIAN_POINT('',(-4.877699099648,3.030886613474,25.));
#2108 = CARTESIAN_POINT('',(-4.644449820109,2.840864999641,25.));
#2109 = ORIENTED_EDGE('',*,*,#2110,.T.);
#2110 = EDGE_CURVE('',#2103,#2111,#2113,.T.);
#2111 = VERTEX_POINT('',#2112);
#2112 = CARTESIAN_POINT('',(-4.302005655844,2.386749365635,25.));
#2113 = B_SPLINE_CURVE_WITH_KNOTS('',2,(#2114,#2115,#2116),
  .UNSPECIFIED.,.F.,.F.,(3,3),(0.,1.),.PIECEWISE_BEZIER_KNOTS.);
#2114 = CARTESIAN_POINT('',(-4.644449820109,2.840864999641,25.));
#2115 = CARTESIAN_POINT('',(-4.410975396478,2.651068529901,25.));
#2116 = CARTESIAN_POINT('',(-4.302005655844,2.386749365635,25.));
#2117 = ORIENTED_EDGE('',*,*,#2118,.T.);
#2118 = EDGE_CURVE('',#2111,#2119,#2121,.T.);
#2119 = VERTEX_POINT('',#2120);
#2120 = CARTESIAN_POINT('',(-4.19303591521,1.804751887249,25.));
#2121 = B_SPLINE_CURVE_WITH_KNOTS('',2,(#2122,#2123,#2124),
  .UNSPECIFIED.,.F.,.F.,(3,3),(0.,1.),.PIECEWISE_BEZIER_KNOTS.);
#2122 = CARTESIAN_POINT('',(-4.302005655844,2.386749365635,25.));
#2123 = CARTESIAN_POINT('',(-4.19303591521,2.122655345463,25.));
#2124 = CARTESIAN_POINT('',(-4.19303591521,1.804751887249,25.));
#2125 = ORIENTED_EDGE('',*,*,#2126,.T.);
#2126 = EDGE_CURVE('',#2119,#2127,#2129,.T.);
#2127 = VERTEX_POINT('',#2128);
#2128 = CARTESIAN_POINT('',(-4.267333465642,1.328121844022,25.));
#2129 = B_SPLINE_CURVE_WITH_KNOTS('',2,(#2130,#2131,#2132),
  .UNSPECIFIED.,.F.,.F.,(3,3),(0.,1.),.PIECEWISE_BEZIER_KNOTS.);
#2130 = CARTESIAN_POINT('',(-4.19303591521,1.804751887249,25.));
#2131 = CARTESIAN_POINT('',(-4.19303591521,1.552815648056,25.));
#2132 = CARTESIAN_POINT('',(-4.267333465642,1.328121844022,25.));
#2133 = ORIENTED_EDGE('',*,*,#2134,.T.);
#2134 = EDGE_CURVE('',#2127,#2135,#2137,.T.);
#2135 = VERTEX_POINT('',#2136);
#2136 = CARTESIAN_POINT('',(-4.481895785527,0.920611037105,25.));
#2137 = B_SPLINE_CURVE_WITH_KNOTS('',2,(#2138,#2139,#2140),
  .UNSPECIFIED.,.F.,.F.,(3,3),(0.,1.),.PIECEWISE_BEZIER_KNOTS.);
#2138 = CARTESIAN_POINT('',(-4.267333465642,1.328121844022,25.));
#2139 = CARTESIAN_POINT('',(-4.341631016074,1.103653184079,25.));
#2140 = CARTESIAN_POINT('',(-4.481895785527,0.920611037105,25.));
#2141 = ORIENTED_EDGE('',*,*,#2142,.T.);
#2142 = EDGE_CURVE('',#2135,#2143,#2145,.T.);
#2143 = VERTEX_POINT('',#2144);
#2144 = CARTESIAN_POINT('',(-4.827717111175,0.599330417509,25.));
#2145 = B_SPLINE_CURVE_WITH_KNOTS('',2,(#2146,#2147,#2148),
  .UNSPECIFIED.,.F.,.F.,(3,3),(0.,1.),.PIECEWISE_BEZIER_KNOTS.);
#2146 = CARTESIAN_POINT('',(-4.481895785527,0.920611037105,25.));
#2147 = CARTESIAN_POINT('',(-4.621935410887,0.737568890131,25.));
#2148 = CARTESIAN_POINT('',(-4.827717111175,0.599330417509,25.));
#2149 = ORIENTED_EDGE('',*,*,#2150,.T.);
#2150 = EDGE_CURVE('',#2143,#2151,#2153,.T.);
#2151 = VERTEX_POINT('',#2152);
#2152 = CARTESIAN_POINT('',(-5.296241967083,0.378464063042,25.));
#2153 = B_SPLINE_CURVE_WITH_KNOTS('',2,(#2154,#2155,#2156),
  .UNSPECIFIED.,.F.,.F.,(3,3),(0.,1.),.PIECEWISE_BEZIER_KNOTS.);
#2154 = CARTESIAN_POINT('',(-4.827717111175,0.599330417509,25.));
#2155 = CARTESIAN_POINT('',(-5.033273667371,0.461317088978,25.));
#2156 = CARTESIAN_POINT('',(-5.296241967083,0.378464063042,25.));
#2157 = ORIENTED_EDGE('',*,*,#2158,.T.);
#2158 = EDGE_CURVE('',#2151,#2159,#2161,.T.);
#2159 = VERTEX_POINT('',#2160);
#2160 = CARTESIAN_POINT('',(-4.991847154403,9.208077773924E-02,25.));
#2161 = B_SPLINE_CURVE_WITH_KNOTS('',2,(#2162,#2163,#2164),
  .UNSPECIFIED.,.F.,.F.,(3,3),(0.,1.),.PIECEWISE_BEZIER_KNOTS.);
#2162 = CARTESIAN_POINT('',(-5.296241967083,0.378464063042,25.));
#2163 = CARTESIAN_POINT('',(-5.119728998783,0.278274942004,25.));
#2164 = CARTESIAN_POINT('',(-4.991847154403,9.208077773924E-02,25.));
#2165 = ORIENTED_EDGE('',*,*,#2166,.T.);
#2166 = EDGE_CURVE('',#2159,#2167,#2169,.T.);
#2167 = VERTEX_POINT('',#2168);
#2168 = CARTESIAN_POINT('',(-3.740046001665,-1.751173905258,25.));
#2169 = LINE('',#2170,#2171);
#2170 = CARTESIAN_POINT('',(-4.991847154403,9.208077773924E-02,25.));
#2171 = VECTOR('',#2172,1.);
#2172 = DIRECTION('',(0.561815193865,-0.827262768377,0.));
#2173 = ORIENTED_EDGE('',*,*,#2174,.T.);
#2174 = EDGE_CURVE('',#2167,#2175,#2177,.T.);
#2175 = VERTEX_POINT('',#2176);
#2176 = CARTESIAN_POINT('',(-4.576906592443,-1.751173905258,25.));
#2177 = LINE('',#2178,#2179);
#2178 = CARTESIAN_POINT('',(-3.740046001665,-1.751173905258,25.));
#2179 = VECTOR('',#2180,1.);
#2180 = DIRECTION('',(-1.,0.,0.));
#2181 = ORIENTED_EDGE('',*,*,#2182,.T.);
#2182 = EDGE_CURVE('',#2175,#2183,#2185,.T.);
#2183 = VERTEX_POINT('',#2184);
#2184 = CARTESIAN_POINT('',(-4.782688292731,-1.702767925431,25.));
#2185 = B_SPLINE_CURVE_WITH_KNOTS('',2,(#2186,#2187,#2188),
  .UNSPECIFIED.,.F.,.F.,(3,3),(0.,1.),.PIECEWISE_BEZIER_KNOTS.);
#2186 = CARTESIAN_POINT('',(-4.576906592443,-1.751173905258,25.));
#2187 = CARTESIAN_POINT('',(-4.697808969965,-1.751173905258,25.));
#2188 = CARTESIAN_POINT('',(-4.782688292731,-1.702767925431,25.));
#2189 = ORIENTED_EDGE('',*,*,#2190,.T.);
#2190 = EDGE_CURVE('',#2183,#2191,#2193,.T.);
#2191 = VERTEX_POINT('',#2192);
#2192 = CARTESIAN_POINT('',(-4.926105079475,-1.564529452808,25.));
#2193 = B_SPLINE_CURVE_WITH_KNOTS('',2,(#2194,#2195,#2196),
  .UNSPECIFIED.,.F.,.F.,(3,3),(0.,1.),.PIECEWISE_BEZIER_KNOTS.);
#2194 = CARTESIAN_POINT('',(-4.782688292731,-1.702767925431,25.));
#2195 = CARTESIAN_POINT('',(-4.867342471406,-1.654361945604,25.));
#2196 = CARTESIAN_POINT('',(-4.926105079475,-1.564529452808,25.));
#2197 = ORIENTED_EDGE('',*,*,#2198,.T.);
#2198 = EDGE_CURVE('',#2191,#2199,#2201,.T.);
#2199 = VERTEX_POINT('',#2200);
#2200 = CARTESIAN_POINT('',(-5.977527990138,3.534446650005E-02,25.));
#2201 = LINE('',#2202,#2203);
#2202 = CARTESIAN_POINT('',(-4.926105079475,-1.564529452808,25.));
#2203 = VECTOR('',#2204,1.);
#2204 = DIRECTION('',(-0.549206046704,0.83568697385,0.));
#2205 = ORIENTED_EDGE('',*,*,#2206,.T.);
#2206 = EDGE_CURVE('',#2199,#2207,#2209,.T.);
#2207 = VERTEX_POINT('',#2208);
#2208 = CARTESIAN_POINT('',(-6.107210987256,0.16322631088,25.));
#2209 = B_SPLINE_CURVE_WITH_KNOTS('',2,(#2210,#2211,#2212),
  .UNSPECIFIED.,.F.,.F.,(3,3),(0.,1.),.PIECEWISE_BEZIER_KNOTS.);
#2210 = CARTESIAN_POINT('',(-5.977527990138,3.534446650005E-02,25.));
#2211 = CARTESIAN_POINT('',(-6.036290598207,0.125176959295,25.));
#2212 = CARTESIAN_POINT('',(-6.107210987256,0.16322631088,25.));
#2213 = ORIENTED_EDGE('',*,*,#2214,.T.);
#2214 = EDGE_CURVE('',#2207,#2053,#2215,.T.);
#2215 = B_SPLINE_CURVE_WITH_KNOTS('',2,(#2216,#2217,#2218),
  .UNSPECIFIED.,.F.,.F.,(3,3),(0.,1.),.PIECEWISE_BEZIER_KNOTS.);
#2216 = CARTESIAN_POINT('',(-6.107210987256,0.16322631088,25.));
#2217 = CARTESIAN_POINT('',(-6.178131376305,0.201275662465,25.));
#2218 = CARTESIAN_POINT('',(-6.316369848927,0.201275662465,25.));
#2219 = FACE_BOUND('',#2220,.T.);
#2220 = EDGE_LOOP('',(#2221,#2231,#2239,#2247,#2255,#2263,#2271,#2279,
    #2287,#2295,#2303,#2311,#2319,#2327,#2335,#2343));
#2221 = ORIENTED_EDGE('',*,*,#2222,.T.);
#2222 = EDGE_CURVE('',#2223,#2225,#2227,.T.);
#2223 = VERTEX_POINT('',#2224);
#2224 = CARTESIAN_POINT('',(-2.206814733654,3.039892377163,25.));
#2225 = VERTEX_POINT('',#2226);
#2226 = CARTESIAN_POINT('',(-2.16178591521,2.825780345463,25.));
#2227 = B_SPLINE_CURVE_WITH_KNOTS('',2,(#2228,#2229,#2230),
  .UNSPECIFIED.,.F.,.F.,(3,3),(0.,1.),.PIECEWISE_BEZIER_KNOTS.);
#2228 = CARTESIAN_POINT('',(-2.206814733654,3.039892377163,25.));
#2229 = CARTESIAN_POINT('',(-2.16178591521,2.939703256125,25.));
#2230 = CARTESIAN_POINT('',(-2.16178591521,2.825780345463,25.));
#2231 = ORIENTED_EDGE('',*,*,#2232,.T.);
#2232 = EDGE_CURVE('',#2225,#2233,#2235,.T.);
#2233 = VERTEX_POINT('',#2234);
#2234 = CARTESIAN_POINT('',(-2.206814733654,2.618422636529,25.));
#2235 = B_SPLINE_CURVE_WITH_KNOTS('',2,(#2236,#2237,#2238),
  .UNSPECIFIED.,.F.,.F.,(3,3),(0.,1.),.PIECEWISE_BEZIER_KNOTS.);
#2236 = CARTESIAN_POINT('',(-2.16178591521,2.825780345463,25.));
#2237 = CARTESIAN_POINT('',(-2.16178591521,2.715234596183,25.));
#2238 = CARTESIAN_POINT('',(-2.206814733654,2.618422636529,25.));
#2239 = ORIENTED_EDGE('',*,*,#2240,.T.);
#2240 = EDGE_CURVE('',#2233,#2241,#2243,.T.);
#2241 = VERTEX_POINT('',#2242);
#2242 = CARTESIAN_POINT('',(-2.32614110253,2.449339423272,25.));
#2243 = B_SPLINE_CURVE_WITH_KNOTS('',2,(#2244,#2245,#2246),
  .UNSPECIFIED.,.F.,.F.,(3,3),(0.,1.),.PIECEWISE_BEZIER_KNOTS.);
#2244 = CARTESIAN_POINT('',(-2.206814733654,2.618422636529,25.));
#2245 = CARTESIAN_POINT('',(-2.251843552097,2.521835820967,25.));
#2246 = CARTESIAN_POINT('',(-2.32614110253,2.449339423272,25.));
#2247 = ORIENTED_EDGE('',*,*,#2248,.T.);
#2248 = EDGE_CURVE('',#2241,#2249,#2251,.T.);
#2249 = VERTEX_POINT('',#2250);
#2250 = CARTESIAN_POINT('',(-2.500852918092,2.333615359872,25.));
#2251 = B_SPLINE_CURVE_WITH_KNOTS('',2,(#2252,#2253,#2254),
  .UNSPECIFIED.,.F.,.F.,(3,3),(0.,1.),.PIECEWISE_BEZIER_KNOTS.);
#2252 = CARTESIAN_POINT('',(-2.32614110253,2.449339423272,25.));
#2253 = CARTESIAN_POINT('',(-2.400438652962,2.376843025578,25.));
#2254 = CARTESIAN_POINT('',(-2.500852918092,2.333615359872,25.));
#2255 = ORIENTED_EDGE('',*,*,#2256,.T.);
#2256 = EDGE_CURVE('',#2249,#2257,#2259,.T.);
#2257 = VERTEX_POINT('',#2258);
#2258 = CARTESIAN_POINT('',(-2.715190093884,2.290612838258,25.));
#2259 = B_SPLINE_CURVE_WITH_KNOTS('',2,(#2260,#2261,#2262),
  .UNSPECIFIED.,.F.,.F.,(3,3),(0.,1.),.PIECEWISE_BEZIER_KNOTS.);
#2260 = CARTESIAN_POINT('',(-2.500852918092,2.333615359872,25.));
#2261 = CARTESIAN_POINT('',(-2.601042039129,2.290612838258,25.));
#2262 = CARTESIAN_POINT('',(-2.715190093884,2.290612838258,25.));
#2263 = ORIENTED_EDGE('',*,*,#2264,.T.);
#2264 = EDGE_CURVE('',#2257,#2265,#2267,.T.);
#2265 = VERTEX_POINT('',#2266);
#2266 = CARTESIAN_POINT('',(-2.924574099648,2.333615359872,25.));
#2267 = B_SPLINE_CURVE_WITH_KNOTS('',2,(#2268,#2269,#2270),
  .UNSPECIFIED.,.F.,.F.,(3,3),(0.,1.),.PIECEWISE_BEZIER_KNOTS.);
#2268 = CARTESIAN_POINT('',(-2.715190093884,2.290612838258,25.));
#2269 = CARTESIAN_POINT('',(-2.825960987256,2.290612838258,25.));
#2270 = CARTESIAN_POINT('',(-2.924574099648,2.333615359872,25.));
#2271 = ORIENTED_EDGE('',*,*,#2272,.T.);
#2272 = EDGE_CURVE('',#2265,#2273,#2275,.T.);
#2273 = VERTEX_POINT('',#2274);
#2274 = CARTESIAN_POINT('',(-3.095683609734,2.449339423272,25.));
#2275 = B_SPLINE_CURVE_WITH_KNOTS('',2,(#2276,#2277,#2278),
  .UNSPECIFIED.,.F.,.F.,(3,3),(0.,1.),.PIECEWISE_BEZIER_KNOTS.);
#2276 = CARTESIAN_POINT('',(-2.924574099648,2.333615359872,25.));
#2277 = CARTESIAN_POINT('',(-3.022962067947,2.376843025578,25.));
#2278 = CARTESIAN_POINT('',(-3.095683609734,2.449339423272,25.));
#2279 = ORIENTED_EDGE('',*,*,#2280,.T.);
#2280 = EDGE_CURVE('',#2273,#2281,#2283,.T.);
#2281 = VERTEX_POINT('',#2282);
#2282 = CARTESIAN_POINT('',(-3.211407673135,2.618422636529,25.));
#2283 = B_SPLINE_CURVE_WITH_KNOTS('',2,(#2284,#2285,#2286),
  .UNSPECIFIED.,.F.,.F.,(3,3),(0.,1.),.PIECEWISE_BEZIER_KNOTS.);
#2284 = CARTESIAN_POINT('',(-3.095683609734,2.449339423272,25.));
#2285 = CARTESIAN_POINT('',(-3.168180007429,2.521835820967,25.));
#2286 = CARTESIAN_POINT('',(-3.211407673135,2.618422636529,25.));
#2287 = ORIENTED_EDGE('',*,*,#2288,.T.);
#2288 = EDGE_CURVE('',#2281,#2289,#2291,.T.);
#2289 = VERTEX_POINT('',#2290);
#2290 = CARTESIAN_POINT('',(-3.254635338841,2.825780345463,25.));
#2291 = B_SPLINE_CURVE_WITH_KNOTS('',2,(#2292,#2293,#2294),
  .UNSPECIFIED.,.F.,.F.,(3,3),(0.,1.),.PIECEWISE_BEZIER_KNOTS.);
#2292 = CARTESIAN_POINT('',(-3.211407673135,2.618422636529,25.));
#2293 = CARTESIAN_POINT('',(-3.254635338841,2.715234596183,25.));
#2294 = CARTESIAN_POINT('',(-3.254635338841,2.825780345463,25.));
#2295 = ORIENTED_EDGE('',*,*,#2296,.T.);
#2296 = EDGE_CURVE('',#2289,#2297,#2299,.T.);
#2297 = VERTEX_POINT('',#2298);
#2298 = CARTESIAN_POINT('',(-3.211407673135,3.039892377163,25.));
#2299 = B_SPLINE_CURVE_WITH_KNOTS('',2,(#2300,#2301,#2302),
  .UNSPECIFIED.,.F.,.F.,(3,3),(0.,1.),.PIECEWISE_BEZIER_KNOTS.);
#2300 = CARTESIAN_POINT('',(-3.254635338841,2.825780345463,25.));
#2301 = CARTESIAN_POINT('',(-3.254635338841,2.939703256125,25.));
#2302 = CARTESIAN_POINT('',(-3.211407673135,3.039892377163,25.));
#2303 = ORIENTED_EDGE('',*,*,#2304,.T.);
#2304 = EDGE_CURVE('',#2297,#2305,#2307,.T.);
#2305 = VERTEX_POINT('',#2306);
#2306 = CARTESIAN_POINT('',(-3.095683609734,3.212577895895,25.));
#2307 = B_SPLINE_CURVE_WITH_KNOTS('',2,(#2308,#2309,#2310),
  .UNSPECIFIED.,.F.,.F.,(3,3),(0.,1.),.PIECEWISE_BEZIER_KNOTS.);
#2308 = CARTESIAN_POINT('',(-3.211407673135,3.039892377163,25.));
#2309 = CARTESIAN_POINT('',(-3.168180007429,3.1400814982,25.));
#2310 = CARTESIAN_POINT('',(-3.095683609734,3.212577895895,25.));
#2311 = ORIENTED_EDGE('',*,*,#2312,.T.);
#2312 = EDGE_CURVE('',#2305,#2313,#2315,.T.);
#2313 = VERTEX_POINT('',#2314);
#2314 = CARTESIAN_POINT('',(-2.924574099648,3.328076815203,25.));
#2315 = B_SPLINE_CURVE_WITH_KNOTS('',2,(#2316,#2317,#2318),
  .UNSPECIFIED.,.F.,.F.,(3,3),(0.,1.),.PIECEWISE_BEZIER_KNOTS.);
#2316 = CARTESIAN_POINT('',(-3.095683609734,3.212577895895,25.));
#2317 = CARTESIAN_POINT('',(-3.022962067947,3.285074293589,25.));
#2318 = CARTESIAN_POINT('',(-2.924574099648,3.328076815203,25.));
#2319 = ORIENTED_EDGE('',*,*,#2320,.T.);
#2320 = EDGE_CURVE('',#2313,#2321,#2323,.T.);
#2321 = VERTEX_POINT('',#2322);
#2322 = CARTESIAN_POINT('',(-2.715190093884,3.371304480909,25.));
#2323 = B_SPLINE_CURVE_WITH_KNOTS('',2,(#2324,#2325,#2326),
  .UNSPECIFIED.,.F.,.F.,(3,3),(0.,1.),.PIECEWISE_BEZIER_KNOTS.);
#2324 = CARTESIAN_POINT('',(-2.924574099648,3.328076815203,25.));
#2325 = CARTESIAN_POINT('',(-2.825960987256,3.371304480909,25.));
#2326 = CARTESIAN_POINT('',(-2.715190093884,3.371304480909,25.));
#2327 = ORIENTED_EDGE('',*,*,#2328,.T.);
#2328 = EDGE_CURVE('',#2321,#2329,#2331,.T.);
#2329 = VERTEX_POINT('',#2330);
#2330 = CARTESIAN_POINT('',(-2.500852918092,3.328076815203,25.));
#2331 = B_SPLINE_CURVE_WITH_KNOTS('',2,(#2332,#2333,#2334),
  .UNSPECIFIED.,.F.,.F.,(3,3),(0.,1.),.PIECEWISE_BEZIER_KNOTS.);
#2332 = CARTESIAN_POINT('',(-2.715190093884,3.371304480909,25.));
#2333 = CARTESIAN_POINT('',(-2.601042039129,3.371304480909,25.));
#2334 = CARTESIAN_POINT('',(-2.500852918092,3.328076815203,25.));
#2335 = ORIENTED_EDGE('',*,*,#2336,.T.);
#2336 = EDGE_CURVE('',#2329,#2337,#2339,.T.);
#2337 = VERTEX_POINT('',#2338);
#2338 = CARTESIAN_POINT('',(-2.32614110253,3.212577895895,25.));
#2339 = B_SPLINE_CURVE_WITH_KNOTS('',2,(#2340,#2341,#2342),
  .UNSPECIFIED.,.F.,.F.,(3,3),(0.,1.),.PIECEWISE_BEZIER_KNOTS.);
#2340 = CARTESIAN_POINT('',(-2.500852918092,3.328076815203,25.));
#2341 = CARTESIAN_POINT('',(-2.400438652962,3.285074293589,25.));
#2342 = CARTESIAN_POINT('',(-2.32614110253,3.212577895895,25.));
#2343 = ORIENTED_EDGE('',*,*,#2344,.T.);
#2344 = EDGE_CURVE('',#2337,#2223,#2345,.T.);
#2345 = B_SPLINE_CURVE_WITH_KNOTS('',2,(#2346,#2347,#2348),
  .UNSPECIFIED.,.F.,.F.,(3,3),(0.,1.),.PIECEWISE_BEZIER_KNOTS.);
#2346 = CARTESIAN_POINT('',(-2.32614110253,3.212577895895,25.));
#2347 = CARTESIAN_POINT('',(-2.251843552097,3.1400814982,25.));
#2348 = CARTESIAN_POINT('',(-2.206814733654,3.039892377163,25.));
#2349 = FACE_BOUND('',#2350,.T.);
#2350 = EDGE_LOOP('',(#2351,#2361,#2369,#2377,#2385,#2393,#2401,#2409,
    #2417,#2425,#2433,#2441,#2449,#2457,#2465,#2473,#2481,#2489,#2497,
    #2505,#2513,#2521,#2529,#2537,#2545,#2553,#2561,#2569,#2577,#2585));
#2351 = ORIENTED_EDGE('',*,*,#2352,.T.);
#2352 = EDGE_CURVE('',#2353,#2355,#2357,.T.);
#2353 = VERTEX_POINT('',#2354);
#2354 = CARTESIAN_POINT('',(6.385584401793,1.691504408863,25.));
#2355 = VERTEX_POINT('',#2356);
#2356 = CARTESIAN_POINT('',(7.099741462312,1.829517737393,25.));
#2357 = B_SPLINE_CURVE_WITH_KNOTS('',2,(#2358,#2359,#2360),
  .UNSPECIFIED.,.F.,.F.,(3,3),(0.,1.),.PIECEWISE_BEZIER_KNOTS.);
#2358 = CARTESIAN_POINT('',(6.385584401793,1.691504408863,25.));
#2359 = CARTESIAN_POINT('',(6.702136995453,1.829517737393,25.));
#2360 = CARTESIAN_POINT('',(7.099741462312,1.829517737393,25.));
#2361 = ORIENTED_EDGE('',*,*,#2362,.T.);
#2362 = EDGE_CURVE('',#2355,#2363,#2365,.T.);
#2363 = VERTEX_POINT('',#2364);
#2364 = CARTESIAN_POINT('',(7.717086563176,1.722574293589,25.));
#2365 = B_SPLINE_CURVE_WITH_KNOTS('',2,(#2366,#2367,#2368),
  .UNSPECIFIED.,.F.,.F.,(3,3),(0.,1.),.PIECEWISE_BEZIER_KNOTS.);
#2366 = CARTESIAN_POINT('',(7.099741462312,1.829517737393,25.));
#2367 = CARTESIAN_POINT('',(7.435206159718,1.829517737393,25.));
#2368 = CARTESIAN_POINT('',(7.717086563176,1.722574293589,25.));
#2369 = ORIENTED_EDGE('',*,*,#2370,.T.);
#2370 = EDGE_CURVE('',#2363,#2371,#2373,.T.);
#2371 = VERTEX_POINT('',#2372);
#2372 = CARTESIAN_POINT('',(8.202947514185,1.410524581774,25.));
#2373 = B_SPLINE_CURVE_WITH_KNOTS('',2,(#2374,#2375,#2376),
  .UNSPECIFIED.,.F.,.F.,(3,3),(0.,1.),.PIECEWISE_BEZIER_KNOTS.);
#2374 = CARTESIAN_POINT('',(7.717086563176,1.722574293589,25.));
#2375 = CARTESIAN_POINT('',(7.998966966635,1.615855993878,25.));
#2376 = CARTESIAN_POINT('',(8.202947514185,1.410524581774,25.));
#2377 = ORIENTED_EDGE('',*,*,#2378,.T.);
#2378 = EDGE_CURVE('',#2371,#2379,#2381,.T.);
#2379 = VERTEX_POINT('',#2380);
#2380 = CARTESIAN_POINT('',(8.521076116491,0.907102391572,25.));
#2381 = B_SPLINE_CURVE_WITH_KNOTS('',2,(#2382,#2383,#2384),
  .UNSPECIFIED.,.F.,.F.,(3,3),(0.,1.),.PIECEWISE_BEZIER_KNOTS.);
#2382 = CARTESIAN_POINT('',(8.202947514185,1.410524581774,25.));
#2383 = CARTESIAN_POINT('',(8.406928061736,1.205418313762,25.));
#2384 = CARTESIAN_POINT('',(8.521076116491,0.907102391572,25.));
#2385 = ORIENTED_EDGE('',*,*,#2386,.T.);
#2386 = EDGE_CURVE('',#2379,#2387,#2389,.T.);
#2387 = VERTEX_POINT('',#2388);
#2388 = CARTESIAN_POINT('',(8.635224171246,0.226266656702,25.));
#2389 = B_SPLINE_CURVE_WITH_KNOTS('',2,(#2390,#2391,#2392),
  .UNSPECIFIED.,.F.,.F.,(3,3),(0.,1.),.PIECEWISE_BEZIER_KNOTS.);
#2390 = CARTESIAN_POINT('',(8.521076116491,0.907102391572,25.));
#2391 = CARTESIAN_POINT('',(8.635224171246,0.609011613474,25.));
#2392 = CARTESIAN_POINT('',(8.635224171246,0.226266656702,25.));
#2393 = ORIENTED_EDGE('',*,*,#2394,.T.);
#2394 = EDGE_CURVE('',#2387,#2395,#2397,.T.);
#2395 = VERTEX_POINT('',#2396);
#2396 = CARTESIAN_POINT('',(8.626443551649,6.573891894962E-02,25.));
#2397 = B_SPLINE_CURVE_WITH_KNOTS('',2,(#2398,#2399,#2400),
  .UNSPECIFIED.,.F.,.F.,(3,3),(0.,1.),.PIECEWISE_BEZIER_KNOTS.);
#2398 = CARTESIAN_POINT('',(8.635224171246,0.226266656702,25.));
#2399 = CARTESIAN_POINT('',(8.635224171246,0.12967984114,25.));
#2400 = CARTESIAN_POINT('',(8.626443551649,6.573891894962E-02,25.));
#2401 = ORIENTED_EDGE('',*,*,#2402,.T.);
#2402 = EDGE_CURVE('',#2395,#2403,#2405,.T.);
#2403 = VERTEX_POINT('',#2404);
#2404 = CARTESIAN_POINT('',(8.595373666923,-3.422505799563E-02,25.));
#2405 = B_SPLINE_CURVE_WITH_KNOTS('',2,(#2406,#2407,#2408),
  .UNSPECIFIED.,.F.,.F.,(3,3),(0.,1.),.PIECEWISE_BEZIER_KNOTS.);
#2406 = CARTESIAN_POINT('',(8.626443551649,6.573891894962E-02,25.));
#2407 = CARTESIAN_POINT('',(8.617888076145,2.023140851636E-03,25.));
#2408 = CARTESIAN_POINT('',(8.595373666923,-3.422505799563E-02,25.));
#2409 = ORIENTED_EDGE('',*,*,#2410,.T.);
#2410 = EDGE_CURVE('',#2403,#2411,#2413,.T.);
#2411 = VERTEX_POINT('',#2412);
#2412 = CARTESIAN_POINT('',(8.535035050208,-8.578305511378E-02,25.));
#2413 = B_SPLINE_CURVE_WITH_KNOTS('',2,(#2414,#2415,#2416),
  .UNSPECIFIED.,.F.,.F.,(3,3),(0.,1.),.PIECEWISE_BEZIER_KNOTS.);
#2414 = CARTESIAN_POINT('',(8.595373666923,-3.422505799563E-02,25.));
#2415 = CARTESIAN_POINT('',(8.573084401793,-7.024811275067E-02,25.));
#2416 = CARTESIAN_POINT('',(8.535035050208,-8.578305511378E-02,25.));
#2417 = ORIENTED_EDGE('',*,*,#2418,.T.);
#2418 = EDGE_CURVE('',#2411,#2419,#2421,.T.);
#2419 = VERTEX_POINT('',#2420);
#2420 = CARTESIAN_POINT('',(8.437997946462,-0.101317997477,25.));
#2421 = B_SPLINE_CURVE_WITH_KNOTS('',2,(#2422,#2423,#2424),
  .UNSPECIFIED.,.F.,.F.,(3,3),(0.,1.),.PIECEWISE_BEZIER_KNOTS.);
#2422 = CARTESIAN_POINT('',(8.535035050208,-8.578305511378E-02,25.));
#2423 = CARTESIAN_POINT('',(8.496985698623,-0.101317997477,25.));
#2424 = CARTESIAN_POINT('',(8.437997946462,-0.101317997477,25.));
#2425 = ORIENTED_EDGE('',*,*,#2426,.T.);
#2426 = EDGE_CURVE('',#2419,#2427,#2429,.T.);
#2427 = VERTEX_POINT('',#2428);
#2428 = CARTESIAN_POINT('',(6.245544776433,-0.101317997477,25.));
#2429 = LINE('',#2430,#2431);
#2430 = CARTESIAN_POINT('',(8.437997946462,-0.101317997477,25.));
#2431 = VECTOR('',#2432,1.);
#2432 = DIRECTION('',(-1.,0.,0.));
#2433 = ORIENTED_EDGE('',*,*,#2434,.T.);
#2434 = EDGE_CURVE('',#2427,#2435,#2437,.T.);
#2435 = VERTEX_POINT('',#2436);
#2436 = CARTESIAN_POINT('',(6.539357816779,-0.905982983068,25.));
#2437 = B_SPLINE_CURVE_WITH_KNOTS('',2,(#2438,#2439,#2440),
  .UNSPECIFIED.,.F.,.F.,(3,3),(0.,1.),.PIECEWISE_BEZIER_KNOTS.);
#2438 = CARTESIAN_POINT('',(6.245544776433,-0.101317997477,25.));
#2439 = CARTESIAN_POINT('',(6.283594128018,-0.649318717938,25.));
#2440 = CARTESIAN_POINT('',(6.539357816779,-0.905982983068,25.));
#2441 = ORIENTED_EDGE('',*,*,#2442,.T.);
#2442 = EDGE_CURVE('',#2435,#2443,#2445,.T.);
#2443 = VERTEX_POINT('',#2444);
#2444 = CARTESIAN_POINT('',(7.21726667845,-1.162422104105,25.));
#2445 = B_SPLINE_CURVE_WITH_KNOTS('',2,(#2446,#2447,#2448),
  .UNSPECIFIED.,.F.,.F.,(3,3),(0.,1.),.PIECEWISE_BEZIER_KNOTS.);
#2446 = CARTESIAN_POINT('',(6.539357816779,-0.905982983068,25.));
#2447 = CARTESIAN_POINT('',(6.795346649632,-1.162422104105,25.));
#2448 = CARTESIAN_POINT('',(7.21726667845,-1.162422104105,25.));
#2449 = ORIENTED_EDGE('',*,*,#2450,.T.);
#2450 = EDGE_CURVE('',#2443,#2451,#2453,.T.);
#2451 = VERTEX_POINT('',#2452);
#2452 = CARTESIAN_POINT('',(7.575245785078,-1.114016124278,25.));
#2453 = B_SPLINE_CURVE_WITH_KNOTS('',2,(#2454,#2455,#2456),
  .UNSPECIFIED.,.F.,.F.,(3,3),(0.,1.),.PIECEWISE_BEZIER_KNOTS.);
#2454 = CARTESIAN_POINT('',(7.21726667845,-1.162422104105,25.));
#2455 = CARTESIAN_POINT('',(7.424849531476,-1.162422104105,25.));
#2456 = CARTESIAN_POINT('',(7.575245785078,-1.114016124278,25.));
#2457 = ORIENTED_EDGE('',*,*,#2458,.T.);
#2458 = EDGE_CURVE('',#2451,#2459,#2461,.T.);
#2459 = VERTEX_POINT('',#2460);
#2460 = CARTESIAN_POINT('',(7.837988940698,-1.006397248197,25.));
#2461 = B_SPLINE_CURVE_WITH_KNOTS('',2,(#2462,#2463,#2464),
  .UNSPECIFIED.,.F.,.F.,(3,3),(0.,1.),.PIECEWISE_BEZIER_KNOTS.);
#2462 = CARTESIAN_POINT('',(7.575245785078,-1.114016124278,25.));
#2463 = CARTESIAN_POINT('',(7.725642038681,-1.065385000359,25.));
#2464 = CARTESIAN_POINT('',(7.837988940698,-1.006397248197,25.));
#2465 = ORIENTED_EDGE('',*,*,#2466,.T.);
#2466 = EDGE_CURVE('',#2459,#2467,#2469,.T.);
#2467 = VERTEX_POINT('',#2468);
#2468 = CARTESIAN_POINT('',(8.035215165482,-0.899003516209,25.));
#2469 = B_SPLINE_CURVE_WITH_KNOTS('',2,(#2470,#2471,#2472),
  .UNSPECIFIED.,.F.,.F.,(3,3),(0.,1.),.PIECEWISE_BEZIER_KNOTS.);
#2470 = CARTESIAN_POINT('',(7.837988940698,-1.006397248197,25.));
#2471 = CARTESIAN_POINT('',(7.950560986808,-0.947409496036,25.));
#2472 = CARTESIAN_POINT('',(8.035215165482,-0.899003516209,25.));
#2473 = ORIENTED_EDGE('',*,*,#2474,.T.);
#2474 = EDGE_CURVE('',#2467,#2475,#2477,.T.);
#2475 = VERTEX_POINT('',#2476);
#2476 = CARTESIAN_POINT('',(8.199570352802,-0.85037239229,25.));
#2477 = B_SPLINE_CURVE_WITH_KNOTS('',2,(#2478,#2479,#2480),
  .UNSPECIFIED.,.F.,.F.,(3,3),(0.,1.),.PIECEWISE_BEZIER_KNOTS.);
#2478 = CARTESIAN_POINT('',(8.035215165482,-0.899003516209,25.));
#2479 = CARTESIAN_POINT('',(8.119869344156,-0.85037239229,25.));
#2480 = CARTESIAN_POINT('',(8.199570352802,-0.85037239229,25.));
#2481 = ORIENTED_EDGE('',*,*,#2482,.T.);
#2482 = EDGE_CURVE('',#2475,#2483,#2485,.T.);
#2483 = VERTEX_POINT('',#2484);
#2484 = CARTESIAN_POINT('',(8.289402845597,-0.871310792866,25.));
#2485 = B_SPLINE_CURVE_WITH_KNOTS('',2,(#2486,#2487,#2488),
  .UNSPECIFIED.,.F.,.F.,(3,3),(0.,1.),.PIECEWISE_BEZIER_KNOTS.);
#2486 = CARTESIAN_POINT('',(8.199570352802,-0.85037239229,25.));
#2487 = CARTESIAN_POINT('',(8.251353494012,-0.85037239229,25.));
#2488 = CARTESIAN_POINT('',(8.289402845597,-0.871310792866,25.));
#2489 = ORIENTED_EDGE('',*,*,#2490,.T.);
#2490 = EDGE_CURVE('',#2483,#2491,#2493,.T.);
#2491 = VERTEX_POINT('',#2492);
#2492 = CARTESIAN_POINT('',(8.355144920525,-0.93052368912,25.));
#2493 = B_SPLINE_CURVE_WITH_KNOTS('',2,(#2494,#2495,#2496),
  .UNSPECIFIED.,.F.,.F.,(3,3),(0.,1.),.PIECEWISE_BEZIER_KNOTS.);
#2494 = CARTESIAN_POINT('',(8.289402845597,-0.871310792866,25.));
#2495 = CARTESIAN_POINT('',(8.327452197182,-0.892249193442,25.));
#2496 = CARTESIAN_POINT('',(8.355144920525,-0.93052368912,25.));
#2497 = ORIENTED_EDGE('',*,*,#2498,.T.);
#2498 = EDGE_CURVE('',#2491,#2499,#2501,.T.);
#2499 = VERTEX_POINT('',#2500);
#2500 = CARTESIAN_POINT('',(8.604154286519,-1.244149409581,25.));
#2501 = LINE('',#2502,#2503);
#2502 = CARTESIAN_POINT('',(8.355144920525,-0.93052368912,25.));
#2503 = VECTOR('',#2504,1.);
#2504 = DIRECTION('',(0.621811155655,-0.783167215033,0.));
#2505 = ORIENTED_EDGE('',*,*,#2506,.T.);
#2506 = EDGE_CURVE('',#2499,#2507,#2509,.T.);
#2507 = VERTEX_POINT('',#2508);
#2508 = CARTESIAN_POINT('',(8.285800540122,-1.518149769811,25.));
#2509 = B_SPLINE_CURVE_WITH_KNOTS('',2,(#2510,#2511,#2512),
  .UNSPECIFIED.,.F.,.F.,(3,3),(0.,1.),.PIECEWISE_BEZIER_KNOTS.);
#2510 = CARTESIAN_POINT('',(8.604154286519,-1.244149409581,25.));
#2511 = CARTESIAN_POINT('',(8.462313508421,-1.407604020532,25.));
#2512 = CARTESIAN_POINT('',(8.285800540122,-1.518149769811,25.));
#2513 = ORIENTED_EDGE('',*,*,#2514,.T.);
#2514 = EDGE_CURVE('',#2507,#2515,#2517,.T.);
#2515 = VERTEX_POINT('',#2516);
#2516 = CARTESIAN_POINT('',(7.917464805251,-1.695113026295,25.));
#2517 = B_SPLINE_CURVE_WITH_KNOTS('',2,(#2518,#2519,#2520),
  .UNSPECIFIED.,.F.,.F.,(3,3),(0.,1.),.PIECEWISE_BEZIER_KNOTS.);
#2518 = CARTESIAN_POINT('',(8.285800540122,-1.518149769811,25.));
#2519 = CARTESIAN_POINT('',(8.109512715914,-1.628695519091,25.));
#2520 = CARTESIAN_POINT('',(7.917464805251,-1.695113026295,25.));
#2521 = ORIENTED_EDGE('',*,*,#2522,.T.);
#2522 = EDGE_CURVE('',#2515,#2523,#2525,.T.);
#2523 = VERTEX_POINT('',#2524);
#2524 = CARTESIAN_POINT('',(7.526839805251,-1.788772968658,25.));
#2525 = B_SPLINE_CURVE_WITH_KNOTS('',2,(#2526,#2527,#2528),
  .UNSPECIFIED.,.F.,.F.,(3,3),(0.,1.),.PIECEWISE_BEZIER_KNOTS.);
#2526 = CARTESIAN_POINT('',(7.917464805251,-1.695113026295,25.));
#2527 = CARTESIAN_POINT('',(7.725642038681,-1.7615305335,25.));
#2528 = CARTESIAN_POINT('',(7.526839805251,-1.788772968658,25.));
#2529 = ORIENTED_EDGE('',*,*,#2530,.T.);
#2530 = EDGE_CURVE('',#2523,#2531,#2533,.T.);
#2531 = VERTEX_POINT('',#2532);
#2532 = CARTESIAN_POINT('',(7.14116797528,-1.816015403817,25.));
#2533 = B_SPLINE_CURVE_WITH_KNOTS('',2,(#2534,#2535,#2536),
  .UNSPECIFIED.,.F.,.F.,(3,3),(0.,1.),.PIECEWISE_BEZIER_KNOTS.);
#2534 = CARTESIAN_POINT('',(7.526839805251,-1.788772968658,25.));
#2535 = CARTESIAN_POINT('',(7.328037571822,-1.816015403817,25.));
#2536 = CARTESIAN_POINT('',(7.14116797528,-1.816015403817,25.));
#2537 = ORIENTED_EDGE('',*,*,#2538,.T.);
#2538 = EDGE_CURVE('',#2531,#2539,#2541,.T.);
#2539 = VERTEX_POINT('',#2540);
#2540 = CARTESIAN_POINT('',(6.453127629459,-1.69353701765,25.));
#2541 = B_SPLINE_CURVE_WITH_KNOTS('',2,(#2542,#2543,#2544),
  .UNSPECIFIED.,.F.,.F.,(3,3),(0.,1.),.PIECEWISE_BEZIER_KNOTS.);
#2542 = CARTESIAN_POINT('',(7.14116797528,-1.816015403817,25.));
#2543 = CARTESIAN_POINT('',(6.771256231764,-1.816015403817,25.));
#2544 = CARTESIAN_POINT('',(6.453127629459,-1.69353701765,25.));
#2545 = ORIENTED_EDGE('',*,*,#2546,.T.);
#2546 = EDGE_CURVE('',#2539,#2547,#2549,.T.);
#2547 = VERTEX_POINT('',#2548);
#2548 = CARTESIAN_POINT('',(5.899723450785,-1.331505317362,25.));
#2549 = B_SPLINE_CURVE_WITH_KNOTS('',2,(#2550,#2551,#2552),
  .UNSPECIFIED.,.F.,.F.,(3,3),(0.,1.),.PIECEWISE_BEZIER_KNOTS.);
#2550 = CARTESIAN_POINT('',(6.453127629459,-1.69353701765,25.));
#2551 = CARTESIAN_POINT('',(6.134999027153,-1.571058631483,25.));
#2552 = CARTESIAN_POINT('',(5.899723450785,-1.331505317362,25.));
#2553 = ORIENTED_EDGE('',*,*,#2554,.T.);
#2554 = EDGE_CURVE('',#2547,#2555,#2557,.T.);
#2555 = VERTEX_POINT('',#2556);
#2556 = CARTESIAN_POINT('',(5.529811707269,-0.738250634365,25.));
#2557 = B_SPLINE_CURVE_WITH_KNOTS('',2,(#2558,#2559,#2560),
  .UNSPECIFIED.,.F.,.F.,(3,3),(0.,1.),.PIECEWISE_BEZIER_KNOTS.);
#2558 = CARTESIAN_POINT('',(5.899723450785,-1.331505317362,25.));
#2559 = CARTESIAN_POINT('',(5.664673018508,-1.091726859148,25.));
#2560 = CARTESIAN_POINT('',(5.529811707269,-0.738250634365,25.));
#2561 = ORIENTED_EDGE('',*,*,#2562,.T.);
#2562 = EDGE_CURVE('',#2555,#2563,#2565,.T.);
#2563 = VERTEX_POINT('',#2564);
#2564 = CARTESIAN_POINT('',(5.394950396029,8.082357312829E-02,25.));
#2565 = B_SPLINE_CURVE_WITH_KNOTS('',2,(#2566,#2567,#2568),
  .UNSPECIFIED.,.F.,.F.,(3,3),(0.,1.),.PIECEWISE_BEZIER_KNOTS.);
#2566 = CARTESIAN_POINT('',(5.529811707269,-0.738250634365,25.));
#2567 = CARTESIAN_POINT('',(5.394950396029,-0.384774409581,25.));
#2568 = CARTESIAN_POINT('',(5.394950396029,8.082357312829E-02,25.));
#2569 = ORIENTED_EDGE('',*,*,#2570,.T.);
#2570 = EDGE_CURVE('',#2563,#2571,#2573,.T.);
#2571 = VERTEX_POINT('',#2572);
#2572 = CARTESIAN_POINT('',(5.512475612168,0.762109596183,25.));
#2573 = B_SPLINE_CURVE_WITH_KNOTS('',2,(#2574,#2575,#2576),
  .UNSPECIFIED.,.F.,.F.,(3,3),(0.,1.),.PIECEWISE_BEZIER_KNOTS.);
#2574 = CARTESIAN_POINT('',(5.394950396029,8.082357312829E-02,25.));
#2575 = CARTESIAN_POINT('',(5.394950396029,0.443080417509,25.));
#2576 = CARTESIAN_POINT('',(5.512475612168,0.762109596183,25.));
#2577 = ORIENTED_EDGE('',*,*,#2578,.T.);
#2578 = EDGE_CURVE('',#2571,#2579,#2581,.T.);
#2579 = VERTEX_POINT('',#2580);
#2580 = CARTESIAN_POINT('',(5.84951631822,1.317314927595,25.));
#2581 = B_SPLINE_CURVE_WITH_KNOTS('',2,(#2582,#2583,#2584),
  .UNSPECIFIED.,.F.,.F.,(3,3),(0.,1.),.PIECEWISE_BEZIER_KNOTS.);
#2582 = CARTESIAN_POINT('',(5.512475612168,0.762109596183,25.));
#2583 = CARTESIAN_POINT('',(5.630000828306,1.081138774857,25.));
#2584 = CARTESIAN_POINT('',(5.84951631822,1.317314927595,25.));
#2585 = ORIENTED_EDGE('',*,*,#2586,.T.);
#2586 = EDGE_CURVE('',#2579,#2353,#2587,.T.);
#2587 = B_SPLINE_CURVE_WITH_KNOTS('',2,(#2588,#2589,#2590),
  .UNSPECIFIED.,.F.,.F.,(3,3),(0.,1.),.PIECEWISE_BEZIER_KNOTS.);
#2588 = CARTESIAN_POINT('',(5.84951631822,1.317314927595,25.));
#2589 = CARTESIAN_POINT('',(6.069256952225,1.553491080333,25.));
#2590 = CARTESIAN_POINT('',(6.385584401793,1.691504408863,25.));
#2591 = FACE_BOUND('',#2592,.T.);
#2592 = EDGE_LOOP('',(#2593,#2603,#2611,#2619,#2627,#2635,#2643,#2651,
    #2659,#2667,#2675,#2683,#2691,#2699,#2707,#2715,#2723,#2731));
#2593 = ORIENTED_EDGE('',*,*,#2594,.T.);
#2594 = EDGE_CURVE('',#2595,#2597,#2599,.T.);
#2595 = VERTEX_POINT('',#2596);
#2596 = CARTESIAN_POINT('',(2.553857096318,-1.758378516209,25.));
#2597 = VERTEX_POINT('',#2598);
#2598 = CARTESIAN_POINT('',(1.699885554531,-1.758378516209,25.));
#2599 = LINE('',#2600,#2601);
#2600 = CARTESIAN_POINT('',(2.553857096318,-1.758378516209,25.));
#2601 = VECTOR('',#2602,1.);
#2602 = DIRECTION('',(-1.,0.,0.));
#2603 = ORIENTED_EDGE('',*,*,#2604,.T.);
#2604 = EDGE_CURVE('',#2597,#2605,#2607,.T.);
#2605 = VERTEX_POINT('',#2606);
#2606 = CARTESIAN_POINT('',(1.699885554531,3.385713702811,25.));
#2607 = LINE('',#2608,#2609);
#2608 = CARTESIAN_POINT('',(1.699885554531,-1.758378516209,25.));
#2609 = VECTOR('',#2610,1.);
#2610 = DIRECTION('',(0.,1.,0.));
#2611 = ORIENTED_EDGE('',*,*,#2612,.T.);
#2612 = EDGE_CURVE('',#2605,#2613,#2615,.T.);
#2613 = VERTEX_POINT('',#2614);
#2614 = CARTESIAN_POINT('',(2.553857096318,3.385713702811,25.));
#2615 = LINE('',#2616,#2617);
#2616 = CARTESIAN_POINT('',(1.699885554531,3.385713702811,25.));
#2617 = VECTOR('',#2618,1.);
#2618 = DIRECTION('',(1.,0.,0.));
#2619 = ORIENTED_EDGE('',*,*,#2620,.T.);
#2620 = EDGE_CURVE('',#2613,#2621,#2623,.T.);
#2621 = VERTEX_POINT('',#2622);
#2622 = CARTESIAN_POINT('',(2.553857096318,1.40196910627,25.));
#2623 = LINE('',#2624,#2625);
#2624 = CARTESIAN_POINT('',(2.553857096318,3.385713702811,25.));
#2625 = VECTOR('',#2626,1.);
#2626 = DIRECTION('',(0.,-1.,0.));
#2627 = ORIENTED_EDGE('',*,*,#2628,.T.);
#2628 = EDGE_CURVE('',#2621,#2629,#2631,.T.);
#2629 = VERTEX_POINT('',#2630);
#2630 = CARTESIAN_POINT('',(3.010449315338,1.722124005405,25.));
#2631 = B_SPLINE_CURVE_WITH_KNOTS('',2,(#2632,#2633,#2634),
  .UNSPECIFIED.,.F.,.F.,(3,3),(0.,1.),.PIECEWISE_BEZIER_KNOTS.);
#2632 = CARTESIAN_POINT('',(2.553857096318,1.40196910627,25.));
#2633 = CARTESIAN_POINT('',(2.761439949344,1.600321051514,25.));
#2634 = CARTESIAN_POINT('',(3.010449315338,1.722124005405,25.));
#2635 = ORIENTED_EDGE('',*,*,#2636,.T.);
#2636 = EDGE_CURVE('',#2629,#2637,#2639,.T.);
#2637 = VERTEX_POINT('',#2638);
#2638 = CARTESIAN_POINT('',(3.594923378738,1.843926959295,25.));
#2639 = B_SPLINE_CURVE_WITH_KNOTS('',2,(#2640,#2641,#2642),
  .UNSPECIFIED.,.F.,.F.,(3,3),(0.,1.),.PIECEWISE_BEZIER_KNOTS.);
#2640 = CARTESIAN_POINT('',(3.010449315338,1.722124005405,25.));
#2641 = CARTESIAN_POINT('',(3.259458681332,1.843926959295,25.));
#2642 = CARTESIAN_POINT('',(3.594923378738,1.843926959295,25.));
#2643 = ORIENTED_EDGE('',*,*,#2644,.T.);
#2644 = EDGE_CURVE('',#2637,#2645,#2647,.T.);
#2645 = VERTEX_POINT('',#2646);
#2646 = CARTESIAN_POINT('',(4.110053061736,1.745313846904,25.));
#2647 = B_SPLINE_CURVE_WITH_KNOTS('',2,(#2648,#2649,#2650),
  .UNSPECIFIED.,.F.,.F.,(3,3),(0.,1.),.PIECEWISE_BEZIER_KNOTS.);
#2648 = CARTESIAN_POINT('',(3.594923378738,1.843926959295,25.));
#2649 = CARTESIAN_POINT('',(3.885359257701,1.843926959295,25.));
#2650 = CARTESIAN_POINT('',(4.110053061736,1.745313846904,25.));
#2651 = ORIENTED_EDGE('',*,*,#2652,.T.);
#2652 = EDGE_CURVE('',#2645,#2653,#2655,.T.);
#2653 = VERTEX_POINT('',#2654);
#2654 = CARTESIAN_POINT('',(4.485368263465,1.468836901659,25.));
#2655 = B_SPLINE_CURVE_WITH_KNOTS('',2,(#2656,#2657,#2658),
  .UNSPECIFIED.,.F.,.F.,(3,3),(0.,1.),.PIECEWISE_BEZIER_KNOTS.);
#2656 = CARTESIAN_POINT('',(4.110053061736,1.745313846904,25.));
#2657 = CARTESIAN_POINT('',(4.334972009862,1.646925878604,25.));
#2658 = CARTESIAN_POINT('',(4.485368263465,1.468836901659,25.));
#2659 = ORIENTED_EDGE('',*,*,#2660,.T.);
#2660 = EDGE_CURVE('',#2653,#2661,#2663,.T.);
#2661 = VERTEX_POINT('',#2662);
#2662 = CARTESIAN_POINT('',(4.713439228883,1.043539711457,25.));
#2663 = B_SPLINE_CURVE_WITH_KNOTS('',2,(#2664,#2665,#2666),
  .UNSPECIFIED.,.F.,.F.,(3,3),(0.,1.),.PIECEWISE_BEZIER_KNOTS.);
#2664 = CARTESIAN_POINT('',(4.485368263465,1.468836901659,25.));
#2665 = CARTESIAN_POINT('',(4.635764517067,1.290747924713,25.));
#2666 = CARTESIAN_POINT('',(4.713439228883,1.043539711457,25.));
#2667 = ORIENTED_EDGE('',*,*,#2668,.T.);
#2668 = EDGE_CURVE('',#2661,#2669,#2671,.T.);
#2669 = VERTEX_POINT('',#2670);
#2670 = CARTESIAN_POINT('',(4.79133908479,0.499141296471,25.));
#2671 = B_SPLINE_CURVE_WITH_KNOTS('',2,(#2672,#2673,#2674),
  .UNSPECIFIED.,.F.,.F.,(3,3),(0.,1.),.PIECEWISE_BEZIER_KNOTS.);
#2672 = CARTESIAN_POINT('',(4.713439228883,1.043539711457,25.));
#2673 = CARTESIAN_POINT('',(4.79133908479,0.7963314982,25.));
#2674 = CARTESIAN_POINT('',(4.79133908479,0.499141296471,25.));
#2675 = ORIENTED_EDGE('',*,*,#2676,.T.);
#2676 = EDGE_CURVE('',#2669,#2677,#2679,.T.);
#2677 = VERTEX_POINT('',#2678);
#2678 = CARTESIAN_POINT('',(4.79133908479,-1.758378516209,25.));
#2679 = LINE('',#2680,#2681);
#2680 = CARTESIAN_POINT('',(4.79133908479,0.499141296471,25.));
#2681 = VECTOR('',#2682,1.);
#2682 = DIRECTION('',(0.,-1.,0.));
#2683 = ORIENTED_EDGE('',*,*,#2684,.T.);
#2684 = EDGE_CURVE('',#2677,#2685,#2687,.T.);
#2685 = VERTEX_POINT('',#2686);
#2686 = CARTESIAN_POINT('',(3.937142398911,-1.758378516209,25.));
#2687 = LINE('',#2688,#2689);
#2688 = CARTESIAN_POINT('',(4.79133908479,-1.758378516209,25.));
#2689 = VECTOR('',#2690,1.);
#2690 = DIRECTION('',(-1.,0.,0.));
#2691 = ORIENTED_EDGE('',*,*,#2692,.T.);
#2692 = EDGE_CURVE('',#2685,#2693,#2695,.T.);
#2693 = VERTEX_POINT('',#2694);
#2694 = CARTESIAN_POINT('',(3.937142398911,0.499816728748,25.));
#2695 = LINE('',#2696,#2697);
#2696 = CARTESIAN_POINT('',(3.937142398911,-1.758378516209,25.));
#2697 = VECTOR('',#2698,1.);
#2698 = DIRECTION('',(0.,1.,0.));
#2699 = ORIENTED_EDGE('',*,*,#2700,.T.);
#2700 = EDGE_CURVE('',#2693,#2701,#2703,.T.);
#2701 = VERTEX_POINT('',#2702);
#2702 = CARTESIAN_POINT('',(3.786746145309,1.003013774857,25.));
#2703 = B_SPLINE_CURVE_WITH_KNOTS('',2,(#2704,#2705,#2706),
  .UNSPECIFIED.,.F.,.F.,(3,3),(0.,1.),.PIECEWISE_BEZIER_KNOTS.);
#2704 = CARTESIAN_POINT('',(3.937142398911,0.499816728748,25.));
#2705 = CARTESIAN_POINT('',(3.937142398911,0.824924797912,25.));
#2706 = CARTESIAN_POINT('',(3.786746145309,1.003013774857,25.));
#2707 = ORIENTED_EDGE('',*,*,#2708,.T.);
#2708 = EDGE_CURVE('',#2701,#2709,#2711,.T.);
#2709 = VERTEX_POINT('',#2710);
#2710 = CARTESIAN_POINT('',(3.335557384502,1.181102751803,25.));
#2711 = B_SPLINE_CURVE_WITH_KNOTS('',2,(#2712,#2713,#2714),
  .UNSPECIFIED.,.F.,.F.,(3,3),(0.,1.),.PIECEWISE_BEZIER_KNOTS.);
#2712 = CARTESIAN_POINT('',(3.786746145309,1.003013774857,25.));
#2713 = CARTESIAN_POINT('',(3.636349891707,1.181102751803,25.));
#2714 = CARTESIAN_POINT('',(3.335557384502,1.181102751803,25.));
#2715 = ORIENTED_EDGE('',*,*,#2716,.T.);
#2716 = EDGE_CURVE('',#2709,#2717,#2719,.T.);
#2717 = VERTEX_POINT('',#2718);
#2718 = CARTESIAN_POINT('',(2.92039167845,1.080463342581,25.));
#2719 = B_SPLINE_CURVE_WITH_KNOTS('',2,(#2720,#2721,#2722),
  .UNSPECIFIED.,.F.,.F.,(3,3),(0.,1.),.PIECEWISE_BEZIER_KNOTS.);
#2720 = CARTESIAN_POINT('',(3.335557384502,1.181102751803,25.));
#2721 = CARTESIAN_POINT('',(3.114240741851,1.181102751803,25.));
#2722 = CARTESIAN_POINT('',(2.92039167845,1.080463342581,25.));
#2723 = ORIENTED_EDGE('',*,*,#2724,.T.);
#2724 = EDGE_CURVE('',#2717,#2725,#2727,.T.);
#2725 = VERTEX_POINT('',#2726);
#2726 = CARTESIAN_POINT('',(2.553857096318,0.806913270535,25.));
#2727 = B_SPLINE_CURVE_WITH_KNOTS('',2,(#2728,#2729,#2730),
  .UNSPECIFIED.,.F.,.F.,(3,3),(0.,1.),.PIECEWISE_BEZIER_KNOTS.);
#2728 = CARTESIAN_POINT('',(2.92039167845,1.080463342581,25.));
#2729 = CARTESIAN_POINT('',(2.726767759142,0.980049077451,25.));
#2730 = CARTESIAN_POINT('',(2.553857096318,0.806913270535,25.));
#2731 = ORIENTED_EDGE('',*,*,#2732,.T.);
#2732 = EDGE_CURVE('',#2725,#2595,#2733,.T.);
#2733 = LINE('',#2734,#2735);
#2734 = CARTESIAN_POINT('',(2.553857096318,0.806913270535,25.));
#2735 = VECTOR('',#2736,1.);
#2736 = DIRECTION('',(0.,-1.,0.));
#2737 = PLANE('',#2738);
#2738 = AXIS2_PLACEMENT_3D('',#2739,#2740,#2741);
#2739 = CARTESIAN_POINT('',(-1.093952106032E-15,1.371473012632E-15,25.)
  );
#2740 = DIRECTION('',(0.,0.,1.));
#2741 = DIRECTION('',(1.,0.,0.));
#2742 = ADVANCED_FACE('',(#2743),#2768,.T.);
#2743 = FACE_BOUND('',#2744,.T.);
#2744 = EDGE_LOOP('',(#2745,#2753,#2761,#2767));
#2745 = ORIENTED_EDGE('',*,*,#2746,.T.);
#2746 = EDGE_CURVE('',#373,#2747,#2749,.T.);
#2747 = VERTEX_POINT('',#2748);
#2748 = CARTESIAN_POINT('',(-4.717424427689,-7.349371035804,23.));
#2749 = LINE('',#2750,#2751);
#2750 = CARTESIAN_POINT('',(-4.717424427689,-7.349371035804,25.));
#2751 = VECTOR('',#2752,1.);
#2752 = DIRECTION('',(-0.,-0.,-1.));
#2753 = ORIENTED_EDGE('',*,*,#2754,.T.);
#2754 = EDGE_CURVE('',#2747,#2755,#2757,.T.);
#2755 = VERTEX_POINT('',#2756);
#2756 = CARTESIAN_POINT('',(-4.741334730283,-7.226307274997,23.));
#2757 = B_SPLINE_CURVE_WITH_KNOTS('',2,(#2758,#2759,#2760),
  .UNSPECIFIED.,.F.,.F.,(3,3),(0.,1.),.PIECEWISE_BEZIER_KNOTS.);
#2758 = CARTESIAN_POINT('',(-4.717424427689,-7.349371035804,23.));
#2759 = CARTESIAN_POINT('',(-4.741334730283,-7.292499638109,23.));
#2760 = CARTESIAN_POINT('',(-4.741334730283,-7.226307274997,23.));
#2761 = ORIENTED_EDGE('',*,*,#2762,.F.);
#2762 = EDGE_CURVE('',#375,#2755,#2763,.T.);
#2763 = LINE('',#2764,#2765);
#2764 = CARTESIAN_POINT('',(-4.741334730283,-7.226307274997,25.));
#2765 = VECTOR('',#2766,1.);
#2766 = DIRECTION('',(-0.,-0.,-1.));
#2767 = ORIENTED_EDGE('',*,*,#372,.F.);
#2768 = SURFACE_OF_LINEAR_EXTRUSION('',#2769,#2773);
#2769 = B_SPLINE_CURVE_WITH_KNOTS('',2,(#2770,#2771,#2772),
  .UNSPECIFIED.,.F.,.F.,(3,3),(0.,1.),.PIECEWISE_BEZIER_KNOTS.);
#2770 = CARTESIAN_POINT('',(-4.717424427689,-7.349371035804,25.));
#2771 = CARTESIAN_POINT('',(-4.741334730283,-7.292499638109,25.));
#2772 = CARTESIAN_POINT('',(-4.741334730283,-7.226307274997,25.));
#2773 = VECTOR('',#2774,1.);
#2774 = DIRECTION('',(0.,0.,1.));
#2775 = ADVANCED_FACE('',(#2776),#2794,.T.);
#2776 = FACE_BOUND('',#2777,.T.);
#2777 = EDGE_LOOP('',(#2778,#2786,#2792,#2793));
#2778 = ORIENTED_EDGE('',*,*,#2779,.T.);
#2779 = EDGE_CURVE('',#487,#2780,#2782,.T.);
#2780 = VERTEX_POINT('',#2781);
#2781 = CARTESIAN_POINT('',(-4.651096978121,-7.44757888883,23.));
#2782 = LINE('',#2783,#2784);
#2783 = CARTESIAN_POINT('',(-4.651096978121,-7.44757888883,25.));
#2784 = VECTOR('',#2785,1.);
#2785 = DIRECTION('',(-0.,-0.,-1.));
#2786 = ORIENTED_EDGE('',*,*,#2787,.T.);
#2787 = EDGE_CURVE('',#2780,#2747,#2788,.T.);
#2788 = B_SPLINE_CURVE_WITH_KNOTS('',2,(#2789,#2790,#2791),
  .UNSPECIFIED.,.F.,.F.,(3,3),(0.,1.),.PIECEWISE_BEZIER_KNOTS.);
#2789 = CARTESIAN_POINT('',(-4.651096978121,-7.44757888883,23.));
#2790 = CARTESIAN_POINT('',(-4.693514125095,-7.406242433499,23.));
#2791 = CARTESIAN_POINT('',(-4.717424427689,-7.349371035804,23.));
#2792 = ORIENTED_EDGE('',*,*,#2746,.F.);
#2793 = ORIENTED_EDGE('',*,*,#494,.F.);
#2794 = SURFACE_OF_LINEAR_EXTRUSION('',#2795,#2799);
#2795 = B_SPLINE_CURVE_WITH_KNOTS('',2,(#2796,#2797,#2798),
  .UNSPECIFIED.,.F.,.F.,(3,3),(0.,1.),.PIECEWISE_BEZIER_KNOTS.);
#2796 = CARTESIAN_POINT('',(-4.651096978121,-7.44757888883,25.));
#2797 = CARTESIAN_POINT('',(-4.693514125095,-7.406242433499,25.));
#2798 = CARTESIAN_POINT('',(-4.717424427689,-7.349371035804,25.));
#2799 = VECTOR('',#2800,1.);
#2800 = DIRECTION('',(0.,0.,1.));
#2801 = ADVANCED_FACE('',(#2802),#2820,.T.);
#2802 = FACE_BOUND('',#2803,.T.);
#2803 = EDGE_LOOP('',(#2804,#2812,#2818,#2819));
#2804 = ORIENTED_EDGE('',*,*,#2805,.T.);
#2805 = EDGE_CURVE('',#479,#2806,#2808,.T.);
#2806 = VERTEX_POINT('',#2807);
#2807 = CARTESIAN_POINT('',(-4.550457568899,-7.5126905603,23.));
#2808 = LINE('',#2809,#2810);
#2809 = CARTESIAN_POINT('',(-4.550457568899,-7.5126905603,25.));
#2810 = VECTOR('',#2811,1.);
#2811 = DIRECTION('',(-0.,-0.,-1.));
#2812 = ORIENTED_EDGE('',*,*,#2813,.T.);
#2813 = EDGE_CURVE('',#2806,#2780,#2814,.T.);
#2814 = B_SPLINE_CURVE_WITH_KNOTS('',2,(#2815,#2816,#2817),
  .UNSPECIFIED.,.F.,.F.,(3,3),(0.,1.),.PIECEWISE_BEZIER_KNOTS.);
#2815 = CARTESIAN_POINT('',(-4.550457568899,-7.5126905603,23.));
#2816 = CARTESIAN_POINT('',(-4.608544744692,-7.488915344161,23.));
#2817 = CARTESIAN_POINT('',(-4.651096978121,-7.44757888883,23.));
#2818 = ORIENTED_EDGE('',*,*,#2779,.F.);
#2819 = ORIENTED_EDGE('',*,*,#486,.F.);
#2820 = SURFACE_OF_LINEAR_EXTRUSION('',#2821,#2825);
#2821 = B_SPLINE_CURVE_WITH_KNOTS('',2,(#2822,#2823,#2824),
  .UNSPECIFIED.,.F.,.F.,(3,3),(0.,1.),.PIECEWISE_BEZIER_KNOTS.);
#2822 = CARTESIAN_POINT('',(-4.550457568899,-7.5126905603,25.));
#2823 = CARTESIAN_POINT('',(-4.608544744692,-7.488915344161,25.));
#2824 = CARTESIAN_POINT('',(-4.651096978121,-7.44757888883,25.));
#2825 = VECTOR('',#2826,1.);
#2826 = DIRECTION('',(0.,0.,1.));
#2827 = ADVANCED_FACE('',(#2828),#2846,.T.);
#2828 = FACE_BOUND('',#2829,.T.);
#2829 = EDGE_LOOP('',(#2830,#2838,#2844,#2845));
#2830 = ORIENTED_EDGE('',*,*,#2831,.T.);
#2831 = EDGE_CURVE('',#471,#2832,#2834,.T.);
#2832 = VERTEX_POINT('',#2833);
#2833 = CARTESIAN_POINT('',(-4.425907857084,-7.536465776438,23.));
#2834 = LINE('',#2835,#2836);
#2835 = CARTESIAN_POINT('',(-4.425907857084,-7.536465776438,25.));
#2836 = VECTOR('',#2837,1.);
#2837 = DIRECTION('',(-0.,-0.,-1.));
#2838 = ORIENTED_EDGE('',*,*,#2839,.T.);
#2839 = EDGE_CURVE('',#2832,#2806,#2840,.T.);
#2840 = B_SPLINE_CURVE_WITH_KNOTS('',2,(#2841,#2842,#2843),
  .UNSPECIFIED.,.F.,.F.,(3,3),(0.,1.),.PIECEWISE_BEZIER_KNOTS.);
#2841 = CARTESIAN_POINT('',(-4.425907857084,-7.536465776438,23.));
#2842 = CARTESIAN_POINT('',(-4.492370393107,-7.536465776438,23.));
#2843 = CARTESIAN_POINT('',(-4.550457568899,-7.5126905603,23.));
#2844 = ORIENTED_EDGE('',*,*,#2805,.F.);
#2845 = ORIENTED_EDGE('',*,*,#478,.F.);
#2846 = SURFACE_OF_LINEAR_EXTRUSION('',#2847,#2851);
#2847 = B_SPLINE_CURVE_WITH_KNOTS('',2,(#2848,#2849,#2850),
  .UNSPECIFIED.,.F.,.F.,(3,3),(0.,1.),.PIECEWISE_BEZIER_KNOTS.);
#2848 = CARTESIAN_POINT('',(-4.425907857084,-7.536465776438,25.));
#2849 = CARTESIAN_POINT('',(-4.492370393107,-7.536465776438,25.));
#2850 = CARTESIAN_POINT('',(-4.550457568899,-7.5126905603,25.));
#2851 = VECTOR('',#2852,1.);
#2852 = DIRECTION('',(0.,0.,1.));
#2853 = ADVANCED_FACE('',(#2854),#2872,.T.);
#2854 = FACE_BOUND('',#2855,.T.);
#2855 = EDGE_LOOP('',(#2856,#2864,#2870,#2871));
#2856 = ORIENTED_EDGE('',*,*,#2857,.T.);
#2857 = EDGE_CURVE('',#463,#2858,#2860,.T.);
#2858 = VERTEX_POINT('',#2859);
#2859 = CARTESIAN_POINT('',(-4.303519528554,-7.5126905603,23.));
#2860 = LINE('',#2861,#2862);
#2861 = CARTESIAN_POINT('',(-4.303519528554,-7.5126905603,25.));
#2862 = VECTOR('',#2863,1.);
#2863 = DIRECTION('',(-0.,-0.,-1.));
#2864 = ORIENTED_EDGE('',*,*,#2865,.T.);
#2865 = EDGE_CURVE('',#2858,#2832,#2866,.T.);
#2866 = B_SPLINE_CURVE_WITH_KNOTS('',2,(#2867,#2868,#2869),
  .UNSPECIFIED.,.F.,.F.,(3,3),(0.,1.),.PIECEWISE_BEZIER_KNOTS.);
#2867 = CARTESIAN_POINT('',(-4.303519528554,-7.5126905603,23.));
#2868 = CARTESIAN_POINT('',(-4.361606704346,-7.536465776438,23.));
#2869 = CARTESIAN_POINT('',(-4.425907857084,-7.536465776438,23.));
#2870 = ORIENTED_EDGE('',*,*,#2831,.F.);
#2871 = ORIENTED_EDGE('',*,*,#470,.F.);
#2872 = SURFACE_OF_LINEAR_EXTRUSION('',#2873,#2877);
#2873 = B_SPLINE_CURVE_WITH_KNOTS('',2,(#2874,#2875,#2876),
  .UNSPECIFIED.,.F.,.F.,(3,3),(0.,1.),.PIECEWISE_BEZIER_KNOTS.);
#2874 = CARTESIAN_POINT('',(-4.303519528554,-7.5126905603,25.));
#2875 = CARTESIAN_POINT('',(-4.361606704346,-7.536465776438,25.));
#2876 = CARTESIAN_POINT('',(-4.425907857084,-7.536465776438,25.));
#2877 = VECTOR('',#2878,1.);
#2878 = DIRECTION('',(0.,0.,1.));
#2879 = ADVANCED_FACE('',(#2880),#2898,.T.);
#2880 = FACE_BOUND('',#2881,.T.);
#2881 = EDGE_LOOP('',(#2882,#2890,#2896,#2897));
#2882 = ORIENTED_EDGE('',*,*,#2883,.T.);
#2883 = EDGE_CURVE('',#455,#2884,#2886,.T.);
#2884 = VERTEX_POINT('',#2885);
#2885 = CARTESIAN_POINT('',(-4.203960810974,-7.44757888883,23.));
#2886 = LINE('',#2887,#2888);
#2887 = CARTESIAN_POINT('',(-4.203960810974,-7.44757888883,25.));
#2888 = VECTOR('',#2889,1.);
#2889 = DIRECTION('',(-0.,-0.,-1.));
#2890 = ORIENTED_EDGE('',*,*,#2891,.T.);
#2891 = EDGE_CURVE('',#2884,#2858,#2892,.T.);
#2892 = B_SPLINE_CURVE_WITH_KNOTS('',2,(#2893,#2894,#2895),
  .UNSPECIFIED.,.F.,.F.,(3,3),(0.,1.),.PIECEWISE_BEZIER_KNOTS.);
#2893 = CARTESIAN_POINT('',(-4.203960810974,-7.44757888883,23.));
#2894 = CARTESIAN_POINT('',(-4.245432352761,-7.488915344161,23.));
#2895 = CARTESIAN_POINT('',(-4.303519528554,-7.5126905603,23.));
#2896 = ORIENTED_EDGE('',*,*,#2857,.F.);
#2897 = ORIENTED_EDGE('',*,*,#462,.F.);
#2898 = SURFACE_OF_LINEAR_EXTRUSION('',#2899,#2903);
#2899 = B_SPLINE_CURVE_WITH_KNOTS('',2,(#2900,#2901,#2902),
  .UNSPECIFIED.,.F.,.F.,(3,3),(0.,1.),.PIECEWISE_BEZIER_KNOTS.);
#2900 = CARTESIAN_POINT('',(-4.203960810974,-7.44757888883,25.));
#2901 = CARTESIAN_POINT('',(-4.245432352761,-7.488915344161,25.));
#2902 = CARTESIAN_POINT('',(-4.303519528554,-7.5126905603,25.));
#2903 = VECTOR('',#2904,1.);
#2904 = DIRECTION('',(0.,0.,1.));
#2905 = ADVANCED_FACE('',(#2906),#2924,.T.);
#2906 = FACE_BOUND('',#2907,.T.);
#2907 = EDGE_LOOP('',(#2908,#2916,#2922,#2923));
#2908 = ORIENTED_EDGE('',*,*,#2909,.T.);
#2909 = EDGE_CURVE('',#447,#2910,#2912,.T.);
#2910 = VERTEX_POINT('',#2911);
#2911 = CARTESIAN_POINT('',(-4.137498274951,-7.349371035804,23.));
#2912 = LINE('',#2913,#2914);
#2913 = CARTESIAN_POINT('',(-4.137498274951,-7.349371035804,25.));
#2914 = VECTOR('',#2915,1.);
#2915 = DIRECTION('',(-0.,-0.,-1.));
#2916 = ORIENTED_EDGE('',*,*,#2917,.T.);
#2917 = EDGE_CURVE('',#2910,#2884,#2918,.T.);
#2918 = B_SPLINE_CURVE_WITH_KNOTS('',2,(#2919,#2920,#2921),
  .UNSPECIFIED.,.F.,.F.,(3,3),(0.,1.),.PIECEWISE_BEZIER_KNOTS.);
#2919 = CARTESIAN_POINT('',(-4.137498274951,-7.349371035804,23.));
#2920 = CARTESIAN_POINT('',(-4.162354182732,-7.406242433499,23.));
#2921 = CARTESIAN_POINT('',(-4.203960810974,-7.44757888883,23.));
#2922 = ORIENTED_EDGE('',*,*,#2883,.F.);
#2923 = ORIENTED_EDGE('',*,*,#454,.F.);
#2924 = SURFACE_OF_LINEAR_EXTRUSION('',#2925,#2929);
#2925 = B_SPLINE_CURVE_WITH_KNOTS('',2,(#2926,#2927,#2928),
  .UNSPECIFIED.,.F.,.F.,(3,3),(0.,1.),.PIECEWISE_BEZIER_KNOTS.);
#2926 = CARTESIAN_POINT('',(-4.137498274951,-7.349371035804,25.));
#2927 = CARTESIAN_POINT('',(-4.162354182732,-7.406242433499,25.));
#2928 = CARTESIAN_POINT('',(-4.203960810974,-7.44757888883,25.));
#2929 = VECTOR('',#2930,1.);
#2930 = DIRECTION('',(0.,0.,1.));
#2931 = ADVANCED_FACE('',(#2932),#2950,.T.);
#2932 = FACE_BOUND('',#2933,.T.);
#2933 = EDGE_LOOP('',(#2934,#2942,#2948,#2949));
#2934 = ORIENTED_EDGE('',*,*,#2935,.T.);
#2935 = EDGE_CURVE('',#439,#2936,#2938,.T.);
#2936 = VERTEX_POINT('',#2937);
#2937 = CARTESIAN_POINT('',(-4.11264236717,-7.226307274997,23.));
#2938 = LINE('',#2939,#2940);
#2939 = CARTESIAN_POINT('',(-4.11264236717,-7.226307274997,25.));
#2940 = VECTOR('',#2941,1.);
#2941 = DIRECTION('',(-0.,-0.,-1.));
#2942 = ORIENTED_EDGE('',*,*,#2943,.T.);
#2943 = EDGE_CURVE('',#2936,#2910,#2944,.T.);
#2944 = B_SPLINE_CURVE_WITH_KNOTS('',2,(#2945,#2946,#2947),
  .UNSPECIFIED.,.F.,.F.,(3,3),(0.,1.),.PIECEWISE_BEZIER_KNOTS.);
#2945 = CARTESIAN_POINT('',(-4.11264236717,-7.226307274997,23.));
#2946 = CARTESIAN_POINT('',(-4.11264236717,-7.292499638109,23.));
#2947 = CARTESIAN_POINT('',(-4.137498274951,-7.349371035804,23.));
#2948 = ORIENTED_EDGE('',*,*,#2909,.F.);
#2949 = ORIENTED_EDGE('',*,*,#446,.F.);
#2950 = SURFACE_OF_LINEAR_EXTRUSION('',#2951,#2955);
#2951 = B_SPLINE_CURVE_WITH_KNOTS('',2,(#2952,#2953,#2954),
  .UNSPECIFIED.,.F.,.F.,(3,3),(0.,1.),.PIECEWISE_BEZIER_KNOTS.);
#2952 = CARTESIAN_POINT('',(-4.11264236717,-7.226307274997,25.));
#2953 = CARTESIAN_POINT('',(-4.11264236717,-7.292499638109,25.));
#2954 = CARTESIAN_POINT('',(-4.137498274951,-7.349371035804,25.));
#2955 = VECTOR('',#2956,1.);
#2956 = DIRECTION('',(0.,0.,1.));
#2957 = ADVANCED_FACE('',(#2958),#2976,.T.);
#2958 = FACE_BOUND('',#2959,.T.);
#2959 = EDGE_LOOP('',(#2960,#2968,#2974,#2975));
#2960 = ORIENTED_EDGE('',*,*,#2961,.T.);
#2961 = EDGE_CURVE('',#431,#2962,#2964,.T.);
#2962 = VERTEX_POINT('',#2963);
#2963 = CARTESIAN_POINT('',(-4.137498274951,-7.104324205833,23.));
#2964 = LINE('',#2965,#2966);
#2965 = CARTESIAN_POINT('',(-4.137498274951,-7.104324205833,25.));
#2966 = VECTOR('',#2967,1.);
#2967 = DIRECTION('',(-0.,-0.,-1.));
#2968 = ORIENTED_EDGE('',*,*,#2969,.T.);
#2969 = EDGE_CURVE('',#2962,#2936,#2970,.T.);
#2970 = B_SPLINE_CURVE_WITH_KNOTS('',2,(#2971,#2972,#2973),
  .UNSPECIFIED.,.F.,.F.,(3,3),(0.,1.),.PIECEWISE_BEZIER_KNOTS.);
#2971 = CARTESIAN_POINT('',(-4.137498274951,-7.104324205833,23.));
#2972 = CARTESIAN_POINT('',(-4.11264236717,-7.162141208715,23.));
#2973 = CARTESIAN_POINT('',(-4.11264236717,-7.226307274997,23.));
#2974 = ORIENTED_EDGE('',*,*,#2935,.F.);
#2975 = ORIENTED_EDGE('',*,*,#438,.F.);
#2976 = SURFACE_OF_LINEAR_EXTRUSION('',#2977,#2981);
#2977 = B_SPLINE_CURVE_WITH_KNOTS('',2,(#2978,#2979,#2980),
  .UNSPECIFIED.,.F.,.F.,(3,3),(0.,1.),.PIECEWISE_BEZIER_KNOTS.);
#2978 = CARTESIAN_POINT('',(-4.137498274951,-7.104324205833,25.));
#2979 = CARTESIAN_POINT('',(-4.11264236717,-7.162141208715,25.));
#2980 = CARTESIAN_POINT('',(-4.11264236717,-7.226307274997,25.));
#2981 = VECTOR('',#2982,1.);
#2982 = DIRECTION('',(0.,0.,1.));
#2983 = ADVANCED_FACE('',(#2984),#3002,.T.);
#2984 = FACE_BOUND('',#2985,.T.);
#2985 = EDGE_LOOP('',(#2986,#2994,#3000,#3001));
#2986 = ORIENTED_EDGE('',*,*,#2987,.T.);
#2987 = EDGE_CURVE('',#423,#2988,#2990,.T.);
#2988 = VERTEX_POINT('',#2989);
#2989 = CARTESIAN_POINT('',(-4.203960810974,-7.005035661164,23.));
#2990 = LINE('',#2991,#2992);
#2991 = CARTESIAN_POINT('',(-4.203960810974,-7.005035661164,25.));
#2992 = VECTOR('',#2993,1.);
#2993 = DIRECTION('',(-0.,-0.,-1.));
#2994 = ORIENTED_EDGE('',*,*,#2995,.T.);
#2995 = EDGE_CURVE('',#2988,#2962,#2996,.T.);
#2996 = B_SPLINE_CURVE_WITH_KNOTS('',2,(#2997,#2998,#2999),
  .UNSPECIFIED.,.F.,.F.,(3,3),(0.,1.),.PIECEWISE_BEZIER_KNOTS.);
#2997 = CARTESIAN_POINT('',(-4.203960810974,-7.005035661164,23.));
#2998 = CARTESIAN_POINT('',(-4.162354182732,-7.046372116496,23.));
#2999 = CARTESIAN_POINT('',(-4.137498274951,-7.104324205833,23.));
#3000 = ORIENTED_EDGE('',*,*,#2961,.F.);
#3001 = ORIENTED_EDGE('',*,*,#430,.F.);
#3002 = SURFACE_OF_LINEAR_EXTRUSION('',#3003,#3007);
#3003 = B_SPLINE_CURVE_WITH_KNOTS('',2,(#3004,#3005,#3006),
  .UNSPECIFIED.,.F.,.F.,(3,3),(0.,1.),.PIECEWISE_BEZIER_KNOTS.);
#3004 = CARTESIAN_POINT('',(-4.203960810974,-7.005035661164,25.));
#3005 = CARTESIAN_POINT('',(-4.162354182732,-7.046372116496,25.));
#3006 = CARTESIAN_POINT('',(-4.137498274951,-7.104324205833,25.));
#3007 = VECTOR('',#3008,1.);
#3008 = DIRECTION('',(0.,0.,1.));
#3009 = ADVANCED_FACE('',(#3010),#3028,.T.);
#3010 = FACE_BOUND('',#3011,.T.);
#3011 = EDGE_LOOP('',(#3012,#3020,#3026,#3027));
#3012 = ORIENTED_EDGE('',*,*,#3013,.T.);
#3013 = EDGE_CURVE('',#415,#3014,#3016,.T.);
#3014 = VERTEX_POINT('',#3015);
#3015 = CARTESIAN_POINT('',(-4.303519528554,-6.938843298052,23.));
#3016 = LINE('',#3017,#3018);
#3017 = CARTESIAN_POINT('',(-4.303519528554,-6.938843298052,25.));
#3018 = VECTOR('',#3019,1.);
#3019 = DIRECTION('',(-0.,-0.,-1.));
#3020 = ORIENTED_EDGE('',*,*,#3021,.T.);
#3021 = EDGE_CURVE('',#3014,#2988,#3022,.T.);
#3022 = B_SPLINE_CURVE_WITH_KNOTS('',2,(#3023,#3024,#3025),
  .UNSPECIFIED.,.F.,.F.,(3,3),(0.,1.),.PIECEWISE_BEZIER_KNOTS.);
#3023 = CARTESIAN_POINT('',(-4.303519528554,-6.938843298052,23.));
#3024 = CARTESIAN_POINT('',(-4.245432352761,-6.963564119377,23.));
#3025 = CARTESIAN_POINT('',(-4.203960810974,-7.005035661164,23.));
#3026 = ORIENTED_EDGE('',*,*,#2987,.F.);
#3027 = ORIENTED_EDGE('',*,*,#422,.F.);
#3028 = SURFACE_OF_LINEAR_EXTRUSION('',#3029,#3033);
#3029 = B_SPLINE_CURVE_WITH_KNOTS('',2,(#3030,#3031,#3032),
  .UNSPECIFIED.,.F.,.F.,(3,3),(0.,1.),.PIECEWISE_BEZIER_KNOTS.);
#3030 = CARTESIAN_POINT('',(-4.303519528554,-6.938843298052,25.));
#3031 = CARTESIAN_POINT('',(-4.245432352761,-6.963564119377,25.));
#3032 = CARTESIAN_POINT('',(-4.203960810974,-7.005035661164,25.));
#3033 = VECTOR('',#3034,1.);
#3034 = DIRECTION('',(0.,0.,1.));
#3035 = ADVANCED_FACE('',(#3036),#3054,.T.);
#3036 = FACE_BOUND('',#3037,.T.);
#3037 = EDGE_LOOP('',(#3038,#3046,#3052,#3053));
#3038 = ORIENTED_EDGE('',*,*,#3039,.T.);
#3039 = EDGE_CURVE('',#407,#3040,#3042,.T.);
#3040 = VERTEX_POINT('',#3041);
#3041 = CARTESIAN_POINT('',(-4.425907857084,-6.913987390271,23.));
#3042 = LINE('',#3043,#3044);
#3043 = CARTESIAN_POINT('',(-4.425907857084,-6.913987390271,25.));
#3044 = VECTOR('',#3045,1.);
#3045 = DIRECTION('',(-0.,-0.,-1.));
#3046 = ORIENTED_EDGE('',*,*,#3047,.T.);
#3047 = EDGE_CURVE('',#3040,#3014,#3048,.T.);
#3048 = B_SPLINE_CURVE_WITH_KNOTS('',2,(#3049,#3050,#3051),
  .UNSPECIFIED.,.F.,.F.,(3,3),(0.,1.),.PIECEWISE_BEZIER_KNOTS.);
#3049 = CARTESIAN_POINT('',(-4.425907857084,-6.913987390271,23.));
#3050 = CARTESIAN_POINT('',(-4.361606704346,-6.913987390271,23.));
#3051 = CARTESIAN_POINT('',(-4.303519528554,-6.938843298052,23.));
#3052 = ORIENTED_EDGE('',*,*,#3013,.F.);
#3053 = ORIENTED_EDGE('',*,*,#414,.F.);
#3054 = SURFACE_OF_LINEAR_EXTRUSION('',#3055,#3059);
#3055 = B_SPLINE_CURVE_WITH_KNOTS('',2,(#3056,#3057,#3058),
  .UNSPECIFIED.,.F.,.F.,(3,3),(0.,1.),.PIECEWISE_BEZIER_KNOTS.);
#3056 = CARTESIAN_POINT('',(-4.425907857084,-6.913987390271,25.));
#3057 = CARTESIAN_POINT('',(-4.361606704346,-6.913987390271,25.));
#3058 = CARTESIAN_POINT('',(-4.303519528554,-6.938843298052,25.));
#3059 = VECTOR('',#3060,1.);
#3060 = DIRECTION('',(0.,0.,1.));
#3061 = ADVANCED_FACE('',(#3062),#3080,.T.);
#3062 = FACE_BOUND('',#3063,.T.);
#3063 = EDGE_LOOP('',(#3064,#3072,#3078,#3079));
#3064 = ORIENTED_EDGE('',*,*,#3065,.T.);
#3065 = EDGE_CURVE('',#399,#3066,#3068,.T.);
#3066 = VERTEX_POINT('',#3067);
#3067 = CARTESIAN_POINT('',(-4.550457568899,-6.938843298052,23.));
#3068 = LINE('',#3069,#3070);
#3069 = CARTESIAN_POINT('',(-4.550457568899,-6.938843298052,25.));
#3070 = VECTOR('',#3071,1.);
#3071 = DIRECTION('',(-0.,-0.,-1.));
#3072 = ORIENTED_EDGE('',*,*,#3073,.T.);
#3073 = EDGE_CURVE('',#3066,#3040,#3074,.T.);
#3074 = B_SPLINE_CURVE_WITH_KNOTS('',2,(#3075,#3076,#3077),
  .UNSPECIFIED.,.F.,.F.,(3,3),(0.,1.),.PIECEWISE_BEZIER_KNOTS.);
#3075 = CARTESIAN_POINT('',(-4.550457568899,-6.938843298052,23.));
#3076 = CARTESIAN_POINT('',(-4.492370393107,-6.913987390271,23.));
#3077 = CARTESIAN_POINT('',(-4.425907857084,-6.913987390271,23.));
#3078 = ORIENTED_EDGE('',*,*,#3039,.F.);
#3079 = ORIENTED_EDGE('',*,*,#406,.F.);
#3080 = SURFACE_OF_LINEAR_EXTRUSION('',#3081,#3085);
#3081 = B_SPLINE_CURVE_WITH_KNOTS('',2,(#3082,#3083,#3084),
  .UNSPECIFIED.,.F.,.F.,(3,3),(0.,1.),.PIECEWISE_BEZIER_KNOTS.);
#3082 = CARTESIAN_POINT('',(-4.550457568899,-6.938843298052,25.));
#3083 = CARTESIAN_POINT('',(-4.492370393107,-6.913987390271,25.));
#3084 = CARTESIAN_POINT('',(-4.425907857084,-6.913987390271,25.));
#3085 = VECTOR('',#3086,1.);
#3086 = DIRECTION('',(0.,0.,1.));
#3087 = ADVANCED_FACE('',(#3088),#3106,.T.);
#3088 = FACE_BOUND('',#3089,.T.);
#3089 = EDGE_LOOP('',(#3090,#3098,#3104,#3105));
#3090 = ORIENTED_EDGE('',*,*,#3091,.T.);
#3091 = EDGE_CURVE('',#391,#3092,#3094,.T.);
#3092 = VERTEX_POINT('',#3093);
#3093 = CARTESIAN_POINT('',(-4.651096978121,-7.005035661164,23.));
#3094 = LINE('',#3095,#3096);
#3095 = CARTESIAN_POINT('',(-4.651096978121,-7.005035661164,25.));
#3096 = VECTOR('',#3097,1.);
#3097 = DIRECTION('',(-0.,-0.,-1.));
#3098 = ORIENTED_EDGE('',*,*,#3099,.T.);
#3099 = EDGE_CURVE('',#3092,#3066,#3100,.T.);
#3100 = B_SPLINE_CURVE_WITH_KNOTS('',2,(#3101,#3102,#3103),
  .UNSPECIFIED.,.F.,.F.,(3,3),(0.,1.),.PIECEWISE_BEZIER_KNOTS.);
#3101 = CARTESIAN_POINT('',(-4.651096978121,-7.005035661164,23.));
#3102 = CARTESIAN_POINT('',(-4.608544744692,-6.963564119377,23.));
#3103 = CARTESIAN_POINT('',(-4.550457568899,-6.938843298052,23.));
#3104 = ORIENTED_EDGE('',*,*,#3065,.F.);
#3105 = ORIENTED_EDGE('',*,*,#398,.F.);
#3106 = SURFACE_OF_LINEAR_EXTRUSION('',#3107,#3111);
#3107 = B_SPLINE_CURVE_WITH_KNOTS('',2,(#3108,#3109,#3110),
  .UNSPECIFIED.,.F.,.F.,(3,3),(0.,1.),.PIECEWISE_BEZIER_KNOTS.);
#3108 = CARTESIAN_POINT('',(-4.651096978121,-7.005035661164,25.));
#3109 = CARTESIAN_POINT('',(-4.608544744692,-6.963564119377,25.));
#3110 = CARTESIAN_POINT('',(-4.550457568899,-6.938843298052,25.));
#3111 = VECTOR('',#3112,1.);
#3112 = DIRECTION('',(0.,0.,1.));
#3113 = ADVANCED_FACE('',(#3114),#3132,.T.);
#3114 = FACE_BOUND('',#3115,.T.);
#3115 = EDGE_LOOP('',(#3116,#3124,#3130,#3131));
#3116 = ORIENTED_EDGE('',*,*,#3117,.T.);
#3117 = EDGE_CURVE('',#383,#3118,#3120,.T.);
#3118 = VERTEX_POINT('',#3119);
#3119 = CARTESIAN_POINT('',(-4.717424427689,-7.104324205833,23.));
#3120 = LINE('',#3121,#3122);
#3121 = CARTESIAN_POINT('',(-4.717424427689,-7.104324205833,25.));
#3122 = VECTOR('',#3123,1.);
#3123 = DIRECTION('',(-0.,-0.,-1.));
#3124 = ORIENTED_EDGE('',*,*,#3125,.T.);
#3125 = EDGE_CURVE('',#3118,#3092,#3126,.T.);
#3126 = B_SPLINE_CURVE_WITH_KNOTS('',2,(#3127,#3128,#3129),
  .UNSPECIFIED.,.F.,.F.,(3,3),(0.,1.),.PIECEWISE_BEZIER_KNOTS.);
#3127 = CARTESIAN_POINT('',(-4.717424427689,-7.104324205833,23.));
#3128 = CARTESIAN_POINT('',(-4.693514125095,-7.046372116496,23.));
#3129 = CARTESIAN_POINT('',(-4.651096978121,-7.005035661164,23.));
#3130 = ORIENTED_EDGE('',*,*,#3091,.F.);
#3131 = ORIENTED_EDGE('',*,*,#390,.F.);
#3132 = SURFACE_OF_LINEAR_EXTRUSION('',#3133,#3137);
#3133 = B_SPLINE_CURVE_WITH_KNOTS('',2,(#3134,#3135,#3136),
  .UNSPECIFIED.,.F.,.F.,(3,3),(0.,1.),.PIECEWISE_BEZIER_KNOTS.);
#3134 = CARTESIAN_POINT('',(-4.717424427689,-7.104324205833,25.));
#3135 = CARTESIAN_POINT('',(-4.693514125095,-7.046372116496,25.));
#3136 = CARTESIAN_POINT('',(-4.651096978121,-7.005035661164,25.));
#3137 = VECTOR('',#3138,1.);
#3138 = DIRECTION('',(0.,0.,1.));
#3139 = ADVANCED_FACE('',(#3140),#3151,.T.);
#3140 = FACE_BOUND('',#3141,.T.);
#3141 = EDGE_LOOP('',(#3142,#3143,#3149,#3150));
#3142 = ORIENTED_EDGE('',*,*,#2762,.T.);
#3143 = ORIENTED_EDGE('',*,*,#3144,.T.);
#3144 = EDGE_CURVE('',#2755,#3118,#3145,.T.);
#3145 = B_SPLINE_CURVE_WITH_KNOTS('',2,(#3146,#3147,#3148),
  .UNSPECIFIED.,.F.,.F.,(3,3),(0.,1.),.PIECEWISE_BEZIER_KNOTS.);
#3146 = CARTESIAN_POINT('',(-4.741334730283,-7.226307274997,23.));
#3147 = CARTESIAN_POINT('',(-4.741334730283,-7.162141208715,23.));
#3148 = CARTESIAN_POINT('',(-4.717424427689,-7.104324205833,23.));
#3149 = ORIENTED_EDGE('',*,*,#3117,.F.);
#3150 = ORIENTED_EDGE('',*,*,#382,.F.);
#3151 = SURFACE_OF_LINEAR_EXTRUSION('',#3152,#3156);
#3152 = B_SPLINE_CURVE_WITH_KNOTS('',2,(#3153,#3154,#3155),
  .UNSPECIFIED.,.F.,.F.,(3,3),(0.,1.),.PIECEWISE_BEZIER_KNOTS.);
#3153 = CARTESIAN_POINT('',(-4.741334730283,-7.226307274997,25.));
#3154 = CARTESIAN_POINT('',(-4.741334730283,-7.162141208715,25.));
#3155 = CARTESIAN_POINT('',(-4.717424427689,-7.104324205833,25.));
#3156 = VECTOR('',#3157,1.);
#3157 = DIRECTION('',(0.,0.,1.));
#3158 = ADVANCED_FACE('',(#3159),#3184,.T.);
#3159 = FACE_BOUND('',#3160,.T.);
#3160 = EDGE_LOOP('',(#3161,#3169,#3177,#3183));
#3161 = ORIENTED_EDGE('',*,*,#3162,.T.);
#3162 = EDGE_CURVE('',#503,#3163,#3165,.T.);
#3163 = VERTEX_POINT('',#3164);
#3164 = CARTESIAN_POINT('',(-5.244126517026,-4.510529177014,23.));
#3165 = LINE('',#3166,#3167);
#3166 = CARTESIAN_POINT('',(-5.244126517026,-4.510529177014,25.));
#3167 = VECTOR('',#3168,1.);
#3168 = DIRECTION('',(-0.,-0.,-1.));
#3169 = ORIENTED_EDGE('',*,*,#3170,.T.);
#3170 = EDGE_CURVE('',#3163,#3171,#3173,.T.);
#3171 = VERTEX_POINT('',#3172);
#3172 = CARTESIAN_POINT('',(-5.244126517026,-4.729369234651,23.));
#3173 = LINE('',#3174,#3175);
#3174 = CARTESIAN_POINT('',(-5.244126517026,-4.510529177014,23.));
#3175 = VECTOR('',#3176,1.);
#3176 = DIRECTION('',(0.,-1.,0.));
#3177 = ORIENTED_EDGE('',*,*,#3178,.F.);
#3178 = EDGE_CURVE('',#505,#3171,#3179,.T.);
#3179 = LINE('',#3180,#3181);
#3180 = CARTESIAN_POINT('',(-5.244126517026,-4.729369234651,25.));
#3181 = VECTOR('',#3182,1.);
#3182 = DIRECTION('',(-0.,-0.,-1.));
#3183 = ORIENTED_EDGE('',*,*,#502,.F.);
#3184 = PLANE('',#3185);
#3185 = AXIS2_PLACEMENT_3D('',#3186,#3187,#3188);
#3186 = CARTESIAN_POINT('',(-5.244126517026,-4.510529177014,25.));
#3187 = DIRECTION('',(-1.,0.,0.));
#3188 = DIRECTION('',(0.,-1.,0.));
#3189 = ADVANCED_FACE('',(#3190),#3208,.T.);
#3190 = FACE_BOUND('',#3191,.T.);
#3191 = EDGE_LOOP('',(#3192,#3200,#3206,#3207));
#3192 = ORIENTED_EDGE('',*,*,#3193,.T.);
#3193 = EDGE_CURVE('',#761,#3194,#3196,.T.);
#3194 = VERTEX_POINT('',#3195);
#3195 = CARTESIAN_POINT('',(-6.725619672646,-4.510529177014,23.));
#3196 = LINE('',#3197,#3198);
#3197 = CARTESIAN_POINT('',(-6.725619672646,-4.510529177014,25.));
#3198 = VECTOR('',#3199,1.);
#3199 = DIRECTION('',(-0.,-0.,-1.));
#3200 = ORIENTED_EDGE('',*,*,#3201,.T.);
#3201 = EDGE_CURVE('',#3194,#3163,#3202,.T.);
#3202 = LINE('',#3203,#3204);
#3203 = CARTESIAN_POINT('',(-6.725619672646,-4.510529177014,23.));
#3204 = VECTOR('',#3205,1.);
#3205 = DIRECTION('',(1.,0.,0.));
#3206 = ORIENTED_EDGE('',*,*,#3162,.F.);
#3207 = ORIENTED_EDGE('',*,*,#768,.F.);
#3208 = PLANE('',#3209);
#3209 = AXIS2_PLACEMENT_3D('',#3210,#3211,#3212);
#3210 = CARTESIAN_POINT('',(-6.725619672646,-4.510529177014,25.));
#3211 = DIRECTION('',(0.,-1.,0.));
#3212 = DIRECTION('',(1.,0.,0.));
#3213 = ADVANCED_FACE('',(#3214),#3232,.T.);
#3214 = FACE_BOUND('',#3215,.T.);
#3215 = EDGE_LOOP('',(#3216,#3224,#3230,#3231));
#3216 = ORIENTED_EDGE('',*,*,#3217,.T.);
#3217 = EDGE_CURVE('',#753,#3218,#3220,.T.);
#3218 = VERTEX_POINT('',#3219);
#3219 = CARTESIAN_POINT('',(-6.974584009822,-5.967976943585,23.));
#3220 = LINE('',#3221,#3222);
#3221 = CARTESIAN_POINT('',(-6.974584009822,-5.967976943585,25.));
#3222 = VECTOR('',#3223,1.);
#3223 = DIRECTION('',(-0.,-0.,-1.));
#3224 = ORIENTED_EDGE('',*,*,#3225,.T.);
#3225 = EDGE_CURVE('',#3218,#3194,#3226,.T.);
#3226 = LINE('',#3227,#3228);
#3227 = CARTESIAN_POINT('',(-6.974584009822,-5.967976943585,23.));
#3228 = VECTOR('',#3229,1.);
#3229 = DIRECTION('',(0.168383072801,0.985721634537,0.));
#3230 = ORIENTED_EDGE('',*,*,#3193,.F.);
#3231 = ORIENTED_EDGE('',*,*,#760,.F.);
#3232 = PLANE('',#3233);
#3233 = AXIS2_PLACEMENT_3D('',#3234,#3235,#3236);
#3234 = CARTESIAN_POINT('',(-6.974584009822,-5.967976943585,25.));
#3235 = DIRECTION('',(0.985721634537,-0.168383072801,0.));
#3236 = DIRECTION('',(0.168383072801,0.985721634537,0.));
#3237 = ADVANCED_FACE('',(#3238),#3256,.T.);
#3238 = FACE_BOUND('',#3239,.T.);
#3239 = EDGE_LOOP('',(#3240,#3248,#3254,#3255));
#3240 = ORIENTED_EDGE('',*,*,#3241,.T.);
#3241 = EDGE_CURVE('',#745,#3242,#3244,.T.);
#3242 = VERTEX_POINT('',#3243);
#3243 = CARTESIAN_POINT('',(-6.655104542963,-6.070642649637,23.));
#3244 = LINE('',#3245,#3246);
#3245 = CARTESIAN_POINT('',(-6.655104542963,-6.070642649637,25.));
#3246 = VECTOR('',#3247,1.);
#3247 = DIRECTION('',(-0.,-0.,-1.));
#3248 = ORIENTED_EDGE('',*,*,#3249,.T.);
#3249 = EDGE_CURVE('',#3242,#3218,#3250,.T.);
#3250 = LINE('',#3251,#3252);
#3251 = CARTESIAN_POINT('',(-6.655104542963,-6.070642649637,23.));
#3252 = VECTOR('',#3253,1.);
#3253 = DIRECTION('',(-0.952049501376,0.305944025812,0.));
#3254 = ORIENTED_EDGE('',*,*,#3217,.F.);
#3255 = ORIENTED_EDGE('',*,*,#752,.F.);
#3256 = PLANE('',#3257);
#3257 = AXIS2_PLACEMENT_3D('',#3258,#3259,#3260);
#3258 = CARTESIAN_POINT('',(-6.655104542963,-6.070642649637,25.));
#3259 = DIRECTION('',(0.305944025812,0.952049501376,0.));
#3260 = DIRECTION('',(-0.952049501376,0.305944025812,0.));
#3261 = ADVANCED_FACE('',(#3262),#3280,.T.);
#3262 = FACE_BOUND('',#3263,.T.);
#3263 = EDGE_LOOP('',(#3264,#3272,#3278,#3279));
#3264 = ORIENTED_EDGE('',*,*,#3265,.T.);
#3265 = EDGE_CURVE('',#737,#3266,#3268,.T.);
#3266 = VERTEX_POINT('',#3267);
#3267 = CARTESIAN_POINT('',(-6.217289341234,-5.98026981102,23.));
#3268 = LINE('',#3269,#3270);
#3269 = CARTESIAN_POINT('',(-6.217289341234,-5.98026981102,25.));
#3270 = VECTOR('',#3271,1.);
#3271 = DIRECTION('',(-0.,-0.,-1.));
#3272 = ORIENTED_EDGE('',*,*,#3273,.T.);
#3273 = EDGE_CURVE('',#3266,#3242,#3274,.T.);
#3274 = B_SPLINE_CURVE_WITH_KNOTS('',2,(#3275,#3276,#3277),
  .UNSPECIFIED.,.F.,.F.,(3,3),(0.,1.),.PIECEWISE_BEZIER_KNOTS.);
#3275 = CARTESIAN_POINT('',(-6.217289341234,-5.98026981102,23.));
#3276 = CARTESIAN_POINT('',(-6.435183793683,-5.98026981102,23.));
#3277 = CARTESIAN_POINT('',(-6.655104542963,-6.070642649637,23.));
#3278 = ORIENTED_EDGE('',*,*,#3241,.F.);
#3279 = ORIENTED_EDGE('',*,*,#744,.F.);
#3280 = SURFACE_OF_LINEAR_EXTRUSION('',#3281,#3285);
#3281 = B_SPLINE_CURVE_WITH_KNOTS('',2,(#3282,#3283,#3284),
  .UNSPECIFIED.,.F.,.F.,(3,3),(0.,1.),.PIECEWISE_BEZIER_KNOTS.);
#3282 = CARTESIAN_POINT('',(-6.217289341234,-5.98026981102,25.));
#3283 = CARTESIAN_POINT('',(-6.435183793683,-5.98026981102,25.));
#3284 = CARTESIAN_POINT('',(-6.655104542963,-6.070642649637,25.));
#3285 = VECTOR('',#3286,1.);
#3286 = DIRECTION('',(0.,0.,1.));
#3287 = ADVANCED_FACE('',(#3288),#3306,.T.);
#3288 = FACE_BOUND('',#3289,.T.);
#3289 = EDGE_LOOP('',(#3290,#3298,#3304,#3305));
#3290 = ORIENTED_EDGE('',*,*,#3291,.T.);
#3291 = EDGE_CURVE('',#729,#3292,#3294,.T.);
#3292 = VERTEX_POINT('',#3293);
#3293 = CARTESIAN_POINT('',(-5.799196761983,-6.118057995458,23.));
#3294 = LINE('',#3295,#3296);
#3295 = CARTESIAN_POINT('',(-5.799196761983,-6.118057995458,25.));
#3296 = VECTOR('',#3297,1.);
#3297 = DIRECTION('',(-0.,-0.,-1.));
#3298 = ORIENTED_EDGE('',*,*,#3299,.T.);
#3299 = EDGE_CURVE('',#3292,#3266,#3300,.T.);
#3300 = B_SPLINE_CURVE_WITH_KNOTS('',2,(#3301,#3302,#3303),
  .UNSPECIFIED.,.F.,.F.,(3,3),(0.,1.),.PIECEWISE_BEZIER_KNOTS.);
#3301 = CARTESIAN_POINT('',(-5.799196761983,-6.118057995458,23.));
#3302 = CARTESIAN_POINT('',(-5.941307712992,-5.98026981102,23.));
#3303 = CARTESIAN_POINT('',(-6.217289341234,-5.98026981102,23.));
#3304 = ORIENTED_EDGE('',*,*,#3265,.F.);
#3305 = ORIENTED_EDGE('',*,*,#736,.F.);
#3306 = SURFACE_OF_LINEAR_EXTRUSION('',#3307,#3311);
#3307 = B_SPLINE_CURVE_WITH_KNOTS('',2,(#3308,#3309,#3310),
  .UNSPECIFIED.,.F.,.F.,(3,3),(0.,1.),.PIECEWISE_BEZIER_KNOTS.);
#3308 = CARTESIAN_POINT('',(-5.799196761983,-6.118057995458,25.));
#3309 = CARTESIAN_POINT('',(-5.941307712992,-5.98026981102,25.));
#3310 = CARTESIAN_POINT('',(-6.217289341234,-5.98026981102,25.));
#3311 = VECTOR('',#3312,1.);
#3312 = DIRECTION('',(0.,0.,1.));
#3313 = ADVANCED_FACE('',(#3314),#3332,.T.);
#3314 = FACE_BOUND('',#3315,.T.);
#3315 = EDGE_LOOP('',(#3316,#3324,#3330,#3331));
#3316 = ORIENTED_EDGE('',*,*,#3317,.T.);
#3317 = EDGE_CURVE('',#721,#3318,#3320,.T.);
#3318 = VERTEX_POINT('',#3319);
#3319 = CARTESIAN_POINT('',(-5.657085810974,-6.49994740468,23.));
#3320 = LINE('',#3321,#3322);
#3321 = CARTESIAN_POINT('',(-5.657085810974,-6.49994740468,25.));
#3322 = VECTOR('',#3323,1.);
#3323 = DIRECTION('',(-0.,-0.,-1.));
#3324 = ORIENTED_EDGE('',*,*,#3325,.T.);
#3325 = EDGE_CURVE('',#3318,#3292,#3326,.T.);
#3326 = B_SPLINE_CURVE_WITH_KNOTS('',2,(#3327,#3328,#3329),
  .UNSPECIFIED.,.F.,.F.,(3,3),(0.,1.),.PIECEWISE_BEZIER_KNOTS.);
#3327 = CARTESIAN_POINT('',(-5.657085810974,-6.49994740468,23.));
#3328 = CARTESIAN_POINT('',(-5.657085810974,-6.255711093441,23.));
#3329 = CARTESIAN_POINT('',(-5.799196761983,-6.118057995458,23.));
#3330 = ORIENTED_EDGE('',*,*,#3291,.F.);
#3331 = ORIENTED_EDGE('',*,*,#728,.F.);
#3332 = SURFACE_OF_LINEAR_EXTRUSION('',#3333,#3337);
#3333 = B_SPLINE_CURVE_WITH_KNOTS('',2,(#3334,#3335,#3336),
  .UNSPECIFIED.,.F.,.F.,(3,3),(0.,1.),.PIECEWISE_BEZIER_KNOTS.);
#3334 = CARTESIAN_POINT('',(-5.657085810974,-6.49994740468,25.));
#3335 = CARTESIAN_POINT('',(-5.657085810974,-6.255711093441,25.));
#3336 = CARTESIAN_POINT('',(-5.799196761983,-6.118057995458,25.));
#3337 = VECTOR('',#3338,1.);
#3338 = DIRECTION('',(0.,0.,1.));
#3339 = ADVANCED_FACE('',(#3340),#3358,.T.);
#3340 = FACE_BOUND('',#3341,.T.);
#3341 = EDGE_LOOP('',(#3342,#3350,#3356,#3357));
#3342 = ORIENTED_EDGE('',*,*,#3343,.T.);
#3343 = EDGE_CURVE('',#713,#3344,#3346,.T.);
#3344 = VERTEX_POINT('',#3345);
#3345 = CARTESIAN_POINT('',(-5.693424067459,-6.745399494017,23.));
#3346 = LINE('',#3347,#3348);
#3347 = CARTESIAN_POINT('',(-5.693424067459,-6.745399494017,25.));
#3348 = VECTOR('',#3349,1.);
#3349 = DIRECTION('',(-0.,-0.,-1.));
#3350 = ORIENTED_EDGE('',*,*,#3351,.T.);
#3351 = EDGE_CURVE('',#3344,#3318,#3352,.T.);
#3352 = B_SPLINE_CURVE_WITH_KNOTS('',2,(#3353,#3354,#3355),
  .UNSPECIFIED.,.F.,.F.,(3,3),(0.,1.),.PIECEWISE_BEZIER_KNOTS.);
#3353 = CARTESIAN_POINT('',(-5.693424067459,-6.745399494017,23.));
#3354 = CARTESIAN_POINT('',(-5.657085810974,-6.63246721736,23.));
#3355 = CARTESIAN_POINT('',(-5.657085810974,-6.49994740468,23.));
#3356 = ORIENTED_EDGE('',*,*,#3317,.F.);
#3357 = ORIENTED_EDGE('',*,*,#720,.F.);
#3358 = SURFACE_OF_LINEAR_EXTRUSION('',#3359,#3363);
#3359 = B_SPLINE_CURVE_WITH_KNOTS('',2,(#3360,#3361,#3362),
  .UNSPECIFIED.,.F.,.F.,(3,3),(0.,1.),.PIECEWISE_BEZIER_KNOTS.);
#3360 = CARTESIAN_POINT('',(-5.693424067459,-6.745399494017,25.));
#3361 = CARTESIAN_POINT('',(-5.657085810974,-6.63246721736,25.));
#3362 = CARTESIAN_POINT('',(-5.657085810974,-6.49994740468,25.));
#3363 = VECTOR('',#3364,1.);
#3364 = DIRECTION('',(0.,0.,1.));
#3365 = ADVANCED_FACE('',(#3366),#3384,.T.);
#3366 = FACE_BOUND('',#3367,.T.);
#3367 = EDGE_LOOP('',(#3368,#3376,#3382,#3383));
#3368 = ORIENTED_EDGE('',*,*,#3369,.T.);
#3369 = EDGE_CURVE('',#705,#3370,#3372,.T.);
#3370 = VERTEX_POINT('',#3371);
#3371 = CARTESIAN_POINT('',(-5.801223058813,-6.94005907615,23.));
#3372 = LINE('',#3373,#3374);
#3373 = CARTESIAN_POINT('',(-5.801223058813,-6.94005907615,25.));
#3374 = VECTOR('',#3375,1.);
#3375 = DIRECTION('',(-0.,-0.,-1.));
#3376 = ORIENTED_EDGE('',*,*,#3377,.T.);
#3377 = EDGE_CURVE('',#3370,#3344,#3378,.T.);
#3378 = B_SPLINE_CURVE_WITH_KNOTS('',2,(#3379,#3380,#3381),
  .UNSPECIFIED.,.F.,.F.,(3,3),(0.,1.),.PIECEWISE_BEZIER_KNOTS.);
#3379 = CARTESIAN_POINT('',(-5.801223058813,-6.94005907615,23.));
#3380 = CARTESIAN_POINT('',(-5.729627237487,-6.858196684219,23.));
#3381 = CARTESIAN_POINT('',(-5.693424067459,-6.745399494017,23.));
#3382 = ORIENTED_EDGE('',*,*,#3343,.F.);
#3383 = ORIENTED_EDGE('',*,*,#712,.F.);
#3384 = SURFACE_OF_LINEAR_EXTRUSION('',#3385,#3389);
#3385 = B_SPLINE_CURVE_WITH_KNOTS('',2,(#3386,#3387,#3388),
  .UNSPECIFIED.,.F.,.F.,(3,3),(0.,1.),.PIECEWISE_BEZIER_KNOTS.);
#3386 = CARTESIAN_POINT('',(-5.801223058813,-6.94005907615,25.));
#3387 = CARTESIAN_POINT('',(-5.729627237487,-6.858196684219,25.));
#3388 = CARTESIAN_POINT('',(-5.693424067459,-6.745399494017,25.));
#3389 = VECTOR('',#3390,1.);
#3390 = DIRECTION('',(0.,0.,1.));
#3391 = ADVANCED_FACE('',(#3392),#3410,.T.);
#3392 = FACE_BOUND('',#3393,.T.);
#3393 = EDGE_LOOP('',(#3394,#3402,#3408,#3409));
#3394 = ORIENTED_EDGE('',*,*,#3395,.T.);
#3395 = EDGE_CURVE('',#697,#3396,#3398,.T.);
#3396 = VERTEX_POINT('',#3397);
#3397 = CARTESIAN_POINT('',(-5.980752957948,-7.067310517072,23.));
#3398 = LINE('',#3399,#3400);
#3399 = CARTESIAN_POINT('',(-5.980752957948,-7.067310517072,25.));
#3400 = VECTOR('',#3401,1.);
#3401 = DIRECTION('',(-0.,-0.,-1.));
#3402 = ORIENTED_EDGE('',*,*,#3403,.T.);
#3403 = EDGE_CURVE('',#3396,#3370,#3404,.T.);
#3404 = B_SPLINE_CURVE_WITH_KNOTS('',2,(#3405,#3406,#3407),
  .UNSPECIFIED.,.F.,.F.,(3,3),(0.,1.),.PIECEWISE_BEZIER_KNOTS.);
#3405 = CARTESIAN_POINT('',(-5.980752957948,-7.067310517072,23.));
#3406 = CARTESIAN_POINT('',(-5.872818880139,-7.021786381625,23.));
#3407 = CARTESIAN_POINT('',(-5.801223058813,-6.94005907615,23.));
#3408 = ORIENTED_EDGE('',*,*,#3369,.F.);
#3409 = ORIENTED_EDGE('',*,*,#704,.F.);
#3410 = SURFACE_OF_LINEAR_EXTRUSION('',#3411,#3415);
#3411 = B_SPLINE_CURVE_WITH_KNOTS('',2,(#3412,#3413,#3414),
  .UNSPECIFIED.,.F.,.F.,(3,3),(0.,1.),.PIECEWISE_BEZIER_KNOTS.);
#3412 = CARTESIAN_POINT('',(-5.980752957948,-7.067310517072,25.));
#3413 = CARTESIAN_POINT('',(-5.872818880139,-7.021786381625,25.));
#3414 = CARTESIAN_POINT('',(-5.801223058813,-6.94005907615,25.));
#3415 = VECTOR('',#3416,1.);
#3416 = DIRECTION('',(0.,0.,1.));
#3417 = ADVANCED_FACE('',(#3418),#3436,.T.);
#3418 = FACE_BOUND('',#3419,.T.);
#3419 = EDGE_LOOP('',(#3420,#3428,#3434,#3435));
#3420 = ORIENTED_EDGE('',*,*,#3421,.T.);
#3421 = EDGE_CURVE('',#689,#3422,#3424,.T.);
#3422 = VERTEX_POINT('',#3423);
#3423 = CARTESIAN_POINT('',(-6.229717295124,-7.112834652519,23.));
#3424 = LINE('',#3425,#3426);
#3425 = CARTESIAN_POINT('',(-6.229717295124,-7.112834652519,25.));
#3426 = VECTOR('',#3427,1.);
#3427 = DIRECTION('',(-0.,-0.,-1.));
#3428 = ORIENTED_EDGE('',*,*,#3429,.T.);
#3429 = EDGE_CURVE('',#3422,#3396,#3430,.T.);
#3430 = B_SPLINE_CURVE_WITH_KNOTS('',2,(#3431,#3432,#3433),
  .UNSPECIFIED.,.F.,.F.,(3,3),(0.,1.),.PIECEWISE_BEZIER_KNOTS.);
#3431 = CARTESIAN_POINT('',(-6.229717295124,-7.112834652519,23.));
#3432 = CARTESIAN_POINT('',(-6.088551949303,-7.112834652519,23.));
#3433 = CARTESIAN_POINT('',(-5.980752957948,-7.067310517072,23.));
#3434 = ORIENTED_EDGE('',*,*,#3395,.F.);
#3435 = ORIENTED_EDGE('',*,*,#696,.F.);
#3436 = SURFACE_OF_LINEAR_EXTRUSION('',#3437,#3441);
#3437 = B_SPLINE_CURVE_WITH_KNOTS('',2,(#3438,#3439,#3440),
  .UNSPECIFIED.,.F.,.F.,(3,3),(0.,1.),.PIECEWISE_BEZIER_KNOTS.);
#3438 = CARTESIAN_POINT('',(-6.229717295124,-7.112834652519,25.));
#3439 = CARTESIAN_POINT('',(-6.088551949303,-7.112834652519,25.));
#3440 = CARTESIAN_POINT('',(-5.980752957948,-7.067310517072,25.));
#3441 = VECTOR('',#3442,1.);
#3442 = DIRECTION('',(0.,0.,1.));
#3443 = ADVANCED_FACE('',(#3444),#3462,.T.);
#3444 = FACE_BOUND('',#3445,.T.);
#3445 = EDGE_LOOP('',(#3446,#3454,#3460,#3461));
#3446 = ORIENTED_EDGE('',*,*,#3447,.T.);
#3447 = EDGE_CURVE('',#681,#3448,#3450,.T.);
#3448 = VERTEX_POINT('',#3449);
#3449 = CARTESIAN_POINT('',(-6.455852021349,-7.079738470963,23.));
#3450 = LINE('',#3451,#3452);
#3451 = CARTESIAN_POINT('',(-6.455852021349,-7.079738470963,25.));
#3452 = VECTOR('',#3453,1.);
#3453 = DIRECTION('',(-0.,-0.,-1.));
#3454 = ORIENTED_EDGE('',*,*,#3455,.T.);
#3455 = EDGE_CURVE('',#3448,#3422,#3456,.T.);
#3456 = B_SPLINE_CURVE_WITH_KNOTS('',2,(#3457,#3458,#3459),
  .UNSPECIFIED.,.F.,.F.,(3,3),(0.,1.),.PIECEWISE_BEZIER_KNOTS.);
#3457 = CARTESIAN_POINT('',(-6.455852021349,-7.079738470963,23.));
#3458 = CARTESIAN_POINT('',(-6.362507280715,-7.112834652519,23.));
#3459 = CARTESIAN_POINT('',(-6.229717295124,-7.112834652519,23.));
#3460 = ORIENTED_EDGE('',*,*,#3421,.F.);
#3461 = ORIENTED_EDGE('',*,*,#688,.F.);
#3462 = SURFACE_OF_LINEAR_EXTRUSION('',#3463,#3467);
#3463 = B_SPLINE_CURVE_WITH_KNOTS('',2,(#3464,#3465,#3466),
  .UNSPECIFIED.,.F.,.F.,(3,3),(0.,1.),.PIECEWISE_BEZIER_KNOTS.);
#3464 = CARTESIAN_POINT('',(-6.455852021349,-7.079738470963,25.));
#3465 = CARTESIAN_POINT('',(-6.362507280715,-7.112834652519,25.));
#3466 = CARTESIAN_POINT('',(-6.229717295124,-7.112834652519,25.));
#3467 = VECTOR('',#3468,1.);
#3468 = DIRECTION('',(0.,0.,1.));
#3469 = ADVANCED_FACE('',(#3470),#3488,.T.);
#3470 = FACE_BOUND('',#3471,.T.);
#3471 = EDGE_LOOP('',(#3472,#3480,#3486,#3487));
#3472 = ORIENTED_EDGE('',*,*,#3473,.T.);
#3473 = EDGE_CURVE('',#673,#3474,#3476,.T.);
#3474 = VERTEX_POINT('',#3475);
#3475 = CARTESIAN_POINT('',(-6.619846978121,-7.007332130905,23.));
#3476 = LINE('',#3477,#3478);
#3477 = CARTESIAN_POINT('',(-6.619846978121,-7.007332130905,25.));
#3478 = VECTOR('',#3479,1.);
#3479 = DIRECTION('',(-0.,-0.,-1.));
#3480 = ORIENTED_EDGE('',*,*,#3481,.T.);
#3481 = EDGE_CURVE('',#3474,#3448,#3482,.T.);
#3482 = B_SPLINE_CURVE_WITH_KNOTS('',2,(#3483,#3484,#3485),
  .UNSPECIFIED.,.F.,.F.,(3,3),(0.,1.),.PIECEWISE_BEZIER_KNOTS.);
#3483 = CARTESIAN_POINT('',(-6.619846978121,-7.007332130905,23.));
#3484 = CARTESIAN_POINT('',(-6.549196761983,-7.046642289406,23.));
#3485 = CARTESIAN_POINT('',(-6.455852021349,-7.079738470963,23.));
#3486 = ORIENTED_EDGE('',*,*,#3447,.F.);
#3487 = ORIENTED_EDGE('',*,*,#680,.F.);
#3488 = SURFACE_OF_LINEAR_EXTRUSION('',#3489,#3493);
#3489 = B_SPLINE_CURVE_WITH_KNOTS('',2,(#3490,#3491,#3492),
  .UNSPECIFIED.,.F.,.F.,(3,3),(0.,1.),.PIECEWISE_BEZIER_KNOTS.);
#3490 = CARTESIAN_POINT('',(-6.619846978121,-7.007332130905,25.));
#3491 = CARTESIAN_POINT('',(-6.549196761983,-7.046642289406,25.));
#3492 = CARTESIAN_POINT('',(-6.455852021349,-7.079738470963,25.));
#3493 = VECTOR('',#3494,1.);
#3494 = DIRECTION('',(0.,0.,1.));
#3495 = ADVANCED_FACE('',(#3496),#3514,.T.);
#3496 = FACE_BOUND('',#3497,.T.);
#3497 = EDGE_LOOP('',(#3498,#3506,#3512,#3513));
#3498 = ORIENTED_EDGE('',*,*,#3499,.T.);
#3499 = EDGE_CURVE('',#665,#3500,#3502,.T.);
#3500 = VERTEX_POINT('',#3501);
#3501 = CARTESIAN_POINT('',(-6.743315998294,-6.934790704392,23.));
#3502 = LINE('',#3503,#3504);
#3503 = CARTESIAN_POINT('',(-6.743315998294,-6.934790704392,25.));
#3504 = VECTOR('',#3505,1.);
#3505 = DIRECTION('',(-0.,-0.,-1.));
#3506 = ORIENTED_EDGE('',*,*,#3507,.T.);
#3507 = EDGE_CURVE('',#3500,#3474,#3508,.T.);
#3508 = B_SPLINE_CURVE_WITH_KNOTS('',2,(#3509,#3510,#3511),
  .UNSPECIFIED.,.F.,.F.,(3,3),(0.,1.),.PIECEWISE_BEZIER_KNOTS.);
#3509 = CARTESIAN_POINT('',(-6.743315998294,-6.934790704392,23.));
#3510 = CARTESIAN_POINT('',(-6.690362107804,-6.967886885948,23.));
#3511 = CARTESIAN_POINT('',(-6.619846978121,-7.007332130905,23.));
#3512 = ORIENTED_EDGE('',*,*,#3473,.F.);
#3513 = ORIENTED_EDGE('',*,*,#672,.F.);
#3514 = SURFACE_OF_LINEAR_EXTRUSION('',#3515,#3519);
#3515 = B_SPLINE_CURVE_WITH_KNOTS('',2,(#3516,#3517,#3518),
  .UNSPECIFIED.,.F.,.F.,(3,3),(0.,1.),.PIECEWISE_BEZIER_KNOTS.);
#3516 = CARTESIAN_POINT('',(-6.743315998294,-6.934790704392,25.));
#3517 = CARTESIAN_POINT('',(-6.690362107804,-6.967886885948,25.));
#3518 = CARTESIAN_POINT('',(-6.619846978121,-7.007332130905,25.));
#3519 = VECTOR('',#3520,1.);
#3520 = DIRECTION('',(0.,0.,1.));
#3521 = ADVANCED_FACE('',(#3522),#3540,.T.);
#3522 = FACE_BOUND('',#3523,.T.);
#3523 = EDGE_LOOP('',(#3524,#3532,#3538,#3539));
#3524 = ORIENTED_EDGE('',*,*,#3525,.T.);
#3525 = EDGE_CURVE('',#657,#3526,#3528,.T.);
#3526 = VERTEX_POINT('',#3527);
#3527 = CARTESIAN_POINT('',(-6.848008001176,-6.901694522836,23.));
#3528 = LINE('',#3529,#3530);
#3529 = CARTESIAN_POINT('',(-6.848008001176,-6.901694522836,25.));
#3530 = VECTOR('',#3531,1.);
#3531 = DIRECTION('',(-0.,-0.,-1.));
#3532 = ORIENTED_EDGE('',*,*,#3533,.T.);
#3533 = EDGE_CURVE('',#3526,#3500,#3534,.T.);
#3534 = B_SPLINE_CURVE_WITH_KNOTS('',2,(#3535,#3536,#3537),
  .UNSPECIFIED.,.F.,.F.,(3,3),(0.,1.),.PIECEWISE_BEZIER_KNOTS.);
#3535 = CARTESIAN_POINT('',(-6.848008001176,-6.901694522836,23.));
#3536 = CARTESIAN_POINT('',(-6.796134802329,-6.901694522836,23.));
#3537 = CARTESIAN_POINT('',(-6.743315998294,-6.934790704392,23.));
#3538 = ORIENTED_EDGE('',*,*,#3499,.F.);
#3539 = ORIENTED_EDGE('',*,*,#664,.F.);
#3540 = SURFACE_OF_LINEAR_EXTRUSION('',#3541,#3545);
#3541 = B_SPLINE_CURVE_WITH_KNOTS('',2,(#3542,#3543,#3544),
  .UNSPECIFIED.,.F.,.F.,(3,3),(0.,1.),.PIECEWISE_BEZIER_KNOTS.);
#3542 = CARTESIAN_POINT('',(-6.848008001176,-6.901694522836,25.));
#3543 = CARTESIAN_POINT('',(-6.796134802329,-6.901694522836,25.));
#3544 = CARTESIAN_POINT('',(-6.743315998294,-6.934790704392,25.));
#3545 = VECTOR('',#3546,1.);
#3546 = DIRECTION('',(0.,0.,1.));
#3547 = ADVANCED_FACE('',(#3548),#3566,.T.);
#3548 = FACE_BOUND('',#3549,.T.);
#3549 = EDGE_LOOP('',(#3550,#3558,#3564,#3565));
#3550 = ORIENTED_EDGE('',*,*,#3551,.T.);
#3551 = EDGE_CURVE('',#649,#3552,#3554,.T.);
#3552 = VERTEX_POINT('',#3553);
#3553 = CARTESIAN_POINT('',(-6.980797986767,-6.97274999834,23.));
#3554 = LINE('',#3555,#3556);
#3555 = CARTESIAN_POINT('',(-6.980797986767,-6.97274999834,25.));
#3556 = VECTOR('',#3557,1.);
#3557 = DIRECTION('',(-0.,-0.,-1.));
#3558 = ORIENTED_EDGE('',*,*,#3559,.T.);
#3559 = EDGE_CURVE('',#3552,#3526,#3560,.T.);
#3560 = B_SPLINE_CURVE_WITH_KNOTS('',2,(#3561,#3562,#3563),
  .UNSPECIFIED.,.F.,.F.,(3,3),(0.,1.),.PIECEWISE_BEZIER_KNOTS.);
#3561 = CARTESIAN_POINT('',(-6.980797986767,-6.97274999834,23.));
#3562 = CARTESIAN_POINT('',(-6.931086171205,-6.901694522836,23.));
#3563 = CARTESIAN_POINT('',(-6.848008001176,-6.901694522836,23.));
#3564 = ORIENTED_EDGE('',*,*,#3525,.F.);
#3565 = ORIENTED_EDGE('',*,*,#656,.F.);
#3566 = SURFACE_OF_LINEAR_EXTRUSION('',#3567,#3571);
#3567 = B_SPLINE_CURVE_WITH_KNOTS('',2,(#3568,#3569,#3570),
  .UNSPECIFIED.,.F.,.F.,(3,3),(0.,1.),.PIECEWISE_BEZIER_KNOTS.);
#3568 = CARTESIAN_POINT('',(-6.980797986767,-6.97274999834,25.));
#3569 = CARTESIAN_POINT('',(-6.931086171205,-6.901694522836,25.));
#3570 = CARTESIAN_POINT('',(-6.848008001176,-6.901694522836,25.));
#3571 = VECTOR('',#3572,1.);
#3572 = DIRECTION('',(0.,0.,1.));
#3573 = ADVANCED_FACE('',(#3574),#3592,.T.);
#3574 = FACE_BOUND('',#3575,.T.);
#3575 = EDGE_LOOP('',(#3576,#3584,#3590,#3591));
#3576 = ORIENTED_EDGE('',*,*,#3577,.T.);
#3577 = EDGE_CURVE('',#641,#3578,#3580,.T.);
#3578 = VERTEX_POINT('',#3579);
#3579 = CARTESIAN_POINT('',(-7.138578966594,-7.192400574709,23.));
#3580 = LINE('',#3581,#3582);
#3581 = CARTESIAN_POINT('',(-7.138578966594,-7.192400574709,25.));
#3582 = VECTOR('',#3583,1.);
#3583 = DIRECTION('',(-0.,-0.,-1.));
#3584 = ORIENTED_EDGE('',*,*,#3585,.T.);
#3585 = EDGE_CURVE('',#3578,#3552,#3586,.T.);
#3586 = LINE('',#3587,#3588);
#3587 = CARTESIAN_POINT('',(-7.138578966594,-7.192400574709,23.));
#3588 = VECTOR('',#3589,1.);
#3589 = DIRECTION('',(0.583409596524,0.812178085572,0.));
#3590 = ORIENTED_EDGE('',*,*,#3551,.F.);
#3591 = ORIENTED_EDGE('',*,*,#648,.F.);
#3592 = PLANE('',#3593);
#3593 = AXIS2_PLACEMENT_3D('',#3594,#3595,#3596);
#3594 = CARTESIAN_POINT('',(-7.138578966594,-7.192400574709,25.));
#3595 = DIRECTION('',(0.812178085572,-0.583409596524,0.));
#3596 = DIRECTION('',(0.583409596524,0.812178085572,0.));
#3597 = ADVANCED_FACE('',(#3598),#3616,.T.);
#3598 = FACE_BOUND('',#3599,.T.);
#3599 = EDGE_LOOP('',(#3600,#3608,#3614,#3615));
#3600 = ORIENTED_EDGE('',*,*,#3601,.T.);
#3601 = EDGE_CURVE('',#633,#3602,#3604,.T.);
#3602 = VERTEX_POINT('',#3603);
#3603 = CARTESIAN_POINT('',(-6.969450724519,-7.326271251942,23.));
#3604 = LINE('',#3605,#3606);
#3605 = CARTESIAN_POINT('',(-6.969450724519,-7.326271251942,25.));
#3606 = VECTOR('',#3607,1.);
#3607 = DIRECTION('',(-0.,-0.,-1.));
#3608 = ORIENTED_EDGE('',*,*,#3609,.T.);
#3609 = EDGE_CURVE('',#3602,#3578,#3610,.T.);
#3610 = B_SPLINE_CURVE_WITH_KNOTS('',2,(#3611,#3612,#3613),
  .UNSPECIFIED.,.F.,.F.,(3,3),(0.,1.),.PIECEWISE_BEZIER_KNOTS.);
#3611 = CARTESIAN_POINT('',(-6.969450724519,-7.326271251942,23.));
#3612 = CARTESIAN_POINT('',(-7.063876156796,-7.262915704392,23.));
#3613 = CARTESIAN_POINT('',(-7.138578966594,-7.192400574709,23.));
#3614 = ORIENTED_EDGE('',*,*,#3577,.F.);
#3615 = ORIENTED_EDGE('',*,*,#640,.F.);
#3616 = SURFACE_OF_LINEAR_EXTRUSION('',#3617,#3621);
#3617 = B_SPLINE_CURVE_WITH_KNOTS('',2,(#3618,#3619,#3620),
  .UNSPECIFIED.,.F.,.F.,(3,3),(0.,1.),.PIECEWISE_BEZIER_KNOTS.);
#3618 = CARTESIAN_POINT('',(-6.969450724519,-7.326271251942,25.));
#3619 = CARTESIAN_POINT('',(-7.063876156796,-7.262915704392,25.));
#3620 = CARTESIAN_POINT('',(-7.138578966594,-7.192400574709,25.));
#3621 = VECTOR('',#3622,1.);
#3622 = DIRECTION('',(0.,0.,1.));
#3623 = ADVANCED_FACE('',(#3624),#3642,.T.);
#3624 = FACE_BOUND('',#3625,.T.);
#3625 = EDGE_LOOP('',(#3626,#3634,#3640,#3641));
#3626 = ORIENTED_EDGE('',*,*,#3627,.T.);
#3627 = EDGE_CURVE('',#625,#3628,#3630,.T.);
#3628 = VERTEX_POINT('',#3629);
#3629 = CARTESIAN_POINT('',(-6.76398422596,-7.438257923412,23.));
#3630 = LINE('',#3631,#3632);
#3631 = CARTESIAN_POINT('',(-6.76398422596,-7.438257923412,25.));
#3632 = VECTOR('',#3633,1.);
#3633 = DIRECTION('',(-0.,-0.,-1.));
#3634 = ORIENTED_EDGE('',*,*,#3635,.T.);
#3635 = EDGE_CURVE('',#3628,#3602,#3636,.T.);
#3636 = B_SPLINE_CURVE_WITH_KNOTS('',2,(#3637,#3638,#3639),
  .UNSPECIFIED.,.F.,.F.,(3,3),(0.,1.),.PIECEWISE_BEZIER_KNOTS.);
#3637 = CARTESIAN_POINT('',(-6.76398422596,-7.438257923412,23.));
#3638 = CARTESIAN_POINT('',(-6.875025292242,-7.389491713037,23.));
#3639 = CARTESIAN_POINT('',(-6.969450724519,-7.326271251942,23.));
#3640 = ORIENTED_EDGE('',*,*,#3601,.F.);
#3641 = ORIENTED_EDGE('',*,*,#632,.F.);
#3642 = SURFACE_OF_LINEAR_EXTRUSION('',#3643,#3647);
#3643 = B_SPLINE_CURVE_WITH_KNOTS('',2,(#3644,#3645,#3646),
  .UNSPECIFIED.,.F.,.F.,(3,3),(0.,1.),.PIECEWISE_BEZIER_KNOTS.);
#3644 = CARTESIAN_POINT('',(-6.76398422596,-7.438257923412,25.));
#3645 = CARTESIAN_POINT('',(-6.875025292242,-7.389491713037,25.));
#3646 = CARTESIAN_POINT('',(-6.969450724519,-7.326271251942,25.));
#3647 = VECTOR('',#3648,1.);
#3648 = DIRECTION('',(0.,0.,1.));
#3649 = ADVANCED_FACE('',(#3650),#3668,.T.);
#3650 = FACE_BOUND('',#3651,.T.);
#3651 = EDGE_LOOP('',(#3652,#3660,#3666,#3667));
#3652 = ORIENTED_EDGE('',*,*,#3653,.T.);
#3653 = EDGE_CURVE('',#617,#3654,#3656,.T.);
#3654 = VERTEX_POINT('',#3655);
#3655 = CARTESIAN_POINT('',(-6.526367151032,-7.516067721683,23.));
#3656 = LINE('',#3657,#3658);
#3657 = CARTESIAN_POINT('',(-6.526367151032,-7.516067721683,25.));
#3658 = VECTOR('',#3659,1.);
#3659 = DIRECTION('',(-0.,-0.,-1.));
#3660 = ORIENTED_EDGE('',*,*,#3661,.T.);
#3661 = EDGE_CURVE('',#3654,#3628,#3662,.T.);
#3662 = B_SPLINE_CURVE_WITH_KNOTS('',2,(#3663,#3664,#3665),
  .UNSPECIFIED.,.F.,.F.,(3,3),(0.,1.),.PIECEWISE_BEZIER_KNOTS.);
#3663 = CARTESIAN_POINT('',(-6.526367151032,-7.516067721683,23.));
#3664 = CARTESIAN_POINT('',(-6.652943159678,-7.487024133787,23.));
#3665 = CARTESIAN_POINT('',(-6.76398422596,-7.438257923412,23.));
#3666 = ORIENTED_EDGE('',*,*,#3627,.F.);
#3667 = ORIENTED_EDGE('',*,*,#624,.F.);
#3668 = SURFACE_OF_LINEAR_EXTRUSION('',#3669,#3673);
#3669 = B_SPLINE_CURVE_WITH_KNOTS('',2,(#3670,#3671,#3672),
  .UNSPECIFIED.,.F.,.F.,(3,3),(0.,1.),.PIECEWISE_BEZIER_KNOTS.);
#3670 = CARTESIAN_POINT('',(-6.526367151032,-7.516067721683,25.));
#3671 = CARTESIAN_POINT('',(-6.652943159678,-7.487024133787,25.));
#3672 = CARTESIAN_POINT('',(-6.76398422596,-7.438257923412,25.));
#3673 = VECTOR('',#3674,1.);
#3674 = DIRECTION('',(0.,0.,1.));
#3675 = ADVANCED_FACE('',(#3676),#3694,.T.);
#3676 = FACE_BOUND('',#3677,.T.);
#3677 = EDGE_LOOP('',(#3678,#3686,#3692,#3693));
#3678 = ORIENTED_EDGE('',*,*,#3679,.T.);
#3679 = EDGE_CURVE('',#609,#3680,#3682,.T.);
#3680 = VERTEX_POINT('',#3681);
#3681 = CARTESIAN_POINT('',(-6.25876088302,-7.545111309579,23.));
#3682 = LINE('',#3683,#3684);
#3683 = CARTESIAN_POINT('',(-6.25876088302,-7.545111309579,25.));
#3684 = VECTOR('',#3685,1.);
#3685 = DIRECTION('',(-0.,-0.,-1.));
#3686 = ORIENTED_EDGE('',*,*,#3687,.T.);
#3687 = EDGE_CURVE('',#3680,#3654,#3688,.T.);
#3688 = B_SPLINE_CURVE_WITH_KNOTS('',2,(#3689,#3690,#3691),
  .UNSPECIFIED.,.F.,.F.,(3,3),(0.,1.),.PIECEWISE_BEZIER_KNOTS.);
#3689 = CARTESIAN_POINT('',(-6.25876088302,-7.545111309579,23.));
#3690 = CARTESIAN_POINT('',(-6.399791142386,-7.545111309579,23.));
#3691 = CARTESIAN_POINT('',(-6.526367151032,-7.516067721683,23.));
#3692 = ORIENTED_EDGE('',*,*,#3653,.F.);
#3693 = ORIENTED_EDGE('',*,*,#616,.F.);
#3694 = SURFACE_OF_LINEAR_EXTRUSION('',#3695,#3699);
#3695 = B_SPLINE_CURVE_WITH_KNOTS('',2,(#3696,#3697,#3698),
  .UNSPECIFIED.,.F.,.F.,(3,3),(0.,1.),.PIECEWISE_BEZIER_KNOTS.);
#3696 = CARTESIAN_POINT('',(-6.25876088302,-7.545111309579,25.));
#3697 = CARTESIAN_POINT('',(-6.399791142386,-7.545111309579,25.));
#3698 = CARTESIAN_POINT('',(-6.526367151032,-7.516067721683,25.));
#3699 = VECTOR('',#3700,1.);
#3700 = DIRECTION('',(0.,0.,1.));
#3701 = ADVANCED_FACE('',(#3702),#3720,.T.);
#3702 = FACE_BOUND('',#3703,.T.);
#3703 = EDGE_LOOP('',(#3704,#3712,#3718,#3719));
#3704 = ORIENTED_EDGE('',*,*,#3705,.T.);
#3705 = EDGE_CURVE('',#601,#3706,#3708,.T.);
#3706 = VERTEX_POINT('',#3707);
#3707 = CARTESIAN_POINT('',(-5.813651012703,-7.468517289406,23.));
#3708 = LINE('',#3709,#3710);
#3709 = CARTESIAN_POINT('',(-5.813651012703,-7.468517289406,25.));
#3710 = VECTOR('',#3711,1.);
#3711 = DIRECTION('',(-0.,-0.,-1.));
#3712 = ORIENTED_EDGE('',*,*,#3713,.T.);
#3713 = EDGE_CURVE('',#3706,#3680,#3714,.T.);
#3714 = B_SPLINE_CURVE_WITH_KNOTS('',2,(#3715,#3716,#3717),
  .UNSPECIFIED.,.F.,.F.,(3,3),(0.,1.),.PIECEWISE_BEZIER_KNOTS.);
#3715 = CARTESIAN_POINT('',(-5.813651012703,-7.468517289406,23.));
#3716 = CARTESIAN_POINT('',(-6.01803681962,-7.545111309579,23.));
#3717 = CARTESIAN_POINT('',(-6.25876088302,-7.545111309579,23.));
#3718 = ORIENTED_EDGE('',*,*,#3679,.F.);
#3719 = ORIENTED_EDGE('',*,*,#608,.F.);
#3720 = SURFACE_OF_LINEAR_EXTRUSION('',#3721,#3725);
#3721 = B_SPLINE_CURVE_WITH_KNOTS('',2,(#3722,#3723,#3724),
  .UNSPECIFIED.,.F.,.F.,(3,3),(0.,1.),.PIECEWISE_BEZIER_KNOTS.);
#3722 = CARTESIAN_POINT('',(-5.813651012703,-7.468517289406,25.));
#3723 = CARTESIAN_POINT('',(-6.01803681962,-7.545111309579,25.));
#3724 = CARTESIAN_POINT('',(-6.25876088302,-7.545111309579,25.));
#3725 = VECTOR('',#3726,1.);
#3726 = DIRECTION('',(0.,0.,1.));
#3727 = ADVANCED_FACE('',(#3728),#3746,.T.);
#3728 = FACE_BOUND('',#3729,.T.);
#3729 = EDGE_LOOP('',(#3730,#3738,#3744,#3745));
#3730 = ORIENTED_EDGE('',*,*,#3731,.T.);
#3731 = EDGE_CURVE('',#593,#3732,#3734,.T.);
#3732 = VERTEX_POINT('',#3733);
#3733 = CARTESIAN_POINT('',(-5.45985958619,-7.252108787965,23.));
#3734 = LINE('',#3735,#3736);
#3735 = CARTESIAN_POINT('',(-5.45985958619,-7.252108787965,25.));
#3736 = VECTOR('',#3737,1.);
#3737 = DIRECTION('',(-0.,-0.,-1.));
#3738 = ORIENTED_EDGE('',*,*,#3739,.T.);
#3739 = EDGE_CURVE('',#3732,#3706,#3740,.T.);
#3740 = B_SPLINE_CURVE_WITH_KNOTS('',2,(#3741,#3742,#3743),
  .UNSPECIFIED.,.F.,.F.,(3,3),(0.,1.),.PIECEWISE_BEZIER_KNOTS.);
#3741 = CARTESIAN_POINT('',(-5.45985958619,-7.252108787965,23.));
#3742 = CARTESIAN_POINT('',(-5.609265205787,-7.391923269233,23.));
#3743 = CARTESIAN_POINT('',(-5.813651012703,-7.468517289406,23.));
#3744 = ORIENTED_EDGE('',*,*,#3705,.F.);
#3745 = ORIENTED_EDGE('',*,*,#600,.F.);
#3746 = SURFACE_OF_LINEAR_EXTRUSION('',#3747,#3751);
#3747 = B_SPLINE_CURVE_WITH_KNOTS('',2,(#3748,#3749,#3750),
  .UNSPECIFIED.,.F.,.F.,(3,3),(0.,1.),.PIECEWISE_BEZIER_KNOTS.);
#3748 = CARTESIAN_POINT('',(-5.45985958619,-7.252108787965,25.));
#3749 = CARTESIAN_POINT('',(-5.609265205787,-7.391923269233,25.));
#3750 = CARTESIAN_POINT('',(-5.813651012703,-7.468517289406,25.));
#3751 = VECTOR('',#3752,1.);
#3752 = DIRECTION('',(0.,0.,1.));
#3753 = ADVANCED_FACE('',(#3754),#3772,.T.);
#3754 = FACE_BOUND('',#3755,.T.);
#3755 = EDGE_LOOP('',(#3756,#3764,#3770,#3771));
#3756 = ORIENTED_EDGE('',*,*,#3757,.T.);
#3757 = EDGE_CURVE('',#585,#3758,#3760,.T.);
#3758 = VERTEX_POINT('',#3759);
#3759 = CARTESIAN_POINT('',(-5.226430191378,-6.915608427735,23.));
#3760 = LINE('',#3761,#3762);
#3761 = CARTESIAN_POINT('',(-5.226430191378,-6.915608427735,25.));
#3762 = VECTOR('',#3763,1.);
#3763 = DIRECTION('',(-0.,-0.,-1.));
#3764 = ORIENTED_EDGE('',*,*,#3765,.T.);
#3765 = EDGE_CURVE('',#3758,#3732,#3766,.T.);
#3766 = B_SPLINE_CURVE_WITH_KNOTS('',2,(#3767,#3768,#3769),
  .UNSPECIFIED.,.F.,.F.,(3,3),(0.,1.),.PIECEWISE_BEZIER_KNOTS.);
#3767 = CARTESIAN_POINT('',(-5.226430191378,-6.915608427735,23.));
#3768 = CARTESIAN_POINT('',(-5.310453966594,-7.112294306697,23.));
#3769 = CARTESIAN_POINT('',(-5.45985958619,-7.252108787965,23.));
#3770 = ORIENTED_EDGE('',*,*,#3731,.F.);
#3771 = ORIENTED_EDGE('',*,*,#592,.F.);
#3772 = SURFACE_OF_LINEAR_EXTRUSION('',#3773,#3777);
#3773 = B_SPLINE_CURVE_WITH_KNOTS('',2,(#3774,#3775,#3776),
  .UNSPECIFIED.,.F.,.F.,(3,3),(0.,1.),.PIECEWISE_BEZIER_KNOTS.);
#3774 = CARTESIAN_POINT('',(-5.226430191378,-6.915608427735,25.));
#3775 = CARTESIAN_POINT('',(-5.310453966594,-7.112294306697,25.));
#3776 = CARTESIAN_POINT('',(-5.45985958619,-7.252108787965,25.));
#3777 = VECTOR('',#3778,1.);
#3778 = DIRECTION('',(0.,0.,1.));
#3779 = ADVANCED_FACE('',(#3780),#3798,.T.);
#3780 = FACE_BOUND('',#3781,.T.);
#3781 = EDGE_LOOP('',(#3782,#3790,#3796,#3797));
#3782 = ORIENTED_EDGE('',*,*,#3783,.T.);
#3783 = EDGE_CURVE('',#577,#3784,#3786,.T.);
#3784 = VERTEX_POINT('',#3785);
#3785 = CARTESIAN_POINT('',(-5.142406416162,-6.480630041568,23.));
#3786 = LINE('',#3787,#3788);
#3787 = CARTESIAN_POINT('',(-5.142406416162,-6.480630041568,25.));
#3788 = VECTOR('',#3789,1.);
#3789 = DIRECTION('',(-0.,-0.,-1.));
#3790 = ORIENTED_EDGE('',*,*,#3791,.T.);
#3791 = EDGE_CURVE('',#3784,#3758,#3792,.T.);
#3792 = B_SPLINE_CURVE_WITH_KNOTS('',2,(#3793,#3794,#3795),
  .UNSPECIFIED.,.F.,.F.,(3,3),(0.,1.),.PIECEWISE_BEZIER_KNOTS.);
#3793 = CARTESIAN_POINT('',(-5.142406416162,-6.480630041568,23.));
#3794 = CARTESIAN_POINT('',(-5.142406416162,-6.718787462317,23.));
#3795 = CARTESIAN_POINT('',(-5.226430191378,-6.915608427735,23.));
#3796 = ORIENTED_EDGE('',*,*,#3757,.F.);
#3797 = ORIENTED_EDGE('',*,*,#584,.F.);
#3798 = SURFACE_OF_LINEAR_EXTRUSION('',#3799,#3803);
#3799 = B_SPLINE_CURVE_WITH_KNOTS('',2,(#3800,#3801,#3802),
  .UNSPECIFIED.,.F.,.F.,(3,3),(0.,1.),.PIECEWISE_BEZIER_KNOTS.);
#3800 = CARTESIAN_POINT('',(-5.142406416162,-6.480630041568,25.));
#3801 = CARTESIAN_POINT('',(-5.142406416162,-6.718787462317,25.));
#3802 = CARTESIAN_POINT('',(-5.226430191378,-6.915608427735,25.));
#3803 = VECTOR('',#3804,1.);
#3804 = DIRECTION('',(0.,0.,1.));
#3805 = ADVANCED_FACE('',(#3806),#3824,.T.);
#3806 = FACE_BOUND('',#3807,.T.);
#3807 = EDGE_LOOP('',(#3808,#3816,#3822,#3823));
#3808 = ORIENTED_EDGE('',*,*,#3809,.T.);
#3809 = EDGE_CURVE('',#569,#3810,#3812,.T.);
#3810 = VERTEX_POINT('',#3811);
#3811 = CARTESIAN_POINT('',(-5.204681272069,-6.121300070386,23.));
#3812 = LINE('',#3813,#3814);
#3813 = CARTESIAN_POINT('',(-5.204681272069,-6.121300070386,25.));
#3814 = VECTOR('',#3815,1.);
#3815 = DIRECTION('',(-0.,-0.,-1.));
#3816 = ORIENTED_EDGE('',*,*,#3817,.T.);
#3817 = EDGE_CURVE('',#3810,#3784,#3818,.T.);
#3818 = B_SPLINE_CURVE_WITH_KNOTS('',2,(#3819,#3820,#3821),
  .UNSPECIFIED.,.F.,.F.,(3,3),(0.,1.),.PIECEWISE_BEZIER_KNOTS.);
#3819 = CARTESIAN_POINT('',(-5.204681272069,-6.121300070386,23.));
#3820 = CARTESIAN_POINT('',(-5.142406416162,-6.287996756265,23.));
#3821 = CARTESIAN_POINT('',(-5.142406416162,-6.480630041568,23.));
#3822 = ORIENTED_EDGE('',*,*,#3783,.F.);
#3823 = ORIENTED_EDGE('',*,*,#576,.F.);
#3824 = SURFACE_OF_LINEAR_EXTRUSION('',#3825,#3829);
#3825 = B_SPLINE_CURVE_WITH_KNOTS('',2,(#3826,#3827,#3828),
  .UNSPECIFIED.,.F.,.F.,(3,3),(0.,1.),.PIECEWISE_BEZIER_KNOTS.);
#3826 = CARTESIAN_POINT('',(-5.204681272069,-6.121300070386,25.));
#3827 = CARTESIAN_POINT('',(-5.142406416162,-6.287996756265,25.));
#3828 = CARTESIAN_POINT('',(-5.142406416162,-6.480630041568,25.));
#3829 = VECTOR('',#3830,1.);
#3830 = DIRECTION('',(0.,0.,1.));
#3831 = ADVANCED_FACE('',(#3832),#3850,.T.);
#3832 = FACE_BOUND('',#3833,.T.);
#3833 = EDGE_LOOP('',(#3834,#3842,#3848,#3849));
#3834 = ORIENTED_EDGE('',*,*,#3835,.T.);
#3835 = EDGE_CURVE('',#561,#3836,#3838,.T.);
#3836 = VERTEX_POINT('',#3837);
#3837 = CARTESIAN_POINT('',(-5.389344456507,-5.830323845602,23.));
#3838 = LINE('',#3839,#3840);
#3839 = CARTESIAN_POINT('',(-5.389344456507,-5.830323845602,25.));
#3840 = VECTOR('',#3841,1.);
#3841 = DIRECTION('',(-0.,-0.,-1.));
#3842 = ORIENTED_EDGE('',*,*,#3843,.T.);
#3843 = EDGE_CURVE('',#3836,#3810,#3844,.T.);
#3844 = B_SPLINE_CURVE_WITH_KNOTS('',2,(#3845,#3846,#3847),
  .UNSPECIFIED.,.F.,.F.,(3,3),(0.,1.),.PIECEWISE_BEZIER_KNOTS.);
#3845 = CARTESIAN_POINT('',(-5.389344456507,-5.830323845602,23.));
#3846 = CARTESIAN_POINT('',(-5.266956127977,-5.954603384507,23.));
#3847 = CARTESIAN_POINT('',(-5.204681272069,-6.121300070386,23.));
#3848 = ORIENTED_EDGE('',*,*,#3809,.F.);
#3849 = ORIENTED_EDGE('',*,*,#568,.F.);
#3850 = SURFACE_OF_LINEAR_EXTRUSION('',#3851,#3855);
#3851 = B_SPLINE_CURVE_WITH_KNOTS('',2,(#3852,#3853,#3854),
  .UNSPECIFIED.,.F.,.F.,(3,3),(0.,1.),.PIECEWISE_BEZIER_KNOTS.);
#3852 = CARTESIAN_POINT('',(-5.389344456507,-5.830323845602,25.));
#3853 = CARTESIAN_POINT('',(-5.266956127977,-5.954603384507,25.));
#3854 = CARTESIAN_POINT('',(-5.204681272069,-6.121300070386,25.));
#3855 = VECTOR('',#3856,1.);
#3856 = DIRECTION('',(0.,0.,1.));
#3857 = ADVANCED_FACE('',(#3858),#3876,.T.);
#3858 = FACE_BOUND('',#3859,.T.);
#3859 = EDGE_LOOP('',(#3860,#3868,#3874,#3875));
#3860 = ORIENTED_EDGE('',*,*,#3861,.T.);
#3861 = EDGE_CURVE('',#553,#3862,#3864,.T.);
#3862 = VERTEX_POINT('',#3863);
#3863 = CARTESIAN_POINT('',(-5.691262684173,-5.63566426347,23.));
#3864 = LINE('',#3865,#3866);
#3865 = CARTESIAN_POINT('',(-5.691262684173,-5.63566426347,25.));
#3866 = VECTOR('',#3867,1.);
#3867 = DIRECTION('',(-0.,-0.,-1.));
#3868 = ORIENTED_EDGE('',*,*,#3869,.T.);
#3869 = EDGE_CURVE('',#3862,#3836,#3870,.T.);
#3870 = B_SPLINE_CURVE_WITH_KNOTS('',2,(#3871,#3872,#3873),
  .UNSPECIFIED.,.F.,.F.,(3,3),(0.,1.),.PIECEWISE_BEZIER_KNOTS.);
#3871 = CARTESIAN_POINT('',(-5.691262684173,-5.63566426347,23.));
#3872 = CARTESIAN_POINT('',(-5.511732785038,-5.706044306697,23.));
#3873 = CARTESIAN_POINT('',(-5.389344456507,-5.830323845602,23.));
#3874 = ORIENTED_EDGE('',*,*,#3835,.F.);
#3875 = ORIENTED_EDGE('',*,*,#560,.F.);
#3876 = SURFACE_OF_LINEAR_EXTRUSION('',#3877,#3881);
#3877 = B_SPLINE_CURVE_WITH_KNOTS('',2,(#3878,#3879,#3880),
  .UNSPECIFIED.,.F.,.F.,(3,3),(0.,1.),.PIECEWISE_BEZIER_KNOTS.);
#3878 = CARTESIAN_POINT('',(-5.691262684173,-5.63566426347,25.));
#3879 = CARTESIAN_POINT('',(-5.511732785038,-5.706044306697,25.));
#3880 = CARTESIAN_POINT('',(-5.389344456507,-5.830323845602,25.));
#3881 = VECTOR('',#3882,1.);
#3882 = DIRECTION('',(0.,0.,1.));
#3883 = ADVANCED_FACE('',(#3884),#3902,.T.);
#3884 = FACE_BOUND('',#3885,.T.);
#3885 = EDGE_LOOP('',(#3886,#3894,#3900,#3901));
#3886 = ORIENTED_EDGE('',*,*,#3887,.T.);
#3887 = EDGE_CURVE('',#545,#3888,#3890,.T.);
#3888 = VERTEX_POINT('',#3889);
#3889 = CARTESIAN_POINT('',(-6.107328966594,-5.565284220242,23.));
#3890 = LINE('',#3891,#3892);
#3891 = CARTESIAN_POINT('',(-6.107328966594,-5.565284220242,25.));
#3892 = VECTOR('',#3893,1.);
#3893 = DIRECTION('',(-0.,-0.,-1.));
#3894 = ORIENTED_EDGE('',*,*,#3895,.T.);
#3895 = EDGE_CURVE('',#3888,#3862,#3896,.T.);
#3896 = B_SPLINE_CURVE_WITH_KNOTS('',2,(#3897,#3898,#3899),
  .UNSPECIFIED.,.F.,.F.,(3,3),(0.,1.),.PIECEWISE_BEZIER_KNOTS.);
#3897 = CARTESIAN_POINT('',(-6.107328966594,-5.565284220242,23.));
#3898 = CARTESIAN_POINT('',(-5.870792583309,-5.565284220242,23.));
#3899 = CARTESIAN_POINT('',(-5.691262684173,-5.63566426347,23.));
#3900 = ORIENTED_EDGE('',*,*,#3861,.F.);
#3901 = ORIENTED_EDGE('',*,*,#552,.F.);
#3902 = SURFACE_OF_LINEAR_EXTRUSION('',#3903,#3907);
#3903 = B_SPLINE_CURVE_WITH_KNOTS('',2,(#3904,#3905,#3906),
  .UNSPECIFIED.,.F.,.F.,(3,3),(0.,1.),.PIECEWISE_BEZIER_KNOTS.);
#3904 = CARTESIAN_POINT('',(-6.107328966594,-5.565284220242,25.));
#3905 = CARTESIAN_POINT('',(-5.870792583309,-5.565284220242,25.));
#3906 = CARTESIAN_POINT('',(-5.691262684173,-5.63566426347,25.));
#3907 = VECTOR('',#3908,1.);
#3908 = DIRECTION('',(0.,0.,1.));
#3909 = ADVANCED_FACE('',(#3910),#3928,.T.);
#3910 = FACE_BOUND('',#3911,.T.);
#3911 = EDGE_LOOP('',(#3912,#3920,#3926,#3927));
#3912 = ORIENTED_EDGE('',*,*,#3913,.T.);
#3913 = EDGE_CURVE('',#537,#3914,#3916,.T.);
#3914 = VERTEX_POINT('',#3915);
#3915 = CARTESIAN_POINT('',(-6.4786816323,-5.608782058859,23.));
#3916 = LINE('',#3917,#3918);
#3917 = CARTESIAN_POINT('',(-6.4786816323,-5.608782058859,25.));
#3918 = VECTOR('',#3919,1.);
#3919 = DIRECTION('',(-0.,-0.,-1.));
#3920 = ORIENTED_EDGE('',*,*,#3921,.T.);
#3921 = EDGE_CURVE('',#3914,#3888,#3922,.T.);
#3922 = B_SPLINE_CURVE_WITH_KNOTS('',2,(#3923,#3924,#3925),
  .UNSPECIFIED.,.F.,.F.,(3,3),(0.,1.),.PIECEWISE_BEZIER_KNOTS.);
#3923 = CARTESIAN_POINT('',(-6.4786816323,-5.608782058859,23.));
#3924 = CARTESIAN_POINT('',(-6.275376517026,-5.565284220242,23.));
#3925 = CARTESIAN_POINT('',(-6.107328966594,-5.565284220242,23.));
#3926 = ORIENTED_EDGE('',*,*,#3887,.F.);
#3927 = ORIENTED_EDGE('',*,*,#544,.F.);
#3928 = SURFACE_OF_LINEAR_EXTRUSION('',#3929,#3933);
#3929 = B_SPLINE_CURVE_WITH_KNOTS('',2,(#3930,#3931,#3932),
  .UNSPECIFIED.,.F.,.F.,(3,3),(0.,1.),.PIECEWISE_BEZIER_KNOTS.);
#3930 = CARTESIAN_POINT('',(-6.4786816323,-5.608782058859,25.));
#3931 = CARTESIAN_POINT('',(-6.275376517026,-5.565284220242,25.));
#3932 = CARTESIAN_POINT('',(-6.107328966594,-5.565284220242,25.));
#3933 = VECTOR('',#3934,1.);
#3934 = DIRECTION('',(0.,0.,1.));
#3935 = ADVANCED_FACE('',(#3936),#3954,.T.);
#3936 = FACE_BOUND('',#3937,.T.);
#3937 = EDGE_LOOP('',(#3938,#3946,#3952,#3953));
#3938 = ORIENTED_EDGE('',*,*,#3939,.T.);
#3939 = EDGE_CURVE('',#529,#3940,#3942,.T.);
#3940 = VERTEX_POINT('',#3941);
#3941 = CARTESIAN_POINT('',(-6.37074755449,-4.97738796664,23.));
#3942 = LINE('',#3943,#3944);
#3943 = CARTESIAN_POINT('',(-6.37074755449,-4.97738796664,25.));
#3944 = VECTOR('',#3945,1.);
#3945 = DIRECTION('',(-0.,-0.,-1.));
#3946 = ORIENTED_EDGE('',*,*,#3947,.T.);
#3947 = EDGE_CURVE('',#3940,#3914,#3948,.T.);
#3948 = LINE('',#3949,#3950);
#3949 = CARTESIAN_POINT('',(-6.37074755449,-4.97738796664,23.));
#3950 = VECTOR('',#3951,1.);
#3951 = DIRECTION('',(-0.168501376395,-0.985701418358,0.));
#3952 = ORIENTED_EDGE('',*,*,#3913,.F.);
#3953 = ORIENTED_EDGE('',*,*,#536,.F.);
#3954 = PLANE('',#3955);
#3955 = AXIS2_PLACEMENT_3D('',#3956,#3957,#3958);
#3956 = CARTESIAN_POINT('',(-6.37074755449,-4.97738796664,25.));
#3957 = DIRECTION('',(-0.985701418358,0.168501376395,0.));
#3958 = DIRECTION('',(-0.168501376395,-0.985701418358,0.));
#3959 = ADVANCED_FACE('',(#3960),#3978,.T.);
#3960 = FACE_BOUND('',#3961,.T.);
#3961 = EDGE_LOOP('',(#3962,#3970,#3976,#3977));
#3962 = ORIENTED_EDGE('',*,*,#3963,.T.);
#3963 = EDGE_CURVE('',#521,#3964,#3966,.T.);
#3964 = VERTEX_POINT('',#3965);
#3965 = CARTESIAN_POINT('',(-5.544964053049,-4.97738796664,23.));
#3966 = LINE('',#3967,#3968);
#3967 = CARTESIAN_POINT('',(-5.544964053049,-4.97738796664,25.));
#3968 = VECTOR('',#3969,1.);
#3969 = DIRECTION('',(-0.,-0.,-1.));
#3970 = ORIENTED_EDGE('',*,*,#3971,.T.);
#3971 = EDGE_CURVE('',#3964,#3940,#3972,.T.);
#3972 = LINE('',#3973,#3974);
#3973 = CARTESIAN_POINT('',(-5.544964053049,-4.97738796664,23.));
#3974 = VECTOR('',#3975,1.);
#3975 = DIRECTION('',(-1.,0.,0.));
#3976 = ORIENTED_EDGE('',*,*,#3939,.F.);
#3977 = ORIENTED_EDGE('',*,*,#528,.F.);
#3978 = PLANE('',#3979);
#3979 = AXIS2_PLACEMENT_3D('',#3980,#3981,#3982);
#3980 = CARTESIAN_POINT('',(-5.544964053049,-4.97738796664,25.));
#3981 = DIRECTION('',(0.,1.,0.));
#3982 = DIRECTION('',(-1.,0.,0.));
#3983 = ADVANCED_FACE('',(#3984),#4002,.T.);
#3984 = FACE_BOUND('',#3985,.T.);
#3985 = EDGE_LOOP('',(#3986,#3994,#4000,#4001));
#3986 = ORIENTED_EDGE('',*,*,#3987,.T.);
#3987 = EDGE_CURVE('',#513,#3988,#3990,.T.);
#3988 = VERTEX_POINT('',#3989);
#3989 = CARTESIAN_POINT('',(-5.313696041522,-4.908628960876,23.));
#3990 = LINE('',#3991,#3992);
#3991 = CARTESIAN_POINT('',(-5.313696041522,-4.908628960876,25.));
#3992 = VECTOR('',#3993,1.);
#3993 = DIRECTION('',(-0.,-0.,-1.));
#3994 = ORIENTED_EDGE('',*,*,#3995,.T.);
#3995 = EDGE_CURVE('',#3988,#3964,#3996,.T.);
#3996 = B_SPLINE_CURVE_WITH_KNOTS('',2,(#3997,#3998,#3999),
  .UNSPECIFIED.,.F.,.F.,(3,3),(0.,1.),.PIECEWISE_BEZIER_KNOTS.);
#3997 = CARTESIAN_POINT('',(-5.313696041522,-4.908628960876,23.));
#3998 = CARTESIAN_POINT('',(-5.383130479562,-4.97738796664,23.));
#3999 = CARTESIAN_POINT('',(-5.544964053049,-4.97738796664,23.));
#4000 = ORIENTED_EDGE('',*,*,#3963,.F.);
#4001 = ORIENTED_EDGE('',*,*,#520,.F.);
#4002 = SURFACE_OF_LINEAR_EXTRUSION('',#4003,#4007);
#4003 = B_SPLINE_CURVE_WITH_KNOTS('',2,(#4004,#4005,#4006),
  .UNSPECIFIED.,.F.,.F.,(3,3),(0.,1.),.PIECEWISE_BEZIER_KNOTS.);
#4004 = CARTESIAN_POINT('',(-5.313696041522,-4.908628960876,25.));
#4005 = CARTESIAN_POINT('',(-5.383130479562,-4.97738796664,25.));
#4006 = CARTESIAN_POINT('',(-5.544964053049,-4.97738796664,25.));
#4007 = VECTOR('',#4008,1.);
#4008 = DIRECTION('',(0.,0.,1.));
#4009 = ADVANCED_FACE('',(#4010),#4021,.T.);
#4010 = FACE_BOUND('',#4011,.T.);
#4011 = EDGE_LOOP('',(#4012,#4013,#4019,#4020));
#4012 = ORIENTED_EDGE('',*,*,#3178,.T.);
#4013 = ORIENTED_EDGE('',*,*,#4014,.T.);
#4014 = EDGE_CURVE('',#3171,#3988,#4015,.T.);
#4015 = B_SPLINE_CURVE_WITH_KNOTS('',2,(#4016,#4017,#4018),
  .UNSPECIFIED.,.F.,.F.,(3,3),(0.,1.),.PIECEWISE_BEZIER_KNOTS.);
#4016 = CARTESIAN_POINT('',(-5.244126517026,-4.729369234651,23.));
#4017 = CARTESIAN_POINT('',(-5.244126517026,-4.839869955112,23.));
#4018 = CARTESIAN_POINT('',(-5.313696041522,-4.908628960876,23.));
#4019 = ORIENTED_EDGE('',*,*,#3987,.F.);
#4020 = ORIENTED_EDGE('',*,*,#512,.F.);
#4021 = SURFACE_OF_LINEAR_EXTRUSION('',#4022,#4026);
#4022 = B_SPLINE_CURVE_WITH_KNOTS('',2,(#4023,#4024,#4025),
  .UNSPECIFIED.,.F.,.F.,(3,3),(0.,1.),.PIECEWISE_BEZIER_KNOTS.);
#4023 = CARTESIAN_POINT('',(-5.244126517026,-4.729369234651,25.));
#4024 = CARTESIAN_POINT('',(-5.244126517026,-4.839869955112,25.));
#4025 = CARTESIAN_POINT('',(-5.313696041522,-4.908628960876,25.));
#4026 = VECTOR('',#4027,1.);
#4027 = DIRECTION('',(0.,0.,1.));
#4028 = ADVANCED_FACE('',(#4029),#4054,.T.);
#4029 = FACE_BOUND('',#4030,.T.);
#4030 = EDGE_LOOP('',(#4031,#4039,#4047,#4053));
#4031 = ORIENTED_EDGE('',*,*,#4032,.T.);
#4032 = EDGE_CURVE('',#777,#4033,#4035,.T.);
#4033 = VERTEX_POINT('',#4034);
#4034 = CARTESIAN_POINT('',(-1.739983865729,-5.327396972403,23.));
#4035 = LINE('',#4036,#4037);
#4036 = CARTESIAN_POINT('',(-1.739983865729,-5.327396972403,25.));
#4037 = VECTOR('',#4038,1.);
#4038 = DIRECTION('',(-0.,-0.,-1.));
#4039 = ORIENTED_EDGE('',*,*,#4040,.T.);
#4040 = EDGE_CURVE('',#4033,#4041,#4043,.T.);
#4041 = VERTEX_POINT('',#4042);
#4042 = CARTESIAN_POINT('',(-1.655825004058,-6.010529177014,23.));
#4043 = B_SPLINE_CURVE_WITH_KNOTS('',2,(#4044,#4045,#4046),
  .UNSPECIFIED.,.F.,.F.,(3,3),(0.,1.),.PIECEWISE_BEZIER_KNOTS.);
#4044 = CARTESIAN_POINT('',(-1.739983865729,-5.327396972403,23.));
#4045 = CARTESIAN_POINT('',(-1.655825004058,-5.615941640991,23.));
#4046 = CARTESIAN_POINT('',(-1.655825004058,-6.010529177014,23.));
#4047 = ORIENTED_EDGE('',*,*,#4048,.F.);
#4048 = EDGE_CURVE('',#779,#4041,#4049,.T.);
#4049 = LINE('',#4050,#4051);
#4050 = CARTESIAN_POINT('',(-1.655825004058,-6.010529177014,25.));
#4051 = VECTOR('',#4052,1.);
#4052 = DIRECTION('',(-0.,-0.,-1.));
#4053 = ORIENTED_EDGE('',*,*,#776,.F.);
#4054 = SURFACE_OF_LINEAR_EXTRUSION('',#4055,#4059);
#4055 = B_SPLINE_CURVE_WITH_KNOTS('',2,(#4056,#4057,#4058),
  .UNSPECIFIED.,.F.,.F.,(3,3),(0.,1.),.PIECEWISE_BEZIER_KNOTS.);
#4056 = CARTESIAN_POINT('',(-1.739983865729,-5.327396972403,25.));
#4057 = CARTESIAN_POINT('',(-1.655825004058,-5.615941640991,25.));
#4058 = CARTESIAN_POINT('',(-1.655825004058,-6.010529177014,25.));
#4059 = VECTOR('',#4060,1.);
#4060 = DIRECTION('',(0.,0.,1.));
#4061 = ADVANCED_FACE('',(#4062),#4080,.T.);
#4062 = FACE_BOUND('',#4063,.T.);
#4063 = EDGE_LOOP('',(#4064,#4072,#4078,#4079));
#4064 = ORIENTED_EDGE('',*,*,#4065,.T.);
#4065 = EDGE_CURVE('',#891,#4066,#4068,.T.);
#4066 = VERTEX_POINT('',#4067);
#4067 = CARTESIAN_POINT('',(-1.972332568899,-4.849731266352,23.));
#4068 = LINE('',#4069,#4070);
#4069 = CARTESIAN_POINT('',(-1.972332568899,-4.849731266352,25.));
#4070 = VECTOR('',#4071,1.);
#4071 = DIRECTION('',(-0.,-0.,-1.));
#4072 = ORIENTED_EDGE('',*,*,#4073,.T.);
#4073 = EDGE_CURVE('',#4066,#4033,#4074,.T.);
#4074 = B_SPLINE_CURVE_WITH_KNOTS('',2,(#4075,#4076,#4077),
  .UNSPECIFIED.,.F.,.F.,(3,3),(0.,1.),.PIECEWISE_BEZIER_KNOTS.);
#4075 = CARTESIAN_POINT('',(-1.972332568899,-4.849731266352,23.));
#4076 = CARTESIAN_POINT('',(-1.824007640946,-5.03871721736,23.));
#4077 = CARTESIAN_POINT('',(-1.739983865729,-5.327396972403,23.));
#4078 = ORIENTED_EDGE('',*,*,#4032,.F.);
#4079 = ORIENTED_EDGE('',*,*,#898,.F.);
#4080 = SURFACE_OF_LINEAR_EXTRUSION('',#4081,#4085);
#4081 = B_SPLINE_CURVE_WITH_KNOTS('',2,(#4082,#4083,#4084),
  .UNSPECIFIED.,.F.,.F.,(3,3),(0.,1.),.PIECEWISE_BEZIER_KNOTS.);
#4082 = CARTESIAN_POINT('',(-1.972332568899,-4.849731266352,25.));
#4083 = CARTESIAN_POINT('',(-1.824007640946,-5.03871721736,25.));
#4084 = CARTESIAN_POINT('',(-1.739983865729,-5.327396972403,25.));
#4085 = VECTOR('',#4086,1.);
#4086 = DIRECTION('',(0.,0.,1.));
#4087 = ADVANCED_FACE('',(#4088),#4106,.T.);
#4088 = FACE_BOUND('',#4089,.T.);
#4089 = EDGE_LOOP('',(#4090,#4098,#4104,#4105));
#4090 = ORIENTED_EDGE('',*,*,#4091,.T.);
#4091 = EDGE_CURVE('',#883,#4092,#4094,.T.);
#4092 = VERTEX_POINT('',#4093);
#4093 = CARTESIAN_POINT('',(-2.32301700694,-4.568346179896,23.));
#4094 = LINE('',#4095,#4096);
#4095 = CARTESIAN_POINT('',(-2.32301700694,-4.568346179896,25.));
#4096 = VECTOR('',#4097,1.);
#4097 = DIRECTION('',(-0.,-0.,-1.));
#4098 = ORIENTED_EDGE('',*,*,#4099,.T.);
#4099 = EDGE_CURVE('',#4092,#4066,#4100,.T.);
#4100 = B_SPLINE_CURVE_WITH_KNOTS('',2,(#4101,#4102,#4103),
  .UNSPECIFIED.,.F.,.F.,(3,3),(0.,1.),.PIECEWISE_BEZIER_KNOTS.);
#4101 = CARTESIAN_POINT('',(-2.32301700694,-4.568346179896,23.));
#4102 = CARTESIAN_POINT('',(-2.120657496853,-4.660745315343,23.));
#4103 = CARTESIAN_POINT('',(-1.972332568899,-4.849731266352,23.));
#4104 = ORIENTED_EDGE('',*,*,#4065,.F.);
#4105 = ORIENTED_EDGE('',*,*,#890,.F.);
#4106 = SURFACE_OF_LINEAR_EXTRUSION('',#4107,#4111);
#4107 = B_SPLINE_CURVE_WITH_KNOTS('',2,(#4108,#4109,#4110),
  .UNSPECIFIED.,.F.,.F.,(3,3),(0.,1.),.PIECEWISE_BEZIER_KNOTS.);
#4108 = CARTESIAN_POINT('',(-2.32301700694,-4.568346179896,25.));
#4109 = CARTESIAN_POINT('',(-2.120657496853,-4.660745315343,25.));
#4110 = CARTESIAN_POINT('',(-1.972332568899,-4.849731266352,25.));
#4111 = VECTOR('',#4112,1.);
#4112 = DIRECTION('',(0.,0.,1.));
#4113 = ADVANCED_FACE('',(#4114),#4132,.T.);
#4114 = FACE_BOUND('',#4115,.T.);
#4115 = EDGE_LOOP('',(#4116,#4124,#4130,#4131));
#4116 = ORIENTED_EDGE('',*,*,#4117,.T.);
#4117 = EDGE_CURVE('',#875,#4118,#4120,.T.);
#4118 = VERTEX_POINT('',#4119);
#4119 = CARTESIAN_POINT('',(-2.759751517026,-4.47594704445,23.));
#4120 = LINE('',#4121,#4122);
#4121 = CARTESIAN_POINT('',(-2.759751517026,-4.47594704445,25.));
#4122 = VECTOR('',#4123,1.);
#4123 = DIRECTION('',(-0.,-0.,-1.));
#4124 = ORIENTED_EDGE('',*,*,#4125,.T.);
#4125 = EDGE_CURVE('',#4118,#4092,#4126,.T.);
#4126 = B_SPLINE_CURVE_WITH_KNOTS('',2,(#4127,#4128,#4129),
  .UNSPECIFIED.,.F.,.F.,(3,3),(0.,1.),.PIECEWISE_BEZIER_KNOTS.);
#4127 = CARTESIAN_POINT('',(-2.759751517026,-4.47594704445,23.));
#4128 = CARTESIAN_POINT('',(-2.525241430571,-4.47594704445,23.));
#4129 = CARTESIAN_POINT('',(-2.32301700694,-4.568346179896,23.));
#4130 = ORIENTED_EDGE('',*,*,#4091,.F.);
#4131 = ORIENTED_EDGE('',*,*,#882,.F.);
#4132 = SURFACE_OF_LINEAR_EXTRUSION('',#4133,#4137);
#4133 = B_SPLINE_CURVE_WITH_KNOTS('',2,(#4134,#4135,#4136),
  .UNSPECIFIED.,.F.,.F.,(3,3),(0.,1.),.PIECEWISE_BEZIER_KNOTS.);
#4134 = CARTESIAN_POINT('',(-2.759751517026,-4.47594704445,25.));
#4135 = CARTESIAN_POINT('',(-2.525241430571,-4.47594704445,25.));
#4136 = CARTESIAN_POINT('',(-2.32301700694,-4.568346179896,25.));
#4137 = VECTOR('',#4138,1.);
#4138 = DIRECTION('',(0.,0.,1.));
#4139 = ADVANCED_FACE('',(#4140),#4158,.T.);
#4140 = FACE_BOUND('',#4141,.T.);
#4141 = EDGE_LOOP('',(#4142,#4150,#4156,#4157));
#4142 = ORIENTED_EDGE('',*,*,#4143,.T.);
#4143 = EDGE_CURVE('',#867,#4144,#4146,.T.);
#4144 = VERTEX_POINT('',#4145);
#4145 = CARTESIAN_POINT('',(-3.194459730283,-4.568346179896,23.));
#4146 = LINE('',#4147,#4148);
#4147 = CARTESIAN_POINT('',(-3.194459730283,-4.568346179896,25.));
#4148 = VECTOR('',#4149,1.);
#4149 = DIRECTION('',(-0.,-0.,-1.));
#4150 = ORIENTED_EDGE('',*,*,#4151,.T.);
#4151 = EDGE_CURVE('',#4144,#4118,#4152,.T.);
#4152 = B_SPLINE_CURVE_WITH_KNOTS('',2,(#4153,#4154,#4155),
  .UNSPECIFIED.,.F.,.F.,(3,3),(0.,1.),.PIECEWISE_BEZIER_KNOTS.);
#4153 = CARTESIAN_POINT('',(-3.194459730283,-4.568346179896,23.));
#4154 = CARTESIAN_POINT('',(-2.994261603482,-4.47594704445,23.));
#4155 = CARTESIAN_POINT('',(-2.759751517026,-4.47594704445,23.));
#4156 = ORIENTED_EDGE('',*,*,#4117,.F.);
#4157 = ORIENTED_EDGE('',*,*,#874,.F.);
#4158 = SURFACE_OF_LINEAR_EXTRUSION('',#4159,#4163);
#4159 = B_SPLINE_CURVE_WITH_KNOTS('',2,(#4160,#4161,#4162),
  .UNSPECIFIED.,.F.,.F.,(3,3),(0.,1.),.PIECEWISE_BEZIER_KNOTS.);
#4160 = CARTESIAN_POINT('',(-3.194459730283,-4.568346179896,25.));
#4161 = CARTESIAN_POINT('',(-2.994261603482,-4.47594704445,25.));
#4162 = CARTESIAN_POINT('',(-2.759751517026,-4.47594704445,25.));
#4163 = VECTOR('',#4164,1.);
#4164 = DIRECTION('',(0.,0.,1.));
#4165 = ADVANCED_FACE('',(#4166),#4184,.T.);
#4166 = FACE_BOUND('',#4167,.T.);
#4167 = EDGE_LOOP('',(#4168,#4176,#4182,#4183));
#4168 = ORIENTED_EDGE('',*,*,#4169,.T.);
#4169 = EDGE_CURVE('',#859,#4170,#4172,.T.);
#4170 = VERTEX_POINT('',#4171);
#4171 = CARTESIAN_POINT('',(-3.54203717985,-4.849731266352,23.));
#4172 = LINE('',#4173,#4174);
#4173 = CARTESIAN_POINT('',(-3.54203717985,-4.849731266352,25.));
#4174 = VECTOR('',#4175,1.);
#4175 = DIRECTION('',(-0.,-0.,-1.));
#4176 = ORIENTED_EDGE('',*,*,#4177,.T.);
#4177 = EDGE_CURVE('',#4170,#4144,#4178,.T.);
#4178 = B_SPLINE_CURVE_WITH_KNOTS('',2,(#4179,#4180,#4181),
  .UNSPECIFIED.,.F.,.F.,(3,3),(0.,1.),.PIECEWISE_BEZIER_KNOTS.);
#4179 = CARTESIAN_POINT('',(-3.54203717985,-4.849731266352,23.));
#4180 = CARTESIAN_POINT('',(-3.394657857084,-4.660745315343,23.));
#4181 = CARTESIAN_POINT('',(-3.194459730283,-4.568346179896,23.));
#4182 = ORIENTED_EDGE('',*,*,#4143,.F.);
#4183 = ORIENTED_EDGE('',*,*,#866,.F.);
#4184 = SURFACE_OF_LINEAR_EXTRUSION('',#4185,#4189);
#4185 = B_SPLINE_CURVE_WITH_KNOTS('',2,(#4186,#4187,#4188),
  .UNSPECIFIED.,.F.,.F.,(3,3),(0.,1.),.PIECEWISE_BEZIER_KNOTS.);
#4186 = CARTESIAN_POINT('',(-3.54203717985,-4.849731266352,25.));
#4187 = CARTESIAN_POINT('',(-3.394657857084,-4.660745315343,25.));
#4188 = CARTESIAN_POINT('',(-3.194459730283,-4.568346179896,25.));
#4189 = VECTOR('',#4190,1.);
#4190 = DIRECTION('',(0.,0.,1.));
#4191 = ADVANCED_FACE('',(#4192),#4210,.T.);
#4192 = FACE_BOUND('',#4193,.T.);
#4193 = EDGE_LOOP('',(#4194,#4202,#4208,#4209));
#4194 = ORIENTED_EDGE('',*,*,#4195,.T.);
#4195 = EDGE_CURVE('',#851,#4196,#4198,.T.);
#4196 = VERTEX_POINT('',#4197);
#4197 = CARTESIAN_POINT('',(-3.77235958619,-5.327396972403,23.));
#4198 = LINE('',#4199,#4200);
#4199 = CARTESIAN_POINT('',(-3.77235958619,-5.327396972403,25.));
#4200 = VECTOR('',#4201,1.);
#4201 = DIRECTION('',(-0.,-0.,-1.));
#4202 = ORIENTED_EDGE('',*,*,#4203,.T.);
#4203 = EDGE_CURVE('',#4196,#4170,#4204,.T.);
#4204 = B_SPLINE_CURVE_WITH_KNOTS('',2,(#4205,#4206,#4207),
  .UNSPECIFIED.,.F.,.F.,(3,3),(0.,1.),.PIECEWISE_BEZIER_KNOTS.);
#4205 = CARTESIAN_POINT('',(-3.77235958619,-5.327396972403,23.));
#4206 = CARTESIAN_POINT('',(-3.689281416162,-5.03871721736,23.));
#4207 = CARTESIAN_POINT('',(-3.54203717985,-4.849731266352,23.));
#4208 = ORIENTED_EDGE('',*,*,#4169,.F.);
#4209 = ORIENTED_EDGE('',*,*,#858,.F.);
#4210 = SURFACE_OF_LINEAR_EXTRUSION('',#4211,#4215);
#4211 = B_SPLINE_CURVE_WITH_KNOTS('',2,(#4212,#4213,#4214),
  .UNSPECIFIED.,.F.,.F.,(3,3),(0.,1.),.PIECEWISE_BEZIER_KNOTS.);
#4212 = CARTESIAN_POINT('',(-3.77235958619,-5.327396972403,25.));
#4213 = CARTESIAN_POINT('',(-3.689281416162,-5.03871721736,25.));
#4214 = CARTESIAN_POINT('',(-3.54203717985,-4.849731266352,25.));
#4215 = VECTOR('',#4216,1.);
#4216 = DIRECTION('',(0.,0.,1.));
#4217 = ADVANCED_FACE('',(#4218),#4236,.T.);
#4218 = FACE_BOUND('',#4219,.T.);
#4219 = EDGE_LOOP('',(#4220,#4228,#4234,#4235));
#4220 = ORIENTED_EDGE('',*,*,#4221,.T.);
#4221 = EDGE_CURVE('',#843,#4222,#4224,.T.);
#4222 = VERTEX_POINT('',#4223);
#4223 = CARTESIAN_POINT('',(-3.855302669764,-6.010529177014,23.));
#4224 = LINE('',#4225,#4226);
#4225 = CARTESIAN_POINT('',(-3.855302669764,-6.010529177014,25.));
#4226 = VECTOR('',#4227,1.);
#4227 = DIRECTION('',(-0.,-0.,-1.));
#4228 = ORIENTED_EDGE('',*,*,#4229,.T.);
#4229 = EDGE_CURVE('',#4222,#4196,#4230,.T.);
#4230 = B_SPLINE_CURVE_WITH_KNOTS('',2,(#4231,#4232,#4233),
  .UNSPECIFIED.,.F.,.F.,(3,3),(0.,1.),.PIECEWISE_BEZIER_KNOTS.);
#4231 = CARTESIAN_POINT('',(-3.855302669764,-6.010529177014,23.));
#4232 = CARTESIAN_POINT('',(-3.855302669764,-5.615941640991,23.));
#4233 = CARTESIAN_POINT('',(-3.77235958619,-5.327396972403,23.));
#4234 = ORIENTED_EDGE('',*,*,#4195,.F.);
#4235 = ORIENTED_EDGE('',*,*,#850,.F.);
#4236 = SURFACE_OF_LINEAR_EXTRUSION('',#4237,#4241);
#4237 = B_SPLINE_CURVE_WITH_KNOTS('',2,(#4238,#4239,#4240),
  .UNSPECIFIED.,.F.,.F.,(3,3),(0.,1.),.PIECEWISE_BEZIER_KNOTS.);
#4238 = CARTESIAN_POINT('',(-3.855302669764,-6.010529177014,25.));
#4239 = CARTESIAN_POINT('',(-3.855302669764,-5.615941640991,25.));
#4240 = CARTESIAN_POINT('',(-3.77235958619,-5.327396972403,25.));
#4241 = VECTOR('',#4242,1.);
#4242 = DIRECTION('',(0.,0.,1.));
#4243 = ADVANCED_FACE('',(#4244),#4262,.T.);
#4244 = FACE_BOUND('',#4245,.T.);
#4245 = EDGE_LOOP('',(#4246,#4254,#4260,#4261));
#4246 = ORIENTED_EDGE('',*,*,#4247,.T.);
#4247 = EDGE_CURVE('',#835,#4248,#4250,.T.);
#4248 = VERTEX_POINT('',#4249);
#4249 = CARTESIAN_POINT('',(-3.77235958619,-6.692715776438,23.));
#4250 = LINE('',#4251,#4252);
#4251 = CARTESIAN_POINT('',(-3.77235958619,-6.692715776438,25.));
#4252 = VECTOR('',#4253,1.);
#4253 = DIRECTION('',(-0.,-0.,-1.));
#4254 = ORIENTED_EDGE('',*,*,#4255,.T.);
#4255 = EDGE_CURVE('',#4248,#4222,#4256,.T.);
#4256 = B_SPLINE_CURVE_WITH_KNOTS('',2,(#4257,#4258,#4259),
  .UNSPECIFIED.,.F.,.F.,(3,3),(0.,1.),.PIECEWISE_BEZIER_KNOTS.);
#4257 = CARTESIAN_POINT('',(-3.77235958619,-6.692715776438,23.));
#4258 = CARTESIAN_POINT('',(-3.855302669764,-6.402955329752,23.));
#4259 = CARTESIAN_POINT('',(-3.855302669764,-6.010529177014,23.));
#4260 = ORIENTED_EDGE('',*,*,#4221,.F.);
#4261 = ORIENTED_EDGE('',*,*,#842,.F.);
#4262 = SURFACE_OF_LINEAR_EXTRUSION('',#4263,#4267);
#4263 = B_SPLINE_CURVE_WITH_KNOTS('',2,(#4264,#4265,#4266),
  .UNSPECIFIED.,.F.,.F.,(3,3),(0.,1.),.PIECEWISE_BEZIER_KNOTS.);
#4264 = CARTESIAN_POINT('',(-3.77235958619,-6.692715776438,25.));
#4265 = CARTESIAN_POINT('',(-3.855302669764,-6.402955329752,25.));
#4266 = CARTESIAN_POINT('',(-3.855302669764,-6.010529177014,25.));
#4267 = VECTOR('',#4268,1.);
#4268 = DIRECTION('',(0.,0.,1.));
#4269 = ADVANCED_FACE('',(#4270),#4288,.T.);
#4270 = FACE_BOUND('',#4271,.T.);
#4271 = EDGE_LOOP('',(#4272,#4280,#4286,#4287));
#4272 = ORIENTED_EDGE('',*,*,#4273,.T.);
#4273 = EDGE_CURVE('',#827,#4274,#4276,.T.);
#4274 = VERTEX_POINT('',#4275);
#4275 = CARTESIAN_POINT('',(-3.54203717985,-7.171327087677,23.));
#4276 = LINE('',#4277,#4278);
#4277 = CARTESIAN_POINT('',(-3.54203717985,-7.171327087677,25.));
#4278 = VECTOR('',#4279,1.);
#4279 = DIRECTION('',(-0.,-0.,-1.));
#4280 = ORIENTED_EDGE('',*,*,#4281,.T.);
#4281 = EDGE_CURVE('',#4274,#4248,#4282,.T.);
#4282 = B_SPLINE_CURVE_WITH_KNOTS('',2,(#4283,#4284,#4285),
  .UNSPECIFIED.,.F.,.F.,(3,3),(0.,1.),.PIECEWISE_BEZIER_KNOTS.);
#4283 = CARTESIAN_POINT('',(-3.54203717985,-7.171327087677,23.));
#4284 = CARTESIAN_POINT('',(-3.689281416162,-6.982341136669,23.));
#4285 = CARTESIAN_POINT('',(-3.77235958619,-6.692715776438,23.));
#4286 = ORIENTED_EDGE('',*,*,#4247,.F.);
#4287 = ORIENTED_EDGE('',*,*,#834,.F.);
#4288 = SURFACE_OF_LINEAR_EXTRUSION('',#4289,#4293);
#4289 = B_SPLINE_CURVE_WITH_KNOTS('',2,(#4290,#4291,#4292),
  .UNSPECIFIED.,.F.,.F.,(3,3),(0.,1.),.PIECEWISE_BEZIER_KNOTS.);
#4290 = CARTESIAN_POINT('',(-3.54203717985,-7.171327087677,25.));
#4291 = CARTESIAN_POINT('',(-3.689281416162,-6.982341136669,25.));
#4292 = CARTESIAN_POINT('',(-3.77235958619,-6.692715776438,25.));
#4293 = VECTOR('',#4294,1.);
#4294 = DIRECTION('',(0.,0.,1.));
#4295 = ADVANCED_FACE('',(#4296),#4314,.T.);
#4296 = FACE_BOUND('',#4297,.T.);
#4297 = EDGE_LOOP('',(#4298,#4306,#4312,#4313));
#4298 = ORIENTED_EDGE('',*,*,#4299,.T.);
#4299 = EDGE_CURVE('',#819,#4300,#4302,.T.);
#4300 = VERTEX_POINT('',#4301);
#4301 = CARTESIAN_POINT('',(-3.194459730283,-7.452712174133,23.));
#4302 = LINE('',#4303,#4304);
#4303 = CARTESIAN_POINT('',(-3.194459730283,-7.452712174133,25.));
#4304 = VECTOR('',#4305,1.);
#4305 = DIRECTION('',(-0.,-0.,-1.));
#4306 = ORIENTED_EDGE('',*,*,#4307,.T.);
#4307 = EDGE_CURVE('',#4300,#4274,#4308,.T.);
#4308 = B_SPLINE_CURVE_WITH_KNOTS('',2,(#4309,#4310,#4311),
  .UNSPECIFIED.,.F.,.F.,(3,3),(0.,1.),.PIECEWISE_BEZIER_KNOTS.);
#4309 = CARTESIAN_POINT('',(-3.194459730283,-7.452712174133,23.));
#4310 = CARTESIAN_POINT('',(-3.394657857084,-7.360313038686,23.));
#4311 = CARTESIAN_POINT('',(-3.54203717985,-7.171327087677,23.));
#4312 = ORIENTED_EDGE('',*,*,#4273,.F.);
#4313 = ORIENTED_EDGE('',*,*,#826,.F.);
#4314 = SURFACE_OF_LINEAR_EXTRUSION('',#4315,#4319);
#4315 = B_SPLINE_CURVE_WITH_KNOTS('',2,(#4316,#4317,#4318),
  .UNSPECIFIED.,.F.,.F.,(3,3),(0.,1.),.PIECEWISE_BEZIER_KNOTS.);
#4316 = CARTESIAN_POINT('',(-3.194459730283,-7.452712174133,25.));
#4317 = CARTESIAN_POINT('',(-3.394657857084,-7.360313038686,25.));
#4318 = CARTESIAN_POINT('',(-3.54203717985,-7.171327087677,25.));
#4319 = VECTOR('',#4320,1.);
#4320 = DIRECTION('',(0.,0.,1.));
#4321 = ADVANCED_FACE('',(#4322),#4340,.T.);
#4322 = FACE_BOUND('',#4323,.T.);
#4323 = EDGE_LOOP('',(#4324,#4332,#4338,#4339));
#4324 = ORIENTED_EDGE('',*,*,#4325,.T.);
#4325 = EDGE_CURVE('',#811,#4326,#4328,.T.);
#4326 = VERTEX_POINT('',#4327);
#4327 = CARTESIAN_POINT('',(-2.759751517026,-7.545111309579,23.));
#4328 = LINE('',#4329,#4330);
#4329 = CARTESIAN_POINT('',(-2.759751517026,-7.545111309579,25.));
#4330 = VECTOR('',#4331,1.);
#4331 = DIRECTION('',(-0.,-0.,-1.));
#4332 = ORIENTED_EDGE('',*,*,#4333,.T.);
#4333 = EDGE_CURVE('',#4326,#4300,#4334,.T.);
#4334 = B_SPLINE_CURVE_WITH_KNOTS('',2,(#4335,#4336,#4337),
  .UNSPECIFIED.,.F.,.F.,(3,3),(0.,1.),.PIECEWISE_BEZIER_KNOTS.);
#4335 = CARTESIAN_POINT('',(-2.759751517026,-7.545111309579,23.));
#4336 = CARTESIAN_POINT('',(-2.994261603482,-7.545111309579,23.));
#4337 = CARTESIAN_POINT('',(-3.194459730283,-7.452712174133,23.));
#4338 = ORIENTED_EDGE('',*,*,#4299,.F.);
#4339 = ORIENTED_EDGE('',*,*,#818,.F.);
#4340 = SURFACE_OF_LINEAR_EXTRUSION('',#4341,#4345);
#4341 = B_SPLINE_CURVE_WITH_KNOTS('',2,(#4342,#4343,#4344),
  .UNSPECIFIED.,.F.,.F.,(3,3),(0.,1.),.PIECEWISE_BEZIER_KNOTS.);
#4342 = CARTESIAN_POINT('',(-2.759751517026,-7.545111309579,25.));
#4343 = CARTESIAN_POINT('',(-2.994261603482,-7.545111309579,25.));
#4344 = CARTESIAN_POINT('',(-3.194459730283,-7.452712174133,25.));
#4345 = VECTOR('',#4346,1.);
#4346 = DIRECTION('',(0.,0.,1.));
#4347 = ADVANCED_FACE('',(#4348),#4366,.T.);
#4348 = FACE_BOUND('',#4349,.T.);
#4349 = EDGE_LOOP('',(#4350,#4358,#4364,#4365));
#4350 = ORIENTED_EDGE('',*,*,#4351,.T.);
#4351 = EDGE_CURVE('',#803,#4352,#4354,.T.);
#4352 = VERTEX_POINT('',#4353);
#4353 = CARTESIAN_POINT('',(-2.32301700694,-7.452712174133,23.));
#4354 = LINE('',#4355,#4356);
#4355 = CARTESIAN_POINT('',(-2.32301700694,-7.452712174133,25.));
#4356 = VECTOR('',#4357,1.);
#4357 = DIRECTION('',(-0.,-0.,-1.));
#4358 = ORIENTED_EDGE('',*,*,#4359,.T.);
#4359 = EDGE_CURVE('',#4352,#4326,#4360,.T.);
#4360 = B_SPLINE_CURVE_WITH_KNOTS('',2,(#4361,#4362,#4363),
  .UNSPECIFIED.,.F.,.F.,(3,3),(0.,1.),.PIECEWISE_BEZIER_KNOTS.);
#4361 = CARTESIAN_POINT('',(-2.32301700694,-7.452712174133,23.));
#4362 = CARTESIAN_POINT('',(-2.525241430571,-7.545111309579,23.));
#4363 = CARTESIAN_POINT('',(-2.759751517026,-7.545111309579,23.));
#4364 = ORIENTED_EDGE('',*,*,#4325,.F.);
#4365 = ORIENTED_EDGE('',*,*,#810,.F.);
#4366 = SURFACE_OF_LINEAR_EXTRUSION('',#4367,#4371);
#4367 = B_SPLINE_CURVE_WITH_KNOTS('',2,(#4368,#4369,#4370),
  .UNSPECIFIED.,.F.,.F.,(3,3),(0.,1.),.PIECEWISE_BEZIER_KNOTS.);
#4368 = CARTESIAN_POINT('',(-2.32301700694,-7.452712174133,25.));
#4369 = CARTESIAN_POINT('',(-2.525241430571,-7.545111309579,25.));
#4370 = CARTESIAN_POINT('',(-2.759751517026,-7.545111309579,25.));
#4371 = VECTOR('',#4372,1.);
#4372 = DIRECTION('',(0.,0.,1.));
#4373 = ADVANCED_FACE('',(#4374),#4392,.T.);
#4374 = FACE_BOUND('',#4375,.T.);
#4375 = EDGE_LOOP('',(#4376,#4384,#4390,#4391));
#4376 = ORIENTED_EDGE('',*,*,#4377,.T.);
#4377 = EDGE_CURVE('',#795,#4378,#4380,.T.);
#4378 = VERTEX_POINT('',#4379);
#4379 = CARTESIAN_POINT('',(-1.972332568899,-7.171327087677,23.));
#4380 = LINE('',#4381,#4382);
#4381 = CARTESIAN_POINT('',(-1.972332568899,-7.171327087677,25.));
#4382 = VECTOR('',#4383,1.);
#4383 = DIRECTION('',(-0.,-0.,-1.));
#4384 = ORIENTED_EDGE('',*,*,#4385,.T.);
#4385 = EDGE_CURVE('',#4378,#4352,#4386,.T.);
#4386 = B_SPLINE_CURVE_WITH_KNOTS('',2,(#4387,#4388,#4389),
  .UNSPECIFIED.,.F.,.F.,(3,3),(0.,1.),.PIECEWISE_BEZIER_KNOTS.);
#4387 = CARTESIAN_POINT('',(-1.972332568899,-7.171327087677,23.));
#4388 = CARTESIAN_POINT('',(-2.120657496853,-7.360313038686,23.));
#4389 = CARTESIAN_POINT('',(-2.32301700694,-7.452712174133,23.));
#4390 = ORIENTED_EDGE('',*,*,#4351,.F.);
#4391 = ORIENTED_EDGE('',*,*,#802,.F.);
#4392 = SURFACE_OF_LINEAR_EXTRUSION('',#4393,#4397);
#4393 = B_SPLINE_CURVE_WITH_KNOTS('',2,(#4394,#4395,#4396),
  .UNSPECIFIED.,.F.,.F.,(3,3),(0.,1.),.PIECEWISE_BEZIER_KNOTS.);
#4394 = CARTESIAN_POINT('',(-1.972332568899,-7.171327087677,25.));
#4395 = CARTESIAN_POINT('',(-2.120657496853,-7.360313038686,25.));
#4396 = CARTESIAN_POINT('',(-2.32301700694,-7.452712174133,25.));
#4397 = VECTOR('',#4398,1.);
#4398 = DIRECTION('',(0.,0.,1.));
#4399 = ADVANCED_FACE('',(#4400),#4418,.T.);
#4400 = FACE_BOUND('',#4401,.T.);
#4401 = EDGE_LOOP('',(#4402,#4410,#4416,#4417));
#4402 = ORIENTED_EDGE('',*,*,#4403,.T.);
#4403 = EDGE_CURVE('',#787,#4404,#4406,.T.);
#4404 = VERTEX_POINT('',#4405);
#4405 = CARTESIAN_POINT('',(-1.739983865729,-6.692715776438,23.));
#4406 = LINE('',#4407,#4408);
#4407 = CARTESIAN_POINT('',(-1.739983865729,-6.692715776438,25.));
#4408 = VECTOR('',#4409,1.);
#4409 = DIRECTION('',(-0.,-0.,-1.));
#4410 = ORIENTED_EDGE('',*,*,#4411,.T.);
#4411 = EDGE_CURVE('',#4404,#4378,#4412,.T.);
#4412 = B_SPLINE_CURVE_WITH_KNOTS('',2,(#4413,#4414,#4415),
  .UNSPECIFIED.,.F.,.F.,(3,3),(0.,1.),.PIECEWISE_BEZIER_KNOTS.);
#4413 = CARTESIAN_POINT('',(-1.739983865729,-6.692715776438,23.));
#4414 = CARTESIAN_POINT('',(-1.824007640946,-6.982341136669,23.));
#4415 = CARTESIAN_POINT('',(-1.972332568899,-7.171327087677,23.));
#4416 = ORIENTED_EDGE('',*,*,#4377,.F.);
#4417 = ORIENTED_EDGE('',*,*,#794,.F.);
#4418 = SURFACE_OF_LINEAR_EXTRUSION('',#4419,#4423);
#4419 = B_SPLINE_CURVE_WITH_KNOTS('',2,(#4420,#4421,#4422),
  .UNSPECIFIED.,.F.,.F.,(3,3),(0.,1.),.PIECEWISE_BEZIER_KNOTS.);
#4420 = CARTESIAN_POINT('',(-1.739983865729,-6.692715776438,25.));
#4421 = CARTESIAN_POINT('',(-1.824007640946,-6.982341136669,25.));
#4422 = CARTESIAN_POINT('',(-1.972332568899,-7.171327087677,25.));
#4423 = VECTOR('',#4424,1.);
#4424 = DIRECTION('',(0.,0.,1.));
#4425 = ADVANCED_FACE('',(#4426),#4437,.T.);
#4426 = FACE_BOUND('',#4427,.T.);
#4427 = EDGE_LOOP('',(#4428,#4429,#4435,#4436));
#4428 = ORIENTED_EDGE('',*,*,#4048,.T.);
#4429 = ORIENTED_EDGE('',*,*,#4430,.T.);
#4430 = EDGE_CURVE('',#4041,#4404,#4431,.T.);
#4431 = B_SPLINE_CURVE_WITH_KNOTS('',2,(#4432,#4433,#4434),
  .UNSPECIFIED.,.F.,.F.,(3,3),(0.,1.),.PIECEWISE_BEZIER_KNOTS.);
#4432 = CARTESIAN_POINT('',(-1.655825004058,-6.010529177014,23.));
#4433 = CARTESIAN_POINT('',(-1.655825004058,-6.402955329752,23.));
#4434 = CARTESIAN_POINT('',(-1.739983865729,-6.692715776438,23.));
#4435 = ORIENTED_EDGE('',*,*,#4403,.F.);
#4436 = ORIENTED_EDGE('',*,*,#786,.F.);
#4437 = SURFACE_OF_LINEAR_EXTRUSION('',#4438,#4442);
#4438 = B_SPLINE_CURVE_WITH_KNOTS('',2,(#4439,#4440,#4441),
  .UNSPECIFIED.,.F.,.F.,(3,3),(0.,1.),.PIECEWISE_BEZIER_KNOTS.);
#4439 = CARTESIAN_POINT('',(-1.655825004058,-6.010529177014,25.));
#4440 = CARTESIAN_POINT('',(-1.655825004058,-6.402955329752,25.));
#4441 = CARTESIAN_POINT('',(-1.739983865729,-6.692715776438,25.));
#4442 = VECTOR('',#4443,1.);
#4443 = DIRECTION('',(0.,0.,1.));
#4444 = ADVANCED_FACE('',(#4445),#4470,.T.);
#4445 = FACE_BOUND('',#4446,.T.);
#4446 = EDGE_LOOP('',(#4447,#4455,#4463,#4469));
#4447 = ORIENTED_EDGE('',*,*,#4448,.T.);
#4448 = EDGE_CURVE('',#907,#4449,#4451,.T.);
#4449 = VERTEX_POINT('',#4450);
#4450 = CARTESIAN_POINT('',(0.663474347527,-5.327396972403,23.));
#4451 = LINE('',#4452,#4453);
#4452 = CARTESIAN_POINT('',(0.663474347527,-5.327396972403,25.));
#4453 = VECTOR('',#4454,1.);
#4454 = DIRECTION('',(-0.,-0.,-1.));
#4455 = ORIENTED_EDGE('',*,*,#4456,.T.);
#4456 = EDGE_CURVE('',#4449,#4457,#4459,.T.);
#4457 = VERTEX_POINT('',#4458);
#4458 = CARTESIAN_POINT('',(0.747633209199,-6.010529177014,23.));
#4459 = B_SPLINE_CURVE_WITH_KNOTS('',2,(#4460,#4461,#4462),
  .UNSPECIFIED.,.F.,.F.,(3,3),(0.,1.),.PIECEWISE_BEZIER_KNOTS.);
#4460 = CARTESIAN_POINT('',(0.663474347527,-5.327396972403,23.));
#4461 = CARTESIAN_POINT('',(0.747633209199,-5.615941640991,23.));
#4462 = CARTESIAN_POINT('',(0.747633209199,-6.010529177014,23.));
#4463 = ORIENTED_EDGE('',*,*,#4464,.F.);
#4464 = EDGE_CURVE('',#909,#4457,#4465,.T.);
#4465 = LINE('',#4466,#4467);
#4466 = CARTESIAN_POINT('',(0.747633209199,-6.010529177014,25.));
#4467 = VECTOR('',#4468,1.);
#4468 = DIRECTION('',(-0.,-0.,-1.));
#4469 = ORIENTED_EDGE('',*,*,#906,.F.);
#4470 = SURFACE_OF_LINEAR_EXTRUSION('',#4471,#4475);
#4471 = B_SPLINE_CURVE_WITH_KNOTS('',2,(#4472,#4473,#4474),
  .UNSPECIFIED.,.F.,.F.,(3,3),(0.,1.),.PIECEWISE_BEZIER_KNOTS.);
#4472 = CARTESIAN_POINT('',(0.663474347527,-5.327396972403,25.));
#4473 = CARTESIAN_POINT('',(0.747633209199,-5.615941640991,25.));
#4474 = CARTESIAN_POINT('',(0.747633209199,-6.010529177014,25.));
#4475 = VECTOR('',#4476,1.);
#4476 = DIRECTION('',(0.,0.,1.));
#4477 = ADVANCED_FACE('',(#4478),#4496,.T.);
#4478 = FACE_BOUND('',#4479,.T.);
#4479 = EDGE_LOOP('',(#4480,#4488,#4494,#4495));
#4480 = ORIENTED_EDGE('',*,*,#4481,.T.);
#4481 = EDGE_CURVE('',#1021,#4482,#4484,.T.);
#4482 = VERTEX_POINT('',#4483);
#4483 = CARTESIAN_POINT('',(0.431125644357,-4.849731266352,23.));
#4484 = LINE('',#4485,#4486);
#4485 = CARTESIAN_POINT('',(0.431125644357,-4.849731266352,25.));
#4486 = VECTOR('',#4487,1.);
#4487 = DIRECTION('',(-0.,-0.,-1.));
#4488 = ORIENTED_EDGE('',*,*,#4489,.T.);
#4489 = EDGE_CURVE('',#4482,#4449,#4490,.T.);
#4490 = B_SPLINE_CURVE_WITH_KNOTS('',2,(#4491,#4492,#4493),
  .UNSPECIFIED.,.F.,.F.,(3,3),(0.,1.),.PIECEWISE_BEZIER_KNOTS.);
#4491 = CARTESIAN_POINT('',(0.431125644357,-4.849731266352,23.));
#4492 = CARTESIAN_POINT('',(0.579450572311,-5.03871721736,23.));
#4493 = CARTESIAN_POINT('',(0.663474347527,-5.327396972403,23.));
#4494 = ORIENTED_EDGE('',*,*,#4448,.F.);
#4495 = ORIENTED_EDGE('',*,*,#1028,.F.);
#4496 = SURFACE_OF_LINEAR_EXTRUSION('',#4497,#4501);
#4497 = B_SPLINE_CURVE_WITH_KNOTS('',2,(#4498,#4499,#4500),
  .UNSPECIFIED.,.F.,.F.,(3,3),(0.,1.),.PIECEWISE_BEZIER_KNOTS.);
#4498 = CARTESIAN_POINT('',(0.431125644357,-4.849731266352,25.));
#4499 = CARTESIAN_POINT('',(0.579450572311,-5.03871721736,25.));
#4500 = CARTESIAN_POINT('',(0.663474347527,-5.327396972403,25.));
#4501 = VECTOR('',#4502,1.);
#4502 = DIRECTION('',(0.,0.,1.));
#4503 = ADVANCED_FACE('',(#4504),#4522,.T.);
#4504 = FACE_BOUND('',#4505,.T.);
#4505 = EDGE_LOOP('',(#4506,#4514,#4520,#4521));
#4506 = ORIENTED_EDGE('',*,*,#4507,.T.);
#4507 = EDGE_CURVE('',#1013,#4508,#4510,.T.);
#4508 = VERTEX_POINT('',#4509);
#4509 = CARTESIAN_POINT('',(8.044120631671E-02,-4.568346179896,23.));
#4510 = LINE('',#4511,#4512);
#4511 = CARTESIAN_POINT('',(8.044120631671E-02,-4.568346179896,25.));
#4512 = VECTOR('',#4513,1.);
#4513 = DIRECTION('',(-0.,-0.,-1.));
#4514 = ORIENTED_EDGE('',*,*,#4515,.T.);
#4515 = EDGE_CURVE('',#4508,#4482,#4516,.T.);
#4516 = B_SPLINE_CURVE_WITH_KNOTS('',2,(#4517,#4518,#4519),
  .UNSPECIFIED.,.F.,.F.,(3,3),(0.,1.),.PIECEWISE_BEZIER_KNOTS.);
#4517 = CARTESIAN_POINT('',(8.044120631671E-02,-4.568346179896,23.));
#4518 = CARTESIAN_POINT('',(0.282800716403,-4.660745315343,23.));
#4519 = CARTESIAN_POINT('',(0.431125644357,-4.849731266352,23.));
#4520 = ORIENTED_EDGE('',*,*,#4481,.F.);
#4521 = ORIENTED_EDGE('',*,*,#1020,.F.);
#4522 = SURFACE_OF_LINEAR_EXTRUSION('',#4523,#4527);
#4523 = B_SPLINE_CURVE_WITH_KNOTS('',2,(#4524,#4525,#4526),
  .UNSPECIFIED.,.F.,.F.,(3,3),(0.,1.),.PIECEWISE_BEZIER_KNOTS.);
#4524 = CARTESIAN_POINT('',(8.044120631671E-02,-4.568346179896,25.));
#4525 = CARTESIAN_POINT('',(0.282800716403,-4.660745315343,25.));
#4526 = CARTESIAN_POINT('',(0.431125644357,-4.849731266352,25.));
#4527 = VECTOR('',#4528,1.);
#4528 = DIRECTION('',(0.,0.,1.));
#4529 = ADVANCED_FACE('',(#4530),#4548,.T.);
#4530 = FACE_BOUND('',#4531,.T.);
#4531 = EDGE_LOOP('',(#4532,#4540,#4546,#4547));
#4532 = ORIENTED_EDGE('',*,*,#4533,.T.);
#4533 = EDGE_CURVE('',#1005,#4534,#4536,.T.);
#4534 = VERTEX_POINT('',#4535);
#4535 = CARTESIAN_POINT('',(-0.35629330377,-4.47594704445,23.));
#4536 = LINE('',#4537,#4538);
#4537 = CARTESIAN_POINT('',(-0.35629330377,-4.47594704445,25.));
#4538 = VECTOR('',#4539,1.);
#4539 = DIRECTION('',(-0.,-0.,-1.));
#4540 = ORIENTED_EDGE('',*,*,#4541,.T.);
#4541 = EDGE_CURVE('',#4534,#4508,#4542,.T.);
#4542 = B_SPLINE_CURVE_WITH_KNOTS('',2,(#4543,#4544,#4545),
  .UNSPECIFIED.,.F.,.F.,(3,3),(0.,1.),.PIECEWISE_BEZIER_KNOTS.);
#4543 = CARTESIAN_POINT('',(-0.35629330377,-4.47594704445,23.));
#4544 = CARTESIAN_POINT('',(-0.121783217314,-4.47594704445,23.));
#4545 = CARTESIAN_POINT('',(8.044120631671E-02,-4.568346179896,23.));
#4546 = ORIENTED_EDGE('',*,*,#4507,.F.);
#4547 = ORIENTED_EDGE('',*,*,#1012,.F.);
#4548 = SURFACE_OF_LINEAR_EXTRUSION('',#4549,#4553);
#4549 = B_SPLINE_CURVE_WITH_KNOTS('',2,(#4550,#4551,#4552),
  .UNSPECIFIED.,.F.,.F.,(3,3),(0.,1.),.PIECEWISE_BEZIER_KNOTS.);
#4550 = CARTESIAN_POINT('',(-0.35629330377,-4.47594704445,25.));
#4551 = CARTESIAN_POINT('',(-0.121783217314,-4.47594704445,25.));
#4552 = CARTESIAN_POINT('',(8.044120631671E-02,-4.568346179896,25.));
#4553 = VECTOR('',#4554,1.);
#4554 = DIRECTION('',(0.,0.,1.));
#4555 = ADVANCED_FACE('',(#4556),#4574,.T.);
#4556 = FACE_BOUND('',#4557,.T.);
#4557 = EDGE_LOOP('',(#4558,#4566,#4572,#4573));
#4558 = ORIENTED_EDGE('',*,*,#4559,.T.);
#4559 = EDGE_CURVE('',#997,#4560,#4562,.T.);
#4560 = VERTEX_POINT('',#4561);
#4561 = CARTESIAN_POINT('',(-0.791001517026,-4.568346179896,23.));
#4562 = LINE('',#4563,#4564);
#4563 = CARTESIAN_POINT('',(-0.791001517026,-4.568346179896,25.));
#4564 = VECTOR('',#4565,1.);
#4565 = DIRECTION('',(-0.,-0.,-1.));
#4566 = ORIENTED_EDGE('',*,*,#4567,.T.);
#4567 = EDGE_CURVE('',#4560,#4534,#4568,.T.);
#4568 = B_SPLINE_CURVE_WITH_KNOTS('',2,(#4569,#4570,#4571),
  .UNSPECIFIED.,.F.,.F.,(3,3),(0.,1.),.PIECEWISE_BEZIER_KNOTS.);
#4569 = CARTESIAN_POINT('',(-0.791001517026,-4.568346179896,23.));
#4570 = CARTESIAN_POINT('',(-0.590803390225,-4.47594704445,23.));
#4571 = CARTESIAN_POINT('',(-0.35629330377,-4.47594704445,23.));
#4572 = ORIENTED_EDGE('',*,*,#4533,.F.);
#4573 = ORIENTED_EDGE('',*,*,#1004,.F.);
#4574 = SURFACE_OF_LINEAR_EXTRUSION('',#4575,#4579);
#4575 = B_SPLINE_CURVE_WITH_KNOTS('',2,(#4576,#4577,#4578),
  .UNSPECIFIED.,.F.,.F.,(3,3),(0.,1.),.PIECEWISE_BEZIER_KNOTS.);
#4576 = CARTESIAN_POINT('',(-0.791001517026,-4.568346179896,25.));
#4577 = CARTESIAN_POINT('',(-0.590803390225,-4.47594704445,25.));
#4578 = CARTESIAN_POINT('',(-0.35629330377,-4.47594704445,25.));
#4579 = VECTOR('',#4580,1.);
#4580 = DIRECTION('',(0.,0.,1.));
#4581 = ADVANCED_FACE('',(#4582),#4600,.T.);
#4582 = FACE_BOUND('',#4583,.T.);
#4583 = EDGE_LOOP('',(#4584,#4592,#4598,#4599));
#4584 = ORIENTED_EDGE('',*,*,#4585,.T.);
#4585 = EDGE_CURVE('',#989,#4586,#4588,.T.);
#4586 = VERTEX_POINT('',#4587);
#4587 = CARTESIAN_POINT('',(-1.138578966594,-4.849731266352,23.));
#4588 = LINE('',#4589,#4590);
#4589 = CARTESIAN_POINT('',(-1.138578966594,-4.849731266352,25.));
#4590 = VECTOR('',#4591,1.);
#4591 = DIRECTION('',(-0.,-0.,-1.));
#4592 = ORIENTED_EDGE('',*,*,#4593,.T.);
#4593 = EDGE_CURVE('',#4586,#4560,#4594,.T.);
#4594 = B_SPLINE_CURVE_WITH_KNOTS('',2,(#4595,#4596,#4597),
  .UNSPECIFIED.,.F.,.F.,(3,3),(0.,1.),.PIECEWISE_BEZIER_KNOTS.);
#4595 = CARTESIAN_POINT('',(-1.138578966594,-4.849731266352,23.));
#4596 = CARTESIAN_POINT('',(-0.991199643827,-4.660745315343,23.));
#4597 = CARTESIAN_POINT('',(-0.791001517026,-4.568346179896,23.));
#4598 = ORIENTED_EDGE('',*,*,#4559,.F.);
#4599 = ORIENTED_EDGE('',*,*,#996,.F.);
#4600 = SURFACE_OF_LINEAR_EXTRUSION('',#4601,#4605);
#4601 = B_SPLINE_CURVE_WITH_KNOTS('',2,(#4602,#4603,#4604),
  .UNSPECIFIED.,.F.,.F.,(3,3),(0.,1.),.PIECEWISE_BEZIER_KNOTS.);
#4602 = CARTESIAN_POINT('',(-1.138578966594,-4.849731266352,25.));
#4603 = CARTESIAN_POINT('',(-0.991199643827,-4.660745315343,25.));
#4604 = CARTESIAN_POINT('',(-0.791001517026,-4.568346179896,25.));
#4605 = VECTOR('',#4606,1.);
#4606 = DIRECTION('',(0.,0.,1.));
#4607 = ADVANCED_FACE('',(#4608),#4626,.T.);
#4608 = FACE_BOUND('',#4609,.T.);
#4609 = EDGE_LOOP('',(#4610,#4618,#4624,#4625));
#4610 = ORIENTED_EDGE('',*,*,#4611,.T.);
#4611 = EDGE_CURVE('',#981,#4612,#4614,.T.);
#4612 = VERTEX_POINT('',#4613);
#4613 = CARTESIAN_POINT('',(-1.368901372934,-5.327396972403,23.));
#4614 = LINE('',#4615,#4616);
#4615 = CARTESIAN_POINT('',(-1.368901372934,-5.327396972403,25.));
#4616 = VECTOR('',#4617,1.);
#4617 = DIRECTION('',(-0.,-0.,-1.));
#4618 = ORIENTED_EDGE('',*,*,#4619,.T.);
#4619 = EDGE_CURVE('',#4612,#4586,#4620,.T.);
#4620 = B_SPLINE_CURVE_WITH_KNOTS('',2,(#4621,#4622,#4623),
  .UNSPECIFIED.,.F.,.F.,(3,3),(0.,1.),.PIECEWISE_BEZIER_KNOTS.);
#4621 = CARTESIAN_POINT('',(-1.368901372934,-5.327396972403,23.));
#4622 = CARTESIAN_POINT('',(-1.285823202905,-5.03871721736,23.));
#4623 = CARTESIAN_POINT('',(-1.138578966594,-4.849731266352,23.));
#4624 = ORIENTED_EDGE('',*,*,#4585,.F.);
#4625 = ORIENTED_EDGE('',*,*,#988,.F.);
#4626 = SURFACE_OF_LINEAR_EXTRUSION('',#4627,#4631);
#4627 = B_SPLINE_CURVE_WITH_KNOTS('',2,(#4628,#4629,#4630),
  .UNSPECIFIED.,.F.,.F.,(3,3),(0.,1.),.PIECEWISE_BEZIER_KNOTS.);
#4628 = CARTESIAN_POINT('',(-1.368901372934,-5.327396972403,25.));
#4629 = CARTESIAN_POINT('',(-1.285823202905,-5.03871721736,25.));
#4630 = CARTESIAN_POINT('',(-1.138578966594,-4.849731266352,25.));
#4631 = VECTOR('',#4632,1.);
#4632 = DIRECTION('',(0.,0.,1.));
#4633 = ADVANCED_FACE('',(#4634),#4652,.T.);
#4634 = FACE_BOUND('',#4635,.T.);
#4635 = EDGE_LOOP('',(#4636,#4644,#4650,#4651));
#4636 = ORIENTED_EDGE('',*,*,#4637,.T.);
#4637 = EDGE_CURVE('',#973,#4638,#4640,.T.);
#4638 = VERTEX_POINT('',#4639);
#4639 = CARTESIAN_POINT('',(-1.451844456507,-6.010529177014,23.));
#4640 = LINE('',#4641,#4642);
#4641 = CARTESIAN_POINT('',(-1.451844456507,-6.010529177014,25.));
#4642 = VECTOR('',#4643,1.);
#4643 = DIRECTION('',(-0.,-0.,-1.));
#4644 = ORIENTED_EDGE('',*,*,#4645,.T.);
#4645 = EDGE_CURVE('',#4638,#4612,#4646,.T.);
#4646 = B_SPLINE_CURVE_WITH_KNOTS('',2,(#4647,#4648,#4649),
  .UNSPECIFIED.,.F.,.F.,(3,3),(0.,1.),.PIECEWISE_BEZIER_KNOTS.);
#4647 = CARTESIAN_POINT('',(-1.451844456507,-6.010529177014,23.));
#4648 = CARTESIAN_POINT('',(-1.451844456507,-5.615941640991,23.));
#4649 = CARTESIAN_POINT('',(-1.368901372934,-5.327396972403,23.));
#4650 = ORIENTED_EDGE('',*,*,#4611,.F.);
#4651 = ORIENTED_EDGE('',*,*,#980,.F.);
#4652 = SURFACE_OF_LINEAR_EXTRUSION('',#4653,#4657);
#4653 = B_SPLINE_CURVE_WITH_KNOTS('',2,(#4654,#4655,#4656),
  .UNSPECIFIED.,.F.,.F.,(3,3),(0.,1.),.PIECEWISE_BEZIER_KNOTS.);
#4654 = CARTESIAN_POINT('',(-1.451844456507,-6.010529177014,25.));
#4655 = CARTESIAN_POINT('',(-1.451844456507,-5.615941640991,25.));
#4656 = CARTESIAN_POINT('',(-1.368901372934,-5.327396972403,25.));
#4657 = VECTOR('',#4658,1.);
#4658 = DIRECTION('',(0.,0.,1.));
#4659 = ADVANCED_FACE('',(#4660),#4678,.T.);
#4660 = FACE_BOUND('',#4661,.T.);
#4661 = EDGE_LOOP('',(#4662,#4670,#4676,#4677));
#4662 = ORIENTED_EDGE('',*,*,#4663,.T.);
#4663 = EDGE_CURVE('',#965,#4664,#4666,.T.);
#4664 = VERTEX_POINT('',#4665);
#4665 = CARTESIAN_POINT('',(-1.368901372934,-6.692715776438,23.));
#4666 = LINE('',#4667,#4668);
#4667 = CARTESIAN_POINT('',(-1.368901372934,-6.692715776438,25.));
#4668 = VECTOR('',#4669,1.);
#4669 = DIRECTION('',(-0.,-0.,-1.));
#4670 = ORIENTED_EDGE('',*,*,#4671,.T.);
#4671 = EDGE_CURVE('',#4664,#4638,#4672,.T.);
#4672 = B_SPLINE_CURVE_WITH_KNOTS('',2,(#4673,#4674,#4675),
  .UNSPECIFIED.,.F.,.F.,(3,3),(0.,1.),.PIECEWISE_BEZIER_KNOTS.);
#4673 = CARTESIAN_POINT('',(-1.368901372934,-6.692715776438,23.));
#4674 = CARTESIAN_POINT('',(-1.451844456507,-6.402955329752,23.));
#4675 = CARTESIAN_POINT('',(-1.451844456507,-6.010529177014,23.));
#4676 = ORIENTED_EDGE('',*,*,#4637,.F.);
#4677 = ORIENTED_EDGE('',*,*,#972,.F.);
#4678 = SURFACE_OF_LINEAR_EXTRUSION('',#4679,#4683);
#4679 = B_SPLINE_CURVE_WITH_KNOTS('',2,(#4680,#4681,#4682),
  .UNSPECIFIED.,.F.,.F.,(3,3),(0.,1.),.PIECEWISE_BEZIER_KNOTS.);
#4680 = CARTESIAN_POINT('',(-1.368901372934,-6.692715776438,25.));
#4681 = CARTESIAN_POINT('',(-1.451844456507,-6.402955329752,25.));
#4682 = CARTESIAN_POINT('',(-1.451844456507,-6.010529177014,25.));
#4683 = VECTOR('',#4684,1.);
#4684 = DIRECTION('',(0.,0.,1.));
#4685 = ADVANCED_FACE('',(#4686),#4704,.T.);
#4686 = FACE_BOUND('',#4687,.T.);
#4687 = EDGE_LOOP('',(#4688,#4696,#4702,#4703));
#4688 = ORIENTED_EDGE('',*,*,#4689,.T.);
#4689 = EDGE_CURVE('',#957,#4690,#4692,.T.);
#4690 = VERTEX_POINT('',#4691);
#4691 = CARTESIAN_POINT('',(-1.138578966594,-7.171327087677,23.));
#4692 = LINE('',#4693,#4694);
#4693 = CARTESIAN_POINT('',(-1.138578966594,-7.171327087677,25.));
#4694 = VECTOR('',#4695,1.);
#4695 = DIRECTION('',(-0.,-0.,-1.));
#4696 = ORIENTED_EDGE('',*,*,#4697,.T.);
#4697 = EDGE_CURVE('',#4690,#4664,#4698,.T.);
#4698 = B_SPLINE_CURVE_WITH_KNOTS('',2,(#4699,#4700,#4701),
  .UNSPECIFIED.,.F.,.F.,(3,3),(0.,1.),.PIECEWISE_BEZIER_KNOTS.);
#4699 = CARTESIAN_POINT('',(-1.138578966594,-7.171327087677,23.));
#4700 = CARTESIAN_POINT('',(-1.285823202905,-6.982341136669,23.));
#4701 = CARTESIAN_POINT('',(-1.368901372934,-6.692715776438,23.));
#4702 = ORIENTED_EDGE('',*,*,#4663,.F.);
#4703 = ORIENTED_EDGE('',*,*,#964,.F.);
#4704 = SURFACE_OF_LINEAR_EXTRUSION('',#4705,#4709);
#4705 = B_SPLINE_CURVE_WITH_KNOTS('',2,(#4706,#4707,#4708),
  .UNSPECIFIED.,.F.,.F.,(3,3),(0.,1.),.PIECEWISE_BEZIER_KNOTS.);
#4706 = CARTESIAN_POINT('',(-1.138578966594,-7.171327087677,25.));
#4707 = CARTESIAN_POINT('',(-1.285823202905,-6.982341136669,25.));
#4708 = CARTESIAN_POINT('',(-1.368901372934,-6.692715776438,25.));
#4709 = VECTOR('',#4710,1.);
#4710 = DIRECTION('',(0.,0.,1.));
#4711 = ADVANCED_FACE('',(#4712),#4730,.T.);
#4712 = FACE_BOUND('',#4713,.T.);
#4713 = EDGE_LOOP('',(#4714,#4722,#4728,#4729));
#4714 = ORIENTED_EDGE('',*,*,#4715,.T.);
#4715 = EDGE_CURVE('',#949,#4716,#4718,.T.);
#4716 = VERTEX_POINT('',#4717);
#4717 = CARTESIAN_POINT('',(-0.791001517026,-7.452712174133,23.));
#4718 = LINE('',#4719,#4720);
#4719 = CARTESIAN_POINT('',(-0.791001517026,-7.452712174133,25.));
#4720 = VECTOR('',#4721,1.);
#4721 = DIRECTION('',(-0.,-0.,-1.));
#4722 = ORIENTED_EDGE('',*,*,#4723,.T.);
#4723 = EDGE_CURVE('',#4716,#4690,#4724,.T.);
#4724 = B_SPLINE_CURVE_WITH_KNOTS('',2,(#4725,#4726,#4727),
  .UNSPECIFIED.,.F.,.F.,(3,3),(0.,1.),.PIECEWISE_BEZIER_KNOTS.);
#4725 = CARTESIAN_POINT('',(-0.791001517026,-7.452712174133,23.));
#4726 = CARTESIAN_POINT('',(-0.991199643827,-7.360313038686,23.));
#4727 = CARTESIAN_POINT('',(-1.138578966594,-7.171327087677,23.));
#4728 = ORIENTED_EDGE('',*,*,#4689,.F.);
#4729 = ORIENTED_EDGE('',*,*,#956,.F.);
#4730 = SURFACE_OF_LINEAR_EXTRUSION('',#4731,#4735);
#4731 = B_SPLINE_CURVE_WITH_KNOTS('',2,(#4732,#4733,#4734),
  .UNSPECIFIED.,.F.,.F.,(3,3),(0.,1.),.PIECEWISE_BEZIER_KNOTS.);
#4732 = CARTESIAN_POINT('',(-0.791001517026,-7.452712174133,25.));
#4733 = CARTESIAN_POINT('',(-0.991199643827,-7.360313038686,25.));
#4734 = CARTESIAN_POINT('',(-1.138578966594,-7.171327087677,25.));
#4735 = VECTOR('',#4736,1.);
#4736 = DIRECTION('',(0.,0.,1.));
#4737 = ADVANCED_FACE('',(#4738),#4756,.T.);
#4738 = FACE_BOUND('',#4739,.T.);
#4739 = EDGE_LOOP('',(#4740,#4748,#4754,#4755));
#4740 = ORIENTED_EDGE('',*,*,#4741,.T.);
#4741 = EDGE_CURVE('',#941,#4742,#4744,.T.);
#4742 = VERTEX_POINT('',#4743);
#4743 = CARTESIAN_POINT('',(-0.35629330377,-7.545111309579,23.));
#4744 = LINE('',#4745,#4746);
#4745 = CARTESIAN_POINT('',(-0.35629330377,-7.545111309579,25.));
#4746 = VECTOR('',#4747,1.);
#4747 = DIRECTION('',(-0.,-0.,-1.));
#4748 = ORIENTED_EDGE('',*,*,#4749,.T.);
#4749 = EDGE_CURVE('',#4742,#4716,#4750,.T.);
#4750 = B_SPLINE_CURVE_WITH_KNOTS('',2,(#4751,#4752,#4753),
  .UNSPECIFIED.,.F.,.F.,(3,3),(0.,1.),.PIECEWISE_BEZIER_KNOTS.);
#4751 = CARTESIAN_POINT('',(-0.35629330377,-7.545111309579,23.));
#4752 = CARTESIAN_POINT('',(-0.590803390225,-7.545111309579,23.));
#4753 = CARTESIAN_POINT('',(-0.791001517026,-7.452712174133,23.));
#4754 = ORIENTED_EDGE('',*,*,#4715,.F.);
#4755 = ORIENTED_EDGE('',*,*,#948,.F.);
#4756 = SURFACE_OF_LINEAR_EXTRUSION('',#4757,#4761);
#4757 = B_SPLINE_CURVE_WITH_KNOTS('',2,(#4758,#4759,#4760),
  .UNSPECIFIED.,.F.,.F.,(3,3),(0.,1.),.PIECEWISE_BEZIER_KNOTS.);
#4758 = CARTESIAN_POINT('',(-0.35629330377,-7.545111309579,25.));
#4759 = CARTESIAN_POINT('',(-0.590803390225,-7.545111309579,25.));
#4760 = CARTESIAN_POINT('',(-0.791001517026,-7.452712174133,25.));
#4761 = VECTOR('',#4762,1.);
#4762 = DIRECTION('',(0.,0.,1.));
#4763 = ADVANCED_FACE('',(#4764),#4782,.T.);
#4764 = FACE_BOUND('',#4765,.T.);
#4765 = EDGE_LOOP('',(#4766,#4774,#4780,#4781));
#4766 = ORIENTED_EDGE('',*,*,#4767,.T.);
#4767 = EDGE_CURVE('',#933,#4768,#4770,.T.);
#4768 = VERTEX_POINT('',#4769);
#4769 = CARTESIAN_POINT('',(8.044120631671E-02,-7.452712174133,23.));
#4770 = LINE('',#4771,#4772);
#4771 = CARTESIAN_POINT('',(8.044120631671E-02,-7.452712174133,25.));
#4772 = VECTOR('',#4773,1.);
#4773 = DIRECTION('',(-0.,-0.,-1.));
#4774 = ORIENTED_EDGE('',*,*,#4775,.T.);
#4775 = EDGE_CURVE('',#4768,#4742,#4776,.T.);
#4776 = B_SPLINE_CURVE_WITH_KNOTS('',2,(#4777,#4778,#4779),
  .UNSPECIFIED.,.F.,.F.,(3,3),(0.,1.),.PIECEWISE_BEZIER_KNOTS.);
#4777 = CARTESIAN_POINT('',(8.044120631671E-02,-7.452712174133,23.));
#4778 = CARTESIAN_POINT('',(-0.121783217314,-7.545111309579,23.));
#4779 = CARTESIAN_POINT('',(-0.35629330377,-7.545111309579,23.));
#4780 = ORIENTED_EDGE('',*,*,#4741,.F.);
#4781 = ORIENTED_EDGE('',*,*,#940,.F.);
#4782 = SURFACE_OF_LINEAR_EXTRUSION('',#4783,#4787);
#4783 = B_SPLINE_CURVE_WITH_KNOTS('',2,(#4784,#4785,#4786),
  .UNSPECIFIED.,.F.,.F.,(3,3),(0.,1.),.PIECEWISE_BEZIER_KNOTS.);
#4784 = CARTESIAN_POINT('',(8.044120631671E-02,-7.452712174133,25.));
#4785 = CARTESIAN_POINT('',(-0.121783217314,-7.545111309579,25.));
#4786 = CARTESIAN_POINT('',(-0.35629330377,-7.545111309579,25.));
#4787 = VECTOR('',#4788,1.);
#4788 = DIRECTION('',(0.,0.,1.));
#4789 = ADVANCED_FACE('',(#4790),#4808,.T.);
#4790 = FACE_BOUND('',#4791,.T.);
#4791 = EDGE_LOOP('',(#4792,#4800,#4806,#4807));
#4792 = ORIENTED_EDGE('',*,*,#4793,.T.);
#4793 = EDGE_CURVE('',#925,#4794,#4796,.T.);
#4794 = VERTEX_POINT('',#4795);
#4795 = CARTESIAN_POINT('',(0.431125644357,-7.171327087677,23.));
#4796 = LINE('',#4797,#4798);
#4797 = CARTESIAN_POINT('',(0.431125644357,-7.171327087677,25.));
#4798 = VECTOR('',#4799,1.);
#4799 = DIRECTION('',(-0.,-0.,-1.));
#4800 = ORIENTED_EDGE('',*,*,#4801,.T.);
#4801 = EDGE_CURVE('',#4794,#4768,#4802,.T.);
#4802 = B_SPLINE_CURVE_WITH_KNOTS('',2,(#4803,#4804,#4805),
  .UNSPECIFIED.,.F.,.F.,(3,3),(0.,1.),.PIECEWISE_BEZIER_KNOTS.);
#4803 = CARTESIAN_POINT('',(0.431125644357,-7.171327087677,23.));
#4804 = CARTESIAN_POINT('',(0.282800716403,-7.360313038686,23.));
#4805 = CARTESIAN_POINT('',(8.044120631671E-02,-7.452712174133,23.));
#4806 = ORIENTED_EDGE('',*,*,#4767,.F.);
#4807 = ORIENTED_EDGE('',*,*,#932,.F.);
#4808 = SURFACE_OF_LINEAR_EXTRUSION('',#4809,#4813);
#4809 = B_SPLINE_CURVE_WITH_KNOTS('',2,(#4810,#4811,#4812),
  .UNSPECIFIED.,.F.,.F.,(3,3),(0.,1.),.PIECEWISE_BEZIER_KNOTS.);
#4810 = CARTESIAN_POINT('',(0.431125644357,-7.171327087677,25.));
#4811 = CARTESIAN_POINT('',(0.282800716403,-7.360313038686,25.));
#4812 = CARTESIAN_POINT('',(8.044120631671E-02,-7.452712174133,25.));
#4813 = VECTOR('',#4814,1.);
#4814 = DIRECTION('',(0.,0.,1.));
#4815 = ADVANCED_FACE('',(#4816),#4834,.T.);
#4816 = FACE_BOUND('',#4817,.T.);
#4817 = EDGE_LOOP('',(#4818,#4826,#4832,#4833));
#4818 = ORIENTED_EDGE('',*,*,#4819,.T.);
#4819 = EDGE_CURVE('',#917,#4820,#4822,.T.);
#4820 = VERTEX_POINT('',#4821);
#4821 = CARTESIAN_POINT('',(0.663474347527,-6.692715776438,23.));
#4822 = LINE('',#4823,#4824);
#4823 = CARTESIAN_POINT('',(0.663474347527,-6.692715776438,25.));
#4824 = VECTOR('',#4825,1.);
#4825 = DIRECTION('',(-0.,-0.,-1.));
#4826 = ORIENTED_EDGE('',*,*,#4827,.T.);
#4827 = EDGE_CURVE('',#4820,#4794,#4828,.T.);
#4828 = B_SPLINE_CURVE_WITH_KNOTS('',2,(#4829,#4830,#4831),
  .UNSPECIFIED.,.F.,.F.,(3,3),(0.,1.),.PIECEWISE_BEZIER_KNOTS.);
#4829 = CARTESIAN_POINT('',(0.663474347527,-6.692715776438,23.));
#4830 = CARTESIAN_POINT('',(0.579450572311,-6.982341136669,23.));
#4831 = CARTESIAN_POINT('',(0.431125644357,-7.171327087677,23.));
#4832 = ORIENTED_EDGE('',*,*,#4793,.F.);
#4833 = ORIENTED_EDGE('',*,*,#924,.F.);
#4834 = SURFACE_OF_LINEAR_EXTRUSION('',#4835,#4839);
#4835 = B_SPLINE_CURVE_WITH_KNOTS('',2,(#4836,#4837,#4838),
  .UNSPECIFIED.,.F.,.F.,(3,3),(0.,1.),.PIECEWISE_BEZIER_KNOTS.);
#4836 = CARTESIAN_POINT('',(0.663474347527,-6.692715776438,25.));
#4837 = CARTESIAN_POINT('',(0.579450572311,-6.982341136669,25.));
#4838 = CARTESIAN_POINT('',(0.431125644357,-7.171327087677,25.));
#4839 = VECTOR('',#4840,1.);
#4840 = DIRECTION('',(0.,0.,1.));
#4841 = ADVANCED_FACE('',(#4842),#4853,.T.);
#4842 = FACE_BOUND('',#4843,.T.);
#4843 = EDGE_LOOP('',(#4844,#4845,#4851,#4852));
#4844 = ORIENTED_EDGE('',*,*,#4464,.T.);
#4845 = ORIENTED_EDGE('',*,*,#4846,.T.);
#4846 = EDGE_CURVE('',#4457,#4820,#4847,.T.);
#4847 = B_SPLINE_CURVE_WITH_KNOTS('',2,(#4848,#4849,#4850),
  .UNSPECIFIED.,.F.,.F.,(3,3),(0.,1.),.PIECEWISE_BEZIER_KNOTS.);
#4848 = CARTESIAN_POINT('',(0.747633209199,-6.010529177014,23.));
#4849 = CARTESIAN_POINT('',(0.747633209199,-6.402955329752,23.));
#4850 = CARTESIAN_POINT('',(0.663474347527,-6.692715776438,23.));
#4851 = ORIENTED_EDGE('',*,*,#4819,.F.);
#4852 = ORIENTED_EDGE('',*,*,#916,.F.);
#4853 = SURFACE_OF_LINEAR_EXTRUSION('',#4854,#4858);
#4854 = B_SPLINE_CURVE_WITH_KNOTS('',2,(#4855,#4856,#4857),
  .UNSPECIFIED.,.F.,.F.,(3,3),(0.,1.),.PIECEWISE_BEZIER_KNOTS.);
#4855 = CARTESIAN_POINT('',(0.747633209199,-6.010529177014,25.));
#4856 = CARTESIAN_POINT('',(0.747633209199,-6.402955329752,25.));
#4857 = CARTESIAN_POINT('',(0.663474347527,-6.692715776438,25.));
#4858 = VECTOR('',#4859,1.);
#4859 = DIRECTION('',(0.,0.,1.));
#4860 = ADVANCED_FACE('',(#4861),#4886,.T.);
#4861 = FACE_BOUND('',#4862,.T.);
#4862 = EDGE_LOOP('',(#4863,#4871,#4879,#4885));
#4863 = ORIENTED_EDGE('',*,*,#4864,.T.);
#4864 = EDGE_CURVE('',#1037,#4865,#4867,.T.);
#4865 = VERTEX_POINT('',#4866);
#4866 = CARTESIAN_POINT('',(2.438240197671,-7.510529177014,23.));
#4867 = LINE('',#4868,#4869);
#4868 = CARTESIAN_POINT('',(2.438240197671,-7.510529177014,25.));
#4869 = VECTOR('',#4870,1.);
#4870 = DIRECTION('',(-0.,-0.,-1.));
#4871 = ORIENTED_EDGE('',*,*,#4872,.T.);
#4872 = EDGE_CURVE('',#4865,#4873,#4875,.T.);
#4873 = VERTEX_POINT('',#4874);
#4874 = CARTESIAN_POINT('',(1.925857272599,-7.510529177014,23.));
#4875 = LINE('',#4876,#4877);
#4876 = CARTESIAN_POINT('',(2.438240197671,-7.510529177014,23.));
#4877 = VECTOR('',#4878,1.);
#4878 = DIRECTION('',(-1.,0.,0.));
#4879 = ORIENTED_EDGE('',*,*,#4880,.F.);
#4880 = EDGE_CURVE('',#1039,#4873,#4881,.T.);
#4881 = LINE('',#4882,#4883);
#4882 = CARTESIAN_POINT('',(1.925857272599,-7.510529177014,25.));
#4883 = VECTOR('',#4884,1.);
#4884 = DIRECTION('',(-0.,-0.,-1.));
#4885 = ORIENTED_EDGE('',*,*,#1036,.F.);
#4886 = PLANE('',#4887);
#4887 = AXIS2_PLACEMENT_3D('',#4888,#4889,#4890);
#4888 = CARTESIAN_POINT('',(2.438240197671,-7.510529177014,25.));
#4889 = DIRECTION('',(0.,1.,0.));
#4890 = DIRECTION('',(-1.,0.,0.));
#4891 = ADVANCED_FACE('',(#4892),#4910,.T.);
#4892 = FACE_BOUND('',#4893,.T.);
#4893 = EDGE_LOOP('',(#4894,#4902,#4908,#4909));
#4894 = ORIENTED_EDGE('',*,*,#4895,.T.);
#4895 = EDGE_CURVE('',#1311,#4896,#4898,.T.);
#4896 = VERTEX_POINT('',#4897);
#4897 = CARTESIAN_POINT('',(2.438240197671,-5.952712174133,23.));
#4898 = LINE('',#4899,#4900);
#4899 = CARTESIAN_POINT('',(2.438240197671,-5.952712174133,25.));
#4900 = VECTOR('',#4901,1.);
#4901 = DIRECTION('',(-0.,-0.,-1.));
#4902 = ORIENTED_EDGE('',*,*,#4903,.T.);
#4903 = EDGE_CURVE('',#4896,#4865,#4904,.T.);
#4904 = LINE('',#4905,#4906);
#4905 = CARTESIAN_POINT('',(2.438240197671,-5.952712174133,23.));
#4906 = VECTOR('',#4907,1.);
#4907 = DIRECTION('',(0.,-1.,0.));
#4908 = ORIENTED_EDGE('',*,*,#4864,.F.);
#4909 = ORIENTED_EDGE('',*,*,#1318,.F.);
#4910 = PLANE('',#4911);
#4911 = AXIS2_PLACEMENT_3D('',#4912,#4913,#4914);
#4912 = CARTESIAN_POINT('',(2.438240197671,-5.952712174133,25.));
#4913 = DIRECTION('',(-1.,0.,0.));
#4914 = DIRECTION('',(0.,-1.,0.));
#4915 = ADVANCED_FACE('',(#4916),#4934,.T.);
#4916 = FACE_BOUND('',#4917,.T.);
#4917 = EDGE_LOOP('',(#4918,#4926,#4932,#4933));
#4918 = ORIENTED_EDGE('',*,*,#4919,.T.);
#4919 = EDGE_CURVE('',#1303,#4920,#4922,.T.);
#4920 = VERTEX_POINT('',#4921);
#4921 = CARTESIAN_POINT('',(2.617770096807,-5.801955689983,23.));
#4922 = LINE('',#4923,#4924);
#4923 = CARTESIAN_POINT('',(2.617770096807,-5.801955689983,25.));
#4924 = VECTOR('',#4925,1.);
#4925 = DIRECTION('',(-0.,-0.,-1.));
#4926 = ORIENTED_EDGE('',*,*,#4927,.T.);
#4927 = EDGE_CURVE('',#4920,#4896,#4928,.T.);
#4928 = B_SPLINE_CURVE_WITH_KNOTS('',2,(#4929,#4930,#4931),
  .UNSPECIFIED.,.F.,.F.,(3,3),(0.,1.),.PIECEWISE_BEZIER_KNOTS.);
#4929 = CARTESIAN_POINT('',(2.617770096807,-5.801955689983,23.));
#4930 = CARTESIAN_POINT('',(2.5213183677,-5.857070963758,23.));
#4931 = CARTESIAN_POINT('',(2.438240197671,-5.952712174133,23.));
#4932 = ORIENTED_EDGE('',*,*,#4895,.F.);
#4933 = ORIENTED_EDGE('',*,*,#1310,.F.);
#4934 = SURFACE_OF_LINEAR_EXTRUSION('',#4935,#4939);
#4935 = B_SPLINE_CURVE_WITH_KNOTS('',2,(#4936,#4937,#4938),
  .UNSPECIFIED.,.F.,.F.,(3,3),(0.,1.),.PIECEWISE_BEZIER_KNOTS.);
#4936 = CARTESIAN_POINT('',(2.617770096807,-5.801955689983,25.));
#4937 = CARTESIAN_POINT('',(2.5213183677,-5.857070963758,25.));
#4938 = CARTESIAN_POINT('',(2.438240197671,-5.952712174133,25.));
#4939 = VECTOR('',#4940,1.);
#4940 = DIRECTION('',(0.,0.,1.));
#4941 = ADVANCED_FACE('',(#4942),#4960,.T.);
#4942 = FACE_BOUND('',#4943,.T.);
#4943 = EDGE_LOOP('',(#4944,#4952,#4958,#4959));
#4944 = ORIENTED_EDGE('',*,*,#4945,.T.);
#4945 = EDGE_CURVE('',#1295,#4946,#4948,.T.);
#4946 = VERTEX_POINT('',#4947);
#4947 = CARTESIAN_POINT('',(2.824182200553,-5.746840416207,23.));
#4948 = LINE('',#4949,#4950);
#4949 = CARTESIAN_POINT('',(2.824182200553,-5.746840416207,25.));
#4950 = VECTOR('',#4951,1.);
#4951 = DIRECTION('',(-0.,-0.,-1.));
#4952 = ORIENTED_EDGE('',*,*,#4953,.T.);
#4953 = EDGE_CURVE('',#4946,#4920,#4954,.T.);
#4954 = B_SPLINE_CURVE_WITH_KNOTS('',2,(#4955,#4956,#4957),
  .UNSPECIFIED.,.F.,.F.,(3,3),(0.,1.),.PIECEWISE_BEZIER_KNOTS.);
#4955 = CARTESIAN_POINT('',(2.824182200553,-5.746840416207,23.));
#4956 = CARTESIAN_POINT('',(2.714221825913,-5.746840416207,23.));
#4957 = CARTESIAN_POINT('',(2.617770096807,-5.801955689983,23.));
#4958 = ORIENTED_EDGE('',*,*,#4919,.F.);
#4959 = ORIENTED_EDGE('',*,*,#1302,.F.);
#4960 = SURFACE_OF_LINEAR_EXTRUSION('',#4961,#4965);
#4961 = B_SPLINE_CURVE_WITH_KNOTS('',2,(#4962,#4963,#4964),
  .UNSPECIFIED.,.F.,.F.,(3,3),(0.,1.),.PIECEWISE_BEZIER_KNOTS.);
#4962 = CARTESIAN_POINT('',(2.824182200553,-5.746840416207,25.));
#4963 = CARTESIAN_POINT('',(2.714221825913,-5.746840416207,25.));
#4964 = CARTESIAN_POINT('',(2.617770096807,-5.801955689983,25.));
#4965 = VECTOR('',#4966,1.);
#4966 = DIRECTION('',(0.,0.,1.));
#4967 = ADVANCED_FACE('',(#4968),#4986,.T.);
#4968 = FACE_BOUND('',#4969,.T.);
#4969 = EDGE_LOOP('',(#4970,#4978,#4984,#4985));
#4970 = ORIENTED_EDGE('',*,*,#4971,.T.);
#4971 = EDGE_CURVE('',#1287,#4972,#4974,.T.);
#4972 = VERTEX_POINT('',#4973);
#4973 = CARTESIAN_POINT('',(3.078414909487,-5.844372836957,23.));
#4974 = LINE('',#4975,#4976);
#4975 = CARTESIAN_POINT('',(3.078414909487,-5.844372836957,25.));
#4976 = VECTOR('',#4977,1.);
#4977 = DIRECTION('',(-0.,-0.,-1.));
#4978 = ORIENTED_EDGE('',*,*,#4979,.T.);
#4979 = EDGE_CURVE('',#4972,#4946,#4980,.T.);
#4980 = B_SPLINE_CURVE_WITH_KNOTS('',2,(#4981,#4982,#4983),
  .UNSPECIFIED.,.F.,.F.,(3,3),(0.,1.),.PIECEWISE_BEZIER_KNOTS.);
#4981 = CARTESIAN_POINT('',(3.078414909487,-5.844372836957,23.));
#4982 = CARTESIAN_POINT('',(2.992364837441,-5.746840416207,23.));
#4983 = CARTESIAN_POINT('',(2.824182200553,-5.746840416207,23.));
#4984 = ORIENTED_EDGE('',*,*,#4945,.F.);
#4985 = ORIENTED_EDGE('',*,*,#1294,.F.);
#4986 = SURFACE_OF_LINEAR_EXTRUSION('',#4987,#4991);
#4987 = B_SPLINE_CURVE_WITH_KNOTS('',2,(#4988,#4989,#4990),
  .UNSPECIFIED.,.F.,.F.,(3,3),(0.,1.),.PIECEWISE_BEZIER_KNOTS.);
#4988 = CARTESIAN_POINT('',(3.078414909487,-5.844372836957,25.));
#4989 = CARTESIAN_POINT('',(2.992364837441,-5.746840416207,25.));
#4990 = CARTESIAN_POINT('',(2.824182200553,-5.746840416207,25.));
#4991 = VECTOR('',#4992,1.);
#4992 = DIRECTION('',(0.,0.,1.));
#4993 = ADVANCED_FACE('',(#4994),#5012,.T.);
#4994 = FACE_BOUND('',#4995,.T.);
#4995 = EDGE_LOOP('',(#4996,#5004,#5010,#5011));
#4996 = ORIENTED_EDGE('',*,*,#4997,.T.);
#4997 = EDGE_CURVE('',#1279,#4998,#5000,.T.);
#4998 = VERTEX_POINT('',#4999);
#4999 = CARTESIAN_POINT('',(3.164464981533,-6.15561203004,23.));
#5000 = LINE('',#5001,#5002);
#5001 = CARTESIAN_POINT('',(3.164464981533,-6.15561203004,25.));
#5002 = VECTOR('',#5003,1.);
#5003 = DIRECTION('',(-0.,-0.,-1.));
#5004 = ORIENTED_EDGE('',*,*,#5005,.T.);
#5005 = EDGE_CURVE('',#4998,#4972,#5006,.T.);
#5006 = B_SPLINE_CURVE_WITH_KNOTS('',2,(#5007,#5008,#5009),
  .UNSPECIFIED.,.F.,.F.,(3,3),(0.,1.),.PIECEWISE_BEZIER_KNOTS.);
#5007 = CARTESIAN_POINT('',(3.164464981533,-6.15561203004,23.));
#5008 = CARTESIAN_POINT('',(3.164464981533,-5.941905257706,23.));
#5009 = CARTESIAN_POINT('',(3.078414909487,-5.844372836957,23.));
#5010 = ORIENTED_EDGE('',*,*,#4971,.F.);
#5011 = ORIENTED_EDGE('',*,*,#1286,.F.);
#5012 = SURFACE_OF_LINEAR_EXTRUSION('',#5013,#5017);
#5013 = B_SPLINE_CURVE_WITH_KNOTS('',2,(#5014,#5015,#5016),
  .UNSPECIFIED.,.F.,.F.,(3,3),(0.,1.),.PIECEWISE_BEZIER_KNOTS.);
#5014 = CARTESIAN_POINT('',(3.164464981533,-6.15561203004,25.));
#5015 = CARTESIAN_POINT('',(3.164464981533,-5.941905257706,25.));
#5016 = CARTESIAN_POINT('',(3.078414909487,-5.844372836957,25.));
#5017 = VECTOR('',#5018,1.);
#5018 = DIRECTION('',(0.,0.,1.));
#5019 = ADVANCED_FACE('',(#5020),#5038,.T.);
#5020 = FACE_BOUND('',#5021,.T.);
#5021 = EDGE_LOOP('',(#5022,#5030,#5036,#5037));
#5022 = ORIENTED_EDGE('',*,*,#5023,.T.);
#5023 = EDGE_CURVE('',#1271,#5024,#5026,.T.);
#5024 = VERTEX_POINT('',#5025);
#5025 = CARTESIAN_POINT('',(3.164464981533,-7.510529177014,23.));
#5026 = LINE('',#5027,#5028);
#5027 = CARTESIAN_POINT('',(3.164464981533,-7.510529177014,25.));
#5028 = VECTOR('',#5029,1.);
#5029 = DIRECTION('',(-0.,-0.,-1.));
#5030 = ORIENTED_EDGE('',*,*,#5031,.T.);
#5031 = EDGE_CURVE('',#5024,#4998,#5032,.T.);
#5032 = LINE('',#5033,#5034);
#5033 = CARTESIAN_POINT('',(3.164464981533,-7.510529177014,23.));
#5034 = VECTOR('',#5035,1.);
#5035 = DIRECTION('',(0.,1.,0.));
#5036 = ORIENTED_EDGE('',*,*,#4997,.F.);
#5037 = ORIENTED_EDGE('',*,*,#1278,.F.);
#5038 = PLANE('',#5039);
#5039 = AXIS2_PLACEMENT_3D('',#5040,#5041,#5042);
#5040 = CARTESIAN_POINT('',(3.164464981533,-7.510529177014,25.));
#5041 = DIRECTION('',(1.,0.,0.));
#5042 = DIRECTION('',(0.,1.,0.));
#5043 = ADVANCED_FACE('',(#5044),#5062,.T.);
#5044 = FACE_BOUND('',#5045,.T.);
#5045 = EDGE_LOOP('',(#5046,#5054,#5060,#5061));
#5046 = ORIENTED_EDGE('',*,*,#5047,.T.);
#5047 = EDGE_CURVE('',#1263,#5048,#5050,.T.);
#5048 = VERTEX_POINT('',#5049);
#5049 = CARTESIAN_POINT('',(3.679144376346,-7.510529177014,23.));
#5050 = LINE('',#5051,#5052);
#5051 = CARTESIAN_POINT('',(3.679144376346,-7.510529177014,25.));
#5052 = VECTOR('',#5053,1.);
#5053 = DIRECTION('',(-0.,-0.,-1.));
#5054 = ORIENTED_EDGE('',*,*,#5055,.T.);
#5055 = EDGE_CURVE('',#5048,#5024,#5056,.T.);
#5056 = LINE('',#5057,#5058);
#5057 = CARTESIAN_POINT('',(3.679144376346,-7.510529177014,23.));
#5058 = VECTOR('',#5059,1.);
#5059 = DIRECTION('',(-1.,0.,0.));
#5060 = ORIENTED_EDGE('',*,*,#5023,.F.);
#5061 = ORIENTED_EDGE('',*,*,#1270,.F.);
#5062 = PLANE('',#5063);
#5063 = AXIS2_PLACEMENT_3D('',#5064,#5065,#5066);
#5064 = CARTESIAN_POINT('',(3.679144376346,-7.510529177014,25.));
#5065 = DIRECTION('',(0.,1.,0.));
#5066 = DIRECTION('',(-1.,0.,0.));
#5067 = ADVANCED_FACE('',(#5068),#5086,.T.);
#5068 = FACE_BOUND('',#5069,.T.);
#5069 = EDGE_LOOP('',(#5070,#5078,#5084,#5085));
#5070 = ORIENTED_EDGE('',*,*,#5071,.T.);
#5071 = EDGE_CURVE('',#1255,#5072,#5074,.T.);
#5072 = VERTEX_POINT('',#5073);
#5073 = CARTESIAN_POINT('',(3.679144376346,-6.15561203004,23.));
#5074 = LINE('',#5075,#5076);
#5075 = CARTESIAN_POINT('',(3.679144376346,-6.15561203004,25.));
#5076 = VECTOR('',#5077,1.);
#5077 = DIRECTION('',(-0.,-0.,-1.));
#5078 = ORIENTED_EDGE('',*,*,#5079,.T.);
#5079 = EDGE_CURVE('',#5072,#5048,#5080,.T.);
#5080 = LINE('',#5081,#5082);
#5081 = CARTESIAN_POINT('',(3.679144376346,-6.15561203004,23.));
#5082 = VECTOR('',#5083,1.);
#5083 = DIRECTION('',(0.,-1.,0.));
#5084 = ORIENTED_EDGE('',*,*,#5047,.F.);
#5085 = ORIENTED_EDGE('',*,*,#1262,.F.);
#5086 = PLANE('',#5087);
#5087 = AXIS2_PLACEMENT_3D('',#5088,#5089,#5090);
#5088 = CARTESIAN_POINT('',(3.679144376346,-6.15561203004,25.));
#5089 = DIRECTION('',(-1.,0.,0.));
#5090 = DIRECTION('',(0.,-1.,0.));
#5091 = ADVANCED_FACE('',(#5092),#5110,.T.);
#5092 = FACE_BOUND('',#5093,.T.);
#5093 = EDGE_LOOP('',(#5094,#5102,#5108,#5109));
#5094 = ORIENTED_EDGE('',*,*,#5095,.T.);
#5095 = EDGE_CURVE('',#1247,#5096,#5098,.T.);
#5096 = VERTEX_POINT('',#5097);
#5097 = CARTESIAN_POINT('',(3.708187964242,-5.979324205833,23.));
#5098 = LINE('',#5099,#5100);
#5099 = CARTESIAN_POINT('',(3.708187964242,-5.979324205833,25.));
#5100 = VECTOR('',#5101,1.);
#5101 = DIRECTION('',(-0.,-0.,-1.));
#5102 = ORIENTED_EDGE('',*,*,#5103,.T.);
#5103 = EDGE_CURVE('',#5096,#5072,#5104,.T.);
#5104 = B_SPLINE_CURVE_WITH_KNOTS('',2,(#5105,#5106,#5107),
  .UNSPECIFIED.,.F.,.F.,(3,3),(0.,1.),.PIECEWISE_BEZIER_KNOTS.);
#5105 = CARTESIAN_POINT('',(3.708187964242,-5.979324205833,23.));
#5106 = CARTESIAN_POINT('',(3.679144376346,-6.056053312461,23.));
#5107 = CARTESIAN_POINT('',(3.679144376346,-6.15561203004,23.));
#5108 = ORIENTED_EDGE('',*,*,#5071,.F.);
#5109 = ORIENTED_EDGE('',*,*,#1254,.F.);
#5110 = SURFACE_OF_LINEAR_EXTRUSION('',#5111,#5115);
#5111 = B_SPLINE_CURVE_WITH_KNOTS('',2,(#5112,#5113,#5114),
  .UNSPECIFIED.,.F.,.F.,(3,3),(0.,1.),.PIECEWISE_BEZIER_KNOTS.);
#5112 = CARTESIAN_POINT('',(3.708187964242,-5.979324205833,25.));
#5113 = CARTESIAN_POINT('',(3.679144376346,-6.056053312461,25.));
#5114 = CARTESIAN_POINT('',(3.679144376346,-6.15561203004,25.));
#5115 = VECTOR('',#5116,1.);
#5116 = DIRECTION('',(0.,0.,1.));
#5117 = ADVANCED_FACE('',(#5118),#5136,.T.);
#5118 = FACE_BOUND('',#5119,.T.);
#5119 = EDGE_LOOP('',(#5120,#5128,#5134,#5135));
#5120 = ORIENTED_EDGE('',*,*,#5121,.T.);
#5121 = EDGE_CURVE('',#1239,#5122,#5124,.T.);
#5122 = VERTEX_POINT('',#5123);
#5123 = CARTESIAN_POINT('',(3.788024059343,-5.851667505545,23.));
#5124 = LINE('',#5125,#5126);
#5125 = CARTESIAN_POINT('',(3.788024059343,-5.851667505545,25.));
#5126 = VECTOR('',#5127,1.);
#5127 = DIRECTION('',(-0.,-0.,-1.));
#5128 = ORIENTED_EDGE('',*,*,#5129,.T.);
#5129 = EDGE_CURVE('',#5122,#5096,#5130,.T.);
#5130 = B_SPLINE_CURVE_WITH_KNOTS('',2,(#5131,#5132,#5133),
  .UNSPECIFIED.,.F.,.F.,(3,3),(0.,1.),.PIECEWISE_BEZIER_KNOTS.);
#5131 = CARTESIAN_POINT('',(3.788024059343,-5.851667505545,23.));
#5132 = CARTESIAN_POINT('',(3.737231552138,-5.902460012749,23.));
#5133 = CARTESIAN_POINT('',(3.708187964242,-5.979324205833,23.));
#5134 = ORIENTED_EDGE('',*,*,#5095,.F.);
#5135 = ORIENTED_EDGE('',*,*,#1246,.F.);
#5136 = SURFACE_OF_LINEAR_EXTRUSION('',#5137,#5141);
#5137 = B_SPLINE_CURVE_WITH_KNOTS('',2,(#5138,#5139,#5140),
  .UNSPECIFIED.,.F.,.F.,(3,3),(0.,1.),.PIECEWISE_BEZIER_KNOTS.);
#5138 = CARTESIAN_POINT('',(3.788024059343,-5.851667505545,25.));
#5139 = CARTESIAN_POINT('',(3.737231552138,-5.902460012749,25.));
#5140 = CARTESIAN_POINT('',(3.708187964242,-5.979324205833,25.));
#5141 = VECTOR('',#5142,1.);
#5142 = DIRECTION('',(0.,0.,1.));
#5143 = ADVANCED_FACE('',(#5144),#5162,.T.);
#5144 = FACE_BOUND('',#5145,.T.);
#5145 = EDGE_LOOP('',(#5146,#5154,#5160,#5161));
#5146 = ORIENTED_EDGE('',*,*,#5147,.T.);
#5147 = EDGE_CURVE('',#1231,#5148,#5150,.T.);
#5148 = VERTEX_POINT('',#5149);
#5149 = CARTESIAN_POINT('',(3.906224707758,-5.773857707274,23.));
#5150 = LINE('',#5151,#5152);
#5151 = CARTESIAN_POINT('',(3.906224707758,-5.773857707274,25.));
#5152 = VECTOR('',#5153,1.);
#5153 = DIRECTION('',(-0.,-0.,-1.));
#5154 = ORIENTED_EDGE('',*,*,#5155,.T.);
#5155 = EDGE_CURVE('',#5148,#5122,#5156,.T.);
#5156 = B_SPLINE_CURVE_WITH_KNOTS('',2,(#5157,#5158,#5159),
  .UNSPECIFIED.,.F.,.F.,(3,3),(0.,1.),.PIECEWISE_BEZIER_KNOTS.);
#5157 = CARTESIAN_POINT('',(3.906224707758,-5.773857707274,23.));
#5158 = CARTESIAN_POINT('',(3.838816566547,-5.800739911885,23.));
#5159 = CARTESIAN_POINT('',(3.788024059343,-5.851667505545,23.));
#5160 = ORIENTED_EDGE('',*,*,#5121,.F.);
#5161 = ORIENTED_EDGE('',*,*,#1238,.F.);
#5162 = SURFACE_OF_LINEAR_EXTRUSION('',#5163,#5167);
#5163 = B_SPLINE_CURVE_WITH_KNOTS('',2,(#5164,#5165,#5166),
  .UNSPECIFIED.,.F.,.F.,(3,3),(0.,1.),.PIECEWISE_BEZIER_KNOTS.);
#5164 = CARTESIAN_POINT('',(3.906224707758,-5.773857707274,25.));
#5165 = CARTESIAN_POINT('',(3.838816566547,-5.800739911885,25.));
#5166 = CARTESIAN_POINT('',(3.788024059343,-5.851667505545,25.));
#5167 = VECTOR('',#5168,1.);
#5168 = DIRECTION('',(0.,0.,1.));
#5169 = ADVANCED_FACE('',(#5170),#5188,.T.);
#5170 = FACE_BOUND('',#5171,.T.);
#5171 = EDGE_LOOP('',(#5172,#5180,#5186,#5187));
#5172 = ORIENTED_EDGE('',*,*,#5173,.T.);
#5173 = EDGE_CURVE('',#1223,#5174,#5176,.T.);
#5174 = VERTEX_POINT('',#5175);
#5175 = CARTESIAN_POINT('',(4.052658425337,-5.746840416207,23.));
#5176 = LINE('',#5177,#5178);
#5177 = CARTESIAN_POINT('',(4.052658425337,-5.746840416207,25.));
#5178 = VECTOR('',#5179,1.);
#5179 = DIRECTION('',(-0.,-0.,-1.));
#5180 = ORIENTED_EDGE('',*,*,#5181,.T.);
#5181 = EDGE_CURVE('',#5174,#5148,#5182,.T.);
#5182 = B_SPLINE_CURVE_WITH_KNOTS('',2,(#5183,#5184,#5185),
  .UNSPECIFIED.,.F.,.F.,(3,3),(0.,1.),.PIECEWISE_BEZIER_KNOTS.);
#5183 = CARTESIAN_POINT('',(4.052658425337,-5.746840416207,23.));
#5184 = CARTESIAN_POINT('',(3.973767935423,-5.746840416207,23.));
#5185 = CARTESIAN_POINT('',(3.906224707758,-5.773857707274,23.));
#5186 = ORIENTED_EDGE('',*,*,#5147,.F.);
#5187 = ORIENTED_EDGE('',*,*,#1230,.F.);
#5188 = SURFACE_OF_LINEAR_EXTRUSION('',#5189,#5193);
#5189 = B_SPLINE_CURVE_WITH_KNOTS('',2,(#5190,#5191,#5192),
  .UNSPECIFIED.,.F.,.F.,(3,3),(0.,1.),.PIECEWISE_BEZIER_KNOTS.);
#5190 = CARTESIAN_POINT('',(4.052658425337,-5.746840416207,25.));
#5191 = CARTESIAN_POINT('',(3.973767935423,-5.746840416207,25.));
#5192 = CARTESIAN_POINT('',(3.906224707758,-5.773857707274,25.));
#5193 = VECTOR('',#5194,1.);
#5194 = DIRECTION('',(0.,0.,1.));
#5195 = ADVANCED_FACE('',(#5196),#5214,.T.);
#5196 = FACE_BOUND('',#5197,.T.);
#5197 = EDGE_LOOP('',(#5198,#5206,#5212,#5213));
#5198 = ORIENTED_EDGE('',*,*,#5199,.T.);
#5199 = EDGE_CURVE('',#1215,#5200,#5202,.T.);
#5200 = VERTEX_POINT('',#5201);
#5201 = CARTESIAN_POINT('',(4.313915629948,-5.849641208715,23.));
#5202 = LINE('',#5203,#5204);
#5203 = CARTESIAN_POINT('',(4.313915629948,-5.849641208715,25.));
#5204 = VECTOR('',#5205,1.);
#5205 = DIRECTION('',(-0.,-0.,-1.));
#5206 = ORIENTED_EDGE('',*,*,#5207,.T.);
#5207 = EDGE_CURVE('',#5200,#5174,#5208,.T.);
#5208 = B_SPLINE_CURVE_WITH_KNOTS('',2,(#5209,#5210,#5211),
  .UNSPECIFIED.,.F.,.F.,(3,3),(0.,1.),.PIECEWISE_BEZIER_KNOTS.);
#5209 = CARTESIAN_POINT('',(4.313915629948,-5.849641208715,23.));
#5210 = CARTESIAN_POINT('',(4.224758569429,-5.746840416207,23.));
#5211 = CARTESIAN_POINT('',(4.052658425337,-5.746840416207,23.));
#5212 = ORIENTED_EDGE('',*,*,#5173,.F.);
#5213 = ORIENTED_EDGE('',*,*,#1222,.F.);
#5214 = SURFACE_OF_LINEAR_EXTRUSION('',#5215,#5219);
#5215 = B_SPLINE_CURVE_WITH_KNOTS('',2,(#5216,#5217,#5218),
  .UNSPECIFIED.,.F.,.F.,(3,3),(0.,1.),.PIECEWISE_BEZIER_KNOTS.);
#5216 = CARTESIAN_POINT('',(4.313915629948,-5.849641208715,25.));
#5217 = CARTESIAN_POINT('',(4.224758569429,-5.746840416207,25.));
#5218 = CARTESIAN_POINT('',(4.052658425337,-5.746840416207,25.));
#5219 = VECTOR('',#5220,1.);
#5220 = DIRECTION('',(0.,0.,1.));
#5221 = ADVANCED_FACE('',(#5222),#5240,.T.);
#5222 = FACE_BOUND('',#5223,.T.);
#5223 = EDGE_LOOP('',(#5224,#5232,#5238,#5239));
#5224 = ORIENTED_EDGE('',*,*,#5225,.T.);
#5225 = EDGE_CURVE('',#1207,#5226,#5228,.T.);
#5226 = VERTEX_POINT('',#5227);
#5227 = CARTESIAN_POINT('',(4.403207776922,-6.15561203004,23.));
#5228 = LINE('',#5229,#5230);
#5229 = CARTESIAN_POINT('',(4.403207776922,-6.15561203004,25.));
#5230 = VECTOR('',#5231,1.);
#5231 = DIRECTION('',(-0.,-0.,-1.));
#5232 = ORIENTED_EDGE('',*,*,#5233,.T.);
#5233 = EDGE_CURVE('',#5226,#5200,#5234,.T.);
#5234 = B_SPLINE_CURVE_WITH_KNOTS('',2,(#5235,#5236,#5237),
  .UNSPECIFIED.,.F.,.F.,(3,3),(0.,1.),.PIECEWISE_BEZIER_KNOTS.);
#5235 = CARTESIAN_POINT('',(4.403207776922,-6.15561203004,23.));
#5236 = CARTESIAN_POINT('',(4.403207776922,-5.952306914767,23.));
#5237 = CARTESIAN_POINT('',(4.313915629948,-5.849641208715,23.));
#5238 = ORIENTED_EDGE('',*,*,#5199,.F.);
#5239 = ORIENTED_EDGE('',*,*,#1214,.F.);
#5240 = SURFACE_OF_LINEAR_EXTRUSION('',#5241,#5245);
#5241 = B_SPLINE_CURVE_WITH_KNOTS('',2,(#5242,#5243,#5244),
  .UNSPECIFIED.,.F.,.F.,(3,3),(0.,1.),.PIECEWISE_BEZIER_KNOTS.);
#5242 = CARTESIAN_POINT('',(4.403207776922,-6.15561203004,25.));
#5243 = CARTESIAN_POINT('',(4.403207776922,-5.952306914767,25.));
#5244 = CARTESIAN_POINT('',(4.313915629948,-5.849641208715,25.));
#5245 = VECTOR('',#5246,1.);
#5246 = DIRECTION('',(0.,0.,1.));
#5247 = ADVANCED_FACE('',(#5248),#5266,.T.);
#5248 = FACE_BOUND('',#5249,.T.);
#5249 = EDGE_LOOP('',(#5250,#5258,#5264,#5265));
#5250 = ORIENTED_EDGE('',*,*,#5251,.T.);
#5251 = EDGE_CURVE('',#1199,#5252,#5254,.T.);
#5252 = VERTEX_POINT('',#5253);
#5253 = CARTESIAN_POINT('',(4.403207776922,-7.510529177014,23.));
#5254 = LINE('',#5255,#5256);
#5255 = CARTESIAN_POINT('',(4.403207776922,-7.510529177014,25.));
#5256 = VECTOR('',#5257,1.);
#5257 = DIRECTION('',(-0.,-0.,-1.));
#5258 = ORIENTED_EDGE('',*,*,#5259,.T.);
#5259 = EDGE_CURVE('',#5252,#5226,#5260,.T.);
#5260 = LINE('',#5261,#5262);
#5261 = CARTESIAN_POINT('',(4.403207776922,-7.510529177014,23.));
#5262 = VECTOR('',#5263,1.);
#5263 = DIRECTION('',(0.,1.,0.));
#5264 = ORIENTED_EDGE('',*,*,#5225,.F.);
#5265 = ORIENTED_EDGE('',*,*,#1206,.F.);
#5266 = PLANE('',#5267);
#5267 = AXIS2_PLACEMENT_3D('',#5268,#5269,#5270);
#5268 = CARTESIAN_POINT('',(4.403207776922,-7.510529177014,25.));
#5269 = DIRECTION('',(1.,0.,0.));
#5270 = DIRECTION('',(0.,1.,0.));
#5271 = ADVANCED_FACE('',(#5272),#5290,.T.);
#5272 = FACE_BOUND('',#5273,.T.);
#5273 = EDGE_LOOP('',(#5274,#5282,#5288,#5289));
#5274 = ORIENTED_EDGE('',*,*,#5275,.T.);
#5275 = EDGE_CURVE('',#1191,#5276,#5278,.T.);
#5276 = VERTEX_POINT('',#5277);
#5277 = CARTESIAN_POINT('',(4.915725788449,-7.510529177014,23.));
#5278 = LINE('',#5279,#5280);
#5279 = CARTESIAN_POINT('',(4.915725788449,-7.510529177014,25.));
#5280 = VECTOR('',#5281,1.);
#5281 = DIRECTION('',(-0.,-0.,-1.));
#5282 = ORIENTED_EDGE('',*,*,#5283,.T.);
#5283 = EDGE_CURVE('',#5276,#5252,#5284,.T.);
#5284 = LINE('',#5285,#5286);
#5285 = CARTESIAN_POINT('',(4.915725788449,-7.510529177014,23.));
#5286 = VECTOR('',#5287,1.);
#5287 = DIRECTION('',(-1.,0.,0.));
#5288 = ORIENTED_EDGE('',*,*,#5251,.F.);
#5289 = ORIENTED_EDGE('',*,*,#1198,.F.);
#5290 = PLANE('',#5291);
#5291 = AXIS2_PLACEMENT_3D('',#5292,#5293,#5294);
#5292 = CARTESIAN_POINT('',(4.915725788449,-7.510529177014,25.));
#5293 = DIRECTION('',(0.,1.,0.));
#5294 = DIRECTION('',(-1.,0.,0.));
#5295 = ADVANCED_FACE('',(#5296),#5314,.T.);
#5296 = FACE_BOUND('',#5297,.T.);
#5297 = EDGE_LOOP('',(#5298,#5306,#5312,#5313));
#5298 = ORIENTED_EDGE('',*,*,#5299,.T.);
#5299 = EDGE_CURVE('',#1183,#5300,#5302,.T.);
#5300 = VERTEX_POINT('',#5301);
#5301 = CARTESIAN_POINT('',(4.915725788449,-6.156017289406,23.));
#5302 = LINE('',#5303,#5304);
#5303 = CARTESIAN_POINT('',(4.915725788449,-6.156017289406,25.));
#5304 = VECTOR('',#5305,1.);
#5305 = DIRECTION('',(-0.,-0.,-1.));
#5306 = ORIENTED_EDGE('',*,*,#5307,.T.);
#5307 = EDGE_CURVE('',#5300,#5276,#5308,.T.);
#5308 = LINE('',#5309,#5310);
#5309 = CARTESIAN_POINT('',(4.915725788449,-6.156017289406,23.));
#5310 = VECTOR('',#5311,1.);
#5311 = DIRECTION('',(0.,-1.,0.));
#5312 = ORIENTED_EDGE('',*,*,#5275,.F.);
#5313 = ORIENTED_EDGE('',*,*,#1190,.F.);
#5314 = PLANE('',#5315);
#5315 = AXIS2_PLACEMENT_3D('',#5316,#5317,#5318);
#5316 = CARTESIAN_POINT('',(4.915725788449,-6.156017289406,25.));
#5317 = DIRECTION('',(-1.,0.,0.));
#5318 = DIRECTION('',(0.,-1.,0.));
#5319 = ADVANCED_FACE('',(#5320),#5338,.T.);
#5320 = FACE_BOUND('',#5321,.T.);
#5321 = EDGE_LOOP('',(#5322,#5330,#5336,#5337));
#5322 = ORIENTED_EDGE('',*,*,#5323,.T.);
#5323 = EDGE_CURVE('',#1175,#5324,#5326,.T.);
#5324 = VERTEX_POINT('',#5325);
#5325 = CARTESIAN_POINT('',(4.866959578075,-5.813843298052,23.));
#5326 = LINE('',#5327,#5328);
#5327 = CARTESIAN_POINT('',(4.866959578075,-5.813843298052,25.));
#5328 = VECTOR('',#5329,1.);
#5329 = DIRECTION('',(-0.,-0.,-1.));
#5330 = ORIENTED_EDGE('',*,*,#5331,.T.);
#5331 = EDGE_CURVE('',#5324,#5300,#5332,.T.);
#5332 = B_SPLINE_CURVE_WITH_KNOTS('',2,(#5333,#5334,#5335),
  .UNSPECIFIED.,.F.,.F.,(3,3),(0.,1.),.PIECEWISE_BEZIER_KNOTS.);
#5333 = CARTESIAN_POINT('',(4.866959578075,-5.813843298052,23.));
#5334 = CARTESIAN_POINT('',(4.915725788449,-5.963113831193,23.));
#5335 = CARTESIAN_POINT('',(4.915725788449,-6.156017289406,23.));
#5336 = ORIENTED_EDGE('',*,*,#5299,.F.);
#5337 = ORIENTED_EDGE('',*,*,#1182,.F.);
#5338 = SURFACE_OF_LINEAR_EXTRUSION('',#5339,#5343);
#5339 = B_SPLINE_CURVE_WITH_KNOTS('',2,(#5340,#5341,#5342),
  .UNSPECIFIED.,.F.,.F.,(3,3),(0.,1.),.PIECEWISE_BEZIER_KNOTS.);
#5340 = CARTESIAN_POINT('',(4.866959578075,-5.813843298052,25.));
#5341 = CARTESIAN_POINT('',(4.915725788449,-5.963113831193,25.));
#5342 = CARTESIAN_POINT('',(4.915725788449,-6.156017289406,25.));
#5343 = VECTOR('',#5344,1.);
#5344 = DIRECTION('',(0.,0.,1.));
#5345 = ADVANCED_FACE('',(#5346),#5364,.T.);
#5346 = FACE_BOUND('',#5347,.T.);
#5347 = EDGE_LOOP('',(#5348,#5356,#5362,#5363));
#5348 = ORIENTED_EDGE('',*,*,#5349,.T.);
#5349 = EDGE_CURVE('',#1167,#5350,#5352,.T.);
#5350 = VERTEX_POINT('',#5351);
#5351 = CARTESIAN_POINT('',(4.724848627066,-5.560691280761,23.));
#5352 = LINE('',#5353,#5354);
#5353 = CARTESIAN_POINT('',(4.724848627066,-5.560691280761,25.));
#5354 = VECTOR('',#5355,1.);
#5355 = DIRECTION('',(-0.,-0.,-1.));
#5356 = ORIENTED_EDGE('',*,*,#5357,.T.);
#5357 = EDGE_CURVE('',#5350,#5324,#5358,.T.);
#5358 = B_SPLINE_CURVE_WITH_KNOTS('',2,(#5359,#5360,#5361),
  .UNSPECIFIED.,.F.,.F.,(3,3),(0.,1.),.PIECEWISE_BEZIER_KNOTS.);
#5359 = CARTESIAN_POINT('',(4.724848627066,-5.560691280761,23.));
#5360 = CARTESIAN_POINT('',(4.8181933677,-5.664437678455,23.));
#5361 = CARTESIAN_POINT('',(4.866959578075,-5.813843298052,23.));
#5362 = ORIENTED_EDGE('',*,*,#5323,.F.);
#5363 = ORIENTED_EDGE('',*,*,#1174,.F.);
#5364 = SURFACE_OF_LINEAR_EXTRUSION('',#5365,#5369);
#5365 = B_SPLINE_CURVE_WITH_KNOTS('',2,(#5366,#5367,#5368),
  .UNSPECIFIED.,.F.,.F.,(3,3),(0.,1.),.PIECEWISE_BEZIER_KNOTS.);
#5366 = CARTESIAN_POINT('',(4.724848627066,-5.560691280761,25.));
#5367 = CARTESIAN_POINT('',(4.8181933677,-5.664437678455,25.));
#5368 = CARTESIAN_POINT('',(4.866959578075,-5.813843298052,25.));
#5369 = VECTOR('',#5370,1.);
#5370 = DIRECTION('',(0.,0.,1.));
#5371 = ADVANCED_FACE('',(#5372),#5390,.T.);
#5372 = FACE_BOUND('',#5373,.T.);
#5373 = EDGE_LOOP('',(#5374,#5382,#5388,#5389));
#5374 = ORIENTED_EDGE('',*,*,#5375,.T.);
#5375 = EDGE_CURVE('',#1159,#5376,#5378,.T.);
#5376 = VERTEX_POINT('',#5377);
#5377 = CARTESIAN_POINT('',(4.494526220726,-5.403045387389,23.));
#5378 = LINE('',#5379,#5380);
#5379 = CARTESIAN_POINT('',(4.494526220726,-5.403045387389,25.));
#5380 = VECTOR('',#5381,1.);
#5381 = DIRECTION('',(-0.,-0.,-1.));
#5382 = ORIENTED_EDGE('',*,*,#5383,.T.);
#5383 = EDGE_CURVE('',#5376,#5350,#5384,.T.);
#5384 = B_SPLINE_CURVE_WITH_KNOTS('',2,(#5385,#5386,#5387),
  .UNSPECIFIED.,.F.,.F.,(3,3),(0.,1.),.PIECEWISE_BEZIER_KNOTS.);
#5385 = CARTESIAN_POINT('',(4.494526220726,-5.403045387389,23.));
#5386 = CARTESIAN_POINT('',(4.631503886432,-5.456944883066,23.));
#5387 = CARTESIAN_POINT('',(4.724848627066,-5.560691280761,23.));
#5388 = ORIENTED_EDGE('',*,*,#5349,.F.);
#5389 = ORIENTED_EDGE('',*,*,#1166,.F.);
#5390 = SURFACE_OF_LINEAR_EXTRUSION('',#5391,#5395);
#5391 = B_SPLINE_CURVE_WITH_KNOTS('',2,(#5392,#5393,#5394),
  .UNSPECIFIED.,.F.,.F.,(3,3),(0.,1.),.PIECEWISE_BEZIER_KNOTS.);
#5392 = CARTESIAN_POINT('',(4.494526220726,-5.403045387389,25.));
#5393 = CARTESIAN_POINT('',(4.631503886432,-5.456944883066,25.));
#5394 = CARTESIAN_POINT('',(4.724848627066,-5.560691280761,25.));
#5395 = VECTOR('',#5396,1.);
#5396 = DIRECTION('',(0.,0.,1.));
#5397 = ADVANCED_FACE('',(#5398),#5416,.T.);
#5398 = FACE_BOUND('',#5399,.T.);
#5399 = EDGE_LOOP('',(#5400,#5408,#5414,#5415));
#5400 = ORIENTED_EDGE('',*,*,#5401,.T.);
#5401 = EDGE_CURVE('',#1151,#5402,#5404,.T.);
#5402 = VERTEX_POINT('',#5403);
#5403 = CARTESIAN_POINT('',(4.181260730812,-5.349145891712,23.));
#5404 = LINE('',#5405,#5406);
#5405 = CARTESIAN_POINT('',(4.181260730812,-5.349145891712,25.));
#5406 = VECTOR('',#5407,1.);
#5407 = DIRECTION('',(-0.,-0.,-1.));
#5408 = ORIENTED_EDGE('',*,*,#5409,.T.);
#5409 = EDGE_CURVE('',#5402,#5376,#5410,.T.);
#5410 = B_SPLINE_CURVE_WITH_KNOTS('',2,(#5411,#5412,#5413),
  .UNSPECIFIED.,.F.,.F.,(3,3),(0.,1.),.PIECEWISE_BEZIER_KNOTS.);
#5411 = CARTESIAN_POINT('',(4.181260730812,-5.349145891712,23.));
#5412 = CARTESIAN_POINT('',(4.35754855502,-5.349145891712,23.));
#5413 = CARTESIAN_POINT('',(4.494526220726,-5.403045387389,23.));
#5414 = ORIENTED_EDGE('',*,*,#5375,.F.);
#5415 = ORIENTED_EDGE('',*,*,#1158,.F.);
#5416 = SURFACE_OF_LINEAR_EXTRUSION('',#5417,#5421);
#5417 = B_SPLINE_CURVE_WITH_KNOTS('',2,(#5418,#5419,#5420),
  .UNSPECIFIED.,.F.,.F.,(3,3),(0.,1.),.PIECEWISE_BEZIER_KNOTS.);
#5418 = CARTESIAN_POINT('',(4.181260730812,-5.349145891712,25.));
#5419 = CARTESIAN_POINT('',(4.35754855502,-5.349145891712,25.));
#5420 = CARTESIAN_POINT('',(4.494526220726,-5.403045387389,25.));
#5421 = VECTOR('',#5422,1.);
#5422 = DIRECTION('',(0.,0.,1.));
#5423 = ADVANCED_FACE('',(#5424),#5442,.T.);
#5424 = FACE_BOUND('',#5425,.T.);
#5425 = EDGE_LOOP('',(#5426,#5434,#5440,#5441));
#5426 = ORIENTED_EDGE('',*,*,#5427,.T.);
#5427 = EDGE_CURVE('',#1143,#5428,#5430,.T.);
#5428 = VERTEX_POINT('',#5429);
#5429 = CARTESIAN_POINT('',(3.978901220726,-5.371975502663,23.));
#5430 = LINE('',#5431,#5432);
#5431 = CARTESIAN_POINT('',(3.978901220726,-5.371975502663,25.));
#5432 = VECTOR('',#5433,1.);
#5433 = DIRECTION('',(-0.,-0.,-1.));
#5434 = ORIENTED_EDGE('',*,*,#5435,.T.);
#5435 = EDGE_CURVE('',#5428,#5402,#5436,.T.);
#5436 = B_SPLINE_CURVE_WITH_KNOTS('',2,(#5437,#5438,#5439),
  .UNSPECIFIED.,.F.,.F.,(3,3),(0.,1.),.PIECEWISE_BEZIER_KNOTS.);
#5437 = CARTESIAN_POINT('',(3.978901220726,-5.371975502663,23.));
#5438 = CARTESIAN_POINT('',(4.079540629948,-5.349145891712,23.));
#5439 = CARTESIAN_POINT('',(4.181260730812,-5.349145891712,23.));
#5440 = ORIENTED_EDGE('',*,*,#5401,.F.);
#5441 = ORIENTED_EDGE('',*,*,#1150,.F.);
#5442 = SURFACE_OF_LINEAR_EXTRUSION('',#5443,#5447);
#5443 = B_SPLINE_CURVE_WITH_KNOTS('',2,(#5444,#5445,#5446),
  .UNSPECIFIED.,.F.,.F.,(3,3),(0.,1.),.PIECEWISE_BEZIER_KNOTS.);
#5444 = CARTESIAN_POINT('',(3.978901220726,-5.371975502663,25.));
#5445 = CARTESIAN_POINT('',(4.079540629948,-5.349145891712,25.));
#5446 = CARTESIAN_POINT('',(4.181260730812,-5.349145891712,25.));
#5447 = VECTOR('',#5448,1.);
#5448 = DIRECTION('',(0.,0.,1.));
#5449 = ADVANCED_FACE('',(#5450),#5468,.T.);
#5450 = FACE_BOUND('',#5451,.T.);
#5451 = EDGE_LOOP('',(#5452,#5460,#5466,#5467));
#5452 = ORIENTED_EDGE('',*,*,#5453,.T.);
#5453 = EDGE_CURVE('',#1135,#5454,#5456,.T.);
#5454 = VERTEX_POINT('',#5455);
#5455 = CARTESIAN_POINT('',(3.78896966453,-5.44235554589,23.));
#5456 = LINE('',#5457,#5458);
#5457 = CARTESIAN_POINT('',(3.78896966453,-5.44235554589,25.));
#5458 = VECTOR('',#5459,1.);
#5459 = DIRECTION('',(-0.,-0.,-1.));
#5460 = ORIENTED_EDGE('',*,*,#5461,.T.);
#5461 = EDGE_CURVE('',#5454,#5428,#5462,.T.);
#5462 = B_SPLINE_CURVE_WITH_KNOTS('',2,(#5463,#5464,#5465),
  .UNSPECIFIED.,.F.,.F.,(3,3),(0.,1.),.PIECEWISE_BEZIER_KNOTS.);
#5463 = CARTESIAN_POINT('',(3.78896966453,-5.44235554589,23.));
#5464 = CARTESIAN_POINT('',(3.878261811504,-5.394670027158,23.));
#5465 = CARTESIAN_POINT('',(3.978901220726,-5.371975502663,23.));
#5466 = ORIENTED_EDGE('',*,*,#5427,.F.);
#5467 = ORIENTED_EDGE('',*,*,#1142,.F.);
#5468 = SURFACE_OF_LINEAR_EXTRUSION('',#5469,#5473);
#5469 = B_SPLINE_CURVE_WITH_KNOTS('',2,(#5470,#5471,#5472),
  .UNSPECIFIED.,.F.,.F.,(3,3),(0.,1.),.PIECEWISE_BEZIER_KNOTS.);
#5470 = CARTESIAN_POINT('',(3.78896966453,-5.44235554589,25.));
#5471 = CARTESIAN_POINT('',(3.878261811504,-5.394670027158,25.));
#5472 = CARTESIAN_POINT('',(3.978901220726,-5.371975502663,25.));
#5473 = VECTOR('',#5474,1.);
#5474 = DIRECTION('',(0.,0.,1.));
#5475 = ADVANCED_FACE('',(#5476),#5494,.T.);
#5476 = FACE_BOUND('',#5477,.T.);
#5477 = EDGE_LOOP('',(#5478,#5486,#5492,#5493));
#5478 = ORIENTED_EDGE('',*,*,#5479,.T.);
#5479 = EDGE_CURVE('',#1127,#5480,#5482,.T.);
#5480 = VERTEX_POINT('',#5481);
#5481 = CARTESIAN_POINT('',(3.625109794213,-5.565689479608,23.));
#5482 = LINE('',#5483,#5484);
#5483 = CARTESIAN_POINT('',(3.625109794213,-5.565689479608,25.));
#5484 = VECTOR('',#5485,1.);
#5485 = DIRECTION('',(-0.,-0.,-1.));
#5486 = ORIENTED_EDGE('',*,*,#5487,.T.);
#5487 = EDGE_CURVE('',#5480,#5454,#5488,.T.);
#5488 = B_SPLINE_CURVE_WITH_KNOTS('',2,(#5489,#5490,#5491),
  .UNSPECIFIED.,.F.,.F.,(3,3),(0.,1.),.PIECEWISE_BEZIER_KNOTS.);
#5489 = CARTESIAN_POINT('',(3.625109794213,-5.565689479608,23.));
#5490 = CARTESIAN_POINT('',(3.699812604011,-5.490041064622,23.));
#5491 = CARTESIAN_POINT('',(3.78896966453,-5.44235554589,23.));
#5492 = ORIENTED_EDGE('',*,*,#5453,.F.);
#5493 = ORIENTED_EDGE('',*,*,#1134,.F.);
#5494 = SURFACE_OF_LINEAR_EXTRUSION('',#5495,#5499);
#5495 = B_SPLINE_CURVE_WITH_KNOTS('',2,(#5496,#5497,#5498),
  .UNSPECIFIED.,.F.,.F.,(3,3),(0.,1.),.PIECEWISE_BEZIER_KNOTS.);
#5496 = CARTESIAN_POINT('',(3.625109794213,-5.565689479608,25.));
#5497 = CARTESIAN_POINT('',(3.699812604011,-5.490041064622,25.));
#5498 = CARTESIAN_POINT('',(3.78896966453,-5.44235554589,25.));
#5499 = VECTOR('',#5500,1.);
#5500 = DIRECTION('',(0.,0.,1.));
#5501 = ADVANCED_FACE('',(#5502),#5520,.T.);
#5502 = FACE_BOUND('',#5503,.T.);
#5503 = EDGE_LOOP('',(#5504,#5512,#5518,#5519));
#5504 = ORIENTED_EDGE('',*,*,#5505,.T.);
#5505 = EDGE_CURVE('',#1119,#5506,#5508,.T.);
#5506 = VERTEX_POINT('',#5507);
#5507 = CARTESIAN_POINT('',(3.500695168853,-5.746840416207,23.));
#5508 = LINE('',#5509,#5510);
#5509 = CARTESIAN_POINT('',(3.500695168853,-5.746840416207,25.));
#5510 = VECTOR('',#5511,1.);
#5511 = DIRECTION('',(-0.,-0.,-1.));
#5512 = ORIENTED_EDGE('',*,*,#5513,.T.);
#5513 = EDGE_CURVE('',#5506,#5480,#5514,.T.);
#5514 = B_SPLINE_CURVE_WITH_KNOTS('',2,(#5515,#5516,#5517),
  .UNSPECIFIED.,.F.,.F.,(3,3),(0.,1.),.PIECEWISE_BEZIER_KNOTS.);
#5515 = CARTESIAN_POINT('',(3.500695168853,-5.746840416207,23.));
#5516 = CARTESIAN_POINT('',(3.550406984415,-5.641202808138,23.));
#5517 = CARTESIAN_POINT('',(3.625109794213,-5.565689479608,23.));
#5518 = ORIENTED_EDGE('',*,*,#5479,.F.);
#5519 = ORIENTED_EDGE('',*,*,#1126,.F.);
#5520 = SURFACE_OF_LINEAR_EXTRUSION('',#5521,#5525);
#5521 = B_SPLINE_CURVE_WITH_KNOTS('',2,(#5522,#5523,#5524),
  .UNSPECIFIED.,.F.,.F.,(3,3),(0.,1.),.PIECEWISE_BEZIER_KNOTS.);
#5522 = CARTESIAN_POINT('',(3.500695168853,-5.746840416207,25.));
#5523 = CARTESIAN_POINT('',(3.550406984415,-5.641202808138,25.));
#5524 = CARTESIAN_POINT('',(3.625109794213,-5.565689479608,25.));
#5525 = VECTOR('',#5526,1.);
#5526 = DIRECTION('',(0.,0.,1.));
#5527 = ADVANCED_FACE('',(#5528),#5546,.T.);
#5528 = FACE_BOUND('',#5529,.T.);
#5529 = EDGE_LOOP('',(#5530,#5538,#5544,#5545));
#5530 = ORIENTED_EDGE('',*,*,#5531,.T.);
#5531 = EDGE_CURVE('',#1111,#5532,#5534,.T.);
#5532 = VERTEX_POINT('',#5533);
#5533 = CARTESIAN_POINT('',(3.306711018997,-5.457890488254,23.));
#5534 = LINE('',#5535,#5536);
#5535 = CARTESIAN_POINT('',(3.306711018997,-5.457890488254,25.));
#5536 = VECTOR('',#5537,1.);
#5537 = DIRECTION('',(-0.,-0.,-1.));
#5538 = ORIENTED_EDGE('',*,*,#5539,.T.);
#5539 = EDGE_CURVE('',#5532,#5506,#5540,.T.);
#5540 = B_SPLINE_CURVE_WITH_KNOTS('',2,(#5541,#5542,#5543),
  .UNSPECIFIED.,.F.,.F.,(3,3),(0.,1.),.PIECEWISE_BEZIER_KNOTS.);
#5541 = CARTESIAN_POINT('',(3.306711018997,-5.457890488254,23.));
#5542 = CARTESIAN_POINT('',(3.436394016115,-5.566635084795,23.));
#5543 = CARTESIAN_POINT('',(3.500695168853,-5.746840416207,23.));
#5544 = ORIENTED_EDGE('',*,*,#5505,.F.);
#5545 = ORIENTED_EDGE('',*,*,#1118,.F.);
#5546 = SURFACE_OF_LINEAR_EXTRUSION('',#5547,#5551);
#5547 = B_SPLINE_CURVE_WITH_KNOTS('',2,(#5548,#5549,#5550),
  .UNSPECIFIED.,.F.,.F.,(3,3),(0.,1.),.PIECEWISE_BEZIER_KNOTS.);
#5548 = CARTESIAN_POINT('',(3.306711018997,-5.457890488254,25.));
#5549 = CARTESIAN_POINT('',(3.436394016115,-5.566635084795,25.));
#5550 = CARTESIAN_POINT('',(3.500695168853,-5.746840416207,25.));
#5551 = VECTOR('',#5552,1.);
#5552 = DIRECTION('',(0.,0.,1.));
#5553 = ADVANCED_FACE('',(#5554),#5572,.T.);
#5554 = FACE_BOUND('',#5555,.T.);
#5555 = EDGE_LOOP('',(#5556,#5564,#5570,#5571));
#5556 = ORIENTED_EDGE('',*,*,#5557,.T.);
#5557 = EDGE_CURVE('',#1103,#5558,#5560,.T.);
#5558 = VERTEX_POINT('',#5559);
#5559 = CARTESIAN_POINT('',(2.975749203435,-5.349145891712,23.));
#5560 = LINE('',#5561,#5562);
#5561 = CARTESIAN_POINT('',(2.975749203435,-5.349145891712,25.));
#5562 = VECTOR('',#5563,1.);
#5563 = DIRECTION('',(-0.,-0.,-1.));
#5564 = ORIENTED_EDGE('',*,*,#5565,.T.);
#5565 = EDGE_CURVE('',#5558,#5532,#5566,.T.);
#5566 = B_SPLINE_CURVE_WITH_KNOTS('',2,(#5567,#5568,#5569),
  .UNSPECIFIED.,.F.,.F.,(3,3),(0.,1.),.PIECEWISE_BEZIER_KNOTS.);
#5567 = CARTESIAN_POINT('',(2.975749203435,-5.349145891712,23.));
#5568 = CARTESIAN_POINT('',(3.177028021879,-5.349145891712,23.));
#5569 = CARTESIAN_POINT('',(3.306711018997,-5.457890488254,23.));
#5570 = ORIENTED_EDGE('',*,*,#5531,.F.);
#5571 = ORIENTED_EDGE('',*,*,#1110,.F.);
#5572 = SURFACE_OF_LINEAR_EXTRUSION('',#5573,#5577);
#5573 = B_SPLINE_CURVE_WITH_KNOTS('',2,(#5574,#5575,#5576),
  .UNSPECIFIED.,.F.,.F.,(3,3),(0.,1.),.PIECEWISE_BEZIER_KNOTS.);
#5574 = CARTESIAN_POINT('',(2.975749203435,-5.349145891712,25.));
#5575 = CARTESIAN_POINT('',(3.177028021879,-5.349145891712,25.));
#5576 = CARTESIAN_POINT('',(3.306711018997,-5.457890488254,25.));
#5577 = VECTOR('',#5578,1.);
#5578 = DIRECTION('',(0.,0.,1.));
#5579 = ADVANCED_FACE('',(#5580),#5598,.T.);
#5580 = FACE_BOUND('',#5581,.T.);
#5581 = EDGE_LOOP('',(#5582,#5590,#5596,#5597));
#5582 = ORIENTED_EDGE('',*,*,#5583,.T.);
#5583 = EDGE_CURVE('',#1095,#5584,#5586,.T.);
#5584 = VERTEX_POINT('',#5585);
#5585 = CARTESIAN_POINT('',(2.800271897959,-5.371029897475,23.));
#5586 = LINE('',#5587,#5588);
#5587 = CARTESIAN_POINT('',(2.800271897959,-5.371029897475,25.));
#5588 = VECTOR('',#5589,1.);
#5589 = DIRECTION('',(-0.,-0.,-1.));
#5590 = ORIENTED_EDGE('',*,*,#5591,.T.);
#5591 = EDGE_CURVE('',#5584,#5558,#5592,.T.);
#5592 = B_SPLINE_CURVE_WITH_KNOTS('',2,(#5593,#5594,#5595),
  .UNSPECIFIED.,.F.,.F.,(3,3),(0.,1.),.PIECEWISE_BEZIER_KNOTS.);
#5593 = CARTESIAN_POINT('',(2.800271897959,-5.371029897475,23.));
#5594 = CARTESIAN_POINT('',(2.880243079516,-5.349145891712,23.));
#5595 = CARTESIAN_POINT('',(2.975749203435,-5.349145891712,23.));
#5596 = ORIENTED_EDGE('',*,*,#5557,.F.);
#5597 = ORIENTED_EDGE('',*,*,#1102,.F.);
#5598 = SURFACE_OF_LINEAR_EXTRUSION('',#5599,#5603);
#5599 = B_SPLINE_CURVE_WITH_KNOTS('',2,(#5600,#5601,#5602),
  .UNSPECIFIED.,.F.,.F.,(3,3),(0.,1.),.PIECEWISE_BEZIER_KNOTS.);
#5600 = CARTESIAN_POINT('',(2.800271897959,-5.371029897475,25.));
#5601 = CARTESIAN_POINT('',(2.880243079516,-5.349145891712,25.));
#5602 = CARTESIAN_POINT('',(2.975749203435,-5.349145891712,25.));
#5603 = VECTOR('',#5604,1.);
#5604 = DIRECTION('',(0.,0.,1.));
#5605 = ADVANCED_FACE('',(#5606),#5624,.T.);
#5606 = FACE_BOUND('',#5607,.T.);
#5607 = EDGE_LOOP('',(#5608,#5616,#5622,#5623));
#5608 = ORIENTED_EDGE('',*,*,#5609,.T.);
#5609 = EDGE_CURVE('',#1087,#5610,#5612,.T.);
#5610 = VERTEX_POINT('',#5611);
#5611 = CARTESIAN_POINT('',(2.650866278363,-5.430467937821,23.));
#5612 = LINE('',#5613,#5614);
#5613 = CARTESIAN_POINT('',(2.650866278363,-5.430467937821,25.));
#5614 = VECTOR('',#5615,1.);
#5615 = DIRECTION('',(-0.,-0.,-1.));
#5616 = ORIENTED_EDGE('',*,*,#5617,.T.);
#5617 = EDGE_CURVE('',#5610,#5584,#5618,.T.);
#5618 = B_SPLINE_CURVE_WITH_KNOTS('',2,(#5619,#5620,#5621),
  .UNSPECIFIED.,.F.,.F.,(3,3),(0.,1.),.PIECEWISE_BEZIER_KNOTS.);
#5619 = CARTESIAN_POINT('',(2.650866278363,-5.430467937821,23.));
#5620 = CARTESIAN_POINT('',(2.720435802858,-5.392913903239,23.));
#5621 = CARTESIAN_POINT('',(2.800271897959,-5.371029897475,23.));
#5622 = ORIENTED_EDGE('',*,*,#5583,.F.);
#5623 = ORIENTED_EDGE('',*,*,#1094,.F.);
#5624 = SURFACE_OF_LINEAR_EXTRUSION('',#5625,#5629);
#5625 = B_SPLINE_CURVE_WITH_KNOTS('',2,(#5626,#5627,#5628),
  .UNSPECIFIED.,.F.,.F.,(3,3),(0.,1.),.PIECEWISE_BEZIER_KNOTS.);
#5626 = CARTESIAN_POINT('',(2.650866278363,-5.430467937821,25.));
#5627 = CARTESIAN_POINT('',(2.720435802858,-5.392913903239,25.));
#5628 = CARTESIAN_POINT('',(2.800271897959,-5.371029897475,25.));
#5629 = VECTOR('',#5630,1.);
#5630 = DIRECTION('',(0.,0.,1.));
#5631 = ADVANCED_FACE('',(#5632),#5650,.T.);
#5632 = FACE_BOUND('',#5633,.T.);
#5633 = EDGE_LOOP('',(#5634,#5642,#5648,#5649));
#5634 = ORIENTED_EDGE('',*,*,#5635,.T.);
#5635 = EDGE_CURVE('',#1079,#5636,#5638,.T.);
#5636 = VERTEX_POINT('',#5637);
#5637 = CARTESIAN_POINT('',(2.520237676057,-5.520030257706,23.));
#5638 = LINE('',#5639,#5640);
#5639 = CARTESIAN_POINT('',(2.520237676057,-5.520030257706,25.));
#5640 = VECTOR('',#5641,1.);
#5641 = DIRECTION('',(-0.,-0.,-1.));
#5642 = ORIENTED_EDGE('',*,*,#5643,.T.);
#5643 = EDGE_CURVE('',#5636,#5610,#5644,.T.);
#5644 = B_SPLINE_CURVE_WITH_KNOTS('',2,(#5645,#5646,#5647),
  .UNSPECIFIED.,.F.,.F.,(3,3),(0.,1.),.PIECEWISE_BEZIER_KNOTS.);
#5645 = CARTESIAN_POINT('',(2.520237676057,-5.520030257706,23.));
#5646 = CARTESIAN_POINT('',(2.581431840322,-5.467886885948,23.));
#5647 = CARTESIAN_POINT('',(2.650866278363,-5.430467937821,23.));
#5648 = ORIENTED_EDGE('',*,*,#5609,.F.);
#5649 = ORIENTED_EDGE('',*,*,#1086,.F.);
#5650 = SURFACE_OF_LINEAR_EXTRUSION('',#5651,#5655);
#5651 = B_SPLINE_CURVE_WITH_KNOTS('',2,(#5652,#5653,#5654),
  .UNSPECIFIED.,.F.,.F.,(3,3),(0.,1.),.PIECEWISE_BEZIER_KNOTS.);
#5652 = CARTESIAN_POINT('',(2.520237676057,-5.520030257706,25.));
#5653 = CARTESIAN_POINT('',(2.581431840322,-5.467886885948,25.));
#5654 = CARTESIAN_POINT('',(2.650866278363,-5.430467937821,25.));
#5655 = VECTOR('',#5656,1.);
#5656 = DIRECTION('',(0.,0.,1.));
#5657 = ADVANCED_FACE('',(#5658),#5676,.T.);
#5658 = FACE_BOUND('',#5659,.T.);
#5659 = EDGE_LOOP('',(#5660,#5668,#5674,#5675));
#5660 = ORIENTED_EDGE('',*,*,#5661,.T.);
#5661 = EDGE_CURVE('',#1071,#5662,#5664,.T.);
#5662 = VERTEX_POINT('',#5663);
#5663 = CARTESIAN_POINT('',(2.40298263283,-5.634583571827,23.));
#5664 = LINE('',#5665,#5666);
#5665 = CARTESIAN_POINT('',(2.40298263283,-5.634583571827,25.));
#5666 = VECTOR('',#5667,1.);
#5667 = DIRECTION('',(-0.,-0.,-1.));
#5668 = ORIENTED_EDGE('',*,*,#5669,.T.);
#5669 = EDGE_CURVE('',#5662,#5636,#5670,.T.);
#5670 = B_SPLINE_CURVE_WITH_KNOTS('',2,(#5671,#5672,#5673),
  .UNSPECIFIED.,.F.,.F.,(3,3),(0.,1.),.PIECEWISE_BEZIER_KNOTS.);
#5671 = CARTESIAN_POINT('',(2.40298263283,-5.634583571827,23.));
#5672 = CARTESIAN_POINT('',(2.459043511792,-5.572038543009,23.));
#5673 = CARTESIAN_POINT('',(2.520237676057,-5.520030257706,23.));
#5674 = ORIENTED_EDGE('',*,*,#5635,.F.);
#5675 = ORIENTED_EDGE('',*,*,#1078,.F.);
#5676 = SURFACE_OF_LINEAR_EXTRUSION('',#5677,#5681);
#5677 = B_SPLINE_CURVE_WITH_KNOTS('',2,(#5678,#5679,#5680),
  .UNSPECIFIED.,.F.,.F.,(3,3),(0.,1.),.PIECEWISE_BEZIER_KNOTS.);
#5678 = CARTESIAN_POINT('',(2.40298263283,-5.634583571827,25.));
#5679 = CARTESIAN_POINT('',(2.459043511792,-5.572038543009,25.));
#5680 = CARTESIAN_POINT('',(2.520237676057,-5.520030257706,25.));
#5681 = VECTOR('',#5682,1.);
#5682 = DIRECTION('',(0.,0.,1.));
#5683 = ADVANCED_FACE('',(#5684),#5702,.T.);
#5684 = FACE_BOUND('',#5685,.T.);
#5685 = EDGE_LOOP('',(#5686,#5694,#5700,#5701));
#5686 = ORIENTED_EDGE('',*,*,#5687,.T.);
#5687 = EDGE_CURVE('',#1063,#5688,#5690,.T.);
#5688 = VERTEX_POINT('',#5689);
#5689 = CARTESIAN_POINT('',(2.369886451273,-5.477072764911,23.));
#5690 = LINE('',#5691,#5692);
#5691 = CARTESIAN_POINT('',(2.369886451273,-5.477072764911,25.));
#5692 = VECTOR('',#5693,1.);
#5693 = DIRECTION('',(-0.,-0.,-1.));
#5694 = ORIENTED_EDGE('',*,*,#5695,.T.);
#5695 = EDGE_CURVE('',#5688,#5662,#5696,.T.);
#5696 = LINE('',#5697,#5698);
#5697 = CARTESIAN_POINT('',(2.369886451273,-5.477072764911,23.));
#5698 = VECTOR('',#5699,1.);
#5699 = DIRECTION('',(0.205629772653,-0.978629856789,0.));
#5700 = ORIENTED_EDGE('',*,*,#5661,.F.);
#5701 = ORIENTED_EDGE('',*,*,#1070,.F.);
#5702 = PLANE('',#5703);
#5703 = AXIS2_PLACEMENT_3D('',#5704,#5705,#5706);
#5704 = CARTESIAN_POINT('',(2.369886451273,-5.477072764911,25.));
#5705 = DIRECTION('',(-0.978629856789,-0.205629772653,0.));
#5706 = DIRECTION('',(0.205629772653,-0.978629856789,0.));
#5707 = ADVANCED_FACE('',(#5708),#5726,.T.);
#5708 = FACE_BOUND('',#5709,.T.);
#5709 = EDGE_LOOP('',(#5710,#5718,#5724,#5725));
#5710 = ORIENTED_EDGE('',*,*,#5711,.T.);
#5711 = EDGE_CURVE('',#1055,#5712,#5714,.T.);
#5712 = VERTEX_POINT('',#5713);
#5713 = CARTESIAN_POINT('',(2.239122762513,-5.383728024277,23.));
#5714 = LINE('',#5715,#5716);
#5715 = CARTESIAN_POINT('',(2.239122762513,-5.383728024277,25.));
#5716 = VECTOR('',#5717,1.);
#5717 = DIRECTION('',(-0.,-0.,-1.));
#5718 = ORIENTED_EDGE('',*,*,#5719,.T.);
#5719 = EDGE_CURVE('',#5712,#5688,#5720,.T.);
#5720 = B_SPLINE_CURVE_WITH_KNOTS('',2,(#5721,#5722,#5723),
  .UNSPECIFIED.,.F.,.F.,(3,3),(0.,1.),.PIECEWISE_BEZIER_KNOTS.);
#5721 = CARTESIAN_POINT('',(2.239122762513,-5.383728024277,23.));
#5722 = CARTESIAN_POINT('',(2.338681480092,-5.383728024277,23.));
#5723 = CARTESIAN_POINT('',(2.369886451273,-5.477072764911,23.));
#5724 = ORIENTED_EDGE('',*,*,#5687,.F.);
#5725 = ORIENTED_EDGE('',*,*,#1062,.F.);
#5726 = SURFACE_OF_LINEAR_EXTRUSION('',#5727,#5731);
#5727 = B_SPLINE_CURVE_WITH_KNOTS('',2,(#5728,#5729,#5730),
  .UNSPECIFIED.,.F.,.F.,(3,3),(0.,1.),.PIECEWISE_BEZIER_KNOTS.);
#5728 = CARTESIAN_POINT('',(2.239122762513,-5.383728024277,25.));
#5729 = CARTESIAN_POINT('',(2.338681480092,-5.383728024277,25.));
#5730 = CARTESIAN_POINT('',(2.369886451273,-5.477072764911,25.));
#5731 = VECTOR('',#5732,1.);
#5732 = DIRECTION('',(0.,0.,1.));
#5733 = ADVANCED_FACE('',(#5734),#5752,.T.);
#5734 = FACE_BOUND('',#5735,.T.);
#5735 = EDGE_LOOP('',(#5736,#5744,#5750,#5751));
#5736 = ORIENTED_EDGE('',*,*,#5737,.T.);
#5737 = EDGE_CURVE('',#1047,#5738,#5740,.T.);
#5738 = VERTEX_POINT('',#5739);
#5739 = CARTESIAN_POINT('',(1.925857272599,-5.383728024277,23.));
#5740 = LINE('',#5741,#5742);
#5741 = CARTESIAN_POINT('',(1.925857272599,-5.383728024277,25.));
#5742 = VECTOR('',#5743,1.);
#5743 = DIRECTION('',(-0.,-0.,-1.));
#5744 = ORIENTED_EDGE('',*,*,#5745,.T.);
#5745 = EDGE_CURVE('',#5738,#5712,#5746,.T.);
#5746 = LINE('',#5747,#5748);
#5747 = CARTESIAN_POINT('',(1.925857272599,-5.383728024277,23.));
#5748 = VECTOR('',#5749,1.);
#5749 = DIRECTION('',(1.,0.,0.));
#5750 = ORIENTED_EDGE('',*,*,#5711,.F.);
#5751 = ORIENTED_EDGE('',*,*,#1054,.F.);
#5752 = PLANE('',#5753);
#5753 = AXIS2_PLACEMENT_3D('',#5754,#5755,#5756);
#5754 = CARTESIAN_POINT('',(1.925857272599,-5.383728024277,25.));
#5755 = DIRECTION('',(0.,-1.,0.));
#5756 = DIRECTION('',(1.,0.,0.));
#5757 = ADVANCED_FACE('',(#5758),#5769,.T.);
#5758 = FACE_BOUND('',#5759,.T.);
#5759 = EDGE_LOOP('',(#5760,#5761,#5767,#5768));
#5760 = ORIENTED_EDGE('',*,*,#4880,.T.);
#5761 = ORIENTED_EDGE('',*,*,#5762,.T.);
#5762 = EDGE_CURVE('',#4873,#5738,#5763,.T.);
#5763 = LINE('',#5764,#5765);
#5764 = CARTESIAN_POINT('',(1.925857272599,-7.510529177014,23.));
#5765 = VECTOR('',#5766,1.);
#5766 = DIRECTION('',(0.,1.,0.));
#5767 = ORIENTED_EDGE('',*,*,#5737,.F.);
#5768 = ORIENTED_EDGE('',*,*,#1046,.F.);
#5769 = PLANE('',#5770);
#5770 = AXIS2_PLACEMENT_3D('',#5771,#5772,#5773);
#5771 = CARTESIAN_POINT('',(1.925857272599,-7.510529177014,25.));
#5772 = DIRECTION('',(1.,0.,0.));
#5773 = DIRECTION('',(0.,1.,0.));
#5774 = ADVANCED_FACE('',(#5775),#5800,.T.);
#5775 = FACE_BOUND('',#5776,.T.);
#5776 = EDGE_LOOP('',(#5777,#5785,#5793,#5799));
#5777 = ORIENTED_EDGE('',*,*,#5778,.T.);
#5778 = EDGE_CURVE('',#1327,#5779,#5781,.T.);
#5779 = VERTEX_POINT('',#5780);
#5780 = CARTESIAN_POINT('',(5.93103558672,-7.510529177014,23.));
#5781 = LINE('',#5782,#5783);
#5782 = CARTESIAN_POINT('',(5.93103558672,-7.510529177014,25.));
#5783 = VECTOR('',#5784,1.);
#5784 = DIRECTION('',(-0.,-0.,-1.));
#5785 = ORIENTED_EDGE('',*,*,#5786,.T.);
#5786 = EDGE_CURVE('',#5779,#5787,#5789,.T.);
#5787 = VERTEX_POINT('',#5788);
#5788 = CARTESIAN_POINT('',(5.418652661648,-7.510529177014,23.));
#5789 = LINE('',#5790,#5791);
#5790 = CARTESIAN_POINT('',(5.93103558672,-7.510529177014,23.));
#5791 = VECTOR('',#5792,1.);
#5792 = DIRECTION('',(-1.,0.,0.));
#5793 = ORIENTED_EDGE('',*,*,#5794,.F.);
#5794 = EDGE_CURVE('',#1329,#5787,#5795,.T.);
#5795 = LINE('',#5796,#5797);
#5796 = CARTESIAN_POINT('',(5.418652661648,-7.510529177014,25.));
#5797 = VECTOR('',#5798,1.);
#5798 = DIRECTION('',(-0.,-0.,-1.));
#5799 = ORIENTED_EDGE('',*,*,#1326,.F.);
#5800 = PLANE('',#5801);
#5801 = AXIS2_PLACEMENT_3D('',#5802,#5803,#5804);
#5802 = CARTESIAN_POINT('',(5.93103558672,-7.510529177014,25.));
#5803 = DIRECTION('',(0.,1.,0.));
#5804 = DIRECTION('',(-1.,0.,0.));
#5805 = ADVANCED_FACE('',(#5806),#5824,.T.);
#5806 = FACE_BOUND('',#5807,.T.);
#5807 = EDGE_LOOP('',(#5808,#5816,#5822,#5823));
#5808 = ORIENTED_EDGE('',*,*,#5809,.T.);
#5809 = EDGE_CURVE('',#1601,#5810,#5812,.T.);
#5810 = VERTEX_POINT('',#5811);
#5811 = CARTESIAN_POINT('',(5.93103558672,-5.952712174133,23.));
#5812 = LINE('',#5813,#5814);
#5813 = CARTESIAN_POINT('',(5.93103558672,-5.952712174133,25.));
#5814 = VECTOR('',#5815,1.);
#5815 = DIRECTION('',(-0.,-0.,-1.));
#5816 = ORIENTED_EDGE('',*,*,#5817,.T.);
#5817 = EDGE_CURVE('',#5810,#5779,#5818,.T.);
#5818 = LINE('',#5819,#5820);
#5819 = CARTESIAN_POINT('',(5.93103558672,-5.952712174133,23.));
#5820 = VECTOR('',#5821,1.);
#5821 = DIRECTION('',(0.,-1.,0.));
#5822 = ORIENTED_EDGE('',*,*,#5778,.F.);
#5823 = ORIENTED_EDGE('',*,*,#1608,.F.);
#5824 = PLANE('',#5825);
#5825 = AXIS2_PLACEMENT_3D('',#5826,#5827,#5828);
#5826 = CARTESIAN_POINT('',(5.93103558672,-5.952712174133,25.));
#5827 = DIRECTION('',(-1.,0.,0.));
#5828 = DIRECTION('',(0.,-1.,0.));
#5829 = ADVANCED_FACE('',(#5830),#5848,.T.);
#5830 = FACE_BOUND('',#5831,.T.);
#5831 = EDGE_LOOP('',(#5832,#5840,#5846,#5847));
#5832 = ORIENTED_EDGE('',*,*,#5833,.T.);
#5833 = EDGE_CURVE('',#1593,#5834,#5836,.T.);
#5834 = VERTEX_POINT('',#5835);
#5835 = CARTESIAN_POINT('',(6.110565485856,-5.801955689983,23.));
#5836 = LINE('',#5837,#5838);
#5837 = CARTESIAN_POINT('',(6.110565485856,-5.801955689983,25.));
#5838 = VECTOR('',#5839,1.);
#5839 = DIRECTION('',(-0.,-0.,-1.));
#5840 = ORIENTED_EDGE('',*,*,#5841,.T.);
#5841 = EDGE_CURVE('',#5834,#5810,#5842,.T.);
#5842 = B_SPLINE_CURVE_WITH_KNOTS('',2,(#5843,#5844,#5845),
  .UNSPECIFIED.,.F.,.F.,(3,3),(0.,1.),.PIECEWISE_BEZIER_KNOTS.);
#5843 = CARTESIAN_POINT('',(6.110565485856,-5.801955689983,23.));
#5844 = CARTESIAN_POINT('',(6.014113756749,-5.857070963758,23.));
#5845 = CARTESIAN_POINT('',(5.93103558672,-5.952712174133,23.));
#5846 = ORIENTED_EDGE('',*,*,#5809,.F.);
#5847 = ORIENTED_EDGE('',*,*,#1600,.F.);
#5848 = SURFACE_OF_LINEAR_EXTRUSION('',#5849,#5853);
#5849 = B_SPLINE_CURVE_WITH_KNOTS('',2,(#5850,#5851,#5852),
  .UNSPECIFIED.,.F.,.F.,(3,3),(0.,1.),.PIECEWISE_BEZIER_KNOTS.);
#5850 = CARTESIAN_POINT('',(6.110565485856,-5.801955689983,25.));
#5851 = CARTESIAN_POINT('',(6.014113756749,-5.857070963758,25.));
#5852 = CARTESIAN_POINT('',(5.93103558672,-5.952712174133,25.));
#5853 = VECTOR('',#5854,1.);
#5854 = DIRECTION('',(0.,0.,1.));
#5855 = ADVANCED_FACE('',(#5856),#5874,.T.);
#5856 = FACE_BOUND('',#5857,.T.);
#5857 = EDGE_LOOP('',(#5858,#5866,#5872,#5873));
#5858 = ORIENTED_EDGE('',*,*,#5859,.T.);
#5859 = EDGE_CURVE('',#1585,#5860,#5862,.T.);
#5860 = VERTEX_POINT('',#5861);
#5861 = CARTESIAN_POINT('',(6.316977589602,-5.746840416207,23.));
#5862 = LINE('',#5863,#5864);
#5863 = CARTESIAN_POINT('',(6.316977589602,-5.746840416207,25.));
#5864 = VECTOR('',#5865,1.);
#5865 = DIRECTION('',(-0.,-0.,-1.));
#5866 = ORIENTED_EDGE('',*,*,#5867,.T.);
#5867 = EDGE_CURVE('',#5860,#5834,#5868,.T.);
#5868 = B_SPLINE_CURVE_WITH_KNOTS('',2,(#5869,#5870,#5871),
  .UNSPECIFIED.,.F.,.F.,(3,3),(0.,1.),.PIECEWISE_BEZIER_KNOTS.);
#5869 = CARTESIAN_POINT('',(6.316977589602,-5.746840416207,23.));
#5870 = CARTESIAN_POINT('',(6.207017214962,-5.746840416207,23.));
#5871 = CARTESIAN_POINT('',(6.110565485856,-5.801955689983,23.));
#5872 = ORIENTED_EDGE('',*,*,#5833,.F.);
#5873 = ORIENTED_EDGE('',*,*,#1592,.F.);
#5874 = SURFACE_OF_LINEAR_EXTRUSION('',#5875,#5879);
#5875 = B_SPLINE_CURVE_WITH_KNOTS('',2,(#5876,#5877,#5878),
  .UNSPECIFIED.,.F.,.F.,(3,3),(0.,1.),.PIECEWISE_BEZIER_KNOTS.);
#5876 = CARTESIAN_POINT('',(6.316977589602,-5.746840416207,25.));
#5877 = CARTESIAN_POINT('',(6.207017214962,-5.746840416207,25.));
#5878 = CARTESIAN_POINT('',(6.110565485856,-5.801955689983,25.));
#5879 = VECTOR('',#5880,1.);
#5880 = DIRECTION('',(0.,0.,1.));
#5881 = ADVANCED_FACE('',(#5882),#5900,.T.);
#5882 = FACE_BOUND('',#5883,.T.);
#5883 = EDGE_LOOP('',(#5884,#5892,#5898,#5899));
#5884 = ORIENTED_EDGE('',*,*,#5885,.T.);
#5885 = EDGE_CURVE('',#1577,#5886,#5888,.T.);
#5886 = VERTEX_POINT('',#5887);
#5887 = CARTESIAN_POINT('',(6.571210298536,-5.844372836957,23.));
#5888 = LINE('',#5889,#5890);
#5889 = CARTESIAN_POINT('',(6.571210298536,-5.844372836957,25.));
#5890 = VECTOR('',#5891,1.);
#5891 = DIRECTION('',(-0.,-0.,-1.));
#5892 = ORIENTED_EDGE('',*,*,#5893,.T.);
#5893 = EDGE_CURVE('',#5886,#5860,#5894,.T.);
#5894 = B_SPLINE_CURVE_WITH_KNOTS('',2,(#5895,#5896,#5897),
  .UNSPECIFIED.,.F.,.F.,(3,3),(0.,1.),.PIECEWISE_BEZIER_KNOTS.);
#5895 = CARTESIAN_POINT('',(6.571210298536,-5.844372836957,23.));
#5896 = CARTESIAN_POINT('',(6.48516022649,-5.746840416207,23.));
#5897 = CARTESIAN_POINT('',(6.316977589602,-5.746840416207,23.));
#5898 = ORIENTED_EDGE('',*,*,#5859,.F.);
#5899 = ORIENTED_EDGE('',*,*,#1584,.F.);
#5900 = SURFACE_OF_LINEAR_EXTRUSION('',#5901,#5905);
#5901 = B_SPLINE_CURVE_WITH_KNOTS('',2,(#5902,#5903,#5904),
  .UNSPECIFIED.,.F.,.F.,(3,3),(0.,1.),.PIECEWISE_BEZIER_KNOTS.);
#5902 = CARTESIAN_POINT('',(6.571210298536,-5.844372836957,25.));
#5903 = CARTESIAN_POINT('',(6.48516022649,-5.746840416207,25.));
#5904 = CARTESIAN_POINT('',(6.316977589602,-5.746840416207,25.));
#5905 = VECTOR('',#5906,1.);
#5906 = DIRECTION('',(0.,0.,1.));
#5907 = ADVANCED_FACE('',(#5908),#5926,.T.);
#5908 = FACE_BOUND('',#5909,.T.);
#5909 = EDGE_LOOP('',(#5910,#5918,#5924,#5925));
#5910 = ORIENTED_EDGE('',*,*,#5911,.T.);
#5911 = EDGE_CURVE('',#1569,#5912,#5914,.T.);
#5912 = VERTEX_POINT('',#5913);
#5913 = CARTESIAN_POINT('',(6.657260370582,-6.15561203004,23.));
#5914 = LINE('',#5915,#5916);
#5915 = CARTESIAN_POINT('',(6.657260370582,-6.15561203004,25.));
#5916 = VECTOR('',#5917,1.);
#5917 = DIRECTION('',(-0.,-0.,-1.));
#5918 = ORIENTED_EDGE('',*,*,#5919,.T.);
#5919 = EDGE_CURVE('',#5912,#5886,#5920,.T.);
#5920 = B_SPLINE_CURVE_WITH_KNOTS('',2,(#5921,#5922,#5923),
  .UNSPECIFIED.,.F.,.F.,(3,3),(0.,1.),.PIECEWISE_BEZIER_KNOTS.);
#5921 = CARTESIAN_POINT('',(6.657260370582,-6.15561203004,23.));
#5922 = CARTESIAN_POINT('',(6.657260370582,-5.941905257706,23.));
#5923 = CARTESIAN_POINT('',(6.571210298536,-5.844372836957,23.));
#5924 = ORIENTED_EDGE('',*,*,#5885,.F.);
#5925 = ORIENTED_EDGE('',*,*,#1576,.F.);
#5926 = SURFACE_OF_LINEAR_EXTRUSION('',#5927,#5931);
#5927 = B_SPLINE_CURVE_WITH_KNOTS('',2,(#5928,#5929,#5930),
  .UNSPECIFIED.,.F.,.F.,(3,3),(0.,1.),.PIECEWISE_BEZIER_KNOTS.);
#5928 = CARTESIAN_POINT('',(6.657260370582,-6.15561203004,25.));
#5929 = CARTESIAN_POINT('',(6.657260370582,-5.941905257706,25.));
#5930 = CARTESIAN_POINT('',(6.571210298536,-5.844372836957,25.));
#5931 = VECTOR('',#5932,1.);
#5932 = DIRECTION('',(0.,0.,1.));
#5933 = ADVANCED_FACE('',(#5934),#5952,.T.);
#5934 = FACE_BOUND('',#5935,.T.);
#5935 = EDGE_LOOP('',(#5936,#5944,#5950,#5951));
#5936 = ORIENTED_EDGE('',*,*,#5937,.T.);
#5937 = EDGE_CURVE('',#1561,#5938,#5940,.T.);
#5938 = VERTEX_POINT('',#5939);
#5939 = CARTESIAN_POINT('',(6.657260370582,-7.510529177014,23.));
#5940 = LINE('',#5941,#5942);
#5941 = CARTESIAN_POINT('',(6.657260370582,-7.510529177014,25.));
#5942 = VECTOR('',#5943,1.);
#5943 = DIRECTION('',(-0.,-0.,-1.));
#5944 = ORIENTED_EDGE('',*,*,#5945,.T.);
#5945 = EDGE_CURVE('',#5938,#5912,#5946,.T.);
#5946 = LINE('',#5947,#5948);
#5947 = CARTESIAN_POINT('',(6.657260370582,-7.510529177014,23.));
#5948 = VECTOR('',#5949,1.);
#5949 = DIRECTION('',(0.,1.,0.));
#5950 = ORIENTED_EDGE('',*,*,#5911,.F.);
#5951 = ORIENTED_EDGE('',*,*,#1568,.F.);
#5952 = PLANE('',#5953);
#5953 = AXIS2_PLACEMENT_3D('',#5954,#5955,#5956);
#5954 = CARTESIAN_POINT('',(6.657260370582,-7.510529177014,25.));
#5955 = DIRECTION('',(1.,0.,0.));
#5956 = DIRECTION('',(0.,1.,0.));
#5957 = ADVANCED_FACE('',(#5958),#5976,.T.);
#5958 = FACE_BOUND('',#5959,.T.);
#5959 = EDGE_LOOP('',(#5960,#5968,#5974,#5975));
#5960 = ORIENTED_EDGE('',*,*,#5961,.T.);
#5961 = EDGE_CURVE('',#1553,#5962,#5964,.T.);
#5962 = VERTEX_POINT('',#5963);
#5963 = CARTESIAN_POINT('',(7.171939765395,-7.510529177014,23.));
#5964 = LINE('',#5965,#5966);
#5965 = CARTESIAN_POINT('',(7.171939765395,-7.510529177014,25.));
#5966 = VECTOR('',#5967,1.);
#5967 = DIRECTION('',(-0.,-0.,-1.));
#5968 = ORIENTED_EDGE('',*,*,#5969,.T.);
#5969 = EDGE_CURVE('',#5962,#5938,#5970,.T.);
#5970 = LINE('',#5971,#5972);
#5971 = CARTESIAN_POINT('',(7.171939765395,-7.510529177014,23.));
#5972 = VECTOR('',#5973,1.);
#5973 = DIRECTION('',(-1.,0.,0.));
#5974 = ORIENTED_EDGE('',*,*,#5937,.F.);
#5975 = ORIENTED_EDGE('',*,*,#1560,.F.);
#5976 = PLANE('',#5977);
#5977 = AXIS2_PLACEMENT_3D('',#5978,#5979,#5980);
#5978 = CARTESIAN_POINT('',(7.171939765395,-7.510529177014,25.));
#5979 = DIRECTION('',(0.,1.,0.));
#5980 = DIRECTION('',(-1.,0.,0.));
#5981 = ADVANCED_FACE('',(#5982),#6000,.T.);
#5982 = FACE_BOUND('',#5983,.T.);
#5983 = EDGE_LOOP('',(#5984,#5992,#5998,#5999));
#5984 = ORIENTED_EDGE('',*,*,#5985,.T.);
#5985 = EDGE_CURVE('',#1545,#5986,#5988,.T.);
#5986 = VERTEX_POINT('',#5987);
#5987 = CARTESIAN_POINT('',(7.171939765395,-6.15561203004,23.));
#5988 = LINE('',#5989,#5990);
#5989 = CARTESIAN_POINT('',(7.171939765395,-6.15561203004,25.));
#5990 = VECTOR('',#5991,1.);
#5991 = DIRECTION('',(-0.,-0.,-1.));
#5992 = ORIENTED_EDGE('',*,*,#5993,.T.);
#5993 = EDGE_CURVE('',#5986,#5962,#5994,.T.);
#5994 = LINE('',#5995,#5996);
#5995 = CARTESIAN_POINT('',(7.171939765395,-6.15561203004,23.));
#5996 = VECTOR('',#5997,1.);
#5997 = DIRECTION('',(0.,-1.,0.));
#5998 = ORIENTED_EDGE('',*,*,#5961,.F.);
#5999 = ORIENTED_EDGE('',*,*,#1552,.F.);
#6000 = PLANE('',#6001);
#6001 = AXIS2_PLACEMENT_3D('',#6002,#6003,#6004);
#6002 = CARTESIAN_POINT('',(7.171939765395,-6.15561203004,25.));
#6003 = DIRECTION('',(-1.,0.,0.));
#6004 = DIRECTION('',(0.,-1.,0.));
#6005 = ADVANCED_FACE('',(#6006),#6024,.T.);
#6006 = FACE_BOUND('',#6007,.T.);
#6007 = EDGE_LOOP('',(#6008,#6016,#6022,#6023));
#6008 = ORIENTED_EDGE('',*,*,#6009,.T.);
#6009 = EDGE_CURVE('',#1537,#6010,#6012,.T.);
#6010 = VERTEX_POINT('',#6011);
#6011 = CARTESIAN_POINT('',(7.200983353291,-5.979324205833,23.));
#6012 = LINE('',#6013,#6014);
#6013 = CARTESIAN_POINT('',(7.200983353291,-5.979324205833,25.));
#6014 = VECTOR('',#6015,1.);
#6015 = DIRECTION('',(-0.,-0.,-1.));
#6016 = ORIENTED_EDGE('',*,*,#6017,.T.);
#6017 = EDGE_CURVE('',#6010,#5986,#6018,.T.);
#6018 = B_SPLINE_CURVE_WITH_KNOTS('',2,(#6019,#6020,#6021),
  .UNSPECIFIED.,.F.,.F.,(3,3),(0.,1.),.PIECEWISE_BEZIER_KNOTS.);
#6019 = CARTESIAN_POINT('',(7.200983353291,-5.979324205833,23.));
#6020 = CARTESIAN_POINT('',(7.171939765395,-6.056053312461,23.));
#6021 = CARTESIAN_POINT('',(7.171939765395,-6.15561203004,23.));
#6022 = ORIENTED_EDGE('',*,*,#5985,.F.);
#6023 = ORIENTED_EDGE('',*,*,#1544,.F.);
#6024 = SURFACE_OF_LINEAR_EXTRUSION('',#6025,#6029);
#6025 = B_SPLINE_CURVE_WITH_KNOTS('',2,(#6026,#6027,#6028),
  .UNSPECIFIED.,.F.,.F.,(3,3),(0.,1.),.PIECEWISE_BEZIER_KNOTS.);
#6026 = CARTESIAN_POINT('',(7.200983353291,-5.979324205833,25.));
#6027 = CARTESIAN_POINT('',(7.171939765395,-6.056053312461,25.));
#6028 = CARTESIAN_POINT('',(7.171939765395,-6.15561203004,25.));
#6029 = VECTOR('',#6030,1.);
#6030 = DIRECTION('',(0.,0.,1.));
#6031 = ADVANCED_FACE('',(#6032),#6050,.T.);
#6032 = FACE_BOUND('',#6033,.T.);
#6033 = EDGE_LOOP('',(#6034,#6042,#6048,#6049));
#6034 = ORIENTED_EDGE('',*,*,#6035,.T.);
#6035 = EDGE_CURVE('',#1529,#6036,#6038,.T.);
#6036 = VERTEX_POINT('',#6037);
#6037 = CARTESIAN_POINT('',(7.280819448392,-5.851667505545,23.));
#6038 = LINE('',#6039,#6040);
#6039 = CARTESIAN_POINT('',(7.280819448392,-5.851667505545,25.));
#6040 = VECTOR('',#6041,1.);
#6041 = DIRECTION('',(-0.,-0.,-1.));
#6042 = ORIENTED_EDGE('',*,*,#6043,.T.);
#6043 = EDGE_CURVE('',#6036,#6010,#6044,.T.);
#6044 = B_SPLINE_CURVE_WITH_KNOTS('',2,(#6045,#6046,#6047),
  .UNSPECIFIED.,.F.,.F.,(3,3),(0.,1.),.PIECEWISE_BEZIER_KNOTS.);
#6045 = CARTESIAN_POINT('',(7.280819448392,-5.851667505545,23.));
#6046 = CARTESIAN_POINT('',(7.230026941187,-5.902460012749,23.));
#6047 = CARTESIAN_POINT('',(7.200983353291,-5.979324205833,23.));
#6048 = ORIENTED_EDGE('',*,*,#6009,.F.);
#6049 = ORIENTED_EDGE('',*,*,#1536,.F.);
#6050 = SURFACE_OF_LINEAR_EXTRUSION('',#6051,#6055);
#6051 = B_SPLINE_CURVE_WITH_KNOTS('',2,(#6052,#6053,#6054),
  .UNSPECIFIED.,.F.,.F.,(3,3),(0.,1.),.PIECEWISE_BEZIER_KNOTS.);
#6052 = CARTESIAN_POINT('',(7.280819448392,-5.851667505545,25.));
#6053 = CARTESIAN_POINT('',(7.230026941187,-5.902460012749,25.));
#6054 = CARTESIAN_POINT('',(7.200983353291,-5.979324205833,25.));
#6055 = VECTOR('',#6056,1.);
#6056 = DIRECTION('',(0.,0.,1.));
#6057 = ADVANCED_FACE('',(#6058),#6076,.T.);
#6058 = FACE_BOUND('',#6059,.T.);
#6059 = EDGE_LOOP('',(#6060,#6068,#6074,#6075));
#6060 = ORIENTED_EDGE('',*,*,#6061,.T.);
#6061 = EDGE_CURVE('',#1521,#6062,#6064,.T.);
#6062 = VERTEX_POINT('',#6063);
#6063 = CARTESIAN_POINT('',(7.399020096807,-5.773857707274,23.));
#6064 = LINE('',#6065,#6066);
#6065 = CARTESIAN_POINT('',(7.399020096807,-5.773857707274,25.));
#6066 = VECTOR('',#6067,1.);
#6067 = DIRECTION('',(-0.,-0.,-1.));
#6068 = ORIENTED_EDGE('',*,*,#6069,.T.);
#6069 = EDGE_CURVE('',#6062,#6036,#6070,.T.);
#6070 = B_SPLINE_CURVE_WITH_KNOTS('',2,(#6071,#6072,#6073),
  .UNSPECIFIED.,.F.,.F.,(3,3),(0.,1.),.PIECEWISE_BEZIER_KNOTS.);
#6071 = CARTESIAN_POINT('',(7.399020096807,-5.773857707274,23.));
#6072 = CARTESIAN_POINT('',(7.331611955596,-5.800739911885,23.));
#6073 = CARTESIAN_POINT('',(7.280819448392,-5.851667505545,23.));
#6074 = ORIENTED_EDGE('',*,*,#6035,.F.);
#6075 = ORIENTED_EDGE('',*,*,#1528,.F.);
#6076 = SURFACE_OF_LINEAR_EXTRUSION('',#6077,#6081);
#6077 = B_SPLINE_CURVE_WITH_KNOTS('',2,(#6078,#6079,#6080),
  .UNSPECIFIED.,.F.,.F.,(3,3),(0.,1.),.PIECEWISE_BEZIER_KNOTS.);
#6078 = CARTESIAN_POINT('',(7.399020096807,-5.773857707274,25.));
#6079 = CARTESIAN_POINT('',(7.331611955596,-5.800739911885,25.));
#6080 = CARTESIAN_POINT('',(7.280819448392,-5.851667505545,25.));
#6081 = VECTOR('',#6082,1.);
#6082 = DIRECTION('',(0.,0.,1.));
#6083 = ADVANCED_FACE('',(#6084),#6102,.T.);
#6084 = FACE_BOUND('',#6085,.T.);
#6085 = EDGE_LOOP('',(#6086,#6094,#6100,#6101));
#6086 = ORIENTED_EDGE('',*,*,#6087,.T.);
#6087 = EDGE_CURVE('',#1513,#6088,#6090,.T.);
#6088 = VERTEX_POINT('',#6089);
#6089 = CARTESIAN_POINT('',(7.545453814386,-5.746840416207,23.));
#6090 = LINE('',#6091,#6092);
#6091 = CARTESIAN_POINT('',(7.545453814386,-5.746840416207,25.));
#6092 = VECTOR('',#6093,1.);
#6093 = DIRECTION('',(-0.,-0.,-1.));
#6094 = ORIENTED_EDGE('',*,*,#6095,.T.);
#6095 = EDGE_CURVE('',#6088,#6062,#6096,.T.);
#6096 = B_SPLINE_CURVE_WITH_KNOTS('',2,(#6097,#6098,#6099),
  .UNSPECIFIED.,.F.,.F.,(3,3),(0.,1.),.PIECEWISE_BEZIER_KNOTS.);
#6097 = CARTESIAN_POINT('',(7.545453814386,-5.746840416207,23.));
#6098 = CARTESIAN_POINT('',(7.466563324472,-5.746840416207,23.));
#6099 = CARTESIAN_POINT('',(7.399020096807,-5.773857707274,23.));
#6100 = ORIENTED_EDGE('',*,*,#6061,.F.);
#6101 = ORIENTED_EDGE('',*,*,#1520,.F.);
#6102 = SURFACE_OF_LINEAR_EXTRUSION('',#6103,#6107);
#6103 = B_SPLINE_CURVE_WITH_KNOTS('',2,(#6104,#6105,#6106),
  .UNSPECIFIED.,.F.,.F.,(3,3),(0.,1.),.PIECEWISE_BEZIER_KNOTS.);
#6104 = CARTESIAN_POINT('',(7.545453814386,-5.746840416207,25.));
#6105 = CARTESIAN_POINT('',(7.466563324472,-5.746840416207,25.));
#6106 = CARTESIAN_POINT('',(7.399020096807,-5.773857707274,25.));
#6107 = VECTOR('',#6108,1.);
#6108 = DIRECTION('',(0.,0.,1.));
#6109 = ADVANCED_FACE('',(#6110),#6128,.T.);
#6110 = FACE_BOUND('',#6111,.T.);
#6111 = EDGE_LOOP('',(#6112,#6120,#6126,#6127));
#6112 = ORIENTED_EDGE('',*,*,#6113,.T.);
#6113 = EDGE_CURVE('',#1505,#6114,#6116,.T.);
#6114 = VERTEX_POINT('',#6115);
#6115 = CARTESIAN_POINT('',(7.806711018997,-5.849641208715,23.));
#6116 = LINE('',#6117,#6118);
#6117 = CARTESIAN_POINT('',(7.806711018997,-5.849641208715,25.));
#6118 = VECTOR('',#6119,1.);
#6119 = DIRECTION('',(-0.,-0.,-1.));
#6120 = ORIENTED_EDGE('',*,*,#6121,.T.);
#6121 = EDGE_CURVE('',#6114,#6088,#6122,.T.);
#6122 = B_SPLINE_CURVE_WITH_KNOTS('',2,(#6123,#6124,#6125),
  .UNSPECIFIED.,.F.,.F.,(3,3),(0.,1.),.PIECEWISE_BEZIER_KNOTS.);
#6123 = CARTESIAN_POINT('',(7.806711018997,-5.849641208715,23.));
#6124 = CARTESIAN_POINT('',(7.717553958478,-5.746840416207,23.));
#6125 = CARTESIAN_POINT('',(7.545453814386,-5.746840416207,23.));
#6126 = ORIENTED_EDGE('',*,*,#6087,.F.);
#6127 = ORIENTED_EDGE('',*,*,#1512,.F.);
#6128 = SURFACE_OF_LINEAR_EXTRUSION('',#6129,#6133);
#6129 = B_SPLINE_CURVE_WITH_KNOTS('',2,(#6130,#6131,#6132),
  .UNSPECIFIED.,.F.,.F.,(3,3),(0.,1.),.PIECEWISE_BEZIER_KNOTS.);
#6130 = CARTESIAN_POINT('',(7.806711018997,-5.849641208715,25.));
#6131 = CARTESIAN_POINT('',(7.717553958478,-5.746840416207,25.));
#6132 = CARTESIAN_POINT('',(7.545453814386,-5.746840416207,25.));
#6133 = VECTOR('',#6134,1.);
#6134 = DIRECTION('',(0.,0.,1.));
#6135 = ADVANCED_FACE('',(#6136),#6154,.T.);
#6136 = FACE_BOUND('',#6137,.T.);
#6137 = EDGE_LOOP('',(#6138,#6146,#6152,#6153));
#6138 = ORIENTED_EDGE('',*,*,#6139,.T.);
#6139 = EDGE_CURVE('',#1497,#6140,#6142,.T.);
#6140 = VERTEX_POINT('',#6141);
#6141 = CARTESIAN_POINT('',(7.896003165971,-6.15561203004,23.));
#6142 = LINE('',#6143,#6144);
#6143 = CARTESIAN_POINT('',(7.896003165971,-6.15561203004,25.));
#6144 = VECTOR('',#6145,1.);
#6145 = DIRECTION('',(-0.,-0.,-1.));
#6146 = ORIENTED_EDGE('',*,*,#6147,.T.);
#6147 = EDGE_CURVE('',#6140,#6114,#6148,.T.);
#6148 = B_SPLINE_CURVE_WITH_KNOTS('',2,(#6149,#6150,#6151),
  .UNSPECIFIED.,.F.,.F.,(3,3),(0.,1.),.PIECEWISE_BEZIER_KNOTS.);
#6149 = CARTESIAN_POINT('',(7.896003165971,-6.15561203004,23.));
#6150 = CARTESIAN_POINT('',(7.896003165971,-5.952306914767,23.));
#6151 = CARTESIAN_POINT('',(7.806711018997,-5.849641208715,23.));
#6152 = ORIENTED_EDGE('',*,*,#6113,.F.);
#6153 = ORIENTED_EDGE('',*,*,#1504,.F.);
#6154 = SURFACE_OF_LINEAR_EXTRUSION('',#6155,#6159);
#6155 = B_SPLINE_CURVE_WITH_KNOTS('',2,(#6156,#6157,#6158),
  .UNSPECIFIED.,.F.,.F.,(3,3),(0.,1.),.PIECEWISE_BEZIER_KNOTS.);
#6156 = CARTESIAN_POINT('',(7.896003165971,-6.15561203004,25.));
#6157 = CARTESIAN_POINT('',(7.896003165971,-5.952306914767,25.));
#6158 = CARTESIAN_POINT('',(7.806711018997,-5.849641208715,25.));
#6159 = VECTOR('',#6160,1.);
#6160 = DIRECTION('',(0.,0.,1.));
#6161 = ADVANCED_FACE('',(#6162),#6180,.T.);
#6162 = FACE_BOUND('',#6163,.T.);
#6163 = EDGE_LOOP('',(#6164,#6172,#6178,#6179));
#6164 = ORIENTED_EDGE('',*,*,#6165,.T.);
#6165 = EDGE_CURVE('',#1489,#6166,#6168,.T.);
#6166 = VERTEX_POINT('',#6167);
#6167 = CARTESIAN_POINT('',(7.896003165971,-7.510529177014,23.));
#6168 = LINE('',#6169,#6170);
#6169 = CARTESIAN_POINT('',(7.896003165971,-7.510529177014,25.));
#6170 = VECTOR('',#6171,1.);
#6171 = DIRECTION('',(-0.,-0.,-1.));
#6172 = ORIENTED_EDGE('',*,*,#6173,.T.);
#6173 = EDGE_CURVE('',#6166,#6140,#6174,.T.);
#6174 = LINE('',#6175,#6176);
#6175 = CARTESIAN_POINT('',(7.896003165971,-7.510529177014,23.));
#6176 = VECTOR('',#6177,1.);
#6177 = DIRECTION('',(0.,1.,0.));
#6178 = ORIENTED_EDGE('',*,*,#6139,.F.);
#6179 = ORIENTED_EDGE('',*,*,#1496,.F.);
#6180 = PLANE('',#6181);
#6181 = AXIS2_PLACEMENT_3D('',#6182,#6183,#6184);
#6182 = CARTESIAN_POINT('',(7.896003165971,-7.510529177014,25.));
#6183 = DIRECTION('',(1.,0.,0.));
#6184 = DIRECTION('',(0.,1.,0.));
#6185 = ADVANCED_FACE('',(#6186),#6204,.T.);
#6186 = FACE_BOUND('',#6187,.T.);
#6187 = EDGE_LOOP('',(#6188,#6196,#6202,#6203));
#6188 = ORIENTED_EDGE('',*,*,#6189,.T.);
#6189 = EDGE_CURVE('',#1481,#6190,#6192,.T.);
#6190 = VERTEX_POINT('',#6191);
#6191 = CARTESIAN_POINT('',(8.408521177498,-7.510529177014,23.));
#6192 = LINE('',#6193,#6194);
#6193 = CARTESIAN_POINT('',(8.408521177498,-7.510529177014,25.));
#6194 = VECTOR('',#6195,1.);
#6195 = DIRECTION('',(-0.,-0.,-1.));
#6196 = ORIENTED_EDGE('',*,*,#6197,.T.);
#6197 = EDGE_CURVE('',#6190,#6166,#6198,.T.);
#6198 = LINE('',#6199,#6200);
#6199 = CARTESIAN_POINT('',(8.408521177498,-7.510529177014,23.));
#6200 = VECTOR('',#6201,1.);
#6201 = DIRECTION('',(-1.,0.,0.));
#6202 = ORIENTED_EDGE('',*,*,#6165,.F.);
#6203 = ORIENTED_EDGE('',*,*,#1488,.F.);
#6204 = PLANE('',#6205);
#6205 = AXIS2_PLACEMENT_3D('',#6206,#6207,#6208);
#6206 = CARTESIAN_POINT('',(8.408521177498,-7.510529177014,25.));
#6207 = DIRECTION('',(0.,1.,0.));
#6208 = DIRECTION('',(-1.,0.,0.));
#6209 = ADVANCED_FACE('',(#6210),#6228,.T.);
#6210 = FACE_BOUND('',#6211,.T.);
#6211 = EDGE_LOOP('',(#6212,#6220,#6226,#6227));
#6212 = ORIENTED_EDGE('',*,*,#6213,.T.);
#6213 = EDGE_CURVE('',#1473,#6214,#6216,.T.);
#6214 = VERTEX_POINT('',#6215);
#6215 = CARTESIAN_POINT('',(8.408521177498,-6.156017289406,23.));
#6216 = LINE('',#6217,#6218);
#6217 = CARTESIAN_POINT('',(8.408521177498,-6.156017289406,25.));
#6218 = VECTOR('',#6219,1.);
#6219 = DIRECTION('',(-0.,-0.,-1.));
#6220 = ORIENTED_EDGE('',*,*,#6221,.T.);
#6221 = EDGE_CURVE('',#6214,#6190,#6222,.T.);
#6222 = LINE('',#6223,#6224);
#6223 = CARTESIAN_POINT('',(8.408521177498,-6.156017289406,23.));
#6224 = VECTOR('',#6225,1.);
#6225 = DIRECTION('',(0.,-1.,0.));
#6226 = ORIENTED_EDGE('',*,*,#6189,.F.);
#6227 = ORIENTED_EDGE('',*,*,#1480,.F.);
#6228 = PLANE('',#6229);
#6229 = AXIS2_PLACEMENT_3D('',#6230,#6231,#6232);
#6230 = CARTESIAN_POINT('',(8.408521177498,-6.156017289406,25.));
#6231 = DIRECTION('',(-1.,0.,0.));
#6232 = DIRECTION('',(0.,-1.,0.));
#6233 = ADVANCED_FACE('',(#6234),#6252,.T.);
#6234 = FACE_BOUND('',#6235,.T.);
#6235 = EDGE_LOOP('',(#6236,#6244,#6250,#6251));
#6236 = ORIENTED_EDGE('',*,*,#6237,.T.);
#6237 = EDGE_CURVE('',#1465,#6238,#6240,.T.);
#6238 = VERTEX_POINT('',#6239);
#6239 = CARTESIAN_POINT('',(8.359754967124,-5.813843298052,23.));
#6240 = LINE('',#6241,#6242);
#6241 = CARTESIAN_POINT('',(8.359754967124,-5.813843298052,25.));
#6242 = VECTOR('',#6243,1.);
#6243 = DIRECTION('',(-0.,-0.,-1.));
#6244 = ORIENTED_EDGE('',*,*,#6245,.T.);
#6245 = EDGE_CURVE('',#6238,#6214,#6246,.T.);
#6246 = B_SPLINE_CURVE_WITH_KNOTS('',2,(#6247,#6248,#6249),
  .UNSPECIFIED.,.F.,.F.,(3,3),(0.,1.),.PIECEWISE_BEZIER_KNOTS.);
#6247 = CARTESIAN_POINT('',(8.359754967124,-5.813843298052,23.));
#6248 = CARTESIAN_POINT('',(8.408521177498,-5.963113831193,23.));
#6249 = CARTESIAN_POINT('',(8.408521177498,-6.156017289406,23.));
#6250 = ORIENTED_EDGE('',*,*,#6213,.F.);
#6251 = ORIENTED_EDGE('',*,*,#1472,.F.);
#6252 = SURFACE_OF_LINEAR_EXTRUSION('',#6253,#6257);
#6253 = B_SPLINE_CURVE_WITH_KNOTS('',2,(#6254,#6255,#6256),
  .UNSPECIFIED.,.F.,.F.,(3,3),(0.,1.),.PIECEWISE_BEZIER_KNOTS.);
#6254 = CARTESIAN_POINT('',(8.359754967124,-5.813843298052,25.));
#6255 = CARTESIAN_POINT('',(8.408521177498,-5.963113831193,25.));
#6256 = CARTESIAN_POINT('',(8.408521177498,-6.156017289406,25.));
#6257 = VECTOR('',#6258,1.);
#6258 = DIRECTION('',(0.,0.,1.));
#6259 = ADVANCED_FACE('',(#6260),#6278,.T.);
#6260 = FACE_BOUND('',#6261,.T.);
#6261 = EDGE_LOOP('',(#6262,#6270,#6276,#6277));
#6262 = ORIENTED_EDGE('',*,*,#6263,.T.);
#6263 = EDGE_CURVE('',#1457,#6264,#6266,.T.);
#6264 = VERTEX_POINT('',#6265);
#6265 = CARTESIAN_POINT('',(8.217644016115,-5.560691280761,23.));
#6266 = LINE('',#6267,#6268);
#6267 = CARTESIAN_POINT('',(8.217644016115,-5.560691280761,25.));
#6268 = VECTOR('',#6269,1.);
#6269 = DIRECTION('',(-0.,-0.,-1.));
#6270 = ORIENTED_EDGE('',*,*,#6271,.T.);
#6271 = EDGE_CURVE('',#6264,#6238,#6272,.T.);
#6272 = B_SPLINE_CURVE_WITH_KNOTS('',2,(#6273,#6274,#6275),
  .UNSPECIFIED.,.F.,.F.,(3,3),(0.,1.),.PIECEWISE_BEZIER_KNOTS.);
#6273 = CARTESIAN_POINT('',(8.217644016115,-5.560691280761,23.));
#6274 = CARTESIAN_POINT('',(8.310988756749,-5.664437678455,23.));
#6275 = CARTESIAN_POINT('',(8.359754967124,-5.813843298052,23.));
#6276 = ORIENTED_EDGE('',*,*,#6237,.F.);
#6277 = ORIENTED_EDGE('',*,*,#1464,.F.);
#6278 = SURFACE_OF_LINEAR_EXTRUSION('',#6279,#6283);
#6279 = B_SPLINE_CURVE_WITH_KNOTS('',2,(#6280,#6281,#6282),
  .UNSPECIFIED.,.F.,.F.,(3,3),(0.,1.),.PIECEWISE_BEZIER_KNOTS.);
#6280 = CARTESIAN_POINT('',(8.217644016115,-5.560691280761,25.));
#6281 = CARTESIAN_POINT('',(8.310988756749,-5.664437678455,25.));
#6282 = CARTESIAN_POINT('',(8.359754967124,-5.813843298052,25.));
#6283 = VECTOR('',#6284,1.);
#6284 = DIRECTION('',(0.,0.,1.));
#6285 = ADVANCED_FACE('',(#6286),#6304,.T.);
#6286 = FACE_BOUND('',#6287,.T.);
#6287 = EDGE_LOOP('',(#6288,#6296,#6302,#6303));
#6288 = ORIENTED_EDGE('',*,*,#6289,.T.);
#6289 = EDGE_CURVE('',#1449,#6290,#6292,.T.);
#6290 = VERTEX_POINT('',#6291);
#6291 = CARTESIAN_POINT('',(7.987321609775,-5.403045387389,23.));
#6292 = LINE('',#6293,#6294);
#6293 = CARTESIAN_POINT('',(7.987321609775,-5.403045387389,25.));
#6294 = VECTOR('',#6295,1.);
#6295 = DIRECTION('',(-0.,-0.,-1.));
#6296 = ORIENTED_EDGE('',*,*,#6297,.T.);
#6297 = EDGE_CURVE('',#6290,#6264,#6298,.T.);
#6298 = B_SPLINE_CURVE_WITH_KNOTS('',2,(#6299,#6300,#6301),
  .UNSPECIFIED.,.F.,.F.,(3,3),(0.,1.),.PIECEWISE_BEZIER_KNOTS.);
#6299 = CARTESIAN_POINT('',(7.987321609775,-5.403045387389,23.));
#6300 = CARTESIAN_POINT('',(8.124299275481,-5.456944883066,23.));
#6301 = CARTESIAN_POINT('',(8.217644016115,-5.560691280761,23.));
#6302 = ORIENTED_EDGE('',*,*,#6263,.F.);
#6303 = ORIENTED_EDGE('',*,*,#1456,.F.);
#6304 = SURFACE_OF_LINEAR_EXTRUSION('',#6305,#6309);
#6305 = B_SPLINE_CURVE_WITH_KNOTS('',2,(#6306,#6307,#6308),
  .UNSPECIFIED.,.F.,.F.,(3,3),(0.,1.),.PIECEWISE_BEZIER_KNOTS.);
#6306 = CARTESIAN_POINT('',(7.987321609775,-5.403045387389,25.));
#6307 = CARTESIAN_POINT('',(8.124299275481,-5.456944883066,25.));
#6308 = CARTESIAN_POINT('',(8.217644016115,-5.560691280761,25.));
#6309 = VECTOR('',#6310,1.);
#6310 = DIRECTION('',(0.,0.,1.));
#6311 = ADVANCED_FACE('',(#6312),#6330,.T.);
#6312 = FACE_BOUND('',#6313,.T.);
#6313 = EDGE_LOOP('',(#6314,#6322,#6328,#6329));
#6314 = ORIENTED_EDGE('',*,*,#6315,.T.);
#6315 = EDGE_CURVE('',#1441,#6316,#6318,.T.);
#6316 = VERTEX_POINT('',#6317);
#6317 = CARTESIAN_POINT('',(7.674056119861,-5.349145891712,23.));
#6318 = LINE('',#6319,#6320);
#6319 = CARTESIAN_POINT('',(7.674056119861,-5.349145891712,25.));
#6320 = VECTOR('',#6321,1.);
#6321 = DIRECTION('',(-0.,-0.,-1.));
#6322 = ORIENTED_EDGE('',*,*,#6323,.T.);
#6323 = EDGE_CURVE('',#6316,#6290,#6324,.T.);
#6324 = B_SPLINE_CURVE_WITH_KNOTS('',2,(#6325,#6326,#6327),
  .UNSPECIFIED.,.F.,.F.,(3,3),(0.,1.),.PIECEWISE_BEZIER_KNOTS.);
#6325 = CARTESIAN_POINT('',(7.674056119861,-5.349145891712,23.));
#6326 = CARTESIAN_POINT('',(7.850343944069,-5.349145891712,23.));
#6327 = CARTESIAN_POINT('',(7.987321609775,-5.403045387389,23.));
#6328 = ORIENTED_EDGE('',*,*,#6289,.F.);
#6329 = ORIENTED_EDGE('',*,*,#1448,.F.);
#6330 = SURFACE_OF_LINEAR_EXTRUSION('',#6331,#6335);
#6331 = B_SPLINE_CURVE_WITH_KNOTS('',2,(#6332,#6333,#6334),
  .UNSPECIFIED.,.F.,.F.,(3,3),(0.,1.),.PIECEWISE_BEZIER_KNOTS.);
#6332 = CARTESIAN_POINT('',(7.674056119861,-5.349145891712,25.));
#6333 = CARTESIAN_POINT('',(7.850343944069,-5.349145891712,25.));
#6334 = CARTESIAN_POINT('',(7.987321609775,-5.403045387389,25.));
#6335 = VECTOR('',#6336,1.);
#6336 = DIRECTION('',(0.,0.,1.));
#6337 = ADVANCED_FACE('',(#6338),#6356,.T.);
#6338 = FACE_BOUND('',#6339,.T.);
#6339 = EDGE_LOOP('',(#6340,#6348,#6354,#6355));
#6340 = ORIENTED_EDGE('',*,*,#6341,.T.);
#6341 = EDGE_CURVE('',#1433,#6342,#6344,.T.);
#6342 = VERTEX_POINT('',#6343);
#6343 = CARTESIAN_POINT('',(7.471696609775,-5.371975502663,23.));
#6344 = LINE('',#6345,#6346);
#6345 = CARTESIAN_POINT('',(7.471696609775,-5.371975502663,25.));
#6346 = VECTOR('',#6347,1.);
#6347 = DIRECTION('',(-0.,-0.,-1.));
#6348 = ORIENTED_EDGE('',*,*,#6349,.T.);
#6349 = EDGE_CURVE('',#6342,#6316,#6350,.T.);
#6350 = B_SPLINE_CURVE_WITH_KNOTS('',2,(#6351,#6352,#6353),
  .UNSPECIFIED.,.F.,.F.,(3,3),(0.,1.),.PIECEWISE_BEZIER_KNOTS.);
#6351 = CARTESIAN_POINT('',(7.471696609775,-5.371975502663,23.));
#6352 = CARTESIAN_POINT('',(7.572336018997,-5.349145891712,23.));
#6353 = CARTESIAN_POINT('',(7.674056119861,-5.349145891712,23.));
#6354 = ORIENTED_EDGE('',*,*,#6315,.F.);
#6355 = ORIENTED_EDGE('',*,*,#1440,.F.);
#6356 = SURFACE_OF_LINEAR_EXTRUSION('',#6357,#6361);
#6357 = B_SPLINE_CURVE_WITH_KNOTS('',2,(#6358,#6359,#6360),
  .UNSPECIFIED.,.F.,.F.,(3,3),(0.,1.),.PIECEWISE_BEZIER_KNOTS.);
#6358 = CARTESIAN_POINT('',(7.471696609775,-5.371975502663,25.));
#6359 = CARTESIAN_POINT('',(7.572336018997,-5.349145891712,25.));
#6360 = CARTESIAN_POINT('',(7.674056119861,-5.349145891712,25.));
#6361 = VECTOR('',#6362,1.);
#6362 = DIRECTION('',(0.,0.,1.));
#6363 = ADVANCED_FACE('',(#6364),#6382,.T.);
#6364 = FACE_BOUND('',#6365,.T.);
#6365 = EDGE_LOOP('',(#6366,#6374,#6380,#6381));
#6366 = ORIENTED_EDGE('',*,*,#6367,.T.);
#6367 = EDGE_CURVE('',#1425,#6368,#6370,.T.);
#6368 = VERTEX_POINT('',#6369);
#6369 = CARTESIAN_POINT('',(7.281765053579,-5.44235554589,23.));
#6370 = LINE('',#6371,#6372);
#6371 = CARTESIAN_POINT('',(7.281765053579,-5.44235554589,25.));
#6372 = VECTOR('',#6373,1.);
#6373 = DIRECTION('',(-0.,-0.,-1.));
#6374 = ORIENTED_EDGE('',*,*,#6375,.T.);
#6375 = EDGE_CURVE('',#6368,#6342,#6376,.T.);
#6376 = B_SPLINE_CURVE_WITH_KNOTS('',2,(#6377,#6378,#6379),
  .UNSPECIFIED.,.F.,.F.,(3,3),(0.,1.),.PIECEWISE_BEZIER_KNOTS.);
#6377 = CARTESIAN_POINT('',(7.281765053579,-5.44235554589,23.));
#6378 = CARTESIAN_POINT('',(7.371057200553,-5.394670027158,23.));
#6379 = CARTESIAN_POINT('',(7.471696609775,-5.371975502663,23.));
#6380 = ORIENTED_EDGE('',*,*,#6341,.F.);
#6381 = ORIENTED_EDGE('',*,*,#1432,.F.);
#6382 = SURFACE_OF_LINEAR_EXTRUSION('',#6383,#6387);
#6383 = B_SPLINE_CURVE_WITH_KNOTS('',2,(#6384,#6385,#6386),
  .UNSPECIFIED.,.F.,.F.,(3,3),(0.,1.),.PIECEWISE_BEZIER_KNOTS.);
#6384 = CARTESIAN_POINT('',(7.281765053579,-5.44235554589,25.));
#6385 = CARTESIAN_POINT('',(7.371057200553,-5.394670027158,25.));
#6386 = CARTESIAN_POINT('',(7.471696609775,-5.371975502663,25.));
#6387 = VECTOR('',#6388,1.);
#6388 = DIRECTION('',(0.,0.,1.));
#6389 = ADVANCED_FACE('',(#6390),#6408,.T.);
#6390 = FACE_BOUND('',#6391,.T.);
#6391 = EDGE_LOOP('',(#6392,#6400,#6406,#6407));
#6392 = ORIENTED_EDGE('',*,*,#6393,.T.);
#6393 = EDGE_CURVE('',#1417,#6394,#6396,.T.);
#6394 = VERTEX_POINT('',#6395);
#6395 = CARTESIAN_POINT('',(7.117905183262,-5.565689479608,23.));
#6396 = LINE('',#6397,#6398);
#6397 = CARTESIAN_POINT('',(7.117905183262,-5.565689479608,25.));
#6398 = VECTOR('',#6399,1.);
#6399 = DIRECTION('',(-0.,-0.,-1.));
#6400 = ORIENTED_EDGE('',*,*,#6401,.T.);
#6401 = EDGE_CURVE('',#6394,#6368,#6402,.T.);
#6402 = B_SPLINE_CURVE_WITH_KNOTS('',2,(#6403,#6404,#6405),
  .UNSPECIFIED.,.F.,.F.,(3,3),(0.,1.),.PIECEWISE_BEZIER_KNOTS.);
#6403 = CARTESIAN_POINT('',(7.117905183262,-5.565689479608,23.));
#6404 = CARTESIAN_POINT('',(7.19260799306,-5.490041064622,23.));
#6405 = CARTESIAN_POINT('',(7.281765053579,-5.44235554589,23.));
#6406 = ORIENTED_EDGE('',*,*,#6367,.F.);
#6407 = ORIENTED_EDGE('',*,*,#1424,.F.);
#6408 = SURFACE_OF_LINEAR_EXTRUSION('',#6409,#6413);
#6409 = B_SPLINE_CURVE_WITH_KNOTS('',2,(#6410,#6411,#6412),
  .UNSPECIFIED.,.F.,.F.,(3,3),(0.,1.),.PIECEWISE_BEZIER_KNOTS.);
#6410 = CARTESIAN_POINT('',(7.117905183262,-5.565689479608,25.));
#6411 = CARTESIAN_POINT('',(7.19260799306,-5.490041064622,25.));
#6412 = CARTESIAN_POINT('',(7.281765053579,-5.44235554589,25.));
#6413 = VECTOR('',#6414,1.);
#6414 = DIRECTION('',(0.,0.,1.));
#6415 = ADVANCED_FACE('',(#6416),#6434,.T.);
#6416 = FACE_BOUND('',#6417,.T.);
#6417 = EDGE_LOOP('',(#6418,#6426,#6432,#6433));
#6418 = ORIENTED_EDGE('',*,*,#6419,.T.);
#6419 = EDGE_CURVE('',#1409,#6420,#6422,.T.);
#6420 = VERTEX_POINT('',#6421);
#6421 = CARTESIAN_POINT('',(6.993490557902,-5.746840416207,23.));
#6422 = LINE('',#6423,#6424);
#6423 = CARTESIAN_POINT('',(6.993490557902,-5.746840416207,25.));
#6424 = VECTOR('',#6425,1.);
#6425 = DIRECTION('',(-0.,-0.,-1.));
#6426 = ORIENTED_EDGE('',*,*,#6427,.T.);
#6427 = EDGE_CURVE('',#6420,#6394,#6428,.T.);
#6428 = B_SPLINE_CURVE_WITH_KNOTS('',2,(#6429,#6430,#6431),
  .UNSPECIFIED.,.F.,.F.,(3,3),(0.,1.),.PIECEWISE_BEZIER_KNOTS.);
#6429 = CARTESIAN_POINT('',(6.993490557902,-5.746840416207,23.));
#6430 = CARTESIAN_POINT('',(7.043202373464,-5.641202808138,23.));
#6431 = CARTESIAN_POINT('',(7.117905183262,-5.565689479608,23.));
#6432 = ORIENTED_EDGE('',*,*,#6393,.F.);
#6433 = ORIENTED_EDGE('',*,*,#1416,.F.);
#6434 = SURFACE_OF_LINEAR_EXTRUSION('',#6435,#6439);
#6435 = B_SPLINE_CURVE_WITH_KNOTS('',2,(#6436,#6437,#6438),
  .UNSPECIFIED.,.F.,.F.,(3,3),(0.,1.),.PIECEWISE_BEZIER_KNOTS.);
#6436 = CARTESIAN_POINT('',(6.993490557902,-5.746840416207,25.));
#6437 = CARTESIAN_POINT('',(7.043202373464,-5.641202808138,25.));
#6438 = CARTESIAN_POINT('',(7.117905183262,-5.565689479608,25.));
#6439 = VECTOR('',#6440,1.);
#6440 = DIRECTION('',(0.,0.,1.));
#6441 = ADVANCED_FACE('',(#6442),#6460,.T.);
#6442 = FACE_BOUND('',#6443,.T.);
#6443 = EDGE_LOOP('',(#6444,#6452,#6458,#6459));
#6444 = ORIENTED_EDGE('',*,*,#6445,.T.);
#6445 = EDGE_CURVE('',#1401,#6446,#6448,.T.);
#6446 = VERTEX_POINT('',#6447);
#6447 = CARTESIAN_POINT('',(6.799506408046,-5.457890488254,23.));
#6448 = LINE('',#6449,#6450);
#6449 = CARTESIAN_POINT('',(6.799506408046,-5.457890488254,25.));
#6450 = VECTOR('',#6451,1.);
#6451 = DIRECTION('',(-0.,-0.,-1.));
#6452 = ORIENTED_EDGE('',*,*,#6453,.T.);
#6453 = EDGE_CURVE('',#6446,#6420,#6454,.T.);
#6454 = B_SPLINE_CURVE_WITH_KNOTS('',2,(#6455,#6456,#6457),
  .UNSPECIFIED.,.F.,.F.,(3,3),(0.,1.),.PIECEWISE_BEZIER_KNOTS.);
#6455 = CARTESIAN_POINT('',(6.799506408046,-5.457890488254,23.));
#6456 = CARTESIAN_POINT('',(6.929189405164,-5.566635084795,23.));
#6457 = CARTESIAN_POINT('',(6.993490557902,-5.746840416207,23.));
#6458 = ORIENTED_EDGE('',*,*,#6419,.F.);
#6459 = ORIENTED_EDGE('',*,*,#1408,.F.);
#6460 = SURFACE_OF_LINEAR_EXTRUSION('',#6461,#6465);
#6461 = B_SPLINE_CURVE_WITH_KNOTS('',2,(#6462,#6463,#6464),
  .UNSPECIFIED.,.F.,.F.,(3,3),(0.,1.),.PIECEWISE_BEZIER_KNOTS.);
#6462 = CARTESIAN_POINT('',(6.799506408046,-5.457890488254,25.));
#6463 = CARTESIAN_POINT('',(6.929189405164,-5.566635084795,25.));
#6464 = CARTESIAN_POINT('',(6.993490557902,-5.746840416207,25.));
#6465 = VECTOR('',#6466,1.);
#6466 = DIRECTION('',(0.,0.,1.));
#6467 = ADVANCED_FACE('',(#6468),#6486,.T.);
#6468 = FACE_BOUND('',#6469,.T.);
#6469 = EDGE_LOOP('',(#6470,#6478,#6484,#6485));
#6470 = ORIENTED_EDGE('',*,*,#6471,.T.);
#6471 = EDGE_CURVE('',#1393,#6472,#6474,.T.);
#6472 = VERTEX_POINT('',#6473);
#6473 = CARTESIAN_POINT('',(6.468544592484,-5.349145891712,23.));
#6474 = LINE('',#6475,#6476);
#6475 = CARTESIAN_POINT('',(6.468544592484,-5.349145891712,25.));
#6476 = VECTOR('',#6477,1.);
#6477 = DIRECTION('',(-0.,-0.,-1.));
#6478 = ORIENTED_EDGE('',*,*,#6479,.T.);
#6479 = EDGE_CURVE('',#6472,#6446,#6480,.T.);
#6480 = B_SPLINE_CURVE_WITH_KNOTS('',2,(#6481,#6482,#6483),
  .UNSPECIFIED.,.F.,.F.,(3,3),(0.,1.),.PIECEWISE_BEZIER_KNOTS.);
#6481 = CARTESIAN_POINT('',(6.468544592484,-5.349145891712,23.));
#6482 = CARTESIAN_POINT('',(6.669823410928,-5.349145891712,23.));
#6483 = CARTESIAN_POINT('',(6.799506408046,-5.457890488254,23.));
#6484 = ORIENTED_EDGE('',*,*,#6445,.F.);
#6485 = ORIENTED_EDGE('',*,*,#1400,.F.);
#6486 = SURFACE_OF_LINEAR_EXTRUSION('',#6487,#6491);
#6487 = B_SPLINE_CURVE_WITH_KNOTS('',2,(#6488,#6489,#6490),
  .UNSPECIFIED.,.F.,.F.,(3,3),(0.,1.),.PIECEWISE_BEZIER_KNOTS.);
#6488 = CARTESIAN_POINT('',(6.468544592484,-5.349145891712,25.));
#6489 = CARTESIAN_POINT('',(6.669823410928,-5.349145891712,25.));
#6490 = CARTESIAN_POINT('',(6.799506408046,-5.457890488254,25.));
#6491 = VECTOR('',#6492,1.);
#6492 = DIRECTION('',(0.,0.,1.));
#6493 = ADVANCED_FACE('',(#6494),#6512,.T.);
#6494 = FACE_BOUND('',#6495,.T.);
#6495 = EDGE_LOOP('',(#6496,#6504,#6510,#6511));
#6496 = ORIENTED_EDGE('',*,*,#6497,.T.);
#6497 = EDGE_CURVE('',#1385,#6498,#6500,.T.);
#6498 = VERTEX_POINT('',#6499);
#6499 = CARTESIAN_POINT('',(6.293067287008,-5.371029897475,23.));
#6500 = LINE('',#6501,#6502);
#6501 = CARTESIAN_POINT('',(6.293067287008,-5.371029897475,25.));
#6502 = VECTOR('',#6503,1.);
#6503 = DIRECTION('',(-0.,-0.,-1.));
#6504 = ORIENTED_EDGE('',*,*,#6505,.T.);
#6505 = EDGE_CURVE('',#6498,#6472,#6506,.T.);
#6506 = B_SPLINE_CURVE_WITH_KNOTS('',2,(#6507,#6508,#6509),
  .UNSPECIFIED.,.F.,.F.,(3,3),(0.,1.),.PIECEWISE_BEZIER_KNOTS.);
#6507 = CARTESIAN_POINT('',(6.293067287008,-5.371029897475,23.));
#6508 = CARTESIAN_POINT('',(6.373038468565,-5.349145891712,23.));
#6509 = CARTESIAN_POINT('',(6.468544592484,-5.349145891712,23.));
#6510 = ORIENTED_EDGE('',*,*,#6471,.F.);
#6511 = ORIENTED_EDGE('',*,*,#1392,.F.);
#6512 = SURFACE_OF_LINEAR_EXTRUSION('',#6513,#6517);
#6513 = B_SPLINE_CURVE_WITH_KNOTS('',2,(#6514,#6515,#6516),
  .UNSPECIFIED.,.F.,.F.,(3,3),(0.,1.),.PIECEWISE_BEZIER_KNOTS.);
#6514 = CARTESIAN_POINT('',(6.293067287008,-5.371029897475,25.));
#6515 = CARTESIAN_POINT('',(6.373038468565,-5.349145891712,25.));
#6516 = CARTESIAN_POINT('',(6.468544592484,-5.349145891712,25.));
#6517 = VECTOR('',#6518,1.);
#6518 = DIRECTION('',(0.,0.,1.));
#6519 = ADVANCED_FACE('',(#6520),#6538,.T.);
#6520 = FACE_BOUND('',#6521,.T.);
#6521 = EDGE_LOOP('',(#6522,#6530,#6536,#6537));
#6522 = ORIENTED_EDGE('',*,*,#6523,.T.);
#6523 = EDGE_CURVE('',#1377,#6524,#6526,.T.);
#6524 = VERTEX_POINT('',#6525);
#6525 = CARTESIAN_POINT('',(6.143661667412,-5.430467937821,23.));
#6526 = LINE('',#6527,#6528);
#6527 = CARTESIAN_POINT('',(6.143661667412,-5.430467937821,25.));
#6528 = VECTOR('',#6529,1.);
#6529 = DIRECTION('',(-0.,-0.,-1.));
#6530 = ORIENTED_EDGE('',*,*,#6531,.T.);
#6531 = EDGE_CURVE('',#6524,#6498,#6532,.T.);
#6532 = B_SPLINE_CURVE_WITH_KNOTS('',2,(#6533,#6534,#6535),
  .UNSPECIFIED.,.F.,.F.,(3,3),(0.,1.),.PIECEWISE_BEZIER_KNOTS.);
#6533 = CARTESIAN_POINT('',(6.143661667412,-5.430467937821,23.));
#6534 = CARTESIAN_POINT('',(6.213231191907,-5.392913903239,23.));
#6535 = CARTESIAN_POINT('',(6.293067287008,-5.371029897475,23.));
#6536 = ORIENTED_EDGE('',*,*,#6497,.F.);
#6537 = ORIENTED_EDGE('',*,*,#1384,.F.);
#6538 = SURFACE_OF_LINEAR_EXTRUSION('',#6539,#6543);
#6539 = B_SPLINE_CURVE_WITH_KNOTS('',2,(#6540,#6541,#6542),
  .UNSPECIFIED.,.F.,.F.,(3,3),(0.,1.),.PIECEWISE_BEZIER_KNOTS.);
#6540 = CARTESIAN_POINT('',(6.143661667412,-5.430467937821,25.));
#6541 = CARTESIAN_POINT('',(6.213231191907,-5.392913903239,25.));
#6542 = CARTESIAN_POINT('',(6.293067287008,-5.371029897475,25.));
#6543 = VECTOR('',#6544,1.);
#6544 = DIRECTION('',(0.,0.,1.));
#6545 = ADVANCED_FACE('',(#6546),#6564,.T.);
#6546 = FACE_BOUND('',#6547,.T.);
#6547 = EDGE_LOOP('',(#6548,#6556,#6562,#6563));
#6548 = ORIENTED_EDGE('',*,*,#6549,.T.);
#6549 = EDGE_CURVE('',#1369,#6550,#6552,.T.);
#6550 = VERTEX_POINT('',#6551);
#6551 = CARTESIAN_POINT('',(6.013033065106,-5.520030257706,23.));
#6552 = LINE('',#6553,#6554);
#6553 = CARTESIAN_POINT('',(6.013033065106,-5.520030257706,25.));
#6554 = VECTOR('',#6555,1.);
#6555 = DIRECTION('',(-0.,-0.,-1.));
#6556 = ORIENTED_EDGE('',*,*,#6557,.T.);
#6557 = EDGE_CURVE('',#6550,#6524,#6558,.T.);
#6558 = B_SPLINE_CURVE_WITH_KNOTS('',2,(#6559,#6560,#6561),
  .UNSPECIFIED.,.F.,.F.,(3,3),(0.,1.),.PIECEWISE_BEZIER_KNOTS.);
#6559 = CARTESIAN_POINT('',(6.013033065106,-5.520030257706,23.));
#6560 = CARTESIAN_POINT('',(6.074227229371,-5.467886885948,23.));
#6561 = CARTESIAN_POINT('',(6.143661667412,-5.430467937821,23.));
#6562 = ORIENTED_EDGE('',*,*,#6523,.F.);
#6563 = ORIENTED_EDGE('',*,*,#1376,.F.);
#6564 = SURFACE_OF_LINEAR_EXTRUSION('',#6565,#6569);
#6565 = B_SPLINE_CURVE_WITH_KNOTS('',2,(#6566,#6567,#6568),
  .UNSPECIFIED.,.F.,.F.,(3,3),(0.,1.),.PIECEWISE_BEZIER_KNOTS.);
#6566 = CARTESIAN_POINT('',(6.013033065106,-5.520030257706,25.));
#6567 = CARTESIAN_POINT('',(6.074227229371,-5.467886885948,25.));
#6568 = CARTESIAN_POINT('',(6.143661667412,-5.430467937821,25.));
#6569 = VECTOR('',#6570,1.);
#6570 = DIRECTION('',(0.,0.,1.));
#6571 = ADVANCED_FACE('',(#6572),#6590,.T.);
#6572 = FACE_BOUND('',#6573,.T.);
#6573 = EDGE_LOOP('',(#6574,#6582,#6588,#6589));
#6574 = ORIENTED_EDGE('',*,*,#6575,.T.);
#6575 = EDGE_CURVE('',#1361,#6576,#6578,.T.);
#6576 = VERTEX_POINT('',#6577);
#6577 = CARTESIAN_POINT('',(5.895778021879,-5.634583571827,23.));
#6578 = LINE('',#6579,#6580);
#6579 = CARTESIAN_POINT('',(5.895778021879,-5.634583571827,25.));
#6580 = VECTOR('',#6581,1.);
#6581 = DIRECTION('',(-0.,-0.,-1.));
#6582 = ORIENTED_EDGE('',*,*,#6583,.T.);
#6583 = EDGE_CURVE('',#6576,#6550,#6584,.T.);
#6584 = B_SPLINE_CURVE_WITH_KNOTS('',2,(#6585,#6586,#6587),
  .UNSPECIFIED.,.F.,.F.,(3,3),(0.,1.),.PIECEWISE_BEZIER_KNOTS.);
#6585 = CARTESIAN_POINT('',(5.895778021879,-5.634583571827,23.));
#6586 = CARTESIAN_POINT('',(5.951838900841,-5.572038543009,23.));
#6587 = CARTESIAN_POINT('',(6.013033065106,-5.520030257706,23.));
#6588 = ORIENTED_EDGE('',*,*,#6549,.F.);
#6589 = ORIENTED_EDGE('',*,*,#1368,.F.);
#6590 = SURFACE_OF_LINEAR_EXTRUSION('',#6591,#6595);
#6591 = B_SPLINE_CURVE_WITH_KNOTS('',2,(#6592,#6593,#6594),
  .UNSPECIFIED.,.F.,.F.,(3,3),(0.,1.),.PIECEWISE_BEZIER_KNOTS.);
#6592 = CARTESIAN_POINT('',(5.895778021879,-5.634583571827,25.));
#6593 = CARTESIAN_POINT('',(5.951838900841,-5.572038543009,25.));
#6594 = CARTESIAN_POINT('',(6.013033065106,-5.520030257706,25.));
#6595 = VECTOR('',#6596,1.);
#6596 = DIRECTION('',(0.,0.,1.));
#6597 = ADVANCED_FACE('',(#6598),#6616,.T.);
#6598 = FACE_BOUND('',#6599,.T.);
#6599 = EDGE_LOOP('',(#6600,#6608,#6614,#6615));
#6600 = ORIENTED_EDGE('',*,*,#6601,.T.);
#6601 = EDGE_CURVE('',#1353,#6602,#6604,.T.);
#6602 = VERTEX_POINT('',#6603);
#6603 = CARTESIAN_POINT('',(5.862681840322,-5.477072764911,23.));
#6604 = LINE('',#6605,#6606);
#6605 = CARTESIAN_POINT('',(5.862681840322,-5.477072764911,25.));
#6606 = VECTOR('',#6607,1.);
#6607 = DIRECTION('',(-0.,-0.,-1.));
#6608 = ORIENTED_EDGE('',*,*,#6609,.T.);
#6609 = EDGE_CURVE('',#6602,#6576,#6610,.T.);
#6610 = LINE('',#6611,#6612);
#6611 = CARTESIAN_POINT('',(5.862681840322,-5.477072764911,23.));
#6612 = VECTOR('',#6613,1.);
#6613 = DIRECTION('',(0.205629772653,-0.978629856789,0.));
#6614 = ORIENTED_EDGE('',*,*,#6575,.F.);
#6615 = ORIENTED_EDGE('',*,*,#1360,.F.);
#6616 = PLANE('',#6617);
#6617 = AXIS2_PLACEMENT_3D('',#6618,#6619,#6620);
#6618 = CARTESIAN_POINT('',(5.862681840322,-5.477072764911,25.));
#6619 = DIRECTION('',(-0.978629856789,-0.205629772653,0.));
#6620 = DIRECTION('',(0.205629772653,-0.978629856789,0.));
#6621 = ADVANCED_FACE('',(#6622),#6640,.T.);
#6622 = FACE_BOUND('',#6623,.T.);
#6623 = EDGE_LOOP('',(#6624,#6632,#6638,#6639));
#6624 = ORIENTED_EDGE('',*,*,#6625,.T.);
#6625 = EDGE_CURVE('',#1345,#6626,#6628,.T.);
#6626 = VERTEX_POINT('',#6627);
#6627 = CARTESIAN_POINT('',(5.731918151562,-5.383728024277,23.));
#6628 = LINE('',#6629,#6630);
#6629 = CARTESIAN_POINT('',(5.731918151562,-5.383728024277,25.));
#6630 = VECTOR('',#6631,1.);
#6631 = DIRECTION('',(-0.,-0.,-1.));
#6632 = ORIENTED_EDGE('',*,*,#6633,.T.);
#6633 = EDGE_CURVE('',#6626,#6602,#6634,.T.);
#6634 = B_SPLINE_CURVE_WITH_KNOTS('',2,(#6635,#6636,#6637),
  .UNSPECIFIED.,.F.,.F.,(3,3),(0.,1.),.PIECEWISE_BEZIER_KNOTS.);
#6635 = CARTESIAN_POINT('',(5.731918151562,-5.383728024277,23.));
#6636 = CARTESIAN_POINT('',(5.831476869141,-5.383728024277,23.));
#6637 = CARTESIAN_POINT('',(5.862681840322,-5.477072764911,23.));
#6638 = ORIENTED_EDGE('',*,*,#6601,.F.);
#6639 = ORIENTED_EDGE('',*,*,#1352,.F.);
#6640 = SURFACE_OF_LINEAR_EXTRUSION('',#6641,#6645);
#6641 = B_SPLINE_CURVE_WITH_KNOTS('',2,(#6642,#6643,#6644),
  .UNSPECIFIED.,.F.,.F.,(3,3),(0.,1.),.PIECEWISE_BEZIER_KNOTS.);
#6642 = CARTESIAN_POINT('',(5.731918151562,-5.383728024277,25.));
#6643 = CARTESIAN_POINT('',(5.831476869141,-5.383728024277,25.));
#6644 = CARTESIAN_POINT('',(5.862681840322,-5.477072764911,25.));
#6645 = VECTOR('',#6646,1.);
#6646 = DIRECTION('',(0.,0.,1.));
#6647 = ADVANCED_FACE('',(#6648),#6666,.T.);
#6648 = FACE_BOUND('',#6649,.T.);
#6649 = EDGE_LOOP('',(#6650,#6658,#6664,#6665));
#6650 = ORIENTED_EDGE('',*,*,#6651,.T.);
#6651 = EDGE_CURVE('',#1337,#6652,#6654,.T.);
#6652 = VERTEX_POINT('',#6653);
#6653 = CARTESIAN_POINT('',(5.418652661648,-5.383728024277,23.));
#6654 = LINE('',#6655,#6656);
#6655 = CARTESIAN_POINT('',(5.418652661648,-5.383728024277,25.));
#6656 = VECTOR('',#6657,1.);
#6657 = DIRECTION('',(-0.,-0.,-1.));
#6658 = ORIENTED_EDGE('',*,*,#6659,.T.);
#6659 = EDGE_CURVE('',#6652,#6626,#6660,.T.);
#6660 = LINE('',#6661,#6662);
#6661 = CARTESIAN_POINT('',(5.418652661648,-5.383728024277,23.));
#6662 = VECTOR('',#6663,1.);
#6663 = DIRECTION('',(1.,0.,0.));
#6664 = ORIENTED_EDGE('',*,*,#6625,.F.);
#6665 = ORIENTED_EDGE('',*,*,#1344,.F.);
#6666 = PLANE('',#6667);
#6667 = AXIS2_PLACEMENT_3D('',#6668,#6669,#6670);
#6668 = CARTESIAN_POINT('',(5.418652661648,-5.383728024277,25.));
#6669 = DIRECTION('',(0.,-1.,0.));
#6670 = DIRECTION('',(1.,0.,0.));
#6671 = ADVANCED_FACE('',(#6672),#6683,.T.);
#6672 = FACE_BOUND('',#6673,.T.);
#6673 = EDGE_LOOP('',(#6674,#6675,#6681,#6682));
#6674 = ORIENTED_EDGE('',*,*,#5794,.T.);
#6675 = ORIENTED_EDGE('',*,*,#6676,.T.);
#6676 = EDGE_CURVE('',#5787,#6652,#6677,.T.);
#6677 = LINE('',#6678,#6679);
#6678 = CARTESIAN_POINT('',(5.418652661648,-7.510529177014,23.));
#6679 = VECTOR('',#6680,1.);
#6680 = DIRECTION('',(0.,1.,0.));
#6681 = ORIENTED_EDGE('',*,*,#6651,.F.);
#6682 = ORIENTED_EDGE('',*,*,#1336,.F.);
#6683 = PLANE('',#6684);
#6684 = AXIS2_PLACEMENT_3D('',#6685,#6686,#6687);
#6685 = CARTESIAN_POINT('',(5.418652661648,-7.510529177014,25.));
#6686 = DIRECTION('',(1.,0.,0.));
#6687 = DIRECTION('',(0.,1.,0.));
#6688 = ADVANCED_FACE('',(#6689),#6714,.T.);
#6689 = FACE_BOUND('',#6690,.T.);
#6690 = EDGE_LOOP('',(#6691,#6699,#6707,#6713));
#6691 = ORIENTED_EDGE('',*,*,#6692,.T.);
#6692 = EDGE_CURVE('',#1617,#6693,#6695,.T.);
#6693 = VERTEX_POINT('',#6694);
#6694 = CARTESIAN_POINT('',(-3.144089589561,1.786290071687,23.));
#6695 = LINE('',#6696,#6697);
#6696 = CARTESIAN_POINT('',(-3.144089589561,1.786290071687,25.));
#6697 = VECTOR('',#6698,1.);
#6698 = DIRECTION('',(-0.,-0.,-1.));
#6699 = ORIENTED_EDGE('',*,*,#6700,.T.);
#6700 = EDGE_CURVE('',#6693,#6701,#6703,.T.);
#6701 = VERTEX_POINT('',#6702);
#6702 = CARTESIAN_POINT('',(-2.289892903682,1.786290071687,23.));
#6703 = LINE('',#6704,#6705);
#6704 = CARTESIAN_POINT('',(-3.144089589561,1.786290071687,23.));
#6705 = VECTOR('',#6706,1.);
#6706 = DIRECTION('',(1.,0.,0.));
#6707 = ORIENTED_EDGE('',*,*,#6708,.F.);
#6708 = EDGE_CURVE('',#1619,#6701,#6709,.T.);
#6709 = LINE('',#6710,#6711);
#6710 = CARTESIAN_POINT('',(-2.289892903682,1.786290071687,25.));
#6711 = VECTOR('',#6712,1.);
#6712 = DIRECTION('',(-0.,-0.,-1.));
#6713 = ORIENTED_EDGE('',*,*,#1616,.F.);
#6714 = PLANE('',#6715);
#6715 = AXIS2_PLACEMENT_3D('',#6716,#6717,#6718);
#6716 = CARTESIAN_POINT('',(-3.144089589561,1.786290071687,25.));
#6717 = DIRECTION('',(0.,-1.,0.));
#6718 = DIRECTION('',(1.,0.,0.));
#6719 = ADVANCED_FACE('',(#6720),#6738,.T.);
#6720 = FACE_BOUND('',#6721,.T.);
#6721 = EDGE_LOOP('',(#6722,#6730,#6736,#6737));
#6722 = ORIENTED_EDGE('',*,*,#6723,.T.);
#6723 = EDGE_CURVE('',#1635,#6724,#6726,.T.);
#6724 = VERTEX_POINT('',#6725);
#6725 = CARTESIAN_POINT('',(-3.144089589561,-1.758378516209,23.));
#6726 = LINE('',#6727,#6728);
#6727 = CARTESIAN_POINT('',(-3.144089589561,-1.758378516209,25.));
#6728 = VECTOR('',#6729,1.);
#6729 = DIRECTION('',(-0.,-0.,-1.));
#6730 = ORIENTED_EDGE('',*,*,#6731,.T.);
#6731 = EDGE_CURVE('',#6724,#6693,#6732,.T.);
#6732 = LINE('',#6733,#6734);
#6733 = CARTESIAN_POINT('',(-3.144089589561,-1.758378516209,23.));
#6734 = VECTOR('',#6735,1.);
#6735 = DIRECTION('',(0.,1.,0.));
#6736 = ORIENTED_EDGE('',*,*,#6692,.F.);
#6737 = ORIENTED_EDGE('',*,*,#1642,.F.);
#6738 = PLANE('',#6739);
#6739 = AXIS2_PLACEMENT_3D('',#6740,#6741,#6742);
#6740 = CARTESIAN_POINT('',(-3.144089589561,-1.758378516209,25.));
#6741 = DIRECTION('',(1.,0.,0.));
#6742 = DIRECTION('',(0.,1.,0.));
#6743 = ADVANCED_FACE('',(#6744),#6762,.T.);
#6744 = FACE_BOUND('',#6745,.T.);
#6745 = EDGE_LOOP('',(#6746,#6747,#6755,#6761));
#6746 = ORIENTED_EDGE('',*,*,#6708,.T.);
#6747 = ORIENTED_EDGE('',*,*,#6748,.T.);
#6748 = EDGE_CURVE('',#6701,#6749,#6751,.T.);
#6749 = VERTEX_POINT('',#6750);
#6750 = CARTESIAN_POINT('',(-2.289892903682,-1.758378516209,23.));
#6751 = LINE('',#6752,#6753);
#6752 = CARTESIAN_POINT('',(-2.289892903682,1.786290071687,23.));
#6753 = VECTOR('',#6754,1.);
#6754 = DIRECTION('',(0.,-1.,0.));
#6755 = ORIENTED_EDGE('',*,*,#6756,.F.);
#6756 = EDGE_CURVE('',#1627,#6749,#6757,.T.);
#6757 = LINE('',#6758,#6759);
#6758 = CARTESIAN_POINT('',(-2.289892903682,-1.758378516209,25.));
#6759 = VECTOR('',#6760,1.);
#6760 = DIRECTION('',(-0.,-0.,-1.));
#6761 = ORIENTED_EDGE('',*,*,#1626,.F.);
#6762 = PLANE('',#6763);
#6763 = AXIS2_PLACEMENT_3D('',#6764,#6765,#6766);
#6764 = CARTESIAN_POINT('',(-2.289892903682,1.786290071687,25.));
#6765 = DIRECTION('',(-1.,0.,0.));
#6766 = DIRECTION('',(0.,-1.,0.));
#6767 = ADVANCED_FACE('',(#6768),#6779,.T.);
#6768 = FACE_BOUND('',#6769,.T.);
#6769 = EDGE_LOOP('',(#6770,#6771,#6777,#6778));
#6770 = ORIENTED_EDGE('',*,*,#6756,.T.);
#6771 = ORIENTED_EDGE('',*,*,#6772,.T.);
#6772 = EDGE_CURVE('',#6749,#6724,#6773,.T.);
#6773 = LINE('',#6774,#6775);
#6774 = CARTESIAN_POINT('',(-2.289892903682,-1.758378516209,23.));
#6775 = VECTOR('',#6776,1.);
#6776 = DIRECTION('',(-1.,0.,0.));
#6777 = ORIENTED_EDGE('',*,*,#6723,.F.);
#6778 = ORIENTED_EDGE('',*,*,#1634,.F.);
#6779 = PLANE('',#6780);
#6780 = AXIS2_PLACEMENT_3D('',#6781,#6782,#6783);
#6781 = CARTESIAN_POINT('',(-2.289892903682,-1.758378516209,25.));
#6782 = DIRECTION('',(0.,1.,0.));
#6783 = DIRECTION('',(-1.,0.,0.));
#6784 = ADVANCED_FACE('',(#6785),#6810,.T.);
#6785 = FACE_BOUND('',#6786,.T.);
#6786 = EDGE_LOOP('',(#6787,#6795,#6803,#6809));
#6787 = ORIENTED_EDGE('',*,*,#6788,.T.);
#6788 = EDGE_CURVE('',#1651,#6789,#6791,.T.);
#6789 = VERTEX_POINT('',#6790);
#6790 = CARTESIAN_POINT('',(0.973570713032,1.404670835376,23.));
#6791 = LINE('',#6792,#6793);
#6792 = CARTESIAN_POINT('',(0.973570713032,1.404670835376,25.));
#6793 = VECTOR('',#6794,1.);
#6794 = DIRECTION('',(-0.,-0.,-1.));
#6795 = ORIENTED_EDGE('',*,*,#6796,.T.);
#6796 = EDGE_CURVE('',#6789,#6797,#6799,.T.);
#6797 = VERTEX_POINT('',#6798);
#6798 = CARTESIAN_POINT('',(0.779946793724,1.099600590419,23.));
#6799 = LINE('',#6800,#6801);
#6800 = CARTESIAN_POINT('',(0.973570713032,1.404670835376,23.));
#6801 = VECTOR('',#6802,1.);
#6802 = DIRECTION('',(-0.535867150975,-0.844302313455,0.));
#6803 = ORIENTED_EDGE('',*,*,#6804,.F.);
#6804 = EDGE_CURVE('',#1653,#6797,#6805,.T.);
#6805 = LINE('',#6806,#6807);
#6806 = CARTESIAN_POINT('',(0.779946793724,1.099600590419,25.));
#6807 = VECTOR('',#6808,1.);
#6808 = DIRECTION('',(-0.,-0.,-1.));
#6809 = ORIENTED_EDGE('',*,*,#1650,.F.);
#6810 = PLANE('',#6811);
#6811 = AXIS2_PLACEMENT_3D('',#6812,#6813,#6814);
#6812 = CARTESIAN_POINT('',(0.973570713032,1.404670835376,25.));
#6813 = DIRECTION('',(-0.844302313455,0.535867150975,0.));
#6814 = DIRECTION('',(-0.535867150975,-0.844302313455,0.));
#6815 = ADVANCED_FACE('',(#6816),#6834,.T.);
#6816 = FACE_BOUND('',#6817,.T.);
#6817 = EDGE_LOOP('',(#6818,#6826,#6832,#6833));
#6818 = ORIENTED_EDGE('',*,*,#6819,.T.);
#6819 = EDGE_CURVE('',#2037,#6820,#6822,.T.);
#6820 = VERTEX_POINT('',#6821);
#6821 = CARTESIAN_POINT('',(0.471949675568,1.722799437682,23.));
#6822 = LINE('',#6823,#6824);
#6823 = CARTESIAN_POINT('',(0.471949675568,1.722799437682,25.));
#6824 = VECTOR('',#6825,1.);
#6825 = DIRECTION('',(-0.,-0.,-1.));
#6826 = ORIENTED_EDGE('',*,*,#6827,.T.);
#6827 = EDGE_CURVE('',#6820,#6789,#6828,.T.);
#6828 = B_SPLINE_CURVE_WITH_KNOTS('',2,(#6829,#6830,#6831),
  .UNSPECIFIED.,.F.,.F.,(3,3),(0.,1.),.PIECEWISE_BEZIER_KNOTS.);
#6829 = CARTESIAN_POINT('',(0.471949675568,1.722799437682,23.));
#6830 = CARTESIAN_POINT('',(0.772967326865,1.60189706016,23.));
#6831 = CARTESIAN_POINT('',(0.973570713032,1.404670835376,23.));
#6832 = ORIENTED_EDGE('',*,*,#6788,.F.);
#6833 = ORIENTED_EDGE('',*,*,#2044,.F.);
#6834 = SURFACE_OF_LINEAR_EXTRUSION('',#6835,#6839);
#6835 = B_SPLINE_CURVE_WITH_KNOTS('',2,(#6836,#6837,#6838),
  .UNSPECIFIED.,.F.,.F.,(3,3),(0.,1.),.PIECEWISE_BEZIER_KNOTS.);
#6836 = CARTESIAN_POINT('',(0.471949675568,1.722799437682,25.));
#6837 = CARTESIAN_POINT('',(0.772967326865,1.60189706016,25.));
#6838 = CARTESIAN_POINT('',(0.973570713032,1.404670835376,25.));
#6839 = VECTOR('',#6840,1.);
#6840 = DIRECTION('',(0.,0.,1.));
#6841 = ADVANCED_FACE('',(#6842),#6860,.T.);
#6842 = FACE_BOUND('',#6843,.T.);
#6843 = EDGE_LOOP('',(#6844,#6845,#6853,#6859));
#6844 = ORIENTED_EDGE('',*,*,#6804,.T.);
#6845 = ORIENTED_EDGE('',*,*,#6846,.T.);
#6846 = EDGE_CURVE('',#6797,#6847,#6849,.T.);
#6847 = VERTEX_POINT('',#6848);
#6848 = CARTESIAN_POINT('',(0.707225251937,1.022376166788,23.));
#6849 = B_SPLINE_CURVE_WITH_KNOTS('',2,(#6850,#6851,#6852),
  .UNSPECIFIED.,.F.,.F.,(3,3),(0.,1.),.PIECEWISE_BEZIER_KNOTS.);
#6850 = CARTESIAN_POINT('',(0.779946793724,1.099600590419,23.));
#6851 = CARTESIAN_POINT('',(0.745274603522,1.044665431918,23.));
#6852 = CARTESIAN_POINT('',(0.707225251937,1.022376166788,23.));
#6853 = ORIENTED_EDGE('',*,*,#6854,.F.);
#6854 = EDGE_CURVE('',#1661,#6847,#6855,.T.);
#6855 = LINE('',#6856,#6857);
#6856 = CARTESIAN_POINT('',(0.707225251937,1.022376166788,25.));
#6857 = VECTOR('',#6858,1.);
#6858 = DIRECTION('',(-0.,-0.,-1.));
#6859 = ORIENTED_EDGE('',*,*,#1660,.F.);
#6860 = SURFACE_OF_LINEAR_EXTRUSION('',#6861,#6865);
#6861 = B_SPLINE_CURVE_WITH_KNOTS('',2,(#6862,#6863,#6864),
  .UNSPECIFIED.,.F.,.F.,(3,3),(0.,1.),.PIECEWISE_BEZIER_KNOTS.);
#6862 = CARTESIAN_POINT('',(0.779946793724,1.099600590419,25.));
#6863 = CARTESIAN_POINT('',(0.745274603522,1.044665431918,25.));
#6864 = CARTESIAN_POINT('',(0.707225251937,1.022376166788,25.));
#6865 = VECTOR('',#6866,1.);
#6866 = DIRECTION('',(0.,0.,1.));
#6867 = ADVANCED_FACE('',(#6868),#6886,.T.);
#6868 = FACE_BOUND('',#6869,.T.);
#6869 = EDGE_LOOP('',(#6870,#6878,#6884,#6885));
#6870 = ORIENTED_EDGE('',*,*,#6871,.T.);
#6871 = EDGE_CURVE('',#2029,#6872,#6874,.T.);
#6872 = VERTEX_POINT('',#6873);
#6873 = CARTESIAN_POINT('',(-0.195377413769,1.843926959295,23.));
#6874 = LINE('',#6875,#6876);
#6875 = CARTESIAN_POINT('',(-0.195377413769,1.843926959295,25.));
#6876 = VECTOR('',#6877,1.);
#6877 = DIRECTION('',(-0.,-0.,-1.));
#6878 = ORIENTED_EDGE('',*,*,#6879,.T.);
#6879 = EDGE_CURVE('',#6872,#6820,#6880,.T.);
#6880 = B_SPLINE_CURVE_WITH_KNOTS('',2,(#6881,#6882,#6883),
  .UNSPECIFIED.,.F.,.F.,(3,3),(0.,1.),.PIECEWISE_BEZIER_KNOTS.);
#6881 = CARTESIAN_POINT('',(-0.195377413769,1.843926959295,23.));
#6882 = CARTESIAN_POINT('',(0.171157168364,1.843926959295,23.));
#6883 = CARTESIAN_POINT('',(0.471949675568,1.722799437682,23.));
#6884 = ORIENTED_EDGE('',*,*,#6819,.F.);
#6885 = ORIENTED_EDGE('',*,*,#2036,.F.);
#6886 = SURFACE_OF_LINEAR_EXTRUSION('',#6887,#6891);
#6887 = B_SPLINE_CURVE_WITH_KNOTS('',2,(#6888,#6889,#6890),
  .UNSPECIFIED.,.F.,.F.,(3,3),(0.,1.),.PIECEWISE_BEZIER_KNOTS.);
#6888 = CARTESIAN_POINT('',(-0.195377413769,1.843926959295,25.));
#6889 = CARTESIAN_POINT('',(0.171157168364,1.843926959295,25.));
#6890 = CARTESIAN_POINT('',(0.471949675568,1.722799437682,25.));
#6891 = VECTOR('',#6892,1.);
#6892 = DIRECTION('',(0.,0.,1.));
#6893 = ADVANCED_FACE('',(#6894),#6912,.T.);
#6894 = FACE_BOUND('',#6895,.T.);
#6895 = EDGE_LOOP('',(#6896,#6897,#6905,#6911));
#6896 = ORIENTED_EDGE('',*,*,#6854,.T.);
#6897 = ORIENTED_EDGE('',*,*,#6898,.T.);
#6898 = EDGE_CURVE('',#6847,#6899,#6901,.T.);
#6899 = VERTEX_POINT('',#6900);
#6900 = CARTESIAN_POINT('',(0.610413292283,1.000086901659,23.));
#6901 = B_SPLINE_CURVE_WITH_KNOTS('',2,(#6902,#6903,#6904),
  .UNSPECIFIED.,.F.,.F.,(3,3),(0.,1.),.PIECEWISE_BEZIER_KNOTS.);
#6902 = CARTESIAN_POINT('',(0.707225251937,1.022376166788,23.));
#6903 = CARTESIAN_POINT('',(0.669175900352,1.000086901659,23.));
#6904 = CARTESIAN_POINT('',(0.610413292283,1.000086901659,23.));
#6905 = ORIENTED_EDGE('',*,*,#6906,.F.);
#6906 = EDGE_CURVE('',#1669,#6899,#6907,.T.);
#6907 = LINE('',#6908,#6909);
#6908 = CARTESIAN_POINT('',(0.610413292283,1.000086901659,25.));
#6909 = VECTOR('',#6910,1.);
#6910 = DIRECTION('',(-0.,-0.,-1.));
#6911 = ORIENTED_EDGE('',*,*,#1668,.F.);
#6912 = SURFACE_OF_LINEAR_EXTRUSION('',#6913,#6917);
#6913 = B_SPLINE_CURVE_WITH_KNOTS('',2,(#6914,#6915,#6916),
  .UNSPECIFIED.,.F.,.F.,(3,3),(0.,1.),.PIECEWISE_BEZIER_KNOTS.);
#6914 = CARTESIAN_POINT('',(0.707225251937,1.022376166788,25.));
#6915 = CARTESIAN_POINT('',(0.669175900352,1.000086901659,25.));
#6916 = CARTESIAN_POINT('',(0.610413292283,1.000086901659,25.));
#6917 = VECTOR('',#6918,1.);
#6918 = DIRECTION('',(0.,0.,1.));
#6919 = ADVANCED_FACE('',(#6920),#6938,.T.);
#6920 = FACE_BOUND('',#6921,.T.);
#6921 = EDGE_LOOP('',(#6922,#6930,#6936,#6937));
#6922 = ORIENTED_EDGE('',*,*,#6923,.T.);
#6923 = EDGE_CURVE('',#2021,#6924,#6926,.T.);
#6924 = VERTEX_POINT('',#6925);
#6925 = CARTESIAN_POINT('',(-0.774673163048,1.755895619238,23.));
#6926 = LINE('',#6927,#6928);
#6927 = CARTESIAN_POINT('',(-0.774673163048,1.755895619238,25.));
#6928 = VECTOR('',#6929,1.);
#6929 = DIRECTION('',(-0.,-0.,-1.));
#6930 = ORIENTED_EDGE('',*,*,#6931,.T.);
#6931 = EDGE_CURVE('',#6924,#6872,#6932,.T.);
#6932 = B_SPLINE_CURVE_WITH_KNOTS('',2,(#6933,#6934,#6935),
  .UNSPECIFIED.,.F.,.F.,(3,3),(0.,1.),.PIECEWISE_BEZIER_KNOTS.);
#6933 = CARTESIAN_POINT('',(-0.774673163048,1.755895619238,23.));
#6934 = CARTESIAN_POINT('',(-0.523862644316,1.843926959295,23.));
#6935 = CARTESIAN_POINT('',(-0.195377413769,1.843926959295,23.));
#6936 = ORIENTED_EDGE('',*,*,#6871,.F.);
#6937 = ORIENTED_EDGE('',*,*,#2028,.F.);
#6938 = SURFACE_OF_LINEAR_EXTRUSION('',#6939,#6943);
#6939 = B_SPLINE_CURVE_WITH_KNOTS('',2,(#6940,#6941,#6942),
  .UNSPECIFIED.,.F.,.F.,(3,3),(0.,1.),.PIECEWISE_BEZIER_KNOTS.);
#6940 = CARTESIAN_POINT('',(-0.774673163048,1.755895619238,25.));
#6941 = CARTESIAN_POINT('',(-0.523862644316,1.843926959295,25.));
#6942 = CARTESIAN_POINT('',(-0.195377413769,1.843926959295,25.));
#6943 = VECTOR('',#6944,1.);
#6944 = DIRECTION('',(0.,0.,1.));
#6945 = ADVANCED_FACE('',(#6946),#6964,.T.);
#6946 = FACE_BOUND('',#6947,.T.);
#6947 = EDGE_LOOP('',(#6948,#6949,#6957,#6963));
#6948 = ORIENTED_EDGE('',*,*,#6906,.T.);
#6949 = ORIENTED_EDGE('',*,*,#6950,.T.);
#6950 = EDGE_CURVE('',#6899,#6951,#6953,.T.);
#6951 = VERTEX_POINT('',#6952);
#6952 = CARTESIAN_POINT('',(0.477353133782,1.034533947768,23.));
#6953 = B_SPLINE_CURVE_WITH_KNOTS('',2,(#6954,#6955,#6956),
  .UNSPECIFIED.,.F.,.F.,(3,3),(0.,1.),.PIECEWISE_BEZIER_KNOTS.);
#6954 = CARTESIAN_POINT('',(0.610413292283,1.000086901659,23.));
#6955 = CARTESIAN_POINT('',(0.548273522831,1.000086901659,23.));
#6956 = CARTESIAN_POINT('',(0.477353133782,1.034533947768,23.));
#6957 = ORIENTED_EDGE('',*,*,#6958,.F.);
#6958 = EDGE_CURVE('',#1677,#6951,#6959,.T.);
#6959 = LINE('',#6960,#6961);
#6960 = CARTESIAN_POINT('',(0.477353133782,1.034533947768,25.));
#6961 = VECTOR('',#6962,1.);
#6962 = DIRECTION('',(-0.,-0.,-1.));
#6963 = ORIENTED_EDGE('',*,*,#1676,.F.);
#6964 = SURFACE_OF_LINEAR_EXTRUSION('',#6965,#6969);
#6965 = B_SPLINE_CURVE_WITH_KNOTS('',2,(#6966,#6967,#6968),
  .UNSPECIFIED.,.F.,.F.,(3,3),(0.,1.),.PIECEWISE_BEZIER_KNOTS.);
#6966 = CARTESIAN_POINT('',(0.610413292283,1.000086901659,25.));
#6967 = CARTESIAN_POINT('',(0.548273522831,1.000086901659,25.));
#6968 = CARTESIAN_POINT('',(0.477353133782,1.034533947768,25.));
#6969 = VECTOR('',#6970,1.);
#6970 = DIRECTION('',(0.,0.,1.));
#6971 = ADVANCED_FACE('',(#6972),#6990,.T.);
#6972 = FACE_BOUND('',#6973,.T.);
#6973 = EDGE_LOOP('',(#6974,#6982,#6988,#6989));
#6974 = ORIENTED_EDGE('',*,*,#6975,.T.);
#6975 = EDGE_CURVE('',#2013,#6976,#6978,.T.);
#6976 = VERTEX_POINT('',#6977);
#6977 = CARTESIAN_POINT('',(-1.192990886391,1.521070331053,23.));
#6978 = LINE('',#6979,#6980);
#6979 = CARTESIAN_POINT('',(-1.192990886391,1.521070331053,25.));
#6980 = VECTOR('',#6981,1.);
#6981 = DIRECTION('',(-0.,-0.,-1.));
#6982 = ORIENTED_EDGE('',*,*,#6983,.T.);
#6983 = EDGE_CURVE('',#6976,#6924,#6984,.T.);
#6984 = B_SPLINE_CURVE_WITH_KNOTS('',2,(#6985,#6986,#6987),
  .UNSPECIFIED.,.F.,.F.,(3,3),(0.,1.),.PIECEWISE_BEZIER_KNOTS.);
#6985 = CARTESIAN_POINT('',(-1.192990886391,1.521070331053,23.));
#6986 = CARTESIAN_POINT('',(-1.025258537688,1.66786427918,23.));
#6987 = CARTESIAN_POINT('',(-0.774673163048,1.755895619238,23.));
#6988 = ORIENTED_EDGE('',*,*,#6923,.F.);
#6989 = ORIENTED_EDGE('',*,*,#2020,.F.);
#6990 = SURFACE_OF_LINEAR_EXTRUSION('',#6991,#6995);
#6991 = B_SPLINE_CURVE_WITH_KNOTS('',2,(#6992,#6993,#6994),
  .UNSPECIFIED.,.F.,.F.,(3,3),(0.,1.),.PIECEWISE_BEZIER_KNOTS.);
#6992 = CARTESIAN_POINT('',(-1.192990886391,1.521070331053,25.));
#6993 = CARTESIAN_POINT('',(-1.025258537688,1.66786427918,25.));
#6994 = CARTESIAN_POINT('',(-0.774673163048,1.755895619238,25.));
#6995 = VECTOR('',#6996,1.);
#6996 = DIRECTION('',(0.,0.,1.));
#6997 = ADVANCED_FACE('',(#6998),#7016,.T.);
#6998 = FACE_BOUND('',#6999,.T.);
#6999 = EDGE_LOOP('',(#7000,#7001,#7009,#7015));
#7000 = ORIENTED_EDGE('',*,*,#6958,.T.);
#7001 = ORIENTED_EDGE('',*,*,#7002,.T.);
#7002 = EDGE_CURVE('',#6951,#7003,#7005,.T.);
#7003 = VERTEX_POINT('',#7004);
#7004 = CARTESIAN_POINT('',(0.312997946462,1.112208659584,23.));
#7005 = B_SPLINE_CURVE_WITH_KNOTS('',2,(#7006,#7007,#7008),
  .UNSPECIFIED.,.F.,.F.,(3,3),(0.,1.),.PIECEWISE_BEZIER_KNOTS.);
#7006 = CARTESIAN_POINT('',(0.477353133782,1.034533947768,23.));
#7007 = CARTESIAN_POINT('',(0.406432744733,1.068980993878,23.));
#7008 = CARTESIAN_POINT('',(0.312997946462,1.112208659584,23.));
#7009 = ORIENTED_EDGE('',*,*,#7010,.F.);
#7010 = EDGE_CURVE('',#1685,#7003,#7011,.T.);
#7011 = LINE('',#7012,#7013);
#7012 = CARTESIAN_POINT('',(0.312997946462,1.112208659584,25.));
#7013 = VECTOR('',#7014,1.);
#7014 = DIRECTION('',(-0.,-0.,-1.));
#7015 = ORIENTED_EDGE('',*,*,#1684,.F.);
#7016 = SURFACE_OF_LINEAR_EXTRUSION('',#7017,#7021);
#7017 = B_SPLINE_CURVE_WITH_KNOTS('',2,(#7018,#7019,#7020),
  .UNSPECIFIED.,.F.,.F.,(3,3),(0.,1.),.PIECEWISE_BEZIER_KNOTS.);
#7018 = CARTESIAN_POINT('',(0.477353133782,1.034533947768,25.));
#7019 = CARTESIAN_POINT('',(0.406432744733,1.068980993878,25.));
#7020 = CARTESIAN_POINT('',(0.312997946462,1.112208659584,25.));
#7021 = VECTOR('',#7022,1.);
#7022 = DIRECTION('',(0.,0.,1.));
#7023 = ADVANCED_FACE('',(#7024),#7042,.T.);
#7024 = FACE_BOUND('',#7025,.T.);
#7025 = EDGE_LOOP('',(#7026,#7034,#7040,#7041));
#7026 = ORIENTED_EDGE('',*,*,#7027,.T.);
#7027 = EDGE_CURVE('',#2005,#7028,#7030,.T.);
#7028 = VERTEX_POINT('',#7029);
#7029 = CARTESIAN_POINT('',(-1.447178566507,1.177725590419,23.));
#7030 = LINE('',#7031,#7032);
#7031 = CARTESIAN_POINT('',(-1.447178566507,1.177725590419,25.));
#7032 = VECTOR('',#7033,1.);
#7033 = DIRECTION('',(-0.,-0.,-1.));
#7034 = ORIENTED_EDGE('',*,*,#7035,.T.);
#7035 = EDGE_CURVE('',#7028,#6976,#7036,.T.);
#7036 = B_SPLINE_CURVE_WITH_KNOTS('',2,(#7037,#7038,#7039),
  .UNSPECIFIED.,.F.,.F.,(3,3),(0.,1.),.PIECEWISE_BEZIER_KNOTS.);
#7037 = CARTESIAN_POINT('',(-1.447178566507,1.177725590419,23.));
#7038 = CARTESIAN_POINT('',(-1.360723235094,1.374501527019,23.));
#7039 = CARTESIAN_POINT('',(-1.192990886391,1.521070331053,23.));
#7040 = ORIENTED_EDGE('',*,*,#6975,.F.);
#7041 = ORIENTED_EDGE('',*,*,#2012,.F.);
#7042 = SURFACE_OF_LINEAR_EXTRUSION('',#7043,#7047);
#7043 = B_SPLINE_CURVE_WITH_KNOTS('',2,(#7044,#7045,#7046),
  .UNSPECIFIED.,.F.,.F.,(3,3),(0.,1.),.PIECEWISE_BEZIER_KNOTS.);
#7044 = CARTESIAN_POINT('',(-1.447178566507,1.177725590419,25.));
#7045 = CARTESIAN_POINT('',(-1.360723235094,1.374501527019,25.));
#7046 = CARTESIAN_POINT('',(-1.192990886391,1.521070331053,25.));
#7047 = VECTOR('',#7048,1.);
#7048 = DIRECTION('',(0.,0.,1.));
#7049 = ADVANCED_FACE('',(#7050),#7068,.T.);
#7050 = FACE_BOUND('',#7051,.T.);
#7051 = EDGE_LOOP('',(#7052,#7053,#7061,#7067));
#7052 = ORIENTED_EDGE('',*,*,#7010,.T.);
#7053 = ORIENTED_EDGE('',*,*,#7054,.T.);
#7054 = EDGE_CURVE('',#7003,#7055,#7057,.T.);
#7055 = VERTEX_POINT('',#7056);
#7056 = CARTESIAN_POINT('',(0.100236779315,1.189883371399,23.));
#7057 = B_SPLINE_CURVE_WITH_KNOTS('',2,(#7058,#7059,#7060),
  .UNSPECIFIED.,.F.,.F.,(3,3),(0.,1.),.PIECEWISE_BEZIER_KNOTS.);
#7058 = CARTESIAN_POINT('',(0.312997946462,1.112208659584,23.));
#7059 = CARTESIAN_POINT('',(0.219563148191,1.15543632529,23.));
#7060 = CARTESIAN_POINT('',(0.100236779315,1.189883371399,23.));
#7061 = ORIENTED_EDGE('',*,*,#7062,.F.);
#7062 = EDGE_CURVE('',#1693,#7055,#7063,.T.);
#7063 = LINE('',#7064,#7065);
#7064 = CARTESIAN_POINT('',(0.100236779315,1.189883371399,25.));
#7065 = VECTOR('',#7066,1.);
#7066 = DIRECTION('',(-0.,-0.,-1.));
#7067 = ORIENTED_EDGE('',*,*,#1692,.F.);
#7068 = SURFACE_OF_LINEAR_EXTRUSION('',#7069,#7073);
#7069 = B_SPLINE_CURVE_WITH_KNOTS('',2,(#7070,#7071,#7072),
  .UNSPECIFIED.,.F.,.F.,(3,3),(0.,1.),.PIECEWISE_BEZIER_KNOTS.);
#7070 = CARTESIAN_POINT('',(0.312997946462,1.112208659584,25.));
#7071 = CARTESIAN_POINT('',(0.219563148191,1.15543632529,25.));
#7072 = CARTESIAN_POINT('',(0.100236779315,1.189883371399,25.));
#7073 = VECTOR('',#7074,1.);
#7074 = DIRECTION('',(0.,0.,1.));
#7075 = ADVANCED_FACE('',(#7076),#7094,.T.);
#7076 = FACE_BOUND('',#7077,.T.);
#7077 = EDGE_LOOP('',(#7078,#7086,#7092,#7093));
#7078 = ORIENTED_EDGE('',*,*,#7079,.T.);
#7079 = EDGE_CURVE('',#1997,#7080,#7082,.T.);
#7080 = VERTEX_POINT('',#7081);
#7081 = CARTESIAN_POINT('',(-1.533633897919,0.763460460736,23.));
#7082 = LINE('',#7083,#7084);
#7083 = CARTESIAN_POINT('',(-1.533633897919,0.763460460736,25.));
#7084 = VECTOR('',#7085,1.);
#7085 = DIRECTION('',(-0.,-0.,-1.));
#7086 = ORIENTED_EDGE('',*,*,#7087,.T.);
#7087 = EDGE_CURVE('',#7080,#7028,#7088,.T.);
#7088 = B_SPLINE_CURVE_WITH_KNOTS('',2,(#7089,#7090,#7091),
  .UNSPECIFIED.,.F.,.F.,(3,3),(0.,1.),.PIECEWISE_BEZIER_KNOTS.);
#7089 = CARTESIAN_POINT('',(-1.533633897919,0.763460460736,23.));
#7090 = CARTESIAN_POINT('',(-1.533633897919,0.98094965382,23.));
#7091 = CARTESIAN_POINT('',(-1.447178566507,1.177725590419,23.));
#7092 = ORIENTED_EDGE('',*,*,#7027,.F.);
#7093 = ORIENTED_EDGE('',*,*,#2004,.F.);
#7094 = SURFACE_OF_LINEAR_EXTRUSION('',#7095,#7099);
#7095 = B_SPLINE_CURVE_WITH_KNOTS('',2,(#7096,#7097,#7098),
  .UNSPECIFIED.,.F.,.F.,(3,3),(0.,1.),.PIECEWISE_BEZIER_KNOTS.);
#7096 = CARTESIAN_POINT('',(-1.533633897919,0.763460460736,25.));
#7097 = CARTESIAN_POINT('',(-1.533633897919,0.98094965382,25.));
#7098 = CARTESIAN_POINT('',(-1.447178566507,1.177725590419,25.));
#7099 = VECTOR('',#7100,1.);
#7100 = DIRECTION('',(0.,0.,1.));
#7101 = ADVANCED_FACE('',(#7102),#7120,.T.);
#7102 = FACE_BOUND('',#7103,.T.);
#7103 = EDGE_LOOP('',(#7104,#7105,#7113,#7119));
#7104 = ORIENTED_EDGE('',*,*,#7062,.T.);
#7105 = ORIENTED_EDGE('',*,*,#7106,.T.);
#7106 = EDGE_CURVE('',#7055,#7107,#7109,.T.);
#7107 = VERTEX_POINT('',#7108);
#7108 = CARTESIAN_POINT('',(-0.181418480051,1.224330417509,23.));
#7109 = B_SPLINE_CURVE_WITH_KNOTS('',2,(#7110,#7111,#7112),
  .UNSPECIFIED.,.F.,.F.,(3,3),(0.,1.),.PIECEWISE_BEZIER_KNOTS.);
#7110 = CARTESIAN_POINT('',(0.100236779315,1.189883371399,23.));
#7111 = CARTESIAN_POINT('',(-1.886444546907E-02,1.224330417509,23.));
#7112 = CARTESIAN_POINT('',(-0.181418480051,1.224330417509,23.));
#7113 = ORIENTED_EDGE('',*,*,#7114,.F.);
#7114 = EDGE_CURVE('',#1701,#7107,#7115,.T.);
#7115 = LINE('',#7116,#7117);
#7116 = CARTESIAN_POINT('',(-0.181418480051,1.224330417509,25.));
#7117 = VECTOR('',#7118,1.);
#7118 = DIRECTION('',(-0.,-0.,-1.));
#7119 = ORIENTED_EDGE('',*,*,#1700,.F.);
#7120 = SURFACE_OF_LINEAR_EXTRUSION('',#7121,#7125);
#7121 = B_SPLINE_CURVE_WITH_KNOTS('',2,(#7122,#7123,#7124),
  .UNSPECIFIED.,.F.,.F.,(3,3),(0.,1.),.PIECEWISE_BEZIER_KNOTS.);
#7122 = CARTESIAN_POINT('',(0.100236779315,1.189883371399,25.));
#7123 = CARTESIAN_POINT('',(-1.886444546907E-02,1.224330417509,25.));
#7124 = CARTESIAN_POINT('',(-0.181418480051,1.224330417509,25.));
#7125 = VECTOR('',#7126,1.);
#7126 = DIRECTION('',(0.,0.,1.));
#7127 = ADVANCED_FACE('',(#7128),#7146,.T.);
#7128 = FACE_BOUND('',#7129,.T.);
#7129 = EDGE_LOOP('',(#7130,#7138,#7144,#7145));
#7130 = ORIENTED_EDGE('',*,*,#7131,.T.);
#7131 = EDGE_CURVE('',#1989,#7132,#7134,.T.);
#7132 = VERTEX_POINT('',#7133);
#7133 = CARTESIAN_POINT('',(-1.459336347486,0.363154264771,23.));
#7134 = LINE('',#7135,#7136);
#7135 = CARTESIAN_POINT('',(-1.459336347486,0.363154264771,25.));
#7136 = VECTOR('',#7137,1.);
#7137 = DIRECTION('',(-0.,-0.,-1.));
#7138 = ORIENTED_EDGE('',*,*,#7139,.T.);
#7139 = EDGE_CURVE('',#7132,#7080,#7140,.T.);
#7140 = B_SPLINE_CURVE_WITH_KNOTS('',2,(#7141,#7142,#7143),
  .UNSPECIFIED.,.F.,.F.,(3,3),(0.,1.),.PIECEWISE_BEZIER_KNOTS.);
#7141 = CARTESIAN_POINT('',(-1.459336347486,0.363154264771,23.));
#7142 = CARTESIAN_POINT('',(-1.533633897919,0.528860316644,23.));
#7143 = CARTESIAN_POINT('',(-1.533633897919,0.763460460736,23.));
#7144 = ORIENTED_EDGE('',*,*,#7079,.F.);
#7145 = ORIENTED_EDGE('',*,*,#1996,.F.);
#7146 = SURFACE_OF_LINEAR_EXTRUSION('',#7147,#7151);
#7147 = B_SPLINE_CURVE_WITH_KNOTS('',2,(#7148,#7149,#7150),
  .UNSPECIFIED.,.F.,.F.,(3,3),(0.,1.),.PIECEWISE_BEZIER_KNOTS.);
#7148 = CARTESIAN_POINT('',(-1.459336347486,0.363154264771,25.));
#7149 = CARTESIAN_POINT('',(-1.533633897919,0.528860316644,25.));
#7150 = CARTESIAN_POINT('',(-1.533633897919,0.763460460736,25.));
#7151 = VECTOR('',#7152,1.);
#7152 = DIRECTION('',(0.,0.,1.));
#7153 = ADVANCED_FACE('',(#7154),#7172,.T.);
#7154 = FACE_BOUND('',#7155,.T.);
#7155 = EDGE_LOOP('',(#7156,#7157,#7165,#7171));
#7156 = ORIENTED_EDGE('',*,*,#7114,.T.);
#7157 = ORIENTED_EDGE('',*,*,#7158,.T.);
#7158 = EDGE_CURVE('',#7107,#7159,#7161,.T.);
#7159 = VERTEX_POINT('',#7160);
#7160 = CARTESIAN_POINT('',(-0.579248091002,1.11693668552,23.));
#7161 = B_SPLINE_CURVE_WITH_KNOTS('',2,(#7162,#7163,#7164),
  .UNSPECIFIED.,.F.,.F.,(3,3),(0.,1.),.PIECEWISE_BEZIER_KNOTS.);
#7162 = CARTESIAN_POINT('',(-0.181418480051,1.224330417509,23.));
#7163 = CARTESIAN_POINT('',(-0.434030151521,1.224330417509,23.));
#7164 = CARTESIAN_POINT('',(-0.579248091002,1.11693668552,23.));
#7165 = ORIENTED_EDGE('',*,*,#7166,.F.);
#7166 = EDGE_CURVE('',#1709,#7159,#7167,.T.);
#7167 = LINE('',#7168,#7169);
#7168 = CARTESIAN_POINT('',(-0.579248091002,1.11693668552,25.));
#7169 = VECTOR('',#7170,1.);
#7170 = DIRECTION('',(-0.,-0.,-1.));
#7171 = ORIENTED_EDGE('',*,*,#1708,.F.);
#7172 = SURFACE_OF_LINEAR_EXTRUSION('',#7173,#7177);
#7173 = B_SPLINE_CURVE_WITH_KNOTS('',2,(#7174,#7175,#7176),
  .UNSPECIFIED.,.F.,.F.,(3,3),(0.,1.),.PIECEWISE_BEZIER_KNOTS.);
#7174 = CARTESIAN_POINT('',(-0.181418480051,1.224330417509,25.));
#7175 = CARTESIAN_POINT('',(-0.434030151521,1.224330417509,25.));
#7176 = CARTESIAN_POINT('',(-0.579248091002,1.11693668552,25.));
#7177 = VECTOR('',#7178,1.);
#7178 = DIRECTION('',(0.,0.,1.));
#7179 = ADVANCED_FACE('',(#7180),#7198,.T.);
#7180 = FACE_BOUND('',#7181,.T.);
#7181 = EDGE_LOOP('',(#7182,#7190,#7196,#7197));
#7182 = ORIENTED_EDGE('',*,*,#7183,.T.);
#7183 = EDGE_CURVE('',#1981,#7184,#7186,.T.);
#7184 = VERTEX_POINT('',#7185);
#7185 = CARTESIAN_POINT('',(-1.262335266795,8.352530223492E-02,23.));
#7186 = LINE('',#7187,#7188);
#7187 = CARTESIAN_POINT('',(-1.262335266795,8.352530223492E-02,25.));
#7188 = VECTOR('',#7189,1.);
#7189 = DIRECTION('',(-0.,-0.,-1.));
#7190 = ORIENTED_EDGE('',*,*,#7191,.T.);
#7191 = EDGE_CURVE('',#7184,#7132,#7192,.T.);
#7192 = B_SPLINE_CURVE_WITH_KNOTS('',2,(#7193,#7194,#7195),
  .UNSPECIFIED.,.F.,.F.,(3,3),(0.,1.),.PIECEWISE_BEZIER_KNOTS.);
#7193 = CARTESIAN_POINT('',(-1.262335266795,8.352530223492E-02,23.));
#7194 = CARTESIAN_POINT('',(-1.385038797054,0.197448212898,23.));
#7195 = CARTESIAN_POINT('',(-1.459336347486,0.363154264771,23.));
#7196 = ORIENTED_EDGE('',*,*,#7131,.F.);
#7197 = ORIENTED_EDGE('',*,*,#1988,.F.);
#7198 = SURFACE_OF_LINEAR_EXTRUSION('',#7199,#7203);
#7199 = B_SPLINE_CURVE_WITH_KNOTS('',2,(#7200,#7201,#7202),
  .UNSPECIFIED.,.F.,.F.,(3,3),(0.,1.),.PIECEWISE_BEZIER_KNOTS.);
#7200 = CARTESIAN_POINT('',(-1.262335266795,8.352530223492E-02,25.));
#7201 = CARTESIAN_POINT('',(-1.385038797054,0.197448212898,25.));
#7202 = CARTESIAN_POINT('',(-1.459336347486,0.363154264771,25.));
#7203 = VECTOR('',#7204,1.);
#7204 = DIRECTION('',(0.,0.,1.));
#7205 = ADVANCED_FACE('',(#7206),#7224,.T.);
#7206 = FACE_BOUND('',#7207,.T.);
#7207 = EDGE_LOOP('',(#7208,#7209,#7217,#7223));
#7208 = ORIENTED_EDGE('',*,*,#7166,.T.);
#7209 = ORIENTED_EDGE('',*,*,#7210,.T.);
#7210 = EDGE_CURVE('',#7159,#7211,#7213,.T.);
#7211 = VERTEX_POINT('',#7212);
#7212 = CARTESIAN_POINT('',(-0.724466030483,0.836407146615,23.));
#7213 = B_SPLINE_CURVE_WITH_KNOTS('',2,(#7214,#7215,#7216),
  .UNSPECIFIED.,.F.,.F.,(3,3),(0.,1.),.PIECEWISE_BEZIER_KNOTS.);
#7214 = CARTESIAN_POINT('',(-0.579248091002,1.11693668552,23.));
#7215 = CARTESIAN_POINT('',(-0.724466030483,1.009542953532,23.));
#7216 = CARTESIAN_POINT('',(-0.724466030483,0.836407146615,23.));
#7217 = ORIENTED_EDGE('',*,*,#7218,.F.);
#7218 = EDGE_CURVE('',#1717,#7211,#7219,.T.);
#7219 = LINE('',#7220,#7221);
#7220 = CARTESIAN_POINT('',(-0.724466030483,0.836407146615,25.));
#7221 = VECTOR('',#7222,1.);
#7222 = DIRECTION('',(-0.,-0.,-1.));
#7223 = ORIENTED_EDGE('',*,*,#1716,.F.);
#7224 = SURFACE_OF_LINEAR_EXTRUSION('',#7225,#7229);
#7225 = B_SPLINE_CURVE_WITH_KNOTS('',2,(#7226,#7227,#7228),
  .UNSPECIFIED.,.F.,.F.,(3,3),(0.,1.),.PIECEWISE_BEZIER_KNOTS.);
#7226 = CARTESIAN_POINT('',(-0.579248091002,1.11693668552,25.));
#7227 = CARTESIAN_POINT('',(-0.724466030483,1.009542953532,25.));
#7228 = CARTESIAN_POINT('',(-0.724466030483,0.836407146615,25.));
#7229 = VECTOR('',#7230,1.);
#7230 = DIRECTION('',(0.,0.,1.));
#7231 = ADVANCED_FACE('',(#7232),#7250,.T.);
#7232 = FACE_BOUND('',#7233,.T.);
#7233 = EDGE_LOOP('',(#7234,#7242,#7248,#7249));
#7234 = ORIENTED_EDGE('',*,*,#7235,.T.);
#7235 = EDGE_CURVE('',#1973,#7236,#7238,.T.);
#7236 = VERTEX_POINT('',#7237);
#7237 = CARTESIAN_POINT('',(-0.982030871982,-0.10469515886,23.));
#7238 = LINE('',#7239,#7240);
#7239 = CARTESIAN_POINT('',(-0.982030871982,-0.10469515886,25.));
#7240 = VECTOR('',#7241,1.);
#7241 = DIRECTION('',(-0.,-0.,-1.));
#7242 = ORIENTED_EDGE('',*,*,#7243,.T.);
#7243 = EDGE_CURVE('',#7236,#7184,#7244,.T.);
#7244 = B_SPLINE_CURVE_WITH_KNOTS('',2,(#7245,#7246,#7247),
  .UNSPECIFIED.,.F.,.F.,(3,3),(0.,1.),.PIECEWISE_BEZIER_KNOTS.);
#7245 = CARTESIAN_POINT('',(-0.982030871982,-0.10469515886,23.));
#7246 = CARTESIAN_POINT('',(-1.139406592443,-3.03976084279E-02,23.));
#7247 = CARTESIAN_POINT('',(-1.262335266795,8.352530223492E-02,23.));
#7248 = ORIENTED_EDGE('',*,*,#7183,.F.);
#7249 = ORIENTED_EDGE('',*,*,#1980,.F.);
#7250 = SURFACE_OF_LINEAR_EXTRUSION('',#7251,#7255);
#7251 = B_SPLINE_CURVE_WITH_KNOTS('',2,(#7252,#7253,#7254),
  .UNSPECIFIED.,.F.,.F.,(3,3),(0.,1.),.PIECEWISE_BEZIER_KNOTS.);
#7252 = CARTESIAN_POINT('',(-0.982030871982,-0.10469515886,25.));
#7253 = CARTESIAN_POINT('',(-1.139406592443,-3.03976084279E-02,25.));
#7254 = CARTESIAN_POINT('',(-1.262335266795,8.352530223492E-02,25.));
#7255 = VECTOR('',#7256,1.);
#7256 = DIRECTION('',(0.,0.,1.));
#7257 = ADVANCED_FACE('',(#7258),#7276,.T.);
#7258 = FACE_BOUND('',#7259,.T.);
#7259 = EDGE_LOOP('',(#7260,#7261,#7269,#7275));
#7260 = ORIENTED_EDGE('',*,*,#7218,.T.);
#7261 = ORIENTED_EDGE('',*,*,#7262,.T.);
#7262 = EDGE_CURVE('',#7211,#7263,#7265,.T.);
#7263 = VERTEX_POINT('',#7264);
#7264 = CARTESIAN_POINT('',(-0.650168480051,0.644359235953,23.));
#7265 = B_SPLINE_CURVE_WITH_KNOTS('',2,(#7266,#7267,#7268),
  .UNSPECIFIED.,.F.,.F.,(3,3),(0.,1.),.PIECEWISE_BEZIER_KNOTS.);
#7266 = CARTESIAN_POINT('',(-0.724466030483,0.836407146615,23.));
#7267 = CARTESIAN_POINT('',(-0.724466030483,0.72225909186,23.));
#7268 = CARTESIAN_POINT('',(-0.650168480051,0.644359235953,23.));
#7269 = ORIENTED_EDGE('',*,*,#7270,.F.);
#7270 = EDGE_CURVE('',#1725,#7263,#7271,.T.);
#7271 = LINE('',#7272,#7273);
#7272 = CARTESIAN_POINT('',(-0.650168480051,0.644359235953,25.));
#7273 = VECTOR('',#7274,1.);
#7274 = DIRECTION('',(-0.,-0.,-1.));
#7275 = ORIENTED_EDGE('',*,*,#1724,.F.);
#7276 = SURFACE_OF_LINEAR_EXTRUSION('',#7277,#7281);
#7277 = B_SPLINE_CURVE_WITH_KNOTS('',2,(#7278,#7279,#7280),
  .UNSPECIFIED.,.F.,.F.,(3,3),(0.,1.),.PIECEWISE_BEZIER_KNOTS.);
#7278 = CARTESIAN_POINT('',(-0.724466030483,0.836407146615,25.));
#7279 = CARTESIAN_POINT('',(-0.724466030483,0.72225909186,25.));
#7280 = CARTESIAN_POINT('',(-0.650168480051,0.644359235953,25.));
#7281 = VECTOR('',#7282,1.);
#7282 = DIRECTION('',(0.,0.,1.));
#7283 = ADVANCED_FACE('',(#7284),#7302,.T.);
#7284 = FACE_BOUND('',#7285,.T.);
#7285 = EDGE_LOOP('',(#7286,#7294,#7300,#7301));
#7286 = ORIENTED_EDGE('',*,*,#7287,.T.);
#7287 = EDGE_CURVE('',#1965,#7288,#7290,.T.);
#7288 = VERTEX_POINT('',#7289);
#7289 = CARTESIAN_POINT('',(-0.660525108293,-0.234153011886,23.));
#7290 = LINE('',#7291,#7292);
#7291 = CARTESIAN_POINT('',(-0.660525108293,-0.234153011886,25.));
#7292 = VECTOR('',#7293,1.);
#7293 = DIRECTION('',(-0.,-0.,-1.));
#7294 = ORIENTED_EDGE('',*,*,#7295,.T.);
#7295 = EDGE_CURVE('',#7288,#7236,#7296,.T.);
#7296 = B_SPLINE_CURVE_WITH_KNOTS('',2,(#7297,#7298,#7299),
  .UNSPECIFIED.,.F.,.F.,(3,3),(0.,1.),.PIECEWISE_BEZIER_KNOTS.);
#7297 = CARTESIAN_POINT('',(-0.660525108293,-0.234153011886,23.));
#7298 = CARTESIAN_POINT('',(-0.824655151521,-0.1787675652,23.));
#7299 = CARTESIAN_POINT('',(-0.982030871982,-0.10469515886,23.));
#7300 = ORIENTED_EDGE('',*,*,#7235,.F.);
#7301 = ORIENTED_EDGE('',*,*,#1972,.F.);
#7302 = SURFACE_OF_LINEAR_EXTRUSION('',#7303,#7307);
#7303 = B_SPLINE_CURVE_WITH_KNOTS('',2,(#7304,#7305,#7306),
  .UNSPECIFIED.,.F.,.F.,(3,3),(0.,1.),.PIECEWISE_BEZIER_KNOTS.);
#7304 = CARTESIAN_POINT('',(-0.660525108293,-0.234153011886,25.));
#7305 = CARTESIAN_POINT('',(-0.824655151521,-0.1787675652,25.));
#7306 = CARTESIAN_POINT('',(-0.982030871982,-0.10469515886,25.));
#7307 = VECTOR('',#7308,1.);
#7308 = DIRECTION('',(0.,0.,1.));
#7309 = ADVANCED_FACE('',(#7310),#7328,.T.);
#7310 = FACE_BOUND('',#7311,.T.);
#7311 = EDGE_LOOP('',(#7312,#7313,#7321,#7327));
#7312 = ORIENTED_EDGE('',*,*,#7270,.T.);
#7313 = ORIENTED_EDGE('',*,*,#7314,.T.);
#7314 = EDGE_CURVE('',#7263,#7315,#7317,.T.);
#7315 = VERTEX_POINT('',#7316);
#7316 = CARTESIAN_POINT('',(-0.452942255267,0.507471627883,23.));
#7317 = B_SPLINE_CURVE_WITH_KNOTS('',2,(#7318,#7319,#7320),
  .UNSPECIFIED.,.F.,.F.,(3,3),(0.,1.),.PIECEWISE_BEZIER_KNOTS.);
#7318 = CARTESIAN_POINT('',(-0.650168480051,0.644359235953,23.));
#7319 = CARTESIAN_POINT('',(-0.575645785527,0.566459380045,23.));
#7320 = CARTESIAN_POINT('',(-0.452942255267,0.507471627883,23.));
#7321 = ORIENTED_EDGE('',*,*,#7322,.F.);
#7322 = EDGE_CURVE('',#1733,#7315,#7323,.T.);
#7323 = LINE('',#7324,#7325);
#7324 = CARTESIAN_POINT('',(-0.452942255267,0.507471627883,25.));
#7325 = VECTOR('',#7326,1.);
#7326 = DIRECTION('',(-0.,-0.,-1.));
#7327 = ORIENTED_EDGE('',*,*,#1732,.F.);
#7328 = SURFACE_OF_LINEAR_EXTRUSION('',#7329,#7333);
#7329 = B_SPLINE_CURVE_WITH_KNOTS('',2,(#7330,#7331,#7332),
  .UNSPECIFIED.,.F.,.F.,(3,3),(0.,1.),.PIECEWISE_BEZIER_KNOTS.);
#7330 = CARTESIAN_POINT('',(-0.650168480051,0.644359235953,25.));
#7331 = CARTESIAN_POINT('',(-0.575645785527,0.566459380045,25.));
#7332 = CARTESIAN_POINT('',(-0.452942255267,0.507471627883,25.));
#7333 = VECTOR('',#7334,1.);
#7334 = DIRECTION('',(0.,0.,1.));
#7335 = ADVANCED_FACE('',(#7336),#7354,.T.);
#7336 = FACE_BOUND('',#7337,.T.);
#7337 = EDGE_LOOP('',(#7338,#7346,#7352,#7353));
#7338 = ORIENTED_EDGE('',*,*,#7339,.T.);
#7339 = EDGE_CURVE('',#1957,#7340,#7342,.T.);
#7340 = VERTEX_POINT('',#7341);
#7341 = CARTESIAN_POINT('',(-0.338794200512,-0.335918141569,23.));
#7342 = LINE('',#7343,#7344);
#7343 = CARTESIAN_POINT('',(-0.338794200512,-0.335918141569,25.));
#7344 = VECTOR('',#7345,1.);
#7345 = DIRECTION('',(-0.,-0.,-1.));
#7346 = ORIENTED_EDGE('',*,*,#7347,.T.);
#7347 = EDGE_CURVE('',#7340,#7288,#7348,.T.);
#7348 = B_SPLINE_CURVE_WITH_KNOTS('',2,(#7349,#7350,#7351),
  .UNSPECIFIED.,.F.,.F.,(3,3),(0.,1.),.PIECEWISE_BEZIER_KNOTS.);
#7349 = CARTESIAN_POINT('',(-0.338794200512,-0.335918141569,23.));
#7350 = CARTESIAN_POINT('',(-0.496169920973,-0.28931331448,23.));
#7351 = CARTESIAN_POINT('',(-0.660525108293,-0.234153011886,23.));
#7352 = ORIENTED_EDGE('',*,*,#7287,.F.);
#7353 = ORIENTED_EDGE('',*,*,#1964,.F.);
#7354 = SURFACE_OF_LINEAR_EXTRUSION('',#7355,#7359);
#7355 = B_SPLINE_CURVE_WITH_KNOTS('',2,(#7356,#7357,#7358),
  .UNSPECIFIED.,.F.,.F.,(3,3),(0.,1.),.PIECEWISE_BEZIER_KNOTS.);
#7356 = CARTESIAN_POINT('',(-0.338794200512,-0.335918141569,25.));
#7357 = CARTESIAN_POINT('',(-0.496169920973,-0.28931331448,25.));
#7358 = CARTESIAN_POINT('',(-0.660525108293,-0.234153011886,25.));
#7359 = VECTOR('',#7360,1.);
#7360 = DIRECTION('',(0.,0.,1.));
#7361 = ADVANCED_FACE('',(#7362),#7380,.T.);
#7362 = FACE_BOUND('',#7363,.T.);
#7363 = EDGE_LOOP('',(#7364,#7365,#7373,#7379));
#7364 = ORIENTED_EDGE('',*,*,#7322,.T.);
#7365 = ORIENTED_EDGE('',*,*,#7366,.T.);
#7366 = EDGE_CURVE('',#7315,#7367,#7369,.T.);
#7367 = VERTEX_POINT('',#7368);
#7368 = CARTESIAN_POINT('',(-0.174664157285,0.401879048633,23.));
#7369 = B_SPLINE_CURVE_WITH_KNOTS('',2,(#7370,#7371,#7372),
  .UNSPECIFIED.,.F.,.F.,(3,3),(0.,1.),.PIECEWISE_BEZIER_KNOTS.);
#7370 = CARTESIAN_POINT('',(-0.452942255267,0.507471627883,23.));
#7371 = CARTESIAN_POINT('',(-0.330238725008,0.448709019814,23.));
#7372 = CARTESIAN_POINT('',(-0.174664157285,0.401879048633,23.));
#7373 = ORIENTED_EDGE('',*,*,#7374,.F.);
#7374 = EDGE_CURVE('',#1741,#7367,#7375,.T.);
#7375 = LINE('',#7376,#7377);
#7376 = CARTESIAN_POINT('',(-0.174664157285,0.401879048633,25.));
#7377 = VECTOR('',#7378,1.);
#7378 = DIRECTION('',(-0.,-0.,-1.));
#7379 = ORIENTED_EDGE('',*,*,#1740,.F.);
#7380 = SURFACE_OF_LINEAR_EXTRUSION('',#7381,#7385);
#7381 = B_SPLINE_CURVE_WITH_KNOTS('',2,(#7382,#7383,#7384),
  .UNSPECIFIED.,.F.,.F.,(3,3),(0.,1.),.PIECEWISE_BEZIER_KNOTS.);
#7382 = CARTESIAN_POINT('',(-0.452942255267,0.507471627883,25.));
#7383 = CARTESIAN_POINT('',(-0.330238725008,0.448709019814,25.));
#7384 = CARTESIAN_POINT('',(-0.174664157285,0.401879048633,25.));
#7385 = VECTOR('',#7386,1.);
#7386 = DIRECTION('',(0.,0.,1.));
#7387 = ADVANCED_FACE('',(#7388),#7406,.T.);
#7388 = FACE_BOUND('',#7389,.T.);
#7389 = EDGE_LOOP('',(#7390,#7398,#7404,#7405));
#7390 = ORIENTED_EDGE('',*,*,#7391,.T.);
#7391 = EDGE_CURVE('',#1949,#7392,#7394,.T.);
#7392 = VERTEX_POINT('',#7393);
#7393 = CARTESIAN_POINT('',(-5.871494979183E-02,-0.441285576728,23.));
#7394 = LINE('',#7395,#7396);
#7395 = CARTESIAN_POINT('',(-5.871494979183E-02,-0.441285576728,25.));
#7396 = VECTOR('',#7397,1.);
#7397 = DIRECTION('',(-0.,-0.,-1.));
#7398 = ORIENTED_EDGE('',*,*,#7399,.T.);
#7399 = EDGE_CURVE('',#7392,#7340,#7400,.T.);
#7400 = B_SPLINE_CURVE_WITH_KNOTS('',2,(#7401,#7402,#7403),
  .UNSPECIFIED.,.F.,.F.,(3,3),(0.,1.),.PIECEWISE_BEZIER_KNOTS.);
#7401 = CARTESIAN_POINT('',(-5.871494979183E-02,-0.441285576728,23.));
#7402 = CARTESIAN_POINT('',(-0.181418480051,-0.382522968658,23.));
#7403 = CARTESIAN_POINT('',(-0.338794200512,-0.335918141569,23.));
#7404 = ORIENTED_EDGE('',*,*,#7339,.F.);
#7405 = ORIENTED_EDGE('',*,*,#1956,.F.);
#7406 = SURFACE_OF_LINEAR_EXTRUSION('',#7407,#7411);
#7407 = B_SPLINE_CURVE_WITH_KNOTS('',2,(#7408,#7409,#7410),
  .UNSPECIFIED.,.F.,.F.,(3,3),(0.,1.),.PIECEWISE_BEZIER_KNOTS.);
#7408 = CARTESIAN_POINT('',(-5.871494979183E-02,-0.441285576728,25.));
#7409 = CARTESIAN_POINT('',(-0.181418480051,-0.382522968658,25.));
#7410 = CARTESIAN_POINT('',(-0.338794200512,-0.335918141569,25.));
#7411 = VECTOR('',#7412,1.);
#7412 = DIRECTION('',(0.,0.,1.));
#7413 = ADVANCED_FACE('',(#7414),#7432,.T.);
#7414 = FACE_BOUND('',#7415,.T.);
#7415 = EDGE_LOOP('',(#7416,#7417,#7425,#7431));
#7416 = ORIENTED_EDGE('',*,*,#7374,.T.);
#7417 = ORIENTED_EDGE('',*,*,#7418,.T.);
#7418 = EDGE_CURVE('',#7367,#7419,#7421,.T.);
#7419 = VERTEX_POINT('',#7420);
#7420 = CARTESIAN_POINT('',(0.143464445021,0.299663630765,23.));
#7421 = B_SPLINE_CURVE_WITH_KNOTS('',2,(#7422,#7423,#7424),
  .UNSPECIFIED.,.F.,.F.,(3,3),(0.,1.),.PIECEWISE_BEZIER_KNOTS.);
#7422 = CARTESIAN_POINT('',(-0.174664157285,0.401879048633,23.));
#7423 = CARTESIAN_POINT('',(-1.886444546907E-02,0.355274221543,23.));
#7424 = CARTESIAN_POINT('',(0.143464445021,0.299663630765,23.));
#7425 = ORIENTED_EDGE('',*,*,#7426,.F.);
#7426 = EDGE_CURVE('',#1749,#7419,#7427,.T.);
#7427 = LINE('',#7428,#7429);
#7428 = CARTESIAN_POINT('',(0.143464445021,0.299663630765,25.));
#7429 = VECTOR('',#7430,1.);
#7430 = DIRECTION('',(-0.,-0.,-1.));
#7431 = ORIENTED_EDGE('',*,*,#1748,.F.);
#7432 = SURFACE_OF_LINEAR_EXTRUSION('',#7433,#7437);
#7433 = B_SPLINE_CURVE_WITH_KNOTS('',2,(#7434,#7435,#7436),
  .UNSPECIFIED.,.F.,.F.,(3,3),(0.,1.),.PIECEWISE_BEZIER_KNOTS.);
#7434 = CARTESIAN_POINT('',(-0.174664157285,0.401879048633,25.));
#7435 = CARTESIAN_POINT('',(-1.886444546907E-02,0.355274221543,25.));
#7436 = CARTESIAN_POINT('',(0.143464445021,0.299663630765,25.));
#7437 = VECTOR('',#7438,1.);
#7438 = DIRECTION('',(0.,0.,1.));
#7439 = ADVANCED_FACE('',(#7440),#7458,.T.);
#7440 = FACE_BOUND('',#7441,.T.);
#7441 = EDGE_LOOP('',(#7442,#7450,#7456,#7457));
#7442 = ORIENTED_EDGE('',*,*,#7443,.T.);
#7443 = EDGE_CURVE('',#1941,#7444,#7446,.T.);
#7444 = VERTEX_POINT('',#7445);
#7445 = CARTESIAN_POINT('',(0.1382861309,-0.579298905258,23.));
#7446 = LINE('',#7447,#7448);
#7447 = CARTESIAN_POINT('',(0.1382861309,-0.579298905258,25.));
#7448 = VECTOR('',#7449,1.);
#7449 = DIRECTION('',(-0.,-0.,-1.));
#7450 = ORIENTED_EDGE('',*,*,#7451,.T.);
#7451 = EDGE_CURVE('',#7444,#7392,#7452,.T.);
#7452 = B_SPLINE_CURVE_WITH_KNOTS('',2,(#7453,#7454,#7455),
  .UNSPECIFIED.,.F.,.F.,(3,3),(0.,1.),.PIECEWISE_BEZIER_KNOTS.);
#7453 = CARTESIAN_POINT('',(0.1382861309,-0.579298905258,23.));
#7454 = CARTESIAN_POINT('',(6.398858046753E-02,-0.499823040705,23.));
#7455 = CARTESIAN_POINT('',(-5.871494979183E-02,-0.441285576728,23.));
#7456 = ORIENTED_EDGE('',*,*,#7391,.F.);
#7457 = ORIENTED_EDGE('',*,*,#1948,.F.);
#7458 = SURFACE_OF_LINEAR_EXTRUSION('',#7459,#7463);
#7459 = B_SPLINE_CURVE_WITH_KNOTS('',2,(#7460,#7461,#7462),
  .UNSPECIFIED.,.F.,.F.,(3,3),(0.,1.),.PIECEWISE_BEZIER_KNOTS.);
#7460 = CARTESIAN_POINT('',(0.1382861309,-0.579298905258,25.));
#7461 = CARTESIAN_POINT('',(6.398858046753E-02,-0.499823040705,25.));
#7462 = CARTESIAN_POINT('',(-5.871494979183E-02,-0.441285576728,25.));
#7463 = VECTOR('',#7464,1.);
#7464 = DIRECTION('',(0.,0.,1.));
#7465 = ADVANCED_FACE('',(#7466),#7484,.T.);
#7466 = FACE_BOUND('',#7467,.T.);
#7467 = EDGE_LOOP('',(#7468,#7469,#7477,#7483));
#7468 = ORIENTED_EDGE('',*,*,#7426,.T.);
#7469 = ORIENTED_EDGE('',*,*,#7470,.T.);
#7470 = EDGE_CURVE('',#7419,#7471,#7473,.T.);
#7471 = VERTEX_POINT('',#7472);
#7472 = CARTESIAN_POINT('',(0.461593047326,0.17335779503,23.));
#7473 = B_SPLINE_CURVE_WITH_KNOTS('',2,(#7474,#7475,#7476),
  .UNSPECIFIED.,.F.,.F.,(3,3),(0.,1.),.PIECEWISE_BEZIER_KNOTS.);
#7474 = CARTESIAN_POINT('',(0.143464445021,0.299663630765,23.));
#7475 = CARTESIAN_POINT('',(0.306018479603,0.244278184079,23.));
#7476 = CARTESIAN_POINT('',(0.461593047326,0.17335779503,23.));
#7477 = ORIENTED_EDGE('',*,*,#7478,.F.);
#7478 = EDGE_CURVE('',#1757,#7471,#7479,.T.);
#7479 = LINE('',#7480,#7481);
#7480 = CARTESIAN_POINT('',(0.461593047326,0.17335779503,25.));
#7481 = VECTOR('',#7482,1.);
#7482 = DIRECTION('',(-0.,-0.,-1.));
#7483 = ORIENTED_EDGE('',*,*,#1756,.F.);
#7484 = SURFACE_OF_LINEAR_EXTRUSION('',#7485,#7489);
#7485 = B_SPLINE_CURVE_WITH_KNOTS('',2,(#7486,#7487,#7488),
  .UNSPECIFIED.,.F.,.F.,(3,3),(0.,1.),.PIECEWISE_BEZIER_KNOTS.);
#7486 = CARTESIAN_POINT('',(0.143464445021,0.299663630765,25.));
#7487 = CARTESIAN_POINT('',(0.306018479603,0.244278184079,25.));
#7488 = CARTESIAN_POINT('',(0.461593047326,0.17335779503,25.));
#7489 = VECTOR('',#7490,1.);
#7490 = DIRECTION('',(0.,0.,1.));
#7491 = ADVANCED_FACE('',(#7492),#7510,.T.);
#7492 = FACE_BOUND('',#7493,.T.);
#7493 = EDGE_LOOP('',(#7494,#7502,#7508,#7509));
#7494 = ORIENTED_EDGE('',*,*,#7495,.T.);
#7495 = EDGE_CURVE('',#1933,#7496,#7498,.T.);
#7496 = VERTEX_POINT('',#7497);
#7497 = CARTESIAN_POINT('',(0.212808825424,-0.782829164624,23.));
#7498 = LINE('',#7499,#7500);
#7499 = CARTESIAN_POINT('',(0.212808825424,-0.782829164624,25.));
#7500 = VECTOR('',#7501,1.);
#7501 = DIRECTION('',(-0.,-0.,-1.));
#7502 = ORIENTED_EDGE('',*,*,#7503,.T.);
#7503 = EDGE_CURVE('',#7496,#7444,#7504,.T.);
#7504 = B_SPLINE_CURVE_WITH_KNOTS('',2,(#7505,#7506,#7507),
  .UNSPECIFIED.,.F.,.F.,(3,3),(0.,1.),.PIECEWISE_BEZIER_KNOTS.);
#7505 = CARTESIAN_POINT('',(0.212808825424,-0.782829164624,23.));
#7506 = CARTESIAN_POINT('',(0.212808825424,-0.658549625719,23.));
#7507 = CARTESIAN_POINT('',(0.1382861309,-0.579298905258,23.));
#7508 = ORIENTED_EDGE('',*,*,#7443,.F.);
#7509 = ORIENTED_EDGE('',*,*,#1940,.F.);
#7510 = SURFACE_OF_LINEAR_EXTRUSION('',#7511,#7515);
#7511 = B_SPLINE_CURVE_WITH_KNOTS('',2,(#7512,#7513,#7514),
  .UNSPECIFIED.,.F.,.F.,(3,3),(0.,1.),.PIECEWISE_BEZIER_KNOTS.);
#7512 = CARTESIAN_POINT('',(0.212808825424,-0.782829164624,25.));
#7513 = CARTESIAN_POINT('',(0.212808825424,-0.658549625719,25.));
#7514 = CARTESIAN_POINT('',(0.1382861309,-0.579298905258,25.));
#7515 = VECTOR('',#7516,1.);
#7516 = DIRECTION('',(0.,0.,1.));
#7517 = ADVANCED_FACE('',(#7518),#7536,.T.);
#7518 = FACE_BOUND('',#7519,.T.);
#7519 = EDGE_LOOP('',(#7520,#7521,#7529,#7535));
#7520 = ORIENTED_EDGE('',*,*,#7478,.T.);
#7521 = ORIENTED_EDGE('',*,*,#7522,.T.);
#7522 = EDGE_CURVE('',#7471,#7523,#7525,.T.);
#7523 = VERTEX_POINT('',#7524);
#7524 = CARTESIAN_POINT('',(0.740096289401,-6.757478744905E-03,23.));
#7525 = B_SPLINE_CURVE_WITH_KNOTS('',2,(#7526,#7527,#7528),
  .UNSPECIFIED.,.F.,.F.,(3,3),(0.,1.),.PIECEWISE_BEZIER_KNOTS.);
#7526 = CARTESIAN_POINT('',(0.461593047326,0.17335779503,23.));
#7527 = CARTESIAN_POINT('',(0.617392759142,0.102437405981,23.));
#7528 = CARTESIAN_POINT('',(0.740096289401,-6.757478744905E-03,23.));
#7529 = ORIENTED_EDGE('',*,*,#7530,.F.);
#7530 = EDGE_CURVE('',#1765,#7523,#7531,.T.);
#7531 = LINE('',#7532,#7533);
#7532 = CARTESIAN_POINT('',(0.740096289401,-6.757478744905E-03,25.));
#7533 = VECTOR('',#7534,1.);
#7534 = DIRECTION('',(-0.,-0.,-1.));
#7535 = ORIENTED_EDGE('',*,*,#1764,.F.);
#7536 = SURFACE_OF_LINEAR_EXTRUSION('',#7537,#7541);
#7537 = B_SPLINE_CURVE_WITH_KNOTS('',2,(#7538,#7539,#7540),
  .UNSPECIFIED.,.F.,.F.,(3,3),(0.,1.),.PIECEWISE_BEZIER_KNOTS.);
#7538 = CARTESIAN_POINT('',(0.461593047326,0.17335779503,25.));
#7539 = CARTESIAN_POINT('',(0.617392759142,0.102437405981,25.));
#7540 = CARTESIAN_POINT('',(0.740096289401,-6.757478744905E-03,25.));
#7541 = VECTOR('',#7542,1.);
#7542 = DIRECTION('',(0.,0.,1.));
#7543 = ADVANCED_FACE('',(#7544),#7562,.T.);
#7544 = FACE_BOUND('',#7545,.T.);
#7545 = EDGE_LOOP('',(#7546,#7554,#7560,#7561));
#7546 = ORIENTED_EDGE('',*,*,#7547,.T.);
#7547 = EDGE_CURVE('',#1925,#7548,#7550,.T.);
#7548 = VERTEX_POINT('',#7549);
#7549 = CARTESIAN_POINT('',(0.17993778796,-0.943356902376,23.));
#7550 = LINE('',#7551,#7552);
#7551 = CARTESIAN_POINT('',(0.17993778796,-0.943356902376,25.));
#7552 = VECTOR('',#7553,1.);
#7553 = DIRECTION('',(-0.,-0.,-1.));
#7554 = ORIENTED_EDGE('',*,*,#7555,.T.);
#7555 = EDGE_CURVE('',#7548,#7496,#7556,.T.);
#7556 = B_SPLINE_CURVE_WITH_KNOTS('',2,(#7557,#7558,#7559),
  .UNSPECIFIED.,.F.,.F.,(3,3),(0.,1.),.PIECEWISE_BEZIER_KNOTS.);
#7557 = CARTESIAN_POINT('',(0.17993778796,-0.943356902376,23.));
#7558 = CARTESIAN_POINT('',(0.212808825424,-0.86568219056,23.));
#7559 = CARTESIAN_POINT('',(0.212808825424,-0.782829164624,23.));
#7560 = ORIENTED_EDGE('',*,*,#7495,.F.);
#7561 = ORIENTED_EDGE('',*,*,#1932,.F.);
#7562 = SURFACE_OF_LINEAR_EXTRUSION('',#7563,#7567);
#7563 = B_SPLINE_CURVE_WITH_KNOTS('',2,(#7564,#7565,#7566),
  .UNSPECIFIED.,.F.,.F.,(3,3),(0.,1.),.PIECEWISE_BEZIER_KNOTS.);
#7564 = CARTESIAN_POINT('',(0.17993778796,-0.943356902376,25.));
#7565 = CARTESIAN_POINT('',(0.212808825424,-0.86568219056,25.));
#7566 = CARTESIAN_POINT('',(0.212808825424,-0.782829164624,25.));
#7567 = VECTOR('',#7568,1.);
#7568 = DIRECTION('',(0.,0.,1.));
#7569 = ADVANCED_FACE('',(#7570),#7588,.T.);
#7570 = FACE_BOUND('',#7571,.T.);
#7571 = EDGE_LOOP('',(#7572,#7573,#7581,#7587));
#7572 = ORIENTED_EDGE('',*,*,#7530,.T.);
#7573 = ORIENTED_EDGE('',*,*,#7574,.T.);
#7574 = EDGE_CURVE('',#7523,#7575,#7577,.T.);
#7575 = VERTEX_POINT('',#7576);
#7576 = CARTESIAN_POINT('',(0.937097370093,-0.268149769811,23.));
#7577 = B_SPLINE_CURVE_WITH_KNOTS('',2,(#7578,#7579,#7580),
  .UNSPECIFIED.,.F.,.F.,(3,3),(0.,1.),.PIECEWISE_BEZIER_KNOTS.);
#7578 = CARTESIAN_POINT('',(0.740096289401,-6.757478744905E-03,23.));
#7579 = CARTESIAN_POINT('',(0.862799819661,-0.115727219379,23.));
#7580 = CARTESIAN_POINT('',(0.937097370093,-0.268149769811,23.));
#7581 = ORIENTED_EDGE('',*,*,#7582,.F.);
#7582 = EDGE_CURVE('',#1773,#7575,#7583,.T.);
#7583 = LINE('',#7584,#7585);
#7584 = CARTESIAN_POINT('',(0.937097370093,-0.268149769811,25.));
#7585 = VECTOR('',#7586,1.);
#7586 = DIRECTION('',(-0.,-0.,-1.));
#7587 = ORIENTED_EDGE('',*,*,#1772,.F.);
#7588 = SURFACE_OF_LINEAR_EXTRUSION('',#7589,#7593);
#7589 = B_SPLINE_CURVE_WITH_KNOTS('',2,(#7590,#7591,#7592),
  .UNSPECIFIED.,.F.,.F.,(3,3),(0.,1.),.PIECEWISE_BEZIER_KNOTS.);
#7590 = CARTESIAN_POINT('',(0.740096289401,-6.757478744905E-03,25.));
#7591 = CARTESIAN_POINT('',(0.862799819661,-0.115727219379,25.));
#7592 = CARTESIAN_POINT('',(0.937097370093,-0.268149769811,25.));
#7593 = VECTOR('',#7594,1.);
#7594 = DIRECTION('',(0.,0.,1.));
#7595 = ADVANCED_FACE('',(#7596),#7614,.T.);
#7596 = FACE_BOUND('',#7597,.T.);
#7597 = EDGE_LOOP('',(#7598,#7606,#7612,#7613));
#7598 = ORIENTED_EDGE('',*,*,#7599,.T.);
#7599 = EDGE_CURVE('',#1917,#7600,#7602,.T.);
#7600 = VERTEX_POINT('',#7601);
#7601 = CARTESIAN_POINT('',(7.614636144736E-02,-1.079794222261,23.));
#7602 = LINE('',#7603,#7604);
#7603 = CARTESIAN_POINT('',(7.614636144736E-02,-1.079794222261,25.));
#7604 = VECTOR('',#7605,1.);
#7605 = DIRECTION('',(-0.,-0.,-1.));
#7606 = ORIENTED_EDGE('',*,*,#7607,.T.);
#7607 = EDGE_CURVE('',#7600,#7548,#7608,.T.);
#7608 = B_SPLINE_CURVE_WITH_KNOTS('',2,(#7609,#7610,#7611),
  .UNSPECIFIED.,.F.,.F.,(3,3),(0.,1.),.PIECEWISE_BEZIER_KNOTS.);
#7609 = CARTESIAN_POINT('',(7.614636144736E-02,-1.079794222261,23.));
#7610 = CARTESIAN_POINT('',(0.147066750496,-1.021031614192,23.));
#7611 = CARTESIAN_POINT('',(0.17993778796,-0.943356902376,23.));
#7612 = ORIENTED_EDGE('',*,*,#7547,.F.);
#7613 = ORIENTED_EDGE('',*,*,#1924,.F.);
#7614 = SURFACE_OF_LINEAR_EXTRUSION('',#7615,#7619);
#7615 = B_SPLINE_CURVE_WITH_KNOTS('',2,(#7616,#7617,#7618),
  .UNSPECIFIED.,.F.,.F.,(3,3),(0.,1.),.PIECEWISE_BEZIER_KNOTS.);
#7616 = CARTESIAN_POINT('',(7.614636144736E-02,-1.079794222261,25.));
#7617 = CARTESIAN_POINT('',(0.147066750496,-1.021031614192,25.));
#7618 = CARTESIAN_POINT('',(0.17993778796,-0.943356902376,25.));
#7619 = VECTOR('',#7620,1.);
#7620 = DIRECTION('',(0.,0.,1.));
#7621 = ADVANCED_FACE('',(#7622),#7640,.T.);
#7622 = FACE_BOUND('',#7623,.T.);
#7623 = EDGE_LOOP('',(#7624,#7625,#7633,#7639));
#7624 = ORIENTED_EDGE('',*,*,#7582,.T.);
#7625 = ORIENTED_EDGE('',*,*,#7626,.T.);
#7626 = EDGE_CURVE('',#7575,#7627,#7629,.T.);
#7627 = VERTEX_POINT('',#7628);
#7628 = CARTESIAN_POINT('',(1.011620064617,-0.635134640128,23.));
#7629 = B_SPLINE_CURVE_WITH_KNOTS('',2,(#7630,#7631,#7632),
  .UNSPECIFIED.,.F.,.F.,(3,3),(0.,1.),.PIECEWISE_BEZIER_KNOTS.);
#7630 = CARTESIAN_POINT('',(0.937097370093,-0.268149769811,23.));
#7631 = CARTESIAN_POINT('',(1.011620064617,-0.420572320243,23.));
#7632 = CARTESIAN_POINT('',(1.011620064617,-0.635134640128,23.));
#7633 = ORIENTED_EDGE('',*,*,#7634,.F.);
#7634 = EDGE_CURVE('',#1781,#7627,#7635,.T.);
#7635 = LINE('',#7636,#7637);
#7636 = CARTESIAN_POINT('',(1.011620064617,-0.635134640128,25.));
#7637 = VECTOR('',#7638,1.);
#7638 = DIRECTION('',(-0.,-0.,-1.));
#7639 = ORIENTED_EDGE('',*,*,#1780,.F.);
#7640 = SURFACE_OF_LINEAR_EXTRUSION('',#7641,#7645);
#7641 = B_SPLINE_CURVE_WITH_KNOTS('',2,(#7642,#7643,#7644),
  .UNSPECIFIED.,.F.,.F.,(3,3),(0.,1.),.PIECEWISE_BEZIER_KNOTS.);
#7642 = CARTESIAN_POINT('',(0.937097370093,-0.268149769811,25.));
#7643 = CARTESIAN_POINT('',(1.011620064617,-0.420572320243,25.));
#7644 = CARTESIAN_POINT('',(1.011620064617,-0.635134640128,25.));
#7645 = VECTOR('',#7646,1.);
#7646 = DIRECTION('',(0.,0.,1.));
#7647 = ADVANCED_FACE('',(#7648),#7666,.T.);
#7648 = FACE_BOUND('',#7649,.T.);
#7649 = EDGE_LOOP('',(#7650,#7658,#7664,#7665));
#7650 = ORIENTED_EDGE('',*,*,#7651,.T.);
#7651 = EDGE_CURVE('',#1909,#7652,#7654,.T.);
#7652 = VERTEX_POINT('',#7653);
#7653 = CARTESIAN_POINT('',(-0.103743768236,-1.174579885085,23.));
#7654 = LINE('',#7655,#7656);
#7655 = CARTESIAN_POINT('',(-0.103743768236,-1.174579885085,25.));
#7656 = VECTOR('',#7657,1.);
#7657 = DIRECTION('',(-0.,-0.,-1.));
#7658 = ORIENTED_EDGE('',*,*,#7659,.T.);
#7659 = EDGE_CURVE('',#7652,#7600,#7660,.T.);
#7660 = B_SPLINE_CURVE_WITH_KNOTS('',2,(#7661,#7662,#7663),
  .UNSPECIFIED.,.F.,.F.,(3,3),(0.,1.),.PIECEWISE_BEZIER_KNOTS.);
#7661 = CARTESIAN_POINT('',(-0.103743768236,-1.174579885085,23.));
#7662 = CARTESIAN_POINT('',(5.225972398367E-03,-1.138331686238,23.));
#7663 = CARTESIAN_POINT('',(7.614636144736E-02,-1.079794222261,23.));
#7664 = ORIENTED_EDGE('',*,*,#7599,.F.);
#7665 = ORIENTED_EDGE('',*,*,#1916,.F.);
#7666 = SURFACE_OF_LINEAR_EXTRUSION('',#7667,#7671);
#7667 = B_SPLINE_CURVE_WITH_KNOTS('',2,(#7668,#7669,#7670),
  .UNSPECIFIED.,.F.,.F.,(3,3),(0.,1.),.PIECEWISE_BEZIER_KNOTS.);
#7668 = CARTESIAN_POINT('',(-0.103743768236,-1.174579885085,25.));
#7669 = CARTESIAN_POINT('',(5.225972398367E-03,-1.138331686238,25.));
#7670 = CARTESIAN_POINT('',(7.614636144736E-02,-1.079794222261,25.));
#7671 = VECTOR('',#7672,1.);
#7672 = DIRECTION('',(0.,0.,1.));
#7673 = ADVANCED_FACE('',(#7674),#7692,.T.);
#7674 = FACE_BOUND('',#7675,.T.);
#7675 = EDGE_LOOP('',(#7676,#7677,#7685,#7691));
#7676 = ORIENTED_EDGE('',*,*,#7634,.T.);
#7677 = ORIENTED_EDGE('',*,*,#7678,.T.);
#7678 = EDGE_CURVE('',#7627,#7679,#7681,.T.);
#7679 = VERTEX_POINT('',#7680);
#7680 = CARTESIAN_POINT('',(0.918185266346,-1.107937233788,23.));
#7681 = B_SPLINE_CURVE_WITH_KNOTS('',2,(#7682,#7683,#7684),
  .UNSPECIFIED.,.F.,.F.,(3,3),(0.,1.),.PIECEWISE_BEZIER_KNOTS.);
#7682 = CARTESIAN_POINT('',(1.011620064617,-0.635134640128,23.));
#7683 = CARTESIAN_POINT('',(1.011620064617,-0.891348617073,23.));
#7684 = CARTESIAN_POINT('',(0.918185266346,-1.107937233788,23.));
#7685 = ORIENTED_EDGE('',*,*,#7686,.F.);
#7686 = EDGE_CURVE('',#1789,#7679,#7687,.T.);
#7687 = LINE('',#7688,#7689);
#7688 = CARTESIAN_POINT('',(0.918185266346,-1.107937233788,25.));
#7689 = VECTOR('',#7690,1.);
#7690 = DIRECTION('',(-0.,-0.,-1.));
#7691 = ORIENTED_EDGE('',*,*,#1788,.F.);
#7692 = SURFACE_OF_LINEAR_EXTRUSION('',#7693,#7697);
#7693 = B_SPLINE_CURVE_WITH_KNOTS('',2,(#7694,#7695,#7696),
  .UNSPECIFIED.,.F.,.F.,(3,3),(0.,1.),.PIECEWISE_BEZIER_KNOTS.);
#7694 = CARTESIAN_POINT('',(1.011620064617,-0.635134640128,25.));
#7695 = CARTESIAN_POINT('',(1.011620064617,-0.891348617073,25.));
#7696 = CARTESIAN_POINT('',(0.918185266346,-1.107937233788,25.));
#7697 = VECTOR('',#7698,1.);
#7698 = DIRECTION('',(0.,0.,1.));
#7699 = ADVANCED_FACE('',(#7700),#7718,.T.);
#7700 = FACE_BOUND('',#7701,.T.);
#7701 = EDGE_LOOP('',(#7702,#7710,#7716,#7717));
#7702 = ORIENTED_EDGE('',*,*,#7703,.T.);
#7703 = EDGE_CURVE('',#1901,#7704,#7706,.T.);
#7704 = VERTEX_POINT('',#7705);
#7705 = CARTESIAN_POINT('',(-0.364685771117,-1.210828083932,23.));
#7706 = LINE('',#7707,#7708);
#7707 = CARTESIAN_POINT('',(-0.364685771117,-1.210828083932,25.));
#7708 = VECTOR('',#7709,1.);
#7709 = DIRECTION('',(-0.,-0.,-1.));
#7710 = ORIENTED_EDGE('',*,*,#7711,.T.);
#7711 = EDGE_CURVE('',#7704,#7652,#7712,.T.);
#7712 = B_SPLINE_CURVE_WITH_KNOTS('',2,(#7713,#7714,#7715),
  .UNSPECIFIED.,.F.,.F.,(3,3),(0.,1.),.PIECEWISE_BEZIER_KNOTS.);
#7713 = CARTESIAN_POINT('',(-0.364685771117,-1.210828083932,23.));
#7714 = CARTESIAN_POINT('',(-0.21271350887,-1.210828083932,23.));
#7715 = CARTESIAN_POINT('',(-0.103743768236,-1.174579885085,23.));
#7716 = ORIENTED_EDGE('',*,*,#7651,.F.);
#7717 = ORIENTED_EDGE('',*,*,#1908,.F.);
#7718 = SURFACE_OF_LINEAR_EXTRUSION('',#7719,#7723);
#7719 = B_SPLINE_CURVE_WITH_KNOTS('',2,(#7720,#7721,#7722),
  .UNSPECIFIED.,.F.,.F.,(3,3),(0.,1.),.PIECEWISE_BEZIER_KNOTS.);
#7720 = CARTESIAN_POINT('',(-0.364685771117,-1.210828083932,25.));
#7721 = CARTESIAN_POINT('',(-0.21271350887,-1.210828083932,25.));
#7722 = CARTESIAN_POINT('',(-0.103743768236,-1.174579885085,25.));
#7723 = VECTOR('',#7724,1.);
#7724 = DIRECTION('',(0.,0.,1.));
#7725 = ADVANCED_FACE('',(#7726),#7744,.T.);
#7726 = FACE_BOUND('',#7727,.T.);
#7727 = EDGE_LOOP('',(#7728,#7729,#7737,#7743));
#7728 = ORIENTED_EDGE('',*,*,#7686,.T.);
#7729 = ORIENTED_EDGE('',*,*,#7730,.T.);
#7730 = EDGE_CURVE('',#7679,#7731,#7733,.T.);
#7731 = VERTEX_POINT('',#7732);
#7732 = CARTESIAN_POINT('',(0.644860338393,-1.481901570964,23.));
#7733 = B_SPLINE_CURVE_WITH_KNOTS('',2,(#7734,#7735,#7736),
  .UNSPECIFIED.,.F.,.F.,(3,3),(0.,1.),.PIECEWISE_BEZIER_KNOTS.);
#7734 = CARTESIAN_POINT('',(0.918185266346,-1.107937233788,23.));
#7735 = CARTESIAN_POINT('',(0.824750468076,-1.324300706411,23.));
#7736 = CARTESIAN_POINT('',(0.644860338393,-1.481901570964,23.));
#7737 = ORIENTED_EDGE('',*,*,#7738,.F.);
#7738 = EDGE_CURVE('',#1797,#7731,#7739,.T.);
#7739 = LINE('',#7740,#7741);
#7740 = CARTESIAN_POINT('',(0.644860338393,-1.481901570964,25.));
#7741 = VECTOR('',#7742,1.);
#7742 = DIRECTION('',(-0.,-0.,-1.));
#7743 = ORIENTED_EDGE('',*,*,#1796,.F.);
#7744 = SURFACE_OF_LINEAR_EXTRUSION('',#7745,#7749);
#7745 = B_SPLINE_CURVE_WITH_KNOTS('',2,(#7746,#7747,#7748),
  .UNSPECIFIED.,.F.,.F.,(3,3),(0.,1.),.PIECEWISE_BEZIER_KNOTS.);
#7746 = CARTESIAN_POINT('',(0.918185266346,-1.107937233788,25.));
#7747 = CARTESIAN_POINT('',(0.824750468076,-1.324300706411,25.));
#7748 = CARTESIAN_POINT('',(0.644860338393,-1.481901570964,25.));
#7749 = VECTOR('',#7750,1.);
#7750 = DIRECTION('',(0.,0.,1.));
#7751 = ADVANCED_FACE('',(#7752),#7770,.T.);
#7752 = FACE_BOUND('',#7753,.T.);
#7753 = EDGE_LOOP('',(#7754,#7762,#7768,#7769));
#7754 = ORIENTED_EDGE('',*,*,#7755,.T.);
#7755 = EDGE_CURVE('',#1893,#7756,#7758,.T.);
#7756 = VERTEX_POINT('',#7757);
#7757 = CARTESIAN_POINT('',(-0.684840670253,-1.166024409581,23.));
#7758 = LINE('',#7759,#7760);
#7759 = CARTESIAN_POINT('',(-0.684840670253,-1.166024409581,25.));
#7760 = VECTOR('',#7761,1.);
#7761 = DIRECTION('',(-0.,-0.,-1.));
#7762 = ORIENTED_EDGE('',*,*,#7763,.T.);
#7763 = EDGE_CURVE('',#7756,#7704,#7764,.T.);
#7764 = B_SPLINE_CURVE_WITH_KNOTS('',2,(#7765,#7766,#7767),
  .UNSPECIFIED.,.F.,.F.,(3,3),(0.,1.),.PIECEWISE_BEZIER_KNOTS.);
#7765 = CARTESIAN_POINT('',(-0.684840670253,-1.166024409581,23.));
#7766 = CARTESIAN_POINT('',(-0.558534834518,-1.210828083932,23.));
#7767 = CARTESIAN_POINT('',(-0.364685771117,-1.210828083932,23.));
#7768 = ORIENTED_EDGE('',*,*,#7703,.F.);
#7769 = ORIENTED_EDGE('',*,*,#1900,.F.);
#7770 = SURFACE_OF_LINEAR_EXTRUSION('',#7771,#7775);
#7771 = B_SPLINE_CURVE_WITH_KNOTS('',2,(#7772,#7773,#7774),
  .UNSPECIFIED.,.F.,.F.,(3,3),(0.,1.),.PIECEWISE_BEZIER_KNOTS.);
#7772 = CARTESIAN_POINT('',(-0.684840670253,-1.166024409581,25.));
#7773 = CARTESIAN_POINT('',(-0.558534834518,-1.210828083932,25.));
#7774 = CARTESIAN_POINT('',(-0.364685771117,-1.210828083932,25.));
#7775 = VECTOR('',#7776,1.);
#7776 = DIRECTION('',(0.,0.,1.));
#7777 = ADVANCED_FACE('',(#7778),#7796,.T.);
#7778 = FACE_BOUND('',#7779,.T.);
#7779 = EDGE_LOOP('',(#7780,#7781,#7789,#7795));
#7780 = ORIENTED_EDGE('',*,*,#7738,.T.);
#7781 = ORIENTED_EDGE('',*,*,#7782,.T.);
#7782 = EDGE_CURVE('',#7731,#7783,#7785,.T.);
#7783 = VERTEX_POINT('',#7784);
#7784 = CARTESIAN_POINT('',(0.200651044444,-1.727758919667,23.));
#7785 = B_SPLINE_CURVE_WITH_KNOTS('',2,(#7786,#7787,#7788),
  .UNSPECIFIED.,.F.,.F.,(3,3),(0.,1.),.PIECEWISE_BEZIER_KNOTS.);
#7786 = CARTESIAN_POINT('',(0.644860338393,-1.481901570964,23.));
#7787 = CARTESIAN_POINT('',(0.465195352802,-1.639502435517,23.));
#7788 = CARTESIAN_POINT('',(0.200651044444,-1.727758919667,23.));
#7789 = ORIENTED_EDGE('',*,*,#7790,.F.);
#7790 = EDGE_CURVE('',#1805,#7783,#7791,.T.);
#7791 = LINE('',#7792,#7793);
#7792 = CARTESIAN_POINT('',(0.200651044444,-1.727758919667,25.));
#7793 = VECTOR('',#7794,1.);
#7794 = DIRECTION('',(-0.,-0.,-1.));
#7795 = ORIENTED_EDGE('',*,*,#1804,.F.);
#7796 = SURFACE_OF_LINEAR_EXTRUSION('',#7797,#7801);
#7797 = B_SPLINE_CURVE_WITH_KNOTS('',2,(#7798,#7799,#7800),
  .UNSPECIFIED.,.F.,.F.,(3,3),(0.,1.),.PIECEWISE_BEZIER_KNOTS.);
#7798 = CARTESIAN_POINT('',(0.644860338393,-1.481901570964,25.));
#7799 = CARTESIAN_POINT('',(0.465195352802,-1.639502435517,25.));
#7800 = CARTESIAN_POINT('',(0.200651044444,-1.727758919667,25.));
#7801 = VECTOR('',#7802,1.);
#7802 = DIRECTION('',(0.,0.,1.));
#7803 = ADVANCED_FACE('',(#7804),#7822,.T.);
#7804 = FACE_BOUND('',#7805,.T.);
#7805 = EDGE_LOOP('',(#7806,#7814,#7820,#7821));
#7806 = ORIENTED_EDGE('',*,*,#7807,.T.);
#7807 = EDGE_CURVE('',#1885,#7808,#7810,.T.);
#7808 = VERTEX_POINT('',#7809);
#7809 = CARTESIAN_POINT('',(-0.904356160166,-1.069212449926,23.));
#7810 = LINE('',#7811,#7812);
#7811 = CARTESIAN_POINT('',(-0.904356160166,-1.069212449926,25.));
#7812 = VECTOR('',#7813,1.);
#7813 = DIRECTION('',(-0.,-0.,-1.));
#7814 = ORIENTED_EDGE('',*,*,#7815,.T.);
#7815 = EDGE_CURVE('',#7808,#7756,#7816,.T.);
#7816 = B_SPLINE_CURVE_WITH_KNOTS('',2,(#7817,#7818,#7819),
  .UNSPECIFIED.,.F.,.F.,(3,3),(0.,1.),.PIECEWISE_BEZIER_KNOTS.);
#7817 = CARTESIAN_POINT('',(-0.904356160166,-1.069212449926,23.));
#7818 = CARTESIAN_POINT('',(-0.810921361896,-1.120995591137,23.));
#7819 = CARTESIAN_POINT('',(-0.684840670253,-1.166024409581,23.));
#7820 = ORIENTED_EDGE('',*,*,#7755,.F.);
#7821 = ORIENTED_EDGE('',*,*,#1892,.F.);
#7822 = SURFACE_OF_LINEAR_EXTRUSION('',#7823,#7827);
#7823 = B_SPLINE_CURVE_WITH_KNOTS('',2,(#7824,#7825,#7826),
  .UNSPECIFIED.,.F.,.F.,(3,3),(0.,1.),.PIECEWISE_BEZIER_KNOTS.);
#7824 = CARTESIAN_POINT('',(-0.904356160166,-1.069212449926,25.));
#7825 = CARTESIAN_POINT('',(-0.810921361896,-1.120995591137,25.));
#7826 = CARTESIAN_POINT('',(-0.684840670253,-1.166024409581,25.));
#7827 = VECTOR('',#7828,1.);
#7828 = DIRECTION('',(0.,0.,1.));
#7829 = ADVANCED_FACE('',(#7830),#7848,.T.);
#7830 = FACE_BOUND('',#7831,.T.);
#7831 = EDGE_LOOP('',(#7832,#7833,#7841,#7847));
#7832 = ORIENTED_EDGE('',*,*,#7790,.T.);
#7833 = ORIENTED_EDGE('',*,*,#7834,.T.);
#7834 = EDGE_CURVE('',#7783,#7835,#7837,.T.);
#7835 = VERTEX_POINT('',#7836);
#7836 = CARTESIAN_POINT('',(-0.406337428178,-1.816015403817,23.));
#7837 = B_SPLINE_CURVE_WITH_KNOTS('',2,(#7838,#7839,#7840),
  .UNSPECIFIED.,.F.,.F.,(3,3),(0.,1.),.PIECEWISE_BEZIER_KNOTS.);
#7838 = CARTESIAN_POINT('',(0.200651044444,-1.727758919667,23.));
#7839 = CARTESIAN_POINT('',(-6.389326391287E-02,-1.816015403817,23.));
#7840 = CARTESIAN_POINT('',(-0.406337428178,-1.816015403817,23.));
#7841 = ORIENTED_EDGE('',*,*,#7842,.F.);
#7842 = EDGE_CURVE('',#1813,#7835,#7843,.T.);
#7843 = LINE('',#7844,#7845);
#7844 = CARTESIAN_POINT('',(-0.406337428178,-1.816015403817,25.));
#7845 = VECTOR('',#7846,1.);
#7846 = DIRECTION('',(-0.,-0.,-1.));
#7847 = ORIENTED_EDGE('',*,*,#1812,.F.);
#7848 = SURFACE_OF_LINEAR_EXTRUSION('',#7849,#7853);
#7849 = B_SPLINE_CURVE_WITH_KNOTS('',2,(#7850,#7851,#7852),
  .UNSPECIFIED.,.F.,.F.,(3,3),(0.,1.),.PIECEWISE_BEZIER_KNOTS.);
#7850 = CARTESIAN_POINT('',(0.200651044444,-1.727758919667,25.));
#7851 = CARTESIAN_POINT('',(-6.389326391287E-02,-1.816015403817,25.));
#7852 = CARTESIAN_POINT('',(-0.406337428178,-1.816015403817,25.));
#7853 = VECTOR('',#7854,1.);
#7854 = DIRECTION('',(0.,0.,1.));
#7855 = ADVANCED_FACE('',(#7856),#7874,.T.);
#7856 = FACE_BOUND('',#7857,.T.);
#7857 = EDGE_LOOP('',(#7858,#7866,#7872,#7873));
#7858 = ORIENTED_EDGE('',*,*,#7859,.T.);
#7859 = EDGE_CURVE('',#1877,#7860,#7862,.T.);
#7860 = VERTEX_POINT('',#7861);
#7861 = CARTESIAN_POINT('',(-1.068486203394,-0.972625634365,23.));
#7862 = LINE('',#7863,#7864);
#7863 = CARTESIAN_POINT('',(-1.068486203394,-0.972625634365,25.));
#7864 = VECTOR('',#7865,1.);
#7865 = DIRECTION('',(-0.,-0.,-1.));
#7866 = ORIENTED_EDGE('',*,*,#7867,.T.);
#7867 = EDGE_CURVE('',#7860,#7808,#7868,.T.);
#7868 = B_SPLINE_CURVE_WITH_KNOTS('',2,(#7869,#7870,#7871),
  .UNSPECIFIED.,.F.,.F.,(3,3),(0.,1.),.PIECEWISE_BEZIER_KNOTS.);
#7869 = CARTESIAN_POINT('',(-1.068486203394,-0.972625634365,23.));
#7870 = CARTESIAN_POINT('',(-0.997565814345,-1.017429308716,23.));
#7871 = CARTESIAN_POINT('',(-0.904356160166,-1.069212449926,23.));
#7872 = ORIENTED_EDGE('',*,*,#7807,.F.);
#7873 = ORIENTED_EDGE('',*,*,#1884,.F.);
#7874 = SURFACE_OF_LINEAR_EXTRUSION('',#7875,#7879);
#7875 = B_SPLINE_CURVE_WITH_KNOTS('',2,(#7876,#7877,#7878),
  .UNSPECIFIED.,.F.,.F.,(3,3),(0.,1.),.PIECEWISE_BEZIER_KNOTS.);
#7876 = CARTESIAN_POINT('',(-1.068486203394,-0.972625634365,25.));
#7877 = CARTESIAN_POINT('',(-0.997565814345,-1.017429308716,25.));
#7878 = CARTESIAN_POINT('',(-0.904356160166,-1.069212449926,25.));
#7879 = VECTOR('',#7880,1.);
#7880 = DIRECTION('',(0.,0.,1.));
#7881 = ADVANCED_FACE('',(#7882),#7900,.T.);
#7882 = FACE_BOUND('',#7883,.T.);
#7883 = EDGE_LOOP('',(#7884,#7885,#7893,#7899));
#7884 = ORIENTED_EDGE('',*,*,#7842,.T.);
#7885 = ORIENTED_EDGE('',*,*,#7886,.T.);
#7886 = EDGE_CURVE('',#7835,#7887,#7889,.T.);
#7887 = VERTEX_POINT('',#7888);
#7888 = CARTESIAN_POINT('',(-0.764316534806,-1.783144366353,23.));
#7889 = B_SPLINE_CURVE_WITH_KNOTS('',2,(#7890,#7891,#7892),
  .UNSPECIFIED.,.F.,.F.,(3,3),(0.,1.),.PIECEWISE_BEZIER_KNOTS.);
#7890 = CARTESIAN_POINT('',(-0.406337428178,-1.816015403817,23.));
#7891 = CARTESIAN_POINT('',(-0.589604719244,-1.816015403817,23.));
#7892 = CARTESIAN_POINT('',(-0.764316534806,-1.783144366353,23.));
#7893 = ORIENTED_EDGE('',*,*,#7894,.F.);
#7894 = EDGE_CURVE('',#1821,#7887,#7895,.T.);
#7895 = LINE('',#7896,#7897);
#7896 = CARTESIAN_POINT('',(-0.764316534806,-1.783144366353,25.));
#7897 = VECTOR('',#7898,1.);
#7898 = DIRECTION('',(-0.,-0.,-1.));
#7899 = ORIENTED_EDGE('',*,*,#1820,.F.);
#7900 = SURFACE_OF_LINEAR_EXTRUSION('',#7901,#7905);
#7901 = B_SPLINE_CURVE_WITH_KNOTS('',2,(#7902,#7903,#7904),
  .UNSPECIFIED.,.F.,.F.,(3,3),(0.,1.),.PIECEWISE_BEZIER_KNOTS.);
#7902 = CARTESIAN_POINT('',(-0.406337428178,-1.816015403817,25.));
#7903 = CARTESIAN_POINT('',(-0.589604719244,-1.816015403817,25.));
#7904 = CARTESIAN_POINT('',(-0.764316534806,-1.783144366353,25.));
#7905 = VECTOR('',#7906,1.);
#7906 = DIRECTION('',(0.,0.,1.));
#7907 = ADVANCED_FACE('',(#7908),#7926,.T.);
#7908 = FACE_BOUND('',#7909,.T.);
#7909 = EDGE_LOOP('',(#7910,#7918,#7924,#7925));
#7910 = ORIENTED_EDGE('',*,*,#7911,.T.);
#7911 = EDGE_CURVE('',#1869,#7912,#7914,.T.);
#7912 = VERTEX_POINT('',#7913);
#7913 = CARTESIAN_POINT('',(-1.218882456996,-0.927596815921,23.));
#7914 = LINE('',#7915,#7916);
#7915 = CARTESIAN_POINT('',(-1.218882456996,-0.927596815921,25.));
#7916 = VECTOR('',#7917,1.);
#7917 = DIRECTION('',(-0.,-0.,-1.));
#7918 = ORIENTED_EDGE('',*,*,#7919,.T.);
#7919 = EDGE_CURVE('',#7912,#7860,#7920,.T.);
#7920 = B_SPLINE_CURVE_WITH_KNOTS('',2,(#7921,#7922,#7923),
  .UNSPECIFIED.,.F.,.F.,(3,3),(0.,1.),.PIECEWISE_BEZIER_KNOTS.);
#7921 = CARTESIAN_POINT('',(-1.218882456996,-0.927596815921,23.));
#7922 = CARTESIAN_POINT('',(-1.139406592443,-0.927596815921,23.));
#7923 = CARTESIAN_POINT('',(-1.068486203394,-0.972625634365,23.));
#7924 = ORIENTED_EDGE('',*,*,#7859,.F.);
#7925 = ORIENTED_EDGE('',*,*,#1876,.F.);
#7926 = SURFACE_OF_LINEAR_EXTRUSION('',#7927,#7931);
#7927 = B_SPLINE_CURVE_WITH_KNOTS('',2,(#7928,#7929,#7930),
  .UNSPECIFIED.,.F.,.F.,(3,3),(0.,1.),.PIECEWISE_BEZIER_KNOTS.);
#7928 = CARTESIAN_POINT('',(-1.218882456996,-0.927596815921,25.));
#7929 = CARTESIAN_POINT('',(-1.139406592443,-0.927596815921,25.));
#7930 = CARTESIAN_POINT('',(-1.068486203394,-0.972625634365,25.));
#7931 = VECTOR('',#7932,1.);
#7932 = DIRECTION('',(0.,0.,1.));
#7933 = ADVANCED_FACE('',(#7934),#7952,.T.);
#7934 = FACE_BOUND('',#7935,.T.);
#7935 = EDGE_LOOP('',(#7936,#7937,#7945,#7951));
#7936 = ORIENTED_EDGE('',*,*,#7894,.T.);
#7937 = ORIENTED_EDGE('',*,*,#7938,.T.);
#7938 = EDGE_CURVE('',#7887,#7939,#7941,.T.);
#7939 = VERTEX_POINT('',#7940);
#7940 = CARTESIAN_POINT('',(-1.099781232213,-1.69151072082,23.));
#7941 = B_SPLINE_CURVE_WITH_KNOTS('',2,(#7942,#7943,#7944),
  .UNSPECIFIED.,.F.,.F.,(3,3),(0.,1.),.PIECEWISE_BEZIER_KNOTS.);
#7942 = CARTESIAN_POINT('',(-0.764316534806,-1.783144366353,23.));
#7943 = CARTESIAN_POINT('',(-0.938803206276,-1.750273328889,23.));
#7944 = CARTESIAN_POINT('',(-1.099781232213,-1.69151072082,23.));
#7945 = ORIENTED_EDGE('',*,*,#7946,.F.);
#7946 = EDGE_CURVE('',#1829,#7939,#7947,.T.);
#7947 = LINE('',#7948,#7949);
#7948 = CARTESIAN_POINT('',(-1.099781232213,-1.69151072082,25.));
#7949 = VECTOR('',#7950,1.);
#7950 = DIRECTION('',(-0.,-0.,-1.));
#7951 = ORIENTED_EDGE('',*,*,#1828,.F.);
#7952 = SURFACE_OF_LINEAR_EXTRUSION('',#7953,#7957);
#7953 = B_SPLINE_CURVE_WITH_KNOTS('',2,(#7954,#7955,#7956),
  .UNSPECIFIED.,.F.,.F.,(3,3),(0.,1.),.PIECEWISE_BEZIER_KNOTS.);
#7954 = CARTESIAN_POINT('',(-0.764316534806,-1.783144366353,25.));
#7955 = CARTESIAN_POINT('',(-0.938803206276,-1.750273328889,25.));
#7956 = CARTESIAN_POINT('',(-1.099781232213,-1.69151072082,25.));
#7957 = VECTOR('',#7958,1.);
#7958 = DIRECTION('',(0.,0.,1.));
#7959 = ADVANCED_FACE('',(#7960),#7978,.T.);
#7960 = FACE_BOUND('',#7961,.T.);
#7961 = EDGE_LOOP('',(#7962,#7970,#7976,#7977));
#7962 = ORIENTED_EDGE('',*,*,#7963,.T.);
#7963 = EDGE_CURVE('',#1861,#7964,#7966,.T.);
#7964 = VERTEX_POINT('',#7965);
#7965 = CARTESIAN_POINT('',(-1.350366606852,-0.959116988831,23.));
#7966 = LINE('',#7967,#7968);
#7967 = CARTESIAN_POINT('',(-1.350366606852,-0.959116988831,25.));
#7968 = VECTOR('',#7969,1.);
#7969 = DIRECTION('',(-0.,-0.,-1.));
#7970 = ORIENTED_EDGE('',*,*,#7971,.T.);
#7971 = EDGE_CURVE('',#7964,#7912,#7972,.T.);
#7972 = B_SPLINE_CURVE_WITH_KNOTS('',2,(#7973,#7974,#7975),
  .UNSPECIFIED.,.F.,.F.,(3,3),(0.,1.),.PIECEWISE_BEZIER_KNOTS.);
#7973 = CARTESIAN_POINT('',(-1.350366606852,-0.959116988831,23.));
#7974 = CARTESIAN_POINT('',(-1.298583465642,-0.927596815921,23.));
#7975 = CARTESIAN_POINT('',(-1.218882456996,-0.927596815921,23.));
#7976 = ORIENTED_EDGE('',*,*,#7911,.F.);
#7977 = ORIENTED_EDGE('',*,*,#1868,.F.);
#7978 = SURFACE_OF_LINEAR_EXTRUSION('',#7979,#7983);
#7979 = B_SPLINE_CURVE_WITH_KNOTS('',2,(#7980,#7981,#7982),
  .UNSPECIFIED.,.F.,.F.,(3,3),(0.,1.),.PIECEWISE_BEZIER_KNOTS.);
#7980 = CARTESIAN_POINT('',(-1.350366606852,-0.959116988831,25.));
#7981 = CARTESIAN_POINT('',(-1.298583465642,-0.927596815921,25.));
#7982 = CARTESIAN_POINT('',(-1.218882456996,-0.927596815921,25.));
#7983 = VECTOR('',#7984,1.);
#7984 = DIRECTION('',(0.,0.,1.));
#7985 = ADVANCED_FACE('',(#7986),#8004,.T.);
#7986 = FACE_BOUND('',#7987,.T.);
#7987 = EDGE_LOOP('',(#7988,#7989,#7997,#8003));
#7988 = ORIENTED_EDGE('',*,*,#7946,.T.);
#7989 = ORIENTED_EDGE('',*,*,#7990,.T.);
#7990 = EDGE_CURVE('',#7939,#7991,#7993,.T.);
#7991 = VERTEX_POINT('',#7992);
#7992 = CARTESIAN_POINT('',(-1.397196578034,-1.553272248197,23.));
#7993 = B_SPLINE_CURVE_WITH_KNOTS('',2,(#7994,#7995,#7996),
  .UNSPECIFIED.,.F.,.F.,(3,3),(0.,1.),.PIECEWISE_BEZIER_KNOTS.);
#7994 = CARTESIAN_POINT('',(-1.099781232213,-1.69151072082,23.));
#7995 = CARTESIAN_POINT('',(-1.260534114057,-1.632748112751,23.));
#7996 = CARTESIAN_POINT('',(-1.397196578034,-1.553272248197,23.));
#7997 = ORIENTED_EDGE('',*,*,#7998,.F.);
#7998 = EDGE_CURVE('',#1837,#7991,#7999,.T.);
#7999 = LINE('',#8000,#8001);
#8000 = CARTESIAN_POINT('',(-1.397196578034,-1.553272248197,25.));
#8001 = VECTOR('',#8002,1.);
#8002 = DIRECTION('',(-0.,-0.,-1.));
#8003 = ORIENTED_EDGE('',*,*,#1836,.F.);
#8004 = SURFACE_OF_LINEAR_EXTRUSION('',#8005,#8009);
#8005 = B_SPLINE_CURVE_WITH_KNOTS('',2,(#8006,#8007,#8008),
  .UNSPECIFIED.,.F.,.F.,(3,3),(0.,1.),.PIECEWISE_BEZIER_KNOTS.);
#8006 = CARTESIAN_POINT('',(-1.099781232213,-1.69151072082,25.));
#8007 = CARTESIAN_POINT('',(-1.260534114057,-1.632748112751,25.));
#8008 = CARTESIAN_POINT('',(-1.397196578034,-1.553272248197,25.));
#8009 = VECTOR('',#8010,1.);
#8010 = DIRECTION('',(0.,0.,1.));
#8011 = ADVANCED_FACE('',(#8012),#8030,.T.);
#8012 = FACE_BOUND('',#8013,.T.);
#8013 = EDGE_LOOP('',(#8014,#8022,#8028,#8029));
#8014 = ORIENTED_EDGE('',*,*,#8015,.T.);
#8015 = EDGE_CURVE('',#1853,#8016,#8018,.T.);
#8016 = VERTEX_POINT('',#8017);
#8017 = CARTESIAN_POINT('',(-1.440199099648,-1.05030034618,23.));
#8018 = LINE('',#8019,#8020);
#8019 = CARTESIAN_POINT('',(-1.440199099648,-1.05030034618,25.));
#8020 = VECTOR('',#8021,1.);
#8021 = DIRECTION('',(-0.,-0.,-1.));
#8022 = ORIENTED_EDGE('',*,*,#8023,.T.);
#8023 = EDGE_CURVE('',#8016,#7964,#8024,.T.);
#8024 = B_SPLINE_CURVE_WITH_KNOTS('',2,(#8025,#8026,#8027),
  .UNSPECIFIED.,.F.,.F.,(3,3),(0.,1.),.PIECEWISE_BEZIER_KNOTS.);
#8025 = CARTESIAN_POINT('',(-1.440199099648,-1.05030034618,23.));
#8026 = CARTESIAN_POINT('',(-1.402149748063,-0.990637161742,23.));
#8027 = CARTESIAN_POINT('',(-1.350366606852,-0.959116988831,23.));
#8028 = ORIENTED_EDGE('',*,*,#7963,.F.);
#8029 = ORIENTED_EDGE('',*,*,#1860,.F.);
#8030 = SURFACE_OF_LINEAR_EXTRUSION('',#8031,#8035);
#8031 = B_SPLINE_CURVE_WITH_KNOTS('',2,(#8032,#8033,#8034),
  .UNSPECIFIED.,.F.,.F.,(3,3),(0.,1.),.PIECEWISE_BEZIER_KNOTS.);
#8032 = CARTESIAN_POINT('',(-1.440199099648,-1.05030034618,25.));
#8033 = CARTESIAN_POINT('',(-1.402149748063,-0.990637161742,25.));
#8034 = CARTESIAN_POINT('',(-1.350366606852,-0.959116988831,25.));
#8035 = VECTOR('',#8036,1.);
#8036 = DIRECTION('',(0.,0.,1.));
#8037 = ADVANCED_FACE('',(#8038),#8056,.T.);
#8038 = FACE_BOUND('',#8039,.T.);
#8039 = EDGE_LOOP('',(#8040,#8041,#8049,#8055));
#8040 = ORIENTED_EDGE('',*,*,#7998,.T.);
#8041 = ORIENTED_EDGE('',*,*,#8042,.T.);
#8042 = EDGE_CURVE('',#7991,#8043,#8045,.T.);
#8043 = VERTEX_POINT('',#8044);
#8044 = CARTESIAN_POINT('',(-1.637425324432,-1.380136441281,23.));
#8045 = B_SPLINE_CURVE_WITH_KNOTS('',2,(#8046,#8047,#8048),
  .UNSPECIFIED.,.F.,.F.,(3,3),(0.,1.),.PIECEWISE_BEZIER_KNOTS.);
#8046 = CARTESIAN_POINT('',(-1.397196578034,-1.553272248197,23.));
#8047 = CARTESIAN_POINT('',(-1.533633897919,-1.473571239552,23.));
#8048 = CARTESIAN_POINT('',(-1.637425324432,-1.380136441281,23.));
#8049 = ORIENTED_EDGE('',*,*,#8050,.F.);
#8050 = EDGE_CURVE('',#1845,#8043,#8051,.T.);
#8051 = LINE('',#8052,#8053);
#8052 = CARTESIAN_POINT('',(-1.637425324432,-1.380136441281,25.));
#8053 = VECTOR('',#8054,1.);
#8054 = DIRECTION('',(-0.,-0.,-1.));
#8055 = ORIENTED_EDGE('',*,*,#1844,.F.);
#8056 = SURFACE_OF_LINEAR_EXTRUSION('',#8057,#8061);
#8057 = B_SPLINE_CURVE_WITH_KNOTS('',2,(#8058,#8059,#8060),
  .UNSPECIFIED.,.F.,.F.,(3,3),(0.,1.),.PIECEWISE_BEZIER_KNOTS.);
#8058 = CARTESIAN_POINT('',(-1.397196578034,-1.553272248197,25.));
#8059 = CARTESIAN_POINT('',(-1.533633897919,-1.473571239552,25.));
#8060 = CARTESIAN_POINT('',(-1.637425324432,-1.380136441281,25.));
#8061 = VECTOR('',#8062,1.);
#8062 = DIRECTION('',(0.,0.,1.));
#8063 = ADVANCED_FACE('',(#8064),#8075,.T.);
#8064 = FACE_BOUND('',#8065,.T.);
#8065 = EDGE_LOOP('',(#8066,#8067,#8073,#8074));
#8066 = ORIENTED_EDGE('',*,*,#8050,.T.);
#8067 = ORIENTED_EDGE('',*,*,#8068,.T.);
#8068 = EDGE_CURVE('',#8043,#8016,#8069,.T.);
#8069 = LINE('',#8070,#8071);
#8070 = CARTESIAN_POINT('',(-1.637425324432,-1.380136441281,23.));
#8071 = VECTOR('',#8072,1.);
#8072 = DIRECTION('',(0.513202859348,0.858267338978,0.));
#8073 = ORIENTED_EDGE('',*,*,#8015,.F.);
#8074 = ORIENTED_EDGE('',*,*,#1852,.F.);
#8075 = PLANE('',#8076);
#8076 = AXIS2_PLACEMENT_3D('',#8077,#8078,#8079);
#8077 = CARTESIAN_POINT('',(-1.637425324432,-1.380136441281,25.));
#8078 = DIRECTION('',(0.858267338978,-0.513202859348,0.));
#8079 = DIRECTION('',(0.513202859348,0.858267338978,0.));
#8080 = ADVANCED_FACE('',(#8081),#8106,.T.);
#8081 = FACE_BOUND('',#8082,.T.);
#8082 = EDGE_LOOP('',(#8083,#8091,#8099,#8105));
#8083 = ORIENTED_EDGE('',*,*,#8084,.T.);
#8084 = EDGE_CURVE('',#2053,#8085,#8087,.T.);
#8085 = VERTEX_POINT('',#8086);
#8086 = CARTESIAN_POINT('',(-6.316369848927,0.201275662465,23.));
#8087 = LINE('',#8088,#8089);
#8088 = CARTESIAN_POINT('',(-6.316369848927,0.201275662465,25.));
#8089 = VECTOR('',#8090,1.);
#8090 = DIRECTION('',(-0.,-0.,-1.));
#8091 = ORIENTED_EDGE('',*,*,#8092,.T.);
#8092 = EDGE_CURVE('',#8085,#8093,#8095,.T.);
#8093 = VERTEX_POINT('',#8094);
#8094 = CARTESIAN_POINT('',(-6.713974315786,0.201275662465,23.));
#8095 = LINE('',#8096,#8097);
#8096 = CARTESIAN_POINT('',(-6.316369848927,0.201275662465,23.));
#8097 = VECTOR('',#8098,1.);
#8098 = DIRECTION('',(-1.,0.,0.));
#8099 = ORIENTED_EDGE('',*,*,#8100,.F.);
#8100 = EDGE_CURVE('',#2055,#8093,#8101,.T.);
#8101 = LINE('',#8102,#8103);
#8102 = CARTESIAN_POINT('',(-6.713974315786,0.201275662465,25.));
#8103 = VECTOR('',#8104,1.);
#8104 = DIRECTION('',(-0.,-0.,-1.));
#8105 = ORIENTED_EDGE('',*,*,#2052,.F.);
#8106 = PLANE('',#8107);
#8107 = AXIS2_PLACEMENT_3D('',#8108,#8109,#8110);
#8108 = CARTESIAN_POINT('',(-6.316369848927,0.201275662465,25.));
#8109 = DIRECTION('',(0.,1.,0.));
#8110 = DIRECTION('',(-1.,0.,0.));
#8111 = ADVANCED_FACE('',(#8112),#8130,.T.);
#8112 = FACE_BOUND('',#8113,.T.);
#8113 = EDGE_LOOP('',(#8114,#8122,#8128,#8129));
#8114 = ORIENTED_EDGE('',*,*,#8115,.T.);
#8115 = EDGE_CURVE('',#2207,#8116,#8118,.T.);
#8116 = VERTEX_POINT('',#8117);
#8117 = CARTESIAN_POINT('',(-6.107210987256,0.16322631088,23.));
#8118 = LINE('',#8119,#8120);
#8119 = CARTESIAN_POINT('',(-6.107210987256,0.16322631088,25.));
#8120 = VECTOR('',#8121,1.);
#8121 = DIRECTION('',(-0.,-0.,-1.));
#8122 = ORIENTED_EDGE('',*,*,#8123,.T.);
#8123 = EDGE_CURVE('',#8116,#8085,#8124,.T.);
#8124 = B_SPLINE_CURVE_WITH_KNOTS('',2,(#8125,#8126,#8127),
  .UNSPECIFIED.,.F.,.F.,(3,3),(0.,1.),.PIECEWISE_BEZIER_KNOTS.);
#8125 = CARTESIAN_POINT('',(-6.107210987256,0.16322631088,23.));
#8126 = CARTESIAN_POINT('',(-6.178131376305,0.201275662465,23.));
#8127 = CARTESIAN_POINT('',(-6.316369848927,0.201275662465,23.));
#8128 = ORIENTED_EDGE('',*,*,#8084,.F.);
#8129 = ORIENTED_EDGE('',*,*,#2214,.F.);
#8130 = SURFACE_OF_LINEAR_EXTRUSION('',#8131,#8135);
#8131 = B_SPLINE_CURVE_WITH_KNOTS('',2,(#8132,#8133,#8134),
  .UNSPECIFIED.,.F.,.F.,(3,3),(0.,1.),.PIECEWISE_BEZIER_KNOTS.);
#8132 = CARTESIAN_POINT('',(-6.107210987256,0.16322631088,25.));
#8133 = CARTESIAN_POINT('',(-6.178131376305,0.201275662465,25.));
#8134 = CARTESIAN_POINT('',(-6.316369848927,0.201275662465,25.));
#8135 = VECTOR('',#8136,1.);
#8136 = DIRECTION('',(0.,0.,1.));
#8137 = ADVANCED_FACE('',(#8138),#8156,.T.);
#8138 = FACE_BOUND('',#8139,.T.);
#8139 = EDGE_LOOP('',(#8140,#8141,#8149,#8155));
#8140 = ORIENTED_EDGE('',*,*,#8100,.T.);
#8141 = ORIENTED_EDGE('',*,*,#8142,.T.);
#8142 = EDGE_CURVE('',#8093,#8143,#8145,.T.);
#8143 = VERTEX_POINT('',#8144);
#8144 = CARTESIAN_POINT('',(-6.713974315786,-1.751173905258,23.));
#8145 = LINE('',#8146,#8147);
#8146 = CARTESIAN_POINT('',(-6.713974315786,0.201275662465,23.));
#8147 = VECTOR('',#8148,1.);
#8148 = DIRECTION('',(0.,-1.,0.));
#8149 = ORIENTED_EDGE('',*,*,#8150,.F.);
#8150 = EDGE_CURVE('',#2063,#8143,#8151,.T.);
#8151 = LINE('',#8152,#8153);
#8152 = CARTESIAN_POINT('',(-6.713974315786,-1.751173905258,25.));
#8153 = VECTOR('',#8154,1.);
#8154 = DIRECTION('',(-0.,-0.,-1.));
#8155 = ORIENTED_EDGE('',*,*,#2062,.F.);
#8156 = PLANE('',#8157);
#8157 = AXIS2_PLACEMENT_3D('',#8158,#8159,#8160);
#8158 = CARTESIAN_POINT('',(-6.713974315786,0.201275662465,25.));
#8159 = DIRECTION('',(-1.,0.,0.));
#8160 = DIRECTION('',(0.,-1.,0.));
#8161 = ADVANCED_FACE('',(#8162),#8180,.T.);
#8162 = FACE_BOUND('',#8163,.T.);
#8163 = EDGE_LOOP('',(#8164,#8172,#8178,#8179));
#8164 = ORIENTED_EDGE('',*,*,#8165,.T.);
#8165 = EDGE_CURVE('',#2199,#8166,#8168,.T.);
#8166 = VERTEX_POINT('',#8167);
#8167 = CARTESIAN_POINT('',(-5.977527990138,3.534446650005E-02,23.));
#8168 = LINE('',#8169,#8170);
#8169 = CARTESIAN_POINT('',(-5.977527990138,3.534446650005E-02,25.));
#8170 = VECTOR('',#8171,1.);
#8171 = DIRECTION('',(-0.,-0.,-1.));
#8172 = ORIENTED_EDGE('',*,*,#8173,.T.);
#8173 = EDGE_CURVE('',#8166,#8116,#8174,.T.);
#8174 = B_SPLINE_CURVE_WITH_KNOTS('',2,(#8175,#8176,#8177),
  .UNSPECIFIED.,.F.,.F.,(3,3),(0.,1.),.PIECEWISE_BEZIER_KNOTS.);
#8175 = CARTESIAN_POINT('',(-5.977527990138,3.534446650005E-02,23.));
#8176 = CARTESIAN_POINT('',(-6.036290598207,0.125176959295,23.));
#8177 = CARTESIAN_POINT('',(-6.107210987256,0.16322631088,23.));
#8178 = ORIENTED_EDGE('',*,*,#8115,.F.);
#8179 = ORIENTED_EDGE('',*,*,#2206,.F.);
#8180 = SURFACE_OF_LINEAR_EXTRUSION('',#8181,#8185);
#8181 = B_SPLINE_CURVE_WITH_KNOTS('',2,(#8182,#8183,#8184),
  .UNSPECIFIED.,.F.,.F.,(3,3),(0.,1.),.PIECEWISE_BEZIER_KNOTS.);
#8182 = CARTESIAN_POINT('',(-5.977527990138,3.534446650005E-02,25.));
#8183 = CARTESIAN_POINT('',(-6.036290598207,0.125176959295,25.));
#8184 = CARTESIAN_POINT('',(-6.107210987256,0.16322631088,25.));
#8185 = VECTOR('',#8186,1.);
#8186 = DIRECTION('',(0.,0.,1.));
#8187 = ADVANCED_FACE('',(#8188),#8206,.T.);
#8188 = FACE_BOUND('',#8189,.T.);
#8189 = EDGE_LOOP('',(#8190,#8191,#8199,#8205));
#8190 = ORIENTED_EDGE('',*,*,#8150,.T.);
#8191 = ORIENTED_EDGE('',*,*,#8192,.T.);
#8192 = EDGE_CURVE('',#8143,#8193,#8195,.T.);
#8193 = VERTEX_POINT('',#8194);
#8194 = CARTESIAN_POINT('',(-7.644269704835,-1.751173905258,23.));
#8195 = LINE('',#8196,#8197);
#8196 = CARTESIAN_POINT('',(-6.713974315786,-1.751173905258,23.));
#8197 = VECTOR('',#8198,1.);
#8198 = DIRECTION('',(-1.,0.,0.));
#8199 = ORIENTED_EDGE('',*,*,#8200,.F.);
#8200 = EDGE_CURVE('',#2071,#8193,#8201,.T.);
#8201 = LINE('',#8202,#8203);
#8202 = CARTESIAN_POINT('',(-7.644269704835,-1.751173905258,25.));
#8203 = VECTOR('',#8204,1.);
#8204 = DIRECTION('',(-0.,-0.,-1.));
#8205 = ORIENTED_EDGE('',*,*,#2070,.F.);
#8206 = PLANE('',#8207);
#8207 = AXIS2_PLACEMENT_3D('',#8208,#8209,#8210);
#8208 = CARTESIAN_POINT('',(-6.713974315786,-1.751173905258,25.));
#8209 = DIRECTION('',(0.,1.,0.));
#8210 = DIRECTION('',(-1.,0.,0.));
#8211 = ADVANCED_FACE('',(#8212),#8230,.T.);
#8212 = FACE_BOUND('',#8213,.T.);
#8213 = EDGE_LOOP('',(#8214,#8222,#8228,#8229));
#8214 = ORIENTED_EDGE('',*,*,#8215,.T.);
#8215 = EDGE_CURVE('',#2191,#8216,#8218,.T.);
#8216 = VERTEX_POINT('',#8217);
#8217 = CARTESIAN_POINT('',(-4.926105079475,-1.564529452808,23.));
#8218 = LINE('',#8219,#8220);
#8219 = CARTESIAN_POINT('',(-4.926105079475,-1.564529452808,25.));
#8220 = VECTOR('',#8221,1.);
#8221 = DIRECTION('',(-0.,-0.,-1.));
#8222 = ORIENTED_EDGE('',*,*,#8223,.T.);
#8223 = EDGE_CURVE('',#8216,#8166,#8224,.T.);
#8224 = LINE('',#8225,#8226);
#8225 = CARTESIAN_POINT('',(-4.926105079475,-1.564529452808,23.));
#8226 = VECTOR('',#8227,1.);
#8227 = DIRECTION('',(-0.549206046704,0.83568697385,0.));
#8228 = ORIENTED_EDGE('',*,*,#8165,.F.);
#8229 = ORIENTED_EDGE('',*,*,#2198,.F.);
#8230 = PLANE('',#8231);
#8231 = AXIS2_PLACEMENT_3D('',#8232,#8233,#8234);
#8232 = CARTESIAN_POINT('',(-4.926105079475,-1.564529452808,25.));
#8233 = DIRECTION('',(0.83568697385,0.549206046704,0.));
#8234 = DIRECTION('',(-0.549206046704,0.83568697385,0.));
#8235 = ADVANCED_FACE('',(#8236),#8254,.T.);
#8236 = FACE_BOUND('',#8237,.T.);
#8237 = EDGE_LOOP('',(#8238,#8239,#8247,#8253));
#8238 = ORIENTED_EDGE('',*,*,#8200,.T.);
#8239 = ORIENTED_EDGE('',*,*,#8240,.T.);
#8240 = EDGE_CURVE('',#8193,#8241,#8243,.T.);
#8241 = VERTEX_POINT('',#8242);
#8242 = CARTESIAN_POINT('',(-7.644269704835,3.241621483791,23.));
#8243 = LINE('',#8244,#8245);
#8244 = CARTESIAN_POINT('',(-7.644269704835,-1.751173905258,23.));
#8245 = VECTOR('',#8246,1.);
#8246 = DIRECTION('',(0.,1.,0.));
#8247 = ORIENTED_EDGE('',*,*,#8248,.F.);
#8248 = EDGE_CURVE('',#2079,#8241,#8249,.T.);
#8249 = LINE('',#8250,#8251);
#8250 = CARTESIAN_POINT('',(-7.644269704835,3.241621483791,25.));
#8251 = VECTOR('',#8252,1.);
#8252 = DIRECTION('',(-0.,-0.,-1.));
#8253 = ORIENTED_EDGE('',*,*,#2078,.F.);
#8254 = PLANE('',#8255);
#8255 = AXIS2_PLACEMENT_3D('',#8256,#8257,#8258);
#8256 = CARTESIAN_POINT('',(-7.644269704835,-1.751173905258,25.));
#8257 = DIRECTION('',(1.,0.,0.));
#8258 = DIRECTION('',(0.,1.,0.));
#8259 = ADVANCED_FACE('',(#8260),#8278,.T.);
#8260 = FACE_BOUND('',#8261,.T.);
#8261 = EDGE_LOOP('',(#8262,#8270,#8276,#8277));
#8262 = ORIENTED_EDGE('',*,*,#8263,.T.);
#8263 = EDGE_CURVE('',#2183,#8264,#8266,.T.);
#8264 = VERTEX_POINT('',#8265);
#8265 = CARTESIAN_POINT('',(-4.782688292731,-1.702767925431,23.));
#8266 = LINE('',#8267,#8268);
#8267 = CARTESIAN_POINT('',(-4.782688292731,-1.702767925431,25.));
#8268 = VECTOR('',#8269,1.);
#8269 = DIRECTION('',(-0.,-0.,-1.));
#8270 = ORIENTED_EDGE('',*,*,#8271,.T.);
#8271 = EDGE_CURVE('',#8264,#8216,#8272,.T.);
#8272 = B_SPLINE_CURVE_WITH_KNOTS('',2,(#8273,#8274,#8275),
  .UNSPECIFIED.,.F.,.F.,(3,3),(0.,1.),.PIECEWISE_BEZIER_KNOTS.);
#8273 = CARTESIAN_POINT('',(-4.782688292731,-1.702767925431,23.));
#8274 = CARTESIAN_POINT('',(-4.867342471406,-1.654361945604,23.));
#8275 = CARTESIAN_POINT('',(-4.926105079475,-1.564529452808,23.));
#8276 = ORIENTED_EDGE('',*,*,#8215,.F.);
#8277 = ORIENTED_EDGE('',*,*,#2190,.F.);
#8278 = SURFACE_OF_LINEAR_EXTRUSION('',#8279,#8283);
#8279 = B_SPLINE_CURVE_WITH_KNOTS('',2,(#8280,#8281,#8282),
  .UNSPECIFIED.,.F.,.F.,(3,3),(0.,1.),.PIECEWISE_BEZIER_KNOTS.);
#8280 = CARTESIAN_POINT('',(-4.782688292731,-1.702767925431,25.));
#8281 = CARTESIAN_POINT('',(-4.867342471406,-1.654361945604,25.));
#8282 = CARTESIAN_POINT('',(-4.926105079475,-1.564529452808,25.));
#8283 = VECTOR('',#8284,1.);
#8284 = DIRECTION('',(0.,0.,1.));
#8285 = ADVANCED_FACE('',(#8286),#8304,.T.);
#8286 = FACE_BOUND('',#8287,.T.);
#8287 = EDGE_LOOP('',(#8288,#8289,#8297,#8303));
#8288 = ORIENTED_EDGE('',*,*,#8248,.T.);
#8289 = ORIENTED_EDGE('',*,*,#8290,.T.);
#8290 = EDGE_CURVE('',#8241,#8291,#8293,.T.);
#8291 = VERTEX_POINT('',#8292);
#8292 = CARTESIAN_POINT('',(-6.119143624143,3.241621483791,23.));
#8293 = LINE('',#8294,#8295);
#8294 = CARTESIAN_POINT('',(-7.644269704835,3.241621483791,23.));
#8295 = VECTOR('',#8296,1.);
#8296 = DIRECTION('',(1.,0.,0.));
#8297 = ORIENTED_EDGE('',*,*,#8298,.F.);
#8298 = EDGE_CURVE('',#2087,#8291,#8299,.T.);
#8299 = LINE('',#8300,#8301);
#8300 = CARTESIAN_POINT('',(-6.119143624143,3.241621483791,25.));
#8301 = VECTOR('',#8302,1.);
#8302 = DIRECTION('',(-0.,-0.,-1.));
#8303 = ORIENTED_EDGE('',*,*,#2086,.F.);
#8304 = PLANE('',#8305);
#8305 = AXIS2_PLACEMENT_3D('',#8306,#8307,#8308);
#8306 = CARTESIAN_POINT('',(-7.644269704835,3.241621483791,25.));
#8307 = DIRECTION('',(0.,-1.,0.));
#8308 = DIRECTION('',(1.,0.,0.));
#8309 = ADVANCED_FACE('',(#8310),#8328,.T.);
#8310 = FACE_BOUND('',#8311,.T.);
#8311 = EDGE_LOOP('',(#8312,#8320,#8326,#8327));
#8312 = ORIENTED_EDGE('',*,*,#8313,.T.);
#8313 = EDGE_CURVE('',#2175,#8314,#8316,.T.);
#8314 = VERTEX_POINT('',#8315);
#8315 = CARTESIAN_POINT('',(-4.576906592443,-1.751173905258,23.));
#8316 = LINE('',#8317,#8318);
#8317 = CARTESIAN_POINT('',(-4.576906592443,-1.751173905258,25.));
#8318 = VECTOR('',#8319,1.);
#8319 = DIRECTION('',(-0.,-0.,-1.));
#8320 = ORIENTED_EDGE('',*,*,#8321,.T.);
#8321 = EDGE_CURVE('',#8314,#8264,#8322,.T.);
#8322 = B_SPLINE_CURVE_WITH_KNOTS('',2,(#8323,#8324,#8325),
  .UNSPECIFIED.,.F.,.F.,(3,3),(0.,1.),.PIECEWISE_BEZIER_KNOTS.);
#8323 = CARTESIAN_POINT('',(-4.576906592443,-1.751173905258,23.));
#8324 = CARTESIAN_POINT('',(-4.697808969965,-1.751173905258,23.));
#8325 = CARTESIAN_POINT('',(-4.782688292731,-1.702767925431,23.));
#8326 = ORIENTED_EDGE('',*,*,#8263,.F.);
#8327 = ORIENTED_EDGE('',*,*,#2182,.F.);
#8328 = SURFACE_OF_LINEAR_EXTRUSION('',#8329,#8333);
#8329 = B_SPLINE_CURVE_WITH_KNOTS('',2,(#8330,#8331,#8332),
  .UNSPECIFIED.,.F.,.F.,(3,3),(0.,1.),.PIECEWISE_BEZIER_KNOTS.);
#8330 = CARTESIAN_POINT('',(-4.576906592443,-1.751173905258,25.));
#8331 = CARTESIAN_POINT('',(-4.697808969965,-1.751173905258,25.));
#8332 = CARTESIAN_POINT('',(-4.782688292731,-1.702767925431,25.));
#8333 = VECTOR('',#8334,1.);
#8334 = DIRECTION('',(0.,0.,1.));
#8335 = ADVANCED_FACE('',(#8336),#8354,.T.);
#8336 = FACE_BOUND('',#8337,.T.);
#8337 = EDGE_LOOP('',(#8338,#8339,#8347,#8353));
#8338 = ORIENTED_EDGE('',*,*,#8298,.T.);
#8339 = ORIENTED_EDGE('',*,*,#8340,.T.);
#8340 = EDGE_CURVE('',#8291,#8341,#8343,.T.);
#8341 = VERTEX_POINT('',#8342);
#8342 = CARTESIAN_POINT('',(-5.242657673135,3.136254048633,23.));
#8343 = B_SPLINE_CURVE_WITH_KNOTS('',2,(#8344,#8345,#8346),
  .UNSPECIFIED.,.F.,.F.,(3,3),(0.,1.),.PIECEWISE_BEZIER_KNOTS.);
#8344 = CARTESIAN_POINT('',(-6.119143624143,3.241621483791,23.));
#8345 = CARTESIAN_POINT('',(-5.60739110253,3.241621483791,23.));
#8346 = CARTESIAN_POINT('',(-5.242657673135,3.136254048633,23.));
#8347 = ORIENTED_EDGE('',*,*,#8348,.F.);
#8348 = EDGE_CURVE('',#2095,#8341,#8349,.T.);
#8349 = LINE('',#8350,#8351);
#8350 = CARTESIAN_POINT('',(-5.242657673135,3.136254048633,25.));
#8351 = VECTOR('',#8352,1.);
#8352 = DIRECTION('',(-0.,-0.,-1.));
#8353 = ORIENTED_EDGE('',*,*,#2094,.F.);
#8354 = SURFACE_OF_LINEAR_EXTRUSION('',#8355,#8359);
#8355 = B_SPLINE_CURVE_WITH_KNOTS('',2,(#8356,#8357,#8358),
  .UNSPECIFIED.,.F.,.F.,(3,3),(0.,1.),.PIECEWISE_BEZIER_KNOTS.);
#8356 = CARTESIAN_POINT('',(-6.119143624143,3.241621483791,25.));
#8357 = CARTESIAN_POINT('',(-5.60739110253,3.241621483791,25.));
#8358 = CARTESIAN_POINT('',(-5.242657673135,3.136254048633,25.));
#8359 = VECTOR('',#8360,1.);
#8360 = DIRECTION('',(0.,0.,1.));
#8361 = ADVANCED_FACE('',(#8362),#8380,.T.);
#8362 = FACE_BOUND('',#8363,.T.);
#8363 = EDGE_LOOP('',(#8364,#8372,#8378,#8379));
#8364 = ORIENTED_EDGE('',*,*,#8365,.T.);
#8365 = EDGE_CURVE('',#2167,#8366,#8368,.T.);
#8366 = VERTEX_POINT('',#8367);
#8367 = CARTESIAN_POINT('',(-3.740046001665,-1.751173905258,23.));
#8368 = LINE('',#8369,#8370);
#8369 = CARTESIAN_POINT('',(-3.740046001665,-1.751173905258,25.));
#8370 = VECTOR('',#8371,1.);
#8371 = DIRECTION('',(-0.,-0.,-1.));
#8372 = ORIENTED_EDGE('',*,*,#8373,.T.);
#8373 = EDGE_CURVE('',#8366,#8314,#8374,.T.);
#8374 = LINE('',#8375,#8376);
#8375 = CARTESIAN_POINT('',(-3.740046001665,-1.751173905258,23.));
#8376 = VECTOR('',#8377,1.);
#8377 = DIRECTION('',(-1.,0.,0.));
#8378 = ORIENTED_EDGE('',*,*,#8313,.F.);
#8379 = ORIENTED_EDGE('',*,*,#2174,.F.);
#8380 = PLANE('',#8381);
#8381 = AXIS2_PLACEMENT_3D('',#8382,#8383,#8384);
#8382 = CARTESIAN_POINT('',(-3.740046001665,-1.751173905258,25.));
#8383 = DIRECTION('',(0.,1.,0.));
#8384 = DIRECTION('',(-1.,0.,0.));
#8385 = ADVANCED_FACE('',(#8386),#8404,.T.);
#8386 = FACE_BOUND('',#8387,.T.);
#8387 = EDGE_LOOP('',(#8388,#8389,#8397,#8403));
#8388 = ORIENTED_EDGE('',*,*,#8348,.T.);
#8389 = ORIENTED_EDGE('',*,*,#8390,.T.);
#8390 = EDGE_CURVE('',#8341,#8391,#8393,.T.);
#8391 = VERTEX_POINT('',#8392);
#8392 = CARTESIAN_POINT('',(-4.644449820109,2.840864999641,23.));
#8393 = B_SPLINE_CURVE_WITH_KNOTS('',2,(#8394,#8395,#8396),
  .UNSPECIFIED.,.F.,.F.,(3,3),(0.,1.),.PIECEWISE_BEZIER_KNOTS.);
#8394 = CARTESIAN_POINT('',(-5.242657673135,3.136254048633,23.));
#8395 = CARTESIAN_POINT('',(-4.877699099648,3.030886613474,23.));
#8396 = CARTESIAN_POINT('',(-4.644449820109,2.840864999641,23.));
#8397 = ORIENTED_EDGE('',*,*,#8398,.F.);
#8398 = EDGE_CURVE('',#2103,#8391,#8399,.T.);
#8399 = LINE('',#8400,#8401);
#8400 = CARTESIAN_POINT('',(-4.644449820109,2.840864999641,25.));
#8401 = VECTOR('',#8402,1.);
#8402 = DIRECTION('',(-0.,-0.,-1.));
#8403 = ORIENTED_EDGE('',*,*,#2102,.F.);
#8404 = SURFACE_OF_LINEAR_EXTRUSION('',#8405,#8409);
#8405 = B_SPLINE_CURVE_WITH_KNOTS('',2,(#8406,#8407,#8408),
  .UNSPECIFIED.,.F.,.F.,(3,3),(0.,1.),.PIECEWISE_BEZIER_KNOTS.);
#8406 = CARTESIAN_POINT('',(-5.242657673135,3.136254048633,25.));
#8407 = CARTESIAN_POINT('',(-4.877699099648,3.030886613474,25.));
#8408 = CARTESIAN_POINT('',(-4.644449820109,2.840864999641,25.));
#8409 = VECTOR('',#8410,1.);
#8410 = DIRECTION('',(0.,0.,1.));
#8411 = ADVANCED_FACE('',(#8412),#8430,.T.);
#8412 = FACE_BOUND('',#8413,.T.);
#8413 = EDGE_LOOP('',(#8414,#8422,#8428,#8429));
#8414 = ORIENTED_EDGE('',*,*,#8415,.T.);
#8415 = EDGE_CURVE('',#2159,#8416,#8418,.T.);
#8416 = VERTEX_POINT('',#8417);
#8417 = CARTESIAN_POINT('',(-4.991847154403,9.208077773924E-02,23.));
#8418 = LINE('',#8419,#8420);
#8419 = CARTESIAN_POINT('',(-4.991847154403,9.208077773924E-02,25.));
#8420 = VECTOR('',#8421,1.);
#8421 = DIRECTION('',(-0.,-0.,-1.));
#8422 = ORIENTED_EDGE('',*,*,#8423,.T.);
#8423 = EDGE_CURVE('',#8416,#8366,#8424,.T.);
#8424 = LINE('',#8425,#8426);
#8425 = CARTESIAN_POINT('',(-4.991847154403,9.208077773924E-02,23.));
#8426 = VECTOR('',#8427,1.);
#8427 = DIRECTION('',(0.561815193865,-0.827262768377,0.));
#8428 = ORIENTED_EDGE('',*,*,#8365,.F.);
#8429 = ORIENTED_EDGE('',*,*,#2166,.F.);
#8430 = PLANE('',#8431);
#8431 = AXIS2_PLACEMENT_3D('',#8432,#8433,#8434);
#8432 = CARTESIAN_POINT('',(-4.991847154403,9.208077773924E-02,25.));
#8433 = DIRECTION('',(-0.827262768377,-0.561815193865,0.));
#8434 = DIRECTION('',(0.561815193865,-0.827262768377,0.));
#8435 = ADVANCED_FACE('',(#8436),#8454,.T.);
#8436 = FACE_BOUND('',#8437,.T.);
#8437 = EDGE_LOOP('',(#8438,#8439,#8447,#8453));
#8438 = ORIENTED_EDGE('',*,*,#8398,.T.);
#8439 = ORIENTED_EDGE('',*,*,#8440,.T.);
#8440 = EDGE_CURVE('',#8391,#8441,#8443,.T.);
#8441 = VERTEX_POINT('',#8442);
#8442 = CARTESIAN_POINT('',(-4.302005655844,2.386749365635,23.));
#8443 = B_SPLINE_CURVE_WITH_KNOTS('',2,(#8444,#8445,#8446),
  .UNSPECIFIED.,.F.,.F.,(3,3),(0.,1.),.PIECEWISE_BEZIER_KNOTS.);
#8444 = CARTESIAN_POINT('',(-4.644449820109,2.840864999641,23.));
#8445 = CARTESIAN_POINT('',(-4.410975396478,2.651068529901,23.));
#8446 = CARTESIAN_POINT('',(-4.302005655844,2.386749365635,23.));
#8447 = ORIENTED_EDGE('',*,*,#8448,.F.);
#8448 = EDGE_CURVE('',#2111,#8441,#8449,.T.);
#8449 = LINE('',#8450,#8451);
#8450 = CARTESIAN_POINT('',(-4.302005655844,2.386749365635,25.));
#8451 = VECTOR('',#8452,1.);
#8452 = DIRECTION('',(-0.,-0.,-1.));
#8453 = ORIENTED_EDGE('',*,*,#2110,.F.);
#8454 = SURFACE_OF_LINEAR_EXTRUSION('',#8455,#8459);
#8455 = B_SPLINE_CURVE_WITH_KNOTS('',2,(#8456,#8457,#8458),
  .UNSPECIFIED.,.F.,.F.,(3,3),(0.,1.),.PIECEWISE_BEZIER_KNOTS.);
#8456 = CARTESIAN_POINT('',(-4.644449820109,2.840864999641,25.));
#8457 = CARTESIAN_POINT('',(-4.410975396478,2.651068529901,25.));
#8458 = CARTESIAN_POINT('',(-4.302005655844,2.386749365635,25.));
#8459 = VECTOR('',#8460,1.);
#8460 = DIRECTION('',(0.,0.,1.));
#8461 = ADVANCED_FACE('',(#8462),#8480,.T.);
#8462 = FACE_BOUND('',#8463,.T.);
#8463 = EDGE_LOOP('',(#8464,#8472,#8478,#8479));
#8464 = ORIENTED_EDGE('',*,*,#8465,.T.);
#8465 = EDGE_CURVE('',#2151,#8466,#8468,.T.);
#8466 = VERTEX_POINT('',#8467);
#8467 = CARTESIAN_POINT('',(-5.296241967083,0.378464063042,23.));
#8468 = LINE('',#8469,#8470);
#8469 = CARTESIAN_POINT('',(-5.296241967083,0.378464063042,25.));
#8470 = VECTOR('',#8471,1.);
#8471 = DIRECTION('',(-0.,-0.,-1.));
#8472 = ORIENTED_EDGE('',*,*,#8473,.T.);
#8473 = EDGE_CURVE('',#8466,#8416,#8474,.T.);
#8474 = B_SPLINE_CURVE_WITH_KNOTS('',2,(#8475,#8476,#8477),
  .UNSPECIFIED.,.F.,.F.,(3,3),(0.,1.),.PIECEWISE_BEZIER_KNOTS.);
#8475 = CARTESIAN_POINT('',(-5.296241967083,0.378464063042,23.));
#8476 = CARTESIAN_POINT('',(-5.119728998783,0.278274942004,23.));
#8477 = CARTESIAN_POINT('',(-4.991847154403,9.208077773924E-02,23.));
#8478 = ORIENTED_EDGE('',*,*,#8415,.F.);
#8479 = ORIENTED_EDGE('',*,*,#2158,.F.);
#8480 = SURFACE_OF_LINEAR_EXTRUSION('',#8481,#8485);
#8481 = B_SPLINE_CURVE_WITH_KNOTS('',2,(#8482,#8483,#8484),
  .UNSPECIFIED.,.F.,.F.,(3,3),(0.,1.),.PIECEWISE_BEZIER_KNOTS.);
#8482 = CARTESIAN_POINT('',(-5.296241967083,0.378464063042,25.));
#8483 = CARTESIAN_POINT('',(-5.119728998783,0.278274942004,25.));
#8484 = CARTESIAN_POINT('',(-4.991847154403,9.208077773924E-02,25.));
#8485 = VECTOR('',#8486,1.);
#8486 = DIRECTION('',(0.,0.,1.));
#8487 = ADVANCED_FACE('',(#8488),#8506,.T.);
#8488 = FACE_BOUND('',#8489,.T.);
#8489 = EDGE_LOOP('',(#8490,#8491,#8499,#8505));
#8490 = ORIENTED_EDGE('',*,*,#8448,.T.);
#8491 = ORIENTED_EDGE('',*,*,#8492,.T.);
#8492 = EDGE_CURVE('',#8441,#8493,#8495,.T.);
#8493 = VERTEX_POINT('',#8494);
#8494 = CARTESIAN_POINT('',(-4.19303591521,1.804751887249,23.));
#8495 = B_SPLINE_CURVE_WITH_KNOTS('',2,(#8496,#8497,#8498),
  .UNSPECIFIED.,.F.,.F.,(3,3),(0.,1.),.PIECEWISE_BEZIER_KNOTS.);
#8496 = CARTESIAN_POINT('',(-4.302005655844,2.386749365635,23.));
#8497 = CARTESIAN_POINT('',(-4.19303591521,2.122655345463,23.));
#8498 = CARTESIAN_POINT('',(-4.19303591521,1.804751887249,23.));
#8499 = ORIENTED_EDGE('',*,*,#8500,.F.);
#8500 = EDGE_CURVE('',#2119,#8493,#8501,.T.);
#8501 = LINE('',#8502,#8503);
#8502 = CARTESIAN_POINT('',(-4.19303591521,1.804751887249,25.));
#8503 = VECTOR('',#8504,1.);
#8504 = DIRECTION('',(-0.,-0.,-1.));
#8505 = ORIENTED_EDGE('',*,*,#2118,.F.);
#8506 = SURFACE_OF_LINEAR_EXTRUSION('',#8507,#8511);
#8507 = B_SPLINE_CURVE_WITH_KNOTS('',2,(#8508,#8509,#8510),
  .UNSPECIFIED.,.F.,.F.,(3,3),(0.,1.),.PIECEWISE_BEZIER_KNOTS.);
#8508 = CARTESIAN_POINT('',(-4.302005655844,2.386749365635,25.));
#8509 = CARTESIAN_POINT('',(-4.19303591521,2.122655345463,25.));
#8510 = CARTESIAN_POINT('',(-4.19303591521,1.804751887249,25.));
#8511 = VECTOR('',#8512,1.);
#8512 = DIRECTION('',(0.,0.,1.));
#8513 = ADVANCED_FACE('',(#8514),#8532,.T.);
#8514 = FACE_BOUND('',#8515,.T.);
#8515 = EDGE_LOOP('',(#8516,#8524,#8530,#8531));
#8516 = ORIENTED_EDGE('',*,*,#8517,.T.);
#8517 = EDGE_CURVE('',#2143,#8518,#8520,.T.);
#8518 = VERTEX_POINT('',#8519);
#8519 = CARTESIAN_POINT('',(-4.827717111175,0.599330417509,23.));
#8520 = LINE('',#8521,#8522);
#8521 = CARTESIAN_POINT('',(-4.827717111175,0.599330417509,25.));
#8522 = VECTOR('',#8523,1.);
#8523 = DIRECTION('',(-0.,-0.,-1.));
#8524 = ORIENTED_EDGE('',*,*,#8525,.T.);
#8525 = EDGE_CURVE('',#8518,#8466,#8526,.T.);
#8526 = B_SPLINE_CURVE_WITH_KNOTS('',2,(#8527,#8528,#8529),
  .UNSPECIFIED.,.F.,.F.,(3,3),(0.,1.),.PIECEWISE_BEZIER_KNOTS.);
#8527 = CARTESIAN_POINT('',(-4.827717111175,0.599330417509,23.));
#8528 = CARTESIAN_POINT('',(-5.033273667371,0.461317088978,23.));
#8529 = CARTESIAN_POINT('',(-5.296241967083,0.378464063042,23.));
#8530 = ORIENTED_EDGE('',*,*,#8465,.F.);
#8531 = ORIENTED_EDGE('',*,*,#2150,.F.);
#8532 = SURFACE_OF_LINEAR_EXTRUSION('',#8533,#8537);
#8533 = B_SPLINE_CURVE_WITH_KNOTS('',2,(#8534,#8535,#8536),
  .UNSPECIFIED.,.F.,.F.,(3,3),(0.,1.),.PIECEWISE_BEZIER_KNOTS.);
#8534 = CARTESIAN_POINT('',(-4.827717111175,0.599330417509,25.));
#8535 = CARTESIAN_POINT('',(-5.033273667371,0.461317088978,25.));
#8536 = CARTESIAN_POINT('',(-5.296241967083,0.378464063042,25.));
#8537 = VECTOR('',#8538,1.);
#8538 = DIRECTION('',(0.,0.,1.));
#8539 = ADVANCED_FACE('',(#8540),#8558,.T.);
#8540 = FACE_BOUND('',#8541,.T.);
#8541 = EDGE_LOOP('',(#8542,#8543,#8551,#8557));
#8542 = ORIENTED_EDGE('',*,*,#8500,.T.);
#8543 = ORIENTED_EDGE('',*,*,#8544,.T.);
#8544 = EDGE_CURVE('',#8493,#8545,#8547,.T.);
#8545 = VERTEX_POINT('',#8546);
#8546 = CARTESIAN_POINT('',(-4.267333465642,1.328121844022,23.));
#8547 = B_SPLINE_CURVE_WITH_KNOTS('',2,(#8548,#8549,#8550),
  .UNSPECIFIED.,.F.,.F.,(3,3),(0.,1.),.PIECEWISE_BEZIER_KNOTS.);
#8548 = CARTESIAN_POINT('',(-4.19303591521,1.804751887249,23.));
#8549 = CARTESIAN_POINT('',(-4.19303591521,1.552815648056,23.));
#8550 = CARTESIAN_POINT('',(-4.267333465642,1.328121844022,23.));
#8551 = ORIENTED_EDGE('',*,*,#8552,.F.);
#8552 = EDGE_CURVE('',#2127,#8545,#8553,.T.);
#8553 = LINE('',#8554,#8555);
#8554 = CARTESIAN_POINT('',(-4.267333465642,1.328121844022,25.));
#8555 = VECTOR('',#8556,1.);
#8556 = DIRECTION('',(-0.,-0.,-1.));
#8557 = ORIENTED_EDGE('',*,*,#2126,.F.);
#8558 = SURFACE_OF_LINEAR_EXTRUSION('',#8559,#8563);
#8559 = B_SPLINE_CURVE_WITH_KNOTS('',2,(#8560,#8561,#8562),
  .UNSPECIFIED.,.F.,.F.,(3,3),(0.,1.),.PIECEWISE_BEZIER_KNOTS.);
#8560 = CARTESIAN_POINT('',(-4.19303591521,1.804751887249,25.));
#8561 = CARTESIAN_POINT('',(-4.19303591521,1.552815648056,25.));
#8562 = CARTESIAN_POINT('',(-4.267333465642,1.328121844022,25.));
#8563 = VECTOR('',#8564,1.);
#8564 = DIRECTION('',(0.,0.,1.));
#8565 = ADVANCED_FACE('',(#8566),#8584,.T.);
#8566 = FACE_BOUND('',#8567,.T.);
#8567 = EDGE_LOOP('',(#8568,#8576,#8582,#8583));
#8568 = ORIENTED_EDGE('',*,*,#8569,.T.);
#8569 = EDGE_CURVE('',#2135,#8570,#8572,.T.);
#8570 = VERTEX_POINT('',#8571);
#8571 = CARTESIAN_POINT('',(-4.481895785527,0.920611037105,23.));
#8572 = LINE('',#8573,#8574);
#8573 = CARTESIAN_POINT('',(-4.481895785527,0.920611037105,25.));
#8574 = VECTOR('',#8575,1.);
#8575 = DIRECTION('',(-0.,-0.,-1.));
#8576 = ORIENTED_EDGE('',*,*,#8577,.T.);
#8577 = EDGE_CURVE('',#8570,#8518,#8578,.T.);
#8578 = B_SPLINE_CURVE_WITH_KNOTS('',2,(#8579,#8580,#8581),
  .UNSPECIFIED.,.F.,.F.,(3,3),(0.,1.),.PIECEWISE_BEZIER_KNOTS.);
#8579 = CARTESIAN_POINT('',(-4.481895785527,0.920611037105,23.));
#8580 = CARTESIAN_POINT('',(-4.621935410887,0.737568890131,23.));
#8581 = CARTESIAN_POINT('',(-4.827717111175,0.599330417509,23.));
#8582 = ORIENTED_EDGE('',*,*,#8517,.F.);
#8583 = ORIENTED_EDGE('',*,*,#2142,.F.);
#8584 = SURFACE_OF_LINEAR_EXTRUSION('',#8585,#8589);
#8585 = B_SPLINE_CURVE_WITH_KNOTS('',2,(#8586,#8587,#8588),
  .UNSPECIFIED.,.F.,.F.,(3,3),(0.,1.),.PIECEWISE_BEZIER_KNOTS.);
#8586 = CARTESIAN_POINT('',(-4.481895785527,0.920611037105,25.));
#8587 = CARTESIAN_POINT('',(-4.621935410887,0.737568890131,25.));
#8588 = CARTESIAN_POINT('',(-4.827717111175,0.599330417509,25.));
#8589 = VECTOR('',#8590,1.);
#8590 = DIRECTION('',(0.,0.,1.));
#8591 = ADVANCED_FACE('',(#8592),#8603,.T.);
#8592 = FACE_BOUND('',#8593,.T.);
#8593 = EDGE_LOOP('',(#8594,#8595,#8601,#8602));
#8594 = ORIENTED_EDGE('',*,*,#8552,.T.);
#8595 = ORIENTED_EDGE('',*,*,#8596,.T.);
#8596 = EDGE_CURVE('',#8545,#8570,#8597,.T.);
#8597 = B_SPLINE_CURVE_WITH_KNOTS('',2,(#8598,#8599,#8600),
  .UNSPECIFIED.,.F.,.F.,(3,3),(0.,1.),.PIECEWISE_BEZIER_KNOTS.);
#8598 = CARTESIAN_POINT('',(-4.267333465642,1.328121844022,23.));
#8599 = CARTESIAN_POINT('',(-4.341631016074,1.103653184079,23.));
#8600 = CARTESIAN_POINT('',(-4.481895785527,0.920611037105,23.));
#8601 = ORIENTED_EDGE('',*,*,#8569,.F.);
#8602 = ORIENTED_EDGE('',*,*,#2134,.F.);
#8603 = SURFACE_OF_LINEAR_EXTRUSION('',#8604,#8608);
#8604 = B_SPLINE_CURVE_WITH_KNOTS('',2,(#8605,#8606,#8607),
  .UNSPECIFIED.,.F.,.F.,(3,3),(0.,1.),.PIECEWISE_BEZIER_KNOTS.);
#8605 = CARTESIAN_POINT('',(-4.267333465642,1.328121844022,25.));
#8606 = CARTESIAN_POINT('',(-4.341631016074,1.103653184079,25.));
#8607 = CARTESIAN_POINT('',(-4.481895785527,0.920611037105,25.));
#8608 = VECTOR('',#8609,1.);
#8609 = DIRECTION('',(0.,0.,1.));
#8610 = ADVANCED_FACE('',(#8611),#8636,.T.);
#8611 = FACE_BOUND('',#8612,.T.);
#8612 = EDGE_LOOP('',(#8613,#8621,#8629,#8635));
#8613 = ORIENTED_EDGE('',*,*,#8614,.T.);
#8614 = EDGE_CURVE('',#2223,#8615,#8617,.T.);
#8615 = VERTEX_POINT('',#8616);
#8616 = CARTESIAN_POINT('',(-2.206814733654,3.039892377163,23.));
#8617 = LINE('',#8618,#8619);
#8618 = CARTESIAN_POINT('',(-2.206814733654,3.039892377163,25.));
#8619 = VECTOR('',#8620,1.);
#8620 = DIRECTION('',(-0.,-0.,-1.));
#8621 = ORIENTED_EDGE('',*,*,#8622,.T.);
#8622 = EDGE_CURVE('',#8615,#8623,#8625,.T.);
#8623 = VERTEX_POINT('',#8624);
#8624 = CARTESIAN_POINT('',(-2.16178591521,2.825780345463,23.));
#8625 = B_SPLINE_CURVE_WITH_KNOTS('',2,(#8626,#8627,#8628),
  .UNSPECIFIED.,.F.,.F.,(3,3),(0.,1.),.PIECEWISE_BEZIER_KNOTS.);
#8626 = CARTESIAN_POINT('',(-2.206814733654,3.039892377163,23.));
#8627 = CARTESIAN_POINT('',(-2.16178591521,2.939703256125,23.));
#8628 = CARTESIAN_POINT('',(-2.16178591521,2.825780345463,23.));
#8629 = ORIENTED_EDGE('',*,*,#8630,.F.);
#8630 = EDGE_CURVE('',#2225,#8623,#8631,.T.);
#8631 = LINE('',#8632,#8633);
#8632 = CARTESIAN_POINT('',(-2.16178591521,2.825780345463,25.));
#8633 = VECTOR('',#8634,1.);
#8634 = DIRECTION('',(-0.,-0.,-1.));
#8635 = ORIENTED_EDGE('',*,*,#2222,.F.);
#8636 = SURFACE_OF_LINEAR_EXTRUSION('',#8637,#8641);
#8637 = B_SPLINE_CURVE_WITH_KNOTS('',2,(#8638,#8639,#8640),
  .UNSPECIFIED.,.F.,.F.,(3,3),(0.,1.),.PIECEWISE_BEZIER_KNOTS.);
#8638 = CARTESIAN_POINT('',(-2.206814733654,3.039892377163,25.));
#8639 = CARTESIAN_POINT('',(-2.16178591521,2.939703256125,25.));
#8640 = CARTESIAN_POINT('',(-2.16178591521,2.825780345463,25.));
#8641 = VECTOR('',#8642,1.);
#8642 = DIRECTION('',(0.,0.,1.));
#8643 = ADVANCED_FACE('',(#8644),#8662,.T.);
#8644 = FACE_BOUND('',#8645,.T.);
#8645 = EDGE_LOOP('',(#8646,#8654,#8660,#8661));
#8646 = ORIENTED_EDGE('',*,*,#8647,.T.);
#8647 = EDGE_CURVE('',#2337,#8648,#8650,.T.);
#8648 = VERTEX_POINT('',#8649);
#8649 = CARTESIAN_POINT('',(-2.32614110253,3.212577895895,23.));
#8650 = LINE('',#8651,#8652);
#8651 = CARTESIAN_POINT('',(-2.32614110253,3.212577895895,25.));
#8652 = VECTOR('',#8653,1.);
#8653 = DIRECTION('',(-0.,-0.,-1.));
#8654 = ORIENTED_EDGE('',*,*,#8655,.T.);
#8655 = EDGE_CURVE('',#8648,#8615,#8656,.T.);
#8656 = B_SPLINE_CURVE_WITH_KNOTS('',2,(#8657,#8658,#8659),
  .UNSPECIFIED.,.F.,.F.,(3,3),(0.,1.),.PIECEWISE_BEZIER_KNOTS.);
#8657 = CARTESIAN_POINT('',(-2.32614110253,3.212577895895,23.));
#8658 = CARTESIAN_POINT('',(-2.251843552097,3.1400814982,23.));
#8659 = CARTESIAN_POINT('',(-2.206814733654,3.039892377163,23.));
#8660 = ORIENTED_EDGE('',*,*,#8614,.F.);
#8661 = ORIENTED_EDGE('',*,*,#2344,.F.);
#8662 = SURFACE_OF_LINEAR_EXTRUSION('',#8663,#8667);
#8663 = B_SPLINE_CURVE_WITH_KNOTS('',2,(#8664,#8665,#8666),
  .UNSPECIFIED.,.F.,.F.,(3,3),(0.,1.),.PIECEWISE_BEZIER_KNOTS.);
#8664 = CARTESIAN_POINT('',(-2.32614110253,3.212577895895,25.));
#8665 = CARTESIAN_POINT('',(-2.251843552097,3.1400814982,25.));
#8666 = CARTESIAN_POINT('',(-2.206814733654,3.039892377163,25.));
#8667 = VECTOR('',#8668,1.);
#8668 = DIRECTION('',(0.,0.,1.));
#8669 = ADVANCED_FACE('',(#8670),#8688,.T.);
#8670 = FACE_BOUND('',#8671,.T.);
#8671 = EDGE_LOOP('',(#8672,#8673,#8681,#8687));
#8672 = ORIENTED_EDGE('',*,*,#8630,.T.);
#8673 = ORIENTED_EDGE('',*,*,#8674,.T.);
#8674 = EDGE_CURVE('',#8623,#8675,#8677,.T.);
#8675 = VERTEX_POINT('',#8676);
#8676 = CARTESIAN_POINT('',(-2.206814733654,2.618422636529,23.));
#8677 = B_SPLINE_CURVE_WITH_KNOTS('',2,(#8678,#8679,#8680),
  .UNSPECIFIED.,.F.,.F.,(3,3),(0.,1.),.PIECEWISE_BEZIER_KNOTS.);
#8678 = CARTESIAN_POINT('',(-2.16178591521,2.825780345463,23.));
#8679 = CARTESIAN_POINT('',(-2.16178591521,2.715234596183,23.));
#8680 = CARTESIAN_POINT('',(-2.206814733654,2.618422636529,23.));
#8681 = ORIENTED_EDGE('',*,*,#8682,.F.);
#8682 = EDGE_CURVE('',#2233,#8675,#8683,.T.);
#8683 = LINE('',#8684,#8685);
#8684 = CARTESIAN_POINT('',(-2.206814733654,2.618422636529,25.));
#8685 = VECTOR('',#8686,1.);
#8686 = DIRECTION('',(-0.,-0.,-1.));
#8687 = ORIENTED_EDGE('',*,*,#2232,.F.);
#8688 = SURFACE_OF_LINEAR_EXTRUSION('',#8689,#8693);
#8689 = B_SPLINE_CURVE_WITH_KNOTS('',2,(#8690,#8691,#8692),
  .UNSPECIFIED.,.F.,.F.,(3,3),(0.,1.),.PIECEWISE_BEZIER_KNOTS.);
#8690 = CARTESIAN_POINT('',(-2.16178591521,2.825780345463,25.));
#8691 = CARTESIAN_POINT('',(-2.16178591521,2.715234596183,25.));
#8692 = CARTESIAN_POINT('',(-2.206814733654,2.618422636529,25.));
#8693 = VECTOR('',#8694,1.);
#8694 = DIRECTION('',(0.,0.,1.));
#8695 = ADVANCED_FACE('',(#8696),#8714,.T.);
#8696 = FACE_BOUND('',#8697,.T.);
#8697 = EDGE_LOOP('',(#8698,#8706,#8712,#8713));
#8698 = ORIENTED_EDGE('',*,*,#8699,.T.);
#8699 = EDGE_CURVE('',#2329,#8700,#8702,.T.);
#8700 = VERTEX_POINT('',#8701);
#8701 = CARTESIAN_POINT('',(-2.500852918092,3.328076815203,23.));
#8702 = LINE('',#8703,#8704);
#8703 = CARTESIAN_POINT('',(-2.500852918092,3.328076815203,25.));
#8704 = VECTOR('',#8705,1.);
#8705 = DIRECTION('',(-0.,-0.,-1.));
#8706 = ORIENTED_EDGE('',*,*,#8707,.T.);
#8707 = EDGE_CURVE('',#8700,#8648,#8708,.T.);
#8708 = B_SPLINE_CURVE_WITH_KNOTS('',2,(#8709,#8710,#8711),
  .UNSPECIFIED.,.F.,.F.,(3,3),(0.,1.),.PIECEWISE_BEZIER_KNOTS.);
#8709 = CARTESIAN_POINT('',(-2.500852918092,3.328076815203,23.));
#8710 = CARTESIAN_POINT('',(-2.400438652962,3.285074293589,23.));
#8711 = CARTESIAN_POINT('',(-2.32614110253,3.212577895895,23.));
#8712 = ORIENTED_EDGE('',*,*,#8647,.F.);
#8713 = ORIENTED_EDGE('',*,*,#2336,.F.);
#8714 = SURFACE_OF_LINEAR_EXTRUSION('',#8715,#8719);
#8715 = B_SPLINE_CURVE_WITH_KNOTS('',2,(#8716,#8717,#8718),
  .UNSPECIFIED.,.F.,.F.,(3,3),(0.,1.),.PIECEWISE_BEZIER_KNOTS.);
#8716 = CARTESIAN_POINT('',(-2.500852918092,3.328076815203,25.));
#8717 = CARTESIAN_POINT('',(-2.400438652962,3.285074293589,25.));
#8718 = CARTESIAN_POINT('',(-2.32614110253,3.212577895895,25.));
#8719 = VECTOR('',#8720,1.);
#8720 = DIRECTION('',(0.,0.,1.));
#8721 = ADVANCED_FACE('',(#8722),#8740,.T.);
#8722 = FACE_BOUND('',#8723,.T.);
#8723 = EDGE_LOOP('',(#8724,#8725,#8733,#8739));
#8724 = ORIENTED_EDGE('',*,*,#8682,.T.);
#8725 = ORIENTED_EDGE('',*,*,#8726,.T.);
#8726 = EDGE_CURVE('',#8675,#8727,#8729,.T.);
#8727 = VERTEX_POINT('',#8728);
#8728 = CARTESIAN_POINT('',(-2.32614110253,2.449339423272,23.));
#8729 = B_SPLINE_CURVE_WITH_KNOTS('',2,(#8730,#8731,#8732),
  .UNSPECIFIED.,.F.,.F.,(3,3),(0.,1.),.PIECEWISE_BEZIER_KNOTS.);
#8730 = CARTESIAN_POINT('',(-2.206814733654,2.618422636529,23.));
#8731 = CARTESIAN_POINT('',(-2.251843552097,2.521835820967,23.));
#8732 = CARTESIAN_POINT('',(-2.32614110253,2.449339423272,23.));
#8733 = ORIENTED_EDGE('',*,*,#8734,.F.);
#8734 = EDGE_CURVE('',#2241,#8727,#8735,.T.);
#8735 = LINE('',#8736,#8737);
#8736 = CARTESIAN_POINT('',(-2.32614110253,2.449339423272,25.));
#8737 = VECTOR('',#8738,1.);
#8738 = DIRECTION('',(-0.,-0.,-1.));
#8739 = ORIENTED_EDGE('',*,*,#2240,.F.);
#8740 = SURFACE_OF_LINEAR_EXTRUSION('',#8741,#8745);
#8741 = B_SPLINE_CURVE_WITH_KNOTS('',2,(#8742,#8743,#8744),
  .UNSPECIFIED.,.F.,.F.,(3,3),(0.,1.),.PIECEWISE_BEZIER_KNOTS.);
#8742 = CARTESIAN_POINT('',(-2.206814733654,2.618422636529,25.));
#8743 = CARTESIAN_POINT('',(-2.251843552097,2.521835820967,25.));
#8744 = CARTESIAN_POINT('',(-2.32614110253,2.449339423272,25.));
#8745 = VECTOR('',#8746,1.);
#8746 = DIRECTION('',(0.,0.,1.));
#8747 = ADVANCED_FACE('',(#8748),#8766,.T.);
#8748 = FACE_BOUND('',#8749,.T.);
#8749 = EDGE_LOOP('',(#8750,#8758,#8764,#8765));
#8750 = ORIENTED_EDGE('',*,*,#8751,.T.);
#8751 = EDGE_CURVE('',#2321,#8752,#8754,.T.);
#8752 = VERTEX_POINT('',#8753);
#8753 = CARTESIAN_POINT('',(-2.715190093884,3.371304480909,23.));
#8754 = LINE('',#8755,#8756);
#8755 = CARTESIAN_POINT('',(-2.715190093884,3.371304480909,25.));
#8756 = VECTOR('',#8757,1.);
#8757 = DIRECTION('',(-0.,-0.,-1.));
#8758 = ORIENTED_EDGE('',*,*,#8759,.T.);
#8759 = EDGE_CURVE('',#8752,#8700,#8760,.T.);
#8760 = B_SPLINE_CURVE_WITH_KNOTS('',2,(#8761,#8762,#8763),
  .UNSPECIFIED.,.F.,.F.,(3,3),(0.,1.),.PIECEWISE_BEZIER_KNOTS.);
#8761 = CARTESIAN_POINT('',(-2.715190093884,3.371304480909,23.));
#8762 = CARTESIAN_POINT('',(-2.601042039129,3.371304480909,23.));
#8763 = CARTESIAN_POINT('',(-2.500852918092,3.328076815203,23.));
#8764 = ORIENTED_EDGE('',*,*,#8699,.F.);
#8765 = ORIENTED_EDGE('',*,*,#2328,.F.);
#8766 = SURFACE_OF_LINEAR_EXTRUSION('',#8767,#8771);
#8767 = B_SPLINE_CURVE_WITH_KNOTS('',2,(#8768,#8769,#8770),
  .UNSPECIFIED.,.F.,.F.,(3,3),(0.,1.),.PIECEWISE_BEZIER_KNOTS.);
#8768 = CARTESIAN_POINT('',(-2.715190093884,3.371304480909,25.));
#8769 = CARTESIAN_POINT('',(-2.601042039129,3.371304480909,25.));
#8770 = CARTESIAN_POINT('',(-2.500852918092,3.328076815203,25.));
#8771 = VECTOR('',#8772,1.);
#8772 = DIRECTION('',(0.,0.,1.));
#8773 = ADVANCED_FACE('',(#8774),#8792,.T.);
#8774 = FACE_BOUND('',#8775,.T.);
#8775 = EDGE_LOOP('',(#8776,#8777,#8785,#8791));
#8776 = ORIENTED_EDGE('',*,*,#8734,.T.);
#8777 = ORIENTED_EDGE('',*,*,#8778,.T.);
#8778 = EDGE_CURVE('',#8727,#8779,#8781,.T.);
#8779 = VERTEX_POINT('',#8780);
#8780 = CARTESIAN_POINT('',(-2.500852918092,2.333615359872,23.));
#8781 = B_SPLINE_CURVE_WITH_KNOTS('',2,(#8782,#8783,#8784),
  .UNSPECIFIED.,.F.,.F.,(3,3),(0.,1.),.PIECEWISE_BEZIER_KNOTS.);
#8782 = CARTESIAN_POINT('',(-2.32614110253,2.449339423272,23.));
#8783 = CARTESIAN_POINT('',(-2.400438652962,2.376843025578,23.));
#8784 = CARTESIAN_POINT('',(-2.500852918092,2.333615359872,23.));
#8785 = ORIENTED_EDGE('',*,*,#8786,.F.);
#8786 = EDGE_CURVE('',#2249,#8779,#8787,.T.);
#8787 = LINE('',#8788,#8789);
#8788 = CARTESIAN_POINT('',(-2.500852918092,2.333615359872,25.));
#8789 = VECTOR('',#8790,1.);
#8790 = DIRECTION('',(-0.,-0.,-1.));
#8791 = ORIENTED_EDGE('',*,*,#2248,.F.);
#8792 = SURFACE_OF_LINEAR_EXTRUSION('',#8793,#8797);
#8793 = B_SPLINE_CURVE_WITH_KNOTS('',2,(#8794,#8795,#8796),
  .UNSPECIFIED.,.F.,.F.,(3,3),(0.,1.),.PIECEWISE_BEZIER_KNOTS.);
#8794 = CARTESIAN_POINT('',(-2.32614110253,2.449339423272,25.));
#8795 = CARTESIAN_POINT('',(-2.400438652962,2.376843025578,25.));
#8796 = CARTESIAN_POINT('',(-2.500852918092,2.333615359872,25.));
#8797 = VECTOR('',#8798,1.);
#8798 = DIRECTION('',(0.,0.,1.));
#8799 = ADVANCED_FACE('',(#8800),#8818,.T.);
#8800 = FACE_BOUND('',#8801,.T.);
#8801 = EDGE_LOOP('',(#8802,#8810,#8816,#8817));
#8802 = ORIENTED_EDGE('',*,*,#8803,.T.);
#8803 = EDGE_CURVE('',#2313,#8804,#8806,.T.);
#8804 = VERTEX_POINT('',#8805);
#8805 = CARTESIAN_POINT('',(-2.924574099648,3.328076815203,23.));
#8806 = LINE('',#8807,#8808);
#8807 = CARTESIAN_POINT('',(-2.924574099648,3.328076815203,25.));
#8808 = VECTOR('',#8809,1.);
#8809 = DIRECTION('',(-0.,-0.,-1.));
#8810 = ORIENTED_EDGE('',*,*,#8811,.T.);
#8811 = EDGE_CURVE('',#8804,#8752,#8812,.T.);
#8812 = B_SPLINE_CURVE_WITH_KNOTS('',2,(#8813,#8814,#8815),
  .UNSPECIFIED.,.F.,.F.,(3,3),(0.,1.),.PIECEWISE_BEZIER_KNOTS.);
#8813 = CARTESIAN_POINT('',(-2.924574099648,3.328076815203,23.));
#8814 = CARTESIAN_POINT('',(-2.825960987256,3.371304480909,23.));
#8815 = CARTESIAN_POINT('',(-2.715190093884,3.371304480909,23.));
#8816 = ORIENTED_EDGE('',*,*,#8751,.F.);
#8817 = ORIENTED_EDGE('',*,*,#2320,.F.);
#8818 = SURFACE_OF_LINEAR_EXTRUSION('',#8819,#8823);
#8819 = B_SPLINE_CURVE_WITH_KNOTS('',2,(#8820,#8821,#8822),
  .UNSPECIFIED.,.F.,.F.,(3,3),(0.,1.),.PIECEWISE_BEZIER_KNOTS.);
#8820 = CARTESIAN_POINT('',(-2.924574099648,3.328076815203,25.));
#8821 = CARTESIAN_POINT('',(-2.825960987256,3.371304480909,25.));
#8822 = CARTESIAN_POINT('',(-2.715190093884,3.371304480909,25.));
#8823 = VECTOR('',#8824,1.);
#8824 = DIRECTION('',(0.,0.,1.));
#8825 = ADVANCED_FACE('',(#8826),#8844,.T.);
#8826 = FACE_BOUND('',#8827,.T.);
#8827 = EDGE_LOOP('',(#8828,#8829,#8837,#8843));
#8828 = ORIENTED_EDGE('',*,*,#8786,.T.);
#8829 = ORIENTED_EDGE('',*,*,#8830,.T.);
#8830 = EDGE_CURVE('',#8779,#8831,#8833,.T.);
#8831 = VERTEX_POINT('',#8832);
#8832 = CARTESIAN_POINT('',(-2.715190093884,2.290612838258,23.));
#8833 = B_SPLINE_CURVE_WITH_KNOTS('',2,(#8834,#8835,#8836),
  .UNSPECIFIED.,.F.,.F.,(3,3),(0.,1.),.PIECEWISE_BEZIER_KNOTS.);
#8834 = CARTESIAN_POINT('',(-2.500852918092,2.333615359872,23.));
#8835 = CARTESIAN_POINT('',(-2.601042039129,2.290612838258,23.));
#8836 = CARTESIAN_POINT('',(-2.715190093884,2.290612838258,23.));
#8837 = ORIENTED_EDGE('',*,*,#8838,.F.);
#8838 = EDGE_CURVE('',#2257,#8831,#8839,.T.);
#8839 = LINE('',#8840,#8841);
#8840 = CARTESIAN_POINT('',(-2.715190093884,2.290612838258,25.));
#8841 = VECTOR('',#8842,1.);
#8842 = DIRECTION('',(-0.,-0.,-1.));
#8843 = ORIENTED_EDGE('',*,*,#2256,.F.);
#8844 = SURFACE_OF_LINEAR_EXTRUSION('',#8845,#8849);
#8845 = B_SPLINE_CURVE_WITH_KNOTS('',2,(#8846,#8847,#8848),
  .UNSPECIFIED.,.F.,.F.,(3,3),(0.,1.),.PIECEWISE_BEZIER_KNOTS.);
#8846 = CARTESIAN_POINT('',(-2.500852918092,2.333615359872,25.));
#8847 = CARTESIAN_POINT('',(-2.601042039129,2.290612838258,25.));
#8848 = CARTESIAN_POINT('',(-2.715190093884,2.290612838258,25.));
#8849 = VECTOR('',#8850,1.);
#8850 = DIRECTION('',(0.,0.,1.));
#8851 = ADVANCED_FACE('',(#8852),#8870,.T.);
#8852 = FACE_BOUND('',#8853,.T.);
#8853 = EDGE_LOOP('',(#8854,#8862,#8868,#8869));
#8854 = ORIENTED_EDGE('',*,*,#8855,.T.);
#8855 = EDGE_CURVE('',#2305,#8856,#8858,.T.);
#8856 = VERTEX_POINT('',#8857);
#8857 = CARTESIAN_POINT('',(-3.095683609734,3.212577895895,23.));
#8858 = LINE('',#8859,#8860);
#8859 = CARTESIAN_POINT('',(-3.095683609734,3.212577895895,25.));
#8860 = VECTOR('',#8861,1.);
#8861 = DIRECTION('',(-0.,-0.,-1.));
#8862 = ORIENTED_EDGE('',*,*,#8863,.T.);
#8863 = EDGE_CURVE('',#8856,#8804,#8864,.T.);
#8864 = B_SPLINE_CURVE_WITH_KNOTS('',2,(#8865,#8866,#8867),
  .UNSPECIFIED.,.F.,.F.,(3,3),(0.,1.),.PIECEWISE_BEZIER_KNOTS.);
#8865 = CARTESIAN_POINT('',(-3.095683609734,3.212577895895,23.));
#8866 = CARTESIAN_POINT('',(-3.022962067947,3.285074293589,23.));
#8867 = CARTESIAN_POINT('',(-2.924574099648,3.328076815203,23.));
#8868 = ORIENTED_EDGE('',*,*,#8803,.F.);
#8869 = ORIENTED_EDGE('',*,*,#2312,.F.);
#8870 = SURFACE_OF_LINEAR_EXTRUSION('',#8871,#8875);
#8871 = B_SPLINE_CURVE_WITH_KNOTS('',2,(#8872,#8873,#8874),
  .UNSPECIFIED.,.F.,.F.,(3,3),(0.,1.),.PIECEWISE_BEZIER_KNOTS.);
#8872 = CARTESIAN_POINT('',(-3.095683609734,3.212577895895,25.));
#8873 = CARTESIAN_POINT('',(-3.022962067947,3.285074293589,25.));
#8874 = CARTESIAN_POINT('',(-2.924574099648,3.328076815203,25.));
#8875 = VECTOR('',#8876,1.);
#8876 = DIRECTION('',(0.,0.,1.));
#8877 = ADVANCED_FACE('',(#8878),#8896,.T.);
#8878 = FACE_BOUND('',#8879,.T.);
#8879 = EDGE_LOOP('',(#8880,#8881,#8889,#8895));
#8880 = ORIENTED_EDGE('',*,*,#8838,.T.);
#8881 = ORIENTED_EDGE('',*,*,#8882,.T.);
#8882 = EDGE_CURVE('',#8831,#8883,#8885,.T.);
#8883 = VERTEX_POINT('',#8884);
#8884 = CARTESIAN_POINT('',(-2.924574099648,2.333615359872,23.));
#8885 = B_SPLINE_CURVE_WITH_KNOTS('',2,(#8886,#8887,#8888),
  .UNSPECIFIED.,.F.,.F.,(3,3),(0.,1.),.PIECEWISE_BEZIER_KNOTS.);
#8886 = CARTESIAN_POINT('',(-2.715190093884,2.290612838258,23.));
#8887 = CARTESIAN_POINT('',(-2.825960987256,2.290612838258,23.));
#8888 = CARTESIAN_POINT('',(-2.924574099648,2.333615359872,23.));
#8889 = ORIENTED_EDGE('',*,*,#8890,.F.);
#8890 = EDGE_CURVE('',#2265,#8883,#8891,.T.);
#8891 = LINE('',#8892,#8893);
#8892 = CARTESIAN_POINT('',(-2.924574099648,2.333615359872,25.));
#8893 = VECTOR('',#8894,1.);
#8894 = DIRECTION('',(-0.,-0.,-1.));
#8895 = ORIENTED_EDGE('',*,*,#2264,.F.);
#8896 = SURFACE_OF_LINEAR_EXTRUSION('',#8897,#8901);
#8897 = B_SPLINE_CURVE_WITH_KNOTS('',2,(#8898,#8899,#8900),
  .UNSPECIFIED.,.F.,.F.,(3,3),(0.,1.),.PIECEWISE_BEZIER_KNOTS.);
#8898 = CARTESIAN_POINT('',(-2.715190093884,2.290612838258,25.));
#8899 = CARTESIAN_POINT('',(-2.825960987256,2.290612838258,25.));
#8900 = CARTESIAN_POINT('',(-2.924574099648,2.333615359872,25.));
#8901 = VECTOR('',#8902,1.);
#8902 = DIRECTION('',(0.,0.,1.));
#8903 = ADVANCED_FACE('',(#8904),#8922,.T.);
#8904 = FACE_BOUND('',#8905,.T.);
#8905 = EDGE_LOOP('',(#8906,#8914,#8920,#8921));
#8906 = ORIENTED_EDGE('',*,*,#8907,.T.);
#8907 = EDGE_CURVE('',#2297,#8908,#8910,.T.);
#8908 = VERTEX_POINT('',#8909);
#8909 = CARTESIAN_POINT('',(-3.211407673135,3.039892377163,23.));
#8910 = LINE('',#8911,#8912);
#8911 = CARTESIAN_POINT('',(-3.211407673135,3.039892377163,25.));
#8912 = VECTOR('',#8913,1.);
#8913 = DIRECTION('',(-0.,-0.,-1.));
#8914 = ORIENTED_EDGE('',*,*,#8915,.T.);
#8915 = EDGE_CURVE('',#8908,#8856,#8916,.T.);
#8916 = B_SPLINE_CURVE_WITH_KNOTS('',2,(#8917,#8918,#8919),
  .UNSPECIFIED.,.F.,.F.,(3,3),(0.,1.),.PIECEWISE_BEZIER_KNOTS.);
#8917 = CARTESIAN_POINT('',(-3.211407673135,3.039892377163,23.));
#8918 = CARTESIAN_POINT('',(-3.168180007429,3.1400814982,23.));
#8919 = CARTESIAN_POINT('',(-3.095683609734,3.212577895895,23.));
#8920 = ORIENTED_EDGE('',*,*,#8855,.F.);
#8921 = ORIENTED_EDGE('',*,*,#2304,.F.);
#8922 = SURFACE_OF_LINEAR_EXTRUSION('',#8923,#8927);
#8923 = B_SPLINE_CURVE_WITH_KNOTS('',2,(#8924,#8925,#8926),
  .UNSPECIFIED.,.F.,.F.,(3,3),(0.,1.),.PIECEWISE_BEZIER_KNOTS.);
#8924 = CARTESIAN_POINT('',(-3.211407673135,3.039892377163,25.));
#8925 = CARTESIAN_POINT('',(-3.168180007429,3.1400814982,25.));
#8926 = CARTESIAN_POINT('',(-3.095683609734,3.212577895895,25.));
#8927 = VECTOR('',#8928,1.);
#8928 = DIRECTION('',(0.,0.,1.));
#8929 = ADVANCED_FACE('',(#8930),#8948,.T.);
#8930 = FACE_BOUND('',#8931,.T.);
#8931 = EDGE_LOOP('',(#8932,#8933,#8941,#8947));
#8932 = ORIENTED_EDGE('',*,*,#8890,.T.);
#8933 = ORIENTED_EDGE('',*,*,#8934,.T.);
#8934 = EDGE_CURVE('',#8883,#8935,#8937,.T.);
#8935 = VERTEX_POINT('',#8936);
#8936 = CARTESIAN_POINT('',(-3.095683609734,2.449339423272,23.));
#8937 = B_SPLINE_CURVE_WITH_KNOTS('',2,(#8938,#8939,#8940),
  .UNSPECIFIED.,.F.,.F.,(3,3),(0.,1.),.PIECEWISE_BEZIER_KNOTS.);
#8938 = CARTESIAN_POINT('',(-2.924574099648,2.333615359872,23.));
#8939 = CARTESIAN_POINT('',(-3.022962067947,2.376843025578,23.));
#8940 = CARTESIAN_POINT('',(-3.095683609734,2.449339423272,23.));
#8941 = ORIENTED_EDGE('',*,*,#8942,.F.);
#8942 = EDGE_CURVE('',#2273,#8935,#8943,.T.);
#8943 = LINE('',#8944,#8945);
#8944 = CARTESIAN_POINT('',(-3.095683609734,2.449339423272,25.));
#8945 = VECTOR('',#8946,1.);
#8946 = DIRECTION('',(-0.,-0.,-1.));
#8947 = ORIENTED_EDGE('',*,*,#2272,.F.);
#8948 = SURFACE_OF_LINEAR_EXTRUSION('',#8949,#8953);
#8949 = B_SPLINE_CURVE_WITH_KNOTS('',2,(#8950,#8951,#8952),
  .UNSPECIFIED.,.F.,.F.,(3,3),(0.,1.),.PIECEWISE_BEZIER_KNOTS.);
#8950 = CARTESIAN_POINT('',(-2.924574099648,2.333615359872,25.));
#8951 = CARTESIAN_POINT('',(-3.022962067947,2.376843025578,25.));
#8952 = CARTESIAN_POINT('',(-3.095683609734,2.449339423272,25.));
#8953 = VECTOR('',#8954,1.);
#8954 = DIRECTION('',(0.,0.,1.));
#8955 = ADVANCED_FACE('',(#8956),#8974,.T.);
#8956 = FACE_BOUND('',#8957,.T.);
#8957 = EDGE_LOOP('',(#8958,#8966,#8972,#8973));
#8958 = ORIENTED_EDGE('',*,*,#8959,.T.);
#8959 = EDGE_CURVE('',#2289,#8960,#8962,.T.);
#8960 = VERTEX_POINT('',#8961);
#8961 = CARTESIAN_POINT('',(-3.254635338841,2.825780345463,23.));
#8962 = LINE('',#8963,#8964);
#8963 = CARTESIAN_POINT('',(-3.254635338841,2.825780345463,25.));
#8964 = VECTOR('',#8965,1.);
#8965 = DIRECTION('',(-0.,-0.,-1.));
#8966 = ORIENTED_EDGE('',*,*,#8967,.T.);
#8967 = EDGE_CURVE('',#8960,#8908,#8968,.T.);
#8968 = B_SPLINE_CURVE_WITH_KNOTS('',2,(#8969,#8970,#8971),
  .UNSPECIFIED.,.F.,.F.,(3,3),(0.,1.),.PIECEWISE_BEZIER_KNOTS.);
#8969 = CARTESIAN_POINT('',(-3.254635338841,2.825780345463,23.));
#8970 = CARTESIAN_POINT('',(-3.254635338841,2.939703256125,23.));
#8971 = CARTESIAN_POINT('',(-3.211407673135,3.039892377163,23.));
#8972 = ORIENTED_EDGE('',*,*,#8907,.F.);
#8973 = ORIENTED_EDGE('',*,*,#2296,.F.);
#8974 = SURFACE_OF_LINEAR_EXTRUSION('',#8975,#8979);
#8975 = B_SPLINE_CURVE_WITH_KNOTS('',2,(#8976,#8977,#8978),
  .UNSPECIFIED.,.F.,.F.,(3,3),(0.,1.),.PIECEWISE_BEZIER_KNOTS.);
#8976 = CARTESIAN_POINT('',(-3.254635338841,2.825780345463,25.));
#8977 = CARTESIAN_POINT('',(-3.254635338841,2.939703256125,25.));
#8978 = CARTESIAN_POINT('',(-3.211407673135,3.039892377163,25.));
#8979 = VECTOR('',#8980,1.);
#8980 = DIRECTION('',(0.,0.,1.));
#8981 = ADVANCED_FACE('',(#8982),#9000,.T.);
#8982 = FACE_BOUND('',#8983,.T.);
#8983 = EDGE_LOOP('',(#8984,#8985,#8993,#8999));
#8984 = ORIENTED_EDGE('',*,*,#8942,.T.);
#8985 = ORIENTED_EDGE('',*,*,#8986,.T.);
#8986 = EDGE_CURVE('',#8935,#8987,#8989,.T.);
#8987 = VERTEX_POINT('',#8988);
#8988 = CARTESIAN_POINT('',(-3.211407673135,2.618422636529,23.));
#8989 = B_SPLINE_CURVE_WITH_KNOTS('',2,(#8990,#8991,#8992),
  .UNSPECIFIED.,.F.,.F.,(3,3),(0.,1.),.PIECEWISE_BEZIER_KNOTS.);
#8990 = CARTESIAN_POINT('',(-3.095683609734,2.449339423272,23.));
#8991 = CARTESIAN_POINT('',(-3.168180007429,2.521835820967,23.));
#8992 = CARTESIAN_POINT('',(-3.211407673135,2.618422636529,23.));
#8993 = ORIENTED_EDGE('',*,*,#8994,.F.);
#8994 = EDGE_CURVE('',#2281,#8987,#8995,.T.);
#8995 = LINE('',#8996,#8997);
#8996 = CARTESIAN_POINT('',(-3.211407673135,2.618422636529,25.));
#8997 = VECTOR('',#8998,1.);
#8998 = DIRECTION('',(-0.,-0.,-1.));
#8999 = ORIENTED_EDGE('',*,*,#2280,.F.);
#9000 = SURFACE_OF_LINEAR_EXTRUSION('',#9001,#9005);
#9001 = B_SPLINE_CURVE_WITH_KNOTS('',2,(#9002,#9003,#9004),
  .UNSPECIFIED.,.F.,.F.,(3,3),(0.,1.),.PIECEWISE_BEZIER_KNOTS.);
#9002 = CARTESIAN_POINT('',(-3.095683609734,2.449339423272,25.));
#9003 = CARTESIAN_POINT('',(-3.168180007429,2.521835820967,25.));
#9004 = CARTESIAN_POINT('',(-3.211407673135,2.618422636529,25.));
#9005 = VECTOR('',#9006,1.);
#9006 = DIRECTION('',(0.,0.,1.));
#9007 = ADVANCED_FACE('',(#9008),#9019,.T.);
#9008 = FACE_BOUND('',#9009,.T.);
#9009 = EDGE_LOOP('',(#9010,#9011,#9017,#9018));
#9010 = ORIENTED_EDGE('',*,*,#8994,.T.);
#9011 = ORIENTED_EDGE('',*,*,#9012,.T.);
#9012 = EDGE_CURVE('',#8987,#8960,#9013,.T.);
#9013 = B_SPLINE_CURVE_WITH_KNOTS('',2,(#9014,#9015,#9016),
  .UNSPECIFIED.,.F.,.F.,(3,3),(0.,1.),.PIECEWISE_BEZIER_KNOTS.);
#9014 = CARTESIAN_POINT('',(-3.211407673135,2.618422636529,23.));
#9015 = CARTESIAN_POINT('',(-3.254635338841,2.715234596183,23.));
#9016 = CARTESIAN_POINT('',(-3.254635338841,2.825780345463,23.));
#9017 = ORIENTED_EDGE('',*,*,#8959,.F.);
#9018 = ORIENTED_EDGE('',*,*,#2288,.F.);
#9019 = SURFACE_OF_LINEAR_EXTRUSION('',#9020,#9024);
#9020 = B_SPLINE_CURVE_WITH_KNOTS('',2,(#9021,#9022,#9023),
  .UNSPECIFIED.,.F.,.F.,(3,3),(0.,1.),.PIECEWISE_BEZIER_KNOTS.);
#9021 = CARTESIAN_POINT('',(-3.211407673135,2.618422636529,25.));
#9022 = CARTESIAN_POINT('',(-3.254635338841,2.715234596183,25.));
#9023 = CARTESIAN_POINT('',(-3.254635338841,2.825780345463,25.));
#9024 = VECTOR('',#9025,1.);
#9025 = DIRECTION('',(0.,0.,1.));
#9026 = ADVANCED_FACE('',(#9027),#9052,.T.);
#9027 = FACE_BOUND('',#9028,.T.);
#9028 = EDGE_LOOP('',(#9029,#9037,#9045,#9051));
#9029 = ORIENTED_EDGE('',*,*,#9030,.T.);
#9030 = EDGE_CURVE('',#2353,#9031,#9033,.T.);
#9031 = VERTEX_POINT('',#9032);
#9032 = CARTESIAN_POINT('',(6.385584401793,1.691504408863,23.));
#9033 = LINE('',#9034,#9035);
#9034 = CARTESIAN_POINT('',(6.385584401793,1.691504408863,25.));
#9035 = VECTOR('',#9036,1.);
#9036 = DIRECTION('',(-0.,-0.,-1.));
#9037 = ORIENTED_EDGE('',*,*,#9038,.T.);
#9038 = EDGE_CURVE('',#9031,#9039,#9041,.T.);
#9039 = VERTEX_POINT('',#9040);
#9040 = CARTESIAN_POINT('',(7.099741462312,1.829517737393,23.));
#9041 = B_SPLINE_CURVE_WITH_KNOTS('',2,(#9042,#9043,#9044),
  .UNSPECIFIED.,.F.,.F.,(3,3),(0.,1.),.PIECEWISE_BEZIER_KNOTS.);
#9042 = CARTESIAN_POINT('',(6.385584401793,1.691504408863,23.));
#9043 = CARTESIAN_POINT('',(6.702136995453,1.829517737393,23.));
#9044 = CARTESIAN_POINT('',(7.099741462312,1.829517737393,23.));
#9045 = ORIENTED_EDGE('',*,*,#9046,.F.);
#9046 = EDGE_CURVE('',#2355,#9039,#9047,.T.);
#9047 = LINE('',#9048,#9049);
#9048 = CARTESIAN_POINT('',(7.099741462312,1.829517737393,25.));
#9049 = VECTOR('',#9050,1.);
#9050 = DIRECTION('',(-0.,-0.,-1.));
#9051 = ORIENTED_EDGE('',*,*,#2352,.F.);
#9052 = SURFACE_OF_LINEAR_EXTRUSION('',#9053,#9057);
#9053 = B_SPLINE_CURVE_WITH_KNOTS('',2,(#9054,#9055,#9056),
  .UNSPECIFIED.,.F.,.F.,(3,3),(0.,1.),.PIECEWISE_BEZIER_KNOTS.);
#9054 = CARTESIAN_POINT('',(6.385584401793,1.691504408863,25.));
#9055 = CARTESIAN_POINT('',(6.702136995453,1.829517737393,25.));
#9056 = CARTESIAN_POINT('',(7.099741462312,1.829517737393,25.));
#9057 = VECTOR('',#9058,1.);
#9058 = DIRECTION('',(0.,0.,1.));
#9059 = ADVANCED_FACE('',(#9060),#9078,.T.);
#9060 = FACE_BOUND('',#9061,.T.);
#9061 = EDGE_LOOP('',(#9062,#9070,#9076,#9077));
#9062 = ORIENTED_EDGE('',*,*,#9063,.T.);
#9063 = EDGE_CURVE('',#2579,#9064,#9066,.T.);
#9064 = VERTEX_POINT('',#9065);
#9065 = CARTESIAN_POINT('',(5.84951631822,1.317314927595,23.));
#9066 = LINE('',#9067,#9068);
#9067 = CARTESIAN_POINT('',(5.84951631822,1.317314927595,25.));
#9068 = VECTOR('',#9069,1.);
#9069 = DIRECTION('',(-0.,-0.,-1.));
#9070 = ORIENTED_EDGE('',*,*,#9071,.T.);
#9071 = EDGE_CURVE('',#9064,#9031,#9072,.T.);
#9072 = B_SPLINE_CURVE_WITH_KNOTS('',2,(#9073,#9074,#9075),
  .UNSPECIFIED.,.F.,.F.,(3,3),(0.,1.),.PIECEWISE_BEZIER_KNOTS.);
#9073 = CARTESIAN_POINT('',(5.84951631822,1.317314927595,23.));
#9074 = CARTESIAN_POINT('',(6.069256952225,1.553491080333,23.));
#9075 = CARTESIAN_POINT('',(6.385584401793,1.691504408863,23.));
#9076 = ORIENTED_EDGE('',*,*,#9030,.F.);
#9077 = ORIENTED_EDGE('',*,*,#2586,.F.);
#9078 = SURFACE_OF_LINEAR_EXTRUSION('',#9079,#9083);
#9079 = B_SPLINE_CURVE_WITH_KNOTS('',2,(#9080,#9081,#9082),
  .UNSPECIFIED.,.F.,.F.,(3,3),(0.,1.),.PIECEWISE_BEZIER_KNOTS.);
#9080 = CARTESIAN_POINT('',(5.84951631822,1.317314927595,25.));
#9081 = CARTESIAN_POINT('',(6.069256952225,1.553491080333,25.));
#9082 = CARTESIAN_POINT('',(6.385584401793,1.691504408863,25.));
#9083 = VECTOR('',#9084,1.);
#9084 = DIRECTION('',(0.,0.,1.));
#9085 = ADVANCED_FACE('',(#9086),#9104,.T.);
#9086 = FACE_BOUND('',#9087,.T.);
#9087 = EDGE_LOOP('',(#9088,#9089,#9097,#9103));
#9088 = ORIENTED_EDGE('',*,*,#9046,.T.);
#9089 = ORIENTED_EDGE('',*,*,#9090,.T.);
#9090 = EDGE_CURVE('',#9039,#9091,#9093,.T.);
#9091 = VERTEX_POINT('',#9092);
#9092 = CARTESIAN_POINT('',(7.717086563176,1.722574293589,23.));
#9093 = B_SPLINE_CURVE_WITH_KNOTS('',2,(#9094,#9095,#9096),
  .UNSPECIFIED.,.F.,.F.,(3,3),(0.,1.),.PIECEWISE_BEZIER_KNOTS.);
#9094 = CARTESIAN_POINT('',(7.099741462312,1.829517737393,23.));
#9095 = CARTESIAN_POINT('',(7.435206159718,1.829517737393,23.));
#9096 = CARTESIAN_POINT('',(7.717086563176,1.722574293589,23.));
#9097 = ORIENTED_EDGE('',*,*,#9098,.F.);
#9098 = EDGE_CURVE('',#2363,#9091,#9099,.T.);
#9099 = LINE('',#9100,#9101);
#9100 = CARTESIAN_POINT('',(7.717086563176,1.722574293589,25.));
#9101 = VECTOR('',#9102,1.);
#9102 = DIRECTION('',(-0.,-0.,-1.));
#9103 = ORIENTED_EDGE('',*,*,#2362,.F.);
#9104 = SURFACE_OF_LINEAR_EXTRUSION('',#9105,#9109);
#9105 = B_SPLINE_CURVE_WITH_KNOTS('',2,(#9106,#9107,#9108),
  .UNSPECIFIED.,.F.,.F.,(3,3),(0.,1.),.PIECEWISE_BEZIER_KNOTS.);
#9106 = CARTESIAN_POINT('',(7.099741462312,1.829517737393,25.));
#9107 = CARTESIAN_POINT('',(7.435206159718,1.829517737393,25.));
#9108 = CARTESIAN_POINT('',(7.717086563176,1.722574293589,25.));
#9109 = VECTOR('',#9110,1.);
#9110 = DIRECTION('',(0.,0.,1.));
#9111 = ADVANCED_FACE('',(#9112),#9130,.T.);
#9112 = FACE_BOUND('',#9113,.T.);
#9113 = EDGE_LOOP('',(#9114,#9122,#9128,#9129));
#9114 = ORIENTED_EDGE('',*,*,#9115,.T.);
#9115 = EDGE_CURVE('',#2571,#9116,#9118,.T.);
#9116 = VERTEX_POINT('',#9117);
#9117 = CARTESIAN_POINT('',(5.512475612168,0.762109596183,23.));
#9118 = LINE('',#9119,#9120);
#9119 = CARTESIAN_POINT('',(5.512475612168,0.762109596183,25.));
#9120 = VECTOR('',#9121,1.);
#9121 = DIRECTION('',(-0.,-0.,-1.));
#9122 = ORIENTED_EDGE('',*,*,#9123,.T.);
#9123 = EDGE_CURVE('',#9116,#9064,#9124,.T.);
#9124 = B_SPLINE_CURVE_WITH_KNOTS('',2,(#9125,#9126,#9127),
  .UNSPECIFIED.,.F.,.F.,(3,3),(0.,1.),.PIECEWISE_BEZIER_KNOTS.);
#9125 = CARTESIAN_POINT('',(5.512475612168,0.762109596183,23.));
#9126 = CARTESIAN_POINT('',(5.630000828306,1.081138774857,23.));
#9127 = CARTESIAN_POINT('',(5.84951631822,1.317314927595,23.));
#9128 = ORIENTED_EDGE('',*,*,#9063,.F.);
#9129 = ORIENTED_EDGE('',*,*,#2578,.F.);
#9130 = SURFACE_OF_LINEAR_EXTRUSION('',#9131,#9135);
#9131 = B_SPLINE_CURVE_WITH_KNOTS('',2,(#9132,#9133,#9134),
  .UNSPECIFIED.,.F.,.F.,(3,3),(0.,1.),.PIECEWISE_BEZIER_KNOTS.);
#9132 = CARTESIAN_POINT('',(5.512475612168,0.762109596183,25.));
#9133 = CARTESIAN_POINT('',(5.630000828306,1.081138774857,25.));
#9134 = CARTESIAN_POINT('',(5.84951631822,1.317314927595,25.));
#9135 = VECTOR('',#9136,1.);
#9136 = DIRECTION('',(0.,0.,1.));
#9137 = ADVANCED_FACE('',(#9138),#9156,.T.);
#9138 = FACE_BOUND('',#9139,.T.);
#9139 = EDGE_LOOP('',(#9140,#9141,#9149,#9155));
#9140 = ORIENTED_EDGE('',*,*,#9098,.T.);
#9141 = ORIENTED_EDGE('',*,*,#9142,.T.);
#9142 = EDGE_CURVE('',#9091,#9143,#9145,.T.);
#9143 = VERTEX_POINT('',#9144);
#9144 = CARTESIAN_POINT('',(8.202947514185,1.410524581774,23.));
#9145 = B_SPLINE_CURVE_WITH_KNOTS('',2,(#9146,#9147,#9148),
  .UNSPECIFIED.,.F.,.F.,(3,3),(0.,1.),.PIECEWISE_BEZIER_KNOTS.);
#9146 = CARTESIAN_POINT('',(7.717086563176,1.722574293589,23.));
#9147 = CARTESIAN_POINT('',(7.998966966635,1.615855993878,23.));
#9148 = CARTESIAN_POINT('',(8.202947514185,1.410524581774,23.));
#9149 = ORIENTED_EDGE('',*,*,#9150,.F.);
#9150 = EDGE_CURVE('',#2371,#9143,#9151,.T.);
#9151 = LINE('',#9152,#9153);
#9152 = CARTESIAN_POINT('',(8.202947514185,1.410524581774,25.));
#9153 = VECTOR('',#9154,1.);
#9154 = DIRECTION('',(-0.,-0.,-1.));
#9155 = ORIENTED_EDGE('',*,*,#2370,.F.);
#9156 = SURFACE_OF_LINEAR_EXTRUSION('',#9157,#9161);
#9157 = B_SPLINE_CURVE_WITH_KNOTS('',2,(#9158,#9159,#9160),
  .UNSPECIFIED.,.F.,.F.,(3,3),(0.,1.),.PIECEWISE_BEZIER_KNOTS.);
#9158 = CARTESIAN_POINT('',(7.717086563176,1.722574293589,25.));
#9159 = CARTESIAN_POINT('',(7.998966966635,1.615855993878,25.));
#9160 = CARTESIAN_POINT('',(8.202947514185,1.410524581774,25.));
#9161 = VECTOR('',#9162,1.);
#9162 = DIRECTION('',(0.,0.,1.));
#9163 = ADVANCED_FACE('',(#9164),#9182,.T.);
#9164 = FACE_BOUND('',#9165,.T.);
#9165 = EDGE_LOOP('',(#9166,#9174,#9180,#9181));
#9166 = ORIENTED_EDGE('',*,*,#9167,.T.);
#9167 = EDGE_CURVE('',#2563,#9168,#9170,.T.);
#9168 = VERTEX_POINT('',#9169);
#9169 = CARTESIAN_POINT('',(5.394950396029,8.082357312829E-02,23.));
#9170 = LINE('',#9171,#9172);
#9171 = CARTESIAN_POINT('',(5.394950396029,8.082357312829E-02,25.));
#9172 = VECTOR('',#9173,1.);
#9173 = DIRECTION('',(-0.,-0.,-1.));
#9174 = ORIENTED_EDGE('',*,*,#9175,.T.);
#9175 = EDGE_CURVE('',#9168,#9116,#9176,.T.);
#9176 = B_SPLINE_CURVE_WITH_KNOTS('',2,(#9177,#9178,#9179),
  .UNSPECIFIED.,.F.,.F.,(3,3),(0.,1.),.PIECEWISE_BEZIER_KNOTS.);
#9177 = CARTESIAN_POINT('',(5.394950396029,8.082357312829E-02,23.));
#9178 = CARTESIAN_POINT('',(5.394950396029,0.443080417509,23.));
#9179 = CARTESIAN_POINT('',(5.512475612168,0.762109596183,23.));
#9180 = ORIENTED_EDGE('',*,*,#9115,.F.);
#9181 = ORIENTED_EDGE('',*,*,#2570,.F.);
#9182 = SURFACE_OF_LINEAR_EXTRUSION('',#9183,#9187);
#9183 = B_SPLINE_CURVE_WITH_KNOTS('',2,(#9184,#9185,#9186),
  .UNSPECIFIED.,.F.,.F.,(3,3),(0.,1.),.PIECEWISE_BEZIER_KNOTS.);
#9184 = CARTESIAN_POINT('',(5.394950396029,8.082357312829E-02,25.));
#9185 = CARTESIAN_POINT('',(5.394950396029,0.443080417509,25.));
#9186 = CARTESIAN_POINT('',(5.512475612168,0.762109596183,25.));
#9187 = VECTOR('',#9188,1.);
#9188 = DIRECTION('',(0.,0.,1.));
#9189 = ADVANCED_FACE('',(#9190),#9208,.T.);
#9190 = FACE_BOUND('',#9191,.T.);
#9191 = EDGE_LOOP('',(#9192,#9193,#9201,#9207));
#9192 = ORIENTED_EDGE('',*,*,#9150,.T.);
#9193 = ORIENTED_EDGE('',*,*,#9194,.T.);
#9194 = EDGE_CURVE('',#9143,#9195,#9197,.T.);
#9195 = VERTEX_POINT('',#9196);
#9196 = CARTESIAN_POINT('',(8.521076116491,0.907102391572,23.));
#9197 = B_SPLINE_CURVE_WITH_KNOTS('',2,(#9198,#9199,#9200),
  .UNSPECIFIED.,.F.,.F.,(3,3),(0.,1.),.PIECEWISE_BEZIER_KNOTS.);
#9198 = CARTESIAN_POINT('',(8.202947514185,1.410524581774,23.));
#9199 = CARTESIAN_POINT('',(8.406928061736,1.205418313762,23.));
#9200 = CARTESIAN_POINT('',(8.521076116491,0.907102391572,23.));
#9201 = ORIENTED_EDGE('',*,*,#9202,.F.);
#9202 = EDGE_CURVE('',#2379,#9195,#9203,.T.);
#9203 = LINE('',#9204,#9205);
#9204 = CARTESIAN_POINT('',(8.521076116491,0.907102391572,25.));
#9205 = VECTOR('',#9206,1.);
#9206 = DIRECTION('',(-0.,-0.,-1.));
#9207 = ORIENTED_EDGE('',*,*,#2378,.F.);
#9208 = SURFACE_OF_LINEAR_EXTRUSION('',#9209,#9213);
#9209 = B_SPLINE_CURVE_WITH_KNOTS('',2,(#9210,#9211,#9212),
  .UNSPECIFIED.,.F.,.F.,(3,3),(0.,1.),.PIECEWISE_BEZIER_KNOTS.);
#9210 = CARTESIAN_POINT('',(8.202947514185,1.410524581774,25.));
#9211 = CARTESIAN_POINT('',(8.406928061736,1.205418313762,25.));
#9212 = CARTESIAN_POINT('',(8.521076116491,0.907102391572,25.));
#9213 = VECTOR('',#9214,1.);
#9214 = DIRECTION('',(0.,0.,1.));
#9215 = ADVANCED_FACE('',(#9216),#9234,.T.);
#9216 = FACE_BOUND('',#9217,.T.);
#9217 = EDGE_LOOP('',(#9218,#9226,#9232,#9233));
#9218 = ORIENTED_EDGE('',*,*,#9219,.T.);
#9219 = EDGE_CURVE('',#2555,#9220,#9222,.T.);
#9220 = VERTEX_POINT('',#9221);
#9221 = CARTESIAN_POINT('',(5.529811707269,-0.738250634365,23.));
#9222 = LINE('',#9223,#9224);
#9223 = CARTESIAN_POINT('',(5.529811707269,-0.738250634365,25.));
#9224 = VECTOR('',#9225,1.);
#9225 = DIRECTION('',(-0.,-0.,-1.));
#9226 = ORIENTED_EDGE('',*,*,#9227,.T.);
#9227 = EDGE_CURVE('',#9220,#9168,#9228,.T.);
#9228 = B_SPLINE_CURVE_WITH_KNOTS('',2,(#9229,#9230,#9231),
  .UNSPECIFIED.,.F.,.F.,(3,3),(0.,1.),.PIECEWISE_BEZIER_KNOTS.);
#9229 = CARTESIAN_POINT('',(5.529811707269,-0.738250634365,23.));
#9230 = CARTESIAN_POINT('',(5.394950396029,-0.384774409581,23.));
#9231 = CARTESIAN_POINT('',(5.394950396029,8.082357312829E-02,23.));
#9232 = ORIENTED_EDGE('',*,*,#9167,.F.);
#9233 = ORIENTED_EDGE('',*,*,#2562,.F.);
#9234 = SURFACE_OF_LINEAR_EXTRUSION('',#9235,#9239);
#9235 = B_SPLINE_CURVE_WITH_KNOTS('',2,(#9236,#9237,#9238),
  .UNSPECIFIED.,.F.,.F.,(3,3),(0.,1.),.PIECEWISE_BEZIER_KNOTS.);
#9236 = CARTESIAN_POINT('',(5.529811707269,-0.738250634365,25.));
#9237 = CARTESIAN_POINT('',(5.394950396029,-0.384774409581,25.));
#9238 = CARTESIAN_POINT('',(5.394950396029,8.082357312829E-02,25.));
#9239 = VECTOR('',#9240,1.);
#9240 = DIRECTION('',(0.,0.,1.));
#9241 = ADVANCED_FACE('',(#9242),#9260,.T.);
#9242 = FACE_BOUND('',#9243,.T.);
#9243 = EDGE_LOOP('',(#9244,#9245,#9253,#9259));
#9244 = ORIENTED_EDGE('',*,*,#9202,.T.);
#9245 = ORIENTED_EDGE('',*,*,#9246,.T.);
#9246 = EDGE_CURVE('',#9195,#9247,#9249,.T.);
#9247 = VERTEX_POINT('',#9248);
#9248 = CARTESIAN_POINT('',(8.635224171246,0.226266656702,23.));
#9249 = B_SPLINE_CURVE_WITH_KNOTS('',2,(#9250,#9251,#9252),
  .UNSPECIFIED.,.F.,.F.,(3,3),(0.,1.),.PIECEWISE_BEZIER_KNOTS.);
#9250 = CARTESIAN_POINT('',(8.521076116491,0.907102391572,23.));
#9251 = CARTESIAN_POINT('',(8.635224171246,0.609011613474,23.));
#9252 = CARTESIAN_POINT('',(8.635224171246,0.226266656702,23.));
#9253 = ORIENTED_EDGE('',*,*,#9254,.F.);
#9254 = EDGE_CURVE('',#2387,#9247,#9255,.T.);
#9255 = LINE('',#9256,#9257);
#9256 = CARTESIAN_POINT('',(8.635224171246,0.226266656702,25.));
#9257 = VECTOR('',#9258,1.);
#9258 = DIRECTION('',(-0.,-0.,-1.));
#9259 = ORIENTED_EDGE('',*,*,#2386,.F.);
#9260 = SURFACE_OF_LINEAR_EXTRUSION('',#9261,#9265);
#9261 = B_SPLINE_CURVE_WITH_KNOTS('',2,(#9262,#9263,#9264),
  .UNSPECIFIED.,.F.,.F.,(3,3),(0.,1.),.PIECEWISE_BEZIER_KNOTS.);
#9262 = CARTESIAN_POINT('',(8.521076116491,0.907102391572,25.));
#9263 = CARTESIAN_POINT('',(8.635224171246,0.609011613474,25.));
#9264 = CARTESIAN_POINT('',(8.635224171246,0.226266656702,25.));
#9265 = VECTOR('',#9266,1.);
#9266 = DIRECTION('',(0.,0.,1.));
#9267 = ADVANCED_FACE('',(#9268),#9286,.T.);
#9268 = FACE_BOUND('',#9269,.T.);
#9269 = EDGE_LOOP('',(#9270,#9278,#9284,#9285));
#9270 = ORIENTED_EDGE('',*,*,#9271,.T.);
#9271 = EDGE_CURVE('',#2547,#9272,#9274,.T.);
#9272 = VERTEX_POINT('',#9273);
#9273 = CARTESIAN_POINT('',(5.899723450785,-1.331505317362,23.));
#9274 = LINE('',#9275,#9276);
#9275 = CARTESIAN_POINT('',(5.899723450785,-1.331505317362,25.));
#9276 = VECTOR('',#9277,1.);
#9277 = DIRECTION('',(-0.,-0.,-1.));
#9278 = ORIENTED_EDGE('',*,*,#9279,.T.);
#9279 = EDGE_CURVE('',#9272,#9220,#9280,.T.);
#9280 = B_SPLINE_CURVE_WITH_KNOTS('',2,(#9281,#9282,#9283),
  .UNSPECIFIED.,.F.,.F.,(3,3),(0.,1.),.PIECEWISE_BEZIER_KNOTS.);
#9281 = CARTESIAN_POINT('',(5.899723450785,-1.331505317362,23.));
#9282 = CARTESIAN_POINT('',(5.664673018508,-1.091726859148,23.));
#9283 = CARTESIAN_POINT('',(5.529811707269,-0.738250634365,23.));
#9284 = ORIENTED_EDGE('',*,*,#9219,.F.);
#9285 = ORIENTED_EDGE('',*,*,#2554,.F.);
#9286 = SURFACE_OF_LINEAR_EXTRUSION('',#9287,#9291);
#9287 = B_SPLINE_CURVE_WITH_KNOTS('',2,(#9288,#9289,#9290),
  .UNSPECIFIED.,.F.,.F.,(3,3),(0.,1.),.PIECEWISE_BEZIER_KNOTS.);
#9288 = CARTESIAN_POINT('',(5.899723450785,-1.331505317362,25.));
#9289 = CARTESIAN_POINT('',(5.664673018508,-1.091726859148,25.));
#9290 = CARTESIAN_POINT('',(5.529811707269,-0.738250634365,25.));
#9291 = VECTOR('',#9292,1.);
#9292 = DIRECTION('',(0.,0.,1.));
#9293 = ADVANCED_FACE('',(#9294),#9312,.T.);
#9294 = FACE_BOUND('',#9295,.T.);
#9295 = EDGE_LOOP('',(#9296,#9297,#9305,#9311));
#9296 = ORIENTED_EDGE('',*,*,#9254,.T.);
#9297 = ORIENTED_EDGE('',*,*,#9298,.T.);
#9298 = EDGE_CURVE('',#9247,#9299,#9301,.T.);
#9299 = VERTEX_POINT('',#9300);
#9300 = CARTESIAN_POINT('',(8.626443551649,6.573891894962E-02,23.));
#9301 = B_SPLINE_CURVE_WITH_KNOTS('',2,(#9302,#9303,#9304),
  .UNSPECIFIED.,.F.,.F.,(3,3),(0.,1.),.PIECEWISE_BEZIER_KNOTS.);
#9302 = CARTESIAN_POINT('',(8.635224171246,0.226266656702,23.));
#9303 = CARTESIAN_POINT('',(8.635224171246,0.12967984114,23.));
#9304 = CARTESIAN_POINT('',(8.626443551649,6.573891894962E-02,23.));
#9305 = ORIENTED_EDGE('',*,*,#9306,.F.);
#9306 = EDGE_CURVE('',#2395,#9299,#9307,.T.);
#9307 = LINE('',#9308,#9309);
#9308 = CARTESIAN_POINT('',(8.626443551649,6.573891894962E-02,25.));
#9309 = VECTOR('',#9310,1.);
#9310 = DIRECTION('',(-0.,-0.,-1.));
#9311 = ORIENTED_EDGE('',*,*,#2394,.F.);
#9312 = SURFACE_OF_LINEAR_EXTRUSION('',#9313,#9317);
#9313 = B_SPLINE_CURVE_WITH_KNOTS('',2,(#9314,#9315,#9316),
  .UNSPECIFIED.,.F.,.F.,(3,3),(0.,1.),.PIECEWISE_BEZIER_KNOTS.);
#9314 = CARTESIAN_POINT('',(8.635224171246,0.226266656702,25.));
#9315 = CARTESIAN_POINT('',(8.635224171246,0.12967984114,25.));
#9316 = CARTESIAN_POINT('',(8.626443551649,6.573891894962E-02,25.));
#9317 = VECTOR('',#9318,1.);
#9318 = DIRECTION('',(0.,0.,1.));
#9319 = ADVANCED_FACE('',(#9320),#9338,.T.);
#9320 = FACE_BOUND('',#9321,.T.);
#9321 = EDGE_LOOP('',(#9322,#9330,#9336,#9337));
#9322 = ORIENTED_EDGE('',*,*,#9323,.T.);
#9323 = EDGE_CURVE('',#2539,#9324,#9326,.T.);
#9324 = VERTEX_POINT('',#9325);
#9325 = CARTESIAN_POINT('',(6.453127629459,-1.69353701765,23.));
#9326 = LINE('',#9327,#9328);
#9327 = CARTESIAN_POINT('',(6.453127629459,-1.69353701765,25.));
#9328 = VECTOR('',#9329,1.);
#9329 = DIRECTION('',(-0.,-0.,-1.));
#9330 = ORIENTED_EDGE('',*,*,#9331,.T.);
#9331 = EDGE_CURVE('',#9324,#9272,#9332,.T.);
#9332 = B_SPLINE_CURVE_WITH_KNOTS('',2,(#9333,#9334,#9335),
  .UNSPECIFIED.,.F.,.F.,(3,3),(0.,1.),.PIECEWISE_BEZIER_KNOTS.);
#9333 = CARTESIAN_POINT('',(6.453127629459,-1.69353701765,23.));
#9334 = CARTESIAN_POINT('',(6.134999027153,-1.571058631483,23.));
#9335 = CARTESIAN_POINT('',(5.899723450785,-1.331505317362,23.));
#9336 = ORIENTED_EDGE('',*,*,#9271,.F.);
#9337 = ORIENTED_EDGE('',*,*,#2546,.F.);
#9338 = SURFACE_OF_LINEAR_EXTRUSION('',#9339,#9343);
#9339 = B_SPLINE_CURVE_WITH_KNOTS('',2,(#9340,#9341,#9342),
  .UNSPECIFIED.,.F.,.F.,(3,3),(0.,1.),.PIECEWISE_BEZIER_KNOTS.);
#9340 = CARTESIAN_POINT('',(6.453127629459,-1.69353701765,25.));
#9341 = CARTESIAN_POINT('',(6.134999027153,-1.571058631483,25.));
#9342 = CARTESIAN_POINT('',(5.899723450785,-1.331505317362,25.));
#9343 = VECTOR('',#9344,1.);
#9344 = DIRECTION('',(0.,0.,1.));
#9345 = ADVANCED_FACE('',(#9346),#9364,.T.);
#9346 = FACE_BOUND('',#9347,.T.);
#9347 = EDGE_LOOP('',(#9348,#9349,#9357,#9363));
#9348 = ORIENTED_EDGE('',*,*,#9306,.T.);
#9349 = ORIENTED_EDGE('',*,*,#9350,.T.);
#9350 = EDGE_CURVE('',#9299,#9351,#9353,.T.);
#9351 = VERTEX_POINT('',#9352);
#9352 = CARTESIAN_POINT('',(8.595373666923,-3.422505799563E-02,23.));
#9353 = B_SPLINE_CURVE_WITH_KNOTS('',2,(#9354,#9355,#9356),
  .UNSPECIFIED.,.F.,.F.,(3,3),(0.,1.),.PIECEWISE_BEZIER_KNOTS.);
#9354 = CARTESIAN_POINT('',(8.626443551649,6.573891894962E-02,23.));
#9355 = CARTESIAN_POINT('',(8.617888076145,2.023140851636E-03,23.));
#9356 = CARTESIAN_POINT('',(8.595373666923,-3.422505799563E-02,23.));
#9357 = ORIENTED_EDGE('',*,*,#9358,.F.);
#9358 = EDGE_CURVE('',#2403,#9351,#9359,.T.);
#9359 = LINE('',#9360,#9361);
#9360 = CARTESIAN_POINT('',(8.595373666923,-3.422505799563E-02,25.));
#9361 = VECTOR('',#9362,1.);
#9362 = DIRECTION('',(-0.,-0.,-1.));
#9363 = ORIENTED_EDGE('',*,*,#2402,.F.);
#9364 = SURFACE_OF_LINEAR_EXTRUSION('',#9365,#9369);
#9365 = B_SPLINE_CURVE_WITH_KNOTS('',2,(#9366,#9367,#9368),
  .UNSPECIFIED.,.F.,.F.,(3,3),(0.,1.),.PIECEWISE_BEZIER_KNOTS.);
#9366 = CARTESIAN_POINT('',(8.626443551649,6.573891894962E-02,25.));
#9367 = CARTESIAN_POINT('',(8.617888076145,2.023140851636E-03,25.));
#9368 = CARTESIAN_POINT('',(8.595373666923,-3.422505799563E-02,25.));
#9369 = VECTOR('',#9370,1.);
#9370 = DIRECTION('',(0.,0.,1.));
#9371 = ADVANCED_FACE('',(#9372),#9390,.T.);
#9372 = FACE_BOUND('',#9373,.T.);
#9373 = EDGE_LOOP('',(#9374,#9382,#9388,#9389));
#9374 = ORIENTED_EDGE('',*,*,#9375,.T.);
#9375 = EDGE_CURVE('',#2531,#9376,#9378,.T.);
#9376 = VERTEX_POINT('',#9377);
#9377 = CARTESIAN_POINT('',(7.14116797528,-1.816015403817,23.));
#9378 = LINE('',#9379,#9380);
#9379 = CARTESIAN_POINT('',(7.14116797528,-1.816015403817,25.));
#9380 = VECTOR('',#9381,1.);
#9381 = DIRECTION('',(-0.,-0.,-1.));
#9382 = ORIENTED_EDGE('',*,*,#9383,.T.);
#9383 = EDGE_CURVE('',#9376,#9324,#9384,.T.);
#9384 = B_SPLINE_CURVE_WITH_KNOTS('',2,(#9385,#9386,#9387),
  .UNSPECIFIED.,.F.,.F.,(3,3),(0.,1.),.PIECEWISE_BEZIER_KNOTS.);
#9385 = CARTESIAN_POINT('',(7.14116797528,-1.816015403817,23.));
#9386 = CARTESIAN_POINT('',(6.771256231764,-1.816015403817,23.));
#9387 = CARTESIAN_POINT('',(6.453127629459,-1.69353701765,23.));
#9388 = ORIENTED_EDGE('',*,*,#9323,.F.);
#9389 = ORIENTED_EDGE('',*,*,#2538,.F.);
#9390 = SURFACE_OF_LINEAR_EXTRUSION('',#9391,#9395);
#9391 = B_SPLINE_CURVE_WITH_KNOTS('',2,(#9392,#9393,#9394),
  .UNSPECIFIED.,.F.,.F.,(3,3),(0.,1.),.PIECEWISE_BEZIER_KNOTS.);
#9392 = CARTESIAN_POINT('',(7.14116797528,-1.816015403817,25.));
#9393 = CARTESIAN_POINT('',(6.771256231764,-1.816015403817,25.));
#9394 = CARTESIAN_POINT('',(6.453127629459,-1.69353701765,25.));
#9395 = VECTOR('',#9396,1.);
#9396 = DIRECTION('',(0.,0.,1.));
#9397 = ADVANCED_FACE('',(#9398),#9416,.T.);
#9398 = FACE_BOUND('',#9399,.T.);
#9399 = EDGE_LOOP('',(#9400,#9401,#9409,#9415));
#9400 = ORIENTED_EDGE('',*,*,#9358,.T.);
#9401 = ORIENTED_EDGE('',*,*,#9402,.T.);
#9402 = EDGE_CURVE('',#9351,#9403,#9405,.T.);
#9403 = VERTEX_POINT('',#9404);
#9404 = CARTESIAN_POINT('',(8.535035050208,-8.578305511378E-02,23.));
#9405 = B_SPLINE_CURVE_WITH_KNOTS('',2,(#9406,#9407,#9408),
  .UNSPECIFIED.,.F.,.F.,(3,3),(0.,1.),.PIECEWISE_BEZIER_KNOTS.);
#9406 = CARTESIAN_POINT('',(8.595373666923,-3.422505799563E-02,23.));
#9407 = CARTESIAN_POINT('',(8.573084401793,-7.024811275067E-02,23.));
#9408 = CARTESIAN_POINT('',(8.535035050208,-8.578305511378E-02,23.));
#9409 = ORIENTED_EDGE('',*,*,#9410,.F.);
#9410 = EDGE_CURVE('',#2411,#9403,#9411,.T.);
#9411 = LINE('',#9412,#9413);
#9412 = CARTESIAN_POINT('',(8.535035050208,-8.578305511378E-02,25.));
#9413 = VECTOR('',#9414,1.);
#9414 = DIRECTION('',(-0.,-0.,-1.));
#9415 = ORIENTED_EDGE('',*,*,#2410,.F.);
#9416 = SURFACE_OF_LINEAR_EXTRUSION('',#9417,#9421);
#9417 = B_SPLINE_CURVE_WITH_KNOTS('',2,(#9418,#9419,#9420),
  .UNSPECIFIED.,.F.,.F.,(3,3),(0.,1.),.PIECEWISE_BEZIER_KNOTS.);
#9418 = CARTESIAN_POINT('',(8.595373666923,-3.422505799563E-02,25.));
#9419 = CARTESIAN_POINT('',(8.573084401793,-7.024811275067E-02,25.));
#9420 = CARTESIAN_POINT('',(8.535035050208,-8.578305511378E-02,25.));
#9421 = VECTOR('',#9422,1.);
#9422 = DIRECTION('',(0.,0.,1.));
#9423 = ADVANCED_FACE('',(#9424),#9442,.T.);
#9424 = FACE_BOUND('',#9425,.T.);
#9425 = EDGE_LOOP('',(#9426,#9434,#9440,#9441));
#9426 = ORIENTED_EDGE('',*,*,#9427,.T.);
#9427 = EDGE_CURVE('',#2523,#9428,#9430,.T.);
#9428 = VERTEX_POINT('',#9429);
#9429 = CARTESIAN_POINT('',(7.526839805251,-1.788772968658,23.));
#9430 = LINE('',#9431,#9432);
#9431 = CARTESIAN_POINT('',(7.526839805251,-1.788772968658,25.));
#9432 = VECTOR('',#9433,1.);
#9433 = DIRECTION('',(-0.,-0.,-1.));
#9434 = ORIENTED_EDGE('',*,*,#9435,.T.);
#9435 = EDGE_CURVE('',#9428,#9376,#9436,.T.);
#9436 = B_SPLINE_CURVE_WITH_KNOTS('',2,(#9437,#9438,#9439),
  .UNSPECIFIED.,.F.,.F.,(3,3),(0.,1.),.PIECEWISE_BEZIER_KNOTS.);
#9437 = CARTESIAN_POINT('',(7.526839805251,-1.788772968658,23.));
#9438 = CARTESIAN_POINT('',(7.328037571822,-1.816015403817,23.));
#9439 = CARTESIAN_POINT('',(7.14116797528,-1.816015403817,23.));
#9440 = ORIENTED_EDGE('',*,*,#9375,.F.);
#9441 = ORIENTED_EDGE('',*,*,#2530,.F.);
#9442 = SURFACE_OF_LINEAR_EXTRUSION('',#9443,#9447);
#9443 = B_SPLINE_CURVE_WITH_KNOTS('',2,(#9444,#9445,#9446),
  .UNSPECIFIED.,.F.,.F.,(3,3),(0.,1.),.PIECEWISE_BEZIER_KNOTS.);
#9444 = CARTESIAN_POINT('',(7.526839805251,-1.788772968658,25.));
#9445 = CARTESIAN_POINT('',(7.328037571822,-1.816015403817,25.));
#9446 = CARTESIAN_POINT('',(7.14116797528,-1.816015403817,25.));
#9447 = VECTOR('',#9448,1.);
#9448 = DIRECTION('',(0.,0.,1.));
#9449 = ADVANCED_FACE('',(#9450),#9468,.T.);
#9450 = FACE_BOUND('',#9451,.T.);
#9451 = EDGE_LOOP('',(#9452,#9453,#9461,#9467));
#9452 = ORIENTED_EDGE('',*,*,#9410,.T.);
#9453 = ORIENTED_EDGE('',*,*,#9454,.T.);
#9454 = EDGE_CURVE('',#9403,#9455,#9457,.T.);
#9455 = VERTEX_POINT('',#9456);
#9456 = CARTESIAN_POINT('',(8.437997946462,-0.101317997477,23.));
#9457 = B_SPLINE_CURVE_WITH_KNOTS('',2,(#9458,#9459,#9460),
  .UNSPECIFIED.,.F.,.F.,(3,3),(0.,1.),.PIECEWISE_BEZIER_KNOTS.);
#9458 = CARTESIAN_POINT('',(8.535035050208,-8.578305511378E-02,23.));
#9459 = CARTESIAN_POINT('',(8.496985698623,-0.101317997477,23.));
#9460 = CARTESIAN_POINT('',(8.437997946462,-0.101317997477,23.));
#9461 = ORIENTED_EDGE('',*,*,#9462,.F.);
#9462 = EDGE_CURVE('',#2419,#9455,#9463,.T.);
#9463 = LINE('',#9464,#9465);
#9464 = CARTESIAN_POINT('',(8.437997946462,-0.101317997477,25.));
#9465 = VECTOR('',#9466,1.);
#9466 = DIRECTION('',(-0.,-0.,-1.));
#9467 = ORIENTED_EDGE('',*,*,#2418,.F.);
#9468 = SURFACE_OF_LINEAR_EXTRUSION('',#9469,#9473);
#9469 = B_SPLINE_CURVE_WITH_KNOTS('',2,(#9470,#9471,#9472),
  .UNSPECIFIED.,.F.,.F.,(3,3),(0.,1.),.PIECEWISE_BEZIER_KNOTS.);
#9470 = CARTESIAN_POINT('',(8.535035050208,-8.578305511378E-02,25.));
#9471 = CARTESIAN_POINT('',(8.496985698623,-0.101317997477,25.));
#9472 = CARTESIAN_POINT('',(8.437997946462,-0.101317997477,25.));
#9473 = VECTOR('',#9474,1.);
#9474 = DIRECTION('',(0.,0.,1.));
#9475 = ADVANCED_FACE('',(#9476),#9494,.T.);
#9476 = FACE_BOUND('',#9477,.T.);
#9477 = EDGE_LOOP('',(#9478,#9486,#9492,#9493));
#9478 = ORIENTED_EDGE('',*,*,#9479,.T.);
#9479 = EDGE_CURVE('',#2515,#9480,#9482,.T.);
#9480 = VERTEX_POINT('',#9481);
#9481 = CARTESIAN_POINT('',(7.917464805251,-1.695113026295,23.));
#9482 = LINE('',#9483,#9484);
#9483 = CARTESIAN_POINT('',(7.917464805251,-1.695113026295,25.));
#9484 = VECTOR('',#9485,1.);
#9485 = DIRECTION('',(-0.,-0.,-1.));
#9486 = ORIENTED_EDGE('',*,*,#9487,.T.);
#9487 = EDGE_CURVE('',#9480,#9428,#9488,.T.);
#9488 = B_SPLINE_CURVE_WITH_KNOTS('',2,(#9489,#9490,#9491),
  .UNSPECIFIED.,.F.,.F.,(3,3),(0.,1.),.PIECEWISE_BEZIER_KNOTS.);
#9489 = CARTESIAN_POINT('',(7.917464805251,-1.695113026295,23.));
#9490 = CARTESIAN_POINT('',(7.725642038681,-1.7615305335,23.));
#9491 = CARTESIAN_POINT('',(7.526839805251,-1.788772968658,23.));
#9492 = ORIENTED_EDGE('',*,*,#9427,.F.);
#9493 = ORIENTED_EDGE('',*,*,#2522,.F.);
#9494 = SURFACE_OF_LINEAR_EXTRUSION('',#9495,#9499);
#9495 = B_SPLINE_CURVE_WITH_KNOTS('',2,(#9496,#9497,#9498),
  .UNSPECIFIED.,.F.,.F.,(3,3),(0.,1.),.PIECEWISE_BEZIER_KNOTS.);
#9496 = CARTESIAN_POINT('',(7.917464805251,-1.695113026295,25.));
#9497 = CARTESIAN_POINT('',(7.725642038681,-1.7615305335,25.));
#9498 = CARTESIAN_POINT('',(7.526839805251,-1.788772968658,25.));
#9499 = VECTOR('',#9500,1.);
#9500 = DIRECTION('',(0.,0.,1.));
#9501 = ADVANCED_FACE('',(#9502),#9520,.T.);
#9502 = FACE_BOUND('',#9503,.T.);
#9503 = EDGE_LOOP('',(#9504,#9505,#9513,#9519));
#9504 = ORIENTED_EDGE('',*,*,#9462,.T.);
#9505 = ORIENTED_EDGE('',*,*,#9506,.T.);
#9506 = EDGE_CURVE('',#9455,#9507,#9509,.T.);
#9507 = VERTEX_POINT('',#9508);
#9508 = CARTESIAN_POINT('',(6.245544776433,-0.101317997477,23.));
#9509 = LINE('',#9510,#9511);
#9510 = CARTESIAN_POINT('',(8.437997946462,-0.101317997477,23.));
#9511 = VECTOR('',#9512,1.);
#9512 = DIRECTION('',(-1.,0.,0.));
#9513 = ORIENTED_EDGE('',*,*,#9514,.F.);
#9514 = EDGE_CURVE('',#2427,#9507,#9515,.T.);
#9515 = LINE('',#9516,#9517);
#9516 = CARTESIAN_POINT('',(6.245544776433,-0.101317997477,25.));
#9517 = VECTOR('',#9518,1.);
#9518 = DIRECTION('',(-0.,-0.,-1.));
#9519 = ORIENTED_EDGE('',*,*,#2426,.F.);
#9520 = PLANE('',#9521);
#9521 = AXIS2_PLACEMENT_3D('',#9522,#9523,#9524);
#9522 = CARTESIAN_POINT('',(8.437997946462,-0.101317997477,25.));
#9523 = DIRECTION('',(0.,1.,0.));
#9524 = DIRECTION('',(-1.,0.,0.));
#9525 = ADVANCED_FACE('',(#9526),#9544,.T.);
#9526 = FACE_BOUND('',#9527,.T.);
#9527 = EDGE_LOOP('',(#9528,#9536,#9542,#9543));
#9528 = ORIENTED_EDGE('',*,*,#9529,.T.);
#9529 = EDGE_CURVE('',#2507,#9530,#9532,.T.);
#9530 = VERTEX_POINT('',#9531);
#9531 = CARTESIAN_POINT('',(8.285800540122,-1.518149769811,23.));
#9532 = LINE('',#9533,#9534);
#9533 = CARTESIAN_POINT('',(8.285800540122,-1.518149769811,25.));
#9534 = VECTOR('',#9535,1.);
#9535 = DIRECTION('',(-0.,-0.,-1.));
#9536 = ORIENTED_EDGE('',*,*,#9537,.T.);
#9537 = EDGE_CURVE('',#9530,#9480,#9538,.T.);
#9538 = B_SPLINE_CURVE_WITH_KNOTS('',2,(#9539,#9540,#9541),
  .UNSPECIFIED.,.F.,.F.,(3,3),(0.,1.),.PIECEWISE_BEZIER_KNOTS.);
#9539 = CARTESIAN_POINT('',(8.285800540122,-1.518149769811,23.));
#9540 = CARTESIAN_POINT('',(8.109512715914,-1.628695519091,23.));
#9541 = CARTESIAN_POINT('',(7.917464805251,-1.695113026295,23.));
#9542 = ORIENTED_EDGE('',*,*,#9479,.F.);
#9543 = ORIENTED_EDGE('',*,*,#2514,.F.);
#9544 = SURFACE_OF_LINEAR_EXTRUSION('',#9545,#9549);
#9545 = B_SPLINE_CURVE_WITH_KNOTS('',2,(#9546,#9547,#9548),
  .UNSPECIFIED.,.F.,.F.,(3,3),(0.,1.),.PIECEWISE_BEZIER_KNOTS.);
#9546 = CARTESIAN_POINT('',(8.285800540122,-1.518149769811,25.));
#9547 = CARTESIAN_POINT('',(8.109512715914,-1.628695519091,25.));
#9548 = CARTESIAN_POINT('',(7.917464805251,-1.695113026295,25.));
#9549 = VECTOR('',#9550,1.);
#9550 = DIRECTION('',(0.,0.,1.));
#9551 = ADVANCED_FACE('',(#9552),#9570,.T.);
#9552 = FACE_BOUND('',#9553,.T.);
#9553 = EDGE_LOOP('',(#9554,#9555,#9563,#9569));
#9554 = ORIENTED_EDGE('',*,*,#9514,.T.);
#9555 = ORIENTED_EDGE('',*,*,#9556,.T.);
#9556 = EDGE_CURVE('',#9507,#9557,#9559,.T.);
#9557 = VERTEX_POINT('',#9558);
#9558 = CARTESIAN_POINT('',(6.539357816779,-0.905982983068,23.));
#9559 = B_SPLINE_CURVE_WITH_KNOTS('',2,(#9560,#9561,#9562),
  .UNSPECIFIED.,.F.,.F.,(3,3),(0.,1.),.PIECEWISE_BEZIER_KNOTS.);
#9560 = CARTESIAN_POINT('',(6.245544776433,-0.101317997477,23.));
#9561 = CARTESIAN_POINT('',(6.283594128018,-0.649318717938,23.));
#9562 = CARTESIAN_POINT('',(6.539357816779,-0.905982983068,23.));
#9563 = ORIENTED_EDGE('',*,*,#9564,.F.);
#9564 = EDGE_CURVE('',#2435,#9557,#9565,.T.);
#9565 = LINE('',#9566,#9567);
#9566 = CARTESIAN_POINT('',(6.539357816779,-0.905982983068,25.));
#9567 = VECTOR('',#9568,1.);
#9568 = DIRECTION('',(-0.,-0.,-1.));
#9569 = ORIENTED_EDGE('',*,*,#2434,.F.);
#9570 = SURFACE_OF_LINEAR_EXTRUSION('',#9571,#9575);
#9571 = B_SPLINE_CURVE_WITH_KNOTS('',2,(#9572,#9573,#9574),
  .UNSPECIFIED.,.F.,.F.,(3,3),(0.,1.),.PIECEWISE_BEZIER_KNOTS.);
#9572 = CARTESIAN_POINT('',(6.245544776433,-0.101317997477,25.));
#9573 = CARTESIAN_POINT('',(6.283594128018,-0.649318717938,25.));
#9574 = CARTESIAN_POINT('',(6.539357816779,-0.905982983068,25.));
#9575 = VECTOR('',#9576,1.);
#9576 = DIRECTION('',(0.,0.,1.));
#9577 = ADVANCED_FACE('',(#9578),#9596,.T.);
#9578 = FACE_BOUND('',#9579,.T.);
#9579 = EDGE_LOOP('',(#9580,#9588,#9594,#9595));
#9580 = ORIENTED_EDGE('',*,*,#9581,.T.);
#9581 = EDGE_CURVE('',#2499,#9582,#9584,.T.);
#9582 = VERTEX_POINT('',#9583);
#9583 = CARTESIAN_POINT('',(8.604154286519,-1.244149409581,23.));
#9584 = LINE('',#9585,#9586);
#9585 = CARTESIAN_POINT('',(8.604154286519,-1.244149409581,25.));
#9586 = VECTOR('',#9587,1.);
#9587 = DIRECTION('',(-0.,-0.,-1.));
#9588 = ORIENTED_EDGE('',*,*,#9589,.T.);
#9589 = EDGE_CURVE('',#9582,#9530,#9590,.T.);
#9590 = B_SPLINE_CURVE_WITH_KNOTS('',2,(#9591,#9592,#9593),
  .UNSPECIFIED.,.F.,.F.,(3,3),(0.,1.),.PIECEWISE_BEZIER_KNOTS.);
#9591 = CARTESIAN_POINT('',(8.604154286519,-1.244149409581,23.));
#9592 = CARTESIAN_POINT('',(8.462313508421,-1.407604020532,23.));
#9593 = CARTESIAN_POINT('',(8.285800540122,-1.518149769811,23.));
#9594 = ORIENTED_EDGE('',*,*,#9529,.F.);
#9595 = ORIENTED_EDGE('',*,*,#2506,.F.);
#9596 = SURFACE_OF_LINEAR_EXTRUSION('',#9597,#9601);
#9597 = B_SPLINE_CURVE_WITH_KNOTS('',2,(#9598,#9599,#9600),
  .UNSPECIFIED.,.F.,.F.,(3,3),(0.,1.),.PIECEWISE_BEZIER_KNOTS.);
#9598 = CARTESIAN_POINT('',(8.604154286519,-1.244149409581,25.));
#9599 = CARTESIAN_POINT('',(8.462313508421,-1.407604020532,25.));
#9600 = CARTESIAN_POINT('',(8.285800540122,-1.518149769811,25.));
#9601 = VECTOR('',#9602,1.);
#9602 = DIRECTION('',(0.,0.,1.));
#9603 = ADVANCED_FACE('',(#9604),#9622,.T.);
#9604 = FACE_BOUND('',#9605,.T.);
#9605 = EDGE_LOOP('',(#9606,#9607,#9615,#9621));
#9606 = ORIENTED_EDGE('',*,*,#9564,.T.);
#9607 = ORIENTED_EDGE('',*,*,#9608,.T.);
#9608 = EDGE_CURVE('',#9557,#9609,#9611,.T.);
#9609 = VERTEX_POINT('',#9610);
#9610 = CARTESIAN_POINT('',(7.21726667845,-1.162422104105,23.));
#9611 = B_SPLINE_CURVE_WITH_KNOTS('',2,(#9612,#9613,#9614),
  .UNSPECIFIED.,.F.,.F.,(3,3),(0.,1.),.PIECEWISE_BEZIER_KNOTS.);
#9612 = CARTESIAN_POINT('',(6.539357816779,-0.905982983068,23.));
#9613 = CARTESIAN_POINT('',(6.795346649632,-1.162422104105,23.));
#9614 = CARTESIAN_POINT('',(7.21726667845,-1.162422104105,23.));
#9615 = ORIENTED_EDGE('',*,*,#9616,.F.);
#9616 = EDGE_CURVE('',#2443,#9609,#9617,.T.);
#9617 = LINE('',#9618,#9619);
#9618 = CARTESIAN_POINT('',(7.21726667845,-1.162422104105,25.));
#9619 = VECTOR('',#9620,1.);
#9620 = DIRECTION('',(-0.,-0.,-1.));
#9621 = ORIENTED_EDGE('',*,*,#2442,.F.);
#9622 = SURFACE_OF_LINEAR_EXTRUSION('',#9623,#9627);
#9623 = B_SPLINE_CURVE_WITH_KNOTS('',2,(#9624,#9625,#9626),
  .UNSPECIFIED.,.F.,.F.,(3,3),(0.,1.),.PIECEWISE_BEZIER_KNOTS.);
#9624 = CARTESIAN_POINT('',(6.539357816779,-0.905982983068,25.));
#9625 = CARTESIAN_POINT('',(6.795346649632,-1.162422104105,25.));
#9626 = CARTESIAN_POINT('',(7.21726667845,-1.162422104105,25.));
#9627 = VECTOR('',#9628,1.);
#9628 = DIRECTION('',(0.,0.,1.));
#9629 = ADVANCED_FACE('',(#9630),#9648,.T.);
#9630 = FACE_BOUND('',#9631,.T.);
#9631 = EDGE_LOOP('',(#9632,#9640,#9646,#9647));
#9632 = ORIENTED_EDGE('',*,*,#9633,.T.);
#9633 = EDGE_CURVE('',#2491,#9634,#9636,.T.);
#9634 = VERTEX_POINT('',#9635);
#9635 = CARTESIAN_POINT('',(8.355144920525,-0.93052368912,23.));
#9636 = LINE('',#9637,#9638);
#9637 = CARTESIAN_POINT('',(8.355144920525,-0.93052368912,25.));
#9638 = VECTOR('',#9639,1.);
#9639 = DIRECTION('',(-0.,-0.,-1.));
#9640 = ORIENTED_EDGE('',*,*,#9641,.T.);
#9641 = EDGE_CURVE('',#9634,#9582,#9642,.T.);
#9642 = LINE('',#9643,#9644);
#9643 = CARTESIAN_POINT('',(8.355144920525,-0.93052368912,23.));
#9644 = VECTOR('',#9645,1.);
#9645 = DIRECTION('',(0.621811155655,-0.783167215033,0.));
#9646 = ORIENTED_EDGE('',*,*,#9581,.F.);
#9647 = ORIENTED_EDGE('',*,*,#2498,.F.);
#9648 = PLANE('',#9649);
#9649 = AXIS2_PLACEMENT_3D('',#9650,#9651,#9652);
#9650 = CARTESIAN_POINT('',(8.355144920525,-0.93052368912,25.));
#9651 = DIRECTION('',(-0.783167215033,-0.621811155655,0.));
#9652 = DIRECTION('',(0.621811155655,-0.783167215033,0.));
#9653 = ADVANCED_FACE('',(#9654),#9672,.T.);
#9654 = FACE_BOUND('',#9655,.T.);
#9655 = EDGE_LOOP('',(#9656,#9657,#9665,#9671));
#9656 = ORIENTED_EDGE('',*,*,#9616,.T.);
#9657 = ORIENTED_EDGE('',*,*,#9658,.T.);
#9658 = EDGE_CURVE('',#9609,#9659,#9661,.T.);
#9659 = VERTEX_POINT('',#9660);
#9660 = CARTESIAN_POINT('',(7.575245785078,-1.114016124278,23.));
#9661 = B_SPLINE_CURVE_WITH_KNOTS('',2,(#9662,#9663,#9664),
  .UNSPECIFIED.,.F.,.F.,(3,3),(0.,1.),.PIECEWISE_BEZIER_KNOTS.);
#9662 = CARTESIAN_POINT('',(7.21726667845,-1.162422104105,23.));
#9663 = CARTESIAN_POINT('',(7.424849531476,-1.162422104105,23.));
#9664 = CARTESIAN_POINT('',(7.575245785078,-1.114016124278,23.));
#9665 = ORIENTED_EDGE('',*,*,#9666,.F.);
#9666 = EDGE_CURVE('',#2451,#9659,#9667,.T.);
#9667 = LINE('',#9668,#9669);
#9668 = CARTESIAN_POINT('',(7.575245785078,-1.114016124278,25.));
#9669 = VECTOR('',#9670,1.);
#9670 = DIRECTION('',(-0.,-0.,-1.));
#9671 = ORIENTED_EDGE('',*,*,#2450,.F.);
#9672 = SURFACE_OF_LINEAR_EXTRUSION('',#9673,#9677);
#9673 = B_SPLINE_CURVE_WITH_KNOTS('',2,(#9674,#9675,#9676),
  .UNSPECIFIED.,.F.,.F.,(3,3),(0.,1.),.PIECEWISE_BEZIER_KNOTS.);
#9674 = CARTESIAN_POINT('',(7.21726667845,-1.162422104105,25.));
#9675 = CARTESIAN_POINT('',(7.424849531476,-1.162422104105,25.));
#9676 = CARTESIAN_POINT('',(7.575245785078,-1.114016124278,25.));
#9677 = VECTOR('',#9678,1.);
#9678 = DIRECTION('',(0.,0.,1.));
#9679 = ADVANCED_FACE('',(#9680),#9698,.T.);
#9680 = FACE_BOUND('',#9681,.T.);
#9681 = EDGE_LOOP('',(#9682,#9690,#9696,#9697));
#9682 = ORIENTED_EDGE('',*,*,#9683,.T.);
#9683 = EDGE_CURVE('',#2483,#9684,#9686,.T.);
#9684 = VERTEX_POINT('',#9685);
#9685 = CARTESIAN_POINT('',(8.289402845597,-0.871310792866,23.));
#9686 = LINE('',#9687,#9688);
#9687 = CARTESIAN_POINT('',(8.289402845597,-0.871310792866,25.));
#9688 = VECTOR('',#9689,1.);
#9689 = DIRECTION('',(-0.,-0.,-1.));
#9690 = ORIENTED_EDGE('',*,*,#9691,.T.);
#9691 = EDGE_CURVE('',#9684,#9634,#9692,.T.);
#9692 = B_SPLINE_CURVE_WITH_KNOTS('',2,(#9693,#9694,#9695),
  .UNSPECIFIED.,.F.,.F.,(3,3),(0.,1.),.PIECEWISE_BEZIER_KNOTS.);
#9693 = CARTESIAN_POINT('',(8.289402845597,-0.871310792866,23.));
#9694 = CARTESIAN_POINT('',(8.327452197182,-0.892249193442,23.));
#9695 = CARTESIAN_POINT('',(8.355144920525,-0.93052368912,23.));
#9696 = ORIENTED_EDGE('',*,*,#9633,.F.);
#9697 = ORIENTED_EDGE('',*,*,#2490,.F.);
#9698 = SURFACE_OF_LINEAR_EXTRUSION('',#9699,#9703);
#9699 = B_SPLINE_CURVE_WITH_KNOTS('',2,(#9700,#9701,#9702),
  .UNSPECIFIED.,.F.,.F.,(3,3),(0.,1.),.PIECEWISE_BEZIER_KNOTS.);
#9700 = CARTESIAN_POINT('',(8.289402845597,-0.871310792866,25.));
#9701 = CARTESIAN_POINT('',(8.327452197182,-0.892249193442,25.));
#9702 = CARTESIAN_POINT('',(8.355144920525,-0.93052368912,25.));
#9703 = VECTOR('',#9704,1.);
#9704 = DIRECTION('',(0.,0.,1.));
#9705 = ADVANCED_FACE('',(#9706),#9724,.T.);
#9706 = FACE_BOUND('',#9707,.T.);
#9707 = EDGE_LOOP('',(#9708,#9709,#9717,#9723));
#9708 = ORIENTED_EDGE('',*,*,#9666,.T.);
#9709 = ORIENTED_EDGE('',*,*,#9710,.T.);
#9710 = EDGE_CURVE('',#9659,#9711,#9713,.T.);
#9711 = VERTEX_POINT('',#9712);
#9712 = CARTESIAN_POINT('',(7.837988940698,-1.006397248197,23.));
#9713 = B_SPLINE_CURVE_WITH_KNOTS('',2,(#9714,#9715,#9716),
  .UNSPECIFIED.,.F.,.F.,(3,3),(0.,1.),.PIECEWISE_BEZIER_KNOTS.);
#9714 = CARTESIAN_POINT('',(7.575245785078,-1.114016124278,23.));
#9715 = CARTESIAN_POINT('',(7.725642038681,-1.065385000359,23.));
#9716 = CARTESIAN_POINT('',(7.837988940698,-1.006397248197,23.));
#9717 = ORIENTED_EDGE('',*,*,#9718,.F.);
#9718 = EDGE_CURVE('',#2459,#9711,#9719,.T.);
#9719 = LINE('',#9720,#9721);
#9720 = CARTESIAN_POINT('',(7.837988940698,-1.006397248197,25.));
#9721 = VECTOR('',#9722,1.);
#9722 = DIRECTION('',(-0.,-0.,-1.));
#9723 = ORIENTED_EDGE('',*,*,#2458,.F.);
#9724 = SURFACE_OF_LINEAR_EXTRUSION('',#9725,#9729);
#9725 = B_SPLINE_CURVE_WITH_KNOTS('',2,(#9726,#9727,#9728),
  .UNSPECIFIED.,.F.,.F.,(3,3),(0.,1.),.PIECEWISE_BEZIER_KNOTS.);
#9726 = CARTESIAN_POINT('',(7.575245785078,-1.114016124278,25.));
#9727 = CARTESIAN_POINT('',(7.725642038681,-1.065385000359,25.));
#9728 = CARTESIAN_POINT('',(7.837988940698,-1.006397248197,25.));
#9729 = VECTOR('',#9730,1.);
#9730 = DIRECTION('',(0.,0.,1.));
#9731 = ADVANCED_FACE('',(#9732),#9750,.T.);
#9732 = FACE_BOUND('',#9733,.T.);
#9733 = EDGE_LOOP('',(#9734,#9742,#9748,#9749));
#9734 = ORIENTED_EDGE('',*,*,#9735,.T.);
#9735 = EDGE_CURVE('',#2475,#9736,#9738,.T.);
#9736 = VERTEX_POINT('',#9737);
#9737 = CARTESIAN_POINT('',(8.199570352802,-0.85037239229,23.));
#9738 = LINE('',#9739,#9740);
#9739 = CARTESIAN_POINT('',(8.199570352802,-0.85037239229,25.));
#9740 = VECTOR('',#9741,1.);
#9741 = DIRECTION('',(-0.,-0.,-1.));
#9742 = ORIENTED_EDGE('',*,*,#9743,.T.);
#9743 = EDGE_CURVE('',#9736,#9684,#9744,.T.);
#9744 = B_SPLINE_CURVE_WITH_KNOTS('',2,(#9745,#9746,#9747),
  .UNSPECIFIED.,.F.,.F.,(3,3),(0.,1.),.PIECEWISE_BEZIER_KNOTS.);
#9745 = CARTESIAN_POINT('',(8.199570352802,-0.85037239229,23.));
#9746 = CARTESIAN_POINT('',(8.251353494012,-0.85037239229,23.));
#9747 = CARTESIAN_POINT('',(8.289402845597,-0.871310792866,23.));
#9748 = ORIENTED_EDGE('',*,*,#9683,.F.);
#9749 = ORIENTED_EDGE('',*,*,#2482,.F.);
#9750 = SURFACE_OF_LINEAR_EXTRUSION('',#9751,#9755);
#9751 = B_SPLINE_CURVE_WITH_KNOTS('',2,(#9752,#9753,#9754),
  .UNSPECIFIED.,.F.,.F.,(3,3),(0.,1.),.PIECEWISE_BEZIER_KNOTS.);
#9752 = CARTESIAN_POINT('',(8.199570352802,-0.85037239229,25.));
#9753 = CARTESIAN_POINT('',(8.251353494012,-0.85037239229,25.));
#9754 = CARTESIAN_POINT('',(8.289402845597,-0.871310792866,25.));
#9755 = VECTOR('',#9756,1.);
#9756 = DIRECTION('',(0.,0.,1.));
#9757 = ADVANCED_FACE('',(#9758),#9776,.T.);
#9758 = FACE_BOUND('',#9759,.T.);
#9759 = EDGE_LOOP('',(#9760,#9761,#9769,#9775));
#9760 = ORIENTED_EDGE('',*,*,#9718,.T.);
#9761 = ORIENTED_EDGE('',*,*,#9762,.T.);
#9762 = EDGE_CURVE('',#9711,#9763,#9765,.T.);
#9763 = VERTEX_POINT('',#9764);
#9764 = CARTESIAN_POINT('',(8.035215165482,-0.899003516209,23.));
#9765 = B_SPLINE_CURVE_WITH_KNOTS('',2,(#9766,#9767,#9768),
  .UNSPECIFIED.,.F.,.F.,(3,3),(0.,1.),.PIECEWISE_BEZIER_KNOTS.);
#9766 = CARTESIAN_POINT('',(7.837988940698,-1.006397248197,23.));
#9767 = CARTESIAN_POINT('',(7.950560986808,-0.947409496036,23.));
#9768 = CARTESIAN_POINT('',(8.035215165482,-0.899003516209,23.));
#9769 = ORIENTED_EDGE('',*,*,#9770,.F.);
#9770 = EDGE_CURVE('',#2467,#9763,#9771,.T.);
#9771 = LINE('',#9772,#9773);
#9772 = CARTESIAN_POINT('',(8.035215165482,-0.899003516209,25.));
#9773 = VECTOR('',#9774,1.);
#9774 = DIRECTION('',(-0.,-0.,-1.));
#9775 = ORIENTED_EDGE('',*,*,#2466,.F.);
#9776 = SURFACE_OF_LINEAR_EXTRUSION('',#9777,#9781);
#9777 = B_SPLINE_CURVE_WITH_KNOTS('',2,(#9778,#9779,#9780),
  .UNSPECIFIED.,.F.,.F.,(3,3),(0.,1.),.PIECEWISE_BEZIER_KNOTS.);
#9778 = CARTESIAN_POINT('',(7.837988940698,-1.006397248197,25.));
#9779 = CARTESIAN_POINT('',(7.950560986808,-0.947409496036,25.));
#9780 = CARTESIAN_POINT('',(8.035215165482,-0.899003516209,25.));
#9781 = VECTOR('',#9782,1.);
#9782 = DIRECTION('',(0.,0.,1.));
#9783 = ADVANCED_FACE('',(#9784),#9795,.T.);
#9784 = FACE_BOUND('',#9785,.T.);
#9785 = EDGE_LOOP('',(#9786,#9787,#9793,#9794));
#9786 = ORIENTED_EDGE('',*,*,#9770,.T.);
#9787 = ORIENTED_EDGE('',*,*,#9788,.T.);
#9788 = EDGE_CURVE('',#9763,#9736,#9789,.T.);
#9789 = B_SPLINE_CURVE_WITH_KNOTS('',2,(#9790,#9791,#9792),
  .UNSPECIFIED.,.F.,.F.,(3,3),(0.,1.),.PIECEWISE_BEZIER_KNOTS.);
#9790 = CARTESIAN_POINT('',(8.035215165482,-0.899003516209,23.));
#9791 = CARTESIAN_POINT('',(8.119869344156,-0.85037239229,23.));
#9792 = CARTESIAN_POINT('',(8.199570352802,-0.85037239229,23.));
#9793 = ORIENTED_EDGE('',*,*,#9735,.F.);
#9794 = ORIENTED_EDGE('',*,*,#2474,.F.);
#9795 = SURFACE_OF_LINEAR_EXTRUSION('',#9796,#9800);
#9796 = B_SPLINE_CURVE_WITH_KNOTS('',2,(#9797,#9798,#9799),
  .UNSPECIFIED.,.F.,.F.,(3,3),(0.,1.),.PIECEWISE_BEZIER_KNOTS.);
#9797 = CARTESIAN_POINT('',(8.035215165482,-0.899003516209,25.));
#9798 = CARTESIAN_POINT('',(8.119869344156,-0.85037239229,25.));
#9799 = CARTESIAN_POINT('',(8.199570352802,-0.85037239229,25.));
#9800 = VECTOR('',#9801,1.);
#9801 = DIRECTION('',(0.,0.,1.));
#9802 = ADVANCED_FACE('',(#9803),#9828,.T.);
#9803 = FACE_BOUND('',#9804,.T.);
#9804 = EDGE_LOOP('',(#9805,#9813,#9821,#9827));
#9805 = ORIENTED_EDGE('',*,*,#9806,.T.);
#9806 = EDGE_CURVE('',#2595,#9807,#9809,.T.);
#9807 = VERTEX_POINT('',#9808);
#9808 = CARTESIAN_POINT('',(2.553857096318,-1.758378516209,23.));
#9809 = LINE('',#9810,#9811);
#9810 = CARTESIAN_POINT('',(2.553857096318,-1.758378516209,25.));
#9811 = VECTOR('',#9812,1.);
#9812 = DIRECTION('',(-0.,-0.,-1.));
#9813 = ORIENTED_EDGE('',*,*,#9814,.T.);
#9814 = EDGE_CURVE('',#9807,#9815,#9817,.T.);
#9815 = VERTEX_POINT('',#9816);
#9816 = CARTESIAN_POINT('',(1.699885554531,-1.758378516209,23.));
#9817 = LINE('',#9818,#9819);
#9818 = CARTESIAN_POINT('',(2.553857096318,-1.758378516209,23.));
#9819 = VECTOR('',#9820,1.);
#9820 = DIRECTION('',(-1.,0.,0.));
#9821 = ORIENTED_EDGE('',*,*,#9822,.F.);
#9822 = EDGE_CURVE('',#2597,#9815,#9823,.T.);
#9823 = LINE('',#9824,#9825);
#9824 = CARTESIAN_POINT('',(1.699885554531,-1.758378516209,25.));
#9825 = VECTOR('',#9826,1.);
#9826 = DIRECTION('',(-0.,-0.,-1.));
#9827 = ORIENTED_EDGE('',*,*,#2594,.F.);
#9828 = PLANE('',#9829);
#9829 = AXIS2_PLACEMENT_3D('',#9830,#9831,#9832);
#9830 = CARTESIAN_POINT('',(2.553857096318,-1.758378516209,25.));
#9831 = DIRECTION('',(0.,1.,0.));
#9832 = DIRECTION('',(-1.,0.,0.));
#9833 = ADVANCED_FACE('',(#9834),#9852,.T.);
#9834 = FACE_BOUND('',#9835,.T.);
#9835 = EDGE_LOOP('',(#9836,#9844,#9850,#9851));
#9836 = ORIENTED_EDGE('',*,*,#9837,.T.);
#9837 = EDGE_CURVE('',#2725,#9838,#9840,.T.);
#9838 = VERTEX_POINT('',#9839);
#9839 = CARTESIAN_POINT('',(2.553857096318,0.806913270535,23.));
#9840 = LINE('',#9841,#9842);
#9841 = CARTESIAN_POINT('',(2.553857096318,0.806913270535,25.));
#9842 = VECTOR('',#9843,1.);
#9843 = DIRECTION('',(-0.,-0.,-1.));
#9844 = ORIENTED_EDGE('',*,*,#9845,.T.);
#9845 = EDGE_CURVE('',#9838,#9807,#9846,.T.);
#9846 = LINE('',#9847,#9848);
#9847 = CARTESIAN_POINT('',(2.553857096318,0.806913270535,23.));
#9848 = VECTOR('',#9849,1.);
#9849 = DIRECTION('',(0.,-1.,0.));
#9850 = ORIENTED_EDGE('',*,*,#9806,.F.);
#9851 = ORIENTED_EDGE('',*,*,#2732,.F.);
#9852 = PLANE('',#9853);
#9853 = AXIS2_PLACEMENT_3D('',#9854,#9855,#9856);
#9854 = CARTESIAN_POINT('',(2.553857096318,0.806913270535,25.));
#9855 = DIRECTION('',(-1.,0.,0.));
#9856 = DIRECTION('',(0.,-1.,0.));
#9857 = ADVANCED_FACE('',(#9858),#9876,.T.);
#9858 = FACE_BOUND('',#9859,.T.);
#9859 = EDGE_LOOP('',(#9860,#9861,#9869,#9875));
#9860 = ORIENTED_EDGE('',*,*,#9822,.T.);
#9861 = ORIENTED_EDGE('',*,*,#9862,.T.);
#9862 = EDGE_CURVE('',#9815,#9863,#9865,.T.);
#9863 = VERTEX_POINT('',#9864);
#9864 = CARTESIAN_POINT('',(1.699885554531,3.385713702811,23.));
#9865 = LINE('',#9866,#9867);
#9866 = CARTESIAN_POINT('',(1.699885554531,-1.758378516209,23.));
#9867 = VECTOR('',#9868,1.);
#9868 = DIRECTION('',(0.,1.,0.));
#9869 = ORIENTED_EDGE('',*,*,#9870,.F.);
#9870 = EDGE_CURVE('',#2605,#9863,#9871,.T.);
#9871 = LINE('',#9872,#9873);
#9872 = CARTESIAN_POINT('',(1.699885554531,3.385713702811,25.));
#9873 = VECTOR('',#9874,1.);
#9874 = DIRECTION('',(-0.,-0.,-1.));
#9875 = ORIENTED_EDGE('',*,*,#2604,.F.);
#9876 = PLANE('',#9877);
#9877 = AXIS2_PLACEMENT_3D('',#9878,#9879,#9880);
#9878 = CARTESIAN_POINT('',(1.699885554531,-1.758378516209,25.));
#9879 = DIRECTION('',(1.,0.,0.));
#9880 = DIRECTION('',(0.,1.,0.));
#9881 = ADVANCED_FACE('',(#9882),#9900,.T.);
#9882 = FACE_BOUND('',#9883,.T.);
#9883 = EDGE_LOOP('',(#9884,#9892,#9898,#9899));
#9884 = ORIENTED_EDGE('',*,*,#9885,.T.);
#9885 = EDGE_CURVE('',#2717,#9886,#9888,.T.);
#9886 = VERTEX_POINT('',#9887);
#9887 = CARTESIAN_POINT('',(2.92039167845,1.080463342581,23.));
#9888 = LINE('',#9889,#9890);
#9889 = CARTESIAN_POINT('',(2.92039167845,1.080463342581,25.));
#9890 = VECTOR('',#9891,1.);
#9891 = DIRECTION('',(-0.,-0.,-1.));
#9892 = ORIENTED_EDGE('',*,*,#9893,.T.);
#9893 = EDGE_CURVE('',#9886,#9838,#9894,.T.);
#9894 = B_SPLINE_CURVE_WITH_KNOTS('',2,(#9895,#9896,#9897),
  .UNSPECIFIED.,.F.,.F.,(3,3),(0.,1.),.PIECEWISE_BEZIER_KNOTS.);
#9895 = CARTESIAN_POINT('',(2.92039167845,1.080463342581,23.));
#9896 = CARTESIAN_POINT('',(2.726767759142,0.980049077451,23.));
#9897 = CARTESIAN_POINT('',(2.553857096318,0.806913270535,23.));
#9898 = ORIENTED_EDGE('',*,*,#9837,.F.);
#9899 = ORIENTED_EDGE('',*,*,#2724,.F.);
#9900 = SURFACE_OF_LINEAR_EXTRUSION('',#9901,#9905);
#9901 = B_SPLINE_CURVE_WITH_KNOTS('',2,(#9902,#9903,#9904),
  .UNSPECIFIED.,.F.,.F.,(3,3),(0.,1.),.PIECEWISE_BEZIER_KNOTS.);
#9902 = CARTESIAN_POINT('',(2.92039167845,1.080463342581,25.));
#9903 = CARTESIAN_POINT('',(2.726767759142,0.980049077451,25.));
#9904 = CARTESIAN_POINT('',(2.553857096318,0.806913270535,25.));
#9905 = VECTOR('',#9906,1.);
#9906 = DIRECTION('',(0.,0.,1.));
#9907 = ADVANCED_FACE('',(#9908),#9926,.T.);
#9908 = FACE_BOUND('',#9909,.T.);
#9909 = EDGE_LOOP('',(#9910,#9911,#9919,#9925));
#9910 = ORIENTED_EDGE('',*,*,#9870,.T.);
#9911 = ORIENTED_EDGE('',*,*,#9912,.T.);
#9912 = EDGE_CURVE('',#9863,#9913,#9915,.T.);
#9913 = VERTEX_POINT('',#9914);
#9914 = CARTESIAN_POINT('',(2.553857096318,3.385713702811,23.));
#9915 = LINE('',#9916,#9917);
#9916 = CARTESIAN_POINT('',(1.699885554531,3.385713702811,23.));
#9917 = VECTOR('',#9918,1.);
#9918 = DIRECTION('',(1.,0.,0.));
#9919 = ORIENTED_EDGE('',*,*,#9920,.F.);
#9920 = EDGE_CURVE('',#2613,#9913,#9921,.T.);
#9921 = LINE('',#9922,#9923);
#9922 = CARTESIAN_POINT('',(2.553857096318,3.385713702811,25.));
#9923 = VECTOR('',#9924,1.);
#9924 = DIRECTION('',(-0.,-0.,-1.));
#9925 = ORIENTED_EDGE('',*,*,#2612,.F.);
#9926 = PLANE('',#9927);
#9927 = AXIS2_PLACEMENT_3D('',#9928,#9929,#9930);
#9928 = CARTESIAN_POINT('',(1.699885554531,3.385713702811,25.));
#9929 = DIRECTION('',(0.,-1.,0.));
#9930 = DIRECTION('',(1.,0.,0.));
#9931 = ADVANCED_FACE('',(#9932),#9950,.T.);
#9932 = FACE_BOUND('',#9933,.T.);
#9933 = EDGE_LOOP('',(#9934,#9942,#9948,#9949));
#9934 = ORIENTED_EDGE('',*,*,#9935,.T.);
#9935 = EDGE_CURVE('',#2709,#9936,#9938,.T.);
#9936 = VERTEX_POINT('',#9937);
#9937 = CARTESIAN_POINT('',(3.335557384502,1.181102751803,23.));
#9938 = LINE('',#9939,#9940);
#9939 = CARTESIAN_POINT('',(3.335557384502,1.181102751803,25.));
#9940 = VECTOR('',#9941,1.);
#9941 = DIRECTION('',(-0.,-0.,-1.));
#9942 = ORIENTED_EDGE('',*,*,#9943,.T.);
#9943 = EDGE_CURVE('',#9936,#9886,#9944,.T.);
#9944 = B_SPLINE_CURVE_WITH_KNOTS('',2,(#9945,#9946,#9947),
  .UNSPECIFIED.,.F.,.F.,(3,3),(0.,1.),.PIECEWISE_BEZIER_KNOTS.);
#9945 = CARTESIAN_POINT('',(3.335557384502,1.181102751803,23.));
#9946 = CARTESIAN_POINT('',(3.114240741851,1.181102751803,23.));
#9947 = CARTESIAN_POINT('',(2.92039167845,1.080463342581,23.));
#9948 = ORIENTED_EDGE('',*,*,#9885,.F.);
#9949 = ORIENTED_EDGE('',*,*,#2716,.F.);
#9950 = SURFACE_OF_LINEAR_EXTRUSION('',#9951,#9955);
#9951 = B_SPLINE_CURVE_WITH_KNOTS('',2,(#9952,#9953,#9954),
  .UNSPECIFIED.,.F.,.F.,(3,3),(0.,1.),.PIECEWISE_BEZIER_KNOTS.);
#9952 = CARTESIAN_POINT('',(3.335557384502,1.181102751803,25.));
#9953 = CARTESIAN_POINT('',(3.114240741851,1.181102751803,25.));
#9954 = CARTESIAN_POINT('',(2.92039167845,1.080463342581,25.));
#9955 = VECTOR('',#9956,1.);
#9956 = DIRECTION('',(0.,0.,1.));
#9957 = ADVANCED_FACE('',(#9958),#9976,.T.);
#9958 = FACE_BOUND('',#9959,.T.);
#9959 = EDGE_LOOP('',(#9960,#9961,#9969,#9975));
#9960 = ORIENTED_EDGE('',*,*,#9920,.T.);
#9961 = ORIENTED_EDGE('',*,*,#9962,.T.);
#9962 = EDGE_CURVE('',#9913,#9963,#9965,.T.);
#9963 = VERTEX_POINT('',#9964);
#9964 = CARTESIAN_POINT('',(2.553857096318,1.40196910627,23.));
#9965 = LINE('',#9966,#9967);
#9966 = CARTESIAN_POINT('',(2.553857096318,3.385713702811,23.));
#9967 = VECTOR('',#9968,1.);
#9968 = DIRECTION('',(0.,-1.,0.));
#9969 = ORIENTED_EDGE('',*,*,#9970,.F.);
#9970 = EDGE_CURVE('',#2621,#9963,#9971,.T.);
#9971 = LINE('',#9972,#9973);
#9972 = CARTESIAN_POINT('',(2.553857096318,1.40196910627,25.));
#9973 = VECTOR('',#9974,1.);
#9974 = DIRECTION('',(-0.,-0.,-1.));
#9975 = ORIENTED_EDGE('',*,*,#2620,.F.);
#9976 = PLANE('',#9977);
#9977 = AXIS2_PLACEMENT_3D('',#9978,#9979,#9980);
#9978 = CARTESIAN_POINT('',(2.553857096318,3.385713702811,25.));
#9979 = DIRECTION('',(-1.,0.,0.));
#9980 = DIRECTION('',(0.,-1.,0.));
#9981 = ADVANCED_FACE('',(#9982),#10000,.T.);
#9982 = FACE_BOUND('',#9983,.T.);
#9983 = EDGE_LOOP('',(#9984,#9992,#9998,#9999));
#9984 = ORIENTED_EDGE('',*,*,#9985,.T.);
#9985 = EDGE_CURVE('',#2701,#9986,#9988,.T.);
#9986 = VERTEX_POINT('',#9987);
#9987 = CARTESIAN_POINT('',(3.786746145309,1.003013774857,23.));
#9988 = LINE('',#9989,#9990);
#9989 = CARTESIAN_POINT('',(3.786746145309,1.003013774857,25.));
#9990 = VECTOR('',#9991,1.);
#9991 = DIRECTION('',(-0.,-0.,-1.));
#9992 = ORIENTED_EDGE('',*,*,#9993,.T.);
#9993 = EDGE_CURVE('',#9986,#9936,#9994,.T.);
#9994 = B_SPLINE_CURVE_WITH_KNOTS('',2,(#9995,#9996,#9997),
  .UNSPECIFIED.,.F.,.F.,(3,3),(0.,1.),.PIECEWISE_BEZIER_KNOTS.);
#9995 = CARTESIAN_POINT('',(3.786746145309,1.003013774857,23.));
#9996 = CARTESIAN_POINT('',(3.636349891707,1.181102751803,23.));
#9997 = CARTESIAN_POINT('',(3.335557384502,1.181102751803,23.));
#9998 = ORIENTED_EDGE('',*,*,#9935,.F.);
#9999 = ORIENTED_EDGE('',*,*,#2708,.F.);
#10000 = SURFACE_OF_LINEAR_EXTRUSION('',#10001,#10005);
#10001 = B_SPLINE_CURVE_WITH_KNOTS('',2,(#10002,#10003,#10004),
  .UNSPECIFIED.,.F.,.F.,(3,3),(0.,1.),.PIECEWISE_BEZIER_KNOTS.);
#10002 = CARTESIAN_POINT('',(3.786746145309,1.003013774857,25.));
#10003 = CARTESIAN_POINT('',(3.636349891707,1.181102751803,25.));
#10004 = CARTESIAN_POINT('',(3.335557384502,1.181102751803,25.));
#10005 = VECTOR('',#10006,1.);
#10006 = DIRECTION('',(0.,0.,1.));
#10007 = ADVANCED_FACE('',(#10008),#10026,.T.);
#10008 = FACE_BOUND('',#10009,.T.);
#10009 = EDGE_LOOP('',(#10010,#10011,#10019,#10025));
#10010 = ORIENTED_EDGE('',*,*,#9970,.T.);
#10011 = ORIENTED_EDGE('',*,*,#10012,.T.);
#10012 = EDGE_CURVE('',#9963,#10013,#10015,.T.);
#10013 = VERTEX_POINT('',#10014);
#10014 = CARTESIAN_POINT('',(3.010449315338,1.722124005405,23.));
#10015 = B_SPLINE_CURVE_WITH_KNOTS('',2,(#10016,#10017,#10018),
  .UNSPECIFIED.,.F.,.F.,(3,3),(0.,1.),.PIECEWISE_BEZIER_KNOTS.);
#10016 = CARTESIAN_POINT('',(2.553857096318,1.40196910627,23.));
#10017 = CARTESIAN_POINT('',(2.761439949344,1.600321051514,23.));
#10018 = CARTESIAN_POINT('',(3.010449315338,1.722124005405,23.));
#10019 = ORIENTED_EDGE('',*,*,#10020,.F.);
#10020 = EDGE_CURVE('',#2629,#10013,#10021,.T.);
#10021 = LINE('',#10022,#10023);
#10022 = CARTESIAN_POINT('',(3.010449315338,1.722124005405,25.));
#10023 = VECTOR('',#10024,1.);
#10024 = DIRECTION('',(-0.,-0.,-1.));
#10025 = ORIENTED_EDGE('',*,*,#2628,.F.);
#10026 = SURFACE_OF_LINEAR_EXTRUSION('',#10027,#10031);
#10027 = B_SPLINE_CURVE_WITH_KNOTS('',2,(#10028,#10029,#10030),
  .UNSPECIFIED.,.F.,.F.,(3,3),(0.,1.),.PIECEWISE_BEZIER_KNOTS.);
#10028 = CARTESIAN_POINT('',(2.553857096318,1.40196910627,25.));
#10029 = CARTESIAN_POINT('',(2.761439949344,1.600321051514,25.));
#10030 = CARTESIAN_POINT('',(3.010449315338,1.722124005405,25.));
#10031 = VECTOR('',#10032,1.);
#10032 = DIRECTION('',(0.,0.,1.));
#10033 = ADVANCED_FACE('',(#10034),#10052,.T.);
#10034 = FACE_BOUND('',#10035,.T.);
#10035 = EDGE_LOOP('',(#10036,#10044,#10050,#10051));
#10036 = ORIENTED_EDGE('',*,*,#10037,.T.);
#10037 = EDGE_CURVE('',#2693,#10038,#10040,.T.);
#10038 = VERTEX_POINT('',#10039);
#10039 = CARTESIAN_POINT('',(3.937142398911,0.499816728748,23.));
#10040 = LINE('',#10041,#10042);
#10041 = CARTESIAN_POINT('',(3.937142398911,0.499816728748,25.));
#10042 = VECTOR('',#10043,1.);
#10043 = DIRECTION('',(-0.,-0.,-1.));
#10044 = ORIENTED_EDGE('',*,*,#10045,.T.);
#10045 = EDGE_CURVE('',#10038,#9986,#10046,.T.);
#10046 = B_SPLINE_CURVE_WITH_KNOTS('',2,(#10047,#10048,#10049),
  .UNSPECIFIED.,.F.,.F.,(3,3),(0.,1.),.PIECEWISE_BEZIER_KNOTS.);
#10047 = CARTESIAN_POINT('',(3.937142398911,0.499816728748,23.));
#10048 = CARTESIAN_POINT('',(3.937142398911,0.824924797912,23.));
#10049 = CARTESIAN_POINT('',(3.786746145309,1.003013774857,23.));
#10050 = ORIENTED_EDGE('',*,*,#9985,.F.);
#10051 = ORIENTED_EDGE('',*,*,#2700,.F.);
#10052 = SURFACE_OF_LINEAR_EXTRUSION('',#10053,#10057);
#10053 = B_SPLINE_CURVE_WITH_KNOTS('',2,(#10054,#10055,#10056),
  .UNSPECIFIED.,.F.,.F.,(3,3),(0.,1.),.PIECEWISE_BEZIER_KNOTS.);
#10054 = CARTESIAN_POINT('',(3.937142398911,0.499816728748,25.));
#10055 = CARTESIAN_POINT('',(3.937142398911,0.824924797912,25.));
#10056 = CARTESIAN_POINT('',(3.786746145309,1.003013774857,25.));
#10057 = VECTOR('',#10058,1.);
#10058 = DIRECTION('',(0.,0.,1.));
#10059 = ADVANCED_FACE('',(#10060),#10078,.T.);
#10060 = FACE_BOUND('',#10061,.T.);
#10061 = EDGE_LOOP('',(#10062,#10063,#10071,#10077));
#10062 = ORIENTED_EDGE('',*,*,#10020,.T.);
#10063 = ORIENTED_EDGE('',*,*,#10064,.T.);
#10064 = EDGE_CURVE('',#10013,#10065,#10067,.T.);
#10065 = VERTEX_POINT('',#10066);
#10066 = CARTESIAN_POINT('',(3.594923378738,1.843926959295,23.));
#10067 = B_SPLINE_CURVE_WITH_KNOTS('',2,(#10068,#10069,#10070),
  .UNSPECIFIED.,.F.,.F.,(3,3),(0.,1.),.PIECEWISE_BEZIER_KNOTS.);
#10068 = CARTESIAN_POINT('',(3.010449315338,1.722124005405,23.));
#10069 = CARTESIAN_POINT('',(3.259458681332,1.843926959295,23.));
#10070 = CARTESIAN_POINT('',(3.594923378738,1.843926959295,23.));
#10071 = ORIENTED_EDGE('',*,*,#10072,.F.);
#10072 = EDGE_CURVE('',#2637,#10065,#10073,.T.);
#10073 = LINE('',#10074,#10075);
#10074 = CARTESIAN_POINT('',(3.594923378738,1.843926959295,25.));
#10075 = VECTOR('',#10076,1.);
#10076 = DIRECTION('',(-0.,-0.,-1.));
#10077 = ORIENTED_EDGE('',*,*,#2636,.F.);
#10078 = SURFACE_OF_LINEAR_EXTRUSION('',#10079,#10083);
#10079 = B_SPLINE_CURVE_WITH_KNOTS('',2,(#10080,#10081,#10082),
  .UNSPECIFIED.,.F.,.F.,(3,3),(0.,1.),.PIECEWISE_BEZIER_KNOTS.);
#10080 = CARTESIAN_POINT('',(3.010449315338,1.722124005405,25.));
#10081 = CARTESIAN_POINT('',(3.259458681332,1.843926959295,25.));
#10082 = CARTESIAN_POINT('',(3.594923378738,1.843926959295,25.));
#10083 = VECTOR('',#10084,1.);
#10084 = DIRECTION('',(0.,0.,1.));
#10085 = ADVANCED_FACE('',(#10086),#10104,.T.);
#10086 = FACE_BOUND('',#10087,.T.);
#10087 = EDGE_LOOP('',(#10088,#10096,#10102,#10103));
#10088 = ORIENTED_EDGE('',*,*,#10089,.T.);
#10089 = EDGE_CURVE('',#2685,#10090,#10092,.T.);
#10090 = VERTEX_POINT('',#10091);
#10091 = CARTESIAN_POINT('',(3.937142398911,-1.758378516209,23.));
#10092 = LINE('',#10093,#10094);
#10093 = CARTESIAN_POINT('',(3.937142398911,-1.758378516209,25.));
#10094 = VECTOR('',#10095,1.);
#10095 = DIRECTION('',(-0.,-0.,-1.));
#10096 = ORIENTED_EDGE('',*,*,#10097,.T.);
#10097 = EDGE_CURVE('',#10090,#10038,#10098,.T.);
#10098 = LINE('',#10099,#10100);
#10099 = CARTESIAN_POINT('',(3.937142398911,-1.758378516209,23.));
#10100 = VECTOR('',#10101,1.);
#10101 = DIRECTION('',(0.,1.,0.));
#10102 = ORIENTED_EDGE('',*,*,#10037,.F.);
#10103 = ORIENTED_EDGE('',*,*,#2692,.F.);
#10104 = PLANE('',#10105);
#10105 = AXIS2_PLACEMENT_3D('',#10106,#10107,#10108);
#10106 = CARTESIAN_POINT('',(3.937142398911,-1.758378516209,25.));
#10107 = DIRECTION('',(1.,0.,0.));
#10108 = DIRECTION('',(0.,1.,0.));
#10109 = ADVANCED_FACE('',(#10110),#10128,.T.);
#10110 = FACE_BOUND('',#10111,.T.);
#10111 = EDGE_LOOP('',(#10112,#10113,#10121,#10127));
#10112 = ORIENTED_EDGE('',*,*,#10072,.T.);
#10113 = ORIENTED_EDGE('',*,*,#10114,.T.);
#10114 = EDGE_CURVE('',#10065,#10115,#10117,.T.);
#10115 = VERTEX_POINT('',#10116);
#10116 = CARTESIAN_POINT('',(4.110053061736,1.745313846904,23.));
#10117 = B_SPLINE_CURVE_WITH_KNOTS('',2,(#10118,#10119,#10120),
  .UNSPECIFIED.,.F.,.F.,(3,3),(0.,1.),.PIECEWISE_BEZIER_KNOTS.);
#10118 = CARTESIAN_POINT('',(3.594923378738,1.843926959295,23.));
#10119 = CARTESIAN_POINT('',(3.885359257701,1.843926959295,23.));
#10120 = CARTESIAN_POINT('',(4.110053061736,1.745313846904,23.));
#10121 = ORIENTED_EDGE('',*,*,#10122,.F.);
#10122 = EDGE_CURVE('',#2645,#10115,#10123,.T.);
#10123 = LINE('',#10124,#10125);
#10124 = CARTESIAN_POINT('',(4.110053061736,1.745313846904,25.));
#10125 = VECTOR('',#10126,1.);
#10126 = DIRECTION('',(-0.,-0.,-1.));
#10127 = ORIENTED_EDGE('',*,*,#2644,.F.);
#10128 = SURFACE_OF_LINEAR_EXTRUSION('',#10129,#10133);
#10129 = B_SPLINE_CURVE_WITH_KNOTS('',2,(#10130,#10131,#10132),
  .UNSPECIFIED.,.F.,.F.,(3,3),(0.,1.),.PIECEWISE_BEZIER_KNOTS.);
#10130 = CARTESIAN_POINT('',(3.594923378738,1.843926959295,25.));
#10131 = CARTESIAN_POINT('',(3.885359257701,1.843926959295,25.));
#10132 = CARTESIAN_POINT('',(4.110053061736,1.745313846904,25.));
#10133 = VECTOR('',#10134,1.);
#10134 = DIRECTION('',(0.,0.,1.));
#10135 = ADVANCED_FACE('',(#10136),#10154,.T.);
#10136 = FACE_BOUND('',#10137,.T.);
#10137 = EDGE_LOOP('',(#10138,#10146,#10152,#10153));
#10138 = ORIENTED_EDGE('',*,*,#10139,.T.);
#10139 = EDGE_CURVE('',#2677,#10140,#10142,.T.);
#10140 = VERTEX_POINT('',#10141);
#10141 = CARTESIAN_POINT('',(4.79133908479,-1.758378516209,23.));
#10142 = LINE('',#10143,#10144);
#10143 = CARTESIAN_POINT('',(4.79133908479,-1.758378516209,25.));
#10144 = VECTOR('',#10145,1.);
#10145 = DIRECTION('',(-0.,-0.,-1.));
#10146 = ORIENTED_EDGE('',*,*,#10147,.T.);
#10147 = EDGE_CURVE('',#10140,#10090,#10148,.T.);
#10148 = LINE('',#10149,#10150);
#10149 = CARTESIAN_POINT('',(4.79133908479,-1.758378516209,23.));
#10150 = VECTOR('',#10151,1.);
#10151 = DIRECTION('',(-1.,0.,0.));
#10152 = ORIENTED_EDGE('',*,*,#10089,.F.);
#10153 = ORIENTED_EDGE('',*,*,#2684,.F.);
#10154 = PLANE('',#10155);
#10155 = AXIS2_PLACEMENT_3D('',#10156,#10157,#10158);
#10156 = CARTESIAN_POINT('',(4.79133908479,-1.758378516209,25.));
#10157 = DIRECTION('',(0.,1.,0.));
#10158 = DIRECTION('',(-1.,0.,0.));
#10159 = ADVANCED_FACE('',(#10160),#10178,.T.);
#10160 = FACE_BOUND('',#10161,.T.);
#10161 = EDGE_LOOP('',(#10162,#10163,#10171,#10177));
#10162 = ORIENTED_EDGE('',*,*,#10122,.T.);
#10163 = ORIENTED_EDGE('',*,*,#10164,.T.);
#10164 = EDGE_CURVE('',#10115,#10165,#10167,.T.);
#10165 = VERTEX_POINT('',#10166);
#10166 = CARTESIAN_POINT('',(4.485368263465,1.468836901659,23.));
#10167 = B_SPLINE_CURVE_WITH_KNOTS('',2,(#10168,#10169,#10170),
  .UNSPECIFIED.,.F.,.F.,(3,3),(0.,1.),.PIECEWISE_BEZIER_KNOTS.);
#10168 = CARTESIAN_POINT('',(4.110053061736,1.745313846904,23.));
#10169 = CARTESIAN_POINT('',(4.334972009862,1.646925878604,23.));
#10170 = CARTESIAN_POINT('',(4.485368263465,1.468836901659,23.));
#10171 = ORIENTED_EDGE('',*,*,#10172,.F.);
#10172 = EDGE_CURVE('',#2653,#10165,#10173,.T.);
#10173 = LINE('',#10174,#10175);
#10174 = CARTESIAN_POINT('',(4.485368263465,1.468836901659,25.));
#10175 = VECTOR('',#10176,1.);
#10176 = DIRECTION('',(-0.,-0.,-1.));
#10177 = ORIENTED_EDGE('',*,*,#2652,.F.);
#10178 = SURFACE_OF_LINEAR_EXTRUSION('',#10179,#10183);
#10179 = B_SPLINE_CURVE_WITH_KNOTS('',2,(#10180,#10181,#10182),
  .UNSPECIFIED.,.F.,.F.,(3,3),(0.,1.),.PIECEWISE_BEZIER_KNOTS.);
#10180 = CARTESIAN_POINT('',(4.110053061736,1.745313846904,25.));
#10181 = CARTESIAN_POINT('',(4.334972009862,1.646925878604,25.));
#10182 = CARTESIAN_POINT('',(4.485368263465,1.468836901659,25.));
#10183 = VECTOR('',#10184,1.);
#10184 = DIRECTION('',(0.,0.,1.));
#10185 = ADVANCED_FACE('',(#10186),#10204,.T.);
#10186 = FACE_BOUND('',#10187,.T.);
#10187 = EDGE_LOOP('',(#10188,#10196,#10202,#10203));
#10188 = ORIENTED_EDGE('',*,*,#10189,.T.);
#10189 = EDGE_CURVE('',#2669,#10190,#10192,.T.);
#10190 = VERTEX_POINT('',#10191);
#10191 = CARTESIAN_POINT('',(4.79133908479,0.499141296471,23.));
#10192 = LINE('',#10193,#10194);
#10193 = CARTESIAN_POINT('',(4.79133908479,0.499141296471,25.));
#10194 = VECTOR('',#10195,1.);
#10195 = DIRECTION('',(-0.,-0.,-1.));
#10196 = ORIENTED_EDGE('',*,*,#10197,.T.);
#10197 = EDGE_CURVE('',#10190,#10140,#10198,.T.);
#10198 = LINE('',#10199,#10200);
#10199 = CARTESIAN_POINT('',(4.79133908479,0.499141296471,23.));
#10200 = VECTOR('',#10201,1.);
#10201 = DIRECTION('',(0.,-1.,0.));
#10202 = ORIENTED_EDGE('',*,*,#10139,.F.);
#10203 = ORIENTED_EDGE('',*,*,#2676,.F.);
#10204 = PLANE('',#10205);
#10205 = AXIS2_PLACEMENT_3D('',#10206,#10207,#10208);
#10206 = CARTESIAN_POINT('',(4.79133908479,0.499141296471,25.));
#10207 = DIRECTION('',(-1.,0.,0.));
#10208 = DIRECTION('',(0.,-1.,0.));
#10209 = ADVANCED_FACE('',(#10210),#10228,.T.);
#10210 = FACE_BOUND('',#10211,.T.);
#10211 = EDGE_LOOP('',(#10212,#10213,#10221,#10227));
#10212 = ORIENTED_EDGE('',*,*,#10172,.T.);
#10213 = ORIENTED_EDGE('',*,*,#10214,.T.);
#10214 = EDGE_CURVE('',#10165,#10215,#10217,.T.);
#10215 = VERTEX_POINT('',#10216);
#10216 = CARTESIAN_POINT('',(4.713439228883,1.043539711457,23.));
#10217 = B_SPLINE_CURVE_WITH_KNOTS('',2,(#10218,#10219,#10220),
  .UNSPECIFIED.,.F.,.F.,(3,3),(0.,1.),.PIECEWISE_BEZIER_KNOTS.);
#10218 = CARTESIAN_POINT('',(4.485368263465,1.468836901659,23.));
#10219 = CARTESIAN_POINT('',(4.635764517067,1.290747924713,23.));
#10220 = CARTESIAN_POINT('',(4.713439228883,1.043539711457,23.));
#10221 = ORIENTED_EDGE('',*,*,#10222,.F.);
#10222 = EDGE_CURVE('',#2661,#10215,#10223,.T.);
#10223 = LINE('',#10224,#10225);
#10224 = CARTESIAN_POINT('',(4.713439228883,1.043539711457,25.));
#10225 = VECTOR('',#10226,1.);
#10226 = DIRECTION('',(-0.,-0.,-1.));
#10227 = ORIENTED_EDGE('',*,*,#2660,.F.);
#10228 = SURFACE_OF_LINEAR_EXTRUSION('',#10229,#10233);
#10229 = B_SPLINE_CURVE_WITH_KNOTS('',2,(#10230,#10231,#10232),
  .UNSPECIFIED.,.F.,.F.,(3,3),(0.,1.),.PIECEWISE_BEZIER_KNOTS.);
#10230 = CARTESIAN_POINT('',(4.485368263465,1.468836901659,25.));
#10231 = CARTESIAN_POINT('',(4.635764517067,1.290747924713,25.));
#10232 = CARTESIAN_POINT('',(4.713439228883,1.043539711457,25.));
#10233 = VECTOR('',#10234,1.);
#10234 = DIRECTION('',(0.,0.,1.));
#10235 = ADVANCED_FACE('',(#10236),#10247,.T.);
#10236 = FACE_BOUND('',#10237,.T.);
#10237 = EDGE_LOOP('',(#10238,#10239,#10245,#10246));
#10238 = ORIENTED_EDGE('',*,*,#10222,.T.);
#10239 = ORIENTED_EDGE('',*,*,#10240,.T.);
#10240 = EDGE_CURVE('',#10215,#10190,#10241,.T.);
#10241 = B_SPLINE_CURVE_WITH_KNOTS('',2,(#10242,#10243,#10244),
  .UNSPECIFIED.,.F.,.F.,(3,3),(0.,1.),.PIECEWISE_BEZIER_KNOTS.);
#10242 = CARTESIAN_POINT('',(4.713439228883,1.043539711457,23.));
#10243 = CARTESIAN_POINT('',(4.79133908479,0.7963314982,23.));
#10244 = CARTESIAN_POINT('',(4.79133908479,0.499141296471,23.));
#10245 = ORIENTED_EDGE('',*,*,#10189,.F.);
#10246 = ORIENTED_EDGE('',*,*,#2668,.F.);
#10247 = SURFACE_OF_LINEAR_EXTRUSION('',#10248,#10252);
#10248 = B_SPLINE_CURVE_WITH_KNOTS('',2,(#10249,#10250,#10251),
  .UNSPECIFIED.,.F.,.F.,(3,3),(0.,1.),.PIECEWISE_BEZIER_KNOTS.);
#10249 = CARTESIAN_POINT('',(4.713439228883,1.043539711457,25.));
#10250 = CARTESIAN_POINT('',(4.79133908479,0.7963314982,25.));
#10251 = CARTESIAN_POINT('',(4.79133908479,0.499141296471,25.));
#10252 = VECTOR('',#10253,1.);
#10253 = DIRECTION('',(0.,0.,1.));
#10254 = ADVANCED_FACE('',(#10255),#10273,.T.);
#10255 = FACE_BOUND('',#10256,.T.);
#10256 = EDGE_LOOP('',(#10257,#10258,#10259,#10260,#10261,#10262,#10263,
    #10264,#10265,#10266,#10267,#10268,#10269,#10270,#10271,#10272));
#10257 = ORIENTED_EDGE('',*,*,#3144,.F.);
#10258 = ORIENTED_EDGE('',*,*,#2754,.F.);
#10259 = ORIENTED_EDGE('',*,*,#2787,.F.);
#10260 = ORIENTED_EDGE('',*,*,#2813,.F.);
#10261 = ORIENTED_EDGE('',*,*,#2839,.F.);
#10262 = ORIENTED_EDGE('',*,*,#2865,.F.);
#10263 = ORIENTED_EDGE('',*,*,#2891,.F.);
#10264 = ORIENTED_EDGE('',*,*,#2917,.F.);
#10265 = ORIENTED_EDGE('',*,*,#2943,.F.);
#10266 = ORIENTED_EDGE('',*,*,#2969,.F.);
#10267 = ORIENTED_EDGE('',*,*,#2995,.F.);
#10268 = ORIENTED_EDGE('',*,*,#3021,.F.);
#10269 = ORIENTED_EDGE('',*,*,#3047,.F.);
#10270 = ORIENTED_EDGE('',*,*,#3073,.F.);
#10271 = ORIENTED_EDGE('',*,*,#3099,.F.);
#10272 = ORIENTED_EDGE('',*,*,#3125,.F.);
#10273 = PLANE('',#10274);
#10274 = AXIS2_PLACEMENT_3D('',#10275,#10276,#10277);
#10275 = CARTESIAN_POINT('',(-4.427314139745,-7.225838374423,23.));
#10276 = DIRECTION('',(0.,0.,1.));
#10277 = DIRECTION('',(1.,0.,0.));
#10278 = ADVANCED_FACE('',(#10279),#10315,.T.);
#10279 = FACE_BOUND('',#10280,.T.);
#10280 = EDGE_LOOP('',(#10281,#10282,#10283,#10284,#10285,#10286,#10287,
    #10288,#10289,#10290,#10291,#10292,#10293,#10294,#10295,#10296,
    #10297,#10298,#10299,#10300,#10301,#10302,#10303,#10304,#10305,
    #10306,#10307,#10308,#10309,#10310,#10311,#10312,#10313,#10314));
#10281 = ORIENTED_EDGE('',*,*,#4014,.F.);
#10282 = ORIENTED_EDGE('',*,*,#3170,.F.);
#10283 = ORIENTED_EDGE('',*,*,#3201,.F.);
#10284 = ORIENTED_EDGE('',*,*,#3225,.F.);
#10285 = ORIENTED_EDGE('',*,*,#3249,.F.);
#10286 = ORIENTED_EDGE('',*,*,#3273,.F.);
#10287 = ORIENTED_EDGE('',*,*,#3299,.F.);
#10288 = ORIENTED_EDGE('',*,*,#3325,.F.);
#10289 = ORIENTED_EDGE('',*,*,#3351,.F.);
#10290 = ORIENTED_EDGE('',*,*,#3377,.F.);
#10291 = ORIENTED_EDGE('',*,*,#3403,.F.);
#10292 = ORIENTED_EDGE('',*,*,#3429,.F.);
#10293 = ORIENTED_EDGE('',*,*,#3455,.F.);
#10294 = ORIENTED_EDGE('',*,*,#3481,.F.);
#10295 = ORIENTED_EDGE('',*,*,#3507,.F.);
#10296 = ORIENTED_EDGE('',*,*,#3533,.F.);
#10297 = ORIENTED_EDGE('',*,*,#3559,.F.);
#10298 = ORIENTED_EDGE('',*,*,#3585,.F.);
#10299 = ORIENTED_EDGE('',*,*,#3609,.F.);
#10300 = ORIENTED_EDGE('',*,*,#3635,.F.);
#10301 = ORIENTED_EDGE('',*,*,#3661,.F.);
#10302 = ORIENTED_EDGE('',*,*,#3687,.F.);
#10303 = ORIENTED_EDGE('',*,*,#3713,.F.);
#10304 = ORIENTED_EDGE('',*,*,#3739,.F.);
#10305 = ORIENTED_EDGE('',*,*,#3765,.F.);
#10306 = ORIENTED_EDGE('',*,*,#3791,.F.);
#10307 = ORIENTED_EDGE('',*,*,#3817,.F.);
#10308 = ORIENTED_EDGE('',*,*,#3843,.F.);
#10309 = ORIENTED_EDGE('',*,*,#3869,.F.);
#10310 = ORIENTED_EDGE('',*,*,#3895,.F.);
#10311 = ORIENTED_EDGE('',*,*,#3921,.F.);
#10312 = ORIENTED_EDGE('',*,*,#3947,.F.);
#10313 = ORIENTED_EDGE('',*,*,#3971,.F.);
#10314 = ORIENTED_EDGE('',*,*,#3995,.F.);
#10315 = PLANE('',#10316);
#10316 = AXIS2_PLACEMENT_3D('',#10317,#10318,#10319);
#10317 = CARTESIAN_POINT('',(-6.096599498313,-5.982555375506,23.));
#10318 = DIRECTION('',(0.,0.,1.));
#10319 = DIRECTION('',(1.,0.,0.));
#10320 = ADVANCED_FACE('',(#10321,#10339),#10469,.T.);
#10321 = FACE_BOUND('',#10322,.T.);
#10322 = EDGE_LOOP('',(#10323,#10324,#10325,#10326,#10327,#10328,#10329,
    #10330,#10331,#10332,#10333,#10334,#10335,#10336,#10337,#10338));
#10323 = ORIENTED_EDGE('',*,*,#4430,.F.);
#10324 = ORIENTED_EDGE('',*,*,#4040,.F.);
#10325 = ORIENTED_EDGE('',*,*,#4073,.F.);
#10326 = ORIENTED_EDGE('',*,*,#4099,.F.);
#10327 = ORIENTED_EDGE('',*,*,#4125,.F.);
#10328 = ORIENTED_EDGE('',*,*,#4151,.F.);
#10329 = ORIENTED_EDGE('',*,*,#4177,.F.);
#10330 = ORIENTED_EDGE('',*,*,#4203,.F.);
#10331 = ORIENTED_EDGE('',*,*,#4229,.F.);
#10332 = ORIENTED_EDGE('',*,*,#4255,.F.);
#10333 = ORIENTED_EDGE('',*,*,#4281,.F.);
#10334 = ORIENTED_EDGE('',*,*,#4307,.F.);
#10335 = ORIENTED_EDGE('',*,*,#4333,.F.);
#10336 = ORIENTED_EDGE('',*,*,#4359,.F.);
#10337 = ORIENTED_EDGE('',*,*,#4385,.F.);
#10338 = ORIENTED_EDGE('',*,*,#4411,.F.);
#10339 = FACE_BOUND('',#10340,.T.);
#10340 = EDGE_LOOP('',(#10341,#10351,#10359,#10367,#10375,#10383,#10391,
    #10399,#10407,#10415,#10423,#10431,#10439,#10447,#10455,#10463));
#10341 = ORIENTED_EDGE('',*,*,#10342,.F.);
#10342 = EDGE_CURVE('',#10343,#10345,#10347,.T.);
#10343 = VERTEX_POINT('',#10344);
#10344 = CARTESIAN_POINT('',(-2.184958649591,-6.010529177014,23.));
#10345 = VERTEX_POINT('',#10346);
#10346 = CARTESIAN_POINT('',(-2.232779254778,-5.469643009867,23.));
#10347 = B_SPLINE_CURVE_WITH_KNOTS('',2,(#10348,#10349,#10350),
  .UNSPECIFIED.,.F.,.F.,(3,3),(0.,1.),.PIECEWISE_BEZIER_KNOTS.);
#10348 = CARTESIAN_POINT('',(-2.184958649591,-6.010529177014,23.));
#10349 = CARTESIAN_POINT('',(-2.184958649591,-5.683890128023,23.));
#10350 = CARTESIAN_POINT('',(-2.232779254778,-5.469643009867,23.));
#10351 = ORIENTED_EDGE('',*,*,#10352,.F.);
#10352 = EDGE_CURVE('',#10353,#10343,#10355,.T.);
#10353 = VERTEX_POINT('',#10354);
#10354 = CARTESIAN_POINT('',(-2.232779254778,-6.551415344161,23.));
#10355 = B_SPLINE_CURVE_WITH_KNOTS('',2,(#10356,#10357,#10358),
  .UNSPECIFIED.,.F.,.F.,(3,3),(0.,1.),.PIECEWISE_BEZIER_KNOTS.);
#10356 = CARTESIAN_POINT('',(-2.232779254778,-6.551415344161,23.));
#10357 = CARTESIAN_POINT('',(-2.184958649591,-6.337168226006,23.));
#10358 = CARTESIAN_POINT('',(-2.184958649591,-6.010529177014,23.));
#10359 = ORIENTED_EDGE('',*,*,#10360,.F.);
#10360 = EDGE_CURVE('',#10361,#10353,#10363,.T.);
#10361 = VERTEX_POINT('',#10362);
#10362 = CARTESIAN_POINT('',(-2.360300868611,-6.892643730329,23.));
#10363 = B_SPLINE_CURVE_WITH_KNOTS('',2,(#10364,#10365,#10366),
  .UNSPECIFIED.,.F.,.F.,(3,3),(0.,1.),.PIECEWISE_BEZIER_KNOTS.);
#10364 = CARTESIAN_POINT('',(-2.360300868611,-6.892643730329,23.));
#10365 = CARTESIAN_POINT('',(-2.28046477351,-6.765662462317,23.));
#10366 = CARTESIAN_POINT('',(-2.232779254778,-6.551415344161,23.));
#10367 = ORIENTED_EDGE('',*,*,#10368,.F.);
#10368 = EDGE_CURVE('',#10369,#10361,#10371,.T.);
#10369 = VERTEX_POINT('',#10370);
#10370 = CARTESIAN_POINT('',(-2.543883361407,-7.070552592,23.));
#10371 = B_SPLINE_CURVE_WITH_KNOTS('',2,(#10372,#10373,#10374),
  .UNSPECIFIED.,.F.,.F.,(3,3),(0.,1.),.PIECEWISE_BEZIER_KNOTS.);
#10372 = CARTESIAN_POINT('',(-2.543883361407,-7.070552592,23.));
#10373 = CARTESIAN_POINT('',(-2.440136963712,-7.019489911885,23.));
#10374 = CARTESIAN_POINT('',(-2.360300868611,-6.892643730329,23.));
#10375 = ORIENTED_EDGE('',*,*,#10376,.F.);
#10376 = EDGE_CURVE('',#10377,#10369,#10379,.T.);
#10377 = VERTEX_POINT('',#10378);
#10378 = CARTESIAN_POINT('',(-2.759751517026,-7.12148018566,23.));
#10379 = B_SPLINE_CURVE_WITH_KNOTS('',2,(#10380,#10381,#10382),
  .UNSPECIFIED.,.F.,.F.,(3,3),(0.,1.),.PIECEWISE_BEZIER_KNOTS.);
#10380 = CARTESIAN_POINT('',(-2.759751517026,-7.12148018566,23.));
#10381 = CARTESIAN_POINT('',(-2.647629759101,-7.12148018566,23.));
#10382 = CARTESIAN_POINT('',(-2.543883361407,-7.070552592,23.));
#10383 = ORIENTED_EDGE('',*,*,#10384,.F.);
#10384 = EDGE_CURVE('',#10385,#10377,#10387,.T.);
#10385 = VERTEX_POINT('',#10386);
#10386 = CARTESIAN_POINT('',(-2.972512684173,-7.070552592,23.));
#10387 = B_SPLINE_CURVE_WITH_KNOTS('',2,(#10388,#10389,#10390),
  .UNSPECIFIED.,.F.,.F.,(3,3),(0.,1.),.PIECEWISE_BEZIER_KNOTS.);
#10388 = CARTESIAN_POINT('',(-2.972512684173,-7.070552592,23.));
#10389 = CARTESIAN_POINT('',(-2.869711891666,-7.12148018566,23.));
#10390 = CARTESIAN_POINT('',(-2.759751517026,-7.12148018566,23.));
#10391 = ORIENTED_EDGE('',*,*,#10392,.F.);
#10392 = EDGE_CURVE('',#10393,#10385,#10395,.T.);
#10393 = VERTEX_POINT('',#10394);
#10394 = CARTESIAN_POINT('',(-3.154068880139,-6.892643730329,23.));
#10395 = B_SPLINE_CURVE_WITH_KNOTS('',2,(#10396,#10397,#10398),
  .UNSPECIFIED.,.F.,.F.,(3,3),(0.,1.),.PIECEWISE_BEZIER_KNOTS.);
#10396 = CARTESIAN_POINT('',(-3.154068880139,-6.892643730329,23.));
#10397 = CARTESIAN_POINT('',(-3.075178390225,-7.019489911885,23.));
#10398 = CARTESIAN_POINT('',(-2.972512684173,-7.070552592,23.));
#10399 = ORIENTED_EDGE('',*,*,#10400,.F.);
#10400 = EDGE_CURVE('',#10401,#10393,#10403,.T.);
#10401 = VERTEX_POINT('',#10402);
#10402 = CARTESIAN_POINT('',(-3.279564197141,-6.551415344161,23.));
#10403 = B_SPLINE_CURVE_WITH_KNOTS('',2,(#10404,#10405,#10406),
  .UNSPECIFIED.,.F.,.F.,(3,3),(0.,1.),.PIECEWISE_BEZIER_KNOTS.);
#10404 = CARTESIAN_POINT('',(-3.279564197141,-6.551415344161,23.));
#10405 = CARTESIAN_POINT('',(-3.232824283597,-6.765662462317,23.));
#10406 = CARTESIAN_POINT('',(-3.154068880139,-6.892643730329,23.));
#10407 = ORIENTED_EDGE('',*,*,#10408,.F.);
#10408 = EDGE_CURVE('',#10409,#10401,#10411,.T.);
#10409 = VERTEX_POINT('',#10410);
#10410 = CARTESIAN_POINT('',(-3.326169024231,-6.010529177014,23.));
#10411 = B_SPLINE_CURVE_WITH_KNOTS('',2,(#10412,#10413,#10414),
  .UNSPECIFIED.,.F.,.F.,(3,3),(0.,1.),.PIECEWISE_BEZIER_KNOTS.);
#10412 = CARTESIAN_POINT('',(-3.326169024231,-6.010529177014,23.));
#10413 = CARTESIAN_POINT('',(-3.326169024231,-6.337168226006,23.));
#10414 = CARTESIAN_POINT('',(-3.279564197141,-6.551415344161,23.));
#10415 = ORIENTED_EDGE('',*,*,#10416,.F.);
#10416 = EDGE_CURVE('',#10417,#10409,#10419,.T.);
#10417 = VERTEX_POINT('',#10418);
#10418 = CARTESIAN_POINT('',(-3.279564197141,-5.469643009867,23.));
#10419 = B_SPLINE_CURVE_WITH_KNOTS('',2,(#10420,#10421,#10422),
  .UNSPECIFIED.,.F.,.F.,(3,3),(0.,1.),.PIECEWISE_BEZIER_KNOTS.);
#10420 = CARTESIAN_POINT('',(-3.279564197141,-5.469643009867,23.));
#10421 = CARTESIAN_POINT('',(-3.326169024231,-5.683890128023,23.));
#10422 = CARTESIAN_POINT('',(-3.326169024231,-6.010529177014,23.));
#10423 = ORIENTED_EDGE('',*,*,#10424,.F.);
#10424 = EDGE_CURVE('',#10425,#10417,#10427,.T.);
#10425 = VERTEX_POINT('',#10426);
#10426 = CARTESIAN_POINT('',(-3.154068880139,-5.128549710156,23.));
#10427 = B_SPLINE_CURVE_WITH_KNOTS('',2,(#10428,#10429,#10430),
  .UNSPECIFIED.,.F.,.F.,(3,3),(0.,1.),.PIECEWISE_BEZIER_KNOTS.);
#10428 = CARTESIAN_POINT('',(-3.154068880139,-5.128549710156,23.));
#10429 = CARTESIAN_POINT('',(-3.232824283597,-5.255395891712,23.));
#10430 = CARTESIAN_POINT('',(-3.279564197141,-5.469643009867,23.));
#10431 = ORIENTED_EDGE('',*,*,#10432,.F.);
#10432 = EDGE_CURVE('',#10433,#10425,#10435,.T.);
#10433 = VERTEX_POINT('',#10434);
#10434 = CARTESIAN_POINT('',(-2.972512684173,-4.950640848484,23.));
#10435 = B_SPLINE_CURVE_WITH_KNOTS('',2,(#10436,#10437,#10438),
  .UNSPECIFIED.,.F.,.F.,(3,3),(0.,1.),.PIECEWISE_BEZIER_KNOTS.);
#10436 = CARTESIAN_POINT('',(-2.972512684173,-4.950640848484,23.));
#10437 = CARTESIAN_POINT('',(-3.075178390225,-5.001568442144,23.));
#10438 = CARTESIAN_POINT('',(-3.154068880139,-5.128549710156,23.));
#10439 = ORIENTED_EDGE('',*,*,#10440,.F.);
#10440 = EDGE_CURVE('',#10441,#10433,#10443,.T.);
#10441 = VERTEX_POINT('',#10442);
#10442 = CARTESIAN_POINT('',(-2.759751517026,-4.899578168369,23.));
#10443 = B_SPLINE_CURVE_WITH_KNOTS('',2,(#10444,#10445,#10446),
  .UNSPECIFIED.,.F.,.F.,(3,3),(0.,1.),.PIECEWISE_BEZIER_KNOTS.);
#10444 = CARTESIAN_POINT('',(-2.759751517026,-4.899578168369,23.));
#10445 = CARTESIAN_POINT('',(-2.869711891666,-4.899578168369,23.));
#10446 = CARTESIAN_POINT('',(-2.972512684173,-4.950640848484,23.));
#10447 = ORIENTED_EDGE('',*,*,#10448,.F.);
#10448 = EDGE_CURVE('',#10449,#10441,#10451,.T.);
#10449 = VERTEX_POINT('',#10450);
#10450 = CARTESIAN_POINT('',(-2.543883361407,-4.950640848484,23.));
#10451 = B_SPLINE_CURVE_WITH_KNOTS('',2,(#10452,#10453,#10454),
  .UNSPECIFIED.,.F.,.F.,(3,3),(0.,1.),.PIECEWISE_BEZIER_KNOTS.);
#10452 = CARTESIAN_POINT('',(-2.543883361407,-4.950640848484,23.));
#10453 = CARTESIAN_POINT('',(-2.647629759101,-4.899578168369,23.));
#10454 = CARTESIAN_POINT('',(-2.759751517026,-4.899578168369,23.));
#10455 = ORIENTED_EDGE('',*,*,#10456,.F.);
#10456 = EDGE_CURVE('',#10457,#10449,#10459,.T.);
#10457 = VERTEX_POINT('',#10458);
#10458 = CARTESIAN_POINT('',(-2.360300868611,-5.128549710156,23.));
#10459 = B_SPLINE_CURVE_WITH_KNOTS('',2,(#10460,#10461,#10462),
  .UNSPECIFIED.,.F.,.F.,(3,3),(0.,1.),.PIECEWISE_BEZIER_KNOTS.);
#10460 = CARTESIAN_POINT('',(-2.360300868611,-5.128549710156,23.));
#10461 = CARTESIAN_POINT('',(-2.440136963712,-5.001568442144,23.));
#10462 = CARTESIAN_POINT('',(-2.543883361407,-4.950640848484,23.));
#10463 = ORIENTED_EDGE('',*,*,#10464,.F.);
#10464 = EDGE_CURVE('',#10345,#10457,#10465,.T.);
#10465 = B_SPLINE_CURVE_WITH_KNOTS('',2,(#10466,#10467,#10468),
  .UNSPECIFIED.,.F.,.F.,(3,3),(0.,1.),.PIECEWISE_BEZIER_KNOTS.);
#10466 = CARTESIAN_POINT('',(-2.232779254778,-5.469643009867,23.));
#10467 = CARTESIAN_POINT('',(-2.28046477351,-5.255395891712,23.));
#10468 = CARTESIAN_POINT('',(-2.360300868611,-5.128549710156,23.));
#10469 = PLANE('',#10470);
#10470 = AXIS2_PLACEMENT_3D('',#10471,#10472,#10473);
#10471 = CARTESIAN_POINT('',(-2.756478573976,-6.010528938918,23.));
#10472 = DIRECTION('',(0.,0.,1.));
#10473 = DIRECTION('',(1.,0.,0.));
#10474 = ADVANCED_FACE('',(#10475,#10493),#10623,.T.);
#10475 = FACE_BOUND('',#10476,.T.);
#10476 = EDGE_LOOP('',(#10477,#10478,#10479,#10480,#10481,#10482,#10483,
    #10484,#10485,#10486,#10487,#10488,#10489,#10490,#10491,#10492));
#10477 = ORIENTED_EDGE('',*,*,#4846,.F.);
#10478 = ORIENTED_EDGE('',*,*,#4456,.F.);
#10479 = ORIENTED_EDGE('',*,*,#4489,.F.);
#10480 = ORIENTED_EDGE('',*,*,#4515,.F.);
#10481 = ORIENTED_EDGE('',*,*,#4541,.F.);
#10482 = ORIENTED_EDGE('',*,*,#4567,.F.);
#10483 = ORIENTED_EDGE('',*,*,#4593,.F.);
#10484 = ORIENTED_EDGE('',*,*,#4619,.F.);
#10485 = ORIENTED_EDGE('',*,*,#4645,.F.);
#10486 = ORIENTED_EDGE('',*,*,#4671,.F.);
#10487 = ORIENTED_EDGE('',*,*,#4697,.F.);
#10488 = ORIENTED_EDGE('',*,*,#4723,.F.);
#10489 = ORIENTED_EDGE('',*,*,#4749,.F.);
#10490 = ORIENTED_EDGE('',*,*,#4775,.F.);
#10491 = ORIENTED_EDGE('',*,*,#4801,.F.);
#10492 = ORIENTED_EDGE('',*,*,#4827,.F.);
#10493 = FACE_BOUND('',#10494,.T.);
#10494 = EDGE_LOOP('',(#10495,#10505,#10513,#10521,#10529,#10537,#10545,
    #10553,#10561,#10569,#10577,#10585,#10593,#10601,#10609,#10617));
#10495 = ORIENTED_EDGE('',*,*,#10496,.F.);
#10496 = EDGE_CURVE('',#10497,#10499,#10501,.T.);
#10497 = VERTEX_POINT('',#10498);
#10498 = CARTESIAN_POINT('',(0.218499563665,-6.010529177014,23.));
#10499 = VERTEX_POINT('',#10500);
#10500 = CARTESIAN_POINT('',(0.170678958478,-5.469643009867,23.));
#10501 = B_SPLINE_CURVE_WITH_KNOTS('',2,(#10502,#10503,#10504),
  .UNSPECIFIED.,.F.,.F.,(3,3),(0.,1.),.PIECEWISE_BEZIER_KNOTS.);
#10502 = CARTESIAN_POINT('',(0.218499563665,-6.010529177014,23.));
#10503 = CARTESIAN_POINT('',(0.218499563665,-5.683890128023,23.));
#10504 = CARTESIAN_POINT('',(0.170678958478,-5.469643009867,23.));
#10505 = ORIENTED_EDGE('',*,*,#10506,.F.);
#10506 = EDGE_CURVE('',#10507,#10497,#10509,.T.);
#10507 = VERTEX_POINT('',#10508);
#10508 = CARTESIAN_POINT('',(0.170678958478,-6.551415344161,23.));
#10509 = B_SPLINE_CURVE_WITH_KNOTS('',2,(#10510,#10511,#10512),
  .UNSPECIFIED.,.F.,.F.,(3,3),(0.,1.),.PIECEWISE_BEZIER_KNOTS.);
#10510 = CARTESIAN_POINT('',(0.170678958478,-6.551415344161,23.));
#10511 = CARTESIAN_POINT('',(0.218499563665,-6.337168226006,23.));
#10512 = CARTESIAN_POINT('',(0.218499563665,-6.010529177014,23.));
#10513 = ORIENTED_EDGE('',*,*,#10514,.F.);
#10514 = EDGE_CURVE('',#10515,#10507,#10517,.T.);
#10515 = VERTEX_POINT('',#10516);
#10516 = CARTESIAN_POINT('',(4.315734464524E-02,-6.892643730329,23.));
#10517 = B_SPLINE_CURVE_WITH_KNOTS('',2,(#10518,#10519,#10520),
  .UNSPECIFIED.,.F.,.F.,(3,3),(0.,1.),.PIECEWISE_BEZIER_KNOTS.);
#10518 = CARTESIAN_POINT('',(4.315734464524E-02,-6.892643730329,23.));
#10519 = CARTESIAN_POINT('',(0.122993439746,-6.765662462317,23.));
#10520 = CARTESIAN_POINT('',(0.170678958478,-6.551415344161,23.));
#10521 = ORIENTED_EDGE('',*,*,#10522,.F.);
#10522 = EDGE_CURVE('',#10523,#10515,#10525,.T.);
#10523 = VERTEX_POINT('',#10524);
#10524 = CARTESIAN_POINT('',(-0.14042514815,-7.070552592,23.));
#10525 = B_SPLINE_CURVE_WITH_KNOTS('',2,(#10526,#10527,#10528),
  .UNSPECIFIED.,.F.,.F.,(3,3),(0.,1.),.PIECEWISE_BEZIER_KNOTS.);
#10526 = CARTESIAN_POINT('',(-0.14042514815,-7.070552592,23.));
#10527 = CARTESIAN_POINT('',(-3.667875045562E-02,-7.019489911885,23.));
#10528 = CARTESIAN_POINT('',(4.315734464524E-02,-6.892643730329,23.));
#10529 = ORIENTED_EDGE('',*,*,#10530,.F.);
#10530 = EDGE_CURVE('',#10531,#10523,#10533,.T.);
#10531 = VERTEX_POINT('',#10532);
#10532 = CARTESIAN_POINT('',(-0.35629330377,-7.12148018566,23.));
#10533 = B_SPLINE_CURVE_WITH_KNOTS('',2,(#10534,#10535,#10536),
  .UNSPECIFIED.,.F.,.F.,(3,3),(0.,1.),.PIECEWISE_BEZIER_KNOTS.);
#10534 = CARTESIAN_POINT('',(-0.35629330377,-7.12148018566,23.));
#10535 = CARTESIAN_POINT('',(-0.244171545845,-7.12148018566,23.));
#10536 = CARTESIAN_POINT('',(-0.14042514815,-7.070552592,23.));
#10537 = ORIENTED_EDGE('',*,*,#10538,.F.);
#10538 = EDGE_CURVE('',#10539,#10531,#10541,.T.);
#10539 = VERTEX_POINT('',#10540);
#10540 = CARTESIAN_POINT('',(-0.569054470917,-7.070552592,23.));
#10541 = B_SPLINE_CURVE_WITH_KNOTS('',2,(#10542,#10543,#10544),
  .UNSPECIFIED.,.F.,.F.,(3,3),(0.,1.),.PIECEWISE_BEZIER_KNOTS.);
#10542 = CARTESIAN_POINT('',(-0.569054470917,-7.070552592,23.));
#10543 = CARTESIAN_POINT('',(-0.46625367841,-7.12148018566,23.));
#10544 = CARTESIAN_POINT('',(-0.35629330377,-7.12148018566,23.));
#10545 = ORIENTED_EDGE('',*,*,#10546,.F.);
#10546 = EDGE_CURVE('',#10547,#10539,#10549,.T.);
#10547 = VERTEX_POINT('',#10548);
#10548 = CARTESIAN_POINT('',(-0.750610666882,-6.892643730329,23.));
#10549 = B_SPLINE_CURVE_WITH_KNOTS('',2,(#10550,#10551,#10552),
  .UNSPECIFIED.,.F.,.F.,(3,3),(0.,1.),.PIECEWISE_BEZIER_KNOTS.);
#10550 = CARTESIAN_POINT('',(-0.750610666882,-6.892643730329,23.));
#10551 = CARTESIAN_POINT('',(-0.671720176969,-7.019489911885,23.));
#10552 = CARTESIAN_POINT('',(-0.569054470917,-7.070552592,23.));
#10553 = ORIENTED_EDGE('',*,*,#10554,.F.);
#10554 = EDGE_CURVE('',#10555,#10547,#10557,.T.);
#10555 = VERTEX_POINT('',#10556);
#10556 = CARTESIAN_POINT('',(-0.876105983885,-6.551415344161,23.));
#10557 = B_SPLINE_CURVE_WITH_KNOTS('',2,(#10558,#10559,#10560),
  .UNSPECIFIED.,.F.,.F.,(3,3),(0.,1.),.PIECEWISE_BEZIER_KNOTS.);
#10558 = CARTESIAN_POINT('',(-0.876105983885,-6.551415344161,23.));
#10559 = CARTESIAN_POINT('',(-0.82936607034,-6.765662462317,23.));
#10560 = CARTESIAN_POINT('',(-0.750610666882,-6.892643730329,23.));
#10561 = ORIENTED_EDGE('',*,*,#10562,.F.);
#10562 = EDGE_CURVE('',#10563,#10555,#10565,.T.);
#10563 = VERTEX_POINT('',#10564);
#10564 = CARTESIAN_POINT('',(-0.922710810974,-6.010529177014,23.));
#10565 = B_SPLINE_CURVE_WITH_KNOTS('',2,(#10566,#10567,#10568),
  .UNSPECIFIED.,.F.,.F.,(3,3),(0.,1.),.PIECEWISE_BEZIER_KNOTS.);
#10566 = CARTESIAN_POINT('',(-0.922710810974,-6.010529177014,23.));
#10567 = CARTESIAN_POINT('',(-0.922710810974,-6.337168226006,23.));
#10568 = CARTESIAN_POINT('',(-0.876105983885,-6.551415344161,23.));
#10569 = ORIENTED_EDGE('',*,*,#10570,.F.);
#10570 = EDGE_CURVE('',#10571,#10563,#10573,.T.);
#10571 = VERTEX_POINT('',#10572);
#10572 = CARTESIAN_POINT('',(-0.876105983885,-5.469643009867,23.));
#10573 = B_SPLINE_CURVE_WITH_KNOTS('',2,(#10574,#10575,#10576),
  .UNSPECIFIED.,.F.,.F.,(3,3),(0.,1.),.PIECEWISE_BEZIER_KNOTS.);
#10574 = CARTESIAN_POINT('',(-0.876105983885,-5.469643009867,23.));
#10575 = CARTESIAN_POINT('',(-0.922710810974,-5.683890128023,23.));
#10576 = CARTESIAN_POINT('',(-0.922710810974,-6.010529177014,23.));
#10577 = ORIENTED_EDGE('',*,*,#10578,.F.);
#10578 = EDGE_CURVE('',#10579,#10571,#10581,.T.);
#10579 = VERTEX_POINT('',#10580);
#10580 = CARTESIAN_POINT('',(-0.750610666882,-5.128549710156,23.));
#10581 = B_SPLINE_CURVE_WITH_KNOTS('',2,(#10582,#10583,#10584),
  .UNSPECIFIED.,.F.,.F.,(3,3),(0.,1.),.PIECEWISE_BEZIER_KNOTS.);
#10582 = CARTESIAN_POINT('',(-0.750610666882,-5.128549710156,23.));
#10583 = CARTESIAN_POINT('',(-0.82936607034,-5.255395891712,23.));
#10584 = CARTESIAN_POINT('',(-0.876105983885,-5.469643009867,23.));
#10585 = ORIENTED_EDGE('',*,*,#10586,.F.);
#10586 = EDGE_CURVE('',#10587,#10579,#10589,.T.);
#10587 = VERTEX_POINT('',#10588);
#10588 = CARTESIAN_POINT('',(-0.569054470917,-4.950640848484,23.));
#10589 = B_SPLINE_CURVE_WITH_KNOTS('',2,(#10590,#10591,#10592),
  .UNSPECIFIED.,.F.,.F.,(3,3),(0.,1.),.PIECEWISE_BEZIER_KNOTS.);
#10590 = CARTESIAN_POINT('',(-0.569054470917,-4.950640848484,23.));
#10591 = CARTESIAN_POINT('',(-0.671720176969,-5.001568442144,23.));
#10592 = CARTESIAN_POINT('',(-0.750610666882,-5.128549710156,23.));
#10593 = ORIENTED_EDGE('',*,*,#10594,.F.);
#10594 = EDGE_CURVE('',#10595,#10587,#10597,.T.);
#10595 = VERTEX_POINT('',#10596);
#10596 = CARTESIAN_POINT('',(-0.35629330377,-4.899578168369,23.));
#10597 = B_SPLINE_CURVE_WITH_KNOTS('',2,(#10598,#10599,#10600),
  .UNSPECIFIED.,.F.,.F.,(3,3),(0.,1.),.PIECEWISE_BEZIER_KNOTS.);
#10598 = CARTESIAN_POINT('',(-0.35629330377,-4.899578168369,23.));
#10599 = CARTESIAN_POINT('',(-0.46625367841,-4.899578168369,23.));
#10600 = CARTESIAN_POINT('',(-0.569054470917,-4.950640848484,23.));
#10601 = ORIENTED_EDGE('',*,*,#10602,.F.);
#10602 = EDGE_CURVE('',#10603,#10595,#10605,.T.);
#10603 = VERTEX_POINT('',#10604);
#10604 = CARTESIAN_POINT('',(-0.14042514815,-4.950640848484,23.));
#10605 = B_SPLINE_CURVE_WITH_KNOTS('',2,(#10606,#10607,#10608),
  .UNSPECIFIED.,.F.,.F.,(3,3),(0.,1.),.PIECEWISE_BEZIER_KNOTS.);
#10606 = CARTESIAN_POINT('',(-0.14042514815,-4.950640848484,23.));
#10607 = CARTESIAN_POINT('',(-0.244171545845,-4.899578168369,23.));
#10608 = CARTESIAN_POINT('',(-0.35629330377,-4.899578168369,23.));
#10609 = ORIENTED_EDGE('',*,*,#10610,.F.);
#10610 = EDGE_CURVE('',#10611,#10603,#10613,.T.);
#10611 = VERTEX_POINT('',#10612);
#10612 = CARTESIAN_POINT('',(4.315734464524E-02,-5.128549710156,23.));
#10613 = B_SPLINE_CURVE_WITH_KNOTS('',2,(#10614,#10615,#10616),
  .UNSPECIFIED.,.F.,.F.,(3,3),(0.,1.),.PIECEWISE_BEZIER_KNOTS.);
#10614 = CARTESIAN_POINT('',(4.315734464524E-02,-5.128549710156,23.));
#10615 = CARTESIAN_POINT('',(-3.667875045562E-02,-5.001568442144,23.));
#10616 = CARTESIAN_POINT('',(-0.14042514815,-4.950640848484,23.));
#10617 = ORIENTED_EDGE('',*,*,#10618,.F.);
#10618 = EDGE_CURVE('',#10499,#10611,#10619,.T.);
#10619 = B_SPLINE_CURVE_WITH_KNOTS('',2,(#10620,#10621,#10622),
  .UNSPECIFIED.,.F.,.F.,(3,3),(0.,1.),.PIECEWISE_BEZIER_KNOTS.);
#10620 = CARTESIAN_POINT('',(0.170678958478,-5.469643009867,23.));
#10621 = CARTESIAN_POINT('',(0.122993439746,-5.255395891712,23.));
#10622 = CARTESIAN_POINT('',(4.315734464524E-02,-5.128549710156,23.));
#10623 = PLANE('',#10624);
#10624 = AXIS2_PLACEMENT_3D('',#10625,#10626,#10627);
#10625 = CARTESIAN_POINT('',(-0.353020360719,-6.010528938918,23.));
#10626 = DIRECTION('',(0.,0.,1.));
#10627 = DIRECTION('',(1.,0.,0.));
#10628 = ADVANCED_FACE('',(#10629),#10667,.T.);
#10629 = FACE_BOUND('',#10630,.T.);
#10630 = EDGE_LOOP('',(#10631,#10632,#10633,#10634,#10635,#10636,#10637,
    #10638,#10639,#10640,#10641,#10642,#10643,#10644,#10645,#10646,
    #10647,#10648,#10649,#10650,#10651,#10652,#10653,#10654,#10655,
    #10656,#10657,#10658,#10659,#10660,#10661,#10662,#10663,#10664,
    #10665,#10666));
#10631 = ORIENTED_EDGE('',*,*,#5762,.F.);
#10632 = ORIENTED_EDGE('',*,*,#4872,.F.);
#10633 = ORIENTED_EDGE('',*,*,#4903,.F.);
#10634 = ORIENTED_EDGE('',*,*,#4927,.F.);
#10635 = ORIENTED_EDGE('',*,*,#4953,.F.);
#10636 = ORIENTED_EDGE('',*,*,#4979,.F.);
#10637 = ORIENTED_EDGE('',*,*,#5005,.F.);
#10638 = ORIENTED_EDGE('',*,*,#5031,.F.);
#10639 = ORIENTED_EDGE('',*,*,#5055,.F.);
#10640 = ORIENTED_EDGE('',*,*,#5079,.F.);
#10641 = ORIENTED_EDGE('',*,*,#5103,.F.);
#10642 = ORIENTED_EDGE('',*,*,#5129,.F.);
#10643 = ORIENTED_EDGE('',*,*,#5155,.F.);
#10644 = ORIENTED_EDGE('',*,*,#5181,.F.);
#10645 = ORIENTED_EDGE('',*,*,#5207,.F.);
#10646 = ORIENTED_EDGE('',*,*,#5233,.F.);
#10647 = ORIENTED_EDGE('',*,*,#5259,.F.);
#10648 = ORIENTED_EDGE('',*,*,#5283,.F.);
#10649 = ORIENTED_EDGE('',*,*,#5307,.F.);
#10650 = ORIENTED_EDGE('',*,*,#5331,.F.);
#10651 = ORIENTED_EDGE('',*,*,#5357,.F.);
#10652 = ORIENTED_EDGE('',*,*,#5383,.F.);
#10653 = ORIENTED_EDGE('',*,*,#5409,.F.);
#10654 = ORIENTED_EDGE('',*,*,#5435,.F.);
#10655 = ORIENTED_EDGE('',*,*,#5461,.F.);
#10656 = ORIENTED_EDGE('',*,*,#5487,.F.);
#10657 = ORIENTED_EDGE('',*,*,#5513,.F.);
#10658 = ORIENTED_EDGE('',*,*,#5539,.F.);
#10659 = ORIENTED_EDGE('',*,*,#5565,.F.);
#10660 = ORIENTED_EDGE('',*,*,#5591,.F.);
#10661 = ORIENTED_EDGE('',*,*,#5617,.F.);
#10662 = ORIENTED_EDGE('',*,*,#5643,.F.);
#10663 = ORIENTED_EDGE('',*,*,#5669,.F.);
#10664 = ORIENTED_EDGE('',*,*,#5695,.F.);
#10665 = ORIENTED_EDGE('',*,*,#5719,.F.);
#10666 = ORIENTED_EDGE('',*,*,#5745,.F.);
#10667 = PLANE('',#10668);
#10668 = AXIS2_PLACEMENT_3D('',#10669,#10670,#10671);
#10669 = CARTESIAN_POINT('',(3.381097895001,-6.393543948385,23.));
#10670 = DIRECTION('',(0.,0.,1.));
#10671 = DIRECTION('',(1.,0.,0.));
#10672 = ADVANCED_FACE('',(#10673),#10711,.T.);
#10673 = FACE_BOUND('',#10674,.T.);
#10674 = EDGE_LOOP('',(#10675,#10676,#10677,#10678,#10679,#10680,#10681,
    #10682,#10683,#10684,#10685,#10686,#10687,#10688,#10689,#10690,
    #10691,#10692,#10693,#10694,#10695,#10696,#10697,#10698,#10699,
    #10700,#10701,#10702,#10703,#10704,#10705,#10706,#10707,#10708,
    #10709,#10710));
#10675 = ORIENTED_EDGE('',*,*,#6676,.F.);
#10676 = ORIENTED_EDGE('',*,*,#5786,.F.);
#10677 = ORIENTED_EDGE('',*,*,#5817,.F.);
#10678 = ORIENTED_EDGE('',*,*,#5841,.F.);
#10679 = ORIENTED_EDGE('',*,*,#5867,.F.);
#10680 = ORIENTED_EDGE('',*,*,#5893,.F.);
#10681 = ORIENTED_EDGE('',*,*,#5919,.F.);
#10682 = ORIENTED_EDGE('',*,*,#5945,.F.);
#10683 = ORIENTED_EDGE('',*,*,#5969,.F.);
#10684 = ORIENTED_EDGE('',*,*,#5993,.F.);
#10685 = ORIENTED_EDGE('',*,*,#6017,.F.);
#10686 = ORIENTED_EDGE('',*,*,#6043,.F.);
#10687 = ORIENTED_EDGE('',*,*,#6069,.F.);
#10688 = ORIENTED_EDGE('',*,*,#6095,.F.);
#10689 = ORIENTED_EDGE('',*,*,#6121,.F.);
#10690 = ORIENTED_EDGE('',*,*,#6147,.F.);
#10691 = ORIENTED_EDGE('',*,*,#6173,.F.);
#10692 = ORIENTED_EDGE('',*,*,#6197,.F.);
#10693 = ORIENTED_EDGE('',*,*,#6221,.F.);
#10694 = ORIENTED_EDGE('',*,*,#6245,.F.);
#10695 = ORIENTED_EDGE('',*,*,#6271,.F.);
#10696 = ORIENTED_EDGE('',*,*,#6297,.F.);
#10697 = ORIENTED_EDGE('',*,*,#6323,.F.);
#10698 = ORIENTED_EDGE('',*,*,#6349,.F.);
#10699 = ORIENTED_EDGE('',*,*,#6375,.F.);
#10700 = ORIENTED_EDGE('',*,*,#6401,.F.);
#10701 = ORIENTED_EDGE('',*,*,#6427,.F.);
#10702 = ORIENTED_EDGE('',*,*,#6453,.F.);
#10703 = ORIENTED_EDGE('',*,*,#6479,.F.);
#10704 = ORIENTED_EDGE('',*,*,#6505,.F.);
#10705 = ORIENTED_EDGE('',*,*,#6531,.F.);
#10706 = ORIENTED_EDGE('',*,*,#6557,.F.);
#10707 = ORIENTED_EDGE('',*,*,#6583,.F.);
#10708 = ORIENTED_EDGE('',*,*,#6609,.F.);
#10709 = ORIENTED_EDGE('',*,*,#6633,.F.);
#10710 = ORIENTED_EDGE('',*,*,#6659,.F.);
#10711 = PLANE('',#10712);
#10712 = AXIS2_PLACEMENT_3D('',#10713,#10714,#10715);
#10713 = CARTESIAN_POINT('',(6.87389328405,-6.393543948385,23.));
#10714 = DIRECTION('',(0.,0.,1.));
#10715 = DIRECTION('',(1.,0.,0.));
#10716 = ADVANCED_FACE('',(#10717),#10723,.T.);
#10717 = FACE_BOUND('',#10718,.T.);
#10718 = EDGE_LOOP('',(#10719,#10720,#10721,#10722));
#10719 = ORIENTED_EDGE('',*,*,#6748,.F.);
#10720 = ORIENTED_EDGE('',*,*,#6700,.F.);
#10721 = ORIENTED_EDGE('',*,*,#6731,.F.);
#10722 = ORIENTED_EDGE('',*,*,#6772,.F.);
#10723 = PLANE('',#10724);
#10724 = AXIS2_PLACEMENT_3D('',#10725,#10726,#10727);
#10725 = CARTESIAN_POINT('',(-2.714925009911,0.799858072385,23.));
#10726 = DIRECTION('',(0.,0.,1.));
#10727 = DIRECTION('',(1.,0.,0.));
#10728 = ADVANCED_FACE('',(#10729),#10781,.T.);
#10729 = FACE_BOUND('',#10730,.T.);
#10730 = EDGE_LOOP('',(#10731,#10732,#10733,#10734,#10735,#10736,#10737,
    #10738,#10739,#10740,#10741,#10742,#10743,#10744,#10745,#10746,
    #10747,#10748,#10749,#10750,#10751,#10752,#10753,#10754,#10755,
    #10756,#10757,#10758,#10759,#10760,#10761,#10762,#10763,#10764,
    #10765,#10766,#10767,#10768,#10769,#10770,#10771,#10772,#10773,
    #10774,#10775,#10776,#10777,#10778,#10779,#10780));
#10731 = ORIENTED_EDGE('',*,*,#6846,.F.);
#10732 = ORIENTED_EDGE('',*,*,#6796,.F.);
#10733 = ORIENTED_EDGE('',*,*,#6827,.F.);
#10734 = ORIENTED_EDGE('',*,*,#6879,.F.);
#10735 = ORIENTED_EDGE('',*,*,#6931,.F.);
#10736 = ORIENTED_EDGE('',*,*,#6983,.F.);
#10737 = ORIENTED_EDGE('',*,*,#7035,.F.);
#10738 = ORIENTED_EDGE('',*,*,#7087,.F.);
#10739 = ORIENTED_EDGE('',*,*,#7139,.F.);
#10740 = ORIENTED_EDGE('',*,*,#7191,.F.);
#10741 = ORIENTED_EDGE('',*,*,#7243,.F.);
#10742 = ORIENTED_EDGE('',*,*,#7295,.F.);
#10743 = ORIENTED_EDGE('',*,*,#7347,.F.);
#10744 = ORIENTED_EDGE('',*,*,#7399,.F.);
#10745 = ORIENTED_EDGE('',*,*,#7451,.F.);
#10746 = ORIENTED_EDGE('',*,*,#7503,.F.);
#10747 = ORIENTED_EDGE('',*,*,#7555,.F.);
#10748 = ORIENTED_EDGE('',*,*,#7607,.F.);
#10749 = ORIENTED_EDGE('',*,*,#7659,.F.);
#10750 = ORIENTED_EDGE('',*,*,#7711,.F.);
#10751 = ORIENTED_EDGE('',*,*,#7763,.F.);
#10752 = ORIENTED_EDGE('',*,*,#7815,.F.);
#10753 = ORIENTED_EDGE('',*,*,#7867,.F.);
#10754 = ORIENTED_EDGE('',*,*,#7919,.F.);
#10755 = ORIENTED_EDGE('',*,*,#7971,.F.);
#10756 = ORIENTED_EDGE('',*,*,#8023,.F.);
#10757 = ORIENTED_EDGE('',*,*,#8068,.F.);
#10758 = ORIENTED_EDGE('',*,*,#8042,.F.);
#10759 = ORIENTED_EDGE('',*,*,#7990,.F.);
#10760 = ORIENTED_EDGE('',*,*,#7938,.F.);
#10761 = ORIENTED_EDGE('',*,*,#7886,.F.);
#10762 = ORIENTED_EDGE('',*,*,#7834,.F.);
#10763 = ORIENTED_EDGE('',*,*,#7782,.F.);
#10764 = ORIENTED_EDGE('',*,*,#7730,.F.);
#10765 = ORIENTED_EDGE('',*,*,#7678,.F.);
#10766 = ORIENTED_EDGE('',*,*,#7626,.F.);
#10767 = ORIENTED_EDGE('',*,*,#7574,.F.);
#10768 = ORIENTED_EDGE('',*,*,#7522,.F.);
#10769 = ORIENTED_EDGE('',*,*,#7470,.F.);
#10770 = ORIENTED_EDGE('',*,*,#7418,.F.);
#10771 = ORIENTED_EDGE('',*,*,#7366,.F.);
#10772 = ORIENTED_EDGE('',*,*,#7314,.F.);
#10773 = ORIENTED_EDGE('',*,*,#7262,.F.);
#10774 = ORIENTED_EDGE('',*,*,#7210,.F.);
#10775 = ORIENTED_EDGE('',*,*,#7158,.F.);
#10776 = ORIENTED_EDGE('',*,*,#7106,.F.);
#10777 = ORIENTED_EDGE('',*,*,#7054,.F.);
#10778 = ORIENTED_EDGE('',*,*,#7002,.F.);
#10779 = ORIENTED_EDGE('',*,*,#6950,.F.);
#10780 = ORIENTED_EDGE('',*,*,#6898,.F.);
#10781 = PLANE('',#10782);
#10782 = AXIS2_PLACEMENT_3D('',#10783,#10784,#10785);
#10783 = CARTESIAN_POINT('',(-0.286039022986,-7.489301746637E-03,23.));
#10784 = DIRECTION('',(0.,0.,1.));
#10785 = DIRECTION('',(1.,0.,0.));
#10786 = ADVANCED_FACE('',(#10787,#10810),#10884,.T.);
#10787 = FACE_BOUND('',#10788,.T.);
#10788 = EDGE_LOOP('',(#10789,#10790,#10791,#10792,#10793,#10794,#10795,
    #10796,#10797,#10798,#10799,#10800,#10801,#10802,#10803,#10804,
    #10805,#10806,#10807,#10808,#10809));
#10789 = ORIENTED_EDGE('',*,*,#8142,.F.);
#10790 = ORIENTED_EDGE('',*,*,#8092,.F.);
#10791 = ORIENTED_EDGE('',*,*,#8123,.F.);
#10792 = ORIENTED_EDGE('',*,*,#8173,.F.);
#10793 = ORIENTED_EDGE('',*,*,#8223,.F.);
#10794 = ORIENTED_EDGE('',*,*,#8271,.F.);
#10795 = ORIENTED_EDGE('',*,*,#8321,.F.);
#10796 = ORIENTED_EDGE('',*,*,#8373,.F.);
#10797 = ORIENTED_EDGE('',*,*,#8423,.F.);
#10798 = ORIENTED_EDGE('',*,*,#8473,.F.);
#10799 = ORIENTED_EDGE('',*,*,#8525,.F.);
#10800 = ORIENTED_EDGE('',*,*,#8577,.F.);
#10801 = ORIENTED_EDGE('',*,*,#8596,.F.);
#10802 = ORIENTED_EDGE('',*,*,#8544,.F.);
#10803 = ORIENTED_EDGE('',*,*,#8492,.F.);
#10804 = ORIENTED_EDGE('',*,*,#8440,.F.);
#10805 = ORIENTED_EDGE('',*,*,#8390,.F.);
#10806 = ORIENTED_EDGE('',*,*,#8340,.F.);
#10807 = ORIENTED_EDGE('',*,*,#8290,.F.);
#10808 = ORIENTED_EDGE('',*,*,#8240,.F.);
#10809 = ORIENTED_EDGE('',*,*,#8192,.F.);
#10810 = FACE_BOUND('',#10811,.T.);
#10811 = EDGE_LOOP('',(#10812,#10822,#10830,#10838,#10846,#10854,#10862,
    #10870,#10878));
#10812 = ORIENTED_EDGE('',*,*,#10813,.F.);
#10813 = EDGE_CURVE('',#10814,#10816,#10818,.T.);
#10814 = VERTEX_POINT('',#10815);
#10815 = CARTESIAN_POINT('',(-6.713974315786,0.864099869958,23.));
#10816 = VERTEX_POINT('',#10817);
#10817 = CARTESIAN_POINT('',(-6.133102557861,0.864099869958,23.));
#10818 = LINE('',#10819,#10820);
#10819 = CARTESIAN_POINT('',(-6.713974315786,0.864099869958,23.));
#10820 = VECTOR('',#10821,1.);
#10821 = DIRECTION('',(1.,0.,0.));
#10822 = ORIENTED_EDGE('',*,*,#10823,.F.);
#10823 = EDGE_CURVE('',#10824,#10814,#10826,.T.);
#10824 = VERTEX_POINT('',#10825);
#10825 = CARTESIAN_POINT('',(-6.713974315786,2.52116038869,23.));
#10826 = LINE('',#10827,#10828);
#10827 = CARTESIAN_POINT('',(-6.713974315786,2.52116038869,23.));
#10828 = VECTOR('',#10829,1.);
#10829 = DIRECTION('',(0.,-1.,0.));
#10830 = ORIENTED_EDGE('',*,*,#10831,.F.);
#10831 = EDGE_CURVE('',#10832,#10824,#10834,.T.);
#10832 = VERTEX_POINT('',#10833);
#10833 = CARTESIAN_POINT('',(-6.119143624143,2.52116038869,23.));
#10834 = LINE('',#10835,#10836);
#10835 = CARTESIAN_POINT('',(-6.119143624143,2.52116038869,23.));
#10836 = VECTOR('',#10837,1.);
#10837 = DIRECTION('',(-1.,0.,0.));
#10838 = ORIENTED_EDGE('',*,*,#10839,.F.);
#10839 = EDGE_CURVE('',#10840,#10832,#10842,.T.);
#10840 = VERTEX_POINT('',#10841);
#10841 = CARTESIAN_POINT('',(-5.353428566507,2.317404985232,23.));
#10842 = B_SPLINE_CURVE_WITH_KNOTS('',2,(#10843,#10844,#10845),
  .UNSPECIFIED.,.F.,.F.,(3,3),(0.,1.),.PIECEWISE_BEZIER_KNOTS.);
#10843 = CARTESIAN_POINT('',(-5.353428566507,2.317404985232,23.));
#10844 = CARTESIAN_POINT('',(-5.604013941146,2.52116038869,23.));
#10845 = CARTESIAN_POINT('',(-6.119143624143,2.52116038869,23.));
#10846 = ORIENTED_EDGE('',*,*,#10847,.F.);
#10847 = EDGE_CURVE('',#10848,#10840,#10850,.T.);
#10848 = VERTEX_POINT('',#10849);
#10849 = CARTESIAN_POINT('',(-5.102618047775,1.734056642293,23.));
#10850 = B_SPLINE_CURVE_WITH_KNOTS('',2,(#10851,#10852,#10853),
  .UNSPECIFIED.,.F.,.F.,(3,3),(0.,1.),.PIECEWISE_BEZIER_KNOTS.);
#10851 = CARTESIAN_POINT('',(-5.102618047775,1.734056642293,23.));
#10852 = CARTESIAN_POINT('',(-5.102618047775,2.113874725866,23.));
#10853 = CARTESIAN_POINT('',(-5.353428566507,2.317404985232,23.));
#10854 = ORIENTED_EDGE('',*,*,#10855,.F.);
#10855 = EDGE_CURVE('',#10856,#10848,#10858,.T.);
#10856 = VERTEX_POINT('',#10857);
#10857 = CARTESIAN_POINT('',(-5.164982961319,1.385308443445,23.));
#10858 = B_SPLINE_CURVE_WITH_KNOTS('',2,(#10859,#10860,#10861),
  .UNSPECIFIED.,.F.,.F.,(3,3),(0.,1.),.PIECEWISE_BEZIER_KNOTS.);
#10859 = CARTESIAN_POINT('',(-5.164982961319,1.385308443445,23.));
#10860 = CARTESIAN_POINT('',(-5.102618047775,1.544260172552,23.));
#10861 = CARTESIAN_POINT('',(-5.102618047775,1.734056642293,23.));
#10862 = ORIENTED_EDGE('',*,*,#10863,.F.);
#10863 = EDGE_CURVE('',#10864,#10856,#10866,.T.);
#10864 = VERTEX_POINT('',#10865);
#10865 = CARTESIAN_POINT('',(-5.353428566507,1.11085779503,23.));
#10866 = B_SPLINE_CURVE_WITH_KNOTS('',2,(#10867,#10868,#10869),
  .UNSPECIFIED.,.F.,.F.,(3,3),(0.,1.),.PIECEWISE_BEZIER_KNOTS.);
#10867 = CARTESIAN_POINT('',(-5.353428566507,1.11085779503,23.));
#10868 = CARTESIAN_POINT('',(-5.227122730772,1.226581858431,23.));
#10869 = CARTESIAN_POINT('',(-5.164982961319,1.385308443445,23.));
#10870 = ORIENTED_EDGE('',*,*,#10871,.F.);
#10871 = EDGE_CURVE('',#10872,#10864,#10874,.T.);
#10872 = VERTEX_POINT('',#10873);
#10873 = CARTESIAN_POINT('',(-5.674934330195,0.929616800794,23.));
#10874 = B_SPLINE_CURVE_WITH_KNOTS('',2,(#10875,#10876,#10877),
  .UNSPECIFIED.,.F.,.F.,(3,3),(0.,1.),.PIECEWISE_BEZIER_KNOTS.);
#10875 = CARTESIAN_POINT('',(-5.674934330195,0.929616800794,23.));
#10876 = CARTESIAN_POINT('',(-5.479509258149,0.995358875722,23.));
#10877 = CARTESIAN_POINT('',(-5.353428566507,1.11085779503,23.));
#10878 = ORIENTED_EDGE('',*,*,#10879,.F.);
#10879 = EDGE_CURVE('',#10816,#10872,#10880,.T.);
#10880 = B_SPLINE_CURVE_WITH_KNOTS('',2,(#10881,#10882,#10883),
  .UNSPECIFIED.,.F.,.F.,(3,3),(0.,1.),.PIECEWISE_BEZIER_KNOTS.);
#10881 = CARTESIAN_POINT('',(-6.133102557861,0.864099869958,23.));
#10882 = CARTESIAN_POINT('',(-5.870359402241,0.864099869958,23.));
#10883 = CARTESIAN_POINT('',(-5.674934330195,0.929616800794,23.));
#10884 = PLANE('',#10885);
#10885 = AXIS2_PLACEMENT_3D('',#10886,#10887,#10888);
#10886 = CARTESIAN_POINT('',(-5.987202216076,0.74141711374,23.));
#10887 = DIRECTION('',(0.,0.,1.));
#10888 = DIRECTION('',(1.,0.,0.));
#10889 = ADVANCED_FACE('',(#10890),#10908,.T.);
#10890 = FACE_BOUND('',#10891,.T.);
#10891 = EDGE_LOOP('',(#10892,#10893,#10894,#10895,#10896,#10897,#10898,
    #10899,#10900,#10901,#10902,#10903,#10904,#10905,#10906,#10907));
#10892 = ORIENTED_EDGE('',*,*,#8674,.F.);
#10893 = ORIENTED_EDGE('',*,*,#8622,.F.);
#10894 = ORIENTED_EDGE('',*,*,#8655,.F.);
#10895 = ORIENTED_EDGE('',*,*,#8707,.F.);
#10896 = ORIENTED_EDGE('',*,*,#8759,.F.);
#10897 = ORIENTED_EDGE('',*,*,#8811,.F.);
#10898 = ORIENTED_EDGE('',*,*,#8863,.F.);
#10899 = ORIENTED_EDGE('',*,*,#8915,.F.);
#10900 = ORIENTED_EDGE('',*,*,#8967,.F.);
#10901 = ORIENTED_EDGE('',*,*,#9012,.F.);
#10902 = ORIENTED_EDGE('',*,*,#8986,.F.);
#10903 = ORIENTED_EDGE('',*,*,#8934,.F.);
#10904 = ORIENTED_EDGE('',*,*,#8882,.F.);
#10905 = ORIENTED_EDGE('',*,*,#8830,.F.);
#10906 = ORIENTED_EDGE('',*,*,#8778,.F.);
#10907 = ORIENTED_EDGE('',*,*,#8726,.F.);
#10908 = PLANE('',#10909);
#10909 = AXIS2_PLACEMENT_3D('',#10910,#10911,#10912);
#10910 = CARTESIAN_POINT('',(-2.714925009911,0.799858072385,23.));
#10911 = DIRECTION('',(0.,0.,1.));
#10912 = DIRECTION('',(1.,0.,0.));
#10913 = ADVANCED_FACE('',(#10914,#10946),#11004,.T.);
#10914 = FACE_BOUND('',#10915,.T.);
#10915 = EDGE_LOOP('',(#10916,#10917,#10918,#10919,#10920,#10921,#10922,
    #10923,#10924,#10925,#10926,#10927,#10928,#10929,#10930,#10931,
    #10932,#10933,#10934,#10935,#10936,#10937,#10938,#10939,#10940,
    #10941,#10942,#10943,#10944,#10945));
#10916 = ORIENTED_EDGE('',*,*,#9090,.F.);
#10917 = ORIENTED_EDGE('',*,*,#9038,.F.);
#10918 = ORIENTED_EDGE('',*,*,#9071,.F.);
#10919 = ORIENTED_EDGE('',*,*,#9123,.F.);
#10920 = ORIENTED_EDGE('',*,*,#9175,.F.);
#10921 = ORIENTED_EDGE('',*,*,#9227,.F.);
#10922 = ORIENTED_EDGE('',*,*,#9279,.F.);
#10923 = ORIENTED_EDGE('',*,*,#9331,.F.);
#10924 = ORIENTED_EDGE('',*,*,#9383,.F.);
#10925 = ORIENTED_EDGE('',*,*,#9435,.F.);
#10926 = ORIENTED_EDGE('',*,*,#9487,.F.);
#10927 = ORIENTED_EDGE('',*,*,#9537,.F.);
#10928 = ORIENTED_EDGE('',*,*,#9589,.F.);
#10929 = ORIENTED_EDGE('',*,*,#9641,.F.);
#10930 = ORIENTED_EDGE('',*,*,#9691,.F.);
#10931 = ORIENTED_EDGE('',*,*,#9743,.F.);
#10932 = ORIENTED_EDGE('',*,*,#9788,.F.);
#10933 = ORIENTED_EDGE('',*,*,#9762,.F.);
#10934 = ORIENTED_EDGE('',*,*,#9710,.F.);
#10935 = ORIENTED_EDGE('',*,*,#9658,.F.);
#10936 = ORIENTED_EDGE('',*,*,#9608,.F.);
#10937 = ORIENTED_EDGE('',*,*,#9556,.F.);
#10938 = ORIENTED_EDGE('',*,*,#9506,.F.);
#10939 = ORIENTED_EDGE('',*,*,#9454,.F.);
#10940 = ORIENTED_EDGE('',*,*,#9402,.F.);
#10941 = ORIENTED_EDGE('',*,*,#9350,.F.);
#10942 = ORIENTED_EDGE('',*,*,#9298,.F.);
#10943 = ORIENTED_EDGE('',*,*,#9246,.F.);
#10944 = ORIENTED_EDGE('',*,*,#9194,.F.);
#10945 = ORIENTED_EDGE('',*,*,#9142,.F.);
#10946 = FACE_BOUND('',#10947,.T.);
#10947 = EDGE_LOOP('',(#10948,#10958,#10966,#10974,#10982,#10990,#10998)
  );
#10948 = ORIENTED_EDGE('',*,*,#10949,.F.);
#10949 = EDGE_CURVE('',#10950,#10952,#10954,.T.);
#10950 = VERTEX_POINT('',#10951);
#10951 = CARTESIAN_POINT('',(7.117077557413,1.224330417509,23.));
#10952 = VERTEX_POINT('',#10953);
#10953 = CARTESIAN_POINT('',(6.532603494012,1.013820691284,23.));
#10954 = B_SPLINE_CURVE_WITH_KNOTS('',2,(#10955,#10956,#10957),
  .UNSPECIFIED.,.F.,.F.,(3,3),(0.,1.),.PIECEWISE_BEZIER_KNOTS.);
#10955 = CARTESIAN_POINT('',(7.117077557413,1.224330417509,23.));
#10956 = CARTESIAN_POINT('',(6.743563508421,1.224330417509,23.));
#10957 = CARTESIAN_POINT('',(6.532603494012,1.013820691284,23.));
#10958 = ORIENTED_EDGE('',*,*,#10959,.F.);
#10959 = EDGE_CURVE('',#10960,#10950,#10962,.T.);
#10960 = VERTEX_POINT('',#10961);
#10961 = CARTESIAN_POINT('',(7.448939949344,1.160389495318,23.));
#10962 = B_SPLINE_CURVE_WITH_KNOTS('',2,(#10963,#10964,#10965),
  .UNSPECIFIED.,.F.,.F.,(3,3),(0.,1.),.PIECEWISE_BEZIER_KNOTS.);
#10963 = CARTESIAN_POINT('',(7.448939949344,1.160389495318,23.));
#10964 = CARTESIAN_POINT('',(7.307324315338,1.224330417509,23.));
#10965 = CARTESIAN_POINT('',(7.117077557413,1.224330417509,23.));
#10966 = ORIENTED_EDGE('',*,*,#10967,.F.);
#10967 = EDGE_CURVE('',#10968,#10960,#10970,.T.);
#10968 = VERTEX_POINT('',#10969);
#10969 = CARTESIAN_POINT('',(7.684215525712,0.986353112033,23.));
#10970 = B_SPLINE_CURVE_WITH_KNOTS('',2,(#10971,#10972,#10973),
  .UNSPECIFIED.,.F.,.F.,(3,3),(0.,1.),.PIECEWISE_BEZIER_KNOTS.);
#10971 = CARTESIAN_POINT('',(7.684215525712,0.986353112033,23.));
#10972 = CARTESIAN_POINT('',(7.590780727442,1.096673717221,23.));
#10973 = CARTESIAN_POINT('',(7.448939949344,1.160389495318,23.));
#10974 = ORIENTED_EDGE('',*,*,#10975,.F.);
#10975 = EDGE_CURVE('',#10976,#10968,#10978,.T.);
#10976 = VERTEX_POINT('',#10977);
#10977 = CARTESIAN_POINT('',(7.822453998335,0.729463702811,23.));
#10978 = B_SPLINE_CURVE_WITH_KNOTS('',2,(#10979,#10980,#10981),
  .UNSPECIFIED.,.F.,.F.,(3,3),(0.,1.),.PIECEWISE_BEZIER_KNOTS.);
#10979 = CARTESIAN_POINT('',(7.822453998335,0.729463702811,23.));
#10980 = CARTESIAN_POINT('',(7.777650323983,0.876032506846,23.));
#10981 = CARTESIAN_POINT('',(7.684215525712,0.986353112033,23.));
#10982 = ORIENTED_EDGE('',*,*,#10983,.F.);
#10983 = EDGE_CURVE('',#10984,#10976,#10986,.T.);
#10984 = VERTEX_POINT('',#10985);
#10985 = CARTESIAN_POINT('',(7.867482816779,0.417413990996,23.));
#10986 = B_SPLINE_CURVE_WITH_KNOTS('',2,(#10987,#10988,#10989),
  .UNSPECIFIED.,.F.,.F.,(3,3),(0.,1.),.PIECEWISE_BEZIER_KNOTS.);
#10987 = CARTESIAN_POINT('',(7.867482816779,0.417413990996,23.));
#10988 = CARTESIAN_POINT('',(7.867482816779,0.582894898777,23.));
#10989 = CARTESIAN_POINT('',(7.822453998335,0.729463702811,23.));
#10990 = ORIENTED_EDGE('',*,*,#10991,.F.);
#10991 = EDGE_CURVE('',#10992,#10984,#10994,.T.);
#10992 = VERTEX_POINT('',#10993);
#10993 = CARTESIAN_POINT('',(6.262880871534,0.417413990996,23.));
#10994 = LINE('',#10995,#10996);
#10995 = CARTESIAN_POINT('',(6.262880871534,0.417413990996,23.));
#10996 = VECTOR('',#10997,1.);
#10997 = DIRECTION('',(1.,0.,0.));
#10998 = ORIENTED_EDGE('',*,*,#10999,.F.);
#10999 = EDGE_CURVE('',#10952,#10992,#11000,.T.);
#11000 = B_SPLINE_CURVE_WITH_KNOTS('',2,(#11001,#11002,#11003),
  .UNSPECIFIED.,.F.,.F.,(3,3),(0.,1.),.PIECEWISE_BEZIER_KNOTS.);
#11001 = CARTESIAN_POINT('',(6.532603494012,1.013820691284,23.));
#11002 = CARTESIAN_POINT('',(6.321643479603,0.803536109151,23.));
#11003 = CARTESIAN_POINT('',(6.262880871534,0.417413990996,23.));
#11004 = PLANE('',#11005);
#11005 = AXIS2_PLACEMENT_3D('',#11006,#11007,#11008);
#11006 = CARTESIAN_POINT('',(7.065152433622,2.078987730621E-02,23.));
#11007 = DIRECTION('',(0.,0.,1.));
#11008 = DIRECTION('',(1.,0.,0.));
#11009 = ADVANCED_FACE('',(#11010),#11030,.T.);
#11010 = FACE_BOUND('',#11011,.T.);
#11011 = EDGE_LOOP('',(#11012,#11013,#11014,#11015,#11016,#11017,#11018,
    #11019,#11020,#11021,#11022,#11023,#11024,#11025,#11026,#11027,
    #11028,#11029));
#11012 = ORIENTED_EDGE('',*,*,#9862,.F.);
#11013 = ORIENTED_EDGE('',*,*,#9814,.F.);
#11014 = ORIENTED_EDGE('',*,*,#9845,.F.);
#11015 = ORIENTED_EDGE('',*,*,#9893,.F.);
#11016 = ORIENTED_EDGE('',*,*,#9943,.F.);
#11017 = ORIENTED_EDGE('',*,*,#9993,.F.);
#11018 = ORIENTED_EDGE('',*,*,#10045,.F.);
#11019 = ORIENTED_EDGE('',*,*,#10097,.F.);
#11020 = ORIENTED_EDGE('',*,*,#10147,.F.);
#11021 = ORIENTED_EDGE('',*,*,#10197,.F.);
#11022 = ORIENTED_EDGE('',*,*,#10240,.F.);
#11023 = ORIENTED_EDGE('',*,*,#10214,.F.);
#11024 = ORIENTED_EDGE('',*,*,#10164,.F.);
#11025 = ORIENTED_EDGE('',*,*,#10114,.F.);
#11026 = ORIENTED_EDGE('',*,*,#10064,.F.);
#11027 = ORIENTED_EDGE('',*,*,#10012,.F.);
#11028 = ORIENTED_EDGE('',*,*,#9962,.F.);
#11029 = ORIENTED_EDGE('',*,*,#9912,.F.);
#11030 = PLANE('',#11031);
#11031 = AXIS2_PLACEMENT_3D('',#11032,#11033,#11034);
#11032 = CARTESIAN_POINT('',(3.030845523335,0.519059027967,23.));
#11033 = DIRECTION('',(0.,0.,1.));
#11034 = DIRECTION('',(1.,0.,0.));
#11035 = ADVANCED_FACE('',(#11036),#11061,.T.);
#11036 = FACE_BOUND('',#11037,.T.);
#11037 = EDGE_LOOP('',(#11038,#11046,#11047,#11055));
#11038 = ORIENTED_EDGE('',*,*,#11039,.T.);
#11039 = EDGE_CURVE('',#11040,#10343,#11042,.T.);
#11040 = VERTEX_POINT('',#11041);
#11041 = CARTESIAN_POINT('',(-2.184958649591,-6.010529177014,25.));
#11042 = LINE('',#11043,#11044);
#11043 = CARTESIAN_POINT('',(-2.184958649591,-6.010529177014,25.));
#11044 = VECTOR('',#11045,1.);
#11045 = DIRECTION('',(-0.,-0.,-1.));
#11046 = ORIENTED_EDGE('',*,*,#10342,.T.);
#11047 = ORIENTED_EDGE('',*,*,#11048,.F.);
#11048 = EDGE_CURVE('',#11049,#10345,#11051,.T.);
#11049 = VERTEX_POINT('',#11050);
#11050 = CARTESIAN_POINT('',(-2.232779254778,-5.469643009867,25.));
#11051 = LINE('',#11052,#11053);
#11052 = CARTESIAN_POINT('',(-2.232779254778,-5.469643009867,25.));
#11053 = VECTOR('',#11054,1.);
#11054 = DIRECTION('',(-0.,-0.,-1.));
#11055 = ORIENTED_EDGE('',*,*,#11056,.F.);
#11056 = EDGE_CURVE('',#11040,#11049,#11057,.T.);
#11057 = B_SPLINE_CURVE_WITH_KNOTS('',2,(#11058,#11059,#11060),
  .UNSPECIFIED.,.F.,.F.,(3,3),(0.,1.),.PIECEWISE_BEZIER_KNOTS.);
#11058 = CARTESIAN_POINT('',(-2.184958649591,-6.010529177014,25.));
#11059 = CARTESIAN_POINT('',(-2.184958649591,-5.683890128023,25.));
#11060 = CARTESIAN_POINT('',(-2.232779254778,-5.469643009867,25.));
#11061 = SURFACE_OF_LINEAR_EXTRUSION('',#11062,#11066);
#11062 = B_SPLINE_CURVE_WITH_KNOTS('',2,(#11063,#11064,#11065),
  .UNSPECIFIED.,.F.,.F.,(3,3),(0.,1.),.PIECEWISE_BEZIER_KNOTS.);
#11063 = CARTESIAN_POINT('',(-2.184958649591,-6.010529177014,25.));
#11064 = CARTESIAN_POINT('',(-2.184958649591,-5.683890128023,25.));
#11065 = CARTESIAN_POINT('',(-2.232779254778,-5.469643009867,25.));
#11066 = VECTOR('',#11067,1.);
#11067 = DIRECTION('',(0.,0.,1.));
#11068 = ADVANCED_FACE('',(#11069),#11087,.T.);
#11069 = FACE_BOUND('',#11070,.T.);
#11070 = EDGE_LOOP('',(#11071,#11079,#11080,#11081));
#11071 = ORIENTED_EDGE('',*,*,#11072,.T.);
#11072 = EDGE_CURVE('',#11073,#10353,#11075,.T.);
#11073 = VERTEX_POINT('',#11074);
#11074 = CARTESIAN_POINT('',(-2.232779254778,-6.551415344161,25.));
#11075 = LINE('',#11076,#11077);
#11076 = CARTESIAN_POINT('',(-2.232779254778,-6.551415344161,25.));
#11077 = VECTOR('',#11078,1.);
#11078 = DIRECTION('',(-0.,-0.,-1.));
#11079 = ORIENTED_EDGE('',*,*,#10352,.T.);
#11080 = ORIENTED_EDGE('',*,*,#11039,.F.);
#11081 = ORIENTED_EDGE('',*,*,#11082,.F.);
#11082 = EDGE_CURVE('',#11073,#11040,#11083,.T.);
#11083 = B_SPLINE_CURVE_WITH_KNOTS('',2,(#11084,#11085,#11086),
  .UNSPECIFIED.,.F.,.F.,(3,3),(0.,1.),.PIECEWISE_BEZIER_KNOTS.);
#11084 = CARTESIAN_POINT('',(-2.232779254778,-6.551415344161,25.));
#11085 = CARTESIAN_POINT('',(-2.184958649591,-6.337168226006,25.));
#11086 = CARTESIAN_POINT('',(-2.184958649591,-6.010529177014,25.));
#11087 = SURFACE_OF_LINEAR_EXTRUSION('',#11088,#11092);
#11088 = B_SPLINE_CURVE_WITH_KNOTS('',2,(#11089,#11090,#11091),
  .UNSPECIFIED.,.F.,.F.,(3,3),(0.,1.),.PIECEWISE_BEZIER_KNOTS.);
#11089 = CARTESIAN_POINT('',(-2.232779254778,-6.551415344161,25.));
#11090 = CARTESIAN_POINT('',(-2.184958649591,-6.337168226006,25.));
#11091 = CARTESIAN_POINT('',(-2.184958649591,-6.010529177014,25.));
#11092 = VECTOR('',#11093,1.);
#11093 = DIRECTION('',(0.,0.,1.));
#11094 = ADVANCED_FACE('',(#11095),#11113,.T.);
#11095 = FACE_BOUND('',#11096,.T.);
#11096 = EDGE_LOOP('',(#11097,#11105,#11106,#11107));
#11097 = ORIENTED_EDGE('',*,*,#11098,.T.);
#11098 = EDGE_CURVE('',#11099,#10361,#11101,.T.);
#11099 = VERTEX_POINT('',#11100);
#11100 = CARTESIAN_POINT('',(-2.360300868611,-6.892643730329,25.));
#11101 = LINE('',#11102,#11103);
#11102 = CARTESIAN_POINT('',(-2.360300868611,-6.892643730329,25.));
#11103 = VECTOR('',#11104,1.);
#11104 = DIRECTION('',(-0.,-0.,-1.));
#11105 = ORIENTED_EDGE('',*,*,#10360,.T.);
#11106 = ORIENTED_EDGE('',*,*,#11072,.F.);
#11107 = ORIENTED_EDGE('',*,*,#11108,.F.);
#11108 = EDGE_CURVE('',#11099,#11073,#11109,.T.);
#11109 = B_SPLINE_CURVE_WITH_KNOTS('',2,(#11110,#11111,#11112),
  .UNSPECIFIED.,.F.,.F.,(3,3),(0.,1.),.PIECEWISE_BEZIER_KNOTS.);
#11110 = CARTESIAN_POINT('',(-2.360300868611,-6.892643730329,25.));
#11111 = CARTESIAN_POINT('',(-2.28046477351,-6.765662462317,25.));
#11112 = CARTESIAN_POINT('',(-2.232779254778,-6.551415344161,25.));
#11113 = SURFACE_OF_LINEAR_EXTRUSION('',#11114,#11118);
#11114 = B_SPLINE_CURVE_WITH_KNOTS('',2,(#11115,#11116,#11117),
  .UNSPECIFIED.,.F.,.F.,(3,3),(0.,1.),.PIECEWISE_BEZIER_KNOTS.);
#11115 = CARTESIAN_POINT('',(-2.360300868611,-6.892643730329,25.));
#11116 = CARTESIAN_POINT('',(-2.28046477351,-6.765662462317,25.));
#11117 = CARTESIAN_POINT('',(-2.232779254778,-6.551415344161,25.));
#11118 = VECTOR('',#11119,1.);
#11119 = DIRECTION('',(0.,0.,1.));
#11120 = ADVANCED_FACE('',(#11121),#11139,.T.);
#11121 = FACE_BOUND('',#11122,.T.);
#11122 = EDGE_LOOP('',(#11123,#11131,#11132,#11133));
#11123 = ORIENTED_EDGE('',*,*,#11124,.T.);
#11124 = EDGE_CURVE('',#11125,#10369,#11127,.T.);
#11125 = VERTEX_POINT('',#11126);
#11126 = CARTESIAN_POINT('',(-2.543883361407,-7.070552592,25.));
#11127 = LINE('',#11128,#11129);
#11128 = CARTESIAN_POINT('',(-2.543883361407,-7.070552592,25.));
#11129 = VECTOR('',#11130,1.);
#11130 = DIRECTION('',(-0.,-0.,-1.));
#11131 = ORIENTED_EDGE('',*,*,#10368,.T.);
#11132 = ORIENTED_EDGE('',*,*,#11098,.F.);
#11133 = ORIENTED_EDGE('',*,*,#11134,.F.);
#11134 = EDGE_CURVE('',#11125,#11099,#11135,.T.);
#11135 = B_SPLINE_CURVE_WITH_KNOTS('',2,(#11136,#11137,#11138),
  .UNSPECIFIED.,.F.,.F.,(3,3),(0.,1.),.PIECEWISE_BEZIER_KNOTS.);
#11136 = CARTESIAN_POINT('',(-2.543883361407,-7.070552592,25.));
#11137 = CARTESIAN_POINT('',(-2.440136963712,-7.019489911885,25.));
#11138 = CARTESIAN_POINT('',(-2.360300868611,-6.892643730329,25.));
#11139 = SURFACE_OF_LINEAR_EXTRUSION('',#11140,#11144);
#11140 = B_SPLINE_CURVE_WITH_KNOTS('',2,(#11141,#11142,#11143),
  .UNSPECIFIED.,.F.,.F.,(3,3),(0.,1.),.PIECEWISE_BEZIER_KNOTS.);
#11141 = CARTESIAN_POINT('',(-2.543883361407,-7.070552592,25.));
#11142 = CARTESIAN_POINT('',(-2.440136963712,-7.019489911885,25.));
#11143 = CARTESIAN_POINT('',(-2.360300868611,-6.892643730329,25.));
#11144 = VECTOR('',#11145,1.);
#11145 = DIRECTION('',(0.,0.,1.));
#11146 = ADVANCED_FACE('',(#11147),#11165,.T.);
#11147 = FACE_BOUND('',#11148,.T.);
#11148 = EDGE_LOOP('',(#11149,#11157,#11158,#11159));
#11149 = ORIENTED_EDGE('',*,*,#11150,.T.);
#11150 = EDGE_CURVE('',#11151,#10377,#11153,.T.);
#11151 = VERTEX_POINT('',#11152);
#11152 = CARTESIAN_POINT('',(-2.759751517026,-7.12148018566,25.));
#11153 = LINE('',#11154,#11155);
#11154 = CARTESIAN_POINT('',(-2.759751517026,-7.12148018566,25.));
#11155 = VECTOR('',#11156,1.);
#11156 = DIRECTION('',(-0.,-0.,-1.));
#11157 = ORIENTED_EDGE('',*,*,#10376,.T.);
#11158 = ORIENTED_EDGE('',*,*,#11124,.F.);
#11159 = ORIENTED_EDGE('',*,*,#11160,.F.);
#11160 = EDGE_CURVE('',#11151,#11125,#11161,.T.);
#11161 = B_SPLINE_CURVE_WITH_KNOTS('',2,(#11162,#11163,#11164),
  .UNSPECIFIED.,.F.,.F.,(3,3),(0.,1.),.PIECEWISE_BEZIER_KNOTS.);
#11162 = CARTESIAN_POINT('',(-2.759751517026,-7.12148018566,25.));
#11163 = CARTESIAN_POINT('',(-2.647629759101,-7.12148018566,25.));
#11164 = CARTESIAN_POINT('',(-2.543883361407,-7.070552592,25.));
#11165 = SURFACE_OF_LINEAR_EXTRUSION('',#11166,#11170);
#11166 = B_SPLINE_CURVE_WITH_KNOTS('',2,(#11167,#11168,#11169),
  .UNSPECIFIED.,.F.,.F.,(3,3),(0.,1.),.PIECEWISE_BEZIER_KNOTS.);
#11167 = CARTESIAN_POINT('',(-2.759751517026,-7.12148018566,25.));
#11168 = CARTESIAN_POINT('',(-2.647629759101,-7.12148018566,25.));
#11169 = CARTESIAN_POINT('',(-2.543883361407,-7.070552592,25.));
#11170 = VECTOR('',#11171,1.);
#11171 = DIRECTION('',(0.,0.,1.));
#11172 = ADVANCED_FACE('',(#11173),#11191,.T.);
#11173 = FACE_BOUND('',#11174,.T.);
#11174 = EDGE_LOOP('',(#11175,#11183,#11184,#11185));
#11175 = ORIENTED_EDGE('',*,*,#11176,.T.);
#11176 = EDGE_CURVE('',#11177,#10385,#11179,.T.);
#11177 = VERTEX_POINT('',#11178);
#11178 = CARTESIAN_POINT('',(-2.972512684173,-7.070552592,25.));
#11179 = LINE('',#11180,#11181);
#11180 = CARTESIAN_POINT('',(-2.972512684173,-7.070552592,25.));
#11181 = VECTOR('',#11182,1.);
#11182 = DIRECTION('',(-0.,-0.,-1.));
#11183 = ORIENTED_EDGE('',*,*,#10384,.T.);
#11184 = ORIENTED_EDGE('',*,*,#11150,.F.);
#11185 = ORIENTED_EDGE('',*,*,#11186,.F.);
#11186 = EDGE_CURVE('',#11177,#11151,#11187,.T.);
#11187 = B_SPLINE_CURVE_WITH_KNOTS('',2,(#11188,#11189,#11190),
  .UNSPECIFIED.,.F.,.F.,(3,3),(0.,1.),.PIECEWISE_BEZIER_KNOTS.);
#11188 = CARTESIAN_POINT('',(-2.972512684173,-7.070552592,25.));
#11189 = CARTESIAN_POINT('',(-2.869711891666,-7.12148018566,25.));
#11190 = CARTESIAN_POINT('',(-2.759751517026,-7.12148018566,25.));
#11191 = SURFACE_OF_LINEAR_EXTRUSION('',#11192,#11196);
#11192 = B_SPLINE_CURVE_WITH_KNOTS('',2,(#11193,#11194,#11195),
  .UNSPECIFIED.,.F.,.F.,(3,3),(0.,1.),.PIECEWISE_BEZIER_KNOTS.);
#11193 = CARTESIAN_POINT('',(-2.972512684173,-7.070552592,25.));
#11194 = CARTESIAN_POINT('',(-2.869711891666,-7.12148018566,25.));
#11195 = CARTESIAN_POINT('',(-2.759751517026,-7.12148018566,25.));
#11196 = VECTOR('',#11197,1.);
#11197 = DIRECTION('',(0.,0.,1.));
#11198 = ADVANCED_FACE('',(#11199),#11217,.T.);
#11199 = FACE_BOUND('',#11200,.T.);
#11200 = EDGE_LOOP('',(#11201,#11209,#11210,#11211));
#11201 = ORIENTED_EDGE('',*,*,#11202,.T.);
#11202 = EDGE_CURVE('',#11203,#10393,#11205,.T.);
#11203 = VERTEX_POINT('',#11204);
#11204 = CARTESIAN_POINT('',(-3.154068880139,-6.892643730329,25.));
#11205 = LINE('',#11206,#11207);
#11206 = CARTESIAN_POINT('',(-3.154068880139,-6.892643730329,25.));
#11207 = VECTOR('',#11208,1.);
#11208 = DIRECTION('',(-0.,-0.,-1.));
#11209 = ORIENTED_EDGE('',*,*,#10392,.T.);
#11210 = ORIENTED_EDGE('',*,*,#11176,.F.);
#11211 = ORIENTED_EDGE('',*,*,#11212,.F.);
#11212 = EDGE_CURVE('',#11203,#11177,#11213,.T.);
#11213 = B_SPLINE_CURVE_WITH_KNOTS('',2,(#11214,#11215,#11216),
  .UNSPECIFIED.,.F.,.F.,(3,3),(0.,1.),.PIECEWISE_BEZIER_KNOTS.);
#11214 = CARTESIAN_POINT('',(-3.154068880139,-6.892643730329,25.));
#11215 = CARTESIAN_POINT('',(-3.075178390225,-7.019489911885,25.));
#11216 = CARTESIAN_POINT('',(-2.972512684173,-7.070552592,25.));
#11217 = SURFACE_OF_LINEAR_EXTRUSION('',#11218,#11222);
#11218 = B_SPLINE_CURVE_WITH_KNOTS('',2,(#11219,#11220,#11221),
  .UNSPECIFIED.,.F.,.F.,(3,3),(0.,1.),.PIECEWISE_BEZIER_KNOTS.);
#11219 = CARTESIAN_POINT('',(-3.154068880139,-6.892643730329,25.));
#11220 = CARTESIAN_POINT('',(-3.075178390225,-7.019489911885,25.));
#11221 = CARTESIAN_POINT('',(-2.972512684173,-7.070552592,25.));
#11222 = VECTOR('',#11223,1.);
#11223 = DIRECTION('',(0.,0.,1.));
#11224 = ADVANCED_FACE('',(#11225),#11243,.T.);
#11225 = FACE_BOUND('',#11226,.T.);
#11226 = EDGE_LOOP('',(#11227,#11235,#11236,#11237));
#11227 = ORIENTED_EDGE('',*,*,#11228,.T.);
#11228 = EDGE_CURVE('',#11229,#10401,#11231,.T.);
#11229 = VERTEX_POINT('',#11230);
#11230 = CARTESIAN_POINT('',(-3.279564197141,-6.551415344161,25.));
#11231 = LINE('',#11232,#11233);
#11232 = CARTESIAN_POINT('',(-3.279564197141,-6.551415344161,25.));
#11233 = VECTOR('',#11234,1.);
#11234 = DIRECTION('',(-0.,-0.,-1.));
#11235 = ORIENTED_EDGE('',*,*,#10400,.T.);
#11236 = ORIENTED_EDGE('',*,*,#11202,.F.);
#11237 = ORIENTED_EDGE('',*,*,#11238,.F.);
#11238 = EDGE_CURVE('',#11229,#11203,#11239,.T.);
#11239 = B_SPLINE_CURVE_WITH_KNOTS('',2,(#11240,#11241,#11242),
  .UNSPECIFIED.,.F.,.F.,(3,3),(0.,1.),.PIECEWISE_BEZIER_KNOTS.);
#11240 = CARTESIAN_POINT('',(-3.279564197141,-6.551415344161,25.));
#11241 = CARTESIAN_POINT('',(-3.232824283597,-6.765662462317,25.));
#11242 = CARTESIAN_POINT('',(-3.154068880139,-6.892643730329,25.));
#11243 = SURFACE_OF_LINEAR_EXTRUSION('',#11244,#11248);
#11244 = B_SPLINE_CURVE_WITH_KNOTS('',2,(#11245,#11246,#11247),
  .UNSPECIFIED.,.F.,.F.,(3,3),(0.,1.),.PIECEWISE_BEZIER_KNOTS.);
#11245 = CARTESIAN_POINT('',(-3.279564197141,-6.551415344161,25.));
#11246 = CARTESIAN_POINT('',(-3.232824283597,-6.765662462317,25.));
#11247 = CARTESIAN_POINT('',(-3.154068880139,-6.892643730329,25.));
#11248 = VECTOR('',#11249,1.);
#11249 = DIRECTION('',(0.,0.,1.));
#11250 = ADVANCED_FACE('',(#11251),#11269,.T.);
#11251 = FACE_BOUND('',#11252,.T.);
#11252 = EDGE_LOOP('',(#11253,#11261,#11262,#11263));
#11253 = ORIENTED_EDGE('',*,*,#11254,.T.);
#11254 = EDGE_CURVE('',#11255,#10409,#11257,.T.);
#11255 = VERTEX_POINT('',#11256);
#11256 = CARTESIAN_POINT('',(-3.326169024231,-6.010529177014,25.));
#11257 = LINE('',#11258,#11259);
#11258 = CARTESIAN_POINT('',(-3.326169024231,-6.010529177014,25.));
#11259 = VECTOR('',#11260,1.);
#11260 = DIRECTION('',(-0.,-0.,-1.));
#11261 = ORIENTED_EDGE('',*,*,#10408,.T.);
#11262 = ORIENTED_EDGE('',*,*,#11228,.F.);
#11263 = ORIENTED_EDGE('',*,*,#11264,.F.);
#11264 = EDGE_CURVE('',#11255,#11229,#11265,.T.);
#11265 = B_SPLINE_CURVE_WITH_KNOTS('',2,(#11266,#11267,#11268),
  .UNSPECIFIED.,.F.,.F.,(3,3),(0.,1.),.PIECEWISE_BEZIER_KNOTS.);
#11266 = CARTESIAN_POINT('',(-3.326169024231,-6.010529177014,25.));
#11267 = CARTESIAN_POINT('',(-3.326169024231,-6.337168226006,25.));
#11268 = CARTESIAN_POINT('',(-3.279564197141,-6.551415344161,25.));
#11269 = SURFACE_OF_LINEAR_EXTRUSION('',#11270,#11274);
#11270 = B_SPLINE_CURVE_WITH_KNOTS('',2,(#11271,#11272,#11273),
  .UNSPECIFIED.,.F.,.F.,(3,3),(0.,1.),.PIECEWISE_BEZIER_KNOTS.);
#11271 = CARTESIAN_POINT('',(-3.326169024231,-6.010529177014,25.));
#11272 = CARTESIAN_POINT('',(-3.326169024231,-6.337168226006,25.));
#11273 = CARTESIAN_POINT('',(-3.279564197141,-6.551415344161,25.));
#11274 = VECTOR('',#11275,1.);
#11275 = DIRECTION('',(0.,0.,1.));
#11276 = ADVANCED_FACE('',(#11277),#11295,.T.);
#11277 = FACE_BOUND('',#11278,.T.);
#11278 = EDGE_LOOP('',(#11279,#11287,#11288,#11289));
#11279 = ORIENTED_EDGE('',*,*,#11280,.T.);
#11280 = EDGE_CURVE('',#11281,#10417,#11283,.T.);
#11281 = VERTEX_POINT('',#11282);
#11282 = CARTESIAN_POINT('',(-3.279564197141,-5.469643009867,25.));
#11283 = LINE('',#11284,#11285);
#11284 = CARTESIAN_POINT('',(-3.279564197141,-5.469643009867,25.));
#11285 = VECTOR('',#11286,1.);
#11286 = DIRECTION('',(-0.,-0.,-1.));
#11287 = ORIENTED_EDGE('',*,*,#10416,.T.);
#11288 = ORIENTED_EDGE('',*,*,#11254,.F.);
#11289 = ORIENTED_EDGE('',*,*,#11290,.F.);
#11290 = EDGE_CURVE('',#11281,#11255,#11291,.T.);
#11291 = B_SPLINE_CURVE_WITH_KNOTS('',2,(#11292,#11293,#11294),
  .UNSPECIFIED.,.F.,.F.,(3,3),(0.,1.),.PIECEWISE_BEZIER_KNOTS.);
#11292 = CARTESIAN_POINT('',(-3.279564197141,-5.469643009867,25.));
#11293 = CARTESIAN_POINT('',(-3.326169024231,-5.683890128023,25.));
#11294 = CARTESIAN_POINT('',(-3.326169024231,-6.010529177014,25.));
#11295 = SURFACE_OF_LINEAR_EXTRUSION('',#11296,#11300);
#11296 = B_SPLINE_CURVE_WITH_KNOTS('',2,(#11297,#11298,#11299),
  .UNSPECIFIED.,.F.,.F.,(3,3),(0.,1.),.PIECEWISE_BEZIER_KNOTS.);
#11297 = CARTESIAN_POINT('',(-3.279564197141,-5.469643009867,25.));
#11298 = CARTESIAN_POINT('',(-3.326169024231,-5.683890128023,25.));
#11299 = CARTESIAN_POINT('',(-3.326169024231,-6.010529177014,25.));
#11300 = VECTOR('',#11301,1.);
#11301 = DIRECTION('',(0.,0.,1.));
#11302 = ADVANCED_FACE('',(#11303),#11321,.T.);
#11303 = FACE_BOUND('',#11304,.T.);
#11304 = EDGE_LOOP('',(#11305,#11313,#11314,#11315));
#11305 = ORIENTED_EDGE('',*,*,#11306,.T.);
#11306 = EDGE_CURVE('',#11307,#10425,#11309,.T.);
#11307 = VERTEX_POINT('',#11308);
#11308 = CARTESIAN_POINT('',(-3.154068880139,-5.128549710156,25.));
#11309 = LINE('',#11310,#11311);
#11310 = CARTESIAN_POINT('',(-3.154068880139,-5.128549710156,25.));
#11311 = VECTOR('',#11312,1.);
#11312 = DIRECTION('',(-0.,-0.,-1.));
#11313 = ORIENTED_EDGE('',*,*,#10424,.T.);
#11314 = ORIENTED_EDGE('',*,*,#11280,.F.);
#11315 = ORIENTED_EDGE('',*,*,#11316,.F.);
#11316 = EDGE_CURVE('',#11307,#11281,#11317,.T.);
#11317 = B_SPLINE_CURVE_WITH_KNOTS('',2,(#11318,#11319,#11320),
  .UNSPECIFIED.,.F.,.F.,(3,3),(0.,1.),.PIECEWISE_BEZIER_KNOTS.);
#11318 = CARTESIAN_POINT('',(-3.154068880139,-5.128549710156,25.));
#11319 = CARTESIAN_POINT('',(-3.232824283597,-5.255395891712,25.));
#11320 = CARTESIAN_POINT('',(-3.279564197141,-5.469643009867,25.));
#11321 = SURFACE_OF_LINEAR_EXTRUSION('',#11322,#11326);
#11322 = B_SPLINE_CURVE_WITH_KNOTS('',2,(#11323,#11324,#11325),
  .UNSPECIFIED.,.F.,.F.,(3,3),(0.,1.),.PIECEWISE_BEZIER_KNOTS.);
#11323 = CARTESIAN_POINT('',(-3.154068880139,-5.128549710156,25.));
#11324 = CARTESIAN_POINT('',(-3.232824283597,-5.255395891712,25.));
#11325 = CARTESIAN_POINT('',(-3.279564197141,-5.469643009867,25.));
#11326 = VECTOR('',#11327,1.);
#11327 = DIRECTION('',(0.,0.,1.));
#11328 = ADVANCED_FACE('',(#11329),#11347,.T.);
#11329 = FACE_BOUND('',#11330,.T.);
#11330 = EDGE_LOOP('',(#11331,#11339,#11340,#11341));
#11331 = ORIENTED_EDGE('',*,*,#11332,.T.);
#11332 = EDGE_CURVE('',#11333,#10433,#11335,.T.);
#11333 = VERTEX_POINT('',#11334);
#11334 = CARTESIAN_POINT('',(-2.972512684173,-4.950640848484,25.));
#11335 = LINE('',#11336,#11337);
#11336 = CARTESIAN_POINT('',(-2.972512684173,-4.950640848484,25.));
#11337 = VECTOR('',#11338,1.);
#11338 = DIRECTION('',(-0.,-0.,-1.));
#11339 = ORIENTED_EDGE('',*,*,#10432,.T.);
#11340 = ORIENTED_EDGE('',*,*,#11306,.F.);
#11341 = ORIENTED_EDGE('',*,*,#11342,.F.);
#11342 = EDGE_CURVE('',#11333,#11307,#11343,.T.);
#11343 = B_SPLINE_CURVE_WITH_KNOTS('',2,(#11344,#11345,#11346),
  .UNSPECIFIED.,.F.,.F.,(3,3),(0.,1.),.PIECEWISE_BEZIER_KNOTS.);
#11344 = CARTESIAN_POINT('',(-2.972512684173,-4.950640848484,25.));
#11345 = CARTESIAN_POINT('',(-3.075178390225,-5.001568442144,25.));
#11346 = CARTESIAN_POINT('',(-3.154068880139,-5.128549710156,25.));
#11347 = SURFACE_OF_LINEAR_EXTRUSION('',#11348,#11352);
#11348 = B_SPLINE_CURVE_WITH_KNOTS('',2,(#11349,#11350,#11351),
  .UNSPECIFIED.,.F.,.F.,(3,3),(0.,1.),.PIECEWISE_BEZIER_KNOTS.);
#11349 = CARTESIAN_POINT('',(-2.972512684173,-4.950640848484,25.));
#11350 = CARTESIAN_POINT('',(-3.075178390225,-5.001568442144,25.));
#11351 = CARTESIAN_POINT('',(-3.154068880139,-5.128549710156,25.));
#11352 = VECTOR('',#11353,1.);
#11353 = DIRECTION('',(0.,0.,1.));
#11354 = ADVANCED_FACE('',(#11355),#11373,.T.);
#11355 = FACE_BOUND('',#11356,.T.);
#11356 = EDGE_LOOP('',(#11357,#11365,#11366,#11367));
#11357 = ORIENTED_EDGE('',*,*,#11358,.T.);
#11358 = EDGE_CURVE('',#11359,#10441,#11361,.T.);
#11359 = VERTEX_POINT('',#11360);
#11360 = CARTESIAN_POINT('',(-2.759751517026,-4.899578168369,25.));
#11361 = LINE('',#11362,#11363);
#11362 = CARTESIAN_POINT('',(-2.759751517026,-4.899578168369,25.));
#11363 = VECTOR('',#11364,1.);
#11364 = DIRECTION('',(-0.,-0.,-1.));
#11365 = ORIENTED_EDGE('',*,*,#10440,.T.);
#11366 = ORIENTED_EDGE('',*,*,#11332,.F.);
#11367 = ORIENTED_EDGE('',*,*,#11368,.F.);
#11368 = EDGE_CURVE('',#11359,#11333,#11369,.T.);
#11369 = B_SPLINE_CURVE_WITH_KNOTS('',2,(#11370,#11371,#11372),
  .UNSPECIFIED.,.F.,.F.,(3,3),(0.,1.),.PIECEWISE_BEZIER_KNOTS.);
#11370 = CARTESIAN_POINT('',(-2.759751517026,-4.899578168369,25.));
#11371 = CARTESIAN_POINT('',(-2.869711891666,-4.899578168369,25.));
#11372 = CARTESIAN_POINT('',(-2.972512684173,-4.950640848484,25.));
#11373 = SURFACE_OF_LINEAR_EXTRUSION('',#11374,#11378);
#11374 = B_SPLINE_CURVE_WITH_KNOTS('',2,(#11375,#11376,#11377),
  .UNSPECIFIED.,.F.,.F.,(3,3),(0.,1.),.PIECEWISE_BEZIER_KNOTS.);
#11375 = CARTESIAN_POINT('',(-2.759751517026,-4.899578168369,25.));
#11376 = CARTESIAN_POINT('',(-2.869711891666,-4.899578168369,25.));
#11377 = CARTESIAN_POINT('',(-2.972512684173,-4.950640848484,25.));
#11378 = VECTOR('',#11379,1.);
#11379 = DIRECTION('',(0.,0.,1.));
#11380 = ADVANCED_FACE('',(#11381),#11399,.T.);
#11381 = FACE_BOUND('',#11382,.T.);
#11382 = EDGE_LOOP('',(#11383,#11391,#11392,#11393));
#11383 = ORIENTED_EDGE('',*,*,#11384,.T.);
#11384 = EDGE_CURVE('',#11385,#10449,#11387,.T.);
#11385 = VERTEX_POINT('',#11386);
#11386 = CARTESIAN_POINT('',(-2.543883361407,-4.950640848484,25.));
#11387 = LINE('',#11388,#11389);
#11388 = CARTESIAN_POINT('',(-2.543883361407,-4.950640848484,25.));
#11389 = VECTOR('',#11390,1.);
#11390 = DIRECTION('',(-0.,-0.,-1.));
#11391 = ORIENTED_EDGE('',*,*,#10448,.T.);
#11392 = ORIENTED_EDGE('',*,*,#11358,.F.);
#11393 = ORIENTED_EDGE('',*,*,#11394,.F.);
#11394 = EDGE_CURVE('',#11385,#11359,#11395,.T.);
#11395 = B_SPLINE_CURVE_WITH_KNOTS('',2,(#11396,#11397,#11398),
  .UNSPECIFIED.,.F.,.F.,(3,3),(0.,1.),.PIECEWISE_BEZIER_KNOTS.);
#11396 = CARTESIAN_POINT('',(-2.543883361407,-4.950640848484,25.));
#11397 = CARTESIAN_POINT('',(-2.647629759101,-4.899578168369,25.));
#11398 = CARTESIAN_POINT('',(-2.759751517026,-4.899578168369,25.));
#11399 = SURFACE_OF_LINEAR_EXTRUSION('',#11400,#11404);
#11400 = B_SPLINE_CURVE_WITH_KNOTS('',2,(#11401,#11402,#11403),
  .UNSPECIFIED.,.F.,.F.,(3,3),(0.,1.),.PIECEWISE_BEZIER_KNOTS.);
#11401 = CARTESIAN_POINT('',(-2.543883361407,-4.950640848484,25.));
#11402 = CARTESIAN_POINT('',(-2.647629759101,-4.899578168369,25.));
#11403 = CARTESIAN_POINT('',(-2.759751517026,-4.899578168369,25.));
#11404 = VECTOR('',#11405,1.);
#11405 = DIRECTION('',(0.,0.,1.));
#11406 = ADVANCED_FACE('',(#11407),#11425,.T.);
#11407 = FACE_BOUND('',#11408,.T.);
#11408 = EDGE_LOOP('',(#11409,#11417,#11418,#11419));
#11409 = ORIENTED_EDGE('',*,*,#11410,.T.);
#11410 = EDGE_CURVE('',#11411,#10457,#11413,.T.);
#11411 = VERTEX_POINT('',#11412);
#11412 = CARTESIAN_POINT('',(-2.360300868611,-5.128549710156,25.));
#11413 = LINE('',#11414,#11415);
#11414 = CARTESIAN_POINT('',(-2.360300868611,-5.128549710156,25.));
#11415 = VECTOR('',#11416,1.);
#11416 = DIRECTION('',(-0.,-0.,-1.));
#11417 = ORIENTED_EDGE('',*,*,#10456,.T.);
#11418 = ORIENTED_EDGE('',*,*,#11384,.F.);
#11419 = ORIENTED_EDGE('',*,*,#11420,.F.);
#11420 = EDGE_CURVE('',#11411,#11385,#11421,.T.);
#11421 = B_SPLINE_CURVE_WITH_KNOTS('',2,(#11422,#11423,#11424),
  .UNSPECIFIED.,.F.,.F.,(3,3),(0.,1.),.PIECEWISE_BEZIER_KNOTS.);
#11422 = CARTESIAN_POINT('',(-2.360300868611,-5.128549710156,25.));
#11423 = CARTESIAN_POINT('',(-2.440136963712,-5.001568442144,25.));
#11424 = CARTESIAN_POINT('',(-2.543883361407,-4.950640848484,25.));
#11425 = SURFACE_OF_LINEAR_EXTRUSION('',#11426,#11430);
#11426 = B_SPLINE_CURVE_WITH_KNOTS('',2,(#11427,#11428,#11429),
  .UNSPECIFIED.,.F.,.F.,(3,3),(0.,1.),.PIECEWISE_BEZIER_KNOTS.);
#11427 = CARTESIAN_POINT('',(-2.360300868611,-5.128549710156,25.));
#11428 = CARTESIAN_POINT('',(-2.440136963712,-5.001568442144,25.));
#11429 = CARTESIAN_POINT('',(-2.543883361407,-4.950640848484,25.));
#11430 = VECTOR('',#11431,1.);
#11431 = DIRECTION('',(0.,0.,1.));
#11432 = ADVANCED_FACE('',(#11433),#11444,.T.);
#11433 = FACE_BOUND('',#11434,.T.);
#11434 = EDGE_LOOP('',(#11435,#11436,#11437,#11438));
#11435 = ORIENTED_EDGE('',*,*,#11048,.T.);
#11436 = ORIENTED_EDGE('',*,*,#10464,.T.);
#11437 = ORIENTED_EDGE('',*,*,#11410,.F.);
#11438 = ORIENTED_EDGE('',*,*,#11439,.F.);
#11439 = EDGE_CURVE('',#11049,#11411,#11440,.T.);
#11440 = B_SPLINE_CURVE_WITH_KNOTS('',2,(#11441,#11442,#11443),
  .UNSPECIFIED.,.F.,.F.,(3,3),(0.,1.),.PIECEWISE_BEZIER_KNOTS.);
#11441 = CARTESIAN_POINT('',(-2.232779254778,-5.469643009867,25.));
#11442 = CARTESIAN_POINT('',(-2.28046477351,-5.255395891712,25.));
#11443 = CARTESIAN_POINT('',(-2.360300868611,-5.128549710156,25.));
#11444 = SURFACE_OF_LINEAR_EXTRUSION('',#11445,#11449);
#11445 = B_SPLINE_CURVE_WITH_KNOTS('',2,(#11446,#11447,#11448),
  .UNSPECIFIED.,.F.,.F.,(3,3),(0.,1.),.PIECEWISE_BEZIER_KNOTS.);
#11446 = CARTESIAN_POINT('',(-2.232779254778,-5.469643009867,25.));
#11447 = CARTESIAN_POINT('',(-2.28046477351,-5.255395891712,25.));
#11448 = CARTESIAN_POINT('',(-2.360300868611,-5.128549710156,25.));
#11449 = VECTOR('',#11450,1.);
#11450 = DIRECTION('',(0.,0.,1.));
#11451 = ADVANCED_FACE('',(#11452),#11477,.T.);
#11452 = FACE_BOUND('',#11453,.T.);
#11453 = EDGE_LOOP('',(#11454,#11462,#11463,#11471));
#11454 = ORIENTED_EDGE('',*,*,#11455,.T.);
#11455 = EDGE_CURVE('',#11456,#10497,#11458,.T.);
#11456 = VERTEX_POINT('',#11457);
#11457 = CARTESIAN_POINT('',(0.218499563665,-6.010529177014,25.));
#11458 = LINE('',#11459,#11460);
#11459 = CARTESIAN_POINT('',(0.218499563665,-6.010529177014,25.));
#11460 = VECTOR('',#11461,1.);
#11461 = DIRECTION('',(-0.,-0.,-1.));
#11462 = ORIENTED_EDGE('',*,*,#10496,.T.);
#11463 = ORIENTED_EDGE('',*,*,#11464,.F.);
#11464 = EDGE_CURVE('',#11465,#10499,#11467,.T.);
#11465 = VERTEX_POINT('',#11466);
#11466 = CARTESIAN_POINT('',(0.170678958478,-5.469643009867,25.));
#11467 = LINE('',#11468,#11469);
#11468 = CARTESIAN_POINT('',(0.170678958478,-5.469643009867,25.));
#11469 = VECTOR('',#11470,1.);
#11470 = DIRECTION('',(-0.,-0.,-1.));
#11471 = ORIENTED_EDGE('',*,*,#11472,.F.);
#11472 = EDGE_CURVE('',#11456,#11465,#11473,.T.);
#11473 = B_SPLINE_CURVE_WITH_KNOTS('',2,(#11474,#11475,#11476),
  .UNSPECIFIED.,.F.,.F.,(3,3),(0.,1.),.PIECEWISE_BEZIER_KNOTS.);
#11474 = CARTESIAN_POINT('',(0.218499563665,-6.010529177014,25.));
#11475 = CARTESIAN_POINT('',(0.218499563665,-5.683890128023,25.));
#11476 = CARTESIAN_POINT('',(0.170678958478,-5.469643009867,25.));
#11477 = SURFACE_OF_LINEAR_EXTRUSION('',#11478,#11482);
#11478 = B_SPLINE_CURVE_WITH_KNOTS('',2,(#11479,#11480,#11481),
  .UNSPECIFIED.,.F.,.F.,(3,3),(0.,1.),.PIECEWISE_BEZIER_KNOTS.);
#11479 = CARTESIAN_POINT('',(0.218499563665,-6.010529177014,25.));
#11480 = CARTESIAN_POINT('',(0.218499563665,-5.683890128023,25.));
#11481 = CARTESIAN_POINT('',(0.170678958478,-5.469643009867,25.));
#11482 = VECTOR('',#11483,1.);
#11483 = DIRECTION('',(0.,0.,1.));
#11484 = ADVANCED_FACE('',(#11485),#11503,.T.);
#11485 = FACE_BOUND('',#11486,.T.);
#11486 = EDGE_LOOP('',(#11487,#11495,#11496,#11497));
#11487 = ORIENTED_EDGE('',*,*,#11488,.T.);
#11488 = EDGE_CURVE('',#11489,#10507,#11491,.T.);
#11489 = VERTEX_POINT('',#11490);
#11490 = CARTESIAN_POINT('',(0.170678958478,-6.551415344161,25.));
#11491 = LINE('',#11492,#11493);
#11492 = CARTESIAN_POINT('',(0.170678958478,-6.551415344161,25.));
#11493 = VECTOR('',#11494,1.);
#11494 = DIRECTION('',(-0.,-0.,-1.));
#11495 = ORIENTED_EDGE('',*,*,#10506,.T.);
#11496 = ORIENTED_EDGE('',*,*,#11455,.F.);
#11497 = ORIENTED_EDGE('',*,*,#11498,.F.);
#11498 = EDGE_CURVE('',#11489,#11456,#11499,.T.);
#11499 = B_SPLINE_CURVE_WITH_KNOTS('',2,(#11500,#11501,#11502),
  .UNSPECIFIED.,.F.,.F.,(3,3),(0.,1.),.PIECEWISE_BEZIER_KNOTS.);
#11500 = CARTESIAN_POINT('',(0.170678958478,-6.551415344161,25.));
#11501 = CARTESIAN_POINT('',(0.218499563665,-6.337168226006,25.));
#11502 = CARTESIAN_POINT('',(0.218499563665,-6.010529177014,25.));
#11503 = SURFACE_OF_LINEAR_EXTRUSION('',#11504,#11508);
#11504 = B_SPLINE_CURVE_WITH_KNOTS('',2,(#11505,#11506,#11507),
  .UNSPECIFIED.,.F.,.F.,(3,3),(0.,1.),.PIECEWISE_BEZIER_KNOTS.);
#11505 = CARTESIAN_POINT('',(0.170678958478,-6.551415344161,25.));
#11506 = CARTESIAN_POINT('',(0.218499563665,-6.337168226006,25.));
#11507 = CARTESIAN_POINT('',(0.218499563665,-6.010529177014,25.));
#11508 = VECTOR('',#11509,1.);
#11509 = DIRECTION('',(0.,0.,1.));
#11510 = ADVANCED_FACE('',(#11511),#11529,.T.);
#11511 = FACE_BOUND('',#11512,.T.);
#11512 = EDGE_LOOP('',(#11513,#11521,#11522,#11523));
#11513 = ORIENTED_EDGE('',*,*,#11514,.T.);
#11514 = EDGE_CURVE('',#11515,#10515,#11517,.T.);
#11515 = VERTEX_POINT('',#11516);
#11516 = CARTESIAN_POINT('',(4.315734464524E-02,-6.892643730329,25.));
#11517 = LINE('',#11518,#11519);
#11518 = CARTESIAN_POINT('',(4.315734464524E-02,-6.892643730329,25.));
#11519 = VECTOR('',#11520,1.);
#11520 = DIRECTION('',(-0.,-0.,-1.));
#11521 = ORIENTED_EDGE('',*,*,#10514,.T.);
#11522 = ORIENTED_EDGE('',*,*,#11488,.F.);
#11523 = ORIENTED_EDGE('',*,*,#11524,.F.);
#11524 = EDGE_CURVE('',#11515,#11489,#11525,.T.);
#11525 = B_SPLINE_CURVE_WITH_KNOTS('',2,(#11526,#11527,#11528),
  .UNSPECIFIED.,.F.,.F.,(3,3),(0.,1.),.PIECEWISE_BEZIER_KNOTS.);
#11526 = CARTESIAN_POINT('',(4.315734464524E-02,-6.892643730329,25.));
#11527 = CARTESIAN_POINT('',(0.122993439746,-6.765662462317,25.));
#11528 = CARTESIAN_POINT('',(0.170678958478,-6.551415344161,25.));
#11529 = SURFACE_OF_LINEAR_EXTRUSION('',#11530,#11534);
#11530 = B_SPLINE_CURVE_WITH_KNOTS('',2,(#11531,#11532,#11533),
  .UNSPECIFIED.,.F.,.F.,(3,3),(0.,1.),.PIECEWISE_BEZIER_KNOTS.);
#11531 = CARTESIAN_POINT('',(4.315734464524E-02,-6.892643730329,25.));
#11532 = CARTESIAN_POINT('',(0.122993439746,-6.765662462317,25.));
#11533 = CARTESIAN_POINT('',(0.170678958478,-6.551415344161,25.));
#11534 = VECTOR('',#11535,1.);
#11535 = DIRECTION('',(0.,0.,1.));
#11536 = ADVANCED_FACE('',(#11537),#11555,.T.);
#11537 = FACE_BOUND('',#11538,.T.);
#11538 = EDGE_LOOP('',(#11539,#11547,#11548,#11549));
#11539 = ORIENTED_EDGE('',*,*,#11540,.T.);
#11540 = EDGE_CURVE('',#11541,#10523,#11543,.T.);
#11541 = VERTEX_POINT('',#11542);
#11542 = CARTESIAN_POINT('',(-0.14042514815,-7.070552592,25.));
#11543 = LINE('',#11544,#11545);
#11544 = CARTESIAN_POINT('',(-0.14042514815,-7.070552592,25.));
#11545 = VECTOR('',#11546,1.);
#11546 = DIRECTION('',(-0.,-0.,-1.));
#11547 = ORIENTED_EDGE('',*,*,#10522,.T.);
#11548 = ORIENTED_EDGE('',*,*,#11514,.F.);
#11549 = ORIENTED_EDGE('',*,*,#11550,.F.);
#11550 = EDGE_CURVE('',#11541,#11515,#11551,.T.);
#11551 = B_SPLINE_CURVE_WITH_KNOTS('',2,(#11552,#11553,#11554),
  .UNSPECIFIED.,.F.,.F.,(3,3),(0.,1.),.PIECEWISE_BEZIER_KNOTS.);
#11552 = CARTESIAN_POINT('',(-0.14042514815,-7.070552592,25.));
#11553 = CARTESIAN_POINT('',(-3.667875045562E-02,-7.019489911885,25.));
#11554 = CARTESIAN_POINT('',(4.315734464524E-02,-6.892643730329,25.));
#11555 = SURFACE_OF_LINEAR_EXTRUSION('',#11556,#11560);
#11556 = B_SPLINE_CURVE_WITH_KNOTS('',2,(#11557,#11558,#11559),
  .UNSPECIFIED.,.F.,.F.,(3,3),(0.,1.),.PIECEWISE_BEZIER_KNOTS.);
#11557 = CARTESIAN_POINT('',(-0.14042514815,-7.070552592,25.));
#11558 = CARTESIAN_POINT('',(-3.667875045562E-02,-7.019489911885,25.));
#11559 = CARTESIAN_POINT('',(4.315734464524E-02,-6.892643730329,25.));
#11560 = VECTOR('',#11561,1.);
#11561 = DIRECTION('',(0.,0.,1.));
#11562 = ADVANCED_FACE('',(#11563),#11581,.T.);
#11563 = FACE_BOUND('',#11564,.T.);
#11564 = EDGE_LOOP('',(#11565,#11573,#11574,#11575));
#11565 = ORIENTED_EDGE('',*,*,#11566,.T.);
#11566 = EDGE_CURVE('',#11567,#10531,#11569,.T.);
#11567 = VERTEX_POINT('',#11568);
#11568 = CARTESIAN_POINT('',(-0.35629330377,-7.12148018566,25.));
#11569 = LINE('',#11570,#11571);
#11570 = CARTESIAN_POINT('',(-0.35629330377,-7.12148018566,25.));
#11571 = VECTOR('',#11572,1.);
#11572 = DIRECTION('',(-0.,-0.,-1.));
#11573 = ORIENTED_EDGE('',*,*,#10530,.T.);
#11574 = ORIENTED_EDGE('',*,*,#11540,.F.);
#11575 = ORIENTED_EDGE('',*,*,#11576,.F.);
#11576 = EDGE_CURVE('',#11567,#11541,#11577,.T.);
#11577 = B_SPLINE_CURVE_WITH_KNOTS('',2,(#11578,#11579,#11580),
  .UNSPECIFIED.,.F.,.F.,(3,3),(0.,1.),.PIECEWISE_BEZIER_KNOTS.);
#11578 = CARTESIAN_POINT('',(-0.35629330377,-7.12148018566,25.));
#11579 = CARTESIAN_POINT('',(-0.244171545845,-7.12148018566,25.));
#11580 = CARTESIAN_POINT('',(-0.14042514815,-7.070552592,25.));
#11581 = SURFACE_OF_LINEAR_EXTRUSION('',#11582,#11586);
#11582 = B_SPLINE_CURVE_WITH_KNOTS('',2,(#11583,#11584,#11585),
  .UNSPECIFIED.,.F.,.F.,(3,3),(0.,1.),.PIECEWISE_BEZIER_KNOTS.);
#11583 = CARTESIAN_POINT('',(-0.35629330377,-7.12148018566,25.));
#11584 = CARTESIAN_POINT('',(-0.244171545845,-7.12148018566,25.));
#11585 = CARTESIAN_POINT('',(-0.14042514815,-7.070552592,25.));
#11586 = VECTOR('',#11587,1.);
#11587 = DIRECTION('',(0.,0.,1.));
#11588 = ADVANCED_FACE('',(#11589),#11607,.T.);
#11589 = FACE_BOUND('',#11590,.T.);
#11590 = EDGE_LOOP('',(#11591,#11599,#11600,#11601));
#11591 = ORIENTED_EDGE('',*,*,#11592,.T.);
#11592 = EDGE_CURVE('',#11593,#10539,#11595,.T.);
#11593 = VERTEX_POINT('',#11594);
#11594 = CARTESIAN_POINT('',(-0.569054470917,-7.070552592,25.));
#11595 = LINE('',#11596,#11597);
#11596 = CARTESIAN_POINT('',(-0.569054470917,-7.070552592,25.));
#11597 = VECTOR('',#11598,1.);
#11598 = DIRECTION('',(-0.,-0.,-1.));
#11599 = ORIENTED_EDGE('',*,*,#10538,.T.);
#11600 = ORIENTED_EDGE('',*,*,#11566,.F.);
#11601 = ORIENTED_EDGE('',*,*,#11602,.F.);
#11602 = EDGE_CURVE('',#11593,#11567,#11603,.T.);
#11603 = B_SPLINE_CURVE_WITH_KNOTS('',2,(#11604,#11605,#11606),
  .UNSPECIFIED.,.F.,.F.,(3,3),(0.,1.),.PIECEWISE_BEZIER_KNOTS.);
#11604 = CARTESIAN_POINT('',(-0.569054470917,-7.070552592,25.));
#11605 = CARTESIAN_POINT('',(-0.46625367841,-7.12148018566,25.));
#11606 = CARTESIAN_POINT('',(-0.35629330377,-7.12148018566,25.));
#11607 = SURFACE_OF_LINEAR_EXTRUSION('',#11608,#11612);
#11608 = B_SPLINE_CURVE_WITH_KNOTS('',2,(#11609,#11610,#11611),
  .UNSPECIFIED.,.F.,.F.,(3,3),(0.,1.),.PIECEWISE_BEZIER_KNOTS.);
#11609 = CARTESIAN_POINT('',(-0.569054470917,-7.070552592,25.));
#11610 = CARTESIAN_POINT('',(-0.46625367841,-7.12148018566,25.));
#11611 = CARTESIAN_POINT('',(-0.35629330377,-7.12148018566,25.));
#11612 = VECTOR('',#11613,1.);
#11613 = DIRECTION('',(0.,0.,1.));
#11614 = ADVANCED_FACE('',(#11615),#11633,.T.);
#11615 = FACE_BOUND('',#11616,.T.);
#11616 = EDGE_LOOP('',(#11617,#11625,#11626,#11627));
#11617 = ORIENTED_EDGE('',*,*,#11618,.T.);
#11618 = EDGE_CURVE('',#11619,#10547,#11621,.T.);
#11619 = VERTEX_POINT('',#11620);
#11620 = CARTESIAN_POINT('',(-0.750610666882,-6.892643730329,25.));
#11621 = LINE('',#11622,#11623);
#11622 = CARTESIAN_POINT('',(-0.750610666882,-6.892643730329,25.));
#11623 = VECTOR('',#11624,1.);
#11624 = DIRECTION('',(-0.,-0.,-1.));
#11625 = ORIENTED_EDGE('',*,*,#10546,.T.);
#11626 = ORIENTED_EDGE('',*,*,#11592,.F.);
#11627 = ORIENTED_EDGE('',*,*,#11628,.F.);
#11628 = EDGE_CURVE('',#11619,#11593,#11629,.T.);
#11629 = B_SPLINE_CURVE_WITH_KNOTS('',2,(#11630,#11631,#11632),
  .UNSPECIFIED.,.F.,.F.,(3,3),(0.,1.),.PIECEWISE_BEZIER_KNOTS.);
#11630 = CARTESIAN_POINT('',(-0.750610666882,-6.892643730329,25.));
#11631 = CARTESIAN_POINT('',(-0.671720176969,-7.019489911885,25.));
#11632 = CARTESIAN_POINT('',(-0.569054470917,-7.070552592,25.));
#11633 = SURFACE_OF_LINEAR_EXTRUSION('',#11634,#11638);
#11634 = B_SPLINE_CURVE_WITH_KNOTS('',2,(#11635,#11636,#11637),
  .UNSPECIFIED.,.F.,.F.,(3,3),(0.,1.),.PIECEWISE_BEZIER_KNOTS.);
#11635 = CARTESIAN_POINT('',(-0.750610666882,-6.892643730329,25.));
#11636 = CARTESIAN_POINT('',(-0.671720176969,-7.019489911885,25.));
#11637 = CARTESIAN_POINT('',(-0.569054470917,-7.070552592,25.));
#11638 = VECTOR('',#11639,1.);
#11639 = DIRECTION('',(0.,0.,1.));
#11640 = ADVANCED_FACE('',(#11641),#11659,.T.);
#11641 = FACE_BOUND('',#11642,.T.);
#11642 = EDGE_LOOP('',(#11643,#11651,#11652,#11653));
#11643 = ORIENTED_EDGE('',*,*,#11644,.T.);
#11644 = EDGE_CURVE('',#11645,#10555,#11647,.T.);
#11645 = VERTEX_POINT('',#11646);
#11646 = CARTESIAN_POINT('',(-0.876105983885,-6.551415344161,25.));
#11647 = LINE('',#11648,#11649);
#11648 = CARTESIAN_POINT('',(-0.876105983885,-6.551415344161,25.));
#11649 = VECTOR('',#11650,1.);
#11650 = DIRECTION('',(-0.,-0.,-1.));
#11651 = ORIENTED_EDGE('',*,*,#10554,.T.);
#11652 = ORIENTED_EDGE('',*,*,#11618,.F.);
#11653 = ORIENTED_EDGE('',*,*,#11654,.F.);
#11654 = EDGE_CURVE('',#11645,#11619,#11655,.T.);
#11655 = B_SPLINE_CURVE_WITH_KNOTS('',2,(#11656,#11657,#11658),
  .UNSPECIFIED.,.F.,.F.,(3,3),(0.,1.),.PIECEWISE_BEZIER_KNOTS.);
#11656 = CARTESIAN_POINT('',(-0.876105983885,-6.551415344161,25.));
#11657 = CARTESIAN_POINT('',(-0.82936607034,-6.765662462317,25.));
#11658 = CARTESIAN_POINT('',(-0.750610666882,-6.892643730329,25.));
#11659 = SURFACE_OF_LINEAR_EXTRUSION('',#11660,#11664);
#11660 = B_SPLINE_CURVE_WITH_KNOTS('',2,(#11661,#11662,#11663),
  .UNSPECIFIED.,.F.,.F.,(3,3),(0.,1.),.PIECEWISE_BEZIER_KNOTS.);
#11661 = CARTESIAN_POINT('',(-0.876105983885,-6.551415344161,25.));
#11662 = CARTESIAN_POINT('',(-0.82936607034,-6.765662462317,25.));
#11663 = CARTESIAN_POINT('',(-0.750610666882,-6.892643730329,25.));
#11664 = VECTOR('',#11665,1.);
#11665 = DIRECTION('',(0.,0.,1.));
#11666 = ADVANCED_FACE('',(#11667),#11685,.T.);
#11667 = FACE_BOUND('',#11668,.T.);
#11668 = EDGE_LOOP('',(#11669,#11677,#11678,#11679));
#11669 = ORIENTED_EDGE('',*,*,#11670,.T.);
#11670 = EDGE_CURVE('',#11671,#10563,#11673,.T.);
#11671 = VERTEX_POINT('',#11672);
#11672 = CARTESIAN_POINT('',(-0.922710810974,-6.010529177014,25.));
#11673 = LINE('',#11674,#11675);
#11674 = CARTESIAN_POINT('',(-0.922710810974,-6.010529177014,25.));
#11675 = VECTOR('',#11676,1.);
#11676 = DIRECTION('',(-0.,-0.,-1.));
#11677 = ORIENTED_EDGE('',*,*,#10562,.T.);
#11678 = ORIENTED_EDGE('',*,*,#11644,.F.);
#11679 = ORIENTED_EDGE('',*,*,#11680,.F.);
#11680 = EDGE_CURVE('',#11671,#11645,#11681,.T.);
#11681 = B_SPLINE_CURVE_WITH_KNOTS('',2,(#11682,#11683,#11684),
  .UNSPECIFIED.,.F.,.F.,(3,3),(0.,1.),.PIECEWISE_BEZIER_KNOTS.);
#11682 = CARTESIAN_POINT('',(-0.922710810974,-6.010529177014,25.));
#11683 = CARTESIAN_POINT('',(-0.922710810974,-6.337168226006,25.));
#11684 = CARTESIAN_POINT('',(-0.876105983885,-6.551415344161,25.));
#11685 = SURFACE_OF_LINEAR_EXTRUSION('',#11686,#11690);
#11686 = B_SPLINE_CURVE_WITH_KNOTS('',2,(#11687,#11688,#11689),
  .UNSPECIFIED.,.F.,.F.,(3,3),(0.,1.),.PIECEWISE_BEZIER_KNOTS.);
#11687 = CARTESIAN_POINT('',(-0.922710810974,-6.010529177014,25.));
#11688 = CARTESIAN_POINT('',(-0.922710810974,-6.337168226006,25.));
#11689 = CARTESIAN_POINT('',(-0.876105983885,-6.551415344161,25.));
#11690 = VECTOR('',#11691,1.);
#11691 = DIRECTION('',(0.,0.,1.));
#11692 = ADVANCED_FACE('',(#11693),#11711,.T.);
#11693 = FACE_BOUND('',#11694,.T.);
#11694 = EDGE_LOOP('',(#11695,#11703,#11704,#11705));
#11695 = ORIENTED_EDGE('',*,*,#11696,.T.);
#11696 = EDGE_CURVE('',#11697,#10571,#11699,.T.);
#11697 = VERTEX_POINT('',#11698);
#11698 = CARTESIAN_POINT('',(-0.876105983885,-5.469643009867,25.));
#11699 = LINE('',#11700,#11701);
#11700 = CARTESIAN_POINT('',(-0.876105983885,-5.469643009867,25.));
#11701 = VECTOR('',#11702,1.);
#11702 = DIRECTION('',(-0.,-0.,-1.));
#11703 = ORIENTED_EDGE('',*,*,#10570,.T.);
#11704 = ORIENTED_EDGE('',*,*,#11670,.F.);
#11705 = ORIENTED_EDGE('',*,*,#11706,.F.);
#11706 = EDGE_CURVE('',#11697,#11671,#11707,.T.);
#11707 = B_SPLINE_CURVE_WITH_KNOTS('',2,(#11708,#11709,#11710),
  .UNSPECIFIED.,.F.,.F.,(3,3),(0.,1.),.PIECEWISE_BEZIER_KNOTS.);
#11708 = CARTESIAN_POINT('',(-0.876105983885,-5.469643009867,25.));
#11709 = CARTESIAN_POINT('',(-0.922710810974,-5.683890128023,25.));
#11710 = CARTESIAN_POINT('',(-0.922710810974,-6.010529177014,25.));
#11711 = SURFACE_OF_LINEAR_EXTRUSION('',#11712,#11716);
#11712 = B_SPLINE_CURVE_WITH_KNOTS('',2,(#11713,#11714,#11715),
  .UNSPECIFIED.,.F.,.F.,(3,3),(0.,1.),.PIECEWISE_BEZIER_KNOTS.);
#11713 = CARTESIAN_POINT('',(-0.876105983885,-5.469643009867,25.));
#11714 = CARTESIAN_POINT('',(-0.922710810974,-5.683890128023,25.));
#11715 = CARTESIAN_POINT('',(-0.922710810974,-6.010529177014,25.));
#11716 = VECTOR('',#11717,1.);
#11717 = DIRECTION('',(0.,0.,1.));
#11718 = ADVANCED_FACE('',(#11719),#11737,.T.);
#11719 = FACE_BOUND('',#11720,.T.);
#11720 = EDGE_LOOP('',(#11721,#11729,#11730,#11731));
#11721 = ORIENTED_EDGE('',*,*,#11722,.T.);
#11722 = EDGE_CURVE('',#11723,#10579,#11725,.T.);
#11723 = VERTEX_POINT('',#11724);
#11724 = CARTESIAN_POINT('',(-0.750610666882,-5.128549710156,25.));
#11725 = LINE('',#11726,#11727);
#11726 = CARTESIAN_POINT('',(-0.750610666882,-5.128549710156,25.));
#11727 = VECTOR('',#11728,1.);
#11728 = DIRECTION('',(-0.,-0.,-1.));
#11729 = ORIENTED_EDGE('',*,*,#10578,.T.);
#11730 = ORIENTED_EDGE('',*,*,#11696,.F.);
#11731 = ORIENTED_EDGE('',*,*,#11732,.F.);
#11732 = EDGE_CURVE('',#11723,#11697,#11733,.T.);
#11733 = B_SPLINE_CURVE_WITH_KNOTS('',2,(#11734,#11735,#11736),
  .UNSPECIFIED.,.F.,.F.,(3,3),(0.,1.),.PIECEWISE_BEZIER_KNOTS.);
#11734 = CARTESIAN_POINT('',(-0.750610666882,-5.128549710156,25.));
#11735 = CARTESIAN_POINT('',(-0.82936607034,-5.255395891712,25.));
#11736 = CARTESIAN_POINT('',(-0.876105983885,-5.469643009867,25.));
#11737 = SURFACE_OF_LINEAR_EXTRUSION('',#11738,#11742);
#11738 = B_SPLINE_CURVE_WITH_KNOTS('',2,(#11739,#11740,#11741),
  .UNSPECIFIED.,.F.,.F.,(3,3),(0.,1.),.PIECEWISE_BEZIER_KNOTS.);
#11739 = CARTESIAN_POINT('',(-0.750610666882,-5.128549710156,25.));
#11740 = CARTESIAN_POINT('',(-0.82936607034,-5.255395891712,25.));
#11741 = CARTESIAN_POINT('',(-0.876105983885,-5.469643009867,25.));
#11742 = VECTOR('',#11743,1.);
#11743 = DIRECTION('',(0.,0.,1.));
#11744 = ADVANCED_FACE('',(#11745),#11763,.T.);
#11745 = FACE_BOUND('',#11746,.T.);
#11746 = EDGE_LOOP('',(#11747,#11755,#11756,#11757));
#11747 = ORIENTED_EDGE('',*,*,#11748,.T.);
#11748 = EDGE_CURVE('',#11749,#10587,#11751,.T.);
#11749 = VERTEX_POINT('',#11750);
#11750 = CARTESIAN_POINT('',(-0.569054470917,-4.950640848484,25.));
#11751 = LINE('',#11752,#11753);
#11752 = CARTESIAN_POINT('',(-0.569054470917,-4.950640848484,25.));
#11753 = VECTOR('',#11754,1.);
#11754 = DIRECTION('',(-0.,-0.,-1.));
#11755 = ORIENTED_EDGE('',*,*,#10586,.T.);
#11756 = ORIENTED_EDGE('',*,*,#11722,.F.);
#11757 = ORIENTED_EDGE('',*,*,#11758,.F.);
#11758 = EDGE_CURVE('',#11749,#11723,#11759,.T.);
#11759 = B_SPLINE_CURVE_WITH_KNOTS('',2,(#11760,#11761,#11762),
  .UNSPECIFIED.,.F.,.F.,(3,3),(0.,1.),.PIECEWISE_BEZIER_KNOTS.);
#11760 = CARTESIAN_POINT('',(-0.569054470917,-4.950640848484,25.));
#11761 = CARTESIAN_POINT('',(-0.671720176969,-5.001568442144,25.));
#11762 = CARTESIAN_POINT('',(-0.750610666882,-5.128549710156,25.));
#11763 = SURFACE_OF_LINEAR_EXTRUSION('',#11764,#11768);
#11764 = B_SPLINE_CURVE_WITH_KNOTS('',2,(#11765,#11766,#11767),
  .UNSPECIFIED.,.F.,.F.,(3,3),(0.,1.),.PIECEWISE_BEZIER_KNOTS.);
#11765 = CARTESIAN_POINT('',(-0.569054470917,-4.950640848484,25.));
#11766 = CARTESIAN_POINT('',(-0.671720176969,-5.001568442144,25.));
#11767 = CARTESIAN_POINT('',(-0.750610666882,-5.128549710156,25.));
#11768 = VECTOR('',#11769,1.);
#11769 = DIRECTION('',(0.,0.,1.));
#11770 = ADVANCED_FACE('',(#11771),#11789,.T.);
#11771 = FACE_BOUND('',#11772,.T.);
#11772 = EDGE_LOOP('',(#11773,#11781,#11782,#11783));
#11773 = ORIENTED_EDGE('',*,*,#11774,.T.);
#11774 = EDGE_CURVE('',#11775,#10595,#11777,.T.);
#11775 = VERTEX_POINT('',#11776);
#11776 = CARTESIAN_POINT('',(-0.35629330377,-4.899578168369,25.));
#11777 = LINE('',#11778,#11779);
#11778 = CARTESIAN_POINT('',(-0.35629330377,-4.899578168369,25.));
#11779 = VECTOR('',#11780,1.);
#11780 = DIRECTION('',(-0.,-0.,-1.));
#11781 = ORIENTED_EDGE('',*,*,#10594,.T.);
#11782 = ORIENTED_EDGE('',*,*,#11748,.F.);
#11783 = ORIENTED_EDGE('',*,*,#11784,.F.);
#11784 = EDGE_CURVE('',#11775,#11749,#11785,.T.);
#11785 = B_SPLINE_CURVE_WITH_KNOTS('',2,(#11786,#11787,#11788),
  .UNSPECIFIED.,.F.,.F.,(3,3),(0.,1.),.PIECEWISE_BEZIER_KNOTS.);
#11786 = CARTESIAN_POINT('',(-0.35629330377,-4.899578168369,25.));
#11787 = CARTESIAN_POINT('',(-0.46625367841,-4.899578168369,25.));
#11788 = CARTESIAN_POINT('',(-0.569054470917,-4.950640848484,25.));
#11789 = SURFACE_OF_LINEAR_EXTRUSION('',#11790,#11794);
#11790 = B_SPLINE_CURVE_WITH_KNOTS('',2,(#11791,#11792,#11793),
  .UNSPECIFIED.,.F.,.F.,(3,3),(0.,1.),.PIECEWISE_BEZIER_KNOTS.);
#11791 = CARTESIAN_POINT('',(-0.35629330377,-4.899578168369,25.));
#11792 = CARTESIAN_POINT('',(-0.46625367841,-4.899578168369,25.));
#11793 = CARTESIAN_POINT('',(-0.569054470917,-4.950640848484,25.));
#11794 = VECTOR('',#11795,1.);
#11795 = DIRECTION('',(0.,0.,1.));
#11796 = ADVANCED_FACE('',(#11797),#11815,.T.);
#11797 = FACE_BOUND('',#11798,.T.);
#11798 = EDGE_LOOP('',(#11799,#11807,#11808,#11809));
#11799 = ORIENTED_EDGE('',*,*,#11800,.T.);
#11800 = EDGE_CURVE('',#11801,#10603,#11803,.T.);
#11801 = VERTEX_POINT('',#11802);
#11802 = CARTESIAN_POINT('',(-0.14042514815,-4.950640848484,25.));
#11803 = LINE('',#11804,#11805);
#11804 = CARTESIAN_POINT('',(-0.14042514815,-4.950640848484,25.));
#11805 = VECTOR('',#11806,1.);
#11806 = DIRECTION('',(-0.,-0.,-1.));
#11807 = ORIENTED_EDGE('',*,*,#10602,.T.);
#11808 = ORIENTED_EDGE('',*,*,#11774,.F.);
#11809 = ORIENTED_EDGE('',*,*,#11810,.F.);
#11810 = EDGE_CURVE('',#11801,#11775,#11811,.T.);
#11811 = B_SPLINE_CURVE_WITH_KNOTS('',2,(#11812,#11813,#11814),
  .UNSPECIFIED.,.F.,.F.,(3,3),(0.,1.),.PIECEWISE_BEZIER_KNOTS.);
#11812 = CARTESIAN_POINT('',(-0.14042514815,-4.950640848484,25.));
#11813 = CARTESIAN_POINT('',(-0.244171545845,-4.899578168369,25.));
#11814 = CARTESIAN_POINT('',(-0.35629330377,-4.899578168369,25.));
#11815 = SURFACE_OF_LINEAR_EXTRUSION('',#11816,#11820);
#11816 = B_SPLINE_CURVE_WITH_KNOTS('',2,(#11817,#11818,#11819),
  .UNSPECIFIED.,.F.,.F.,(3,3),(0.,1.),.PIECEWISE_BEZIER_KNOTS.);
#11817 = CARTESIAN_POINT('',(-0.14042514815,-4.950640848484,25.));
#11818 = CARTESIAN_POINT('',(-0.244171545845,-4.899578168369,25.));
#11819 = CARTESIAN_POINT('',(-0.35629330377,-4.899578168369,25.));
#11820 = VECTOR('',#11821,1.);
#11821 = DIRECTION('',(0.,0.,1.));
#11822 = ADVANCED_FACE('',(#11823),#11841,.T.);
#11823 = FACE_BOUND('',#11824,.T.);
#11824 = EDGE_LOOP('',(#11825,#11833,#11834,#11835));
#11825 = ORIENTED_EDGE('',*,*,#11826,.T.);
#11826 = EDGE_CURVE('',#11827,#10611,#11829,.T.);
#11827 = VERTEX_POINT('',#11828);
#11828 = CARTESIAN_POINT('',(4.315734464524E-02,-5.128549710156,25.));
#11829 = LINE('',#11830,#11831);
#11830 = CARTESIAN_POINT('',(4.315734464524E-02,-5.128549710156,25.));
#11831 = VECTOR('',#11832,1.);
#11832 = DIRECTION('',(-0.,-0.,-1.));
#11833 = ORIENTED_EDGE('',*,*,#10610,.T.);
#11834 = ORIENTED_EDGE('',*,*,#11800,.F.);
#11835 = ORIENTED_EDGE('',*,*,#11836,.F.);
#11836 = EDGE_CURVE('',#11827,#11801,#11837,.T.);
#11837 = B_SPLINE_CURVE_WITH_KNOTS('',2,(#11838,#11839,#11840),
  .UNSPECIFIED.,.F.,.F.,(3,3),(0.,1.),.PIECEWISE_BEZIER_KNOTS.);
#11838 = CARTESIAN_POINT('',(4.315734464524E-02,-5.128549710156,25.));
#11839 = CARTESIAN_POINT('',(-3.667875045562E-02,-5.001568442144,25.));
#11840 = CARTESIAN_POINT('',(-0.14042514815,-4.950640848484,25.));
#11841 = SURFACE_OF_LINEAR_EXTRUSION('',#11842,#11846);
#11842 = B_SPLINE_CURVE_WITH_KNOTS('',2,(#11843,#11844,#11845),
  .UNSPECIFIED.,.F.,.F.,(3,3),(0.,1.),.PIECEWISE_BEZIER_KNOTS.);
#11843 = CARTESIAN_POINT('',(4.315734464524E-02,-5.128549710156,25.));
#11844 = CARTESIAN_POINT('',(-3.667875045562E-02,-5.001568442144,25.));
#11845 = CARTESIAN_POINT('',(-0.14042514815,-4.950640848484,25.));
#11846 = VECTOR('',#11847,1.);
#11847 = DIRECTION('',(0.,0.,1.));
#11848 = ADVANCED_FACE('',(#11849),#11860,.T.);
#11849 = FACE_BOUND('',#11850,.T.);
#11850 = EDGE_LOOP('',(#11851,#11852,#11853,#11854));
#11851 = ORIENTED_EDGE('',*,*,#11464,.T.);
#11852 = ORIENTED_EDGE('',*,*,#10618,.T.);
#11853 = ORIENTED_EDGE('',*,*,#11826,.F.);
#11854 = ORIENTED_EDGE('',*,*,#11855,.F.);
#11855 = EDGE_CURVE('',#11465,#11827,#11856,.T.);
#11856 = B_SPLINE_CURVE_WITH_KNOTS('',2,(#11857,#11858,#11859),
  .UNSPECIFIED.,.F.,.F.,(3,3),(0.,1.),.PIECEWISE_BEZIER_KNOTS.);
#11857 = CARTESIAN_POINT('',(0.170678958478,-5.469643009867,25.));
#11858 = CARTESIAN_POINT('',(0.122993439746,-5.255395891712,25.));
#11859 = CARTESIAN_POINT('',(4.315734464524E-02,-5.128549710156,25.));
#11860 = SURFACE_OF_LINEAR_EXTRUSION('',#11861,#11865);
#11861 = B_SPLINE_CURVE_WITH_KNOTS('',2,(#11862,#11863,#11864),
  .UNSPECIFIED.,.F.,.F.,(3,3),(0.,1.),.PIECEWISE_BEZIER_KNOTS.);
#11862 = CARTESIAN_POINT('',(0.170678958478,-5.469643009867,25.));
#11863 = CARTESIAN_POINT('',(0.122993439746,-5.255395891712,25.));
#11864 = CARTESIAN_POINT('',(4.315734464524E-02,-5.128549710156,25.));
#11865 = VECTOR('',#11866,1.);
#11866 = DIRECTION('',(0.,0.,1.));
#11867 = ADVANCED_FACE('',(#11868),#11893,.T.);
#11868 = FACE_BOUND('',#11869,.T.);
#11869 = EDGE_LOOP('',(#11870,#11878,#11879,#11887));
#11870 = ORIENTED_EDGE('',*,*,#11871,.T.);
#11871 = EDGE_CURVE('',#11872,#10814,#11874,.T.);
#11872 = VERTEX_POINT('',#11873);
#11873 = CARTESIAN_POINT('',(-6.713974315786,0.864099869958,25.));
#11874 = LINE('',#11875,#11876);
#11875 = CARTESIAN_POINT('',(-6.713974315786,0.864099869958,25.));
#11876 = VECTOR('',#11877,1.);
#11877 = DIRECTION('',(-0.,-0.,-1.));
#11878 = ORIENTED_EDGE('',*,*,#10813,.T.);
#11879 = ORIENTED_EDGE('',*,*,#11880,.F.);
#11880 = EDGE_CURVE('',#11881,#10816,#11883,.T.);
#11881 = VERTEX_POINT('',#11882);
#11882 = CARTESIAN_POINT('',(-6.133102557861,0.864099869958,25.));
#11883 = LINE('',#11884,#11885);
#11884 = CARTESIAN_POINT('',(-6.133102557861,0.864099869958,25.));
#11885 = VECTOR('',#11886,1.);
#11886 = DIRECTION('',(-0.,-0.,-1.));
#11887 = ORIENTED_EDGE('',*,*,#11888,.F.);
#11888 = EDGE_CURVE('',#11872,#11881,#11889,.T.);
#11889 = LINE('',#11890,#11891);
#11890 = CARTESIAN_POINT('',(-6.713974315786,0.864099869958,25.));
#11891 = VECTOR('',#11892,1.);
#11892 = DIRECTION('',(1.,0.,0.));
#11893 = PLANE('',#11894);
#11894 = AXIS2_PLACEMENT_3D('',#11895,#11896,#11897);
#11895 = CARTESIAN_POINT('',(-6.713974315786,0.864099869958,25.));
#11896 = DIRECTION('',(0.,-1.,0.));
#11897 = DIRECTION('',(1.,0.,0.));
#11898 = ADVANCED_FACE('',(#11899),#11917,.T.);
#11899 = FACE_BOUND('',#11900,.T.);
#11900 = EDGE_LOOP('',(#11901,#11909,#11910,#11911));
#11901 = ORIENTED_EDGE('',*,*,#11902,.T.);
#11902 = EDGE_CURVE('',#11903,#10824,#11905,.T.);
#11903 = VERTEX_POINT('',#11904);
#11904 = CARTESIAN_POINT('',(-6.713974315786,2.52116038869,25.));
#11905 = LINE('',#11906,#11907);
#11906 = CARTESIAN_POINT('',(-6.713974315786,2.52116038869,25.));
#11907 = VECTOR('',#11908,1.);
#11908 = DIRECTION('',(-0.,-0.,-1.));
#11909 = ORIENTED_EDGE('',*,*,#10823,.T.);
#11910 = ORIENTED_EDGE('',*,*,#11871,.F.);
#11911 = ORIENTED_EDGE('',*,*,#11912,.F.);
#11912 = EDGE_CURVE('',#11903,#11872,#11913,.T.);
#11913 = LINE('',#11914,#11915);
#11914 = CARTESIAN_POINT('',(-6.713974315786,2.52116038869,25.));
#11915 = VECTOR('',#11916,1.);
#11916 = DIRECTION('',(0.,-1.,0.));
#11917 = PLANE('',#11918);
#11918 = AXIS2_PLACEMENT_3D('',#11919,#11920,#11921);
#11919 = CARTESIAN_POINT('',(-6.713974315786,2.52116038869,25.));
#11920 = DIRECTION('',(-1.,0.,0.));
#11921 = DIRECTION('',(0.,-1.,0.));
#11922 = ADVANCED_FACE('',(#11923),#11941,.T.);
#11923 = FACE_BOUND('',#11924,.T.);
#11924 = EDGE_LOOP('',(#11925,#11933,#11934,#11935));
#11925 = ORIENTED_EDGE('',*,*,#11926,.T.);
#11926 = EDGE_CURVE('',#11927,#10832,#11929,.T.);
#11927 = VERTEX_POINT('',#11928);
#11928 = CARTESIAN_POINT('',(-6.119143624143,2.52116038869,25.));
#11929 = LINE('',#11930,#11931);
#11930 = CARTESIAN_POINT('',(-6.119143624143,2.52116038869,25.));
#11931 = VECTOR('',#11932,1.);
#11932 = DIRECTION('',(-0.,-0.,-1.));
#11933 = ORIENTED_EDGE('',*,*,#10831,.T.);
#11934 = ORIENTED_EDGE('',*,*,#11902,.F.);
#11935 = ORIENTED_EDGE('',*,*,#11936,.F.);
#11936 = EDGE_CURVE('',#11927,#11903,#11937,.T.);
#11937 = LINE('',#11938,#11939);
#11938 = CARTESIAN_POINT('',(-6.119143624143,2.52116038869,25.));
#11939 = VECTOR('',#11940,1.);
#11940 = DIRECTION('',(-1.,0.,0.));
#11941 = PLANE('',#11942);
#11942 = AXIS2_PLACEMENT_3D('',#11943,#11944,#11945);
#11943 = CARTESIAN_POINT('',(-6.119143624143,2.52116038869,25.));
#11944 = DIRECTION('',(0.,1.,0.));
#11945 = DIRECTION('',(-1.,0.,0.));
#11946 = ADVANCED_FACE('',(#11947),#11965,.T.);
#11947 = FACE_BOUND('',#11948,.T.);
#11948 = EDGE_LOOP('',(#11949,#11957,#11958,#11959));
#11949 = ORIENTED_EDGE('',*,*,#11950,.T.);
#11950 = EDGE_CURVE('',#11951,#10840,#11953,.T.);
#11951 = VERTEX_POINT('',#11952);
#11952 = CARTESIAN_POINT('',(-5.353428566507,2.317404985232,25.));
#11953 = LINE('',#11954,#11955);
#11954 = CARTESIAN_POINT('',(-5.353428566507,2.317404985232,25.));
#11955 = VECTOR('',#11956,1.);
#11956 = DIRECTION('',(-0.,-0.,-1.));
#11957 = ORIENTED_EDGE('',*,*,#10839,.T.);
#11958 = ORIENTED_EDGE('',*,*,#11926,.F.);
#11959 = ORIENTED_EDGE('',*,*,#11960,.F.);
#11960 = EDGE_CURVE('',#11951,#11927,#11961,.T.);
#11961 = B_SPLINE_CURVE_WITH_KNOTS('',2,(#11962,#11963,#11964),
  .UNSPECIFIED.,.F.,.F.,(3,3),(0.,1.),.PIECEWISE_BEZIER_KNOTS.);
#11962 = CARTESIAN_POINT('',(-5.353428566507,2.317404985232,25.));
#11963 = CARTESIAN_POINT('',(-5.604013941146,2.52116038869,25.));
#11964 = CARTESIAN_POINT('',(-6.119143624143,2.52116038869,25.));
#11965 = SURFACE_OF_LINEAR_EXTRUSION('',#11966,#11970);
#11966 = B_SPLINE_CURVE_WITH_KNOTS('',2,(#11967,#11968,#11969),
  .UNSPECIFIED.,.F.,.F.,(3,3),(0.,1.),.PIECEWISE_BEZIER_KNOTS.);
#11967 = CARTESIAN_POINT('',(-5.353428566507,2.317404985232,25.));
#11968 = CARTESIAN_POINT('',(-5.604013941146,2.52116038869,25.));
#11969 = CARTESIAN_POINT('',(-6.119143624143,2.52116038869,25.));
#11970 = VECTOR('',#11971,1.);
#11971 = DIRECTION('',(0.,0.,1.));
#11972 = ADVANCED_FACE('',(#11973),#11991,.T.);
#11973 = FACE_BOUND('',#11974,.T.);
#11974 = EDGE_LOOP('',(#11975,#11983,#11984,#11985));
#11975 = ORIENTED_EDGE('',*,*,#11976,.T.);
#11976 = EDGE_CURVE('',#11977,#10848,#11979,.T.);
#11977 = VERTEX_POINT('',#11978);
#11978 = CARTESIAN_POINT('',(-5.102618047775,1.734056642293,25.));
#11979 = LINE('',#11980,#11981);
#11980 = CARTESIAN_POINT('',(-5.102618047775,1.734056642293,25.));
#11981 = VECTOR('',#11982,1.);
#11982 = DIRECTION('',(-0.,-0.,-1.));
#11983 = ORIENTED_EDGE('',*,*,#10847,.T.);
#11984 = ORIENTED_EDGE('',*,*,#11950,.F.);
#11985 = ORIENTED_EDGE('',*,*,#11986,.F.);
#11986 = EDGE_CURVE('',#11977,#11951,#11987,.T.);
#11987 = B_SPLINE_CURVE_WITH_KNOTS('',2,(#11988,#11989,#11990),
  .UNSPECIFIED.,.F.,.F.,(3,3),(0.,1.),.PIECEWISE_BEZIER_KNOTS.);
#11988 = CARTESIAN_POINT('',(-5.102618047775,1.734056642293,25.));
#11989 = CARTESIAN_POINT('',(-5.102618047775,2.113874725866,25.));
#11990 = CARTESIAN_POINT('',(-5.353428566507,2.317404985232,25.));
#11991 = SURFACE_OF_LINEAR_EXTRUSION('',#11992,#11996);
#11992 = B_SPLINE_CURVE_WITH_KNOTS('',2,(#11993,#11994,#11995),
  .UNSPECIFIED.,.F.,.F.,(3,3),(0.,1.),.PIECEWISE_BEZIER_KNOTS.);
#11993 = CARTESIAN_POINT('',(-5.102618047775,1.734056642293,25.));
#11994 = CARTESIAN_POINT('',(-5.102618047775,2.113874725866,25.));
#11995 = CARTESIAN_POINT('',(-5.353428566507,2.317404985232,25.));
#11996 = VECTOR('',#11997,1.);
#11997 = DIRECTION('',(0.,0.,1.));
#11998 = ADVANCED_FACE('',(#11999),#12017,.T.);
#11999 = FACE_BOUND('',#12000,.T.);
#12000 = EDGE_LOOP('',(#12001,#12009,#12010,#12011));
#12001 = ORIENTED_EDGE('',*,*,#12002,.T.);
#12002 = EDGE_CURVE('',#12003,#10856,#12005,.T.);
#12003 = VERTEX_POINT('',#12004);
#12004 = CARTESIAN_POINT('',(-5.164982961319,1.385308443445,25.));
#12005 = LINE('',#12006,#12007);
#12006 = CARTESIAN_POINT('',(-5.164982961319,1.385308443445,25.));
#12007 = VECTOR('',#12008,1.);
#12008 = DIRECTION('',(-0.,-0.,-1.));
#12009 = ORIENTED_EDGE('',*,*,#10855,.T.);
#12010 = ORIENTED_EDGE('',*,*,#11976,.F.);
#12011 = ORIENTED_EDGE('',*,*,#12012,.F.);
#12012 = EDGE_CURVE('',#12003,#11977,#12013,.T.);
#12013 = B_SPLINE_CURVE_WITH_KNOTS('',2,(#12014,#12015,#12016),
  .UNSPECIFIED.,.F.,.F.,(3,3),(0.,1.),.PIECEWISE_BEZIER_KNOTS.);
#12014 = CARTESIAN_POINT('',(-5.164982961319,1.385308443445,25.));
#12015 = CARTESIAN_POINT('',(-5.102618047775,1.544260172552,25.));
#12016 = CARTESIAN_POINT('',(-5.102618047775,1.734056642293,25.));
#12017 = SURFACE_OF_LINEAR_EXTRUSION('',#12018,#12022);
#12018 = B_SPLINE_CURVE_WITH_KNOTS('',2,(#12019,#12020,#12021),
  .UNSPECIFIED.,.F.,.F.,(3,3),(0.,1.),.PIECEWISE_BEZIER_KNOTS.);
#12019 = CARTESIAN_POINT('',(-5.164982961319,1.385308443445,25.));
#12020 = CARTESIAN_POINT('',(-5.102618047775,1.544260172552,25.));
#12021 = CARTESIAN_POINT('',(-5.102618047775,1.734056642293,25.));
#12022 = VECTOR('',#12023,1.);
#12023 = DIRECTION('',(0.,0.,1.));
#12024 = ADVANCED_FACE('',(#12025),#12043,.T.);
#12025 = FACE_BOUND('',#12026,.T.);
#12026 = EDGE_LOOP('',(#12027,#12035,#12036,#12037));
#12027 = ORIENTED_EDGE('',*,*,#12028,.T.);
#12028 = EDGE_CURVE('',#12029,#10864,#12031,.T.);
#12029 = VERTEX_POINT('',#12030);
#12030 = CARTESIAN_POINT('',(-5.353428566507,1.11085779503,25.));
#12031 = LINE('',#12032,#12033);
#12032 = CARTESIAN_POINT('',(-5.353428566507,1.11085779503,25.));
#12033 = VECTOR('',#12034,1.);
#12034 = DIRECTION('',(-0.,-0.,-1.));
#12035 = ORIENTED_EDGE('',*,*,#10863,.T.);
#12036 = ORIENTED_EDGE('',*,*,#12002,.F.);
#12037 = ORIENTED_EDGE('',*,*,#12038,.F.);
#12038 = EDGE_CURVE('',#12029,#12003,#12039,.T.);
#12039 = B_SPLINE_CURVE_WITH_KNOTS('',2,(#12040,#12041,#12042),
  .UNSPECIFIED.,.F.,.F.,(3,3),(0.,1.),.PIECEWISE_BEZIER_KNOTS.);
#12040 = CARTESIAN_POINT('',(-5.353428566507,1.11085779503,25.));
#12041 = CARTESIAN_POINT('',(-5.227122730772,1.226581858431,25.));
#12042 = CARTESIAN_POINT('',(-5.164982961319,1.385308443445,25.));
#12043 = SURFACE_OF_LINEAR_EXTRUSION('',#12044,#12048);
#12044 = B_SPLINE_CURVE_WITH_KNOTS('',2,(#12045,#12046,#12047),
  .UNSPECIFIED.,.F.,.F.,(3,3),(0.,1.),.PIECEWISE_BEZIER_KNOTS.);
#12045 = CARTESIAN_POINT('',(-5.353428566507,1.11085779503,25.));
#12046 = CARTESIAN_POINT('',(-5.227122730772,1.226581858431,25.));
#12047 = CARTESIAN_POINT('',(-5.164982961319,1.385308443445,25.));
#12048 = VECTOR('',#12049,1.);
#12049 = DIRECTION('',(0.,0.,1.));
#12050 = ADVANCED_FACE('',(#12051),#12069,.T.);
#12051 = FACE_BOUND('',#12052,.T.);
#12052 = EDGE_LOOP('',(#12053,#12061,#12062,#12063));
#12053 = ORIENTED_EDGE('',*,*,#12054,.T.);
#12054 = EDGE_CURVE('',#12055,#10872,#12057,.T.);
#12055 = VERTEX_POINT('',#12056);
#12056 = CARTESIAN_POINT('',(-5.674934330195,0.929616800794,25.));
#12057 = LINE('',#12058,#12059);
#12058 = CARTESIAN_POINT('',(-5.674934330195,0.929616800794,25.));
#12059 = VECTOR('',#12060,1.);
#12060 = DIRECTION('',(-0.,-0.,-1.));
#12061 = ORIENTED_EDGE('',*,*,#10871,.T.);
#12062 = ORIENTED_EDGE('',*,*,#12028,.F.);
#12063 = ORIENTED_EDGE('',*,*,#12064,.F.);
#12064 = EDGE_CURVE('',#12055,#12029,#12065,.T.);
#12065 = B_SPLINE_CURVE_WITH_KNOTS('',2,(#12066,#12067,#12068),
  .UNSPECIFIED.,.F.,.F.,(3,3),(0.,1.),.PIECEWISE_BEZIER_KNOTS.);
#12066 = CARTESIAN_POINT('',(-5.674934330195,0.929616800794,25.));
#12067 = CARTESIAN_POINT('',(-5.479509258149,0.995358875722,25.));
#12068 = CARTESIAN_POINT('',(-5.353428566507,1.11085779503,25.));
#12069 = SURFACE_OF_LINEAR_EXTRUSION('',#12070,#12074);
#12070 = B_SPLINE_CURVE_WITH_KNOTS('',2,(#12071,#12072,#12073),
  .UNSPECIFIED.,.F.,.F.,(3,3),(0.,1.),.PIECEWISE_BEZIER_KNOTS.);
#12071 = CARTESIAN_POINT('',(-5.674934330195,0.929616800794,25.));
#12072 = CARTESIAN_POINT('',(-5.479509258149,0.995358875722,25.));
#12073 = CARTESIAN_POINT('',(-5.353428566507,1.11085779503,25.));
#12074 = VECTOR('',#12075,1.);
#12075 = DIRECTION('',(0.,0.,1.));
#12076 = ADVANCED_FACE('',(#12077),#12088,.T.);
#12077 = FACE_BOUND('',#12078,.T.);
#12078 = EDGE_LOOP('',(#12079,#12080,#12081,#12082));
#12079 = ORIENTED_EDGE('',*,*,#11880,.T.);
#12080 = ORIENTED_EDGE('',*,*,#10879,.T.);
#12081 = ORIENTED_EDGE('',*,*,#12054,.F.);
#12082 = ORIENTED_EDGE('',*,*,#12083,.F.);
#12083 = EDGE_CURVE('',#11881,#12055,#12084,.T.);
#12084 = B_SPLINE_CURVE_WITH_KNOTS('',2,(#12085,#12086,#12087),
  .UNSPECIFIED.,.F.,.F.,(3,3),(0.,1.),.PIECEWISE_BEZIER_KNOTS.);
#12085 = CARTESIAN_POINT('',(-6.133102557861,0.864099869958,25.));
#12086 = CARTESIAN_POINT('',(-5.870359402241,0.864099869958,25.));
#12087 = CARTESIAN_POINT('',(-5.674934330195,0.929616800794,25.));
#12088 = SURFACE_OF_LINEAR_EXTRUSION('',#12089,#12093);
#12089 = B_SPLINE_CURVE_WITH_KNOTS('',2,(#12090,#12091,#12092),
  .UNSPECIFIED.,.F.,.F.,(3,3),(0.,1.),.PIECEWISE_BEZIER_KNOTS.);
#12090 = CARTESIAN_POINT('',(-6.133102557861,0.864099869958,25.));
#12091 = CARTESIAN_POINT('',(-5.870359402241,0.864099869958,25.));
#12092 = CARTESIAN_POINT('',(-5.674934330195,0.929616800794,25.));
#12093 = VECTOR('',#12094,1.);
#12094 = DIRECTION('',(0.,0.,1.));
#12095 = ADVANCED_FACE('',(#12096),#12121,.T.);
#12096 = FACE_BOUND('',#12097,.T.);
#12097 = EDGE_LOOP('',(#12098,#12106,#12107,#12115));
#12098 = ORIENTED_EDGE('',*,*,#12099,.T.);
#12099 = EDGE_CURVE('',#12100,#10950,#12102,.T.);
#12100 = VERTEX_POINT('',#12101);
#12101 = CARTESIAN_POINT('',(7.117077557413,1.224330417509,25.));
#12102 = LINE('',#12103,#12104);
#12103 = CARTESIAN_POINT('',(7.117077557413,1.224330417509,25.));
#12104 = VECTOR('',#12105,1.);
#12105 = DIRECTION('',(-0.,-0.,-1.));
#12106 = ORIENTED_EDGE('',*,*,#10949,.T.);
#12107 = ORIENTED_EDGE('',*,*,#12108,.F.);
#12108 = EDGE_CURVE('',#12109,#10952,#12111,.T.);
#12109 = VERTEX_POINT('',#12110);
#12110 = CARTESIAN_POINT('',(6.532603494012,1.013820691284,25.));
#12111 = LINE('',#12112,#12113);
#12112 = CARTESIAN_POINT('',(6.532603494012,1.013820691284,25.));
#12113 = VECTOR('',#12114,1.);
#12114 = DIRECTION('',(-0.,-0.,-1.));
#12115 = ORIENTED_EDGE('',*,*,#12116,.F.);
#12116 = EDGE_CURVE('',#12100,#12109,#12117,.T.);
#12117 = B_SPLINE_CURVE_WITH_KNOTS('',2,(#12118,#12119,#12120),
  .UNSPECIFIED.,.F.,.F.,(3,3),(0.,1.),.PIECEWISE_BEZIER_KNOTS.);
#12118 = CARTESIAN_POINT('',(7.117077557413,1.224330417509,25.));
#12119 = CARTESIAN_POINT('',(6.743563508421,1.224330417509,25.));
#12120 = CARTESIAN_POINT('',(6.532603494012,1.013820691284,25.));
#12121 = SURFACE_OF_LINEAR_EXTRUSION('',#12122,#12126);
#12122 = B_SPLINE_CURVE_WITH_KNOTS('',2,(#12123,#12124,#12125),
  .UNSPECIFIED.,.F.,.F.,(3,3),(0.,1.),.PIECEWISE_BEZIER_KNOTS.);
#12123 = CARTESIAN_POINT('',(7.117077557413,1.224330417509,25.));
#12124 = CARTESIAN_POINT('',(6.743563508421,1.224330417509,25.));
#12125 = CARTESIAN_POINT('',(6.532603494012,1.013820691284,25.));
#12126 = VECTOR('',#12127,1.);
#12127 = DIRECTION('',(0.,0.,1.));
#12128 = ADVANCED_FACE('',(#12129),#12147,.T.);
#12129 = FACE_BOUND('',#12130,.T.);
#12130 = EDGE_LOOP('',(#12131,#12139,#12140,#12141));
#12131 = ORIENTED_EDGE('',*,*,#12132,.T.);
#12132 = EDGE_CURVE('',#12133,#10960,#12135,.T.);
#12133 = VERTEX_POINT('',#12134);
#12134 = CARTESIAN_POINT('',(7.448939949344,1.160389495318,25.));
#12135 = LINE('',#12136,#12137);
#12136 = CARTESIAN_POINT('',(7.448939949344,1.160389495318,25.));
#12137 = VECTOR('',#12138,1.);
#12138 = DIRECTION('',(-0.,-0.,-1.));
#12139 = ORIENTED_EDGE('',*,*,#10959,.T.);
#12140 = ORIENTED_EDGE('',*,*,#12099,.F.);
#12141 = ORIENTED_EDGE('',*,*,#12142,.F.);
#12142 = EDGE_CURVE('',#12133,#12100,#12143,.T.);
#12143 = B_SPLINE_CURVE_WITH_KNOTS('',2,(#12144,#12145,#12146),
  .UNSPECIFIED.,.F.,.F.,(3,3),(0.,1.),.PIECEWISE_BEZIER_KNOTS.);
#12144 = CARTESIAN_POINT('',(7.448939949344,1.160389495318,25.));
#12145 = CARTESIAN_POINT('',(7.307324315338,1.224330417509,25.));
#12146 = CARTESIAN_POINT('',(7.117077557413,1.224330417509,25.));
#12147 = SURFACE_OF_LINEAR_EXTRUSION('',#12148,#12152);
#12148 = B_SPLINE_CURVE_WITH_KNOTS('',2,(#12149,#12150,#12151),
  .UNSPECIFIED.,.F.,.F.,(3,3),(0.,1.),.PIECEWISE_BEZIER_KNOTS.);
#12149 = CARTESIAN_POINT('',(7.448939949344,1.160389495318,25.));
#12150 = CARTESIAN_POINT('',(7.307324315338,1.224330417509,25.));
#12151 = CARTESIAN_POINT('',(7.117077557413,1.224330417509,25.));
#12152 = VECTOR('',#12153,1.);
#12153 = DIRECTION('',(0.,0.,1.));
#12154 = ADVANCED_FACE('',(#12155),#12173,.T.);
#12155 = FACE_BOUND('',#12156,.T.);
#12156 = EDGE_LOOP('',(#12157,#12165,#12166,#12167));
#12157 = ORIENTED_EDGE('',*,*,#12158,.T.);
#12158 = EDGE_CURVE('',#12159,#10968,#12161,.T.);
#12159 = VERTEX_POINT('',#12160);
#12160 = CARTESIAN_POINT('',(7.684215525712,0.986353112033,25.));
#12161 = LINE('',#12162,#12163);
#12162 = CARTESIAN_POINT('',(7.684215525712,0.986353112033,25.));
#12163 = VECTOR('',#12164,1.);
#12164 = DIRECTION('',(-0.,-0.,-1.));
#12165 = ORIENTED_EDGE('',*,*,#10967,.T.);
#12166 = ORIENTED_EDGE('',*,*,#12132,.F.);
#12167 = ORIENTED_EDGE('',*,*,#12168,.F.);
#12168 = EDGE_CURVE('',#12159,#12133,#12169,.T.);
#12169 = B_SPLINE_CURVE_WITH_KNOTS('',2,(#12170,#12171,#12172),
  .UNSPECIFIED.,.F.,.F.,(3,3),(0.,1.),.PIECEWISE_BEZIER_KNOTS.);
#12170 = CARTESIAN_POINT('',(7.684215525712,0.986353112033,25.));
#12171 = CARTESIAN_POINT('',(7.590780727442,1.096673717221,25.));
#12172 = CARTESIAN_POINT('',(7.448939949344,1.160389495318,25.));
#12173 = SURFACE_OF_LINEAR_EXTRUSION('',#12174,#12178);
#12174 = B_SPLINE_CURVE_WITH_KNOTS('',2,(#12175,#12176,#12177),
  .UNSPECIFIED.,.F.,.F.,(3,3),(0.,1.),.PIECEWISE_BEZIER_KNOTS.);
#12175 = CARTESIAN_POINT('',(7.684215525712,0.986353112033,25.));
#12176 = CARTESIAN_POINT('',(7.590780727442,1.096673717221,25.));
#12177 = CARTESIAN_POINT('',(7.448939949344,1.160389495318,25.));
#12178 = VECTOR('',#12179,1.);
#12179 = DIRECTION('',(0.,0.,1.));
#12180 = ADVANCED_FACE('',(#12181),#12199,.T.);
#12181 = FACE_BOUND('',#12182,.T.);
#12182 = EDGE_LOOP('',(#12183,#12191,#12192,#12193));
#12183 = ORIENTED_EDGE('',*,*,#12184,.T.);
#12184 = EDGE_CURVE('',#12185,#10976,#12187,.T.);
#12185 = VERTEX_POINT('',#12186);
#12186 = CARTESIAN_POINT('',(7.822453998335,0.729463702811,25.));
#12187 = LINE('',#12188,#12189);
#12188 = CARTESIAN_POINT('',(7.822453998335,0.729463702811,25.));
#12189 = VECTOR('',#12190,1.);
#12190 = DIRECTION('',(-0.,-0.,-1.));
#12191 = ORIENTED_EDGE('',*,*,#10975,.T.);
#12192 = ORIENTED_EDGE('',*,*,#12158,.F.);
#12193 = ORIENTED_EDGE('',*,*,#12194,.F.);
#12194 = EDGE_CURVE('',#12185,#12159,#12195,.T.);
#12195 = B_SPLINE_CURVE_WITH_KNOTS('',2,(#12196,#12197,#12198),
  .UNSPECIFIED.,.F.,.F.,(3,3),(0.,1.),.PIECEWISE_BEZIER_KNOTS.);
#12196 = CARTESIAN_POINT('',(7.822453998335,0.729463702811,25.));
#12197 = CARTESIAN_POINT('',(7.777650323983,0.876032506846,25.));
#12198 = CARTESIAN_POINT('',(7.684215525712,0.986353112033,25.));
#12199 = SURFACE_OF_LINEAR_EXTRUSION('',#12200,#12204);
#12200 = B_SPLINE_CURVE_WITH_KNOTS('',2,(#12201,#12202,#12203),
  .UNSPECIFIED.,.F.,.F.,(3,3),(0.,1.),.PIECEWISE_BEZIER_KNOTS.);
#12201 = CARTESIAN_POINT('',(7.822453998335,0.729463702811,25.));
#12202 = CARTESIAN_POINT('',(7.777650323983,0.876032506846,25.));
#12203 = CARTESIAN_POINT('',(7.684215525712,0.986353112033,25.));
#12204 = VECTOR('',#12205,1.);
#12205 = DIRECTION('',(0.,0.,1.));
#12206 = ADVANCED_FACE('',(#12207),#12225,.T.);
#12207 = FACE_BOUND('',#12208,.T.);
#12208 = EDGE_LOOP('',(#12209,#12217,#12218,#12219));
#12209 = ORIENTED_EDGE('',*,*,#12210,.T.);
#12210 = EDGE_CURVE('',#12211,#10984,#12213,.T.);
#12211 = VERTEX_POINT('',#12212);
#12212 = CARTESIAN_POINT('',(7.867482816779,0.417413990996,25.));
#12213 = LINE('',#12214,#12215);
#12214 = CARTESIAN_POINT('',(7.867482816779,0.417413990996,25.));
#12215 = VECTOR('',#12216,1.);
#12216 = DIRECTION('',(-0.,-0.,-1.));
#12217 = ORIENTED_EDGE('',*,*,#10983,.T.);
#12218 = ORIENTED_EDGE('',*,*,#12184,.F.);
#12219 = ORIENTED_EDGE('',*,*,#12220,.F.);
#12220 = EDGE_CURVE('',#12211,#12185,#12221,.T.);
#12221 = B_SPLINE_CURVE_WITH_KNOTS('',2,(#12222,#12223,#12224),
  .UNSPECIFIED.,.F.,.F.,(3,3),(0.,1.),.PIECEWISE_BEZIER_KNOTS.);
#12222 = CARTESIAN_POINT('',(7.867482816779,0.417413990996,25.));
#12223 = CARTESIAN_POINT('',(7.867482816779,0.582894898777,25.));
#12224 = CARTESIAN_POINT('',(7.822453998335,0.729463702811,25.));
#12225 = SURFACE_OF_LINEAR_EXTRUSION('',#12226,#12230);
#12226 = B_SPLINE_CURVE_WITH_KNOTS('',2,(#12227,#12228,#12229),
  .UNSPECIFIED.,.F.,.F.,(3,3),(0.,1.),.PIECEWISE_BEZIER_KNOTS.);
#12227 = CARTESIAN_POINT('',(7.867482816779,0.417413990996,25.));
#12228 = CARTESIAN_POINT('',(7.867482816779,0.582894898777,25.));
#12229 = CARTESIAN_POINT('',(7.822453998335,0.729463702811,25.));
#12230 = VECTOR('',#12231,1.);
#12231 = DIRECTION('',(0.,0.,1.));
#12232 = ADVANCED_FACE('',(#12233),#12251,.T.);
#12233 = FACE_BOUND('',#12234,.T.);
#12234 = EDGE_LOOP('',(#12235,#12243,#12244,#12245));
#12235 = ORIENTED_EDGE('',*,*,#12236,.T.);
#12236 = EDGE_CURVE('',#12237,#10992,#12239,.T.);
#12237 = VERTEX_POINT('',#12238);
#12238 = CARTESIAN_POINT('',(6.262880871534,0.417413990996,25.));
#12239 = LINE('',#12240,#12241);
#12240 = CARTESIAN_POINT('',(6.262880871534,0.417413990996,25.));
#12241 = VECTOR('',#12242,1.);
#12242 = DIRECTION('',(-0.,-0.,-1.));
#12243 = ORIENTED_EDGE('',*,*,#10991,.T.);
#12244 = ORIENTED_EDGE('',*,*,#12210,.F.);
#12245 = ORIENTED_EDGE('',*,*,#12246,.F.);
#12246 = EDGE_CURVE('',#12237,#12211,#12247,.T.);
#12247 = LINE('',#12248,#12249);
#12248 = CARTESIAN_POINT('',(6.262880871534,0.417413990996,25.));
#12249 = VECTOR('',#12250,1.);
#12250 = DIRECTION('',(1.,0.,0.));
#12251 = PLANE('',#12252);
#12252 = AXIS2_PLACEMENT_3D('',#12253,#12254,#12255);
#12253 = CARTESIAN_POINT('',(6.262880871534,0.417413990996,25.));
#12254 = DIRECTION('',(0.,-1.,0.));
#12255 = DIRECTION('',(1.,0.,0.));
#12256 = ADVANCED_FACE('',(#12257),#12268,.T.);
#12257 = FACE_BOUND('',#12258,.T.);
#12258 = EDGE_LOOP('',(#12259,#12260,#12261,#12262));
#12259 = ORIENTED_EDGE('',*,*,#12108,.T.);
#12260 = ORIENTED_EDGE('',*,*,#10999,.T.);
#12261 = ORIENTED_EDGE('',*,*,#12236,.F.);
#12262 = ORIENTED_EDGE('',*,*,#12263,.F.);
#12263 = EDGE_CURVE('',#12109,#12237,#12264,.T.);
#12264 = B_SPLINE_CURVE_WITH_KNOTS('',2,(#12265,#12266,#12267),
  .UNSPECIFIED.,.F.,.F.,(3,3),(0.,1.),.PIECEWISE_BEZIER_KNOTS.);
#12265 = CARTESIAN_POINT('',(6.532603494012,1.013820691284,25.));
#12266 = CARTESIAN_POINT('',(6.321643479603,0.803536109151,25.));
#12267 = CARTESIAN_POINT('',(6.262880871534,0.417413990996,25.));
#12268 = SURFACE_OF_LINEAR_EXTRUSION('',#12269,#12273);
#12269 = B_SPLINE_CURVE_WITH_KNOTS('',2,(#12270,#12271,#12272),
  .UNSPECIFIED.,.F.,.F.,(3,3),(0.,1.),.PIECEWISE_BEZIER_KNOTS.);
#12270 = CARTESIAN_POINT('',(6.532603494012,1.013820691284,25.));
#12271 = CARTESIAN_POINT('',(6.321643479603,0.803536109151,25.));
#12272 = CARTESIAN_POINT('',(6.262880871534,0.417413990996,25.));
#12273 = VECTOR('',#12274,1.);
#12274 = DIRECTION('',(0.,0.,1.));
#12275 = ADVANCED_FACE('',(#12276),#12294,.T.);
#12276 = FACE_BOUND('',#12277,.T.);
#12277 = EDGE_LOOP('',(#12278,#12279,#12280,#12281,#12282,#12283,#12284,
    #12285,#12286,#12287,#12288,#12289,#12290,#12291,#12292,#12293));
#12278 = ORIENTED_EDGE('',*,*,#11082,.T.);
#12279 = ORIENTED_EDGE('',*,*,#11056,.T.);
#12280 = ORIENTED_EDGE('',*,*,#11439,.T.);
#12281 = ORIENTED_EDGE('',*,*,#11420,.T.);
#12282 = ORIENTED_EDGE('',*,*,#11394,.T.);
#12283 = ORIENTED_EDGE('',*,*,#11368,.T.);
#12284 = ORIENTED_EDGE('',*,*,#11342,.T.);
#12285 = ORIENTED_EDGE('',*,*,#11316,.T.);
#12286 = ORIENTED_EDGE('',*,*,#11290,.T.);
#12287 = ORIENTED_EDGE('',*,*,#11264,.T.);
#12288 = ORIENTED_EDGE('',*,*,#11238,.T.);
#12289 = ORIENTED_EDGE('',*,*,#11212,.T.);
#12290 = ORIENTED_EDGE('',*,*,#11186,.T.);
#12291 = ORIENTED_EDGE('',*,*,#11160,.T.);
#12292 = ORIENTED_EDGE('',*,*,#11134,.T.);
#12293 = ORIENTED_EDGE('',*,*,#11108,.T.);
#12294 = PLANE('',#12295);
#12295 = AXIS2_PLACEMENT_3D('',#12296,#12297,#12298);
#12296 = CARTESIAN_POINT('',(-1.093952106032E-15,1.371473012632E-15,25.)
  );
#12297 = DIRECTION('',(0.,0.,1.));
#12298 = DIRECTION('',(1.,0.,0.));
#12299 = ADVANCED_FACE('',(#12300),#12318,.T.);
#12300 = FACE_BOUND('',#12301,.T.);
#12301 = EDGE_LOOP('',(#12302,#12303,#12304,#12305,#12306,#12307,#12308,
    #12309,#12310,#12311,#12312,#12313,#12314,#12315,#12316,#12317));
#12302 = ORIENTED_EDGE('',*,*,#11498,.T.);
#12303 = ORIENTED_EDGE('',*,*,#11472,.T.);
#12304 = ORIENTED_EDGE('',*,*,#11855,.T.);
#12305 = ORIENTED_EDGE('',*,*,#11836,.T.);
#12306 = ORIENTED_EDGE('',*,*,#11810,.T.);
#12307 = ORIENTED_EDGE('',*,*,#11784,.T.);
#12308 = ORIENTED_EDGE('',*,*,#11758,.T.);
#12309 = ORIENTED_EDGE('',*,*,#11732,.T.);
#12310 = ORIENTED_EDGE('',*,*,#11706,.T.);
#12311 = ORIENTED_EDGE('',*,*,#11680,.T.);
#12312 = ORIENTED_EDGE('',*,*,#11654,.T.);
#12313 = ORIENTED_EDGE('',*,*,#11628,.T.);
#12314 = ORIENTED_EDGE('',*,*,#11602,.T.);
#12315 = ORIENTED_EDGE('',*,*,#11576,.T.);
#12316 = ORIENTED_EDGE('',*,*,#11550,.T.);
#12317 = ORIENTED_EDGE('',*,*,#11524,.T.);
#12318 = PLANE('',#12319);
#12319 = AXIS2_PLACEMENT_3D('',#12320,#12321,#12322);
#12320 = CARTESIAN_POINT('',(-1.093952106032E-15,1.371473012632E-15,25.)
  );
#12321 = DIRECTION('',(0.,0.,1.));
#12322 = DIRECTION('',(1.,0.,0.));
#12323 = ADVANCED_FACE('',(#12324),#12335,.T.);
#12324 = FACE_BOUND('',#12325,.T.);
#12325 = EDGE_LOOP('',(#12326,#12327,#12328,#12329,#12330,#12331,#12332,
    #12333,#12334));
#12326 = ORIENTED_EDGE('',*,*,#11912,.T.);
#12327 = ORIENTED_EDGE('',*,*,#11888,.T.);
#12328 = ORIENTED_EDGE('',*,*,#12083,.T.);
#12329 = ORIENTED_EDGE('',*,*,#12064,.T.);
#12330 = ORIENTED_EDGE('',*,*,#12038,.T.);
#12331 = ORIENTED_EDGE('',*,*,#12012,.T.);
#12332 = ORIENTED_EDGE('',*,*,#11986,.T.);
#12333 = ORIENTED_EDGE('',*,*,#11960,.T.);
#12334 = ORIENTED_EDGE('',*,*,#11936,.T.);
#12335 = PLANE('',#12336);
#12336 = AXIS2_PLACEMENT_3D('',#12337,#12338,#12339);
#12337 = CARTESIAN_POINT('',(-1.093952106032E-15,1.371473012632E-15,25.)
  );
#12338 = DIRECTION('',(0.,0.,1.));
#12339 = DIRECTION('',(1.,0.,0.));
#12340 = ADVANCED_FACE('',(#12341),#12350,.T.);
#12341 = FACE_BOUND('',#12342,.T.);
#12342 = EDGE_LOOP('',(#12343,#12344,#12345,#12346,#12347,#12348,#12349)
  );
#12343 = ORIENTED_EDGE('',*,*,#12142,.T.);
#12344 = ORIENTED_EDGE('',*,*,#12116,.T.);
#12345 = ORIENTED_EDGE('',*,*,#12263,.T.);
#12346 = ORIENTED_EDGE('',*,*,#12246,.T.);
#12347 = ORIENTED_EDGE('',*,*,#12220,.T.);
#12348 = ORIENTED_EDGE('',*,*,#12194,.T.);
#12349 = ORIENTED_EDGE('',*,*,#12168,.T.);
#12350 = PLANE('',#12351);
#12351 = AXIS2_PLACEMENT_3D('',#12352,#12353,#12354);
#12352 = CARTESIAN_POINT('',(-1.093952106032E-15,1.371473012632E-15,25.)
  );
#12353 = DIRECTION('',(0.,0.,1.));
#12354 = DIRECTION('',(1.,0.,0.));
#12355 = ( GEOMETRIC_REPRESENTATION_CONTEXT(3) 
GLOBAL_UNCERTAINTY_ASSIGNED_CONTEXT((#12359)) 
GLOBAL_UNIT_ASSIGNED_CONTEXT((#12356,#12357,#12358)) 
REPRESENTATION_CONTEXT('Context #1',
  '3D Context with UNIT and UNCERTAINTY') );
#12356 = ( LENGTH_UNIT() NAMED_UNIT(*) SI_UNIT(.MILLI.,.METRE.) );
#12357 = ( NAMED_UNIT(*) PLANE_ANGLE_UNIT() SI_UNIT($,.RADIAN.) );
#12358 = ( NAMED_UNIT(*) SI_UNIT($,.STERADIAN.) SOLID_ANGLE_UNIT() );
#12359 = UNCERTAINTY_MEASURE_WITH_UNIT(LENGTH_MEASURE(5.E-07),#12356,
  'distance_accuracy_value','confusion accuracy');
#12360 = PRODUCT_RELATED_PRODUCT_CATEGORY('part',$,(#7));
#12361 = MECHANICAL_DESIGN_GEOMETRIC_PRESENTATION_REPRESENTATION('',(
    #12362),#12355);
#12362 = STYLED_ITEM('color',(#12363),#15);
#12363 = PRESENTATION_STYLE_ASSIGNMENT((#12364,#12370));
#12364 = SURFACE_STYLE_USAGE(.BOTH.,#12365);
#12365 = SURFACE_SIDE_STYLE('',(#12366));
#12366 = SURFACE_STYLE_FILL_AREA(#12367);
#12367 = FILL_AREA_STYLE('',(#12368));
#12368 = FILL_AREA_STYLE_COLOUR('',#12369);
#12369 = COLOUR_RGB('',0.678431390124,0.709803936702,0.741176476869);
#12370 = CURVE_STYLE('',#12371,POSITIVE_LENGTH_MEASURE(0.1),#12372);
#12371 = DRAUGHTING_PRE_DEFINED_CURVE_FONT('continuous');
#12372 = COLOUR_RGB('',9.803921802644E-02,9.803921802644E-02,
  9.803921802644E-02);
ENDSEC;
END-ISO-10303-21;
