ISO-10303-21;
HEADER;
FILE_DESCRIPTION(('FreeCAD Model'),'2;1');
FILE_NAME('Open CASCADE Shape Model','2026-08-28T12:35:32',(''),(''),
  'Open CASCADE STEP processor 7.8','FreeCAD','Unknown');
FILE_SCHEMA(('AUTOMOTIVE_DESIGN { 1 0 10303 214 1 1 1 1 }'));
ENDSEC;
DATA;
#1 = APPLICATION_PROTOCOL_DEFINITION('international standard',
  'automotive_design',2000,#2);
#2 = APPLICATION_CONTEXT(
  'core data for automotive mechanical design processes');
#3 = SHAPE_DEFINITION_REPRESENTATION(#4,#10);
#4 = PRODUCT_DEFINITION_SHAPE('','',#5);
#5 = PRODUCT_DEFINITION('design','',#6,#9);
#6 = PRODUCT_DEFINITION_FORMATION('','',#7);
#7 = PRODUCT('Corner','Corner','',(#8));
#8 = PRODUCT_CONTEXT('',#2,'mechanical');
#9 = PRODUCT_DEFINITION_CONTEXT('part definition',#2,'design');
#10 = ADVANCED_BREP_SHAPE_REPRESENTATION('',(#11,#15),#12888);
#11 = AXIS2_PLACEMENT_3D('',#12,#13,#14);
#12 = CARTESIAN_POINT('',(0.,0.,0.));
#13 = DIRECTION('',(0.,0.,1.));
#14 = DIRECTION('',(1.,0.,-0.));
#15 = MANIFOLD_SOLID_BREP('',#16);
#16 = CLOSED_SHELL('',(#17,#50,#76,#119,#2632,#2680,#2704,#2745,#2762,
    #2795,#2821,#2847,#2873,#2899,#2925,#2951,#2977,#3003,#3029,#3055,
    #3081,#3107,#3133,#3159,#3178,#3211,#3237,#3263,#3289,#3313,#3339,
    #3365,#3391,#3417,#3443,#3469,#3495,#3521,#3547,#3573,#3599,#3623,
    #3649,#3675,#3701,#3727,#3753,#3779,#3805,#3831,#3857,#3883,#3909,
    #3935,#3961,#3987,#4013,#4037,#4063,#4089,#4115,#4141,#4167,#4193,
    #4219,#4245,#4271,#4297,#4323,#4349,#4375,#4401,#4427,#4453,#4479,
    #4498,#4531,#4557,#4583,#4609,#4635,#4661,#4687,#4713,#4739,#4765,
    #4791,#4817,#4843,#4869,#4895,#4914,#4947,#4973,#4999,#5025,#5051,
    #5077,#5103,#5129,#5155,#5181,#5207,#5233,#5259,#5285,#5311,#5330,
    #5361,#5385,#5411,#5437,#5463,#5489,#5513,#5537,#5561,#5587,#5613,
    #5639,#5665,#5691,#5717,#5741,#5765,#5789,#5815,#5841,#5867,#5893,
    #5919,#5945,#5971,#5997,#6023,#6049,#6075,#6101,#6127,#6153,#6177,
    #6203,#6227,#6244,#6275,#6299,#6325,#6351,#6377,#6403,#6427,#6451,
    #6475,#6501,#6527,#6553,#6579,#6605,#6631,#6655,#6679,#6703,#6729,
    #6755,#6781,#6807,#6833,#6859,#6885,#6911,#6937,#6963,#6989,#7015,
    #7041,#7067,#7091,#7117,#7141,#7158,#7189,#7213,#7237,#7254,#7285,
    #7311,#7337,#7363,#7389,#7415,#7441,#7467,#7493,#7519,#7545,#7571,
    #7597,#7623,#7649,#7675,#7701,#7727,#7753,#7779,#7805,#7831,#7857,
    #7883,#7909,#7935,#7961,#7987,#8013,#8039,#8065,#8091,#8117,#8143,
    #8169,#8195,#8221,#8247,#8273,#8299,#8325,#8351,#8377,#8403,#8429,
    #8455,#8481,#8507,#8533,#8550,#8581,#8607,#8631,#8657,#8681,#8705,
    #8729,#8755,#8779,#8805,#8831,#8855,#8881,#8905,#8931,#8957,#8983,
    #9009,#9035,#9061,#9080,#9113,#9139,#9165,#9191,#9217,#9243,#9269,
    #9295,#9321,#9347,#9373,#9399,#9425,#9451,#9477,#9496,#9529,#9555,
    #9581,#9607,#9633,#9659,#9685,#9711,#9737,#9763,#9789,#9815,#9841,
    #9867,#9893,#9919,#9945,#9971,#9995,#10021,#10047,#10073,#10099,
    #10123,#10149,#10175,#10201,#10227,#10253,#10272,#10303,#10327,
    #10351,#10377,#10401,#10427,#10451,#10477,#10503,#10529,#10555,
    #10579,#10605,#10629,#10655,#10679,#10705,#10724,#10741,#10758,
    #10770,#10794,#10853,#11007,#11161,#11205,#11249,#11261,#11319,
    #11422,#11446,#11542,#11568,#11601,#11627,#11653,#11679,#11705,
    #11731,#11757,#11783,#11809,#11835,#11861,#11887,#11913,#11939,
    #11965,#11984,#12017,#12043,#12069,#12095,#12121,#12147,#12173,
    #12199,#12225,#12251,#12277,#12303,#12329,#12355,#12381,#12400,
    #12431,#12455,#12479,#12505,#12531,#12557,#12583,#12609,#12628,
    #12661,#12687,#12713,#12739,#12765,#12789,#12808,#12832,#12856,
    #12873));
#17 = ADVANCED_FACE('',(#18),#45,.T.);
#18 = FACE_BOUND('',#19,.F.);
#19 = EDGE_LOOP('',(#20,#30,#37,#38));
#20 = ORIENTED_EDGE('',*,*,#21,.T.);
#21 = EDGE_CURVE('',#22,#24,#26,.T.);
#22 = VERTEX_POINT('',#23);
#23 = CARTESIAN_POINT('',(20.,0.,0.));
#24 = VERTEX_POINT('',#25);
#25 = CARTESIAN_POINT('',(20.,0.,36.));
#26 = LINE('',#27,#28);
#27 = CARTESIAN_POINT('',(20.,0.,0.));
#28 = VECTOR('',#29,1.);
#29 = DIRECTION('',(0.,0.,1.));
#30 = ORIENTED_EDGE('',*,*,#31,.T.);
#31 = EDGE_CURVE('',#24,#24,#32,.T.);
#32 = CIRCLE('',#33,20.);
#33 = AXIS2_PLACEMENT_3D('',#34,#35,#36);
#34 = CARTESIAN_POINT('',(0.,0.,36.));
#35 = DIRECTION('',(0.,0.,1.));
#36 = DIRECTION('',(1.,0.,0.));
#37 = ORIENTED_EDGE('',*,*,#21,.F.);
#38 = ORIENTED_EDGE('',*,*,#39,.F.);
#39 = EDGE_CURVE('',#22,#22,#40,.T.);
#40 = CIRCLE('',#41,20.);
#41 = AXIS2_PLACEMENT_3D('',#42,#43,#44);
#42 = CARTESIAN_POINT('',(0.,0.,0.));
#43 = DIRECTION('',(0.,0.,1.));
#44 = DIRECTION('',(1.,0.,0.));
#45 = CYLINDRICAL_SURFACE('',#46,20.);
#46 = AXIS2_PLACEMENT_3D('',#47,#48,#49);
#47 = CARTESIAN_POINT('',(0.,0.,0.));
#48 = DIRECTION('',(-0.,-0.,-1.));
#49 = DIRECTION('',(1.,0.,0.));
#50 = ADVANCED_FACE('',(#51),#71,.T.);
#51 = FACE_BOUND('',#52,.T.);
#52 = EDGE_LOOP('',(#53,#62,#63,#64));
#53 = ORIENTED_EDGE('',*,*,#54,.F.);
#54 = EDGE_CURVE('',#24,#55,#57,.T.);
#55 = VERTEX_POINT('',#56);
#56 = CARTESIAN_POINT('',(16.,0.,40.));
#57 = CIRCLE('',#58,4.);
#58 = AXIS2_PLACEMENT_3D('',#59,#60,#61);
#59 = CARTESIAN_POINT('',(16.,0.,36.));
#60 = DIRECTION('',(0.,-1.,0.));
#61 = DIRECTION('',(1.,0.,0.));
#62 = ORIENTED_EDGE('',*,*,#31,.T.);
#63 = ORIENTED_EDGE('',*,*,#54,.T.);
#64 = ORIENTED_EDGE('',*,*,#65,.F.);
#65 = EDGE_CURVE('',#55,#55,#66,.T.);
#66 = CIRCLE('',#67,16.);
#67 = AXIS2_PLACEMENT_3D('',#68,#69,#70);
#68 = CARTESIAN_POINT('',(0.,0.,40.));
#69 = DIRECTION('',(0.,0.,1.));
#70 = DIRECTION('',(1.,0.,0.));
#71 = TOROIDAL_SURFACE('',#72,16.,4.);
#72 = AXIS2_PLACEMENT_3D('',#73,#74,#75);
#73 = CARTESIAN_POINT('',(0.,0.,36.));
#74 = DIRECTION('',(0.,0.,1.));
#75 = DIRECTION('',(1.,0.,0.));
#76 = ADVANCED_FACE('',(#77,#80),#114,.F.);
#77 = FACE_BOUND('',#78,.F.);
#78 = EDGE_LOOP('',(#79));
#79 = ORIENTED_EDGE('',*,*,#39,.T.);
#80 = FACE_BOUND('',#81,.F.);
#81 = EDGE_LOOP('',(#82,#92,#100,#108));
#82 = ORIENTED_EDGE('',*,*,#83,.T.);
#83 = EDGE_CURVE('',#84,#86,#88,.T.);
#84 = VERTEX_POINT('',#85);
#85 = CARTESIAN_POINT('',(-10.,-4.5,0.));
#86 = VERTEX_POINT('',#87);
#87 = CARTESIAN_POINT('',(-10.,4.5,0.));
#88 = LINE('',#89,#90);
#89 = CARTESIAN_POINT('',(-10.,-4.5,0.));
#90 = VECTOR('',#91,1.);
#91 = DIRECTION('',(0.,1.,0.));
#92 = ORIENTED_EDGE('',*,*,#93,.T.);
#93 = EDGE_CURVE('',#86,#94,#96,.T.);
#94 = VERTEX_POINT('',#95);
#95 = CARTESIAN_POINT('',(10.,4.5,0.));
#96 = LINE('',#97,#98);
#97 = CARTESIAN_POINT('',(-10.,4.5,0.));
#98 = VECTOR('',#99,1.);
#99 = DIRECTION('',(1.,0.,0.));
#100 = ORIENTED_EDGE('',*,*,#101,.T.);
#101 = EDGE_CURVE('',#94,#102,#104,.T.);
#102 = VERTEX_POINT('',#103);
#103 = CARTESIAN_POINT('',(10.,-4.5,0.));
#104 = LINE('',#105,#106);
#105 = CARTESIAN_POINT('',(10.,4.5,0.));
#106 = VECTOR('',#107,1.);
#107 = DIRECTION('',(0.,-1.,0.));
#108 = ORIENTED_EDGE('',*,*,#109,.T.);
#109 = EDGE_CURVE('',#102,#84,#110,.T.);
#110 = LINE('',#111,#112);
#111 = CARTESIAN_POINT('',(10.,-4.5,0.));
#112 = VECTOR('',#113,1.);
#113 = DIRECTION('',(-1.,0.,0.));
#114 = PLANE('',#115);
#115 = AXIS2_PLACEMENT_3D('',#116,#117,#118);
#116 = CARTESIAN_POINT('',(-1.093952106032E-15,1.371473012632E-15,0.));
#117 = DIRECTION('',(0.,0.,1.));
#118 = DIRECTION('',(1.,0.,0.));
#119 = ADVANCED_FACE('',(#120,#123,#253,#663,#793,#923,#1213,#1503,#1537
    ,#1939,#2109,#2239,#2481),#2627,.T.);
#120 = FACE_BOUND('',#121,.T.);
#121 = EDGE_LOOP('',(#122));
#122 = ORIENTED_EDGE('',*,*,#65,.T.);
#123 = FACE_BOUND('',#124,.T.);
#124 = EDGE_LOOP('',(#125,#135,#143,#151,#159,#167,#175,#183,#191,#199,
    #207,#215,#223,#231,#239,#247));
#125 = ORIENTED_EDGE('',*,*,#126,.T.);
#126 = EDGE_CURVE('',#127,#129,#131,.T.);
#127 = VERTEX_POINT('',#128);
#128 = CARTESIAN_POINT('',(-4.746468015585,-7.349371035804,40.));
#129 = VERTEX_POINT('',#130);
#130 = CARTESIAN_POINT('',(-4.770378318179,-7.226307274997,40.));
#131 = B_SPLINE_CURVE_WITH_KNOTS('',2,(#132,#133,#134),.UNSPECIFIED.,.F.
  ,.F.,(3,3),(0.,1.),.PIECEWISE_BEZIER_KNOTS.);
#132 = CARTESIAN_POINT('',(-4.746468015585,-7.349371035804,40.));
#133 = CARTESIAN_POINT('',(-4.770378318179,-7.292499638109,40.));
#134 = CARTESIAN_POINT('',(-4.770378318179,-7.226307274997,40.));
#135 = ORIENTED_EDGE('',*,*,#136,.T.);
#136 = EDGE_CURVE('',#129,#137,#139,.T.);
#137 = VERTEX_POINT('',#138);
#138 = CARTESIAN_POINT('',(-4.746468015585,-7.104324205833,40.));
#139 = B_SPLINE_CURVE_WITH_KNOTS('',2,(#140,#141,#142),.UNSPECIFIED.,.F.
  ,.F.,(3,3),(0.,1.),.PIECEWISE_BEZIER_KNOTS.);
#140 = CARTESIAN_POINT('',(-4.770378318179,-7.226307274997,40.));
#141 = CARTESIAN_POINT('',(-4.770378318179,-7.162141208715,40.));
#142 = CARTESIAN_POINT('',(-4.746468015585,-7.104324205833,40.));
#143 = ORIENTED_EDGE('',*,*,#144,.T.);
#144 = EDGE_CURVE('',#137,#145,#147,.T.);
#145 = VERTEX_POINT('',#146);
#146 = CARTESIAN_POINT('',(-4.680140566018,-7.005035661164,40.));
#147 = B_SPLINE_CURVE_WITH_KNOTS('',2,(#148,#149,#150),.UNSPECIFIED.,.F.
  ,.F.,(3,3),(0.,1.),.PIECEWISE_BEZIER_KNOTS.);
#148 = CARTESIAN_POINT('',(-4.746468015585,-7.104324205833,40.));
#149 = CARTESIAN_POINT('',(-4.722557712992,-7.046372116496,40.));
#150 = CARTESIAN_POINT('',(-4.680140566018,-7.005035661164,40.));
#151 = ORIENTED_EDGE('',*,*,#152,.T.);
#152 = EDGE_CURVE('',#145,#153,#155,.T.);
#153 = VERTEX_POINT('',#154);
#154 = CARTESIAN_POINT('',(-4.579501156796,-6.938843298052,40.));
#155 = B_SPLINE_CURVE_WITH_KNOTS('',2,(#156,#157,#158),.UNSPECIFIED.,.F.
  ,.F.,(3,3),(0.,1.),.PIECEWISE_BEZIER_KNOTS.);
#156 = CARTESIAN_POINT('',(-4.680140566018,-7.005035661164,40.));
#157 = CARTESIAN_POINT('',(-4.637588332588,-6.963564119377,40.));
#158 = CARTESIAN_POINT('',(-4.579501156796,-6.938843298052,40.));
#159 = ORIENTED_EDGE('',*,*,#160,.T.);
#160 = EDGE_CURVE('',#153,#161,#163,.T.);
#161 = VERTEX_POINT('',#162);
#162 = CARTESIAN_POINT('',(-4.45495144498,-6.913987390271,40.));
#163 = B_SPLINE_CURVE_WITH_KNOTS('',2,(#164,#165,#166),.UNSPECIFIED.,.F.
  ,.F.,(3,3),(0.,1.),.PIECEWISE_BEZIER_KNOTS.);
#164 = CARTESIAN_POINT('',(-4.579501156796,-6.938843298052,40.));
#165 = CARTESIAN_POINT('',(-4.521413981003,-6.913987390271,40.));
#166 = CARTESIAN_POINT('',(-4.45495144498,-6.913987390271,40.));
#167 = ORIENTED_EDGE('',*,*,#168,.T.);
#168 = EDGE_CURVE('',#161,#169,#171,.T.);
#169 = VERTEX_POINT('',#170);
#170 = CARTESIAN_POINT('',(-4.33256311645,-6.938843298052,40.));
#171 = B_SPLINE_CURVE_WITH_KNOTS('',2,(#172,#173,#174),.UNSPECIFIED.,.F.
  ,.F.,(3,3),(0.,1.),.PIECEWISE_BEZIER_KNOTS.);
#172 = CARTESIAN_POINT('',(-4.45495144498,-6.913987390271,40.));
#173 = CARTESIAN_POINT('',(-4.390650292242,-6.913987390271,40.));
#174 = CARTESIAN_POINT('',(-4.33256311645,-6.938843298052,40.));
#175 = ORIENTED_EDGE('',*,*,#176,.T.);
#176 = EDGE_CURVE('',#169,#177,#179,.T.);
#177 = VERTEX_POINT('',#178);
#178 = CARTESIAN_POINT('',(-4.233004398871,-7.005035661164,40.));
#179 = B_SPLINE_CURVE_WITH_KNOTS('',2,(#180,#181,#182),.UNSPECIFIED.,.F.
  ,.F.,(3,3),(0.,1.),.PIECEWISE_BEZIER_KNOTS.);
#180 = CARTESIAN_POINT('',(-4.33256311645,-6.938843298052,40.));
#181 = CARTESIAN_POINT('',(-4.274475940657,-6.963564119377,40.));
#182 = CARTESIAN_POINT('',(-4.233004398871,-7.005035661164,40.));
#183 = ORIENTED_EDGE('',*,*,#184,.T.);
#184 = EDGE_CURVE('',#177,#185,#187,.T.);
#185 = VERTEX_POINT('',#186);
#186 = CARTESIAN_POINT('',(-4.166541862848,-7.104324205833,40.));
#187 = B_SPLINE_CURVE_WITH_KNOTS('',2,(#188,#189,#190),.UNSPECIFIED.,.F.
  ,.F.,(3,3),(0.,1.),.PIECEWISE_BEZIER_KNOTS.);
#188 = CARTESIAN_POINT('',(-4.233004398871,-7.005035661164,40.));
#189 = CARTESIAN_POINT('',(-4.191397770629,-7.046372116496,40.));
#190 = CARTESIAN_POINT('',(-4.166541862848,-7.104324205833,40.));
#191 = ORIENTED_EDGE('',*,*,#192,.T.);
#192 = EDGE_CURVE('',#185,#193,#195,.T.);
#193 = VERTEX_POINT('',#194);
#194 = CARTESIAN_POINT('',(-4.141685955067,-7.226307274997,40.));
#195 = B_SPLINE_CURVE_WITH_KNOTS('',2,(#196,#197,#198),.UNSPECIFIED.,.F.
  ,.F.,(3,3),(0.,1.),.PIECEWISE_BEZIER_KNOTS.);
#196 = CARTESIAN_POINT('',(-4.166541862848,-7.104324205833,40.));
#197 = CARTESIAN_POINT('',(-4.141685955067,-7.162141208715,40.));
#198 = CARTESIAN_POINT('',(-4.141685955067,-7.226307274997,40.));
#199 = ORIENTED_EDGE('',*,*,#200,.T.);
#200 = EDGE_CURVE('',#193,#201,#203,.T.);
#201 = VERTEX_POINT('',#202);
#202 = CARTESIAN_POINT('',(-4.166541862848,-7.349371035804,40.));
#203 = B_SPLINE_CURVE_WITH_KNOTS('',2,(#204,#205,#206),.UNSPECIFIED.,.F.
  ,.F.,(3,3),(0.,1.),.PIECEWISE_BEZIER_KNOTS.);
#204 = CARTESIAN_POINT('',(-4.141685955067,-7.226307274997,40.));
#205 = CARTESIAN_POINT('',(-4.141685955067,-7.292499638109,40.));
#206 = CARTESIAN_POINT('',(-4.166541862848,-7.349371035804,40.));
#207 = ORIENTED_EDGE('',*,*,#208,.T.);
#208 = EDGE_CURVE('',#201,#209,#211,.T.);
#209 = VERTEX_POINT('',#210);
#210 = CARTESIAN_POINT('',(-4.233004398871,-7.44757888883,40.));
#211 = B_SPLINE_CURVE_WITH_KNOTS('',2,(#212,#213,#214),.UNSPECIFIED.,.F.
  ,.F.,(3,3),(0.,1.),.PIECEWISE_BEZIER_KNOTS.);
#212 = CARTESIAN_POINT('',(-4.166541862848,-7.349371035804,40.));
#213 = CARTESIAN_POINT('',(-4.191397770629,-7.406242433499,40.));
#214 = CARTESIAN_POINT('',(-4.233004398871,-7.44757888883,40.));
#215 = ORIENTED_EDGE('',*,*,#216,.T.);
#216 = EDGE_CURVE('',#209,#217,#219,.T.);
#217 = VERTEX_POINT('',#218);
#218 = CARTESIAN_POINT('',(-4.33256311645,-7.5126905603,40.));
#219 = B_SPLINE_CURVE_WITH_KNOTS('',2,(#220,#221,#222),.UNSPECIFIED.,.F.
  ,.F.,(3,3),(0.,1.),.PIECEWISE_BEZIER_KNOTS.);
#220 = CARTESIAN_POINT('',(-4.233004398871,-7.44757888883,40.));
#221 = CARTESIAN_POINT('',(-4.274475940657,-7.488915344161,40.));
#222 = CARTESIAN_POINT('',(-4.33256311645,-7.5126905603,40.));
#223 = ORIENTED_EDGE('',*,*,#224,.T.);
#224 = EDGE_CURVE('',#217,#225,#227,.T.);
#225 = VERTEX_POINT('',#226);
#226 = CARTESIAN_POINT('',(-4.45495144498,-7.536465776438,40.));
#227 = B_SPLINE_CURVE_WITH_KNOTS('',2,(#228,#229,#230),.UNSPECIFIED.,.F.
  ,.F.,(3,3),(0.,1.),.PIECEWISE_BEZIER_KNOTS.);
#228 = CARTESIAN_POINT('',(-4.33256311645,-7.5126905603,40.));
#229 = CARTESIAN_POINT('',(-4.390650292242,-7.536465776438,40.));
#230 = CARTESIAN_POINT('',(-4.45495144498,-7.536465776438,40.));
#231 = ORIENTED_EDGE('',*,*,#232,.T.);
#232 = EDGE_CURVE('',#225,#233,#235,.T.);
#233 = VERTEX_POINT('',#234);
#234 = CARTESIAN_POINT('',(-4.579501156796,-7.5126905603,40.));
#235 = B_SPLINE_CURVE_WITH_KNOTS('',2,(#236,#237,#238),.UNSPECIFIED.,.F.
  ,.F.,(3,3),(0.,1.),.PIECEWISE_BEZIER_KNOTS.);
#236 = CARTESIAN_POINT('',(-4.45495144498,-7.536465776438,40.));
#237 = CARTESIAN_POINT('',(-4.521413981003,-7.536465776438,40.));
#238 = CARTESIAN_POINT('',(-4.579501156796,-7.5126905603,40.));
#239 = ORIENTED_EDGE('',*,*,#240,.T.);
#240 = EDGE_CURVE('',#233,#241,#243,.T.);
#241 = VERTEX_POINT('',#242);
#242 = CARTESIAN_POINT('',(-4.680140566018,-7.44757888883,40.));
#243 = B_SPLINE_CURVE_WITH_KNOTS('',2,(#244,#245,#246),.UNSPECIFIED.,.F.
  ,.F.,(3,3),(0.,1.),.PIECEWISE_BEZIER_KNOTS.);
#244 = CARTESIAN_POINT('',(-4.579501156796,-7.5126905603,40.));
#245 = CARTESIAN_POINT('',(-4.637588332588,-7.488915344161,40.));
#246 = CARTESIAN_POINT('',(-4.680140566018,-7.44757888883,40.));
#247 = ORIENTED_EDGE('',*,*,#248,.T.);
#248 = EDGE_CURVE('',#241,#127,#249,.T.);
#249 = B_SPLINE_CURVE_WITH_KNOTS('',2,(#250,#251,#252),.UNSPECIFIED.,.F.
  ,.F.,(3,3),(0.,1.),.PIECEWISE_BEZIER_KNOTS.);
#250 = CARTESIAN_POINT('',(-4.680140566018,-7.44757888883,40.));
#251 = CARTESIAN_POINT('',(-4.722557712992,-7.406242433499,40.));
#252 = CARTESIAN_POINT('',(-4.746468015585,-7.349371035804,40.));
#253 = FACE_BOUND('',#254,.T.);
#254 = EDGE_LOOP('',(#255,#265,#273,#281,#289,#297,#305,#313,#321,#329,
    #337,#345,#353,#361,#369,#377,#385,#393,#401,#409,#417,#425,#433,
    #441,#449,#457,#465,#473,#481,#489,#497,#505,#513,#521,#529,#537,
    #545,#553,#561,#569,#577,#585,#593,#601,#609,#617,#625,#633,#641,
    #649,#657));
#255 = ORIENTED_EDGE('',*,*,#256,.T.);
#256 = EDGE_CURVE('',#257,#259,#261,.T.);
#257 = VERTEX_POINT('',#258);
#258 = CARTESIAN_POINT('',(-6.401006920484,-4.531332491135,40.));
#259 = VERTEX_POINT('',#260);
#260 = CARTESIAN_POINT('',(-6.02843847668,-4.47594704445,40.));
#261 = B_SPLINE_CURVE_WITH_KNOTS('',2,(#262,#263,#264),.UNSPECIFIED.,.F.
  ,.F.,(3,3),(0.,1.),.PIECEWISE_BEZIER_KNOTS.);
#262 = CARTESIAN_POINT('',(-6.401006920484,-4.531332491135,40.));
#263 = CARTESIAN_POINT('',(-6.227690998294,-4.47594704445,40.));
#264 = CARTESIAN_POINT('',(-6.02843847668,-4.47594704445,40.));
#265 = ORIENTED_EDGE('',*,*,#266,.T.);
#266 = EDGE_CURVE('',#259,#267,#269,.T.);
#267 = VERTEX_POINT('',#268);
#268 = CARTESIAN_POINT('',(-5.653978822502,-4.535520171251,40.));
#269 = B_SPLINE_CURVE_WITH_KNOTS('',2,(#270,#271,#272),.UNSPECIFIED.,.F.
  ,.F.,(3,3),(0.,1.),.PIECEWISE_BEZIER_KNOTS.);
#270 = CARTESIAN_POINT('',(-6.02843847668,-4.47594704445,40.));
#271 = CARTESIAN_POINT('',(-5.820945681291,-4.47594704445,40.));
#272 = CARTESIAN_POINT('',(-5.653978822502,-4.535520171251,40.));
#273 = ORIENTED_EDGE('',*,*,#274,.T.);
#274 = EDGE_CURVE('',#267,#275,#277,.T.);
#275 = VERTEX_POINT('',#276);
#276 = CARTESIAN_POINT('',(-5.368676228842,-4.70046073321,40.));
#277 = B_SPLINE_CURVE_WITH_KNOTS('',2,(#278,#279,#280),.UNSPECIFIED.,.F.
  ,.F.,(3,3),(0.,1.),.PIECEWISE_BEZIER_KNOTS.);
#278 = CARTESIAN_POINT('',(-5.653978822502,-4.535520171251,40.));
#279 = CARTESIAN_POINT('',(-5.486876877257,-4.594958211597,40.));
#280 = CARTESIAN_POINT('',(-5.368676228842,-4.70046073321,40.));
#281 = ORIENTED_EDGE('',*,*,#282,.T.);
#282 = EDGE_CURVE('',#275,#283,#285,.T.);
#283 = VERTEX_POINT('',#284);
#284 = CARTESIAN_POINT('',(-5.187120032876,-4.947804032922,40.));
#285 = B_SPLINE_CURVE_WITH_KNOTS('',2,(#286,#287,#288),.UNSPECIFIED.,.F.
  ,.F.,(3,3),(0.,1.),.PIECEWISE_BEZIER_KNOTS.);
#286 = CARTESIAN_POINT('',(-5.368676228842,-4.70046073321,40.));
#287 = CARTESIAN_POINT('',(-5.250340493971,-4.805828168369,40.));
#288 = CARTESIAN_POINT('',(-5.187120032876,-4.947804032922,40.));
#289 = ORIENTED_EDGE('',*,*,#290,.T.);
#290 = EDGE_CURVE('',#283,#291,#293,.T.);
#291 = VERTEX_POINT('',#292);
#292 = CARTESIAN_POINT('',(-5.123764485326,-5.254720459435,40.));
#293 = B_SPLINE_CURVE_WITH_KNOTS('',2,(#294,#295,#296),.UNSPECIFIED.,.F.
  ,.F.,(3,3),(0.,1.),.PIECEWISE_BEZIER_KNOTS.);
#294 = CARTESIAN_POINT('',(-5.187120032876,-4.947804032922,40.));
#295 = CARTESIAN_POINT('',(-5.123764485326,-5.089779897475,40.));
#296 = CARTESIAN_POINT('',(-5.123764485326,-5.254720459435,40.));
#297 = ORIENTED_EDGE('',*,*,#298,.T.);
#298 = EDGE_CURVE('',#291,#299,#301,.T.);
#299 = VERTEX_POINT('',#300);
#300 = CARTESIAN_POINT('',(-5.155915061695,-5.508412822548,40.));
#301 = B_SPLINE_CURVE_WITH_KNOTS('',2,(#302,#303,#304),.UNSPECIFIED.,.F.
  ,.F.,(3,3),(0.,1.),.PIECEWISE_BEZIER_KNOTS.);
#302 = CARTESIAN_POINT('',(-5.123764485326,-5.254720459435,40.));
#303 = CARTESIAN_POINT('',(-5.123764485326,-5.398722620818,40.));
#304 = CARTESIAN_POINT('',(-5.155915061695,-5.508412822548,40.));
#305 = ORIENTED_EDGE('',*,*,#306,.T.);
#306 = EDGE_CURVE('',#299,#307,#309,.T.);
#307 = VERTEX_POINT('',#308);
#308 = CARTESIAN_POINT('',(-5.249259802329,-5.699425070386,40.));
#309 = B_SPLINE_CURVE_WITH_KNOTS('',2,(#310,#311,#312),.UNSPECIFIED.,.F.
  ,.F.,(3,3),(0.,1.),.PIECEWISE_BEZIER_KNOTS.);
#310 = CARTESIAN_POINT('',(-5.155915061695,-5.508412822548,40.));
#311 = CARTESIAN_POINT('',(-5.188065638064,-5.617967937821,40.));
#312 = CARTESIAN_POINT('',(-5.249259802329,-5.699425070386,40.));
#313 = ORIENTED_EDGE('',*,*,#314,.T.);
#314 = EDGE_CURVE('',#307,#315,#317,.T.);
#315 = VERTEX_POINT('',#316);
#316 = CARTESIAN_POINT('',(-5.398665421925,-5.837213254824,40.));
#317 = B_SPLINE_CURVE_WITH_KNOTS('',2,(#318,#319,#320),.UNSPECIFIED.,.F.
  ,.F.,(3,3),(0.,1.),.PIECEWISE_BEZIER_KNOTS.);
#318 = CARTESIAN_POINT('',(-5.249259802329,-5.699425070386,40.));
#319 = CARTESIAN_POINT('',(-5.310453966594,-5.780747116496,40.));
#320 = CARTESIAN_POINT('',(-5.398665421925,-5.837213254824,40.));
#321 = ORIENTED_EDGE('',*,*,#322,.T.);
#322 = EDGE_CURVE('',#315,#323,#325,.T.);
#323 = VERTEX_POINT('',#324);
#324 = CARTESIAN_POINT('',(-5.598863548727,-5.93109834128,40.));
#325 = B_SPLINE_CURVE_WITH_KNOTS('',2,(#326,#327,#328),.UNSPECIFIED.,.F.
  ,.F.,(3,3),(0.,1.),.PIECEWISE_BEZIER_KNOTS.);
#326 = CARTESIAN_POINT('',(-5.398665421925,-5.837213254824,40.));
#327 = CARTESIAN_POINT('',(-5.486876877257,-5.893544306697,40.));
#328 = CARTESIAN_POINT('',(-5.598863548727,-5.93109834128,40.));
#329 = ORIENTED_EDGE('',*,*,#330,.T.);
#330 = EDGE_CURVE('',#323,#331,#333,.T.);
#331 = VERTEX_POINT('',#332);
#332 = CARTESIAN_POINT('',(-5.196440998294,-6.189383643873,40.));
#333 = B_SPLINE_CURVE_WITH_KNOTS('',2,(#334,#335,#336),.UNSPECIFIED.,.F.
  ,.F.,(3,3),(0.,1.),.PIECEWISE_BEZIER_KNOTS.);
#334 = CARTESIAN_POINT('',(-5.598863548727,-5.93109834128,40.));
#335 = CARTESIAN_POINT('',(-5.329230983885,-6.015797548772,40.));
#336 = CARTESIAN_POINT('',(-5.196440998294,-6.189383643873,40.));
#337 = ORIENTED_EDGE('',*,*,#338,.T.);
#338 = EDGE_CURVE('',#331,#339,#341,.T.);
#339 = VERTEX_POINT('',#340);
#340 = CARTESIAN_POINT('',(-5.063651012703,-6.625442721683,40.));
#341 = B_SPLINE_CURVE_WITH_KNOTS('',2,(#342,#343,#344),.UNSPECIFIED.,.F.
  ,.F.,(3,3),(0.,1.),.PIECEWISE_BEZIER_KNOTS.);
#342 = CARTESIAN_POINT('',(-5.196440998294,-6.189383643873,40.));
#343 = CARTESIAN_POINT('',(-5.063651012703,-6.362969738974,40.));
#344 = CARTESIAN_POINT('',(-5.063651012703,-6.625442721683,40.));
#345 = ORIENTED_EDGE('',*,*,#346,.T.);
#346 = EDGE_CURVE('',#339,#347,#349,.T.);
#347 = VERTEX_POINT('',#348);
#348 = CARTESIAN_POINT('',(-5.146594096277,-7.020165344161,40.));
#349 = B_SPLINE_CURVE_WITH_KNOTS('',2,(#350,#351,#352),.UNSPECIFIED.,.F.
  ,.F.,(3,3),(0.,1.),.PIECEWISE_BEZIER_KNOTS.);
#350 = CARTESIAN_POINT('',(-5.063651012703,-6.625442721683,40.));
#351 = CARTESIAN_POINT('',(-5.063651012703,-6.84860554589,40.));
#352 = CARTESIAN_POINT('',(-5.146594096277,-7.020165344161,40.));
#353 = ORIENTED_EDGE('',*,*,#354,.T.);
#354 = EDGE_CURVE('',#347,#355,#357,.T.);
#355 = VERTEX_POINT('',#356);
#356 = CARTESIAN_POINT('',(-5.370702525672,-7.308574926294,40.));
#357 = B_SPLINE_CURVE_WITH_KNOTS('',2,(#358,#359,#360),.UNSPECIFIED.,.F.
  ,.F.,(3,3),(0.,1.),.PIECEWISE_BEZIER_KNOTS.);
#358 = CARTESIAN_POINT('',(-5.146594096277,-7.020165344161,40.));
#359 = CARTESIAN_POINT('',(-5.22953717985,-7.191725142432,40.));
#360 = CARTESIAN_POINT('',(-5.370702525672,-7.308574926294,40.));
#361 = ORIENTED_EDGE('',*,*,#362,.T.);
#362 = EDGE_CURVE('',#355,#363,#365,.T.);
#363 = VERTEX_POINT('',#364);
#364 = CARTESIAN_POINT('',(-5.697476661118,-7.485268009867,40.));
#365 = B_SPLINE_CURVE_WITH_KNOTS('',2,(#366,#367,#368),.UNSPECIFIED.,.F.
  ,.F.,(3,3),(0.,1.),.PIECEWISE_BEZIER_KNOTS.);
#366 = CARTESIAN_POINT('',(-5.370702525672,-7.308574926294,40.));
#367 = CARTESIAN_POINT('',(-5.511732785038,-7.4252896237,40.));
#368 = CARTESIAN_POINT('',(-5.697476661118,-7.485268009867,40.));
#369 = ORIENTED_EDGE('',*,*,#370,.T.);
#370 = EDGE_CURVE('',#363,#371,#373,.T.);
#371 = VERTEX_POINT('',#372);
#372 = CARTESIAN_POINT('',(-6.090713332588,-7.545111309579,40.));
#373 = B_SPLINE_CURVE_WITH_KNOTS('',2,(#374,#375,#376),.UNSPECIFIED.,.F.
  ,.F.,(3,3),(0.,1.),.PIECEWISE_BEZIER_KNOTS.);
#374 = CARTESIAN_POINT('',(-5.697476661118,-7.485268009867,40.));
#375 = CARTESIAN_POINT('',(-5.883220537199,-7.545111309579,40.));
#376 = CARTESIAN_POINT('',(-6.090713332588,-7.545111309579,40.));
#377 = ORIENTED_EDGE('',*,*,#378,.T.);
#378 = EDGE_CURVE('',#371,#379,#381,.T.);
#379 = VERTEX_POINT('',#380);
#380 = CARTESIAN_POINT('',(-6.484895609245,-7.493643370098,40.));
#381 = B_SPLINE_CURVE_WITH_KNOTS('',2,(#382,#383,#384),.UNSPECIFIED.,.F.
  ,.F.,(3,3),(0.,1.),.PIECEWISE_BEZIER_KNOTS.);
#382 = CARTESIAN_POINT('',(-6.090713332588,-7.545111309579,40.));
#383 = CARTESIAN_POINT('',(-6.316848058813,-7.545111309579,40.));
#384 = CARTESIAN_POINT('',(-6.484895609245,-7.493643370098,40.));
#385 = ORIENTED_EDGE('',*,*,#386,.T.);
#386 = EDGE_CURVE('',#379,#387,#389,.T.);
#387 = VERTEX_POINT('',#388);
#388 = CARTESIAN_POINT('',(-6.777492871493,-7.340995675573,40.));
#389 = B_SPLINE_CURVE_WITH_KNOTS('',2,(#390,#391,#392),.UNSPECIFIED.,.F.
  ,.F.,(3,3),(0.,1.),.PIECEWISE_BEZIER_KNOTS.);
#390 = CARTESIAN_POINT('',(-6.484895609245,-7.493643370098,40.));
#391 = CARTESIAN_POINT('',(-6.652943159678,-7.442040344161,40.));
#392 = CARTESIAN_POINT('',(-6.777492871493,-7.340995675573,40.));
#393 = ORIENTED_EDGE('',*,*,#394,.T.);
#394 = EDGE_CURVE('',#387,#395,#397,.T.);
#395 = VERTEX_POINT('',#396);
#396 = CARTESIAN_POINT('',(-6.989173346997,-7.093652375862,40.));
#397 = B_SPLINE_CURVE_WITH_KNOTS('',2,(#398,#399,#400),.UNSPECIFIED.,.F.
  ,.F.,(3,3),(0.,1.),.PIECEWISE_BEZIER_KNOTS.);
#398 = CARTESIAN_POINT('',(-6.777492871493,-7.340995675573,40.));
#399 = CARTESIAN_POINT('',(-6.902042583309,-7.239951006986,40.));
#400 = CARTESIAN_POINT('',(-6.989173346997,-7.093652375862,40.));
#401 = ORIENTED_EDGE('',*,*,#402,.T.);
#402 = EDGE_CURVE('',#395,#403,#405,.T.);
#403 = VERTEX_POINT('',#404);
#404 = CARTESIAN_POINT('',(-7.138578966594,-6.755530978167,40.));
#405 = B_SPLINE_CURVE_WITH_KNOTS('',2,(#406,#407,#408),.UNSPECIFIED.,.F.
  ,.F.,(3,3),(0.,1.),.PIECEWISE_BEZIER_KNOTS.);
#406 = CARTESIAN_POINT('',(-6.989173346997,-7.093652375862,40.));
#407 = CARTESIAN_POINT('',(-7.076304110686,-6.947218658282,40.));
#408 = CARTESIAN_POINT('',(-7.138578966594,-6.755530978167,40.));
#409 = ORIENTED_EDGE('',*,*,#410,.T.);
#410 = EDGE_CURVE('',#403,#411,#413,.T.);
#411 = VERTEX_POINT('',#412);
#412 = CARTESIAN_POINT('',(-6.912309153914,-6.65880907615,40.));
#413 = LINE('',#414,#415);
#414 = CARTESIAN_POINT('',(-7.138578966594,-6.755530978167,40.));
#415 = VECTOR('',#416,1.);
#416 = DIRECTION('',(0.919513757053,0.393057820925,0.));
#417 = ORIENTED_EDGE('',*,*,#418,.T.);
#418 = EDGE_CURVE('',#411,#419,#421,.T.);
#419 = VERTEX_POINT('',#420);
#420 = CARTESIAN_POINT('',(-6.794108505499,-6.633007563182,40.));
#421 = B_SPLINE_CURVE_WITH_KNOTS('',2,(#422,#423,#424),.UNSPECIFIED.,.F.
  ,.F.,(3,3),(0.,1.),.PIECEWISE_BEZIER_KNOTS.);
#422 = CARTESIAN_POINT('',(-6.912309153914,-6.65880907615,40.));
#423 = CARTESIAN_POINT('',(-6.854221978121,-6.633007563182,40.));
#424 = CARTESIAN_POINT('',(-6.794108505499,-6.633007563182,40.));
#425 = ORIENTED_EDGE('',*,*,#426,.T.);
#426 = EDGE_CURVE('',#419,#427,#429,.T.);
#427 = VERTEX_POINT('',#428);
#428 = CARTESIAN_POINT('',(-6.697656776392,-6.655837174133,40.));
#429 = B_SPLINE_CURVE_WITH_KNOTS('',2,(#430,#431,#432),.UNSPECIFIED.,.F.
  ,.F.,(3,3),(0.,1.),.PIECEWISE_BEZIER_KNOTS.);
#430 = CARTESIAN_POINT('',(-6.794108505499,-6.633007563182,40.));
#431 = CARTESIAN_POINT('',(-6.740073923366,-6.633007563182,40.));
#432 = CARTESIAN_POINT('',(-6.697656776392,-6.655837174133,40.));
#433 = ORIENTED_EDGE('',*,*,#434,.T.);
#434 = EDGE_CURVE('',#427,#435,#437,.T.);
#435 = VERTEX_POINT('',#436);
#436 = CARTESIAN_POINT('',(-6.632274932012,-6.72189445079,40.));
#437 = B_SPLINE_CURVE_WITH_KNOTS('',2,(#438,#439,#440),.UNSPECIFIED.,.F.
  ,.F.,(3,3),(0.,1.),.PIECEWISE_BEZIER_KNOTS.);
#438 = CARTESIAN_POINT('',(-6.697656776392,-6.655837174133,40.));
#439 = CARTESIAN_POINT('',(-6.655104542963,-6.678531698628,40.));
#440 = CARTESIAN_POINT('',(-6.632274932012,-6.72189445079,40.));
#441 = ORIENTED_EDGE('',*,*,#442,.T.);
#442 = EDGE_CURVE('',#435,#443,#445,.T.);
#443 = VERTEX_POINT('',#444);
#444 = CARTESIAN_POINT('',(-6.550277453626,-6.864680834075,40.));
#445 = B_SPLINE_CURVE_WITH_KNOTS('',2,(#446,#447,#448),.UNSPECIFIED.,.F.
  ,.F.,(3,3),(0.,1.),.PIECEWISE_BEZIER_KNOTS.);
#446 = CARTESIAN_POINT('',(-6.632274932012,-6.72189445079,40.));
#447 = CARTESIAN_POINT('',(-6.594855983885,-6.794300790847,40.));
#448 = CARTESIAN_POINT('',(-6.550277453626,-6.864680834075,40.));
#449 = ORIENTED_EDGE('',*,*,#450,.T.);
#450 = EDGE_CURVE('',#443,#451,#453,.T.);
#451 = VERTEX_POINT('',#452);
#452 = CARTESIAN_POINT('',(-6.443424067459,-6.989770891712,40.));
#453 = B_SPLINE_CURVE_WITH_KNOTS('',2,(#454,#455,#456),.UNSPECIFIED.,.F.
  ,.F.,(3,3),(0.,1.),.PIECEWISE_BEZIER_KNOTS.);
#454 = CARTESIAN_POINT('',(-6.550277453626,-6.864680834075,40.));
#455 = CARTESIAN_POINT('',(-6.505698923366,-6.934925790847,40.));
#456 = CARTESIAN_POINT('',(-6.443424067459,-6.989770891712,40.));
#457 = ORIENTED_EDGE('',*,*,#458,.T.);
#458 = EDGE_CURVE('',#451,#459,#461,.T.);
#459 = VERTEX_POINT('',#460);
#460 = CARTESIAN_POINT('',(-6.297125436335,-7.078792865775,40.));
#461 = B_SPLINE_CURVE_WITH_KNOTS('',2,(#462,#463,#464),.UNSPECIFIED.,.F.
  ,.F.,(3,3),(0.,1.),.PIECEWISE_BEZIER_KNOTS.);
#462 = CARTESIAN_POINT('',(-6.443424067459,-6.989770891712,40.));
#463 = CARTESIAN_POINT('',(-6.381149211551,-7.044615992576,40.));
#464 = CARTESIAN_POINT('',(-6.297125436335,-7.078792865775,40.));
#465 = ORIENTED_EDGE('',*,*,#466,.T.);
#466 = EDGE_CURVE('',#459,#467,#469,.T.);
#467 = VERTEX_POINT('',#468);
#468 = CARTESIAN_POINT('',(-6.096927309533,-7.112834652519,40.));
#469 = B_SPLINE_CURVE_WITH_KNOTS('',2,(#470,#471,#472),.UNSPECIFIED.,.F.
  ,.F.,(3,3),(0.,1.),.PIECEWISE_BEZIER_KNOTS.);
#470 = CARTESIAN_POINT('',(-6.297125436335,-7.078792865775,40.));
#471 = CARTESIAN_POINT('',(-6.213101661118,-7.112834652519,40.));
#472 = CARTESIAN_POINT('',(-6.096927309533,-7.112834652519,40.));
#473 = ORIENTED_EDGE('',*,*,#474,.T.);
#474 = EDGE_CURVE('',#467,#475,#477,.T.);
#475 = VERTEX_POINT('',#476);
#476 = CARTESIAN_POINT('',(-5.868631200023,-7.070552592,40.));
#477 = B_SPLINE_CURVE_WITH_KNOTS('',2,(#478,#479,#480),.UNSPECIFIED.,.F.
  ,.F.,(3,3),(0.,1.),.PIECEWISE_BEZIER_KNOTS.);
#478 = CARTESIAN_POINT('',(-6.096927309533,-7.112834652519,40.));
#479 = CARTESIAN_POINT('',(-5.966163620773,-7.112834652519,40.));
#480 = CARTESIAN_POINT('',(-5.868631200023,-7.070552592,40.));
#481 = ORIENTED_EDGE('',*,*,#482,.T.);
#482 = EDGE_CURVE('',#475,#483,#485,.T.);
#483 = VERTEX_POINT('',#484);
#484 = CARTESIAN_POINT('',(-5.705852021349,-6.959916785084,40.));
#485 = B_SPLINE_CURVE_WITH_KNOTS('',2,(#486,#487,#488),.UNSPECIFIED.,.F.
  ,.F.,(3,3),(0.,1.),.PIECEWISE_BEZIER_KNOTS.);
#486 = CARTESIAN_POINT('',(-5.868631200023,-7.070552592,40.));
#487 = CARTESIAN_POINT('',(-5.771098779274,-7.028135445026,40.));
#488 = CARTESIAN_POINT('',(-5.705852021349,-6.959916785084,40.));
#489 = ORIENTED_EDGE('',*,*,#490,.T.);
#490 = EDGE_CURVE('',#483,#491,#493,.T.);
#491 = VERTEX_POINT('',#492);
#492 = CARTESIAN_POINT('',(-5.6083196006,-6.807944522836,40.));
#493 = B_SPLINE_CURVE_WITH_KNOTS('',2,(#494,#495,#496),.UNSPECIFIED.,.F.
  ,.F.,(3,3),(0.,1.),.PIECEWISE_BEZIER_KNOTS.);
#494 = CARTESIAN_POINT('',(-5.705852021349,-6.959916785084,40.));
#495 = CARTESIAN_POINT('',(-5.640470176969,-6.891563038686,40.));
#496 = CARTESIAN_POINT('',(-5.6083196006,-6.807944522836,40.));
#497 = ORIENTED_EDGE('',*,*,#498,.T.);
#498 = EDGE_CURVE('',#491,#499,#501,.T.);
#499 = VERTEX_POINT('',#500);
#500 = CARTESIAN_POINT('',(-5.576169024231,-6.639356626582,40.));
#501 = B_SPLINE_CURVE_WITH_KNOTS('',2,(#502,#503,#504),.UNSPECIFIED.,.F.
  ,.F.,(3,3),(0.,1.),.PIECEWISE_BEZIER_KNOTS.);
#502 = CARTESIAN_POINT('',(-5.6083196006,-6.807944522836,40.));
#503 = CARTESIAN_POINT('',(-5.576169024231,-6.72419092053,40.));
#504 = CARTESIAN_POINT('',(-5.576169024231,-6.639356626582,40.));
#505 = ORIENTED_EDGE('',*,*,#506,.T.);
#506 = EDGE_CURVE('',#499,#507,#509,.T.);
#507 = VERTEX_POINT('',#508);
#508 = CARTESIAN_POINT('',(-5.598998635182,-6.444021612173,40.));
#509 = B_SPLINE_CURVE_WITH_KNOTS('',2,(#510,#511,#512),.UNSPECIFIED.,.F.
  ,.F.,(3,3),(0.,1.),.PIECEWISE_BEZIER_KNOTS.);
#510 = CARTESIAN_POINT('',(-5.576169024231,-6.639356626582,40.));
#511 = CARTESIAN_POINT('',(-5.576169024231,-6.531827808138,40.));
#512 = CARTESIAN_POINT('',(-5.598998635182,-6.444021612173,40.));
#513 = ORIENTED_EDGE('',*,*,#514,.T.);
#514 = EDGE_CURVE('',#507,#515,#517,.T.);
#515 = VERTEX_POINT('',#516);
#516 = CARTESIAN_POINT('',(-5.694369672646,-6.29421073321,40.));
#517 = B_SPLINE_CURVE_WITH_KNOTS('',2,(#518,#519,#520),.UNSPECIFIED.,.F.
  ,.F.,(3,3),(0.,1.),.PIECEWISE_BEZIER_KNOTS.);
#518 = CARTESIAN_POINT('',(-5.598998635182,-6.444021612173,40.));
#519 = CARTESIAN_POINT('',(-5.621693159678,-6.356215416207,40.));
#520 = CARTESIAN_POINT('',(-5.694369672646,-6.29421073321,40.));
#521 = ORIENTED_EDGE('',*,*,#522,.T.);
#522 = EDGE_CURVE('',#515,#523,#525,.T.);
#523 = VERTEX_POINT('',#524);
#524 = CARTESIAN_POINT('',(-5.902943159678,-6.196948485372,40.));
#525 = B_SPLINE_CURVE_WITH_KNOTS('',2,(#526,#527,#528),.UNSPECIFIED.,.F.
  ,.F.,(3,3),(0.,1.),.PIECEWISE_BEZIER_KNOTS.);
#526 = CARTESIAN_POINT('',(-5.694369672646,-6.29421073321,40.));
#527 = CARTESIAN_POINT('',(-5.767046185614,-6.232070963758,40.));
#528 = CARTESIAN_POINT('',(-5.902943159678,-6.196948485372,40.));
#529 = ORIENTED_EDGE('',*,*,#530,.T.);
#530 = EDGE_CURVE('',#523,#531,#533,.T.);
#531 = VERTEX_POINT('',#532);
#532 = CARTESIAN_POINT('',(-6.267001156796,-6.161826006986,40.));
#533 = B_SPLINE_CURVE_WITH_KNOTS('',2,(#534,#535,#536),.UNSPECIFIED.,.F.
  ,.F.,(3,3),(0.,1.),.PIECEWISE_BEZIER_KNOTS.);
#534 = CARTESIAN_POINT('',(-5.902943159678,-6.196948485372,40.));
#535 = CARTESIAN_POINT('',(-6.038840133741,-6.161826006986,40.));
#536 = CARTESIAN_POINT('',(-6.267001156796,-6.161826006986,40.));
#537 = ORIENTED_EDGE('',*,*,#538,.T.);
#538 = EDGE_CURVE('',#531,#539,#541,.T.);
#539 = VERTEX_POINT('',#540);
#540 = CARTESIAN_POINT('',(-6.267001156796,-5.798713615055,40.));
#541 = LINE('',#542,#543);
#542 = CARTESIAN_POINT('',(-6.267001156796,-6.161826006986,40.));
#543 = VECTOR('',#544,1.);
#544 = DIRECTION('',(0.,1.,0.));
#545 = ORIENTED_EDGE('',*,*,#546,.T.);
#546 = EDGE_CURVE('',#539,#547,#549,.T.);
#547 = VERTEX_POINT('',#548);
#548 = CARTESIAN_POINT('',(-5.953735666882,-5.765212174133,40.));
#549 = B_SPLINE_CURVE_WITH_KNOTS('',2,(#550,#551,#552),.UNSPECIFIED.,.F.
  ,.F.,(3,3),(0.,1.),.PIECEWISE_BEZIER_KNOTS.);
#550 = CARTESIAN_POINT('',(-6.267001156796,-5.798713615055,40.));
#551 = CARTESIAN_POINT('',(-6.078285378698,-5.798713615055,40.));
#552 = CARTESIAN_POINT('',(-5.953735666882,-5.765212174133,40.));
#553 = ORIENTED_EDGE('',*,*,#554,.T.);
#554 = EDGE_CURVE('',#547,#555,#557,.T.);
#555 = VERTEX_POINT('',#556);
#556 = CARTESIAN_POINT('',(-5.755563836911,-5.672002519954,40.));
#557 = B_SPLINE_CURVE_WITH_KNOTS('',2,(#558,#559,#560),.UNSPECIFIED.,.F.
  ,.F.,(3,3),(0.,1.),.PIECEWISE_BEZIER_KNOTS.);
#558 = CARTESIAN_POINT('',(-5.953735666882,-5.765212174133,40.));
#559 = CARTESIAN_POINT('',(-5.829185955067,-5.73171073321,40.));
#560 = CARTESIAN_POINT('',(-5.755563836911,-5.672002519954,40.));
#561 = ORIENTED_EDGE('',*,*,#562,.T.);
#562 = EDGE_CURVE('',#555,#563,#565,.T.);
#563 = VERTEX_POINT('',#564);
#564 = CARTESIAN_POINT('',(-5.652898130859,-5.528540704392,40.));
#565 = B_SPLINE_CURVE_WITH_KNOTS('',2,(#566,#567,#568),.UNSPECIFIED.,.F.
  ,.F.,(3,3),(0.,1.),.PIECEWISE_BEZIER_KNOTS.);
#566 = CARTESIAN_POINT('',(-5.755563836911,-5.672002519954,40.));
#567 = CARTESIAN_POINT('',(-5.681941718755,-5.612294306697,40.));
#568 = CARTESIAN_POINT('',(-5.652898130859,-5.528540704392,40.));
#569 = ORIENTED_EDGE('',*,*,#570,.T.);
#570 = EDGE_CURVE('',#563,#571,#573,.T.);
#571 = VERTEX_POINT('',#572);
#572 = CARTESIAN_POINT('',(-5.623854542963,-5.344012606409,40.));
#573 = B_SPLINE_CURVE_WITH_KNOTS('',2,(#574,#575,#576),.UNSPECIFIED.,.F.
  ,.F.,(3,3),(0.,1.),.PIECEWISE_BEZIER_KNOTS.);
#574 = CARTESIAN_POINT('',(-5.652898130859,-5.528540704392,40.));
#575 = CARTESIAN_POINT('',(-5.623854542963,-5.444652015631,40.));
#576 = CARTESIAN_POINT('',(-5.623854542963,-5.344012606409,40.));
#577 = ORIENTED_EDGE('',*,*,#578,.T.);
#578 = EDGE_CURVE('',#571,#579,#581,.T.);
#579 = VERTEX_POINT('',#580);
#580 = CARTESIAN_POINT('',(-5.740028894548,-5.018319162605,40.));
#581 = B_SPLINE_CURVE_WITH_KNOTS('',2,(#582,#583,#584),.UNSPECIFIED.,.F.
  ,.F.,(3,3),(0.,1.),.PIECEWISE_BEZIER_KNOTS.);
#582 = CARTESIAN_POINT('',(-5.623854542963,-5.344012606409,40.));
#583 = CARTESIAN_POINT('',(-5.623854542963,-5.128279537245,40.));
#584 = CARTESIAN_POINT('',(-5.740028894548,-5.018319162605,40.));
#585 = ORIENTED_EDGE('',*,*,#586,.T.);
#586 = EDGE_CURVE('',#579,#587,#589,.T.);
#587 = VERTEX_POINT('',#588);
#588 = CARTESIAN_POINT('',(-6.057482064577,-4.90822370151,40.));
#589 = B_SPLINE_CURVE_WITH_KNOTS('',2,(#590,#591,#592),.UNSPECIFIED.,.F.
  ,.F.,(3,3),(0.,1.),.PIECEWISE_BEZIER_KNOTS.);
#590 = CARTESIAN_POINT('',(-5.740028894548,-5.018319162605,40.));
#591 = CARTESIAN_POINT('',(-5.856203246133,-4.90822370151,40.));
#592 = CARTESIAN_POINT('',(-6.057482064577,-4.90822370151,40.));
#593 = ORIENTED_EDGE('',*,*,#594,.T.);
#594 = EDGE_CURVE('',#587,#595,#597,.T.);
#595 = VERTEX_POINT('',#596);
#596 = CARTESIAN_POINT('',(-6.360480983885,-5.005621035804,40.));
#597 = B_SPLINE_CURVE_WITH_KNOTS('',2,(#598,#599,#600),.UNSPECIFIED.,.F.
  ,.F.,(3,3),(0.,1.),.PIECEWISE_BEZIER_KNOTS.);
#598 = CARTESIAN_POINT('',(-6.057482064577,-4.90822370151,40.));
#599 = CARTESIAN_POINT('',(-6.240118952185,-4.90822370151,40.));
#600 = CARTESIAN_POINT('',(-6.360480983885,-5.005621035804,40.));
#601 = ORIENTED_EDGE('',*,*,#602,.T.);
#602 = EDGE_CURVE('',#595,#603,#605,.T.);
#603 = VERTEX_POINT('',#604);
#604 = CARTESIAN_POINT('',(-6.528528534317,-5.255666064622,40.));
#605 = B_SPLINE_CURVE_WITH_KNOTS('',2,(#606,#607,#608),.UNSPECIFIED.,.F.
  ,.F.,(3,3),(0.,1.),.PIECEWISE_BEZIER_KNOTS.);
#606 = CARTESIAN_POINT('',(-6.360480983885,-5.005621035804,40.));
#607 = CARTESIAN_POINT('',(-6.48070792913,-5.102883283643,40.));
#608 = CARTESIAN_POINT('',(-6.528528534317,-5.255666064622,40.));
#609 = ORIENTED_EDGE('',*,*,#610,.T.);
#610 = EDGE_CURVE('',#603,#611,#613,.T.);
#611 = VERTEX_POINT('',#612);
#612 = CARTESIAN_POINT('',(-6.59701736717,-5.369814119377,40.));
#613 = B_SPLINE_CURVE_WITH_KNOTS('',2,(#614,#615,#616),.UNSPECIFIED.,.F.
  ,.F.,(3,3),(0.,1.),.PIECEWISE_BEZIER_KNOTS.);
#614 = CARTESIAN_POINT('',(-6.528528534317,-5.255666064622,40.));
#615 = CARTESIAN_POINT('',(-6.553384442098,-5.335231986813,40.));
#616 = CARTESIAN_POINT('',(-6.59701736717,-5.369814119377,40.));
#617 = ORIENTED_EDGE('',*,*,#618,.T.);
#618 = EDGE_CURVE('',#611,#619,#621,.T.);
#619 = VERTEX_POINT('',#620);
#620 = CARTESIAN_POINT('',(-6.71103033547,-5.404261165487,40.));
#621 = B_SPLINE_CURVE_WITH_KNOTS('',2,(#622,#623,#624),.UNSPECIFIED.,.F.
  ,.F.,(3,3),(0.,1.),.PIECEWISE_BEZIER_KNOTS.);
#622 = CARTESIAN_POINT('',(-6.59701736717,-5.369814119377,40.));
#623 = CARTESIAN_POINT('',(-6.640515205787,-5.404261165487,40.));
#624 = CARTESIAN_POINT('',(-6.71103033547,-5.404261165487,40.));
#625 = ORIENTED_EDGE('',*,*,#626,.T.);
#626 = EDGE_CURVE('',#619,#627,#629,.T.);
#627 = VERTEX_POINT('',#628);
#628 = CARTESIAN_POINT('',(-6.781680551608,-5.398047188542,40.));
#629 = B_SPLINE_CURVE_WITH_KNOTS('',2,(#630,#631,#632),.UNSPECIFIED.,.F.
  ,.F.,(3,3),(0.,1.),.PIECEWISE_BEZIER_KNOTS.);
#630 = CARTESIAN_POINT('',(-6.71103033547,-5.404261165487,40.));
#631 = CARTESIAN_POINT('',(-6.744261603482,-5.404261165487,40.));
#632 = CARTESIAN_POINT('',(-6.781680551608,-5.398047188542,40.));
#633 = ORIENTED_EDGE('',*,*,#634,.T.);
#634 = EDGE_CURVE('',#627,#635,#637,.T.);
#635 = VERTEX_POINT('',#636);
#636 = CARTESIAN_POINT('',(-7.05131311645,-5.35036166981,40.));
#637 = LINE('',#638,#639);
#638 = CARTESIAN_POINT('',(-6.781680551608,-5.398047188542,40.));
#639 = VECTOR('',#640,1.);
#640 = DIRECTION('',(-0.984718925417,0.174151192721,0.));
#641 = ORIENTED_EDGE('',*,*,#642,.T.);
#642 = EDGE_CURVE('',#635,#643,#645,.T.);
#643 = VERTEX_POINT('',#644);
#644 = CARTESIAN_POINT('',(-6.931086171205,-4.969552952231,40.));
#645 = B_SPLINE_CURVE_WITH_KNOTS('',2,(#646,#647,#648),.UNSPECIFIED.,.F.
  ,.F.,(3,3),(0.,1.),.PIECEWISE_BEZIER_KNOTS.);
#646 = CARTESIAN_POINT('',(-7.05131311645,-5.35036166981,40.));
#647 = CARTESIAN_POINT('',(-7.020243231724,-5.133277736092,40.));
#648 = CARTESIAN_POINT('',(-6.931086171205,-4.969552952231,40.));
#649 = ORIENTED_EDGE('',*,*,#650,.T.);
#650 = EDGE_CURVE('',#643,#651,#653,.T.);
#651 = VERTEX_POINT('',#652);
#652 = CARTESIAN_POINT('',(-6.708058433453,-4.69613796664,40.));
#653 = B_SPLINE_CURVE_WITH_KNOTS('',2,(#654,#655,#656),.UNSPECIFIED.,.F.
  ,.F.,(3,3),(0.,1.),.PIECEWISE_BEZIER_KNOTS.);
#654 = CARTESIAN_POINT('',(-6.931086171205,-4.969552952231,40.));
#655 = CARTESIAN_POINT('',(-6.841794024231,-4.805693081914,40.));
#656 = CARTESIAN_POINT('',(-6.708058433453,-4.69613796664,40.));
#657 = ORIENTED_EDGE('',*,*,#658,.T.);
#658 = EDGE_CURVE('',#651,#257,#659,.T.);
#659 = B_SPLINE_CURVE_WITH_KNOTS('',2,(#660,#661,#662),.UNSPECIFIED.,.F.
  ,.F.,(3,3),(0.,1.),.PIECEWISE_BEZIER_KNOTS.);
#660 = CARTESIAN_POINT('',(-6.708058433453,-4.69613796664,40.));
#661 = CARTESIAN_POINT('',(-6.574187756219,-4.586582851366,40.));
#662 = CARTESIAN_POINT('',(-6.401006920484,-4.531332491135,40.));
#663 = FACE_BOUND('',#664,.T.);
#664 = EDGE_LOOP('',(#665,#675,#683,#691,#699,#707,#715,#723,#731,#739,
    #747,#755,#763,#771,#779,#787));
#665 = ORIENTED_EDGE('',*,*,#666,.T.);
#666 = EDGE_CURVE('',#667,#669,#671,.T.);
#667 = VERTEX_POINT('',#668);
#668 = CARTESIAN_POINT('',(-1.769027453626,-5.327396972403,40.));
#669 = VERTEX_POINT('',#670);
#670 = CARTESIAN_POINT('',(-1.684868591954,-6.010529177014,40.));
#671 = B_SPLINE_CURVE_WITH_KNOTS('',2,(#672,#673,#674),.UNSPECIFIED.,.F.
  ,.F.,(3,3),(0.,1.),.PIECEWISE_BEZIER_KNOTS.);
#672 = CARTESIAN_POINT('',(-1.769027453626,-5.327396972403,40.));
#673 = CARTESIAN_POINT('',(-1.684868591954,-5.615941640991,40.));
#674 = CARTESIAN_POINT('',(-1.684868591954,-6.010529177014,40.));
#675 = ORIENTED_EDGE('',*,*,#676,.T.);
#676 = EDGE_CURVE('',#669,#677,#679,.T.);
#677 = VERTEX_POINT('',#678);
#678 = CARTESIAN_POINT('',(-1.769027453626,-6.692715776438,40.));
#679 = B_SPLINE_CURVE_WITH_KNOTS('',2,(#680,#681,#682),.UNSPECIFIED.,.F.
  ,.F.,(3,3),(0.,1.),.PIECEWISE_BEZIER_KNOTS.);
#680 = CARTESIAN_POINT('',(-1.684868591954,-6.010529177014,40.));
#681 = CARTESIAN_POINT('',(-1.684868591954,-6.402955329752,40.));
#682 = CARTESIAN_POINT('',(-1.769027453626,-6.692715776438,40.));
#683 = ORIENTED_EDGE('',*,*,#684,.T.);
#684 = EDGE_CURVE('',#677,#685,#687,.T.);
#685 = VERTEX_POINT('',#686);
#686 = CARTESIAN_POINT('',(-2.001376156796,-7.171327087677,40.));
#687 = B_SPLINE_CURVE_WITH_KNOTS('',2,(#688,#689,#690),.UNSPECIFIED.,.F.
  ,.F.,(3,3),(0.,1.),.PIECEWISE_BEZIER_KNOTS.);
#688 = CARTESIAN_POINT('',(-1.769027453626,-6.692715776438,40.));
#689 = CARTESIAN_POINT('',(-1.853051228842,-6.982341136669,40.));
#690 = CARTESIAN_POINT('',(-2.001376156796,-7.171327087677,40.));
#691 = ORIENTED_EDGE('',*,*,#692,.T.);
#692 = EDGE_CURVE('',#685,#693,#695,.T.);
#693 = VERTEX_POINT('',#694);
#694 = CARTESIAN_POINT('',(-2.352060594836,-7.452712174133,40.));
#695 = B_SPLINE_CURVE_WITH_KNOTS('',2,(#696,#697,#698),.UNSPECIFIED.,.F.
  ,.F.,(3,3),(0.,1.),.PIECEWISE_BEZIER_KNOTS.);
#696 = CARTESIAN_POINT('',(-2.001376156796,-7.171327087677,40.));
#697 = CARTESIAN_POINT('',(-2.14970108475,-7.360313038686,40.));
#698 = CARTESIAN_POINT('',(-2.352060594836,-7.452712174133,40.));
#699 = ORIENTED_EDGE('',*,*,#700,.T.);
#700 = EDGE_CURVE('',#693,#701,#703,.T.);
#701 = VERTEX_POINT('',#702);
#702 = CARTESIAN_POINT('',(-2.788795104922,-7.545111309579,40.));
#703 = B_SPLINE_CURVE_WITH_KNOTS('',2,(#704,#705,#706),.UNSPECIFIED.,.F.
  ,.F.,(3,3),(0.,1.),.PIECEWISE_BEZIER_KNOTS.);
#704 = CARTESIAN_POINT('',(-2.352060594836,-7.452712174133,40.));
#705 = CARTESIAN_POINT('',(-2.554285018467,-7.545111309579,40.));
#706 = CARTESIAN_POINT('',(-2.788795104922,-7.545111309579,40.));
#707 = ORIENTED_EDGE('',*,*,#708,.T.);
#708 = EDGE_CURVE('',#701,#709,#711,.T.);
#709 = VERTEX_POINT('',#710);
#710 = CARTESIAN_POINT('',(-3.223503318179,-7.452712174133,40.));
#711 = B_SPLINE_CURVE_WITH_KNOTS('',2,(#712,#713,#714),.UNSPECIFIED.,.F.
  ,.F.,(3,3),(0.,1.),.PIECEWISE_BEZIER_KNOTS.);
#712 = CARTESIAN_POINT('',(-2.788795104922,-7.545111309579,40.));
#713 = CARTESIAN_POINT('',(-3.023305191378,-7.545111309579,40.));
#714 = CARTESIAN_POINT('',(-3.223503318179,-7.452712174133,40.));
#715 = ORIENTED_EDGE('',*,*,#716,.T.);
#716 = EDGE_CURVE('',#709,#717,#719,.T.);
#717 = VERTEX_POINT('',#718);
#718 = CARTESIAN_POINT('',(-3.571080767747,-7.171327087677,40.));
#719 = B_SPLINE_CURVE_WITH_KNOTS('',2,(#720,#721,#722),.UNSPECIFIED.,.F.
  ,.F.,(3,3),(0.,1.),.PIECEWISE_BEZIER_KNOTS.);
#720 = CARTESIAN_POINT('',(-3.223503318179,-7.452712174133,40.));
#721 = CARTESIAN_POINT('',(-3.42370144498,-7.360313038686,40.));
#722 = CARTESIAN_POINT('',(-3.571080767747,-7.171327087677,40.));
#723 = ORIENTED_EDGE('',*,*,#724,.T.);
#724 = EDGE_CURVE('',#717,#725,#727,.T.);
#725 = VERTEX_POINT('',#726);
#726 = CARTESIAN_POINT('',(-3.801403174087,-6.692715776438,40.));
#727 = B_SPLINE_CURVE_WITH_KNOTS('',2,(#728,#729,#730),.UNSPECIFIED.,.F.
  ,.F.,(3,3),(0.,1.),.PIECEWISE_BEZIER_KNOTS.);
#728 = CARTESIAN_POINT('',(-3.571080767747,-7.171327087677,40.));
#729 = CARTESIAN_POINT('',(-3.718325004058,-6.982341136669,40.));
#730 = CARTESIAN_POINT('',(-3.801403174087,-6.692715776438,40.));
#731 = ORIENTED_EDGE('',*,*,#732,.T.);
#732 = EDGE_CURVE('',#725,#733,#735,.T.);
#733 = VERTEX_POINT('',#734);
#734 = CARTESIAN_POINT('',(-3.88434625766,-6.010529177014,40.));
#735 = B_SPLINE_CURVE_WITH_KNOTS('',2,(#736,#737,#738),.UNSPECIFIED.,.F.
  ,.F.,(3,3),(0.,1.),.PIECEWISE_BEZIER_KNOTS.);
#736 = CARTESIAN_POINT('',(-3.801403174087,-6.692715776438,40.));
#737 = CARTESIAN_POINT('',(-3.88434625766,-6.402955329752,40.));
#738 = CARTESIAN_POINT('',(-3.88434625766,-6.010529177014,40.));
#739 = ORIENTED_EDGE('',*,*,#740,.T.);
#740 = EDGE_CURVE('',#733,#741,#743,.T.);
#741 = VERTEX_POINT('',#742);
#742 = CARTESIAN_POINT('',(-3.801403174087,-5.327396972403,40.));
#743 = B_SPLINE_CURVE_WITH_KNOTS('',2,(#744,#745,#746),.UNSPECIFIED.,.F.
  ,.F.,(3,3),(0.,1.),.PIECEWISE_BEZIER_KNOTS.);
#744 = CARTESIAN_POINT('',(-3.88434625766,-6.010529177014,40.));
#745 = CARTESIAN_POINT('',(-3.88434625766,-5.615941640991,40.));
#746 = CARTESIAN_POINT('',(-3.801403174087,-5.327396972403,40.));
#747 = ORIENTED_EDGE('',*,*,#748,.T.);
#748 = EDGE_CURVE('',#741,#749,#751,.T.);
#749 = VERTEX_POINT('',#750);
#750 = CARTESIAN_POINT('',(-3.571080767747,-4.849731266352,40.));
#751 = B_SPLINE_CURVE_WITH_KNOTS('',2,(#752,#753,#754),.UNSPECIFIED.,.F.
  ,.F.,(3,3),(0.,1.),.PIECEWISE_BEZIER_KNOTS.);
#752 = CARTESIAN_POINT('',(-3.801403174087,-5.327396972403,40.));
#753 = CARTESIAN_POINT('',(-3.718325004058,-5.03871721736,40.));
#754 = CARTESIAN_POINT('',(-3.571080767747,-4.849731266352,40.));
#755 = ORIENTED_EDGE('',*,*,#756,.T.);
#756 = EDGE_CURVE('',#749,#757,#759,.T.);
#757 = VERTEX_POINT('',#758);
#758 = CARTESIAN_POINT('',(-3.223503318179,-4.568346179896,40.));
#759 = B_SPLINE_CURVE_WITH_KNOTS('',2,(#760,#761,#762),.UNSPECIFIED.,.F.
  ,.F.,(3,3),(0.,1.),.PIECEWISE_BEZIER_KNOTS.);
#760 = CARTESIAN_POINT('',(-3.571080767747,-4.849731266352,40.));
#761 = CARTESIAN_POINT('',(-3.42370144498,-4.660745315343,40.));
#762 = CARTESIAN_POINT('',(-3.223503318179,-4.568346179896,40.));
#763 = ORIENTED_EDGE('',*,*,#764,.T.);
#764 = EDGE_CURVE('',#757,#765,#767,.T.);
#765 = VERTEX_POINT('',#766);
#766 = CARTESIAN_POINT('',(-2.788795104922,-4.47594704445,40.));
#767 = B_SPLINE_CURVE_WITH_KNOTS('',2,(#768,#769,#770),.UNSPECIFIED.,.F.
  ,.F.,(3,3),(0.,1.),.PIECEWISE_BEZIER_KNOTS.);
#768 = CARTESIAN_POINT('',(-3.223503318179,-4.568346179896,40.));
#769 = CARTESIAN_POINT('',(-3.023305191378,-4.47594704445,40.));
#770 = CARTESIAN_POINT('',(-2.788795104922,-4.47594704445,40.));
#771 = ORIENTED_EDGE('',*,*,#772,.T.);
#772 = EDGE_CURVE('',#765,#773,#775,.T.);
#773 = VERTEX_POINT('',#774);
#774 = CARTESIAN_POINT('',(-2.352060594836,-4.568346179896,40.));
#775 = B_SPLINE_CURVE_WITH_KNOTS('',2,(#776,#777,#778),.UNSPECIFIED.,.F.
  ,.F.,(3,3),(0.,1.),.PIECEWISE_BEZIER_KNOTS.);
#776 = CARTESIAN_POINT('',(-2.788795104922,-4.47594704445,40.));
#777 = CARTESIAN_POINT('',(-2.554285018467,-4.47594704445,40.));
#778 = CARTESIAN_POINT('',(-2.352060594836,-4.568346179896,40.));
#779 = ORIENTED_EDGE('',*,*,#780,.T.);
#780 = EDGE_CURVE('',#773,#781,#783,.T.);
#781 = VERTEX_POINT('',#782);
#782 = CARTESIAN_POINT('',(-2.001376156796,-4.849731266352,40.));
#783 = B_SPLINE_CURVE_WITH_KNOTS('',2,(#784,#785,#786),.UNSPECIFIED.,.F.
  ,.F.,(3,3),(0.,1.),.PIECEWISE_BEZIER_KNOTS.);
#784 = CARTESIAN_POINT('',(-2.352060594836,-4.568346179896,40.));
#785 = CARTESIAN_POINT('',(-2.14970108475,-4.660745315343,40.));
#786 = CARTESIAN_POINT('',(-2.001376156796,-4.849731266352,40.));
#787 = ORIENTED_EDGE('',*,*,#788,.T.);
#788 = EDGE_CURVE('',#781,#667,#789,.T.);
#789 = B_SPLINE_CURVE_WITH_KNOTS('',2,(#790,#791,#792),.UNSPECIFIED.,.F.
  ,.F.,(3,3),(0.,1.),.PIECEWISE_BEZIER_KNOTS.);
#790 = CARTESIAN_POINT('',(-2.001376156796,-4.849731266352,40.));
#791 = CARTESIAN_POINT('',(-1.853051228842,-5.03871721736,40.));
#792 = CARTESIAN_POINT('',(-1.769027453626,-5.327396972403,40.));
#793 = FACE_BOUND('',#794,.T.);
#794 = EDGE_LOOP('',(#795,#805,#813,#821,#829,#837,#845,#853,#861,#869,
    #877,#885,#893,#901,#909,#917));
#795 = ORIENTED_EDGE('',*,*,#796,.T.);
#796 = EDGE_CURVE('',#797,#799,#801,.T.);
#797 = VERTEX_POINT('',#798);
#798 = CARTESIAN_POINT('',(0.634430759631,-5.327396972403,40.));
#799 = VERTEX_POINT('',#800);
#800 = CARTESIAN_POINT('',(0.718589621302,-6.010529177014,40.));
#801 = B_SPLINE_CURVE_WITH_KNOTS('',2,(#802,#803,#804),.UNSPECIFIED.,.F.
  ,.F.,(3,3),(0.,1.),.PIECEWISE_BEZIER_KNOTS.);
#802 = CARTESIAN_POINT('',(0.634430759631,-5.327396972403,40.));
#803 = CARTESIAN_POINT('',(0.718589621302,-5.615941640991,40.));
#804 = CARTESIAN_POINT('',(0.718589621302,-6.010529177014,40.));
#805 = ORIENTED_EDGE('',*,*,#806,.T.);
#806 = EDGE_CURVE('',#799,#807,#809,.T.);
#807 = VERTEX_POINT('',#808);
#808 = CARTESIAN_POINT('',(0.634430759631,-6.692715776438,40.));
#809 = B_SPLINE_CURVE_WITH_KNOTS('',2,(#810,#811,#812),.UNSPECIFIED.,.F.
  ,.F.,(3,3),(0.,1.),.PIECEWISE_BEZIER_KNOTS.);
#810 = CARTESIAN_POINT('',(0.718589621302,-6.010529177014,40.));
#811 = CARTESIAN_POINT('',(0.718589621302,-6.402955329752,40.));
#812 = CARTESIAN_POINT('',(0.634430759631,-6.692715776438,40.));
#813 = ORIENTED_EDGE('',*,*,#814,.T.);
#814 = EDGE_CURVE('',#807,#815,#817,.T.);
#815 = VERTEX_POINT('',#816);
#816 = CARTESIAN_POINT('',(0.402082056461,-7.171327087677,40.));
#817 = B_SPLINE_CURVE_WITH_KNOTS('',2,(#818,#819,#820),.UNSPECIFIED.,.F.
  ,.F.,(3,3),(0.,1.),.PIECEWISE_BEZIER_KNOTS.);
#818 = CARTESIAN_POINT('',(0.634430759631,-6.692715776438,40.));
#819 = CARTESIAN_POINT('',(0.550406984415,-6.982341136669,40.));
#820 = CARTESIAN_POINT('',(0.402082056461,-7.171327087677,40.));
#821 = ORIENTED_EDGE('',*,*,#822,.T.);
#822 = EDGE_CURVE('',#815,#823,#825,.T.);
#823 = VERTEX_POINT('',#824);
#824 = CARTESIAN_POINT('',(5.139761842046E-02,-7.452712174133,40.));
#825 = B_SPLINE_CURVE_WITH_KNOTS('',2,(#826,#827,#828),.UNSPECIFIED.,.F.
  ,.F.,(3,3),(0.,1.),.PIECEWISE_BEZIER_KNOTS.);
#826 = CARTESIAN_POINT('',(0.402082056461,-7.171327087677,40.));
#827 = CARTESIAN_POINT('',(0.253757128507,-7.360313038686,40.));
#828 = CARTESIAN_POINT('',(5.139761842046E-02,-7.452712174133,40.));
#829 = ORIENTED_EDGE('',*,*,#830,.T.);
#830 = EDGE_CURVE('',#823,#831,#833,.T.);
#831 = VERTEX_POINT('',#832);
#832 = CARTESIAN_POINT('',(-0.385336891666,-7.545111309579,40.));
#833 = B_SPLINE_CURVE_WITH_KNOTS('',2,(#834,#835,#836),.UNSPECIFIED.,.F.
  ,.F.,(3,3),(0.,1.),.PIECEWISE_BEZIER_KNOTS.);
#834 = CARTESIAN_POINT('',(5.139761842046E-02,-7.452712174133,40.));
#835 = CARTESIAN_POINT('',(-0.150826805211,-7.545111309579,40.));
#836 = CARTESIAN_POINT('',(-0.385336891666,-7.545111309579,40.));
#837 = ORIENTED_EDGE('',*,*,#838,.T.);
#838 = EDGE_CURVE('',#831,#839,#841,.T.);
#839 = VERTEX_POINT('',#840);
#840 = CARTESIAN_POINT('',(-0.820045104922,-7.452712174133,40.));
#841 = B_SPLINE_CURVE_WITH_KNOTS('',2,(#842,#843,#844),.UNSPECIFIED.,.F.
  ,.F.,(3,3),(0.,1.),.PIECEWISE_BEZIER_KNOTS.);
#842 = CARTESIAN_POINT('',(-0.385336891666,-7.545111309579,40.));
#843 = CARTESIAN_POINT('',(-0.619846978121,-7.545111309579,40.));
#844 = CARTESIAN_POINT('',(-0.820045104922,-7.452712174133,40.));
#845 = ORIENTED_EDGE('',*,*,#846,.T.);
#846 = EDGE_CURVE('',#839,#847,#849,.T.);
#847 = VERTEX_POINT('',#848);
#848 = CARTESIAN_POINT('',(-1.16762255449,-7.171327087677,40.));
#849 = B_SPLINE_CURVE_WITH_KNOTS('',2,(#850,#851,#852),.UNSPECIFIED.,.F.
  ,.F.,(3,3),(0.,1.),.PIECEWISE_BEZIER_KNOTS.);
#850 = CARTESIAN_POINT('',(-0.820045104922,-7.452712174133,40.));
#851 = CARTESIAN_POINT('',(-1.020243231724,-7.360313038686,40.));
#852 = CARTESIAN_POINT('',(-1.16762255449,-7.171327087677,40.));
#853 = ORIENTED_EDGE('',*,*,#854,.T.);
#854 = EDGE_CURVE('',#847,#855,#857,.T.);
#855 = VERTEX_POINT('',#856);
#856 = CARTESIAN_POINT('',(-1.39794496083,-6.692715776438,40.));
#857 = B_SPLINE_CURVE_WITH_KNOTS('',2,(#858,#859,#860),.UNSPECIFIED.,.F.
  ,.F.,(3,3),(0.,1.),.PIECEWISE_BEZIER_KNOTS.);
#858 = CARTESIAN_POINT('',(-1.16762255449,-7.171327087677,40.));
#859 = CARTESIAN_POINT('',(-1.314866790801,-6.982341136669,40.));
#860 = CARTESIAN_POINT('',(-1.39794496083,-6.692715776438,40.));
#861 = ORIENTED_EDGE('',*,*,#862,.T.);
#862 = EDGE_CURVE('',#855,#863,#865,.T.);
#863 = VERTEX_POINT('',#864);
#864 = CARTESIAN_POINT('',(-1.480888044404,-6.010529177014,40.));
#865 = B_SPLINE_CURVE_WITH_KNOTS('',2,(#866,#867,#868),.UNSPECIFIED.,.F.
  ,.F.,(3,3),(0.,1.),.PIECEWISE_BEZIER_KNOTS.);
#866 = CARTESIAN_POINT('',(-1.39794496083,-6.692715776438,40.));
#867 = CARTESIAN_POINT('',(-1.480888044404,-6.402955329752,40.));
#868 = CARTESIAN_POINT('',(-1.480888044404,-6.010529177014,40.));
#869 = ORIENTED_EDGE('',*,*,#870,.T.);
#870 = EDGE_CURVE('',#863,#871,#873,.T.);
#871 = VERTEX_POINT('',#872);
#872 = CARTESIAN_POINT('',(-1.39794496083,-5.327396972403,40.));
#873 = B_SPLINE_CURVE_WITH_KNOTS('',2,(#874,#875,#876),.UNSPECIFIED.,.F.
  ,.F.,(3,3),(0.,1.),.PIECEWISE_BEZIER_KNOTS.);
#874 = CARTESIAN_POINT('',(-1.480888044404,-6.010529177014,40.));
#875 = CARTESIAN_POINT('',(-1.480888044404,-5.615941640991,40.));
#876 = CARTESIAN_POINT('',(-1.39794496083,-5.327396972403,40.));
#877 = ORIENTED_EDGE('',*,*,#878,.T.);
#878 = EDGE_CURVE('',#871,#879,#881,.T.);
#879 = VERTEX_POINT('',#880);
#880 = CARTESIAN_POINT('',(-1.16762255449,-4.849731266352,40.));
#881 = B_SPLINE_CURVE_WITH_KNOTS('',2,(#882,#883,#884),.UNSPECIFIED.,.F.
  ,.F.,(3,3),(0.,1.),.PIECEWISE_BEZIER_KNOTS.);
#882 = CARTESIAN_POINT('',(-1.39794496083,-5.327396972403,40.));
#883 = CARTESIAN_POINT('',(-1.314866790801,-5.03871721736,40.));
#884 = CARTESIAN_POINT('',(-1.16762255449,-4.849731266352,40.));
#885 = ORIENTED_EDGE('',*,*,#886,.T.);
#886 = EDGE_CURVE('',#879,#887,#889,.T.);
#887 = VERTEX_POINT('',#888);
#888 = CARTESIAN_POINT('',(-0.820045104922,-4.568346179896,40.));
#889 = B_SPLINE_CURVE_WITH_KNOTS('',2,(#890,#891,#892),.UNSPECIFIED.,.F.
  ,.F.,(3,3),(0.,1.),.PIECEWISE_BEZIER_KNOTS.);
#890 = CARTESIAN_POINT('',(-1.16762255449,-4.849731266352,40.));
#891 = CARTESIAN_POINT('',(-1.020243231724,-4.660745315343,40.));
#892 = CARTESIAN_POINT('',(-0.820045104922,-4.568346179896,40.));
#893 = ORIENTED_EDGE('',*,*,#894,.T.);
#894 = EDGE_CURVE('',#887,#895,#897,.T.);
#895 = VERTEX_POINT('',#896);
#896 = CARTESIAN_POINT('',(-0.385336891666,-4.47594704445,40.));
#897 = B_SPLINE_CURVE_WITH_KNOTS('',2,(#898,#899,#900),.UNSPECIFIED.,.F.
  ,.F.,(3,3),(0.,1.),.PIECEWISE_BEZIER_KNOTS.);
#898 = CARTESIAN_POINT('',(-0.820045104922,-4.568346179896,40.));
#899 = CARTESIAN_POINT('',(-0.619846978121,-4.47594704445,40.));
#900 = CARTESIAN_POINT('',(-0.385336891666,-4.47594704445,40.));
#901 = ORIENTED_EDGE('',*,*,#902,.T.);
#902 = EDGE_CURVE('',#895,#903,#905,.T.);
#903 = VERTEX_POINT('',#904);
#904 = CARTESIAN_POINT('',(5.139761842046E-02,-4.568346179896,40.));
#905 = B_SPLINE_CURVE_WITH_KNOTS('',2,(#906,#907,#908),.UNSPECIFIED.,.F.
  ,.F.,(3,3),(0.,1.),.PIECEWISE_BEZIER_KNOTS.);
#906 = CARTESIAN_POINT('',(-0.385336891666,-4.47594704445,40.));
#907 = CARTESIAN_POINT('',(-0.150826805211,-4.47594704445,40.));
#908 = CARTESIAN_POINT('',(5.139761842046E-02,-4.568346179896,40.));
#909 = ORIENTED_EDGE('',*,*,#910,.T.);
#910 = EDGE_CURVE('',#903,#911,#913,.T.);
#911 = VERTEX_POINT('',#912);
#912 = CARTESIAN_POINT('',(0.402082056461,-4.849731266352,40.));
#913 = B_SPLINE_CURVE_WITH_KNOTS('',2,(#914,#915,#916),.UNSPECIFIED.,.F.
  ,.F.,(3,3),(0.,1.),.PIECEWISE_BEZIER_KNOTS.);
#914 = CARTESIAN_POINT('',(5.139761842046E-02,-4.568346179896,40.));
#915 = CARTESIAN_POINT('',(0.253757128507,-4.660745315343,40.));
#916 = CARTESIAN_POINT('',(0.402082056461,-4.849731266352,40.));
#917 = ORIENTED_EDGE('',*,*,#918,.T.);
#918 = EDGE_CURVE('',#911,#797,#919,.T.);
#919 = B_SPLINE_CURVE_WITH_KNOTS('',2,(#920,#921,#922),.UNSPECIFIED.,.F.
  ,.F.,(3,3),(0.,1.),.PIECEWISE_BEZIER_KNOTS.);
#920 = CARTESIAN_POINT('',(0.402082056461,-4.849731266352,40.));
#921 = CARTESIAN_POINT('',(0.550406984415,-5.03871721736,40.));
#922 = CARTESIAN_POINT('',(0.634430759631,-5.327396972403,40.));
#923 = FACE_BOUND('',#924,.T.);
#924 = EDGE_LOOP('',(#925,#935,#943,#951,#959,#967,#975,#983,#991,#999,
    #1007,#1015,#1023,#1031,#1039,#1047,#1055,#1063,#1071,#1079,#1087,
    #1095,#1103,#1111,#1119,#1127,#1135,#1143,#1151,#1159,#1167,#1175,
    #1183,#1191,#1199,#1207));
#925 = ORIENTED_EDGE('',*,*,#926,.T.);
#926 = EDGE_CURVE('',#927,#929,#931,.T.);
#927 = VERTEX_POINT('',#928);
#928 = CARTESIAN_POINT('',(2.409196609775,-7.510529177014,40.));
#929 = VERTEX_POINT('',#930);
#930 = CARTESIAN_POINT('',(1.896813684703,-7.510529177014,40.));
#931 = LINE('',#932,#933);
#932 = CARTESIAN_POINT('',(2.409196609775,-7.510529177014,40.));
#933 = VECTOR('',#934,1.);
#934 = DIRECTION('',(-1.,0.,0.));
#935 = ORIENTED_EDGE('',*,*,#936,.T.);
#936 = EDGE_CURVE('',#929,#937,#939,.T.);
#937 = VERTEX_POINT('',#938);
#938 = CARTESIAN_POINT('',(1.896813684703,-5.383728024277,40.));
#939 = LINE('',#940,#941);
#940 = CARTESIAN_POINT('',(1.896813684703,-7.510529177014,40.));
#941 = VECTOR('',#942,1.);
#942 = DIRECTION('',(0.,1.,0.));
#943 = ORIENTED_EDGE('',*,*,#944,.T.);
#944 = EDGE_CURVE('',#937,#945,#947,.T.);
#945 = VERTEX_POINT('',#946);
#946 = CARTESIAN_POINT('',(2.210079174616,-5.383728024277,40.));
#947 = LINE('',#948,#949);
#948 = CARTESIAN_POINT('',(1.896813684703,-5.383728024277,40.));
#949 = VECTOR('',#950,1.);
#950 = DIRECTION('',(1.,0.,0.));
#951 = ORIENTED_EDGE('',*,*,#952,.T.);
#952 = EDGE_CURVE('',#945,#953,#955,.T.);
#953 = VERTEX_POINT('',#954);
#954 = CARTESIAN_POINT('',(2.340842863377,-5.477072764911,40.));
#955 = B_SPLINE_CURVE_WITH_KNOTS('',2,(#956,#957,#958),.UNSPECIFIED.,.F.
  ,.F.,(3,3),(0.,1.),.PIECEWISE_BEZIER_KNOTS.);
#956 = CARTESIAN_POINT('',(2.210079174616,-5.383728024277,40.));
#957 = CARTESIAN_POINT('',(2.309637892196,-5.383728024277,40.));
#958 = CARTESIAN_POINT('',(2.340842863377,-5.477072764911,40.));
#959 = ORIENTED_EDGE('',*,*,#960,.T.);
#960 = EDGE_CURVE('',#953,#961,#963,.T.);
#961 = VERTEX_POINT('',#962);
#962 = CARTESIAN_POINT('',(2.373939044933,-5.634583571827,40.));
#963 = LINE('',#964,#965);
#964 = CARTESIAN_POINT('',(2.340842863377,-5.477072764911,40.));
#965 = VECTOR('',#966,1.);
#966 = DIRECTION('',(0.205629772653,-0.978629856789,0.));
#967 = ORIENTED_EDGE('',*,*,#968,.T.);
#968 = EDGE_CURVE('',#961,#969,#971,.T.);
#969 = VERTEX_POINT('',#970);
#970 = CARTESIAN_POINT('',(2.491194088161,-5.520030257706,40.));
#971 = B_SPLINE_CURVE_WITH_KNOTS('',2,(#972,#973,#974),.UNSPECIFIED.,.F.
  ,.F.,(3,3),(0.,1.),.PIECEWISE_BEZIER_KNOTS.);
#972 = CARTESIAN_POINT('',(2.373939044933,-5.634583571827,40.));
#973 = CARTESIAN_POINT('',(2.429999923896,-5.572038543009,40.));
#974 = CARTESIAN_POINT('',(2.491194088161,-5.520030257706,40.));
#975 = ORIENTED_EDGE('',*,*,#976,.T.);
#976 = EDGE_CURVE('',#969,#977,#979,.T.);
#977 = VERTEX_POINT('',#978);
#978 = CARTESIAN_POINT('',(2.621822690467,-5.430467937821,40.));
#979 = B_SPLINE_CURVE_WITH_KNOTS('',2,(#980,#981,#982),.UNSPECIFIED.,.F.
  ,.F.,(3,3),(0.,1.),.PIECEWISE_BEZIER_KNOTS.);
#980 = CARTESIAN_POINT('',(2.491194088161,-5.520030257706,40.));
#981 = CARTESIAN_POINT('',(2.552388252426,-5.467886885948,40.));
#982 = CARTESIAN_POINT('',(2.621822690467,-5.430467937821,40.));
#983 = ORIENTED_EDGE('',*,*,#984,.T.);
#984 = EDGE_CURVE('',#977,#985,#987,.T.);
#985 = VERTEX_POINT('',#986);
#986 = CARTESIAN_POINT('',(2.771228310063,-5.371029897475,40.));
#987 = B_SPLINE_CURVE_WITH_KNOTS('',2,(#988,#989,#990),.UNSPECIFIED.,.F.
  ,.F.,(3,3),(0.,1.),.PIECEWISE_BEZIER_KNOTS.);
#988 = CARTESIAN_POINT('',(2.621822690467,-5.430467937821,40.));
#989 = CARTESIAN_POINT('',(2.691392214962,-5.392913903239,40.));
#990 = CARTESIAN_POINT('',(2.771228310063,-5.371029897475,40.));
#991 = ORIENTED_EDGE('',*,*,#992,.T.);
#992 = EDGE_CURVE('',#985,#993,#995,.T.);
#993 = VERTEX_POINT('',#994);
#994 = CARTESIAN_POINT('',(2.946705615539,-5.349145891712,40.));
#995 = B_SPLINE_CURVE_WITH_KNOTS('',2,(#996,#997,#998),.UNSPECIFIED.,.F.
  ,.F.,(3,3),(0.,1.),.PIECEWISE_BEZIER_KNOTS.);
#996 = CARTESIAN_POINT('',(2.771228310063,-5.371029897475,40.));
#997 = CARTESIAN_POINT('',(2.851199491619,-5.349145891712,40.));
#998 = CARTESIAN_POINT('',(2.946705615539,-5.349145891712,40.));
#999 = ORIENTED_EDGE('',*,*,#1000,.T.);
#1000 = EDGE_CURVE('',#993,#1001,#1003,.T.);
#1001 = VERTEX_POINT('',#1002);
#1002 = CARTESIAN_POINT('',(3.277667431101,-5.457890488254,40.));
#1003 = B_SPLINE_CURVE_WITH_KNOTS('',2,(#1004,#1005,#1006),
  .UNSPECIFIED.,.F.,.F.,(3,3),(0.,1.),.PIECEWISE_BEZIER_KNOTS.);
#1004 = CARTESIAN_POINT('',(2.946705615539,-5.349145891712,40.));
#1005 = CARTESIAN_POINT('',(3.147984433982,-5.349145891712,40.));
#1006 = CARTESIAN_POINT('',(3.277667431101,-5.457890488254,40.));
#1007 = ORIENTED_EDGE('',*,*,#1008,.T.);
#1008 = EDGE_CURVE('',#1001,#1009,#1011,.T.);
#1009 = VERTEX_POINT('',#1010);
#1010 = CARTESIAN_POINT('',(3.471651580956,-5.746840416207,40.));
#1011 = B_SPLINE_CURVE_WITH_KNOTS('',2,(#1012,#1013,#1014),
  .UNSPECIFIED.,.F.,.F.,(3,3),(0.,1.),.PIECEWISE_BEZIER_KNOTS.);
#1012 = CARTESIAN_POINT('',(3.277667431101,-5.457890488254,40.));
#1013 = CARTESIAN_POINT('',(3.407350428219,-5.566635084795,40.));
#1014 = CARTESIAN_POINT('',(3.471651580956,-5.746840416207,40.));
#1015 = ORIENTED_EDGE('',*,*,#1016,.T.);
#1016 = EDGE_CURVE('',#1009,#1017,#1019,.T.);
#1017 = VERTEX_POINT('',#1018);
#1018 = CARTESIAN_POINT('',(3.596066206317,-5.565689479608,40.));
#1019 = B_SPLINE_CURVE_WITH_KNOTS('',2,(#1020,#1021,#1022),
  .UNSPECIFIED.,.F.,.F.,(3,3),(0.,1.),.PIECEWISE_BEZIER_KNOTS.);
#1020 = CARTESIAN_POINT('',(3.471651580956,-5.746840416207,40.));
#1021 = CARTESIAN_POINT('',(3.521363396518,-5.641202808138,40.));
#1022 = CARTESIAN_POINT('',(3.596066206317,-5.565689479608,40.));
#1023 = ORIENTED_EDGE('',*,*,#1024,.T.);
#1024 = EDGE_CURVE('',#1017,#1025,#1027,.T.);
#1025 = VERTEX_POINT('',#1026);
#1026 = CARTESIAN_POINT('',(3.759926076634,-5.44235554589,40.));
#1027 = B_SPLINE_CURVE_WITH_KNOTS('',2,(#1028,#1029,#1030),
  .UNSPECIFIED.,.F.,.F.,(3,3),(0.,1.),.PIECEWISE_BEZIER_KNOTS.);
#1028 = CARTESIAN_POINT('',(3.596066206317,-5.565689479608,40.));
#1029 = CARTESIAN_POINT('',(3.670769016115,-5.490041064622,40.));
#1030 = CARTESIAN_POINT('',(3.759926076634,-5.44235554589,40.));
#1031 = ORIENTED_EDGE('',*,*,#1032,.T.);
#1032 = EDGE_CURVE('',#1025,#1033,#1035,.T.);
#1033 = VERTEX_POINT('',#1034);
#1034 = CARTESIAN_POINT('',(3.94985763283,-5.371975502663,40.));
#1035 = B_SPLINE_CURVE_WITH_KNOTS('',2,(#1036,#1037,#1038),
  .UNSPECIFIED.,.F.,.F.,(3,3),(0.,1.),.PIECEWISE_BEZIER_KNOTS.);
#1036 = CARTESIAN_POINT('',(3.759926076634,-5.44235554589,40.));
#1037 = CARTESIAN_POINT('',(3.849218223608,-5.394670027158,40.));
#1038 = CARTESIAN_POINT('',(3.94985763283,-5.371975502663,40.));
#1039 = ORIENTED_EDGE('',*,*,#1040,.T.);
#1040 = EDGE_CURVE('',#1033,#1041,#1043,.T.);
#1041 = VERTEX_POINT('',#1042);
#1042 = CARTESIAN_POINT('',(4.152217142916,-5.349145891712,40.));
#1043 = B_SPLINE_CURVE_WITH_KNOTS('',2,(#1044,#1045,#1046),
  .UNSPECIFIED.,.F.,.F.,(3,3),(0.,1.),.PIECEWISE_BEZIER_KNOTS.);
#1044 = CARTESIAN_POINT('',(3.94985763283,-5.371975502663,40.));
#1045 = CARTESIAN_POINT('',(4.050497042052,-5.349145891712,40.));
#1046 = CARTESIAN_POINT('',(4.152217142916,-5.349145891712,40.));
#1047 = ORIENTED_EDGE('',*,*,#1048,.T.);
#1048 = EDGE_CURVE('',#1041,#1049,#1051,.T.);
#1049 = VERTEX_POINT('',#1050);
#1050 = CARTESIAN_POINT('',(4.46548263283,-5.403045387389,40.));
#1051 = B_SPLINE_CURVE_WITH_KNOTS('',2,(#1052,#1053,#1054),
  .UNSPECIFIED.,.F.,.F.,(3,3),(0.,1.),.PIECEWISE_BEZIER_KNOTS.);
#1052 = CARTESIAN_POINT('',(4.152217142916,-5.349145891712,40.));
#1053 = CARTESIAN_POINT('',(4.328504967124,-5.349145891712,40.));
#1054 = CARTESIAN_POINT('',(4.46548263283,-5.403045387389,40.));
#1055 = ORIENTED_EDGE('',*,*,#1056,.T.);
#1056 = EDGE_CURVE('',#1049,#1057,#1059,.T.);
#1057 = VERTEX_POINT('',#1058);
#1058 = CARTESIAN_POINT('',(4.69580503917,-5.560691280761,40.));
#1059 = B_SPLINE_CURVE_WITH_KNOTS('',2,(#1060,#1061,#1062),
  .UNSPECIFIED.,.F.,.F.,(3,3),(0.,1.),.PIECEWISE_BEZIER_KNOTS.);
#1060 = CARTESIAN_POINT('',(4.46548263283,-5.403045387389,40.));
#1061 = CARTESIAN_POINT('',(4.602460298536,-5.456944883066,40.));
#1062 = CARTESIAN_POINT('',(4.69580503917,-5.560691280761,40.));
#1063 = ORIENTED_EDGE('',*,*,#1064,.T.);
#1064 = EDGE_CURVE('',#1057,#1065,#1067,.T.);
#1065 = VERTEX_POINT('',#1066);
#1066 = CARTESIAN_POINT('',(4.837915990178,-5.813843298052,40.));
#1067 = B_SPLINE_CURVE_WITH_KNOTS('',2,(#1068,#1069,#1070),
  .UNSPECIFIED.,.F.,.F.,(3,3),(0.,1.),.PIECEWISE_BEZIER_KNOTS.);
#1068 = CARTESIAN_POINT('',(4.69580503917,-5.560691280761,40.));
#1069 = CARTESIAN_POINT('',(4.789149779804,-5.664437678455,40.));
#1070 = CARTESIAN_POINT('',(4.837915990178,-5.813843298052,40.));
#1071 = ORIENTED_EDGE('',*,*,#1072,.T.);
#1072 = EDGE_CURVE('',#1065,#1073,#1075,.T.);
#1073 = VERTEX_POINT('',#1074);
#1074 = CARTESIAN_POINT('',(4.886682200553,-6.156017289406,40.));
#1075 = B_SPLINE_CURVE_WITH_KNOTS('',2,(#1076,#1077,#1078),
  .UNSPECIFIED.,.F.,.F.,(3,3),(0.,1.),.PIECEWISE_BEZIER_KNOTS.);
#1076 = CARTESIAN_POINT('',(4.837915990178,-5.813843298052,40.));
#1077 = CARTESIAN_POINT('',(4.886682200553,-5.963113831193,40.));
#1078 = CARTESIAN_POINT('',(4.886682200553,-6.156017289406,40.));
#1079 = ORIENTED_EDGE('',*,*,#1080,.T.);
#1080 = EDGE_CURVE('',#1073,#1081,#1083,.T.);
#1081 = VERTEX_POINT('',#1082);
#1082 = CARTESIAN_POINT('',(4.886682200553,-7.510529177014,40.));
#1083 = LINE('',#1084,#1085);
#1084 = CARTESIAN_POINT('',(4.886682200553,-6.156017289406,40.));
#1085 = VECTOR('',#1086,1.);
#1086 = DIRECTION('',(0.,-1.,0.));
#1087 = ORIENTED_EDGE('',*,*,#1088,.T.);
#1088 = EDGE_CURVE('',#1081,#1089,#1091,.T.);
#1089 = VERTEX_POINT('',#1090);
#1090 = CARTESIAN_POINT('',(4.374164189026,-7.510529177014,40.));
#1091 = LINE('',#1092,#1093);
#1092 = CARTESIAN_POINT('',(4.886682200553,-7.510529177014,40.));
#1093 = VECTOR('',#1094,1.);
#1094 = DIRECTION('',(-1.,0.,0.));
#1095 = ORIENTED_EDGE('',*,*,#1096,.T.);
#1096 = EDGE_CURVE('',#1089,#1097,#1099,.T.);
#1097 = VERTEX_POINT('',#1098);
#1098 = CARTESIAN_POINT('',(4.374164189026,-6.15561203004,40.));
#1099 = LINE('',#1100,#1101);
#1100 = CARTESIAN_POINT('',(4.374164189026,-7.510529177014,40.));
#1101 = VECTOR('',#1102,1.);
#1102 = DIRECTION('',(0.,1.,0.));
#1103 = ORIENTED_EDGE('',*,*,#1104,.T.);
#1104 = EDGE_CURVE('',#1097,#1105,#1107,.T.);
#1105 = VERTEX_POINT('',#1106);
#1106 = CARTESIAN_POINT('',(4.284872042052,-5.849641208715,40.));
#1107 = B_SPLINE_CURVE_WITH_KNOTS('',2,(#1108,#1109,#1110),
  .UNSPECIFIED.,.F.,.F.,(3,3),(0.,1.),.PIECEWISE_BEZIER_KNOTS.);
#1108 = CARTESIAN_POINT('',(4.374164189026,-6.15561203004,40.));
#1109 = CARTESIAN_POINT('',(4.374164189026,-5.952306914767,40.));
#1110 = CARTESIAN_POINT('',(4.284872042052,-5.849641208715,40.));
#1111 = ORIENTED_EDGE('',*,*,#1112,.T.);
#1112 = EDGE_CURVE('',#1105,#1113,#1115,.T.);
#1113 = VERTEX_POINT('',#1114);
#1114 = CARTESIAN_POINT('',(4.023614837441,-5.746840416207,40.));
#1115 = B_SPLINE_CURVE_WITH_KNOTS('',2,(#1116,#1117,#1118),
  .UNSPECIFIED.,.F.,.F.,(3,3),(0.,1.),.PIECEWISE_BEZIER_KNOTS.);
#1116 = CARTESIAN_POINT('',(4.284872042052,-5.849641208715,40.));
#1117 = CARTESIAN_POINT('',(4.195714981533,-5.746840416207,40.));
#1118 = CARTESIAN_POINT('',(4.023614837441,-5.746840416207,40.));
#1119 = ORIENTED_EDGE('',*,*,#1120,.T.);
#1120 = EDGE_CURVE('',#1113,#1121,#1123,.T.);
#1121 = VERTEX_POINT('',#1122);
#1122 = CARTESIAN_POINT('',(3.877181119861,-5.773857707274,40.));
#1123 = B_SPLINE_CURVE_WITH_KNOTS('',2,(#1124,#1125,#1126),
  .UNSPECIFIED.,.F.,.F.,(3,3),(0.,1.),.PIECEWISE_BEZIER_KNOTS.);
#1124 = CARTESIAN_POINT('',(4.023614837441,-5.746840416207,40.));
#1125 = CARTESIAN_POINT('',(3.944724347527,-5.746840416207,40.));
#1126 = CARTESIAN_POINT('',(3.877181119861,-5.773857707274,40.));
#1127 = ORIENTED_EDGE('',*,*,#1128,.T.);
#1128 = EDGE_CURVE('',#1121,#1129,#1131,.T.);
#1129 = VERTEX_POINT('',#1130);
#1130 = CARTESIAN_POINT('',(3.758980471446,-5.851667505545,40.));
#1131 = B_SPLINE_CURVE_WITH_KNOTS('',2,(#1132,#1133,#1134),
  .UNSPECIFIED.,.F.,.F.,(3,3),(0.,1.),.PIECEWISE_BEZIER_KNOTS.);
#1132 = CARTESIAN_POINT('',(3.877181119861,-5.773857707274,40.));
#1133 = CARTESIAN_POINT('',(3.809772978651,-5.800739911885,40.));
#1134 = CARTESIAN_POINT('',(3.758980471446,-5.851667505545,40.));
#1135 = ORIENTED_EDGE('',*,*,#1136,.T.);
#1136 = EDGE_CURVE('',#1129,#1137,#1139,.T.);
#1137 = VERTEX_POINT('',#1138);
#1138 = CARTESIAN_POINT('',(3.679144376346,-5.979324205833,40.));
#1139 = B_SPLINE_CURVE_WITH_KNOTS('',2,(#1140,#1141,#1142),
  .UNSPECIFIED.,.F.,.F.,(3,3),(0.,1.),.PIECEWISE_BEZIER_KNOTS.);
#1140 = CARTESIAN_POINT('',(3.758980471446,-5.851667505545,40.));
#1141 = CARTESIAN_POINT('',(3.708187964242,-5.902460012749,40.));
#1142 = CARTESIAN_POINT('',(3.679144376346,-5.979324205833,40.));
#1143 = ORIENTED_EDGE('',*,*,#1144,.T.);
#1144 = EDGE_CURVE('',#1137,#1145,#1147,.T.);
#1145 = VERTEX_POINT('',#1146);
#1146 = CARTESIAN_POINT('',(3.650100788449,-6.15561203004,40.));
#1147 = B_SPLINE_CURVE_WITH_KNOTS('',2,(#1148,#1149,#1150),
  .UNSPECIFIED.,.F.,.F.,(3,3),(0.,1.),.PIECEWISE_BEZIER_KNOTS.);
#1148 = CARTESIAN_POINT('',(3.679144376346,-5.979324205833,40.));
#1149 = CARTESIAN_POINT('',(3.650100788449,-6.056053312461,40.));
#1150 = CARTESIAN_POINT('',(3.650100788449,-6.15561203004,40.));
#1151 = ORIENTED_EDGE('',*,*,#1152,.T.);
#1152 = EDGE_CURVE('',#1145,#1153,#1155,.T.);
#1153 = VERTEX_POINT('',#1154);
#1154 = CARTESIAN_POINT('',(3.650100788449,-7.510529177014,40.));
#1155 = LINE('',#1156,#1157);
#1156 = CARTESIAN_POINT('',(3.650100788449,-6.15561203004,40.));
#1157 = VECTOR('',#1158,1.);
#1158 = DIRECTION('',(0.,-1.,0.));
#1159 = ORIENTED_EDGE('',*,*,#1160,.T.);
#1160 = EDGE_CURVE('',#1153,#1161,#1163,.T.);
#1161 = VERTEX_POINT('',#1162);
#1162 = CARTESIAN_POINT('',(3.135421393637,-7.510529177014,40.));
#1163 = LINE('',#1164,#1165);
#1164 = CARTESIAN_POINT('',(3.650100788449,-7.510529177014,40.));
#1165 = VECTOR('',#1166,1.);
#1166 = DIRECTION('',(-1.,0.,0.));
#1167 = ORIENTED_EDGE('',*,*,#1168,.T.);
#1168 = EDGE_CURVE('',#1161,#1169,#1171,.T.);
#1169 = VERTEX_POINT('',#1170);
#1170 = CARTESIAN_POINT('',(3.135421393637,-6.15561203004,40.));
#1171 = LINE('',#1172,#1173);
#1172 = CARTESIAN_POINT('',(3.135421393637,-7.510529177014,40.));
#1173 = VECTOR('',#1174,1.);
#1174 = DIRECTION('',(0.,1.,0.));
#1175 = ORIENTED_EDGE('',*,*,#1176,.T.);
#1176 = EDGE_CURVE('',#1169,#1177,#1179,.T.);
#1177 = VERTEX_POINT('',#1178);
#1178 = CARTESIAN_POINT('',(3.04937132159,-5.844372836957,40.));
#1179 = B_SPLINE_CURVE_WITH_KNOTS('',2,(#1180,#1181,#1182),
  .UNSPECIFIED.,.F.,.F.,(3,3),(0.,1.),.PIECEWISE_BEZIER_KNOTS.);
#1180 = CARTESIAN_POINT('',(3.135421393637,-6.15561203004,40.));
#1181 = CARTESIAN_POINT('',(3.135421393637,-5.941905257706,40.));
#1182 = CARTESIAN_POINT('',(3.04937132159,-5.844372836957,40.));
#1183 = ORIENTED_EDGE('',*,*,#1184,.T.);
#1184 = EDGE_CURVE('',#1177,#1185,#1187,.T.);
#1185 = VERTEX_POINT('',#1186);
#1186 = CARTESIAN_POINT('',(2.795138612657,-5.746840416207,40.));
#1187 = B_SPLINE_CURVE_WITH_KNOTS('',2,(#1188,#1189,#1190),
  .UNSPECIFIED.,.F.,.F.,(3,3),(0.,1.),.PIECEWISE_BEZIER_KNOTS.);
#1188 = CARTESIAN_POINT('',(3.04937132159,-5.844372836957,40.));
#1189 = CARTESIAN_POINT('',(2.963321249544,-5.746840416207,40.));
#1190 = CARTESIAN_POINT('',(2.795138612657,-5.746840416207,40.));
#1191 = ORIENTED_EDGE('',*,*,#1192,.T.);
#1192 = EDGE_CURVE('',#1185,#1193,#1195,.T.);
#1193 = VERTEX_POINT('',#1194);
#1194 = CARTESIAN_POINT('',(2.58872650891,-5.801955689983,40.));
#1195 = B_SPLINE_CURVE_WITH_KNOTS('',2,(#1196,#1197,#1198),
  .UNSPECIFIED.,.F.,.F.,(3,3),(0.,1.),.PIECEWISE_BEZIER_KNOTS.);
#1196 = CARTESIAN_POINT('',(2.795138612657,-5.746840416207,40.));
#1197 = CARTESIAN_POINT('',(2.685178238017,-5.746840416207,40.));
#1198 = CARTESIAN_POINT('',(2.58872650891,-5.801955689983,40.));
#1199 = ORIENTED_EDGE('',*,*,#1200,.T.);
#1200 = EDGE_CURVE('',#1193,#1201,#1203,.T.);
#1201 = VERTEX_POINT('',#1202);
#1202 = CARTESIAN_POINT('',(2.409196609775,-5.952712174133,40.));
#1203 = B_SPLINE_CURVE_WITH_KNOTS('',2,(#1204,#1205,#1206),
  .UNSPECIFIED.,.F.,.F.,(3,3),(0.,1.),.PIECEWISE_BEZIER_KNOTS.);
#1204 = CARTESIAN_POINT('',(2.58872650891,-5.801955689983,40.));
#1205 = CARTESIAN_POINT('',(2.492274779804,-5.857070963758,40.));
#1206 = CARTESIAN_POINT('',(2.409196609775,-5.952712174133,40.));
#1207 = ORIENTED_EDGE('',*,*,#1208,.T.);
#1208 = EDGE_CURVE('',#1201,#927,#1209,.T.);
#1209 = LINE('',#1210,#1211);
#1210 = CARTESIAN_POINT('',(2.409196609775,-5.952712174133,40.));
#1211 = VECTOR('',#1212,1.);
#1212 = DIRECTION('',(0.,-1.,0.));
#1213 = FACE_BOUND('',#1214,.T.);
#1214 = EDGE_LOOP('',(#1215,#1225,#1233,#1241,#1249,#1257,#1265,#1273,
    #1281,#1289,#1297,#1305,#1313,#1321,#1329,#1337,#1345,#1353,#1361,
    #1369,#1377,#1385,#1393,#1401,#1409,#1417,#1425,#1433,#1441,#1449,
    #1457,#1465,#1473,#1481,#1489,#1497));
#1215 = ORIENTED_EDGE('',*,*,#1216,.T.);
#1216 = EDGE_CURVE('',#1217,#1219,#1221,.T.);
#1217 = VERTEX_POINT('',#1218);
#1218 = CARTESIAN_POINT('',(5.901991998824,-7.510529177014,40.));
#1219 = VERTEX_POINT('',#1220);
#1220 = CARTESIAN_POINT('',(5.389609073752,-7.510529177014,40.));
#1221 = LINE('',#1222,#1223);
#1222 = CARTESIAN_POINT('',(5.901991998824,-7.510529177014,40.));
#1223 = VECTOR('',#1224,1.);
#1224 = DIRECTION('',(-1.,0.,0.));
#1225 = ORIENTED_EDGE('',*,*,#1226,.T.);
#1226 = EDGE_CURVE('',#1219,#1227,#1229,.T.);
#1227 = VERTEX_POINT('',#1228);
#1228 = CARTESIAN_POINT('',(5.389609073752,-5.383728024277,40.));
#1229 = LINE('',#1230,#1231);
#1230 = CARTESIAN_POINT('',(5.389609073752,-7.510529177014,40.));
#1231 = VECTOR('',#1232,1.);
#1232 = DIRECTION('',(0.,1.,0.));
#1233 = ORIENTED_EDGE('',*,*,#1234,.T.);
#1234 = EDGE_CURVE('',#1227,#1235,#1237,.T.);
#1235 = VERTEX_POINT('',#1236);
#1236 = CARTESIAN_POINT('',(5.702874563665,-5.383728024277,40.));
#1237 = LINE('',#1238,#1239);
#1238 = CARTESIAN_POINT('',(5.389609073752,-5.383728024277,40.));
#1239 = VECTOR('',#1240,1.);
#1240 = DIRECTION('',(1.,0.,0.));
#1241 = ORIENTED_EDGE('',*,*,#1242,.T.);
#1242 = EDGE_CURVE('',#1235,#1243,#1245,.T.);
#1243 = VERTEX_POINT('',#1244);
#1244 = CARTESIAN_POINT('',(5.833638252426,-5.477072764911,40.));
#1245 = B_SPLINE_CURVE_WITH_KNOTS('',2,(#1246,#1247,#1248),
  .UNSPECIFIED.,.F.,.F.,(3,3),(0.,1.),.PIECEWISE_BEZIER_KNOTS.);
#1246 = CARTESIAN_POINT('',(5.702874563665,-5.383728024277,40.));
#1247 = CARTESIAN_POINT('',(5.802433281245,-5.383728024277,40.));
#1248 = CARTESIAN_POINT('',(5.833638252426,-5.477072764911,40.));
#1249 = ORIENTED_EDGE('',*,*,#1250,.T.);
#1250 = EDGE_CURVE('',#1243,#1251,#1253,.T.);
#1251 = VERTEX_POINT('',#1252);
#1252 = CARTESIAN_POINT('',(5.866734433982,-5.634583571827,40.));
#1253 = LINE('',#1254,#1255);
#1254 = CARTESIAN_POINT('',(5.833638252426,-5.477072764911,40.));
#1255 = VECTOR('',#1256,1.);
#1256 = DIRECTION('',(0.205629772653,-0.978629856789,0.));
#1257 = ORIENTED_EDGE('',*,*,#1258,.T.);
#1258 = EDGE_CURVE('',#1251,#1259,#1261,.T.);
#1259 = VERTEX_POINT('',#1260);
#1260 = CARTESIAN_POINT('',(5.98398947721,-5.520030257706,40.));
#1261 = B_SPLINE_CURVE_WITH_KNOTS('',2,(#1262,#1263,#1264),
  .UNSPECIFIED.,.F.,.F.,(3,3),(0.,1.),.PIECEWISE_BEZIER_KNOTS.);
#1262 = CARTESIAN_POINT('',(5.866734433982,-5.634583571827,40.));
#1263 = CARTESIAN_POINT('',(5.922795312945,-5.572038543009,40.));
#1264 = CARTESIAN_POINT('',(5.98398947721,-5.520030257706,40.));
#1265 = ORIENTED_EDGE('',*,*,#1266,.T.);
#1266 = EDGE_CURVE('',#1259,#1267,#1269,.T.);
#1267 = VERTEX_POINT('',#1268);
#1268 = CARTESIAN_POINT('',(6.114618079516,-5.430467937821,40.));
#1269 = B_SPLINE_CURVE_WITH_KNOTS('',2,(#1270,#1271,#1272),
  .UNSPECIFIED.,.F.,.F.,(3,3),(0.,1.),.PIECEWISE_BEZIER_KNOTS.);
#1270 = CARTESIAN_POINT('',(5.98398947721,-5.520030257706,40.));
#1271 = CARTESIAN_POINT('',(6.045183641475,-5.467886885948,40.));
#1272 = CARTESIAN_POINT('',(6.114618079516,-5.430467937821,40.));
#1273 = ORIENTED_EDGE('',*,*,#1274,.T.);
#1274 = EDGE_CURVE('',#1267,#1275,#1277,.T.);
#1275 = VERTEX_POINT('',#1276);
#1276 = CARTESIAN_POINT('',(6.264023699112,-5.371029897475,40.));
#1277 = B_SPLINE_CURVE_WITH_KNOTS('',2,(#1278,#1279,#1280),
  .UNSPECIFIED.,.F.,.F.,(3,3),(0.,1.),.PIECEWISE_BEZIER_KNOTS.);
#1278 = CARTESIAN_POINT('',(6.114618079516,-5.430467937821,40.));
#1279 = CARTESIAN_POINT('',(6.184187604011,-5.392913903239,40.));
#1280 = CARTESIAN_POINT('',(6.264023699112,-5.371029897475,40.));
#1281 = ORIENTED_EDGE('',*,*,#1282,.T.);
#1282 = EDGE_CURVE('',#1275,#1283,#1285,.T.);
#1283 = VERTEX_POINT('',#1284);
#1284 = CARTESIAN_POINT('',(6.439501004588,-5.349145891712,40.));
#1285 = B_SPLINE_CURVE_WITH_KNOTS('',2,(#1286,#1287,#1288),
  .UNSPECIFIED.,.F.,.F.,(3,3),(0.,1.),.PIECEWISE_BEZIER_KNOTS.);
#1286 = CARTESIAN_POINT('',(6.264023699112,-5.371029897475,40.));
#1287 = CARTESIAN_POINT('',(6.343994880668,-5.349145891712,40.));
#1288 = CARTESIAN_POINT('',(6.439501004588,-5.349145891712,40.));
#1289 = ORIENTED_EDGE('',*,*,#1290,.T.);
#1290 = EDGE_CURVE('',#1283,#1291,#1293,.T.);
#1291 = VERTEX_POINT('',#1292);
#1292 = CARTESIAN_POINT('',(6.77046282015,-5.457890488254,40.));
#1293 = B_SPLINE_CURVE_WITH_KNOTS('',2,(#1294,#1295,#1296),
  .UNSPECIFIED.,.F.,.F.,(3,3),(0.,1.),.PIECEWISE_BEZIER_KNOTS.);
#1294 = CARTESIAN_POINT('',(6.439501004588,-5.349145891712,40.));
#1295 = CARTESIAN_POINT('',(6.640779823031,-5.349145891712,40.));
#1296 = CARTESIAN_POINT('',(6.77046282015,-5.457890488254,40.));
#1297 = ORIENTED_EDGE('',*,*,#1298,.T.);
#1298 = EDGE_CURVE('',#1291,#1299,#1301,.T.);
#1299 = VERTEX_POINT('',#1300);
#1300 = CARTESIAN_POINT('',(6.964446970005,-5.746840416207,40.));
#1301 = B_SPLINE_CURVE_WITH_KNOTS('',2,(#1302,#1303,#1304),
  .UNSPECIFIED.,.F.,.F.,(3,3),(0.,1.),.PIECEWISE_BEZIER_KNOTS.);
#1302 = CARTESIAN_POINT('',(6.77046282015,-5.457890488254,40.));
#1303 = CARTESIAN_POINT('',(6.900145817268,-5.566635084795,40.));
#1304 = CARTESIAN_POINT('',(6.964446970005,-5.746840416207,40.));
#1305 = ORIENTED_EDGE('',*,*,#1306,.T.);
#1306 = EDGE_CURVE('',#1299,#1307,#1309,.T.);
#1307 = VERTEX_POINT('',#1308);
#1308 = CARTESIAN_POINT('',(7.088861595366,-5.565689479608,40.));
#1309 = B_SPLINE_CURVE_WITH_KNOTS('',2,(#1310,#1311,#1312),
  .UNSPECIFIED.,.F.,.F.,(3,3),(0.,1.),.PIECEWISE_BEZIER_KNOTS.);
#1310 = CARTESIAN_POINT('',(6.964446970005,-5.746840416207,40.));
#1311 = CARTESIAN_POINT('',(7.014158785567,-5.641202808138,40.));
#1312 = CARTESIAN_POINT('',(7.088861595366,-5.565689479608,40.));
#1313 = ORIENTED_EDGE('',*,*,#1314,.T.);
#1314 = EDGE_CURVE('',#1307,#1315,#1317,.T.);
#1315 = VERTEX_POINT('',#1316);
#1316 = CARTESIAN_POINT('',(7.252721465683,-5.44235554589,40.));
#1317 = B_SPLINE_CURVE_WITH_KNOTS('',2,(#1318,#1319,#1320),
  .UNSPECIFIED.,.F.,.F.,(3,3),(0.,1.),.PIECEWISE_BEZIER_KNOTS.);
#1318 = CARTESIAN_POINT('',(7.088861595366,-5.565689479608,40.));
#1319 = CARTESIAN_POINT('',(7.163564405164,-5.490041064622,40.));
#1320 = CARTESIAN_POINT('',(7.252721465683,-5.44235554589,40.));
#1321 = ORIENTED_EDGE('',*,*,#1322,.T.);
#1322 = EDGE_CURVE('',#1315,#1323,#1325,.T.);
#1323 = VERTEX_POINT('',#1324);
#1324 = CARTESIAN_POINT('',(7.442653021879,-5.371975502663,40.));
#1325 = B_SPLINE_CURVE_WITH_KNOTS('',2,(#1326,#1327,#1328),
  .UNSPECIFIED.,.F.,.F.,(3,3),(0.,1.),.PIECEWISE_BEZIER_KNOTS.);
#1326 = CARTESIAN_POINT('',(7.252721465683,-5.44235554589,40.));
#1327 = CARTESIAN_POINT('',(7.342013612657,-5.394670027158,40.));
#1328 = CARTESIAN_POINT('',(7.442653021879,-5.371975502663,40.));
#1329 = ORIENTED_EDGE('',*,*,#1330,.T.);
#1330 = EDGE_CURVE('',#1323,#1331,#1333,.T.);
#1331 = VERTEX_POINT('',#1332);
#1332 = CARTESIAN_POINT('',(7.645012531965,-5.349145891712,40.));
#1333 = B_SPLINE_CURVE_WITH_KNOTS('',2,(#1334,#1335,#1336),
  .UNSPECIFIED.,.F.,.F.,(3,3),(0.,1.),.PIECEWISE_BEZIER_KNOTS.);
#1334 = CARTESIAN_POINT('',(7.442653021879,-5.371975502663,40.));
#1335 = CARTESIAN_POINT('',(7.543292431101,-5.349145891712,40.));
#1336 = CARTESIAN_POINT('',(7.645012531965,-5.349145891712,40.));
#1337 = ORIENTED_EDGE('',*,*,#1338,.T.);
#1338 = EDGE_CURVE('',#1331,#1339,#1341,.T.);
#1339 = VERTEX_POINT('',#1340);
#1340 = CARTESIAN_POINT('',(7.958278021879,-5.403045387389,40.));
#1341 = B_SPLINE_CURVE_WITH_KNOTS('',2,(#1342,#1343,#1344),
  .UNSPECIFIED.,.F.,.F.,(3,3),(0.,1.),.PIECEWISE_BEZIER_KNOTS.);
#1342 = CARTESIAN_POINT('',(7.645012531965,-5.349145891712,40.));
#1343 = CARTESIAN_POINT('',(7.821300356173,-5.349145891712,40.));
#1344 = CARTESIAN_POINT('',(7.958278021879,-5.403045387389,40.));
#1345 = ORIENTED_EDGE('',*,*,#1346,.T.);
#1346 = EDGE_CURVE('',#1339,#1347,#1349,.T.);
#1347 = VERTEX_POINT('',#1348);
#1348 = CARTESIAN_POINT('',(8.188600428219,-5.560691280761,40.));
#1349 = B_SPLINE_CURVE_WITH_KNOTS('',2,(#1350,#1351,#1352),
  .UNSPECIFIED.,.F.,.F.,(3,3),(0.,1.),.PIECEWISE_BEZIER_KNOTS.);
#1350 = CARTESIAN_POINT('',(7.958278021879,-5.403045387389,40.));
#1351 = CARTESIAN_POINT('',(8.095255687585,-5.456944883066,40.));
#1352 = CARTESIAN_POINT('',(8.188600428219,-5.560691280761,40.));
#1353 = ORIENTED_EDGE('',*,*,#1354,.T.);
#1354 = EDGE_CURVE('',#1347,#1355,#1357,.T.);
#1355 = VERTEX_POINT('',#1356);
#1356 = CARTESIAN_POINT('',(8.330711379227,-5.813843298052,40.));
#1357 = B_SPLINE_CURVE_WITH_KNOTS('',2,(#1358,#1359,#1360),
  .UNSPECIFIED.,.F.,.F.,(3,3),(0.,1.),.PIECEWISE_BEZIER_KNOTS.);
#1358 = CARTESIAN_POINT('',(8.188600428219,-5.560691280761,40.));
#1359 = CARTESIAN_POINT('',(8.281945168853,-5.664437678455,40.));
#1360 = CARTESIAN_POINT('',(8.330711379227,-5.813843298052,40.));
#1361 = ORIENTED_EDGE('',*,*,#1362,.T.);
#1362 = EDGE_CURVE('',#1355,#1363,#1365,.T.);
#1363 = VERTEX_POINT('',#1364);
#1364 = CARTESIAN_POINT('',(8.379477589602,-6.156017289406,40.));
#1365 = B_SPLINE_CURVE_WITH_KNOTS('',2,(#1366,#1367,#1368),
  .UNSPECIFIED.,.F.,.F.,(3,3),(0.,1.),.PIECEWISE_BEZIER_KNOTS.);
#1366 = CARTESIAN_POINT('',(8.330711379227,-5.813843298052,40.));
#1367 = CARTESIAN_POINT('',(8.379477589602,-5.963113831193,40.));
#1368 = CARTESIAN_POINT('',(8.379477589602,-6.156017289406,40.));
#1369 = ORIENTED_EDGE('',*,*,#1370,.T.);
#1370 = EDGE_CURVE('',#1363,#1371,#1373,.T.);
#1371 = VERTEX_POINT('',#1372);
#1372 = CARTESIAN_POINT('',(8.379477589602,-7.510529177014,40.));
#1373 = LINE('',#1374,#1375);
#1374 = CARTESIAN_POINT('',(8.379477589602,-6.156017289406,40.));
#1375 = VECTOR('',#1376,1.);
#1376 = DIRECTION('',(0.,-1.,0.));
#1377 = ORIENTED_EDGE('',*,*,#1378,.T.);
#1378 = EDGE_CURVE('',#1371,#1379,#1381,.T.);
#1379 = VERTEX_POINT('',#1380);
#1380 = CARTESIAN_POINT('',(7.866959578075,-7.510529177014,40.));
#1381 = LINE('',#1382,#1383);
#1382 = CARTESIAN_POINT('',(8.379477589602,-7.510529177014,40.));
#1383 = VECTOR('',#1384,1.);
#1384 = DIRECTION('',(-1.,0.,0.));
#1385 = ORIENTED_EDGE('',*,*,#1386,.T.);
#1386 = EDGE_CURVE('',#1379,#1387,#1389,.T.);
#1387 = VERTEX_POINT('',#1388);
#1388 = CARTESIAN_POINT('',(7.866959578075,-6.15561203004,40.));
#1389 = LINE('',#1390,#1391);
#1390 = CARTESIAN_POINT('',(7.866959578075,-7.510529177014,40.));
#1391 = VECTOR('',#1392,1.);
#1392 = DIRECTION('',(0.,1.,0.));
#1393 = ORIENTED_EDGE('',*,*,#1394,.T.);
#1394 = EDGE_CURVE('',#1387,#1395,#1397,.T.);
#1395 = VERTEX_POINT('',#1396);
#1396 = CARTESIAN_POINT('',(7.777667431101,-5.849641208715,40.));
#1397 = B_SPLINE_CURVE_WITH_KNOTS('',2,(#1398,#1399,#1400),
  .UNSPECIFIED.,.F.,.F.,(3,3),(0.,1.),.PIECEWISE_BEZIER_KNOTS.);
#1398 = CARTESIAN_POINT('',(7.866959578075,-6.15561203004,40.));
#1399 = CARTESIAN_POINT('',(7.866959578075,-5.952306914767,40.));
#1400 = CARTESIAN_POINT('',(7.777667431101,-5.849641208715,40.));
#1401 = ORIENTED_EDGE('',*,*,#1402,.T.);
#1402 = EDGE_CURVE('',#1395,#1403,#1405,.T.);
#1403 = VERTEX_POINT('',#1404);
#1404 = CARTESIAN_POINT('',(7.51641022649,-5.746840416207,40.));
#1405 = B_SPLINE_CURVE_WITH_KNOTS('',2,(#1406,#1407,#1408),
  .UNSPECIFIED.,.F.,.F.,(3,3),(0.,1.),.PIECEWISE_BEZIER_KNOTS.);
#1406 = CARTESIAN_POINT('',(7.777667431101,-5.849641208715,40.));
#1407 = CARTESIAN_POINT('',(7.688510370582,-5.746840416207,40.));
#1408 = CARTESIAN_POINT('',(7.51641022649,-5.746840416207,40.));
#1409 = ORIENTED_EDGE('',*,*,#1410,.T.);
#1410 = EDGE_CURVE('',#1403,#1411,#1413,.T.);
#1411 = VERTEX_POINT('',#1412);
#1412 = CARTESIAN_POINT('',(7.36997650891,-5.773857707274,40.));
#1413 = B_SPLINE_CURVE_WITH_KNOTS('',2,(#1414,#1415,#1416),
  .UNSPECIFIED.,.F.,.F.,(3,3),(0.,1.),.PIECEWISE_BEZIER_KNOTS.);
#1414 = CARTESIAN_POINT('',(7.51641022649,-5.746840416207,40.));
#1415 = CARTESIAN_POINT('',(7.437519736576,-5.746840416207,40.));
#1416 = CARTESIAN_POINT('',(7.36997650891,-5.773857707274,40.));
#1417 = ORIENTED_EDGE('',*,*,#1418,.T.);
#1418 = EDGE_CURVE('',#1411,#1419,#1421,.T.);
#1419 = VERTEX_POINT('',#1420);
#1420 = CARTESIAN_POINT('',(7.251775860495,-5.851667505545,40.));
#1421 = B_SPLINE_CURVE_WITH_KNOTS('',2,(#1422,#1423,#1424),
  .UNSPECIFIED.,.F.,.F.,(3,3),(0.,1.),.PIECEWISE_BEZIER_KNOTS.);
#1422 = CARTESIAN_POINT('',(7.36997650891,-5.773857707274,40.));
#1423 = CARTESIAN_POINT('',(7.3025683677,-5.800739911885,40.));
#1424 = CARTESIAN_POINT('',(7.251775860495,-5.851667505545,40.));
#1425 = ORIENTED_EDGE('',*,*,#1426,.T.);
#1426 = EDGE_CURVE('',#1419,#1427,#1429,.T.);
#1427 = VERTEX_POINT('',#1428);
#1428 = CARTESIAN_POINT('',(7.171939765395,-5.979324205833,40.));
#1429 = B_SPLINE_CURVE_WITH_KNOTS('',2,(#1430,#1431,#1432),
  .UNSPECIFIED.,.F.,.F.,(3,3),(0.,1.),.PIECEWISE_BEZIER_KNOTS.);
#1430 = CARTESIAN_POINT('',(7.251775860495,-5.851667505545,40.));
#1431 = CARTESIAN_POINT('',(7.200983353291,-5.902460012749,40.));
#1432 = CARTESIAN_POINT('',(7.171939765395,-5.979324205833,40.));
#1433 = ORIENTED_EDGE('',*,*,#1434,.T.);
#1434 = EDGE_CURVE('',#1427,#1435,#1437,.T.);
#1435 = VERTEX_POINT('',#1436);
#1436 = CARTESIAN_POINT('',(7.142896177498,-6.15561203004,40.));
#1437 = B_SPLINE_CURVE_WITH_KNOTS('',2,(#1438,#1439,#1440),
  .UNSPECIFIED.,.F.,.F.,(3,3),(0.,1.),.PIECEWISE_BEZIER_KNOTS.);
#1438 = CARTESIAN_POINT('',(7.171939765395,-5.979324205833,40.));
#1439 = CARTESIAN_POINT('',(7.142896177498,-6.056053312461,40.));
#1440 = CARTESIAN_POINT('',(7.142896177498,-6.15561203004,40.));
#1441 = ORIENTED_EDGE('',*,*,#1442,.T.);
#1442 = EDGE_CURVE('',#1435,#1443,#1445,.T.);
#1443 = VERTEX_POINT('',#1444);
#1444 = CARTESIAN_POINT('',(7.142896177498,-7.510529177014,40.));
#1445 = LINE('',#1446,#1447);
#1446 = CARTESIAN_POINT('',(7.142896177498,-6.15561203004,40.));
#1447 = VECTOR('',#1448,1.);
#1448 = DIRECTION('',(0.,-1.,0.));
#1449 = ORIENTED_EDGE('',*,*,#1450,.T.);
#1450 = EDGE_CURVE('',#1443,#1451,#1453,.T.);
#1451 = VERTEX_POINT('',#1452);
#1452 = CARTESIAN_POINT('',(6.628216782686,-7.510529177014,40.));
#1453 = LINE('',#1454,#1455);
#1454 = CARTESIAN_POINT('',(7.142896177498,-7.510529177014,40.));
#1455 = VECTOR('',#1456,1.);
#1456 = DIRECTION('',(-1.,0.,0.));
#1457 = ORIENTED_EDGE('',*,*,#1458,.T.);
#1458 = EDGE_CURVE('',#1451,#1459,#1461,.T.);
#1459 = VERTEX_POINT('',#1460);
#1460 = CARTESIAN_POINT('',(6.628216782686,-6.15561203004,40.));
#1461 = LINE('',#1462,#1463);
#1462 = CARTESIAN_POINT('',(6.628216782686,-7.510529177014,40.));
#1463 = VECTOR('',#1464,1.);
#1464 = DIRECTION('',(0.,1.,0.));
#1465 = ORIENTED_EDGE('',*,*,#1466,.T.);
#1466 = EDGE_CURVE('',#1459,#1467,#1469,.T.);
#1467 = VERTEX_POINT('',#1468);
#1468 = CARTESIAN_POINT('',(6.542166710639,-5.844372836957,40.));
#1469 = B_SPLINE_CURVE_WITH_KNOTS('',2,(#1470,#1471,#1472),
  .UNSPECIFIED.,.F.,.F.,(3,3),(0.,1.),.PIECEWISE_BEZIER_KNOTS.);
#1470 = CARTESIAN_POINT('',(6.628216782686,-6.15561203004,40.));
#1471 = CARTESIAN_POINT('',(6.628216782686,-5.941905257706,40.));
#1472 = CARTESIAN_POINT('',(6.542166710639,-5.844372836957,40.));
#1473 = ORIENTED_EDGE('',*,*,#1474,.T.);
#1474 = EDGE_CURVE('',#1467,#1475,#1477,.T.);
#1475 = VERTEX_POINT('',#1476);
#1476 = CARTESIAN_POINT('',(6.287934001706,-5.746840416207,40.));
#1477 = B_SPLINE_CURVE_WITH_KNOTS('',2,(#1478,#1479,#1480),
  .UNSPECIFIED.,.F.,.F.,(3,3),(0.,1.),.PIECEWISE_BEZIER_KNOTS.);
#1478 = CARTESIAN_POINT('',(6.542166710639,-5.844372836957,40.));
#1479 = CARTESIAN_POINT('',(6.456116638593,-5.746840416207,40.));
#1480 = CARTESIAN_POINT('',(6.287934001706,-5.746840416207,40.));
#1481 = ORIENTED_EDGE('',*,*,#1482,.T.);
#1482 = EDGE_CURVE('',#1475,#1483,#1485,.T.);
#1483 = VERTEX_POINT('',#1484);
#1484 = CARTESIAN_POINT('',(6.081521897959,-5.801955689983,40.));
#1485 = B_SPLINE_CURVE_WITH_KNOTS('',2,(#1486,#1487,#1488),
  .UNSPECIFIED.,.F.,.F.,(3,3),(0.,1.),.PIECEWISE_BEZIER_KNOTS.);
#1486 = CARTESIAN_POINT('',(6.287934001706,-5.746840416207,40.));
#1487 = CARTESIAN_POINT('',(6.177973627066,-5.746840416207,40.));
#1488 = CARTESIAN_POINT('',(6.081521897959,-5.801955689983,40.));
#1489 = ORIENTED_EDGE('',*,*,#1490,.T.);
#1490 = EDGE_CURVE('',#1483,#1491,#1493,.T.);
#1491 = VERTEX_POINT('',#1492);
#1492 = CARTESIAN_POINT('',(5.901991998824,-5.952712174133,40.));
#1493 = B_SPLINE_CURVE_WITH_KNOTS('',2,(#1494,#1495,#1496),
  .UNSPECIFIED.,.F.,.F.,(3,3),(0.,1.),.PIECEWISE_BEZIER_KNOTS.);
#1494 = CARTESIAN_POINT('',(6.081521897959,-5.801955689983,40.));
#1495 = CARTESIAN_POINT('',(5.985070168853,-5.857070963758,40.));
#1496 = CARTESIAN_POINT('',(5.901991998824,-5.952712174133,40.));
#1497 = ORIENTED_EDGE('',*,*,#1498,.T.);
#1498 = EDGE_CURVE('',#1491,#1217,#1499,.T.);
#1499 = LINE('',#1500,#1501);
#1500 = CARTESIAN_POINT('',(5.901991998824,-5.952712174133,40.));
#1501 = VECTOR('',#1502,1.);
#1502 = DIRECTION('',(0.,-1.,0.));
#1503 = FACE_BOUND('',#1504,.T.);
#1504 = EDGE_LOOP('',(#1505,#1515,#1523,#1531));
#1505 = ORIENTED_EDGE('',*,*,#1506,.T.);
#1506 = EDGE_CURVE('',#1507,#1509,#1511,.T.);
#1507 = VERTEX_POINT('',#1508);
#1508 = CARTESIAN_POINT('',(-3.144089589561,1.786290071687,40.));
#1509 = VERTEX_POINT('',#1510);
#1510 = CARTESIAN_POINT('',(-2.289892903682,1.786290071687,40.));
#1511 = LINE('',#1512,#1513);
#1512 = CARTESIAN_POINT('',(-3.144089589561,1.786290071687,40.));
#1513 = VECTOR('',#1514,1.);
#1514 = DIRECTION('',(1.,0.,0.));
#1515 = ORIENTED_EDGE('',*,*,#1516,.T.);
#1516 = EDGE_CURVE('',#1509,#1517,#1519,.T.);
#1517 = VERTEX_POINT('',#1518);
#1518 = CARTESIAN_POINT('',(-2.289892903682,-1.758378516209,40.));
#1519 = LINE('',#1520,#1521);
#1520 = CARTESIAN_POINT('',(-2.289892903682,1.786290071687,40.));
#1521 = VECTOR('',#1522,1.);
#1522 = DIRECTION('',(0.,-1.,0.));
#1523 = ORIENTED_EDGE('',*,*,#1524,.T.);
#1524 = EDGE_CURVE('',#1517,#1525,#1527,.T.);
#1525 = VERTEX_POINT('',#1526);
#1526 = CARTESIAN_POINT('',(-3.144089589561,-1.758378516209,40.));
#1527 = LINE('',#1528,#1529);
#1528 = CARTESIAN_POINT('',(-2.289892903682,-1.758378516209,40.));
#1529 = VECTOR('',#1530,1.);
#1530 = DIRECTION('',(-1.,0.,0.));
#1531 = ORIENTED_EDGE('',*,*,#1532,.T.);
#1532 = EDGE_CURVE('',#1525,#1507,#1533,.T.);
#1533 = LINE('',#1534,#1535);
#1534 = CARTESIAN_POINT('',(-3.144089589561,-1.758378516209,40.));
#1535 = VECTOR('',#1536,1.);
#1536 = DIRECTION('',(0.,1.,0.));
#1537 = FACE_BOUND('',#1538,.T.);
#1538 = EDGE_LOOP('',(#1539,#1549,#1557,#1565,#1573,#1581,#1589,#1597,
    #1605,#1613,#1621,#1629,#1637,#1645,#1653,#1661,#1669,#1677,#1685,
    #1693,#1701,#1709,#1717,#1725,#1733,#1741,#1749,#1757,#1765,#1773,
    #1781,#1789,#1797,#1805,#1813,#1821,#1829,#1837,#1845,#1853,#1861,
    #1869,#1877,#1885,#1893,#1901,#1909,#1917,#1925,#1933));
#1539 = ORIENTED_EDGE('',*,*,#1540,.T.);
#1540 = EDGE_CURVE('',#1541,#1543,#1545,.T.);
#1541 = VERTEX_POINT('',#1542);
#1542 = CARTESIAN_POINT('',(0.973570713032,1.404670835376,40.));
#1543 = VERTEX_POINT('',#1544);
#1544 = CARTESIAN_POINT('',(0.779946793724,1.099600590419,40.));
#1545 = LINE('',#1546,#1547);
#1546 = CARTESIAN_POINT('',(0.973570713032,1.404670835376,40.));
#1547 = VECTOR('',#1548,1.);
#1548 = DIRECTION('',(-0.535867150975,-0.844302313455,0.));
#1549 = ORIENTED_EDGE('',*,*,#1550,.T.);
#1550 = EDGE_CURVE('',#1543,#1551,#1553,.T.);
#1551 = VERTEX_POINT('',#1552);
#1552 = CARTESIAN_POINT('',(0.707225251937,1.022376166788,40.));
#1553 = B_SPLINE_CURVE_WITH_KNOTS('',2,(#1554,#1555,#1556),
  .UNSPECIFIED.,.F.,.F.,(3,3),(0.,1.),.PIECEWISE_BEZIER_KNOTS.);
#1554 = CARTESIAN_POINT('',(0.779946793724,1.099600590419,40.));
#1555 = CARTESIAN_POINT('',(0.745274603522,1.044665431918,40.));
#1556 = CARTESIAN_POINT('',(0.707225251937,1.022376166788,40.));
#1557 = ORIENTED_EDGE('',*,*,#1558,.T.);
#1558 = EDGE_CURVE('',#1551,#1559,#1561,.T.);
#1559 = VERTEX_POINT('',#1560);
#1560 = CARTESIAN_POINT('',(0.610413292283,1.000086901659,40.));
#1561 = B_SPLINE_CURVE_WITH_KNOTS('',2,(#1562,#1563,#1564),
  .UNSPECIFIED.,.F.,.F.,(3,3),(0.,1.),.PIECEWISE_BEZIER_KNOTS.);
#1562 = CARTESIAN_POINT('',(0.707225251937,1.022376166788,40.));
#1563 = CARTESIAN_POINT('',(0.669175900352,1.000086901659,40.));
#1564 = CARTESIAN_POINT('',(0.610413292283,1.000086901659,40.));
#1565 = ORIENTED_EDGE('',*,*,#1566,.T.);
#1566 = EDGE_CURVE('',#1559,#1567,#1569,.T.);
#1567 = VERTEX_POINT('',#1568);
#1568 = CARTESIAN_POINT('',(0.477353133782,1.034533947768,40.));
#1569 = B_SPLINE_CURVE_WITH_KNOTS('',2,(#1570,#1571,#1572),
  .UNSPECIFIED.,.F.,.F.,(3,3),(0.,1.),.PIECEWISE_BEZIER_KNOTS.);
#1570 = CARTESIAN_POINT('',(0.610413292283,1.000086901659,40.));
#1571 = CARTESIAN_POINT('',(0.548273522831,1.000086901659,40.));
#1572 = CARTESIAN_POINT('',(0.477353133782,1.034533947768,40.));
#1573 = ORIENTED_EDGE('',*,*,#1574,.T.);
#1574 = EDGE_CURVE('',#1567,#1575,#1577,.T.);
#1575 = VERTEX_POINT('',#1576);
#1576 = CARTESIAN_POINT('',(0.312997946462,1.112208659584,40.));
#1577 = B_SPLINE_CURVE_WITH_KNOTS('',2,(#1578,#1579,#1580),
  .UNSPECIFIED.,.F.,.F.,(3,3),(0.,1.),.PIECEWISE_BEZIER_KNOTS.);
#1578 = CARTESIAN_POINT('',(0.477353133782,1.034533947768,40.));
#1579 = CARTESIAN_POINT('',(0.406432744733,1.068980993878,40.));
#1580 = CARTESIAN_POINT('',(0.312997946462,1.112208659584,40.));
#1581 = ORIENTED_EDGE('',*,*,#1582,.T.);
#1582 = EDGE_CURVE('',#1575,#1583,#1585,.T.);
#1583 = VERTEX_POINT('',#1584);
#1584 = CARTESIAN_POINT('',(0.100236779315,1.189883371399,40.));
#1585 = B_SPLINE_CURVE_WITH_KNOTS('',2,(#1586,#1587,#1588),
  .UNSPECIFIED.,.F.,.F.,(3,3),(0.,1.),.PIECEWISE_BEZIER_KNOTS.);
#1586 = CARTESIAN_POINT('',(0.312997946462,1.112208659584,40.));
#1587 = CARTESIAN_POINT('',(0.219563148191,1.15543632529,40.));
#1588 = CARTESIAN_POINT('',(0.100236779315,1.189883371399,40.));
#1589 = ORIENTED_EDGE('',*,*,#1590,.T.);
#1590 = EDGE_CURVE('',#1583,#1591,#1593,.T.);
#1591 = VERTEX_POINT('',#1592);
#1592 = CARTESIAN_POINT('',(-0.181418480051,1.224330417509,40.));
#1593 = B_SPLINE_CURVE_WITH_KNOTS('',2,(#1594,#1595,#1596),
  .UNSPECIFIED.,.F.,.F.,(3,3),(0.,1.),.PIECEWISE_BEZIER_KNOTS.);
#1594 = CARTESIAN_POINT('',(0.100236779315,1.189883371399,40.));
#1595 = CARTESIAN_POINT('',(-1.886444546907E-02,1.224330417509,40.));
#1596 = CARTESIAN_POINT('',(-0.181418480051,1.224330417509,40.));
#1597 = ORIENTED_EDGE('',*,*,#1598,.T.);
#1598 = EDGE_CURVE('',#1591,#1599,#1601,.T.);
#1599 = VERTEX_POINT('',#1600);
#1600 = CARTESIAN_POINT('',(-0.579248091002,1.11693668552,40.));
#1601 = B_SPLINE_CURVE_WITH_KNOTS('',2,(#1602,#1603,#1604),
  .UNSPECIFIED.,.F.,.F.,(3,3),(0.,1.),.PIECEWISE_BEZIER_KNOTS.);
#1602 = CARTESIAN_POINT('',(-0.181418480051,1.224330417509,40.));
#1603 = CARTESIAN_POINT('',(-0.434030151521,1.224330417509,40.));
#1604 = CARTESIAN_POINT('',(-0.579248091002,1.11693668552,40.));
#1605 = ORIENTED_EDGE('',*,*,#1606,.T.);
#1606 = EDGE_CURVE('',#1599,#1607,#1609,.T.);
#1607 = VERTEX_POINT('',#1608);
#1608 = CARTESIAN_POINT('',(-0.724466030483,0.836407146615,40.));
#1609 = B_SPLINE_CURVE_WITH_KNOTS('',2,(#1610,#1611,#1612),
  .UNSPECIFIED.,.F.,.F.,(3,3),(0.,1.),.PIECEWISE_BEZIER_KNOTS.);
#1610 = CARTESIAN_POINT('',(-0.579248091002,1.11693668552,40.));
#1611 = CARTESIAN_POINT('',(-0.724466030483,1.009542953532,40.));
#1612 = CARTESIAN_POINT('',(-0.724466030483,0.836407146615,40.));
#1613 = ORIENTED_EDGE('',*,*,#1614,.T.);
#1614 = EDGE_CURVE('',#1607,#1615,#1617,.T.);
#1615 = VERTEX_POINT('',#1616);
#1616 = CARTESIAN_POINT('',(-0.650168480051,0.644359235953,40.));
#1617 = B_SPLINE_CURVE_WITH_KNOTS('',2,(#1618,#1619,#1620),
  .UNSPECIFIED.,.F.,.F.,(3,3),(0.,1.),.PIECEWISE_BEZIER_KNOTS.);
#1618 = CARTESIAN_POINT('',(-0.724466030483,0.836407146615,40.));
#1619 = CARTESIAN_POINT('',(-0.724466030483,0.72225909186,40.));
#1620 = CARTESIAN_POINT('',(-0.650168480051,0.644359235953,40.));
#1621 = ORIENTED_EDGE('',*,*,#1622,.T.);
#1622 = EDGE_CURVE('',#1615,#1623,#1625,.T.);
#1623 = VERTEX_POINT('',#1624);
#1624 = CARTESIAN_POINT('',(-0.452942255267,0.507471627883,40.));
#1625 = B_SPLINE_CURVE_WITH_KNOTS('',2,(#1626,#1627,#1628),
  .UNSPECIFIED.,.F.,.F.,(3,3),(0.,1.),.PIECEWISE_BEZIER_KNOTS.);
#1626 = CARTESIAN_POINT('',(-0.650168480051,0.644359235953,40.));
#1627 = CARTESIAN_POINT('',(-0.575645785527,0.566459380045,40.));
#1628 = CARTESIAN_POINT('',(-0.452942255267,0.507471627883,40.));
#1629 = ORIENTED_EDGE('',*,*,#1630,.T.);
#1630 = EDGE_CURVE('',#1623,#1631,#1633,.T.);
#1631 = VERTEX_POINT('',#1632);
#1632 = CARTESIAN_POINT('',(-0.174664157285,0.401879048633,40.));
#1633 = B_SPLINE_CURVE_WITH_KNOTS('',2,(#1634,#1635,#1636),
  .UNSPECIFIED.,.F.,.F.,(3,3),(0.,1.),.PIECEWISE_BEZIER_KNOTS.);
#1634 = CARTESIAN_POINT('',(-0.452942255267,0.507471627883,40.));
#1635 = CARTESIAN_POINT('',(-0.330238725008,0.448709019814,40.));
#1636 = CARTESIAN_POINT('',(-0.174664157285,0.401879048633,40.));
#1637 = ORIENTED_EDGE('',*,*,#1638,.T.);
#1638 = EDGE_CURVE('',#1631,#1639,#1641,.T.);
#1639 = VERTEX_POINT('',#1640);
#1640 = CARTESIAN_POINT('',(0.143464445021,0.299663630765,40.));
#1641 = B_SPLINE_CURVE_WITH_KNOTS('',2,(#1642,#1643,#1644),
  .UNSPECIFIED.,.F.,.F.,(3,3),(0.,1.),.PIECEWISE_BEZIER_KNOTS.);
#1642 = CARTESIAN_POINT('',(-0.174664157285,0.401879048633,40.));
#1643 = CARTESIAN_POINT('',(-1.886444546907E-02,0.355274221543,40.));
#1644 = CARTESIAN_POINT('',(0.143464445021,0.299663630765,40.));
#1645 = ORIENTED_EDGE('',*,*,#1646,.T.);
#1646 = EDGE_CURVE('',#1639,#1647,#1649,.T.);
#1647 = VERTEX_POINT('',#1648);
#1648 = CARTESIAN_POINT('',(0.461593047326,0.17335779503,40.));
#1649 = B_SPLINE_CURVE_WITH_KNOTS('',2,(#1650,#1651,#1652),
  .UNSPECIFIED.,.F.,.F.,(3,3),(0.,1.),.PIECEWISE_BEZIER_KNOTS.);
#1650 = CARTESIAN_POINT('',(0.143464445021,0.299663630765,40.));
#1651 = CARTESIAN_POINT('',(0.306018479603,0.244278184079,40.));
#1652 = CARTESIAN_POINT('',(0.461593047326,0.17335779503,40.));
#1653 = ORIENTED_EDGE('',*,*,#1654,.T.);
#1654 = EDGE_CURVE('',#1647,#1655,#1657,.T.);
#1655 = VERTEX_POINT('',#1656);
#1656 = CARTESIAN_POINT('',(0.740096289401,-6.757478744905E-03,40.));
#1657 = B_SPLINE_CURVE_WITH_KNOTS('',2,(#1658,#1659,#1660),
  .UNSPECIFIED.,.F.,.F.,(3,3),(0.,1.),.PIECEWISE_BEZIER_KNOTS.);
#1658 = CARTESIAN_POINT('',(0.461593047326,0.17335779503,40.));
#1659 = CARTESIAN_POINT('',(0.617392759142,0.102437405981,40.));
#1660 = CARTESIAN_POINT('',(0.740096289401,-6.757478744905E-03,40.));
#1661 = ORIENTED_EDGE('',*,*,#1662,.T.);
#1662 = EDGE_CURVE('',#1655,#1663,#1665,.T.);
#1663 = VERTEX_POINT('',#1664);
#1664 = CARTESIAN_POINT('',(0.937097370093,-0.268149769811,40.));
#1665 = B_SPLINE_CURVE_WITH_KNOTS('',2,(#1666,#1667,#1668),
  .UNSPECIFIED.,.F.,.F.,(3,3),(0.,1.),.PIECEWISE_BEZIER_KNOTS.);
#1666 = CARTESIAN_POINT('',(0.740096289401,-6.757478744905E-03,40.));
#1667 = CARTESIAN_POINT('',(0.862799819661,-0.115727219379,40.));
#1668 = CARTESIAN_POINT('',(0.937097370093,-0.268149769811,40.));
#1669 = ORIENTED_EDGE('',*,*,#1670,.T.);
#1670 = EDGE_CURVE('',#1663,#1671,#1673,.T.);
#1671 = VERTEX_POINT('',#1672);
#1672 = CARTESIAN_POINT('',(1.011620064617,-0.635134640128,40.));
#1673 = B_SPLINE_CURVE_WITH_KNOTS('',2,(#1674,#1675,#1676),
  .UNSPECIFIED.,.F.,.F.,(3,3),(0.,1.),.PIECEWISE_BEZIER_KNOTS.);
#1674 = CARTESIAN_POINT('',(0.937097370093,-0.268149769811,40.));
#1675 = CARTESIAN_POINT('',(1.011620064617,-0.420572320243,40.));
#1676 = CARTESIAN_POINT('',(1.011620064617,-0.635134640128,40.));
#1677 = ORIENTED_EDGE('',*,*,#1678,.T.);
#1678 = EDGE_CURVE('',#1671,#1679,#1681,.T.);
#1679 = VERTEX_POINT('',#1680);
#1680 = CARTESIAN_POINT('',(0.918185266346,-1.107937233788,40.));
#1681 = B_SPLINE_CURVE_WITH_KNOTS('',2,(#1682,#1683,#1684),
  .UNSPECIFIED.,.F.,.F.,(3,3),(0.,1.),.PIECEWISE_BEZIER_KNOTS.);
#1682 = CARTESIAN_POINT('',(1.011620064617,-0.635134640128,40.));
#1683 = CARTESIAN_POINT('',(1.011620064617,-0.891348617073,40.));
#1684 = CARTESIAN_POINT('',(0.918185266346,-1.107937233788,40.));
#1685 = ORIENTED_EDGE('',*,*,#1686,.T.);
#1686 = EDGE_CURVE('',#1679,#1687,#1689,.T.);
#1687 = VERTEX_POINT('',#1688);
#1688 = CARTESIAN_POINT('',(0.644860338393,-1.481901570964,40.));
#1689 = B_SPLINE_CURVE_WITH_KNOTS('',2,(#1690,#1691,#1692),
  .UNSPECIFIED.,.F.,.F.,(3,3),(0.,1.),.PIECEWISE_BEZIER_KNOTS.);
#1690 = CARTESIAN_POINT('',(0.918185266346,-1.107937233788,40.));
#1691 = CARTESIAN_POINT('',(0.824750468076,-1.324300706411,40.));
#1692 = CARTESIAN_POINT('',(0.644860338393,-1.481901570964,40.));
#1693 = ORIENTED_EDGE('',*,*,#1694,.T.);
#1694 = EDGE_CURVE('',#1687,#1695,#1697,.T.);
#1695 = VERTEX_POINT('',#1696);
#1696 = CARTESIAN_POINT('',(0.200651044444,-1.727758919667,40.));
#1697 = B_SPLINE_CURVE_WITH_KNOTS('',2,(#1698,#1699,#1700),
  .UNSPECIFIED.,.F.,.F.,(3,3),(0.,1.),.PIECEWISE_BEZIER_KNOTS.);
#1698 = CARTESIAN_POINT('',(0.644860338393,-1.481901570964,40.));
#1699 = CARTESIAN_POINT('',(0.465195352802,-1.639502435517,40.));
#1700 = CARTESIAN_POINT('',(0.200651044444,-1.727758919667,40.));
#1701 = ORIENTED_EDGE('',*,*,#1702,.T.);
#1702 = EDGE_CURVE('',#1695,#1703,#1705,.T.);
#1703 = VERTEX_POINT('',#1704);
#1704 = CARTESIAN_POINT('',(-0.406337428178,-1.816015403817,40.));
#1705 = B_SPLINE_CURVE_WITH_KNOTS('',2,(#1706,#1707,#1708),
  .UNSPECIFIED.,.F.,.F.,(3,3),(0.,1.),.PIECEWISE_BEZIER_KNOTS.);
#1706 = CARTESIAN_POINT('',(0.200651044444,-1.727758919667,40.));
#1707 = CARTESIAN_POINT('',(-6.389326391287E-02,-1.816015403817,40.));
#1708 = CARTESIAN_POINT('',(-0.406337428178,-1.816015403817,40.));
#1709 = ORIENTED_EDGE('',*,*,#1710,.T.);
#1710 = EDGE_CURVE('',#1703,#1711,#1713,.T.);
#1711 = VERTEX_POINT('',#1712);
#1712 = CARTESIAN_POINT('',(-0.764316534806,-1.783144366353,40.));
#1713 = B_SPLINE_CURVE_WITH_KNOTS('',2,(#1714,#1715,#1716),
  .UNSPECIFIED.,.F.,.F.,(3,3),(0.,1.),.PIECEWISE_BEZIER_KNOTS.);
#1714 = CARTESIAN_POINT('',(-0.406337428178,-1.816015403817,40.));
#1715 = CARTESIAN_POINT('',(-0.589604719244,-1.816015403817,40.));
#1716 = CARTESIAN_POINT('',(-0.764316534806,-1.783144366353,40.));
#1717 = ORIENTED_EDGE('',*,*,#1718,.T.);
#1718 = EDGE_CURVE('',#1711,#1719,#1721,.T.);
#1719 = VERTEX_POINT('',#1720);
#1720 = CARTESIAN_POINT('',(-1.099781232213,-1.69151072082,40.));
#1721 = B_SPLINE_CURVE_WITH_KNOTS('',2,(#1722,#1723,#1724),
  .UNSPECIFIED.,.F.,.F.,(3,3),(0.,1.),.PIECEWISE_BEZIER_KNOTS.);
#1722 = CARTESIAN_POINT('',(-0.764316534806,-1.783144366353,40.));
#1723 = CARTESIAN_POINT('',(-0.938803206276,-1.750273328889,40.));
#1724 = CARTESIAN_POINT('',(-1.099781232213,-1.69151072082,40.));
#1725 = ORIENTED_EDGE('',*,*,#1726,.T.);
#1726 = EDGE_CURVE('',#1719,#1727,#1729,.T.);
#1727 = VERTEX_POINT('',#1728);
#1728 = CARTESIAN_POINT('',(-1.397196578034,-1.553272248197,40.));
#1729 = B_SPLINE_CURVE_WITH_KNOTS('',2,(#1730,#1731,#1732),
  .UNSPECIFIED.,.F.,.F.,(3,3),(0.,1.),.PIECEWISE_BEZIER_KNOTS.);
#1730 = CARTESIAN_POINT('',(-1.099781232213,-1.69151072082,40.));
#1731 = CARTESIAN_POINT('',(-1.260534114057,-1.632748112751,40.));
#1732 = CARTESIAN_POINT('',(-1.397196578034,-1.553272248197,40.));
#1733 = ORIENTED_EDGE('',*,*,#1734,.T.);
#1734 = EDGE_CURVE('',#1727,#1735,#1737,.T.);
#1735 = VERTEX_POINT('',#1736);
#1736 = CARTESIAN_POINT('',(-1.637425324432,-1.380136441281,40.));
#1737 = B_SPLINE_CURVE_WITH_KNOTS('',2,(#1738,#1739,#1740),
  .UNSPECIFIED.,.F.,.F.,(3,3),(0.,1.),.PIECEWISE_BEZIER_KNOTS.);
#1738 = CARTESIAN_POINT('',(-1.397196578034,-1.553272248197,40.));
#1739 = CARTESIAN_POINT('',(-1.533633897919,-1.473571239552,40.));
#1740 = CARTESIAN_POINT('',(-1.637425324432,-1.380136441281,40.));
#1741 = ORIENTED_EDGE('',*,*,#1742,.T.);
#1742 = EDGE_CURVE('',#1735,#1743,#1745,.T.);
#1743 = VERTEX_POINT('',#1744);
#1744 = CARTESIAN_POINT('',(-1.440199099648,-1.05030034618,40.));
#1745 = LINE('',#1746,#1747);
#1746 = CARTESIAN_POINT('',(-1.637425324432,-1.380136441281,40.));
#1747 = VECTOR('',#1748,1.);
#1748 = DIRECTION('',(0.513202859348,0.858267338978,0.));
#1749 = ORIENTED_EDGE('',*,*,#1750,.T.);
#1750 = EDGE_CURVE('',#1743,#1751,#1753,.T.);
#1751 = VERTEX_POINT('',#1752);
#1752 = CARTESIAN_POINT('',(-1.350366606852,-0.959116988831,40.));
#1753 = B_SPLINE_CURVE_WITH_KNOTS('',2,(#1754,#1755,#1756),
  .UNSPECIFIED.,.F.,.F.,(3,3),(0.,1.),.PIECEWISE_BEZIER_KNOTS.);
#1754 = CARTESIAN_POINT('',(-1.440199099648,-1.05030034618,40.));
#1755 = CARTESIAN_POINT('',(-1.402149748063,-0.990637161742,40.));
#1756 = CARTESIAN_POINT('',(-1.350366606852,-0.959116988831,40.));
#1757 = ORIENTED_EDGE('',*,*,#1758,.T.);
#1758 = EDGE_CURVE('',#1751,#1759,#1761,.T.);
#1759 = VERTEX_POINT('',#1760);
#1760 = CARTESIAN_POINT('',(-1.218882456996,-0.927596815921,40.));
#1761 = B_SPLINE_CURVE_WITH_KNOTS('',2,(#1762,#1763,#1764),
  .UNSPECIFIED.,.F.,.F.,(3,3),(0.,1.),.PIECEWISE_BEZIER_KNOTS.);
#1762 = CARTESIAN_POINT('',(-1.350366606852,-0.959116988831,40.));
#1763 = CARTESIAN_POINT('',(-1.298583465642,-0.927596815921,40.));
#1764 = CARTESIAN_POINT('',(-1.218882456996,-0.927596815921,40.));
#1765 = ORIENTED_EDGE('',*,*,#1766,.T.);
#1766 = EDGE_CURVE('',#1759,#1767,#1769,.T.);
#1767 = VERTEX_POINT('',#1768);
#1768 = CARTESIAN_POINT('',(-1.068486203394,-0.972625634365,40.));
#1769 = B_SPLINE_CURVE_WITH_KNOTS('',2,(#1770,#1771,#1772),
  .UNSPECIFIED.,.F.,.F.,(3,3),(0.,1.),.PIECEWISE_BEZIER_KNOTS.);
#1770 = CARTESIAN_POINT('',(-1.218882456996,-0.927596815921,40.));
#1771 = CARTESIAN_POINT('',(-1.139406592443,-0.927596815921,40.));
#1772 = CARTESIAN_POINT('',(-1.068486203394,-0.972625634365,40.));
#1773 = ORIENTED_EDGE('',*,*,#1774,.T.);
#1774 = EDGE_CURVE('',#1767,#1775,#1777,.T.);
#1775 = VERTEX_POINT('',#1776);
#1776 = CARTESIAN_POINT('',(-0.904356160166,-1.069212449926,40.));
#1777 = B_SPLINE_CURVE_WITH_KNOTS('',2,(#1778,#1779,#1780),
  .UNSPECIFIED.,.F.,.F.,(3,3),(0.,1.),.PIECEWISE_BEZIER_KNOTS.);
#1778 = CARTESIAN_POINT('',(-1.068486203394,-0.972625634365,40.));
#1779 = CARTESIAN_POINT('',(-0.997565814345,-1.017429308716,40.));
#1780 = CARTESIAN_POINT('',(-0.904356160166,-1.069212449926,40.));
#1781 = ORIENTED_EDGE('',*,*,#1782,.T.);
#1782 = EDGE_CURVE('',#1775,#1783,#1785,.T.);
#1783 = VERTEX_POINT('',#1784);
#1784 = CARTESIAN_POINT('',(-0.684840670253,-1.166024409581,40.));
#1785 = B_SPLINE_CURVE_WITH_KNOTS('',2,(#1786,#1787,#1788),
  .UNSPECIFIED.,.F.,.F.,(3,3),(0.,1.),.PIECEWISE_BEZIER_KNOTS.);
#1786 = CARTESIAN_POINT('',(-0.904356160166,-1.069212449926,40.));
#1787 = CARTESIAN_POINT('',(-0.810921361896,-1.120995591137,40.));
#1788 = CARTESIAN_POINT('',(-0.684840670253,-1.166024409581,40.));
#1789 = ORIENTED_EDGE('',*,*,#1790,.T.);
#1790 = EDGE_CURVE('',#1783,#1791,#1793,.T.);
#1791 = VERTEX_POINT('',#1792);
#1792 = CARTESIAN_POINT('',(-0.364685771117,-1.210828083932,40.));
#1793 = B_SPLINE_CURVE_WITH_KNOTS('',2,(#1794,#1795,#1796),
  .UNSPECIFIED.,.F.,.F.,(3,3),(0.,1.),.PIECEWISE_BEZIER_KNOTS.);
#1794 = CARTESIAN_POINT('',(-0.684840670253,-1.166024409581,40.));
#1795 = CARTESIAN_POINT('',(-0.558534834518,-1.210828083932,40.));
#1796 = CARTESIAN_POINT('',(-0.364685771117,-1.210828083932,40.));
#1797 = ORIENTED_EDGE('',*,*,#1798,.T.);
#1798 = EDGE_CURVE('',#1791,#1799,#1801,.T.);
#1799 = VERTEX_POINT('',#1800);
#1800 = CARTESIAN_POINT('',(-0.103743768236,-1.174579885085,40.));
#1801 = B_SPLINE_CURVE_WITH_KNOTS('',2,(#1802,#1803,#1804),
  .UNSPECIFIED.,.F.,.F.,(3,3),(0.,1.),.PIECEWISE_BEZIER_KNOTS.);
#1802 = CARTESIAN_POINT('',(-0.364685771117,-1.210828083932,40.));
#1803 = CARTESIAN_POINT('',(-0.21271350887,-1.210828083932,40.));
#1804 = CARTESIAN_POINT('',(-0.103743768236,-1.174579885085,40.));
#1805 = ORIENTED_EDGE('',*,*,#1806,.T.);
#1806 = EDGE_CURVE('',#1799,#1807,#1809,.T.);
#1807 = VERTEX_POINT('',#1808);
#1808 = CARTESIAN_POINT('',(7.614636144736E-02,-1.079794222261,40.));
#1809 = B_SPLINE_CURVE_WITH_KNOTS('',2,(#1810,#1811,#1812),
  .UNSPECIFIED.,.F.,.F.,(3,3),(0.,1.),.PIECEWISE_BEZIER_KNOTS.);
#1810 = CARTESIAN_POINT('',(-0.103743768236,-1.174579885085,40.));
#1811 = CARTESIAN_POINT('',(5.225972398367E-03,-1.138331686238,40.));
#1812 = CARTESIAN_POINT('',(7.614636144736E-02,-1.079794222261,40.));
#1813 = ORIENTED_EDGE('',*,*,#1814,.T.);
#1814 = EDGE_CURVE('',#1807,#1815,#1817,.T.);
#1815 = VERTEX_POINT('',#1816);
#1816 = CARTESIAN_POINT('',(0.17993778796,-0.943356902376,40.));
#1817 = B_SPLINE_CURVE_WITH_KNOTS('',2,(#1818,#1819,#1820),
  .UNSPECIFIED.,.F.,.F.,(3,3),(0.,1.),.PIECEWISE_BEZIER_KNOTS.);
#1818 = CARTESIAN_POINT('',(7.614636144736E-02,-1.079794222261,40.));
#1819 = CARTESIAN_POINT('',(0.147066750496,-1.021031614192,40.));
#1820 = CARTESIAN_POINT('',(0.17993778796,-0.943356902376,40.));
#1821 = ORIENTED_EDGE('',*,*,#1822,.T.);
#1822 = EDGE_CURVE('',#1815,#1823,#1825,.T.);
#1823 = VERTEX_POINT('',#1824);
#1824 = CARTESIAN_POINT('',(0.212808825424,-0.782829164624,40.));
#1825 = B_SPLINE_CURVE_WITH_KNOTS('',2,(#1826,#1827,#1828),
  .UNSPECIFIED.,.F.,.F.,(3,3),(0.,1.),.PIECEWISE_BEZIER_KNOTS.);
#1826 = CARTESIAN_POINT('',(0.17993778796,-0.943356902376,40.));
#1827 = CARTESIAN_POINT('',(0.212808825424,-0.86568219056,40.));
#1828 = CARTESIAN_POINT('',(0.212808825424,-0.782829164624,40.));
#1829 = ORIENTED_EDGE('',*,*,#1830,.T.);
#1830 = EDGE_CURVE('',#1823,#1831,#1833,.T.);
#1831 = VERTEX_POINT('',#1832);
#1832 = CARTESIAN_POINT('',(0.1382861309,-0.579298905258,40.));
#1833 = B_SPLINE_CURVE_WITH_KNOTS('',2,(#1834,#1835,#1836),
  .UNSPECIFIED.,.F.,.F.,(3,3),(0.,1.),.PIECEWISE_BEZIER_KNOTS.);
#1834 = CARTESIAN_POINT('',(0.212808825424,-0.782829164624,40.));
#1835 = CARTESIAN_POINT('',(0.212808825424,-0.658549625719,40.));
#1836 = CARTESIAN_POINT('',(0.1382861309,-0.579298905258,40.));
#1837 = ORIENTED_EDGE('',*,*,#1838,.T.);
#1838 = EDGE_CURVE('',#1831,#1839,#1841,.T.);
#1839 = VERTEX_POINT('',#1840);
#1840 = CARTESIAN_POINT('',(-5.871494979183E-02,-0.441285576728,40.));
#1841 = B_SPLINE_CURVE_WITH_KNOTS('',2,(#1842,#1843,#1844),
  .UNSPECIFIED.,.F.,.F.,(3,3),(0.,1.),.PIECEWISE_BEZIER_KNOTS.);
#1842 = CARTESIAN_POINT('',(0.1382861309,-0.579298905258,40.));
#1843 = CARTESIAN_POINT('',(6.398858046753E-02,-0.499823040705,40.));
#1844 = CARTESIAN_POINT('',(-5.871494979183E-02,-0.441285576728,40.));
#1845 = ORIENTED_EDGE('',*,*,#1846,.T.);
#1846 = EDGE_CURVE('',#1839,#1847,#1849,.T.);
#1847 = VERTEX_POINT('',#1848);
#1848 = CARTESIAN_POINT('',(-0.338794200512,-0.335918141569,40.));
#1849 = B_SPLINE_CURVE_WITH_KNOTS('',2,(#1850,#1851,#1852),
  .UNSPECIFIED.,.F.,.F.,(3,3),(0.,1.),.PIECEWISE_BEZIER_KNOTS.);
#1850 = CARTESIAN_POINT('',(-5.871494979183E-02,-0.441285576728,40.));
#1851 = CARTESIAN_POINT('',(-0.181418480051,-0.382522968658,40.));
#1852 = CARTESIAN_POINT('',(-0.338794200512,-0.335918141569,40.));
#1853 = ORIENTED_EDGE('',*,*,#1854,.T.);
#1854 = EDGE_CURVE('',#1847,#1855,#1857,.T.);
#1855 = VERTEX_POINT('',#1856);
#1856 = CARTESIAN_POINT('',(-0.660525108293,-0.234153011886,40.));
#1857 = B_SPLINE_CURVE_WITH_KNOTS('',2,(#1858,#1859,#1860),
  .UNSPECIFIED.,.F.,.F.,(3,3),(0.,1.),.PIECEWISE_BEZIER_KNOTS.);
#1858 = CARTESIAN_POINT('',(-0.338794200512,-0.335918141569,40.));
#1859 = CARTESIAN_POINT('',(-0.496169920973,-0.28931331448,40.));
#1860 = CARTESIAN_POINT('',(-0.660525108293,-0.234153011886,40.));
#1861 = ORIENTED_EDGE('',*,*,#1862,.T.);
#1862 = EDGE_CURVE('',#1855,#1863,#1865,.T.);
#1863 = VERTEX_POINT('',#1864);
#1864 = CARTESIAN_POINT('',(-0.982030871982,-0.10469515886,40.));
#1865 = B_SPLINE_CURVE_WITH_KNOTS('',2,(#1866,#1867,#1868),
  .UNSPECIFIED.,.F.,.F.,(3,3),(0.,1.),.PIECEWISE_BEZIER_KNOTS.);
#1866 = CARTESIAN_POINT('',(-0.660525108293,-0.234153011886,40.));
#1867 = CARTESIAN_POINT('',(-0.824655151521,-0.1787675652,40.));
#1868 = CARTESIAN_POINT('',(-0.982030871982,-0.10469515886,40.));
#1869 = ORIENTED_EDGE('',*,*,#1870,.T.);
#1870 = EDGE_CURVE('',#1863,#1871,#1873,.T.);
#1871 = VERTEX_POINT('',#1872);
#1872 = CARTESIAN_POINT('',(-1.262335266795,8.352530223492E-02,40.));
#1873 = B_SPLINE_CURVE_WITH_KNOTS('',2,(#1874,#1875,#1876),
  .UNSPECIFIED.,.F.,.F.,(3,3),(0.,1.),.PIECEWISE_BEZIER_KNOTS.);
#1874 = CARTESIAN_POINT('',(-0.982030871982,-0.10469515886,40.));
#1875 = CARTESIAN_POINT('',(-1.139406592443,-3.03976084279E-02,40.));
#1876 = CARTESIAN_POINT('',(-1.262335266795,8.352530223492E-02,40.));
#1877 = ORIENTED_EDGE('',*,*,#1878,.T.);
#1878 = EDGE_CURVE('',#1871,#1879,#1881,.T.);
#1879 = VERTEX_POINT('',#1880);
#1880 = CARTESIAN_POINT('',(-1.459336347486,0.363154264771,40.));
#1881 = B_SPLINE_CURVE_WITH_KNOTS('',2,(#1882,#1883,#1884),
  .UNSPECIFIED.,.F.,.F.,(3,3),(0.,1.),.PIECEWISE_BEZIER_KNOTS.);
#1882 = CARTESIAN_POINT('',(-1.262335266795,8.352530223492E-02,40.));
#1883 = CARTESIAN_POINT('',(-1.385038797054,0.197448212898,40.));
#1884 = CARTESIAN_POINT('',(-1.459336347486,0.363154264771,40.));
#1885 = ORIENTED_EDGE('',*,*,#1886,.T.);
#1886 = EDGE_CURVE('',#1879,#1887,#1889,.T.);
#1887 = VERTEX_POINT('',#1888);
#1888 = CARTESIAN_POINT('',(-1.533633897919,0.763460460736,40.));
#1889 = B_SPLINE_CURVE_WITH_KNOTS('',2,(#1890,#1891,#1892),
  .UNSPECIFIED.,.F.,.F.,(3,3),(0.,1.),.PIECEWISE_BEZIER_KNOTS.);
#1890 = CARTESIAN_POINT('',(-1.459336347486,0.363154264771,40.));
#1891 = CARTESIAN_POINT('',(-1.533633897919,0.528860316644,40.));
#1892 = CARTESIAN_POINT('',(-1.533633897919,0.763460460736,40.));
#1893 = ORIENTED_EDGE('',*,*,#1894,.T.);
#1894 = EDGE_CURVE('',#1887,#1895,#1897,.T.);
#1895 = VERTEX_POINT('',#1896);
#1896 = CARTESIAN_POINT('',(-1.447178566507,1.177725590419,40.));
#1897 = B_SPLINE_CURVE_WITH_KNOTS('',2,(#1898,#1899,#1900),
  .UNSPECIFIED.,.F.,.F.,(3,3),(0.,1.),.PIECEWISE_BEZIER_KNOTS.);
#1898 = CARTESIAN_POINT('',(-1.533633897919,0.763460460736,40.));
#1899 = CARTESIAN_POINT('',(-1.533633897919,0.98094965382,40.));
#1900 = CARTESIAN_POINT('',(-1.447178566507,1.177725590419,40.));
#1901 = ORIENTED_EDGE('',*,*,#1902,.T.);
#1902 = EDGE_CURVE('',#1895,#1903,#1905,.T.);
#1903 = VERTEX_POINT('',#1904);
#1904 = CARTESIAN_POINT('',(-1.192990886391,1.521070331053,40.));
#1905 = B_SPLINE_CURVE_WITH_KNOTS('',2,(#1906,#1907,#1908),
  .UNSPECIFIED.,.F.,.F.,(3,3),(0.,1.),.PIECEWISE_BEZIER_KNOTS.);
#1906 = CARTESIAN_POINT('',(-1.447178566507,1.177725590419,40.));
#1907 = CARTESIAN_POINT('',(-1.360723235094,1.374501527019,40.));
#1908 = CARTESIAN_POINT('',(-1.192990886391,1.521070331053,40.));
#1909 = ORIENTED_EDGE('',*,*,#1910,.T.);
#1910 = EDGE_CURVE('',#1903,#1911,#1913,.T.);
#1911 = VERTEX_POINT('',#1912);
#1912 = CARTESIAN_POINT('',(-0.774673163048,1.755895619238,40.));
#1913 = B_SPLINE_CURVE_WITH_KNOTS('',2,(#1914,#1915,#1916),
  .UNSPECIFIED.,.F.,.F.,(3,3),(0.,1.),.PIECEWISE_BEZIER_KNOTS.);
#1914 = CARTESIAN_POINT('',(-1.192990886391,1.521070331053,40.));
#1915 = CARTESIAN_POINT('',(-1.025258537688,1.66786427918,40.));
#1916 = CARTESIAN_POINT('',(-0.774673163048,1.755895619238,40.));
#1917 = ORIENTED_EDGE('',*,*,#1918,.T.);
#1918 = EDGE_CURVE('',#1911,#1919,#1921,.T.);
#1919 = VERTEX_POINT('',#1920);
#1920 = CARTESIAN_POINT('',(-0.195377413769,1.843926959295,40.));
#1921 = B_SPLINE_CURVE_WITH_KNOTS('',2,(#1922,#1923,#1924),
  .UNSPECIFIED.,.F.,.F.,(3,3),(0.,1.),.PIECEWISE_BEZIER_KNOTS.);
#1922 = CARTESIAN_POINT('',(-0.774673163048,1.755895619238,40.));
#1923 = CARTESIAN_POINT('',(-0.523862644316,1.843926959295,40.));
#1924 = CARTESIAN_POINT('',(-0.195377413769,1.843926959295,40.));
#1925 = ORIENTED_EDGE('',*,*,#1926,.T.);
#1926 = EDGE_CURVE('',#1919,#1927,#1929,.T.);
#1927 = VERTEX_POINT('',#1928);
#1928 = CARTESIAN_POINT('',(0.471949675568,1.722799437682,40.));
#1929 = B_SPLINE_CURVE_WITH_KNOTS('',2,(#1930,#1931,#1932),
  .UNSPECIFIED.,.F.,.F.,(3,3),(0.,1.),.PIECEWISE_BEZIER_KNOTS.);
#1930 = CARTESIAN_POINT('',(-0.195377413769,1.843926959295,40.));
#1931 = CARTESIAN_POINT('',(0.171157168364,1.843926959295,40.));
#1932 = CARTESIAN_POINT('',(0.471949675568,1.722799437682,40.));
#1933 = ORIENTED_EDGE('',*,*,#1934,.T.);
#1934 = EDGE_CURVE('',#1927,#1541,#1935,.T.);
#1935 = B_SPLINE_CURVE_WITH_KNOTS('',2,(#1936,#1937,#1938),
  .UNSPECIFIED.,.F.,.F.,(3,3),(0.,1.),.PIECEWISE_BEZIER_KNOTS.);
#1936 = CARTESIAN_POINT('',(0.471949675568,1.722799437682,40.));
#1937 = CARTESIAN_POINT('',(0.772967326865,1.60189706016,40.));
#1938 = CARTESIAN_POINT('',(0.973570713032,1.404670835376,40.));
#1939 = FACE_BOUND('',#1940,.T.);
#1940 = EDGE_LOOP('',(#1941,#1951,#1959,#1967,#1975,#1983,#1991,#1999,
    #2007,#2015,#2023,#2031,#2039,#2047,#2055,#2063,#2071,#2079,#2087,
    #2095,#2103));
#1941 = ORIENTED_EDGE('',*,*,#1942,.T.);
#1942 = EDGE_CURVE('',#1943,#1945,#1947,.T.);
#1943 = VERTEX_POINT('',#1944);
#1944 = CARTESIAN_POINT('',(-6.316369848927,0.201275662465,40.));
#1945 = VERTEX_POINT('',#1946);
#1946 = CARTESIAN_POINT('',(-6.713974315786,0.201275662465,40.));
#1947 = LINE('',#1948,#1949);
#1948 = CARTESIAN_POINT('',(-6.316369848927,0.201275662465,40.));
#1949 = VECTOR('',#1950,1.);
#1950 = DIRECTION('',(-1.,0.,0.));
#1951 = ORIENTED_EDGE('',*,*,#1952,.T.);
#1952 = EDGE_CURVE('',#1945,#1953,#1955,.T.);
#1953 = VERTEX_POINT('',#1954);
#1954 = CARTESIAN_POINT('',(-6.713974315786,-1.751173905258,40.));
#1955 = LINE('',#1956,#1957);
#1956 = CARTESIAN_POINT('',(-6.713974315786,0.201275662465,40.));
#1957 = VECTOR('',#1958,1.);
#1958 = DIRECTION('',(0.,-1.,0.));
#1959 = ORIENTED_EDGE('',*,*,#1960,.T.);
#1960 = EDGE_CURVE('',#1953,#1961,#1963,.T.);
#1961 = VERTEX_POINT('',#1962);
#1962 = CARTESIAN_POINT('',(-7.644269704835,-1.751173905258,40.));
#1963 = LINE('',#1964,#1965);
#1964 = CARTESIAN_POINT('',(-6.713974315786,-1.751173905258,40.));
#1965 = VECTOR('',#1966,1.);
#1966 = DIRECTION('',(-1.,0.,0.));
#1967 = ORIENTED_EDGE('',*,*,#1968,.T.);
#1968 = EDGE_CURVE('',#1961,#1969,#1971,.T.);
#1969 = VERTEX_POINT('',#1970);
#1970 = CARTESIAN_POINT('',(-7.644269704835,3.241621483791,40.));
#1971 = LINE('',#1972,#1973);
#1972 = CARTESIAN_POINT('',(-7.644269704835,-1.751173905258,40.));
#1973 = VECTOR('',#1974,1.);
#1974 = DIRECTION('',(0.,1.,0.));
#1975 = ORIENTED_EDGE('',*,*,#1976,.T.);
#1976 = EDGE_CURVE('',#1969,#1977,#1979,.T.);
#1977 = VERTEX_POINT('',#1978);
#1978 = CARTESIAN_POINT('',(-6.119143624143,3.241621483791,40.));
#1979 = LINE('',#1980,#1981);
#1980 = CARTESIAN_POINT('',(-7.644269704835,3.241621483791,40.));
#1981 = VECTOR('',#1982,1.);
#1982 = DIRECTION('',(1.,0.,0.));
#1983 = ORIENTED_EDGE('',*,*,#1984,.T.);
#1984 = EDGE_CURVE('',#1977,#1985,#1987,.T.);
#1985 = VERTEX_POINT('',#1986);
#1986 = CARTESIAN_POINT('',(-5.242657673135,3.136254048633,40.));
#1987 = B_SPLINE_CURVE_WITH_KNOTS('',2,(#1988,#1989,#1990),
  .UNSPECIFIED.,.F.,.F.,(3,3),(0.,1.),.PIECEWISE_BEZIER_KNOTS.);
#1988 = CARTESIAN_POINT('',(-6.119143624143,3.241621483791,40.));
#1989 = CARTESIAN_POINT('',(-5.60739110253,3.241621483791,40.));
#1990 = CARTESIAN_POINT('',(-5.242657673135,3.136254048633,40.));
#1991 = ORIENTED_EDGE('',*,*,#1992,.T.);
#1992 = EDGE_CURVE('',#1985,#1993,#1995,.T.);
#1993 = VERTEX_POINT('',#1994);
#1994 = CARTESIAN_POINT('',(-4.644449820109,2.840864999641,40.));
#1995 = B_SPLINE_CURVE_WITH_KNOTS('',2,(#1996,#1997,#1998),
  .UNSPECIFIED.,.F.,.F.,(3,3),(0.,1.),.PIECEWISE_BEZIER_KNOTS.);
#1996 = CARTESIAN_POINT('',(-5.242657673135,3.136254048633,40.));
#1997 = CARTESIAN_POINT('',(-4.877699099648,3.030886613474,40.));
#1998 = CARTESIAN_POINT('',(-4.644449820109,2.840864999641,40.));
#1999 = ORIENTED_EDGE('',*,*,#2000,.T.);
#2000 = EDGE_CURVE('',#1993,#2001,#2003,.T.);
#2001 = VERTEX_POINT('',#2002);
#2002 = CARTESIAN_POINT('',(-4.302005655844,2.386749365635,40.));
#2003 = B_SPLINE_CURVE_WITH_KNOTS('',2,(#2004,#2005,#2006),
  .UNSPECIFIED.,.F.,.F.,(3,3),(0.,1.),.PIECEWISE_BEZIER_KNOTS.);
#2004 = CARTESIAN_POINT('',(-4.644449820109,2.840864999641,40.));
#2005 = CARTESIAN_POINT('',(-4.410975396478,2.651068529901,40.));
#2006 = CARTESIAN_POINT('',(-4.302005655844,2.386749365635,40.));
#2007 = ORIENTED_EDGE('',*,*,#2008,.T.);
#2008 = EDGE_CURVE('',#2001,#2009,#2011,.T.);
#2009 = VERTEX_POINT('',#2010);
#2010 = CARTESIAN_POINT('',(-4.19303591521,1.804751887249,40.));
#2011 = B_SPLINE_CURVE_WITH_KNOTS('',2,(#2012,#2013,#2014),
  .UNSPECIFIED.,.F.,.F.,(3,3),(0.,1.),.PIECEWISE_BEZIER_KNOTS.);
#2012 = CARTESIAN_POINT('',(-4.302005655844,2.386749365635,40.));
#2013 = CARTESIAN_POINT('',(-4.19303591521,2.122655345463,40.));
#2014 = CARTESIAN_POINT('',(-4.19303591521,1.804751887249,40.));
#2015 = ORIENTED_EDGE('',*,*,#2016,.T.);
#2016 = EDGE_CURVE('',#2009,#2017,#2019,.T.);
#2017 = VERTEX_POINT('',#2018);
#2018 = CARTESIAN_POINT('',(-4.267333465642,1.328121844022,40.));
#2019 = B_SPLINE_CURVE_WITH_KNOTS('',2,(#2020,#2021,#2022),
  .UNSPECIFIED.,.F.,.F.,(3,3),(0.,1.),.PIECEWISE_BEZIER_KNOTS.);
#2020 = CARTESIAN_POINT('',(-4.19303591521,1.804751887249,40.));
#2021 = CARTESIAN_POINT('',(-4.19303591521,1.552815648056,40.));
#2022 = CARTESIAN_POINT('',(-4.267333465642,1.328121844022,40.));
#2023 = ORIENTED_EDGE('',*,*,#2024,.T.);
#2024 = EDGE_CURVE('',#2017,#2025,#2027,.T.);
#2025 = VERTEX_POINT('',#2026);
#2026 = CARTESIAN_POINT('',(-4.481895785527,0.920611037105,40.));
#2027 = B_SPLINE_CURVE_WITH_KNOTS('',2,(#2028,#2029,#2030),
  .UNSPECIFIED.,.F.,.F.,(3,3),(0.,1.),.PIECEWISE_BEZIER_KNOTS.);
#2028 = CARTESIAN_POINT('',(-4.267333465642,1.328121844022,40.));
#2029 = CARTESIAN_POINT('',(-4.341631016074,1.103653184079,40.));
#2030 = CARTESIAN_POINT('',(-4.481895785527,0.920611037105,40.));
#2031 = ORIENTED_EDGE('',*,*,#2032,.T.);
#2032 = EDGE_CURVE('',#2025,#2033,#2035,.T.);
#2033 = VERTEX_POINT('',#2034);
#2034 = CARTESIAN_POINT('',(-4.827717111175,0.599330417509,40.));
#2035 = B_SPLINE_CURVE_WITH_KNOTS('',2,(#2036,#2037,#2038),
  .UNSPECIFIED.,.F.,.F.,(3,3),(0.,1.),.PIECEWISE_BEZIER_KNOTS.);
#2036 = CARTESIAN_POINT('',(-4.481895785527,0.920611037105,40.));
#2037 = CARTESIAN_POINT('',(-4.621935410887,0.737568890131,40.));
#2038 = CARTESIAN_POINT('',(-4.827717111175,0.599330417509,40.));
#2039 = ORIENTED_EDGE('',*,*,#2040,.T.);
#2040 = EDGE_CURVE('',#2033,#2041,#2043,.T.);
#2041 = VERTEX_POINT('',#2042);
#2042 = CARTESIAN_POINT('',(-5.296241967083,0.378464063042,40.));
#2043 = B_SPLINE_CURVE_WITH_KNOTS('',2,(#2044,#2045,#2046),
  .UNSPECIFIED.,.F.,.F.,(3,3),(0.,1.),.PIECEWISE_BEZIER_KNOTS.);
#2044 = CARTESIAN_POINT('',(-4.827717111175,0.599330417509,40.));
#2045 = CARTESIAN_POINT('',(-5.033273667371,0.461317088978,40.));
#2046 = CARTESIAN_POINT('',(-5.296241967083,0.378464063042,40.));
#2047 = ORIENTED_EDGE('',*,*,#2048,.T.);
#2048 = EDGE_CURVE('',#2041,#2049,#2051,.T.);
#2049 = VERTEX_POINT('',#2050);
#2050 = CARTESIAN_POINT('',(-4.991847154403,9.208077773924E-02,40.));
#2051 = B_SPLINE_CURVE_WITH_KNOTS('',2,(#2052,#2053,#2054),
  .UNSPECIFIED.,.F.,.F.,(3,3),(0.,1.),.PIECEWISE_BEZIER_KNOTS.);
#2052 = CARTESIAN_POINT('',(-5.296241967083,0.378464063042,40.));
#2053 = CARTESIAN_POINT('',(-5.119728998783,0.278274942004,40.));
#2054 = CARTESIAN_POINT('',(-4.991847154403,9.208077773924E-02,40.));
#2055 = ORIENTED_EDGE('',*,*,#2056,.T.);
#2056 = EDGE_CURVE('',#2049,#2057,#2059,.T.);
#2057 = VERTEX_POINT('',#2058);
#2058 = CARTESIAN_POINT('',(-3.740046001665,-1.751173905258,40.));
#2059 = LINE('',#2060,#2061);
#2060 = CARTESIAN_POINT('',(-4.991847154403,9.208077773924E-02,40.));
#2061 = VECTOR('',#2062,1.);
#2062 = DIRECTION('',(0.561815193865,-0.827262768377,0.));
#2063 = ORIENTED_EDGE('',*,*,#2064,.T.);
#2064 = EDGE_CURVE('',#2057,#2065,#2067,.T.);
#2065 = VERTEX_POINT('',#2066);
#2066 = CARTESIAN_POINT('',(-4.576906592443,-1.751173905258,40.));
#2067 = LINE('',#2068,#2069);
#2068 = CARTESIAN_POINT('',(-3.740046001665,-1.751173905258,40.));
#2069 = VECTOR('',#2070,1.);
#2070 = DIRECTION('',(-1.,0.,0.));
#2071 = ORIENTED_EDGE('',*,*,#2072,.T.);
#2072 = EDGE_CURVE('',#2065,#2073,#2075,.T.);
#2073 = VERTEX_POINT('',#2074);
#2074 = CARTESIAN_POINT('',(-4.782688292731,-1.702767925431,40.));
#2075 = B_SPLINE_CURVE_WITH_KNOTS('',2,(#2076,#2077,#2078),
  .UNSPECIFIED.,.F.,.F.,(3,3),(0.,1.),.PIECEWISE_BEZIER_KNOTS.);
#2076 = CARTESIAN_POINT('',(-4.576906592443,-1.751173905258,40.));
#2077 = CARTESIAN_POINT('',(-4.697808969965,-1.751173905258,40.));
#2078 = CARTESIAN_POINT('',(-4.782688292731,-1.702767925431,40.));
#2079 = ORIENTED_EDGE('',*,*,#2080,.T.);
#2080 = EDGE_CURVE('',#2073,#2081,#2083,.T.);
#2081 = VERTEX_POINT('',#2082);
#2082 = CARTESIAN_POINT('',(-4.926105079475,-1.564529452808,40.));
#2083 = B_SPLINE_CURVE_WITH_KNOTS('',2,(#2084,#2085,#2086),
  .UNSPECIFIED.,.F.,.F.,(3,3),(0.,1.),.PIECEWISE_BEZIER_KNOTS.);
#2084 = CARTESIAN_POINT('',(-4.782688292731,-1.702767925431,40.));
#2085 = CARTESIAN_POINT('',(-4.867342471406,-1.654361945604,40.));
#2086 = CARTESIAN_POINT('',(-4.926105079475,-1.564529452808,40.));
#2087 = ORIENTED_EDGE('',*,*,#2088,.T.);
#2088 = EDGE_CURVE('',#2081,#2089,#2091,.T.);
#2089 = VERTEX_POINT('',#2090);
#2090 = CARTESIAN_POINT('',(-5.977527990138,3.534446650005E-02,40.));
#2091 = LINE('',#2092,#2093);
#2092 = CARTESIAN_POINT('',(-4.926105079475,-1.564529452808,40.));
#2093 = VECTOR('',#2094,1.);
#2094 = DIRECTION('',(-0.549206046704,0.83568697385,0.));
#2095 = ORIENTED_EDGE('',*,*,#2096,.T.);
#2096 = EDGE_CURVE('',#2089,#2097,#2099,.T.);
#2097 = VERTEX_POINT('',#2098);
#2098 = CARTESIAN_POINT('',(-6.107210987256,0.16322631088,40.));
#2099 = B_SPLINE_CURVE_WITH_KNOTS('',2,(#2100,#2101,#2102),
  .UNSPECIFIED.,.F.,.F.,(3,3),(0.,1.),.PIECEWISE_BEZIER_KNOTS.);
#2100 = CARTESIAN_POINT('',(-5.977527990138,3.534446650005E-02,40.));
#2101 = CARTESIAN_POINT('',(-6.036290598207,0.125176959295,40.));
#2102 = CARTESIAN_POINT('',(-6.107210987256,0.16322631088,40.));
#2103 = ORIENTED_EDGE('',*,*,#2104,.T.);
#2104 = EDGE_CURVE('',#2097,#1943,#2105,.T.);
#2105 = B_SPLINE_CURVE_WITH_KNOTS('',2,(#2106,#2107,#2108),
  .UNSPECIFIED.,.F.,.F.,(3,3),(0.,1.),.PIECEWISE_BEZIER_KNOTS.);
#2106 = CARTESIAN_POINT('',(-6.107210987256,0.16322631088,40.));
#2107 = CARTESIAN_POINT('',(-6.178131376305,0.201275662465,40.));
#2108 = CARTESIAN_POINT('',(-6.316369848927,0.201275662465,40.));
#2109 = FACE_BOUND('',#2110,.T.);
#2110 = EDGE_LOOP('',(#2111,#2121,#2129,#2137,#2145,#2153,#2161,#2169,
    #2177,#2185,#2193,#2201,#2209,#2217,#2225,#2233));
#2111 = ORIENTED_EDGE('',*,*,#2112,.T.);
#2112 = EDGE_CURVE('',#2113,#2115,#2117,.T.);
#2113 = VERTEX_POINT('',#2114);
#2114 = CARTESIAN_POINT('',(-2.206814733654,3.039892377163,40.));
#2115 = VERTEX_POINT('',#2116);
#2116 = CARTESIAN_POINT('',(-2.16178591521,2.825780345463,40.));
#2117 = B_SPLINE_CURVE_WITH_KNOTS('',2,(#2118,#2119,#2120),
  .UNSPECIFIED.,.F.,.F.,(3,3),(0.,1.),.PIECEWISE_BEZIER_KNOTS.);
#2118 = CARTESIAN_POINT('',(-2.206814733654,3.039892377163,40.));
#2119 = CARTESIAN_POINT('',(-2.16178591521,2.939703256125,40.));
#2120 = CARTESIAN_POINT('',(-2.16178591521,2.825780345463,40.));
#2121 = ORIENTED_EDGE('',*,*,#2122,.T.);
#2122 = EDGE_CURVE('',#2115,#2123,#2125,.T.);
#2123 = VERTEX_POINT('',#2124);
#2124 = CARTESIAN_POINT('',(-2.206814733654,2.618422636529,40.));
#2125 = B_SPLINE_CURVE_WITH_KNOTS('',2,(#2126,#2127,#2128),
  .UNSPECIFIED.,.F.,.F.,(3,3),(0.,1.),.PIECEWISE_BEZIER_KNOTS.);
#2126 = CARTESIAN_POINT('',(-2.16178591521,2.825780345463,40.));
#2127 = CARTESIAN_POINT('',(-2.16178591521,2.715234596183,40.));
#2128 = CARTESIAN_POINT('',(-2.206814733654,2.618422636529,40.));
#2129 = ORIENTED_EDGE('',*,*,#2130,.T.);
#2130 = EDGE_CURVE('',#2123,#2131,#2133,.T.);
#2131 = VERTEX_POINT('',#2132);
#2132 = CARTESIAN_POINT('',(-2.32614110253,2.449339423272,40.));
#2133 = B_SPLINE_CURVE_WITH_KNOTS('',2,(#2134,#2135,#2136),
  .UNSPECIFIED.,.F.,.F.,(3,3),(0.,1.),.PIECEWISE_BEZIER_KNOTS.);
#2134 = CARTESIAN_POINT('',(-2.206814733654,2.618422636529,40.));
#2135 = CARTESIAN_POINT('',(-2.251843552097,2.521835820967,40.));
#2136 = CARTESIAN_POINT('',(-2.32614110253,2.449339423272,40.));
#2137 = ORIENTED_EDGE('',*,*,#2138,.T.);
#2138 = EDGE_CURVE('',#2131,#2139,#2141,.T.);
#2139 = VERTEX_POINT('',#2140);
#2140 = CARTESIAN_POINT('',(-2.500852918092,2.333615359872,40.));
#2141 = B_SPLINE_CURVE_WITH_KNOTS('',2,(#2142,#2143,#2144),
  .UNSPECIFIED.,.F.,.F.,(3,3),(0.,1.),.PIECEWISE_BEZIER_KNOTS.);
#2142 = CARTESIAN_POINT('',(-2.32614110253,2.449339423272,40.));
#2143 = CARTESIAN_POINT('',(-2.400438652962,2.376843025578,40.));
#2144 = CARTESIAN_POINT('',(-2.500852918092,2.333615359872,40.));
#2145 = ORIENTED_EDGE('',*,*,#2146,.T.);
#2146 = EDGE_CURVE('',#2139,#2147,#2149,.T.);
#2147 = VERTEX_POINT('',#2148);
#2148 = CARTESIAN_POINT('',(-2.715190093884,2.290612838258,40.));
#2149 = B_SPLINE_CURVE_WITH_KNOTS('',2,(#2150,#2151,#2152),
  .UNSPECIFIED.,.F.,.F.,(3,3),(0.,1.),.PIECEWISE_BEZIER_KNOTS.);
#2150 = CARTESIAN_POINT('',(-2.500852918092,2.333615359872,40.));
#2151 = CARTESIAN_POINT('',(-2.601042039129,2.290612838258,40.));
#2152 = CARTESIAN_POINT('',(-2.715190093884,2.290612838258,40.));
#2153 = ORIENTED_EDGE('',*,*,#2154,.T.);
#2154 = EDGE_CURVE('',#2147,#2155,#2157,.T.);
#2155 = VERTEX_POINT('',#2156);
#2156 = CARTESIAN_POINT('',(-2.924574099648,2.333615359872,40.));
#2157 = B_SPLINE_CURVE_WITH_KNOTS('',2,(#2158,#2159,#2160),
  .UNSPECIFIED.,.F.,.F.,(3,3),(0.,1.),.PIECEWISE_BEZIER_KNOTS.);
#2158 = CARTESIAN_POINT('',(-2.715190093884,2.290612838258,40.));
#2159 = CARTESIAN_POINT('',(-2.825960987256,2.290612838258,40.));
#2160 = CARTESIAN_POINT('',(-2.924574099648,2.333615359872,40.));
#2161 = ORIENTED_EDGE('',*,*,#2162,.T.);
#2162 = EDGE_CURVE('',#2155,#2163,#2165,.T.);
#2163 = VERTEX_POINT('',#2164);
#2164 = CARTESIAN_POINT('',(-3.095683609734,2.449339423272,40.));
#2165 = B_SPLINE_CURVE_WITH_KNOTS('',2,(#2166,#2167,#2168),
  .UNSPECIFIED.,.F.,.F.,(3,3),(0.,1.),.PIECEWISE_BEZIER_KNOTS.);
#2166 = CARTESIAN_POINT('',(-2.924574099648,2.333615359872,40.));
#2167 = CARTESIAN_POINT('',(-3.022962067947,2.376843025578,40.));
#2168 = CARTESIAN_POINT('',(-3.095683609734,2.449339423272,40.));
#2169 = ORIENTED_EDGE('',*,*,#2170,.T.);
#2170 = EDGE_CURVE('',#2163,#2171,#2173,.T.);
#2171 = VERTEX_POINT('',#2172);
#2172 = CARTESIAN_POINT('',(-3.211407673135,2.618422636529,40.));
#2173 = B_SPLINE_CURVE_WITH_KNOTS('',2,(#2174,#2175,#2176),
  .UNSPECIFIED.,.F.,.F.,(3,3),(0.,1.),.PIECEWISE_BEZIER_KNOTS.);
#2174 = CARTESIAN_POINT('',(-3.095683609734,2.449339423272,40.));
#2175 = CARTESIAN_POINT('',(-3.168180007429,2.521835820967,40.));
#2176 = CARTESIAN_POINT('',(-3.211407673135,2.618422636529,40.));
#2177 = ORIENTED_EDGE('',*,*,#2178,.T.);
#2178 = EDGE_CURVE('',#2171,#2179,#2181,.T.);
#2179 = VERTEX_POINT('',#2180);
#2180 = CARTESIAN_POINT('',(-3.254635338841,2.825780345463,40.));
#2181 = B_SPLINE_CURVE_WITH_KNOTS('',2,(#2182,#2183,#2184),
  .UNSPECIFIED.,.F.,.F.,(3,3),(0.,1.),.PIECEWISE_BEZIER_KNOTS.);
#2182 = CARTESIAN_POINT('',(-3.211407673135,2.618422636529,40.));
#2183 = CARTESIAN_POINT('',(-3.254635338841,2.715234596183,40.));
#2184 = CARTESIAN_POINT('',(-3.254635338841,2.825780345463,40.));
#2185 = ORIENTED_EDGE('',*,*,#2186,.T.);
#2186 = EDGE_CURVE('',#2179,#2187,#2189,.T.);
#2187 = VERTEX_POINT('',#2188);
#2188 = CARTESIAN_POINT('',(-3.211407673135,3.039892377163,40.));
#2189 = B_SPLINE_CURVE_WITH_KNOTS('',2,(#2190,#2191,#2192),
  .UNSPECIFIED.,.F.,.F.,(3,3),(0.,1.),.PIECEWISE_BEZIER_KNOTS.);
#2190 = CARTESIAN_POINT('',(-3.254635338841,2.825780345463,40.));
#2191 = CARTESIAN_POINT('',(-3.254635338841,2.939703256125,40.));
#2192 = CARTESIAN_POINT('',(-3.211407673135,3.039892377163,40.));
#2193 = ORIENTED_EDGE('',*,*,#2194,.T.);
#2194 = EDGE_CURVE('',#2187,#2195,#2197,.T.);
#2195 = VERTEX_POINT('',#2196);
#2196 = CARTESIAN_POINT('',(-3.095683609734,3.212577895895,40.));
#2197 = B_SPLINE_CURVE_WITH_KNOTS('',2,(#2198,#2199,#2200),
  .UNSPECIFIED.,.F.,.F.,(3,3),(0.,1.),.PIECEWISE_BEZIER_KNOTS.);
#2198 = CARTESIAN_POINT('',(-3.211407673135,3.039892377163,40.));
#2199 = CARTESIAN_POINT('',(-3.168180007429,3.1400814982,40.));
#2200 = CARTESIAN_POINT('',(-3.095683609734,3.212577895895,40.));
#2201 = ORIENTED_EDGE('',*,*,#2202,.T.);
#2202 = EDGE_CURVE('',#2195,#2203,#2205,.T.);
#2203 = VERTEX_POINT('',#2204);
#2204 = CARTESIAN_POINT('',(-2.924574099648,3.328076815203,40.));
#2205 = B_SPLINE_CURVE_WITH_KNOTS('',2,(#2206,#2207,#2208),
  .UNSPECIFIED.,.F.,.F.,(3,3),(0.,1.),.PIECEWISE_BEZIER_KNOTS.);
#2206 = CARTESIAN_POINT('',(-3.095683609734,3.212577895895,40.));
#2207 = CARTESIAN_POINT('',(-3.022962067947,3.285074293589,40.));
#2208 = CARTESIAN_POINT('',(-2.924574099648,3.328076815203,40.));
#2209 = ORIENTED_EDGE('',*,*,#2210,.T.);
#2210 = EDGE_CURVE('',#2203,#2211,#2213,.T.);
#2211 = VERTEX_POINT('',#2212);
#2212 = CARTESIAN_POINT('',(-2.715190093884,3.371304480909,40.));
#2213 = B_SPLINE_CURVE_WITH_KNOTS('',2,(#2214,#2215,#2216),
  .UNSPECIFIED.,.F.,.F.,(3,3),(0.,1.),.PIECEWISE_BEZIER_KNOTS.);
#2214 = CARTESIAN_POINT('',(-2.924574099648,3.328076815203,40.));
#2215 = CARTESIAN_POINT('',(-2.825960987256,3.371304480909,40.));
#2216 = CARTESIAN_POINT('',(-2.715190093884,3.371304480909,40.));
#2217 = ORIENTED_EDGE('',*,*,#2218,.T.);
#2218 = EDGE_CURVE('',#2211,#2219,#2221,.T.);
#2219 = VERTEX_POINT('',#2220);
#2220 = CARTESIAN_POINT('',(-2.500852918092,3.328076815203,40.));
#2221 = B_SPLINE_CURVE_WITH_KNOTS('',2,(#2222,#2223,#2224),
  .UNSPECIFIED.,.F.,.F.,(3,3),(0.,1.),.PIECEWISE_BEZIER_KNOTS.);
#2222 = CARTESIAN_POINT('',(-2.715190093884,3.371304480909,40.));
#2223 = CARTESIAN_POINT('',(-2.601042039129,3.371304480909,40.));
#2224 = CARTESIAN_POINT('',(-2.500852918092,3.328076815203,40.));
#2225 = ORIENTED_EDGE('',*,*,#2226,.T.);
#2226 = EDGE_CURVE('',#2219,#2227,#2229,.T.);
#2227 = VERTEX_POINT('',#2228);
#2228 = CARTESIAN_POINT('',(-2.32614110253,3.212577895895,40.));
#2229 = B_SPLINE_CURVE_WITH_KNOTS('',2,(#2230,#2231,#2232),
  .UNSPECIFIED.,.F.,.F.,(3,3),(0.,1.),.PIECEWISE_BEZIER_KNOTS.);
#2230 = CARTESIAN_POINT('',(-2.500852918092,3.328076815203,40.));
#2231 = CARTESIAN_POINT('',(-2.400438652962,3.285074293589,40.));
#2232 = CARTESIAN_POINT('',(-2.32614110253,3.212577895895,40.));
#2233 = ORIENTED_EDGE('',*,*,#2234,.T.);
#2234 = EDGE_CURVE('',#2227,#2113,#2235,.T.);
#2235 = B_SPLINE_CURVE_WITH_KNOTS('',2,(#2236,#2237,#2238),
  .UNSPECIFIED.,.F.,.F.,(3,3),(0.,1.),.PIECEWISE_BEZIER_KNOTS.);
#2236 = CARTESIAN_POINT('',(-2.32614110253,3.212577895895,40.));
#2237 = CARTESIAN_POINT('',(-2.251843552097,3.1400814982,40.));
#2238 = CARTESIAN_POINT('',(-2.206814733654,3.039892377163,40.));
#2239 = FACE_BOUND('',#2240,.T.);
#2240 = EDGE_LOOP('',(#2241,#2251,#2259,#2267,#2275,#2283,#2291,#2299,
    #2307,#2315,#2323,#2331,#2339,#2347,#2355,#2363,#2371,#2379,#2387,
    #2395,#2403,#2411,#2419,#2427,#2435,#2443,#2451,#2459,#2467,#2475));
#2241 = ORIENTED_EDGE('',*,*,#2242,.T.);
#2242 = EDGE_CURVE('',#2243,#2245,#2247,.T.);
#2243 = VERTEX_POINT('',#2244);
#2244 = CARTESIAN_POINT('',(6.385584401793,1.691504408863,40.));
#2245 = VERTEX_POINT('',#2246);
#2246 = CARTESIAN_POINT('',(7.099741462312,1.829517737393,40.));
#2247 = B_SPLINE_CURVE_WITH_KNOTS('',2,(#2248,#2249,#2250),
  .UNSPECIFIED.,.F.,.F.,(3,3),(0.,1.),.PIECEWISE_BEZIER_KNOTS.);
#2248 = CARTESIAN_POINT('',(6.385584401793,1.691504408863,40.));
#2249 = CARTESIAN_POINT('',(6.702136995453,1.829517737393,40.));
#2250 = CARTESIAN_POINT('',(7.099741462312,1.829517737393,40.));
#2251 = ORIENTED_EDGE('',*,*,#2252,.T.);
#2252 = EDGE_CURVE('',#2245,#2253,#2255,.T.);
#2253 = VERTEX_POINT('',#2254);
#2254 = CARTESIAN_POINT('',(7.717086563176,1.722574293589,40.));
#2255 = B_SPLINE_CURVE_WITH_KNOTS('',2,(#2256,#2257,#2258),
  .UNSPECIFIED.,.F.,.F.,(3,3),(0.,1.),.PIECEWISE_BEZIER_KNOTS.);
#2256 = CARTESIAN_POINT('',(7.099741462312,1.829517737393,40.));
#2257 = CARTESIAN_POINT('',(7.435206159718,1.829517737393,40.));
#2258 = CARTESIAN_POINT('',(7.717086563176,1.722574293589,40.));
#2259 = ORIENTED_EDGE('',*,*,#2260,.T.);
#2260 = EDGE_CURVE('',#2253,#2261,#2263,.T.);
#2261 = VERTEX_POINT('',#2262);
#2262 = CARTESIAN_POINT('',(8.202947514185,1.410524581774,40.));
#2263 = B_SPLINE_CURVE_WITH_KNOTS('',2,(#2264,#2265,#2266),
  .UNSPECIFIED.,.F.,.F.,(3,3),(0.,1.),.PIECEWISE_BEZIER_KNOTS.);
#2264 = CARTESIAN_POINT('',(7.717086563176,1.722574293589,40.));
#2265 = CARTESIAN_POINT('',(7.998966966635,1.615855993878,40.));
#2266 = CARTESIAN_POINT('',(8.202947514185,1.410524581774,40.));
#2267 = ORIENTED_EDGE('',*,*,#2268,.T.);
#2268 = EDGE_CURVE('',#2261,#2269,#2271,.T.);
#2269 = VERTEX_POINT('',#2270);
#2270 = CARTESIAN_POINT('',(8.521076116491,0.907102391572,40.));
#2271 = B_SPLINE_CURVE_WITH_KNOTS('',2,(#2272,#2273,#2274),
  .UNSPECIFIED.,.F.,.F.,(3,3),(0.,1.),.PIECEWISE_BEZIER_KNOTS.);
#2272 = CARTESIAN_POINT('',(8.202947514185,1.410524581774,40.));
#2273 = CARTESIAN_POINT('',(8.406928061736,1.205418313762,40.));
#2274 = CARTESIAN_POINT('',(8.521076116491,0.907102391572,40.));
#2275 = ORIENTED_EDGE('',*,*,#2276,.T.);
#2276 = EDGE_CURVE('',#2269,#2277,#2279,.T.);
#2277 = VERTEX_POINT('',#2278);
#2278 = CARTESIAN_POINT('',(8.635224171246,0.226266656702,40.));
#2279 = B_SPLINE_CURVE_WITH_KNOTS('',2,(#2280,#2281,#2282),
  .UNSPECIFIED.,.F.,.F.,(3,3),(0.,1.),.PIECEWISE_BEZIER_KNOTS.);
#2280 = CARTESIAN_POINT('',(8.521076116491,0.907102391572,40.));
#2281 = CARTESIAN_POINT('',(8.635224171246,0.609011613474,40.));
#2282 = CARTESIAN_POINT('',(8.635224171246,0.226266656702,40.));
#2283 = ORIENTED_EDGE('',*,*,#2284,.T.);
#2284 = EDGE_CURVE('',#2277,#2285,#2287,.T.);
#2285 = VERTEX_POINT('',#2286);
#2286 = CARTESIAN_POINT('',(8.626443551649,6.573891894962E-02,40.));
#2287 = B_SPLINE_CURVE_WITH_KNOTS('',2,(#2288,#2289,#2290),
  .UNSPECIFIED.,.F.,.F.,(3,3),(0.,1.),.PIECEWISE_BEZIER_KNOTS.);
#2288 = CARTESIAN_POINT('',(8.635224171246,0.226266656702,40.));
#2289 = CARTESIAN_POINT('',(8.635224171246,0.12967984114,40.));
#2290 = CARTESIAN_POINT('',(8.626443551649,6.573891894962E-02,40.));
#2291 = ORIENTED_EDGE('',*,*,#2292,.T.);
#2292 = EDGE_CURVE('',#2285,#2293,#2295,.T.);
#2293 = VERTEX_POINT('',#2294);
#2294 = CARTESIAN_POINT('',(8.595373666923,-3.422505799563E-02,40.));
#2295 = B_SPLINE_CURVE_WITH_KNOTS('',2,(#2296,#2297,#2298),
  .UNSPECIFIED.,.F.,.F.,(3,3),(0.,1.),.PIECEWISE_BEZIER_KNOTS.);
#2296 = CARTESIAN_POINT('',(8.626443551649,6.573891894962E-02,40.));
#2297 = CARTESIAN_POINT('',(8.617888076145,2.023140851636E-03,40.));
#2298 = CARTESIAN_POINT('',(8.595373666923,-3.422505799563E-02,40.));
#2299 = ORIENTED_EDGE('',*,*,#2300,.T.);
#2300 = EDGE_CURVE('',#2293,#2301,#2303,.T.);
#2301 = VERTEX_POINT('',#2302);
#2302 = CARTESIAN_POINT('',(8.535035050208,-8.578305511378E-02,40.));
#2303 = B_SPLINE_CURVE_WITH_KNOTS('',2,(#2304,#2305,#2306),
  .UNSPECIFIED.,.F.,.F.,(3,3),(0.,1.),.PIECEWISE_BEZIER_KNOTS.);
#2304 = CARTESIAN_POINT('',(8.595373666923,-3.422505799563E-02,40.));
#2305 = CARTESIAN_POINT('',(8.573084401793,-7.024811275067E-02,40.));
#2306 = CARTESIAN_POINT('',(8.535035050208,-8.578305511378E-02,40.));
#2307 = ORIENTED_EDGE('',*,*,#2308,.T.);
#2308 = EDGE_CURVE('',#2301,#2309,#2311,.T.);
#2309 = VERTEX_POINT('',#2310);
#2310 = CARTESIAN_POINT('',(8.437997946462,-0.101317997477,40.));
#2311 = B_SPLINE_CURVE_WITH_KNOTS('',2,(#2312,#2313,#2314),
  .UNSPECIFIED.,.F.,.F.,(3,3),(0.,1.),.PIECEWISE_BEZIER_KNOTS.);
#2312 = CARTESIAN_POINT('',(8.535035050208,-8.578305511378E-02,40.));
#2313 = CARTESIAN_POINT('',(8.496985698623,-0.101317997477,40.));
#2314 = CARTESIAN_POINT('',(8.437997946462,-0.101317997477,40.));
#2315 = ORIENTED_EDGE('',*,*,#2316,.T.);
#2316 = EDGE_CURVE('',#2309,#2317,#2319,.T.);
#2317 = VERTEX_POINT('',#2318);
#2318 = CARTESIAN_POINT('',(6.245544776433,-0.101317997477,40.));
#2319 = LINE('',#2320,#2321);
#2320 = CARTESIAN_POINT('',(8.437997946462,-0.101317997477,40.));
#2321 = VECTOR('',#2322,1.);
#2322 = DIRECTION('',(-1.,0.,0.));
#2323 = ORIENTED_EDGE('',*,*,#2324,.T.);
#2324 = EDGE_CURVE('',#2317,#2325,#2327,.T.);
#2325 = VERTEX_POINT('',#2326);
#2326 = CARTESIAN_POINT('',(6.539357816779,-0.905982983068,40.));
#2327 = B_SPLINE_CURVE_WITH_KNOTS('',2,(#2328,#2329,#2330),
  .UNSPECIFIED.,.F.,.F.,(3,3),(0.,1.),.PIECEWISE_BEZIER_KNOTS.);
#2328 = CARTESIAN_POINT('',(6.245544776433,-0.101317997477,40.));
#2329 = CARTESIAN_POINT('',(6.283594128018,-0.649318717938,40.));
#2330 = CARTESIAN_POINT('',(6.539357816779,-0.905982983068,40.));
#2331 = ORIENTED_EDGE('',*,*,#2332,.T.);
#2332 = EDGE_CURVE('',#2325,#2333,#2335,.T.);
#2333 = VERTEX_POINT('',#2334);
#2334 = CARTESIAN_POINT('',(7.21726667845,-1.162422104105,40.));
#2335 = B_SPLINE_CURVE_WITH_KNOTS('',2,(#2336,#2337,#2338),
  .UNSPECIFIED.,.F.,.F.,(3,3),(0.,1.),.PIECEWISE_BEZIER_KNOTS.);
#2336 = CARTESIAN_POINT('',(6.539357816779,-0.905982983068,40.));
#2337 = CARTESIAN_POINT('',(6.795346649632,-1.162422104105,40.));
#2338 = CARTESIAN_POINT('',(7.21726667845,-1.162422104105,40.));
#2339 = ORIENTED_EDGE('',*,*,#2340,.T.);
#2340 = EDGE_CURVE('',#2333,#2341,#2343,.T.);
#2341 = VERTEX_POINT('',#2342);
#2342 = CARTESIAN_POINT('',(7.575245785078,-1.114016124278,40.));
#2343 = B_SPLINE_CURVE_WITH_KNOTS('',2,(#2344,#2345,#2346),
  .UNSPECIFIED.,.F.,.F.,(3,3),(0.,1.),.PIECEWISE_BEZIER_KNOTS.);
#2344 = CARTESIAN_POINT('',(7.21726667845,-1.162422104105,40.));
#2345 = CARTESIAN_POINT('',(7.424849531476,-1.162422104105,40.));
#2346 = CARTESIAN_POINT('',(7.575245785078,-1.114016124278,40.));
#2347 = ORIENTED_EDGE('',*,*,#2348,.T.);
#2348 = EDGE_CURVE('',#2341,#2349,#2351,.T.);
#2349 = VERTEX_POINT('',#2350);
#2350 = CARTESIAN_POINT('',(7.837988940698,-1.006397248197,40.));
#2351 = B_SPLINE_CURVE_WITH_KNOTS('',2,(#2352,#2353,#2354),
  .UNSPECIFIED.,.F.,.F.,(3,3),(0.,1.),.PIECEWISE_BEZIER_KNOTS.);
#2352 = CARTESIAN_POINT('',(7.575245785078,-1.114016124278,40.));
#2353 = CARTESIAN_POINT('',(7.725642038681,-1.065385000359,40.));
#2354 = CARTESIAN_POINT('',(7.837988940698,-1.006397248197,40.));
#2355 = ORIENTED_EDGE('',*,*,#2356,.T.);
#2356 = EDGE_CURVE('',#2349,#2357,#2359,.T.);
#2357 = VERTEX_POINT('',#2358);
#2358 = CARTESIAN_POINT('',(8.035215165482,-0.899003516209,40.));
#2359 = B_SPLINE_CURVE_WITH_KNOTS('',2,(#2360,#2361,#2362),
  .UNSPECIFIED.,.F.,.F.,(3,3),(0.,1.),.PIECEWISE_BEZIER_KNOTS.);
#2360 = CARTESIAN_POINT('',(7.837988940698,-1.006397248197,40.));
#2361 = CARTESIAN_POINT('',(7.950560986808,-0.947409496036,40.));
#2362 = CARTESIAN_POINT('',(8.035215165482,-0.899003516209,40.));
#2363 = ORIENTED_EDGE('',*,*,#2364,.T.);
#2364 = EDGE_CURVE('',#2357,#2365,#2367,.T.);
#2365 = VERTEX_POINT('',#2366);
#2366 = CARTESIAN_POINT('',(8.199570352802,-0.85037239229,40.));
#2367 = B_SPLINE_CURVE_WITH_KNOTS('',2,(#2368,#2369,#2370),
  .UNSPECIFIED.,.F.,.F.,(3,3),(0.,1.),.PIECEWISE_BEZIER_KNOTS.);
#2368 = CARTESIAN_POINT('',(8.035215165482,-0.899003516209,40.));
#2369 = CARTESIAN_POINT('',(8.119869344156,-0.85037239229,40.));
#2370 = CARTESIAN_POINT('',(8.199570352802,-0.85037239229,40.));
#2371 = ORIENTED_EDGE('',*,*,#2372,.T.);
#2372 = EDGE_CURVE('',#2365,#2373,#2375,.T.);
#2373 = VERTEX_POINT('',#2374);
#2374 = CARTESIAN_POINT('',(8.289402845597,-0.871310792866,40.));
#2375 = B_SPLINE_CURVE_WITH_KNOTS('',2,(#2376,#2377,#2378),
  .UNSPECIFIED.,.F.,.F.,(3,3),(0.,1.),.PIECEWISE_BEZIER_KNOTS.);
#2376 = CARTESIAN_POINT('',(8.199570352802,-0.85037239229,40.));
#2377 = CARTESIAN_POINT('',(8.251353494012,-0.85037239229,40.));
#2378 = CARTESIAN_POINT('',(8.289402845597,-0.871310792866,40.));
#2379 = ORIENTED_EDGE('',*,*,#2380,.T.);
#2380 = EDGE_CURVE('',#2373,#2381,#2383,.T.);
#2381 = VERTEX_POINT('',#2382);
#2382 = CARTESIAN_POINT('',(8.355144920525,-0.93052368912,40.));
#2383 = B_SPLINE_CURVE_WITH_KNOTS('',2,(#2384,#2385,#2386),
  .UNSPECIFIED.,.F.,.F.,(3,3),(0.,1.),.PIECEWISE_BEZIER_KNOTS.);
#2384 = CARTESIAN_POINT('',(8.289402845597,-0.871310792866,40.));
#2385 = CARTESIAN_POINT('',(8.327452197182,-0.892249193442,40.));
#2386 = CARTESIAN_POINT('',(8.355144920525,-0.93052368912,40.));
#2387 = ORIENTED_EDGE('',*,*,#2388,.T.);
#2388 = EDGE_CURVE('',#2381,#2389,#2391,.T.);
#2389 = VERTEX_POINT('',#2390);
#2390 = CARTESIAN_POINT('',(8.604154286519,-1.244149409581,40.));
#2391 = LINE('',#2392,#2393);
#2392 = CARTESIAN_POINT('',(8.355144920525,-0.93052368912,40.));
#2393 = VECTOR('',#2394,1.);
#2394 = DIRECTION('',(0.621811155655,-0.783167215033,0.));
#2395 = ORIENTED_EDGE('',*,*,#2396,.T.);
#2396 = EDGE_CURVE('',#2389,#2397,#2399,.T.);
#2397 = VERTEX_POINT('',#2398);
#2398 = CARTESIAN_POINT('',(8.285800540122,-1.518149769811,40.));
#2399 = B_SPLINE_CURVE_WITH_KNOTS('',2,(#2400,#2401,#2402),
  .UNSPECIFIED.,.F.,.F.,(3,3),(0.,1.),.PIECEWISE_BEZIER_KNOTS.);
#2400 = CARTESIAN_POINT('',(8.604154286519,-1.244149409581,40.));
#2401 = CARTESIAN_POINT('',(8.462313508421,-1.407604020532,40.));
#2402 = CARTESIAN_POINT('',(8.285800540122,-1.518149769811,40.));
#2403 = ORIENTED_EDGE('',*,*,#2404,.T.);
#2404 = EDGE_CURVE('',#2397,#2405,#2407,.T.);
#2405 = VERTEX_POINT('',#2406);
#2406 = CARTESIAN_POINT('',(7.917464805251,-1.695113026295,40.));
#2407 = B_SPLINE_CURVE_WITH_KNOTS('',2,(#2408,#2409,#2410),
  .UNSPECIFIED.,.F.,.F.,(3,3),(0.,1.),.PIECEWISE_BEZIER_KNOTS.);
#2408 = CARTESIAN_POINT('',(8.285800540122,-1.518149769811,40.));
#2409 = CARTESIAN_POINT('',(8.109512715914,-1.628695519091,40.));
#2410 = CARTESIAN_POINT('',(7.917464805251,-1.695113026295,40.));
#2411 = ORIENTED_EDGE('',*,*,#2412,.T.);
#2412 = EDGE_CURVE('',#2405,#2413,#2415,.T.);
#2413 = VERTEX_POINT('',#2414);
#2414 = CARTESIAN_POINT('',(7.526839805251,-1.788772968658,40.));
#2415 = B_SPLINE_CURVE_WITH_KNOTS('',2,(#2416,#2417,#2418),
  .UNSPECIFIED.,.F.,.F.,(3,3),(0.,1.),.PIECEWISE_BEZIER_KNOTS.);
#2416 = CARTESIAN_POINT('',(7.917464805251,-1.695113026295,40.));
#2417 = CARTESIAN_POINT('',(7.725642038681,-1.7615305335,40.));
#2418 = CARTESIAN_POINT('',(7.526839805251,-1.788772968658,40.));
#2419 = ORIENTED_EDGE('',*,*,#2420,.T.);
#2420 = EDGE_CURVE('',#2413,#2421,#2423,.T.);
#2421 = VERTEX_POINT('',#2422);
#2422 = CARTESIAN_POINT('',(7.14116797528,-1.816015403817,40.));
#2423 = B_SPLINE_CURVE_WITH_KNOTS('',2,(#2424,#2425,#2426),
  .UNSPECIFIED.,.F.,.F.,(3,3),(0.,1.),.PIECEWISE_BEZIER_KNOTS.);
#2424 = CARTESIAN_POINT('',(7.526839805251,-1.788772968658,40.));
#2425 = CARTESIAN_POINT('',(7.328037571822,-1.816015403817,40.));
#2426 = CARTESIAN_POINT('',(7.14116797528,-1.816015403817,40.));
#2427 = ORIENTED_EDGE('',*,*,#2428,.T.);
#2428 = EDGE_CURVE('',#2421,#2429,#2431,.T.);
#2429 = VERTEX_POINT('',#2430);
#2430 = CARTESIAN_POINT('',(6.453127629459,-1.69353701765,40.));
#2431 = B_SPLINE_CURVE_WITH_KNOTS('',2,(#2432,#2433,#2434),
  .UNSPECIFIED.,.F.,.F.,(3,3),(0.,1.),.PIECEWISE_BEZIER_KNOTS.);
#2432 = CARTESIAN_POINT('',(7.14116797528,-1.816015403817,40.));
#2433 = CARTESIAN_POINT('',(6.771256231764,-1.816015403817,40.));
#2434 = CARTESIAN_POINT('',(6.453127629459,-1.69353701765,40.));
#2435 = ORIENTED_EDGE('',*,*,#2436,.T.);
#2436 = EDGE_CURVE('',#2429,#2437,#2439,.T.);
#2437 = VERTEX_POINT('',#2438);
#2438 = CARTESIAN_POINT('',(5.899723450785,-1.331505317362,40.));
#2439 = B_SPLINE_CURVE_WITH_KNOTS('',2,(#2440,#2441,#2442),
  .UNSPECIFIED.,.F.,.F.,(3,3),(0.,1.),.PIECEWISE_BEZIER_KNOTS.);
#2440 = CARTESIAN_POINT('',(6.453127629459,-1.69353701765,40.));
#2441 = CARTESIAN_POINT('',(6.134999027153,-1.571058631483,40.));
#2442 = CARTESIAN_POINT('',(5.899723450785,-1.331505317362,40.));
#2443 = ORIENTED_EDGE('',*,*,#2444,.T.);
#2444 = EDGE_CURVE('',#2437,#2445,#2447,.T.);
#2445 = VERTEX_POINT('',#2446);
#2446 = CARTESIAN_POINT('',(5.529811707269,-0.738250634365,40.));
#2447 = B_SPLINE_CURVE_WITH_KNOTS('',2,(#2448,#2449,#2450),
  .UNSPECIFIED.,.F.,.F.,(3,3),(0.,1.),.PIECEWISE_BEZIER_KNOTS.);
#2448 = CARTESIAN_POINT('',(5.899723450785,-1.331505317362,40.));
#2449 = CARTESIAN_POINT('',(5.664673018508,-1.091726859148,40.));
#2450 = CARTESIAN_POINT('',(5.529811707269,-0.738250634365,40.));
#2451 = ORIENTED_EDGE('',*,*,#2452,.T.);
#2452 = EDGE_CURVE('',#2445,#2453,#2455,.T.);
#2453 = VERTEX_POINT('',#2454);
#2454 = CARTESIAN_POINT('',(5.394950396029,8.082357312829E-02,40.));
#2455 = B_SPLINE_CURVE_WITH_KNOTS('',2,(#2456,#2457,#2458),
  .UNSPECIFIED.,.F.,.F.,(3,3),(0.,1.),.PIECEWISE_BEZIER_KNOTS.);
#2456 = CARTESIAN_POINT('',(5.529811707269,-0.738250634365,40.));
#2457 = CARTESIAN_POINT('',(5.394950396029,-0.384774409581,40.));
#2458 = CARTESIAN_POINT('',(5.394950396029,8.082357312829E-02,40.));
#2459 = ORIENTED_EDGE('',*,*,#2460,.T.);
#2460 = EDGE_CURVE('',#2453,#2461,#2463,.T.);
#2461 = VERTEX_POINT('',#2462);
#2462 = CARTESIAN_POINT('',(5.512475612168,0.762109596183,40.));
#2463 = B_SPLINE_CURVE_WITH_KNOTS('',2,(#2464,#2465,#2466),
  .UNSPECIFIED.,.F.,.F.,(3,3),(0.,1.),.PIECEWISE_BEZIER_KNOTS.);
#2464 = CARTESIAN_POINT('',(5.394950396029,8.082357312829E-02,40.));
#2465 = CARTESIAN_POINT('',(5.394950396029,0.443080417509,40.));
#2466 = CARTESIAN_POINT('',(5.512475612168,0.762109596183,40.));
#2467 = ORIENTED_EDGE('',*,*,#2468,.T.);
#2468 = EDGE_CURVE('',#2461,#2469,#2471,.T.);
#2469 = VERTEX_POINT('',#2470);
#2470 = CARTESIAN_POINT('',(5.84951631822,1.317314927595,40.));
#2471 = B_SPLINE_CURVE_WITH_KNOTS('',2,(#2472,#2473,#2474),
  .UNSPECIFIED.,.F.,.F.,(3,3),(0.,1.),.PIECEWISE_BEZIER_KNOTS.);
#2472 = CARTESIAN_POINT('',(5.512475612168,0.762109596183,40.));
#2473 = CARTESIAN_POINT('',(5.630000828306,1.081138774857,40.));
#2474 = CARTESIAN_POINT('',(5.84951631822,1.317314927595,40.));
#2475 = ORIENTED_EDGE('',*,*,#2476,.T.);
#2476 = EDGE_CURVE('',#2469,#2243,#2477,.T.);
#2477 = B_SPLINE_CURVE_WITH_KNOTS('',2,(#2478,#2479,#2480),
  .UNSPECIFIED.,.F.,.F.,(3,3),(0.,1.),.PIECEWISE_BEZIER_KNOTS.);
#2478 = CARTESIAN_POINT('',(5.84951631822,1.317314927595,40.));
#2479 = CARTESIAN_POINT('',(6.069256952225,1.553491080333,40.));
#2480 = CARTESIAN_POINT('',(6.385584401793,1.691504408863,40.));
#2481 = FACE_BOUND('',#2482,.T.);
#2482 = EDGE_LOOP('',(#2483,#2493,#2501,#2509,#2517,#2525,#2533,#2541,
    #2549,#2557,#2565,#2573,#2581,#2589,#2597,#2605,#2613,#2621));
#2483 = ORIENTED_EDGE('',*,*,#2484,.T.);
#2484 = EDGE_CURVE('',#2485,#2487,#2489,.T.);
#2485 = VERTEX_POINT('',#2486);
#2486 = CARTESIAN_POINT('',(2.553857096318,-1.758378516209,40.));
#2487 = VERTEX_POINT('',#2488);
#2488 = CARTESIAN_POINT('',(1.699885554531,-1.758378516209,40.));
#2489 = LINE('',#2490,#2491);
#2490 = CARTESIAN_POINT('',(2.553857096318,-1.758378516209,40.));
#2491 = VECTOR('',#2492,1.);
#2492 = DIRECTION('',(-1.,0.,0.));
#2493 = ORIENTED_EDGE('',*,*,#2494,.T.);
#2494 = EDGE_CURVE('',#2487,#2495,#2497,.T.);
#2495 = VERTEX_POINT('',#2496);
#2496 = CARTESIAN_POINT('',(1.699885554531,3.385713702811,40.));
#2497 = LINE('',#2498,#2499);
#2498 = CARTESIAN_POINT('',(1.699885554531,-1.758378516209,40.));
#2499 = VECTOR('',#2500,1.);
#2500 = DIRECTION('',(0.,1.,0.));
#2501 = ORIENTED_EDGE('',*,*,#2502,.T.);
#2502 = EDGE_CURVE('',#2495,#2503,#2505,.T.);
#2503 = VERTEX_POINT('',#2504);
#2504 = CARTESIAN_POINT('',(2.553857096318,3.385713702811,40.));
#2505 = LINE('',#2506,#2507);
#2506 = CARTESIAN_POINT('',(1.699885554531,3.385713702811,40.));
#2507 = VECTOR('',#2508,1.);
#2508 = DIRECTION('',(1.,0.,0.));
#2509 = ORIENTED_EDGE('',*,*,#2510,.T.);
#2510 = EDGE_CURVE('',#2503,#2511,#2513,.T.);
#2511 = VERTEX_POINT('',#2512);
#2512 = CARTESIAN_POINT('',(2.553857096318,1.40196910627,40.));
#2513 = LINE('',#2514,#2515);
#2514 = CARTESIAN_POINT('',(2.553857096318,3.385713702811,40.));
#2515 = VECTOR('',#2516,1.);
#2516 = DIRECTION('',(0.,-1.,0.));
#2517 = ORIENTED_EDGE('',*,*,#2518,.T.);
#2518 = EDGE_CURVE('',#2511,#2519,#2521,.T.);
#2519 = VERTEX_POINT('',#2520);
#2520 = CARTESIAN_POINT('',(3.010449315338,1.722124005405,40.));
#2521 = B_SPLINE_CURVE_WITH_KNOTS('',2,(#2522,#2523,#2524),
  .UNSPECIFIED.,.F.,.F.,(3,3),(0.,1.),.PIECEWISE_BEZIER_KNOTS.);
#2522 = CARTESIAN_POINT('',(2.553857096318,1.40196910627,40.));
#2523 = CARTESIAN_POINT('',(2.761439949344,1.600321051514,40.));
#2524 = CARTESIAN_POINT('',(3.010449315338,1.722124005405,40.));
#2525 = ORIENTED_EDGE('',*,*,#2526,.T.);
#2526 = EDGE_CURVE('',#2519,#2527,#2529,.T.);
#2527 = VERTEX_POINT('',#2528);
#2528 = CARTESIAN_POINT('',(3.594923378738,1.843926959295,40.));
#2529 = B_SPLINE_CURVE_WITH_KNOTS('',2,(#2530,#2531,#2532),
  .UNSPECIFIED.,.F.,.F.,(3,3),(0.,1.),.PIECEWISE_BEZIER_KNOTS.);
#2530 = CARTESIAN_POINT('',(3.010449315338,1.722124005405,40.));
#2531 = CARTESIAN_POINT('',(3.259458681332,1.843926959295,40.));
#2532 = CARTESIAN_POINT('',(3.594923378738,1.843926959295,40.));
#2533 = ORIENTED_EDGE('',*,*,#2534,.T.);
#2534 = EDGE_CURVE('',#2527,#2535,#2537,.T.);
#2535 = VERTEX_POINT('',#2536);
#2536 = CARTESIAN_POINT('',(4.110053061736,1.745313846904,40.));
#2537 = B_SPLINE_CURVE_WITH_KNOTS('',2,(#2538,#2539,#2540),
  .UNSPECIFIED.,.F.,.F.,(3,3),(0.,1.),.PIECEWISE_BEZIER_KNOTS.);
#2538 = CARTESIAN_POINT('',(3.594923378738,1.843926959295,40.));
#2539 = CARTESIAN_POINT('',(3.885359257701,1.843926959295,40.));
#2540 = CARTESIAN_POINT('',(4.110053061736,1.745313846904,40.));
#2541 = ORIENTED_EDGE('',*,*,#2542,.T.);
#2542 = EDGE_CURVE('',#2535,#2543,#2545,.T.);
#2543 = VERTEX_POINT('',#2544);
#2544 = CARTESIAN_POINT('',(4.485368263465,1.468836901659,40.));
#2545 = B_SPLINE_CURVE_WITH_KNOTS('',2,(#2546,#2547,#2548),
  .UNSPECIFIED.,.F.,.F.,(3,3),(0.,1.),.PIECEWISE_BEZIER_KNOTS.);
#2546 = CARTESIAN_POINT('',(4.110053061736,1.745313846904,40.));
#2547 = CARTESIAN_POINT('',(4.334972009862,1.646925878604,40.));
#2548 = CARTESIAN_POINT('',(4.485368263465,1.468836901659,40.));
#2549 = ORIENTED_EDGE('',*,*,#2550,.T.);
#2550 = EDGE_CURVE('',#2543,#2551,#2553,.T.);
#2551 = VERTEX_POINT('',#2552);
#2552 = CARTESIAN_POINT('',(4.713439228883,1.043539711457,40.));
#2553 = B_SPLINE_CURVE_WITH_KNOTS('',2,(#2554,#2555,#2556),
  .UNSPECIFIED.,.F.,.F.,(3,3),(0.,1.),.PIECEWISE_BEZIER_KNOTS.);
#2554 = CARTESIAN_POINT('',(4.485368263465,1.468836901659,40.));
#2555 = CARTESIAN_POINT('',(4.635764517067,1.290747924713,40.));
#2556 = CARTESIAN_POINT('',(4.713439228883,1.043539711457,40.));
#2557 = ORIENTED_EDGE('',*,*,#2558,.T.);
#2558 = EDGE_CURVE('',#2551,#2559,#2561,.T.);
#2559 = VERTEX_POINT('',#2560);
#2560 = CARTESIAN_POINT('',(4.79133908479,0.499141296471,40.));
#2561 = B_SPLINE_CURVE_WITH_KNOTS('',2,(#2562,#2563,#2564),
  .UNSPECIFIED.,.F.,.F.,(3,3),(0.,1.),.PIECEWISE_BEZIER_KNOTS.);
#2562 = CARTESIAN_POINT('',(4.713439228883,1.043539711457,40.));
#2563 = CARTESIAN_POINT('',(4.79133908479,0.7963314982,40.));
#2564 = CARTESIAN_POINT('',(4.79133908479,0.499141296471,40.));
#2565 = ORIENTED_EDGE('',*,*,#2566,.T.);
#2566 = EDGE_CURVE('',#2559,#2567,#2569,.T.);
#2567 = VERTEX_POINT('',#2568);
#2568 = CARTESIAN_POINT('',(4.79133908479,-1.758378516209,40.));
#2569 = LINE('',#2570,#2571);
#2570 = CARTESIAN_POINT('',(4.79133908479,0.499141296471,40.));
#2571 = VECTOR('',#2572,1.);
#2572 = DIRECTION('',(0.,-1.,0.));
#2573 = ORIENTED_EDGE('',*,*,#2574,.T.);
#2574 = EDGE_CURVE('',#2567,#2575,#2577,.T.);
#2575 = VERTEX_POINT('',#2576);
#2576 = CARTESIAN_POINT('',(3.937142398911,-1.758378516209,40.));
#2577 = LINE('',#2578,#2579);
#2578 = CARTESIAN_POINT('',(4.79133908479,-1.758378516209,40.));
#2579 = VECTOR('',#2580,1.);
#2580 = DIRECTION('',(-1.,0.,0.));
#2581 = ORIENTED_EDGE('',*,*,#2582,.T.);
#2582 = EDGE_CURVE('',#2575,#2583,#2585,.T.);
#2583 = VERTEX_POINT('',#2584);
#2584 = CARTESIAN_POINT('',(3.937142398911,0.499816728748,40.));
#2585 = LINE('',#2586,#2587);
#2586 = CARTESIAN_POINT('',(3.937142398911,-1.758378516209,40.));
#2587 = VECTOR('',#2588,1.);
#2588 = DIRECTION('',(0.,1.,0.));
#2589 = ORIENTED_EDGE('',*,*,#2590,.T.);
#2590 = EDGE_CURVE('',#2583,#2591,#2593,.T.);
#2591 = VERTEX_POINT('',#2592);
#2592 = CARTESIAN_POINT('',(3.786746145309,1.003013774857,40.));
#2593 = B_SPLINE_CURVE_WITH_KNOTS('',2,(#2594,#2595,#2596),
  .UNSPECIFIED.,.F.,.F.,(3,3),(0.,1.),.PIECEWISE_BEZIER_KNOTS.);
#2594 = CARTESIAN_POINT('',(3.937142398911,0.499816728748,40.));
#2595 = CARTESIAN_POINT('',(3.937142398911,0.824924797912,40.));
#2596 = CARTESIAN_POINT('',(3.786746145309,1.003013774857,40.));
#2597 = ORIENTED_EDGE('',*,*,#2598,.T.);
#2598 = EDGE_CURVE('',#2591,#2599,#2601,.T.);
#2599 = VERTEX_POINT('',#2600);
#2600 = CARTESIAN_POINT('',(3.335557384502,1.181102751803,40.));
#2601 = B_SPLINE_CURVE_WITH_KNOTS('',2,(#2602,#2603,#2604),
  .UNSPECIFIED.,.F.,.F.,(3,3),(0.,1.),.PIECEWISE_BEZIER_KNOTS.);
#2602 = CARTESIAN_POINT('',(3.786746145309,1.003013774857,40.));
#2603 = CARTESIAN_POINT('',(3.636349891707,1.181102751803,40.));
#2604 = CARTESIAN_POINT('',(3.335557384502,1.181102751803,40.));
#2605 = ORIENTED_EDGE('',*,*,#2606,.T.);
#2606 = EDGE_CURVE('',#2599,#2607,#2609,.T.);
#2607 = VERTEX_POINT('',#2608);
#2608 = CARTESIAN_POINT('',(2.92039167845,1.080463342581,40.));
#2609 = B_SPLINE_CURVE_WITH_KNOTS('',2,(#2610,#2611,#2612),
  .UNSPECIFIED.,.F.,.F.,(3,3),(0.,1.),.PIECEWISE_BEZIER_KNOTS.);
#2610 = CARTESIAN_POINT('',(3.335557384502,1.181102751803,40.));
#2611 = CARTESIAN_POINT('',(3.114240741851,1.181102751803,40.));
#2612 = CARTESIAN_POINT('',(2.92039167845,1.080463342581,40.));
#2613 = ORIENTED_EDGE('',*,*,#2614,.T.);
#2614 = EDGE_CURVE('',#2607,#2615,#2617,.T.);
#2615 = VERTEX_POINT('',#2616);
#2616 = CARTESIAN_POINT('',(2.553857096318,0.806913270535,40.));
#2617 = B_SPLINE_CURVE_WITH_KNOTS('',2,(#2618,#2619,#2620),
  .UNSPECIFIED.,.F.,.F.,(3,3),(0.,1.),.PIECEWISE_BEZIER_KNOTS.);
#2618 = CARTESIAN_POINT('',(2.92039167845,1.080463342581,40.));
#2619 = CARTESIAN_POINT('',(2.726767759142,0.980049077451,40.));
#2620 = CARTESIAN_POINT('',(2.553857096318,0.806913270535,40.));
#2621 = ORIENTED_EDGE('',*,*,#2622,.T.);
#2622 = EDGE_CURVE('',#2615,#2485,#2623,.T.);
#2623 = LINE('',#2624,#2625);
#2624 = CARTESIAN_POINT('',(2.553857096318,0.806913270535,40.));
#2625 = VECTOR('',#2626,1.);
#2626 = DIRECTION('',(0.,-1.,0.));
#2627 = PLANE('',#2628);
#2628 = AXIS2_PLACEMENT_3D('',#2629,#2630,#2631);
#2629 = CARTESIAN_POINT('',(-1.093952106032E-15,1.371473012632E-15,40.)
  );
#2630 = DIRECTION('',(0.,0.,1.));
#2631 = DIRECTION('',(1.,0.,0.));
#2632 = ADVANCED_FACE('',(#2633),#2675,.F.);
#2633 = FACE_BOUND('',#2634,.F.);
#2634 = EDGE_LOOP('',(#2635,#2636,#2644,#2652,#2661,#2669));
#2635 = ORIENTED_EDGE('',*,*,#83,.F.);
#2636 = ORIENTED_EDGE('',*,*,#2637,.T.);
#2637 = EDGE_CURVE('',#84,#2638,#2640,.T.);
#2638 = VERTEX_POINT('',#2639);
#2639 = CARTESIAN_POINT('',(-10.,-4.5,-15.));
#2640 = LINE('',#2641,#2642);
#2641 = CARTESIAN_POINT('',(-10.,-4.5,0.));
#2642 = VECTOR('',#2643,1.);
#2643 = DIRECTION('',(0.,0.,-1.));
#2644 = ORIENTED_EDGE('',*,*,#2645,.T.);
#2645 = EDGE_CURVE('',#2638,#2646,#2648,.T.);
#2646 = VERTEX_POINT('',#2647);
#2647 = CARTESIAN_POINT('',(-10.,-2.12132034356,-12.62132034356));
#2648 = LINE('',#2649,#2650);
#2649 = CARTESIAN_POINT('',(-10.,-0.75,-11.25));
#2650 = VECTOR('',#2651,1.);
#2651 = DIRECTION('',(0.,0.707106781187,0.707106781187));
#2652 = ORIENTED_EDGE('',*,*,#2653,.F.);
#2653 = EDGE_CURVE('',#2654,#2646,#2656,.T.);
#2654 = VERTEX_POINT('',#2655);
#2655 = CARTESIAN_POINT('',(-10.,2.12132034356,-12.62132034356));
#2656 = CIRCLE('',#2657,3.);
#2657 = AXIS2_PLACEMENT_3D('',#2658,#2659,#2660);
#2658 = CARTESIAN_POINT('',(-10.,7.013793345985E-16,-14.74264068711));
#2659 = DIRECTION('',(1.,0.,0.));
#2660 = DIRECTION('',(0.,1.,0.));
#2661 = ORIENTED_EDGE('',*,*,#2662,.T.);
#2662 = EDGE_CURVE('',#2654,#2663,#2665,.T.);
#2663 = VERTEX_POINT('',#2664);
#2664 = CARTESIAN_POINT('',(-10.,4.5,-15.));
#2665 = LINE('',#2666,#2667);
#2666 = CARTESIAN_POINT('',(-10.,-2.68933982822,-7.81066017178));
#2667 = VECTOR('',#2668,1.);
#2668 = DIRECTION('',(0.,0.707106781187,-0.707106781187));
#2669 = ORIENTED_EDGE('',*,*,#2670,.F.);
#2670 = EDGE_CURVE('',#86,#2663,#2671,.T.);
#2671 = LINE('',#2672,#2673);
#2672 = CARTESIAN_POINT('',(-10.,4.5,0.));
#2673 = VECTOR('',#2674,1.);
#2674 = DIRECTION('',(0.,0.,-1.));
#2675 = PLANE('',#2676);
#2676 = AXIS2_PLACEMENT_3D('',#2677,#2678,#2679);
#2677 = CARTESIAN_POINT('',(-10.,-4.5,0.));
#2678 = DIRECTION('',(1.,0.,0.));
#2679 = DIRECTION('',(0.,1.,0.));
#2680 = ADVANCED_FACE('',(#2681),#2699,.F.);
#2681 = FACE_BOUND('',#2682,.F.);
#2682 = EDGE_LOOP('',(#2683,#2691,#2697,#2698));
#2683 = ORIENTED_EDGE('',*,*,#2684,.T.);
#2684 = EDGE_CURVE('',#102,#2685,#2687,.T.);
#2685 = VERTEX_POINT('',#2686);
#2686 = CARTESIAN_POINT('',(10.,-4.5,-15.));
#2687 = LINE('',#2688,#2689);
#2688 = CARTESIAN_POINT('',(10.,-4.5,0.));
#2689 = VECTOR('',#2690,1.);
#2690 = DIRECTION('',(0.,0.,-1.));
#2691 = ORIENTED_EDGE('',*,*,#2692,.T.);
#2692 = EDGE_CURVE('',#2685,#2638,#2693,.T.);
#2693 = LINE('',#2694,#2695);
#2694 = CARTESIAN_POINT('',(10.,-4.5,-15.));
#2695 = VECTOR('',#2696,1.);
#2696 = DIRECTION('',(-1.,0.,0.));
#2697 = ORIENTED_EDGE('',*,*,#2637,.F.);
#2698 = ORIENTED_EDGE('',*,*,#109,.F.);
#2699 = PLANE('',#2700);
#2700 = AXIS2_PLACEMENT_3D('',#2701,#2702,#2703);
#2701 = CARTESIAN_POINT('',(10.,-4.5,0.));
#2702 = DIRECTION('',(0.,1.,0.));
#2703 = DIRECTION('',(-1.,0.,0.));
#2704 = ADVANCED_FACE('',(#2705),#2740,.F.);
#2705 = FACE_BOUND('',#2706,.F.);
#2706 = EDGE_LOOP('',(#2707,#2708,#2716,#2724,#2733,#2739));
#2707 = ORIENTED_EDGE('',*,*,#101,.F.);
#2708 = ORIENTED_EDGE('',*,*,#2709,.T.);
#2709 = EDGE_CURVE('',#94,#2710,#2712,.T.);
#2710 = VERTEX_POINT('',#2711);
#2711 = CARTESIAN_POINT('',(10.,4.5,-15.));
#2712 = LINE('',#2713,#2714);
#2713 = CARTESIAN_POINT('',(10.,4.5,0.));
#2714 = VECTOR('',#2715,1.);
#2715 = DIRECTION('',(0.,0.,-1.));
#2716 = ORIENTED_EDGE('',*,*,#2717,.F.);
#2717 = EDGE_CURVE('',#2718,#2710,#2720,.T.);
#2718 = VERTEX_POINT('',#2719);
#2719 = CARTESIAN_POINT('',(10.,2.12132034356,-12.62132034356));
#2720 = LINE('',#2721,#2722);
#2721 = CARTESIAN_POINT('',(10.,2.12132034356,-12.62132034356));
#2722 = VECTOR('',#2723,1.);
#2723 = DIRECTION('',(0.,0.707106781187,-0.707106781187));
#2724 = ORIENTED_EDGE('',*,*,#2725,.T.);
#2725 = EDGE_CURVE('',#2718,#2726,#2728,.T.);
#2726 = VERTEX_POINT('',#2727);
#2727 = CARTESIAN_POINT('',(10.,-2.12132034356,-12.62132034356));
#2728 = CIRCLE('',#2729,3.);
#2729 = AXIS2_PLACEMENT_3D('',#2730,#2731,#2732);
#2730 = CARTESIAN_POINT('',(10.,7.013793345985E-16,-14.74264068711));
#2731 = DIRECTION('',(1.,0.,0.));
#2732 = DIRECTION('',(0.,1.,0.));
#2733 = ORIENTED_EDGE('',*,*,#2734,.F.);
#2734 = EDGE_CURVE('',#2685,#2726,#2735,.T.);
#2735 = LINE('',#2736,#2737);
#2736 = CARTESIAN_POINT('',(10.,-4.5,-15.));
#2737 = VECTOR('',#2738,1.);
#2738 = DIRECTION('',(0.,0.707106781187,0.707106781187));
#2739 = ORIENTED_EDGE('',*,*,#2684,.F.);
#2740 = PLANE('',#2741);
#2741 = AXIS2_PLACEMENT_3D('',#2742,#2743,#2744);
#2742 = CARTESIAN_POINT('',(10.,4.5,0.));
#2743 = DIRECTION('',(-1.,-0.,-0.));
#2744 = DIRECTION('',(0.,-1.,0.));
#2745 = ADVANCED_FACE('',(#2746),#2757,.F.);
#2746 = FACE_BOUND('',#2747,.F.);
#2747 = EDGE_LOOP('',(#2748,#2749,#2755,#2756));
#2748 = ORIENTED_EDGE('',*,*,#2670,.T.);
#2749 = ORIENTED_EDGE('',*,*,#2750,.T.);
#2750 = EDGE_CURVE('',#2663,#2710,#2751,.T.);
#2751 = LINE('',#2752,#2753);
#2752 = CARTESIAN_POINT('',(-10.,4.5,-15.));
#2753 = VECTOR('',#2754,1.);
#2754 = DIRECTION('',(1.,0.,0.));
#2755 = ORIENTED_EDGE('',*,*,#2709,.F.);
#2756 = ORIENTED_EDGE('',*,*,#93,.F.);
#2757 = PLANE('',#2758);
#2758 = AXIS2_PLACEMENT_3D('',#2759,#2760,#2761);
#2759 = CARTESIAN_POINT('',(-10.,4.5,0.));
#2760 = DIRECTION('',(0.,-1.,0.));
#2761 = DIRECTION('',(1.,0.,0.));
#2762 = ADVANCED_FACE('',(#2763),#2788,.T.);
#2763 = FACE_BOUND('',#2764,.T.);
#2764 = EDGE_LOOP('',(#2765,#2773,#2781,#2787));
#2765 = ORIENTED_EDGE('',*,*,#2766,.T.);
#2766 = EDGE_CURVE('',#127,#2767,#2769,.T.);
#2767 = VERTEX_POINT('',#2768);
#2768 = CARTESIAN_POINT('',(-4.746468015585,-7.349371035804,38.));
#2769 = LINE('',#2770,#2771);
#2770 = CARTESIAN_POINT('',(-4.746468015585,-7.349371035804,40.));
#2771 = VECTOR('',#2772,1.);
#2772 = DIRECTION('',(-0.,-0.,-1.));
#2773 = ORIENTED_EDGE('',*,*,#2774,.T.);
#2774 = EDGE_CURVE('',#2767,#2775,#2777,.T.);
#2775 = VERTEX_POINT('',#2776);
#2776 = CARTESIAN_POINT('',(-4.770378318179,-7.226307274997,38.));
#2777 = B_SPLINE_CURVE_WITH_KNOTS('',2,(#2778,#2779,#2780),
  .UNSPECIFIED.,.F.,.F.,(3,3),(0.,1.),.PIECEWISE_BEZIER_KNOTS.);
#2778 = CARTESIAN_POINT('',(-4.746468015585,-7.349371035804,38.));
#2779 = CARTESIAN_POINT('',(-4.770378318179,-7.292499638109,38.));
#2780 = CARTESIAN_POINT('',(-4.770378318179,-7.226307274997,38.));
#2781 = ORIENTED_EDGE('',*,*,#2782,.F.);
#2782 = EDGE_CURVE('',#129,#2775,#2783,.T.);
#2783 = LINE('',#2784,#2785);
#2784 = CARTESIAN_POINT('',(-4.770378318179,-7.226307274997,40.));
#2785 = VECTOR('',#2786,1.);
#2786 = DIRECTION('',(-0.,-0.,-1.));
#2787 = ORIENTED_EDGE('',*,*,#126,.F.);
#2788 = SURFACE_OF_LINEAR_EXTRUSION('',#2789,#2793);
#2789 = B_SPLINE_CURVE_WITH_KNOTS('',2,(#2790,#2791,#2792),
  .UNSPECIFIED.,.F.,.F.,(3,3),(0.,1.),.PIECEWISE_BEZIER_KNOTS.);
#2790 = CARTESIAN_POINT('',(-4.746468015585,-7.349371035804,40.));
#2791 = CARTESIAN_POINT('',(-4.770378318179,-7.292499638109,40.));
#2792 = CARTESIAN_POINT('',(-4.770378318179,-7.226307274997,40.));
#2793 = VECTOR('',#2794,1.);
#2794 = DIRECTION('',(0.,0.,1.));
#2795 = ADVANCED_FACE('',(#2796),#2814,.T.);
#2796 = FACE_BOUND('',#2797,.T.);
#2797 = EDGE_LOOP('',(#2798,#2806,#2812,#2813));
#2798 = ORIENTED_EDGE('',*,*,#2799,.T.);
#2799 = EDGE_CURVE('',#241,#2800,#2802,.T.);
#2800 = VERTEX_POINT('',#2801);
#2801 = CARTESIAN_POINT('',(-4.680140566018,-7.44757888883,38.));
#2802 = LINE('',#2803,#2804);
#2803 = CARTESIAN_POINT('',(-4.680140566018,-7.44757888883,40.));
#2804 = VECTOR('',#2805,1.);
#2805 = DIRECTION('',(-0.,-0.,-1.));
#2806 = ORIENTED_EDGE('',*,*,#2807,.T.);
#2807 = EDGE_CURVE('',#2800,#2767,#2808,.T.);
#2808 = B_SPLINE_CURVE_WITH_KNOTS('',2,(#2809,#2810,#2811),
  .UNSPECIFIED.,.F.,.F.,(3,3),(0.,1.),.PIECEWISE_BEZIER_KNOTS.);
#2809 = CARTESIAN_POINT('',(-4.680140566018,-7.44757888883,38.));
#2810 = CARTESIAN_POINT('',(-4.722557712992,-7.406242433499,38.));
#2811 = CARTESIAN_POINT('',(-4.746468015585,-7.349371035804,38.));
#2812 = ORIENTED_EDGE('',*,*,#2766,.F.);
#2813 = ORIENTED_EDGE('',*,*,#248,.F.);
#2814 = SURFACE_OF_LINEAR_EXTRUSION('',#2815,#2819);
#2815 = B_SPLINE_CURVE_WITH_KNOTS('',2,(#2816,#2817,#2818),
  .UNSPECIFIED.,.F.,.F.,(3,3),(0.,1.),.PIECEWISE_BEZIER_KNOTS.);
#2816 = CARTESIAN_POINT('',(-4.680140566018,-7.44757888883,40.));
#2817 = CARTESIAN_POINT('',(-4.722557712992,-7.406242433499,40.));
#2818 = CARTESIAN_POINT('',(-4.746468015585,-7.349371035804,40.));
#2819 = VECTOR('',#2820,1.);
#2820 = DIRECTION('',(0.,0.,1.));
#2821 = ADVANCED_FACE('',(#2822),#2840,.T.);
#2822 = FACE_BOUND('',#2823,.T.);
#2823 = EDGE_LOOP('',(#2824,#2832,#2838,#2839));
#2824 = ORIENTED_EDGE('',*,*,#2825,.T.);
#2825 = EDGE_CURVE('',#233,#2826,#2828,.T.);
#2826 = VERTEX_POINT('',#2827);
#2827 = CARTESIAN_POINT('',(-4.579501156796,-7.5126905603,38.));
#2828 = LINE('',#2829,#2830);
#2829 = CARTESIAN_POINT('',(-4.579501156796,-7.5126905603,40.));
#2830 = VECTOR('',#2831,1.);
#2831 = DIRECTION('',(-0.,-0.,-1.));
#2832 = ORIENTED_EDGE('',*,*,#2833,.T.);
#2833 = EDGE_CURVE('',#2826,#2800,#2834,.T.);
#2834 = B_SPLINE_CURVE_WITH_KNOTS('',2,(#2835,#2836,#2837),
  .UNSPECIFIED.,.F.,.F.,(3,3),(0.,1.),.PIECEWISE_BEZIER_KNOTS.);
#2835 = CARTESIAN_POINT('',(-4.579501156796,-7.5126905603,38.));
#2836 = CARTESIAN_POINT('',(-4.637588332588,-7.488915344161,38.));
#2837 = CARTESIAN_POINT('',(-4.680140566018,-7.44757888883,38.));
#2838 = ORIENTED_EDGE('',*,*,#2799,.F.);
#2839 = ORIENTED_EDGE('',*,*,#240,.F.);
#2840 = SURFACE_OF_LINEAR_EXTRUSION('',#2841,#2845);
#2841 = B_SPLINE_CURVE_WITH_KNOTS('',2,(#2842,#2843,#2844),
  .UNSPECIFIED.,.F.,.F.,(3,3),(0.,1.),.PIECEWISE_BEZIER_KNOTS.);
#2842 = CARTESIAN_POINT('',(-4.579501156796,-7.5126905603,40.));
#2843 = CARTESIAN_POINT('',(-4.637588332588,-7.488915344161,40.));
#2844 = CARTESIAN_POINT('',(-4.680140566018,-7.44757888883,40.));
#2845 = VECTOR('',#2846,1.);
#2846 = DIRECTION('',(0.,0.,1.));
#2847 = ADVANCED_FACE('',(#2848),#2866,.T.);
#2848 = FACE_BOUND('',#2849,.T.);
#2849 = EDGE_LOOP('',(#2850,#2858,#2864,#2865));
#2850 = ORIENTED_EDGE('',*,*,#2851,.T.);
#2851 = EDGE_CURVE('',#225,#2852,#2854,.T.);
#2852 = VERTEX_POINT('',#2853);
#2853 = CARTESIAN_POINT('',(-4.45495144498,-7.536465776438,38.));
#2854 = LINE('',#2855,#2856);
#2855 = CARTESIAN_POINT('',(-4.45495144498,-7.536465776438,40.));
#2856 = VECTOR('',#2857,1.);
#2857 = DIRECTION('',(-0.,-0.,-1.));
#2858 = ORIENTED_EDGE('',*,*,#2859,.T.);
#2859 = EDGE_CURVE('',#2852,#2826,#2860,.T.);
#2860 = B_SPLINE_CURVE_WITH_KNOTS('',2,(#2861,#2862,#2863),
  .UNSPECIFIED.,.F.,.F.,(3,3),(0.,1.),.PIECEWISE_BEZIER_KNOTS.);
#2861 = CARTESIAN_POINT('',(-4.45495144498,-7.536465776438,38.));
#2862 = CARTESIAN_POINT('',(-4.521413981003,-7.536465776438,38.));
#2863 = CARTESIAN_POINT('',(-4.579501156796,-7.5126905603,38.));
#2864 = ORIENTED_EDGE('',*,*,#2825,.F.);
#2865 = ORIENTED_EDGE('',*,*,#232,.F.);
#2866 = SURFACE_OF_LINEAR_EXTRUSION('',#2867,#2871);
#2867 = B_SPLINE_CURVE_WITH_KNOTS('',2,(#2868,#2869,#2870),
  .UNSPECIFIED.,.F.,.F.,(3,3),(0.,1.),.PIECEWISE_BEZIER_KNOTS.);
#2868 = CARTESIAN_POINT('',(-4.45495144498,-7.536465776438,40.));
#2869 = CARTESIAN_POINT('',(-4.521413981003,-7.536465776438,40.));
#2870 = CARTESIAN_POINT('',(-4.579501156796,-7.5126905603,40.));
#2871 = VECTOR('',#2872,1.);
#2872 = DIRECTION('',(0.,0.,1.));
#2873 = ADVANCED_FACE('',(#2874),#2892,.T.);
#2874 = FACE_BOUND('',#2875,.T.);
#2875 = EDGE_LOOP('',(#2876,#2884,#2890,#2891));
#2876 = ORIENTED_EDGE('',*,*,#2877,.T.);
#2877 = EDGE_CURVE('',#217,#2878,#2880,.T.);
#2878 = VERTEX_POINT('',#2879);
#2879 = CARTESIAN_POINT('',(-4.33256311645,-7.5126905603,38.));
#2880 = LINE('',#2881,#2882);
#2881 = CARTESIAN_POINT('',(-4.33256311645,-7.5126905603,40.));
#2882 = VECTOR('',#2883,1.);
#2883 = DIRECTION('',(-0.,-0.,-1.));
#2884 = ORIENTED_EDGE('',*,*,#2885,.T.);
#2885 = EDGE_CURVE('',#2878,#2852,#2886,.T.);
#2886 = B_SPLINE_CURVE_WITH_KNOTS('',2,(#2887,#2888,#2889),
  .UNSPECIFIED.,.F.,.F.,(3,3),(0.,1.),.PIECEWISE_BEZIER_KNOTS.);
#2887 = CARTESIAN_POINT('',(-4.33256311645,-7.5126905603,38.));
#2888 = CARTESIAN_POINT('',(-4.390650292242,-7.536465776438,38.));
#2889 = CARTESIAN_POINT('',(-4.45495144498,-7.536465776438,38.));
#2890 = ORIENTED_EDGE('',*,*,#2851,.F.);
#2891 = ORIENTED_EDGE('',*,*,#224,.F.);
#2892 = SURFACE_OF_LINEAR_EXTRUSION('',#2893,#2897);
#2893 = B_SPLINE_CURVE_WITH_KNOTS('',2,(#2894,#2895,#2896),
  .UNSPECIFIED.,.F.,.F.,(3,3),(0.,1.),.PIECEWISE_BEZIER_KNOTS.);
#2894 = CARTESIAN_POINT('',(-4.33256311645,-7.5126905603,40.));
#2895 = CARTESIAN_POINT('',(-4.390650292242,-7.536465776438,40.));
#2896 = CARTESIAN_POINT('',(-4.45495144498,-7.536465776438,40.));
#2897 = VECTOR('',#2898,1.);
#2898 = DIRECTION('',(0.,0.,1.));
#2899 = ADVANCED_FACE('',(#2900),#2918,.T.);
#2900 = FACE_BOUND('',#2901,.T.);
#2901 = EDGE_LOOP('',(#2902,#2910,#2916,#2917));
#2902 = ORIENTED_EDGE('',*,*,#2903,.T.);
#2903 = EDGE_CURVE('',#209,#2904,#2906,.T.);
#2904 = VERTEX_POINT('',#2905);
#2905 = CARTESIAN_POINT('',(-4.233004398871,-7.44757888883,38.));
#2906 = LINE('',#2907,#2908);
#2907 = CARTESIAN_POINT('',(-4.233004398871,-7.44757888883,40.));
#2908 = VECTOR('',#2909,1.);
#2909 = DIRECTION('',(-0.,-0.,-1.));
#2910 = ORIENTED_EDGE('',*,*,#2911,.T.);
#2911 = EDGE_CURVE('',#2904,#2878,#2912,.T.);
#2912 = B_SPLINE_CURVE_WITH_KNOTS('',2,(#2913,#2914,#2915),
  .UNSPECIFIED.,.F.,.F.,(3,3),(0.,1.),.PIECEWISE_BEZIER_KNOTS.);
#2913 = CARTESIAN_POINT('',(-4.233004398871,-7.44757888883,38.));
#2914 = CARTESIAN_POINT('',(-4.274475940657,-7.488915344161,38.));
#2915 = CARTESIAN_POINT('',(-4.33256311645,-7.5126905603,38.));
#2916 = ORIENTED_EDGE('',*,*,#2877,.F.);
#2917 = ORIENTED_EDGE('',*,*,#216,.F.);
#2918 = SURFACE_OF_LINEAR_EXTRUSION('',#2919,#2923);
#2919 = B_SPLINE_CURVE_WITH_KNOTS('',2,(#2920,#2921,#2922),
  .UNSPECIFIED.,.F.,.F.,(3,3),(0.,1.),.PIECEWISE_BEZIER_KNOTS.);
#2920 = CARTESIAN_POINT('',(-4.233004398871,-7.44757888883,40.));
#2921 = CARTESIAN_POINT('',(-4.274475940657,-7.488915344161,40.));
#2922 = CARTESIAN_POINT('',(-4.33256311645,-7.5126905603,40.));
#2923 = VECTOR('',#2924,1.);
#2924 = DIRECTION('',(0.,0.,1.));
#2925 = ADVANCED_FACE('',(#2926),#2944,.T.);
#2926 = FACE_BOUND('',#2927,.T.);
#2927 = EDGE_LOOP('',(#2928,#2936,#2942,#2943));
#2928 = ORIENTED_EDGE('',*,*,#2929,.T.);
#2929 = EDGE_CURVE('',#201,#2930,#2932,.T.);
#2930 = VERTEX_POINT('',#2931);
#2931 = CARTESIAN_POINT('',(-4.166541862848,-7.349371035804,38.));
#2932 = LINE('',#2933,#2934);
#2933 = CARTESIAN_POINT('',(-4.166541862848,-7.349371035804,40.));
#2934 = VECTOR('',#2935,1.);
#2935 = DIRECTION('',(-0.,-0.,-1.));
#2936 = ORIENTED_EDGE('',*,*,#2937,.T.);
#2937 = EDGE_CURVE('',#2930,#2904,#2938,.T.);
#2938 = B_SPLINE_CURVE_WITH_KNOTS('',2,(#2939,#2940,#2941),
  .UNSPECIFIED.,.F.,.F.,(3,3),(0.,1.),.PIECEWISE_BEZIER_KNOTS.);
#2939 = CARTESIAN_POINT('',(-4.166541862848,-7.349371035804,38.));
#2940 = CARTESIAN_POINT('',(-4.191397770629,-7.406242433499,38.));
#2941 = CARTESIAN_POINT('',(-4.233004398871,-7.44757888883,38.));
#2942 = ORIENTED_EDGE('',*,*,#2903,.F.);
#2943 = ORIENTED_EDGE('',*,*,#208,.F.);
#2944 = SURFACE_OF_LINEAR_EXTRUSION('',#2945,#2949);
#2945 = B_SPLINE_CURVE_WITH_KNOTS('',2,(#2946,#2947,#2948),
  .UNSPECIFIED.,.F.,.F.,(3,3),(0.,1.),.PIECEWISE_BEZIER_KNOTS.);
#2946 = CARTESIAN_POINT('',(-4.166541862848,-7.349371035804,40.));
#2947 = CARTESIAN_POINT('',(-4.191397770629,-7.406242433499,40.));
#2948 = CARTESIAN_POINT('',(-4.233004398871,-7.44757888883,40.));
#2949 = VECTOR('',#2950,1.);
#2950 = DIRECTION('',(0.,0.,1.));
#2951 = ADVANCED_FACE('',(#2952),#2970,.T.);
#2952 = FACE_BOUND('',#2953,.T.);
#2953 = EDGE_LOOP('',(#2954,#2962,#2968,#2969));
#2954 = ORIENTED_EDGE('',*,*,#2955,.T.);
#2955 = EDGE_CURVE('',#193,#2956,#2958,.T.);
#2956 = VERTEX_POINT('',#2957);
#2957 = CARTESIAN_POINT('',(-4.141685955067,-7.226307274997,38.));
#2958 = LINE('',#2959,#2960);
#2959 = CARTESIAN_POINT('',(-4.141685955067,-7.226307274997,40.));
#2960 = VECTOR('',#2961,1.);
#2961 = DIRECTION('',(-0.,-0.,-1.));
#2962 = ORIENTED_EDGE('',*,*,#2963,.T.);
#2963 = EDGE_CURVE('',#2956,#2930,#2964,.T.);
#2964 = B_SPLINE_CURVE_WITH_KNOTS('',2,(#2965,#2966,#2967),
  .UNSPECIFIED.,.F.,.F.,(3,3),(0.,1.),.PIECEWISE_BEZIER_KNOTS.);
#2965 = CARTESIAN_POINT('',(-4.141685955067,-7.226307274997,38.));
#2966 = CARTESIAN_POINT('',(-4.141685955067,-7.292499638109,38.));
#2967 = CARTESIAN_POINT('',(-4.166541862848,-7.349371035804,38.));
#2968 = ORIENTED_EDGE('',*,*,#2929,.F.);
#2969 = ORIENTED_EDGE('',*,*,#200,.F.);
#2970 = SURFACE_OF_LINEAR_EXTRUSION('',#2971,#2975);
#2971 = B_SPLINE_CURVE_WITH_KNOTS('',2,(#2972,#2973,#2974),
  .UNSPECIFIED.,.F.,.F.,(3,3),(0.,1.),.PIECEWISE_BEZIER_KNOTS.);
#2972 = CARTESIAN_POINT('',(-4.141685955067,-7.226307274997,40.));
#2973 = CARTESIAN_POINT('',(-4.141685955067,-7.292499638109,40.));
#2974 = CARTESIAN_POINT('',(-4.166541862848,-7.349371035804,40.));
#2975 = VECTOR('',#2976,1.);
#2976 = DIRECTION('',(0.,0.,1.));
#2977 = ADVANCED_FACE('',(#2978),#2996,.T.);
#2978 = FACE_BOUND('',#2979,.T.);
#2979 = EDGE_LOOP('',(#2980,#2988,#2994,#2995));
#2980 = ORIENTED_EDGE('',*,*,#2981,.T.);
#2981 = EDGE_CURVE('',#185,#2982,#2984,.T.);
#2982 = VERTEX_POINT('',#2983);
#2983 = CARTESIAN_POINT('',(-4.166541862848,-7.104324205833,38.));
#2984 = LINE('',#2985,#2986);
#2985 = CARTESIAN_POINT('',(-4.166541862848,-7.104324205833,40.));
#2986 = VECTOR('',#2987,1.);
#2987 = DIRECTION('',(-0.,-0.,-1.));
#2988 = ORIENTED_EDGE('',*,*,#2989,.T.);
#2989 = EDGE_CURVE('',#2982,#2956,#2990,.T.);
#2990 = B_SPLINE_CURVE_WITH_KNOTS('',2,(#2991,#2992,#2993),
  .UNSPECIFIED.,.F.,.F.,(3,3),(0.,1.),.PIECEWISE_BEZIER_KNOTS.);
#2991 = CARTESIAN_POINT('',(-4.166541862848,-7.104324205833,38.));
#2992 = CARTESIAN_POINT('',(-4.141685955067,-7.162141208715,38.));
#2993 = CARTESIAN_POINT('',(-4.141685955067,-7.226307274997,38.));
#2994 = ORIENTED_EDGE('',*,*,#2955,.F.);
#2995 = ORIENTED_EDGE('',*,*,#192,.F.);
#2996 = SURFACE_OF_LINEAR_EXTRUSION('',#2997,#3001);
#2997 = B_SPLINE_CURVE_WITH_KNOTS('',2,(#2998,#2999,#3000),
  .UNSPECIFIED.,.F.,.F.,(3,3),(0.,1.),.PIECEWISE_BEZIER_KNOTS.);
#2998 = CARTESIAN_POINT('',(-4.166541862848,-7.104324205833,40.));
#2999 = CARTESIAN_POINT('',(-4.141685955067,-7.162141208715,40.));
#3000 = CARTESIAN_POINT('',(-4.141685955067,-7.226307274997,40.));
#3001 = VECTOR('',#3002,1.);
#3002 = DIRECTION('',(0.,0.,1.));
#3003 = ADVANCED_FACE('',(#3004),#3022,.T.);
#3004 = FACE_BOUND('',#3005,.T.);
#3005 = EDGE_LOOP('',(#3006,#3014,#3020,#3021));
#3006 = ORIENTED_EDGE('',*,*,#3007,.T.);
#3007 = EDGE_CURVE('',#177,#3008,#3010,.T.);
#3008 = VERTEX_POINT('',#3009);
#3009 = CARTESIAN_POINT('',(-4.233004398871,-7.005035661164,38.));
#3010 = LINE('',#3011,#3012);
#3011 = CARTESIAN_POINT('',(-4.233004398871,-7.005035661164,40.));
#3012 = VECTOR('',#3013,1.);
#3013 = DIRECTION('',(-0.,-0.,-1.));
#3014 = ORIENTED_EDGE('',*,*,#3015,.T.);
#3015 = EDGE_CURVE('',#3008,#2982,#3016,.T.);
#3016 = B_SPLINE_CURVE_WITH_KNOTS('',2,(#3017,#3018,#3019),
  .UNSPECIFIED.,.F.,.F.,(3,3),(0.,1.),.PIECEWISE_BEZIER_KNOTS.);
#3017 = CARTESIAN_POINT('',(-4.233004398871,-7.005035661164,38.));
#3018 = CARTESIAN_POINT('',(-4.191397770629,-7.046372116496,38.));
#3019 = CARTESIAN_POINT('',(-4.166541862848,-7.104324205833,38.));
#3020 = ORIENTED_EDGE('',*,*,#2981,.F.);
#3021 = ORIENTED_EDGE('',*,*,#184,.F.);
#3022 = SURFACE_OF_LINEAR_EXTRUSION('',#3023,#3027);
#3023 = B_SPLINE_CURVE_WITH_KNOTS('',2,(#3024,#3025,#3026),
  .UNSPECIFIED.,.F.,.F.,(3,3),(0.,1.),.PIECEWISE_BEZIER_KNOTS.);
#3024 = CARTESIAN_POINT('',(-4.233004398871,-7.005035661164,40.));
#3025 = CARTESIAN_POINT('',(-4.191397770629,-7.046372116496,40.));
#3026 = CARTESIAN_POINT('',(-4.166541862848,-7.104324205833,40.));
#3027 = VECTOR('',#3028,1.);
#3028 = DIRECTION('',(0.,0.,1.));
#3029 = ADVANCED_FACE('',(#3030),#3048,.T.);
#3030 = FACE_BOUND('',#3031,.T.);
#3031 = EDGE_LOOP('',(#3032,#3040,#3046,#3047));
#3032 = ORIENTED_EDGE('',*,*,#3033,.T.);
#3033 = EDGE_CURVE('',#169,#3034,#3036,.T.);
#3034 = VERTEX_POINT('',#3035);
#3035 = CARTESIAN_POINT('',(-4.33256311645,-6.938843298052,38.));
#3036 = LINE('',#3037,#3038);
#3037 = CARTESIAN_POINT('',(-4.33256311645,-6.938843298052,40.));
#3038 = VECTOR('',#3039,1.);
#3039 = DIRECTION('',(-0.,-0.,-1.));
#3040 = ORIENTED_EDGE('',*,*,#3041,.T.);
#3041 = EDGE_CURVE('',#3034,#3008,#3042,.T.);
#3042 = B_SPLINE_CURVE_WITH_KNOTS('',2,(#3043,#3044,#3045),
  .UNSPECIFIED.,.F.,.F.,(3,3),(0.,1.),.PIECEWISE_BEZIER_KNOTS.);
#3043 = CARTESIAN_POINT('',(-4.33256311645,-6.938843298052,38.));
#3044 = CARTESIAN_POINT('',(-4.274475940657,-6.963564119377,38.));
#3045 = CARTESIAN_POINT('',(-4.233004398871,-7.005035661164,38.));
#3046 = ORIENTED_EDGE('',*,*,#3007,.F.);
#3047 = ORIENTED_EDGE('',*,*,#176,.F.);
#3048 = SURFACE_OF_LINEAR_EXTRUSION('',#3049,#3053);
#3049 = B_SPLINE_CURVE_WITH_KNOTS('',2,(#3050,#3051,#3052),
  .UNSPECIFIED.,.F.,.F.,(3,3),(0.,1.),.PIECEWISE_BEZIER_KNOTS.);
#3050 = CARTESIAN_POINT('',(-4.33256311645,-6.938843298052,40.));
#3051 = CARTESIAN_POINT('',(-4.274475940657,-6.963564119377,40.));
#3052 = CARTESIAN_POINT('',(-4.233004398871,-7.005035661164,40.));
#3053 = VECTOR('',#3054,1.);
#3054 = DIRECTION('',(0.,0.,1.));
#3055 = ADVANCED_FACE('',(#3056),#3074,.T.);
#3056 = FACE_BOUND('',#3057,.T.);
#3057 = EDGE_LOOP('',(#3058,#3066,#3072,#3073));
#3058 = ORIENTED_EDGE('',*,*,#3059,.T.);
#3059 = EDGE_CURVE('',#161,#3060,#3062,.T.);
#3060 = VERTEX_POINT('',#3061);
#3061 = CARTESIAN_POINT('',(-4.45495144498,-6.913987390271,38.));
#3062 = LINE('',#3063,#3064);
#3063 = CARTESIAN_POINT('',(-4.45495144498,-6.913987390271,40.));
#3064 = VECTOR('',#3065,1.);
#3065 = DIRECTION('',(-0.,-0.,-1.));
#3066 = ORIENTED_EDGE('',*,*,#3067,.T.);
#3067 = EDGE_CURVE('',#3060,#3034,#3068,.T.);
#3068 = B_SPLINE_CURVE_WITH_KNOTS('',2,(#3069,#3070,#3071),
  .UNSPECIFIED.,.F.,.F.,(3,3),(0.,1.),.PIECEWISE_BEZIER_KNOTS.);
#3069 = CARTESIAN_POINT('',(-4.45495144498,-6.913987390271,38.));
#3070 = CARTESIAN_POINT('',(-4.390650292242,-6.913987390271,38.));
#3071 = CARTESIAN_POINT('',(-4.33256311645,-6.938843298052,38.));
#3072 = ORIENTED_EDGE('',*,*,#3033,.F.);
#3073 = ORIENTED_EDGE('',*,*,#168,.F.);
#3074 = SURFACE_OF_LINEAR_EXTRUSION('',#3075,#3079);
#3075 = B_SPLINE_CURVE_WITH_KNOTS('',2,(#3076,#3077,#3078),
  .UNSPECIFIED.,.F.,.F.,(3,3),(0.,1.),.PIECEWISE_BEZIER_KNOTS.);
#3076 = CARTESIAN_POINT('',(-4.45495144498,-6.913987390271,40.));
#3077 = CARTESIAN_POINT('',(-4.390650292242,-6.913987390271,40.));
#3078 = CARTESIAN_POINT('',(-4.33256311645,-6.938843298052,40.));
#3079 = VECTOR('',#3080,1.);
#3080 = DIRECTION('',(0.,0.,1.));
#3081 = ADVANCED_FACE('',(#3082),#3100,.T.);
#3082 = FACE_BOUND('',#3083,.T.);
#3083 = EDGE_LOOP('',(#3084,#3092,#3098,#3099));
#3084 = ORIENTED_EDGE('',*,*,#3085,.T.);
#3085 = EDGE_CURVE('',#153,#3086,#3088,.T.);
#3086 = VERTEX_POINT('',#3087);
#3087 = CARTESIAN_POINT('',(-4.579501156796,-6.938843298052,38.));
#3088 = LINE('',#3089,#3090);
#3089 = CARTESIAN_POINT('',(-4.579501156796,-6.938843298052,40.));
#3090 = VECTOR('',#3091,1.);
#3091 = DIRECTION('',(-0.,-0.,-1.));
#3092 = ORIENTED_EDGE('',*,*,#3093,.T.);
#3093 = EDGE_CURVE('',#3086,#3060,#3094,.T.);
#3094 = B_SPLINE_CURVE_WITH_KNOTS('',2,(#3095,#3096,#3097),
  .UNSPECIFIED.,.F.,.F.,(3,3),(0.,1.),.PIECEWISE_BEZIER_KNOTS.);
#3095 = CARTESIAN_POINT('',(-4.579501156796,-6.938843298052,38.));
#3096 = CARTESIAN_POINT('',(-4.521413981003,-6.913987390271,38.));
#3097 = CARTESIAN_POINT('',(-4.45495144498,-6.913987390271,38.));
#3098 = ORIENTED_EDGE('',*,*,#3059,.F.);
#3099 = ORIENTED_EDGE('',*,*,#160,.F.);
#3100 = SURFACE_OF_LINEAR_EXTRUSION('',#3101,#3105);
#3101 = B_SPLINE_CURVE_WITH_KNOTS('',2,(#3102,#3103,#3104),
  .UNSPECIFIED.,.F.,.F.,(3,3),(0.,1.),.PIECEWISE_BEZIER_KNOTS.);
#3102 = CARTESIAN_POINT('',(-4.579501156796,-6.938843298052,40.));
#3103 = CARTESIAN_POINT('',(-4.521413981003,-6.913987390271,40.));
#3104 = CARTESIAN_POINT('',(-4.45495144498,-6.913987390271,40.));
#3105 = VECTOR('',#3106,1.);
#3106 = DIRECTION('',(0.,0.,1.));
#3107 = ADVANCED_FACE('',(#3108),#3126,.T.);
#3108 = FACE_BOUND('',#3109,.T.);
#3109 = EDGE_LOOP('',(#3110,#3118,#3124,#3125));
#3110 = ORIENTED_EDGE('',*,*,#3111,.T.);
#3111 = EDGE_CURVE('',#145,#3112,#3114,.T.);
#3112 = VERTEX_POINT('',#3113);
#3113 = CARTESIAN_POINT('',(-4.680140566018,-7.005035661164,38.));
#3114 = LINE('',#3115,#3116);
#3115 = CARTESIAN_POINT('',(-4.680140566018,-7.005035661164,40.));
#3116 = VECTOR('',#3117,1.);
#3117 = DIRECTION('',(-0.,-0.,-1.));
#3118 = ORIENTED_EDGE('',*,*,#3119,.T.);
#3119 = EDGE_CURVE('',#3112,#3086,#3120,.T.);
#3120 = B_SPLINE_CURVE_WITH_KNOTS('',2,(#3121,#3122,#3123),
  .UNSPECIFIED.,.F.,.F.,(3,3),(0.,1.),.PIECEWISE_BEZIER_KNOTS.);
#3121 = CARTESIAN_POINT('',(-4.680140566018,-7.005035661164,38.));
#3122 = CARTESIAN_POINT('',(-4.637588332588,-6.963564119377,38.));
#3123 = CARTESIAN_POINT('',(-4.579501156796,-6.938843298052,38.));
#3124 = ORIENTED_EDGE('',*,*,#3085,.F.);
#3125 = ORIENTED_EDGE('',*,*,#152,.F.);
#3126 = SURFACE_OF_LINEAR_EXTRUSION('',#3127,#3131);
#3127 = B_SPLINE_CURVE_WITH_KNOTS('',2,(#3128,#3129,#3130),
  .UNSPECIFIED.,.F.,.F.,(3,3),(0.,1.),.PIECEWISE_BEZIER_KNOTS.);
#3128 = CARTESIAN_POINT('',(-4.680140566018,-7.005035661164,40.));
#3129 = CARTESIAN_POINT('',(-4.637588332588,-6.963564119377,40.));
#3130 = CARTESIAN_POINT('',(-4.579501156796,-6.938843298052,40.));
#3131 = VECTOR('',#3132,1.);
#3132 = DIRECTION('',(0.,0.,1.));
#3133 = ADVANCED_FACE('',(#3134),#3152,.T.);
#3134 = FACE_BOUND('',#3135,.T.);
#3135 = EDGE_LOOP('',(#3136,#3144,#3150,#3151));
#3136 = ORIENTED_EDGE('',*,*,#3137,.T.);
#3137 = EDGE_CURVE('',#137,#3138,#3140,.T.);
#3138 = VERTEX_POINT('',#3139);
#3139 = CARTESIAN_POINT('',(-4.746468015585,-7.104324205833,38.));
#3140 = LINE('',#3141,#3142);
#3141 = CARTESIAN_POINT('',(-4.746468015585,-7.104324205833,40.));
#3142 = VECTOR('',#3143,1.);
#3143 = DIRECTION('',(-0.,-0.,-1.));
#3144 = ORIENTED_EDGE('',*,*,#3145,.T.);
#3145 = EDGE_CURVE('',#3138,#3112,#3146,.T.);
#3146 = B_SPLINE_CURVE_WITH_KNOTS('',2,(#3147,#3148,#3149),
  .UNSPECIFIED.,.F.,.F.,(3,3),(0.,1.),.PIECEWISE_BEZIER_KNOTS.);
#3147 = CARTESIAN_POINT('',(-4.746468015585,-7.104324205833,38.));
#3148 = CARTESIAN_POINT('',(-4.722557712992,-7.046372116496,38.));
#3149 = CARTESIAN_POINT('',(-4.680140566018,-7.005035661164,38.));
#3150 = ORIENTED_EDGE('',*,*,#3111,.F.);
#3151 = ORIENTED_EDGE('',*,*,#144,.F.);
#3152 = SURFACE_OF_LINEAR_EXTRUSION('',#3153,#3157);
#3153 = B_SPLINE_CURVE_WITH_KNOTS('',2,(#3154,#3155,#3156),
  .UNSPECIFIED.,.F.,.F.,(3,3),(0.,1.),.PIECEWISE_BEZIER_KNOTS.);
#3154 = CARTESIAN_POINT('',(-4.746468015585,-7.104324205833,40.));
#3155 = CARTESIAN_POINT('',(-4.722557712992,-7.046372116496,40.));
#3156 = CARTESIAN_POINT('',(-4.680140566018,-7.005035661164,40.));
#3157 = VECTOR('',#3158,1.);
#3158 = DIRECTION('',(0.,0.,1.));
#3159 = ADVANCED_FACE('',(#3160),#3171,.T.);
#3160 = FACE_BOUND('',#3161,.T.);
#3161 = EDGE_LOOP('',(#3162,#3163,#3169,#3170));
#3162 = ORIENTED_EDGE('',*,*,#2782,.T.);
#3163 = ORIENTED_EDGE('',*,*,#3164,.T.);
#3164 = EDGE_CURVE('',#2775,#3138,#3165,.T.);
#3165 = B_SPLINE_CURVE_WITH_KNOTS('',2,(#3166,#3167,#3168),
  .UNSPECIFIED.,.F.,.F.,(3,3),(0.,1.),.PIECEWISE_BEZIER_KNOTS.);
#3166 = CARTESIAN_POINT('',(-4.770378318179,-7.226307274997,38.));
#3167 = CARTESIAN_POINT('',(-4.770378318179,-7.162141208715,38.));
#3168 = CARTESIAN_POINT('',(-4.746468015585,-7.104324205833,38.));
#3169 = ORIENTED_EDGE('',*,*,#3137,.F.);
#3170 = ORIENTED_EDGE('',*,*,#136,.F.);
#3171 = SURFACE_OF_LINEAR_EXTRUSION('',#3172,#3176);
#3172 = B_SPLINE_CURVE_WITH_KNOTS('',2,(#3173,#3174,#3175),
  .UNSPECIFIED.,.F.,.F.,(3,3),(0.,1.),.PIECEWISE_BEZIER_KNOTS.);
#3173 = CARTESIAN_POINT('',(-4.770378318179,-7.226307274997,40.));
#3174 = CARTESIAN_POINT('',(-4.770378318179,-7.162141208715,40.));
#3175 = CARTESIAN_POINT('',(-4.746468015585,-7.104324205833,40.));
#3176 = VECTOR('',#3177,1.);
#3177 = DIRECTION('',(0.,0.,1.));
#3178 = ADVANCED_FACE('',(#3179),#3204,.T.);
#3179 = FACE_BOUND('',#3180,.T.);
#3180 = EDGE_LOOP('',(#3181,#3189,#3197,#3203));
#3181 = ORIENTED_EDGE('',*,*,#3182,.T.);
#3182 = EDGE_CURVE('',#257,#3183,#3185,.T.);
#3183 = VERTEX_POINT('',#3184);
#3184 = CARTESIAN_POINT('',(-6.401006920484,-4.531332491135,38.));
#3185 = LINE('',#3186,#3187);
#3186 = CARTESIAN_POINT('',(-6.401006920484,-4.531332491135,40.));
#3187 = VECTOR('',#3188,1.);
#3188 = DIRECTION('',(-0.,-0.,-1.));
#3189 = ORIENTED_EDGE('',*,*,#3190,.T.);
#3190 = EDGE_CURVE('',#3183,#3191,#3193,.T.);
#3191 = VERTEX_POINT('',#3192);
#3192 = CARTESIAN_POINT('',(-6.02843847668,-4.47594704445,38.));
#3193 = B_SPLINE_CURVE_WITH_KNOTS('',2,(#3194,#3195,#3196),
  .UNSPECIFIED.,.F.,.F.,(3,3),(0.,1.),.PIECEWISE_BEZIER_KNOTS.);
#3194 = CARTESIAN_POINT('',(-6.401006920484,-4.531332491135,38.));
#3195 = CARTESIAN_POINT('',(-6.227690998294,-4.47594704445,38.));
#3196 = CARTESIAN_POINT('',(-6.02843847668,-4.47594704445,38.));
#3197 = ORIENTED_EDGE('',*,*,#3198,.F.);
#3198 = EDGE_CURVE('',#259,#3191,#3199,.T.);
#3199 = LINE('',#3200,#3201);
#3200 = CARTESIAN_POINT('',(-6.02843847668,-4.47594704445,40.));
#3201 = VECTOR('',#3202,1.);
#3202 = DIRECTION('',(-0.,-0.,-1.));
#3203 = ORIENTED_EDGE('',*,*,#256,.F.);
#3204 = SURFACE_OF_LINEAR_EXTRUSION('',#3205,#3209);
#3205 = B_SPLINE_CURVE_WITH_KNOTS('',2,(#3206,#3207,#3208),
  .UNSPECIFIED.,.F.,.F.,(3,3),(0.,1.),.PIECEWISE_BEZIER_KNOTS.);
#3206 = CARTESIAN_POINT('',(-6.401006920484,-4.531332491135,40.));
#3207 = CARTESIAN_POINT('',(-6.227690998294,-4.47594704445,40.));
#3208 = CARTESIAN_POINT('',(-6.02843847668,-4.47594704445,40.));
#3209 = VECTOR('',#3210,1.);
#3210 = DIRECTION('',(0.,0.,1.));
#3211 = ADVANCED_FACE('',(#3212),#3230,.T.);
#3212 = FACE_BOUND('',#3213,.T.);
#3213 = EDGE_LOOP('',(#3214,#3222,#3228,#3229));
#3214 = ORIENTED_EDGE('',*,*,#3215,.T.);
#3215 = EDGE_CURVE('',#651,#3216,#3218,.T.);
#3216 = VERTEX_POINT('',#3217);
#3217 = CARTESIAN_POINT('',(-6.708058433453,-4.69613796664,38.));
#3218 = LINE('',#3219,#3220);
#3219 = CARTESIAN_POINT('',(-6.708058433453,-4.69613796664,40.));
#3220 = VECTOR('',#3221,1.);
#3221 = DIRECTION('',(-0.,-0.,-1.));
#3222 = ORIENTED_EDGE('',*,*,#3223,.T.);
#3223 = EDGE_CURVE('',#3216,#3183,#3224,.T.);
#3224 = B_SPLINE_CURVE_WITH_KNOTS('',2,(#3225,#3226,#3227),
  .UNSPECIFIED.,.F.,.F.,(3,3),(0.,1.),.PIECEWISE_BEZIER_KNOTS.);
#3225 = CARTESIAN_POINT('',(-6.708058433453,-4.69613796664,38.));
#3226 = CARTESIAN_POINT('',(-6.574187756219,-4.586582851366,38.));
#3227 = CARTESIAN_POINT('',(-6.401006920484,-4.531332491135,38.));
#3228 = ORIENTED_EDGE('',*,*,#3182,.F.);
#3229 = ORIENTED_EDGE('',*,*,#658,.F.);
#3230 = SURFACE_OF_LINEAR_EXTRUSION('',#3231,#3235);
#3231 = B_SPLINE_CURVE_WITH_KNOTS('',2,(#3232,#3233,#3234),
  .UNSPECIFIED.,.F.,.F.,(3,3),(0.,1.),.PIECEWISE_BEZIER_KNOTS.);
#3232 = CARTESIAN_POINT('',(-6.708058433453,-4.69613796664,40.));
#3233 = CARTESIAN_POINT('',(-6.574187756219,-4.586582851366,40.));
#3234 = CARTESIAN_POINT('',(-6.401006920484,-4.531332491135,40.));
#3235 = VECTOR('',#3236,1.);
#3236 = DIRECTION('',(0.,0.,1.));
#3237 = ADVANCED_FACE('',(#3238),#3256,.T.);
#3238 = FACE_BOUND('',#3239,.T.);
#3239 = EDGE_LOOP('',(#3240,#3248,#3254,#3255));
#3240 = ORIENTED_EDGE('',*,*,#3241,.T.);
#3241 = EDGE_CURVE('',#643,#3242,#3244,.T.);
#3242 = VERTEX_POINT('',#3243);
#3243 = CARTESIAN_POINT('',(-6.931086171205,-4.969552952231,38.));
#3244 = LINE('',#3245,#3246);
#3245 = CARTESIAN_POINT('',(-6.931086171205,-4.969552952231,40.));
#3246 = VECTOR('',#3247,1.);
#3247 = DIRECTION('',(-0.,-0.,-1.));
#3248 = ORIENTED_EDGE('',*,*,#3249,.T.);
#3249 = EDGE_CURVE('',#3242,#3216,#3250,.T.);
#3250 = B_SPLINE_CURVE_WITH_KNOTS('',2,(#3251,#3252,#3253),
  .UNSPECIFIED.,.F.,.F.,(3,3),(0.,1.),.PIECEWISE_BEZIER_KNOTS.);
#3251 = CARTESIAN_POINT('',(-6.931086171205,-4.969552952231,38.));
#3252 = CARTESIAN_POINT('',(-6.841794024231,-4.805693081914,38.));
#3253 = CARTESIAN_POINT('',(-6.708058433453,-4.69613796664,38.));
#3254 = ORIENTED_EDGE('',*,*,#3215,.F.);
#3255 = ORIENTED_EDGE('',*,*,#650,.F.);
#3256 = SURFACE_OF_LINEAR_EXTRUSION('',#3257,#3261);
#3257 = B_SPLINE_CURVE_WITH_KNOTS('',2,(#3258,#3259,#3260),
  .UNSPECIFIED.,.F.,.F.,(3,3),(0.,1.),.PIECEWISE_BEZIER_KNOTS.);
#3258 = CARTESIAN_POINT('',(-6.931086171205,-4.969552952231,40.));
#3259 = CARTESIAN_POINT('',(-6.841794024231,-4.805693081914,40.));
#3260 = CARTESIAN_POINT('',(-6.708058433453,-4.69613796664,40.));
#3261 = VECTOR('',#3262,1.);
#3262 = DIRECTION('',(0.,0.,1.));
#3263 = ADVANCED_FACE('',(#3264),#3282,.T.);
#3264 = FACE_BOUND('',#3265,.T.);
#3265 = EDGE_LOOP('',(#3266,#3274,#3280,#3281));
#3266 = ORIENTED_EDGE('',*,*,#3267,.T.);
#3267 = EDGE_CURVE('',#635,#3268,#3270,.T.);
#3268 = VERTEX_POINT('',#3269);
#3269 = CARTESIAN_POINT('',(-7.05131311645,-5.35036166981,38.));
#3270 = LINE('',#3271,#3272);
#3271 = CARTESIAN_POINT('',(-7.05131311645,-5.35036166981,40.));
#3272 = VECTOR('',#3273,1.);
#3273 = DIRECTION('',(-0.,-0.,-1.));
#3274 = ORIENTED_EDGE('',*,*,#3275,.T.);
#3275 = EDGE_CURVE('',#3268,#3242,#3276,.T.);
#3276 = B_SPLINE_CURVE_WITH_KNOTS('',2,(#3277,#3278,#3279),
  .UNSPECIFIED.,.F.,.F.,(3,3),(0.,1.),.PIECEWISE_BEZIER_KNOTS.);
#3277 = CARTESIAN_POINT('',(-7.05131311645,-5.35036166981,38.));
#3278 = CARTESIAN_POINT('',(-7.020243231724,-5.133277736092,38.));
#3279 = CARTESIAN_POINT('',(-6.931086171205,-4.969552952231,38.));
#3280 = ORIENTED_EDGE('',*,*,#3241,.F.);
#3281 = ORIENTED_EDGE('',*,*,#642,.F.);
#3282 = SURFACE_OF_LINEAR_EXTRUSION('',#3283,#3287);
#3283 = B_SPLINE_CURVE_WITH_KNOTS('',2,(#3284,#3285,#3286),
  .UNSPECIFIED.,.F.,.F.,(3,3),(0.,1.),.PIECEWISE_BEZIER_KNOTS.);
#3284 = CARTESIAN_POINT('',(-7.05131311645,-5.35036166981,40.));
#3285 = CARTESIAN_POINT('',(-7.020243231724,-5.133277736092,40.));
#3286 = CARTESIAN_POINT('',(-6.931086171205,-4.969552952231,40.));
#3287 = VECTOR('',#3288,1.);
#3288 = DIRECTION('',(0.,0.,1.));
#3289 = ADVANCED_FACE('',(#3290),#3308,.T.);
#3290 = FACE_BOUND('',#3291,.T.);
#3291 = EDGE_LOOP('',(#3292,#3300,#3306,#3307));
#3292 = ORIENTED_EDGE('',*,*,#3293,.T.);
#3293 = EDGE_CURVE('',#627,#3294,#3296,.T.);
#3294 = VERTEX_POINT('',#3295);
#3295 = CARTESIAN_POINT('',(-6.781680551608,-5.398047188542,38.));
#3296 = LINE('',#3297,#3298);
#3297 = CARTESIAN_POINT('',(-6.781680551608,-5.398047188542,40.));
#3298 = VECTOR('',#3299,1.);
#3299 = DIRECTION('',(-0.,-0.,-1.));
#3300 = ORIENTED_EDGE('',*,*,#3301,.T.);
#3301 = EDGE_CURVE('',#3294,#3268,#3302,.T.);
#3302 = LINE('',#3303,#3304);
#3303 = CARTESIAN_POINT('',(-6.781680551608,-5.398047188542,38.));
#3304 = VECTOR('',#3305,1.);
#3305 = DIRECTION('',(-0.984718925417,0.174151192721,0.));
#3306 = ORIENTED_EDGE('',*,*,#3267,.F.);
#3307 = ORIENTED_EDGE('',*,*,#634,.F.);
#3308 = PLANE('',#3309);
#3309 = AXIS2_PLACEMENT_3D('',#3310,#3311,#3312);
#3310 = CARTESIAN_POINT('',(-6.781680551608,-5.398047188542,40.));
#3311 = DIRECTION('',(0.174151192721,0.984718925417,0.));
#3312 = DIRECTION('',(-0.984718925417,0.174151192721,0.));
#3313 = ADVANCED_FACE('',(#3314),#3332,.T.);
#3314 = FACE_BOUND('',#3315,.T.);
#3315 = EDGE_LOOP('',(#3316,#3324,#3330,#3331));
#3316 = ORIENTED_EDGE('',*,*,#3317,.T.);
#3317 = EDGE_CURVE('',#619,#3318,#3320,.T.);
#3318 = VERTEX_POINT('',#3319);
#3319 = CARTESIAN_POINT('',(-6.71103033547,-5.404261165487,38.));
#3320 = LINE('',#3321,#3322);
#3321 = CARTESIAN_POINT('',(-6.71103033547,-5.404261165487,40.));
#3322 = VECTOR('',#3323,1.);
#3323 = DIRECTION('',(-0.,-0.,-1.));
#3324 = ORIENTED_EDGE('',*,*,#3325,.T.);
#3325 = EDGE_CURVE('',#3318,#3294,#3326,.T.);
#3326 = B_SPLINE_CURVE_WITH_KNOTS('',2,(#3327,#3328,#3329),
  .UNSPECIFIED.,.F.,.F.,(3,3),(0.,1.),.PIECEWISE_BEZIER_KNOTS.);
#3327 = CARTESIAN_POINT('',(-6.71103033547,-5.404261165487,38.));
#3328 = CARTESIAN_POINT('',(-6.744261603482,-5.404261165487,38.));
#3329 = CARTESIAN_POINT('',(-6.781680551608,-5.398047188542,38.));
#3330 = ORIENTED_EDGE('',*,*,#3293,.F.);
#3331 = ORIENTED_EDGE('',*,*,#626,.F.);
#3332 = SURFACE_OF_LINEAR_EXTRUSION('',#3333,#3337);
#3333 = B_SPLINE_CURVE_WITH_KNOTS('',2,(#3334,#3335,#3336),
  .UNSPECIFIED.,.F.,.F.,(3,3),(0.,1.),.PIECEWISE_BEZIER_KNOTS.);
#3334 = CARTESIAN_POINT('',(-6.71103033547,-5.404261165487,40.));
#3335 = CARTESIAN_POINT('',(-6.744261603482,-5.404261165487,40.));
#3336 = CARTESIAN_POINT('',(-6.781680551608,-5.398047188542,40.));
#3337 = VECTOR('',#3338,1.);
#3338 = DIRECTION('',(0.,0.,1.));
#3339 = ADVANCED_FACE('',(#3340),#3358,.T.);
#3340 = FACE_BOUND('',#3341,.T.);
#3341 = EDGE_LOOP('',(#3342,#3350,#3356,#3357));
#3342 = ORIENTED_EDGE('',*,*,#3343,.T.);
#3343 = EDGE_CURVE('',#611,#3344,#3346,.T.);
#3344 = VERTEX_POINT('',#3345);
#3345 = CARTESIAN_POINT('',(-6.59701736717,-5.369814119377,38.));
#3346 = LINE('',#3347,#3348);
#3347 = CARTESIAN_POINT('',(-6.59701736717,-5.369814119377,40.));
#3348 = VECTOR('',#3349,1.);
#3349 = DIRECTION('',(-0.,-0.,-1.));
#3350 = ORIENTED_EDGE('',*,*,#3351,.T.);
#3351 = EDGE_CURVE('',#3344,#3318,#3352,.T.);
#3352 = B_SPLINE_CURVE_WITH_KNOTS('',2,(#3353,#3354,#3355),
  .UNSPECIFIED.,.F.,.F.,(3,3),(0.,1.),.PIECEWISE_BEZIER_KNOTS.);
#3353 = CARTESIAN_POINT('',(-6.59701736717,-5.369814119377,38.));
#3354 = CARTESIAN_POINT('',(-6.640515205787,-5.404261165487,38.));
#3355 = CARTESIAN_POINT('',(-6.71103033547,-5.404261165487,38.));
#3356 = ORIENTED_EDGE('',*,*,#3317,.F.);
#3357 = ORIENTED_EDGE('',*,*,#618,.F.);
#3358 = SURFACE_OF_LINEAR_EXTRUSION('',#3359,#3363);
#3359 = B_SPLINE_CURVE_WITH_KNOTS('',2,(#3360,#3361,#3362),
  .UNSPECIFIED.,.F.,.F.,(3,3),(0.,1.),.PIECEWISE_BEZIER_KNOTS.);
#3360 = CARTESIAN_POINT('',(-6.59701736717,-5.369814119377,40.));
#3361 = CARTESIAN_POINT('',(-6.640515205787,-5.404261165487,40.));
#3362 = CARTESIAN_POINT('',(-6.71103033547,-5.404261165487,40.));
#3363 = VECTOR('',#3364,1.);
#3364 = DIRECTION('',(0.,0.,1.));
#3365 = ADVANCED_FACE('',(#3366),#3384,.T.);
#3366 = FACE_BOUND('',#3367,.T.);
#3367 = EDGE_LOOP('',(#3368,#3376,#3382,#3383));
#3368 = ORIENTED_EDGE('',*,*,#3369,.T.);
#3369 = EDGE_CURVE('',#603,#3370,#3372,.T.);
#3370 = VERTEX_POINT('',#3371);
#3371 = CARTESIAN_POINT('',(-6.528528534317,-5.255666064622,38.));
#3372 = LINE('',#3373,#3374);
#3373 = CARTESIAN_POINT('',(-6.528528534317,-5.255666064622,40.));
#3374 = VECTOR('',#3375,1.);
#3375 = DIRECTION('',(-0.,-0.,-1.));
#3376 = ORIENTED_EDGE('',*,*,#3377,.T.);
#3377 = EDGE_CURVE('',#3370,#3344,#3378,.T.);
#3378 = B_SPLINE_CURVE_WITH_KNOTS('',2,(#3379,#3380,#3381),
  .UNSPECIFIED.,.F.,.F.,(3,3),(0.,1.),.PIECEWISE_BEZIER_KNOTS.);
#3379 = CARTESIAN_POINT('',(-6.528528534317,-5.255666064622,38.));
#3380 = CARTESIAN_POINT('',(-6.553384442098,-5.335231986813,38.));
#3381 = CARTESIAN_POINT('',(-6.59701736717,-5.369814119377,38.));
#3382 = ORIENTED_EDGE('',*,*,#3343,.F.);
#3383 = ORIENTED_EDGE('',*,*,#610,.F.);
#3384 = SURFACE_OF_LINEAR_EXTRUSION('',#3385,#3389);
#3385 = B_SPLINE_CURVE_WITH_KNOTS('',2,(#3386,#3387,#3388),
  .UNSPECIFIED.,.F.,.F.,(3,3),(0.,1.),.PIECEWISE_BEZIER_KNOTS.);
#3386 = CARTESIAN_POINT('',(-6.528528534317,-5.255666064622,40.));
#3387 = CARTESIAN_POINT('',(-6.553384442098,-5.335231986813,40.));
#3388 = CARTESIAN_POINT('',(-6.59701736717,-5.369814119377,40.));
#3389 = VECTOR('',#3390,1.);
#3390 = DIRECTION('',(0.,0.,1.));
#3391 = ADVANCED_FACE('',(#3392),#3410,.T.);
#3392 = FACE_BOUND('',#3393,.T.);
#3393 = EDGE_LOOP('',(#3394,#3402,#3408,#3409));
#3394 = ORIENTED_EDGE('',*,*,#3395,.T.);
#3395 = EDGE_CURVE('',#595,#3396,#3398,.T.);
#3396 = VERTEX_POINT('',#3397);
#3397 = CARTESIAN_POINT('',(-6.360480983885,-5.005621035804,38.));
#3398 = LINE('',#3399,#3400);
#3399 = CARTESIAN_POINT('',(-6.360480983885,-5.005621035804,40.));
#3400 = VECTOR('',#3401,1.);
#3401 = DIRECTION('',(-0.,-0.,-1.));
#3402 = ORIENTED_EDGE('',*,*,#3403,.T.);
#3403 = EDGE_CURVE('',#3396,#3370,#3404,.T.);
#3404 = B_SPLINE_CURVE_WITH_KNOTS('',2,(#3405,#3406,#3407),
  .UNSPECIFIED.,.F.,.F.,(3,3),(0.,1.),.PIECEWISE_BEZIER_KNOTS.);
#3405 = CARTESIAN_POINT('',(-6.360480983885,-5.005621035804,38.));
#3406 = CARTESIAN_POINT('',(-6.48070792913,-5.102883283643,38.));
#3407 = CARTESIAN_POINT('',(-6.528528534317,-5.255666064622,38.));
#3408 = ORIENTED_EDGE('',*,*,#3369,.F.);
#3409 = ORIENTED_EDGE('',*,*,#602,.F.);
#3410 = SURFACE_OF_LINEAR_EXTRUSION('',#3411,#3415);
#3411 = B_SPLINE_CURVE_WITH_KNOTS('',2,(#3412,#3413,#3414),
  .UNSPECIFIED.,.F.,.F.,(3,3),(0.,1.),.PIECEWISE_BEZIER_KNOTS.);
#3412 = CARTESIAN_POINT('',(-6.360480983885,-5.005621035804,40.));
#3413 = CARTESIAN_POINT('',(-6.48070792913,-5.102883283643,40.));
#3414 = CARTESIAN_POINT('',(-6.528528534317,-5.255666064622,40.));
#3415 = VECTOR('',#3416,1.);
#3416 = DIRECTION('',(0.,0.,1.));
#3417 = ADVANCED_FACE('',(#3418),#3436,.T.);
#3418 = FACE_BOUND('',#3419,.T.);
#3419 = EDGE_LOOP('',(#3420,#3428,#3434,#3435));
#3420 = ORIENTED_EDGE('',*,*,#3421,.T.);
#3421 = EDGE_CURVE('',#587,#3422,#3424,.T.);
#3422 = VERTEX_POINT('',#3423);
#3423 = CARTESIAN_POINT('',(-6.057482064577,-4.90822370151,38.));
#3424 = LINE('',#3425,#3426);
#3425 = CARTESIAN_POINT('',(-6.057482064577,-4.90822370151,40.));
#3426 = VECTOR('',#3427,1.);
#3427 = DIRECTION('',(-0.,-0.,-1.));
#3428 = ORIENTED_EDGE('',*,*,#3429,.T.);
#3429 = EDGE_CURVE('',#3422,#3396,#3430,.T.);
#3430 = B_SPLINE_CURVE_WITH_KNOTS('',2,(#3431,#3432,#3433),
  .UNSPECIFIED.,.F.,.F.,(3,3),(0.,1.),.PIECEWISE_BEZIER_KNOTS.);
#3431 = CARTESIAN_POINT('',(-6.057482064577,-4.90822370151,38.));
#3432 = CARTESIAN_POINT('',(-6.240118952185,-4.90822370151,38.));
#3433 = CARTESIAN_POINT('',(-6.360480983885,-5.005621035804,38.));
#3434 = ORIENTED_EDGE('',*,*,#3395,.F.);
#3435 = ORIENTED_EDGE('',*,*,#594,.F.);
#3436 = SURFACE_OF_LINEAR_EXTRUSION('',#3437,#3441);
#3437 = B_SPLINE_CURVE_WITH_KNOTS('',2,(#3438,#3439,#3440),
  .UNSPECIFIED.,.F.,.F.,(3,3),(0.,1.),.PIECEWISE_BEZIER_KNOTS.);
#3438 = CARTESIAN_POINT('',(-6.057482064577,-4.90822370151,40.));
#3439 = CARTESIAN_POINT('',(-6.240118952185,-4.90822370151,40.));
#3440 = CARTESIAN_POINT('',(-6.360480983885,-5.005621035804,40.));
#3441 = VECTOR('',#3442,1.);
#3442 = DIRECTION('',(0.,0.,1.));
#3443 = ADVANCED_FACE('',(#3444),#3462,.T.);
#3444 = FACE_BOUND('',#3445,.T.);
#3445 = EDGE_LOOP('',(#3446,#3454,#3460,#3461));
#3446 = ORIENTED_EDGE('',*,*,#3447,.T.);
#3447 = EDGE_CURVE('',#579,#3448,#3450,.T.);
#3448 = VERTEX_POINT('',#3449);
#3449 = CARTESIAN_POINT('',(-5.740028894548,-5.018319162605,38.));
#3450 = LINE('',#3451,#3452);
#3451 = CARTESIAN_POINT('',(-5.740028894548,-5.018319162605,40.));
#3452 = VECTOR('',#3453,1.);
#3453 = DIRECTION('',(-0.,-0.,-1.));
#3454 = ORIENTED_EDGE('',*,*,#3455,.T.);
#3455 = EDGE_CURVE('',#3448,#3422,#3456,.T.);
#3456 = B_SPLINE_CURVE_WITH_KNOTS('',2,(#3457,#3458,#3459),
  .UNSPECIFIED.,.F.,.F.,(3,3),(0.,1.),.PIECEWISE_BEZIER_KNOTS.);
#3457 = CARTESIAN_POINT('',(-5.740028894548,-5.018319162605,38.));
#3458 = CARTESIAN_POINT('',(-5.856203246133,-4.90822370151,38.));
#3459 = CARTESIAN_POINT('',(-6.057482064577,-4.90822370151,38.));
#3460 = ORIENTED_EDGE('',*,*,#3421,.F.);
#3461 = ORIENTED_EDGE('',*,*,#586,.F.);
#3462 = SURFACE_OF_LINEAR_EXTRUSION('',#3463,#3467);
#3463 = B_SPLINE_CURVE_WITH_KNOTS('',2,(#3464,#3465,#3466),
  .UNSPECIFIED.,.F.,.F.,(3,3),(0.,1.),.PIECEWISE_BEZIER_KNOTS.);
#3464 = CARTESIAN_POINT('',(-5.740028894548,-5.018319162605,40.));
#3465 = CARTESIAN_POINT('',(-5.856203246133,-4.90822370151,40.));
#3466 = CARTESIAN_POINT('',(-6.057482064577,-4.90822370151,40.));
#3467 = VECTOR('',#3468,1.);
#3468 = DIRECTION('',(0.,0.,1.));
#3469 = ADVANCED_FACE('',(#3470),#3488,.T.);
#3470 = FACE_BOUND('',#3471,.T.);
#3471 = EDGE_LOOP('',(#3472,#3480,#3486,#3487));
#3472 = ORIENTED_EDGE('',*,*,#3473,.T.);
#3473 = EDGE_CURVE('',#571,#3474,#3476,.T.);
#3474 = VERTEX_POINT('',#3475);
#3475 = CARTESIAN_POINT('',(-5.623854542963,-5.344012606409,38.));
#3476 = LINE('',#3477,#3478);
#3477 = CARTESIAN_POINT('',(-5.623854542963,-5.344012606409,40.));
#3478 = VECTOR('',#3479,1.);
#3479 = DIRECTION('',(-0.,-0.,-1.));
#3480 = ORIENTED_EDGE('',*,*,#3481,.T.);
#3481 = EDGE_CURVE('',#3474,#3448,#3482,.T.);
#3482 = B_SPLINE_CURVE_WITH_KNOTS('',2,(#3483,#3484,#3485),
  .UNSPECIFIED.,.F.,.F.,(3,3),(0.,1.),.PIECEWISE_BEZIER_KNOTS.);
#3483 = CARTESIAN_POINT('',(-5.623854542963,-5.344012606409,38.));
#3484 = CARTESIAN_POINT('',(-5.623854542963,-5.128279537245,38.));
#3485 = CARTESIAN_POINT('',(-5.740028894548,-5.018319162605,38.));
#3486 = ORIENTED_EDGE('',*,*,#3447,.F.);
#3487 = ORIENTED_EDGE('',*,*,#578,.F.);
#3488 = SURFACE_OF_LINEAR_EXTRUSION('',#3489,#3493);
#3489 = B_SPLINE_CURVE_WITH_KNOTS('',2,(#3490,#3491,#3492),
  .UNSPECIFIED.,.F.,.F.,(3,3),(0.,1.),.PIECEWISE_BEZIER_KNOTS.);
#3490 = CARTESIAN_POINT('',(-5.623854542963,-5.344012606409,40.));
#3491 = CARTESIAN_POINT('',(-5.623854542963,-5.128279537245,40.));
#3492 = CARTESIAN_POINT('',(-5.740028894548,-5.018319162605,40.));
#3493 = VECTOR('',#3494,1.);
#3494 = DIRECTION('',(0.,0.,1.));
#3495 = ADVANCED_FACE('',(#3496),#3514,.T.);
#3496 = FACE_BOUND('',#3497,.T.);
#3497 = EDGE_LOOP('',(#3498,#3506,#3512,#3513));
#3498 = ORIENTED_EDGE('',*,*,#3499,.T.);
#3499 = EDGE_CURVE('',#563,#3500,#3502,.T.);
#3500 = VERTEX_POINT('',#3501);
#3501 = CARTESIAN_POINT('',(-5.652898130859,-5.528540704392,38.));
#3502 = LINE('',#3503,#3504);
#3503 = CARTESIAN_POINT('',(-5.652898130859,-5.528540704392,40.));
#3504 = VECTOR('',#3505,1.);
#3505 = DIRECTION('',(-0.,-0.,-1.));
#3506 = ORIENTED_EDGE('',*,*,#3507,.T.);
#3507 = EDGE_CURVE('',#3500,#3474,#3508,.T.);
#3508 = B_SPLINE_CURVE_WITH_KNOTS('',2,(#3509,#3510,#3511),
  .UNSPECIFIED.,.F.,.F.,(3,3),(0.,1.),.PIECEWISE_BEZIER_KNOTS.);
#3509 = CARTESIAN_POINT('',(-5.652898130859,-5.528540704392,38.));
#3510 = CARTESIAN_POINT('',(-5.623854542963,-5.444652015631,38.));
#3511 = CARTESIAN_POINT('',(-5.623854542963,-5.344012606409,38.));
#3512 = ORIENTED_EDGE('',*,*,#3473,.F.);
#3513 = ORIENTED_EDGE('',*,*,#570,.F.);
#3514 = SURFACE_OF_LINEAR_EXTRUSION('',#3515,#3519);
#3515 = B_SPLINE_CURVE_WITH_KNOTS('',2,(#3516,#3517,#3518),
  .UNSPECIFIED.,.F.,.F.,(3,3),(0.,1.),.PIECEWISE_BEZIER_KNOTS.);
#3516 = CARTESIAN_POINT('',(-5.652898130859,-5.528540704392,40.));
#3517 = CARTESIAN_POINT('',(-5.623854542963,-5.444652015631,40.));
#3518 = CARTESIAN_POINT('',(-5.623854542963,-5.344012606409,40.));
#3519 = VECTOR('',#3520,1.);
#3520 = DIRECTION('',(0.,0.,1.));
#3521 = ADVANCED_FACE('',(#3522),#3540,.T.);
#3522 = FACE_BOUND('',#3523,.T.);
#3523 = EDGE_LOOP('',(#3524,#3532,#3538,#3539));
#3524 = ORIENTED_EDGE('',*,*,#3525,.T.);
#3525 = EDGE_CURVE('',#555,#3526,#3528,.T.);
#3526 = VERTEX_POINT('',#3527);
#3527 = CARTESIAN_POINT('',(-5.755563836911,-5.672002519954,38.));
#3528 = LINE('',#3529,#3530);
#3529 = CARTESIAN_POINT('',(-5.755563836911,-5.672002519954,40.));
#3530 = VECTOR('',#3531,1.);
#3531 = DIRECTION('',(-0.,-0.,-1.));
#3532 = ORIENTED_EDGE('',*,*,#3533,.T.);
#3533 = EDGE_CURVE('',#3526,#3500,#3534,.T.);
#3534 = B_SPLINE_CURVE_WITH_KNOTS('',2,(#3535,#3536,#3537),
  .UNSPECIFIED.,.F.,.F.,(3,3),(0.,1.),.PIECEWISE_BEZIER_KNOTS.);
#3535 = CARTESIAN_POINT('',(-5.755563836911,-5.672002519954,38.));
#3536 = CARTESIAN_POINT('',(-5.681941718755,-5.612294306697,38.));
#3537 = CARTESIAN_POINT('',(-5.652898130859,-5.528540704392,38.));
#3538 = ORIENTED_EDGE('',*,*,#3499,.F.);
#3539 = ORIENTED_EDGE('',*,*,#562,.F.);
#3540 = SURFACE_OF_LINEAR_EXTRUSION('',#3541,#3545);
#3541 = B_SPLINE_CURVE_WITH_KNOTS('',2,(#3542,#3543,#3544),
  .UNSPECIFIED.,.F.,.F.,(3,3),(0.,1.),.PIECEWISE_BEZIER_KNOTS.);
#3542 = CARTESIAN_POINT('',(-5.755563836911,-5.672002519954,40.));
#3543 = CARTESIAN_POINT('',(-5.681941718755,-5.612294306697,40.));
#3544 = CARTESIAN_POINT('',(-5.652898130859,-5.528540704392,40.));
#3545 = VECTOR('',#3546,1.);
#3546 = DIRECTION('',(0.,0.,1.));
#3547 = ADVANCED_FACE('',(#3548),#3566,.T.);
#3548 = FACE_BOUND('',#3549,.T.);
#3549 = EDGE_LOOP('',(#3550,#3558,#3564,#3565));
#3550 = ORIENTED_EDGE('',*,*,#3551,.T.);
#3551 = EDGE_CURVE('',#547,#3552,#3554,.T.);
#3552 = VERTEX_POINT('',#3553);
#3553 = CARTESIAN_POINT('',(-5.953735666882,-5.765212174133,38.));
#3554 = LINE('',#3555,#3556);
#3555 = CARTESIAN_POINT('',(-5.953735666882,-5.765212174133,40.));
#3556 = VECTOR('',#3557,1.);
#3557 = DIRECTION('',(-0.,-0.,-1.));
#3558 = ORIENTED_EDGE('',*,*,#3559,.T.);
#3559 = EDGE_CURVE('',#3552,#3526,#3560,.T.);
#3560 = B_SPLINE_CURVE_WITH_KNOTS('',2,(#3561,#3562,#3563),
  .UNSPECIFIED.,.F.,.F.,(3,3),(0.,1.),.PIECEWISE_BEZIER_KNOTS.);
#3561 = CARTESIAN_POINT('',(-5.953735666882,-5.765212174133,38.));
#3562 = CARTESIAN_POINT('',(-5.829185955067,-5.73171073321,38.));
#3563 = CARTESIAN_POINT('',(-5.755563836911,-5.672002519954,38.));
#3564 = ORIENTED_EDGE('',*,*,#3525,.F.);
#3565 = ORIENTED_EDGE('',*,*,#554,.F.);
#3566 = SURFACE_OF_LINEAR_EXTRUSION('',#3567,#3571);
#3567 = B_SPLINE_CURVE_WITH_KNOTS('',2,(#3568,#3569,#3570),
  .UNSPECIFIED.,.F.,.F.,(3,3),(0.,1.),.PIECEWISE_BEZIER_KNOTS.);
#3568 = CARTESIAN_POINT('',(-5.953735666882,-5.765212174133,40.));
#3569 = CARTESIAN_POINT('',(-5.829185955067,-5.73171073321,40.));
#3570 = CARTESIAN_POINT('',(-5.755563836911,-5.672002519954,40.));
#3571 = VECTOR('',#3572,1.);
#3572 = DIRECTION('',(0.,0.,1.));
#3573 = ADVANCED_FACE('',(#3574),#3592,.T.);
#3574 = FACE_BOUND('',#3575,.T.);
#3575 = EDGE_LOOP('',(#3576,#3584,#3590,#3591));
#3576 = ORIENTED_EDGE('',*,*,#3577,.T.);
#3577 = EDGE_CURVE('',#539,#3578,#3580,.T.);
#3578 = VERTEX_POINT('',#3579);
#3579 = CARTESIAN_POINT('',(-6.267001156796,-5.798713615055,38.));
#3580 = LINE('',#3581,#3582);
#3581 = CARTESIAN_POINT('',(-6.267001156796,-5.798713615055,40.));
#3582 = VECTOR('',#3583,1.);
#3583 = DIRECTION('',(-0.,-0.,-1.));
#3584 = ORIENTED_EDGE('',*,*,#3585,.T.);
#3585 = EDGE_CURVE('',#3578,#3552,#3586,.T.);
#3586 = B_SPLINE_CURVE_WITH_KNOTS('',2,(#3587,#3588,#3589),
  .UNSPECIFIED.,.F.,.F.,(3,3),(0.,1.),.PIECEWISE_BEZIER_KNOTS.);
#3587 = CARTESIAN_POINT('',(-6.267001156796,-5.798713615055,38.));
#3588 = CARTESIAN_POINT('',(-6.078285378698,-5.798713615055,38.));
#3589 = CARTESIAN_POINT('',(-5.953735666882,-5.765212174133,38.));
#3590 = ORIENTED_EDGE('',*,*,#3551,.F.);
#3591 = ORIENTED_EDGE('',*,*,#546,.F.);
#3592 = SURFACE_OF_LINEAR_EXTRUSION('',#3593,#3597);
#3593 = B_SPLINE_CURVE_WITH_KNOTS('',2,(#3594,#3595,#3596),
  .UNSPECIFIED.,.F.,.F.,(3,3),(0.,1.),.PIECEWISE_BEZIER_KNOTS.);
#3594 = CARTESIAN_POINT('',(-6.267001156796,-5.798713615055,40.));
#3595 = CARTESIAN_POINT('',(-6.078285378698,-5.798713615055,40.));
#3596 = CARTESIAN_POINT('',(-5.953735666882,-5.765212174133,40.));
#3597 = VECTOR('',#3598,1.);
#3598 = DIRECTION('',(0.,0.,1.));
#3599 = ADVANCED_FACE('',(#3600),#3618,.T.);
#3600 = FACE_BOUND('',#3601,.T.);
#3601 = EDGE_LOOP('',(#3602,#3610,#3616,#3617));
#3602 = ORIENTED_EDGE('',*,*,#3603,.T.);
#3603 = EDGE_CURVE('',#531,#3604,#3606,.T.);
#3604 = VERTEX_POINT('',#3605);
#3605 = CARTESIAN_POINT('',(-6.267001156796,-6.161826006986,38.));
#3606 = LINE('',#3607,#3608);
#3607 = CARTESIAN_POINT('',(-6.267001156796,-6.161826006986,40.));
#3608 = VECTOR('',#3609,1.);
#3609 = DIRECTION('',(-0.,-0.,-1.));
#3610 = ORIENTED_EDGE('',*,*,#3611,.T.);
#3611 = EDGE_CURVE('',#3604,#3578,#3612,.T.);
#3612 = LINE('',#3613,#3614);
#3613 = CARTESIAN_POINT('',(-6.267001156796,-6.161826006986,38.));
#3614 = VECTOR('',#3615,1.);
#3615 = DIRECTION('',(0.,1.,0.));
#3616 = ORIENTED_EDGE('',*,*,#3577,.F.);
#3617 = ORIENTED_EDGE('',*,*,#538,.F.);
#3618 = PLANE('',#3619);
#3619 = AXIS2_PLACEMENT_3D('',#3620,#3621,#3622);
#3620 = CARTESIAN_POINT('',(-6.267001156796,-6.161826006986,40.));
#3621 = DIRECTION('',(1.,0.,0.));
#3622 = DIRECTION('',(0.,1.,0.));
#3623 = ADVANCED_FACE('',(#3624),#3642,.T.);
#3624 = FACE_BOUND('',#3625,.T.);
#3625 = EDGE_LOOP('',(#3626,#3634,#3640,#3641));
#3626 = ORIENTED_EDGE('',*,*,#3627,.T.);
#3627 = EDGE_CURVE('',#523,#3628,#3630,.T.);
#3628 = VERTEX_POINT('',#3629);
#3629 = CARTESIAN_POINT('',(-5.902943159678,-6.196948485372,38.));
#3630 = LINE('',#3631,#3632);
#3631 = CARTESIAN_POINT('',(-5.902943159678,-6.196948485372,40.));
#3632 = VECTOR('',#3633,1.);
#3633 = DIRECTION('',(-0.,-0.,-1.));
#3634 = ORIENTED_EDGE('',*,*,#3635,.T.);
#3635 = EDGE_CURVE('',#3628,#3604,#3636,.T.);
#3636 = B_SPLINE_CURVE_WITH_KNOTS('',2,(#3637,#3638,#3639),
  .UNSPECIFIED.,.F.,.F.,(3,3),(0.,1.),.PIECEWISE_BEZIER_KNOTS.);
#3637 = CARTESIAN_POINT('',(-5.902943159678,-6.196948485372,38.));
#3638 = CARTESIAN_POINT('',(-6.038840133741,-6.161826006986,38.));
#3639 = CARTESIAN_POINT('',(-6.267001156796,-6.161826006986,38.));
#3640 = ORIENTED_EDGE('',*,*,#3603,.F.);
#3641 = ORIENTED_EDGE('',*,*,#530,.F.);
#3642 = SURFACE_OF_LINEAR_EXTRUSION('',#3643,#3647);
#3643 = B_SPLINE_CURVE_WITH_KNOTS('',2,(#3644,#3645,#3646),
  .UNSPECIFIED.,.F.,.F.,(3,3),(0.,1.),.PIECEWISE_BEZIER_KNOTS.);
#3644 = CARTESIAN_POINT('',(-5.902943159678,-6.196948485372,40.));
#3645 = CARTESIAN_POINT('',(-6.038840133741,-6.161826006986,40.));
#3646 = CARTESIAN_POINT('',(-6.267001156796,-6.161826006986,40.));
#3647 = VECTOR('',#3648,1.);
#3648 = DIRECTION('',(0.,0.,1.));
#3649 = ADVANCED_FACE('',(#3650),#3668,.T.);
#3650 = FACE_BOUND('',#3651,.T.);
#3651 = EDGE_LOOP('',(#3652,#3660,#3666,#3667));
#3652 = ORIENTED_EDGE('',*,*,#3653,.T.);
#3653 = EDGE_CURVE('',#515,#3654,#3656,.T.);
#3654 = VERTEX_POINT('',#3655);
#3655 = CARTESIAN_POINT('',(-5.694369672646,-6.29421073321,38.));
#3656 = LINE('',#3657,#3658);
#3657 = CARTESIAN_POINT('',(-5.694369672646,-6.29421073321,40.));
#3658 = VECTOR('',#3659,1.);
#3659 = DIRECTION('',(-0.,-0.,-1.));
#3660 = ORIENTED_EDGE('',*,*,#3661,.T.);
#3661 = EDGE_CURVE('',#3654,#3628,#3662,.T.);
#3662 = B_SPLINE_CURVE_WITH_KNOTS('',2,(#3663,#3664,#3665),
  .UNSPECIFIED.,.F.,.F.,(3,3),(0.,1.),.PIECEWISE_BEZIER_KNOTS.);
#3663 = CARTESIAN_POINT('',(-5.694369672646,-6.29421073321,38.));
#3664 = CARTESIAN_POINT('',(-5.767046185614,-6.232070963758,38.));
#3665 = CARTESIAN_POINT('',(-5.902943159678,-6.196948485372,38.));
#3666 = ORIENTED_EDGE('',*,*,#3627,.F.);
#3667 = ORIENTED_EDGE('',*,*,#522,.F.);
#3668 = SURFACE_OF_LINEAR_EXTRUSION('',#3669,#3673);
#3669 = B_SPLINE_CURVE_WITH_KNOTS('',2,(#3670,#3671,#3672),
  .UNSPECIFIED.,.F.,.F.,(3,3),(0.,1.),.PIECEWISE_BEZIER_KNOTS.);
#3670 = CARTESIAN_POINT('',(-5.694369672646,-6.29421073321,40.));
#3671 = CARTESIAN_POINT('',(-5.767046185614,-6.232070963758,40.));
#3672 = CARTESIAN_POINT('',(-5.902943159678,-6.196948485372,40.));
#3673 = VECTOR('',#3674,1.);
#3674 = DIRECTION('',(0.,0.,1.));
#3675 = ADVANCED_FACE('',(#3676),#3694,.T.);
#3676 = FACE_BOUND('',#3677,.T.);
#3677 = EDGE_LOOP('',(#3678,#3686,#3692,#3693));
#3678 = ORIENTED_EDGE('',*,*,#3679,.T.);
#3679 = EDGE_CURVE('',#507,#3680,#3682,.T.);
#3680 = VERTEX_POINT('',#3681);
#3681 = CARTESIAN_POINT('',(-5.598998635182,-6.444021612173,38.));
#3682 = LINE('',#3683,#3684);
#3683 = CARTESIAN_POINT('',(-5.598998635182,-6.444021612173,40.));
#3684 = VECTOR('',#3685,1.);
#3685 = DIRECTION('',(-0.,-0.,-1.));
#3686 = ORIENTED_EDGE('',*,*,#3687,.T.);
#3687 = EDGE_CURVE('',#3680,#3654,#3688,.T.);
#3688 = B_SPLINE_CURVE_WITH_KNOTS('',2,(#3689,#3690,#3691),
  .UNSPECIFIED.,.F.,.F.,(3,3),(0.,1.),.PIECEWISE_BEZIER_KNOTS.);
#3689 = CARTESIAN_POINT('',(-5.598998635182,-6.444021612173,38.));
#3690 = CARTESIAN_POINT('',(-5.621693159678,-6.356215416207,38.));
#3691 = CARTESIAN_POINT('',(-5.694369672646,-6.29421073321,38.));
#3692 = ORIENTED_EDGE('',*,*,#3653,.F.);
#3693 = ORIENTED_EDGE('',*,*,#514,.F.);
#3694 = SURFACE_OF_LINEAR_EXTRUSION('',#3695,#3699);
#3695 = B_SPLINE_CURVE_WITH_KNOTS('',2,(#3696,#3697,#3698),
  .UNSPECIFIED.,.F.,.F.,(3,3),(0.,1.),.PIECEWISE_BEZIER_KNOTS.);
#3696 = CARTESIAN_POINT('',(-5.598998635182,-6.444021612173,40.));
#3697 = CARTESIAN_POINT('',(-5.621693159678,-6.356215416207,40.));
#3698 = CARTESIAN_POINT('',(-5.694369672646,-6.29421073321,40.));
#3699 = VECTOR('',#3700,1.);
#3700 = DIRECTION('',(0.,0.,1.));
#3701 = ADVANCED_FACE('',(#3702),#3720,.T.);
#3702 = FACE_BOUND('',#3703,.T.);
#3703 = EDGE_LOOP('',(#3704,#3712,#3718,#3719));
#3704 = ORIENTED_EDGE('',*,*,#3705,.T.);
#3705 = EDGE_CURVE('',#499,#3706,#3708,.T.);
#3706 = VERTEX_POINT('',#3707);
#3707 = CARTESIAN_POINT('',(-5.576169024231,-6.639356626582,38.));
#3708 = LINE('',#3709,#3710);
#3709 = CARTESIAN_POINT('',(-5.576169024231,-6.639356626582,40.));
#3710 = VECTOR('',#3711,1.);
#3711 = DIRECTION('',(-0.,-0.,-1.));
#3712 = ORIENTED_EDGE('',*,*,#3713,.T.);
#3713 = EDGE_CURVE('',#3706,#3680,#3714,.T.);
#3714 = B_SPLINE_CURVE_WITH_KNOTS('',2,(#3715,#3716,#3717),
  .UNSPECIFIED.,.F.,.F.,(3,3),(0.,1.),.PIECEWISE_BEZIER_KNOTS.);
#3715 = CARTESIAN_POINT('',(-5.576169024231,-6.639356626582,38.));
#3716 = CARTESIAN_POINT('',(-5.576169024231,-6.531827808138,38.));
#3717 = CARTESIAN_POINT('',(-5.598998635182,-6.444021612173,38.));
#3718 = ORIENTED_EDGE('',*,*,#3679,.F.);
#3719 = ORIENTED_EDGE('',*,*,#506,.F.);
#3720 = SURFACE_OF_LINEAR_EXTRUSION('',#3721,#3725);
#3721 = B_SPLINE_CURVE_WITH_KNOTS('',2,(#3722,#3723,#3724),
  .UNSPECIFIED.,.F.,.F.,(3,3),(0.,1.),.PIECEWISE_BEZIER_KNOTS.);
#3722 = CARTESIAN_POINT('',(-5.576169024231,-6.639356626582,40.));
#3723 = CARTESIAN_POINT('',(-5.576169024231,-6.531827808138,40.));
#3724 = CARTESIAN_POINT('',(-5.598998635182,-6.444021612173,40.));
#3725 = VECTOR('',#3726,1.);
#3726 = DIRECTION('',(0.,0.,1.));
#3727 = ADVANCED_FACE('',(#3728),#3746,.T.);
#3728 = FACE_BOUND('',#3729,.T.);
#3729 = EDGE_LOOP('',(#3730,#3738,#3744,#3745));
#3730 = ORIENTED_EDGE('',*,*,#3731,.T.);
#3731 = EDGE_CURVE('',#491,#3732,#3734,.T.);
#3732 = VERTEX_POINT('',#3733);
#3733 = CARTESIAN_POINT('',(-5.6083196006,-6.807944522836,38.));
#3734 = LINE('',#3735,#3736);
#3735 = CARTESIAN_POINT('',(-5.6083196006,-6.807944522836,40.));
#3736 = VECTOR('',#3737,1.);
#3737 = DIRECTION('',(-0.,-0.,-1.));
#3738 = ORIENTED_EDGE('',*,*,#3739,.T.);
#3739 = EDGE_CURVE('',#3732,#3706,#3740,.T.);
#3740 = B_SPLINE_CURVE_WITH_KNOTS('',2,(#3741,#3742,#3743),
  .UNSPECIFIED.,.F.,.F.,(3,3),(0.,1.),.PIECEWISE_BEZIER_KNOTS.);
#3741 = CARTESIAN_POINT('',(-5.6083196006,-6.807944522836,38.));
#3742 = CARTESIAN_POINT('',(-5.576169024231,-6.72419092053,38.));
#3743 = CARTESIAN_POINT('',(-5.576169024231,-6.639356626582,38.));
#3744 = ORIENTED_EDGE('',*,*,#3705,.F.);
#3745 = ORIENTED_EDGE('',*,*,#498,.F.);
#3746 = SURFACE_OF_LINEAR_EXTRUSION('',#3747,#3751);
#3747 = B_SPLINE_CURVE_WITH_KNOTS('',2,(#3748,#3749,#3750),
  .UNSPECIFIED.,.F.,.F.,(3,3),(0.,1.),.PIECEWISE_BEZIER_KNOTS.);
#3748 = CARTESIAN_POINT('',(-5.6083196006,-6.807944522836,40.));
#3749 = CARTESIAN_POINT('',(-5.576169024231,-6.72419092053,40.));
#3750 = CARTESIAN_POINT('',(-5.576169024231,-6.639356626582,40.));
#3751 = VECTOR('',#3752,1.);
#3752 = DIRECTION('',(0.,0.,1.));
#3753 = ADVANCED_FACE('',(#3754),#3772,.T.);
#3754 = FACE_BOUND('',#3755,.T.);
#3755 = EDGE_LOOP('',(#3756,#3764,#3770,#3771));
#3756 = ORIENTED_EDGE('',*,*,#3757,.T.);
#3757 = EDGE_CURVE('',#483,#3758,#3760,.T.);
#3758 = VERTEX_POINT('',#3759);
#3759 = CARTESIAN_POINT('',(-5.705852021349,-6.959916785084,38.));
#3760 = LINE('',#3761,#3762);
#3761 = CARTESIAN_POINT('',(-5.705852021349,-6.959916785084,40.));
#3762 = VECTOR('',#3763,1.);
#3763 = DIRECTION('',(-0.,-0.,-1.));
#3764 = ORIENTED_EDGE('',*,*,#3765,.T.);
#3765 = EDGE_CURVE('',#3758,#3732,#3766,.T.);
#3766 = B_SPLINE_CURVE_WITH_KNOTS('',2,(#3767,#3768,#3769),
  .UNSPECIFIED.,.F.,.F.,(3,3),(0.,1.),.PIECEWISE_BEZIER_KNOTS.);
#3767 = CARTESIAN_POINT('',(-5.705852021349,-6.959916785084,38.));
#3768 = CARTESIAN_POINT('',(-5.640470176969,-6.891563038686,38.));
#3769 = CARTESIAN_POINT('',(-5.6083196006,-6.807944522836,38.));
#3770 = ORIENTED_EDGE('',*,*,#3731,.F.);
#3771 = ORIENTED_EDGE('',*,*,#490,.F.);
#3772 = SURFACE_OF_LINEAR_EXTRUSION('',#3773,#3777);
#3773 = B_SPLINE_CURVE_WITH_KNOTS('',2,(#3774,#3775,#3776),
  .UNSPECIFIED.,.F.,.F.,(3,3),(0.,1.),.PIECEWISE_BEZIER_KNOTS.);
#3774 = CARTESIAN_POINT('',(-5.705852021349,-6.959916785084,40.));
#3775 = CARTESIAN_POINT('',(-5.640470176969,-6.891563038686,40.));
#3776 = CARTESIAN_POINT('',(-5.6083196006,-6.807944522836,40.));
#3777 = VECTOR('',#3778,1.);
#3778 = DIRECTION('',(0.,0.,1.));
#3779 = ADVANCED_FACE('',(#3780),#3798,.T.);
#3780 = FACE_BOUND('',#3781,.T.);
#3781 = EDGE_LOOP('',(#3782,#3790,#3796,#3797));
#3782 = ORIENTED_EDGE('',*,*,#3783,.T.);
#3783 = EDGE_CURVE('',#475,#3784,#3786,.T.);
#3784 = VERTEX_POINT('',#3785);
#3785 = CARTESIAN_POINT('',(-5.868631200023,-7.070552592,38.));
#3786 = LINE('',#3787,#3788);
#3787 = CARTESIAN_POINT('',(-5.868631200023,-7.070552592,40.));
#3788 = VECTOR('',#3789,1.);
#3789 = DIRECTION('',(-0.,-0.,-1.));
#3790 = ORIENTED_EDGE('',*,*,#3791,.T.);
#3791 = EDGE_CURVE('',#3784,#3758,#3792,.T.);
#3792 = B_SPLINE_CURVE_WITH_KNOTS('',2,(#3793,#3794,#3795),
  .UNSPECIFIED.,.F.,.F.,(3,3),(0.,1.),.PIECEWISE_BEZIER_KNOTS.);
#3793 = CARTESIAN_POINT('',(-5.868631200023,-7.070552592,38.));
#3794 = CARTESIAN_POINT('',(-5.771098779274,-7.028135445026,38.));
#3795 = CARTESIAN_POINT('',(-5.705852021349,-6.959916785084,38.));
#3796 = ORIENTED_EDGE('',*,*,#3757,.F.);
#3797 = ORIENTED_EDGE('',*,*,#482,.F.);
#3798 = SURFACE_OF_LINEAR_EXTRUSION('',#3799,#3803);
#3799 = B_SPLINE_CURVE_WITH_KNOTS('',2,(#3800,#3801,#3802),
  .UNSPECIFIED.,.F.,.F.,(3,3),(0.,1.),.PIECEWISE_BEZIER_KNOTS.);
#3800 = CARTESIAN_POINT('',(-5.868631200023,-7.070552592,40.));
#3801 = CARTESIAN_POINT('',(-5.771098779274,-7.028135445026,40.));
#3802 = CARTESIAN_POINT('',(-5.705852021349,-6.959916785084,40.));
#3803 = VECTOR('',#3804,1.);
#3804 = DIRECTION('',(0.,0.,1.));
#3805 = ADVANCED_FACE('',(#3806),#3824,.T.);
#3806 = FACE_BOUND('',#3807,.T.);
#3807 = EDGE_LOOP('',(#3808,#3816,#3822,#3823));
#3808 = ORIENTED_EDGE('',*,*,#3809,.T.);
#3809 = EDGE_CURVE('',#467,#3810,#3812,.T.);
#3810 = VERTEX_POINT('',#3811);
#3811 = CARTESIAN_POINT('',(-6.096927309533,-7.112834652519,38.));
#3812 = LINE('',#3813,#3814);
#3813 = CARTESIAN_POINT('',(-6.096927309533,-7.112834652519,40.));
#3814 = VECTOR('',#3815,1.);
#3815 = DIRECTION('',(-0.,-0.,-1.));
#3816 = ORIENTED_EDGE('',*,*,#3817,.T.);
#3817 = EDGE_CURVE('',#3810,#3784,#3818,.T.);
#3818 = B_SPLINE_CURVE_WITH_KNOTS('',2,(#3819,#3820,#3821),
  .UNSPECIFIED.,.F.,.F.,(3,3),(0.,1.),.PIECEWISE_BEZIER_KNOTS.);
#3819 = CARTESIAN_POINT('',(-6.096927309533,-7.112834652519,38.));
#3820 = CARTESIAN_POINT('',(-5.966163620773,-7.112834652519,38.));
#3821 = CARTESIAN_POINT('',(-5.868631200023,-7.070552592,38.));
#3822 = ORIENTED_EDGE('',*,*,#3783,.F.);
#3823 = ORIENTED_EDGE('',*,*,#474,.F.);
#3824 = SURFACE_OF_LINEAR_EXTRUSION('',#3825,#3829);
#3825 = B_SPLINE_CURVE_WITH_KNOTS('',2,(#3826,#3827,#3828),
  .UNSPECIFIED.,.F.,.F.,(3,3),(0.,1.),.PIECEWISE_BEZIER_KNOTS.);
#3826 = CARTESIAN_POINT('',(-6.096927309533,-7.112834652519,40.));
#3827 = CARTESIAN_POINT('',(-5.966163620773,-7.112834652519,40.));
#3828 = CARTESIAN_POINT('',(-5.868631200023,-7.070552592,40.));
#3829 = VECTOR('',#3830,1.);
#3830 = DIRECTION('',(0.,0.,1.));
#3831 = ADVANCED_FACE('',(#3832),#3850,.T.);
#3832 = FACE_BOUND('',#3833,.T.);
#3833 = EDGE_LOOP('',(#3834,#3842,#3848,#3849));
#3834 = ORIENTED_EDGE('',*,*,#3835,.T.);
#3835 = EDGE_CURVE('',#459,#3836,#3838,.T.);
#3836 = VERTEX_POINT('',#3837);
#3837 = CARTESIAN_POINT('',(-6.297125436335,-7.078792865775,38.));
#3838 = LINE('',#3839,#3840);
#3839 = CARTESIAN_POINT('',(-6.297125436335,-7.078792865775,40.));
#3840 = VECTOR('',#3841,1.);
#3841 = DIRECTION('',(-0.,-0.,-1.));
#3842 = ORIENTED_EDGE('',*,*,#3843,.T.);
#3843 = EDGE_CURVE('',#3836,#3810,#3844,.T.);
#3844 = B_SPLINE_CURVE_WITH_KNOTS('',2,(#3845,#3846,#3847),
  .UNSPECIFIED.,.F.,.F.,(3,3),(0.,1.),.PIECEWISE_BEZIER_KNOTS.);
#3845 = CARTESIAN_POINT('',(-6.297125436335,-7.078792865775,38.));
#3846 = CARTESIAN_POINT('',(-6.213101661118,-7.112834652519,38.));
#3847 = CARTESIAN_POINT('',(-6.096927309533,-7.112834652519,38.));
#3848 = ORIENTED_EDGE('',*,*,#3809,.F.);
#3849 = ORIENTED_EDGE('',*,*,#466,.F.);
#3850 = SURFACE_OF_LINEAR_EXTRUSION('',#3851,#3855);
#3851 = B_SPLINE_CURVE_WITH_KNOTS('',2,(#3852,#3853,#3854),
  .UNSPECIFIED.,.F.,.F.,(3,3),(0.,1.),.PIECEWISE_BEZIER_KNOTS.);
#3852 = CARTESIAN_POINT('',(-6.297125436335,-7.078792865775,40.));
#3853 = CARTESIAN_POINT('',(-6.213101661118,-7.112834652519,40.));
#3854 = CARTESIAN_POINT('',(-6.096927309533,-7.112834652519,40.));
#3855 = VECTOR('',#3856,1.);
#3856 = DIRECTION('',(0.,0.,1.));
#3857 = ADVANCED_FACE('',(#3858),#3876,.T.);
#3858 = FACE_BOUND('',#3859,.T.);
#3859 = EDGE_LOOP('',(#3860,#3868,#3874,#3875));
#3860 = ORIENTED_EDGE('',*,*,#3861,.T.);
#3861 = EDGE_CURVE('',#451,#3862,#3864,.T.);
#3862 = VERTEX_POINT('',#3863);
#3863 = CARTESIAN_POINT('',(-6.443424067459,-6.989770891712,38.));
#3864 = LINE('',#3865,#3866);
#3865 = CARTESIAN_POINT('',(-6.443424067459,-6.989770891712,40.));
#3866 = VECTOR('',#3867,1.);
#3867 = DIRECTION('',(-0.,-0.,-1.));
#3868 = ORIENTED_EDGE('',*,*,#3869,.T.);
#3869 = EDGE_CURVE('',#3862,#3836,#3870,.T.);
#3870 = B_SPLINE_CURVE_WITH_KNOTS('',2,(#3871,#3872,#3873),
  .UNSPECIFIED.,.F.,.F.,(3,3),(0.,1.),.PIECEWISE_BEZIER_KNOTS.);
#3871 = CARTESIAN_POINT('',(-6.443424067459,-6.989770891712,38.));
#3872 = CARTESIAN_POINT('',(-6.381149211551,-7.044615992576,38.));
#3873 = CARTESIAN_POINT('',(-6.297125436335,-7.078792865775,38.));
#3874 = ORIENTED_EDGE('',*,*,#3835,.F.);
#3875 = ORIENTED_EDGE('',*,*,#458,.F.);
#3876 = SURFACE_OF_LINEAR_EXTRUSION('',#3877,#3881);
#3877 = B_SPLINE_CURVE_WITH_KNOTS('',2,(#3878,#3879,#3880),
  .UNSPECIFIED.,.F.,.F.,(3,3),(0.,1.),.PIECEWISE_BEZIER_KNOTS.);
#3878 = CARTESIAN_POINT('',(-6.443424067459,-6.989770891712,40.));
#3879 = CARTESIAN_POINT('',(-6.381149211551,-7.044615992576,40.));
#3880 = CARTESIAN_POINT('',(-6.297125436335,-7.078792865775,40.));
#3881 = VECTOR('',#3882,1.);
#3882 = DIRECTION('',(0.,0.,1.));
#3883 = ADVANCED_FACE('',(#3884),#3902,.T.);
#3884 = FACE_BOUND('',#3885,.T.);
#3885 = EDGE_LOOP('',(#3886,#3894,#3900,#3901));
#3886 = ORIENTED_EDGE('',*,*,#3887,.T.);
#3887 = EDGE_CURVE('',#443,#3888,#3890,.T.);
#3888 = VERTEX_POINT('',#3889);
#3889 = CARTESIAN_POINT('',(-6.550277453626,-6.864680834075,38.));
#3890 = LINE('',#3891,#3892);
#3891 = CARTESIAN_POINT('',(-6.550277453626,-6.864680834075,40.));
#3892 = VECTOR('',#3893,1.);
#3893 = DIRECTION('',(-0.,-0.,-1.));
#3894 = ORIENTED_EDGE('',*,*,#3895,.T.);
#3895 = EDGE_CURVE('',#3888,#3862,#3896,.T.);
#3896 = B_SPLINE_CURVE_WITH_KNOTS('',2,(#3897,#3898,#3899),
  .UNSPECIFIED.,.F.,.F.,(3,3),(0.,1.),.PIECEWISE_BEZIER_KNOTS.);
#3897 = CARTESIAN_POINT('',(-6.550277453626,-6.864680834075,38.));
#3898 = CARTESIAN_POINT('',(-6.505698923366,-6.934925790847,38.));
#3899 = CARTESIAN_POINT('',(-6.443424067459,-6.989770891712,38.));
#3900 = ORIENTED_EDGE('',*,*,#3861,.F.);
#3901 = ORIENTED_EDGE('',*,*,#450,.F.);
#3902 = SURFACE_OF_LINEAR_EXTRUSION('',#3903,#3907);
#3903 = B_SPLINE_CURVE_WITH_KNOTS('',2,(#3904,#3905,#3906),
  .UNSPECIFIED.,.F.,.F.,(3,3),(0.,1.),.PIECEWISE_BEZIER_KNOTS.);
#3904 = CARTESIAN_POINT('',(-6.550277453626,-6.864680834075,40.));
#3905 = CARTESIAN_POINT('',(-6.505698923366,-6.934925790847,40.));
#3906 = CARTESIAN_POINT('',(-6.443424067459,-6.989770891712,40.));
#3907 = VECTOR('',#3908,1.);
#3908 = DIRECTION('',(0.,0.,1.));
#3909 = ADVANCED_FACE('',(#3910),#3928,.T.);
#3910 = FACE_BOUND('',#3911,.T.);
#3911 = EDGE_LOOP('',(#3912,#3920,#3926,#3927));
#3912 = ORIENTED_EDGE('',*,*,#3913,.T.);
#3913 = EDGE_CURVE('',#435,#3914,#3916,.T.);
#3914 = VERTEX_POINT('',#3915);
#3915 = CARTESIAN_POINT('',(-6.632274932012,-6.72189445079,38.));
#3916 = LINE('',#3917,#3918);
#3917 = CARTESIAN_POINT('',(-6.632274932012,-6.72189445079,40.));
#3918 = VECTOR('',#3919,1.);
#3919 = DIRECTION('',(-0.,-0.,-1.));
#3920 = ORIENTED_EDGE('',*,*,#3921,.T.);
#3921 = EDGE_CURVE('',#3914,#3888,#3922,.T.);
#3922 = B_SPLINE_CURVE_WITH_KNOTS('',2,(#3923,#3924,#3925),
  .UNSPECIFIED.,.F.,.F.,(3,3),(0.,1.),.PIECEWISE_BEZIER_KNOTS.);
#3923 = CARTESIAN_POINT('',(-6.632274932012,-6.72189445079,38.));
#3924 = CARTESIAN_POINT('',(-6.594855983885,-6.794300790847,38.));
#3925 = CARTESIAN_POINT('',(-6.550277453626,-6.864680834075,38.));
#3926 = ORIENTED_EDGE('',*,*,#3887,.F.);
#3927 = ORIENTED_EDGE('',*,*,#442,.F.);
#3928 = SURFACE_OF_LINEAR_EXTRUSION('',#3929,#3933);
#3929 = B_SPLINE_CURVE_WITH_KNOTS('',2,(#3930,#3931,#3932),
  .UNSPECIFIED.,.F.,.F.,(3,3),(0.,1.),.PIECEWISE_BEZIER_KNOTS.);
#3930 = CARTESIAN_POINT('',(-6.632274932012,-6.72189445079,40.));
#3931 = CARTESIAN_POINT('',(-6.594855983885,-6.794300790847,40.));
#3932 = CARTESIAN_POINT('',(-6.550277453626,-6.864680834075,40.));
#3933 = VECTOR('',#3934,1.);
#3934 = DIRECTION('',(0.,0.,1.));
#3935 = ADVANCED_FACE('',(#3936),#3954,.T.);
#3936 = FACE_BOUND('',#3937,.T.);
#3937 = EDGE_LOOP('',(#3938,#3946,#3952,#3953));
#3938 = ORIENTED_EDGE('',*,*,#3939,.T.);
#3939 = EDGE_CURVE('',#427,#3940,#3942,.T.);
#3940 = VERTEX_POINT('',#3941);
#3941 = CARTESIAN_POINT('',(-6.697656776392,-6.655837174133,38.));
#3942 = LINE('',#3943,#3944);
#3943 = CARTESIAN_POINT('',(-6.697656776392,-6.655837174133,40.));
#3944 = VECTOR('',#3945,1.);
#3945 = DIRECTION('',(-0.,-0.,-1.));
#3946 = ORIENTED_EDGE('',*,*,#3947,.T.);
#3947 = EDGE_CURVE('',#3940,#3914,#3948,.T.);
#3948 = B_SPLINE_CURVE_WITH_KNOTS('',2,(#3949,#3950,#3951),
  .UNSPECIFIED.,.F.,.F.,(3,3),(0.,1.),.PIECEWISE_BEZIER_KNOTS.);
#3949 = CARTESIAN_POINT('',(-6.697656776392,-6.655837174133,38.));
#3950 = CARTESIAN_POINT('',(-6.655104542963,-6.678531698628,38.));
#3951 = CARTESIAN_POINT('',(-6.632274932012,-6.72189445079,38.));
#3952 = ORIENTED_EDGE('',*,*,#3913,.F.);
#3953 = ORIENTED_EDGE('',*,*,#434,.F.);
#3954 = SURFACE_OF_LINEAR_EXTRUSION('',#3955,#3959);
#3955 = B_SPLINE_CURVE_WITH_KNOTS('',2,(#3956,#3957,#3958),
  .UNSPECIFIED.,.F.,.F.,(3,3),(0.,1.),.PIECEWISE_BEZIER_KNOTS.);
#3956 = CARTESIAN_POINT('',(-6.697656776392,-6.655837174133,40.));
#3957 = CARTESIAN_POINT('',(-6.655104542963,-6.678531698628,40.));
#3958 = CARTESIAN_POINT('',(-6.632274932012,-6.72189445079,40.));
#3959 = VECTOR('',#3960,1.);
#3960 = DIRECTION('',(0.,0.,1.));
#3961 = ADVANCED_FACE('',(#3962),#3980,.T.);
#3962 = FACE_BOUND('',#3963,.T.);
#3963 = EDGE_LOOP('',(#3964,#3972,#3978,#3979));
#3964 = ORIENTED_EDGE('',*,*,#3965,.T.);
#3965 = EDGE_CURVE('',#419,#3966,#3968,.T.);
#3966 = VERTEX_POINT('',#3967);
#3967 = CARTESIAN_POINT('',(-6.794108505499,-6.633007563182,38.));
#3968 = LINE('',#3969,#3970);
#3969 = CARTESIAN_POINT('',(-6.794108505499,-6.633007563182,40.));
#3970 = VECTOR('',#3971,1.);
#3971 = DIRECTION('',(-0.,-0.,-1.));
#3972 = ORIENTED_EDGE('',*,*,#3973,.T.);
#3973 = EDGE_CURVE('',#3966,#3940,#3974,.T.);
#3974 = B_SPLINE_CURVE_WITH_KNOTS('',2,(#3975,#3976,#3977),
  .UNSPECIFIED.,.F.,.F.,(3,3),(0.,1.),.PIECEWISE_BEZIER_KNOTS.);
#3975 = CARTESIAN_POINT('',(-6.794108505499,-6.633007563182,38.));
#3976 = CARTESIAN_POINT('',(-6.740073923366,-6.633007563182,38.));
#3977 = CARTESIAN_POINT('',(-6.697656776392,-6.655837174133,38.));
#3978 = ORIENTED_EDGE('',*,*,#3939,.F.);
#3979 = ORIENTED_EDGE('',*,*,#426,.F.);
#3980 = SURFACE_OF_LINEAR_EXTRUSION('',#3981,#3985);
#3981 = B_SPLINE_CURVE_WITH_KNOTS('',2,(#3982,#3983,#3984),
  .UNSPECIFIED.,.F.,.F.,(3,3),(0.,1.),.PIECEWISE_BEZIER_KNOTS.);
#3982 = CARTESIAN_POINT('',(-6.794108505499,-6.633007563182,40.));
#3983 = CARTESIAN_POINT('',(-6.740073923366,-6.633007563182,40.));
#3984 = CARTESIAN_POINT('',(-6.697656776392,-6.655837174133,40.));
#3985 = VECTOR('',#3986,1.);
#3986 = DIRECTION('',(0.,0.,1.));
#3987 = ADVANCED_FACE('',(#3988),#4006,.T.);
#3988 = FACE_BOUND('',#3989,.T.);
#3989 = EDGE_LOOP('',(#3990,#3998,#4004,#4005));
#3990 = ORIENTED_EDGE('',*,*,#3991,.T.);
#3991 = EDGE_CURVE('',#411,#3992,#3994,.T.);
#3992 = VERTEX_POINT('',#3993);
#3993 = CARTESIAN_POINT('',(-6.912309153914,-6.65880907615,38.));
#3994 = LINE('',#3995,#3996);
#3995 = CARTESIAN_POINT('',(-6.912309153914,-6.65880907615,40.));
#3996 = VECTOR('',#3997,1.);
#3997 = DIRECTION('',(-0.,-0.,-1.));
#3998 = ORIENTED_EDGE('',*,*,#3999,.T.);
#3999 = EDGE_CURVE('',#3992,#3966,#4000,.T.);
#4000 = B_SPLINE_CURVE_WITH_KNOTS('',2,(#4001,#4002,#4003),
  .UNSPECIFIED.,.F.,.F.,(3,3),(0.,1.),.PIECEWISE_BEZIER_KNOTS.);
#4001 = CARTESIAN_POINT('',(-6.912309153914,-6.65880907615,38.));
#4002 = CARTESIAN_POINT('',(-6.854221978121,-6.633007563182,38.));
#4003 = CARTESIAN_POINT('',(-6.794108505499,-6.633007563182,38.));
#4004 = ORIENTED_EDGE('',*,*,#3965,.F.);
#4005 = ORIENTED_EDGE('',*,*,#418,.F.);
#4006 = SURFACE_OF_LINEAR_EXTRUSION('',#4007,#4011);
#4007 = B_SPLINE_CURVE_WITH_KNOTS('',2,(#4008,#4009,#4010),
  .UNSPECIFIED.,.F.,.F.,(3,3),(0.,1.),.PIECEWISE_BEZIER_KNOTS.);
#4008 = CARTESIAN_POINT('',(-6.912309153914,-6.65880907615,40.));
#4009 = CARTESIAN_POINT('',(-6.854221978121,-6.633007563182,40.));
#4010 = CARTESIAN_POINT('',(-6.794108505499,-6.633007563182,40.));
#4011 = VECTOR('',#4012,1.);
#4012 = DIRECTION('',(0.,0.,1.));
#4013 = ADVANCED_FACE('',(#4014),#4032,.T.);
#4014 = FACE_BOUND('',#4015,.T.);
#4015 = EDGE_LOOP('',(#4016,#4024,#4030,#4031));
#4016 = ORIENTED_EDGE('',*,*,#4017,.T.);
#4017 = EDGE_CURVE('',#403,#4018,#4020,.T.);
#4018 = VERTEX_POINT('',#4019);
#4019 = CARTESIAN_POINT('',(-7.138578966594,-6.755530978167,38.));
#4020 = LINE('',#4021,#4022);
#4021 = CARTESIAN_POINT('',(-7.138578966594,-6.755530978167,40.));
#4022 = VECTOR('',#4023,1.);
#4023 = DIRECTION('',(-0.,-0.,-1.));
#4024 = ORIENTED_EDGE('',*,*,#4025,.T.);
#4025 = EDGE_CURVE('',#4018,#3992,#4026,.T.);
#4026 = LINE('',#4027,#4028);
#4027 = CARTESIAN_POINT('',(-7.138578966594,-6.755530978167,38.));
#4028 = VECTOR('',#4029,1.);
#4029 = DIRECTION('',(0.919513757053,0.393057820925,0.));
#4030 = ORIENTED_EDGE('',*,*,#3991,.F.);
#4031 = ORIENTED_EDGE('',*,*,#410,.F.);
#4032 = PLANE('',#4033);
#4033 = AXIS2_PLACEMENT_3D('',#4034,#4035,#4036);
#4034 = CARTESIAN_POINT('',(-7.138578966594,-6.755530978167,40.));
#4035 = DIRECTION('',(0.393057820925,-0.919513757053,0.));
#4036 = DIRECTION('',(0.919513757053,0.393057820925,0.));
#4037 = ADVANCED_FACE('',(#4038),#4056,.T.);
#4038 = FACE_BOUND('',#4039,.T.);
#4039 = EDGE_LOOP('',(#4040,#4048,#4054,#4055));
#4040 = ORIENTED_EDGE('',*,*,#4041,.T.);
#4041 = EDGE_CURVE('',#395,#4042,#4044,.T.);
#4042 = VERTEX_POINT('',#4043);
#4043 = CARTESIAN_POINT('',(-6.989173346997,-7.093652375862,38.));
#4044 = LINE('',#4045,#4046);
#4045 = CARTESIAN_POINT('',(-6.989173346997,-7.093652375862,40.));
#4046 = VECTOR('',#4047,1.);
#4047 = DIRECTION('',(-0.,-0.,-1.));
#4048 = ORIENTED_EDGE('',*,*,#4049,.T.);
#4049 = EDGE_CURVE('',#4042,#4018,#4050,.T.);
#4050 = B_SPLINE_CURVE_WITH_KNOTS('',2,(#4051,#4052,#4053),
  .UNSPECIFIED.,.F.,.F.,(3,3),(0.,1.),.PIECEWISE_BEZIER_KNOTS.);
#4051 = CARTESIAN_POINT('',(-6.989173346997,-7.093652375862,38.));
#4052 = CARTESIAN_POINT('',(-7.076304110686,-6.947218658282,38.));
#4053 = CARTESIAN_POINT('',(-7.138578966594,-6.755530978167,38.));
#4054 = ORIENTED_EDGE('',*,*,#4017,.F.);
#4055 = ORIENTED_EDGE('',*,*,#402,.F.);
#4056 = SURFACE_OF_LINEAR_EXTRUSION('',#4057,#4061);
#4057 = B_SPLINE_CURVE_WITH_KNOTS('',2,(#4058,#4059,#4060),
  .UNSPECIFIED.,.F.,.F.,(3,3),(0.,1.),.PIECEWISE_BEZIER_KNOTS.);
#4058 = CARTESIAN_POINT('',(-6.989173346997,-7.093652375862,40.));
#4059 = CARTESIAN_POINT('',(-7.076304110686,-6.947218658282,40.));
#4060 = CARTESIAN_POINT('',(-7.138578966594,-6.755530978167,40.));
#4061 = VECTOR('',#4062,1.);
#4062 = DIRECTION('',(0.,0.,1.));
#4063 = ADVANCED_FACE('',(#4064),#4082,.T.);
#4064 = FACE_BOUND('',#4065,.T.);
#4065 = EDGE_LOOP('',(#4066,#4074,#4080,#4081));
#4066 = ORIENTED_EDGE('',*,*,#4067,.T.);
#4067 = EDGE_CURVE('',#387,#4068,#4070,.T.);
#4068 = VERTEX_POINT('',#4069);
#4069 = CARTESIAN_POINT('',(-6.777492871493,-7.340995675573,38.));
#4070 = LINE('',#4071,#4072);
#4071 = CARTESIAN_POINT('',(-6.777492871493,-7.340995675573,40.));
#4072 = VECTOR('',#4073,1.);
#4073 = DIRECTION('',(-0.,-0.,-1.));
#4074 = ORIENTED_EDGE('',*,*,#4075,.T.);
#4075 = EDGE_CURVE('',#4068,#4042,#4076,.T.);
#4076 = B_SPLINE_CURVE_WITH_KNOTS('',2,(#4077,#4078,#4079),
  .UNSPECIFIED.,.F.,.F.,(3,3),(0.,1.),.PIECEWISE_BEZIER_KNOTS.);
#4077 = CARTESIAN_POINT('',(-6.777492871493,-7.340995675573,38.));
#4078 = CARTESIAN_POINT('',(-6.902042583309,-7.239951006986,38.));
#4079 = CARTESIAN_POINT('',(-6.989173346997,-7.093652375862,38.));
#4080 = ORIENTED_EDGE('',*,*,#4041,.F.);
#4081 = ORIENTED_EDGE('',*,*,#394,.F.);
#4082 = SURFACE_OF_LINEAR_EXTRUSION('',#4083,#4087);
#4083 = B_SPLINE_CURVE_WITH_KNOTS('',2,(#4084,#4085,#4086),
  .UNSPECIFIED.,.F.,.F.,(3,3),(0.,1.),.PIECEWISE_BEZIER_KNOTS.);
#4084 = CARTESIAN_POINT('',(-6.777492871493,-7.340995675573,40.));
#4085 = CARTESIAN_POINT('',(-6.902042583309,-7.239951006986,40.));
#4086 = CARTESIAN_POINT('',(-6.989173346997,-7.093652375862,40.));
#4087 = VECTOR('',#4088,1.);
#4088 = DIRECTION('',(0.,0.,1.));
#4089 = ADVANCED_FACE('',(#4090),#4108,.T.);
#4090 = FACE_BOUND('',#4091,.T.);
#4091 = EDGE_LOOP('',(#4092,#4100,#4106,#4107));
#4092 = ORIENTED_EDGE('',*,*,#4093,.T.);
#4093 = EDGE_CURVE('',#379,#4094,#4096,.T.);
#4094 = VERTEX_POINT('',#4095);
#4095 = CARTESIAN_POINT('',(-6.484895609245,-7.493643370098,38.));
#4096 = LINE('',#4097,#4098);
#4097 = CARTESIAN_POINT('',(-6.484895609245,-7.493643370098,40.));
#4098 = VECTOR('',#4099,1.);
#4099 = DIRECTION('',(-0.,-0.,-1.));
#4100 = ORIENTED_EDGE('',*,*,#4101,.T.);
#4101 = EDGE_CURVE('',#4094,#4068,#4102,.T.);
#4102 = B_SPLINE_CURVE_WITH_KNOTS('',2,(#4103,#4104,#4105),
  .UNSPECIFIED.,.F.,.F.,(3,3),(0.,1.),.PIECEWISE_BEZIER_KNOTS.);
#4103 = CARTESIAN_POINT('',(-6.484895609245,-7.493643370098,38.));
#4104 = CARTESIAN_POINT('',(-6.652943159678,-7.442040344161,38.));
#4105 = CARTESIAN_POINT('',(-6.777492871493,-7.340995675573,38.));
#4106 = ORIENTED_EDGE('',*,*,#4067,.F.);
#4107 = ORIENTED_EDGE('',*,*,#386,.F.);
#4108 = SURFACE_OF_LINEAR_EXTRUSION('',#4109,#4113);
#4109 = B_SPLINE_CURVE_WITH_KNOTS('',2,(#4110,#4111,#4112),
  .UNSPECIFIED.,.F.,.F.,(3,3),(0.,1.),.PIECEWISE_BEZIER_KNOTS.);
#4110 = CARTESIAN_POINT('',(-6.484895609245,-7.493643370098,40.));
#4111 = CARTESIAN_POINT('',(-6.652943159678,-7.442040344161,40.));
#4112 = CARTESIAN_POINT('',(-6.777492871493,-7.340995675573,40.));
#4113 = VECTOR('',#4114,1.);
#4114 = DIRECTION('',(0.,0.,1.));
#4115 = ADVANCED_FACE('',(#4116),#4134,.T.);
#4116 = FACE_BOUND('',#4117,.T.);
#4117 = EDGE_LOOP('',(#4118,#4126,#4132,#4133));
#4118 = ORIENTED_EDGE('',*,*,#4119,.T.);
#4119 = EDGE_CURVE('',#371,#4120,#4122,.T.);
#4120 = VERTEX_POINT('',#4121);
#4121 = CARTESIAN_POINT('',(-6.090713332588,-7.545111309579,38.));
#4122 = LINE('',#4123,#4124);
#4123 = CARTESIAN_POINT('',(-6.090713332588,-7.545111309579,40.));
#4124 = VECTOR('',#4125,1.);
#4125 = DIRECTION('',(-0.,-0.,-1.));
#4126 = ORIENTED_EDGE('',*,*,#4127,.T.);
#4127 = EDGE_CURVE('',#4120,#4094,#4128,.T.);
#4128 = B_SPLINE_CURVE_WITH_KNOTS('',2,(#4129,#4130,#4131),
  .UNSPECIFIED.,.F.,.F.,(3,3),(0.,1.),.PIECEWISE_BEZIER_KNOTS.);
#4129 = CARTESIAN_POINT('',(-6.090713332588,-7.545111309579,38.));
#4130 = CARTESIAN_POINT('',(-6.316848058813,-7.545111309579,38.));
#4131 = CARTESIAN_POINT('',(-6.484895609245,-7.493643370098,38.));
#4132 = ORIENTED_EDGE('',*,*,#4093,.F.);
#4133 = ORIENTED_EDGE('',*,*,#378,.F.);
#4134 = SURFACE_OF_LINEAR_EXTRUSION('',#4135,#4139);
#4135 = B_SPLINE_CURVE_WITH_KNOTS('',2,(#4136,#4137,#4138),
  .UNSPECIFIED.,.F.,.F.,(3,3),(0.,1.),.PIECEWISE_BEZIER_KNOTS.);
#4136 = CARTESIAN_POINT('',(-6.090713332588,-7.545111309579,40.));
#4137 = CARTESIAN_POINT('',(-6.316848058813,-7.545111309579,40.));
#4138 = CARTESIAN_POINT('',(-6.484895609245,-7.493643370098,40.));
#4139 = VECTOR('',#4140,1.);
#4140 = DIRECTION('',(0.,0.,1.));
#4141 = ADVANCED_FACE('',(#4142),#4160,.T.);
#4142 = FACE_BOUND('',#4143,.T.);
#4143 = EDGE_LOOP('',(#4144,#4152,#4158,#4159));
#4144 = ORIENTED_EDGE('',*,*,#4145,.T.);
#4145 = EDGE_CURVE('',#363,#4146,#4148,.T.);
#4146 = VERTEX_POINT('',#4147);
#4147 = CARTESIAN_POINT('',(-5.697476661118,-7.485268009867,38.));
#4148 = LINE('',#4149,#4150);
#4149 = CARTESIAN_POINT('',(-5.697476661118,-7.485268009867,40.));
#4150 = VECTOR('',#4151,1.);
#4151 = DIRECTION('',(-0.,-0.,-1.));
#4152 = ORIENTED_EDGE('',*,*,#4153,.T.);
#4153 = EDGE_CURVE('',#4146,#4120,#4154,.T.);
#4154 = B_SPLINE_CURVE_WITH_KNOTS('',2,(#4155,#4156,#4157),
  .UNSPECIFIED.,.F.,.F.,(3,3),(0.,1.),.PIECEWISE_BEZIER_KNOTS.);
#4155 = CARTESIAN_POINT('',(-5.697476661118,-7.485268009867,38.));
#4156 = CARTESIAN_POINT('',(-5.883220537199,-7.545111309579,38.));
#4157 = CARTESIAN_POINT('',(-6.090713332588,-7.545111309579,38.));
#4158 = ORIENTED_EDGE('',*,*,#4119,.F.);
#4159 = ORIENTED_EDGE('',*,*,#370,.F.);
#4160 = SURFACE_OF_LINEAR_EXTRUSION('',#4161,#4165);
#4161 = B_SPLINE_CURVE_WITH_KNOTS('',2,(#4162,#4163,#4164),
  .UNSPECIFIED.,.F.,.F.,(3,3),(0.,1.),.PIECEWISE_BEZIER_KNOTS.);
#4162 = CARTESIAN_POINT('',(-5.697476661118,-7.485268009867,40.));
#4163 = CARTESIAN_POINT('',(-5.883220537199,-7.545111309579,40.));
#4164 = CARTESIAN_POINT('',(-6.090713332588,-7.545111309579,40.));
#4165 = VECTOR('',#4166,1.);
#4166 = DIRECTION('',(0.,0.,1.));
#4167 = ADVANCED_FACE('',(#4168),#4186,.T.);
#4168 = FACE_BOUND('',#4169,.T.);
#4169 = EDGE_LOOP('',(#4170,#4178,#4184,#4185));
#4170 = ORIENTED_EDGE('',*,*,#4171,.T.);
#4171 = EDGE_CURVE('',#355,#4172,#4174,.T.);
#4172 = VERTEX_POINT('',#4173);
#4173 = CARTESIAN_POINT('',(-5.370702525672,-7.308574926294,38.));
#4174 = LINE('',#4175,#4176);
#4175 = CARTESIAN_POINT('',(-5.370702525672,-7.308574926294,40.));
#4176 = VECTOR('',#4177,1.);
#4177 = DIRECTION('',(-0.,-0.,-1.));
#4178 = ORIENTED_EDGE('',*,*,#4179,.T.);
#4179 = EDGE_CURVE('',#4172,#4146,#4180,.T.);
#4180 = B_SPLINE_CURVE_WITH_KNOTS('',2,(#4181,#4182,#4183),
  .UNSPECIFIED.,.F.,.F.,(3,3),(0.,1.),.PIECEWISE_BEZIER_KNOTS.);
#4181 = CARTESIAN_POINT('',(-5.370702525672,-7.308574926294,38.));
#4182 = CARTESIAN_POINT('',(-5.511732785038,-7.4252896237,38.));
#4183 = CARTESIAN_POINT('',(-5.697476661118,-7.485268009867,38.));
#4184 = ORIENTED_EDGE('',*,*,#4145,.F.);
#4185 = ORIENTED_EDGE('',*,*,#362,.F.);
#4186 = SURFACE_OF_LINEAR_EXTRUSION('',#4187,#4191);
#4187 = B_SPLINE_CURVE_WITH_KNOTS('',2,(#4188,#4189,#4190),
  .UNSPECIFIED.,.F.,.F.,(3,3),(0.,1.),.PIECEWISE_BEZIER_KNOTS.);
#4188 = CARTESIAN_POINT('',(-5.370702525672,-7.308574926294,40.));
#4189 = CARTESIAN_POINT('',(-5.511732785038,-7.4252896237,40.));
#4190 = CARTESIAN_POINT('',(-5.697476661118,-7.485268009867,40.));
#4191 = VECTOR('',#4192,1.);
#4192 = DIRECTION('',(0.,0.,1.));
#4193 = ADVANCED_FACE('',(#4194),#4212,.T.);
#4194 = FACE_BOUND('',#4195,.T.);
#4195 = EDGE_LOOP('',(#4196,#4204,#4210,#4211));
#4196 = ORIENTED_EDGE('',*,*,#4197,.T.);
#4197 = EDGE_CURVE('',#347,#4198,#4200,.T.);
#4198 = VERTEX_POINT('',#4199);
#4199 = CARTESIAN_POINT('',(-5.146594096277,-7.020165344161,38.));
#4200 = LINE('',#4201,#4202);
#4201 = CARTESIAN_POINT('',(-5.146594096277,-7.020165344161,40.));
#4202 = VECTOR('',#4203,1.);
#4203 = DIRECTION('',(-0.,-0.,-1.));
#4204 = ORIENTED_EDGE('',*,*,#4205,.T.);
#4205 = EDGE_CURVE('',#4198,#4172,#4206,.T.);
#4206 = B_SPLINE_CURVE_WITH_KNOTS('',2,(#4207,#4208,#4209),
  .UNSPECIFIED.,.F.,.F.,(3,3),(0.,1.),.PIECEWISE_BEZIER_KNOTS.);
#4207 = CARTESIAN_POINT('',(-5.146594096277,-7.020165344161,38.));
#4208 = CARTESIAN_POINT('',(-5.22953717985,-7.191725142432,38.));
#4209 = CARTESIAN_POINT('',(-5.370702525672,-7.308574926294,38.));
#4210 = ORIENTED_EDGE('',*,*,#4171,.F.);
#4211 = ORIENTED_EDGE('',*,*,#354,.F.);
#4212 = SURFACE_OF_LINEAR_EXTRUSION('',#4213,#4217);
#4213 = B_SPLINE_CURVE_WITH_KNOTS('',2,(#4214,#4215,#4216),
  .UNSPECIFIED.,.F.,.F.,(3,3),(0.,1.),.PIECEWISE_BEZIER_KNOTS.);
#4214 = CARTESIAN_POINT('',(-5.146594096277,-7.020165344161,40.));
#4215 = CARTESIAN_POINT('',(-5.22953717985,-7.191725142432,40.));
#4216 = CARTESIAN_POINT('',(-5.370702525672,-7.308574926294,40.));
#4217 = VECTOR('',#4218,1.);
#4218 = DIRECTION('',(0.,0.,1.));
#4219 = ADVANCED_FACE('',(#4220),#4238,.T.);
#4220 = FACE_BOUND('',#4221,.T.);
#4221 = EDGE_LOOP('',(#4222,#4230,#4236,#4237));
#4222 = ORIENTED_EDGE('',*,*,#4223,.T.);
#4223 = EDGE_CURVE('',#339,#4224,#4226,.T.);
#4224 = VERTEX_POINT('',#4225);
#4225 = CARTESIAN_POINT('',(-5.063651012703,-6.625442721683,38.));
#4226 = LINE('',#4227,#4228);
#4227 = CARTESIAN_POINT('',(-5.063651012703,-6.625442721683,40.));
#4228 = VECTOR('',#4229,1.);
#4229 = DIRECTION('',(-0.,-0.,-1.));
#4230 = ORIENTED_EDGE('',*,*,#4231,.T.);
#4231 = EDGE_CURVE('',#4224,#4198,#4232,.T.);
#4232 = B_SPLINE_CURVE_WITH_KNOTS('',2,(#4233,#4234,#4235),
  .UNSPECIFIED.,.F.,.F.,(3,3),(0.,1.),.PIECEWISE_BEZIER_KNOTS.);
#4233 = CARTESIAN_POINT('',(-5.063651012703,-6.625442721683,38.));
#4234 = CARTESIAN_POINT('',(-5.063651012703,-6.84860554589,38.));
#4235 = CARTESIAN_POINT('',(-5.146594096277,-7.020165344161,38.));
#4236 = ORIENTED_EDGE('',*,*,#4197,.F.);
#4237 = ORIENTED_EDGE('',*,*,#346,.F.);
#4238 = SURFACE_OF_LINEAR_EXTRUSION('',#4239,#4243);
#4239 = B_SPLINE_CURVE_WITH_KNOTS('',2,(#4240,#4241,#4242),
  .UNSPECIFIED.,.F.,.F.,(3,3),(0.,1.),.PIECEWISE_BEZIER_KNOTS.);
#4240 = CARTESIAN_POINT('',(-5.063651012703,-6.625442721683,40.));
#4241 = CARTESIAN_POINT('',(-5.063651012703,-6.84860554589,40.));
#4242 = CARTESIAN_POINT('',(-5.146594096277,-7.020165344161,40.));
#4243 = VECTOR('',#4244,1.);
#4244 = DIRECTION('',(0.,0.,1.));
#4245 = ADVANCED_FACE('',(#4246),#4264,.T.);
#4246 = FACE_BOUND('',#4247,.T.);
#4247 = EDGE_LOOP('',(#4248,#4256,#4262,#4263));
#4248 = ORIENTED_EDGE('',*,*,#4249,.T.);
#4249 = EDGE_CURVE('',#331,#4250,#4252,.T.);
#4250 = VERTEX_POINT('',#4251);
#4251 = CARTESIAN_POINT('',(-5.196440998294,-6.189383643873,38.));
#4252 = LINE('',#4253,#4254);
#4253 = CARTESIAN_POINT('',(-5.196440998294,-6.189383643873,40.));
#4254 = VECTOR('',#4255,1.);
#4255 = DIRECTION('',(-0.,-0.,-1.));
#4256 = ORIENTED_EDGE('',*,*,#4257,.T.);
#4257 = EDGE_CURVE('',#4250,#4224,#4258,.T.);
#4258 = B_SPLINE_CURVE_WITH_KNOTS('',2,(#4259,#4260,#4261),
  .UNSPECIFIED.,.F.,.F.,(3,3),(0.,1.),.PIECEWISE_BEZIER_KNOTS.);
#4259 = CARTESIAN_POINT('',(-5.196440998294,-6.189383643873,38.));
#4260 = CARTESIAN_POINT('',(-5.063651012703,-6.362969738974,38.));
#4261 = CARTESIAN_POINT('',(-5.063651012703,-6.625442721683,38.));
#4262 = ORIENTED_EDGE('',*,*,#4223,.F.);
#4263 = ORIENTED_EDGE('',*,*,#338,.F.);
#4264 = SURFACE_OF_LINEAR_EXTRUSION('',#4265,#4269);
#4265 = B_SPLINE_CURVE_WITH_KNOTS('',2,(#4266,#4267,#4268),
  .UNSPECIFIED.,.F.,.F.,(3,3),(0.,1.),.PIECEWISE_BEZIER_KNOTS.);
#4266 = CARTESIAN_POINT('',(-5.196440998294,-6.189383643873,40.));
#4267 = CARTESIAN_POINT('',(-5.063651012703,-6.362969738974,40.));
#4268 = CARTESIAN_POINT('',(-5.063651012703,-6.625442721683,40.));
#4269 = VECTOR('',#4270,1.);
#4270 = DIRECTION('',(0.,0.,1.));
#4271 = ADVANCED_FACE('',(#4272),#4290,.T.);
#4272 = FACE_BOUND('',#4273,.T.);
#4273 = EDGE_LOOP('',(#4274,#4282,#4288,#4289));
#4274 = ORIENTED_EDGE('',*,*,#4275,.T.);
#4275 = EDGE_CURVE('',#323,#4276,#4278,.T.);
#4276 = VERTEX_POINT('',#4277);
#4277 = CARTESIAN_POINT('',(-5.598863548727,-5.93109834128,38.));
#4278 = LINE('',#4279,#4280);
#4279 = CARTESIAN_POINT('',(-5.598863548727,-5.93109834128,40.));
#4280 = VECTOR('',#4281,1.);
#4281 = DIRECTION('',(-0.,-0.,-1.));
#4282 = ORIENTED_EDGE('',*,*,#4283,.T.);
#4283 = EDGE_CURVE('',#4276,#4250,#4284,.T.);
#4284 = B_SPLINE_CURVE_WITH_KNOTS('',2,(#4285,#4286,#4287),
  .UNSPECIFIED.,.F.,.F.,(3,3),(0.,1.),.PIECEWISE_BEZIER_KNOTS.);
#4285 = CARTESIAN_POINT('',(-5.598863548727,-5.93109834128,38.));
#4286 = CARTESIAN_POINT('',(-5.329230983885,-6.015797548772,38.));
#4287 = CARTESIAN_POINT('',(-5.196440998294,-6.189383643873,38.));
#4288 = ORIENTED_EDGE('',*,*,#4249,.F.);
#4289 = ORIENTED_EDGE('',*,*,#330,.F.);
#4290 = SURFACE_OF_LINEAR_EXTRUSION('',#4291,#4295);
#4291 = B_SPLINE_CURVE_WITH_KNOTS('',2,(#4292,#4293,#4294),
  .UNSPECIFIED.,.F.,.F.,(3,3),(0.,1.),.PIECEWISE_BEZIER_KNOTS.);
#4292 = CARTESIAN_POINT('',(-5.598863548727,-5.93109834128,40.));
#4293 = CARTESIAN_POINT('',(-5.329230983885,-6.015797548772,40.));
#4294 = CARTESIAN_POINT('',(-5.196440998294,-6.189383643873,40.));
#4295 = VECTOR('',#4296,1.);
#4296 = DIRECTION('',(0.,0.,1.));
#4297 = ADVANCED_FACE('',(#4298),#4316,.T.);
#4298 = FACE_BOUND('',#4299,.T.);
#4299 = EDGE_LOOP('',(#4300,#4308,#4314,#4315));
#4300 = ORIENTED_EDGE('',*,*,#4301,.T.);
#4301 = EDGE_CURVE('',#315,#4302,#4304,.T.);
#4302 = VERTEX_POINT('',#4303);
#4303 = CARTESIAN_POINT('',(-5.398665421925,-5.837213254824,38.));
#4304 = LINE('',#4305,#4306);
#4305 = CARTESIAN_POINT('',(-5.398665421925,-5.837213254824,40.));
#4306 = VECTOR('',#4307,1.);
#4307 = DIRECTION('',(-0.,-0.,-1.));
#4308 = ORIENTED_EDGE('',*,*,#4309,.T.);
#4309 = EDGE_CURVE('',#4302,#4276,#4310,.T.);
#4310 = B_SPLINE_CURVE_WITH_KNOTS('',2,(#4311,#4312,#4313),
  .UNSPECIFIED.,.F.,.F.,(3,3),(0.,1.),.PIECEWISE_BEZIER_KNOTS.);
#4311 = CARTESIAN_POINT('',(-5.398665421925,-5.837213254824,38.));
#4312 = CARTESIAN_POINT('',(-5.486876877257,-5.893544306697,38.));
#4313 = CARTESIAN_POINT('',(-5.598863548727,-5.93109834128,38.));
#4314 = ORIENTED_EDGE('',*,*,#4275,.F.);
#4315 = ORIENTED_EDGE('',*,*,#322,.F.);
#4316 = SURFACE_OF_LINEAR_EXTRUSION('',#4317,#4321);
#4317 = B_SPLINE_CURVE_WITH_KNOTS('',2,(#4318,#4319,#4320),
  .UNSPECIFIED.,.F.,.F.,(3,3),(0.,1.),.PIECEWISE_BEZIER_KNOTS.);
#4318 = CARTESIAN_POINT('',(-5.398665421925,-5.837213254824,40.));
#4319 = CARTESIAN_POINT('',(-5.486876877257,-5.893544306697,40.));
#4320 = CARTESIAN_POINT('',(-5.598863548727,-5.93109834128,40.));
#4321 = VECTOR('',#4322,1.);
#4322 = DIRECTION('',(0.,0.,1.));
#4323 = ADVANCED_FACE('',(#4324),#4342,.T.);
#4324 = FACE_BOUND('',#4325,.T.);
#4325 = EDGE_LOOP('',(#4326,#4334,#4340,#4341));
#4326 = ORIENTED_EDGE('',*,*,#4327,.T.);
#4327 = EDGE_CURVE('',#307,#4328,#4330,.T.);
#4328 = VERTEX_POINT('',#4329);
#4329 = CARTESIAN_POINT('',(-5.249259802329,-5.699425070386,38.));
#4330 = LINE('',#4331,#4332);
#4331 = CARTESIAN_POINT('',(-5.249259802329,-5.699425070386,40.));
#4332 = VECTOR('',#4333,1.);
#4333 = DIRECTION('',(-0.,-0.,-1.));
#4334 = ORIENTED_EDGE('',*,*,#4335,.T.);
#4335 = EDGE_CURVE('',#4328,#4302,#4336,.T.);
#4336 = B_SPLINE_CURVE_WITH_KNOTS('',2,(#4337,#4338,#4339),
  .UNSPECIFIED.,.F.,.F.,(3,3),(0.,1.),.PIECEWISE_BEZIER_KNOTS.);
#4337 = CARTESIAN_POINT('',(-5.249259802329,-5.699425070386,38.));
#4338 = CARTESIAN_POINT('',(-5.310453966594,-5.780747116496,38.));
#4339 = CARTESIAN_POINT('',(-5.398665421925,-5.837213254824,38.));
#4340 = ORIENTED_EDGE('',*,*,#4301,.F.);
#4341 = ORIENTED_EDGE('',*,*,#314,.F.);
#4342 = SURFACE_OF_LINEAR_EXTRUSION('',#4343,#4347);
#4343 = B_SPLINE_CURVE_WITH_KNOTS('',2,(#4344,#4345,#4346),
  .UNSPECIFIED.,.F.,.F.,(3,3),(0.,1.),.PIECEWISE_BEZIER_KNOTS.);
#4344 = CARTESIAN_POINT('',(-5.249259802329,-5.699425070386,40.));
#4345 = CARTESIAN_POINT('',(-5.310453966594,-5.780747116496,40.));
#4346 = CARTESIAN_POINT('',(-5.398665421925,-5.837213254824,40.));
#4347 = VECTOR('',#4348,1.);
#4348 = DIRECTION('',(0.,0.,1.));
#4349 = ADVANCED_FACE('',(#4350),#4368,.T.);
#4350 = FACE_BOUND('',#4351,.T.);
#4351 = EDGE_LOOP('',(#4352,#4360,#4366,#4367));
#4352 = ORIENTED_EDGE('',*,*,#4353,.T.);
#4353 = EDGE_CURVE('',#299,#4354,#4356,.T.);
#4354 = VERTEX_POINT('',#4355);
#4355 = CARTESIAN_POINT('',(-5.155915061695,-5.508412822548,38.));
#4356 = LINE('',#4357,#4358);
#4357 = CARTESIAN_POINT('',(-5.155915061695,-5.508412822548,40.));
#4358 = VECTOR('',#4359,1.);
#4359 = DIRECTION('',(-0.,-0.,-1.));
#4360 = ORIENTED_EDGE('',*,*,#4361,.T.);
#4361 = EDGE_CURVE('',#4354,#4328,#4362,.T.);
#4362 = B_SPLINE_CURVE_WITH_KNOTS('',2,(#4363,#4364,#4365),
  .UNSPECIFIED.,.F.,.F.,(3,3),(0.,1.),.PIECEWISE_BEZIER_KNOTS.);
#4363 = CARTESIAN_POINT('',(-5.155915061695,-5.508412822548,38.));
#4364 = CARTESIAN_POINT('',(-5.188065638064,-5.617967937821,38.));
#4365 = CARTESIAN_POINT('',(-5.249259802329,-5.699425070386,38.));
#4366 = ORIENTED_EDGE('',*,*,#4327,.F.);
#4367 = ORIENTED_EDGE('',*,*,#306,.F.);
#4368 = SURFACE_OF_LINEAR_EXTRUSION('',#4369,#4373);
#4369 = B_SPLINE_CURVE_WITH_KNOTS('',2,(#4370,#4371,#4372),
  .UNSPECIFIED.,.F.,.F.,(3,3),(0.,1.),.PIECEWISE_BEZIER_KNOTS.);
#4370 = CARTESIAN_POINT('',(-5.155915061695,-5.508412822548,40.));
#4371 = CARTESIAN_POINT('',(-5.188065638064,-5.617967937821,40.));
#4372 = CARTESIAN_POINT('',(-5.249259802329,-5.699425070386,40.));
#4373 = VECTOR('',#4374,1.);
#4374 = DIRECTION('',(0.,0.,1.));
#4375 = ADVANCED_FACE('',(#4376),#4394,.T.);
#4376 = FACE_BOUND('',#4377,.T.);
#4377 = EDGE_LOOP('',(#4378,#4386,#4392,#4393));
#4378 = ORIENTED_EDGE('',*,*,#4379,.T.);
#4379 = EDGE_CURVE('',#291,#4380,#4382,.T.);
#4380 = VERTEX_POINT('',#4381);
#4381 = CARTESIAN_POINT('',(-5.123764485326,-5.254720459435,38.));
#4382 = LINE('',#4383,#4384);
#4383 = CARTESIAN_POINT('',(-5.123764485326,-5.254720459435,40.));
#4384 = VECTOR('',#4385,1.);
#4385 = DIRECTION('',(-0.,-0.,-1.));
#4386 = ORIENTED_EDGE('',*,*,#4387,.T.);
#4387 = EDGE_CURVE('',#4380,#4354,#4388,.T.);
#4388 = B_SPLINE_CURVE_WITH_KNOTS('',2,(#4389,#4390,#4391),
  .UNSPECIFIED.,.F.,.F.,(3,3),(0.,1.),.PIECEWISE_BEZIER_KNOTS.);
#4389 = CARTESIAN_POINT('',(-5.123764485326,-5.254720459435,38.));
#4390 = CARTESIAN_POINT('',(-5.123764485326,-5.398722620818,38.));
#4391 = CARTESIAN_POINT('',(-5.155915061695,-5.508412822548,38.));
#4392 = ORIENTED_EDGE('',*,*,#4353,.F.);
#4393 = ORIENTED_EDGE('',*,*,#298,.F.);
#4394 = SURFACE_OF_LINEAR_EXTRUSION('',#4395,#4399);
#4395 = B_SPLINE_CURVE_WITH_KNOTS('',2,(#4396,#4397,#4398),
  .UNSPECIFIED.,.F.,.F.,(3,3),(0.,1.),.PIECEWISE_BEZIER_KNOTS.);
#4396 = CARTESIAN_POINT('',(-5.123764485326,-5.254720459435,40.));
#4397 = CARTESIAN_POINT('',(-5.123764485326,-5.398722620818,40.));
#4398 = CARTESIAN_POINT('',(-5.155915061695,-5.508412822548,40.));
#4399 = VECTOR('',#4400,1.);
#4400 = DIRECTION('',(0.,0.,1.));
#4401 = ADVANCED_FACE('',(#4402),#4420,.T.);
#4402 = FACE_BOUND('',#4403,.T.);
#4403 = EDGE_LOOP('',(#4404,#4412,#4418,#4419));
#4404 = ORIENTED_EDGE('',*,*,#4405,.T.);
#4405 = EDGE_CURVE('',#283,#4406,#4408,.T.);
#4406 = VERTEX_POINT('',#4407);
#4407 = CARTESIAN_POINT('',(-5.187120032876,-4.947804032922,38.));
#4408 = LINE('',#4409,#4410);
#4409 = CARTESIAN_POINT('',(-5.187120032876,-4.947804032922,40.));
#4410 = VECTOR('',#4411,1.);
#4411 = DIRECTION('',(-0.,-0.,-1.));
#4412 = ORIENTED_EDGE('',*,*,#4413,.T.);
#4413 = EDGE_CURVE('',#4406,#4380,#4414,.T.);
#4414 = B_SPLINE_CURVE_WITH_KNOTS('',2,(#4415,#4416,#4417),
  .UNSPECIFIED.,.F.,.F.,(3,3),(0.,1.),.PIECEWISE_BEZIER_KNOTS.);
#4415 = CARTESIAN_POINT('',(-5.187120032876,-4.947804032922,38.));
#4416 = CARTESIAN_POINT('',(-5.123764485326,-5.089779897475,38.));
#4417 = CARTESIAN_POINT('',(-5.123764485326,-5.254720459435,38.));
#4418 = ORIENTED_EDGE('',*,*,#4379,.F.);
#4419 = ORIENTED_EDGE('',*,*,#290,.F.);
#4420 = SURFACE_OF_LINEAR_EXTRUSION('',#4421,#4425);
#4421 = B_SPLINE_CURVE_WITH_KNOTS('',2,(#4422,#4423,#4424),
  .UNSPECIFIED.,.F.,.F.,(3,3),(0.,1.),.PIECEWISE_BEZIER_KNOTS.);
#4422 = CARTESIAN_POINT('',(-5.187120032876,-4.947804032922,40.));
#4423 = CARTESIAN_POINT('',(-5.123764485326,-5.089779897475,40.));
#4424 = CARTESIAN_POINT('',(-5.123764485326,-5.254720459435,40.));
#4425 = VECTOR('',#4426,1.);
#4426 = DIRECTION('',(0.,0.,1.));
#4427 = ADVANCED_FACE('',(#4428),#4446,.T.);
#4428 = FACE_BOUND('',#4429,.T.);
#4429 = EDGE_LOOP('',(#4430,#4438,#4444,#4445));
#4430 = ORIENTED_EDGE('',*,*,#4431,.T.);
#4431 = EDGE_CURVE('',#275,#4432,#4434,.T.);
#4432 = VERTEX_POINT('',#4433);
#4433 = CARTESIAN_POINT('',(-5.368676228842,-4.70046073321,38.));
#4434 = LINE('',#4435,#4436);
#4435 = CARTESIAN_POINT('',(-5.368676228842,-4.70046073321,40.));
#4436 = VECTOR('',#4437,1.);
#4437 = DIRECTION('',(-0.,-0.,-1.));
#4438 = ORIENTED_EDGE('',*,*,#4439,.T.);
#4439 = EDGE_CURVE('',#4432,#4406,#4440,.T.);
#4440 = B_SPLINE_CURVE_WITH_KNOTS('',2,(#4441,#4442,#4443),
  .UNSPECIFIED.,.F.,.F.,(3,3),(0.,1.),.PIECEWISE_BEZIER_KNOTS.);
#4441 = CARTESIAN_POINT('',(-5.368676228842,-4.70046073321,38.));
#4442 = CARTESIAN_POINT('',(-5.250340493971,-4.805828168369,38.));
#4443 = CARTESIAN_POINT('',(-5.187120032876,-4.947804032922,38.));
#4444 = ORIENTED_EDGE('',*,*,#4405,.F.);
#4445 = ORIENTED_EDGE('',*,*,#282,.F.);
#4446 = SURFACE_OF_LINEAR_EXTRUSION('',#4447,#4451);
#4447 = B_SPLINE_CURVE_WITH_KNOTS('',2,(#4448,#4449,#4450),
  .UNSPECIFIED.,.F.,.F.,(3,3),(0.,1.),.PIECEWISE_BEZIER_KNOTS.);
#4448 = CARTESIAN_POINT('',(-5.368676228842,-4.70046073321,40.));
#4449 = CARTESIAN_POINT('',(-5.250340493971,-4.805828168369,40.));
#4450 = CARTESIAN_POINT('',(-5.187120032876,-4.947804032922,40.));
#4451 = VECTOR('',#4452,1.);
#4452 = DIRECTION('',(0.,0.,1.));
#4453 = ADVANCED_FACE('',(#4454),#4472,.T.);
#4454 = FACE_BOUND('',#4455,.T.);
#4455 = EDGE_LOOP('',(#4456,#4464,#4470,#4471));
#4456 = ORIENTED_EDGE('',*,*,#4457,.T.);
#4457 = EDGE_CURVE('',#267,#4458,#4460,.T.);
#4458 = VERTEX_POINT('',#4459);
#4459 = CARTESIAN_POINT('',(-5.653978822502,-4.535520171251,38.));
#4460 = LINE('',#4461,#4462);
#4461 = CARTESIAN_POINT('',(-5.653978822502,-4.535520171251,40.));
#4462 = VECTOR('',#4463,1.);
#4463 = DIRECTION('',(-0.,-0.,-1.));
#4464 = ORIENTED_EDGE('',*,*,#4465,.T.);
#4465 = EDGE_CURVE('',#4458,#4432,#4466,.T.);
#4466 = B_SPLINE_CURVE_WITH_KNOTS('',2,(#4467,#4468,#4469),
  .UNSPECIFIED.,.F.,.F.,(3,3),(0.,1.),.PIECEWISE_BEZIER_KNOTS.);
#4467 = CARTESIAN_POINT('',(-5.653978822502,-4.535520171251,38.));
#4468 = CARTESIAN_POINT('',(-5.486876877257,-4.594958211597,38.));
#4469 = CARTESIAN_POINT('',(-5.368676228842,-4.70046073321,38.));
#4470 = ORIENTED_EDGE('',*,*,#4431,.F.);
#4471 = ORIENTED_EDGE('',*,*,#274,.F.);
#4472 = SURFACE_OF_LINEAR_EXTRUSION('',#4473,#4477);
#4473 = B_SPLINE_CURVE_WITH_KNOTS('',2,(#4474,#4475,#4476),
  .UNSPECIFIED.,.F.,.F.,(3,3),(0.,1.),.PIECEWISE_BEZIER_KNOTS.);
#4474 = CARTESIAN_POINT('',(-5.653978822502,-4.535520171251,40.));
#4475 = CARTESIAN_POINT('',(-5.486876877257,-4.594958211597,40.));
#4476 = CARTESIAN_POINT('',(-5.368676228842,-4.70046073321,40.));
#4477 = VECTOR('',#4478,1.);
#4478 = DIRECTION('',(0.,0.,1.));
#4479 = ADVANCED_FACE('',(#4480),#4491,.T.);
#4480 = FACE_BOUND('',#4481,.T.);
#4481 = EDGE_LOOP('',(#4482,#4483,#4489,#4490));
#4482 = ORIENTED_EDGE('',*,*,#3198,.T.);
#4483 = ORIENTED_EDGE('',*,*,#4484,.T.);
#4484 = EDGE_CURVE('',#3191,#4458,#4485,.T.);
#4485 = B_SPLINE_CURVE_WITH_KNOTS('',2,(#4486,#4487,#4488),
  .UNSPECIFIED.,.F.,.F.,(3,3),(0.,1.),.PIECEWISE_BEZIER_KNOTS.);
#4486 = CARTESIAN_POINT('',(-6.02843847668,-4.47594704445,38.));
#4487 = CARTESIAN_POINT('',(-5.820945681291,-4.47594704445,38.));
#4488 = CARTESIAN_POINT('',(-5.653978822502,-4.535520171251,38.));
#4489 = ORIENTED_EDGE('',*,*,#4457,.F.);
#4490 = ORIENTED_EDGE('',*,*,#266,.F.);
#4491 = SURFACE_OF_LINEAR_EXTRUSION('',#4492,#4496);
#4492 = B_SPLINE_CURVE_WITH_KNOTS('',2,(#4493,#4494,#4495),
  .UNSPECIFIED.,.F.,.F.,(3,3),(0.,1.),.PIECEWISE_BEZIER_KNOTS.);
#4493 = CARTESIAN_POINT('',(-6.02843847668,-4.47594704445,40.));
#4494 = CARTESIAN_POINT('',(-5.820945681291,-4.47594704445,40.));
#4495 = CARTESIAN_POINT('',(-5.653978822502,-4.535520171251,40.));
#4496 = VECTOR('',#4497,1.);
#4497 = DIRECTION('',(0.,0.,1.));
#4498 = ADVANCED_FACE('',(#4499),#4524,.T.);
#4499 = FACE_BOUND('',#4500,.T.);
#4500 = EDGE_LOOP('',(#4501,#4509,#4517,#4523));
#4501 = ORIENTED_EDGE('',*,*,#4502,.T.);
#4502 = EDGE_CURVE('',#667,#4503,#4505,.T.);
#4503 = VERTEX_POINT('',#4504);
#4504 = CARTESIAN_POINT('',(-1.769027453626,-5.327396972403,38.));
#4505 = LINE('',#4506,#4507);
#4506 = CARTESIAN_POINT('',(-1.769027453626,-5.327396972403,40.));
#4507 = VECTOR('',#4508,1.);
#4508 = DIRECTION('',(-0.,-0.,-1.));
#4509 = ORIENTED_EDGE('',*,*,#4510,.T.);
#4510 = EDGE_CURVE('',#4503,#4511,#4513,.T.);
#4511 = VERTEX_POINT('',#4512);
#4512 = CARTESIAN_POINT('',(-1.684868591954,-6.010529177014,38.));
#4513 = B_SPLINE_CURVE_WITH_KNOTS('',2,(#4514,#4515,#4516),
  .UNSPECIFIED.,.F.,.F.,(3,3),(0.,1.),.PIECEWISE_BEZIER_KNOTS.);
#4514 = CARTESIAN_POINT('',(-1.769027453626,-5.327396972403,38.));
#4515 = CARTESIAN_POINT('',(-1.684868591954,-5.615941640991,38.));
#4516 = CARTESIAN_POINT('',(-1.684868591954,-6.010529177014,38.));
#4517 = ORIENTED_EDGE('',*,*,#4518,.F.);
#4518 = EDGE_CURVE('',#669,#4511,#4519,.T.);
#4519 = LINE('',#4520,#4521);
#4520 = CARTESIAN_POINT('',(-1.684868591954,-6.010529177014,40.));
#4521 = VECTOR('',#4522,1.);
#4522 = DIRECTION('',(-0.,-0.,-1.));
#4523 = ORIENTED_EDGE('',*,*,#666,.F.);
#4524 = SURFACE_OF_LINEAR_EXTRUSION('',#4525,#4529);
#4525 = B_SPLINE_CURVE_WITH_KNOTS('',2,(#4526,#4527,#4528),
  .UNSPECIFIED.,.F.,.F.,(3,3),(0.,1.),.PIECEWISE_BEZIER_KNOTS.);
#4526 = CARTESIAN_POINT('',(-1.769027453626,-5.327396972403,40.));
#4527 = CARTESIAN_POINT('',(-1.684868591954,-5.615941640991,40.));
#4528 = CARTESIAN_POINT('',(-1.684868591954,-6.010529177014,40.));
#4529 = VECTOR('',#4530,1.);
#4530 = DIRECTION('',(0.,0.,1.));
#4531 = ADVANCED_FACE('',(#4532),#4550,.T.);
#4532 = FACE_BOUND('',#4533,.T.);
#4533 = EDGE_LOOP('',(#4534,#4542,#4548,#4549));
#4534 = ORIENTED_EDGE('',*,*,#4535,.T.);
#4535 = EDGE_CURVE('',#781,#4536,#4538,.T.);
#4536 = VERTEX_POINT('',#4537);
#4537 = CARTESIAN_POINT('',(-2.001376156796,-4.849731266352,38.));
#4538 = LINE('',#4539,#4540);
#4539 = CARTESIAN_POINT('',(-2.001376156796,-4.849731266352,40.));
#4540 = VECTOR('',#4541,1.);
#4541 = DIRECTION('',(-0.,-0.,-1.));
#4542 = ORIENTED_EDGE('',*,*,#4543,.T.);
#4543 = EDGE_CURVE('',#4536,#4503,#4544,.T.);
#4544 = B_SPLINE_CURVE_WITH_KNOTS('',2,(#4545,#4546,#4547),
  .UNSPECIFIED.,.F.,.F.,(3,3),(0.,1.),.PIECEWISE_BEZIER_KNOTS.);
#4545 = CARTESIAN_POINT('',(-2.001376156796,-4.849731266352,38.));
#4546 = CARTESIAN_POINT('',(-1.853051228842,-5.03871721736,38.));
#4547 = CARTESIAN_POINT('',(-1.769027453626,-5.327396972403,38.));
#4548 = ORIENTED_EDGE('',*,*,#4502,.F.);
#4549 = ORIENTED_EDGE('',*,*,#788,.F.);
#4550 = SURFACE_OF_LINEAR_EXTRUSION('',#4551,#4555);
#4551 = B_SPLINE_CURVE_WITH_KNOTS('',2,(#4552,#4553,#4554),
  .UNSPECIFIED.,.F.,.F.,(3,3),(0.,1.),.PIECEWISE_BEZIER_KNOTS.);
#4552 = CARTESIAN_POINT('',(-2.001376156796,-4.849731266352,40.));
#4553 = CARTESIAN_POINT('',(-1.853051228842,-5.03871721736,40.));
#4554 = CARTESIAN_POINT('',(-1.769027453626,-5.327396972403,40.));
#4555 = VECTOR('',#4556,1.);
#4556 = DIRECTION('',(0.,0.,1.));
#4557 = ADVANCED_FACE('',(#4558),#4576,.T.);
#4558 = FACE_BOUND('',#4559,.T.);
#4559 = EDGE_LOOP('',(#4560,#4568,#4574,#4575));
#4560 = ORIENTED_EDGE('',*,*,#4561,.T.);
#4561 = EDGE_CURVE('',#773,#4562,#4564,.T.);
#4562 = VERTEX_POINT('',#4563);
#4563 = CARTESIAN_POINT('',(-2.352060594836,-4.568346179896,38.));
#4564 = LINE('',#4565,#4566);
#4565 = CARTESIAN_POINT('',(-2.352060594836,-4.568346179896,40.));
#4566 = VECTOR('',#4567,1.);
#4567 = DIRECTION('',(-0.,-0.,-1.));
#4568 = ORIENTED_EDGE('',*,*,#4569,.T.);
#4569 = EDGE_CURVE('',#4562,#4536,#4570,.T.);
#4570 = B_SPLINE_CURVE_WITH_KNOTS('',2,(#4571,#4572,#4573),
  .UNSPECIFIED.,.F.,.F.,(3,3),(0.,1.),.PIECEWISE_BEZIER_KNOTS.);
#4571 = CARTESIAN_POINT('',(-2.352060594836,-4.568346179896,38.));
#4572 = CARTESIAN_POINT('',(-2.14970108475,-4.660745315343,38.));
#4573 = CARTESIAN_POINT('',(-2.001376156796,-4.849731266352,38.));
#4574 = ORIENTED_EDGE('',*,*,#4535,.F.);
#4575 = ORIENTED_EDGE('',*,*,#780,.F.);
#4576 = SURFACE_OF_LINEAR_EXTRUSION('',#4577,#4581);
#4577 = B_SPLINE_CURVE_WITH_KNOTS('',2,(#4578,#4579,#4580),
  .UNSPECIFIED.,.F.,.F.,(3,3),(0.,1.),.PIECEWISE_BEZIER_KNOTS.);
#4578 = CARTESIAN_POINT('',(-2.352060594836,-4.568346179896,40.));
#4579 = CARTESIAN_POINT('',(-2.14970108475,-4.660745315343,40.));
#4580 = CARTESIAN_POINT('',(-2.001376156796,-4.849731266352,40.));
#4581 = VECTOR('',#4582,1.);
#4582 = DIRECTION('',(0.,0.,1.));
#4583 = ADVANCED_FACE('',(#4584),#4602,.T.);
#4584 = FACE_BOUND('',#4585,.T.);
#4585 = EDGE_LOOP('',(#4586,#4594,#4600,#4601));
#4586 = ORIENTED_EDGE('',*,*,#4587,.T.);
#4587 = EDGE_CURVE('',#765,#4588,#4590,.T.);
#4588 = VERTEX_POINT('',#4589);
#4589 = CARTESIAN_POINT('',(-2.788795104922,-4.47594704445,38.));
#4590 = LINE('',#4591,#4592);
#4591 = CARTESIAN_POINT('',(-2.788795104922,-4.47594704445,40.));
#4592 = VECTOR('',#4593,1.);
#4593 = DIRECTION('',(-0.,-0.,-1.));
#4594 = ORIENTED_EDGE('',*,*,#4595,.T.);
#4595 = EDGE_CURVE('',#4588,#4562,#4596,.T.);
#4596 = B_SPLINE_CURVE_WITH_KNOTS('',2,(#4597,#4598,#4599),
  .UNSPECIFIED.,.F.,.F.,(3,3),(0.,1.),.PIECEWISE_BEZIER_KNOTS.);
#4597 = CARTESIAN_POINT('',(-2.788795104922,-4.47594704445,38.));
#4598 = CARTESIAN_POINT('',(-2.554285018467,-4.47594704445,38.));
#4599 = CARTESIAN_POINT('',(-2.352060594836,-4.568346179896,38.));
#4600 = ORIENTED_EDGE('',*,*,#4561,.F.);
#4601 = ORIENTED_EDGE('',*,*,#772,.F.);
#4602 = SURFACE_OF_LINEAR_EXTRUSION('',#4603,#4607);
#4603 = B_SPLINE_CURVE_WITH_KNOTS('',2,(#4604,#4605,#4606),
  .UNSPECIFIED.,.F.,.F.,(3,3),(0.,1.),.PIECEWISE_BEZIER_KNOTS.);
#4604 = CARTESIAN_POINT('',(-2.788795104922,-4.47594704445,40.));
#4605 = CARTESIAN_POINT('',(-2.554285018467,-4.47594704445,40.));
#4606 = CARTESIAN_POINT('',(-2.352060594836,-4.568346179896,40.));
#4607 = VECTOR('',#4608,1.);
#4608 = DIRECTION('',(0.,0.,1.));
#4609 = ADVANCED_FACE('',(#4610),#4628,.T.);
#4610 = FACE_BOUND('',#4611,.T.);
#4611 = EDGE_LOOP('',(#4612,#4620,#4626,#4627));
#4612 = ORIENTED_EDGE('',*,*,#4613,.T.);
#4613 = EDGE_CURVE('',#757,#4614,#4616,.T.);
#4614 = VERTEX_POINT('',#4615);
#4615 = CARTESIAN_POINT('',(-3.223503318179,-4.568346179896,38.));
#4616 = LINE('',#4617,#4618);
#4617 = CARTESIAN_POINT('',(-3.223503318179,-4.568346179896,40.));
#4618 = VECTOR('',#4619,1.);
#4619 = DIRECTION('',(-0.,-0.,-1.));
#4620 = ORIENTED_EDGE('',*,*,#4621,.T.);
#4621 = EDGE_CURVE('',#4614,#4588,#4622,.T.);
#4622 = B_SPLINE_CURVE_WITH_KNOTS('',2,(#4623,#4624,#4625),
  .UNSPECIFIED.,.F.,.F.,(3,3),(0.,1.),.PIECEWISE_BEZIER_KNOTS.);
#4623 = CARTESIAN_POINT('',(-3.223503318179,-4.568346179896,38.));
#4624 = CARTESIAN_POINT('',(-3.023305191378,-4.47594704445,38.));
#4625 = CARTESIAN_POINT('',(-2.788795104922,-4.47594704445,38.));
#4626 = ORIENTED_EDGE('',*,*,#4587,.F.);
#4627 = ORIENTED_EDGE('',*,*,#764,.F.);
#4628 = SURFACE_OF_LINEAR_EXTRUSION('',#4629,#4633);
#4629 = B_SPLINE_CURVE_WITH_KNOTS('',2,(#4630,#4631,#4632),
  .UNSPECIFIED.,.F.,.F.,(3,3),(0.,1.),.PIECEWISE_BEZIER_KNOTS.);
#4630 = CARTESIAN_POINT('',(-3.223503318179,-4.568346179896,40.));
#4631 = CARTESIAN_POINT('',(-3.023305191378,-4.47594704445,40.));
#4632 = CARTESIAN_POINT('',(-2.788795104922,-4.47594704445,40.));
#4633 = VECTOR('',#4634,1.);
#4634 = DIRECTION('',(0.,0.,1.));
#4635 = ADVANCED_FACE('',(#4636),#4654,.T.);
#4636 = FACE_BOUND('',#4637,.T.);
#4637 = EDGE_LOOP('',(#4638,#4646,#4652,#4653));
#4638 = ORIENTED_EDGE('',*,*,#4639,.T.);
#4639 = EDGE_CURVE('',#749,#4640,#4642,.T.);
#4640 = VERTEX_POINT('',#4641);
#4641 = CARTESIAN_POINT('',(-3.571080767747,-4.849731266352,38.));
#4642 = LINE('',#4643,#4644);
#4643 = CARTESIAN_POINT('',(-3.571080767747,-4.849731266352,40.));
#4644 = VECTOR('',#4645,1.);
#4645 = DIRECTION('',(-0.,-0.,-1.));
#4646 = ORIENTED_EDGE('',*,*,#4647,.T.);
#4647 = EDGE_CURVE('',#4640,#4614,#4648,.T.);
#4648 = B_SPLINE_CURVE_WITH_KNOTS('',2,(#4649,#4650,#4651),
  .UNSPECIFIED.,.F.,.F.,(3,3),(0.,1.),.PIECEWISE_BEZIER_KNOTS.);
#4649 = CARTESIAN_POINT('',(-3.571080767747,-4.849731266352,38.));
#4650 = CARTESIAN_POINT('',(-3.42370144498,-4.660745315343,38.));
#4651 = CARTESIAN_POINT('',(-3.223503318179,-4.568346179896,38.));
#4652 = ORIENTED_EDGE('',*,*,#4613,.F.);
#4653 = ORIENTED_EDGE('',*,*,#756,.F.);
#4654 = SURFACE_OF_LINEAR_EXTRUSION('',#4655,#4659);
#4655 = B_SPLINE_CURVE_WITH_KNOTS('',2,(#4656,#4657,#4658),
  .UNSPECIFIED.,.F.,.F.,(3,3),(0.,1.),.PIECEWISE_BEZIER_KNOTS.);
#4656 = CARTESIAN_POINT('',(-3.571080767747,-4.849731266352,40.));
#4657 = CARTESIAN_POINT('',(-3.42370144498,-4.660745315343,40.));
#4658 = CARTESIAN_POINT('',(-3.223503318179,-4.568346179896,40.));
#4659 = VECTOR('',#4660,1.);
#4660 = DIRECTION('',(0.,0.,1.));
#4661 = ADVANCED_FACE('',(#4662),#4680,.T.);
#4662 = FACE_BOUND('',#4663,.T.);
#4663 = EDGE_LOOP('',(#4664,#4672,#4678,#4679));
#4664 = ORIENTED_EDGE('',*,*,#4665,.T.);
#4665 = EDGE_CURVE('',#741,#4666,#4668,.T.);
#4666 = VERTEX_POINT('',#4667);
#4667 = CARTESIAN_POINT('',(-3.801403174087,-5.327396972403,38.));
#4668 = LINE('',#4669,#4670);
#4669 = CARTESIAN_POINT('',(-3.801403174087,-5.327396972403,40.));
#4670 = VECTOR('',#4671,1.);
#4671 = DIRECTION('',(-0.,-0.,-1.));
#4672 = ORIENTED_EDGE('',*,*,#4673,.T.);
#4673 = EDGE_CURVE('',#4666,#4640,#4674,.T.);
#4674 = B_SPLINE_CURVE_WITH_KNOTS('',2,(#4675,#4676,#4677),
  .UNSPECIFIED.,.F.,.F.,(3,3),(0.,1.),.PIECEWISE_BEZIER_KNOTS.);
#4675 = CARTESIAN_POINT('',(-3.801403174087,-5.327396972403,38.));
#4676 = CARTESIAN_POINT('',(-3.718325004058,-5.03871721736,38.));
#4677 = CARTESIAN_POINT('',(-3.571080767747,-4.849731266352,38.));
#4678 = ORIENTED_EDGE('',*,*,#4639,.F.);
#4679 = ORIENTED_EDGE('',*,*,#748,.F.);
#4680 = SURFACE_OF_LINEAR_EXTRUSION('',#4681,#4685);
#4681 = B_SPLINE_CURVE_WITH_KNOTS('',2,(#4682,#4683,#4684),
  .UNSPECIFIED.,.F.,.F.,(3,3),(0.,1.),.PIECEWISE_BEZIER_KNOTS.);
#4682 = CARTESIAN_POINT('',(-3.801403174087,-5.327396972403,40.));
#4683 = CARTESIAN_POINT('',(-3.718325004058,-5.03871721736,40.));
#4684 = CARTESIAN_POINT('',(-3.571080767747,-4.849731266352,40.));
#4685 = VECTOR('',#4686,1.);
#4686 = DIRECTION('',(0.,0.,1.));
#4687 = ADVANCED_FACE('',(#4688),#4706,.T.);
#4688 = FACE_BOUND('',#4689,.T.);
#4689 = EDGE_LOOP('',(#4690,#4698,#4704,#4705));
#4690 = ORIENTED_EDGE('',*,*,#4691,.T.);
#4691 = EDGE_CURVE('',#733,#4692,#4694,.T.);
#4692 = VERTEX_POINT('',#4693);
#4693 = CARTESIAN_POINT('',(-3.88434625766,-6.010529177014,38.));
#4694 = LINE('',#4695,#4696);
#4695 = CARTESIAN_POINT('',(-3.88434625766,-6.010529177014,40.));
#4696 = VECTOR('',#4697,1.);
#4697 = DIRECTION('',(-0.,-0.,-1.));
#4698 = ORIENTED_EDGE('',*,*,#4699,.T.);
#4699 = EDGE_CURVE('',#4692,#4666,#4700,.T.);
#4700 = B_SPLINE_CURVE_WITH_KNOTS('',2,(#4701,#4702,#4703),
  .UNSPECIFIED.,.F.,.F.,(3,3),(0.,1.),.PIECEWISE_BEZIER_KNOTS.);
#4701 = CARTESIAN_POINT('',(-3.88434625766,-6.010529177014,38.));
#4702 = CARTESIAN_POINT('',(-3.88434625766,-5.615941640991,38.));
#4703 = CARTESIAN_POINT('',(-3.801403174087,-5.327396972403,38.));
#4704 = ORIENTED_EDGE('',*,*,#4665,.F.);
#4705 = ORIENTED_EDGE('',*,*,#740,.F.);
#4706 = SURFACE_OF_LINEAR_EXTRUSION('',#4707,#4711);
#4707 = B_SPLINE_CURVE_WITH_KNOTS('',2,(#4708,#4709,#4710),
  .UNSPECIFIED.,.F.,.F.,(3,3),(0.,1.),.PIECEWISE_BEZIER_KNOTS.);
#4708 = CARTESIAN_POINT('',(-3.88434625766,-6.010529177014,40.));
#4709 = CARTESIAN_POINT('',(-3.88434625766,-5.615941640991,40.));
#4710 = CARTESIAN_POINT('',(-3.801403174087,-5.327396972403,40.));
#4711 = VECTOR('',#4712,1.);
#4712 = DIRECTION('',(0.,0.,1.));
#4713 = ADVANCED_FACE('',(#4714),#4732,.T.);
#4714 = FACE_BOUND('',#4715,.T.);
#4715 = EDGE_LOOP('',(#4716,#4724,#4730,#4731));
#4716 = ORIENTED_EDGE('',*,*,#4717,.T.);
#4717 = EDGE_CURVE('',#725,#4718,#4720,.T.);
#4718 = VERTEX_POINT('',#4719);
#4719 = CARTESIAN_POINT('',(-3.801403174087,-6.692715776438,38.));
#4720 = LINE('',#4721,#4722);
#4721 = CARTESIAN_POINT('',(-3.801403174087,-6.692715776438,40.));
#4722 = VECTOR('',#4723,1.);
#4723 = DIRECTION('',(-0.,-0.,-1.));
#4724 = ORIENTED_EDGE('',*,*,#4725,.T.);
#4725 = EDGE_CURVE('',#4718,#4692,#4726,.T.);
#4726 = B_SPLINE_CURVE_WITH_KNOTS('',2,(#4727,#4728,#4729),
  .UNSPECIFIED.,.F.,.F.,(3,3),(0.,1.),.PIECEWISE_BEZIER_KNOTS.);
#4727 = CARTESIAN_POINT('',(-3.801403174087,-6.692715776438,38.));
#4728 = CARTESIAN_POINT('',(-3.88434625766,-6.402955329752,38.));
#4729 = CARTESIAN_POINT('',(-3.88434625766,-6.010529177014,38.));
#4730 = ORIENTED_EDGE('',*,*,#4691,.F.);
#4731 = ORIENTED_EDGE('',*,*,#732,.F.);
#4732 = SURFACE_OF_LINEAR_EXTRUSION('',#4733,#4737);
#4733 = B_SPLINE_CURVE_WITH_KNOTS('',2,(#4734,#4735,#4736),
  .UNSPECIFIED.,.F.,.F.,(3,3),(0.,1.),.PIECEWISE_BEZIER_KNOTS.);
#4734 = CARTESIAN_POINT('',(-3.801403174087,-6.692715776438,40.));
#4735 = CARTESIAN_POINT('',(-3.88434625766,-6.402955329752,40.));
#4736 = CARTESIAN_POINT('',(-3.88434625766,-6.010529177014,40.));
#4737 = VECTOR('',#4738,1.);
#4738 = DIRECTION('',(0.,0.,1.));
#4739 = ADVANCED_FACE('',(#4740),#4758,.T.);
#4740 = FACE_BOUND('',#4741,.T.);
#4741 = EDGE_LOOP('',(#4742,#4750,#4756,#4757));
#4742 = ORIENTED_EDGE('',*,*,#4743,.T.);
#4743 = EDGE_CURVE('',#717,#4744,#4746,.T.);
#4744 = VERTEX_POINT('',#4745);
#4745 = CARTESIAN_POINT('',(-3.571080767747,-7.171327087677,38.));
#4746 = LINE('',#4747,#4748);
#4747 = CARTESIAN_POINT('',(-3.571080767747,-7.171327087677,40.));
#4748 = VECTOR('',#4749,1.);
#4749 = DIRECTION('',(-0.,-0.,-1.));
#4750 = ORIENTED_EDGE('',*,*,#4751,.T.);
#4751 = EDGE_CURVE('',#4744,#4718,#4752,.T.);
#4752 = B_SPLINE_CURVE_WITH_KNOTS('',2,(#4753,#4754,#4755),
  .UNSPECIFIED.,.F.,.F.,(3,3),(0.,1.),.PIECEWISE_BEZIER_KNOTS.);
#4753 = CARTESIAN_POINT('',(-3.571080767747,-7.171327087677,38.));
#4754 = CARTESIAN_POINT('',(-3.718325004058,-6.982341136669,38.));
#4755 = CARTESIAN_POINT('',(-3.801403174087,-6.692715776438,38.));
#4756 = ORIENTED_EDGE('',*,*,#4717,.F.);
#4757 = ORIENTED_EDGE('',*,*,#724,.F.);
#4758 = SURFACE_OF_LINEAR_EXTRUSION('',#4759,#4763);
#4759 = B_SPLINE_CURVE_WITH_KNOTS('',2,(#4760,#4761,#4762),
  .UNSPECIFIED.,.F.,.F.,(3,3),(0.,1.),.PIECEWISE_BEZIER_KNOTS.);
#4760 = CARTESIAN_POINT('',(-3.571080767747,-7.171327087677,40.));
#4761 = CARTESIAN_POINT('',(-3.718325004058,-6.982341136669,40.));
#4762 = CARTESIAN_POINT('',(-3.801403174087,-6.692715776438,40.));
#4763 = VECTOR('',#4764,1.);
#4764 = DIRECTION('',(0.,0.,1.));
#4765 = ADVANCED_FACE('',(#4766),#4784,.T.);
#4766 = FACE_BOUND('',#4767,.T.);
#4767 = EDGE_LOOP('',(#4768,#4776,#4782,#4783));
#4768 = ORIENTED_EDGE('',*,*,#4769,.T.);
#4769 = EDGE_CURVE('',#709,#4770,#4772,.T.);
#4770 = VERTEX_POINT('',#4771);
#4771 = CARTESIAN_POINT('',(-3.223503318179,-7.452712174133,38.));
#4772 = LINE('',#4773,#4774);
#4773 = CARTESIAN_POINT('',(-3.223503318179,-7.452712174133,40.));
#4774 = VECTOR('',#4775,1.);
#4775 = DIRECTION('',(-0.,-0.,-1.));
#4776 = ORIENTED_EDGE('',*,*,#4777,.T.);
#4777 = EDGE_CURVE('',#4770,#4744,#4778,.T.);
#4778 = B_SPLINE_CURVE_WITH_KNOTS('',2,(#4779,#4780,#4781),
  .UNSPECIFIED.,.F.,.F.,(3,3),(0.,1.),.PIECEWISE_BEZIER_KNOTS.);
#4779 = CARTESIAN_POINT('',(-3.223503318179,-7.452712174133,38.));
#4780 = CARTESIAN_POINT('',(-3.42370144498,-7.360313038686,38.));
#4781 = CARTESIAN_POINT('',(-3.571080767747,-7.171327087677,38.));
#4782 = ORIENTED_EDGE('',*,*,#4743,.F.);
#4783 = ORIENTED_EDGE('',*,*,#716,.F.);
#4784 = SURFACE_OF_LINEAR_EXTRUSION('',#4785,#4789);
#4785 = B_SPLINE_CURVE_WITH_KNOTS('',2,(#4786,#4787,#4788),
  .UNSPECIFIED.,.F.,.F.,(3,3),(0.,1.),.PIECEWISE_BEZIER_KNOTS.);
#4786 = CARTESIAN_POINT('',(-3.223503318179,-7.452712174133,40.));
#4787 = CARTESIAN_POINT('',(-3.42370144498,-7.360313038686,40.));
#4788 = CARTESIAN_POINT('',(-3.571080767747,-7.171327087677,40.));
#4789 = VECTOR('',#4790,1.);
#4790 = DIRECTION('',(0.,0.,1.));
#4791 = ADVANCED_FACE('',(#4792),#4810,.T.);
#4792 = FACE_BOUND('',#4793,.T.);
#4793 = EDGE_LOOP('',(#4794,#4802,#4808,#4809));
#4794 = ORIENTED_EDGE('',*,*,#4795,.T.);
#4795 = EDGE_CURVE('',#701,#4796,#4798,.T.);
#4796 = VERTEX_POINT('',#4797);
#4797 = CARTESIAN_POINT('',(-2.788795104922,-7.545111309579,38.));
#4798 = LINE('',#4799,#4800);
#4799 = CARTESIAN_POINT('',(-2.788795104922,-7.545111309579,40.));
#4800 = VECTOR('',#4801,1.);
#4801 = DIRECTION('',(-0.,-0.,-1.));
#4802 = ORIENTED_EDGE('',*,*,#4803,.T.);
#4803 = EDGE_CURVE('',#4796,#4770,#4804,.T.);
#4804 = B_SPLINE_CURVE_WITH_KNOTS('',2,(#4805,#4806,#4807),
  .UNSPECIFIED.,.F.,.F.,(3,3),(0.,1.),.PIECEWISE_BEZIER_KNOTS.);
#4805 = CARTESIAN_POINT('',(-2.788795104922,-7.545111309579,38.));
#4806 = CARTESIAN_POINT('',(-3.023305191378,-7.545111309579,38.));
#4807 = CARTESIAN_POINT('',(-3.223503318179,-7.452712174133,38.));
#4808 = ORIENTED_EDGE('',*,*,#4769,.F.);
#4809 = ORIENTED_EDGE('',*,*,#708,.F.);
#4810 = SURFACE_OF_LINEAR_EXTRUSION('',#4811,#4815);
#4811 = B_SPLINE_CURVE_WITH_KNOTS('',2,(#4812,#4813,#4814),
  .UNSPECIFIED.,.F.,.F.,(3,3),(0.,1.),.PIECEWISE_BEZIER_KNOTS.);
#4812 = CARTESIAN_POINT('',(-2.788795104922,-7.545111309579,40.));
#4813 = CARTESIAN_POINT('',(-3.023305191378,-7.545111309579,40.));
#4814 = CARTESIAN_POINT('',(-3.223503318179,-7.452712174133,40.));
#4815 = VECTOR('',#4816,1.);
#4816 = DIRECTION('',(0.,0.,1.));
#4817 = ADVANCED_FACE('',(#4818),#4836,.T.);
#4818 = FACE_BOUND('',#4819,.T.);
#4819 = EDGE_LOOP('',(#4820,#4828,#4834,#4835));
#4820 = ORIENTED_EDGE('',*,*,#4821,.T.);
#4821 = EDGE_CURVE('',#693,#4822,#4824,.T.);
#4822 = VERTEX_POINT('',#4823);
#4823 = CARTESIAN_POINT('',(-2.352060594836,-7.452712174133,38.));
#4824 = LINE('',#4825,#4826);
#4825 = CARTESIAN_POINT('',(-2.352060594836,-7.452712174133,40.));
#4826 = VECTOR('',#4827,1.);
#4827 = DIRECTION('',(-0.,-0.,-1.));
#4828 = ORIENTED_EDGE('',*,*,#4829,.T.);
#4829 = EDGE_CURVE('',#4822,#4796,#4830,.T.);
#4830 = B_SPLINE_CURVE_WITH_KNOTS('',2,(#4831,#4832,#4833),
  .UNSPECIFIED.,.F.,.F.,(3,3),(0.,1.),.PIECEWISE_BEZIER_KNOTS.);
#4831 = CARTESIAN_POINT('',(-2.352060594836,-7.452712174133,38.));
#4832 = CARTESIAN_POINT('',(-2.554285018467,-7.545111309579,38.));
#4833 = CARTESIAN_POINT('',(-2.788795104922,-7.545111309579,38.));
#4834 = ORIENTED_EDGE('',*,*,#4795,.F.);
#4835 = ORIENTED_EDGE('',*,*,#700,.F.);
#4836 = SURFACE_OF_LINEAR_EXTRUSION('',#4837,#4841);
#4837 = B_SPLINE_CURVE_WITH_KNOTS('',2,(#4838,#4839,#4840),
  .UNSPECIFIED.,.F.,.F.,(3,3),(0.,1.),.PIECEWISE_BEZIER_KNOTS.);
#4838 = CARTESIAN_POINT('',(-2.352060594836,-7.452712174133,40.));
#4839 = CARTESIAN_POINT('',(-2.554285018467,-7.545111309579,40.));
#4840 = CARTESIAN_POINT('',(-2.788795104922,-7.545111309579,40.));
#4841 = VECTOR('',#4842,1.);
#4842 = DIRECTION('',(0.,0.,1.));
#4843 = ADVANCED_FACE('',(#4844),#4862,.T.);
#4844 = FACE_BOUND('',#4845,.T.);
#4845 = EDGE_LOOP('',(#4846,#4854,#4860,#4861));
#4846 = ORIENTED_EDGE('',*,*,#4847,.T.);
#4847 = EDGE_CURVE('',#685,#4848,#4850,.T.);
#4848 = VERTEX_POINT('',#4849);
#4849 = CARTESIAN_POINT('',(-2.001376156796,-7.171327087677,38.));
#4850 = LINE('',#4851,#4852);
#4851 = CARTESIAN_POINT('',(-2.001376156796,-7.171327087677,40.));
#4852 = VECTOR('',#4853,1.);
#4853 = DIRECTION('',(-0.,-0.,-1.));
#4854 = ORIENTED_EDGE('',*,*,#4855,.T.);
#4855 = EDGE_CURVE('',#4848,#4822,#4856,.T.);
#4856 = B_SPLINE_CURVE_WITH_KNOTS('',2,(#4857,#4858,#4859),
  .UNSPECIFIED.,.F.,.F.,(3,3),(0.,1.),.PIECEWISE_BEZIER_KNOTS.);
#4857 = CARTESIAN_POINT('',(-2.001376156796,-7.171327087677,38.));
#4858 = CARTESIAN_POINT('',(-2.14970108475,-7.360313038686,38.));
#4859 = CARTESIAN_POINT('',(-2.352060594836,-7.452712174133,38.));
#4860 = ORIENTED_EDGE('',*,*,#4821,.F.);
#4861 = ORIENTED_EDGE('',*,*,#692,.F.);
#4862 = SURFACE_OF_LINEAR_EXTRUSION('',#4863,#4867);
#4863 = B_SPLINE_CURVE_WITH_KNOTS('',2,(#4864,#4865,#4866),
  .UNSPECIFIED.,.F.,.F.,(3,3),(0.,1.),.PIECEWISE_BEZIER_KNOTS.);
#4864 = CARTESIAN_POINT('',(-2.001376156796,-7.171327087677,40.));
#4865 = CARTESIAN_POINT('',(-2.14970108475,-7.360313038686,40.));
#4866 = CARTESIAN_POINT('',(-2.352060594836,-7.452712174133,40.));
#4867 = VECTOR('',#4868,1.);
#4868 = DIRECTION('',(0.,0.,1.));
#4869 = ADVANCED_FACE('',(#4870),#4888,.T.);
#4870 = FACE_BOUND('',#4871,.T.);
#4871 = EDGE_LOOP('',(#4872,#4880,#4886,#4887));
#4872 = ORIENTED_EDGE('',*,*,#4873,.T.);
#4873 = EDGE_CURVE('',#677,#4874,#4876,.T.);
#4874 = VERTEX_POINT('',#4875);
#4875 = CARTESIAN_POINT('',(-1.769027453626,-6.692715776438,38.));
#4876 = LINE('',#4877,#4878);
#4877 = CARTESIAN_POINT('',(-1.769027453626,-6.692715776438,40.));
#4878 = VECTOR('',#4879,1.);
#4879 = DIRECTION('',(-0.,-0.,-1.));
#4880 = ORIENTED_EDGE('',*,*,#4881,.T.);
#4881 = EDGE_CURVE('',#4874,#4848,#4882,.T.);
#4882 = B_SPLINE_CURVE_WITH_KNOTS('',2,(#4883,#4884,#4885),
  .UNSPECIFIED.,.F.,.F.,(3,3),(0.,1.),.PIECEWISE_BEZIER_KNOTS.);
#4883 = CARTESIAN_POINT('',(-1.769027453626,-6.692715776438,38.));
#4884 = CARTESIAN_POINT('',(-1.853051228842,-6.982341136669,38.));
#4885 = CARTESIAN_POINT('',(-2.001376156796,-7.171327087677,38.));
#4886 = ORIENTED_EDGE('',*,*,#4847,.F.);
#4887 = ORIENTED_EDGE('',*,*,#684,.F.);
#4888 = SURFACE_OF_LINEAR_EXTRUSION('',#4889,#4893);
#4889 = B_SPLINE_CURVE_WITH_KNOTS('',2,(#4890,#4891,#4892),
  .UNSPECIFIED.,.F.,.F.,(3,3),(0.,1.),.PIECEWISE_BEZIER_KNOTS.);
#4890 = CARTESIAN_POINT('',(-1.769027453626,-6.692715776438,40.));
#4891 = CARTESIAN_POINT('',(-1.853051228842,-6.982341136669,40.));
#4892 = CARTESIAN_POINT('',(-2.001376156796,-7.171327087677,40.));
#4893 = VECTOR('',#4894,1.);
#4894 = DIRECTION('',(0.,0.,1.));
#4895 = ADVANCED_FACE('',(#4896),#4907,.T.);
#4896 = FACE_BOUND('',#4897,.T.);
#4897 = EDGE_LOOP('',(#4898,#4899,#4905,#4906));
#4898 = ORIENTED_EDGE('',*,*,#4518,.T.);
#4899 = ORIENTED_EDGE('',*,*,#4900,.T.);
#4900 = EDGE_CURVE('',#4511,#4874,#4901,.T.);
#4901 = B_SPLINE_CURVE_WITH_KNOTS('',2,(#4902,#4903,#4904),
  .UNSPECIFIED.,.F.,.F.,(3,3),(0.,1.),.PIECEWISE_BEZIER_KNOTS.);
#4902 = CARTESIAN_POINT('',(-1.684868591954,-6.010529177014,38.));
#4903 = CARTESIAN_POINT('',(-1.684868591954,-6.402955329752,38.));
#4904 = CARTESIAN_POINT('',(-1.769027453626,-6.692715776438,38.));
#4905 = ORIENTED_EDGE('',*,*,#4873,.F.);
#4906 = ORIENTED_EDGE('',*,*,#676,.F.);
#4907 = SURFACE_OF_LINEAR_EXTRUSION('',#4908,#4912);
#4908 = B_SPLINE_CURVE_WITH_KNOTS('',2,(#4909,#4910,#4911),
  .UNSPECIFIED.,.F.,.F.,(3,3),(0.,1.),.PIECEWISE_BEZIER_KNOTS.);
#4909 = CARTESIAN_POINT('',(-1.684868591954,-6.010529177014,40.));
#4910 = CARTESIAN_POINT('',(-1.684868591954,-6.402955329752,40.));
#4911 = CARTESIAN_POINT('',(-1.769027453626,-6.692715776438,40.));
#4912 = VECTOR('',#4913,1.);
#4913 = DIRECTION('',(0.,0.,1.));
#4914 = ADVANCED_FACE('',(#4915),#4940,.T.);
#4915 = FACE_BOUND('',#4916,.T.);
#4916 = EDGE_LOOP('',(#4917,#4925,#4933,#4939));
#4917 = ORIENTED_EDGE('',*,*,#4918,.T.);
#4918 = EDGE_CURVE('',#797,#4919,#4921,.T.);
#4919 = VERTEX_POINT('',#4920);
#4920 = CARTESIAN_POINT('',(0.634430759631,-5.327396972403,38.));
#4921 = LINE('',#4922,#4923);
#4922 = CARTESIAN_POINT('',(0.634430759631,-5.327396972403,40.));
#4923 = VECTOR('',#4924,1.);
#4924 = DIRECTION('',(-0.,-0.,-1.));
#4925 = ORIENTED_EDGE('',*,*,#4926,.T.);
#4926 = EDGE_CURVE('',#4919,#4927,#4929,.T.);
#4927 = VERTEX_POINT('',#4928);
#4928 = CARTESIAN_POINT('',(0.718589621302,-6.010529177014,38.));
#4929 = B_SPLINE_CURVE_WITH_KNOTS('',2,(#4930,#4931,#4932),
  .UNSPECIFIED.,.F.,.F.,(3,3),(0.,1.),.PIECEWISE_BEZIER_KNOTS.);
#4930 = CARTESIAN_POINT('',(0.634430759631,-5.327396972403,38.));
#4931 = CARTESIAN_POINT('',(0.718589621302,-5.615941640991,38.));
#4932 = CARTESIAN_POINT('',(0.718589621302,-6.010529177014,38.));
#4933 = ORIENTED_EDGE('',*,*,#4934,.F.);
#4934 = EDGE_CURVE('',#799,#4927,#4935,.T.);
#4935 = LINE('',#4936,#4937);
#4936 = CARTESIAN_POINT('',(0.718589621302,-6.010529177014,40.));
#4937 = VECTOR('',#4938,1.);
#4938 = DIRECTION('',(-0.,-0.,-1.));
#4939 = ORIENTED_EDGE('',*,*,#796,.F.);
#4940 = SURFACE_OF_LINEAR_EXTRUSION('',#4941,#4945);
#4941 = B_SPLINE_CURVE_WITH_KNOTS('',2,(#4942,#4943,#4944),
  .UNSPECIFIED.,.F.,.F.,(3,3),(0.,1.),.PIECEWISE_BEZIER_KNOTS.);
#4942 = CARTESIAN_POINT('',(0.634430759631,-5.327396972403,40.));
#4943 = CARTESIAN_POINT('',(0.718589621302,-5.615941640991,40.));
#4944 = CARTESIAN_POINT('',(0.718589621302,-6.010529177014,40.));
#4945 = VECTOR('',#4946,1.);
#4946 = DIRECTION('',(0.,0.,1.));
#4947 = ADVANCED_FACE('',(#4948),#4966,.T.);
#4948 = FACE_BOUND('',#4949,.T.);
#4949 = EDGE_LOOP('',(#4950,#4958,#4964,#4965));
#4950 = ORIENTED_EDGE('',*,*,#4951,.T.);
#4951 = EDGE_CURVE('',#911,#4952,#4954,.T.);
#4952 = VERTEX_POINT('',#4953);
#4953 = CARTESIAN_POINT('',(0.402082056461,-4.849731266352,38.));
#4954 = LINE('',#4955,#4956);
#4955 = CARTESIAN_POINT('',(0.402082056461,-4.849731266352,40.));
#4956 = VECTOR('',#4957,1.);
#4957 = DIRECTION('',(-0.,-0.,-1.));
#4958 = ORIENTED_EDGE('',*,*,#4959,.T.);
#4959 = EDGE_CURVE('',#4952,#4919,#4960,.T.);
#4960 = B_SPLINE_CURVE_WITH_KNOTS('',2,(#4961,#4962,#4963),
  .UNSPECIFIED.,.F.,.F.,(3,3),(0.,1.),.PIECEWISE_BEZIER_KNOTS.);
#4961 = CARTESIAN_POINT('',(0.402082056461,-4.849731266352,38.));
#4962 = CARTESIAN_POINT('',(0.550406984415,-5.03871721736,38.));
#4963 = CARTESIAN_POINT('',(0.634430759631,-5.327396972403,38.));
#4964 = ORIENTED_EDGE('',*,*,#4918,.F.);
#4965 = ORIENTED_EDGE('',*,*,#918,.F.);
#4966 = SURFACE_OF_LINEAR_EXTRUSION('',#4967,#4971);
#4967 = B_SPLINE_CURVE_WITH_KNOTS('',2,(#4968,#4969,#4970),
  .UNSPECIFIED.,.F.,.F.,(3,3),(0.,1.),.PIECEWISE_BEZIER_KNOTS.);
#4968 = CARTESIAN_POINT('',(0.402082056461,-4.849731266352,40.));
#4969 = CARTESIAN_POINT('',(0.550406984415,-5.03871721736,40.));
#4970 = CARTESIAN_POINT('',(0.634430759631,-5.327396972403,40.));
#4971 = VECTOR('',#4972,1.);
#4972 = DIRECTION('',(0.,0.,1.));
#4973 = ADVANCED_FACE('',(#4974),#4992,.T.);
#4974 = FACE_BOUND('',#4975,.T.);
#4975 = EDGE_LOOP('',(#4976,#4984,#4990,#4991));
#4976 = ORIENTED_EDGE('',*,*,#4977,.T.);
#4977 = EDGE_CURVE('',#903,#4978,#4980,.T.);
#4978 = VERTEX_POINT('',#4979);
#4979 = CARTESIAN_POINT('',(5.139761842046E-02,-4.568346179896,38.));
#4980 = LINE('',#4981,#4982);
#4981 = CARTESIAN_POINT('',(5.139761842046E-02,-4.568346179896,40.));
#4982 = VECTOR('',#4983,1.);
#4983 = DIRECTION('',(-0.,-0.,-1.));
#4984 = ORIENTED_EDGE('',*,*,#4985,.T.);
#4985 = EDGE_CURVE('',#4978,#4952,#4986,.T.);
#4986 = B_SPLINE_CURVE_WITH_KNOTS('',2,(#4987,#4988,#4989),
  .UNSPECIFIED.,.F.,.F.,(3,3),(0.,1.),.PIECEWISE_BEZIER_KNOTS.);
#4987 = CARTESIAN_POINT('',(5.139761842046E-02,-4.568346179896,38.));
#4988 = CARTESIAN_POINT('',(0.253757128507,-4.660745315343,38.));
#4989 = CARTESIAN_POINT('',(0.402082056461,-4.849731266352,38.));
#4990 = ORIENTED_EDGE('',*,*,#4951,.F.);
#4991 = ORIENTED_EDGE('',*,*,#910,.F.);
#4992 = SURFACE_OF_LINEAR_EXTRUSION('',#4993,#4997);
#4993 = B_SPLINE_CURVE_WITH_KNOTS('',2,(#4994,#4995,#4996),
  .UNSPECIFIED.,.F.,.F.,(3,3),(0.,1.),.PIECEWISE_BEZIER_KNOTS.);
#4994 = CARTESIAN_POINT('',(5.139761842046E-02,-4.568346179896,40.));
#4995 = CARTESIAN_POINT('',(0.253757128507,-4.660745315343,40.));
#4996 = CARTESIAN_POINT('',(0.402082056461,-4.849731266352,40.));
#4997 = VECTOR('',#4998,1.);
#4998 = DIRECTION('',(0.,0.,1.));
#4999 = ADVANCED_FACE('',(#5000),#5018,.T.);
#5000 = FACE_BOUND('',#5001,.T.);
#5001 = EDGE_LOOP('',(#5002,#5010,#5016,#5017));
#5002 = ORIENTED_EDGE('',*,*,#5003,.T.);
#5003 = EDGE_CURVE('',#895,#5004,#5006,.T.);
#5004 = VERTEX_POINT('',#5005);
#5005 = CARTESIAN_POINT('',(-0.385336891666,-4.47594704445,38.));
#5006 = LINE('',#5007,#5008);
#5007 = CARTESIAN_POINT('',(-0.385336891666,-4.47594704445,40.));
#5008 = VECTOR('',#5009,1.);
#5009 = DIRECTION('',(-0.,-0.,-1.));
#5010 = ORIENTED_EDGE('',*,*,#5011,.T.);
#5011 = EDGE_CURVE('',#5004,#4978,#5012,.T.);
#5012 = B_SPLINE_CURVE_WITH_KNOTS('',2,(#5013,#5014,#5015),
  .UNSPECIFIED.,.F.,.F.,(3,3),(0.,1.),.PIECEWISE_BEZIER_KNOTS.);
#5013 = CARTESIAN_POINT('',(-0.385336891666,-4.47594704445,38.));
#5014 = CARTESIAN_POINT('',(-0.150826805211,-4.47594704445,38.));
#5015 = CARTESIAN_POINT('',(5.139761842046E-02,-4.568346179896,38.));
#5016 = ORIENTED_EDGE('',*,*,#4977,.F.);
#5017 = ORIENTED_EDGE('',*,*,#902,.F.);
#5018 = SURFACE_OF_LINEAR_EXTRUSION('',#5019,#5023);
#5019 = B_SPLINE_CURVE_WITH_KNOTS('',2,(#5020,#5021,#5022),
  .UNSPECIFIED.,.F.,.F.,(3,3),(0.,1.),.PIECEWISE_BEZIER_KNOTS.);
#5020 = CARTESIAN_POINT('',(-0.385336891666,-4.47594704445,40.));
#5021 = CARTESIAN_POINT('',(-0.150826805211,-4.47594704445,40.));
#5022 = CARTESIAN_POINT('',(5.139761842046E-02,-4.568346179896,40.));
#5023 = VECTOR('',#5024,1.);
#5024 = DIRECTION('',(0.,0.,1.));
#5025 = ADVANCED_FACE('',(#5026),#5044,.T.);
#5026 = FACE_BOUND('',#5027,.T.);
#5027 = EDGE_LOOP('',(#5028,#5036,#5042,#5043));
#5028 = ORIENTED_EDGE('',*,*,#5029,.T.);
#5029 = EDGE_CURVE('',#887,#5030,#5032,.T.);
#5030 = VERTEX_POINT('',#5031);
#5031 = CARTESIAN_POINT('',(-0.820045104922,-4.568346179896,38.));
#5032 = LINE('',#5033,#5034);
#5033 = CARTESIAN_POINT('',(-0.820045104922,-4.568346179896,40.));
#5034 = VECTOR('',#5035,1.);
#5035 = DIRECTION('',(-0.,-0.,-1.));
#5036 = ORIENTED_EDGE('',*,*,#5037,.T.);
#5037 = EDGE_CURVE('',#5030,#5004,#5038,.T.);
#5038 = B_SPLINE_CURVE_WITH_KNOTS('',2,(#5039,#5040,#5041),
  .UNSPECIFIED.,.F.,.F.,(3,3),(0.,1.),.PIECEWISE_BEZIER_KNOTS.);
#5039 = CARTESIAN_POINT('',(-0.820045104922,-4.568346179896,38.));
#5040 = CARTESIAN_POINT('',(-0.619846978121,-4.47594704445,38.));
#5041 = CARTESIAN_POINT('',(-0.385336891666,-4.47594704445,38.));
#5042 = ORIENTED_EDGE('',*,*,#5003,.F.);
#5043 = ORIENTED_EDGE('',*,*,#894,.F.);
#5044 = SURFACE_OF_LINEAR_EXTRUSION('',#5045,#5049);
#5045 = B_SPLINE_CURVE_WITH_KNOTS('',2,(#5046,#5047,#5048),
  .UNSPECIFIED.,.F.,.F.,(3,3),(0.,1.),.PIECEWISE_BEZIER_KNOTS.);
#5046 = CARTESIAN_POINT('',(-0.820045104922,-4.568346179896,40.));
#5047 = CARTESIAN_POINT('',(-0.619846978121,-4.47594704445,40.));
#5048 = CARTESIAN_POINT('',(-0.385336891666,-4.47594704445,40.));
#5049 = VECTOR('',#5050,1.);
#5050 = DIRECTION('',(0.,0.,1.));
#5051 = ADVANCED_FACE('',(#5052),#5070,.T.);
#5052 = FACE_BOUND('',#5053,.T.);
#5053 = EDGE_LOOP('',(#5054,#5062,#5068,#5069));
#5054 = ORIENTED_EDGE('',*,*,#5055,.T.);
#5055 = EDGE_CURVE('',#879,#5056,#5058,.T.);
#5056 = VERTEX_POINT('',#5057);
#5057 = CARTESIAN_POINT('',(-1.16762255449,-4.849731266352,38.));
#5058 = LINE('',#5059,#5060);
#5059 = CARTESIAN_POINT('',(-1.16762255449,-4.849731266352,40.));
#5060 = VECTOR('',#5061,1.);
#5061 = DIRECTION('',(-0.,-0.,-1.));
#5062 = ORIENTED_EDGE('',*,*,#5063,.T.);
#5063 = EDGE_CURVE('',#5056,#5030,#5064,.T.);
#5064 = B_SPLINE_CURVE_WITH_KNOTS('',2,(#5065,#5066,#5067),
  .UNSPECIFIED.,.F.,.F.,(3,3),(0.,1.),.PIECEWISE_BEZIER_KNOTS.);
#5065 = CARTESIAN_POINT('',(-1.16762255449,-4.849731266352,38.));
#5066 = CARTESIAN_POINT('',(-1.020243231724,-4.660745315343,38.));
#5067 = CARTESIAN_POINT('',(-0.820045104922,-4.568346179896,38.));
#5068 = ORIENTED_EDGE('',*,*,#5029,.F.);
#5069 = ORIENTED_EDGE('',*,*,#886,.F.);
#5070 = SURFACE_OF_LINEAR_EXTRUSION('',#5071,#5075);
#5071 = B_SPLINE_CURVE_WITH_KNOTS('',2,(#5072,#5073,#5074),
  .UNSPECIFIED.,.F.,.F.,(3,3),(0.,1.),.PIECEWISE_BEZIER_KNOTS.);
#5072 = CARTESIAN_POINT('',(-1.16762255449,-4.849731266352,40.));
#5073 = CARTESIAN_POINT('',(-1.020243231724,-4.660745315343,40.));
#5074 = CARTESIAN_POINT('',(-0.820045104922,-4.568346179896,40.));
#5075 = VECTOR('',#5076,1.);
#5076 = DIRECTION('',(0.,0.,1.));
#5077 = ADVANCED_FACE('',(#5078),#5096,.T.);
#5078 = FACE_BOUND('',#5079,.T.);
#5079 = EDGE_LOOP('',(#5080,#5088,#5094,#5095));
#5080 = ORIENTED_EDGE('',*,*,#5081,.T.);
#5081 = EDGE_CURVE('',#871,#5082,#5084,.T.);
#5082 = VERTEX_POINT('',#5083);
#5083 = CARTESIAN_POINT('',(-1.39794496083,-5.327396972403,38.));
#5084 = LINE('',#5085,#5086);
#5085 = CARTESIAN_POINT('',(-1.39794496083,-5.327396972403,40.));
#5086 = VECTOR('',#5087,1.);
#5087 = DIRECTION('',(-0.,-0.,-1.));
#5088 = ORIENTED_EDGE('',*,*,#5089,.T.);
#5089 = EDGE_CURVE('',#5082,#5056,#5090,.T.);
#5090 = B_SPLINE_CURVE_WITH_KNOTS('',2,(#5091,#5092,#5093),
  .UNSPECIFIED.,.F.,.F.,(3,3),(0.,1.),.PIECEWISE_BEZIER_KNOTS.);
#5091 = CARTESIAN_POINT('',(-1.39794496083,-5.327396972403,38.));
#5092 = CARTESIAN_POINT('',(-1.314866790801,-5.03871721736,38.));
#5093 = CARTESIAN_POINT('',(-1.16762255449,-4.849731266352,38.));
#5094 = ORIENTED_EDGE('',*,*,#5055,.F.);
#5095 = ORIENTED_EDGE('',*,*,#878,.F.);
#5096 = SURFACE_OF_LINEAR_EXTRUSION('',#5097,#5101);
#5097 = B_SPLINE_CURVE_WITH_KNOTS('',2,(#5098,#5099,#5100),
  .UNSPECIFIED.,.F.,.F.,(3,3),(0.,1.),.PIECEWISE_BEZIER_KNOTS.);
#5098 = CARTESIAN_POINT('',(-1.39794496083,-5.327396972403,40.));
#5099 = CARTESIAN_POINT('',(-1.314866790801,-5.03871721736,40.));
#5100 = CARTESIAN_POINT('',(-1.16762255449,-4.849731266352,40.));
#5101 = VECTOR('',#5102,1.);
#5102 = DIRECTION('',(0.,0.,1.));
#5103 = ADVANCED_FACE('',(#5104),#5122,.T.);
#5104 = FACE_BOUND('',#5105,.T.);
#5105 = EDGE_LOOP('',(#5106,#5114,#5120,#5121));
#5106 = ORIENTED_EDGE('',*,*,#5107,.T.);
#5107 = EDGE_CURVE('',#863,#5108,#5110,.T.);
#5108 = VERTEX_POINT('',#5109);
#5109 = CARTESIAN_POINT('',(-1.480888044404,-6.010529177014,38.));
#5110 = LINE('',#5111,#5112);
#5111 = CARTESIAN_POINT('',(-1.480888044404,-6.010529177014,40.));
#5112 = VECTOR('',#5113,1.);
#5113 = DIRECTION('',(-0.,-0.,-1.));
#5114 = ORIENTED_EDGE('',*,*,#5115,.T.);
#5115 = EDGE_CURVE('',#5108,#5082,#5116,.T.);
#5116 = B_SPLINE_CURVE_WITH_KNOTS('',2,(#5117,#5118,#5119),
  .UNSPECIFIED.,.F.,.F.,(3,3),(0.,1.),.PIECEWISE_BEZIER_KNOTS.);
#5117 = CARTESIAN_POINT('',(-1.480888044404,-6.010529177014,38.));
#5118 = CARTESIAN_POINT('',(-1.480888044404,-5.615941640991,38.));
#5119 = CARTESIAN_POINT('',(-1.39794496083,-5.327396972403,38.));
#5120 = ORIENTED_EDGE('',*,*,#5081,.F.);
#5121 = ORIENTED_EDGE('',*,*,#870,.F.);
#5122 = SURFACE_OF_LINEAR_EXTRUSION('',#5123,#5127);
#5123 = B_SPLINE_CURVE_WITH_KNOTS('',2,(#5124,#5125,#5126),
  .UNSPECIFIED.,.F.,.F.,(3,3),(0.,1.),.PIECEWISE_BEZIER_KNOTS.);
#5124 = CARTESIAN_POINT('',(-1.480888044404,-6.010529177014,40.));
#5125 = CARTESIAN_POINT('',(-1.480888044404,-5.615941640991,40.));
#5126 = CARTESIAN_POINT('',(-1.39794496083,-5.327396972403,40.));
#5127 = VECTOR('',#5128,1.);
#5128 = DIRECTION('',(0.,0.,1.));
#5129 = ADVANCED_FACE('',(#5130),#5148,.T.);
#5130 = FACE_BOUND('',#5131,.T.);
#5131 = EDGE_LOOP('',(#5132,#5140,#5146,#5147));
#5132 = ORIENTED_EDGE('',*,*,#5133,.T.);
#5133 = EDGE_CURVE('',#855,#5134,#5136,.T.);
#5134 = VERTEX_POINT('',#5135);
#5135 = CARTESIAN_POINT('',(-1.39794496083,-6.692715776438,38.));
#5136 = LINE('',#5137,#5138);
#5137 = CARTESIAN_POINT('',(-1.39794496083,-6.692715776438,40.));
#5138 = VECTOR('',#5139,1.);
#5139 = DIRECTION('',(-0.,-0.,-1.));
#5140 = ORIENTED_EDGE('',*,*,#5141,.T.);
#5141 = EDGE_CURVE('',#5134,#5108,#5142,.T.);
#5142 = B_SPLINE_CURVE_WITH_KNOTS('',2,(#5143,#5144,#5145),
  .UNSPECIFIED.,.F.,.F.,(3,3),(0.,1.),.PIECEWISE_BEZIER_KNOTS.);
#5143 = CARTESIAN_POINT('',(-1.39794496083,-6.692715776438,38.));
#5144 = CARTESIAN_POINT('',(-1.480888044404,-6.402955329752,38.));
#5145 = CARTESIAN_POINT('',(-1.480888044404,-6.010529177014,38.));
#5146 = ORIENTED_EDGE('',*,*,#5107,.F.);
#5147 = ORIENTED_EDGE('',*,*,#862,.F.);
#5148 = SURFACE_OF_LINEAR_EXTRUSION('',#5149,#5153);
#5149 = B_SPLINE_CURVE_WITH_KNOTS('',2,(#5150,#5151,#5152),
  .UNSPECIFIED.,.F.,.F.,(3,3),(0.,1.),.PIECEWISE_BEZIER_KNOTS.);
#5150 = CARTESIAN_POINT('',(-1.39794496083,-6.692715776438,40.));
#5151 = CARTESIAN_POINT('',(-1.480888044404,-6.402955329752,40.));
#5152 = CARTESIAN_POINT('',(-1.480888044404,-6.010529177014,40.));
#5153 = VECTOR('',#5154,1.);
#5154 = DIRECTION('',(0.,0.,1.));
#5155 = ADVANCED_FACE('',(#5156),#5174,.T.);
#5156 = FACE_BOUND('',#5157,.T.);
#5157 = EDGE_LOOP('',(#5158,#5166,#5172,#5173));
#5158 = ORIENTED_EDGE('',*,*,#5159,.T.);
#5159 = EDGE_CURVE('',#847,#5160,#5162,.T.);
#5160 = VERTEX_POINT('',#5161);
#5161 = CARTESIAN_POINT('',(-1.16762255449,-7.171327087677,38.));
#5162 = LINE('',#5163,#5164);
#5163 = CARTESIAN_POINT('',(-1.16762255449,-7.171327087677,40.));
#5164 = VECTOR('',#5165,1.);
#5165 = DIRECTION('',(-0.,-0.,-1.));
#5166 = ORIENTED_EDGE('',*,*,#5167,.T.);
#5167 = EDGE_CURVE('',#5160,#5134,#5168,.T.);
#5168 = B_SPLINE_CURVE_WITH_KNOTS('',2,(#5169,#5170,#5171),
  .UNSPECIFIED.,.F.,.F.,(3,3),(0.,1.),.PIECEWISE_BEZIER_KNOTS.);
#5169 = CARTESIAN_POINT('',(-1.16762255449,-7.171327087677,38.));
#5170 = CARTESIAN_POINT('',(-1.314866790801,-6.982341136669,38.));
#5171 = CARTESIAN_POINT('',(-1.39794496083,-6.692715776438,38.));
#5172 = ORIENTED_EDGE('',*,*,#5133,.F.);
#5173 = ORIENTED_EDGE('',*,*,#854,.F.);
#5174 = SURFACE_OF_LINEAR_EXTRUSION('',#5175,#5179);
#5175 = B_SPLINE_CURVE_WITH_KNOTS('',2,(#5176,#5177,#5178),
  .UNSPECIFIED.,.F.,.F.,(3,3),(0.,1.),.PIECEWISE_BEZIER_KNOTS.);
#5176 = CARTESIAN_POINT('',(-1.16762255449,-7.171327087677,40.));
#5177 = CARTESIAN_POINT('',(-1.314866790801,-6.982341136669,40.));
#5178 = CARTESIAN_POINT('',(-1.39794496083,-6.692715776438,40.));
#5179 = VECTOR('',#5180,1.);
#5180 = DIRECTION('',(0.,0.,1.));
#5181 = ADVANCED_FACE('',(#5182),#5200,.T.);
#5182 = FACE_BOUND('',#5183,.T.);
#5183 = EDGE_LOOP('',(#5184,#5192,#5198,#5199));
#5184 = ORIENTED_EDGE('',*,*,#5185,.T.);
#5185 = EDGE_CURVE('',#839,#5186,#5188,.T.);
#5186 = VERTEX_POINT('',#5187);
#5187 = CARTESIAN_POINT('',(-0.820045104922,-7.452712174133,38.));
#5188 = LINE('',#5189,#5190);
#5189 = CARTESIAN_POINT('',(-0.820045104922,-7.452712174133,40.));
#5190 = VECTOR('',#5191,1.);
#5191 = DIRECTION('',(-0.,-0.,-1.));
#5192 = ORIENTED_EDGE('',*,*,#5193,.T.);
#5193 = EDGE_CURVE('',#5186,#5160,#5194,.T.);
#5194 = B_SPLINE_CURVE_WITH_KNOTS('',2,(#5195,#5196,#5197),
  .UNSPECIFIED.,.F.,.F.,(3,3),(0.,1.),.PIECEWISE_BEZIER_KNOTS.);
#5195 = CARTESIAN_POINT('',(-0.820045104922,-7.452712174133,38.));
#5196 = CARTESIAN_POINT('',(-1.020243231724,-7.360313038686,38.));
#5197 = CARTESIAN_POINT('',(-1.16762255449,-7.171327087677,38.));
#5198 = ORIENTED_EDGE('',*,*,#5159,.F.);
#5199 = ORIENTED_EDGE('',*,*,#846,.F.);
#5200 = SURFACE_OF_LINEAR_EXTRUSION('',#5201,#5205);
#5201 = B_SPLINE_CURVE_WITH_KNOTS('',2,(#5202,#5203,#5204),
  .UNSPECIFIED.,.F.,.F.,(3,3),(0.,1.),.PIECEWISE_BEZIER_KNOTS.);
#5202 = CARTESIAN_POINT('',(-0.820045104922,-7.452712174133,40.));
#5203 = CARTESIAN_POINT('',(-1.020243231724,-7.360313038686,40.));
#5204 = CARTESIAN_POINT('',(-1.16762255449,-7.171327087677,40.));
#5205 = VECTOR('',#5206,1.);
#5206 = DIRECTION('',(0.,0.,1.));
#5207 = ADVANCED_FACE('',(#5208),#5226,.T.);
#5208 = FACE_BOUND('',#5209,.T.);
#5209 = EDGE_LOOP('',(#5210,#5218,#5224,#5225));
#5210 = ORIENTED_EDGE('',*,*,#5211,.T.);
#5211 = EDGE_CURVE('',#831,#5212,#5214,.T.);
#5212 = VERTEX_POINT('',#5213);
#5213 = CARTESIAN_POINT('',(-0.385336891666,-7.545111309579,38.));
#5214 = LINE('',#5215,#5216);
#5215 = CARTESIAN_POINT('',(-0.385336891666,-7.545111309579,40.));
#5216 = VECTOR('',#5217,1.);
#5217 = DIRECTION('',(-0.,-0.,-1.));
#5218 = ORIENTED_EDGE('',*,*,#5219,.T.);
#5219 = EDGE_CURVE('',#5212,#5186,#5220,.T.);
#5220 = B_SPLINE_CURVE_WITH_KNOTS('',2,(#5221,#5222,#5223),
  .UNSPECIFIED.,.F.,.F.,(3,3),(0.,1.),.PIECEWISE_BEZIER_KNOTS.);
#5221 = CARTESIAN_POINT('',(-0.385336891666,-7.545111309579,38.));
#5222 = CARTESIAN_POINT('',(-0.619846978121,-7.545111309579,38.));
#5223 = CARTESIAN_POINT('',(-0.820045104922,-7.452712174133,38.));
#5224 = ORIENTED_EDGE('',*,*,#5185,.F.);
#5225 = ORIENTED_EDGE('',*,*,#838,.F.);
#5226 = SURFACE_OF_LINEAR_EXTRUSION('',#5227,#5231);
#5227 = B_SPLINE_CURVE_WITH_KNOTS('',2,(#5228,#5229,#5230),
  .UNSPECIFIED.,.F.,.F.,(3,3),(0.,1.),.PIECEWISE_BEZIER_KNOTS.);
#5228 = CARTESIAN_POINT('',(-0.385336891666,-7.545111309579,40.));
#5229 = CARTESIAN_POINT('',(-0.619846978121,-7.545111309579,40.));
#5230 = CARTESIAN_POINT('',(-0.820045104922,-7.452712174133,40.));
#5231 = VECTOR('',#5232,1.);
#5232 = DIRECTION('',(0.,0.,1.));
#5233 = ADVANCED_FACE('',(#5234),#5252,.T.);
#5234 = FACE_BOUND('',#5235,.T.);
#5235 = EDGE_LOOP('',(#5236,#5244,#5250,#5251));
#5236 = ORIENTED_EDGE('',*,*,#5237,.T.);
#5237 = EDGE_CURVE('',#823,#5238,#5240,.T.);
#5238 = VERTEX_POINT('',#5239);
#5239 = CARTESIAN_POINT('',(5.139761842046E-02,-7.452712174133,38.));
#5240 = LINE('',#5241,#5242);
#5241 = CARTESIAN_POINT('',(5.139761842046E-02,-7.452712174133,40.));
#5242 = VECTOR('',#5243,1.);
#5243 = DIRECTION('',(-0.,-0.,-1.));
#5244 = ORIENTED_EDGE('',*,*,#5245,.T.);
#5245 = EDGE_CURVE('',#5238,#5212,#5246,.T.);
#5246 = B_SPLINE_CURVE_WITH_KNOTS('',2,(#5247,#5248,#5249),
  .UNSPECIFIED.,.F.,.F.,(3,3),(0.,1.),.PIECEWISE_BEZIER_KNOTS.);
#5247 = CARTESIAN_POINT('',(5.139761842046E-02,-7.452712174133,38.));
#5248 = CARTESIAN_POINT('',(-0.150826805211,-7.545111309579,38.));
#5249 = CARTESIAN_POINT('',(-0.385336891666,-7.545111309579,38.));
#5250 = ORIENTED_EDGE('',*,*,#5211,.F.);
#5251 = ORIENTED_EDGE('',*,*,#830,.F.);
#5252 = SURFACE_OF_LINEAR_EXTRUSION('',#5253,#5257);
#5253 = B_SPLINE_CURVE_WITH_KNOTS('',2,(#5254,#5255,#5256),
  .UNSPECIFIED.,.F.,.F.,(3,3),(0.,1.),.PIECEWISE_BEZIER_KNOTS.);
#5254 = CARTESIAN_POINT('',(5.139761842046E-02,-7.452712174133,40.));
#5255 = CARTESIAN_POINT('',(-0.150826805211,-7.545111309579,40.));
#5256 = CARTESIAN_POINT('',(-0.385336891666,-7.545111309579,40.));
#5257 = VECTOR('',#5258,1.);
#5258 = DIRECTION('',(0.,0.,1.));
#5259 = ADVANCED_FACE('',(#5260),#5278,.T.);
#5260 = FACE_BOUND('',#5261,.T.);
#5261 = EDGE_LOOP('',(#5262,#5270,#5276,#5277));
#5262 = ORIENTED_EDGE('',*,*,#5263,.T.);
#5263 = EDGE_CURVE('',#815,#5264,#5266,.T.);
#5264 = VERTEX_POINT('',#5265);
#5265 = CARTESIAN_POINT('',(0.402082056461,-7.171327087677,38.));
#5266 = LINE('',#5267,#5268);
#5267 = CARTESIAN_POINT('',(0.402082056461,-7.171327087677,40.));
#5268 = VECTOR('',#5269,1.);
#5269 = DIRECTION('',(-0.,-0.,-1.));
#5270 = ORIENTED_EDGE('',*,*,#5271,.T.);
#5271 = EDGE_CURVE('',#5264,#5238,#5272,.T.);
#5272 = B_SPLINE_CURVE_WITH_KNOTS('',2,(#5273,#5274,#5275),
  .UNSPECIFIED.,.F.,.F.,(3,3),(0.,1.),.PIECEWISE_BEZIER_KNOTS.);
#5273 = CARTESIAN_POINT('',(0.402082056461,-7.171327087677,38.));
#5274 = CARTESIAN_POINT('',(0.253757128507,-7.360313038686,38.));
#5275 = CARTESIAN_POINT('',(5.139761842046E-02,-7.452712174133,38.));
#5276 = ORIENTED_EDGE('',*,*,#5237,.F.);
#5277 = ORIENTED_EDGE('',*,*,#822,.F.);
#5278 = SURFACE_OF_LINEAR_EXTRUSION('',#5279,#5283);
#5279 = B_SPLINE_CURVE_WITH_KNOTS('',2,(#5280,#5281,#5282),
  .UNSPECIFIED.,.F.,.F.,(3,3),(0.,1.),.PIECEWISE_BEZIER_KNOTS.);
#5280 = CARTESIAN_POINT('',(0.402082056461,-7.171327087677,40.));
#5281 = CARTESIAN_POINT('',(0.253757128507,-7.360313038686,40.));
#5282 = CARTESIAN_POINT('',(5.139761842046E-02,-7.452712174133,40.));
#5283 = VECTOR('',#5284,1.);
#5284 = DIRECTION('',(0.,0.,1.));
#5285 = ADVANCED_FACE('',(#5286),#5304,.T.);
#5286 = FACE_BOUND('',#5287,.T.);
#5287 = EDGE_LOOP('',(#5288,#5296,#5302,#5303));
#5288 = ORIENTED_EDGE('',*,*,#5289,.T.);
#5289 = EDGE_CURVE('',#807,#5290,#5292,.T.);
#5290 = VERTEX_POINT('',#5291);
#5291 = CARTESIAN_POINT('',(0.634430759631,-6.692715776438,38.));
#5292 = LINE('',#5293,#5294);
#5293 = CARTESIAN_POINT('',(0.634430759631,-6.692715776438,40.));
#5294 = VECTOR('',#5295,1.);
#5295 = DIRECTION('',(-0.,-0.,-1.));
#5296 = ORIENTED_EDGE('',*,*,#5297,.T.);
#5297 = EDGE_CURVE('',#5290,#5264,#5298,.T.);
#5298 = B_SPLINE_CURVE_WITH_KNOTS('',2,(#5299,#5300,#5301),
  .UNSPECIFIED.,.F.,.F.,(3,3),(0.,1.),.PIECEWISE_BEZIER_KNOTS.);
#5299 = CARTESIAN_POINT('',(0.634430759631,-6.692715776438,38.));
#5300 = CARTESIAN_POINT('',(0.550406984415,-6.982341136669,38.));
#5301 = CARTESIAN_POINT('',(0.402082056461,-7.171327087677,38.));
#5302 = ORIENTED_EDGE('',*,*,#5263,.F.);
#5303 = ORIENTED_EDGE('',*,*,#814,.F.);
#5304 = SURFACE_OF_LINEAR_EXTRUSION('',#5305,#5309);
#5305 = B_SPLINE_CURVE_WITH_KNOTS('',2,(#5306,#5307,#5308),
  .UNSPECIFIED.,.F.,.F.,(3,3),(0.,1.),.PIECEWISE_BEZIER_KNOTS.);
#5306 = CARTESIAN_POINT('',(0.634430759631,-6.692715776438,40.));
#5307 = CARTESIAN_POINT('',(0.550406984415,-6.982341136669,40.));
#5308 = CARTESIAN_POINT('',(0.402082056461,-7.171327087677,40.));
#5309 = VECTOR('',#5310,1.);
#5310 = DIRECTION('',(0.,0.,1.));
#5311 = ADVANCED_FACE('',(#5312),#5323,.T.);
#5312 = FACE_BOUND('',#5313,.T.);
#5313 = EDGE_LOOP('',(#5314,#5315,#5321,#5322));
#5314 = ORIENTED_EDGE('',*,*,#4934,.T.);
#5315 = ORIENTED_EDGE('',*,*,#5316,.T.);
#5316 = EDGE_CURVE('',#4927,#5290,#5317,.T.);
#5317 = B_SPLINE_CURVE_WITH_KNOTS('',2,(#5318,#5319,#5320),
  .UNSPECIFIED.,.F.,.F.,(3,3),(0.,1.),.PIECEWISE_BEZIER_KNOTS.);
#5318 = CARTESIAN_POINT('',(0.718589621302,-6.010529177014,38.));
#5319 = CARTESIAN_POINT('',(0.718589621302,-6.402955329752,38.));
#5320 = CARTESIAN_POINT('',(0.634430759631,-6.692715776438,38.));
#5321 = ORIENTED_EDGE('',*,*,#5289,.F.);
#5322 = ORIENTED_EDGE('',*,*,#806,.F.);
#5323 = SURFACE_OF_LINEAR_EXTRUSION('',#5324,#5328);
#5324 = B_SPLINE_CURVE_WITH_KNOTS('',2,(#5325,#5326,#5327),
  .UNSPECIFIED.,.F.,.F.,(3,3),(0.,1.),.PIECEWISE_BEZIER_KNOTS.);
#5325 = CARTESIAN_POINT('',(0.718589621302,-6.010529177014,40.));
#5326 = CARTESIAN_POINT('',(0.718589621302,-6.402955329752,40.));
#5327 = CARTESIAN_POINT('',(0.634430759631,-6.692715776438,40.));
#5328 = VECTOR('',#5329,1.);
#5329 = DIRECTION('',(0.,0.,1.));
#5330 = ADVANCED_FACE('',(#5331),#5356,.T.);
#5331 = FACE_BOUND('',#5332,.T.);
#5332 = EDGE_LOOP('',(#5333,#5341,#5349,#5355));
#5333 = ORIENTED_EDGE('',*,*,#5334,.T.);
#5334 = EDGE_CURVE('',#927,#5335,#5337,.T.);
#5335 = VERTEX_POINT('',#5336);
#5336 = CARTESIAN_POINT('',(2.409196609775,-7.510529177014,38.));
#5337 = LINE('',#5338,#5339);
#5338 = CARTESIAN_POINT('',(2.409196609775,-7.510529177014,40.));
#5339 = VECTOR('',#5340,1.);
#5340 = DIRECTION('',(-0.,-0.,-1.));
#5341 = ORIENTED_EDGE('',*,*,#5342,.T.);
#5342 = EDGE_CURVE('',#5335,#5343,#5345,.T.);
#5343 = VERTEX_POINT('',#5344);
#5344 = CARTESIAN_POINT('',(1.896813684703,-7.510529177014,38.));
#5345 = LINE('',#5346,#5347);
#5346 = CARTESIAN_POINT('',(2.409196609775,-7.510529177014,38.));
#5347 = VECTOR('',#5348,1.);
#5348 = DIRECTION('',(-1.,0.,0.));
#5349 = ORIENTED_EDGE('',*,*,#5350,.F.);
#5350 = EDGE_CURVE('',#929,#5343,#5351,.T.);
#5351 = LINE('',#5352,#5353);
#5352 = CARTESIAN_POINT('',(1.896813684703,-7.510529177014,40.));
#5353 = VECTOR('',#5354,1.);
#5354 = DIRECTION('',(-0.,-0.,-1.));
#5355 = ORIENTED_EDGE('',*,*,#926,.F.);
#5356 = PLANE('',#5357);
#5357 = AXIS2_PLACEMENT_3D('',#5358,#5359,#5360);
#5358 = CARTESIAN_POINT('',(2.409196609775,-7.510529177014,40.));
#5359 = DIRECTION('',(0.,1.,0.));
#5360 = DIRECTION('',(-1.,0.,0.));
#5361 = ADVANCED_FACE('',(#5362),#5380,.T.);
#5362 = FACE_BOUND('',#5363,.T.);
#5363 = EDGE_LOOP('',(#5364,#5372,#5378,#5379));
#5364 = ORIENTED_EDGE('',*,*,#5365,.T.);
#5365 = EDGE_CURVE('',#1201,#5366,#5368,.T.);
#5366 = VERTEX_POINT('',#5367);
#5367 = CARTESIAN_POINT('',(2.409196609775,-5.952712174133,38.));
#5368 = LINE('',#5369,#5370);
#5369 = CARTESIAN_POINT('',(2.409196609775,-5.952712174133,40.));
#5370 = VECTOR('',#5371,1.);
#5371 = DIRECTION('',(-0.,-0.,-1.));
#5372 = ORIENTED_EDGE('',*,*,#5373,.T.);
#5373 = EDGE_CURVE('',#5366,#5335,#5374,.T.);
#5374 = LINE('',#5375,#5376);
#5375 = CARTESIAN_POINT('',(2.409196609775,-5.952712174133,38.));
#5376 = VECTOR('',#5377,1.);
#5377 = DIRECTION('',(0.,-1.,0.));
#5378 = ORIENTED_EDGE('',*,*,#5334,.F.);
#5379 = ORIENTED_EDGE('',*,*,#1208,.F.);
#5380 = PLANE('',#5381);
#5381 = AXIS2_PLACEMENT_3D('',#5382,#5383,#5384);
#5382 = CARTESIAN_POINT('',(2.409196609775,-5.952712174133,40.));
#5383 = DIRECTION('',(-1.,0.,0.));
#5384 = DIRECTION('',(0.,-1.,0.));
#5385 = ADVANCED_FACE('',(#5386),#5404,.T.);
#5386 = FACE_BOUND('',#5387,.T.);
#5387 = EDGE_LOOP('',(#5388,#5396,#5402,#5403));
#5388 = ORIENTED_EDGE('',*,*,#5389,.T.);
#5389 = EDGE_CURVE('',#1193,#5390,#5392,.T.);
#5390 = VERTEX_POINT('',#5391);
#5391 = CARTESIAN_POINT('',(2.58872650891,-5.801955689983,38.));
#5392 = LINE('',#5393,#5394);
#5393 = CARTESIAN_POINT('',(2.58872650891,-5.801955689983,40.));
#5394 = VECTOR('',#5395,1.);
#5395 = DIRECTION('',(-0.,-0.,-1.));
#5396 = ORIENTED_EDGE('',*,*,#5397,.T.);
#5397 = EDGE_CURVE('',#5390,#5366,#5398,.T.);
#5398 = B_SPLINE_CURVE_WITH_KNOTS('',2,(#5399,#5400,#5401),
  .UNSPECIFIED.,.F.,.F.,(3,3),(0.,1.),.PIECEWISE_BEZIER_KNOTS.);
#5399 = CARTESIAN_POINT('',(2.58872650891,-5.801955689983,38.));
#5400 = CARTESIAN_POINT('',(2.492274779804,-5.857070963758,38.));
#5401 = CARTESIAN_POINT('',(2.409196609775,-5.952712174133,38.));
#5402 = ORIENTED_EDGE('',*,*,#5365,.F.);
#5403 = ORIENTED_EDGE('',*,*,#1200,.F.);
#5404 = SURFACE_OF_LINEAR_EXTRUSION('',#5405,#5409);
#5405 = B_SPLINE_CURVE_WITH_KNOTS('',2,(#5406,#5407,#5408),
  .UNSPECIFIED.,.F.,.F.,(3,3),(0.,1.),.PIECEWISE_BEZIER_KNOTS.);
#5406 = CARTESIAN_POINT('',(2.58872650891,-5.801955689983,40.));
#5407 = CARTESIAN_POINT('',(2.492274779804,-5.857070963758,40.));
#5408 = CARTESIAN_POINT('',(2.409196609775,-5.952712174133,40.));
#5409 = VECTOR('',#5410,1.);
#5410 = DIRECTION('',(0.,0.,1.));
#5411 = ADVANCED_FACE('',(#5412),#5430,.T.);
#5412 = FACE_BOUND('',#5413,.T.);
#5413 = EDGE_LOOP('',(#5414,#5422,#5428,#5429));
#5414 = ORIENTED_EDGE('',*,*,#5415,.T.);
#5415 = EDGE_CURVE('',#1185,#5416,#5418,.T.);
#5416 = VERTEX_POINT('',#5417);
#5417 = CARTESIAN_POINT('',(2.795138612657,-5.746840416207,38.));
#5418 = LINE('',#5419,#5420);
#5419 = CARTESIAN_POINT('',(2.795138612657,-5.746840416207,40.));
#5420 = VECTOR('',#5421,1.);
#5421 = DIRECTION('',(-0.,-0.,-1.));
#5422 = ORIENTED_EDGE('',*,*,#5423,.T.);
#5423 = EDGE_CURVE('',#5416,#5390,#5424,.T.);
#5424 = B_SPLINE_CURVE_WITH_KNOTS('',2,(#5425,#5426,#5427),
  .UNSPECIFIED.,.F.,.F.,(3,3),(0.,1.),.PIECEWISE_BEZIER_KNOTS.);
#5425 = CARTESIAN_POINT('',(2.795138612657,-5.746840416207,38.));
#5426 = CARTESIAN_POINT('',(2.685178238017,-5.746840416207,38.));
#5427 = CARTESIAN_POINT('',(2.58872650891,-5.801955689983,38.));
#5428 = ORIENTED_EDGE('',*,*,#5389,.F.);
#5429 = ORIENTED_EDGE('',*,*,#1192,.F.);
#5430 = SURFACE_OF_LINEAR_EXTRUSION('',#5431,#5435);
#5431 = B_SPLINE_CURVE_WITH_KNOTS('',2,(#5432,#5433,#5434),
  .UNSPECIFIED.,.F.,.F.,(3,3),(0.,1.),.PIECEWISE_BEZIER_KNOTS.);
#5432 = CARTESIAN_POINT('',(2.795138612657,-5.746840416207,40.));
#5433 = CARTESIAN_POINT('',(2.685178238017,-5.746840416207,40.));
#5434 = CARTESIAN_POINT('',(2.58872650891,-5.801955689983,40.));
#5435 = VECTOR('',#5436,1.);
#5436 = DIRECTION('',(0.,0.,1.));
#5437 = ADVANCED_FACE('',(#5438),#5456,.T.);
#5438 = FACE_BOUND('',#5439,.T.);
#5439 = EDGE_LOOP('',(#5440,#5448,#5454,#5455));
#5440 = ORIENTED_EDGE('',*,*,#5441,.T.);
#5441 = EDGE_CURVE('',#1177,#5442,#5444,.T.);
#5442 = VERTEX_POINT('',#5443);
#5443 = CARTESIAN_POINT('',(3.04937132159,-5.844372836957,38.));
#5444 = LINE('',#5445,#5446);
#5445 = CARTESIAN_POINT('',(3.04937132159,-5.844372836957,40.));
#5446 = VECTOR('',#5447,1.);
#5447 = DIRECTION('',(-0.,-0.,-1.));
#5448 = ORIENTED_EDGE('',*,*,#5449,.T.);
#5449 = EDGE_CURVE('',#5442,#5416,#5450,.T.);
#5450 = B_SPLINE_CURVE_WITH_KNOTS('',2,(#5451,#5452,#5453),
  .UNSPECIFIED.,.F.,.F.,(3,3),(0.,1.),.PIECEWISE_BEZIER_KNOTS.);
#5451 = CARTESIAN_POINT('',(3.04937132159,-5.844372836957,38.));
#5452 = CARTESIAN_POINT('',(2.963321249544,-5.746840416207,38.));
#5453 = CARTESIAN_POINT('',(2.795138612657,-5.746840416207,38.));
#5454 = ORIENTED_EDGE('',*,*,#5415,.F.);
#5455 = ORIENTED_EDGE('',*,*,#1184,.F.);
#5456 = SURFACE_OF_LINEAR_EXTRUSION('',#5457,#5461);
#5457 = B_SPLINE_CURVE_WITH_KNOTS('',2,(#5458,#5459,#5460),
  .UNSPECIFIED.,.F.,.F.,(3,3),(0.,1.),.PIECEWISE_BEZIER_KNOTS.);
#5458 = CARTESIAN_POINT('',(3.04937132159,-5.844372836957,40.));
#5459 = CARTESIAN_POINT('',(2.963321249544,-5.746840416207,40.));
#5460 = CARTESIAN_POINT('',(2.795138612657,-5.746840416207,40.));
#5461 = VECTOR('',#5462,1.);
#5462 = DIRECTION('',(0.,0.,1.));
#5463 = ADVANCED_FACE('',(#5464),#5482,.T.);
#5464 = FACE_BOUND('',#5465,.T.);
#5465 = EDGE_LOOP('',(#5466,#5474,#5480,#5481));
#5466 = ORIENTED_EDGE('',*,*,#5467,.T.);
#5467 = EDGE_CURVE('',#1169,#5468,#5470,.T.);
#5468 = VERTEX_POINT('',#5469);
#5469 = CARTESIAN_POINT('',(3.135421393637,-6.15561203004,38.));
#5470 = LINE('',#5471,#5472);
#5471 = CARTESIAN_POINT('',(3.135421393637,-6.15561203004,40.));
#5472 = VECTOR('',#5473,1.);
#5473 = DIRECTION('',(-0.,-0.,-1.));
#5474 = ORIENTED_EDGE('',*,*,#5475,.T.);
#5475 = EDGE_CURVE('',#5468,#5442,#5476,.T.);
#5476 = B_SPLINE_CURVE_WITH_KNOTS('',2,(#5477,#5478,#5479),
  .UNSPECIFIED.,.F.,.F.,(3,3),(0.,1.),.PIECEWISE_BEZIER_KNOTS.);
#5477 = CARTESIAN_POINT('',(3.135421393637,-6.15561203004,38.));
#5478 = CARTESIAN_POINT('',(3.135421393637,-5.941905257706,38.));
#5479 = CARTESIAN_POINT('',(3.04937132159,-5.844372836957,38.));
#5480 = ORIENTED_EDGE('',*,*,#5441,.F.);
#5481 = ORIENTED_EDGE('',*,*,#1176,.F.);
#5482 = SURFACE_OF_LINEAR_EXTRUSION('',#5483,#5487);
#5483 = B_SPLINE_CURVE_WITH_KNOTS('',2,(#5484,#5485,#5486),
  .UNSPECIFIED.,.F.,.F.,(3,3),(0.,1.),.PIECEWISE_BEZIER_KNOTS.);
#5484 = CARTESIAN_POINT('',(3.135421393637,-6.15561203004,40.));
#5485 = CARTESIAN_POINT('',(3.135421393637,-5.941905257706,40.));
#5486 = CARTESIAN_POINT('',(3.04937132159,-5.844372836957,40.));
#5487 = VECTOR('',#5488,1.);
#5488 = DIRECTION('',(0.,0.,1.));
#5489 = ADVANCED_FACE('',(#5490),#5508,.T.);
#5490 = FACE_BOUND('',#5491,.T.);
#5491 = EDGE_LOOP('',(#5492,#5500,#5506,#5507));
#5492 = ORIENTED_EDGE('',*,*,#5493,.T.);
#5493 = EDGE_CURVE('',#1161,#5494,#5496,.T.);
#5494 = VERTEX_POINT('',#5495);
#5495 = CARTESIAN_POINT('',(3.135421393637,-7.510529177014,38.));
#5496 = LINE('',#5497,#5498);
#5497 = CARTESIAN_POINT('',(3.135421393637,-7.510529177014,40.));
#5498 = VECTOR('',#5499,1.);
#5499 = DIRECTION('',(-0.,-0.,-1.));
#5500 = ORIENTED_EDGE('',*,*,#5501,.T.);
#5501 = EDGE_CURVE('',#5494,#5468,#5502,.T.);
#5502 = LINE('',#5503,#5504);
#5503 = CARTESIAN_POINT('',(3.135421393637,-7.510529177014,38.));
#5504 = VECTOR('',#5505,1.);
#5505 = DIRECTION('',(0.,1.,0.));
#5506 = ORIENTED_EDGE('',*,*,#5467,.F.);
#5507 = ORIENTED_EDGE('',*,*,#1168,.F.);
#5508 = PLANE('',#5509);
#5509 = AXIS2_PLACEMENT_3D('',#5510,#5511,#5512);
#5510 = CARTESIAN_POINT('',(3.135421393637,-7.510529177014,40.));
#5511 = DIRECTION('',(1.,0.,0.));
#5512 = DIRECTION('',(0.,1.,0.));
#5513 = ADVANCED_FACE('',(#5514),#5532,.T.);
#5514 = FACE_BOUND('',#5515,.T.);
#5515 = EDGE_LOOP('',(#5516,#5524,#5530,#5531));
#5516 = ORIENTED_EDGE('',*,*,#5517,.T.);
#5517 = EDGE_CURVE('',#1153,#5518,#5520,.T.);
#5518 = VERTEX_POINT('',#5519);
#5519 = CARTESIAN_POINT('',(3.650100788449,-7.510529177014,38.));
#5520 = LINE('',#5521,#5522);
#5521 = CARTESIAN_POINT('',(3.650100788449,-7.510529177014,40.));
#5522 = VECTOR('',#5523,1.);
#5523 = DIRECTION('',(-0.,-0.,-1.));
#5524 = ORIENTED_EDGE('',*,*,#5525,.T.);
#5525 = EDGE_CURVE('',#5518,#5494,#5526,.T.);
#5526 = LINE('',#5527,#5528);
#5527 = CARTESIAN_POINT('',(3.650100788449,-7.510529177014,38.));
#5528 = VECTOR('',#5529,1.);
#5529 = DIRECTION('',(-1.,0.,0.));
#5530 = ORIENTED_EDGE('',*,*,#5493,.F.);
#5531 = ORIENTED_EDGE('',*,*,#1160,.F.);
#5532 = PLANE('',#5533);
#5533 = AXIS2_PLACEMENT_3D('',#5534,#5535,#5536);
#5534 = CARTESIAN_POINT('',(3.650100788449,-7.510529177014,40.));
#5535 = DIRECTION('',(0.,1.,0.));
#5536 = DIRECTION('',(-1.,0.,0.));
#5537 = ADVANCED_FACE('',(#5538),#5556,.T.);
#5538 = FACE_BOUND('',#5539,.T.);
#5539 = EDGE_LOOP('',(#5540,#5548,#5554,#5555));
#5540 = ORIENTED_EDGE('',*,*,#5541,.T.);
#5541 = EDGE_CURVE('',#1145,#5542,#5544,.T.);
#5542 = VERTEX_POINT('',#5543);
#5543 = CARTESIAN_POINT('',(3.650100788449,-6.15561203004,38.));
#5544 = LINE('',#5545,#5546);
#5545 = CARTESIAN_POINT('',(3.650100788449,-6.15561203004,40.));
#5546 = VECTOR('',#5547,1.);
#5547 = DIRECTION('',(-0.,-0.,-1.));
#5548 = ORIENTED_EDGE('',*,*,#5549,.T.);
#5549 = EDGE_CURVE('',#5542,#5518,#5550,.T.);
#5550 = LINE('',#5551,#5552);
#5551 = CARTESIAN_POINT('',(3.650100788449,-6.15561203004,38.));
#5552 = VECTOR('',#5553,1.);
#5553 = DIRECTION('',(0.,-1.,0.));
#5554 = ORIENTED_EDGE('',*,*,#5517,.F.);
#5555 = ORIENTED_EDGE('',*,*,#1152,.F.);
#5556 = PLANE('',#5557);
#5557 = AXIS2_PLACEMENT_3D('',#5558,#5559,#5560);
#5558 = CARTESIAN_POINT('',(3.650100788449,-6.15561203004,40.));
#5559 = DIRECTION('',(-1.,0.,0.));
#5560 = DIRECTION('',(0.,-1.,0.));
#5561 = ADVANCED_FACE('',(#5562),#5580,.T.);
#5562 = FACE_BOUND('',#5563,.T.);
#5563 = EDGE_LOOP('',(#5564,#5572,#5578,#5579));
#5564 = ORIENTED_EDGE('',*,*,#5565,.T.);
#5565 = EDGE_CURVE('',#1137,#5566,#5568,.T.);
#5566 = VERTEX_POINT('',#5567);
#5567 = CARTESIAN_POINT('',(3.679144376346,-5.979324205833,38.));
#5568 = LINE('',#5569,#5570);
#5569 = CARTESIAN_POINT('',(3.679144376346,-5.979324205833,40.));
#5570 = VECTOR('',#5571,1.);
#5571 = DIRECTION('',(-0.,-0.,-1.));
#5572 = ORIENTED_EDGE('',*,*,#5573,.T.);
#5573 = EDGE_CURVE('',#5566,#5542,#5574,.T.);
#5574 = B_SPLINE_CURVE_WITH_KNOTS('',2,(#5575,#5576,#5577),
  .UNSPECIFIED.,.F.,.F.,(3,3),(0.,1.),.PIECEWISE_BEZIER_KNOTS.);
#5575 = CARTESIAN_POINT('',(3.679144376346,-5.979324205833,38.));
#5576 = CARTESIAN_POINT('',(3.650100788449,-6.056053312461,38.));
#5577 = CARTESIAN_POINT('',(3.650100788449,-6.15561203004,38.));
#5578 = ORIENTED_EDGE('',*,*,#5541,.F.);
#5579 = ORIENTED_EDGE('',*,*,#1144,.F.);
#5580 = SURFACE_OF_LINEAR_EXTRUSION('',#5581,#5585);
#5581 = B_SPLINE_CURVE_WITH_KNOTS('',2,(#5582,#5583,#5584),
  .UNSPECIFIED.,.F.,.F.,(3,3),(0.,1.),.PIECEWISE_BEZIER_KNOTS.);
#5582 = CARTESIAN_POINT('',(3.679144376346,-5.979324205833,40.));
#5583 = CARTESIAN_POINT('',(3.650100788449,-6.056053312461,40.));
#5584 = CARTESIAN_POINT('',(3.650100788449,-6.15561203004,40.));
#5585 = VECTOR('',#5586,1.);
#5586 = DIRECTION('',(0.,0.,1.));
#5587 = ADVANCED_FACE('',(#5588),#5606,.T.);
#5588 = FACE_BOUND('',#5589,.T.);
#5589 = EDGE_LOOP('',(#5590,#5598,#5604,#5605));
#5590 = ORIENTED_EDGE('',*,*,#5591,.T.);
#5591 = EDGE_CURVE('',#1129,#5592,#5594,.T.);
#5592 = VERTEX_POINT('',#5593);
#5593 = CARTESIAN_POINT('',(3.758980471446,-5.851667505545,38.));
#5594 = LINE('',#5595,#5596);
#5595 = CARTESIAN_POINT('',(3.758980471446,-5.851667505545,40.));
#5596 = VECTOR('',#5597,1.);
#5597 = DIRECTION('',(-0.,-0.,-1.));
#5598 = ORIENTED_EDGE('',*,*,#5599,.T.);
#5599 = EDGE_CURVE('',#5592,#5566,#5600,.T.);
#5600 = B_SPLINE_CURVE_WITH_KNOTS('',2,(#5601,#5602,#5603),
  .UNSPECIFIED.,.F.,.F.,(3,3),(0.,1.),.PIECEWISE_BEZIER_KNOTS.);
#5601 = CARTESIAN_POINT('',(3.758980471446,-5.851667505545,38.));
#5602 = CARTESIAN_POINT('',(3.708187964242,-5.902460012749,38.));
#5603 = CARTESIAN_POINT('',(3.679144376346,-5.979324205833,38.));
#5604 = ORIENTED_EDGE('',*,*,#5565,.F.);
#5605 = ORIENTED_EDGE('',*,*,#1136,.F.);
#5606 = SURFACE_OF_LINEAR_EXTRUSION('',#5607,#5611);
#5607 = B_SPLINE_CURVE_WITH_KNOTS('',2,(#5608,#5609,#5610),
  .UNSPECIFIED.,.F.,.F.,(3,3),(0.,1.),.PIECEWISE_BEZIER_KNOTS.);
#5608 = CARTESIAN_POINT('',(3.758980471446,-5.851667505545,40.));
#5609 = CARTESIAN_POINT('',(3.708187964242,-5.902460012749,40.));
#5610 = CARTESIAN_POINT('',(3.679144376346,-5.979324205833,40.));
#5611 = VECTOR('',#5612,1.);
#5612 = DIRECTION('',(0.,0.,1.));
#5613 = ADVANCED_FACE('',(#5614),#5632,.T.);
#5614 = FACE_BOUND('',#5615,.T.);
#5615 = EDGE_LOOP('',(#5616,#5624,#5630,#5631));
#5616 = ORIENTED_EDGE('',*,*,#5617,.T.);
#5617 = EDGE_CURVE('',#1121,#5618,#5620,.T.);
#5618 = VERTEX_POINT('',#5619);
#5619 = CARTESIAN_POINT('',(3.877181119861,-5.773857707274,38.));
#5620 = LINE('',#5621,#5622);
#5621 = CARTESIAN_POINT('',(3.877181119861,-5.773857707274,40.));
#5622 = VECTOR('',#5623,1.);
#5623 = DIRECTION('',(-0.,-0.,-1.));
#5624 = ORIENTED_EDGE('',*,*,#5625,.T.);
#5625 = EDGE_CURVE('',#5618,#5592,#5626,.T.);
#5626 = B_SPLINE_CURVE_WITH_KNOTS('',2,(#5627,#5628,#5629),
  .UNSPECIFIED.,.F.,.F.,(3,3),(0.,1.),.PIECEWISE_BEZIER_KNOTS.);
#5627 = CARTESIAN_POINT('',(3.877181119861,-5.773857707274,38.));
#5628 = CARTESIAN_POINT('',(3.809772978651,-5.800739911885,38.));
#5629 = CARTESIAN_POINT('',(3.758980471446,-5.851667505545,38.));
#5630 = ORIENTED_EDGE('',*,*,#5591,.F.);
#5631 = ORIENTED_EDGE('',*,*,#1128,.F.);
#5632 = SURFACE_OF_LINEAR_EXTRUSION('',#5633,#5637);
#5633 = B_SPLINE_CURVE_WITH_KNOTS('',2,(#5634,#5635,#5636),
  .UNSPECIFIED.,.F.,.F.,(3,3),(0.,1.),.PIECEWISE_BEZIER_KNOTS.);
#5634 = CARTESIAN_POINT('',(3.877181119861,-5.773857707274,40.));
#5635 = CARTESIAN_POINT('',(3.809772978651,-5.800739911885,40.));
#5636 = CARTESIAN_POINT('',(3.758980471446,-5.851667505545,40.));
#5637 = VECTOR('',#5638,1.);
#5638 = DIRECTION('',(0.,0.,1.));
#5639 = ADVANCED_FACE('',(#5640),#5658,.T.);
#5640 = FACE_BOUND('',#5641,.T.);
#5641 = EDGE_LOOP('',(#5642,#5650,#5656,#5657));
#5642 = ORIENTED_EDGE('',*,*,#5643,.T.);
#5643 = EDGE_CURVE('',#1113,#5644,#5646,.T.);
#5644 = VERTEX_POINT('',#5645);
#5645 = CARTESIAN_POINT('',(4.023614837441,-5.746840416207,38.));
#5646 = LINE('',#5647,#5648);
#5647 = CARTESIAN_POINT('',(4.023614837441,-5.746840416207,40.));
#5648 = VECTOR('',#5649,1.);
#5649 = DIRECTION('',(-0.,-0.,-1.));
#5650 = ORIENTED_EDGE('',*,*,#5651,.T.);
#5651 = EDGE_CURVE('',#5644,#5618,#5652,.T.);
#5652 = B_SPLINE_CURVE_WITH_KNOTS('',2,(#5653,#5654,#5655),
  .UNSPECIFIED.,.F.,.F.,(3,3),(0.,1.),.PIECEWISE_BEZIER_KNOTS.);
#5653 = CARTESIAN_POINT('',(4.023614837441,-5.746840416207,38.));
#5654 = CARTESIAN_POINT('',(3.944724347527,-5.746840416207,38.));
#5655 = CARTESIAN_POINT('',(3.877181119861,-5.773857707274,38.));
#5656 = ORIENTED_EDGE('',*,*,#5617,.F.);
#5657 = ORIENTED_EDGE('',*,*,#1120,.F.);
#5658 = SURFACE_OF_LINEAR_EXTRUSION('',#5659,#5663);
#5659 = B_SPLINE_CURVE_WITH_KNOTS('',2,(#5660,#5661,#5662),
  .UNSPECIFIED.,.F.,.F.,(3,3),(0.,1.),.PIECEWISE_BEZIER_KNOTS.);
#5660 = CARTESIAN_POINT('',(4.023614837441,-5.746840416207,40.));
#5661 = CARTESIAN_POINT('',(3.944724347527,-5.746840416207,40.));
#5662 = CARTESIAN_POINT('',(3.877181119861,-5.773857707274,40.));
#5663 = VECTOR('',#5664,1.);
#5664 = DIRECTION('',(0.,0.,1.));
#5665 = ADVANCED_FACE('',(#5666),#5684,.T.);
#5666 = FACE_BOUND('',#5667,.T.);
#5667 = EDGE_LOOP('',(#5668,#5676,#5682,#5683));
#5668 = ORIENTED_EDGE('',*,*,#5669,.T.);
#5669 = EDGE_CURVE('',#1105,#5670,#5672,.T.);
#5670 = VERTEX_POINT('',#5671);
#5671 = CARTESIAN_POINT('',(4.284872042052,-5.849641208715,38.));
#5672 = LINE('',#5673,#5674);
#5673 = CARTESIAN_POINT('',(4.284872042052,-5.849641208715,40.));
#5674 = VECTOR('',#5675,1.);
#5675 = DIRECTION('',(-0.,-0.,-1.));
#5676 = ORIENTED_EDGE('',*,*,#5677,.T.);
#5677 = EDGE_CURVE('',#5670,#5644,#5678,.T.);
#5678 = B_SPLINE_CURVE_WITH_KNOTS('',2,(#5679,#5680,#5681),
  .UNSPECIFIED.,.F.,.F.,(3,3),(0.,1.),.PIECEWISE_BEZIER_KNOTS.);
#5679 = CARTESIAN_POINT('',(4.284872042052,-5.849641208715,38.));
#5680 = CARTESIAN_POINT('',(4.195714981533,-5.746840416207,38.));
#5681 = CARTESIAN_POINT('',(4.023614837441,-5.746840416207,38.));
#5682 = ORIENTED_EDGE('',*,*,#5643,.F.);
#5683 = ORIENTED_EDGE('',*,*,#1112,.F.);
#5684 = SURFACE_OF_LINEAR_EXTRUSION('',#5685,#5689);
#5685 = B_SPLINE_CURVE_WITH_KNOTS('',2,(#5686,#5687,#5688),
  .UNSPECIFIED.,.F.,.F.,(3,3),(0.,1.),.PIECEWISE_BEZIER_KNOTS.);
#5686 = CARTESIAN_POINT('',(4.284872042052,-5.849641208715,40.));
#5687 = CARTESIAN_POINT('',(4.195714981533,-5.746840416207,40.));
#5688 = CARTESIAN_POINT('',(4.023614837441,-5.746840416207,40.));
#5689 = VECTOR('',#5690,1.);
#5690 = DIRECTION('',(0.,0.,1.));
#5691 = ADVANCED_FACE('',(#5692),#5710,.T.);
#5692 = FACE_BOUND('',#5693,.T.);
#5693 = EDGE_LOOP('',(#5694,#5702,#5708,#5709));
#5694 = ORIENTED_EDGE('',*,*,#5695,.T.);
#5695 = EDGE_CURVE('',#1097,#5696,#5698,.T.);
#5696 = VERTEX_POINT('',#5697);
#5697 = CARTESIAN_POINT('',(4.374164189026,-6.15561203004,38.));
#5698 = LINE('',#5699,#5700);
#5699 = CARTESIAN_POINT('',(4.374164189026,-6.15561203004,40.));
#5700 = VECTOR('',#5701,1.);
#5701 = DIRECTION('',(-0.,-0.,-1.));
#5702 = ORIENTED_EDGE('',*,*,#5703,.T.);
#5703 = EDGE_CURVE('',#5696,#5670,#5704,.T.);
#5704 = B_SPLINE_CURVE_WITH_KNOTS('',2,(#5705,#5706,#5707),
  .UNSPECIFIED.,.F.,.F.,(3,3),(0.,1.),.PIECEWISE_BEZIER_KNOTS.);
#5705 = CARTESIAN_POINT('',(4.374164189026,-6.15561203004,38.));
#5706 = CARTESIAN_POINT('',(4.374164189026,-5.952306914767,38.));
#5707 = CARTESIAN_POINT('',(4.284872042052,-5.849641208715,38.));
#5708 = ORIENTED_EDGE('',*,*,#5669,.F.);
#5709 = ORIENTED_EDGE('',*,*,#1104,.F.);
#5710 = SURFACE_OF_LINEAR_EXTRUSION('',#5711,#5715);
#5711 = B_SPLINE_CURVE_WITH_KNOTS('',2,(#5712,#5713,#5714),
  .UNSPECIFIED.,.F.,.F.,(3,3),(0.,1.),.PIECEWISE_BEZIER_KNOTS.);
#5712 = CARTESIAN_POINT('',(4.374164189026,-6.15561203004,40.));
#5713 = CARTESIAN_POINT('',(4.374164189026,-5.952306914767,40.));
#5714 = CARTESIAN_POINT('',(4.284872042052,-5.849641208715,40.));
#5715 = VECTOR('',#5716,1.);
#5716 = DIRECTION('',(0.,0.,1.));
#5717 = ADVANCED_FACE('',(#5718),#5736,.T.);
#5718 = FACE_BOUND('',#5719,.T.);
#5719 = EDGE_LOOP('',(#5720,#5728,#5734,#5735));
#5720 = ORIENTED_EDGE('',*,*,#5721,.T.);
#5721 = EDGE_CURVE('',#1089,#5722,#5724,.T.);
#5722 = VERTEX_POINT('',#5723);
#5723 = CARTESIAN_POINT('',(4.374164189026,-7.510529177014,38.));
#5724 = LINE('',#5725,#5726);
#5725 = CARTESIAN_POINT('',(4.374164189026,-7.510529177014,40.));
#5726 = VECTOR('',#5727,1.);
#5727 = DIRECTION('',(-0.,-0.,-1.));
#5728 = ORIENTED_EDGE('',*,*,#5729,.T.);
#5729 = EDGE_CURVE('',#5722,#5696,#5730,.T.);
#5730 = LINE('',#5731,#5732);
#5731 = CARTESIAN_POINT('',(4.374164189026,-7.510529177014,38.));
#5732 = VECTOR('',#5733,1.);
#5733 = DIRECTION('',(0.,1.,0.));
#5734 = ORIENTED_EDGE('',*,*,#5695,.F.);
#5735 = ORIENTED_EDGE('',*,*,#1096,.F.);
#5736 = PLANE('',#5737);
#5737 = AXIS2_PLACEMENT_3D('',#5738,#5739,#5740);
#5738 = CARTESIAN_POINT('',(4.374164189026,-7.510529177014,40.));
#5739 = DIRECTION('',(1.,0.,0.));
#5740 = DIRECTION('',(0.,1.,0.));
#5741 = ADVANCED_FACE('',(#5742),#5760,.T.);
#5742 = FACE_BOUND('',#5743,.T.);
#5743 = EDGE_LOOP('',(#5744,#5752,#5758,#5759));
#5744 = ORIENTED_EDGE('',*,*,#5745,.T.);
#5745 = EDGE_CURVE('',#1081,#5746,#5748,.T.);
#5746 = VERTEX_POINT('',#5747);
#5747 = CARTESIAN_POINT('',(4.886682200553,-7.510529177014,38.));
#5748 = LINE('',#5749,#5750);
#5749 = CARTESIAN_POINT('',(4.886682200553,-7.510529177014,40.));
#5750 = VECTOR('',#5751,1.);
#5751 = DIRECTION('',(-0.,-0.,-1.));
#5752 = ORIENTED_EDGE('',*,*,#5753,.T.);
#5753 = EDGE_CURVE('',#5746,#5722,#5754,.T.);
#5754 = LINE('',#5755,#5756);
#5755 = CARTESIAN_POINT('',(4.886682200553,-7.510529177014,38.));
#5756 = VECTOR('',#5757,1.);
#5757 = DIRECTION('',(-1.,0.,0.));
#5758 = ORIENTED_EDGE('',*,*,#5721,.F.);
#5759 = ORIENTED_EDGE('',*,*,#1088,.F.);
#5760 = PLANE('',#5761);
#5761 = AXIS2_PLACEMENT_3D('',#5762,#5763,#5764);
#5762 = CARTESIAN_POINT('',(4.886682200553,-7.510529177014,40.));
#5763 = DIRECTION('',(0.,1.,0.));
#5764 = DIRECTION('',(-1.,0.,0.));
#5765 = ADVANCED_FACE('',(#5766),#5784,.T.);
#5766 = FACE_BOUND('',#5767,.T.);
#5767 = EDGE_LOOP('',(#5768,#5776,#5782,#5783));
#5768 = ORIENTED_EDGE('',*,*,#5769,.T.);
#5769 = EDGE_CURVE('',#1073,#5770,#5772,.T.);
#5770 = VERTEX_POINT('',#5771);
#5771 = CARTESIAN_POINT('',(4.886682200553,-6.156017289406,38.));
#5772 = LINE('',#5773,#5774);
#5773 = CARTESIAN_POINT('',(4.886682200553,-6.156017289406,40.));
#5774 = VECTOR('',#5775,1.);
#5775 = DIRECTION('',(-0.,-0.,-1.));
#5776 = ORIENTED_EDGE('',*,*,#5777,.T.);
#5777 = EDGE_CURVE('',#5770,#5746,#5778,.T.);
#5778 = LINE('',#5779,#5780);
#5779 = CARTESIAN_POINT('',(4.886682200553,-6.156017289406,38.));
#5780 = VECTOR('',#5781,1.);
#5781 = DIRECTION('',(0.,-1.,0.));
#5782 = ORIENTED_EDGE('',*,*,#5745,.F.);
#5783 = ORIENTED_EDGE('',*,*,#1080,.F.);
#5784 = PLANE('',#5785);
#5785 = AXIS2_PLACEMENT_3D('',#5786,#5787,#5788);
#5786 = CARTESIAN_POINT('',(4.886682200553,-6.156017289406,40.));
#5787 = DIRECTION('',(-1.,0.,0.));
#5788 = DIRECTION('',(0.,-1.,0.));
#5789 = ADVANCED_FACE('',(#5790),#5808,.T.);
#5790 = FACE_BOUND('',#5791,.T.);
#5791 = EDGE_LOOP('',(#5792,#5800,#5806,#5807));
#5792 = ORIENTED_EDGE('',*,*,#5793,.T.);
#5793 = EDGE_CURVE('',#1065,#5794,#5796,.T.);
#5794 = VERTEX_POINT('',#5795);
#5795 = CARTESIAN_POINT('',(4.837915990178,-5.813843298052,38.));
#5796 = LINE('',#5797,#5798);
#5797 = CARTESIAN_POINT('',(4.837915990178,-5.813843298052,40.));
#5798 = VECTOR('',#5799,1.);
#5799 = DIRECTION('',(-0.,-0.,-1.));
#5800 = ORIENTED_EDGE('',*,*,#5801,.T.);
#5801 = EDGE_CURVE('',#5794,#5770,#5802,.T.);
#5802 = B_SPLINE_CURVE_WITH_KNOTS('',2,(#5803,#5804,#5805),
  .UNSPECIFIED.,.F.,.F.,(3,3),(0.,1.),.PIECEWISE_BEZIER_KNOTS.);
#5803 = CARTESIAN_POINT('',(4.837915990178,-5.813843298052,38.));
#5804 = CARTESIAN_POINT('',(4.886682200553,-5.963113831193,38.));
#5805 = CARTESIAN_POINT('',(4.886682200553,-6.156017289406,38.));
#5806 = ORIENTED_EDGE('',*,*,#5769,.F.);
#5807 = ORIENTED_EDGE('',*,*,#1072,.F.);
#5808 = SURFACE_OF_LINEAR_EXTRUSION('',#5809,#5813);
#5809 = B_SPLINE_CURVE_WITH_KNOTS('',2,(#5810,#5811,#5812),
  .UNSPECIFIED.,.F.,.F.,(3,3),(0.,1.),.PIECEWISE_BEZIER_KNOTS.);
#5810 = CARTESIAN_POINT('',(4.837915990178,-5.813843298052,40.));
#5811 = CARTESIAN_POINT('',(4.886682200553,-5.963113831193,40.));
#5812 = CARTESIAN_POINT('',(4.886682200553,-6.156017289406,40.));
#5813 = VECTOR('',#5814,1.);
#5814 = DIRECTION('',(0.,0.,1.));
#5815 = ADVANCED_FACE('',(#5816),#5834,.T.);
#5816 = FACE_BOUND('',#5817,.T.);
#5817 = EDGE_LOOP('',(#5818,#5826,#5832,#5833));
#5818 = ORIENTED_EDGE('',*,*,#5819,.T.);
#5819 = EDGE_CURVE('',#1057,#5820,#5822,.T.);
#5820 = VERTEX_POINT('',#5821);
#5821 = CARTESIAN_POINT('',(4.69580503917,-5.560691280761,38.));
#5822 = LINE('',#5823,#5824);
#5823 = CARTESIAN_POINT('',(4.69580503917,-5.560691280761,40.));
#5824 = VECTOR('',#5825,1.);
#5825 = DIRECTION('',(-0.,-0.,-1.));
#5826 = ORIENTED_EDGE('',*,*,#5827,.T.);
#5827 = EDGE_CURVE('',#5820,#5794,#5828,.T.);
#5828 = B_SPLINE_CURVE_WITH_KNOTS('',2,(#5829,#5830,#5831),
  .UNSPECIFIED.,.F.,.F.,(3,3),(0.,1.),.PIECEWISE_BEZIER_KNOTS.);
#5829 = CARTESIAN_POINT('',(4.69580503917,-5.560691280761,38.));
#5830 = CARTESIAN_POINT('',(4.789149779804,-5.664437678455,38.));
#5831 = CARTESIAN_POINT('',(4.837915990178,-5.813843298052,38.));
#5832 = ORIENTED_EDGE('',*,*,#5793,.F.);
#5833 = ORIENTED_EDGE('',*,*,#1064,.F.);
#5834 = SURFACE_OF_LINEAR_EXTRUSION('',#5835,#5839);
#5835 = B_SPLINE_CURVE_WITH_KNOTS('',2,(#5836,#5837,#5838),
  .UNSPECIFIED.,.F.,.F.,(3,3),(0.,1.),.PIECEWISE_BEZIER_KNOTS.);
#5836 = CARTESIAN_POINT('',(4.69580503917,-5.560691280761,40.));
#5837 = CARTESIAN_POINT('',(4.789149779804,-5.664437678455,40.));
#5838 = CARTESIAN_POINT('',(4.837915990178,-5.813843298052,40.));
#5839 = VECTOR('',#5840,1.);
#5840 = DIRECTION('',(0.,0.,1.));
#5841 = ADVANCED_FACE('',(#5842),#5860,.T.);
#5842 = FACE_BOUND('',#5843,.T.);
#5843 = EDGE_LOOP('',(#5844,#5852,#5858,#5859));
#5844 = ORIENTED_EDGE('',*,*,#5845,.T.);
#5845 = EDGE_CURVE('',#1049,#5846,#5848,.T.);
#5846 = VERTEX_POINT('',#5847);
#5847 = CARTESIAN_POINT('',(4.46548263283,-5.403045387389,38.));
#5848 = LINE('',#5849,#5850);
#5849 = CARTESIAN_POINT('',(4.46548263283,-5.403045387389,40.));
#5850 = VECTOR('',#5851,1.);
#5851 = DIRECTION('',(-0.,-0.,-1.));
#5852 = ORIENTED_EDGE('',*,*,#5853,.T.);
#5853 = EDGE_CURVE('',#5846,#5820,#5854,.T.);
#5854 = B_SPLINE_CURVE_WITH_KNOTS('',2,(#5855,#5856,#5857),
  .UNSPECIFIED.,.F.,.F.,(3,3),(0.,1.),.PIECEWISE_BEZIER_KNOTS.);
#5855 = CARTESIAN_POINT('',(4.46548263283,-5.403045387389,38.));
#5856 = CARTESIAN_POINT('',(4.602460298536,-5.456944883066,38.));
#5857 = CARTESIAN_POINT('',(4.69580503917,-5.560691280761,38.));
#5858 = ORIENTED_EDGE('',*,*,#5819,.F.);
#5859 = ORIENTED_EDGE('',*,*,#1056,.F.);
#5860 = SURFACE_OF_LINEAR_EXTRUSION('',#5861,#5865);
#5861 = B_SPLINE_CURVE_WITH_KNOTS('',2,(#5862,#5863,#5864),
  .UNSPECIFIED.,.F.,.F.,(3,3),(0.,1.),.PIECEWISE_BEZIER_KNOTS.);
#5862 = CARTESIAN_POINT('',(4.46548263283,-5.403045387389,40.));
#5863 = CARTESIAN_POINT('',(4.602460298536,-5.456944883066,40.));
#5864 = CARTESIAN_POINT('',(4.69580503917,-5.560691280761,40.));
#5865 = VECTOR('',#5866,1.);
#5866 = DIRECTION('',(0.,0.,1.));
#5867 = ADVANCED_FACE('',(#5868),#5886,.T.);
#5868 = FACE_BOUND('',#5869,.T.);
#5869 = EDGE_LOOP('',(#5870,#5878,#5884,#5885));
#5870 = ORIENTED_EDGE('',*,*,#5871,.T.);
#5871 = EDGE_CURVE('',#1041,#5872,#5874,.T.);
#5872 = VERTEX_POINT('',#5873);
#5873 = CARTESIAN_POINT('',(4.152217142916,-5.349145891712,38.));
#5874 = LINE('',#5875,#5876);
#5875 = CARTESIAN_POINT('',(4.152217142916,-5.349145891712,40.));
#5876 = VECTOR('',#5877,1.);
#5877 = DIRECTION('',(-0.,-0.,-1.));
#5878 = ORIENTED_EDGE('',*,*,#5879,.T.);
#5879 = EDGE_CURVE('',#5872,#5846,#5880,.T.);
#5880 = B_SPLINE_CURVE_WITH_KNOTS('',2,(#5881,#5882,#5883),
  .UNSPECIFIED.,.F.,.F.,(3,3),(0.,1.),.PIECEWISE_BEZIER_KNOTS.);
#5881 = CARTESIAN_POINT('',(4.152217142916,-5.349145891712,38.));
#5882 = CARTESIAN_POINT('',(4.328504967124,-5.349145891712,38.));
#5883 = CARTESIAN_POINT('',(4.46548263283,-5.403045387389,38.));
#5884 = ORIENTED_EDGE('',*,*,#5845,.F.);
#5885 = ORIENTED_EDGE('',*,*,#1048,.F.);
#5886 = SURFACE_OF_LINEAR_EXTRUSION('',#5887,#5891);
#5887 = B_SPLINE_CURVE_WITH_KNOTS('',2,(#5888,#5889,#5890),
  .UNSPECIFIED.,.F.,.F.,(3,3),(0.,1.),.PIECEWISE_BEZIER_KNOTS.);
#5888 = CARTESIAN_POINT('',(4.152217142916,-5.349145891712,40.));
#5889 = CARTESIAN_POINT('',(4.328504967124,-5.349145891712,40.));
#5890 = CARTESIAN_POINT('',(4.46548263283,-5.403045387389,40.));
#5891 = VECTOR('',#5892,1.);
#5892 = DIRECTION('',(0.,0.,1.));
#5893 = ADVANCED_FACE('',(#5894),#5912,.T.);
#5894 = FACE_BOUND('',#5895,.T.);
#5895 = EDGE_LOOP('',(#5896,#5904,#5910,#5911));
#5896 = ORIENTED_EDGE('',*,*,#5897,.T.);
#5897 = EDGE_CURVE('',#1033,#5898,#5900,.T.);
#5898 = VERTEX_POINT('',#5899);
#5899 = CARTESIAN_POINT('',(3.94985763283,-5.371975502663,38.));
#5900 = LINE('',#5901,#5902);
#5901 = CARTESIAN_POINT('',(3.94985763283,-5.371975502663,40.));
#5902 = VECTOR('',#5903,1.);
#5903 = DIRECTION('',(-0.,-0.,-1.));
#5904 = ORIENTED_EDGE('',*,*,#5905,.T.);
#5905 = EDGE_CURVE('',#5898,#5872,#5906,.T.);
#5906 = B_SPLINE_CURVE_WITH_KNOTS('',2,(#5907,#5908,#5909),
  .UNSPECIFIED.,.F.,.F.,(3,3),(0.,1.),.PIECEWISE_BEZIER_KNOTS.);
#5907 = CARTESIAN_POINT('',(3.94985763283,-5.371975502663,38.));
#5908 = CARTESIAN_POINT('',(4.050497042052,-5.349145891712,38.));
#5909 = CARTESIAN_POINT('',(4.152217142916,-5.349145891712,38.));
#5910 = ORIENTED_EDGE('',*,*,#5871,.F.);
#5911 = ORIENTED_EDGE('',*,*,#1040,.F.);
#5912 = SURFACE_OF_LINEAR_EXTRUSION('',#5913,#5917);
#5913 = B_SPLINE_CURVE_WITH_KNOTS('',2,(#5914,#5915,#5916),
  .UNSPECIFIED.,.F.,.F.,(3,3),(0.,1.),.PIECEWISE_BEZIER_KNOTS.);
#5914 = CARTESIAN_POINT('',(3.94985763283,-5.371975502663,40.));
#5915 = CARTESIAN_POINT('',(4.050497042052,-5.349145891712,40.));
#5916 = CARTESIAN_POINT('',(4.152217142916,-5.349145891712,40.));
#5917 = VECTOR('',#5918,1.);
#5918 = DIRECTION('',(0.,0.,1.));
#5919 = ADVANCED_FACE('',(#5920),#5938,.T.);
#5920 = FACE_BOUND('',#5921,.T.);
#5921 = EDGE_LOOP('',(#5922,#5930,#5936,#5937));
#5922 = ORIENTED_EDGE('',*,*,#5923,.T.);
#5923 = EDGE_CURVE('',#1025,#5924,#5926,.T.);
#5924 = VERTEX_POINT('',#5925);
#5925 = CARTESIAN_POINT('',(3.759926076634,-5.44235554589,38.));
#5926 = LINE('',#5927,#5928);
#5927 = CARTESIAN_POINT('',(3.759926076634,-5.44235554589,40.));
#5928 = VECTOR('',#5929,1.);
#5929 = DIRECTION('',(-0.,-0.,-1.));
#5930 = ORIENTED_EDGE('',*,*,#5931,.T.);
#5931 = EDGE_CURVE('',#5924,#5898,#5932,.T.);
#5932 = B_SPLINE_CURVE_WITH_KNOTS('',2,(#5933,#5934,#5935),
  .UNSPECIFIED.,.F.,.F.,(3,3),(0.,1.),.PIECEWISE_BEZIER_KNOTS.);
#5933 = CARTESIAN_POINT('',(3.759926076634,-5.44235554589,38.));
#5934 = CARTESIAN_POINT('',(3.849218223608,-5.394670027158,38.));
#5935 = CARTESIAN_POINT('',(3.94985763283,-5.371975502663,38.));
#5936 = ORIENTED_EDGE('',*,*,#5897,.F.);
#5937 = ORIENTED_EDGE('',*,*,#1032,.F.);
#5938 = SURFACE_OF_LINEAR_EXTRUSION('',#5939,#5943);
#5939 = B_SPLINE_CURVE_WITH_KNOTS('',2,(#5940,#5941,#5942),
  .UNSPECIFIED.,.F.,.F.,(3,3),(0.,1.),.PIECEWISE_BEZIER_KNOTS.);
#5940 = CARTESIAN_POINT('',(3.759926076634,-5.44235554589,40.));
#5941 = CARTESIAN_POINT('',(3.849218223608,-5.394670027158,40.));
#5942 = CARTESIAN_POINT('',(3.94985763283,-5.371975502663,40.));
#5943 = VECTOR('',#5944,1.);
#5944 = DIRECTION('',(0.,0.,1.));
#5945 = ADVANCED_FACE('',(#5946),#5964,.T.);
#5946 = FACE_BOUND('',#5947,.T.);
#5947 = EDGE_LOOP('',(#5948,#5956,#5962,#5963));
#5948 = ORIENTED_EDGE('',*,*,#5949,.T.);
#5949 = EDGE_CURVE('',#1017,#5950,#5952,.T.);
#5950 = VERTEX_POINT('',#5951);
#5951 = CARTESIAN_POINT('',(3.596066206317,-5.565689479608,38.));
#5952 = LINE('',#5953,#5954);
#5953 = CARTESIAN_POINT('',(3.596066206317,-5.565689479608,40.));
#5954 = VECTOR('',#5955,1.);
#5955 = DIRECTION('',(-0.,-0.,-1.));
#5956 = ORIENTED_EDGE('',*,*,#5957,.T.);
#5957 = EDGE_CURVE('',#5950,#5924,#5958,.T.);
#5958 = B_SPLINE_CURVE_WITH_KNOTS('',2,(#5959,#5960,#5961),
  .UNSPECIFIED.,.F.,.F.,(3,3),(0.,1.),.PIECEWISE_BEZIER_KNOTS.);
#5959 = CARTESIAN_POINT('',(3.596066206317,-5.565689479608,38.));
#5960 = CARTESIAN_POINT('',(3.670769016115,-5.490041064622,38.));
#5961 = CARTESIAN_POINT('',(3.759926076634,-5.44235554589,38.));
#5962 = ORIENTED_EDGE('',*,*,#5923,.F.);
#5963 = ORIENTED_EDGE('',*,*,#1024,.F.);
#5964 = SURFACE_OF_LINEAR_EXTRUSION('',#5965,#5969);
#5965 = B_SPLINE_CURVE_WITH_KNOTS('',2,(#5966,#5967,#5968),
  .UNSPECIFIED.,.F.,.F.,(3,3),(0.,1.),.PIECEWISE_BEZIER_KNOTS.);
#5966 = CARTESIAN_POINT('',(3.596066206317,-5.565689479608,40.));
#5967 = CARTESIAN_POINT('',(3.670769016115,-5.490041064622,40.));
#5968 = CARTESIAN_POINT('',(3.759926076634,-5.44235554589,40.));
#5969 = VECTOR('',#5970,1.);
#5970 = DIRECTION('',(0.,0.,1.));
#5971 = ADVANCED_FACE('',(#5972),#5990,.T.);
#5972 = FACE_BOUND('',#5973,.T.);
#5973 = EDGE_LOOP('',(#5974,#5982,#5988,#5989));
#5974 = ORIENTED_EDGE('',*,*,#5975,.T.);
#5975 = EDGE_CURVE('',#1009,#5976,#5978,.T.);
#5976 = VERTEX_POINT('',#5977);
#5977 = CARTESIAN_POINT('',(3.471651580956,-5.746840416207,38.));
#5978 = LINE('',#5979,#5980);
#5979 = CARTESIAN_POINT('',(3.471651580956,-5.746840416207,40.));
#5980 = VECTOR('',#5981,1.);
#5981 = DIRECTION('',(-0.,-0.,-1.));
#5982 = ORIENTED_EDGE('',*,*,#5983,.T.);
#5983 = EDGE_CURVE('',#5976,#5950,#5984,.T.);
#5984 = B_SPLINE_CURVE_WITH_KNOTS('',2,(#5985,#5986,#5987),
  .UNSPECIFIED.,.F.,.F.,(3,3),(0.,1.),.PIECEWISE_BEZIER_KNOTS.);
#5985 = CARTESIAN_POINT('',(3.471651580956,-5.746840416207,38.));
#5986 = CARTESIAN_POINT('',(3.521363396518,-5.641202808138,38.));
#5987 = CARTESIAN_POINT('',(3.596066206317,-5.565689479608,38.));
#5988 = ORIENTED_EDGE('',*,*,#5949,.F.);
#5989 = ORIENTED_EDGE('',*,*,#1016,.F.);
#5990 = SURFACE_OF_LINEAR_EXTRUSION('',#5991,#5995);
#5991 = B_SPLINE_CURVE_WITH_KNOTS('',2,(#5992,#5993,#5994),
  .UNSPECIFIED.,.F.,.F.,(3,3),(0.,1.),.PIECEWISE_BEZIER_KNOTS.);
#5992 = CARTESIAN_POINT('',(3.471651580956,-5.746840416207,40.));
#5993 = CARTESIAN_POINT('',(3.521363396518,-5.641202808138,40.));
#5994 = CARTESIAN_POINT('',(3.596066206317,-5.565689479608,40.));
#5995 = VECTOR('',#5996,1.);
#5996 = DIRECTION('',(0.,0.,1.));
#5997 = ADVANCED_FACE('',(#5998),#6016,.T.);
#5998 = FACE_BOUND('',#5999,.T.);
#5999 = EDGE_LOOP('',(#6000,#6008,#6014,#6015));
#6000 = ORIENTED_EDGE('',*,*,#6001,.T.);
#6001 = EDGE_CURVE('',#1001,#6002,#6004,.T.);
#6002 = VERTEX_POINT('',#6003);
#6003 = CARTESIAN_POINT('',(3.277667431101,-5.457890488254,38.));
#6004 = LINE('',#6005,#6006);
#6005 = CARTESIAN_POINT('',(3.277667431101,-5.457890488254,40.));
#6006 = VECTOR('',#6007,1.);
#6007 = DIRECTION('',(-0.,-0.,-1.));
#6008 = ORIENTED_EDGE('',*,*,#6009,.T.);
#6009 = EDGE_CURVE('',#6002,#5976,#6010,.T.);
#6010 = B_SPLINE_CURVE_WITH_KNOTS('',2,(#6011,#6012,#6013),
  .UNSPECIFIED.,.F.,.F.,(3,3),(0.,1.),.PIECEWISE_BEZIER_KNOTS.);
#6011 = CARTESIAN_POINT('',(3.277667431101,-5.457890488254,38.));
#6012 = CARTESIAN_POINT('',(3.407350428219,-5.566635084795,38.));
#6013 = CARTESIAN_POINT('',(3.471651580956,-5.746840416207,38.));
#6014 = ORIENTED_EDGE('',*,*,#5975,.F.);
#6015 = ORIENTED_EDGE('',*,*,#1008,.F.);
#6016 = SURFACE_OF_LINEAR_EXTRUSION('',#6017,#6021);
#6017 = B_SPLINE_CURVE_WITH_KNOTS('',2,(#6018,#6019,#6020),
  .UNSPECIFIED.,.F.,.F.,(3,3),(0.,1.),.PIECEWISE_BEZIER_KNOTS.);
#6018 = CARTESIAN_POINT('',(3.277667431101,-5.457890488254,40.));
#6019 = CARTESIAN_POINT('',(3.407350428219,-5.566635084795,40.));
#6020 = CARTESIAN_POINT('',(3.471651580956,-5.746840416207,40.));
#6021 = VECTOR('',#6022,1.);
#6022 = DIRECTION('',(0.,0.,1.));
#6023 = ADVANCED_FACE('',(#6024),#6042,.T.);
#6024 = FACE_BOUND('',#6025,.T.);
#6025 = EDGE_LOOP('',(#6026,#6034,#6040,#6041));
#6026 = ORIENTED_EDGE('',*,*,#6027,.T.);
#6027 = EDGE_CURVE('',#993,#6028,#6030,.T.);
#6028 = VERTEX_POINT('',#6029);
#6029 = CARTESIAN_POINT('',(2.946705615539,-5.349145891712,38.));
#6030 = LINE('',#6031,#6032);
#6031 = CARTESIAN_POINT('',(2.946705615539,-5.349145891712,40.));
#6032 = VECTOR('',#6033,1.);
#6033 = DIRECTION('',(-0.,-0.,-1.));
#6034 = ORIENTED_EDGE('',*,*,#6035,.T.);
#6035 = EDGE_CURVE('',#6028,#6002,#6036,.T.);
#6036 = B_SPLINE_CURVE_WITH_KNOTS('',2,(#6037,#6038,#6039),
  .UNSPECIFIED.,.F.,.F.,(3,3),(0.,1.),.PIECEWISE_BEZIER_KNOTS.);
#6037 = CARTESIAN_POINT('',(2.946705615539,-5.349145891712,38.));
#6038 = CARTESIAN_POINT('',(3.147984433982,-5.349145891712,38.));
#6039 = CARTESIAN_POINT('',(3.277667431101,-5.457890488254,38.));
#6040 = ORIENTED_EDGE('',*,*,#6001,.F.);
#6041 = ORIENTED_EDGE('',*,*,#1000,.F.);
#6042 = SURFACE_OF_LINEAR_EXTRUSION('',#6043,#6047);
#6043 = B_SPLINE_CURVE_WITH_KNOTS('',2,(#6044,#6045,#6046),
  .UNSPECIFIED.,.F.,.F.,(3,3),(0.,1.),.PIECEWISE_BEZIER_KNOTS.);
#6044 = CARTESIAN_POINT('',(2.946705615539,-5.349145891712,40.));
#6045 = CARTESIAN_POINT('',(3.147984433982,-5.349145891712,40.));
#6046 = CARTESIAN_POINT('',(3.277667431101,-5.457890488254,40.));
#6047 = VECTOR('',#6048,1.);
#6048 = DIRECTION('',(0.,0.,1.));
#6049 = ADVANCED_FACE('',(#6050),#6068,.T.);
#6050 = FACE_BOUND('',#6051,.T.);
#6051 = EDGE_LOOP('',(#6052,#6060,#6066,#6067));
#6052 = ORIENTED_EDGE('',*,*,#6053,.T.);
#6053 = EDGE_CURVE('',#985,#6054,#6056,.T.);
#6054 = VERTEX_POINT('',#6055);
#6055 = CARTESIAN_POINT('',(2.771228310063,-5.371029897475,38.));
#6056 = LINE('',#6057,#6058);
#6057 = CARTESIAN_POINT('',(2.771228310063,-5.371029897475,40.));
#6058 = VECTOR('',#6059,1.);
#6059 = DIRECTION('',(-0.,-0.,-1.));
#6060 = ORIENTED_EDGE('',*,*,#6061,.T.);
#6061 = EDGE_CURVE('',#6054,#6028,#6062,.T.);
#6062 = B_SPLINE_CURVE_WITH_KNOTS('',2,(#6063,#6064,#6065),
  .UNSPECIFIED.,.F.,.F.,(3,3),(0.,1.),.PIECEWISE_BEZIER_KNOTS.);
#6063 = CARTESIAN_POINT('',(2.771228310063,-5.371029897475,38.));
#6064 = CARTESIAN_POINT('',(2.851199491619,-5.349145891712,38.));
#6065 = CARTESIAN_POINT('',(2.946705615539,-5.349145891712,38.));
#6066 = ORIENTED_EDGE('',*,*,#6027,.F.);
#6067 = ORIENTED_EDGE('',*,*,#992,.F.);
#6068 = SURFACE_OF_LINEAR_EXTRUSION('',#6069,#6073);
#6069 = B_SPLINE_CURVE_WITH_KNOTS('',2,(#6070,#6071,#6072),
  .UNSPECIFIED.,.F.,.F.,(3,3),(0.,1.),.PIECEWISE_BEZIER_KNOTS.);
#6070 = CARTESIAN_POINT('',(2.771228310063,-5.371029897475,40.));
#6071 = CARTESIAN_POINT('',(2.851199491619,-5.349145891712,40.));
#6072 = CARTESIAN_POINT('',(2.946705615539,-5.349145891712,40.));
#6073 = VECTOR('',#6074,1.);
#6074 = DIRECTION('',(0.,0.,1.));
#6075 = ADVANCED_FACE('',(#6076),#6094,.T.);
#6076 = FACE_BOUND('',#6077,.T.);
#6077 = EDGE_LOOP('',(#6078,#6086,#6092,#6093));
#6078 = ORIENTED_EDGE('',*,*,#6079,.T.);
#6079 = EDGE_CURVE('',#977,#6080,#6082,.T.);
#6080 = VERTEX_POINT('',#6081);
#6081 = CARTESIAN_POINT('',(2.621822690467,-5.430467937821,38.));
#6082 = LINE('',#6083,#6084);
#6083 = CARTESIAN_POINT('',(2.621822690467,-5.430467937821,40.));
#6084 = VECTOR('',#6085,1.);
#6085 = DIRECTION('',(-0.,-0.,-1.));
#6086 = ORIENTED_EDGE('',*,*,#6087,.T.);
#6087 = EDGE_CURVE('',#6080,#6054,#6088,.T.);
#6088 = B_SPLINE_CURVE_WITH_KNOTS('',2,(#6089,#6090,#6091),
  .UNSPECIFIED.,.F.,.F.,(3,3),(0.,1.),.PIECEWISE_BEZIER_KNOTS.);
#6089 = CARTESIAN_POINT('',(2.621822690467,-5.430467937821,38.));
#6090 = CARTESIAN_POINT('',(2.691392214962,-5.392913903239,38.));
#6091 = CARTESIAN_POINT('',(2.771228310063,-5.371029897475,38.));
#6092 = ORIENTED_EDGE('',*,*,#6053,.F.);
#6093 = ORIENTED_EDGE('',*,*,#984,.F.);
#6094 = SURFACE_OF_LINEAR_EXTRUSION('',#6095,#6099);
#6095 = B_SPLINE_CURVE_WITH_KNOTS('',2,(#6096,#6097,#6098),
  .UNSPECIFIED.,.F.,.F.,(3,3),(0.,1.),.PIECEWISE_BEZIER_KNOTS.);
#6096 = CARTESIAN_POINT('',(2.621822690467,-5.430467937821,40.));
#6097 = CARTESIAN_POINT('',(2.691392214962,-5.392913903239,40.));
#6098 = CARTESIAN_POINT('',(2.771228310063,-5.371029897475,40.));
#6099 = VECTOR('',#6100,1.);
#6100 = DIRECTION('',(0.,0.,1.));
#6101 = ADVANCED_FACE('',(#6102),#6120,.T.);
#6102 = FACE_BOUND('',#6103,.T.);
#6103 = EDGE_LOOP('',(#6104,#6112,#6118,#6119));
#6104 = ORIENTED_EDGE('',*,*,#6105,.T.);
#6105 = EDGE_CURVE('',#969,#6106,#6108,.T.);
#6106 = VERTEX_POINT('',#6107);
#6107 = CARTESIAN_POINT('',(2.491194088161,-5.520030257706,38.));
#6108 = LINE('',#6109,#6110);
#6109 = CARTESIAN_POINT('',(2.491194088161,-5.520030257706,40.));
#6110 = VECTOR('',#6111,1.);
#6111 = DIRECTION('',(-0.,-0.,-1.));
#6112 = ORIENTED_EDGE('',*,*,#6113,.T.);
#6113 = EDGE_CURVE('',#6106,#6080,#6114,.T.);
#6114 = B_SPLINE_CURVE_WITH_KNOTS('',2,(#6115,#6116,#6117),
  .UNSPECIFIED.,.F.,.F.,(3,3),(0.,1.),.PIECEWISE_BEZIER_KNOTS.);
#6115 = CARTESIAN_POINT('',(2.491194088161,-5.520030257706,38.));
#6116 = CARTESIAN_POINT('',(2.552388252426,-5.467886885948,38.));
#6117 = CARTESIAN_POINT('',(2.621822690467,-5.430467937821,38.));
#6118 = ORIENTED_EDGE('',*,*,#6079,.F.);
#6119 = ORIENTED_EDGE('',*,*,#976,.F.);
#6120 = SURFACE_OF_LINEAR_EXTRUSION('',#6121,#6125);
#6121 = B_SPLINE_CURVE_WITH_KNOTS('',2,(#6122,#6123,#6124),
  .UNSPECIFIED.,.F.,.F.,(3,3),(0.,1.),.PIECEWISE_BEZIER_KNOTS.);
#6122 = CARTESIAN_POINT('',(2.491194088161,-5.520030257706,40.));
#6123 = CARTESIAN_POINT('',(2.552388252426,-5.467886885948,40.));
#6124 = CARTESIAN_POINT('',(2.621822690467,-5.430467937821,40.));
#6125 = VECTOR('',#6126,1.);
#6126 = DIRECTION('',(0.,0.,1.));
#6127 = ADVANCED_FACE('',(#6128),#6146,.T.);
#6128 = FACE_BOUND('',#6129,.T.);
#6129 = EDGE_LOOP('',(#6130,#6138,#6144,#6145));
#6130 = ORIENTED_EDGE('',*,*,#6131,.T.);
#6131 = EDGE_CURVE('',#961,#6132,#6134,.T.);
#6132 = VERTEX_POINT('',#6133);
#6133 = CARTESIAN_POINT('',(2.373939044933,-5.634583571827,38.));
#6134 = LINE('',#6135,#6136);
#6135 = CARTESIAN_POINT('',(2.373939044933,-5.634583571827,40.));
#6136 = VECTOR('',#6137,1.);
#6137 = DIRECTION('',(-0.,-0.,-1.));
#6138 = ORIENTED_EDGE('',*,*,#6139,.T.);
#6139 = EDGE_CURVE('',#6132,#6106,#6140,.T.);
#6140 = B_SPLINE_CURVE_WITH_KNOTS('',2,(#6141,#6142,#6143),
  .UNSPECIFIED.,.F.,.F.,(3,3),(0.,1.),.PIECEWISE_BEZIER_KNOTS.);
#6141 = CARTESIAN_POINT('',(2.373939044933,-5.634583571827,38.));
#6142 = CARTESIAN_POINT('',(2.429999923896,-5.572038543009,38.));
#6143 = CARTESIAN_POINT('',(2.491194088161,-5.520030257706,38.));
#6144 = ORIENTED_EDGE('',*,*,#6105,.F.);
#6145 = ORIENTED_EDGE('',*,*,#968,.F.);
#6146 = SURFACE_OF_LINEAR_EXTRUSION('',#6147,#6151);
#6147 = B_SPLINE_CURVE_WITH_KNOTS('',2,(#6148,#6149,#6150),
  .UNSPECIFIED.,.F.,.F.,(3,3),(0.,1.),.PIECEWISE_BEZIER_KNOTS.);
#6148 = CARTESIAN_POINT('',(2.373939044933,-5.634583571827,40.));
#6149 = CARTESIAN_POINT('',(2.429999923896,-5.572038543009,40.));
#6150 = CARTESIAN_POINT('',(2.491194088161,-5.520030257706,40.));
#6151 = VECTOR('',#6152,1.);
#6152 = DIRECTION('',(0.,0.,1.));
#6153 = ADVANCED_FACE('',(#6154),#6172,.T.);
#6154 = FACE_BOUND('',#6155,.T.);
#6155 = EDGE_LOOP('',(#6156,#6164,#6170,#6171));
#6156 = ORIENTED_EDGE('',*,*,#6157,.T.);
#6157 = EDGE_CURVE('',#953,#6158,#6160,.T.);
#6158 = VERTEX_POINT('',#6159);
#6159 = CARTESIAN_POINT('',(2.340842863377,-5.477072764911,38.));
#6160 = LINE('',#6161,#6162);
#6161 = CARTESIAN_POINT('',(2.340842863377,-5.477072764911,40.));
#6162 = VECTOR('',#6163,1.);
#6163 = DIRECTION('',(-0.,-0.,-1.));
#6164 = ORIENTED_EDGE('',*,*,#6165,.T.);
#6165 = EDGE_CURVE('',#6158,#6132,#6166,.T.);
#6166 = LINE('',#6167,#6168);
#6167 = CARTESIAN_POINT('',(2.340842863377,-5.477072764911,38.));
#6168 = VECTOR('',#6169,1.);
#6169 = DIRECTION('',(0.205629772653,-0.978629856789,0.));
#6170 = ORIENTED_EDGE('',*,*,#6131,.F.);
#6171 = ORIENTED_EDGE('',*,*,#960,.F.);
#6172 = PLANE('',#6173);
#6173 = AXIS2_PLACEMENT_3D('',#6174,#6175,#6176);
#6174 = CARTESIAN_POINT('',(2.340842863377,-5.477072764911,40.));
#6175 = DIRECTION('',(-0.978629856789,-0.205629772653,0.));
#6176 = DIRECTION('',(0.205629772653,-0.978629856789,0.));
#6177 = ADVANCED_FACE('',(#6178),#6196,.T.);
#6178 = FACE_BOUND('',#6179,.T.);
#6179 = EDGE_LOOP('',(#6180,#6188,#6194,#6195));
#6180 = ORIENTED_EDGE('',*,*,#6181,.T.);
#6181 = EDGE_CURVE('',#945,#6182,#6184,.T.);
#6182 = VERTEX_POINT('',#6183);
#6183 = CARTESIAN_POINT('',(2.210079174616,-5.383728024277,38.));
#6184 = LINE('',#6185,#6186);
#6185 = CARTESIAN_POINT('',(2.210079174616,-5.383728024277,40.));
#6186 = VECTOR('',#6187,1.);
#6187 = DIRECTION('',(-0.,-0.,-1.));
#6188 = ORIENTED_EDGE('',*,*,#6189,.T.);
#6189 = EDGE_CURVE('',#6182,#6158,#6190,.T.);
#6190 = B_SPLINE_CURVE_WITH_KNOTS('',2,(#6191,#6192,#6193),
  .UNSPECIFIED.,.F.,.F.,(3,3),(0.,1.),.PIECEWISE_BEZIER_KNOTS.);
#6191 = CARTESIAN_POINT('',(2.210079174616,-5.383728024277,38.));
#6192 = CARTESIAN_POINT('',(2.309637892196,-5.383728024277,38.));
#6193 = CARTESIAN_POINT('',(2.340842863377,-5.477072764911,38.));
#6194 = ORIENTED_EDGE('',*,*,#6157,.F.);
#6195 = ORIENTED_EDGE('',*,*,#952,.F.);
#6196 = SURFACE_OF_LINEAR_EXTRUSION('',#6197,#6201);
#6197 = B_SPLINE_CURVE_WITH_KNOTS('',2,(#6198,#6199,#6200),
  .UNSPECIFIED.,.F.,.F.,(3,3),(0.,1.),.PIECEWISE_BEZIER_KNOTS.);
#6198 = CARTESIAN_POINT('',(2.210079174616,-5.383728024277,40.));
#6199 = CARTESIAN_POINT('',(2.309637892196,-5.383728024277,40.));
#6200 = CARTESIAN_POINT('',(2.340842863377,-5.477072764911,40.));
#6201 = VECTOR('',#6202,1.);
#6202 = DIRECTION('',(0.,0.,1.));
#6203 = ADVANCED_FACE('',(#6204),#6222,.T.);
#6204 = FACE_BOUND('',#6205,.T.);
#6205 = EDGE_LOOP('',(#6206,#6214,#6220,#6221));
#6206 = ORIENTED_EDGE('',*,*,#6207,.T.);
#6207 = EDGE_CURVE('',#937,#6208,#6210,.T.);
#6208 = VERTEX_POINT('',#6209);
#6209 = CARTESIAN_POINT('',(1.896813684703,-5.383728024277,38.));
#6210 = LINE('',#6211,#6212);
#6211 = CARTESIAN_POINT('',(1.896813684703,-5.383728024277,40.));
#6212 = VECTOR('',#6213,1.);
#6213 = DIRECTION('',(-0.,-0.,-1.));
#6214 = ORIENTED_EDGE('',*,*,#6215,.T.);
#6215 = EDGE_CURVE('',#6208,#6182,#6216,.T.);
#6216 = LINE('',#6217,#6218);
#6217 = CARTESIAN_POINT('',(1.896813684703,-5.383728024277,38.));
#6218 = VECTOR('',#6219,1.);
#6219 = DIRECTION('',(1.,0.,0.));
#6220 = ORIENTED_EDGE('',*,*,#6181,.F.);
#6221 = ORIENTED_EDGE('',*,*,#944,.F.);
#6222 = PLANE('',#6223);
#6223 = AXIS2_PLACEMENT_3D('',#6224,#6225,#6226);
#6224 = CARTESIAN_POINT('',(1.896813684703,-5.383728024277,40.));
#6225 = DIRECTION('',(0.,-1.,0.));
#6226 = DIRECTION('',(1.,0.,0.));
#6227 = ADVANCED_FACE('',(#6228),#6239,.T.);
#6228 = FACE_BOUND('',#6229,.T.);
#6229 = EDGE_LOOP('',(#6230,#6231,#6237,#6238));
#6230 = ORIENTED_EDGE('',*,*,#5350,.T.);
#6231 = ORIENTED_EDGE('',*,*,#6232,.T.);
#6232 = EDGE_CURVE('',#5343,#6208,#6233,.T.);
#6233 = LINE('',#6234,#6235);
#6234 = CARTESIAN_POINT('',(1.896813684703,-7.510529177014,38.));
#6235 = VECTOR('',#6236,1.);
#6236 = DIRECTION('',(0.,1.,0.));
#6237 = ORIENTED_EDGE('',*,*,#6207,.F.);
#6238 = ORIENTED_EDGE('',*,*,#936,.F.);
#6239 = PLANE('',#6240);
#6240 = AXIS2_PLACEMENT_3D('',#6241,#6242,#6243);
#6241 = CARTESIAN_POINT('',(1.896813684703,-7.510529177014,40.));
#6242 = DIRECTION('',(1.,0.,0.));
#6243 = DIRECTION('',(0.,1.,0.));
#6244 = ADVANCED_FACE('',(#6245),#6270,.T.);
#6245 = FACE_BOUND('',#6246,.T.);
#6246 = EDGE_LOOP('',(#6247,#6255,#6263,#6269));
#6247 = ORIENTED_EDGE('',*,*,#6248,.T.);
#6248 = EDGE_CURVE('',#1217,#6249,#6251,.T.);
#6249 = VERTEX_POINT('',#6250);
#6250 = CARTESIAN_POINT('',(5.901991998824,-7.510529177014,38.));
#6251 = LINE('',#6252,#6253);
#6252 = CARTESIAN_POINT('',(5.901991998824,-7.510529177014,40.));
#6253 = VECTOR('',#6254,1.);
#6254 = DIRECTION('',(-0.,-0.,-1.));
#6255 = ORIENTED_EDGE('',*,*,#6256,.T.);
#6256 = EDGE_CURVE('',#6249,#6257,#6259,.T.);
#6257 = VERTEX_POINT('',#6258);
#6258 = CARTESIAN_POINT('',(5.389609073752,-7.510529177014,38.));
#6259 = LINE('',#6260,#6261);
#6260 = CARTESIAN_POINT('',(5.901991998824,-7.510529177014,38.));
#6261 = VECTOR('',#6262,1.);
#6262 = DIRECTION('',(-1.,0.,0.));
#6263 = ORIENTED_EDGE('',*,*,#6264,.F.);
#6264 = EDGE_CURVE('',#1219,#6257,#6265,.T.);
#6265 = LINE('',#6266,#6267);
#6266 = CARTESIAN_POINT('',(5.389609073752,-7.510529177014,40.));
#6267 = VECTOR('',#6268,1.);
#6268 = DIRECTION('',(-0.,-0.,-1.));
#6269 = ORIENTED_EDGE('',*,*,#1216,.F.);
#6270 = PLANE('',#6271);
#6271 = AXIS2_PLACEMENT_3D('',#6272,#6273,#6274);
#6272 = CARTESIAN_POINT('',(5.901991998824,-7.510529177014,40.));
#6273 = DIRECTION('',(0.,1.,0.));
#6274 = DIRECTION('',(-1.,0.,0.));
#6275 = ADVANCED_FACE('',(#6276),#6294,.T.);
#6276 = FACE_BOUND('',#6277,.T.);
#6277 = EDGE_LOOP('',(#6278,#6286,#6292,#6293));
#6278 = ORIENTED_EDGE('',*,*,#6279,.T.);
#6279 = EDGE_CURVE('',#1491,#6280,#6282,.T.);
#6280 = VERTEX_POINT('',#6281);
#6281 = CARTESIAN_POINT('',(5.901991998824,-5.952712174133,38.));
#6282 = LINE('',#6283,#6284);
#6283 = CARTESIAN_POINT('',(5.901991998824,-5.952712174133,40.));
#6284 = VECTOR('',#6285,1.);
#6285 = DIRECTION('',(-0.,-0.,-1.));
#6286 = ORIENTED_EDGE('',*,*,#6287,.T.);
#6287 = EDGE_CURVE('',#6280,#6249,#6288,.T.);
#6288 = LINE('',#6289,#6290);
#6289 = CARTESIAN_POINT('',(5.901991998824,-5.952712174133,38.));
#6290 = VECTOR('',#6291,1.);
#6291 = DIRECTION('',(0.,-1.,0.));
#6292 = ORIENTED_EDGE('',*,*,#6248,.F.);
#6293 = ORIENTED_EDGE('',*,*,#1498,.F.);
#6294 = PLANE('',#6295);
#6295 = AXIS2_PLACEMENT_3D('',#6296,#6297,#6298);
#6296 = CARTESIAN_POINT('',(5.901991998824,-5.952712174133,40.));
#6297 = DIRECTION('',(-1.,0.,0.));
#6298 = DIRECTION('',(0.,-1.,0.));
#6299 = ADVANCED_FACE('',(#6300),#6318,.T.);
#6300 = FACE_BOUND('',#6301,.T.);
#6301 = EDGE_LOOP('',(#6302,#6310,#6316,#6317));
#6302 = ORIENTED_EDGE('',*,*,#6303,.T.);
#6303 = EDGE_CURVE('',#1483,#6304,#6306,.T.);
#6304 = VERTEX_POINT('',#6305);
#6305 = CARTESIAN_POINT('',(6.081521897959,-5.801955689983,38.));
#6306 = LINE('',#6307,#6308);
#6307 = CARTESIAN_POINT('',(6.081521897959,-5.801955689983,40.));
#6308 = VECTOR('',#6309,1.);
#6309 = DIRECTION('',(-0.,-0.,-1.));
#6310 = ORIENTED_EDGE('',*,*,#6311,.T.);
#6311 = EDGE_CURVE('',#6304,#6280,#6312,.T.);
#6312 = B_SPLINE_CURVE_WITH_KNOTS('',2,(#6313,#6314,#6315),
  .UNSPECIFIED.,.F.,.F.,(3,3),(0.,1.),.PIECEWISE_BEZIER_KNOTS.);
#6313 = CARTESIAN_POINT('',(6.081521897959,-5.801955689983,38.));
#6314 = CARTESIAN_POINT('',(5.985070168853,-5.857070963758,38.));
#6315 = CARTESIAN_POINT('',(5.901991998824,-5.952712174133,38.));
#6316 = ORIENTED_EDGE('',*,*,#6279,.F.);
#6317 = ORIENTED_EDGE('',*,*,#1490,.F.);
#6318 = SURFACE_OF_LINEAR_EXTRUSION('',#6319,#6323);
#6319 = B_SPLINE_CURVE_WITH_KNOTS('',2,(#6320,#6321,#6322),
  .UNSPECIFIED.,.F.,.F.,(3,3),(0.,1.),.PIECEWISE_BEZIER_KNOTS.);
#6320 = CARTESIAN_POINT('',(6.081521897959,-5.801955689983,40.));
#6321 = CARTESIAN_POINT('',(5.985070168853,-5.857070963758,40.));
#6322 = CARTESIAN_POINT('',(5.901991998824,-5.952712174133,40.));
#6323 = VECTOR('',#6324,1.);
#6324 = DIRECTION('',(0.,0.,1.));
#6325 = ADVANCED_FACE('',(#6326),#6344,.T.);
#6326 = FACE_BOUND('',#6327,.T.);
#6327 = EDGE_LOOP('',(#6328,#6336,#6342,#6343));
#6328 = ORIENTED_EDGE('',*,*,#6329,.T.);
#6329 = EDGE_CURVE('',#1475,#6330,#6332,.T.);
#6330 = VERTEX_POINT('',#6331);
#6331 = CARTESIAN_POINT('',(6.287934001706,-5.746840416207,38.));
#6332 = LINE('',#6333,#6334);
#6333 = CARTESIAN_POINT('',(6.287934001706,-5.746840416207,40.));
#6334 = VECTOR('',#6335,1.);
#6335 = DIRECTION('',(-0.,-0.,-1.));
#6336 = ORIENTED_EDGE('',*,*,#6337,.T.);
#6337 = EDGE_CURVE('',#6330,#6304,#6338,.T.);
#6338 = B_SPLINE_CURVE_WITH_KNOTS('',2,(#6339,#6340,#6341),
  .UNSPECIFIED.,.F.,.F.,(3,3),(0.,1.),.PIECEWISE_BEZIER_KNOTS.);
#6339 = CARTESIAN_POINT('',(6.287934001706,-5.746840416207,38.));
#6340 = CARTESIAN_POINT('',(6.177973627066,-5.746840416207,38.));
#6341 = CARTESIAN_POINT('',(6.081521897959,-5.801955689983,38.));
#6342 = ORIENTED_EDGE('',*,*,#6303,.F.);
#6343 = ORIENTED_EDGE('',*,*,#1482,.F.);
#6344 = SURFACE_OF_LINEAR_EXTRUSION('',#6345,#6349);
#6345 = B_SPLINE_CURVE_WITH_KNOTS('',2,(#6346,#6347,#6348),
  .UNSPECIFIED.,.F.,.F.,(3,3),(0.,1.),.PIECEWISE_BEZIER_KNOTS.);
#6346 = CARTESIAN_POINT('',(6.287934001706,-5.746840416207,40.));
#6347 = CARTESIAN_POINT('',(6.177973627066,-5.746840416207,40.));
#6348 = CARTESIAN_POINT('',(6.081521897959,-5.801955689983,40.));
#6349 = VECTOR('',#6350,1.);
#6350 = DIRECTION('',(0.,0.,1.));
#6351 = ADVANCED_FACE('',(#6352),#6370,.T.);
#6352 = FACE_BOUND('',#6353,.T.);
#6353 = EDGE_LOOP('',(#6354,#6362,#6368,#6369));
#6354 = ORIENTED_EDGE('',*,*,#6355,.T.);
#6355 = EDGE_CURVE('',#1467,#6356,#6358,.T.);
#6356 = VERTEX_POINT('',#6357);
#6357 = CARTESIAN_POINT('',(6.542166710639,-5.844372836957,38.));
#6358 = LINE('',#6359,#6360);
#6359 = CARTESIAN_POINT('',(6.542166710639,-5.844372836957,40.));
#6360 = VECTOR('',#6361,1.);
#6361 = DIRECTION('',(-0.,-0.,-1.));
#6362 = ORIENTED_EDGE('',*,*,#6363,.T.);
#6363 = EDGE_CURVE('',#6356,#6330,#6364,.T.);
#6364 = B_SPLINE_CURVE_WITH_KNOTS('',2,(#6365,#6366,#6367),
  .UNSPECIFIED.,.F.,.F.,(3,3),(0.,1.),.PIECEWISE_BEZIER_KNOTS.);
#6365 = CARTESIAN_POINT('',(6.542166710639,-5.844372836957,38.));
#6366 = CARTESIAN_POINT('',(6.456116638593,-5.746840416207,38.));
#6367 = CARTESIAN_POINT('',(6.287934001706,-5.746840416207,38.));
#6368 = ORIENTED_EDGE('',*,*,#6329,.F.);
#6369 = ORIENTED_EDGE('',*,*,#1474,.F.);
#6370 = SURFACE_OF_LINEAR_EXTRUSION('',#6371,#6375);
#6371 = B_SPLINE_CURVE_WITH_KNOTS('',2,(#6372,#6373,#6374),
  .UNSPECIFIED.,.F.,.F.,(3,3),(0.,1.),.PIECEWISE_BEZIER_KNOTS.);
#6372 = CARTESIAN_POINT('',(6.542166710639,-5.844372836957,40.));
#6373 = CARTESIAN_POINT('',(6.456116638593,-5.746840416207,40.));
#6374 = CARTESIAN_POINT('',(6.287934001706,-5.746840416207,40.));
#6375 = VECTOR('',#6376,1.);
#6376 = DIRECTION('',(0.,0.,1.));
#6377 = ADVANCED_FACE('',(#6378),#6396,.T.);
#6378 = FACE_BOUND('',#6379,.T.);
#6379 = EDGE_LOOP('',(#6380,#6388,#6394,#6395));
#6380 = ORIENTED_EDGE('',*,*,#6381,.T.);
#6381 = EDGE_CURVE('',#1459,#6382,#6384,.T.);
#6382 = VERTEX_POINT('',#6383);
#6383 = CARTESIAN_POINT('',(6.628216782686,-6.15561203004,38.));
#6384 = LINE('',#6385,#6386);
#6385 = CARTESIAN_POINT('',(6.628216782686,-6.15561203004,40.));
#6386 = VECTOR('',#6387,1.);
#6387 = DIRECTION('',(-0.,-0.,-1.));
#6388 = ORIENTED_EDGE('',*,*,#6389,.T.);
#6389 = EDGE_CURVE('',#6382,#6356,#6390,.T.);
#6390 = B_SPLINE_CURVE_WITH_KNOTS('',2,(#6391,#6392,#6393),
  .UNSPECIFIED.,.F.,.F.,(3,3),(0.,1.),.PIECEWISE_BEZIER_KNOTS.);
#6391 = CARTESIAN_POINT('',(6.628216782686,-6.15561203004,38.));
#6392 = CARTESIAN_POINT('',(6.628216782686,-5.941905257706,38.));
#6393 = CARTESIAN_POINT('',(6.542166710639,-5.844372836957,38.));
#6394 = ORIENTED_EDGE('',*,*,#6355,.F.);
#6395 = ORIENTED_EDGE('',*,*,#1466,.F.);
#6396 = SURFACE_OF_LINEAR_EXTRUSION('',#6397,#6401);
#6397 = B_SPLINE_CURVE_WITH_KNOTS('',2,(#6398,#6399,#6400),
  .UNSPECIFIED.,.F.,.F.,(3,3),(0.,1.),.PIECEWISE_BEZIER_KNOTS.);
#6398 = CARTESIAN_POINT('',(6.628216782686,-6.15561203004,40.));
#6399 = CARTESIAN_POINT('',(6.628216782686,-5.941905257706,40.));
#6400 = CARTESIAN_POINT('',(6.542166710639,-5.844372836957,40.));
#6401 = VECTOR('',#6402,1.);
#6402 = DIRECTION('',(0.,0.,1.));
#6403 = ADVANCED_FACE('',(#6404),#6422,.T.);
#6404 = FACE_BOUND('',#6405,.T.);
#6405 = EDGE_LOOP('',(#6406,#6414,#6420,#6421));
#6406 = ORIENTED_EDGE('',*,*,#6407,.T.);
#6407 = EDGE_CURVE('',#1451,#6408,#6410,.T.);
#6408 = VERTEX_POINT('',#6409);
#6409 = CARTESIAN_POINT('',(6.628216782686,-7.510529177014,38.));
#6410 = LINE('',#6411,#6412);
#6411 = CARTESIAN_POINT('',(6.628216782686,-7.510529177014,40.));
#6412 = VECTOR('',#6413,1.);
#6413 = DIRECTION('',(-0.,-0.,-1.));
#6414 = ORIENTED_EDGE('',*,*,#6415,.T.);
#6415 = EDGE_CURVE('',#6408,#6382,#6416,.T.);
#6416 = LINE('',#6417,#6418);
#6417 = CARTESIAN_POINT('',(6.628216782686,-7.510529177014,38.));
#6418 = VECTOR('',#6419,1.);
#6419 = DIRECTION('',(0.,1.,0.));
#6420 = ORIENTED_EDGE('',*,*,#6381,.F.);
#6421 = ORIENTED_EDGE('',*,*,#1458,.F.);
#6422 = PLANE('',#6423);
#6423 = AXIS2_PLACEMENT_3D('',#6424,#6425,#6426);
#6424 = CARTESIAN_POINT('',(6.628216782686,-7.510529177014,40.));
#6425 = DIRECTION('',(1.,0.,0.));
#6426 = DIRECTION('',(0.,1.,0.));
#6427 = ADVANCED_FACE('',(#6428),#6446,.T.);
#6428 = FACE_BOUND('',#6429,.T.);
#6429 = EDGE_LOOP('',(#6430,#6438,#6444,#6445));
#6430 = ORIENTED_EDGE('',*,*,#6431,.T.);
#6431 = EDGE_CURVE('',#1443,#6432,#6434,.T.);
#6432 = VERTEX_POINT('',#6433);
#6433 = CARTESIAN_POINT('',(7.142896177498,-7.510529177014,38.));
#6434 = LINE('',#6435,#6436);
#6435 = CARTESIAN_POINT('',(7.142896177498,-7.510529177014,40.));
#6436 = VECTOR('',#6437,1.);
#6437 = DIRECTION('',(-0.,-0.,-1.));
#6438 = ORIENTED_EDGE('',*,*,#6439,.T.);
#6439 = EDGE_CURVE('',#6432,#6408,#6440,.T.);
#6440 = LINE('',#6441,#6442);
#6441 = CARTESIAN_POINT('',(7.142896177498,-7.510529177014,38.));
#6442 = VECTOR('',#6443,1.);
#6443 = DIRECTION('',(-1.,0.,0.));
#6444 = ORIENTED_EDGE('',*,*,#6407,.F.);
#6445 = ORIENTED_EDGE('',*,*,#1450,.F.);
#6446 = PLANE('',#6447);
#6447 = AXIS2_PLACEMENT_3D('',#6448,#6449,#6450);
#6448 = CARTESIAN_POINT('',(7.142896177498,-7.510529177014,40.));
#6449 = DIRECTION('',(0.,1.,0.));
#6450 = DIRECTION('',(-1.,0.,0.));
#6451 = ADVANCED_FACE('',(#6452),#6470,.T.);
#6452 = FACE_BOUND('',#6453,.T.);
#6453 = EDGE_LOOP('',(#6454,#6462,#6468,#6469));
#6454 = ORIENTED_EDGE('',*,*,#6455,.T.);
#6455 = EDGE_CURVE('',#1435,#6456,#6458,.T.);
#6456 = VERTEX_POINT('',#6457);
#6457 = CARTESIAN_POINT('',(7.142896177498,-6.15561203004,38.));
#6458 = LINE('',#6459,#6460);
#6459 = CARTESIAN_POINT('',(7.142896177498,-6.15561203004,40.));
#6460 = VECTOR('',#6461,1.);
#6461 = DIRECTION('',(-0.,-0.,-1.));
#6462 = ORIENTED_EDGE('',*,*,#6463,.T.);
#6463 = EDGE_CURVE('',#6456,#6432,#6464,.T.);
#6464 = LINE('',#6465,#6466);
#6465 = CARTESIAN_POINT('',(7.142896177498,-6.15561203004,38.));
#6466 = VECTOR('',#6467,1.);
#6467 = DIRECTION('',(0.,-1.,0.));
#6468 = ORIENTED_EDGE('',*,*,#6431,.F.);
#6469 = ORIENTED_EDGE('',*,*,#1442,.F.);
#6470 = PLANE('',#6471);
#6471 = AXIS2_PLACEMENT_3D('',#6472,#6473,#6474);
#6472 = CARTESIAN_POINT('',(7.142896177498,-6.15561203004,40.));
#6473 = DIRECTION('',(-1.,0.,0.));
#6474 = DIRECTION('',(0.,-1.,0.));
#6475 = ADVANCED_FACE('',(#6476),#6494,.T.);
#6476 = FACE_BOUND('',#6477,.T.);
#6477 = EDGE_LOOP('',(#6478,#6486,#6492,#6493));
#6478 = ORIENTED_EDGE('',*,*,#6479,.T.);
#6479 = EDGE_CURVE('',#1427,#6480,#6482,.T.);
#6480 = VERTEX_POINT('',#6481);
#6481 = CARTESIAN_POINT('',(7.171939765395,-5.979324205833,38.));
#6482 = LINE('',#6483,#6484);
#6483 = CARTESIAN_POINT('',(7.171939765395,-5.979324205833,40.));
#6484 = VECTOR('',#6485,1.);
#6485 = DIRECTION('',(-0.,-0.,-1.));
#6486 = ORIENTED_EDGE('',*,*,#6487,.T.);
#6487 = EDGE_CURVE('',#6480,#6456,#6488,.T.);
#6488 = B_SPLINE_CURVE_WITH_KNOTS('',2,(#6489,#6490,#6491),
  .UNSPECIFIED.,.F.,.F.,(3,3),(0.,1.),.PIECEWISE_BEZIER_KNOTS.);
#6489 = CARTESIAN_POINT('',(7.171939765395,-5.979324205833,38.));
#6490 = CARTESIAN_POINT('',(7.142896177498,-6.056053312461,38.));
#6491 = CARTESIAN_POINT('',(7.142896177498,-6.15561203004,38.));
#6492 = ORIENTED_EDGE('',*,*,#6455,.F.);
#6493 = ORIENTED_EDGE('',*,*,#1434,.F.);
#6494 = SURFACE_OF_LINEAR_EXTRUSION('',#6495,#6499);
#6495 = B_SPLINE_CURVE_WITH_KNOTS('',2,(#6496,#6497,#6498),
  .UNSPECIFIED.,.F.,.F.,(3,3),(0.,1.),.PIECEWISE_BEZIER_KNOTS.);
#6496 = CARTESIAN_POINT('',(7.171939765395,-5.979324205833,40.));
#6497 = CARTESIAN_POINT('',(7.142896177498,-6.056053312461,40.));
#6498 = CARTESIAN_POINT('',(7.142896177498,-6.15561203004,40.));
#6499 = VECTOR('',#6500,1.);
#6500 = DIRECTION('',(0.,0.,1.));
#6501 = ADVANCED_FACE('',(#6502),#6520,.T.);
#6502 = FACE_BOUND('',#6503,.T.);
#6503 = EDGE_LOOP('',(#6504,#6512,#6518,#6519));
#6504 = ORIENTED_EDGE('',*,*,#6505,.T.);
#6505 = EDGE_CURVE('',#1419,#6506,#6508,.T.);
#6506 = VERTEX_POINT('',#6507);
#6507 = CARTESIAN_POINT('',(7.251775860495,-5.851667505545,38.));
#6508 = LINE('',#6509,#6510);
#6509 = CARTESIAN_POINT('',(7.251775860495,-5.851667505545,40.));
#6510 = VECTOR('',#6511,1.);
#6511 = DIRECTION('',(-0.,-0.,-1.));
#6512 = ORIENTED_EDGE('',*,*,#6513,.T.);
#6513 = EDGE_CURVE('',#6506,#6480,#6514,.T.);
#6514 = B_SPLINE_CURVE_WITH_KNOTS('',2,(#6515,#6516,#6517),
  .UNSPECIFIED.,.F.,.F.,(3,3),(0.,1.),.PIECEWISE_BEZIER_KNOTS.);
#6515 = CARTESIAN_POINT('',(7.251775860495,-5.851667505545,38.));
#6516 = CARTESIAN_POINT('',(7.200983353291,-5.902460012749,38.));
#6517 = CARTESIAN_POINT('',(7.171939765395,-5.979324205833,38.));
#6518 = ORIENTED_EDGE('',*,*,#6479,.F.);
#6519 = ORIENTED_EDGE('',*,*,#1426,.F.);
#6520 = SURFACE_OF_LINEAR_EXTRUSION('',#6521,#6525);
#6521 = B_SPLINE_CURVE_WITH_KNOTS('',2,(#6522,#6523,#6524),
  .UNSPECIFIED.,.F.,.F.,(3,3),(0.,1.),.PIECEWISE_BEZIER_KNOTS.);
#6522 = CARTESIAN_POINT('',(7.251775860495,-5.851667505545,40.));
#6523 = CARTESIAN_POINT('',(7.200983353291,-5.902460012749,40.));
#6524 = CARTESIAN_POINT('',(7.171939765395,-5.979324205833,40.));
#6525 = VECTOR('',#6526,1.);
#6526 = DIRECTION('',(0.,0.,1.));
#6527 = ADVANCED_FACE('',(#6528),#6546,.T.);
#6528 = FACE_BOUND('',#6529,.T.);
#6529 = EDGE_LOOP('',(#6530,#6538,#6544,#6545));
#6530 = ORIENTED_EDGE('',*,*,#6531,.T.);
#6531 = EDGE_CURVE('',#1411,#6532,#6534,.T.);
#6532 = VERTEX_POINT('',#6533);
#6533 = CARTESIAN_POINT('',(7.36997650891,-5.773857707274,38.));
#6534 = LINE('',#6535,#6536);
#6535 = CARTESIAN_POINT('',(7.36997650891,-5.773857707274,40.));
#6536 = VECTOR('',#6537,1.);
#6537 = DIRECTION('',(-0.,-0.,-1.));
#6538 = ORIENTED_EDGE('',*,*,#6539,.T.);
#6539 = EDGE_CURVE('',#6532,#6506,#6540,.T.);
#6540 = B_SPLINE_CURVE_WITH_KNOTS('',2,(#6541,#6542,#6543),
  .UNSPECIFIED.,.F.,.F.,(3,3),(0.,1.),.PIECEWISE_BEZIER_KNOTS.);
#6541 = CARTESIAN_POINT('',(7.36997650891,-5.773857707274,38.));
#6542 = CARTESIAN_POINT('',(7.3025683677,-5.800739911885,38.));
#6543 = CARTESIAN_POINT('',(7.251775860495,-5.851667505545,38.));
#6544 = ORIENTED_EDGE('',*,*,#6505,.F.);
#6545 = ORIENTED_EDGE('',*,*,#1418,.F.);
#6546 = SURFACE_OF_LINEAR_EXTRUSION('',#6547,#6551);
#6547 = B_SPLINE_CURVE_WITH_KNOTS('',2,(#6548,#6549,#6550),
  .UNSPECIFIED.,.F.,.F.,(3,3),(0.,1.),.PIECEWISE_BEZIER_KNOTS.);
#6548 = CARTESIAN_POINT('',(7.36997650891,-5.773857707274,40.));
#6549 = CARTESIAN_POINT('',(7.3025683677,-5.800739911885,40.));
#6550 = CARTESIAN_POINT('',(7.251775860495,-5.851667505545,40.));
#6551 = VECTOR('',#6552,1.);
#6552 = DIRECTION('',(0.,0.,1.));
#6553 = ADVANCED_FACE('',(#6554),#6572,.T.);
#6554 = FACE_BOUND('',#6555,.T.);
#6555 = EDGE_LOOP('',(#6556,#6564,#6570,#6571));
#6556 = ORIENTED_EDGE('',*,*,#6557,.T.);
#6557 = EDGE_CURVE('',#1403,#6558,#6560,.T.);
#6558 = VERTEX_POINT('',#6559);
#6559 = CARTESIAN_POINT('',(7.51641022649,-5.746840416207,38.));
#6560 = LINE('',#6561,#6562);
#6561 = CARTESIAN_POINT('',(7.51641022649,-5.746840416207,40.));
#6562 = VECTOR('',#6563,1.);
#6563 = DIRECTION('',(-0.,-0.,-1.));
#6564 = ORIENTED_EDGE('',*,*,#6565,.T.);
#6565 = EDGE_CURVE('',#6558,#6532,#6566,.T.);
#6566 = B_SPLINE_CURVE_WITH_KNOTS('',2,(#6567,#6568,#6569),
  .UNSPECIFIED.,.F.,.F.,(3,3),(0.,1.),.PIECEWISE_BEZIER_KNOTS.);
#6567 = CARTESIAN_POINT('',(7.51641022649,-5.746840416207,38.));
#6568 = CARTESIAN_POINT('',(7.437519736576,-5.746840416207,38.));
#6569 = CARTESIAN_POINT('',(7.36997650891,-5.773857707274,38.));
#6570 = ORIENTED_EDGE('',*,*,#6531,.F.);
#6571 = ORIENTED_EDGE('',*,*,#1410,.F.);
#6572 = SURFACE_OF_LINEAR_EXTRUSION('',#6573,#6577);
#6573 = B_SPLINE_CURVE_WITH_KNOTS('',2,(#6574,#6575,#6576),
  .UNSPECIFIED.,.F.,.F.,(3,3),(0.,1.),.PIECEWISE_BEZIER_KNOTS.);
#6574 = CARTESIAN_POINT('',(7.51641022649,-5.746840416207,40.));
#6575 = CARTESIAN_POINT('',(7.437519736576,-5.746840416207,40.));
#6576 = CARTESIAN_POINT('',(7.36997650891,-5.773857707274,40.));
#6577 = VECTOR('',#6578,1.);
#6578 = DIRECTION('',(0.,0.,1.));
#6579 = ADVANCED_FACE('',(#6580),#6598,.T.);
#6580 = FACE_BOUND('',#6581,.T.);
#6581 = EDGE_LOOP('',(#6582,#6590,#6596,#6597));
#6582 = ORIENTED_EDGE('',*,*,#6583,.T.);
#6583 = EDGE_CURVE('',#1395,#6584,#6586,.T.);
#6584 = VERTEX_POINT('',#6585);
#6585 = CARTESIAN_POINT('',(7.777667431101,-5.849641208715,38.));
#6586 = LINE('',#6587,#6588);
#6587 = CARTESIAN_POINT('',(7.777667431101,-5.849641208715,40.));
#6588 = VECTOR('',#6589,1.);
#6589 = DIRECTION('',(-0.,-0.,-1.));
#6590 = ORIENTED_EDGE('',*,*,#6591,.T.);
#6591 = EDGE_CURVE('',#6584,#6558,#6592,.T.);
#6592 = B_SPLINE_CURVE_WITH_KNOTS('',2,(#6593,#6594,#6595),
  .UNSPECIFIED.,.F.,.F.,(3,3),(0.,1.),.PIECEWISE_BEZIER_KNOTS.);
#6593 = CARTESIAN_POINT('',(7.777667431101,-5.849641208715,38.));
#6594 = CARTESIAN_POINT('',(7.688510370582,-5.746840416207,38.));
#6595 = CARTESIAN_POINT('',(7.51641022649,-5.746840416207,38.));
#6596 = ORIENTED_EDGE('',*,*,#6557,.F.);
#6597 = ORIENTED_EDGE('',*,*,#1402,.F.);
#6598 = SURFACE_OF_LINEAR_EXTRUSION('',#6599,#6603);
#6599 = B_SPLINE_CURVE_WITH_KNOTS('',2,(#6600,#6601,#6602),
  .UNSPECIFIED.,.F.,.F.,(3,3),(0.,1.),.PIECEWISE_BEZIER_KNOTS.);
#6600 = CARTESIAN_POINT('',(7.777667431101,-5.849641208715,40.));
#6601 = CARTESIAN_POINT('',(7.688510370582,-5.746840416207,40.));
#6602 = CARTESIAN_POINT('',(7.51641022649,-5.746840416207,40.));
#6603 = VECTOR('',#6604,1.);
#6604 = DIRECTION('',(0.,0.,1.));
#6605 = ADVANCED_FACE('',(#6606),#6624,.T.);
#6606 = FACE_BOUND('',#6607,.T.);
#6607 = EDGE_LOOP('',(#6608,#6616,#6622,#6623));
#6608 = ORIENTED_EDGE('',*,*,#6609,.T.);
#6609 = EDGE_CURVE('',#1387,#6610,#6612,.T.);
#6610 = VERTEX_POINT('',#6611);
#6611 = CARTESIAN_POINT('',(7.866959578075,-6.15561203004,38.));
#6612 = LINE('',#6613,#6614);
#6613 = CARTESIAN_POINT('',(7.866959578075,-6.15561203004,40.));
#6614 = VECTOR('',#6615,1.);
#6615 = DIRECTION('',(-0.,-0.,-1.));
#6616 = ORIENTED_EDGE('',*,*,#6617,.T.);
#6617 = EDGE_CURVE('',#6610,#6584,#6618,.T.);
#6618 = B_SPLINE_CURVE_WITH_KNOTS('',2,(#6619,#6620,#6621),
  .UNSPECIFIED.,.F.,.F.,(3,3),(0.,1.),.PIECEWISE_BEZIER_KNOTS.);
#6619 = CARTESIAN_POINT('',(7.866959578075,-6.15561203004,38.));
#6620 = CARTESIAN_POINT('',(7.866959578075,-5.952306914767,38.));
#6621 = CARTESIAN_POINT('',(7.777667431101,-5.849641208715,38.));
#6622 = ORIENTED_EDGE('',*,*,#6583,.F.);
#6623 = ORIENTED_EDGE('',*,*,#1394,.F.);
#6624 = SURFACE_OF_LINEAR_EXTRUSION('',#6625,#6629);
#6625 = B_SPLINE_CURVE_WITH_KNOTS('',2,(#6626,#6627,#6628),
  .UNSPECIFIED.,.F.,.F.,(3,3),(0.,1.),.PIECEWISE_BEZIER_KNOTS.);
#6626 = CARTESIAN_POINT('',(7.866959578075,-6.15561203004,40.));
#6627 = CARTESIAN_POINT('',(7.866959578075,-5.952306914767,40.));
#6628 = CARTESIAN_POINT('',(7.777667431101,-5.849641208715,40.));
#6629 = VECTOR('',#6630,1.);
#6630 = DIRECTION('',(0.,0.,1.));
#6631 = ADVANCED_FACE('',(#6632),#6650,.T.);
#6632 = FACE_BOUND('',#6633,.T.);
#6633 = EDGE_LOOP('',(#6634,#6642,#6648,#6649));
#6634 = ORIENTED_EDGE('',*,*,#6635,.T.);
#6635 = EDGE_CURVE('',#1379,#6636,#6638,.T.);
#6636 = VERTEX_POINT('',#6637);
#6637 = CARTESIAN_POINT('',(7.866959578075,-7.510529177014,38.));
#6638 = LINE('',#6639,#6640);
#6639 = CARTESIAN_POINT('',(7.866959578075,-7.510529177014,40.));
#6640 = VECTOR('',#6641,1.);
#6641 = DIRECTION('',(-0.,-0.,-1.));
#6642 = ORIENTED_EDGE('',*,*,#6643,.T.);
#6643 = EDGE_CURVE('',#6636,#6610,#6644,.T.);
#6644 = LINE('',#6645,#6646);
#6645 = CARTESIAN_POINT('',(7.866959578075,-7.510529177014,38.));
#6646 = VECTOR('',#6647,1.);
#6647 = DIRECTION('',(0.,1.,0.));
#6648 = ORIENTED_EDGE('',*,*,#6609,.F.);
#6649 = ORIENTED_EDGE('',*,*,#1386,.F.);
#6650 = PLANE('',#6651);
#6651 = AXIS2_PLACEMENT_3D('',#6652,#6653,#6654);
#6652 = CARTESIAN_POINT('',(7.866959578075,-7.510529177014,40.));
#6653 = DIRECTION('',(1.,0.,0.));
#6654 = DIRECTION('',(0.,1.,0.));
#6655 = ADVANCED_FACE('',(#6656),#6674,.T.);
#6656 = FACE_BOUND('',#6657,.T.);
#6657 = EDGE_LOOP('',(#6658,#6666,#6672,#6673));
#6658 = ORIENTED_EDGE('',*,*,#6659,.T.);
#6659 = EDGE_CURVE('',#1371,#6660,#6662,.T.);
#6660 = VERTEX_POINT('',#6661);
#6661 = CARTESIAN_POINT('',(8.379477589602,-7.510529177014,38.));
#6662 = LINE('',#6663,#6664);
#6663 = CARTESIAN_POINT('',(8.379477589602,-7.510529177014,40.));
#6664 = VECTOR('',#6665,1.);
#6665 = DIRECTION('',(-0.,-0.,-1.));
#6666 = ORIENTED_EDGE('',*,*,#6667,.T.);
#6667 = EDGE_CURVE('',#6660,#6636,#6668,.T.);
#6668 = LINE('',#6669,#6670);
#6669 = CARTESIAN_POINT('',(8.379477589602,-7.510529177014,38.));
#6670 = VECTOR('',#6671,1.);
#6671 = DIRECTION('',(-1.,0.,0.));
#6672 = ORIENTED_EDGE('',*,*,#6635,.F.);
#6673 = ORIENTED_EDGE('',*,*,#1378,.F.);
#6674 = PLANE('',#6675);
#6675 = AXIS2_PLACEMENT_3D('',#6676,#6677,#6678);
#6676 = CARTESIAN_POINT('',(8.379477589602,-7.510529177014,40.));
#6677 = DIRECTION('',(0.,1.,0.));
#6678 = DIRECTION('',(-1.,0.,0.));
#6679 = ADVANCED_FACE('',(#6680),#6698,.T.);
#6680 = FACE_BOUND('',#6681,.T.);
#6681 = EDGE_LOOP('',(#6682,#6690,#6696,#6697));
#6682 = ORIENTED_EDGE('',*,*,#6683,.T.);
#6683 = EDGE_CURVE('',#1363,#6684,#6686,.T.);
#6684 = VERTEX_POINT('',#6685);
#6685 = CARTESIAN_POINT('',(8.379477589602,-6.156017289406,38.));
#6686 = LINE('',#6687,#6688);
#6687 = CARTESIAN_POINT('',(8.379477589602,-6.156017289406,40.));
#6688 = VECTOR('',#6689,1.);
#6689 = DIRECTION('',(-0.,-0.,-1.));
#6690 = ORIENTED_EDGE('',*,*,#6691,.T.);
#6691 = EDGE_CURVE('',#6684,#6660,#6692,.T.);
#6692 = LINE('',#6693,#6694);
#6693 = CARTESIAN_POINT('',(8.379477589602,-6.156017289406,38.));
#6694 = VECTOR('',#6695,1.);
#6695 = DIRECTION('',(0.,-1.,0.));
#6696 = ORIENTED_EDGE('',*,*,#6659,.F.);
#6697 = ORIENTED_EDGE('',*,*,#1370,.F.);
#6698 = PLANE('',#6699);
#6699 = AXIS2_PLACEMENT_3D('',#6700,#6701,#6702);
#6700 = CARTESIAN_POINT('',(8.379477589602,-6.156017289406,40.));
#6701 = DIRECTION('',(-1.,0.,0.));
#6702 = DIRECTION('',(0.,-1.,0.));
#6703 = ADVANCED_FACE('',(#6704),#6722,.T.);
#6704 = FACE_BOUND('',#6705,.T.);
#6705 = EDGE_LOOP('',(#6706,#6714,#6720,#6721));
#6706 = ORIENTED_EDGE('',*,*,#6707,.T.);
#6707 = EDGE_CURVE('',#1355,#6708,#6710,.T.);
#6708 = VERTEX_POINT('',#6709);
#6709 = CARTESIAN_POINT('',(8.330711379227,-5.813843298052,38.));
#6710 = LINE('',#6711,#6712);
#6711 = CARTESIAN_POINT('',(8.330711379227,-5.813843298052,40.));
#6712 = VECTOR('',#6713,1.);
#6713 = DIRECTION('',(-0.,-0.,-1.));
#6714 = ORIENTED_EDGE('',*,*,#6715,.T.);
#6715 = EDGE_CURVE('',#6708,#6684,#6716,.T.);
#6716 = B_SPLINE_CURVE_WITH_KNOTS('',2,(#6717,#6718,#6719),
  .UNSPECIFIED.,.F.,.F.,(3,3),(0.,1.),.PIECEWISE_BEZIER_KNOTS.);
#6717 = CARTESIAN_POINT('',(8.330711379227,-5.813843298052,38.));
#6718 = CARTESIAN_POINT('',(8.379477589602,-5.963113831193,38.));
#6719 = CARTESIAN_POINT('',(8.379477589602,-6.156017289406,38.));
#6720 = ORIENTED_EDGE('',*,*,#6683,.F.);
#6721 = ORIENTED_EDGE('',*,*,#1362,.F.);
#6722 = SURFACE_OF_LINEAR_EXTRUSION('',#6723,#6727);
#6723 = B_SPLINE_CURVE_WITH_KNOTS('',2,(#6724,#6725,#6726),
  .UNSPECIFIED.,.F.,.F.,(3,3),(0.,1.),.PIECEWISE_BEZIER_KNOTS.);
#6724 = CARTESIAN_POINT('',(8.330711379227,-5.813843298052,40.));
#6725 = CARTESIAN_POINT('',(8.379477589602,-5.963113831193,40.));
#6726 = CARTESIAN_POINT('',(8.379477589602,-6.156017289406,40.));
#6727 = VECTOR('',#6728,1.);
#6728 = DIRECTION('',(0.,0.,1.));
#6729 = ADVANCED_FACE('',(#6730),#6748,.T.);
#6730 = FACE_BOUND('',#6731,.T.);
#6731 = EDGE_LOOP('',(#6732,#6740,#6746,#6747));
#6732 = ORIENTED_EDGE('',*,*,#6733,.T.);
#6733 = EDGE_CURVE('',#1347,#6734,#6736,.T.);
#6734 = VERTEX_POINT('',#6735);
#6735 = CARTESIAN_POINT('',(8.188600428219,-5.560691280761,38.));
#6736 = LINE('',#6737,#6738);
#6737 = CARTESIAN_POINT('',(8.188600428219,-5.560691280761,40.));
#6738 = VECTOR('',#6739,1.);
#6739 = DIRECTION('',(-0.,-0.,-1.));
#6740 = ORIENTED_EDGE('',*,*,#6741,.T.);
#6741 = EDGE_CURVE('',#6734,#6708,#6742,.T.);
#6742 = B_SPLINE_CURVE_WITH_KNOTS('',2,(#6743,#6744,#6745),
  .UNSPECIFIED.,.F.,.F.,(3,3),(0.,1.),.PIECEWISE_BEZIER_KNOTS.);
#6743 = CARTESIAN_POINT('',(8.188600428219,-5.560691280761,38.));
#6744 = CARTESIAN_POINT('',(8.281945168853,-5.664437678455,38.));
#6745 = CARTESIAN_POINT('',(8.330711379227,-5.813843298052,38.));
#6746 = ORIENTED_EDGE('',*,*,#6707,.F.);
#6747 = ORIENTED_EDGE('',*,*,#1354,.F.);
#6748 = SURFACE_OF_LINEAR_EXTRUSION('',#6749,#6753);
#6749 = B_SPLINE_CURVE_WITH_KNOTS('',2,(#6750,#6751,#6752),
  .UNSPECIFIED.,.F.,.F.,(3,3),(0.,1.),.PIECEWISE_BEZIER_KNOTS.);
#6750 = CARTESIAN_POINT('',(8.188600428219,-5.560691280761,40.));
#6751 = CARTESIAN_POINT('',(8.281945168853,-5.664437678455,40.));
#6752 = CARTESIAN_POINT('',(8.330711379227,-5.813843298052,40.));
#6753 = VECTOR('',#6754,1.);
#6754 = DIRECTION('',(0.,0.,1.));
#6755 = ADVANCED_FACE('',(#6756),#6774,.T.);
#6756 = FACE_BOUND('',#6757,.T.);
#6757 = EDGE_LOOP('',(#6758,#6766,#6772,#6773));
#6758 = ORIENTED_EDGE('',*,*,#6759,.T.);
#6759 = EDGE_CURVE('',#1339,#6760,#6762,.T.);
#6760 = VERTEX_POINT('',#6761);
#6761 = CARTESIAN_POINT('',(7.958278021879,-5.403045387389,38.));
#6762 = LINE('',#6763,#6764);
#6763 = CARTESIAN_POINT('',(7.958278021879,-5.403045387389,40.));
#6764 = VECTOR('',#6765,1.);
#6765 = DIRECTION('',(-0.,-0.,-1.));
#6766 = ORIENTED_EDGE('',*,*,#6767,.T.);
#6767 = EDGE_CURVE('',#6760,#6734,#6768,.T.);
#6768 = B_SPLINE_CURVE_WITH_KNOTS('',2,(#6769,#6770,#6771),
  .UNSPECIFIED.,.F.,.F.,(3,3),(0.,1.),.PIECEWISE_BEZIER_KNOTS.);
#6769 = CARTESIAN_POINT('',(7.958278021879,-5.403045387389,38.));
#6770 = CARTESIAN_POINT('',(8.095255687585,-5.456944883066,38.));
#6771 = CARTESIAN_POINT('',(8.188600428219,-5.560691280761,38.));
#6772 = ORIENTED_EDGE('',*,*,#6733,.F.);
#6773 = ORIENTED_EDGE('',*,*,#1346,.F.);
#6774 = SURFACE_OF_LINEAR_EXTRUSION('',#6775,#6779);
#6775 = B_SPLINE_CURVE_WITH_KNOTS('',2,(#6776,#6777,#6778),
  .UNSPECIFIED.,.F.,.F.,(3,3),(0.,1.),.PIECEWISE_BEZIER_KNOTS.);
#6776 = CARTESIAN_POINT('',(7.958278021879,-5.403045387389,40.));
#6777 = CARTESIAN_POINT('',(8.095255687585,-5.456944883066,40.));
#6778 = CARTESIAN_POINT('',(8.188600428219,-5.560691280761,40.));
#6779 = VECTOR('',#6780,1.);
#6780 = DIRECTION('',(0.,0.,1.));
#6781 = ADVANCED_FACE('',(#6782),#6800,.T.);
#6782 = FACE_BOUND('',#6783,.T.);
#6783 = EDGE_LOOP('',(#6784,#6792,#6798,#6799));
#6784 = ORIENTED_EDGE('',*,*,#6785,.T.);
#6785 = EDGE_CURVE('',#1331,#6786,#6788,.T.);
#6786 = VERTEX_POINT('',#6787);
#6787 = CARTESIAN_POINT('',(7.645012531965,-5.349145891712,38.));
#6788 = LINE('',#6789,#6790);
#6789 = CARTESIAN_POINT('',(7.645012531965,-5.349145891712,40.));
#6790 = VECTOR('',#6791,1.);
#6791 = DIRECTION('',(-0.,-0.,-1.));
#6792 = ORIENTED_EDGE('',*,*,#6793,.T.);
#6793 = EDGE_CURVE('',#6786,#6760,#6794,.T.);
#6794 = B_SPLINE_CURVE_WITH_KNOTS('',2,(#6795,#6796,#6797),
  .UNSPECIFIED.,.F.,.F.,(3,3),(0.,1.),.PIECEWISE_BEZIER_KNOTS.);
#6795 = CARTESIAN_POINT('',(7.645012531965,-5.349145891712,38.));
#6796 = CARTESIAN_POINT('',(7.821300356173,-5.349145891712,38.));
#6797 = CARTESIAN_POINT('',(7.958278021879,-5.403045387389,38.));
#6798 = ORIENTED_EDGE('',*,*,#6759,.F.);
#6799 = ORIENTED_EDGE('',*,*,#1338,.F.);
#6800 = SURFACE_OF_LINEAR_EXTRUSION('',#6801,#6805);
#6801 = B_SPLINE_CURVE_WITH_KNOTS('',2,(#6802,#6803,#6804),
  .UNSPECIFIED.,.F.,.F.,(3,3),(0.,1.),.PIECEWISE_BEZIER_KNOTS.);
#6802 = CARTESIAN_POINT('',(7.645012531965,-5.349145891712,40.));
#6803 = CARTESIAN_POINT('',(7.821300356173,-5.349145891712,40.));
#6804 = CARTESIAN_POINT('',(7.958278021879,-5.403045387389,40.));
#6805 = VECTOR('',#6806,1.);
#6806 = DIRECTION('',(0.,0.,1.));
#6807 = ADVANCED_FACE('',(#6808),#6826,.T.);
#6808 = FACE_BOUND('',#6809,.T.);
#6809 = EDGE_LOOP('',(#6810,#6818,#6824,#6825));
#6810 = ORIENTED_EDGE('',*,*,#6811,.T.);
#6811 = EDGE_CURVE('',#1323,#6812,#6814,.T.);
#6812 = VERTEX_POINT('',#6813);
#6813 = CARTESIAN_POINT('',(7.442653021879,-5.371975502663,38.));
#6814 = LINE('',#6815,#6816);
#6815 = CARTESIAN_POINT('',(7.442653021879,-5.371975502663,40.));
#6816 = VECTOR('',#6817,1.);
#6817 = DIRECTION('',(-0.,-0.,-1.));
#6818 = ORIENTED_EDGE('',*,*,#6819,.T.);
#6819 = EDGE_CURVE('',#6812,#6786,#6820,.T.);
#6820 = B_SPLINE_CURVE_WITH_KNOTS('',2,(#6821,#6822,#6823),
  .UNSPECIFIED.,.F.,.F.,(3,3),(0.,1.),.PIECEWISE_BEZIER_KNOTS.);
#6821 = CARTESIAN_POINT('',(7.442653021879,-5.371975502663,38.));
#6822 = CARTESIAN_POINT('',(7.543292431101,-5.349145891712,38.));
#6823 = CARTESIAN_POINT('',(7.645012531965,-5.349145891712,38.));
#6824 = ORIENTED_EDGE('',*,*,#6785,.F.);
#6825 = ORIENTED_EDGE('',*,*,#1330,.F.);
#6826 = SURFACE_OF_LINEAR_EXTRUSION('',#6827,#6831);
#6827 = B_SPLINE_CURVE_WITH_KNOTS('',2,(#6828,#6829,#6830),
  .UNSPECIFIED.,.F.,.F.,(3,3),(0.,1.),.PIECEWISE_BEZIER_KNOTS.);
#6828 = CARTESIAN_POINT('',(7.442653021879,-5.371975502663,40.));
#6829 = CARTESIAN_POINT('',(7.543292431101,-5.349145891712,40.));
#6830 = CARTESIAN_POINT('',(7.645012531965,-5.349145891712,40.));
#6831 = VECTOR('',#6832,1.);
#6832 = DIRECTION('',(0.,0.,1.));
#6833 = ADVANCED_FACE('',(#6834),#6852,.T.);
#6834 = FACE_BOUND('',#6835,.T.);
#6835 = EDGE_LOOP('',(#6836,#6844,#6850,#6851));
#6836 = ORIENTED_EDGE('',*,*,#6837,.T.);
#6837 = EDGE_CURVE('',#1315,#6838,#6840,.T.);
#6838 = VERTEX_POINT('',#6839);
#6839 = CARTESIAN_POINT('',(7.252721465683,-5.44235554589,38.));
#6840 = LINE('',#6841,#6842);
#6841 = CARTESIAN_POINT('',(7.252721465683,-5.44235554589,40.));
#6842 = VECTOR('',#6843,1.);
#6843 = DIRECTION('',(-0.,-0.,-1.));
#6844 = ORIENTED_EDGE('',*,*,#6845,.T.);
#6845 = EDGE_CURVE('',#6838,#6812,#6846,.T.);
#6846 = B_SPLINE_CURVE_WITH_KNOTS('',2,(#6847,#6848,#6849),
  .UNSPECIFIED.,.F.,.F.,(3,3),(0.,1.),.PIECEWISE_BEZIER_KNOTS.);
#6847 = CARTESIAN_POINT('',(7.252721465683,-5.44235554589,38.));
#6848 = CARTESIAN_POINT('',(7.342013612657,-5.394670027158,38.));
#6849 = CARTESIAN_POINT('',(7.442653021879,-5.371975502663,38.));
#6850 = ORIENTED_EDGE('',*,*,#6811,.F.);
#6851 = ORIENTED_EDGE('',*,*,#1322,.F.);
#6852 = SURFACE_OF_LINEAR_EXTRUSION('',#6853,#6857);
#6853 = B_SPLINE_CURVE_WITH_KNOTS('',2,(#6854,#6855,#6856),
  .UNSPECIFIED.,.F.,.F.,(3,3),(0.,1.),.PIECEWISE_BEZIER_KNOTS.);
#6854 = CARTESIAN_POINT('',(7.252721465683,-5.44235554589,40.));
#6855 = CARTESIAN_POINT('',(7.342013612657,-5.394670027158,40.));
#6856 = CARTESIAN_POINT('',(7.442653021879,-5.371975502663,40.));
#6857 = VECTOR('',#6858,1.);
#6858 = DIRECTION('',(0.,0.,1.));
#6859 = ADVANCED_FACE('',(#6860),#6878,.T.);
#6860 = FACE_BOUND('',#6861,.T.);
#6861 = EDGE_LOOP('',(#6862,#6870,#6876,#6877));
#6862 = ORIENTED_EDGE('',*,*,#6863,.T.);
#6863 = EDGE_CURVE('',#1307,#6864,#6866,.T.);
#6864 = VERTEX_POINT('',#6865);
#6865 = CARTESIAN_POINT('',(7.088861595366,-5.565689479608,38.));
#6866 = LINE('',#6867,#6868);
#6867 = CARTESIAN_POINT('',(7.088861595366,-5.565689479608,40.));
#6868 = VECTOR('',#6869,1.);
#6869 = DIRECTION('',(-0.,-0.,-1.));
#6870 = ORIENTED_EDGE('',*,*,#6871,.T.);
#6871 = EDGE_CURVE('',#6864,#6838,#6872,.T.);
#6872 = B_SPLINE_CURVE_WITH_KNOTS('',2,(#6873,#6874,#6875),
  .UNSPECIFIED.,.F.,.F.,(3,3),(0.,1.),.PIECEWISE_BEZIER_KNOTS.);
#6873 = CARTESIAN_POINT('',(7.088861595366,-5.565689479608,38.));
#6874 = CARTESIAN_POINT('',(7.163564405164,-5.490041064622,38.));
#6875 = CARTESIAN_POINT('',(7.252721465683,-5.44235554589,38.));
#6876 = ORIENTED_EDGE('',*,*,#6837,.F.);
#6877 = ORIENTED_EDGE('',*,*,#1314,.F.);
#6878 = SURFACE_OF_LINEAR_EXTRUSION('',#6879,#6883);
#6879 = B_SPLINE_CURVE_WITH_KNOTS('',2,(#6880,#6881,#6882),
  .UNSPECIFIED.,.F.,.F.,(3,3),(0.,1.),.PIECEWISE_BEZIER_KNOTS.);
#6880 = CARTESIAN_POINT('',(7.088861595366,-5.565689479608,40.));
#6881 = CARTESIAN_POINT('',(7.163564405164,-5.490041064622,40.));
#6882 = CARTESIAN_POINT('',(7.252721465683,-5.44235554589,40.));
#6883 = VECTOR('',#6884,1.);
#6884 = DIRECTION('',(0.,0.,1.));
#6885 = ADVANCED_FACE('',(#6886),#6904,.T.);
#6886 = FACE_BOUND('',#6887,.T.);
#6887 = EDGE_LOOP('',(#6888,#6896,#6902,#6903));
#6888 = ORIENTED_EDGE('',*,*,#6889,.T.);
#6889 = EDGE_CURVE('',#1299,#6890,#6892,.T.);
#6890 = VERTEX_POINT('',#6891);
#6891 = CARTESIAN_POINT('',(6.964446970005,-5.746840416207,38.));
#6892 = LINE('',#6893,#6894);
#6893 = CARTESIAN_POINT('',(6.964446970005,-5.746840416207,40.));
#6894 = VECTOR('',#6895,1.);
#6895 = DIRECTION('',(-0.,-0.,-1.));
#6896 = ORIENTED_EDGE('',*,*,#6897,.T.);
#6897 = EDGE_CURVE('',#6890,#6864,#6898,.T.);
#6898 = B_SPLINE_CURVE_WITH_KNOTS('',2,(#6899,#6900,#6901),
  .UNSPECIFIED.,.F.,.F.,(3,3),(0.,1.),.PIECEWISE_BEZIER_KNOTS.);
#6899 = CARTESIAN_POINT('',(6.964446970005,-5.746840416207,38.));
#6900 = CARTESIAN_POINT('',(7.014158785567,-5.641202808138,38.));
#6901 = CARTESIAN_POINT('',(7.088861595366,-5.565689479608,38.));
#6902 = ORIENTED_EDGE('',*,*,#6863,.F.);
#6903 = ORIENTED_EDGE('',*,*,#1306,.F.);
#6904 = SURFACE_OF_LINEAR_EXTRUSION('',#6905,#6909);
#6905 = B_SPLINE_CURVE_WITH_KNOTS('',2,(#6906,#6907,#6908),
  .UNSPECIFIED.,.F.,.F.,(3,3),(0.,1.),.PIECEWISE_BEZIER_KNOTS.);
#6906 = CARTESIAN_POINT('',(6.964446970005,-5.746840416207,40.));
#6907 = CARTESIAN_POINT('',(7.014158785567,-5.641202808138,40.));
#6908 = CARTESIAN_POINT('',(7.088861595366,-5.565689479608,40.));
#6909 = VECTOR('',#6910,1.);
#6910 = DIRECTION('',(0.,0.,1.));
#6911 = ADVANCED_FACE('',(#6912),#6930,.T.);
#6912 = FACE_BOUND('',#6913,.T.);
#6913 = EDGE_LOOP('',(#6914,#6922,#6928,#6929));
#6914 = ORIENTED_EDGE('',*,*,#6915,.T.);
#6915 = EDGE_CURVE('',#1291,#6916,#6918,.T.);
#6916 = VERTEX_POINT('',#6917);
#6917 = CARTESIAN_POINT('',(6.77046282015,-5.457890488254,38.));
#6918 = LINE('',#6919,#6920);
#6919 = CARTESIAN_POINT('',(6.77046282015,-5.457890488254,40.));
#6920 = VECTOR('',#6921,1.);
#6921 = DIRECTION('',(-0.,-0.,-1.));
#6922 = ORIENTED_EDGE('',*,*,#6923,.T.);
#6923 = EDGE_CURVE('',#6916,#6890,#6924,.T.);
#6924 = B_SPLINE_CURVE_WITH_KNOTS('',2,(#6925,#6926,#6927),
  .UNSPECIFIED.,.F.,.F.,(3,3),(0.,1.),.PIECEWISE_BEZIER_KNOTS.);
#6925 = CARTESIAN_POINT('',(6.77046282015,-5.457890488254,38.));
#6926 = CARTESIAN_POINT('',(6.900145817268,-5.566635084795,38.));
#6927 = CARTESIAN_POINT('',(6.964446970005,-5.746840416207,38.));
#6928 = ORIENTED_EDGE('',*,*,#6889,.F.);
#6929 = ORIENTED_EDGE('',*,*,#1298,.F.);
#6930 = SURFACE_OF_LINEAR_EXTRUSION('',#6931,#6935);
#6931 = B_SPLINE_CURVE_WITH_KNOTS('',2,(#6932,#6933,#6934),
  .UNSPECIFIED.,.F.,.F.,(3,3),(0.,1.),.PIECEWISE_BEZIER_KNOTS.);
#6932 = CARTESIAN_POINT('',(6.77046282015,-5.457890488254,40.));
#6933 = CARTESIAN_POINT('',(6.900145817268,-5.566635084795,40.));
#6934 = CARTESIAN_POINT('',(6.964446970005,-5.746840416207,40.));
#6935 = VECTOR('',#6936,1.);
#6936 = DIRECTION('',(0.,0.,1.));
#6937 = ADVANCED_FACE('',(#6938),#6956,.T.);
#6938 = FACE_BOUND('',#6939,.T.);
#6939 = EDGE_LOOP('',(#6940,#6948,#6954,#6955));
#6940 = ORIENTED_EDGE('',*,*,#6941,.T.);
#6941 = EDGE_CURVE('',#1283,#6942,#6944,.T.);
#6942 = VERTEX_POINT('',#6943);
#6943 = CARTESIAN_POINT('',(6.439501004588,-5.349145891712,38.));
#6944 = LINE('',#6945,#6946);
#6945 = CARTESIAN_POINT('',(6.439501004588,-5.349145891712,40.));
#6946 = VECTOR('',#6947,1.);
#6947 = DIRECTION('',(-0.,-0.,-1.));
#6948 = ORIENTED_EDGE('',*,*,#6949,.T.);
#6949 = EDGE_CURVE('',#6942,#6916,#6950,.T.);
#6950 = B_SPLINE_CURVE_WITH_KNOTS('',2,(#6951,#6952,#6953),
  .UNSPECIFIED.,.F.,.F.,(3,3),(0.,1.),.PIECEWISE_BEZIER_KNOTS.);
#6951 = CARTESIAN_POINT('',(6.439501004588,-5.349145891712,38.));
#6952 = CARTESIAN_POINT('',(6.640779823031,-5.349145891712,38.));
#6953 = CARTESIAN_POINT('',(6.77046282015,-5.457890488254,38.));
#6954 = ORIENTED_EDGE('',*,*,#6915,.F.);
#6955 = ORIENTED_EDGE('',*,*,#1290,.F.);
#6956 = SURFACE_OF_LINEAR_EXTRUSION('',#6957,#6961);
#6957 = B_SPLINE_CURVE_WITH_KNOTS('',2,(#6958,#6959,#6960),
  .UNSPECIFIED.,.F.,.F.,(3,3),(0.,1.),.PIECEWISE_BEZIER_KNOTS.);
#6958 = CARTESIAN_POINT('',(6.439501004588,-5.349145891712,40.));
#6959 = CARTESIAN_POINT('',(6.640779823031,-5.349145891712,40.));
#6960 = CARTESIAN_POINT('',(6.77046282015,-5.457890488254,40.));
#6961 = VECTOR('',#6962,1.);
#6962 = DIRECTION('',(0.,0.,1.));
#6963 = ADVANCED_FACE('',(#6964),#6982,.T.);
#6964 = FACE_BOUND('',#6965,.T.);
#6965 = EDGE_LOOP('',(#6966,#6974,#6980,#6981));
#6966 = ORIENTED_EDGE('',*,*,#6967,.T.);
#6967 = EDGE_CURVE('',#1275,#6968,#6970,.T.);
#6968 = VERTEX_POINT('',#6969);
#6969 = CARTESIAN_POINT('',(6.264023699112,-5.371029897475,38.));
#6970 = LINE('',#6971,#6972);
#6971 = CARTESIAN_POINT('',(6.264023699112,-5.371029897475,40.));
#6972 = VECTOR('',#6973,1.);
#6973 = DIRECTION('',(-0.,-0.,-1.));
#6974 = ORIENTED_EDGE('',*,*,#6975,.T.);
#6975 = EDGE_CURVE('',#6968,#6942,#6976,.T.);
#6976 = B_SPLINE_CURVE_WITH_KNOTS('',2,(#6977,#6978,#6979),
  .UNSPECIFIED.,.F.,.F.,(3,3),(0.,1.),.PIECEWISE_BEZIER_KNOTS.);
#6977 = CARTESIAN_POINT('',(6.264023699112,-5.371029897475,38.));
#6978 = CARTESIAN_POINT('',(6.343994880668,-5.349145891712,38.));
#6979 = CARTESIAN_POINT('',(6.439501004588,-5.349145891712,38.));
#6980 = ORIENTED_EDGE('',*,*,#6941,.F.);
#6981 = ORIENTED_EDGE('',*,*,#1282,.F.);
#6982 = SURFACE_OF_LINEAR_EXTRUSION('',#6983,#6987);
#6983 = B_SPLINE_CURVE_WITH_KNOTS('',2,(#6984,#6985,#6986),
  .UNSPECIFIED.,.F.,.F.,(3,3),(0.,1.),.PIECEWISE_BEZIER_KNOTS.);
#6984 = CARTESIAN_POINT('',(6.264023699112,-5.371029897475,40.));
#6985 = CARTESIAN_POINT('',(6.343994880668,-5.349145891712,40.));
#6986 = CARTESIAN_POINT('',(6.439501004588,-5.349145891712,40.));
#6987 = VECTOR('',#6988,1.);
#6988 = DIRECTION('',(0.,0.,1.));
#6989 = ADVANCED_FACE('',(#6990),#7008,.T.);
#6990 = FACE_BOUND('',#6991,.T.);
#6991 = EDGE_LOOP('',(#6992,#7000,#7006,#7007));
#6992 = ORIENTED_EDGE('',*,*,#6993,.T.);
#6993 = EDGE_CURVE('',#1267,#6994,#6996,.T.);
#6994 = VERTEX_POINT('',#6995);
#6995 = CARTESIAN_POINT('',(6.114618079516,-5.430467937821,38.));
#6996 = LINE('',#6997,#6998);
#6997 = CARTESIAN_POINT('',(6.114618079516,-5.430467937821,40.));
#6998 = VECTOR('',#6999,1.);
#6999 = DIRECTION('',(-0.,-0.,-1.));
#7000 = ORIENTED_EDGE('',*,*,#7001,.T.);
#7001 = EDGE_CURVE('',#6994,#6968,#7002,.T.);
#7002 = B_SPLINE_CURVE_WITH_KNOTS('',2,(#7003,#7004,#7005),
  .UNSPECIFIED.,.F.,.F.,(3,3),(0.,1.),.PIECEWISE_BEZIER_KNOTS.);
#7003 = CARTESIAN_POINT('',(6.114618079516,-5.430467937821,38.));
#7004 = CARTESIAN_POINT('',(6.184187604011,-5.392913903239,38.));
#7005 = CARTESIAN_POINT('',(6.264023699112,-5.371029897475,38.));
#7006 = ORIENTED_EDGE('',*,*,#6967,.F.);
#7007 = ORIENTED_EDGE('',*,*,#1274,.F.);
#7008 = SURFACE_OF_LINEAR_EXTRUSION('',#7009,#7013);
#7009 = B_SPLINE_CURVE_WITH_KNOTS('',2,(#7010,#7011,#7012),
  .UNSPECIFIED.,.F.,.F.,(3,3),(0.,1.),.PIECEWISE_BEZIER_KNOTS.);
#7010 = CARTESIAN_POINT('',(6.114618079516,-5.430467937821,40.));
#7011 = CARTESIAN_POINT('',(6.184187604011,-5.392913903239,40.));
#7012 = CARTESIAN_POINT('',(6.264023699112,-5.371029897475,40.));
#7013 = VECTOR('',#7014,1.);
#7014 = DIRECTION('',(0.,0.,1.));
#7015 = ADVANCED_FACE('',(#7016),#7034,.T.);
#7016 = FACE_BOUND('',#7017,.T.);
#7017 = EDGE_LOOP('',(#7018,#7026,#7032,#7033));
#7018 = ORIENTED_EDGE('',*,*,#7019,.T.);
#7019 = EDGE_CURVE('',#1259,#7020,#7022,.T.);
#7020 = VERTEX_POINT('',#7021);
#7021 = CARTESIAN_POINT('',(5.98398947721,-5.520030257706,38.));
#7022 = LINE('',#7023,#7024);
#7023 = CARTESIAN_POINT('',(5.98398947721,-5.520030257706,40.));
#7024 = VECTOR('',#7025,1.);
#7025 = DIRECTION('',(-0.,-0.,-1.));
#7026 = ORIENTED_EDGE('',*,*,#7027,.T.);
#7027 = EDGE_CURVE('',#7020,#6994,#7028,.T.);
#7028 = B_SPLINE_CURVE_WITH_KNOTS('',2,(#7029,#7030,#7031),
  .UNSPECIFIED.,.F.,.F.,(3,3),(0.,1.),.PIECEWISE_BEZIER_KNOTS.);
#7029 = CARTESIAN_POINT('',(5.98398947721,-5.520030257706,38.));
#7030 = CARTESIAN_POINT('',(6.045183641475,-5.467886885948,38.));
#7031 = CARTESIAN_POINT('',(6.114618079516,-5.430467937821,38.));
#7032 = ORIENTED_EDGE('',*,*,#6993,.F.);
#7033 = ORIENTED_EDGE('',*,*,#1266,.F.);
#7034 = SURFACE_OF_LINEAR_EXTRUSION('',#7035,#7039);
#7035 = B_SPLINE_CURVE_WITH_KNOTS('',2,(#7036,#7037,#7038),
  .UNSPECIFIED.,.F.,.F.,(3,3),(0.,1.),.PIECEWISE_BEZIER_KNOTS.);
#7036 = CARTESIAN_POINT('',(5.98398947721,-5.520030257706,40.));
#7037 = CARTESIAN_POINT('',(6.045183641475,-5.467886885948,40.));
#7038 = CARTESIAN_POINT('',(6.114618079516,-5.430467937821,40.));
#7039 = VECTOR('',#7040,1.);
#7040 = DIRECTION('',(0.,0.,1.));
#7041 = ADVANCED_FACE('',(#7042),#7060,.T.);
#7042 = FACE_BOUND('',#7043,.T.);
#7043 = EDGE_LOOP('',(#7044,#7052,#7058,#7059));
#7044 = ORIENTED_EDGE('',*,*,#7045,.T.);
#7045 = EDGE_CURVE('',#1251,#7046,#7048,.T.);
#7046 = VERTEX_POINT('',#7047);
#7047 = CARTESIAN_POINT('',(5.866734433982,-5.634583571827,38.));
#7048 = LINE('',#7049,#7050);
#7049 = CARTESIAN_POINT('',(5.866734433982,-5.634583571827,40.));
#7050 = VECTOR('',#7051,1.);
#7051 = DIRECTION('',(-0.,-0.,-1.));
#7052 = ORIENTED_EDGE('',*,*,#7053,.T.);
#7053 = EDGE_CURVE('',#7046,#7020,#7054,.T.);
#7054 = B_SPLINE_CURVE_WITH_KNOTS('',2,(#7055,#7056,#7057),
  .UNSPECIFIED.,.F.,.F.,(3,3),(0.,1.),.PIECEWISE_BEZIER_KNOTS.);
#7055 = CARTESIAN_POINT('',(5.866734433982,-5.634583571827,38.));
#7056 = CARTESIAN_POINT('',(5.922795312945,-5.572038543009,38.));
#7057 = CARTESIAN_POINT('',(5.98398947721,-5.520030257706,38.));
#7058 = ORIENTED_EDGE('',*,*,#7019,.F.);
#7059 = ORIENTED_EDGE('',*,*,#1258,.F.);
#7060 = SURFACE_OF_LINEAR_EXTRUSION('',#7061,#7065);
#7061 = B_SPLINE_CURVE_WITH_KNOTS('',2,(#7062,#7063,#7064),
  .UNSPECIFIED.,.F.,.F.,(3,3),(0.,1.),.PIECEWISE_BEZIER_KNOTS.);
#7062 = CARTESIAN_POINT('',(5.866734433982,-5.634583571827,40.));
#7063 = CARTESIAN_POINT('',(5.922795312945,-5.572038543009,40.));
#7064 = CARTESIAN_POINT('',(5.98398947721,-5.520030257706,40.));
#7065 = VECTOR('',#7066,1.);
#7066 = DIRECTION('',(0.,0.,1.));
#7067 = ADVANCED_FACE('',(#7068),#7086,.T.);
#7068 = FACE_BOUND('',#7069,.T.);
#7069 = EDGE_LOOP('',(#7070,#7078,#7084,#7085));
#7070 = ORIENTED_EDGE('',*,*,#7071,.T.);
#7071 = EDGE_CURVE('',#1243,#7072,#7074,.T.);
#7072 = VERTEX_POINT('',#7073);
#7073 = CARTESIAN_POINT('',(5.833638252426,-5.477072764911,38.));
#7074 = LINE('',#7075,#7076);
#7075 = CARTESIAN_POINT('',(5.833638252426,-5.477072764911,40.));
#7076 = VECTOR('',#7077,1.);
#7077 = DIRECTION('',(-0.,-0.,-1.));
#7078 = ORIENTED_EDGE('',*,*,#7079,.T.);
#7079 = EDGE_CURVE('',#7072,#7046,#7080,.T.);
#7080 = LINE('',#7081,#7082);
#7081 = CARTESIAN_POINT('',(5.833638252426,-5.477072764911,38.));
#7082 = VECTOR('',#7083,1.);
#7083 = DIRECTION('',(0.205629772653,-0.978629856789,0.));
#7084 = ORIENTED_EDGE('',*,*,#7045,.F.);
#7085 = ORIENTED_EDGE('',*,*,#1250,.F.);
#7086 = PLANE('',#7087);
#7087 = AXIS2_PLACEMENT_3D('',#7088,#7089,#7090);
#7088 = CARTESIAN_POINT('',(5.833638252426,-5.477072764911,40.));
#7089 = DIRECTION('',(-0.978629856789,-0.205629772653,0.));
#7090 = DIRECTION('',(0.205629772653,-0.978629856789,0.));
#7091 = ADVANCED_FACE('',(#7092),#7110,.T.);
#7092 = FACE_BOUND('',#7093,.T.);
#7093 = EDGE_LOOP('',(#7094,#7102,#7108,#7109));
#7094 = ORIENTED_EDGE('',*,*,#7095,.T.);
#7095 = EDGE_CURVE('',#1235,#7096,#7098,.T.);
#7096 = VERTEX_POINT('',#7097);
#7097 = CARTESIAN_POINT('',(5.702874563665,-5.383728024277,38.));
#7098 = LINE('',#7099,#7100);
#7099 = CARTESIAN_POINT('',(5.702874563665,-5.383728024277,40.));
#7100 = VECTOR('',#7101,1.);
#7101 = DIRECTION('',(-0.,-0.,-1.));
#7102 = ORIENTED_EDGE('',*,*,#7103,.T.);
#7103 = EDGE_CURVE('',#7096,#7072,#7104,.T.);
#7104 = B_SPLINE_CURVE_WITH_KNOTS('',2,(#7105,#7106,#7107),
  .UNSPECIFIED.,.F.,.F.,(3,3),(0.,1.),.PIECEWISE_BEZIER_KNOTS.);
#7105 = CARTESIAN_POINT('',(5.702874563665,-5.383728024277,38.));
#7106 = CARTESIAN_POINT('',(5.802433281245,-5.383728024277,38.));
#7107 = CARTESIAN_POINT('',(5.833638252426,-5.477072764911,38.));
#7108 = ORIENTED_EDGE('',*,*,#7071,.F.);
#7109 = ORIENTED_EDGE('',*,*,#1242,.F.);
#7110 = SURFACE_OF_LINEAR_EXTRUSION('',#7111,#7115);
#7111 = B_SPLINE_CURVE_WITH_KNOTS('',2,(#7112,#7113,#7114),
  .UNSPECIFIED.,.F.,.F.,(3,3),(0.,1.),.PIECEWISE_BEZIER_KNOTS.);
#7112 = CARTESIAN_POINT('',(5.702874563665,-5.383728024277,40.));
#7113 = CARTESIAN_POINT('',(5.802433281245,-5.383728024277,40.));
#7114 = CARTESIAN_POINT('',(5.833638252426,-5.477072764911,40.));
#7115 = VECTOR('',#7116,1.);
#7116 = DIRECTION('',(0.,0.,1.));
#7117 = ADVANCED_FACE('',(#7118),#7136,.T.);
#7118 = FACE_BOUND('',#7119,.T.);
#7119 = EDGE_LOOP('',(#7120,#7128,#7134,#7135));
#7120 = ORIENTED_EDGE('',*,*,#7121,.T.);
#7121 = EDGE_CURVE('',#1227,#7122,#7124,.T.);
#7122 = VERTEX_POINT('',#7123);
#7123 = CARTESIAN_POINT('',(5.389609073752,-5.383728024277,38.));
#7124 = LINE('',#7125,#7126);
#7125 = CARTESIAN_POINT('',(5.389609073752,-5.383728024277,40.));
#7126 = VECTOR('',#7127,1.);
#7127 = DIRECTION('',(-0.,-0.,-1.));
#7128 = ORIENTED_EDGE('',*,*,#7129,.T.);
#7129 = EDGE_CURVE('',#7122,#7096,#7130,.T.);
#7130 = LINE('',#7131,#7132);
#7131 = CARTESIAN_POINT('',(5.389609073752,-5.383728024277,38.));
#7132 = VECTOR('',#7133,1.);
#7133 = DIRECTION('',(1.,0.,0.));
#7134 = ORIENTED_EDGE('',*,*,#7095,.F.);
#7135 = ORIENTED_EDGE('',*,*,#1234,.F.);
#7136 = PLANE('',#7137);
#7137 = AXIS2_PLACEMENT_3D('',#7138,#7139,#7140);
#7138 = CARTESIAN_POINT('',(5.389609073752,-5.383728024277,40.));
#7139 = DIRECTION('',(0.,-1.,0.));
#7140 = DIRECTION('',(1.,0.,0.));
#7141 = ADVANCED_FACE('',(#7142),#7153,.T.);
#7142 = FACE_BOUND('',#7143,.T.);
#7143 = EDGE_LOOP('',(#7144,#7145,#7151,#7152));
#7144 = ORIENTED_EDGE('',*,*,#6264,.T.);
#7145 = ORIENTED_EDGE('',*,*,#7146,.T.);
#7146 = EDGE_CURVE('',#6257,#7122,#7147,.T.);
#7147 = LINE('',#7148,#7149);
#7148 = CARTESIAN_POINT('',(5.389609073752,-7.510529177014,38.));
#7149 = VECTOR('',#7150,1.);
#7150 = DIRECTION('',(0.,1.,0.));
#7151 = ORIENTED_EDGE('',*,*,#7121,.F.);
#7152 = ORIENTED_EDGE('',*,*,#1226,.F.);
#7153 = PLANE('',#7154);
#7154 = AXIS2_PLACEMENT_3D('',#7155,#7156,#7157);
#7155 = CARTESIAN_POINT('',(5.389609073752,-7.510529177014,40.));
#7156 = DIRECTION('',(1.,0.,0.));
#7157 = DIRECTION('',(0.,1.,0.));
#7158 = ADVANCED_FACE('',(#7159),#7184,.T.);
#7159 = FACE_BOUND('',#7160,.T.);
#7160 = EDGE_LOOP('',(#7161,#7169,#7177,#7183));
#7161 = ORIENTED_EDGE('',*,*,#7162,.T.);
#7162 = EDGE_CURVE('',#1507,#7163,#7165,.T.);
#7163 = VERTEX_POINT('',#7164);
#7164 = CARTESIAN_POINT('',(-3.144089589561,1.786290071687,38.));
#7165 = LINE('',#7166,#7167);
#7166 = CARTESIAN_POINT('',(-3.144089589561,1.786290071687,40.));
#7167 = VECTOR('',#7168,1.);
#7168 = DIRECTION('',(-0.,-0.,-1.));
#7169 = ORIENTED_EDGE('',*,*,#7170,.T.);
#7170 = EDGE_CURVE('',#7163,#7171,#7173,.T.);
#7171 = VERTEX_POINT('',#7172);
#7172 = CARTESIAN_POINT('',(-2.289892903682,1.786290071687,38.));
#7173 = LINE('',#7174,#7175);
#7174 = CARTESIAN_POINT('',(-3.144089589561,1.786290071687,38.));
#7175 = VECTOR('',#7176,1.);
#7176 = DIRECTION('',(1.,0.,0.));
#7177 = ORIENTED_EDGE('',*,*,#7178,.F.);
#7178 = EDGE_CURVE('',#1509,#7171,#7179,.T.);
#7179 = LINE('',#7180,#7181);
#7180 = CARTESIAN_POINT('',(-2.289892903682,1.786290071687,40.));
#7181 = VECTOR('',#7182,1.);
#7182 = DIRECTION('',(-0.,-0.,-1.));
#7183 = ORIENTED_EDGE('',*,*,#1506,.F.);
#7184 = PLANE('',#7185);
#7185 = AXIS2_PLACEMENT_3D('',#7186,#7187,#7188);
#7186 = CARTESIAN_POINT('',(-3.144089589561,1.786290071687,40.));
#7187 = DIRECTION('',(0.,-1.,0.));
#7188 = DIRECTION('',(1.,0.,0.));
#7189 = ADVANCED_FACE('',(#7190),#7208,.T.);
#7190 = FACE_BOUND('',#7191,.T.);
#7191 = EDGE_LOOP('',(#7192,#7200,#7206,#7207));
#7192 = ORIENTED_EDGE('',*,*,#7193,.T.);
#7193 = EDGE_CURVE('',#1525,#7194,#7196,.T.);
#7194 = VERTEX_POINT('',#7195);
#7195 = CARTESIAN_POINT('',(-3.144089589561,-1.758378516209,38.));
#7196 = LINE('',#7197,#7198);
#7197 = CARTESIAN_POINT('',(-3.144089589561,-1.758378516209,40.));
#7198 = VECTOR('',#7199,1.);
#7199 = DIRECTION('',(-0.,-0.,-1.));
#7200 = ORIENTED_EDGE('',*,*,#7201,.T.);
#7201 = EDGE_CURVE('',#7194,#7163,#7202,.T.);
#7202 = LINE('',#7203,#7204);
#7203 = CARTESIAN_POINT('',(-3.144089589561,-1.758378516209,38.));
#7204 = VECTOR('',#7205,1.);
#7205 = DIRECTION('',(0.,1.,0.));
#7206 = ORIENTED_EDGE('',*,*,#7162,.F.);
#7207 = ORIENTED_EDGE('',*,*,#1532,.F.);
#7208 = PLANE('',#7209);
#7209 = AXIS2_PLACEMENT_3D('',#7210,#7211,#7212);
#7210 = CARTESIAN_POINT('',(-3.144089589561,-1.758378516209,40.));
#7211 = DIRECTION('',(1.,0.,0.));
#7212 = DIRECTION('',(0.,1.,0.));
#7213 = ADVANCED_FACE('',(#7214),#7232,.T.);
#7214 = FACE_BOUND('',#7215,.T.);
#7215 = EDGE_LOOP('',(#7216,#7217,#7225,#7231));
#7216 = ORIENTED_EDGE('',*,*,#7178,.T.);
#7217 = ORIENTED_EDGE('',*,*,#7218,.T.);
#7218 = EDGE_CURVE('',#7171,#7219,#7221,.T.);
#7219 = VERTEX_POINT('',#7220);
#7220 = CARTESIAN_POINT('',(-2.289892903682,-1.758378516209,38.));
#7221 = LINE('',#7222,#7223);
#7222 = CARTESIAN_POINT('',(-2.289892903682,1.786290071687,38.));
#7223 = VECTOR('',#7224,1.);
#7224 = DIRECTION('',(0.,-1.,0.));
#7225 = ORIENTED_EDGE('',*,*,#7226,.F.);
#7226 = EDGE_CURVE('',#1517,#7219,#7227,.T.);
#7227 = LINE('',#7228,#7229);
#7228 = CARTESIAN_POINT('',(-2.289892903682,-1.758378516209,40.));
#7229 = VECTOR('',#7230,1.);
#7230 = DIRECTION('',(-0.,-0.,-1.));
#7231 = ORIENTED_EDGE('',*,*,#1516,.F.);
#7232 = PLANE('',#7233);
#7233 = AXIS2_PLACEMENT_3D('',#7234,#7235,#7236);
#7234 = CARTESIAN_POINT('',(-2.289892903682,1.786290071687,40.));
#7235 = DIRECTION('',(-1.,0.,0.));
#7236 = DIRECTION('',(0.,-1.,0.));
#7237 = ADVANCED_FACE('',(#7238),#7249,.T.);
#7238 = FACE_BOUND('',#7239,.T.);
#7239 = EDGE_LOOP('',(#7240,#7241,#7247,#7248));
#7240 = ORIENTED_EDGE('',*,*,#7226,.T.);
#7241 = ORIENTED_EDGE('',*,*,#7242,.T.);
#7242 = EDGE_CURVE('',#7219,#7194,#7243,.T.);
#7243 = LINE('',#7244,#7245);
#7244 = CARTESIAN_POINT('',(-2.289892903682,-1.758378516209,38.));
#7245 = VECTOR('',#7246,1.);
#7246 = DIRECTION('',(-1.,0.,0.));
#7247 = ORIENTED_EDGE('',*,*,#7193,.F.);
#7248 = ORIENTED_EDGE('',*,*,#1524,.F.);
#7249 = PLANE('',#7250);
#7250 = AXIS2_PLACEMENT_3D('',#7251,#7252,#7253);
#7251 = CARTESIAN_POINT('',(-2.289892903682,-1.758378516209,40.));
#7252 = DIRECTION('',(0.,1.,0.));
#7253 = DIRECTION('',(-1.,0.,0.));
#7254 = ADVANCED_FACE('',(#7255),#7280,.T.);
#7255 = FACE_BOUND('',#7256,.T.);
#7256 = EDGE_LOOP('',(#7257,#7265,#7273,#7279));
#7257 = ORIENTED_EDGE('',*,*,#7258,.T.);
#7258 = EDGE_CURVE('',#1541,#7259,#7261,.T.);
#7259 = VERTEX_POINT('',#7260);
#7260 = CARTESIAN_POINT('',(0.973570713032,1.404670835376,38.));
#7261 = LINE('',#7262,#7263);
#7262 = CARTESIAN_POINT('',(0.973570713032,1.404670835376,40.));
#7263 = VECTOR('',#7264,1.);
#7264 = DIRECTION('',(-0.,-0.,-1.));
#7265 = ORIENTED_EDGE('',*,*,#7266,.T.);
#7266 = EDGE_CURVE('',#7259,#7267,#7269,.T.);
#7267 = VERTEX_POINT('',#7268);
#7268 = CARTESIAN_POINT('',(0.779946793724,1.099600590419,38.));
#7269 = LINE('',#7270,#7271);
#7270 = CARTESIAN_POINT('',(0.973570713032,1.404670835376,38.));
#7271 = VECTOR('',#7272,1.);
#7272 = DIRECTION('',(-0.535867150975,-0.844302313455,0.));
#7273 = ORIENTED_EDGE('',*,*,#7274,.F.);
#7274 = EDGE_CURVE('',#1543,#7267,#7275,.T.);
#7275 = LINE('',#7276,#7277);
#7276 = CARTESIAN_POINT('',(0.779946793724,1.099600590419,40.));
#7277 = VECTOR('',#7278,1.);
#7278 = DIRECTION('',(-0.,-0.,-1.));
#7279 = ORIENTED_EDGE('',*,*,#1540,.F.);
#7280 = PLANE('',#7281);
#7281 = AXIS2_PLACEMENT_3D('',#7282,#7283,#7284);
#7282 = CARTESIAN_POINT('',(0.973570713032,1.404670835376,40.));
#7283 = DIRECTION('',(-0.844302313455,0.535867150975,0.));
#7284 = DIRECTION('',(-0.535867150975,-0.844302313455,0.));
#7285 = ADVANCED_FACE('',(#7286),#7304,.T.);
#7286 = FACE_BOUND('',#7287,.T.);
#7287 = EDGE_LOOP('',(#7288,#7296,#7302,#7303));
#7288 = ORIENTED_EDGE('',*,*,#7289,.T.);
#7289 = EDGE_CURVE('',#1927,#7290,#7292,.T.);
#7290 = VERTEX_POINT('',#7291);
#7291 = CARTESIAN_POINT('',(0.471949675568,1.722799437682,38.));
#7292 = LINE('',#7293,#7294);
#7293 = CARTESIAN_POINT('',(0.471949675568,1.722799437682,40.));
#7294 = VECTOR('',#7295,1.);
#7295 = DIRECTION('',(-0.,-0.,-1.));
#7296 = ORIENTED_EDGE('',*,*,#7297,.T.);
#7297 = EDGE_CURVE('',#7290,#7259,#7298,.T.);
#7298 = B_SPLINE_CURVE_WITH_KNOTS('',2,(#7299,#7300,#7301),
  .UNSPECIFIED.,.F.,.F.,(3,3),(0.,1.),.PIECEWISE_BEZIER_KNOTS.);
#7299 = CARTESIAN_POINT('',(0.471949675568,1.722799437682,38.));
#7300 = CARTESIAN_POINT('',(0.772967326865,1.60189706016,38.));
#7301 = CARTESIAN_POINT('',(0.973570713032,1.404670835376,38.));
#7302 = ORIENTED_EDGE('',*,*,#7258,.F.);
#7303 = ORIENTED_EDGE('',*,*,#1934,.F.);
#7304 = SURFACE_OF_LINEAR_EXTRUSION('',#7305,#7309);
#7305 = B_SPLINE_CURVE_WITH_KNOTS('',2,(#7306,#7307,#7308),
  .UNSPECIFIED.,.F.,.F.,(3,3),(0.,1.),.PIECEWISE_BEZIER_KNOTS.);
#7306 = CARTESIAN_POINT('',(0.471949675568,1.722799437682,40.));
#7307 = CARTESIAN_POINT('',(0.772967326865,1.60189706016,40.));
#7308 = CARTESIAN_POINT('',(0.973570713032,1.404670835376,40.));
#7309 = VECTOR('',#7310,1.);
#7310 = DIRECTION('',(0.,0.,1.));
#7311 = ADVANCED_FACE('',(#7312),#7330,.T.);
#7312 = FACE_BOUND('',#7313,.T.);
#7313 = EDGE_LOOP('',(#7314,#7315,#7323,#7329));
#7314 = ORIENTED_EDGE('',*,*,#7274,.T.);
#7315 = ORIENTED_EDGE('',*,*,#7316,.T.);
#7316 = EDGE_CURVE('',#7267,#7317,#7319,.T.);
#7317 = VERTEX_POINT('',#7318);
#7318 = CARTESIAN_POINT('',(0.707225251937,1.022376166788,38.));
#7319 = B_SPLINE_CURVE_WITH_KNOTS('',2,(#7320,#7321,#7322),
  .UNSPECIFIED.,.F.,.F.,(3,3),(0.,1.),.PIECEWISE_BEZIER_KNOTS.);
#7320 = CARTESIAN_POINT('',(0.779946793724,1.099600590419,38.));
#7321 = CARTESIAN_POINT('',(0.745274603522,1.044665431918,38.));
#7322 = CARTESIAN_POINT('',(0.707225251937,1.022376166788,38.));
#7323 = ORIENTED_EDGE('',*,*,#7324,.F.);
#7324 = EDGE_CURVE('',#1551,#7317,#7325,.T.);
#7325 = LINE('',#7326,#7327);
#7326 = CARTESIAN_POINT('',(0.707225251937,1.022376166788,40.));
#7327 = VECTOR('',#7328,1.);
#7328 = DIRECTION('',(-0.,-0.,-1.));
#7329 = ORIENTED_EDGE('',*,*,#1550,.F.);
#7330 = SURFACE_OF_LINEAR_EXTRUSION('',#7331,#7335);
#7331 = B_SPLINE_CURVE_WITH_KNOTS('',2,(#7332,#7333,#7334),
  .UNSPECIFIED.,.F.,.F.,(3,3),(0.,1.),.PIECEWISE_BEZIER_KNOTS.);
#7332 = CARTESIAN_POINT('',(0.779946793724,1.099600590419,40.));
#7333 = CARTESIAN_POINT('',(0.745274603522,1.044665431918,40.));
#7334 = CARTESIAN_POINT('',(0.707225251937,1.022376166788,40.));
#7335 = VECTOR('',#7336,1.);
#7336 = DIRECTION('',(0.,0.,1.));
#7337 = ADVANCED_FACE('',(#7338),#7356,.T.);
#7338 = FACE_BOUND('',#7339,.T.);
#7339 = EDGE_LOOP('',(#7340,#7348,#7354,#7355));
#7340 = ORIENTED_EDGE('',*,*,#7341,.T.);
#7341 = EDGE_CURVE('',#1919,#7342,#7344,.T.);
#7342 = VERTEX_POINT('',#7343);
#7343 = CARTESIAN_POINT('',(-0.195377413769,1.843926959295,38.));
#7344 = LINE('',#7345,#7346);
#7345 = CARTESIAN_POINT('',(-0.195377413769,1.843926959295,40.));
#7346 = VECTOR('',#7347,1.);
#7347 = DIRECTION('',(-0.,-0.,-1.));
#7348 = ORIENTED_EDGE('',*,*,#7349,.T.);
#7349 = EDGE_CURVE('',#7342,#7290,#7350,.T.);
#7350 = B_SPLINE_CURVE_WITH_KNOTS('',2,(#7351,#7352,#7353),
  .UNSPECIFIED.,.F.,.F.,(3,3),(0.,1.),.PIECEWISE_BEZIER_KNOTS.);
#7351 = CARTESIAN_POINT('',(-0.195377413769,1.843926959295,38.));
#7352 = CARTESIAN_POINT('',(0.171157168364,1.843926959295,38.));
#7353 = CARTESIAN_POINT('',(0.471949675568,1.722799437682,38.));
#7354 = ORIENTED_EDGE('',*,*,#7289,.F.);
#7355 = ORIENTED_EDGE('',*,*,#1926,.F.);
#7356 = SURFACE_OF_LINEAR_EXTRUSION('',#7357,#7361);
#7357 = B_SPLINE_CURVE_WITH_KNOTS('',2,(#7358,#7359,#7360),
  .UNSPECIFIED.,.F.,.F.,(3,3),(0.,1.),.PIECEWISE_BEZIER_KNOTS.);
#7358 = CARTESIAN_POINT('',(-0.195377413769,1.843926959295,40.));
#7359 = CARTESIAN_POINT('',(0.171157168364,1.843926959295,40.));
#7360 = CARTESIAN_POINT('',(0.471949675568,1.722799437682,40.));
#7361 = VECTOR('',#7362,1.);
#7362 = DIRECTION('',(0.,0.,1.));
#7363 = ADVANCED_FACE('',(#7364),#7382,.T.);
#7364 = FACE_BOUND('',#7365,.T.);
#7365 = EDGE_LOOP('',(#7366,#7367,#7375,#7381));
#7366 = ORIENTED_EDGE('',*,*,#7324,.T.);
#7367 = ORIENTED_EDGE('',*,*,#7368,.T.);
#7368 = EDGE_CURVE('',#7317,#7369,#7371,.T.);
#7369 = VERTEX_POINT('',#7370);
#7370 = CARTESIAN_POINT('',(0.610413292283,1.000086901659,38.));
#7371 = B_SPLINE_CURVE_WITH_KNOTS('',2,(#7372,#7373,#7374),
  .UNSPECIFIED.,.F.,.F.,(3,3),(0.,1.),.PIECEWISE_BEZIER_KNOTS.);
#7372 = CARTESIAN_POINT('',(0.707225251937,1.022376166788,38.));
#7373 = CARTESIAN_POINT('',(0.669175900352,1.000086901659,38.));
#7374 = CARTESIAN_POINT('',(0.610413292283,1.000086901659,38.));
#7375 = ORIENTED_EDGE('',*,*,#7376,.F.);
#7376 = EDGE_CURVE('',#1559,#7369,#7377,.T.);
#7377 = LINE('',#7378,#7379);
#7378 = CARTESIAN_POINT('',(0.610413292283,1.000086901659,40.));
#7379 = VECTOR('',#7380,1.);
#7380 = DIRECTION('',(-0.,-0.,-1.));
#7381 = ORIENTED_EDGE('',*,*,#1558,.F.);
#7382 = SURFACE_OF_LINEAR_EXTRUSION('',#7383,#7387);
#7383 = B_SPLINE_CURVE_WITH_KNOTS('',2,(#7384,#7385,#7386),
  .UNSPECIFIED.,.F.,.F.,(3,3),(0.,1.),.PIECEWISE_BEZIER_KNOTS.);
#7384 = CARTESIAN_POINT('',(0.707225251937,1.022376166788,40.));
#7385 = CARTESIAN_POINT('',(0.669175900352,1.000086901659,40.));
#7386 = CARTESIAN_POINT('',(0.610413292283,1.000086901659,40.));
#7387 = VECTOR('',#7388,1.);
#7388 = DIRECTION('',(0.,0.,1.));
#7389 = ADVANCED_FACE('',(#7390),#7408,.T.);
#7390 = FACE_BOUND('',#7391,.T.);
#7391 = EDGE_LOOP('',(#7392,#7400,#7406,#7407));
#7392 = ORIENTED_EDGE('',*,*,#7393,.T.);
#7393 = EDGE_CURVE('',#1911,#7394,#7396,.T.);
#7394 = VERTEX_POINT('',#7395);
#7395 = CARTESIAN_POINT('',(-0.774673163048,1.755895619238,38.));
#7396 = LINE('',#7397,#7398);
#7397 = CARTESIAN_POINT('',(-0.774673163048,1.755895619238,40.));
#7398 = VECTOR('',#7399,1.);
#7399 = DIRECTION('',(-0.,-0.,-1.));
#7400 = ORIENTED_EDGE('',*,*,#7401,.T.);
#7401 = EDGE_CURVE('',#7394,#7342,#7402,.T.);
#7402 = B_SPLINE_CURVE_WITH_KNOTS('',2,(#7403,#7404,#7405),
  .UNSPECIFIED.,.F.,.F.,(3,3),(0.,1.),.PIECEWISE_BEZIER_KNOTS.);
#7403 = CARTESIAN_POINT('',(-0.774673163048,1.755895619238,38.));
#7404 = CARTESIAN_POINT('',(-0.523862644316,1.843926959295,38.));
#7405 = CARTESIAN_POINT('',(-0.195377413769,1.843926959295,38.));
#7406 = ORIENTED_EDGE('',*,*,#7341,.F.);
#7407 = ORIENTED_EDGE('',*,*,#1918,.F.);
#7408 = SURFACE_OF_LINEAR_EXTRUSION('',#7409,#7413);
#7409 = B_SPLINE_CURVE_WITH_KNOTS('',2,(#7410,#7411,#7412),
  .UNSPECIFIED.,.F.,.F.,(3,3),(0.,1.),.PIECEWISE_BEZIER_KNOTS.);
#7410 = CARTESIAN_POINT('',(-0.774673163048,1.755895619238,40.));
#7411 = CARTESIAN_POINT('',(-0.523862644316,1.843926959295,40.));
#7412 = CARTESIAN_POINT('',(-0.195377413769,1.843926959295,40.));
#7413 = VECTOR('',#7414,1.);
#7414 = DIRECTION('',(0.,0.,1.));
#7415 = ADVANCED_FACE('',(#7416),#7434,.T.);
#7416 = FACE_BOUND('',#7417,.T.);
#7417 = EDGE_LOOP('',(#7418,#7419,#7427,#7433));
#7418 = ORIENTED_EDGE('',*,*,#7376,.T.);
#7419 = ORIENTED_EDGE('',*,*,#7420,.T.);
#7420 = EDGE_CURVE('',#7369,#7421,#7423,.T.);
#7421 = VERTEX_POINT('',#7422);
#7422 = CARTESIAN_POINT('',(0.477353133782,1.034533947768,38.));
#7423 = B_SPLINE_CURVE_WITH_KNOTS('',2,(#7424,#7425,#7426),
  .UNSPECIFIED.,.F.,.F.,(3,3),(0.,1.),.PIECEWISE_BEZIER_KNOTS.);
#7424 = CARTESIAN_POINT('',(0.610413292283,1.000086901659,38.));
#7425 = CARTESIAN_POINT('',(0.548273522831,1.000086901659,38.));
#7426 = CARTESIAN_POINT('',(0.477353133782,1.034533947768,38.));
#7427 = ORIENTED_EDGE('',*,*,#7428,.F.);
#7428 = EDGE_CURVE('',#1567,#7421,#7429,.T.);
#7429 = LINE('',#7430,#7431);
#7430 = CARTESIAN_POINT('',(0.477353133782,1.034533947768,40.));
#7431 = VECTOR('',#7432,1.);
#7432 = DIRECTION('',(-0.,-0.,-1.));
#7433 = ORIENTED_EDGE('',*,*,#1566,.F.);
#7434 = SURFACE_OF_LINEAR_EXTRUSION('',#7435,#7439);
#7435 = B_SPLINE_CURVE_WITH_KNOTS('',2,(#7436,#7437,#7438),
  .UNSPECIFIED.,.F.,.F.,(3,3),(0.,1.),.PIECEWISE_BEZIER_KNOTS.);
#7436 = CARTESIAN_POINT('',(0.610413292283,1.000086901659,40.));
#7437 = CARTESIAN_POINT('',(0.548273522831,1.000086901659,40.));
#7438 = CARTESIAN_POINT('',(0.477353133782,1.034533947768,40.));
#7439 = VECTOR('',#7440,1.);
#7440 = DIRECTION('',(0.,0.,1.));
#7441 = ADVANCED_FACE('',(#7442),#7460,.T.);
#7442 = FACE_BOUND('',#7443,.T.);
#7443 = EDGE_LOOP('',(#7444,#7452,#7458,#7459));
#7444 = ORIENTED_EDGE('',*,*,#7445,.T.);
#7445 = EDGE_CURVE('',#1903,#7446,#7448,.T.);
#7446 = VERTEX_POINT('',#7447);
#7447 = CARTESIAN_POINT('',(-1.192990886391,1.521070331053,38.));
#7448 = LINE('',#7449,#7450);
#7449 = CARTESIAN_POINT('',(-1.192990886391,1.521070331053,40.));
#7450 = VECTOR('',#7451,1.);
#7451 = DIRECTION('',(-0.,-0.,-1.));
#7452 = ORIENTED_EDGE('',*,*,#7453,.T.);
#7453 = EDGE_CURVE('',#7446,#7394,#7454,.T.);
#7454 = B_SPLINE_CURVE_WITH_KNOTS('',2,(#7455,#7456,#7457),
  .UNSPECIFIED.,.F.,.F.,(3,3),(0.,1.),.PIECEWISE_BEZIER_KNOTS.);
#7455 = CARTESIAN_POINT('',(-1.192990886391,1.521070331053,38.));
#7456 = CARTESIAN_POINT('',(-1.025258537688,1.66786427918,38.));
#7457 = CARTESIAN_POINT('',(-0.774673163048,1.755895619238,38.));
#7458 = ORIENTED_EDGE('',*,*,#7393,.F.);
#7459 = ORIENTED_EDGE('',*,*,#1910,.F.);
#7460 = SURFACE_OF_LINEAR_EXTRUSION('',#7461,#7465);
#7461 = B_SPLINE_CURVE_WITH_KNOTS('',2,(#7462,#7463,#7464),
  .UNSPECIFIED.,.F.,.F.,(3,3),(0.,1.),.PIECEWISE_BEZIER_KNOTS.);
#7462 = CARTESIAN_POINT('',(-1.192990886391,1.521070331053,40.));
#7463 = CARTESIAN_POINT('',(-1.025258537688,1.66786427918,40.));
#7464 = CARTESIAN_POINT('',(-0.774673163048,1.755895619238,40.));
#7465 = VECTOR('',#7466,1.);
#7466 = DIRECTION('',(0.,0.,1.));
#7467 = ADVANCED_FACE('',(#7468),#7486,.T.);
#7468 = FACE_BOUND('',#7469,.T.);
#7469 = EDGE_LOOP('',(#7470,#7471,#7479,#7485));
#7470 = ORIENTED_EDGE('',*,*,#7428,.T.);
#7471 = ORIENTED_EDGE('',*,*,#7472,.T.);
#7472 = EDGE_CURVE('',#7421,#7473,#7475,.T.);
#7473 = VERTEX_POINT('',#7474);
#7474 = CARTESIAN_POINT('',(0.312997946462,1.112208659584,38.));
#7475 = B_SPLINE_CURVE_WITH_KNOTS('',2,(#7476,#7477,#7478),
  .UNSPECIFIED.,.F.,.F.,(3,3),(0.,1.),.PIECEWISE_BEZIER_KNOTS.);
#7476 = CARTESIAN_POINT('',(0.477353133782,1.034533947768,38.));
#7477 = CARTESIAN_POINT('',(0.406432744733,1.068980993878,38.));
#7478 = CARTESIAN_POINT('',(0.312997946462,1.112208659584,38.));
#7479 = ORIENTED_EDGE('',*,*,#7480,.F.);
#7480 = EDGE_CURVE('',#1575,#7473,#7481,.T.);
#7481 = LINE('',#7482,#7483);
#7482 = CARTESIAN_POINT('',(0.312997946462,1.112208659584,40.));
#7483 = VECTOR('',#7484,1.);
#7484 = DIRECTION('',(-0.,-0.,-1.));
#7485 = ORIENTED_EDGE('',*,*,#1574,.F.);
#7486 = SURFACE_OF_LINEAR_EXTRUSION('',#7487,#7491);
#7487 = B_SPLINE_CURVE_WITH_KNOTS('',2,(#7488,#7489,#7490),
  .UNSPECIFIED.,.F.,.F.,(3,3),(0.,1.),.PIECEWISE_BEZIER_KNOTS.);
#7488 = CARTESIAN_POINT('',(0.477353133782,1.034533947768,40.));
#7489 = CARTESIAN_POINT('',(0.406432744733,1.068980993878,40.));
#7490 = CARTESIAN_POINT('',(0.312997946462,1.112208659584,40.));
#7491 = VECTOR('',#7492,1.);
#7492 = DIRECTION('',(0.,0.,1.));
#7493 = ADVANCED_FACE('',(#7494),#7512,.T.);
#7494 = FACE_BOUND('',#7495,.T.);
#7495 = EDGE_LOOP('',(#7496,#7504,#7510,#7511));
#7496 = ORIENTED_EDGE('',*,*,#7497,.T.);
#7497 = EDGE_CURVE('',#1895,#7498,#7500,.T.);
#7498 = VERTEX_POINT('',#7499);
#7499 = CARTESIAN_POINT('',(-1.447178566507,1.177725590419,38.));
#7500 = LINE('',#7501,#7502);
#7501 = CARTESIAN_POINT('',(-1.447178566507,1.177725590419,40.));
#7502 = VECTOR('',#7503,1.);
#7503 = DIRECTION('',(-0.,-0.,-1.));
#7504 = ORIENTED_EDGE('',*,*,#7505,.T.);
#7505 = EDGE_CURVE('',#7498,#7446,#7506,.T.);
#7506 = B_SPLINE_CURVE_WITH_KNOTS('',2,(#7507,#7508,#7509),
  .UNSPECIFIED.,.F.,.F.,(3,3),(0.,1.),.PIECEWISE_BEZIER_KNOTS.);
#7507 = CARTESIAN_POINT('',(-1.447178566507,1.177725590419,38.));
#7508 = CARTESIAN_POINT('',(-1.360723235094,1.374501527019,38.));
#7509 = CARTESIAN_POINT('',(-1.192990886391,1.521070331053,38.));
#7510 = ORIENTED_EDGE('',*,*,#7445,.F.);
#7511 = ORIENTED_EDGE('',*,*,#1902,.F.);
#7512 = SURFACE_OF_LINEAR_EXTRUSION('',#7513,#7517);
#7513 = B_SPLINE_CURVE_WITH_KNOTS('',2,(#7514,#7515,#7516),
  .UNSPECIFIED.,.F.,.F.,(3,3),(0.,1.),.PIECEWISE_BEZIER_KNOTS.);
#7514 = CARTESIAN_POINT('',(-1.447178566507,1.177725590419,40.));
#7515 = CARTESIAN_POINT('',(-1.360723235094,1.374501527019,40.));
#7516 = CARTESIAN_POINT('',(-1.192990886391,1.521070331053,40.));
#7517 = VECTOR('',#7518,1.);
#7518 = DIRECTION('',(0.,0.,1.));
#7519 = ADVANCED_FACE('',(#7520),#7538,.T.);
#7520 = FACE_BOUND('',#7521,.T.);
#7521 = EDGE_LOOP('',(#7522,#7523,#7531,#7537));
#7522 = ORIENTED_EDGE('',*,*,#7480,.T.);
#7523 = ORIENTED_EDGE('',*,*,#7524,.T.);
#7524 = EDGE_CURVE('',#7473,#7525,#7527,.T.);
#7525 = VERTEX_POINT('',#7526);
#7526 = CARTESIAN_POINT('',(0.100236779315,1.189883371399,38.));
#7527 = B_SPLINE_CURVE_WITH_KNOTS('',2,(#7528,#7529,#7530),
  .UNSPECIFIED.,.F.,.F.,(3,3),(0.,1.),.PIECEWISE_BEZIER_KNOTS.);
#7528 = CARTESIAN_POINT('',(0.312997946462,1.112208659584,38.));
#7529 = CARTESIAN_POINT('',(0.219563148191,1.15543632529,38.));
#7530 = CARTESIAN_POINT('',(0.100236779315,1.189883371399,38.));
#7531 = ORIENTED_EDGE('',*,*,#7532,.F.);
#7532 = EDGE_CURVE('',#1583,#7525,#7533,.T.);
#7533 = LINE('',#7534,#7535);
#7534 = CARTESIAN_POINT('',(0.100236779315,1.189883371399,40.));
#7535 = VECTOR('',#7536,1.);
#7536 = DIRECTION('',(-0.,-0.,-1.));
#7537 = ORIENTED_EDGE('',*,*,#1582,.F.);
#7538 = SURFACE_OF_LINEAR_EXTRUSION('',#7539,#7543);
#7539 = B_SPLINE_CURVE_WITH_KNOTS('',2,(#7540,#7541,#7542),
  .UNSPECIFIED.,.F.,.F.,(3,3),(0.,1.),.PIECEWISE_BEZIER_KNOTS.);
#7540 = CARTESIAN_POINT('',(0.312997946462,1.112208659584,40.));
#7541 = CARTESIAN_POINT('',(0.219563148191,1.15543632529,40.));
#7542 = CARTESIAN_POINT('',(0.100236779315,1.189883371399,40.));
#7543 = VECTOR('',#7544,1.);
#7544 = DIRECTION('',(0.,0.,1.));
#7545 = ADVANCED_FACE('',(#7546),#7564,.T.);
#7546 = FACE_BOUND('',#7547,.T.);
#7547 = EDGE_LOOP('',(#7548,#7556,#7562,#7563));
#7548 = ORIENTED_EDGE('',*,*,#7549,.T.);
#7549 = EDGE_CURVE('',#1887,#7550,#7552,.T.);
#7550 = VERTEX_POINT('',#7551);
#7551 = CARTESIAN_POINT('',(-1.533633897919,0.763460460736,38.));
#7552 = LINE('',#7553,#7554);
#7553 = CARTESIAN_POINT('',(-1.533633897919,0.763460460736,40.));
#7554 = VECTOR('',#7555,1.);
#7555 = DIRECTION('',(-0.,-0.,-1.));
#7556 = ORIENTED_EDGE('',*,*,#7557,.T.);
#7557 = EDGE_CURVE('',#7550,#7498,#7558,.T.);
#7558 = B_SPLINE_CURVE_WITH_KNOTS('',2,(#7559,#7560,#7561),
  .UNSPECIFIED.,.F.,.F.,(3,3),(0.,1.),.PIECEWISE_BEZIER_KNOTS.);
#7559 = CARTESIAN_POINT('',(-1.533633897919,0.763460460736,38.));
#7560 = CARTESIAN_POINT('',(-1.533633897919,0.98094965382,38.));
#7561 = CARTESIAN_POINT('',(-1.447178566507,1.177725590419,38.));
#7562 = ORIENTED_EDGE('',*,*,#7497,.F.);
#7563 = ORIENTED_EDGE('',*,*,#1894,.F.);
#7564 = SURFACE_OF_LINEAR_EXTRUSION('',#7565,#7569);
#7565 = B_SPLINE_CURVE_WITH_KNOTS('',2,(#7566,#7567,#7568),
  .UNSPECIFIED.,.F.,.F.,(3,3),(0.,1.),.PIECEWISE_BEZIER_KNOTS.);
#7566 = CARTESIAN_POINT('',(-1.533633897919,0.763460460736,40.));
#7567 = CARTESIAN_POINT('',(-1.533633897919,0.98094965382,40.));
#7568 = CARTESIAN_POINT('',(-1.447178566507,1.177725590419,40.));
#7569 = VECTOR('',#7570,1.);
#7570 = DIRECTION('',(0.,0.,1.));
#7571 = ADVANCED_FACE('',(#7572),#7590,.T.);
#7572 = FACE_BOUND('',#7573,.T.);
#7573 = EDGE_LOOP('',(#7574,#7575,#7583,#7589));
#7574 = ORIENTED_EDGE('',*,*,#7532,.T.);
#7575 = ORIENTED_EDGE('',*,*,#7576,.T.);
#7576 = EDGE_CURVE('',#7525,#7577,#7579,.T.);
#7577 = VERTEX_POINT('',#7578);
#7578 = CARTESIAN_POINT('',(-0.181418480051,1.224330417509,38.));
#7579 = B_SPLINE_CURVE_WITH_KNOTS('',2,(#7580,#7581,#7582),
  .UNSPECIFIED.,.F.,.F.,(3,3),(0.,1.),.PIECEWISE_BEZIER_KNOTS.);
#7580 = CARTESIAN_POINT('',(0.100236779315,1.189883371399,38.));
#7581 = CARTESIAN_POINT('',(-1.886444546907E-02,1.224330417509,38.));
#7582 = CARTESIAN_POINT('',(-0.181418480051,1.224330417509,38.));
#7583 = ORIENTED_EDGE('',*,*,#7584,.F.);
#7584 = EDGE_CURVE('',#1591,#7577,#7585,.T.);
#7585 = LINE('',#7586,#7587);
#7586 = CARTESIAN_POINT('',(-0.181418480051,1.224330417509,40.));
#7587 = VECTOR('',#7588,1.);
#7588 = DIRECTION('',(-0.,-0.,-1.));
#7589 = ORIENTED_EDGE('',*,*,#1590,.F.);
#7590 = SURFACE_OF_LINEAR_EXTRUSION('',#7591,#7595);
#7591 = B_SPLINE_CURVE_WITH_KNOTS('',2,(#7592,#7593,#7594),
  .UNSPECIFIED.,.F.,.F.,(3,3),(0.,1.),.PIECEWISE_BEZIER_KNOTS.);
#7592 = CARTESIAN_POINT('',(0.100236779315,1.189883371399,40.));
#7593 = CARTESIAN_POINT('',(-1.886444546907E-02,1.224330417509,40.));
#7594 = CARTESIAN_POINT('',(-0.181418480051,1.224330417509,40.));
#7595 = VECTOR('',#7596,1.);
#7596 = DIRECTION('',(0.,0.,1.));
#7597 = ADVANCED_FACE('',(#7598),#7616,.T.);
#7598 = FACE_BOUND('',#7599,.T.);
#7599 = EDGE_LOOP('',(#7600,#7608,#7614,#7615));
#7600 = ORIENTED_EDGE('',*,*,#7601,.T.);
#7601 = EDGE_CURVE('',#1879,#7602,#7604,.T.);
#7602 = VERTEX_POINT('',#7603);
#7603 = CARTESIAN_POINT('',(-1.459336347486,0.363154264771,38.));
#7604 = LINE('',#7605,#7606);
#7605 = CARTESIAN_POINT('',(-1.459336347486,0.363154264771,40.));
#7606 = VECTOR('',#7607,1.);
#7607 = DIRECTION('',(-0.,-0.,-1.));
#7608 = ORIENTED_EDGE('',*,*,#7609,.T.);
#7609 = EDGE_CURVE('',#7602,#7550,#7610,.T.);
#7610 = B_SPLINE_CURVE_WITH_KNOTS('',2,(#7611,#7612,#7613),
  .UNSPECIFIED.,.F.,.F.,(3,3),(0.,1.),.PIECEWISE_BEZIER_KNOTS.);
#7611 = CARTESIAN_POINT('',(-1.459336347486,0.363154264771,38.));
#7612 = CARTESIAN_POINT('',(-1.533633897919,0.528860316644,38.));
#7613 = CARTESIAN_POINT('',(-1.533633897919,0.763460460736,38.));
#7614 = ORIENTED_EDGE('',*,*,#7549,.F.);
#7615 = ORIENTED_EDGE('',*,*,#1886,.F.);
#7616 = SURFACE_OF_LINEAR_EXTRUSION('',#7617,#7621);
#7617 = B_SPLINE_CURVE_WITH_KNOTS('',2,(#7618,#7619,#7620),
  .UNSPECIFIED.,.F.,.F.,(3,3),(0.,1.),.PIECEWISE_BEZIER_KNOTS.);
#7618 = CARTESIAN_POINT('',(-1.459336347486,0.363154264771,40.));
#7619 = CARTESIAN_POINT('',(-1.533633897919,0.528860316644,40.));
#7620 = CARTESIAN_POINT('',(-1.533633897919,0.763460460736,40.));
#7621 = VECTOR('',#7622,1.);
#7622 = DIRECTION('',(0.,0.,1.));
#7623 = ADVANCED_FACE('',(#7624),#7642,.T.);
#7624 = FACE_BOUND('',#7625,.T.);
#7625 = EDGE_LOOP('',(#7626,#7627,#7635,#7641));
#7626 = ORIENTED_EDGE('',*,*,#7584,.T.);
#7627 = ORIENTED_EDGE('',*,*,#7628,.T.);
#7628 = EDGE_CURVE('',#7577,#7629,#7631,.T.);
#7629 = VERTEX_POINT('',#7630);
#7630 = CARTESIAN_POINT('',(-0.579248091002,1.11693668552,38.));
#7631 = B_SPLINE_CURVE_WITH_KNOTS('',2,(#7632,#7633,#7634),
  .UNSPECIFIED.,.F.,.F.,(3,3),(0.,1.),.PIECEWISE_BEZIER_KNOTS.);
#7632 = CARTESIAN_POINT('',(-0.181418480051,1.224330417509,38.));
#7633 = CARTESIAN_POINT('',(-0.434030151521,1.224330417509,38.));
#7634 = CARTESIAN_POINT('',(-0.579248091002,1.11693668552,38.));
#7635 = ORIENTED_EDGE('',*,*,#7636,.F.);
#7636 = EDGE_CURVE('',#1599,#7629,#7637,.T.);
#7637 = LINE('',#7638,#7639);
#7638 = CARTESIAN_POINT('',(-0.579248091002,1.11693668552,40.));
#7639 = VECTOR('',#7640,1.);
#7640 = DIRECTION('',(-0.,-0.,-1.));
#7641 = ORIENTED_EDGE('',*,*,#1598,.F.);
#7642 = SURFACE_OF_LINEAR_EXTRUSION('',#7643,#7647);
#7643 = B_SPLINE_CURVE_WITH_KNOTS('',2,(#7644,#7645,#7646),
  .UNSPECIFIED.,.F.,.F.,(3,3),(0.,1.),.PIECEWISE_BEZIER_KNOTS.);
#7644 = CARTESIAN_POINT('',(-0.181418480051,1.224330417509,40.));
#7645 = CARTESIAN_POINT('',(-0.434030151521,1.224330417509,40.));
#7646 = CARTESIAN_POINT('',(-0.579248091002,1.11693668552,40.));
#7647 = VECTOR('',#7648,1.);
#7648 = DIRECTION('',(0.,0.,1.));
#7649 = ADVANCED_FACE('',(#7650),#7668,.T.);
#7650 = FACE_BOUND('',#7651,.T.);
#7651 = EDGE_LOOP('',(#7652,#7660,#7666,#7667));
#7652 = ORIENTED_EDGE('',*,*,#7653,.T.);
#7653 = EDGE_CURVE('',#1871,#7654,#7656,.T.);
#7654 = VERTEX_POINT('',#7655);
#7655 = CARTESIAN_POINT('',(-1.262335266795,8.352530223492E-02,38.));
#7656 = LINE('',#7657,#7658);
#7657 = CARTESIAN_POINT('',(-1.262335266795,8.352530223492E-02,40.));
#7658 = VECTOR('',#7659,1.);
#7659 = DIRECTION('',(-0.,-0.,-1.));
#7660 = ORIENTED_EDGE('',*,*,#7661,.T.);
#7661 = EDGE_CURVE('',#7654,#7602,#7662,.T.);
#7662 = B_SPLINE_CURVE_WITH_KNOTS('',2,(#7663,#7664,#7665),
  .UNSPECIFIED.,.F.,.F.,(3,3),(0.,1.),.PIECEWISE_BEZIER_KNOTS.);
#7663 = CARTESIAN_POINT('',(-1.262335266795,8.352530223492E-02,38.));
#7664 = CARTESIAN_POINT('',(-1.385038797054,0.197448212898,38.));
#7665 = CARTESIAN_POINT('',(-1.459336347486,0.363154264771,38.));
#7666 = ORIENTED_EDGE('',*,*,#7601,.F.);
#7667 = ORIENTED_EDGE('',*,*,#1878,.F.);
#7668 = SURFACE_OF_LINEAR_EXTRUSION('',#7669,#7673);
#7669 = B_SPLINE_CURVE_WITH_KNOTS('',2,(#7670,#7671,#7672),
  .UNSPECIFIED.,.F.,.F.,(3,3),(0.,1.),.PIECEWISE_BEZIER_KNOTS.);
#7670 = CARTESIAN_POINT('',(-1.262335266795,8.352530223492E-02,40.));
#7671 = CARTESIAN_POINT('',(-1.385038797054,0.197448212898,40.));
#7672 = CARTESIAN_POINT('',(-1.459336347486,0.363154264771,40.));
#7673 = VECTOR('',#7674,1.);
#7674 = DIRECTION('',(0.,0.,1.));
#7675 = ADVANCED_FACE('',(#7676),#7694,.T.);
#7676 = FACE_BOUND('',#7677,.T.);
#7677 = EDGE_LOOP('',(#7678,#7679,#7687,#7693));
#7678 = ORIENTED_EDGE('',*,*,#7636,.T.);
#7679 = ORIENTED_EDGE('',*,*,#7680,.T.);
#7680 = EDGE_CURVE('',#7629,#7681,#7683,.T.);
#7681 = VERTEX_POINT('',#7682);
#7682 = CARTESIAN_POINT('',(-0.724466030483,0.836407146615,38.));
#7683 = B_SPLINE_CURVE_WITH_KNOTS('',2,(#7684,#7685,#7686),
  .UNSPECIFIED.,.F.,.F.,(3,3),(0.,1.),.PIECEWISE_BEZIER_KNOTS.);
#7684 = CARTESIAN_POINT('',(-0.579248091002,1.11693668552,38.));
#7685 = CARTESIAN_POINT('',(-0.724466030483,1.009542953532,38.));
#7686 = CARTESIAN_POINT('',(-0.724466030483,0.836407146615,38.));
#7687 = ORIENTED_EDGE('',*,*,#7688,.F.);
#7688 = EDGE_CURVE('',#1607,#7681,#7689,.T.);
#7689 = LINE('',#7690,#7691);
#7690 = CARTESIAN_POINT('',(-0.724466030483,0.836407146615,40.));
#7691 = VECTOR('',#7692,1.);
#7692 = DIRECTION('',(-0.,-0.,-1.));
#7693 = ORIENTED_EDGE('',*,*,#1606,.F.);
#7694 = SURFACE_OF_LINEAR_EXTRUSION('',#7695,#7699);
#7695 = B_SPLINE_CURVE_WITH_KNOTS('',2,(#7696,#7697,#7698),
  .UNSPECIFIED.,.F.,.F.,(3,3),(0.,1.),.PIECEWISE_BEZIER_KNOTS.);
#7696 = CARTESIAN_POINT('',(-0.579248091002,1.11693668552,40.));
#7697 = CARTESIAN_POINT('',(-0.724466030483,1.009542953532,40.));
#7698 = CARTESIAN_POINT('',(-0.724466030483,0.836407146615,40.));
#7699 = VECTOR('',#7700,1.);
#7700 = DIRECTION('',(0.,0.,1.));
#7701 = ADVANCED_FACE('',(#7702),#7720,.T.);
#7702 = FACE_BOUND('',#7703,.T.);
#7703 = EDGE_LOOP('',(#7704,#7712,#7718,#7719));
#7704 = ORIENTED_EDGE('',*,*,#7705,.T.);
#7705 = EDGE_CURVE('',#1863,#7706,#7708,.T.);
#7706 = VERTEX_POINT('',#7707);
#7707 = CARTESIAN_POINT('',(-0.982030871982,-0.10469515886,38.));
#7708 = LINE('',#7709,#7710);
#7709 = CARTESIAN_POINT('',(-0.982030871982,-0.10469515886,40.));
#7710 = VECTOR('',#7711,1.);
#7711 = DIRECTION('',(-0.,-0.,-1.));
#7712 = ORIENTED_EDGE('',*,*,#7713,.T.);
#7713 = EDGE_CURVE('',#7706,#7654,#7714,.T.);
#7714 = B_SPLINE_CURVE_WITH_KNOTS('',2,(#7715,#7716,#7717),
  .UNSPECIFIED.,.F.,.F.,(3,3),(0.,1.),.PIECEWISE_BEZIER_KNOTS.);
#7715 = CARTESIAN_POINT('',(-0.982030871982,-0.10469515886,38.));
#7716 = CARTESIAN_POINT('',(-1.139406592443,-3.03976084279E-02,38.));
#7717 = CARTESIAN_POINT('',(-1.262335266795,8.352530223492E-02,38.));
#7718 = ORIENTED_EDGE('',*,*,#7653,.F.);
#7719 = ORIENTED_EDGE('',*,*,#1870,.F.);
#7720 = SURFACE_OF_LINEAR_EXTRUSION('',#7721,#7725);
#7721 = B_SPLINE_CURVE_WITH_KNOTS('',2,(#7722,#7723,#7724),
  .UNSPECIFIED.,.F.,.F.,(3,3),(0.,1.),.PIECEWISE_BEZIER_KNOTS.);
#7722 = CARTESIAN_POINT('',(-0.982030871982,-0.10469515886,40.));
#7723 = CARTESIAN_POINT('',(-1.139406592443,-3.03976084279E-02,40.));
#7724 = CARTESIAN_POINT('',(-1.262335266795,8.352530223492E-02,40.));
#7725 = VECTOR('',#7726,1.);
#7726 = DIRECTION('',(0.,0.,1.));
#7727 = ADVANCED_FACE('',(#7728),#7746,.T.);
#7728 = FACE_BOUND('',#7729,.T.);
#7729 = EDGE_LOOP('',(#7730,#7731,#7739,#7745));
#7730 = ORIENTED_EDGE('',*,*,#7688,.T.);
#7731 = ORIENTED_EDGE('',*,*,#7732,.T.);
#7732 = EDGE_CURVE('',#7681,#7733,#7735,.T.);
#7733 = VERTEX_POINT('',#7734);
#7734 = CARTESIAN_POINT('',(-0.650168480051,0.644359235953,38.));
#7735 = B_SPLINE_CURVE_WITH_KNOTS('',2,(#7736,#7737,#7738),
  .UNSPECIFIED.,.F.,.F.,(3,3),(0.,1.),.PIECEWISE_BEZIER_KNOTS.);
#7736 = CARTESIAN_POINT('',(-0.724466030483,0.836407146615,38.));
#7737 = CARTESIAN_POINT('',(-0.724466030483,0.72225909186,38.));
#7738 = CARTESIAN_POINT('',(-0.650168480051,0.644359235953,38.));
#7739 = ORIENTED_EDGE('',*,*,#7740,.F.);
#7740 = EDGE_CURVE('',#1615,#7733,#7741,.T.);
#7741 = LINE('',#7742,#7743);
#7742 = CARTESIAN_POINT('',(-0.650168480051,0.644359235953,40.));
#7743 = VECTOR('',#7744,1.);
#7744 = DIRECTION('',(-0.,-0.,-1.));
#7745 = ORIENTED_EDGE('',*,*,#1614,.F.);
#7746 = SURFACE_OF_LINEAR_EXTRUSION('',#7747,#7751);
#7747 = B_SPLINE_CURVE_WITH_KNOTS('',2,(#7748,#7749,#7750),
  .UNSPECIFIED.,.F.,.F.,(3,3),(0.,1.),.PIECEWISE_BEZIER_KNOTS.);
#7748 = CARTESIAN_POINT('',(-0.724466030483,0.836407146615,40.));
#7749 = CARTESIAN_POINT('',(-0.724466030483,0.72225909186,40.));
#7750 = CARTESIAN_POINT('',(-0.650168480051,0.644359235953,40.));
#7751 = VECTOR('',#7752,1.);
#7752 = DIRECTION('',(0.,0.,1.));
#7753 = ADVANCED_FACE('',(#7754),#7772,.T.);
#7754 = FACE_BOUND('',#7755,.T.);
#7755 = EDGE_LOOP('',(#7756,#7764,#7770,#7771));
#7756 = ORIENTED_EDGE('',*,*,#7757,.T.);
#7757 = EDGE_CURVE('',#1855,#7758,#7760,.T.);
#7758 = VERTEX_POINT('',#7759);
#7759 = CARTESIAN_POINT('',(-0.660525108293,-0.234153011886,38.));
#7760 = LINE('',#7761,#7762);
#7761 = CARTESIAN_POINT('',(-0.660525108293,-0.234153011886,40.));
#7762 = VECTOR('',#7763,1.);
#7763 = DIRECTION('',(-0.,-0.,-1.));
#7764 = ORIENTED_EDGE('',*,*,#7765,.T.);
#7765 = EDGE_CURVE('',#7758,#7706,#7766,.T.);
#7766 = B_SPLINE_CURVE_WITH_KNOTS('',2,(#7767,#7768,#7769),
  .UNSPECIFIED.,.F.,.F.,(3,3),(0.,1.),.PIECEWISE_BEZIER_KNOTS.);
#7767 = CARTESIAN_POINT('',(-0.660525108293,-0.234153011886,38.));
#7768 = CARTESIAN_POINT('',(-0.824655151521,-0.1787675652,38.));
#7769 = CARTESIAN_POINT('',(-0.982030871982,-0.10469515886,38.));
#7770 = ORIENTED_EDGE('',*,*,#7705,.F.);
#7771 = ORIENTED_EDGE('',*,*,#1862,.F.);
#7772 = SURFACE_OF_LINEAR_EXTRUSION('',#7773,#7777);
#7773 = B_SPLINE_CURVE_WITH_KNOTS('',2,(#7774,#7775,#7776),
  .UNSPECIFIED.,.F.,.F.,(3,3),(0.,1.),.PIECEWISE_BEZIER_KNOTS.);
#7774 = CARTESIAN_POINT('',(-0.660525108293,-0.234153011886,40.));
#7775 = CARTESIAN_POINT('',(-0.824655151521,-0.1787675652,40.));
#7776 = CARTESIAN_POINT('',(-0.982030871982,-0.10469515886,40.));
#7777 = VECTOR('',#7778,1.);
#7778 = DIRECTION('',(0.,0.,1.));
#7779 = ADVANCED_FACE('',(#7780),#7798,.T.);
#7780 = FACE_BOUND('',#7781,.T.);
#7781 = EDGE_LOOP('',(#7782,#7783,#7791,#7797));
#7782 = ORIENTED_EDGE('',*,*,#7740,.T.);
#7783 = ORIENTED_EDGE('',*,*,#7784,.T.);
#7784 = EDGE_CURVE('',#7733,#7785,#7787,.T.);
#7785 = VERTEX_POINT('',#7786);
#7786 = CARTESIAN_POINT('',(-0.452942255267,0.507471627883,38.));
#7787 = B_SPLINE_CURVE_WITH_KNOTS('',2,(#7788,#7789,#7790),
  .UNSPECIFIED.,.F.,.F.,(3,3),(0.,1.),.PIECEWISE_BEZIER_KNOTS.);
#7788 = CARTESIAN_POINT('',(-0.650168480051,0.644359235953,38.));
#7789 = CARTESIAN_POINT('',(-0.575645785527,0.566459380045,38.));
#7790 = CARTESIAN_POINT('',(-0.452942255267,0.507471627883,38.));
#7791 = ORIENTED_EDGE('',*,*,#7792,.F.);
#7792 = EDGE_CURVE('',#1623,#7785,#7793,.T.);
#7793 = LINE('',#7794,#7795);
#7794 = CARTESIAN_POINT('',(-0.452942255267,0.507471627883,40.));
#7795 = VECTOR('',#7796,1.);
#7796 = DIRECTION('',(-0.,-0.,-1.));
#7797 = ORIENTED_EDGE('',*,*,#1622,.F.);
#7798 = SURFACE_OF_LINEAR_EXTRUSION('',#7799,#7803);
#7799 = B_SPLINE_CURVE_WITH_KNOTS('',2,(#7800,#7801,#7802),
  .UNSPECIFIED.,.F.,.F.,(3,3),(0.,1.),.PIECEWISE_BEZIER_KNOTS.);
#7800 = CARTESIAN_POINT('',(-0.650168480051,0.644359235953,40.));
#7801 = CARTESIAN_POINT('',(-0.575645785527,0.566459380045,40.));
#7802 = CARTESIAN_POINT('',(-0.452942255267,0.507471627883,40.));
#7803 = VECTOR('',#7804,1.);
#7804 = DIRECTION('',(0.,0.,1.));
#7805 = ADVANCED_FACE('',(#7806),#7824,.T.);
#7806 = FACE_BOUND('',#7807,.T.);
#7807 = EDGE_LOOP('',(#7808,#7816,#7822,#7823));
#7808 = ORIENTED_EDGE('',*,*,#7809,.T.);
#7809 = EDGE_CURVE('',#1847,#7810,#7812,.T.);
#7810 = VERTEX_POINT('',#7811);
#7811 = CARTESIAN_POINT('',(-0.338794200512,-0.335918141569,38.));
#7812 = LINE('',#7813,#7814);
#7813 = CARTESIAN_POINT('',(-0.338794200512,-0.335918141569,40.));
#7814 = VECTOR('',#7815,1.);
#7815 = DIRECTION('',(-0.,-0.,-1.));
#7816 = ORIENTED_EDGE('',*,*,#7817,.T.);
#7817 = EDGE_CURVE('',#7810,#7758,#7818,.T.);
#7818 = B_SPLINE_CURVE_WITH_KNOTS('',2,(#7819,#7820,#7821),
  .UNSPECIFIED.,.F.,.F.,(3,3),(0.,1.),.PIECEWISE_BEZIER_KNOTS.);
#7819 = CARTESIAN_POINT('',(-0.338794200512,-0.335918141569,38.));
#7820 = CARTESIAN_POINT('',(-0.496169920973,-0.28931331448,38.));
#7821 = CARTESIAN_POINT('',(-0.660525108293,-0.234153011886,38.));
#7822 = ORIENTED_EDGE('',*,*,#7757,.F.);
#7823 = ORIENTED_EDGE('',*,*,#1854,.F.);
#7824 = SURFACE_OF_LINEAR_EXTRUSION('',#7825,#7829);
#7825 = B_SPLINE_CURVE_WITH_KNOTS('',2,(#7826,#7827,#7828),
  .UNSPECIFIED.,.F.,.F.,(3,3),(0.,1.),.PIECEWISE_BEZIER_KNOTS.);
#7826 = CARTESIAN_POINT('',(-0.338794200512,-0.335918141569,40.));
#7827 = CARTESIAN_POINT('',(-0.496169920973,-0.28931331448,40.));
#7828 = CARTESIAN_POINT('',(-0.660525108293,-0.234153011886,40.));
#7829 = VECTOR('',#7830,1.);
#7830 = DIRECTION('',(0.,0.,1.));
#7831 = ADVANCED_FACE('',(#7832),#7850,.T.);
#7832 = FACE_BOUND('',#7833,.T.);
#7833 = EDGE_LOOP('',(#7834,#7835,#7843,#7849));
#7834 = ORIENTED_EDGE('',*,*,#7792,.T.);
#7835 = ORIENTED_EDGE('',*,*,#7836,.T.);
#7836 = EDGE_CURVE('',#7785,#7837,#7839,.T.);
#7837 = VERTEX_POINT('',#7838);
#7838 = CARTESIAN_POINT('',(-0.174664157285,0.401879048633,38.));
#7839 = B_SPLINE_CURVE_WITH_KNOTS('',2,(#7840,#7841,#7842),
  .UNSPECIFIED.,.F.,.F.,(3,3),(0.,1.),.PIECEWISE_BEZIER_KNOTS.);
#7840 = CARTESIAN_POINT('',(-0.452942255267,0.507471627883,38.));
#7841 = CARTESIAN_POINT('',(-0.330238725008,0.448709019814,38.));
#7842 = CARTESIAN_POINT('',(-0.174664157285,0.401879048633,38.));
#7843 = ORIENTED_EDGE('',*,*,#7844,.F.);
#7844 = EDGE_CURVE('',#1631,#7837,#7845,.T.);
#7845 = LINE('',#7846,#7847);
#7846 = CARTESIAN_POINT('',(-0.174664157285,0.401879048633,40.));
#7847 = VECTOR('',#7848,1.);
#7848 = DIRECTION('',(-0.,-0.,-1.));
#7849 = ORIENTED_EDGE('',*,*,#1630,.F.);
#7850 = SURFACE_OF_LINEAR_EXTRUSION('',#7851,#7855);
#7851 = B_SPLINE_CURVE_WITH_KNOTS('',2,(#7852,#7853,#7854),
  .UNSPECIFIED.,.F.,.F.,(3,3),(0.,1.),.PIECEWISE_BEZIER_KNOTS.);
#7852 = CARTESIAN_POINT('',(-0.452942255267,0.507471627883,40.));
#7853 = CARTESIAN_POINT('',(-0.330238725008,0.448709019814,40.));
#7854 = CARTESIAN_POINT('',(-0.174664157285,0.401879048633,40.));
#7855 = VECTOR('',#7856,1.);
#7856 = DIRECTION('',(0.,0.,1.));
#7857 = ADVANCED_FACE('',(#7858),#7876,.T.);
#7858 = FACE_BOUND('',#7859,.T.);
#7859 = EDGE_LOOP('',(#7860,#7868,#7874,#7875));
#7860 = ORIENTED_EDGE('',*,*,#7861,.T.);
#7861 = EDGE_CURVE('',#1839,#7862,#7864,.T.);
#7862 = VERTEX_POINT('',#7863);
#7863 = CARTESIAN_POINT('',(-5.871494979183E-02,-0.441285576728,38.));
#7864 = LINE('',#7865,#7866);
#7865 = CARTESIAN_POINT('',(-5.871494979183E-02,-0.441285576728,40.));
#7866 = VECTOR('',#7867,1.);
#7867 = DIRECTION('',(-0.,-0.,-1.));
#7868 = ORIENTED_EDGE('',*,*,#7869,.T.);
#7869 = EDGE_CURVE('',#7862,#7810,#7870,.T.);
#7870 = B_SPLINE_CURVE_WITH_KNOTS('',2,(#7871,#7872,#7873),
  .UNSPECIFIED.,.F.,.F.,(3,3),(0.,1.),.PIECEWISE_BEZIER_KNOTS.);
#7871 = CARTESIAN_POINT('',(-5.871494979183E-02,-0.441285576728,38.));
#7872 = CARTESIAN_POINT('',(-0.181418480051,-0.382522968658,38.));
#7873 = CARTESIAN_POINT('',(-0.338794200512,-0.335918141569,38.));
#7874 = ORIENTED_EDGE('',*,*,#7809,.F.);
#7875 = ORIENTED_EDGE('',*,*,#1846,.F.);
#7876 = SURFACE_OF_LINEAR_EXTRUSION('',#7877,#7881);
#7877 = B_SPLINE_CURVE_WITH_KNOTS('',2,(#7878,#7879,#7880),
  .UNSPECIFIED.,.F.,.F.,(3,3),(0.,1.),.PIECEWISE_BEZIER_KNOTS.);
#7878 = CARTESIAN_POINT('',(-5.871494979183E-02,-0.441285576728,40.));
#7879 = CARTESIAN_POINT('',(-0.181418480051,-0.382522968658,40.));
#7880 = CARTESIAN_POINT('',(-0.338794200512,-0.335918141569,40.));
#7881 = VECTOR('',#7882,1.);
#7882 = DIRECTION('',(0.,0.,1.));
#7883 = ADVANCED_FACE('',(#7884),#7902,.T.);
#7884 = FACE_BOUND('',#7885,.T.);
#7885 = EDGE_LOOP('',(#7886,#7887,#7895,#7901));
#7886 = ORIENTED_EDGE('',*,*,#7844,.T.);
#7887 = ORIENTED_EDGE('',*,*,#7888,.T.);
#7888 = EDGE_CURVE('',#7837,#7889,#7891,.T.);
#7889 = VERTEX_POINT('',#7890);
#7890 = CARTESIAN_POINT('',(0.143464445021,0.299663630765,38.));
#7891 = B_SPLINE_CURVE_WITH_KNOTS('',2,(#7892,#7893,#7894),
  .UNSPECIFIED.,.F.,.F.,(3,3),(0.,1.),.PIECEWISE_BEZIER_KNOTS.);
#7892 = CARTESIAN_POINT('',(-0.174664157285,0.401879048633,38.));
#7893 = CARTESIAN_POINT('',(-1.886444546907E-02,0.355274221543,38.));
#7894 = CARTESIAN_POINT('',(0.143464445021,0.299663630765,38.));
#7895 = ORIENTED_EDGE('',*,*,#7896,.F.);
#7896 = EDGE_CURVE('',#1639,#7889,#7897,.T.);
#7897 = LINE('',#7898,#7899);
#7898 = CARTESIAN_POINT('',(0.143464445021,0.299663630765,40.));
#7899 = VECTOR('',#7900,1.);
#7900 = DIRECTION('',(-0.,-0.,-1.));
#7901 = ORIENTED_EDGE('',*,*,#1638,.F.);
#7902 = SURFACE_OF_LINEAR_EXTRUSION('',#7903,#7907);
#7903 = B_SPLINE_CURVE_WITH_KNOTS('',2,(#7904,#7905,#7906),
  .UNSPECIFIED.,.F.,.F.,(3,3),(0.,1.),.PIECEWISE_BEZIER_KNOTS.);
#7904 = CARTESIAN_POINT('',(-0.174664157285,0.401879048633,40.));
#7905 = CARTESIAN_POINT('',(-1.886444546907E-02,0.355274221543,40.));
#7906 = CARTESIAN_POINT('',(0.143464445021,0.299663630765,40.));
#7907 = VECTOR('',#7908,1.);
#7908 = DIRECTION('',(0.,0.,1.));
#7909 = ADVANCED_FACE('',(#7910),#7928,.T.);
#7910 = FACE_BOUND('',#7911,.T.);
#7911 = EDGE_LOOP('',(#7912,#7920,#7926,#7927));
#7912 = ORIENTED_EDGE('',*,*,#7913,.T.);
#7913 = EDGE_CURVE('',#1831,#7914,#7916,.T.);
#7914 = VERTEX_POINT('',#7915);
#7915 = CARTESIAN_POINT('',(0.1382861309,-0.579298905258,38.));
#7916 = LINE('',#7917,#7918);
#7917 = CARTESIAN_POINT('',(0.1382861309,-0.579298905258,40.));
#7918 = VECTOR('',#7919,1.);
#7919 = DIRECTION('',(-0.,-0.,-1.));
#7920 = ORIENTED_EDGE('',*,*,#7921,.T.);
#7921 = EDGE_CURVE('',#7914,#7862,#7922,.T.);
#7922 = B_SPLINE_CURVE_WITH_KNOTS('',2,(#7923,#7924,#7925),
  .UNSPECIFIED.,.F.,.F.,(3,3),(0.,1.),.PIECEWISE_BEZIER_KNOTS.);
#7923 = CARTESIAN_POINT('',(0.1382861309,-0.579298905258,38.));
#7924 = CARTESIAN_POINT('',(6.398858046753E-02,-0.499823040705,38.));
#7925 = CARTESIAN_POINT('',(-5.871494979183E-02,-0.441285576728,38.));
#7926 = ORIENTED_EDGE('',*,*,#7861,.F.);
#7927 = ORIENTED_EDGE('',*,*,#1838,.F.);
#7928 = SURFACE_OF_LINEAR_EXTRUSION('',#7929,#7933);
#7929 = B_SPLINE_CURVE_WITH_KNOTS('',2,(#7930,#7931,#7932),
  .UNSPECIFIED.,.F.,.F.,(3,3),(0.,1.),.PIECEWISE_BEZIER_KNOTS.);
#7930 = CARTESIAN_POINT('',(0.1382861309,-0.579298905258,40.));
#7931 = CARTESIAN_POINT('',(6.398858046753E-02,-0.499823040705,40.));
#7932 = CARTESIAN_POINT('',(-5.871494979183E-02,-0.441285576728,40.));
#7933 = VECTOR('',#7934,1.);
#7934 = DIRECTION('',(0.,0.,1.));
#7935 = ADVANCED_FACE('',(#7936),#7954,.T.);
#7936 = FACE_BOUND('',#7937,.T.);
#7937 = EDGE_LOOP('',(#7938,#7939,#7947,#7953));
#7938 = ORIENTED_EDGE('',*,*,#7896,.T.);
#7939 = ORIENTED_EDGE('',*,*,#7940,.T.);
#7940 = EDGE_CURVE('',#7889,#7941,#7943,.T.);
#7941 = VERTEX_POINT('',#7942);
#7942 = CARTESIAN_POINT('',(0.461593047326,0.17335779503,38.));
#7943 = B_SPLINE_CURVE_WITH_KNOTS('',2,(#7944,#7945,#7946),
  .UNSPECIFIED.,.F.,.F.,(3,3),(0.,1.),.PIECEWISE_BEZIER_KNOTS.);
#7944 = CARTESIAN_POINT('',(0.143464445021,0.299663630765,38.));
#7945 = CARTESIAN_POINT('',(0.306018479603,0.244278184079,38.));
#7946 = CARTESIAN_POINT('',(0.461593047326,0.17335779503,38.));
#7947 = ORIENTED_EDGE('',*,*,#7948,.F.);
#7948 = EDGE_CURVE('',#1647,#7941,#7949,.T.);
#7949 = LINE('',#7950,#7951);
#7950 = CARTESIAN_POINT('',(0.461593047326,0.17335779503,40.));
#7951 = VECTOR('',#7952,1.);
#7952 = DIRECTION('',(-0.,-0.,-1.));
#7953 = ORIENTED_EDGE('',*,*,#1646,.F.);
#7954 = SURFACE_OF_LINEAR_EXTRUSION('',#7955,#7959);
#7955 = B_SPLINE_CURVE_WITH_KNOTS('',2,(#7956,#7957,#7958),
  .UNSPECIFIED.,.F.,.F.,(3,3),(0.,1.),.PIECEWISE_BEZIER_KNOTS.);
#7956 = CARTESIAN_POINT('',(0.143464445021,0.299663630765,40.));
#7957 = CARTESIAN_POINT('',(0.306018479603,0.244278184079,40.));
#7958 = CARTESIAN_POINT('',(0.461593047326,0.17335779503,40.));
#7959 = VECTOR('',#7960,1.);
#7960 = DIRECTION('',(0.,0.,1.));
#7961 = ADVANCED_FACE('',(#7962),#7980,.T.);
#7962 = FACE_BOUND('',#7963,.T.);
#7963 = EDGE_LOOP('',(#7964,#7972,#7978,#7979));
#7964 = ORIENTED_EDGE('',*,*,#7965,.T.);
#7965 = EDGE_CURVE('',#1823,#7966,#7968,.T.);
#7966 = VERTEX_POINT('',#7967);
#7967 = CARTESIAN_POINT('',(0.212808825424,-0.782829164624,38.));
#7968 = LINE('',#7969,#7970);
#7969 = CARTESIAN_POINT('',(0.212808825424,-0.782829164624,40.));
#7970 = VECTOR('',#7971,1.);
#7971 = DIRECTION('',(-0.,-0.,-1.));
#7972 = ORIENTED_EDGE('',*,*,#7973,.T.);
#7973 = EDGE_CURVE('',#7966,#7914,#7974,.T.);
#7974 = B_SPLINE_CURVE_WITH_KNOTS('',2,(#7975,#7976,#7977),
  .UNSPECIFIED.,.F.,.F.,(3,3),(0.,1.),.PIECEWISE_BEZIER_KNOTS.);
#7975 = CARTESIAN_POINT('',(0.212808825424,-0.782829164624,38.));
#7976 = CARTESIAN_POINT('',(0.212808825424,-0.658549625719,38.));
#7977 = CARTESIAN_POINT('',(0.1382861309,-0.579298905258,38.));
#7978 = ORIENTED_EDGE('',*,*,#7913,.F.);
#7979 = ORIENTED_EDGE('',*,*,#1830,.F.);
#7980 = SURFACE_OF_LINEAR_EXTRUSION('',#7981,#7985);
#7981 = B_SPLINE_CURVE_WITH_KNOTS('',2,(#7982,#7983,#7984),
  .UNSPECIFIED.,.F.,.F.,(3,3),(0.,1.),.PIECEWISE_BEZIER_KNOTS.);
#7982 = CARTESIAN_POINT('',(0.212808825424,-0.782829164624,40.));
#7983 = CARTESIAN_POINT('',(0.212808825424,-0.658549625719,40.));
#7984 = CARTESIAN_POINT('',(0.1382861309,-0.579298905258,40.));
#7985 = VECTOR('',#7986,1.);
#7986 = DIRECTION('',(0.,0.,1.));
#7987 = ADVANCED_FACE('',(#7988),#8006,.T.);
#7988 = FACE_BOUND('',#7989,.T.);
#7989 = EDGE_LOOP('',(#7990,#7991,#7999,#8005));
#7990 = ORIENTED_EDGE('',*,*,#7948,.T.);
#7991 = ORIENTED_EDGE('',*,*,#7992,.T.);
#7992 = EDGE_CURVE('',#7941,#7993,#7995,.T.);
#7993 = VERTEX_POINT('',#7994);
#7994 = CARTESIAN_POINT('',(0.740096289401,-6.757478744905E-03,38.));
#7995 = B_SPLINE_CURVE_WITH_KNOTS('',2,(#7996,#7997,#7998),
  .UNSPECIFIED.,.F.,.F.,(3,3),(0.,1.),.PIECEWISE_BEZIER_KNOTS.);
#7996 = CARTESIAN_POINT('',(0.461593047326,0.17335779503,38.));
#7997 = CARTESIAN_POINT('',(0.617392759142,0.102437405981,38.));
#7998 = CARTESIAN_POINT('',(0.740096289401,-6.757478744905E-03,38.));
#7999 = ORIENTED_EDGE('',*,*,#8000,.F.);
#8000 = EDGE_CURVE('',#1655,#7993,#8001,.T.);
#8001 = LINE('',#8002,#8003);
#8002 = CARTESIAN_POINT('',(0.740096289401,-6.757478744905E-03,40.));
#8003 = VECTOR('',#8004,1.);
#8004 = DIRECTION('',(-0.,-0.,-1.));
#8005 = ORIENTED_EDGE('',*,*,#1654,.F.);
#8006 = SURFACE_OF_LINEAR_EXTRUSION('',#8007,#8011);
#8007 = B_SPLINE_CURVE_WITH_KNOTS('',2,(#8008,#8009,#8010),
  .UNSPECIFIED.,.F.,.F.,(3,3),(0.,1.),.PIECEWISE_BEZIER_KNOTS.);
#8008 = CARTESIAN_POINT('',(0.461593047326,0.17335779503,40.));
#8009 = CARTESIAN_POINT('',(0.617392759142,0.102437405981,40.));
#8010 = CARTESIAN_POINT('',(0.740096289401,-6.757478744905E-03,40.));
#8011 = VECTOR('',#8012,1.);
#8012 = DIRECTION('',(0.,0.,1.));
#8013 = ADVANCED_FACE('',(#8014),#8032,.T.);
#8014 = FACE_BOUND('',#8015,.T.);
#8015 = EDGE_LOOP('',(#8016,#8024,#8030,#8031));
#8016 = ORIENTED_EDGE('',*,*,#8017,.T.);
#8017 = EDGE_CURVE('',#1815,#8018,#8020,.T.);
#8018 = VERTEX_POINT('',#8019);
#8019 = CARTESIAN_POINT('',(0.17993778796,-0.943356902376,38.));
#8020 = LINE('',#8021,#8022);
#8021 = CARTESIAN_POINT('',(0.17993778796,-0.943356902376,40.));
#8022 = VECTOR('',#8023,1.);
#8023 = DIRECTION('',(-0.,-0.,-1.));
#8024 = ORIENTED_EDGE('',*,*,#8025,.T.);
#8025 = EDGE_CURVE('',#8018,#7966,#8026,.T.);
#8026 = B_SPLINE_CURVE_WITH_KNOTS('',2,(#8027,#8028,#8029),
  .UNSPECIFIED.,.F.,.F.,(3,3),(0.,1.),.PIECEWISE_BEZIER_KNOTS.);
#8027 = CARTESIAN_POINT('',(0.17993778796,-0.943356902376,38.));
#8028 = CARTESIAN_POINT('',(0.212808825424,-0.86568219056,38.));
#8029 = CARTESIAN_POINT('',(0.212808825424,-0.782829164624,38.));
#8030 = ORIENTED_EDGE('',*,*,#7965,.F.);
#8031 = ORIENTED_EDGE('',*,*,#1822,.F.);
#8032 = SURFACE_OF_LINEAR_EXTRUSION('',#8033,#8037);
#8033 = B_SPLINE_CURVE_WITH_KNOTS('',2,(#8034,#8035,#8036),
  .UNSPECIFIED.,.F.,.F.,(3,3),(0.,1.),.PIECEWISE_BEZIER_KNOTS.);
#8034 = CARTESIAN_POINT('',(0.17993778796,-0.943356902376,40.));
#8035 = CARTESIAN_POINT('',(0.212808825424,-0.86568219056,40.));
#8036 = CARTESIAN_POINT('',(0.212808825424,-0.782829164624,40.));
#8037 = VECTOR('',#8038,1.);
#8038 = DIRECTION('',(0.,0.,1.));
#8039 = ADVANCED_FACE('',(#8040),#8058,.T.);
#8040 = FACE_BOUND('',#8041,.T.);
#8041 = EDGE_LOOP('',(#8042,#8043,#8051,#8057));
#8042 = ORIENTED_EDGE('',*,*,#8000,.T.);
#8043 = ORIENTED_EDGE('',*,*,#8044,.T.);
#8044 = EDGE_CURVE('',#7993,#8045,#8047,.T.);
#8045 = VERTEX_POINT('',#8046);
#8046 = CARTESIAN_POINT('',(0.937097370093,-0.268149769811,38.));
#8047 = B_SPLINE_CURVE_WITH_KNOTS('',2,(#8048,#8049,#8050),
  .UNSPECIFIED.,.F.,.F.,(3,3),(0.,1.),.PIECEWISE_BEZIER_KNOTS.);
#8048 = CARTESIAN_POINT('',(0.740096289401,-6.757478744905E-03,38.));
#8049 = CARTESIAN_POINT('',(0.862799819661,-0.115727219379,38.));
#8050 = CARTESIAN_POINT('',(0.937097370093,-0.268149769811,38.));
#8051 = ORIENTED_EDGE('',*,*,#8052,.F.);
#8052 = EDGE_CURVE('',#1663,#8045,#8053,.T.);
#8053 = LINE('',#8054,#8055);
#8054 = CARTESIAN_POINT('',(0.937097370093,-0.268149769811,40.));
#8055 = VECTOR('',#8056,1.);
#8056 = DIRECTION('',(-0.,-0.,-1.));
#8057 = ORIENTED_EDGE('',*,*,#1662,.F.);
#8058 = SURFACE_OF_LINEAR_EXTRUSION('',#8059,#8063);
#8059 = B_SPLINE_CURVE_WITH_KNOTS('',2,(#8060,#8061,#8062),
  .UNSPECIFIED.,.F.,.F.,(3,3),(0.,1.),.PIECEWISE_BEZIER_KNOTS.);
#8060 = CARTESIAN_POINT('',(0.740096289401,-6.757478744905E-03,40.));
#8061 = CARTESIAN_POINT('',(0.862799819661,-0.115727219379,40.));
#8062 = CARTESIAN_POINT('',(0.937097370093,-0.268149769811,40.));
#8063 = VECTOR('',#8064,1.);
#8064 = DIRECTION('',(0.,0.,1.));
#8065 = ADVANCED_FACE('',(#8066),#8084,.T.);
#8066 = FACE_BOUND('',#8067,.T.);
#8067 = EDGE_LOOP('',(#8068,#8076,#8082,#8083));
#8068 = ORIENTED_EDGE('',*,*,#8069,.T.);
#8069 = EDGE_CURVE('',#1807,#8070,#8072,.T.);
#8070 = VERTEX_POINT('',#8071);
#8071 = CARTESIAN_POINT('',(7.614636144736E-02,-1.079794222261,38.));
#8072 = LINE('',#8073,#8074);
#8073 = CARTESIAN_POINT('',(7.614636144736E-02,-1.079794222261,40.));
#8074 = VECTOR('',#8075,1.);
#8075 = DIRECTION('',(-0.,-0.,-1.));
#8076 = ORIENTED_EDGE('',*,*,#8077,.T.);
#8077 = EDGE_CURVE('',#8070,#8018,#8078,.T.);
#8078 = B_SPLINE_CURVE_WITH_KNOTS('',2,(#8079,#8080,#8081),
  .UNSPECIFIED.,.F.,.F.,(3,3),(0.,1.),.PIECEWISE_BEZIER_KNOTS.);
#8079 = CARTESIAN_POINT('',(7.614636144736E-02,-1.079794222261,38.));
#8080 = CARTESIAN_POINT('',(0.147066750496,-1.021031614192,38.));
#8081 = CARTESIAN_POINT('',(0.17993778796,-0.943356902376,38.));
#8082 = ORIENTED_EDGE('',*,*,#8017,.F.);
#8083 = ORIENTED_EDGE('',*,*,#1814,.F.);
#8084 = SURFACE_OF_LINEAR_EXTRUSION('',#8085,#8089);
#8085 = B_SPLINE_CURVE_WITH_KNOTS('',2,(#8086,#8087,#8088),
  .UNSPECIFIED.,.F.,.F.,(3,3),(0.,1.),.PIECEWISE_BEZIER_KNOTS.);
#8086 = CARTESIAN_POINT('',(7.614636144736E-02,-1.079794222261,40.));
#8087 = CARTESIAN_POINT('',(0.147066750496,-1.021031614192,40.));
#8088 = CARTESIAN_POINT('',(0.17993778796,-0.943356902376,40.));
#8089 = VECTOR('',#8090,1.);
#8090 = DIRECTION('',(0.,0.,1.));
#8091 = ADVANCED_FACE('',(#8092),#8110,.T.);
#8092 = FACE_BOUND('',#8093,.T.);
#8093 = EDGE_LOOP('',(#8094,#8095,#8103,#8109));
#8094 = ORIENTED_EDGE('',*,*,#8052,.T.);
#8095 = ORIENTED_EDGE('',*,*,#8096,.T.);
#8096 = EDGE_CURVE('',#8045,#8097,#8099,.T.);
#8097 = VERTEX_POINT('',#8098);
#8098 = CARTESIAN_POINT('',(1.011620064617,-0.635134640128,38.));
#8099 = B_SPLINE_CURVE_WITH_KNOTS('',2,(#8100,#8101,#8102),
  .UNSPECIFIED.,.F.,.F.,(3,3),(0.,1.),.PIECEWISE_BEZIER_KNOTS.);
#8100 = CARTESIAN_POINT('',(0.937097370093,-0.268149769811,38.));
#8101 = CARTESIAN_POINT('',(1.011620064617,-0.420572320243,38.));
#8102 = CARTESIAN_POINT('',(1.011620064617,-0.635134640128,38.));
#8103 = ORIENTED_EDGE('',*,*,#8104,.F.);
#8104 = EDGE_CURVE('',#1671,#8097,#8105,.T.);
#8105 = LINE('',#8106,#8107);
#8106 = CARTESIAN_POINT('',(1.011620064617,-0.635134640128,40.));
#8107 = VECTOR('',#8108,1.);
#8108 = DIRECTION('',(-0.,-0.,-1.));
#8109 = ORIENTED_EDGE('',*,*,#1670,.F.);
#8110 = SURFACE_OF_LINEAR_EXTRUSION('',#8111,#8115);
#8111 = B_SPLINE_CURVE_WITH_KNOTS('',2,(#8112,#8113,#8114),
  .UNSPECIFIED.,.F.,.F.,(3,3),(0.,1.),.PIECEWISE_BEZIER_KNOTS.);
#8112 = CARTESIAN_POINT('',(0.937097370093,-0.268149769811,40.));
#8113 = CARTESIAN_POINT('',(1.011620064617,-0.420572320243,40.));
#8114 = CARTESIAN_POINT('',(1.011620064617,-0.635134640128,40.));
#8115 = VECTOR('',#8116,1.);
#8116 = DIRECTION('',(0.,0.,1.));
#8117 = ADVANCED_FACE('',(#8118),#8136,.T.);
#8118 = FACE_BOUND('',#8119,.T.);
#8119 = EDGE_LOOP('',(#8120,#8128,#8134,#8135));
#8120 = ORIENTED_EDGE('',*,*,#8121,.T.);
#8121 = EDGE_CURVE('',#1799,#8122,#8124,.T.);
#8122 = VERTEX_POINT('',#8123);
#8123 = CARTESIAN_POINT('',(-0.103743768236,-1.174579885085,38.));
#8124 = LINE('',#8125,#8126);
#8125 = CARTESIAN_POINT('',(-0.103743768236,-1.174579885085,40.));
#8126 = VECTOR('',#8127,1.);
#8127 = DIRECTION('',(-0.,-0.,-1.));
#8128 = ORIENTED_EDGE('',*,*,#8129,.T.);
#8129 = EDGE_CURVE('',#8122,#8070,#8130,.T.);
#8130 = B_SPLINE_CURVE_WITH_KNOTS('',2,(#8131,#8132,#8133),
  .UNSPECIFIED.,.F.,.F.,(3,3),(0.,1.),.PIECEWISE_BEZIER_KNOTS.);
#8131 = CARTESIAN_POINT('',(-0.103743768236,-1.174579885085,38.));
#8132 = CARTESIAN_POINT('',(5.225972398367E-03,-1.138331686238,38.));
#8133 = CARTESIAN_POINT('',(7.614636144736E-02,-1.079794222261,38.));
#8134 = ORIENTED_EDGE('',*,*,#8069,.F.);
#8135 = ORIENTED_EDGE('',*,*,#1806,.F.);
#8136 = SURFACE_OF_LINEAR_EXTRUSION('',#8137,#8141);
#8137 = B_SPLINE_CURVE_WITH_KNOTS('',2,(#8138,#8139,#8140),
  .UNSPECIFIED.,.F.,.F.,(3,3),(0.,1.),.PIECEWISE_BEZIER_KNOTS.);
#8138 = CARTESIAN_POINT('',(-0.103743768236,-1.174579885085,40.));
#8139 = CARTESIAN_POINT('',(5.225972398367E-03,-1.138331686238,40.));
#8140 = CARTESIAN_POINT('',(7.614636144736E-02,-1.079794222261,40.));
#8141 = VECTOR('',#8142,1.);
#8142 = DIRECTION('',(0.,0.,1.));
#8143 = ADVANCED_FACE('',(#8144),#8162,.T.);
#8144 = FACE_BOUND('',#8145,.T.);
#8145 = EDGE_LOOP('',(#8146,#8147,#8155,#8161));
#8146 = ORIENTED_EDGE('',*,*,#8104,.T.);
#8147 = ORIENTED_EDGE('',*,*,#8148,.T.);
#8148 = EDGE_CURVE('',#8097,#8149,#8151,.T.);
#8149 = VERTEX_POINT('',#8150);
#8150 = CARTESIAN_POINT('',(0.918185266346,-1.107937233788,38.));
#8151 = B_SPLINE_CURVE_WITH_KNOTS('',2,(#8152,#8153,#8154),
  .UNSPECIFIED.,.F.,.F.,(3,3),(0.,1.),.PIECEWISE_BEZIER_KNOTS.);
#8152 = CARTESIAN_POINT('',(1.011620064617,-0.635134640128,38.));
#8153 = CARTESIAN_POINT('',(1.011620064617,-0.891348617073,38.));
#8154 = CARTESIAN_POINT('',(0.918185266346,-1.107937233788,38.));
#8155 = ORIENTED_EDGE('',*,*,#8156,.F.);
#8156 = EDGE_CURVE('',#1679,#8149,#8157,.T.);
#8157 = LINE('',#8158,#8159);
#8158 = CARTESIAN_POINT('',(0.918185266346,-1.107937233788,40.));
#8159 = VECTOR('',#8160,1.);
#8160 = DIRECTION('',(-0.,-0.,-1.));
#8161 = ORIENTED_EDGE('',*,*,#1678,.F.);
#8162 = SURFACE_OF_LINEAR_EXTRUSION('',#8163,#8167);
#8163 = B_SPLINE_CURVE_WITH_KNOTS('',2,(#8164,#8165,#8166),
  .UNSPECIFIED.,.F.,.F.,(3,3),(0.,1.),.PIECEWISE_BEZIER_KNOTS.);
#8164 = CARTESIAN_POINT('',(1.011620064617,-0.635134640128,40.));
#8165 = CARTESIAN_POINT('',(1.011620064617,-0.891348617073,40.));
#8166 = CARTESIAN_POINT('',(0.918185266346,-1.107937233788,40.));
#8167 = VECTOR('',#8168,1.);
#8168 = DIRECTION('',(0.,0.,1.));
#8169 = ADVANCED_FACE('',(#8170),#8188,.T.);
#8170 = FACE_BOUND('',#8171,.T.);
#8171 = EDGE_LOOP('',(#8172,#8180,#8186,#8187));
#8172 = ORIENTED_EDGE('',*,*,#8173,.T.);
#8173 = EDGE_CURVE('',#1791,#8174,#8176,.T.);
#8174 = VERTEX_POINT('',#8175);
#8175 = CARTESIAN_POINT('',(-0.364685771117,-1.210828083932,38.));
#8176 = LINE('',#8177,#8178);
#8177 = CARTESIAN_POINT('',(-0.364685771117,-1.210828083932,40.));
#8178 = VECTOR('',#8179,1.);
#8179 = DIRECTION('',(-0.,-0.,-1.));
#8180 = ORIENTED_EDGE('',*,*,#8181,.T.);
#8181 = EDGE_CURVE('',#8174,#8122,#8182,.T.);
#8182 = B_SPLINE_CURVE_WITH_KNOTS('',2,(#8183,#8184,#8185),
  .UNSPECIFIED.,.F.,.F.,(3,3),(0.,1.),.PIECEWISE_BEZIER_KNOTS.);
#8183 = CARTESIAN_POINT('',(-0.364685771117,-1.210828083932,38.));
#8184 = CARTESIAN_POINT('',(-0.21271350887,-1.210828083932,38.));
#8185 = CARTESIAN_POINT('',(-0.103743768236,-1.174579885085,38.));
#8186 = ORIENTED_EDGE('',*,*,#8121,.F.);
#8187 = ORIENTED_EDGE('',*,*,#1798,.F.);
#8188 = SURFACE_OF_LINEAR_EXTRUSION('',#8189,#8193);
#8189 = B_SPLINE_CURVE_WITH_KNOTS('',2,(#8190,#8191,#8192),
  .UNSPECIFIED.,.F.,.F.,(3,3),(0.,1.),.PIECEWISE_BEZIER_KNOTS.);
#8190 = CARTESIAN_POINT('',(-0.364685771117,-1.210828083932,40.));
#8191 = CARTESIAN_POINT('',(-0.21271350887,-1.210828083932,40.));
#8192 = CARTESIAN_POINT('',(-0.103743768236,-1.174579885085,40.));
#8193 = VECTOR('',#8194,1.);
#8194 = DIRECTION('',(0.,0.,1.));
#8195 = ADVANCED_FACE('',(#8196),#8214,.T.);
#8196 = FACE_BOUND('',#8197,.T.);
#8197 = EDGE_LOOP('',(#8198,#8199,#8207,#8213));
#8198 = ORIENTED_EDGE('',*,*,#8156,.T.);
#8199 = ORIENTED_EDGE('',*,*,#8200,.T.);
#8200 = EDGE_CURVE('',#8149,#8201,#8203,.T.);
#8201 = VERTEX_POINT('',#8202);
#8202 = CARTESIAN_POINT('',(0.644860338393,-1.481901570964,38.));
#8203 = B_SPLINE_CURVE_WITH_KNOTS('',2,(#8204,#8205,#8206),
  .UNSPECIFIED.,.F.,.F.,(3,3),(0.,1.),.PIECEWISE_BEZIER_KNOTS.);
#8204 = CARTESIAN_POINT('',(0.918185266346,-1.107937233788,38.));
#8205 = CARTESIAN_POINT('',(0.824750468076,-1.324300706411,38.));
#8206 = CARTESIAN_POINT('',(0.644860338393,-1.481901570964,38.));
#8207 = ORIENTED_EDGE('',*,*,#8208,.F.);
#8208 = EDGE_CURVE('',#1687,#8201,#8209,.T.);
#8209 = LINE('',#8210,#8211);
#8210 = CARTESIAN_POINT('',(0.644860338393,-1.481901570964,40.));
#8211 = VECTOR('',#8212,1.);
#8212 = DIRECTION('',(-0.,-0.,-1.));
#8213 = ORIENTED_EDGE('',*,*,#1686,.F.);
#8214 = SURFACE_OF_LINEAR_EXTRUSION('',#8215,#8219);
#8215 = B_SPLINE_CURVE_WITH_KNOTS('',2,(#8216,#8217,#8218),
  .UNSPECIFIED.,.F.,.F.,(3,3),(0.,1.),.PIECEWISE_BEZIER_KNOTS.);
#8216 = CARTESIAN_POINT('',(0.918185266346,-1.107937233788,40.));
#8217 = CARTESIAN_POINT('',(0.824750468076,-1.324300706411,40.));
#8218 = CARTESIAN_POINT('',(0.644860338393,-1.481901570964,40.));
#8219 = VECTOR('',#8220,1.);
#8220 = DIRECTION('',(0.,0.,1.));
#8221 = ADVANCED_FACE('',(#8222),#8240,.T.);
#8222 = FACE_BOUND('',#8223,.T.);
#8223 = EDGE_LOOP('',(#8224,#8232,#8238,#8239));
#8224 = ORIENTED_EDGE('',*,*,#8225,.T.);
#8225 = EDGE_CURVE('',#1783,#8226,#8228,.T.);
#8226 = VERTEX_POINT('',#8227);
#8227 = CARTESIAN_POINT('',(-0.684840670253,-1.166024409581,38.));
#8228 = LINE('',#8229,#8230);
#8229 = CARTESIAN_POINT('',(-0.684840670253,-1.166024409581,40.));
#8230 = VECTOR('',#8231,1.);
#8231 = DIRECTION('',(-0.,-0.,-1.));
#8232 = ORIENTED_EDGE('',*,*,#8233,.T.);
#8233 = EDGE_CURVE('',#8226,#8174,#8234,.T.);
#8234 = B_SPLINE_CURVE_WITH_KNOTS('',2,(#8235,#8236,#8237),
  .UNSPECIFIED.,.F.,.F.,(3,3),(0.,1.),.PIECEWISE_BEZIER_KNOTS.);
#8235 = CARTESIAN_POINT('',(-0.684840670253,-1.166024409581,38.));
#8236 = CARTESIAN_POINT('',(-0.558534834518,-1.210828083932,38.));
#8237 = CARTESIAN_POINT('',(-0.364685771117,-1.210828083932,38.));
#8238 = ORIENTED_EDGE('',*,*,#8173,.F.);
#8239 = ORIENTED_EDGE('',*,*,#1790,.F.);
#8240 = SURFACE_OF_LINEAR_EXTRUSION('',#8241,#8245);
#8241 = B_SPLINE_CURVE_WITH_KNOTS('',2,(#8242,#8243,#8244),
  .UNSPECIFIED.,.F.,.F.,(3,3),(0.,1.),.PIECEWISE_BEZIER_KNOTS.);
#8242 = CARTESIAN_POINT('',(-0.684840670253,-1.166024409581,40.));
#8243 = CARTESIAN_POINT('',(-0.558534834518,-1.210828083932,40.));
#8244 = CARTESIAN_POINT('',(-0.364685771117,-1.210828083932,40.));
#8245 = VECTOR('',#8246,1.);
#8246 = DIRECTION('',(0.,0.,1.));
#8247 = ADVANCED_FACE('',(#8248),#8266,.T.);
#8248 = FACE_BOUND('',#8249,.T.);
#8249 = EDGE_LOOP('',(#8250,#8251,#8259,#8265));
#8250 = ORIENTED_EDGE('',*,*,#8208,.T.);
#8251 = ORIENTED_EDGE('',*,*,#8252,.T.);
#8252 = EDGE_CURVE('',#8201,#8253,#8255,.T.);
#8253 = VERTEX_POINT('',#8254);
#8254 = CARTESIAN_POINT('',(0.200651044444,-1.727758919667,38.));
#8255 = B_SPLINE_CURVE_WITH_KNOTS('',2,(#8256,#8257,#8258),
  .UNSPECIFIED.,.F.,.F.,(3,3),(0.,1.),.PIECEWISE_BEZIER_KNOTS.);
#8256 = CARTESIAN_POINT('',(0.644860338393,-1.481901570964,38.));
#8257 = CARTESIAN_POINT('',(0.465195352802,-1.639502435517,38.));
#8258 = CARTESIAN_POINT('',(0.200651044444,-1.727758919667,38.));
#8259 = ORIENTED_EDGE('',*,*,#8260,.F.);
#8260 = EDGE_CURVE('',#1695,#8253,#8261,.T.);
#8261 = LINE('',#8262,#8263);
#8262 = CARTESIAN_POINT('',(0.200651044444,-1.727758919667,40.));
#8263 = VECTOR('',#8264,1.);
#8264 = DIRECTION('',(-0.,-0.,-1.));
#8265 = ORIENTED_EDGE('',*,*,#1694,.F.);
#8266 = SURFACE_OF_LINEAR_EXTRUSION('',#8267,#8271);
#8267 = B_SPLINE_CURVE_WITH_KNOTS('',2,(#8268,#8269,#8270),
  .UNSPECIFIED.,.F.,.F.,(3,3),(0.,1.),.PIECEWISE_BEZIER_KNOTS.);
#8268 = CARTESIAN_POINT('',(0.644860338393,-1.481901570964,40.));
#8269 = CARTESIAN_POINT('',(0.465195352802,-1.639502435517,40.));
#8270 = CARTESIAN_POINT('',(0.200651044444,-1.727758919667,40.));
#8271 = VECTOR('',#8272,1.);
#8272 = DIRECTION('',(0.,0.,1.));
#8273 = ADVANCED_FACE('',(#8274),#8292,.T.);
#8274 = FACE_BOUND('',#8275,.T.);
#8275 = EDGE_LOOP('',(#8276,#8284,#8290,#8291));
#8276 = ORIENTED_EDGE('',*,*,#8277,.T.);
#8277 = EDGE_CURVE('',#1775,#8278,#8280,.T.);
#8278 = VERTEX_POINT('',#8279);
#8279 = CARTESIAN_POINT('',(-0.904356160166,-1.069212449926,38.));
#8280 = LINE('',#8281,#8282);
#8281 = CARTESIAN_POINT('',(-0.904356160166,-1.069212449926,40.));
#8282 = VECTOR('',#8283,1.);
#8283 = DIRECTION('',(-0.,-0.,-1.));
#8284 = ORIENTED_EDGE('',*,*,#8285,.T.);
#8285 = EDGE_CURVE('',#8278,#8226,#8286,.T.);
#8286 = B_SPLINE_CURVE_WITH_KNOTS('',2,(#8287,#8288,#8289),
  .UNSPECIFIED.,.F.,.F.,(3,3),(0.,1.),.PIECEWISE_BEZIER_KNOTS.);
#8287 = CARTESIAN_POINT('',(-0.904356160166,-1.069212449926,38.));
#8288 = CARTESIAN_POINT('',(-0.810921361896,-1.120995591137,38.));
#8289 = CARTESIAN_POINT('',(-0.684840670253,-1.166024409581,38.));
#8290 = ORIENTED_EDGE('',*,*,#8225,.F.);
#8291 = ORIENTED_EDGE('',*,*,#1782,.F.);
#8292 = SURFACE_OF_LINEAR_EXTRUSION('',#8293,#8297);
#8293 = B_SPLINE_CURVE_WITH_KNOTS('',2,(#8294,#8295,#8296),
  .UNSPECIFIED.,.F.,.F.,(3,3),(0.,1.),.PIECEWISE_BEZIER_KNOTS.);
#8294 = CARTESIAN_POINT('',(-0.904356160166,-1.069212449926,40.));
#8295 = CARTESIAN_POINT('',(-0.810921361896,-1.120995591137,40.));
#8296 = CARTESIAN_POINT('',(-0.684840670253,-1.166024409581,40.));
#8297 = VECTOR('',#8298,1.);
#8298 = DIRECTION('',(0.,0.,1.));
#8299 = ADVANCED_FACE('',(#8300),#8318,.T.);
#8300 = FACE_BOUND('',#8301,.T.);
#8301 = EDGE_LOOP('',(#8302,#8303,#8311,#8317));
#8302 = ORIENTED_EDGE('',*,*,#8260,.T.);
#8303 = ORIENTED_EDGE('',*,*,#8304,.T.);
#8304 = EDGE_CURVE('',#8253,#8305,#8307,.T.);
#8305 = VERTEX_POINT('',#8306);
#8306 = CARTESIAN_POINT('',(-0.406337428178,-1.816015403817,38.));
#8307 = B_SPLINE_CURVE_WITH_KNOTS('',2,(#8308,#8309,#8310),
  .UNSPECIFIED.,.F.,.F.,(3,3),(0.,1.),.PIECEWISE_BEZIER_KNOTS.);
#8308 = CARTESIAN_POINT('',(0.200651044444,-1.727758919667,38.));
#8309 = CARTESIAN_POINT('',(-6.389326391287E-02,-1.816015403817,38.));
#8310 = CARTESIAN_POINT('',(-0.406337428178,-1.816015403817,38.));
#8311 = ORIENTED_EDGE('',*,*,#8312,.F.);
#8312 = EDGE_CURVE('',#1703,#8305,#8313,.T.);
#8313 = LINE('',#8314,#8315);
#8314 = CARTESIAN_POINT('',(-0.406337428178,-1.816015403817,40.));
#8315 = VECTOR('',#8316,1.);
#8316 = DIRECTION('',(-0.,-0.,-1.));
#8317 = ORIENTED_EDGE('',*,*,#1702,.F.);
#8318 = SURFACE_OF_LINEAR_EXTRUSION('',#8319,#8323);
#8319 = B_SPLINE_CURVE_WITH_KNOTS('',2,(#8320,#8321,#8322),
  .UNSPECIFIED.,.F.,.F.,(3,3),(0.,1.),.PIECEWISE_BEZIER_KNOTS.);
#8320 = CARTESIAN_POINT('',(0.200651044444,-1.727758919667,40.));
#8321 = CARTESIAN_POINT('',(-6.389326391287E-02,-1.816015403817,40.));
#8322 = CARTESIAN_POINT('',(-0.406337428178,-1.816015403817,40.));
#8323 = VECTOR('',#8324,1.);
#8324 = DIRECTION('',(0.,0.,1.));
#8325 = ADVANCED_FACE('',(#8326),#8344,.T.);
#8326 = FACE_BOUND('',#8327,.T.);
#8327 = EDGE_LOOP('',(#8328,#8336,#8342,#8343));
#8328 = ORIENTED_EDGE('',*,*,#8329,.T.);
#8329 = EDGE_CURVE('',#1767,#8330,#8332,.T.);
#8330 = VERTEX_POINT('',#8331);
#8331 = CARTESIAN_POINT('',(-1.068486203394,-0.972625634365,38.));
#8332 = LINE('',#8333,#8334);
#8333 = CARTESIAN_POINT('',(-1.068486203394,-0.972625634365,40.));
#8334 = VECTOR('',#8335,1.);
#8335 = DIRECTION('',(-0.,-0.,-1.));
#8336 = ORIENTED_EDGE('',*,*,#8337,.T.);
#8337 = EDGE_CURVE('',#8330,#8278,#8338,.T.);
#8338 = B_SPLINE_CURVE_WITH_KNOTS('',2,(#8339,#8340,#8341),
  .UNSPECIFIED.,.F.,.F.,(3,3),(0.,1.),.PIECEWISE_BEZIER_KNOTS.);
#8339 = CARTESIAN_POINT('',(-1.068486203394,-0.972625634365,38.));
#8340 = CARTESIAN_POINT('',(-0.997565814345,-1.017429308716,38.));
#8341 = CARTESIAN_POINT('',(-0.904356160166,-1.069212449926,38.));
#8342 = ORIENTED_EDGE('',*,*,#8277,.F.);
#8343 = ORIENTED_EDGE('',*,*,#1774,.F.);
#8344 = SURFACE_OF_LINEAR_EXTRUSION('',#8345,#8349);
#8345 = B_SPLINE_CURVE_WITH_KNOTS('',2,(#8346,#8347,#8348),
  .UNSPECIFIED.,.F.,.F.,(3,3),(0.,1.),.PIECEWISE_BEZIER_KNOTS.);
#8346 = CARTESIAN_POINT('',(-1.068486203394,-0.972625634365,40.));
#8347 = CARTESIAN_POINT('',(-0.997565814345,-1.017429308716,40.));
#8348 = CARTESIAN_POINT('',(-0.904356160166,-1.069212449926,40.));
#8349 = VECTOR('',#8350,1.);
#8350 = DIRECTION('',(0.,0.,1.));
#8351 = ADVANCED_FACE('',(#8352),#8370,.T.);
#8352 = FACE_BOUND('',#8353,.T.);
#8353 = EDGE_LOOP('',(#8354,#8355,#8363,#8369));
#8354 = ORIENTED_EDGE('',*,*,#8312,.T.);
#8355 = ORIENTED_EDGE('',*,*,#8356,.T.);
#8356 = EDGE_CURVE('',#8305,#8357,#8359,.T.);
#8357 = VERTEX_POINT('',#8358);
#8358 = CARTESIAN_POINT('',(-0.764316534806,-1.783144366353,38.));
#8359 = B_SPLINE_CURVE_WITH_KNOTS('',2,(#8360,#8361,#8362),
  .UNSPECIFIED.,.F.,.F.,(3,3),(0.,1.),.PIECEWISE_BEZIER_KNOTS.);
#8360 = CARTESIAN_POINT('',(-0.406337428178,-1.816015403817,38.));
#8361 = CARTESIAN_POINT('',(-0.589604719244,-1.816015403817,38.));
#8362 = CARTESIAN_POINT('',(-0.764316534806,-1.783144366353,38.));
#8363 = ORIENTED_EDGE('',*,*,#8364,.F.);
#8364 = EDGE_CURVE('',#1711,#8357,#8365,.T.);
#8365 = LINE('',#8366,#8367);
#8366 = CARTESIAN_POINT('',(-0.764316534806,-1.783144366353,40.));
#8367 = VECTOR('',#8368,1.);
#8368 = DIRECTION('',(-0.,-0.,-1.));
#8369 = ORIENTED_EDGE('',*,*,#1710,.F.);
#8370 = SURFACE_OF_LINEAR_EXTRUSION('',#8371,#8375);
#8371 = B_SPLINE_CURVE_WITH_KNOTS('',2,(#8372,#8373,#8374),
  .UNSPECIFIED.,.F.,.F.,(3,3),(0.,1.),.PIECEWISE_BEZIER_KNOTS.);
#8372 = CARTESIAN_POINT('',(-0.406337428178,-1.816015403817,40.));
#8373 = CARTESIAN_POINT('',(-0.589604719244,-1.816015403817,40.));
#8374 = CARTESIAN_POINT('',(-0.764316534806,-1.783144366353,40.));
#8375 = VECTOR('',#8376,1.);
#8376 = DIRECTION('',(0.,0.,1.));
#8377 = ADVANCED_FACE('',(#8378),#8396,.T.);
#8378 = FACE_BOUND('',#8379,.T.);
#8379 = EDGE_LOOP('',(#8380,#8388,#8394,#8395));
#8380 = ORIENTED_EDGE('',*,*,#8381,.T.);
#8381 = EDGE_CURVE('',#1759,#8382,#8384,.T.);
#8382 = VERTEX_POINT('',#8383);
#8383 = CARTESIAN_POINT('',(-1.218882456996,-0.927596815921,38.));
#8384 = LINE('',#8385,#8386);
#8385 = CARTESIAN_POINT('',(-1.218882456996,-0.927596815921,40.));
#8386 = VECTOR('',#8387,1.);
#8387 = DIRECTION('',(-0.,-0.,-1.));
#8388 = ORIENTED_EDGE('',*,*,#8389,.T.);
#8389 = EDGE_CURVE('',#8382,#8330,#8390,.T.);
#8390 = B_SPLINE_CURVE_WITH_KNOTS('',2,(#8391,#8392,#8393),
  .UNSPECIFIED.,.F.,.F.,(3,3),(0.,1.),.PIECEWISE_BEZIER_KNOTS.);
#8391 = CARTESIAN_POINT('',(-1.218882456996,-0.927596815921,38.));
#8392 = CARTESIAN_POINT('',(-1.139406592443,-0.927596815921,38.));
#8393 = CARTESIAN_POINT('',(-1.068486203394,-0.972625634365,38.));
#8394 = ORIENTED_EDGE('',*,*,#8329,.F.);
#8395 = ORIENTED_EDGE('',*,*,#1766,.F.);
#8396 = SURFACE_OF_LINEAR_EXTRUSION('',#8397,#8401);
#8397 = B_SPLINE_CURVE_WITH_KNOTS('',2,(#8398,#8399,#8400),
  .UNSPECIFIED.,.F.,.F.,(3,3),(0.,1.),.PIECEWISE_BEZIER_KNOTS.);
#8398 = CARTESIAN_POINT('',(-1.218882456996,-0.927596815921,40.));
#8399 = CARTESIAN_POINT('',(-1.139406592443,-0.927596815921,40.));
#8400 = CARTESIAN_POINT('',(-1.068486203394,-0.972625634365,40.));
#8401 = VECTOR('',#8402,1.);
#8402 = DIRECTION('',(0.,0.,1.));
#8403 = ADVANCED_FACE('',(#8404),#8422,.T.);
#8404 = FACE_BOUND('',#8405,.T.);
#8405 = EDGE_LOOP('',(#8406,#8407,#8415,#8421));
#8406 = ORIENTED_EDGE('',*,*,#8364,.T.);
#8407 = ORIENTED_EDGE('',*,*,#8408,.T.);
#8408 = EDGE_CURVE('',#8357,#8409,#8411,.T.);
#8409 = VERTEX_POINT('',#8410);
#8410 = CARTESIAN_POINT('',(-1.099781232213,-1.69151072082,38.));
#8411 = B_SPLINE_CURVE_WITH_KNOTS('',2,(#8412,#8413,#8414),
  .UNSPECIFIED.,.F.,.F.,(3,3),(0.,1.),.PIECEWISE_BEZIER_KNOTS.);
#8412 = CARTESIAN_POINT('',(-0.764316534806,-1.783144366353,38.));
#8413 = CARTESIAN_POINT('',(-0.938803206276,-1.750273328889,38.));
#8414 = CARTESIAN_POINT('',(-1.099781232213,-1.69151072082,38.));
#8415 = ORIENTED_EDGE('',*,*,#8416,.F.);
#8416 = EDGE_CURVE('',#1719,#8409,#8417,.T.);
#8417 = LINE('',#8418,#8419);
#8418 = CARTESIAN_POINT('',(-1.099781232213,-1.69151072082,40.));
#8419 = VECTOR('',#8420,1.);
#8420 = DIRECTION('',(-0.,-0.,-1.));
#8421 = ORIENTED_EDGE('',*,*,#1718,.F.);
#8422 = SURFACE_OF_LINEAR_EXTRUSION('',#8423,#8427);
#8423 = B_SPLINE_CURVE_WITH_KNOTS('',2,(#8424,#8425,#8426),
  .UNSPECIFIED.,.F.,.F.,(3,3),(0.,1.),.PIECEWISE_BEZIER_KNOTS.);
#8424 = CARTESIAN_POINT('',(-0.764316534806,-1.783144366353,40.));
#8425 = CARTESIAN_POINT('',(-0.938803206276,-1.750273328889,40.));
#8426 = CARTESIAN_POINT('',(-1.099781232213,-1.69151072082,40.));
#8427 = VECTOR('',#8428,1.);
#8428 = DIRECTION('',(0.,0.,1.));
#8429 = ADVANCED_FACE('',(#8430),#8448,.T.);
#8430 = FACE_BOUND('',#8431,.T.);
#8431 = EDGE_LOOP('',(#8432,#8440,#8446,#8447));
#8432 = ORIENTED_EDGE('',*,*,#8433,.T.);
#8433 = EDGE_CURVE('',#1751,#8434,#8436,.T.);
#8434 = VERTEX_POINT('',#8435);
#8435 = CARTESIAN_POINT('',(-1.350366606852,-0.959116988831,38.));
#8436 = LINE('',#8437,#8438);
#8437 = CARTESIAN_POINT('',(-1.350366606852,-0.959116988831,40.));
#8438 = VECTOR('',#8439,1.);
#8439 = DIRECTION('',(-0.,-0.,-1.));
#8440 = ORIENTED_EDGE('',*,*,#8441,.T.);
#8441 = EDGE_CURVE('',#8434,#8382,#8442,.T.);
#8442 = B_SPLINE_CURVE_WITH_KNOTS('',2,(#8443,#8444,#8445),
  .UNSPECIFIED.,.F.,.F.,(3,3),(0.,1.),.PIECEWISE_BEZIER_KNOTS.);
#8443 = CARTESIAN_POINT('',(-1.350366606852,-0.959116988831,38.));
#8444 = CARTESIAN_POINT('',(-1.298583465642,-0.927596815921,38.));
#8445 = CARTESIAN_POINT('',(-1.218882456996,-0.927596815921,38.));
#8446 = ORIENTED_EDGE('',*,*,#8381,.F.);
#8447 = ORIENTED_EDGE('',*,*,#1758,.F.);
#8448 = SURFACE_OF_LINEAR_EXTRUSION('',#8449,#8453);
#8449 = B_SPLINE_CURVE_WITH_KNOTS('',2,(#8450,#8451,#8452),
  .UNSPECIFIED.,.F.,.F.,(3,3),(0.,1.),.PIECEWISE_BEZIER_KNOTS.);
#8450 = CARTESIAN_POINT('',(-1.350366606852,-0.959116988831,40.));
#8451 = CARTESIAN_POINT('',(-1.298583465642,-0.927596815921,40.));
#8452 = CARTESIAN_POINT('',(-1.218882456996,-0.927596815921,40.));
#8453 = VECTOR('',#8454,1.);
#8454 = DIRECTION('',(0.,0.,1.));
#8455 = ADVANCED_FACE('',(#8456),#8474,.T.);
#8456 = FACE_BOUND('',#8457,.T.);
#8457 = EDGE_LOOP('',(#8458,#8459,#8467,#8473));
#8458 = ORIENTED_EDGE('',*,*,#8416,.T.);
#8459 = ORIENTED_EDGE('',*,*,#8460,.T.);
#8460 = EDGE_CURVE('',#8409,#8461,#8463,.T.);
#8461 = VERTEX_POINT('',#8462);
#8462 = CARTESIAN_POINT('',(-1.397196578034,-1.553272248197,38.));
#8463 = B_SPLINE_CURVE_WITH_KNOTS('',2,(#8464,#8465,#8466),
  .UNSPECIFIED.,.F.,.F.,(3,3),(0.,1.),.PIECEWISE_BEZIER_KNOTS.);
#8464 = CARTESIAN_POINT('',(-1.099781232213,-1.69151072082,38.));
#8465 = CARTESIAN_POINT('',(-1.260534114057,-1.632748112751,38.));
#8466 = CARTESIAN_POINT('',(-1.397196578034,-1.553272248197,38.));
#8467 = ORIENTED_EDGE('',*,*,#8468,.F.);
#8468 = EDGE_CURVE('',#1727,#8461,#8469,.T.);
#8469 = LINE('',#8470,#8471);
#8470 = CARTESIAN_POINT('',(-1.397196578034,-1.553272248197,40.));
#8471 = VECTOR('',#8472,1.);
#8472 = DIRECTION('',(-0.,-0.,-1.));
#8473 = ORIENTED_EDGE('',*,*,#1726,.F.);
#8474 = SURFACE_OF_LINEAR_EXTRUSION('',#8475,#8479);
#8475 = B_SPLINE_CURVE_WITH_KNOTS('',2,(#8476,#8477,#8478),
  .UNSPECIFIED.,.F.,.F.,(3,3),(0.,1.),.PIECEWISE_BEZIER_KNOTS.);
#8476 = CARTESIAN_POINT('',(-1.099781232213,-1.69151072082,40.));
#8477 = CARTESIAN_POINT('',(-1.260534114057,-1.632748112751,40.));
#8478 = CARTESIAN_POINT('',(-1.397196578034,-1.553272248197,40.));
#8479 = VECTOR('',#8480,1.);
#8480 = DIRECTION('',(0.,0.,1.));
#8481 = ADVANCED_FACE('',(#8482),#8500,.T.);
#8482 = FACE_BOUND('',#8483,.T.);
#8483 = EDGE_LOOP('',(#8484,#8492,#8498,#8499));
#8484 = ORIENTED_EDGE('',*,*,#8485,.T.);
#8485 = EDGE_CURVE('',#1743,#8486,#8488,.T.);
#8486 = VERTEX_POINT('',#8487);
#8487 = CARTESIAN_POINT('',(-1.440199099648,-1.05030034618,38.));
#8488 = LINE('',#8489,#8490);
#8489 = CARTESIAN_POINT('',(-1.440199099648,-1.05030034618,40.));
#8490 = VECTOR('',#8491,1.);
#8491 = DIRECTION('',(-0.,-0.,-1.));
#8492 = ORIENTED_EDGE('',*,*,#8493,.T.);
#8493 = EDGE_CURVE('',#8486,#8434,#8494,.T.);
#8494 = B_SPLINE_CURVE_WITH_KNOTS('',2,(#8495,#8496,#8497),
  .UNSPECIFIED.,.F.,.F.,(3,3),(0.,1.),.PIECEWISE_BEZIER_KNOTS.);
#8495 = CARTESIAN_POINT('',(-1.440199099648,-1.05030034618,38.));
#8496 = CARTESIAN_POINT('',(-1.402149748063,-0.990637161742,38.));
#8497 = CARTESIAN_POINT('',(-1.350366606852,-0.959116988831,38.));
#8498 = ORIENTED_EDGE('',*,*,#8433,.F.);
#8499 = ORIENTED_EDGE('',*,*,#1750,.F.);
#8500 = SURFACE_OF_LINEAR_EXTRUSION('',#8501,#8505);
#8501 = B_SPLINE_CURVE_WITH_KNOTS('',2,(#8502,#8503,#8504),
  .UNSPECIFIED.,.F.,.F.,(3,3),(0.,1.),.PIECEWISE_BEZIER_KNOTS.);
#8502 = CARTESIAN_POINT('',(-1.440199099648,-1.05030034618,40.));
#8503 = CARTESIAN_POINT('',(-1.402149748063,-0.990637161742,40.));
#8504 = CARTESIAN_POINT('',(-1.350366606852,-0.959116988831,40.));
#8505 = VECTOR('',#8506,1.);
#8506 = DIRECTION('',(0.,0.,1.));
#8507 = ADVANCED_FACE('',(#8508),#8526,.T.);
#8508 = FACE_BOUND('',#8509,.T.);
#8509 = EDGE_LOOP('',(#8510,#8511,#8519,#8525));
#8510 = ORIENTED_EDGE('',*,*,#8468,.T.);
#8511 = ORIENTED_EDGE('',*,*,#8512,.T.);
#8512 = EDGE_CURVE('',#8461,#8513,#8515,.T.);
#8513 = VERTEX_POINT('',#8514);
#8514 = CARTESIAN_POINT('',(-1.637425324432,-1.380136441281,38.));
#8515 = B_SPLINE_CURVE_WITH_KNOTS('',2,(#8516,#8517,#8518),
  .UNSPECIFIED.,.F.,.F.,(3,3),(0.,1.),.PIECEWISE_BEZIER_KNOTS.);
#8516 = CARTESIAN_POINT('',(-1.397196578034,-1.553272248197,38.));
#8517 = CARTESIAN_POINT('',(-1.533633897919,-1.473571239552,38.));
#8518 = CARTESIAN_POINT('',(-1.637425324432,-1.380136441281,38.));
#8519 = ORIENTED_EDGE('',*,*,#8520,.F.);
#8520 = EDGE_CURVE('',#1735,#8513,#8521,.T.);
#8521 = LINE('',#8522,#8523);
#8522 = CARTESIAN_POINT('',(-1.637425324432,-1.380136441281,40.));
#8523 = VECTOR('',#8524,1.);
#8524 = DIRECTION('',(-0.,-0.,-1.));
#8525 = ORIENTED_EDGE('',*,*,#1734,.F.);
#8526 = SURFACE_OF_LINEAR_EXTRUSION('',#8527,#8531);
#8527 = B_SPLINE_CURVE_WITH_KNOTS('',2,(#8528,#8529,#8530),
  .UNSPECIFIED.,.F.,.F.,(3,3),(0.,1.),.PIECEWISE_BEZIER_KNOTS.);
#8528 = CARTESIAN_POINT('',(-1.397196578034,-1.553272248197,40.));
#8529 = CARTESIAN_POINT('',(-1.533633897919,-1.473571239552,40.));
#8530 = CARTESIAN_POINT('',(-1.637425324432,-1.380136441281,40.));
#8531 = VECTOR('',#8532,1.);
#8532 = DIRECTION('',(0.,0.,1.));
#8533 = ADVANCED_FACE('',(#8534),#8545,.T.);
#8534 = FACE_BOUND('',#8535,.T.);
#8535 = EDGE_LOOP('',(#8536,#8537,#8543,#8544));
#8536 = ORIENTED_EDGE('',*,*,#8520,.T.);
#8537 = ORIENTED_EDGE('',*,*,#8538,.T.);
#8538 = EDGE_CURVE('',#8513,#8486,#8539,.T.);
#8539 = LINE('',#8540,#8541);
#8540 = CARTESIAN_POINT('',(-1.637425324432,-1.380136441281,38.));
#8541 = VECTOR('',#8542,1.);
#8542 = DIRECTION('',(0.513202859348,0.858267338978,0.));
#8543 = ORIENTED_EDGE('',*,*,#8485,.F.);
#8544 = ORIENTED_EDGE('',*,*,#1742,.F.);
#8545 = PLANE('',#8546);
#8546 = AXIS2_PLACEMENT_3D('',#8547,#8548,#8549);
#8547 = CARTESIAN_POINT('',(-1.637425324432,-1.380136441281,40.));
#8548 = DIRECTION('',(0.858267338978,-0.513202859348,0.));
#8549 = DIRECTION('',(0.513202859348,0.858267338978,0.));
#8550 = ADVANCED_FACE('',(#8551),#8576,.T.);
#8551 = FACE_BOUND('',#8552,.T.);
#8552 = EDGE_LOOP('',(#8553,#8561,#8569,#8575));
#8553 = ORIENTED_EDGE('',*,*,#8554,.T.);
#8554 = EDGE_CURVE('',#1943,#8555,#8557,.T.);
#8555 = VERTEX_POINT('',#8556);
#8556 = CARTESIAN_POINT('',(-6.316369848927,0.201275662465,38.));
#8557 = LINE('',#8558,#8559);
#8558 = CARTESIAN_POINT('',(-6.316369848927,0.201275662465,40.));
#8559 = VECTOR('',#8560,1.);
#8560 = DIRECTION('',(-0.,-0.,-1.));
#8561 = ORIENTED_EDGE('',*,*,#8562,.T.);
#8562 = EDGE_CURVE('',#8555,#8563,#8565,.T.);
#8563 = VERTEX_POINT('',#8564);
#8564 = CARTESIAN_POINT('',(-6.713974315786,0.201275662465,38.));
#8565 = LINE('',#8566,#8567);
#8566 = CARTESIAN_POINT('',(-6.316369848927,0.201275662465,38.));
#8567 = VECTOR('',#8568,1.);
#8568 = DIRECTION('',(-1.,0.,0.));
#8569 = ORIENTED_EDGE('',*,*,#8570,.F.);
#8570 = EDGE_CURVE('',#1945,#8563,#8571,.T.);
#8571 = LINE('',#8572,#8573);
#8572 = CARTESIAN_POINT('',(-6.713974315786,0.201275662465,40.));
#8573 = VECTOR('',#8574,1.);
#8574 = DIRECTION('',(-0.,-0.,-1.));
#8575 = ORIENTED_EDGE('',*,*,#1942,.F.);
#8576 = PLANE('',#8577);
#8577 = AXIS2_PLACEMENT_3D('',#8578,#8579,#8580);
#8578 = CARTESIAN_POINT('',(-6.316369848927,0.201275662465,40.));
#8579 = DIRECTION('',(0.,1.,0.));
#8580 = DIRECTION('',(-1.,0.,0.));
#8581 = ADVANCED_FACE('',(#8582),#8600,.T.);
#8582 = FACE_BOUND('',#8583,.T.);
#8583 = EDGE_LOOP('',(#8584,#8592,#8598,#8599));
#8584 = ORIENTED_EDGE('',*,*,#8585,.T.);
#8585 = EDGE_CURVE('',#2097,#8586,#8588,.T.);
#8586 = VERTEX_POINT('',#8587);
#8587 = CARTESIAN_POINT('',(-6.107210987256,0.16322631088,38.));
#8588 = LINE('',#8589,#8590);
#8589 = CARTESIAN_POINT('',(-6.107210987256,0.16322631088,40.));
#8590 = VECTOR('',#8591,1.);
#8591 = DIRECTION('',(-0.,-0.,-1.));
#8592 = ORIENTED_EDGE('',*,*,#8593,.T.);
#8593 = EDGE_CURVE('',#8586,#8555,#8594,.T.);
#8594 = B_SPLINE_CURVE_WITH_KNOTS('',2,(#8595,#8596,#8597),
  .UNSPECIFIED.,.F.,.F.,(3,3),(0.,1.),.PIECEWISE_BEZIER_KNOTS.);
#8595 = CARTESIAN_POINT('',(-6.107210987256,0.16322631088,38.));
#8596 = CARTESIAN_POINT('',(-6.178131376305,0.201275662465,38.));
#8597 = CARTESIAN_POINT('',(-6.316369848927,0.201275662465,38.));
#8598 = ORIENTED_EDGE('',*,*,#8554,.F.);
#8599 = ORIENTED_EDGE('',*,*,#2104,.F.);
#8600 = SURFACE_OF_LINEAR_EXTRUSION('',#8601,#8605);
#8601 = B_SPLINE_CURVE_WITH_KNOTS('',2,(#8602,#8603,#8604),
  .UNSPECIFIED.,.F.,.F.,(3,3),(0.,1.),.PIECEWISE_BEZIER_KNOTS.);
#8602 = CARTESIAN_POINT('',(-6.107210987256,0.16322631088,40.));
#8603 = CARTESIAN_POINT('',(-6.178131376305,0.201275662465,40.));
#8604 = CARTESIAN_POINT('',(-6.316369848927,0.201275662465,40.));
#8605 = VECTOR('',#8606,1.);
#8606 = DIRECTION('',(0.,0.,1.));
#8607 = ADVANCED_FACE('',(#8608),#8626,.T.);
#8608 = FACE_BOUND('',#8609,.T.);
#8609 = EDGE_LOOP('',(#8610,#8611,#8619,#8625));
#8610 = ORIENTED_EDGE('',*,*,#8570,.T.);
#8611 = ORIENTED_EDGE('',*,*,#8612,.T.);
#8612 = EDGE_CURVE('',#8563,#8613,#8615,.T.);
#8613 = VERTEX_POINT('',#8614);
#8614 = CARTESIAN_POINT('',(-6.713974315786,-1.751173905258,38.));
#8615 = LINE('',#8616,#8617);
#8616 = CARTESIAN_POINT('',(-6.713974315786,0.201275662465,38.));
#8617 = VECTOR('',#8618,1.);
#8618 = DIRECTION('',(0.,-1.,0.));
#8619 = ORIENTED_EDGE('',*,*,#8620,.F.);
#8620 = EDGE_CURVE('',#1953,#8613,#8621,.T.);
#8621 = LINE('',#8622,#8623);
#8622 = CARTESIAN_POINT('',(-6.713974315786,-1.751173905258,40.));
#8623 = VECTOR('',#8624,1.);
#8624 = DIRECTION('',(-0.,-0.,-1.));
#8625 = ORIENTED_EDGE('',*,*,#1952,.F.);
#8626 = PLANE('',#8627);
#8627 = AXIS2_PLACEMENT_3D('',#8628,#8629,#8630);
#8628 = CARTESIAN_POINT('',(-6.713974315786,0.201275662465,40.));
#8629 = DIRECTION('',(-1.,0.,0.));
#8630 = DIRECTION('',(0.,-1.,0.));
#8631 = ADVANCED_FACE('',(#8632),#8650,.T.);
#8632 = FACE_BOUND('',#8633,.T.);
#8633 = EDGE_LOOP('',(#8634,#8642,#8648,#8649));
#8634 = ORIENTED_EDGE('',*,*,#8635,.T.);
#8635 = EDGE_CURVE('',#2089,#8636,#8638,.T.);
#8636 = VERTEX_POINT('',#8637);
#8637 = CARTESIAN_POINT('',(-5.977527990138,3.534446650005E-02,38.));
#8638 = LINE('',#8639,#8640);
#8639 = CARTESIAN_POINT('',(-5.977527990138,3.534446650005E-02,40.));
#8640 = VECTOR('',#8641,1.);
#8641 = DIRECTION('',(-0.,-0.,-1.));
#8642 = ORIENTED_EDGE('',*,*,#8643,.T.);
#8643 = EDGE_CURVE('',#8636,#8586,#8644,.T.);
#8644 = B_SPLINE_CURVE_WITH_KNOTS('',2,(#8645,#8646,#8647),
  .UNSPECIFIED.,.F.,.F.,(3,3),(0.,1.),.PIECEWISE_BEZIER_KNOTS.);
#8645 = CARTESIAN_POINT('',(-5.977527990138,3.534446650005E-02,38.));
#8646 = CARTESIAN_POINT('',(-6.036290598207,0.125176959295,38.));
#8647 = CARTESIAN_POINT('',(-6.107210987256,0.16322631088,38.));
#8648 = ORIENTED_EDGE('',*,*,#8585,.F.);
#8649 = ORIENTED_EDGE('',*,*,#2096,.F.);
#8650 = SURFACE_OF_LINEAR_EXTRUSION('',#8651,#8655);
#8651 = B_SPLINE_CURVE_WITH_KNOTS('',2,(#8652,#8653,#8654),
  .UNSPECIFIED.,.F.,.F.,(3,3),(0.,1.),.PIECEWISE_BEZIER_KNOTS.);
#8652 = CARTESIAN_POINT('',(-5.977527990138,3.534446650005E-02,40.));
#8653 = CARTESIAN_POINT('',(-6.036290598207,0.125176959295,40.));
#8654 = CARTESIAN_POINT('',(-6.107210987256,0.16322631088,40.));
#8655 = VECTOR('',#8656,1.);
#8656 = DIRECTION('',(0.,0.,1.));
#8657 = ADVANCED_FACE('',(#8658),#8676,.T.);
#8658 = FACE_BOUND('',#8659,.T.);
#8659 = EDGE_LOOP('',(#8660,#8661,#8669,#8675));
#8660 = ORIENTED_EDGE('',*,*,#8620,.T.);
#8661 = ORIENTED_EDGE('',*,*,#8662,.T.);
#8662 = EDGE_CURVE('',#8613,#8663,#8665,.T.);
#8663 = VERTEX_POINT('',#8664);
#8664 = CARTESIAN_POINT('',(-7.644269704835,-1.751173905258,38.));
#8665 = LINE('',#8666,#8667);
#8666 = CARTESIAN_POINT('',(-6.713974315786,-1.751173905258,38.));
#8667 = VECTOR('',#8668,1.);
#8668 = DIRECTION('',(-1.,0.,0.));
#8669 = ORIENTED_EDGE('',*,*,#8670,.F.);
#8670 = EDGE_CURVE('',#1961,#8663,#8671,.T.);
#8671 = LINE('',#8672,#8673);
#8672 = CARTESIAN_POINT('',(-7.644269704835,-1.751173905258,40.));
#8673 = VECTOR('',#8674,1.);
#8674 = DIRECTION('',(-0.,-0.,-1.));
#8675 = ORIENTED_EDGE('',*,*,#1960,.F.);
#8676 = PLANE('',#8677);
#8677 = AXIS2_PLACEMENT_3D('',#8678,#8679,#8680);
#8678 = CARTESIAN_POINT('',(-6.713974315786,-1.751173905258,40.));
#8679 = DIRECTION('',(0.,1.,0.));
#8680 = DIRECTION('',(-1.,0.,0.));
#8681 = ADVANCED_FACE('',(#8682),#8700,.T.);
#8682 = FACE_BOUND('',#8683,.T.);
#8683 = EDGE_LOOP('',(#8684,#8692,#8698,#8699));
#8684 = ORIENTED_EDGE('',*,*,#8685,.T.);
#8685 = EDGE_CURVE('',#2081,#8686,#8688,.T.);
#8686 = VERTEX_POINT('',#8687);
#8687 = CARTESIAN_POINT('',(-4.926105079475,-1.564529452808,38.));
#8688 = LINE('',#8689,#8690);
#8689 = CARTESIAN_POINT('',(-4.926105079475,-1.564529452808,40.));
#8690 = VECTOR('',#8691,1.);
#8691 = DIRECTION('',(-0.,-0.,-1.));
#8692 = ORIENTED_EDGE('',*,*,#8693,.T.);
#8693 = EDGE_CURVE('',#8686,#8636,#8694,.T.);
#8694 = LINE('',#8695,#8696);
#8695 = CARTESIAN_POINT('',(-4.926105079475,-1.564529452808,38.));
#8696 = VECTOR('',#8697,1.);
#8697 = DIRECTION('',(-0.549206046704,0.83568697385,0.));
#8698 = ORIENTED_EDGE('',*,*,#8635,.F.);
#8699 = ORIENTED_EDGE('',*,*,#2088,.F.);
#8700 = PLANE('',#8701);
#8701 = AXIS2_PLACEMENT_3D('',#8702,#8703,#8704);
#8702 = CARTESIAN_POINT('',(-4.926105079475,-1.564529452808,40.));
#8703 = DIRECTION('',(0.83568697385,0.549206046704,0.));
#8704 = DIRECTION('',(-0.549206046704,0.83568697385,0.));
#8705 = ADVANCED_FACE('',(#8706),#8724,.T.);
#8706 = FACE_BOUND('',#8707,.T.);
#8707 = EDGE_LOOP('',(#8708,#8709,#8717,#8723));
#8708 = ORIENTED_EDGE('',*,*,#8670,.T.);
#8709 = ORIENTED_EDGE('',*,*,#8710,.T.);
#8710 = EDGE_CURVE('',#8663,#8711,#8713,.T.);
#8711 = VERTEX_POINT('',#8712);
#8712 = CARTESIAN_POINT('',(-7.644269704835,3.241621483791,38.));
#8713 = LINE('',#8714,#8715);
#8714 = CARTESIAN_POINT('',(-7.644269704835,-1.751173905258,38.));
#8715 = VECTOR('',#8716,1.);
#8716 = DIRECTION('',(0.,1.,0.));
#8717 = ORIENTED_EDGE('',*,*,#8718,.F.);
#8718 = EDGE_CURVE('',#1969,#8711,#8719,.T.);
#8719 = LINE('',#8720,#8721);
#8720 = CARTESIAN_POINT('',(-7.644269704835,3.241621483791,40.));
#8721 = VECTOR('',#8722,1.);
#8722 = DIRECTION('',(-0.,-0.,-1.));
#8723 = ORIENTED_EDGE('',*,*,#1968,.F.);
#8724 = PLANE('',#8725);
#8725 = AXIS2_PLACEMENT_3D('',#8726,#8727,#8728);
#8726 = CARTESIAN_POINT('',(-7.644269704835,-1.751173905258,40.));
#8727 = DIRECTION('',(1.,0.,0.));
#8728 = DIRECTION('',(0.,1.,0.));
#8729 = ADVANCED_FACE('',(#8730),#8748,.T.);
#8730 = FACE_BOUND('',#8731,.T.);
#8731 = EDGE_LOOP('',(#8732,#8740,#8746,#8747));
#8732 = ORIENTED_EDGE('',*,*,#8733,.T.);
#8733 = EDGE_CURVE('',#2073,#8734,#8736,.T.);
#8734 = VERTEX_POINT('',#8735);
#8735 = CARTESIAN_POINT('',(-4.782688292731,-1.702767925431,38.));
#8736 = LINE('',#8737,#8738);
#8737 = CARTESIAN_POINT('',(-4.782688292731,-1.702767925431,40.));
#8738 = VECTOR('',#8739,1.);
#8739 = DIRECTION('',(-0.,-0.,-1.));
#8740 = ORIENTED_EDGE('',*,*,#8741,.T.);
#8741 = EDGE_CURVE('',#8734,#8686,#8742,.T.);
#8742 = B_SPLINE_CURVE_WITH_KNOTS('',2,(#8743,#8744,#8745),
  .UNSPECIFIED.,.F.,.F.,(3,3),(0.,1.),.PIECEWISE_BEZIER_KNOTS.);
#8743 = CARTESIAN_POINT('',(-4.782688292731,-1.702767925431,38.));
#8744 = CARTESIAN_POINT('',(-4.867342471406,-1.654361945604,38.));
#8745 = CARTESIAN_POINT('',(-4.926105079475,-1.564529452808,38.));
#8746 = ORIENTED_EDGE('',*,*,#8685,.F.);
#8747 = ORIENTED_EDGE('',*,*,#2080,.F.);
#8748 = SURFACE_OF_LINEAR_EXTRUSION('',#8749,#8753);
#8749 = B_SPLINE_CURVE_WITH_KNOTS('',2,(#8750,#8751,#8752),
  .UNSPECIFIED.,.F.,.F.,(3,3),(0.,1.),.PIECEWISE_BEZIER_KNOTS.);
#8750 = CARTESIAN_POINT('',(-4.782688292731,-1.702767925431,40.));
#8751 = CARTESIAN_POINT('',(-4.867342471406,-1.654361945604,40.));
#8752 = CARTESIAN_POINT('',(-4.926105079475,-1.564529452808,40.));
#8753 = VECTOR('',#8754,1.);
#8754 = DIRECTION('',(0.,0.,1.));
#8755 = ADVANCED_FACE('',(#8756),#8774,.T.);
#8756 = FACE_BOUND('',#8757,.T.);
#8757 = EDGE_LOOP('',(#8758,#8759,#8767,#8773));
#8758 = ORIENTED_EDGE('',*,*,#8718,.T.);
#8759 = ORIENTED_EDGE('',*,*,#8760,.T.);
#8760 = EDGE_CURVE('',#8711,#8761,#8763,.T.);
#8761 = VERTEX_POINT('',#8762);
#8762 = CARTESIAN_POINT('',(-6.119143624143,3.241621483791,38.));
#8763 = LINE('',#8764,#8765);
#8764 = CARTESIAN_POINT('',(-7.644269704835,3.241621483791,38.));
#8765 = VECTOR('',#8766,1.);
#8766 = DIRECTION('',(1.,0.,0.));
#8767 = ORIENTED_EDGE('',*,*,#8768,.F.);
#8768 = EDGE_CURVE('',#1977,#8761,#8769,.T.);
#8769 = LINE('',#8770,#8771);
#8770 = CARTESIAN_POINT('',(-6.119143624143,3.241621483791,40.));
#8771 = VECTOR('',#8772,1.);
#8772 = DIRECTION('',(-0.,-0.,-1.));
#8773 = ORIENTED_EDGE('',*,*,#1976,.F.);
#8774 = PLANE('',#8775);
#8775 = AXIS2_PLACEMENT_3D('',#8776,#8777,#8778);
#8776 = CARTESIAN_POINT('',(-7.644269704835,3.241621483791,40.));
#8777 = DIRECTION('',(0.,-1.,0.));
#8778 = DIRECTION('',(1.,0.,0.));
#8779 = ADVANCED_FACE('',(#8780),#8798,.T.);
#8780 = FACE_BOUND('',#8781,.T.);
#8781 = EDGE_LOOP('',(#8782,#8790,#8796,#8797));
#8782 = ORIENTED_EDGE('',*,*,#8783,.T.);
#8783 = EDGE_CURVE('',#2065,#8784,#8786,.T.);
#8784 = VERTEX_POINT('',#8785);
#8785 = CARTESIAN_POINT('',(-4.576906592443,-1.751173905258,38.));
#8786 = LINE('',#8787,#8788);
#8787 = CARTESIAN_POINT('',(-4.576906592443,-1.751173905258,40.));
#8788 = VECTOR('',#8789,1.);
#8789 = DIRECTION('',(-0.,-0.,-1.));
#8790 = ORIENTED_EDGE('',*,*,#8791,.T.);
#8791 = EDGE_CURVE('',#8784,#8734,#8792,.T.);
#8792 = B_SPLINE_CURVE_WITH_KNOTS('',2,(#8793,#8794,#8795),
  .UNSPECIFIED.,.F.,.F.,(3,3),(0.,1.),.PIECEWISE_BEZIER_KNOTS.);
#8793 = CARTESIAN_POINT('',(-4.576906592443,-1.751173905258,38.));
#8794 = CARTESIAN_POINT('',(-4.697808969965,-1.751173905258,38.));
#8795 = CARTESIAN_POINT('',(-4.782688292731,-1.702767925431,38.));
#8796 = ORIENTED_EDGE('',*,*,#8733,.F.);
#8797 = ORIENTED_EDGE('',*,*,#2072,.F.);
#8798 = SURFACE_OF_LINEAR_EXTRUSION('',#8799,#8803);
#8799 = B_SPLINE_CURVE_WITH_KNOTS('',2,(#8800,#8801,#8802),
  .UNSPECIFIED.,.F.,.F.,(3,3),(0.,1.),.PIECEWISE_BEZIER_KNOTS.);
#8800 = CARTESIAN_POINT('',(-4.576906592443,-1.751173905258,40.));
#8801 = CARTESIAN_POINT('',(-4.697808969965,-1.751173905258,40.));
#8802 = CARTESIAN_POINT('',(-4.782688292731,-1.702767925431,40.));
#8803 = VECTOR('',#8804,1.);
#8804 = DIRECTION('',(0.,0.,1.));
#8805 = ADVANCED_FACE('',(#8806),#8824,.T.);
#8806 = FACE_BOUND('',#8807,.T.);
#8807 = EDGE_LOOP('',(#8808,#8809,#8817,#8823));
#8808 = ORIENTED_EDGE('',*,*,#8768,.T.);
#8809 = ORIENTED_EDGE('',*,*,#8810,.T.);
#8810 = EDGE_CURVE('',#8761,#8811,#8813,.T.);
#8811 = VERTEX_POINT('',#8812);
#8812 = CARTESIAN_POINT('',(-5.242657673135,3.136254048633,38.));
#8813 = B_SPLINE_CURVE_WITH_KNOTS('',2,(#8814,#8815,#8816),
  .UNSPECIFIED.,.F.,.F.,(3,3),(0.,1.),.PIECEWISE_BEZIER_KNOTS.);
#8814 = CARTESIAN_POINT('',(-6.119143624143,3.241621483791,38.));
#8815 = CARTESIAN_POINT('',(-5.60739110253,3.241621483791,38.));
#8816 = CARTESIAN_POINT('',(-5.242657673135,3.136254048633,38.));
#8817 = ORIENTED_EDGE('',*,*,#8818,.F.);
#8818 = EDGE_CURVE('',#1985,#8811,#8819,.T.);
#8819 = LINE('',#8820,#8821);
#8820 = CARTESIAN_POINT('',(-5.242657673135,3.136254048633,40.));
#8821 = VECTOR('',#8822,1.);
#8822 = DIRECTION('',(-0.,-0.,-1.));
#8823 = ORIENTED_EDGE('',*,*,#1984,.F.);
#8824 = SURFACE_OF_LINEAR_EXTRUSION('',#8825,#8829);
#8825 = B_SPLINE_CURVE_WITH_KNOTS('',2,(#8826,#8827,#8828),
  .UNSPECIFIED.,.F.,.F.,(3,3),(0.,1.),.PIECEWISE_BEZIER_KNOTS.);
#8826 = CARTESIAN_POINT('',(-6.119143624143,3.241621483791,40.));
#8827 = CARTESIAN_POINT('',(-5.60739110253,3.241621483791,40.));
#8828 = CARTESIAN_POINT('',(-5.242657673135,3.136254048633,40.));
#8829 = VECTOR('',#8830,1.);
#8830 = DIRECTION('',(0.,0.,1.));
#8831 = ADVANCED_FACE('',(#8832),#8850,.T.);
#8832 = FACE_BOUND('',#8833,.T.);
#8833 = EDGE_LOOP('',(#8834,#8842,#8848,#8849));
#8834 = ORIENTED_EDGE('',*,*,#8835,.T.);
#8835 = EDGE_CURVE('',#2057,#8836,#8838,.T.);
#8836 = VERTEX_POINT('',#8837);
#8837 = CARTESIAN_POINT('',(-3.740046001665,-1.751173905258,38.));
#8838 = LINE('',#8839,#8840);
#8839 = CARTESIAN_POINT('',(-3.740046001665,-1.751173905258,40.));
#8840 = VECTOR('',#8841,1.);
#8841 = DIRECTION('',(-0.,-0.,-1.));
#8842 = ORIENTED_EDGE('',*,*,#8843,.T.);
#8843 = EDGE_CURVE('',#8836,#8784,#8844,.T.);
#8844 = LINE('',#8845,#8846);
#8845 = CARTESIAN_POINT('',(-3.740046001665,-1.751173905258,38.));
#8846 = VECTOR('',#8847,1.);
#8847 = DIRECTION('',(-1.,0.,0.));
#8848 = ORIENTED_EDGE('',*,*,#8783,.F.);
#8849 = ORIENTED_EDGE('',*,*,#2064,.F.);
#8850 = PLANE('',#8851);
#8851 = AXIS2_PLACEMENT_3D('',#8852,#8853,#8854);
#8852 = CARTESIAN_POINT('',(-3.740046001665,-1.751173905258,40.));
#8853 = DIRECTION('',(0.,1.,0.));
#8854 = DIRECTION('',(-1.,0.,0.));
#8855 = ADVANCED_FACE('',(#8856),#8874,.T.);
#8856 = FACE_BOUND('',#8857,.T.);
#8857 = EDGE_LOOP('',(#8858,#8859,#8867,#8873));
#8858 = ORIENTED_EDGE('',*,*,#8818,.T.);
#8859 = ORIENTED_EDGE('',*,*,#8860,.T.);
#8860 = EDGE_CURVE('',#8811,#8861,#8863,.T.);
#8861 = VERTEX_POINT('',#8862);
#8862 = CARTESIAN_POINT('',(-4.644449820109,2.840864999641,38.));
#8863 = B_SPLINE_CURVE_WITH_KNOTS('',2,(#8864,#8865,#8866),
  .UNSPECIFIED.,.F.,.F.,(3,3),(0.,1.),.PIECEWISE_BEZIER_KNOTS.);
#8864 = CARTESIAN_POINT('',(-5.242657673135,3.136254048633,38.));
#8865 = CARTESIAN_POINT('',(-4.877699099648,3.030886613474,38.));
#8866 = CARTESIAN_POINT('',(-4.644449820109,2.840864999641,38.));
#8867 = ORIENTED_EDGE('',*,*,#8868,.F.);
#8868 = EDGE_CURVE('',#1993,#8861,#8869,.T.);
#8869 = LINE('',#8870,#8871);
#8870 = CARTESIAN_POINT('',(-4.644449820109,2.840864999641,40.));
#8871 = VECTOR('',#8872,1.);
#8872 = DIRECTION('',(-0.,-0.,-1.));
#8873 = ORIENTED_EDGE('',*,*,#1992,.F.);
#8874 = SURFACE_OF_LINEAR_EXTRUSION('',#8875,#8879);
#8875 = B_SPLINE_CURVE_WITH_KNOTS('',2,(#8876,#8877,#8878),
  .UNSPECIFIED.,.F.,.F.,(3,3),(0.,1.),.PIECEWISE_BEZIER_KNOTS.);
#8876 = CARTESIAN_POINT('',(-5.242657673135,3.136254048633,40.));
#8877 = CARTESIAN_POINT('',(-4.877699099648,3.030886613474,40.));
#8878 = CARTESIAN_POINT('',(-4.644449820109,2.840864999641,40.));
#8879 = VECTOR('',#8880,1.);
#8880 = DIRECTION('',(0.,0.,1.));
#8881 = ADVANCED_FACE('',(#8882),#8900,.T.);
#8882 = FACE_BOUND('',#8883,.T.);
#8883 = EDGE_LOOP('',(#8884,#8892,#8898,#8899));
#8884 = ORIENTED_EDGE('',*,*,#8885,.T.);
#8885 = EDGE_CURVE('',#2049,#8886,#8888,.T.);
#8886 = VERTEX_POINT('',#8887);
#8887 = CARTESIAN_POINT('',(-4.991847154403,9.208077773924E-02,38.));
#8888 = LINE('',#8889,#8890);
#8889 = CARTESIAN_POINT('',(-4.991847154403,9.208077773924E-02,40.));
#8890 = VECTOR('',#8891,1.);
#8891 = DIRECTION('',(-0.,-0.,-1.));
#8892 = ORIENTED_EDGE('',*,*,#8893,.T.);
#8893 = EDGE_CURVE('',#8886,#8836,#8894,.T.);
#8894 = LINE('',#8895,#8896);
#8895 = CARTESIAN_POINT('',(-4.991847154403,9.208077773924E-02,38.));
#8896 = VECTOR('',#8897,1.);
#8897 = DIRECTION('',(0.561815193865,-0.827262768377,0.));
#8898 = ORIENTED_EDGE('',*,*,#8835,.F.);
#8899 = ORIENTED_EDGE('',*,*,#2056,.F.);
#8900 = PLANE('',#8901);
#8901 = AXIS2_PLACEMENT_3D('',#8902,#8903,#8904);
#8902 = CARTESIAN_POINT('',(-4.991847154403,9.208077773924E-02,40.));
#8903 = DIRECTION('',(-0.827262768377,-0.561815193865,0.));
#8904 = DIRECTION('',(0.561815193865,-0.827262768377,0.));
#8905 = ADVANCED_FACE('',(#8906),#8924,.T.);
#8906 = FACE_BOUND('',#8907,.T.);
#8907 = EDGE_LOOP('',(#8908,#8909,#8917,#8923));
#8908 = ORIENTED_EDGE('',*,*,#8868,.T.);
#8909 = ORIENTED_EDGE('',*,*,#8910,.T.);
#8910 = EDGE_CURVE('',#8861,#8911,#8913,.T.);
#8911 = VERTEX_POINT('',#8912);
#8912 = CARTESIAN_POINT('',(-4.302005655844,2.386749365635,38.));
#8913 = B_SPLINE_CURVE_WITH_KNOTS('',2,(#8914,#8915,#8916),
  .UNSPECIFIED.,.F.,.F.,(3,3),(0.,1.),.PIECEWISE_BEZIER_KNOTS.);
#8914 = CARTESIAN_POINT('',(-4.644449820109,2.840864999641,38.));
#8915 = CARTESIAN_POINT('',(-4.410975396478,2.651068529901,38.));
#8916 = CARTESIAN_POINT('',(-4.302005655844,2.386749365635,38.));
#8917 = ORIENTED_EDGE('',*,*,#8918,.F.);
#8918 = EDGE_CURVE('',#2001,#8911,#8919,.T.);
#8919 = LINE('',#8920,#8921);
#8920 = CARTESIAN_POINT('',(-4.302005655844,2.386749365635,40.));
#8921 = VECTOR('',#8922,1.);
#8922 = DIRECTION('',(-0.,-0.,-1.));
#8923 = ORIENTED_EDGE('',*,*,#2000,.F.);
#8924 = SURFACE_OF_LINEAR_EXTRUSION('',#8925,#8929);
#8925 = B_SPLINE_CURVE_WITH_KNOTS('',2,(#8926,#8927,#8928),
  .UNSPECIFIED.,.F.,.F.,(3,3),(0.,1.),.PIECEWISE_BEZIER_KNOTS.);
#8926 = CARTESIAN_POINT('',(-4.644449820109,2.840864999641,40.));
#8927 = CARTESIAN_POINT('',(-4.410975396478,2.651068529901,40.));
#8928 = CARTESIAN_POINT('',(-4.302005655844,2.386749365635,40.));
#8929 = VECTOR('',#8930,1.);
#8930 = DIRECTION('',(0.,0.,1.));
#8931 = ADVANCED_FACE('',(#8932),#8950,.T.);
#8932 = FACE_BOUND('',#8933,.T.);
#8933 = EDGE_LOOP('',(#8934,#8942,#8948,#8949));
#8934 = ORIENTED_EDGE('',*,*,#8935,.T.);
#8935 = EDGE_CURVE('',#2041,#8936,#8938,.T.);
#8936 = VERTEX_POINT('',#8937);
#8937 = CARTESIAN_POINT('',(-5.296241967083,0.378464063042,38.));
#8938 = LINE('',#8939,#8940);
#8939 = CARTESIAN_POINT('',(-5.296241967083,0.378464063042,40.));
#8940 = VECTOR('',#8941,1.);
#8941 = DIRECTION('',(-0.,-0.,-1.));
#8942 = ORIENTED_EDGE('',*,*,#8943,.T.);
#8943 = EDGE_CURVE('',#8936,#8886,#8944,.T.);
#8944 = B_SPLINE_CURVE_WITH_KNOTS('',2,(#8945,#8946,#8947),
  .UNSPECIFIED.,.F.,.F.,(3,3),(0.,1.),.PIECEWISE_BEZIER_KNOTS.);
#8945 = CARTESIAN_POINT('',(-5.296241967083,0.378464063042,38.));
#8946 = CARTESIAN_POINT('',(-5.119728998783,0.278274942004,38.));
#8947 = CARTESIAN_POINT('',(-4.991847154403,9.208077773924E-02,38.));
#8948 = ORIENTED_EDGE('',*,*,#8885,.F.);
#8949 = ORIENTED_EDGE('',*,*,#2048,.F.);
#8950 = SURFACE_OF_LINEAR_EXTRUSION('',#8951,#8955);
#8951 = B_SPLINE_CURVE_WITH_KNOTS('',2,(#8952,#8953,#8954),
  .UNSPECIFIED.,.F.,.F.,(3,3),(0.,1.),.PIECEWISE_BEZIER_KNOTS.);
#8952 = CARTESIAN_POINT('',(-5.296241967083,0.378464063042,40.));
#8953 = CARTESIAN_POINT('',(-5.119728998783,0.278274942004,40.));
#8954 = CARTESIAN_POINT('',(-4.991847154403,9.208077773924E-02,40.));
#8955 = VECTOR('',#8956,1.);
#8956 = DIRECTION('',(0.,0.,1.));
#8957 = ADVANCED_FACE('',(#8958),#8976,.T.);
#8958 = FACE_BOUND('',#8959,.T.);
#8959 = EDGE_LOOP('',(#8960,#8961,#8969,#8975));
#8960 = ORIENTED_EDGE('',*,*,#8918,.T.);
#8961 = ORIENTED_EDGE('',*,*,#8962,.T.);
#8962 = EDGE_CURVE('',#8911,#8963,#8965,.T.);
#8963 = VERTEX_POINT('',#8964);
#8964 = CARTESIAN_POINT('',(-4.19303591521,1.804751887249,38.));
#8965 = B_SPLINE_CURVE_WITH_KNOTS('',2,(#8966,#8967,#8968),
  .UNSPECIFIED.,.F.,.F.,(3,3),(0.,1.),.PIECEWISE_BEZIER_KNOTS.);
#8966 = CARTESIAN_POINT('',(-4.302005655844,2.386749365635,38.));
#8967 = CARTESIAN_POINT('',(-4.19303591521,2.122655345463,38.));
#8968 = CARTESIAN_POINT('',(-4.19303591521,1.804751887249,38.));
#8969 = ORIENTED_EDGE('',*,*,#8970,.F.);
#8970 = EDGE_CURVE('',#2009,#8963,#8971,.T.);
#8971 = LINE('',#8972,#8973);
#8972 = CARTESIAN_POINT('',(-4.19303591521,1.804751887249,40.));
#8973 = VECTOR('',#8974,1.);
#8974 = DIRECTION('',(-0.,-0.,-1.));
#8975 = ORIENTED_EDGE('',*,*,#2008,.F.);
#8976 = SURFACE_OF_LINEAR_EXTRUSION('',#8977,#8981);
#8977 = B_SPLINE_CURVE_WITH_KNOTS('',2,(#8978,#8979,#8980),
  .UNSPECIFIED.,.F.,.F.,(3,3),(0.,1.),.PIECEWISE_BEZIER_KNOTS.);
#8978 = CARTESIAN_POINT('',(-4.302005655844,2.386749365635,40.));
#8979 = CARTESIAN_POINT('',(-4.19303591521,2.122655345463,40.));
#8980 = CARTESIAN_POINT('',(-4.19303591521,1.804751887249,40.));
#8981 = VECTOR('',#8982,1.);
#8982 = DIRECTION('',(0.,0.,1.));
#8983 = ADVANCED_FACE('',(#8984),#9002,.T.);
#8984 = FACE_BOUND('',#8985,.T.);
#8985 = EDGE_LOOP('',(#8986,#8994,#9000,#9001));
#8986 = ORIENTED_EDGE('',*,*,#8987,.T.);
#8987 = EDGE_CURVE('',#2033,#8988,#8990,.T.);
#8988 = VERTEX_POINT('',#8989);
#8989 = CARTESIAN_POINT('',(-4.827717111175,0.599330417509,38.));
#8990 = LINE('',#8991,#8992);
#8991 = CARTESIAN_POINT('',(-4.827717111175,0.599330417509,40.));
#8992 = VECTOR('',#8993,1.);
#8993 = DIRECTION('',(-0.,-0.,-1.));
#8994 = ORIENTED_EDGE('',*,*,#8995,.T.);
#8995 = EDGE_CURVE('',#8988,#8936,#8996,.T.);
#8996 = B_SPLINE_CURVE_WITH_KNOTS('',2,(#8997,#8998,#8999),
  .UNSPECIFIED.,.F.,.F.,(3,3),(0.,1.),.PIECEWISE_BEZIER_KNOTS.);
#8997 = CARTESIAN_POINT('',(-4.827717111175,0.599330417509,38.));
#8998 = CARTESIAN_POINT('',(-5.033273667371,0.461317088978,38.));
#8999 = CARTESIAN_POINT('',(-5.296241967083,0.378464063042,38.));
#9000 = ORIENTED_EDGE('',*,*,#8935,.F.);
#9001 = ORIENTED_EDGE('',*,*,#2040,.F.);
#9002 = SURFACE_OF_LINEAR_EXTRUSION('',#9003,#9007);
#9003 = B_SPLINE_CURVE_WITH_KNOTS('',2,(#9004,#9005,#9006),
  .UNSPECIFIED.,.F.,.F.,(3,3),(0.,1.),.PIECEWISE_BEZIER_KNOTS.);
#9004 = CARTESIAN_POINT('',(-4.827717111175,0.599330417509,40.));
#9005 = CARTESIAN_POINT('',(-5.033273667371,0.461317088978,40.));
#9006 = CARTESIAN_POINT('',(-5.296241967083,0.378464063042,40.));
#9007 = VECTOR('',#9008,1.);
#9008 = DIRECTION('',(0.,0.,1.));
#9009 = ADVANCED_FACE('',(#9010),#9028,.T.);
#9010 = FACE_BOUND('',#9011,.T.);
#9011 = EDGE_LOOP('',(#9012,#9013,#9021,#9027));
#9012 = ORIENTED_EDGE('',*,*,#8970,.T.);
#9013 = ORIENTED_EDGE('',*,*,#9014,.T.);
#9014 = EDGE_CURVE('',#8963,#9015,#9017,.T.);
#9015 = VERTEX_POINT('',#9016);
#9016 = CARTESIAN_POINT('',(-4.267333465642,1.328121844022,38.));
#9017 = B_SPLINE_CURVE_WITH_KNOTS('',2,(#9018,#9019,#9020),
  .UNSPECIFIED.,.F.,.F.,(3,3),(0.,1.),.PIECEWISE_BEZIER_KNOTS.);
#9018 = CARTESIAN_POINT('',(-4.19303591521,1.804751887249,38.));
#9019 = CARTESIAN_POINT('',(-4.19303591521,1.552815648056,38.));
#9020 = CARTESIAN_POINT('',(-4.267333465642,1.328121844022,38.));
#9021 = ORIENTED_EDGE('',*,*,#9022,.F.);
#9022 = EDGE_CURVE('',#2017,#9015,#9023,.T.);
#9023 = LINE('',#9024,#9025);
#9024 = CARTESIAN_POINT('',(-4.267333465642,1.328121844022,40.));
#9025 = VECTOR('',#9026,1.);
#9026 = DIRECTION('',(-0.,-0.,-1.));
#9027 = ORIENTED_EDGE('',*,*,#2016,.F.);
#9028 = SURFACE_OF_LINEAR_EXTRUSION('',#9029,#9033);
#9029 = B_SPLINE_CURVE_WITH_KNOTS('',2,(#9030,#9031,#9032),
  .UNSPECIFIED.,.F.,.F.,(3,3),(0.,1.),.PIECEWISE_BEZIER_KNOTS.);
#9030 = CARTESIAN_POINT('',(-4.19303591521,1.804751887249,40.));
#9031 = CARTESIAN_POINT('',(-4.19303591521,1.552815648056,40.));
#9032 = CARTESIAN_POINT('',(-4.267333465642,1.328121844022,40.));
#9033 = VECTOR('',#9034,1.);
#9034 = DIRECTION('',(0.,0.,1.));
#9035 = ADVANCED_FACE('',(#9036),#9054,.T.);
#9036 = FACE_BOUND('',#9037,.T.);
#9037 = EDGE_LOOP('',(#9038,#9046,#9052,#9053));
#9038 = ORIENTED_EDGE('',*,*,#9039,.T.);
#9039 = EDGE_CURVE('',#2025,#9040,#9042,.T.);
#9040 = VERTEX_POINT('',#9041);
#9041 = CARTESIAN_POINT('',(-4.481895785527,0.920611037105,38.));
#9042 = LINE('',#9043,#9044);
#9043 = CARTESIAN_POINT('',(-4.481895785527,0.920611037105,40.));
#9044 = VECTOR('',#9045,1.);
#9045 = DIRECTION('',(-0.,-0.,-1.));
#9046 = ORIENTED_EDGE('',*,*,#9047,.T.);
#9047 = EDGE_CURVE('',#9040,#8988,#9048,.T.);
#9048 = B_SPLINE_CURVE_WITH_KNOTS('',2,(#9049,#9050,#9051),
  .UNSPECIFIED.,.F.,.F.,(3,3),(0.,1.),.PIECEWISE_BEZIER_KNOTS.);
#9049 = CARTESIAN_POINT('',(-4.481895785527,0.920611037105,38.));
#9050 = CARTESIAN_POINT('',(-4.621935410887,0.737568890131,38.));
#9051 = CARTESIAN_POINT('',(-4.827717111175,0.599330417509,38.));
#9052 = ORIENTED_EDGE('',*,*,#8987,.F.);
#9053 = ORIENTED_EDGE('',*,*,#2032,.F.);
#9054 = SURFACE_OF_LINEAR_EXTRUSION('',#9055,#9059);
#9055 = B_SPLINE_CURVE_WITH_KNOTS('',2,(#9056,#9057,#9058),
  .UNSPECIFIED.,.F.,.F.,(3,3),(0.,1.),.PIECEWISE_BEZIER_KNOTS.);
#9056 = CARTESIAN_POINT('',(-4.481895785527,0.920611037105,40.));
#9057 = CARTESIAN_POINT('',(-4.621935410887,0.737568890131,40.));
#9058 = CARTESIAN_POINT('',(-4.827717111175,0.599330417509,40.));
#9059 = VECTOR('',#9060,1.);
#9060 = DIRECTION('',(0.,0.,1.));
#9061 = ADVANCED_FACE('',(#9062),#9073,.T.);
#9062 = FACE_BOUND('',#9063,.T.);
#9063 = EDGE_LOOP('',(#9064,#9065,#9071,#9072));
#9064 = ORIENTED_EDGE('',*,*,#9022,.T.);
#9065 = ORIENTED_EDGE('',*,*,#9066,.T.);
#9066 = EDGE_CURVE('',#9015,#9040,#9067,.T.);
#9067 = B_SPLINE_CURVE_WITH_KNOTS('',2,(#9068,#9069,#9070),
  .UNSPECIFIED.,.F.,.F.,(3,3),(0.,1.),.PIECEWISE_BEZIER_KNOTS.);
#9068 = CARTESIAN_POINT('',(-4.267333465642,1.328121844022,38.));
#9069 = CARTESIAN_POINT('',(-4.341631016074,1.103653184079,38.));
#9070 = CARTESIAN_POINT('',(-4.481895785527,0.920611037105,38.));
#9071 = ORIENTED_EDGE('',*,*,#9039,.F.);
#9072 = ORIENTED_EDGE('',*,*,#2024,.F.);
#9073 = SURFACE_OF_LINEAR_EXTRUSION('',#9074,#9078);
#9074 = B_SPLINE_CURVE_WITH_KNOTS('',2,(#9075,#9076,#9077),
  .UNSPECIFIED.,.F.,.F.,(3,3),(0.,1.),.PIECEWISE_BEZIER_KNOTS.);
#9075 = CARTESIAN_POINT('',(-4.267333465642,1.328121844022,40.));
#9076 = CARTESIAN_POINT('',(-4.341631016074,1.103653184079,40.));
#9077 = CARTESIAN_POINT('',(-4.481895785527,0.920611037105,40.));
#9078 = VECTOR('',#9079,1.);
#9079 = DIRECTION('',(0.,0.,1.));
#9080 = ADVANCED_FACE('',(#9081),#9106,.T.);
#9081 = FACE_BOUND('',#9082,.T.);
#9082 = EDGE_LOOP('',(#9083,#9091,#9099,#9105));
#9083 = ORIENTED_EDGE('',*,*,#9084,.T.);
#9084 = EDGE_CURVE('',#2113,#9085,#9087,.T.);
#9085 = VERTEX_POINT('',#9086);
#9086 = CARTESIAN_POINT('',(-2.206814733654,3.039892377163,38.));
#9087 = LINE('',#9088,#9089);
#9088 = CARTESIAN_POINT('',(-2.206814733654,3.039892377163,40.));
#9089 = VECTOR('',#9090,1.);
#9090 = DIRECTION('',(-0.,-0.,-1.));
#9091 = ORIENTED_EDGE('',*,*,#9092,.T.);
#9092 = EDGE_CURVE('',#9085,#9093,#9095,.T.);
#9093 = VERTEX_POINT('',#9094);
#9094 = CARTESIAN_POINT('',(-2.16178591521,2.825780345463,38.));
#9095 = B_SPLINE_CURVE_WITH_KNOTS('',2,(#9096,#9097,#9098),
  .UNSPECIFIED.,.F.,.F.,(3,3),(0.,1.),.PIECEWISE_BEZIER_KNOTS.);
#9096 = CARTESIAN_POINT('',(-2.206814733654,3.039892377163,38.));
#9097 = CARTESIAN_POINT('',(-2.16178591521,2.939703256125,38.));
#9098 = CARTESIAN_POINT('',(-2.16178591521,2.825780345463,38.));
#9099 = ORIENTED_EDGE('',*,*,#9100,.F.);
#9100 = EDGE_CURVE('',#2115,#9093,#9101,.T.);
#9101 = LINE('',#9102,#9103);
#9102 = CARTESIAN_POINT('',(-2.16178591521,2.825780345463,40.));
#9103 = VECTOR('',#9104,1.);
#9104 = DIRECTION('',(-0.,-0.,-1.));
#9105 = ORIENTED_EDGE('',*,*,#2112,.F.);
#9106 = SURFACE_OF_LINEAR_EXTRUSION('',#9107,#9111);
#9107 = B_SPLINE_CURVE_WITH_KNOTS('',2,(#9108,#9109,#9110),
  .UNSPECIFIED.,.F.,.F.,(3,3),(0.,1.),.PIECEWISE_BEZIER_KNOTS.);
#9108 = CARTESIAN_POINT('',(-2.206814733654,3.039892377163,40.));
#9109 = CARTESIAN_POINT('',(-2.16178591521,2.939703256125,40.));
#9110 = CARTESIAN_POINT('',(-2.16178591521,2.825780345463,40.));
#9111 = VECTOR('',#9112,1.);
#9112 = DIRECTION('',(0.,0.,1.));
#9113 = ADVANCED_FACE('',(#9114),#9132,.T.);
#9114 = FACE_BOUND('',#9115,.T.);
#9115 = EDGE_LOOP('',(#9116,#9124,#9130,#9131));
#9116 = ORIENTED_EDGE('',*,*,#9117,.T.);
#9117 = EDGE_CURVE('',#2227,#9118,#9120,.T.);
#9118 = VERTEX_POINT('',#9119);
#9119 = CARTESIAN_POINT('',(-2.32614110253,3.212577895895,38.));
#9120 = LINE('',#9121,#9122);
#9121 = CARTESIAN_POINT('',(-2.32614110253,3.212577895895,40.));
#9122 = VECTOR('',#9123,1.);
#9123 = DIRECTION('',(-0.,-0.,-1.));
#9124 = ORIENTED_EDGE('',*,*,#9125,.T.);
#9125 = EDGE_CURVE('',#9118,#9085,#9126,.T.);
#9126 = B_SPLINE_CURVE_WITH_KNOTS('',2,(#9127,#9128,#9129),
  .UNSPECIFIED.,.F.,.F.,(3,3),(0.,1.),.PIECEWISE_BEZIER_KNOTS.);
#9127 = CARTESIAN_POINT('',(-2.32614110253,3.212577895895,38.));
#9128 = CARTESIAN_POINT('',(-2.251843552097,3.1400814982,38.));
#9129 = CARTESIAN_POINT('',(-2.206814733654,3.039892377163,38.));
#9130 = ORIENTED_EDGE('',*,*,#9084,.F.);
#9131 = ORIENTED_EDGE('',*,*,#2234,.F.);
#9132 = SURFACE_OF_LINEAR_EXTRUSION('',#9133,#9137);
#9133 = B_SPLINE_CURVE_WITH_KNOTS('',2,(#9134,#9135,#9136),
  .UNSPECIFIED.,.F.,.F.,(3,3),(0.,1.),.PIECEWISE_BEZIER_KNOTS.);
#9134 = CARTESIAN_POINT('',(-2.32614110253,3.212577895895,40.));
#9135 = CARTESIAN_POINT('',(-2.251843552097,3.1400814982,40.));
#9136 = CARTESIAN_POINT('',(-2.206814733654,3.039892377163,40.));
#9137 = VECTOR('',#9138,1.);
#9138 = DIRECTION('',(0.,0.,1.));
#9139 = ADVANCED_FACE('',(#9140),#9158,.T.);
#9140 = FACE_BOUND('',#9141,.T.);
#9141 = EDGE_LOOP('',(#9142,#9143,#9151,#9157));
#9142 = ORIENTED_EDGE('',*,*,#9100,.T.);
#9143 = ORIENTED_EDGE('',*,*,#9144,.T.);
#9144 = EDGE_CURVE('',#9093,#9145,#9147,.T.);
#9145 = VERTEX_POINT('',#9146);
#9146 = CARTESIAN_POINT('',(-2.206814733654,2.618422636529,38.));
#9147 = B_SPLINE_CURVE_WITH_KNOTS('',2,(#9148,#9149,#9150),
  .UNSPECIFIED.,.F.,.F.,(3,3),(0.,1.),.PIECEWISE_BEZIER_KNOTS.);
#9148 = CARTESIAN_POINT('',(-2.16178591521,2.825780345463,38.));
#9149 = CARTESIAN_POINT('',(-2.16178591521,2.715234596183,38.));
#9150 = CARTESIAN_POINT('',(-2.206814733654,2.618422636529,38.));
#9151 = ORIENTED_EDGE('',*,*,#9152,.F.);
#9152 = EDGE_CURVE('',#2123,#9145,#9153,.T.);
#9153 = LINE('',#9154,#9155);
#9154 = CARTESIAN_POINT('',(-2.206814733654,2.618422636529,40.));
#9155 = VECTOR('',#9156,1.);
#9156 = DIRECTION('',(-0.,-0.,-1.));
#9157 = ORIENTED_EDGE('',*,*,#2122,.F.);
#9158 = SURFACE_OF_LINEAR_EXTRUSION('',#9159,#9163);
#9159 = B_SPLINE_CURVE_WITH_KNOTS('',2,(#9160,#9161,#9162),
  .UNSPECIFIED.,.F.,.F.,(3,3),(0.,1.),.PIECEWISE_BEZIER_KNOTS.);
#9160 = CARTESIAN_POINT('',(-2.16178591521,2.825780345463,40.));
#9161 = CARTESIAN_POINT('',(-2.16178591521,2.715234596183,40.));
#9162 = CARTESIAN_POINT('',(-2.206814733654,2.618422636529,40.));
#9163 = VECTOR('',#9164,1.);
#9164 = DIRECTION('',(0.,0.,1.));
#9165 = ADVANCED_FACE('',(#9166),#9184,.T.);
#9166 = FACE_BOUND('',#9167,.T.);
#9167 = EDGE_LOOP('',(#9168,#9176,#9182,#9183));
#9168 = ORIENTED_EDGE('',*,*,#9169,.T.);
#9169 = EDGE_CURVE('',#2219,#9170,#9172,.T.);
#9170 = VERTEX_POINT('',#9171);
#9171 = CARTESIAN_POINT('',(-2.500852918092,3.328076815203,38.));
#9172 = LINE('',#9173,#9174);
#9173 = CARTESIAN_POINT('',(-2.500852918092,3.328076815203,40.));
#9174 = VECTOR('',#9175,1.);
#9175 = DIRECTION('',(-0.,-0.,-1.));
#9176 = ORIENTED_EDGE('',*,*,#9177,.T.);
#9177 = EDGE_CURVE('',#9170,#9118,#9178,.T.);
#9178 = B_SPLINE_CURVE_WITH_KNOTS('',2,(#9179,#9180,#9181),
  .UNSPECIFIED.,.F.,.F.,(3,3),(0.,1.),.PIECEWISE_BEZIER_KNOTS.);
#9179 = CARTESIAN_POINT('',(-2.500852918092,3.328076815203,38.));
#9180 = CARTESIAN_POINT('',(-2.400438652962,3.285074293589,38.));
#9181 = CARTESIAN_POINT('',(-2.32614110253,3.212577895895,38.));
#9182 = ORIENTED_EDGE('',*,*,#9117,.F.);
#9183 = ORIENTED_EDGE('',*,*,#2226,.F.);
#9184 = SURFACE_OF_LINEAR_EXTRUSION('',#9185,#9189);
#9185 = B_SPLINE_CURVE_WITH_KNOTS('',2,(#9186,#9187,#9188),
  .UNSPECIFIED.,.F.,.F.,(3,3),(0.,1.),.PIECEWISE_BEZIER_KNOTS.);
#9186 = CARTESIAN_POINT('',(-2.500852918092,3.328076815203,40.));
#9187 = CARTESIAN_POINT('',(-2.400438652962,3.285074293589,40.));
#9188 = CARTESIAN_POINT('',(-2.32614110253,3.212577895895,40.));
#9189 = VECTOR('',#9190,1.);
#9190 = DIRECTION('',(0.,0.,1.));
#9191 = ADVANCED_FACE('',(#9192),#9210,.T.);
#9192 = FACE_BOUND('',#9193,.T.);
#9193 = EDGE_LOOP('',(#9194,#9195,#9203,#9209));
#9194 = ORIENTED_EDGE('',*,*,#9152,.T.);
#9195 = ORIENTED_EDGE('',*,*,#9196,.T.);
#9196 = EDGE_CURVE('',#9145,#9197,#9199,.T.);
#9197 = VERTEX_POINT('',#9198);
#9198 = CARTESIAN_POINT('',(-2.32614110253,2.449339423272,38.));
#9199 = B_SPLINE_CURVE_WITH_KNOTS('',2,(#9200,#9201,#9202),
  .UNSPECIFIED.,.F.,.F.,(3,3),(0.,1.),.PIECEWISE_BEZIER_KNOTS.);
#9200 = CARTESIAN_POINT('',(-2.206814733654,2.618422636529,38.));
#9201 = CARTESIAN_POINT('',(-2.251843552097,2.521835820967,38.));
#9202 = CARTESIAN_POINT('',(-2.32614110253,2.449339423272,38.));
#9203 = ORIENTED_EDGE('',*,*,#9204,.F.);
#9204 = EDGE_CURVE('',#2131,#9197,#9205,.T.);
#9205 = LINE('',#9206,#9207);
#9206 = CARTESIAN_POINT('',(-2.32614110253,2.449339423272,40.));
#9207 = VECTOR('',#9208,1.);
#9208 = DIRECTION('',(-0.,-0.,-1.));
#9209 = ORIENTED_EDGE('',*,*,#2130,.F.);
#9210 = SURFACE_OF_LINEAR_EXTRUSION('',#9211,#9215);
#9211 = B_SPLINE_CURVE_WITH_KNOTS('',2,(#9212,#9213,#9214),
  .UNSPECIFIED.,.F.,.F.,(3,3),(0.,1.),.PIECEWISE_BEZIER_KNOTS.);
#9212 = CARTESIAN_POINT('',(-2.206814733654,2.618422636529,40.));
#9213 = CARTESIAN_POINT('',(-2.251843552097,2.521835820967,40.));
#9214 = CARTESIAN_POINT('',(-2.32614110253,2.449339423272,40.));
#9215 = VECTOR('',#9216,1.);
#9216 = DIRECTION('',(0.,0.,1.));
#9217 = ADVANCED_FACE('',(#9218),#9236,.T.);
#9218 = FACE_BOUND('',#9219,.T.);
#9219 = EDGE_LOOP('',(#9220,#9228,#9234,#9235));
#9220 = ORIENTED_EDGE('',*,*,#9221,.T.);
#9221 = EDGE_CURVE('',#2211,#9222,#9224,.T.);
#9222 = VERTEX_POINT('',#9223);
#9223 = CARTESIAN_POINT('',(-2.715190093884,3.371304480909,38.));
#9224 = LINE('',#9225,#9226);
#9225 = CARTESIAN_POINT('',(-2.715190093884,3.371304480909,40.));
#9226 = VECTOR('',#9227,1.);
#9227 = DIRECTION('',(-0.,-0.,-1.));
#9228 = ORIENTED_EDGE('',*,*,#9229,.T.);
#9229 = EDGE_CURVE('',#9222,#9170,#9230,.T.);
#9230 = B_SPLINE_CURVE_WITH_KNOTS('',2,(#9231,#9232,#9233),
  .UNSPECIFIED.,.F.,.F.,(3,3),(0.,1.),.PIECEWISE_BEZIER_KNOTS.);
#9231 = CARTESIAN_POINT('',(-2.715190093884,3.371304480909,38.));
#9232 = CARTESIAN_POINT('',(-2.601042039129,3.371304480909,38.));
#9233 = CARTESIAN_POINT('',(-2.500852918092,3.328076815203,38.));
#9234 = ORIENTED_EDGE('',*,*,#9169,.F.);
#9235 = ORIENTED_EDGE('',*,*,#2218,.F.);
#9236 = SURFACE_OF_LINEAR_EXTRUSION('',#9237,#9241);
#9237 = B_SPLINE_CURVE_WITH_KNOTS('',2,(#9238,#9239,#9240),
  .UNSPECIFIED.,.F.,.F.,(3,3),(0.,1.),.PIECEWISE_BEZIER_KNOTS.);
#9238 = CARTESIAN_POINT('',(-2.715190093884,3.371304480909,40.));
#9239 = CARTESIAN_POINT('',(-2.601042039129,3.371304480909,40.));
#9240 = CARTESIAN_POINT('',(-2.500852918092,3.328076815203,40.));
#9241 = VECTOR('',#9242,1.);
#9242 = DIRECTION('',(0.,0.,1.));
#9243 = ADVANCED_FACE('',(#9244),#9262,.T.);
#9244 = FACE_BOUND('',#9245,.T.);
#9245 = EDGE_LOOP('',(#9246,#9247,#9255,#9261));
#9246 = ORIENTED_EDGE('',*,*,#9204,.T.);
#9247 = ORIENTED_EDGE('',*,*,#9248,.T.);
#9248 = EDGE_CURVE('',#9197,#9249,#9251,.T.);
#9249 = VERTEX_POINT('',#9250);
#9250 = CARTESIAN_POINT('',(-2.500852918092,2.333615359872,38.));
#9251 = B_SPLINE_CURVE_WITH_KNOTS('',2,(#9252,#9253,#9254),
  .UNSPECIFIED.,.F.,.F.,(3,3),(0.,1.),.PIECEWISE_BEZIER_KNOTS.);
#9252 = CARTESIAN_POINT('',(-2.32614110253,2.449339423272,38.));
#9253 = CARTESIAN_POINT('',(-2.400438652962,2.376843025578,38.));
#9254 = CARTESIAN_POINT('',(-2.500852918092,2.333615359872,38.));
#9255 = ORIENTED_EDGE('',*,*,#9256,.F.);
#9256 = EDGE_CURVE('',#2139,#9249,#9257,.T.);
#9257 = LINE('',#9258,#9259);
#9258 = CARTESIAN_POINT('',(-2.500852918092,2.333615359872,40.));
#9259 = VECTOR('',#9260,1.);
#9260 = DIRECTION('',(-0.,-0.,-1.));
#9261 = ORIENTED_EDGE('',*,*,#2138,.F.);
#9262 = SURFACE_OF_LINEAR_EXTRUSION('',#9263,#9267);
#9263 = B_SPLINE_CURVE_WITH_KNOTS('',2,(#9264,#9265,#9266),
  .UNSPECIFIED.,.F.,.F.,(3,3),(0.,1.),.PIECEWISE_BEZIER_KNOTS.);
#9264 = CARTESIAN_POINT('',(-2.32614110253,2.449339423272,40.));
#9265 = CARTESIAN_POINT('',(-2.400438652962,2.376843025578,40.));
#9266 = CARTESIAN_POINT('',(-2.500852918092,2.333615359872,40.));
#9267 = VECTOR('',#9268,1.);
#9268 = DIRECTION('',(0.,0.,1.));
#9269 = ADVANCED_FACE('',(#9270),#9288,.T.);
#9270 = FACE_BOUND('',#9271,.T.);
#9271 = EDGE_LOOP('',(#9272,#9280,#9286,#9287));
#9272 = ORIENTED_EDGE('',*,*,#9273,.T.);
#9273 = EDGE_CURVE('',#2203,#9274,#9276,.T.);
#9274 = VERTEX_POINT('',#9275);
#9275 = CARTESIAN_POINT('',(-2.924574099648,3.328076815203,38.));
#9276 = LINE('',#9277,#9278);
#9277 = CARTESIAN_POINT('',(-2.924574099648,3.328076815203,40.));
#9278 = VECTOR('',#9279,1.);
#9279 = DIRECTION('',(-0.,-0.,-1.));
#9280 = ORIENTED_EDGE('',*,*,#9281,.T.);
#9281 = EDGE_CURVE('',#9274,#9222,#9282,.T.);
#9282 = B_SPLINE_CURVE_WITH_KNOTS('',2,(#9283,#9284,#9285),
  .UNSPECIFIED.,.F.,.F.,(3,3),(0.,1.),.PIECEWISE_BEZIER_KNOTS.);
#9283 = CARTESIAN_POINT('',(-2.924574099648,3.328076815203,38.));
#9284 = CARTESIAN_POINT('',(-2.825960987256,3.371304480909,38.));
#9285 = CARTESIAN_POINT('',(-2.715190093884,3.371304480909,38.));
#9286 = ORIENTED_EDGE('',*,*,#9221,.F.);
#9287 = ORIENTED_EDGE('',*,*,#2210,.F.);
#9288 = SURFACE_OF_LINEAR_EXTRUSION('',#9289,#9293);
#9289 = B_SPLINE_CURVE_WITH_KNOTS('',2,(#9290,#9291,#9292),
  .UNSPECIFIED.,.F.,.F.,(3,3),(0.,1.),.PIECEWISE_BEZIER_KNOTS.);
#9290 = CARTESIAN_POINT('',(-2.924574099648,3.328076815203,40.));
#9291 = CARTESIAN_POINT('',(-2.825960987256,3.371304480909,40.));
#9292 = CARTESIAN_POINT('',(-2.715190093884,3.371304480909,40.));
#9293 = VECTOR('',#9294,1.);
#9294 = DIRECTION('',(0.,0.,1.));
#9295 = ADVANCED_FACE('',(#9296),#9314,.T.);
#9296 = FACE_BOUND('',#9297,.T.);
#9297 = EDGE_LOOP('',(#9298,#9299,#9307,#9313));
#9298 = ORIENTED_EDGE('',*,*,#9256,.T.);
#9299 = ORIENTED_EDGE('',*,*,#9300,.T.);
#9300 = EDGE_CURVE('',#9249,#9301,#9303,.T.);
#9301 = VERTEX_POINT('',#9302);
#9302 = CARTESIAN_POINT('',(-2.715190093884,2.290612838258,38.));
#9303 = B_SPLINE_CURVE_WITH_KNOTS('',2,(#9304,#9305,#9306),
  .UNSPECIFIED.,.F.,.F.,(3,3),(0.,1.),.PIECEWISE_BEZIER_KNOTS.);
#9304 = CARTESIAN_POINT('',(-2.500852918092,2.333615359872,38.));
#9305 = CARTESIAN_POINT('',(-2.601042039129,2.290612838258,38.));
#9306 = CARTESIAN_POINT('',(-2.715190093884,2.290612838258,38.));
#9307 = ORIENTED_EDGE('',*,*,#9308,.F.);
#9308 = EDGE_CURVE('',#2147,#9301,#9309,.T.);
#9309 = LINE('',#9310,#9311);
#9310 = CARTESIAN_POINT('',(-2.715190093884,2.290612838258,40.));
#9311 = VECTOR('',#9312,1.);
#9312 = DIRECTION('',(-0.,-0.,-1.));
#9313 = ORIENTED_EDGE('',*,*,#2146,.F.);
#9314 = SURFACE_OF_LINEAR_EXTRUSION('',#9315,#9319);
#9315 = B_SPLINE_CURVE_WITH_KNOTS('',2,(#9316,#9317,#9318),
  .UNSPECIFIED.,.F.,.F.,(3,3),(0.,1.),.PIECEWISE_BEZIER_KNOTS.);
#9316 = CARTESIAN_POINT('',(-2.500852918092,2.333615359872,40.));
#9317 = CARTESIAN_POINT('',(-2.601042039129,2.290612838258,40.));
#9318 = CARTESIAN_POINT('',(-2.715190093884,2.290612838258,40.));
#9319 = VECTOR('',#9320,1.);
#9320 = DIRECTION('',(0.,0.,1.));
#9321 = ADVANCED_FACE('',(#9322),#9340,.T.);
#9322 = FACE_BOUND('',#9323,.T.);
#9323 = EDGE_LOOP('',(#9324,#9332,#9338,#9339));
#9324 = ORIENTED_EDGE('',*,*,#9325,.T.);
#9325 = EDGE_CURVE('',#2195,#9326,#9328,.T.);
#9326 = VERTEX_POINT('',#9327);
#9327 = CARTESIAN_POINT('',(-3.095683609734,3.212577895895,38.));
#9328 = LINE('',#9329,#9330);
#9329 = CARTESIAN_POINT('',(-3.095683609734,3.212577895895,40.));
#9330 = VECTOR('',#9331,1.);
#9331 = DIRECTION('',(-0.,-0.,-1.));
#9332 = ORIENTED_EDGE('',*,*,#9333,.T.);
#9333 = EDGE_CURVE('',#9326,#9274,#9334,.T.);
#9334 = B_SPLINE_CURVE_WITH_KNOTS('',2,(#9335,#9336,#9337),
  .UNSPECIFIED.,.F.,.F.,(3,3),(0.,1.),.PIECEWISE_BEZIER_KNOTS.);
#9335 = CARTESIAN_POINT('',(-3.095683609734,3.212577895895,38.));
#9336 = CARTESIAN_POINT('',(-3.022962067947,3.285074293589,38.));
#9337 = CARTESIAN_POINT('',(-2.924574099648,3.328076815203,38.));
#9338 = ORIENTED_EDGE('',*,*,#9273,.F.);
#9339 = ORIENTED_EDGE('',*,*,#2202,.F.);
#9340 = SURFACE_OF_LINEAR_EXTRUSION('',#9341,#9345);
#9341 = B_SPLINE_CURVE_WITH_KNOTS('',2,(#9342,#9343,#9344),
  .UNSPECIFIED.,.F.,.F.,(3,3),(0.,1.),.PIECEWISE_BEZIER_KNOTS.);
#9342 = CARTESIAN_POINT('',(-3.095683609734,3.212577895895,40.));
#9343 = CARTESIAN_POINT('',(-3.022962067947,3.285074293589,40.));
#9344 = CARTESIAN_POINT('',(-2.924574099648,3.328076815203,40.));
#9345 = VECTOR('',#9346,1.);
#9346 = DIRECTION('',(0.,0.,1.));
#9347 = ADVANCED_FACE('',(#9348),#9366,.T.);
#9348 = FACE_BOUND('',#9349,.T.);
#9349 = EDGE_LOOP('',(#9350,#9351,#9359,#9365));
#9350 = ORIENTED_EDGE('',*,*,#9308,.T.);
#9351 = ORIENTED_EDGE('',*,*,#9352,.T.);
#9352 = EDGE_CURVE('',#9301,#9353,#9355,.T.);
#9353 = VERTEX_POINT('',#9354);
#9354 = CARTESIAN_POINT('',(-2.924574099648,2.333615359872,38.));
#9355 = B_SPLINE_CURVE_WITH_KNOTS('',2,(#9356,#9357,#9358),
  .UNSPECIFIED.,.F.,.F.,(3,3),(0.,1.),.PIECEWISE_BEZIER_KNOTS.);
#9356 = CARTESIAN_POINT('',(-2.715190093884,2.290612838258,38.));
#9357 = CARTESIAN_POINT('',(-2.825960987256,2.290612838258,38.));
#9358 = CARTESIAN_POINT('',(-2.924574099648,2.333615359872,38.));
#9359 = ORIENTED_EDGE('',*,*,#9360,.F.);
#9360 = EDGE_CURVE('',#2155,#9353,#9361,.T.);
#9361 = LINE('',#9362,#9363);
#9362 = CARTESIAN_POINT('',(-2.924574099648,2.333615359872,40.));
#9363 = VECTOR('',#9364,1.);
#9364 = DIRECTION('',(-0.,-0.,-1.));
#9365 = ORIENTED_EDGE('',*,*,#2154,.F.);
#9366 = SURFACE_OF_LINEAR_EXTRUSION('',#9367,#9371);
#9367 = B_SPLINE_CURVE_WITH_KNOTS('',2,(#9368,#9369,#9370),
  .UNSPECIFIED.,.F.,.F.,(3,3),(0.,1.),.PIECEWISE_BEZIER_KNOTS.);
#9368 = CARTESIAN_POINT('',(-2.715190093884,2.290612838258,40.));
#9369 = CARTESIAN_POINT('',(-2.825960987256,2.290612838258,40.));
#9370 = CARTESIAN_POINT('',(-2.924574099648,2.333615359872,40.));
#9371 = VECTOR('',#9372,1.);
#9372 = DIRECTION('',(0.,0.,1.));
#9373 = ADVANCED_FACE('',(#9374),#9392,.T.);
#9374 = FACE_BOUND('',#9375,.T.);
#9375 = EDGE_LOOP('',(#9376,#9384,#9390,#9391));
#9376 = ORIENTED_EDGE('',*,*,#9377,.T.);
#9377 = EDGE_CURVE('',#2187,#9378,#9380,.T.);
#9378 = VERTEX_POINT('',#9379);
#9379 = CARTESIAN_POINT('',(-3.211407673135,3.039892377163,38.));
#9380 = LINE('',#9381,#9382);
#9381 = CARTESIAN_POINT('',(-3.211407673135,3.039892377163,40.));
#9382 = VECTOR('',#9383,1.);
#9383 = DIRECTION('',(-0.,-0.,-1.));
#9384 = ORIENTED_EDGE('',*,*,#9385,.T.);
#9385 = EDGE_CURVE('',#9378,#9326,#9386,.T.);
#9386 = B_SPLINE_CURVE_WITH_KNOTS('',2,(#9387,#9388,#9389),
  .UNSPECIFIED.,.F.,.F.,(3,3),(0.,1.),.PIECEWISE_BEZIER_KNOTS.);
#9387 = CARTESIAN_POINT('',(-3.211407673135,3.039892377163,38.));
#9388 = CARTESIAN_POINT('',(-3.168180007429,3.1400814982,38.));
#9389 = CARTESIAN_POINT('',(-3.095683609734,3.212577895895,38.));
#9390 = ORIENTED_EDGE('',*,*,#9325,.F.);
#9391 = ORIENTED_EDGE('',*,*,#2194,.F.);
#9392 = SURFACE_OF_LINEAR_EXTRUSION('',#9393,#9397);
#9393 = B_SPLINE_CURVE_WITH_KNOTS('',2,(#9394,#9395,#9396),
  .UNSPECIFIED.,.F.,.F.,(3,3),(0.,1.),.PIECEWISE_BEZIER_KNOTS.);
#9394 = CARTESIAN_POINT('',(-3.211407673135,3.039892377163,40.));
#9395 = CARTESIAN_POINT('',(-3.168180007429,3.1400814982,40.));
#9396 = CARTESIAN_POINT('',(-3.095683609734,3.212577895895,40.));
#9397 = VECTOR('',#9398,1.);
#9398 = DIRECTION('',(0.,0.,1.));
#9399 = ADVANCED_FACE('',(#9400),#9418,.T.);
#9400 = FACE_BOUND('',#9401,.T.);
#9401 = EDGE_LOOP('',(#9402,#9403,#9411,#9417));
#9402 = ORIENTED_EDGE('',*,*,#9360,.T.);
#9403 = ORIENTED_EDGE('',*,*,#9404,.T.);
#9404 = EDGE_CURVE('',#9353,#9405,#9407,.T.);
#9405 = VERTEX_POINT('',#9406);
#9406 = CARTESIAN_POINT('',(-3.095683609734,2.449339423272,38.));
#9407 = B_SPLINE_CURVE_WITH_KNOTS('',2,(#9408,#9409,#9410),
  .UNSPECIFIED.,.F.,.F.,(3,3),(0.,1.),.PIECEWISE_BEZIER_KNOTS.);
#9408 = CARTESIAN_POINT('',(-2.924574099648,2.333615359872,38.));
#9409 = CARTESIAN_POINT('',(-3.022962067947,2.376843025578,38.));
#9410 = CARTESIAN_POINT('',(-3.095683609734,2.449339423272,38.));
#9411 = ORIENTED_EDGE('',*,*,#9412,.F.);
#9412 = EDGE_CURVE('',#2163,#9405,#9413,.T.);
#9413 = LINE('',#9414,#9415);
#9414 = CARTESIAN_POINT('',(-3.095683609734,2.449339423272,40.));
#9415 = VECTOR('',#9416,1.);
#9416 = DIRECTION('',(-0.,-0.,-1.));
#9417 = ORIENTED_EDGE('',*,*,#2162,.F.);
#9418 = SURFACE_OF_LINEAR_EXTRUSION('',#9419,#9423);
#9419 = B_SPLINE_CURVE_WITH_KNOTS('',2,(#9420,#9421,#9422),
  .UNSPECIFIED.,.F.,.F.,(3,3),(0.,1.),.PIECEWISE_BEZIER_KNOTS.);
#9420 = CARTESIAN_POINT('',(-2.924574099648,2.333615359872,40.));
#9421 = CARTESIAN_POINT('',(-3.022962067947,2.376843025578,40.));
#9422 = CARTESIAN_POINT('',(-3.095683609734,2.449339423272,40.));
#9423 = VECTOR('',#9424,1.);
#9424 = DIRECTION('',(0.,0.,1.));
#9425 = ADVANCED_FACE('',(#9426),#9444,.T.);
#9426 = FACE_BOUND('',#9427,.T.);
#9427 = EDGE_LOOP('',(#9428,#9436,#9442,#9443));
#9428 = ORIENTED_EDGE('',*,*,#9429,.T.);
#9429 = EDGE_CURVE('',#2179,#9430,#9432,.T.);
#9430 = VERTEX_POINT('',#9431);
#9431 = CARTESIAN_POINT('',(-3.254635338841,2.825780345463,38.));
#9432 = LINE('',#9433,#9434);
#9433 = CARTESIAN_POINT('',(-3.254635338841,2.825780345463,40.));
#9434 = VECTOR('',#9435,1.);
#9435 = DIRECTION('',(-0.,-0.,-1.));
#9436 = ORIENTED_EDGE('',*,*,#9437,.T.);
#9437 = EDGE_CURVE('',#9430,#9378,#9438,.T.);
#9438 = B_SPLINE_CURVE_WITH_KNOTS('',2,(#9439,#9440,#9441),
  .UNSPECIFIED.,.F.,.F.,(3,3),(0.,1.),.PIECEWISE_BEZIER_KNOTS.);
#9439 = CARTESIAN_POINT('',(-3.254635338841,2.825780345463,38.));
#9440 = CARTESIAN_POINT('',(-3.254635338841,2.939703256125,38.));
#9441 = CARTESIAN_POINT('',(-3.211407673135,3.039892377163,38.));
#9442 = ORIENTED_EDGE('',*,*,#9377,.F.);
#9443 = ORIENTED_EDGE('',*,*,#2186,.F.);
#9444 = SURFACE_OF_LINEAR_EXTRUSION('',#9445,#9449);
#9445 = B_SPLINE_CURVE_WITH_KNOTS('',2,(#9446,#9447,#9448),
  .UNSPECIFIED.,.F.,.F.,(3,3),(0.,1.),.PIECEWISE_BEZIER_KNOTS.);
#9446 = CARTESIAN_POINT('',(-3.254635338841,2.825780345463,40.));
#9447 = CARTESIAN_POINT('',(-3.254635338841,2.939703256125,40.));
#9448 = CARTESIAN_POINT('',(-3.211407673135,3.039892377163,40.));
#9449 = VECTOR('',#9450,1.);
#9450 = DIRECTION('',(0.,0.,1.));
#9451 = ADVANCED_FACE('',(#9452),#9470,.T.);
#9452 = FACE_BOUND('',#9453,.T.);
#9453 = EDGE_LOOP('',(#9454,#9455,#9463,#9469));
#9454 = ORIENTED_EDGE('',*,*,#9412,.T.);
#9455 = ORIENTED_EDGE('',*,*,#9456,.T.);
#9456 = EDGE_CURVE('',#9405,#9457,#9459,.T.);
#9457 = VERTEX_POINT('',#9458);
#9458 = CARTESIAN_POINT('',(-3.211407673135,2.618422636529,38.));
#9459 = B_SPLINE_CURVE_WITH_KNOTS('',2,(#9460,#9461,#9462),
  .UNSPECIFIED.,.F.,.F.,(3,3),(0.,1.),.PIECEWISE_BEZIER_KNOTS.);
#9460 = CARTESIAN_POINT('',(-3.095683609734,2.449339423272,38.));
#9461 = CARTESIAN_POINT('',(-3.168180007429,2.521835820967,38.));
#9462 = CARTESIAN_POINT('',(-3.211407673135,2.618422636529,38.));
#9463 = ORIENTED_EDGE('',*,*,#9464,.F.);
#9464 = EDGE_CURVE('',#2171,#9457,#9465,.T.);
#9465 = LINE('',#9466,#9467);
#9466 = CARTESIAN_POINT('',(-3.211407673135,2.618422636529,40.));
#9467 = VECTOR('',#9468,1.);
#9468 = DIRECTION('',(-0.,-0.,-1.));
#9469 = ORIENTED_EDGE('',*,*,#2170,.F.);
#9470 = SURFACE_OF_LINEAR_EXTRUSION('',#9471,#9475);
#9471 = B_SPLINE_CURVE_WITH_KNOTS('',2,(#9472,#9473,#9474),
  .UNSPECIFIED.,.F.,.F.,(3,3),(0.,1.),.PIECEWISE_BEZIER_KNOTS.);
#9472 = CARTESIAN_POINT('',(-3.095683609734,2.449339423272,40.));
#9473 = CARTESIAN_POINT('',(-3.168180007429,2.521835820967,40.));
#9474 = CARTESIAN_POINT('',(-3.211407673135,2.618422636529,40.));
#9475 = VECTOR('',#9476,1.);
#9476 = DIRECTION('',(0.,0.,1.));
#9477 = ADVANCED_FACE('',(#9478),#9489,.T.);
#9478 = FACE_BOUND('',#9479,.T.);
#9479 = EDGE_LOOP('',(#9480,#9481,#9487,#9488));
#9480 = ORIENTED_EDGE('',*,*,#9464,.T.);
#9481 = ORIENTED_EDGE('',*,*,#9482,.T.);
#9482 = EDGE_CURVE('',#9457,#9430,#9483,.T.);
#9483 = B_SPLINE_CURVE_WITH_KNOTS('',2,(#9484,#9485,#9486),
  .UNSPECIFIED.,.F.,.F.,(3,3),(0.,1.),.PIECEWISE_BEZIER_KNOTS.);
#9484 = CARTESIAN_POINT('',(-3.211407673135,2.618422636529,38.));
#9485 = CARTESIAN_POINT('',(-3.254635338841,2.715234596183,38.));
#9486 = CARTESIAN_POINT('',(-3.254635338841,2.825780345463,38.));
#9487 = ORIENTED_EDGE('',*,*,#9429,.F.);
#9488 = ORIENTED_EDGE('',*,*,#2178,.F.);
#9489 = SURFACE_OF_LINEAR_EXTRUSION('',#9490,#9494);
#9490 = B_SPLINE_CURVE_WITH_KNOTS('',2,(#9491,#9492,#9493),
  .UNSPECIFIED.,.F.,.F.,(3,3),(0.,1.),.PIECEWISE_BEZIER_KNOTS.);
#9491 = CARTESIAN_POINT('',(-3.211407673135,2.618422636529,40.));
#9492 = CARTESIAN_POINT('',(-3.254635338841,2.715234596183,40.));
#9493 = CARTESIAN_POINT('',(-3.254635338841,2.825780345463,40.));
#9494 = VECTOR('',#9495,1.);
#9495 = DIRECTION('',(0.,0.,1.));
#9496 = ADVANCED_FACE('',(#9497),#9522,.T.);
#9497 = FACE_BOUND('',#9498,.T.);
#9498 = EDGE_LOOP('',(#9499,#9507,#9515,#9521));
#9499 = ORIENTED_EDGE('',*,*,#9500,.T.);
#9500 = EDGE_CURVE('',#2243,#9501,#9503,.T.);
#9501 = VERTEX_POINT('',#9502);
#9502 = CARTESIAN_POINT('',(6.385584401793,1.691504408863,38.));
#9503 = LINE('',#9504,#9505);
#9504 = CARTESIAN_POINT('',(6.385584401793,1.691504408863,40.));
#9505 = VECTOR('',#9506,1.);
#9506 = DIRECTION('',(-0.,-0.,-1.));
#9507 = ORIENTED_EDGE('',*,*,#9508,.T.);
#9508 = EDGE_CURVE('',#9501,#9509,#9511,.T.);
#9509 = VERTEX_POINT('',#9510);
#9510 = CARTESIAN_POINT('',(7.099741462312,1.829517737393,38.));
#9511 = B_SPLINE_CURVE_WITH_KNOTS('',2,(#9512,#9513,#9514),
  .UNSPECIFIED.,.F.,.F.,(3,3),(0.,1.),.PIECEWISE_BEZIER_KNOTS.);
#9512 = CARTESIAN_POINT('',(6.385584401793,1.691504408863,38.));
#9513 = CARTESIAN_POINT('',(6.702136995453,1.829517737393,38.));
#9514 = CARTESIAN_POINT('',(7.099741462312,1.829517737393,38.));
#9515 = ORIENTED_EDGE('',*,*,#9516,.F.);
#9516 = EDGE_CURVE('',#2245,#9509,#9517,.T.);
#9517 = LINE('',#9518,#9519);
#9518 = CARTESIAN_POINT('',(7.099741462312,1.829517737393,40.));
#9519 = VECTOR('',#9520,1.);
#9520 = DIRECTION('',(-0.,-0.,-1.));
#9521 = ORIENTED_EDGE('',*,*,#2242,.F.);
#9522 = SURFACE_OF_LINEAR_EXTRUSION('',#9523,#9527);
#9523 = B_SPLINE_CURVE_WITH_KNOTS('',2,(#9524,#9525,#9526),
  .UNSPECIFIED.,.F.,.F.,(3,3),(0.,1.),.PIECEWISE_BEZIER_KNOTS.);
#9524 = CARTESIAN_POINT('',(6.385584401793,1.691504408863,40.));
#9525 = CARTESIAN_POINT('',(6.702136995453,1.829517737393,40.));
#9526 = CARTESIAN_POINT('',(7.099741462312,1.829517737393,40.));
#9527 = VECTOR('',#9528,1.);
#9528 = DIRECTION('',(0.,0.,1.));
#9529 = ADVANCED_FACE('',(#9530),#9548,.T.);
#9530 = FACE_BOUND('',#9531,.T.);
#9531 = EDGE_LOOP('',(#9532,#9540,#9546,#9547));
#9532 = ORIENTED_EDGE('',*,*,#9533,.T.);
#9533 = EDGE_CURVE('',#2469,#9534,#9536,.T.);
#9534 = VERTEX_POINT('',#9535);
#9535 = CARTESIAN_POINT('',(5.84951631822,1.317314927595,38.));
#9536 = LINE('',#9537,#9538);
#9537 = CARTESIAN_POINT('',(5.84951631822,1.317314927595,40.));
#9538 = VECTOR('',#9539,1.);
#9539 = DIRECTION('',(-0.,-0.,-1.));
#9540 = ORIENTED_EDGE('',*,*,#9541,.T.);
#9541 = EDGE_CURVE('',#9534,#9501,#9542,.T.);
#9542 = B_SPLINE_CURVE_WITH_KNOTS('',2,(#9543,#9544,#9545),
  .UNSPECIFIED.,.F.,.F.,(3,3),(0.,1.),.PIECEWISE_BEZIER_KNOTS.);
#9543 = CARTESIAN_POINT('',(5.84951631822,1.317314927595,38.));
#9544 = CARTESIAN_POINT('',(6.069256952225,1.553491080333,38.));
#9545 = CARTESIAN_POINT('',(6.385584401793,1.691504408863,38.));
#9546 = ORIENTED_EDGE('',*,*,#9500,.F.);
#9547 = ORIENTED_EDGE('',*,*,#2476,.F.);
#9548 = SURFACE_OF_LINEAR_EXTRUSION('',#9549,#9553);
#9549 = B_SPLINE_CURVE_WITH_KNOTS('',2,(#9550,#9551,#9552),
  .UNSPECIFIED.,.F.,.F.,(3,3),(0.,1.),.PIECEWISE_BEZIER_KNOTS.);
#9550 = CARTESIAN_POINT('',(5.84951631822,1.317314927595,40.));
#9551 = CARTESIAN_POINT('',(6.069256952225,1.553491080333,40.));
#9552 = CARTESIAN_POINT('',(6.385584401793,1.691504408863,40.));
#9553 = VECTOR('',#9554,1.);
#9554 = DIRECTION('',(0.,0.,1.));
#9555 = ADVANCED_FACE('',(#9556),#9574,.T.);
#9556 = FACE_BOUND('',#9557,.T.);
#9557 = EDGE_LOOP('',(#9558,#9559,#9567,#9573));
#9558 = ORIENTED_EDGE('',*,*,#9516,.T.);
#9559 = ORIENTED_EDGE('',*,*,#9560,.T.);
#9560 = EDGE_CURVE('',#9509,#9561,#9563,.T.);
#9561 = VERTEX_POINT('',#9562);
#9562 = CARTESIAN_POINT('',(7.717086563176,1.722574293589,38.));
#9563 = B_SPLINE_CURVE_WITH_KNOTS('',2,(#9564,#9565,#9566),
  .UNSPECIFIED.,.F.,.F.,(3,3),(0.,1.),.PIECEWISE_BEZIER_KNOTS.);
#9564 = CARTESIAN_POINT('',(7.099741462312,1.829517737393,38.));
#9565 = CARTESIAN_POINT('',(7.435206159718,1.829517737393,38.));
#9566 = CARTESIAN_POINT('',(7.717086563176,1.722574293589,38.));
#9567 = ORIENTED_EDGE('',*,*,#9568,.F.);
#9568 = EDGE_CURVE('',#2253,#9561,#9569,.T.);
#9569 = LINE('',#9570,#9571);
#9570 = CARTESIAN_POINT('',(7.717086563176,1.722574293589,40.));
#9571 = VECTOR('',#9572,1.);
#9572 = DIRECTION('',(-0.,-0.,-1.));
#9573 = ORIENTED_EDGE('',*,*,#2252,.F.);
#9574 = SURFACE_OF_LINEAR_EXTRUSION('',#9575,#9579);
#9575 = B_SPLINE_CURVE_WITH_KNOTS('',2,(#9576,#9577,#9578),
  .UNSPECIFIED.,.F.,.F.,(3,3),(0.,1.),.PIECEWISE_BEZIER_KNOTS.);
#9576 = CARTESIAN_POINT('',(7.099741462312,1.829517737393,40.));
#9577 = CARTESIAN_POINT('',(7.435206159718,1.829517737393,40.));
#9578 = CARTESIAN_POINT('',(7.717086563176,1.722574293589,40.));
#9579 = VECTOR('',#9580,1.);
#9580 = DIRECTION('',(0.,0.,1.));
#9581 = ADVANCED_FACE('',(#9582),#9600,.T.);
#9582 = FACE_BOUND('',#9583,.T.);
#9583 = EDGE_LOOP('',(#9584,#9592,#9598,#9599));
#9584 = ORIENTED_EDGE('',*,*,#9585,.T.);
#9585 = EDGE_CURVE('',#2461,#9586,#9588,.T.);
#9586 = VERTEX_POINT('',#9587);
#9587 = CARTESIAN_POINT('',(5.512475612168,0.762109596183,38.));
#9588 = LINE('',#9589,#9590);
#9589 = CARTESIAN_POINT('',(5.512475612168,0.762109596183,40.));
#9590 = VECTOR('',#9591,1.);
#9591 = DIRECTION('',(-0.,-0.,-1.));
#9592 = ORIENTED_EDGE('',*,*,#9593,.T.);
#9593 = EDGE_CURVE('',#9586,#9534,#9594,.T.);
#9594 = B_SPLINE_CURVE_WITH_KNOTS('',2,(#9595,#9596,#9597),
  .UNSPECIFIED.,.F.,.F.,(3,3),(0.,1.),.PIECEWISE_BEZIER_KNOTS.);
#9595 = CARTESIAN_POINT('',(5.512475612168,0.762109596183,38.));
#9596 = CARTESIAN_POINT('',(5.630000828306,1.081138774857,38.));
#9597 = CARTESIAN_POINT('',(5.84951631822,1.317314927595,38.));
#9598 = ORIENTED_EDGE('',*,*,#9533,.F.);
#9599 = ORIENTED_EDGE('',*,*,#2468,.F.);
#9600 = SURFACE_OF_LINEAR_EXTRUSION('',#9601,#9605);
#9601 = B_SPLINE_CURVE_WITH_KNOTS('',2,(#9602,#9603,#9604),
  .UNSPECIFIED.,.F.,.F.,(3,3),(0.,1.),.PIECEWISE_BEZIER_KNOTS.);
#9602 = CARTESIAN_POINT('',(5.512475612168,0.762109596183,40.));
#9603 = CARTESIAN_POINT('',(5.630000828306,1.081138774857,40.));
#9604 = CARTESIAN_POINT('',(5.84951631822,1.317314927595,40.));
#9605 = VECTOR('',#9606,1.);
#9606 = DIRECTION('',(0.,0.,1.));
#9607 = ADVANCED_FACE('',(#9608),#9626,.T.);
#9608 = FACE_BOUND('',#9609,.T.);
#9609 = EDGE_LOOP('',(#9610,#9611,#9619,#9625));
#9610 = ORIENTED_EDGE('',*,*,#9568,.T.);
#9611 = ORIENTED_EDGE('',*,*,#9612,.T.);
#9612 = EDGE_CURVE('',#9561,#9613,#9615,.T.);
#9613 = VERTEX_POINT('',#9614);
#9614 = CARTESIAN_POINT('',(8.202947514185,1.410524581774,38.));
#9615 = B_SPLINE_CURVE_WITH_KNOTS('',2,(#9616,#9617,#9618),
  .UNSPECIFIED.,.F.,.F.,(3,3),(0.,1.),.PIECEWISE_BEZIER_KNOTS.);
#9616 = CARTESIAN_POINT('',(7.717086563176,1.722574293589,38.));
#9617 = CARTESIAN_POINT('',(7.998966966635,1.615855993878,38.));
#9618 = CARTESIAN_POINT('',(8.202947514185,1.410524581774,38.));
#9619 = ORIENTED_EDGE('',*,*,#9620,.F.);
#9620 = EDGE_CURVE('',#2261,#9613,#9621,.T.);
#9621 = LINE('',#9622,#9623);
#9622 = CARTESIAN_POINT('',(8.202947514185,1.410524581774,40.));
#9623 = VECTOR('',#9624,1.);
#9624 = DIRECTION('',(-0.,-0.,-1.));
#9625 = ORIENTED_EDGE('',*,*,#2260,.F.);
#9626 = SURFACE_OF_LINEAR_EXTRUSION('',#9627,#9631);
#9627 = B_SPLINE_CURVE_WITH_KNOTS('',2,(#9628,#9629,#9630),
  .UNSPECIFIED.,.F.,.F.,(3,3),(0.,1.),.PIECEWISE_BEZIER_KNOTS.);
#9628 = CARTESIAN_POINT('',(7.717086563176,1.722574293589,40.));
#9629 = CARTESIAN_POINT('',(7.998966966635,1.615855993878,40.));
#9630 = CARTESIAN_POINT('',(8.202947514185,1.410524581774,40.));
#9631 = VECTOR('',#9632,1.);
#9632 = DIRECTION('',(0.,0.,1.));
#9633 = ADVANCED_FACE('',(#9634),#9652,.T.);
#9634 = FACE_BOUND('',#9635,.T.);
#9635 = EDGE_LOOP('',(#9636,#9644,#9650,#9651));
#9636 = ORIENTED_EDGE('',*,*,#9637,.T.);
#9637 = EDGE_CURVE('',#2453,#9638,#9640,.T.);
#9638 = VERTEX_POINT('',#9639);
#9639 = CARTESIAN_POINT('',(5.394950396029,8.082357312829E-02,38.));
#9640 = LINE('',#9641,#9642);
#9641 = CARTESIAN_POINT('',(5.394950396029,8.082357312829E-02,40.));
#9642 = VECTOR('',#9643,1.);
#9643 = DIRECTION('',(-0.,-0.,-1.));
#9644 = ORIENTED_EDGE('',*,*,#9645,.T.);
#9645 = EDGE_CURVE('',#9638,#9586,#9646,.T.);
#9646 = B_SPLINE_CURVE_WITH_KNOTS('',2,(#9647,#9648,#9649),
  .UNSPECIFIED.,.F.,.F.,(3,3),(0.,1.),.PIECEWISE_BEZIER_KNOTS.);
#9647 = CARTESIAN_POINT('',(5.394950396029,8.082357312829E-02,38.));
#9648 = CARTESIAN_POINT('',(5.394950396029,0.443080417509,38.));
#9649 = CARTESIAN_POINT('',(5.512475612168,0.762109596183,38.));
#9650 = ORIENTED_EDGE('',*,*,#9585,.F.);
#9651 = ORIENTED_EDGE('',*,*,#2460,.F.);
#9652 = SURFACE_OF_LINEAR_EXTRUSION('',#9653,#9657);
#9653 = B_SPLINE_CURVE_WITH_KNOTS('',2,(#9654,#9655,#9656),
  .UNSPECIFIED.,.F.,.F.,(3,3),(0.,1.),.PIECEWISE_BEZIER_KNOTS.);
#9654 = CARTESIAN_POINT('',(5.394950396029,8.082357312829E-02,40.));
#9655 = CARTESIAN_POINT('',(5.394950396029,0.443080417509,40.));
#9656 = CARTESIAN_POINT('',(5.512475612168,0.762109596183,40.));
#9657 = VECTOR('',#9658,1.);
#9658 = DIRECTION('',(0.,0.,1.));
#9659 = ADVANCED_FACE('',(#9660),#9678,.T.);
#9660 = FACE_BOUND('',#9661,.T.);
#9661 = EDGE_LOOP('',(#9662,#9663,#9671,#9677));
#9662 = ORIENTED_EDGE('',*,*,#9620,.T.);
#9663 = ORIENTED_EDGE('',*,*,#9664,.T.);
#9664 = EDGE_CURVE('',#9613,#9665,#9667,.T.);
#9665 = VERTEX_POINT('',#9666);
#9666 = CARTESIAN_POINT('',(8.521076116491,0.907102391572,38.));
#9667 = B_SPLINE_CURVE_WITH_KNOTS('',2,(#9668,#9669,#9670),
  .UNSPECIFIED.,.F.,.F.,(3,3),(0.,1.),.PIECEWISE_BEZIER_KNOTS.);
#9668 = CARTESIAN_POINT('',(8.202947514185,1.410524581774,38.));
#9669 = CARTESIAN_POINT('',(8.406928061736,1.205418313762,38.));
#9670 = CARTESIAN_POINT('',(8.521076116491,0.907102391572,38.));
#9671 = ORIENTED_EDGE('',*,*,#9672,.F.);
#9672 = EDGE_CURVE('',#2269,#9665,#9673,.T.);
#9673 = LINE('',#9674,#9675);
#9674 = CARTESIAN_POINT('',(8.521076116491,0.907102391572,40.));
#9675 = VECTOR('',#9676,1.);
#9676 = DIRECTION('',(-0.,-0.,-1.));
#9677 = ORIENTED_EDGE('',*,*,#2268,.F.);
#9678 = SURFACE_OF_LINEAR_EXTRUSION('',#9679,#9683);
#9679 = B_SPLINE_CURVE_WITH_KNOTS('',2,(#9680,#9681,#9682),
  .UNSPECIFIED.,.F.,.F.,(3,3),(0.,1.),.PIECEWISE_BEZIER_KNOTS.);
#9680 = CARTESIAN_POINT('',(8.202947514185,1.410524581774,40.));
#9681 = CARTESIAN_POINT('',(8.406928061736,1.205418313762,40.));
#9682 = CARTESIAN_POINT('',(8.521076116491,0.907102391572,40.));
#9683 = VECTOR('',#9684,1.);
#9684 = DIRECTION('',(0.,0.,1.));
#9685 = ADVANCED_FACE('',(#9686),#9704,.T.);
#9686 = FACE_BOUND('',#9687,.T.);
#9687 = EDGE_LOOP('',(#9688,#9696,#9702,#9703));
#9688 = ORIENTED_EDGE('',*,*,#9689,.T.);
#9689 = EDGE_CURVE('',#2445,#9690,#9692,.T.);
#9690 = VERTEX_POINT('',#9691);
#9691 = CARTESIAN_POINT('',(5.529811707269,-0.738250634365,38.));
#9692 = LINE('',#9693,#9694);
#9693 = CARTESIAN_POINT('',(5.529811707269,-0.738250634365,40.));
#9694 = VECTOR('',#9695,1.);
#9695 = DIRECTION('',(-0.,-0.,-1.));
#9696 = ORIENTED_EDGE('',*,*,#9697,.T.);
#9697 = EDGE_CURVE('',#9690,#9638,#9698,.T.);
#9698 = B_SPLINE_CURVE_WITH_KNOTS('',2,(#9699,#9700,#9701),
  .UNSPECIFIED.,.F.,.F.,(3,3),(0.,1.),.PIECEWISE_BEZIER_KNOTS.);
#9699 = CARTESIAN_POINT('',(5.529811707269,-0.738250634365,38.));
#9700 = CARTESIAN_POINT('',(5.394950396029,-0.384774409581,38.));
#9701 = CARTESIAN_POINT('',(5.394950396029,8.082357312829E-02,38.));
#9702 = ORIENTED_EDGE('',*,*,#9637,.F.);
#9703 = ORIENTED_EDGE('',*,*,#2452,.F.);
#9704 = SURFACE_OF_LINEAR_EXTRUSION('',#9705,#9709);
#9705 = B_SPLINE_CURVE_WITH_KNOTS('',2,(#9706,#9707,#9708),
  .UNSPECIFIED.,.F.,.F.,(3,3),(0.,1.),.PIECEWISE_BEZIER_KNOTS.);
#9706 = CARTESIAN_POINT('',(5.529811707269,-0.738250634365,40.));
#9707 = CARTESIAN_POINT('',(5.394950396029,-0.384774409581,40.));
#9708 = CARTESIAN_POINT('',(5.394950396029,8.082357312829E-02,40.));
#9709 = VECTOR('',#9710,1.);
#9710 = DIRECTION('',(0.,0.,1.));
#9711 = ADVANCED_FACE('',(#9712),#9730,.T.);
#9712 = FACE_BOUND('',#9713,.T.);
#9713 = EDGE_LOOP('',(#9714,#9715,#9723,#9729));
#9714 = ORIENTED_EDGE('',*,*,#9672,.T.);
#9715 = ORIENTED_EDGE('',*,*,#9716,.T.);
#9716 = EDGE_CURVE('',#9665,#9717,#9719,.T.);
#9717 = VERTEX_POINT('',#9718);
#9718 = CARTESIAN_POINT('',(8.635224171246,0.226266656702,38.));
#9719 = B_SPLINE_CURVE_WITH_KNOTS('',2,(#9720,#9721,#9722),
  .UNSPECIFIED.,.F.,.F.,(3,3),(0.,1.),.PIECEWISE_BEZIER_KNOTS.);
#9720 = CARTESIAN_POINT('',(8.521076116491,0.907102391572,38.));
#9721 = CARTESIAN_POINT('',(8.635224171246,0.609011613474,38.));
#9722 = CARTESIAN_POINT('',(8.635224171246,0.226266656702,38.));
#9723 = ORIENTED_EDGE('',*,*,#9724,.F.);
#9724 = EDGE_CURVE('',#2277,#9717,#9725,.T.);
#9725 = LINE('',#9726,#9727);
#9726 = CARTESIAN_POINT('',(8.635224171246,0.226266656702,40.));
#9727 = VECTOR('',#9728,1.);
#9728 = DIRECTION('',(-0.,-0.,-1.));
#9729 = ORIENTED_EDGE('',*,*,#2276,.F.);
#9730 = SURFACE_OF_LINEAR_EXTRUSION('',#9731,#9735);
#9731 = B_SPLINE_CURVE_WITH_KNOTS('',2,(#9732,#9733,#9734),
  .UNSPECIFIED.,.F.,.F.,(3,3),(0.,1.),.PIECEWISE_BEZIER_KNOTS.);
#9732 = CARTESIAN_POINT('',(8.521076116491,0.907102391572,40.));
#9733 = CARTESIAN_POINT('',(8.635224171246,0.609011613474,40.));
#9734 = CARTESIAN_POINT('',(8.635224171246,0.226266656702,40.));
#9735 = VECTOR('',#9736,1.);
#9736 = DIRECTION('',(0.,0.,1.));
#9737 = ADVANCED_FACE('',(#9738),#9756,.T.);
#9738 = FACE_BOUND('',#9739,.T.);
#9739 = EDGE_LOOP('',(#9740,#9748,#9754,#9755));
#9740 = ORIENTED_EDGE('',*,*,#9741,.T.);
#9741 = EDGE_CURVE('',#2437,#9742,#9744,.T.);
#9742 = VERTEX_POINT('',#9743);
#9743 = CARTESIAN_POINT('',(5.899723450785,-1.331505317362,38.));
#9744 = LINE('',#9745,#9746);
#9745 = CARTESIAN_POINT('',(5.899723450785,-1.331505317362,40.));
#9746 = VECTOR('',#9747,1.);
#9747 = DIRECTION('',(-0.,-0.,-1.));
#9748 = ORIENTED_EDGE('',*,*,#9749,.T.);
#9749 = EDGE_CURVE('',#9742,#9690,#9750,.T.);
#9750 = B_SPLINE_CURVE_WITH_KNOTS('',2,(#9751,#9752,#9753),
  .UNSPECIFIED.,.F.,.F.,(3,3),(0.,1.),.PIECEWISE_BEZIER_KNOTS.);
#9751 = CARTESIAN_POINT('',(5.899723450785,-1.331505317362,38.));
#9752 = CARTESIAN_POINT('',(5.664673018508,-1.091726859148,38.));
#9753 = CARTESIAN_POINT('',(5.529811707269,-0.738250634365,38.));
#9754 = ORIENTED_EDGE('',*,*,#9689,.F.);
#9755 = ORIENTED_EDGE('',*,*,#2444,.F.);
#9756 = SURFACE_OF_LINEAR_EXTRUSION('',#9757,#9761);
#9757 = B_SPLINE_CURVE_WITH_KNOTS('',2,(#9758,#9759,#9760),
  .UNSPECIFIED.,.F.,.F.,(3,3),(0.,1.),.PIECEWISE_BEZIER_KNOTS.);
#9758 = CARTESIAN_POINT('',(5.899723450785,-1.331505317362,40.));
#9759 = CARTESIAN_POINT('',(5.664673018508,-1.091726859148,40.));
#9760 = CARTESIAN_POINT('',(5.529811707269,-0.738250634365,40.));
#9761 = VECTOR('',#9762,1.);
#9762 = DIRECTION('',(0.,0.,1.));
#9763 = ADVANCED_FACE('',(#9764),#9782,.T.);
#9764 = FACE_BOUND('',#9765,.T.);
#9765 = EDGE_LOOP('',(#9766,#9767,#9775,#9781));
#9766 = ORIENTED_EDGE('',*,*,#9724,.T.);
#9767 = ORIENTED_EDGE('',*,*,#9768,.T.);
#9768 = EDGE_CURVE('',#9717,#9769,#9771,.T.);
#9769 = VERTEX_POINT('',#9770);
#9770 = CARTESIAN_POINT('',(8.626443551649,6.573891894962E-02,38.));
#9771 = B_SPLINE_CURVE_WITH_KNOTS('',2,(#9772,#9773,#9774),
  .UNSPECIFIED.,.F.,.F.,(3,3),(0.,1.),.PIECEWISE_BEZIER_KNOTS.);
#9772 = CARTESIAN_POINT('',(8.635224171246,0.226266656702,38.));
#9773 = CARTESIAN_POINT('',(8.635224171246,0.12967984114,38.));
#9774 = CARTESIAN_POINT('',(8.626443551649,6.573891894962E-02,38.));
#9775 = ORIENTED_EDGE('',*,*,#9776,.F.);
#9776 = EDGE_CURVE('',#2285,#9769,#9777,.T.);
#9777 = LINE('',#9778,#9779);
#9778 = CARTESIAN_POINT('',(8.626443551649,6.573891894962E-02,40.));
#9779 = VECTOR('',#9780,1.);
#9780 = DIRECTION('',(-0.,-0.,-1.));
#9781 = ORIENTED_EDGE('',*,*,#2284,.F.);
#9782 = SURFACE_OF_LINEAR_EXTRUSION('',#9783,#9787);
#9783 = B_SPLINE_CURVE_WITH_KNOTS('',2,(#9784,#9785,#9786),
  .UNSPECIFIED.,.F.,.F.,(3,3),(0.,1.),.PIECEWISE_BEZIER_KNOTS.);
#9784 = CARTESIAN_POINT('',(8.635224171246,0.226266656702,40.));
#9785 = CARTESIAN_POINT('',(8.635224171246,0.12967984114,40.));
#9786 = CARTESIAN_POINT('',(8.626443551649,6.573891894962E-02,40.));
#9787 = VECTOR('',#9788,1.);
#9788 = DIRECTION('',(0.,0.,1.));
#9789 = ADVANCED_FACE('',(#9790),#9808,.T.);
#9790 = FACE_BOUND('',#9791,.T.);
#9791 = EDGE_LOOP('',(#9792,#9800,#9806,#9807));
#9792 = ORIENTED_EDGE('',*,*,#9793,.T.);
#9793 = EDGE_CURVE('',#2429,#9794,#9796,.T.);
#9794 = VERTEX_POINT('',#9795);
#9795 = CARTESIAN_POINT('',(6.453127629459,-1.69353701765,38.));
#9796 = LINE('',#9797,#9798);
#9797 = CARTESIAN_POINT('',(6.453127629459,-1.69353701765,40.));
#9798 = VECTOR('',#9799,1.);
#9799 = DIRECTION('',(-0.,-0.,-1.));
#9800 = ORIENTED_EDGE('',*,*,#9801,.T.);
#9801 = EDGE_CURVE('',#9794,#9742,#9802,.T.);
#9802 = B_SPLINE_CURVE_WITH_KNOTS('',2,(#9803,#9804,#9805),
  .UNSPECIFIED.,.F.,.F.,(3,3),(0.,1.),.PIECEWISE_BEZIER_KNOTS.);
#9803 = CARTESIAN_POINT('',(6.453127629459,-1.69353701765,38.));
#9804 = CARTESIAN_POINT('',(6.134999027153,-1.571058631483,38.));
#9805 = CARTESIAN_POINT('',(5.899723450785,-1.331505317362,38.));
#9806 = ORIENTED_EDGE('',*,*,#9741,.F.);
#9807 = ORIENTED_EDGE('',*,*,#2436,.F.);
#9808 = SURFACE_OF_LINEAR_EXTRUSION('',#9809,#9813);
#9809 = B_SPLINE_CURVE_WITH_KNOTS('',2,(#9810,#9811,#9812),
  .UNSPECIFIED.,.F.,.F.,(3,3),(0.,1.),.PIECEWISE_BEZIER_KNOTS.);
#9810 = CARTESIAN_POINT('',(6.453127629459,-1.69353701765,40.));
#9811 = CARTESIAN_POINT('',(6.134999027153,-1.571058631483,40.));
#9812 = CARTESIAN_POINT('',(5.899723450785,-1.331505317362,40.));
#9813 = VECTOR('',#9814,1.);
#9814 = DIRECTION('',(0.,0.,1.));
#9815 = ADVANCED_FACE('',(#9816),#9834,.T.);
#9816 = FACE_BOUND('',#9817,.T.);
#9817 = EDGE_LOOP('',(#9818,#9819,#9827,#9833));
#9818 = ORIENTED_EDGE('',*,*,#9776,.T.);
#9819 = ORIENTED_EDGE('',*,*,#9820,.T.);
#9820 = EDGE_CURVE('',#9769,#9821,#9823,.T.);
#9821 = VERTEX_POINT('',#9822);
#9822 = CARTESIAN_POINT('',(8.595373666923,-3.422505799563E-02,38.));
#9823 = B_SPLINE_CURVE_WITH_KNOTS('',2,(#9824,#9825,#9826),
  .UNSPECIFIED.,.F.,.F.,(3,3),(0.,1.),.PIECEWISE_BEZIER_KNOTS.);
#9824 = CARTESIAN_POINT('',(8.626443551649,6.573891894962E-02,38.));
#9825 = CARTESIAN_POINT('',(8.617888076145,2.023140851636E-03,38.));
#9826 = CARTESIAN_POINT('',(8.595373666923,-3.422505799563E-02,38.));
#9827 = ORIENTED_EDGE('',*,*,#9828,.F.);
#9828 = EDGE_CURVE('',#2293,#9821,#9829,.T.);
#9829 = LINE('',#9830,#9831);
#9830 = CARTESIAN_POINT('',(8.595373666923,-3.422505799563E-02,40.));
#9831 = VECTOR('',#9832,1.);
#9832 = DIRECTION('',(-0.,-0.,-1.));
#9833 = ORIENTED_EDGE('',*,*,#2292,.F.);
#9834 = SURFACE_OF_LINEAR_EXTRUSION('',#9835,#9839);
#9835 = B_SPLINE_CURVE_WITH_KNOTS('',2,(#9836,#9837,#9838),
  .UNSPECIFIED.,.F.,.F.,(3,3),(0.,1.),.PIECEWISE_BEZIER_KNOTS.);
#9836 = CARTESIAN_POINT('',(8.626443551649,6.573891894962E-02,40.));
#9837 = CARTESIAN_POINT('',(8.617888076145,2.023140851636E-03,40.));
#9838 = CARTESIAN_POINT('',(8.595373666923,-3.422505799563E-02,40.));
#9839 = VECTOR('',#9840,1.);
#9840 = DIRECTION('',(0.,0.,1.));
#9841 = ADVANCED_FACE('',(#9842),#9860,.T.);
#9842 = FACE_BOUND('',#9843,.T.);
#9843 = EDGE_LOOP('',(#9844,#9852,#9858,#9859));
#9844 = ORIENTED_EDGE('',*,*,#9845,.T.);
#9845 = EDGE_CURVE('',#2421,#9846,#9848,.T.);
#9846 = VERTEX_POINT('',#9847);
#9847 = CARTESIAN_POINT('',(7.14116797528,-1.816015403817,38.));
#9848 = LINE('',#9849,#9850);
#9849 = CARTESIAN_POINT('',(7.14116797528,-1.816015403817,40.));
#9850 = VECTOR('',#9851,1.);
#9851 = DIRECTION('',(-0.,-0.,-1.));
#9852 = ORIENTED_EDGE('',*,*,#9853,.T.);
#9853 = EDGE_CURVE('',#9846,#9794,#9854,.T.);
#9854 = B_SPLINE_CURVE_WITH_KNOTS('',2,(#9855,#9856,#9857),
  .UNSPECIFIED.,.F.,.F.,(3,3),(0.,1.),.PIECEWISE_BEZIER_KNOTS.);
#9855 = CARTESIAN_POINT('',(7.14116797528,-1.816015403817,38.));
#9856 = CARTESIAN_POINT('',(6.771256231764,-1.816015403817,38.));
#9857 = CARTESIAN_POINT('',(6.453127629459,-1.69353701765,38.));
#9858 = ORIENTED_EDGE('',*,*,#9793,.F.);
#9859 = ORIENTED_EDGE('',*,*,#2428,.F.);
#9860 = SURFACE_OF_LINEAR_EXTRUSION('',#9861,#9865);
#9861 = B_SPLINE_CURVE_WITH_KNOTS('',2,(#9862,#9863,#9864),
  .UNSPECIFIED.,.F.,.F.,(3,3),(0.,1.),.PIECEWISE_BEZIER_KNOTS.);
#9862 = CARTESIAN_POINT('',(7.14116797528,-1.816015403817,40.));
#9863 = CARTESIAN_POINT('',(6.771256231764,-1.816015403817,40.));
#9864 = CARTESIAN_POINT('',(6.453127629459,-1.69353701765,40.));
#9865 = VECTOR('',#9866,1.);
#9866 = DIRECTION('',(0.,0.,1.));
#9867 = ADVANCED_FACE('',(#9868),#9886,.T.);
#9868 = FACE_BOUND('',#9869,.T.);
#9869 = EDGE_LOOP('',(#9870,#9871,#9879,#9885));
#9870 = ORIENTED_EDGE('',*,*,#9828,.T.);
#9871 = ORIENTED_EDGE('',*,*,#9872,.T.);
#9872 = EDGE_CURVE('',#9821,#9873,#9875,.T.);
#9873 = VERTEX_POINT('',#9874);
#9874 = CARTESIAN_POINT('',(8.535035050208,-8.578305511378E-02,38.));
#9875 = B_SPLINE_CURVE_WITH_KNOTS('',2,(#9876,#9877,#9878),
  .UNSPECIFIED.,.F.,.F.,(3,3),(0.,1.),.PIECEWISE_BEZIER_KNOTS.);
#9876 = CARTESIAN_POINT('',(8.595373666923,-3.422505799563E-02,38.));
#9877 = CARTESIAN_POINT('',(8.573084401793,-7.024811275067E-02,38.));
#9878 = CARTESIAN_POINT('',(8.535035050208,-8.578305511378E-02,38.));
#9879 = ORIENTED_EDGE('',*,*,#9880,.F.);
#9880 = EDGE_CURVE('',#2301,#9873,#9881,.T.);
#9881 = LINE('',#9882,#9883);
#9882 = CARTESIAN_POINT('',(8.535035050208,-8.578305511378E-02,40.));
#9883 = VECTOR('',#9884,1.);
#9884 = DIRECTION('',(-0.,-0.,-1.));
#9885 = ORIENTED_EDGE('',*,*,#2300,.F.);
#9886 = SURFACE_OF_LINEAR_EXTRUSION('',#9887,#9891);
#9887 = B_SPLINE_CURVE_WITH_KNOTS('',2,(#9888,#9889,#9890),
  .UNSPECIFIED.,.F.,.F.,(3,3),(0.,1.),.PIECEWISE_BEZIER_KNOTS.);
#9888 = CARTESIAN_POINT('',(8.595373666923,-3.422505799563E-02,40.));
#9889 = CARTESIAN_POINT('',(8.573084401793,-7.024811275067E-02,40.));
#9890 = CARTESIAN_POINT('',(8.535035050208,-8.578305511378E-02,40.));
#9891 = VECTOR('',#9892,1.);
#9892 = DIRECTION('',(0.,0.,1.));
#9893 = ADVANCED_FACE('',(#9894),#9912,.T.);
#9894 = FACE_BOUND('',#9895,.T.);
#9895 = EDGE_LOOP('',(#9896,#9904,#9910,#9911));
#9896 = ORIENTED_EDGE('',*,*,#9897,.T.);
#9897 = EDGE_CURVE('',#2413,#9898,#9900,.T.);
#9898 = VERTEX_POINT('',#9899);
#9899 = CARTESIAN_POINT('',(7.526839805251,-1.788772968658,38.));
#9900 = LINE('',#9901,#9902);
#9901 = CARTESIAN_POINT('',(7.526839805251,-1.788772968658,40.));
#9902 = VECTOR('',#9903,1.);
#9903 = DIRECTION('',(-0.,-0.,-1.));
#9904 = ORIENTED_EDGE('',*,*,#9905,.T.);
#9905 = EDGE_CURVE('',#9898,#9846,#9906,.T.);
#9906 = B_SPLINE_CURVE_WITH_KNOTS('',2,(#9907,#9908,#9909),
  .UNSPECIFIED.,.F.,.F.,(3,3),(0.,1.),.PIECEWISE_BEZIER_KNOTS.);
#9907 = CARTESIAN_POINT('',(7.526839805251,-1.788772968658,38.));
#9908 = CARTESIAN_POINT('',(7.328037571822,-1.816015403817,38.));
#9909 = CARTESIAN_POINT('',(7.14116797528,-1.816015403817,38.));
#9910 = ORIENTED_EDGE('',*,*,#9845,.F.);
#9911 = ORIENTED_EDGE('',*,*,#2420,.F.);
#9912 = SURFACE_OF_LINEAR_EXTRUSION('',#9913,#9917);
#9913 = B_SPLINE_CURVE_WITH_KNOTS('',2,(#9914,#9915,#9916),
  .UNSPECIFIED.,.F.,.F.,(3,3),(0.,1.),.PIECEWISE_BEZIER_KNOTS.);
#9914 = CARTESIAN_POINT('',(7.526839805251,-1.788772968658,40.));
#9915 = CARTESIAN_POINT('',(7.328037571822,-1.816015403817,40.));
#9916 = CARTESIAN_POINT('',(7.14116797528,-1.816015403817,40.));
#9917 = VECTOR('',#9918,1.);
#9918 = DIRECTION('',(0.,0.,1.));
#9919 = ADVANCED_FACE('',(#9920),#9938,.T.);
#9920 = FACE_BOUND('',#9921,.T.);
#9921 = EDGE_LOOP('',(#9922,#9923,#9931,#9937));
#9922 = ORIENTED_EDGE('',*,*,#9880,.T.);
#9923 = ORIENTED_EDGE('',*,*,#9924,.T.);
#9924 = EDGE_CURVE('',#9873,#9925,#9927,.T.);
#9925 = VERTEX_POINT('',#9926);
#9926 = CARTESIAN_POINT('',(8.437997946462,-0.101317997477,38.));
#9927 = B_SPLINE_CURVE_WITH_KNOTS('',2,(#9928,#9929,#9930),
  .UNSPECIFIED.,.F.,.F.,(3,3),(0.,1.),.PIECEWISE_BEZIER_KNOTS.);
#9928 = CARTESIAN_POINT('',(8.535035050208,-8.578305511378E-02,38.));
#9929 = CARTESIAN_POINT('',(8.496985698623,-0.101317997477,38.));
#9930 = CARTESIAN_POINT('',(8.437997946462,-0.101317997477,38.));
#9931 = ORIENTED_EDGE('',*,*,#9932,.F.);
#9932 = EDGE_CURVE('',#2309,#9925,#9933,.T.);
#9933 = LINE('',#9934,#9935);
#9934 = CARTESIAN_POINT('',(8.437997946462,-0.101317997477,40.));
#9935 = VECTOR('',#9936,1.);
#9936 = DIRECTION('',(-0.,-0.,-1.));
#9937 = ORIENTED_EDGE('',*,*,#2308,.F.);
#9938 = SURFACE_OF_LINEAR_EXTRUSION('',#9939,#9943);
#9939 = B_SPLINE_CURVE_WITH_KNOTS('',2,(#9940,#9941,#9942),
  .UNSPECIFIED.,.F.,.F.,(3,3),(0.,1.),.PIECEWISE_BEZIER_KNOTS.);
#9940 = CARTESIAN_POINT('',(8.535035050208,-8.578305511378E-02,40.));
#9941 = CARTESIAN_POINT('',(8.496985698623,-0.101317997477,40.));
#9942 = CARTESIAN_POINT('',(8.437997946462,-0.101317997477,40.));
#9943 = VECTOR('',#9944,1.);
#9944 = DIRECTION('',(0.,0.,1.));
#9945 = ADVANCED_FACE('',(#9946),#9964,.T.);
#9946 = FACE_BOUND('',#9947,.T.);
#9947 = EDGE_LOOP('',(#9948,#9956,#9962,#9963));
#9948 = ORIENTED_EDGE('',*,*,#9949,.T.);
#9949 = EDGE_CURVE('',#2405,#9950,#9952,.T.);
#9950 = VERTEX_POINT('',#9951);
#9951 = CARTESIAN_POINT('',(7.917464805251,-1.695113026295,38.));
#9952 = LINE('',#9953,#9954);
#9953 = CARTESIAN_POINT('',(7.917464805251,-1.695113026295,40.));
#9954 = VECTOR('',#9955,1.);
#9955 = DIRECTION('',(-0.,-0.,-1.));
#9956 = ORIENTED_EDGE('',*,*,#9957,.T.);
#9957 = EDGE_CURVE('',#9950,#9898,#9958,.T.);
#9958 = B_SPLINE_CURVE_WITH_KNOTS('',2,(#9959,#9960,#9961),
  .UNSPECIFIED.,.F.,.F.,(3,3),(0.,1.),.PIECEWISE_BEZIER_KNOTS.);
#9959 = CARTESIAN_POINT('',(7.917464805251,-1.695113026295,38.));
#9960 = CARTESIAN_POINT('',(7.725642038681,-1.7615305335,38.));
#9961 = CARTESIAN_POINT('',(7.526839805251,-1.788772968658,38.));
#9962 = ORIENTED_EDGE('',*,*,#9897,.F.);
#9963 = ORIENTED_EDGE('',*,*,#2412,.F.);
#9964 = SURFACE_OF_LINEAR_EXTRUSION('',#9965,#9969);
#9965 = B_SPLINE_CURVE_WITH_KNOTS('',2,(#9966,#9967,#9968),
  .UNSPECIFIED.,.F.,.F.,(3,3),(0.,1.),.PIECEWISE_BEZIER_KNOTS.);
#9966 = CARTESIAN_POINT('',(7.917464805251,-1.695113026295,40.));
#9967 = CARTESIAN_POINT('',(7.725642038681,-1.7615305335,40.));
#9968 = CARTESIAN_POINT('',(7.526839805251,-1.788772968658,40.));
#9969 = VECTOR('',#9970,1.);
#9970 = DIRECTION('',(0.,0.,1.));
#9971 = ADVANCED_FACE('',(#9972),#9990,.T.);
#9972 = FACE_BOUND('',#9973,.T.);
#9973 = EDGE_LOOP('',(#9974,#9975,#9983,#9989));
#9974 = ORIENTED_EDGE('',*,*,#9932,.T.);
#9975 = ORIENTED_EDGE('',*,*,#9976,.T.);
#9976 = EDGE_CURVE('',#9925,#9977,#9979,.T.);
#9977 = VERTEX_POINT('',#9978);
#9978 = CARTESIAN_POINT('',(6.245544776433,-0.101317997477,38.));
#9979 = LINE('',#9980,#9981);
#9980 = CARTESIAN_POINT('',(8.437997946462,-0.101317997477,38.));
#9981 = VECTOR('',#9982,1.);
#9982 = DIRECTION('',(-1.,0.,0.));
#9983 = ORIENTED_EDGE('',*,*,#9984,.F.);
#9984 = EDGE_CURVE('',#2317,#9977,#9985,.T.);
#9985 = LINE('',#9986,#9987);
#9986 = CARTESIAN_POINT('',(6.245544776433,-0.101317997477,40.));
#9987 = VECTOR('',#9988,1.);
#9988 = DIRECTION('',(-0.,-0.,-1.));
#9989 = ORIENTED_EDGE('',*,*,#2316,.F.);
#9990 = PLANE('',#9991);
#9991 = AXIS2_PLACEMENT_3D('',#9992,#9993,#9994);
#9992 = CARTESIAN_POINT('',(8.437997946462,-0.101317997477,40.));
#9993 = DIRECTION('',(0.,1.,0.));
#9994 = DIRECTION('',(-1.,0.,0.));
#9995 = ADVANCED_FACE('',(#9996),#10014,.T.);
#9996 = FACE_BOUND('',#9997,.T.);
#9997 = EDGE_LOOP('',(#9998,#10006,#10012,#10013));
#9998 = ORIENTED_EDGE('',*,*,#9999,.T.);
#9999 = EDGE_CURVE('',#2397,#10000,#10002,.T.);
#10000 = VERTEX_POINT('',#10001);
#10001 = CARTESIAN_POINT('',(8.285800540122,-1.518149769811,38.));
#10002 = LINE('',#10003,#10004);
#10003 = CARTESIAN_POINT('',(8.285800540122,-1.518149769811,40.));
#10004 = VECTOR('',#10005,1.);
#10005 = DIRECTION('',(-0.,-0.,-1.));
#10006 = ORIENTED_EDGE('',*,*,#10007,.T.);
#10007 = EDGE_CURVE('',#10000,#9950,#10008,.T.);
#10008 = B_SPLINE_CURVE_WITH_KNOTS('',2,(#10009,#10010,#10011),
  .UNSPECIFIED.,.F.,.F.,(3,3),(0.,1.),.PIECEWISE_BEZIER_KNOTS.);
#10009 = CARTESIAN_POINT('',(8.285800540122,-1.518149769811,38.));
#10010 = CARTESIAN_POINT('',(8.109512715914,-1.628695519091,38.));
#10011 = CARTESIAN_POINT('',(7.917464805251,-1.695113026295,38.));
#10012 = ORIENTED_EDGE('',*,*,#9949,.F.);
#10013 = ORIENTED_EDGE('',*,*,#2404,.F.);
#10014 = SURFACE_OF_LINEAR_EXTRUSION('',#10015,#10019);
#10015 = B_SPLINE_CURVE_WITH_KNOTS('',2,(#10016,#10017,#10018),
  .UNSPECIFIED.,.F.,.F.,(3,3),(0.,1.),.PIECEWISE_BEZIER_KNOTS.);
#10016 = CARTESIAN_POINT('',(8.285800540122,-1.518149769811,40.));
#10017 = CARTESIAN_POINT('',(8.109512715914,-1.628695519091,40.));
#10018 = CARTESIAN_POINT('',(7.917464805251,-1.695113026295,40.));
#10019 = VECTOR('',#10020,1.);
#10020 = DIRECTION('',(0.,0.,1.));
#10021 = ADVANCED_FACE('',(#10022),#10040,.T.);
#10022 = FACE_BOUND('',#10023,.T.);
#10023 = EDGE_LOOP('',(#10024,#10025,#10033,#10039));
#10024 = ORIENTED_EDGE('',*,*,#9984,.T.);
#10025 = ORIENTED_EDGE('',*,*,#10026,.T.);
#10026 = EDGE_CURVE('',#9977,#10027,#10029,.T.);
#10027 = VERTEX_POINT('',#10028);
#10028 = CARTESIAN_POINT('',(6.539357816779,-0.905982983068,38.));
#10029 = B_SPLINE_CURVE_WITH_KNOTS('',2,(#10030,#10031,#10032),
  .UNSPECIFIED.,.F.,.F.,(3,3),(0.,1.),.PIECEWISE_BEZIER_KNOTS.);
#10030 = CARTESIAN_POINT('',(6.245544776433,-0.101317997477,38.));
#10031 = CARTESIAN_POINT('',(6.283594128018,-0.649318717938,38.));
#10032 = CARTESIAN_POINT('',(6.539357816779,-0.905982983068,38.));
#10033 = ORIENTED_EDGE('',*,*,#10034,.F.);
#10034 = EDGE_CURVE('',#2325,#10027,#10035,.T.);
#10035 = LINE('',#10036,#10037);
#10036 = CARTESIAN_POINT('',(6.539357816779,-0.905982983068,40.));
#10037 = VECTOR('',#10038,1.);
#10038 = DIRECTION('',(-0.,-0.,-1.));
#10039 = ORIENTED_EDGE('',*,*,#2324,.F.);
#10040 = SURFACE_OF_LINEAR_EXTRUSION('',#10041,#10045);
#10041 = B_SPLINE_CURVE_WITH_KNOTS('',2,(#10042,#10043,#10044),
  .UNSPECIFIED.,.F.,.F.,(3,3),(0.,1.),.PIECEWISE_BEZIER_KNOTS.);
#10042 = CARTESIAN_POINT('',(6.245544776433,-0.101317997477,40.));
#10043 = CARTESIAN_POINT('',(6.283594128018,-0.649318717938,40.));
#10044 = CARTESIAN_POINT('',(6.539357816779,-0.905982983068,40.));
#10045 = VECTOR('',#10046,1.);
#10046 = DIRECTION('',(0.,0.,1.));
#10047 = ADVANCED_FACE('',(#10048),#10066,.T.);
#10048 = FACE_BOUND('',#10049,.T.);
#10049 = EDGE_LOOP('',(#10050,#10058,#10064,#10065));
#10050 = ORIENTED_EDGE('',*,*,#10051,.T.);
#10051 = EDGE_CURVE('',#2389,#10052,#10054,.T.);
#10052 = VERTEX_POINT('',#10053);
#10053 = CARTESIAN_POINT('',(8.604154286519,-1.244149409581,38.));
#10054 = LINE('',#10055,#10056);
#10055 = CARTESIAN_POINT('',(8.604154286519,-1.244149409581,40.));
#10056 = VECTOR('',#10057,1.);
#10057 = DIRECTION('',(-0.,-0.,-1.));
#10058 = ORIENTED_EDGE('',*,*,#10059,.T.);
#10059 = EDGE_CURVE('',#10052,#10000,#10060,.T.);
#10060 = B_SPLINE_CURVE_WITH_KNOTS('',2,(#10061,#10062,#10063),
  .UNSPECIFIED.,.F.,.F.,(3,3),(0.,1.),.PIECEWISE_BEZIER_KNOTS.);
#10061 = CARTESIAN_POINT('',(8.604154286519,-1.244149409581,38.));
#10062 = CARTESIAN_POINT('',(8.462313508421,-1.407604020532,38.));
#10063 = CARTESIAN_POINT('',(8.285800540122,-1.518149769811,38.));
#10064 = ORIENTED_EDGE('',*,*,#9999,.F.);
#10065 = ORIENTED_EDGE('',*,*,#2396,.F.);
#10066 = SURFACE_OF_LINEAR_EXTRUSION('',#10067,#10071);
#10067 = B_SPLINE_CURVE_WITH_KNOTS('',2,(#10068,#10069,#10070),
  .UNSPECIFIED.,.F.,.F.,(3,3),(0.,1.),.PIECEWISE_BEZIER_KNOTS.);
#10068 = CARTESIAN_POINT('',(8.604154286519,-1.244149409581,40.));
#10069 = CARTESIAN_POINT('',(8.462313508421,-1.407604020532,40.));
#10070 = CARTESIAN_POINT('',(8.285800540122,-1.518149769811,40.));
#10071 = VECTOR('',#10072,1.);
#10072 = DIRECTION('',(0.,0.,1.));
#10073 = ADVANCED_FACE('',(#10074),#10092,.T.);
#10074 = FACE_BOUND('',#10075,.T.);
#10075 = EDGE_LOOP('',(#10076,#10077,#10085,#10091));
#10076 = ORIENTED_EDGE('',*,*,#10034,.T.);
#10077 = ORIENTED_EDGE('',*,*,#10078,.T.);
#10078 = EDGE_CURVE('',#10027,#10079,#10081,.T.);
#10079 = VERTEX_POINT('',#10080);
#10080 = CARTESIAN_POINT('',(7.21726667845,-1.162422104105,38.));
#10081 = B_SPLINE_CURVE_WITH_KNOTS('',2,(#10082,#10083,#10084),
  .UNSPECIFIED.,.F.,.F.,(3,3),(0.,1.),.PIECEWISE_BEZIER_KNOTS.);
#10082 = CARTESIAN_POINT('',(6.539357816779,-0.905982983068,38.));
#10083 = CARTESIAN_POINT('',(6.795346649632,-1.162422104105,38.));
#10084 = CARTESIAN_POINT('',(7.21726667845,-1.162422104105,38.));
#10085 = ORIENTED_EDGE('',*,*,#10086,.F.);
#10086 = EDGE_CURVE('',#2333,#10079,#10087,.T.);
#10087 = LINE('',#10088,#10089);
#10088 = CARTESIAN_POINT('',(7.21726667845,-1.162422104105,40.));
#10089 = VECTOR('',#10090,1.);
#10090 = DIRECTION('',(-0.,-0.,-1.));
#10091 = ORIENTED_EDGE('',*,*,#2332,.F.);
#10092 = SURFACE_OF_LINEAR_EXTRUSION('',#10093,#10097);
#10093 = B_SPLINE_CURVE_WITH_KNOTS('',2,(#10094,#10095,#10096),
  .UNSPECIFIED.,.F.,.F.,(3,3),(0.,1.),.PIECEWISE_BEZIER_KNOTS.);
#10094 = CARTESIAN_POINT('',(6.539357816779,-0.905982983068,40.));
#10095 = CARTESIAN_POINT('',(6.795346649632,-1.162422104105,40.));
#10096 = CARTESIAN_POINT('',(7.21726667845,-1.162422104105,40.));
#10097 = VECTOR('',#10098,1.);
#10098 = DIRECTION('',(0.,0.,1.));
#10099 = ADVANCED_FACE('',(#10100),#10118,.T.);
#10100 = FACE_BOUND('',#10101,.T.);
#10101 = EDGE_LOOP('',(#10102,#10110,#10116,#10117));
#10102 = ORIENTED_EDGE('',*,*,#10103,.T.);
#10103 = EDGE_CURVE('',#2381,#10104,#10106,.T.);
#10104 = VERTEX_POINT('',#10105);
#10105 = CARTESIAN_POINT('',(8.355144920525,-0.93052368912,38.));
#10106 = LINE('',#10107,#10108);
#10107 = CARTESIAN_POINT('',(8.355144920525,-0.93052368912,40.));
#10108 = VECTOR('',#10109,1.);
#10109 = DIRECTION('',(-0.,-0.,-1.));
#10110 = ORIENTED_EDGE('',*,*,#10111,.T.);
#10111 = EDGE_CURVE('',#10104,#10052,#10112,.T.);
#10112 = LINE('',#10113,#10114);
#10113 = CARTESIAN_POINT('',(8.355144920525,-0.93052368912,38.));
#10114 = VECTOR('',#10115,1.);
#10115 = DIRECTION('',(0.621811155655,-0.783167215033,0.));
#10116 = ORIENTED_EDGE('',*,*,#10051,.F.);
#10117 = ORIENTED_EDGE('',*,*,#2388,.F.);
#10118 = PLANE('',#10119);
#10119 = AXIS2_PLACEMENT_3D('',#10120,#10121,#10122);
#10120 = CARTESIAN_POINT('',(8.355144920525,-0.93052368912,40.));
#10121 = DIRECTION('',(-0.783167215033,-0.621811155655,0.));
#10122 = DIRECTION('',(0.621811155655,-0.783167215033,0.));
#10123 = ADVANCED_FACE('',(#10124),#10142,.T.);
#10124 = FACE_BOUND('',#10125,.T.);
#10125 = EDGE_LOOP('',(#10126,#10127,#10135,#10141));
#10126 = ORIENTED_EDGE('',*,*,#10086,.T.);
#10127 = ORIENTED_EDGE('',*,*,#10128,.T.);
#10128 = EDGE_CURVE('',#10079,#10129,#10131,.T.);
#10129 = VERTEX_POINT('',#10130);
#10130 = CARTESIAN_POINT('',(7.575245785078,-1.114016124278,38.));
#10131 = B_SPLINE_CURVE_WITH_KNOTS('',2,(#10132,#10133,#10134),
  .UNSPECIFIED.,.F.,.F.,(3,3),(0.,1.),.PIECEWISE_BEZIER_KNOTS.);
#10132 = CARTESIAN_POINT('',(7.21726667845,-1.162422104105,38.));
#10133 = CARTESIAN_POINT('',(7.424849531476,-1.162422104105,38.));
#10134 = CARTESIAN_POINT('',(7.575245785078,-1.114016124278,38.));
#10135 = ORIENTED_EDGE('',*,*,#10136,.F.);
#10136 = EDGE_CURVE('',#2341,#10129,#10137,.T.);
#10137 = LINE('',#10138,#10139);
#10138 = CARTESIAN_POINT('',(7.575245785078,-1.114016124278,40.));
#10139 = VECTOR('',#10140,1.);
#10140 = DIRECTION('',(-0.,-0.,-1.));
#10141 = ORIENTED_EDGE('',*,*,#2340,.F.);
#10142 = SURFACE_OF_LINEAR_EXTRUSION('',#10143,#10147);
#10143 = B_SPLINE_CURVE_WITH_KNOTS('',2,(#10144,#10145,#10146),
  .UNSPECIFIED.,.F.,.F.,(3,3),(0.,1.),.PIECEWISE_BEZIER_KNOTS.);
#10144 = CARTESIAN_POINT('',(7.21726667845,-1.162422104105,40.));
#10145 = CARTESIAN_POINT('',(7.424849531476,-1.162422104105,40.));
#10146 = CARTESIAN_POINT('',(7.575245785078,-1.114016124278,40.));
#10147 = VECTOR('',#10148,1.);
#10148 = DIRECTION('',(0.,0.,1.));
#10149 = ADVANCED_FACE('',(#10150),#10168,.T.);
#10150 = FACE_BOUND('',#10151,.T.);
#10151 = EDGE_LOOP('',(#10152,#10160,#10166,#10167));
#10152 = ORIENTED_EDGE('',*,*,#10153,.T.);
#10153 = EDGE_CURVE('',#2373,#10154,#10156,.T.);
#10154 = VERTEX_POINT('',#10155);
#10155 = CARTESIAN_POINT('',(8.289402845597,-0.871310792866,38.));
#10156 = LINE('',#10157,#10158);
#10157 = CARTESIAN_POINT('',(8.289402845597,-0.871310792866,40.));
#10158 = VECTOR('',#10159,1.);
#10159 = DIRECTION('',(-0.,-0.,-1.));
#10160 = ORIENTED_EDGE('',*,*,#10161,.T.);
#10161 = EDGE_CURVE('',#10154,#10104,#10162,.T.);
#10162 = B_SPLINE_CURVE_WITH_KNOTS('',2,(#10163,#10164,#10165),
  .UNSPECIFIED.,.F.,.F.,(3,3),(0.,1.),.PIECEWISE_BEZIER_KNOTS.);
#10163 = CARTESIAN_POINT('',(8.289402845597,-0.871310792866,38.));
#10164 = CARTESIAN_POINT('',(8.327452197182,-0.892249193442,38.));
#10165 = CARTESIAN_POINT('',(8.355144920525,-0.93052368912,38.));
#10166 = ORIENTED_EDGE('',*,*,#10103,.F.);
#10167 = ORIENTED_EDGE('',*,*,#2380,.F.);
#10168 = SURFACE_OF_LINEAR_EXTRUSION('',#10169,#10173);
#10169 = B_SPLINE_CURVE_WITH_KNOTS('',2,(#10170,#10171,#10172),
  .UNSPECIFIED.,.F.,.F.,(3,3),(0.,1.),.PIECEWISE_BEZIER_KNOTS.);
#10170 = CARTESIAN_POINT('',(8.289402845597,-0.871310792866,40.));
#10171 = CARTESIAN_POINT('',(8.327452197182,-0.892249193442,40.));
#10172 = CARTESIAN_POINT('',(8.355144920525,-0.93052368912,40.));
#10173 = VECTOR('',#10174,1.);
#10174 = DIRECTION('',(0.,0.,1.));
#10175 = ADVANCED_FACE('',(#10176),#10194,.T.);
#10176 = FACE_BOUND('',#10177,.T.);
#10177 = EDGE_LOOP('',(#10178,#10179,#10187,#10193));
#10178 = ORIENTED_EDGE('',*,*,#10136,.T.);
#10179 = ORIENTED_EDGE('',*,*,#10180,.T.);
#10180 = EDGE_CURVE('',#10129,#10181,#10183,.T.);
#10181 = VERTEX_POINT('',#10182);
#10182 = CARTESIAN_POINT('',(7.837988940698,-1.006397248197,38.));
#10183 = B_SPLINE_CURVE_WITH_KNOTS('',2,(#10184,#10185,#10186),
  .UNSPECIFIED.,.F.,.F.,(3,3),(0.,1.),.PIECEWISE_BEZIER_KNOTS.);
#10184 = CARTESIAN_POINT('',(7.575245785078,-1.114016124278,38.));
#10185 = CARTESIAN_POINT('',(7.725642038681,-1.065385000359,38.));
#10186 = CARTESIAN_POINT('',(7.837988940698,-1.006397248197,38.));
#10187 = ORIENTED_EDGE('',*,*,#10188,.F.);
#10188 = EDGE_CURVE('',#2349,#10181,#10189,.T.);
#10189 = LINE('',#10190,#10191);
#10190 = CARTESIAN_POINT('',(7.837988940698,-1.006397248197,40.));
#10191 = VECTOR('',#10192,1.);
#10192 = DIRECTION('',(-0.,-0.,-1.));
#10193 = ORIENTED_EDGE('',*,*,#2348,.F.);
#10194 = SURFACE_OF_LINEAR_EXTRUSION('',#10195,#10199);
#10195 = B_SPLINE_CURVE_WITH_KNOTS('',2,(#10196,#10197,#10198),
  .UNSPECIFIED.,.F.,.F.,(3,3),(0.,1.),.PIECEWISE_BEZIER_KNOTS.);
#10196 = CARTESIAN_POINT('',(7.575245785078,-1.114016124278,40.));
#10197 = CARTESIAN_POINT('',(7.725642038681,-1.065385000359,40.));
#10198 = CARTESIAN_POINT('',(7.837988940698,-1.006397248197,40.));
#10199 = VECTOR('',#10200,1.);
#10200 = DIRECTION('',(0.,0.,1.));
#10201 = ADVANCED_FACE('',(#10202),#10220,.T.);
#10202 = FACE_BOUND('',#10203,.T.);
#10203 = EDGE_LOOP('',(#10204,#10212,#10218,#10219));
#10204 = ORIENTED_EDGE('',*,*,#10205,.T.);
#10205 = EDGE_CURVE('',#2365,#10206,#10208,.T.);
#10206 = VERTEX_POINT('',#10207);
#10207 = CARTESIAN_POINT('',(8.199570352802,-0.85037239229,38.));
#10208 = LINE('',#10209,#10210);
#10209 = CARTESIAN_POINT('',(8.199570352802,-0.85037239229,40.));
#10210 = VECTOR('',#10211,1.);
#10211 = DIRECTION('',(-0.,-0.,-1.));
#10212 = ORIENTED_EDGE('',*,*,#10213,.T.);
#10213 = EDGE_CURVE('',#10206,#10154,#10214,.T.);
#10214 = B_SPLINE_CURVE_WITH_KNOTS('',2,(#10215,#10216,#10217),
  .UNSPECIFIED.,.F.,.F.,(3,3),(0.,1.),.PIECEWISE_BEZIER_KNOTS.);
#10215 = CARTESIAN_POINT('',(8.199570352802,-0.85037239229,38.));
#10216 = CARTESIAN_POINT('',(8.251353494012,-0.85037239229,38.));
#10217 = CARTESIAN_POINT('',(8.289402845597,-0.871310792866,38.));
#10218 = ORIENTED_EDGE('',*,*,#10153,.F.);
#10219 = ORIENTED_EDGE('',*,*,#2372,.F.);
#10220 = SURFACE_OF_LINEAR_EXTRUSION('',#10221,#10225);
#10221 = B_SPLINE_CURVE_WITH_KNOTS('',2,(#10222,#10223,#10224),
  .UNSPECIFIED.,.F.,.F.,(3,3),(0.,1.),.PIECEWISE_BEZIER_KNOTS.);
#10222 = CARTESIAN_POINT('',(8.199570352802,-0.85037239229,40.));
#10223 = CARTESIAN_POINT('',(8.251353494012,-0.85037239229,40.));
#10224 = CARTESIAN_POINT('',(8.289402845597,-0.871310792866,40.));
#10225 = VECTOR('',#10226,1.);
#10226 = DIRECTION('',(0.,0.,1.));
#10227 = ADVANCED_FACE('',(#10228),#10246,.T.);
#10228 = FACE_BOUND('',#10229,.T.);
#10229 = EDGE_LOOP('',(#10230,#10231,#10239,#10245));
#10230 = ORIENTED_EDGE('',*,*,#10188,.T.);
#10231 = ORIENTED_EDGE('',*,*,#10232,.T.);
#10232 = EDGE_CURVE('',#10181,#10233,#10235,.T.);
#10233 = VERTEX_POINT('',#10234);
#10234 = CARTESIAN_POINT('',(8.035215165482,-0.899003516209,38.));
#10235 = B_SPLINE_CURVE_WITH_KNOTS('',2,(#10236,#10237,#10238),
  .UNSPECIFIED.,.F.,.F.,(3,3),(0.,1.),.PIECEWISE_BEZIER_KNOTS.);
#10236 = CARTESIAN_POINT('',(7.837988940698,-1.006397248197,38.));
#10237 = CARTESIAN_POINT('',(7.950560986808,-0.947409496036,38.));
#10238 = CARTESIAN_POINT('',(8.035215165482,-0.899003516209,38.));
#10239 = ORIENTED_EDGE('',*,*,#10240,.F.);
#10240 = EDGE_CURVE('',#2357,#10233,#10241,.T.);
#10241 = LINE('',#10242,#10243);
#10242 = CARTESIAN_POINT('',(8.035215165482,-0.899003516209,40.));
#10243 = VECTOR('',#10244,1.);
#10244 = DIRECTION('',(-0.,-0.,-1.));
#10245 = ORIENTED_EDGE('',*,*,#2356,.F.);
#10246 = SURFACE_OF_LINEAR_EXTRUSION('',#10247,#10251);
#10247 = B_SPLINE_CURVE_WITH_KNOTS('',2,(#10248,#10249,#10250),
  .UNSPECIFIED.,.F.,.F.,(3,3),(0.,1.),.PIECEWISE_BEZIER_KNOTS.);
#10248 = CARTESIAN_POINT('',(7.837988940698,-1.006397248197,40.));
#10249 = CARTESIAN_POINT('',(7.950560986808,-0.947409496036,40.));
#10250 = CARTESIAN_POINT('',(8.035215165482,-0.899003516209,40.));
#10251 = VECTOR('',#10252,1.);
#10252 = DIRECTION('',(0.,0.,1.));
#10253 = ADVANCED_FACE('',(#10254),#10265,.T.);
#10254 = FACE_BOUND('',#10255,.T.);
#10255 = EDGE_LOOP('',(#10256,#10257,#10263,#10264));
#10256 = ORIENTED_EDGE('',*,*,#10240,.T.);
#10257 = ORIENTED_EDGE('',*,*,#10258,.T.);
#10258 = EDGE_CURVE('',#10233,#10206,#10259,.T.);
#10259 = B_SPLINE_CURVE_WITH_KNOTS('',2,(#10260,#10261,#10262),
  .UNSPECIFIED.,.F.,.F.,(3,3),(0.,1.),.PIECEWISE_BEZIER_KNOTS.);
#10260 = CARTESIAN_POINT('',(8.035215165482,-0.899003516209,38.));
#10261 = CARTESIAN_POINT('',(8.119869344156,-0.85037239229,38.));
#10262 = CARTESIAN_POINT('',(8.199570352802,-0.85037239229,38.));
#10263 = ORIENTED_EDGE('',*,*,#10205,.F.);
#10264 = ORIENTED_EDGE('',*,*,#2364,.F.);
#10265 = SURFACE_OF_LINEAR_EXTRUSION('',#10266,#10270);
#10266 = B_SPLINE_CURVE_WITH_KNOTS('',2,(#10267,#10268,#10269),
  .UNSPECIFIED.,.F.,.F.,(3,3),(0.,1.),.PIECEWISE_BEZIER_KNOTS.);
#10267 = CARTESIAN_POINT('',(8.035215165482,-0.899003516209,40.));
#10268 = CARTESIAN_POINT('',(8.119869344156,-0.85037239229,40.));
#10269 = CARTESIAN_POINT('',(8.199570352802,-0.85037239229,40.));
#10270 = VECTOR('',#10271,1.);
#10271 = DIRECTION('',(0.,0.,1.));
#10272 = ADVANCED_FACE('',(#10273),#10298,.T.);
#10273 = FACE_BOUND('',#10274,.T.);
#10274 = EDGE_LOOP('',(#10275,#10283,#10291,#10297));
#10275 = ORIENTED_EDGE('',*,*,#10276,.T.);
#10276 = EDGE_CURVE('',#2485,#10277,#10279,.T.);
#10277 = VERTEX_POINT('',#10278);
#10278 = CARTESIAN_POINT('',(2.553857096318,-1.758378516209,38.));
#10279 = LINE('',#10280,#10281);
#10280 = CARTESIAN_POINT('',(2.553857096318,-1.758378516209,40.));
#10281 = VECTOR('',#10282,1.);
#10282 = DIRECTION('',(-0.,-0.,-1.));
#10283 = ORIENTED_EDGE('',*,*,#10284,.T.);
#10284 = EDGE_CURVE('',#10277,#10285,#10287,.T.);
#10285 = VERTEX_POINT('',#10286);
#10286 = CARTESIAN_POINT('',(1.699885554531,-1.758378516209,38.));
#10287 = LINE('',#10288,#10289);
#10288 = CARTESIAN_POINT('',(2.553857096318,-1.758378516209,38.));
#10289 = VECTOR('',#10290,1.);
#10290 = DIRECTION('',(-1.,0.,0.));
#10291 = ORIENTED_EDGE('',*,*,#10292,.F.);
#10292 = EDGE_CURVE('',#2487,#10285,#10293,.T.);
#10293 = LINE('',#10294,#10295);
#10294 = CARTESIAN_POINT('',(1.699885554531,-1.758378516209,40.));
#10295 = VECTOR('',#10296,1.);
#10296 = DIRECTION('',(-0.,-0.,-1.));
#10297 = ORIENTED_EDGE('',*,*,#2484,.F.);
#10298 = PLANE('',#10299);
#10299 = AXIS2_PLACEMENT_3D('',#10300,#10301,#10302);
#10300 = CARTESIAN_POINT('',(2.553857096318,-1.758378516209,40.));
#10301 = DIRECTION('',(0.,1.,0.));
#10302 = DIRECTION('',(-1.,0.,0.));
#10303 = ADVANCED_FACE('',(#10304),#10322,.T.);
#10304 = FACE_BOUND('',#10305,.T.);
#10305 = EDGE_LOOP('',(#10306,#10314,#10320,#10321));
#10306 = ORIENTED_EDGE('',*,*,#10307,.T.);
#10307 = EDGE_CURVE('',#2615,#10308,#10310,.T.);
#10308 = VERTEX_POINT('',#10309);
#10309 = CARTESIAN_POINT('',(2.553857096318,0.806913270535,38.));
#10310 = LINE('',#10311,#10312);
#10311 = CARTESIAN_POINT('',(2.553857096318,0.806913270535,40.));
#10312 = VECTOR('',#10313,1.);
#10313 = DIRECTION('',(-0.,-0.,-1.));
#10314 = ORIENTED_EDGE('',*,*,#10315,.T.);
#10315 = EDGE_CURVE('',#10308,#10277,#10316,.T.);
#10316 = LINE('',#10317,#10318);
#10317 = CARTESIAN_POINT('',(2.553857096318,0.806913270535,38.));
#10318 = VECTOR('',#10319,1.);
#10319 = DIRECTION('',(0.,-1.,0.));
#10320 = ORIENTED_EDGE('',*,*,#10276,.F.);
#10321 = ORIENTED_EDGE('',*,*,#2622,.F.);
#10322 = PLANE('',#10323);
#10323 = AXIS2_PLACEMENT_3D('',#10324,#10325,#10326);
#10324 = CARTESIAN_POINT('',(2.553857096318,0.806913270535,40.));
#10325 = DIRECTION('',(-1.,0.,0.));
#10326 = DIRECTION('',(0.,-1.,0.));
#10327 = ADVANCED_FACE('',(#10328),#10346,.T.);
#10328 = FACE_BOUND('',#10329,.T.);
#10329 = EDGE_LOOP('',(#10330,#10331,#10339,#10345));
#10330 = ORIENTED_EDGE('',*,*,#10292,.T.);
#10331 = ORIENTED_EDGE('',*,*,#10332,.T.);
#10332 = EDGE_CURVE('',#10285,#10333,#10335,.T.);
#10333 = VERTEX_POINT('',#10334);
#10334 = CARTESIAN_POINT('',(1.699885554531,3.385713702811,38.));
#10335 = LINE('',#10336,#10337);
#10336 = CARTESIAN_POINT('',(1.699885554531,-1.758378516209,38.));
#10337 = VECTOR('',#10338,1.);
#10338 = DIRECTION('',(0.,1.,0.));
#10339 = ORIENTED_EDGE('',*,*,#10340,.F.);
#10340 = EDGE_CURVE('',#2495,#10333,#10341,.T.);
#10341 = LINE('',#10342,#10343);
#10342 = CARTESIAN_POINT('',(1.699885554531,3.385713702811,40.));
#10343 = VECTOR('',#10344,1.);
#10344 = DIRECTION('',(-0.,-0.,-1.));
#10345 = ORIENTED_EDGE('',*,*,#2494,.F.);
#10346 = PLANE('',#10347);
#10347 = AXIS2_PLACEMENT_3D('',#10348,#10349,#10350);
#10348 = CARTESIAN_POINT('',(1.699885554531,-1.758378516209,40.));
#10349 = DIRECTION('',(1.,0.,0.));
#10350 = DIRECTION('',(0.,1.,0.));
#10351 = ADVANCED_FACE('',(#10352),#10370,.T.);
#10352 = FACE_BOUND('',#10353,.T.);
#10353 = EDGE_LOOP('',(#10354,#10362,#10368,#10369));
#10354 = ORIENTED_EDGE('',*,*,#10355,.T.);
#10355 = EDGE_CURVE('',#2607,#10356,#10358,.T.);
#10356 = VERTEX_POINT('',#10357);
#10357 = CARTESIAN_POINT('',(2.92039167845,1.080463342581,38.));
#10358 = LINE('',#10359,#10360);
#10359 = CARTESIAN_POINT('',(2.92039167845,1.080463342581,40.));
#10360 = VECTOR('',#10361,1.);
#10361 = DIRECTION('',(-0.,-0.,-1.));
#10362 = ORIENTED_EDGE('',*,*,#10363,.T.);
#10363 = EDGE_CURVE('',#10356,#10308,#10364,.T.);
#10364 = B_SPLINE_CURVE_WITH_KNOTS('',2,(#10365,#10366,#10367),
  .UNSPECIFIED.,.F.,.F.,(3,3),(0.,1.),.PIECEWISE_BEZIER_KNOTS.);
#10365 = CARTESIAN_POINT('',(2.92039167845,1.080463342581,38.));
#10366 = CARTESIAN_POINT('',(2.726767759142,0.980049077451,38.));
#10367 = CARTESIAN_POINT('',(2.553857096318,0.806913270535,38.));
#10368 = ORIENTED_EDGE('',*,*,#10307,.F.);
#10369 = ORIENTED_EDGE('',*,*,#2614,.F.);
#10370 = SURFACE_OF_LINEAR_EXTRUSION('',#10371,#10375);
#10371 = B_SPLINE_CURVE_WITH_KNOTS('',2,(#10372,#10373,#10374),
  .UNSPECIFIED.,.F.,.F.,(3,3),(0.,1.),.PIECEWISE_BEZIER_KNOTS.);
#10372 = CARTESIAN_POINT('',(2.92039167845,1.080463342581,40.));
#10373 = CARTESIAN_POINT('',(2.726767759142,0.980049077451,40.));
#10374 = CARTESIAN_POINT('',(2.553857096318,0.806913270535,40.));
#10375 = VECTOR('',#10376,1.);
#10376 = DIRECTION('',(0.,0.,1.));
#10377 = ADVANCED_FACE('',(#10378),#10396,.T.);
#10378 = FACE_BOUND('',#10379,.T.);
#10379 = EDGE_LOOP('',(#10380,#10381,#10389,#10395));
#10380 = ORIENTED_EDGE('',*,*,#10340,.T.);
#10381 = ORIENTED_EDGE('',*,*,#10382,.T.);
#10382 = EDGE_CURVE('',#10333,#10383,#10385,.T.);
#10383 = VERTEX_POINT('',#10384);
#10384 = CARTESIAN_POINT('',(2.553857096318,3.385713702811,38.));
#10385 = LINE('',#10386,#10387);
#10386 = CARTESIAN_POINT('',(1.699885554531,3.385713702811,38.));
#10387 = VECTOR('',#10388,1.);
#10388 = DIRECTION('',(1.,0.,0.));
#10389 = ORIENTED_EDGE('',*,*,#10390,.F.);
#10390 = EDGE_CURVE('',#2503,#10383,#10391,.T.);
#10391 = LINE('',#10392,#10393);
#10392 = CARTESIAN_POINT('',(2.553857096318,3.385713702811,40.));
#10393 = VECTOR('',#10394,1.);
#10394 = DIRECTION('',(-0.,-0.,-1.));
#10395 = ORIENTED_EDGE('',*,*,#2502,.F.);
#10396 = PLANE('',#10397);
#10397 = AXIS2_PLACEMENT_3D('',#10398,#10399,#10400);
#10398 = CARTESIAN_POINT('',(1.699885554531,3.385713702811,40.));
#10399 = DIRECTION('',(0.,-1.,0.));
#10400 = DIRECTION('',(1.,0.,0.));
#10401 = ADVANCED_FACE('',(#10402),#10420,.T.);
#10402 = FACE_BOUND('',#10403,.T.);
#10403 = EDGE_LOOP('',(#10404,#10412,#10418,#10419));
#10404 = ORIENTED_EDGE('',*,*,#10405,.T.);
#10405 = EDGE_CURVE('',#2599,#10406,#10408,.T.);
#10406 = VERTEX_POINT('',#10407);
#10407 = CARTESIAN_POINT('',(3.335557384502,1.181102751803,38.));
#10408 = LINE('',#10409,#10410);
#10409 = CARTESIAN_POINT('',(3.335557384502,1.181102751803,40.));
#10410 = VECTOR('',#10411,1.);
#10411 = DIRECTION('',(-0.,-0.,-1.));
#10412 = ORIENTED_EDGE('',*,*,#10413,.T.);
#10413 = EDGE_CURVE('',#10406,#10356,#10414,.T.);
#10414 = B_SPLINE_CURVE_WITH_KNOTS('',2,(#10415,#10416,#10417),
  .UNSPECIFIED.,.F.,.F.,(3,3),(0.,1.),.PIECEWISE_BEZIER_KNOTS.);
#10415 = CARTESIAN_POINT('',(3.335557384502,1.181102751803,38.));
#10416 = CARTESIAN_POINT('',(3.114240741851,1.181102751803,38.));
#10417 = CARTESIAN_POINT('',(2.92039167845,1.080463342581,38.));
#10418 = ORIENTED_EDGE('',*,*,#10355,.F.);
#10419 = ORIENTED_EDGE('',*,*,#2606,.F.);
#10420 = SURFACE_OF_LINEAR_EXTRUSION('',#10421,#10425);
#10421 = B_SPLINE_CURVE_WITH_KNOTS('',2,(#10422,#10423,#10424),
  .UNSPECIFIED.,.F.,.F.,(3,3),(0.,1.),.PIECEWISE_BEZIER_KNOTS.);
#10422 = CARTESIAN_POINT('',(3.335557384502,1.181102751803,40.));
#10423 = CARTESIAN_POINT('',(3.114240741851,1.181102751803,40.));
#10424 = CARTESIAN_POINT('',(2.92039167845,1.080463342581,40.));
#10425 = VECTOR('',#10426,1.);
#10426 = DIRECTION('',(0.,0.,1.));
#10427 = ADVANCED_FACE('',(#10428),#10446,.T.);
#10428 = FACE_BOUND('',#10429,.T.);
#10429 = EDGE_LOOP('',(#10430,#10431,#10439,#10445));
#10430 = ORIENTED_EDGE('',*,*,#10390,.T.);
#10431 = ORIENTED_EDGE('',*,*,#10432,.T.);
#10432 = EDGE_CURVE('',#10383,#10433,#10435,.T.);
#10433 = VERTEX_POINT('',#10434);
#10434 = CARTESIAN_POINT('',(2.553857096318,1.40196910627,38.));
#10435 = LINE('',#10436,#10437);
#10436 = CARTESIAN_POINT('',(2.553857096318,3.385713702811,38.));
#10437 = VECTOR('',#10438,1.);
#10438 = DIRECTION('',(0.,-1.,0.));
#10439 = ORIENTED_EDGE('',*,*,#10440,.F.);
#10440 = EDGE_CURVE('',#2511,#10433,#10441,.T.);
#10441 = LINE('',#10442,#10443);
#10442 = CARTESIAN_POINT('',(2.553857096318,1.40196910627,40.));
#10443 = VECTOR('',#10444,1.);
#10444 = DIRECTION('',(-0.,-0.,-1.));
#10445 = ORIENTED_EDGE('',*,*,#2510,.F.);
#10446 = PLANE('',#10447);
#10447 = AXIS2_PLACEMENT_3D('',#10448,#10449,#10450);
#10448 = CARTESIAN_POINT('',(2.553857096318,3.385713702811,40.));
#10449 = DIRECTION('',(-1.,0.,0.));
#10450 = DIRECTION('',(0.,-1.,0.));
#10451 = ADVANCED_FACE('',(#10452),#10470,.T.);
#10452 = FACE_BOUND('',#10453,.T.);
#10453 = EDGE_LOOP('',(#10454,#10462,#10468,#10469));
#10454 = ORIENTED_EDGE('',*,*,#10455,.T.);
#10455 = EDGE_CURVE('',#2591,#10456,#10458,.T.);
#10456 = VERTEX_POINT('',#10457);
#10457 = CARTESIAN_POINT('',(3.786746145309,1.003013774857,38.));
#10458 = LINE('',#10459,#10460);
#10459 = CARTESIAN_POINT('',(3.786746145309,1.003013774857,40.));
#10460 = VECTOR('',#10461,1.);
#10461 = DIRECTION('',(-0.,-0.,-1.));
#10462 = ORIENTED_EDGE('',*,*,#10463,.T.);
#10463 = EDGE_CURVE('',#10456,#10406,#10464,.T.);
#10464 = B_SPLINE_CURVE_WITH_KNOTS('',2,(#10465,#10466,#10467),
  .UNSPECIFIED.,.F.,.F.,(3,3),(0.,1.),.PIECEWISE_BEZIER_KNOTS.);
#10465 = CARTESIAN_POINT('',(3.786746145309,1.003013774857,38.));
#10466 = CARTESIAN_POINT('',(3.636349891707,1.181102751803,38.));
#10467 = CARTESIAN_POINT('',(3.335557384502,1.181102751803,38.));
#10468 = ORIENTED_EDGE('',*,*,#10405,.F.);
#10469 = ORIENTED_EDGE('',*,*,#2598,.F.);
#10470 = SURFACE_OF_LINEAR_EXTRUSION('',#10471,#10475);
#10471 = B_SPLINE_CURVE_WITH_KNOTS('',2,(#10472,#10473,#10474),
  .UNSPECIFIED.,.F.,.F.,(3,3),(0.,1.),.PIECEWISE_BEZIER_KNOTS.);
#10472 = CARTESIAN_POINT('',(3.786746145309,1.003013774857,40.));
#10473 = CARTESIAN_POINT('',(3.636349891707,1.181102751803,40.));
#10474 = CARTESIAN_POINT('',(3.335557384502,1.181102751803,40.));
#10475 = VECTOR('',#10476,1.);
#10476 = DIRECTION('',(0.,0.,1.));
#10477 = ADVANCED_FACE('',(#10478),#10496,.T.);
#10478 = FACE_BOUND('',#10479,.T.);
#10479 = EDGE_LOOP('',(#10480,#10481,#10489,#10495));
#10480 = ORIENTED_EDGE('',*,*,#10440,.T.);
#10481 = ORIENTED_EDGE('',*,*,#10482,.T.);
#10482 = EDGE_CURVE('',#10433,#10483,#10485,.T.);
#10483 = VERTEX_POINT('',#10484);
#10484 = CARTESIAN_POINT('',(3.010449315338,1.722124005405,38.));
#10485 = B_SPLINE_CURVE_WITH_KNOTS('',2,(#10486,#10487,#10488),
  .UNSPECIFIED.,.F.,.F.,(3,3),(0.,1.),.PIECEWISE_BEZIER_KNOTS.);
#10486 = CARTESIAN_POINT('',(2.553857096318,1.40196910627,38.));
#10487 = CARTESIAN_POINT('',(2.761439949344,1.600321051514,38.));
#10488 = CARTESIAN_POINT('',(3.010449315338,1.722124005405,38.));
#10489 = ORIENTED_EDGE('',*,*,#10490,.F.);
#10490 = EDGE_CURVE('',#2519,#10483,#10491,.T.);
#10491 = LINE('',#10492,#10493);
#10492 = CARTESIAN_POINT('',(3.010449315338,1.722124005405,40.));
#10493 = VECTOR('',#10494,1.);
#10494 = DIRECTION('',(-0.,-0.,-1.));
#10495 = ORIENTED_EDGE('',*,*,#2518,.F.);
#10496 = SURFACE_OF_LINEAR_EXTRUSION('',#10497,#10501);
#10497 = B_SPLINE_CURVE_WITH_KNOTS('',2,(#10498,#10499,#10500),
  .UNSPECIFIED.,.F.,.F.,(3,3),(0.,1.),.PIECEWISE_BEZIER_KNOTS.);
#10498 = CARTESIAN_POINT('',(2.553857096318,1.40196910627,40.));
#10499 = CARTESIAN_POINT('',(2.761439949344,1.600321051514,40.));
#10500 = CARTESIAN_POINT('',(3.010449315338,1.722124005405,40.));
#10501 = VECTOR('',#10502,1.);
#10502 = DIRECTION('',(0.,0.,1.));
#10503 = ADVANCED_FACE('',(#10504),#10522,.T.);
#10504 = FACE_BOUND('',#10505,.T.);
#10505 = EDGE_LOOP('',(#10506,#10514,#10520,#10521));
#10506 = ORIENTED_EDGE('',*,*,#10507,.T.);
#10507 = EDGE_CURVE('',#2583,#10508,#10510,.T.);
#10508 = VERTEX_POINT('',#10509);
#10509 = CARTESIAN_POINT('',(3.937142398911,0.499816728748,38.));
#10510 = LINE('',#10511,#10512);
#10511 = CARTESIAN_POINT('',(3.937142398911,0.499816728748,40.));
#10512 = VECTOR('',#10513,1.);
#10513 = DIRECTION('',(-0.,-0.,-1.));
#10514 = ORIENTED_EDGE('',*,*,#10515,.T.);
#10515 = EDGE_CURVE('',#10508,#10456,#10516,.T.);
#10516 = B_SPLINE_CURVE_WITH_KNOTS('',2,(#10517,#10518,#10519),
  .UNSPECIFIED.,.F.,.F.,(3,3),(0.,1.),.PIECEWISE_BEZIER_KNOTS.);
#10517 = CARTESIAN_POINT('',(3.937142398911,0.499816728748,38.));
#10518 = CARTESIAN_POINT('',(3.937142398911,0.824924797912,38.));
#10519 = CARTESIAN_POINT('',(3.786746145309,1.003013774857,38.));
#10520 = ORIENTED_EDGE('',*,*,#10455,.F.);
#10521 = ORIENTED_EDGE('',*,*,#2590,.F.);
#10522 = SURFACE_OF_LINEAR_EXTRUSION('',#10523,#10527);
#10523 = B_SPLINE_CURVE_WITH_KNOTS('',2,(#10524,#10525,#10526),
  .UNSPECIFIED.,.F.,.F.,(3,3),(0.,1.),.PIECEWISE_BEZIER_KNOTS.);
#10524 = CARTESIAN_POINT('',(3.937142398911,0.499816728748,40.));
#10525 = CARTESIAN_POINT('',(3.937142398911,0.824924797912,40.));
#10526 = CARTESIAN_POINT('',(3.786746145309,1.003013774857,40.));
#10527 = VECTOR('',#10528,1.);
#10528 = DIRECTION('',(0.,0.,1.));
#10529 = ADVANCED_FACE('',(#10530),#10548,.T.);
#10530 = FACE_BOUND('',#10531,.T.);
#10531 = EDGE_LOOP('',(#10532,#10533,#10541,#10547));
#10532 = ORIENTED_EDGE('',*,*,#10490,.T.);
#10533 = ORIENTED_EDGE('',*,*,#10534,.T.);
#10534 = EDGE_CURVE('',#10483,#10535,#10537,.T.);
#10535 = VERTEX_POINT('',#10536);
#10536 = CARTESIAN_POINT('',(3.594923378738,1.843926959295,38.));
#10537 = B_SPLINE_CURVE_WITH_KNOTS('',2,(#10538,#10539,#10540),
  .UNSPECIFIED.,.F.,.F.,(3,3),(0.,1.),.PIECEWISE_BEZIER_KNOTS.);
#10538 = CARTESIAN_POINT('',(3.010449315338,1.722124005405,38.));
#10539 = CARTESIAN_POINT('',(3.259458681332,1.843926959295,38.));
#10540 = CARTESIAN_POINT('',(3.594923378738,1.843926959295,38.));
#10541 = ORIENTED_EDGE('',*,*,#10542,.F.);
#10542 = EDGE_CURVE('',#2527,#10535,#10543,.T.);
#10543 = LINE('',#10544,#10545);
#10544 = CARTESIAN_POINT('',(3.594923378738,1.843926959295,40.));
#10545 = VECTOR('',#10546,1.);
#10546 = DIRECTION('',(-0.,-0.,-1.));
#10547 = ORIENTED_EDGE('',*,*,#2526,.F.);
#10548 = SURFACE_OF_LINEAR_EXTRUSION('',#10549,#10553);
#10549 = B_SPLINE_CURVE_WITH_KNOTS('',2,(#10550,#10551,#10552),
  .UNSPECIFIED.,.F.,.F.,(3,3),(0.,1.),.PIECEWISE_BEZIER_KNOTS.);
#10550 = CARTESIAN_POINT('',(3.010449315338,1.722124005405,40.));
#10551 = CARTESIAN_POINT('',(3.259458681332,1.843926959295,40.));
#10552 = CARTESIAN_POINT('',(3.594923378738,1.843926959295,40.));
#10553 = VECTOR('',#10554,1.);
#10554 = DIRECTION('',(0.,0.,1.));
#10555 = ADVANCED_FACE('',(#10556),#10574,.T.);
#10556 = FACE_BOUND('',#10557,.T.);
#10557 = EDGE_LOOP('',(#10558,#10566,#10572,#10573));
#10558 = ORIENTED_EDGE('',*,*,#10559,.T.);
#10559 = EDGE_CURVE('',#2575,#10560,#10562,.T.);
#10560 = VERTEX_POINT('',#10561);
#10561 = CARTESIAN_POINT('',(3.937142398911,-1.758378516209,38.));
#10562 = LINE('',#10563,#10564);
#10563 = CARTESIAN_POINT('',(3.937142398911,-1.758378516209,40.));
#10564 = VECTOR('',#10565,1.);
#10565 = DIRECTION('',(-0.,-0.,-1.));
#10566 = ORIENTED_EDGE('',*,*,#10567,.T.);
#10567 = EDGE_CURVE('',#10560,#10508,#10568,.T.);
#10568 = LINE('',#10569,#10570);
#10569 = CARTESIAN_POINT('',(3.937142398911,-1.758378516209,38.));
#10570 = VECTOR('',#10571,1.);
#10571 = DIRECTION('',(0.,1.,0.));
#10572 = ORIENTED_EDGE('',*,*,#10507,.F.);
#10573 = ORIENTED_EDGE('',*,*,#2582,.F.);
#10574 = PLANE('',#10575);
#10575 = AXIS2_PLACEMENT_3D('',#10576,#10577,#10578);
#10576 = CARTESIAN_POINT('',(3.937142398911,-1.758378516209,40.));
#10577 = DIRECTION('',(1.,0.,0.));
#10578 = DIRECTION('',(0.,1.,0.));
#10579 = ADVANCED_FACE('',(#10580),#10598,.T.);
#10580 = FACE_BOUND('',#10581,.T.);
#10581 = EDGE_LOOP('',(#10582,#10583,#10591,#10597));
#10582 = ORIENTED_EDGE('',*,*,#10542,.T.);
#10583 = ORIENTED_EDGE('',*,*,#10584,.T.);
#10584 = EDGE_CURVE('',#10535,#10585,#10587,.T.);
#10585 = VERTEX_POINT('',#10586);
#10586 = CARTESIAN_POINT('',(4.110053061736,1.745313846904,38.));
#10587 = B_SPLINE_CURVE_WITH_KNOTS('',2,(#10588,#10589,#10590),
  .UNSPECIFIED.,.F.,.F.,(3,3),(0.,1.),.PIECEWISE_BEZIER_KNOTS.);
#10588 = CARTESIAN_POINT('',(3.594923378738,1.843926959295,38.));
#10589 = CARTESIAN_POINT('',(3.885359257701,1.843926959295,38.));
#10590 = CARTESIAN_POINT('',(4.110053061736,1.745313846904,38.));
#10591 = ORIENTED_EDGE('',*,*,#10592,.F.);
#10592 = EDGE_CURVE('',#2535,#10585,#10593,.T.);
#10593 = LINE('',#10594,#10595);
#10594 = CARTESIAN_POINT('',(4.110053061736,1.745313846904,40.));
#10595 = VECTOR('',#10596,1.);
#10596 = DIRECTION('',(-0.,-0.,-1.));
#10597 = ORIENTED_EDGE('',*,*,#2534,.F.);
#10598 = SURFACE_OF_LINEAR_EXTRUSION('',#10599,#10603);
#10599 = B_SPLINE_CURVE_WITH_KNOTS('',2,(#10600,#10601,#10602),
  .UNSPECIFIED.,.F.,.F.,(3,3),(0.,1.),.PIECEWISE_BEZIER_KNOTS.);
#10600 = CARTESIAN_POINT('',(3.594923378738,1.843926959295,40.));
#10601 = CARTESIAN_POINT('',(3.885359257701,1.843926959295,40.));
#10602 = CARTESIAN_POINT('',(4.110053061736,1.745313846904,40.));
#10603 = VECTOR('',#10604,1.);
#10604 = DIRECTION('',(0.,0.,1.));
#10605 = ADVANCED_FACE('',(#10606),#10624,.T.);
#10606 = FACE_BOUND('',#10607,.T.);
#10607 = EDGE_LOOP('',(#10608,#10616,#10622,#10623));
#10608 = ORIENTED_EDGE('',*,*,#10609,.T.);
#10609 = EDGE_CURVE('',#2567,#10610,#10612,.T.);
#10610 = VERTEX_POINT('',#10611);
#10611 = CARTESIAN_POINT('',(4.79133908479,-1.758378516209,38.));
#10612 = LINE('',#10613,#10614);
#10613 = CARTESIAN_POINT('',(4.79133908479,-1.758378516209,40.));
#10614 = VECTOR('',#10615,1.);
#10615 = DIRECTION('',(-0.,-0.,-1.));
#10616 = ORIENTED_EDGE('',*,*,#10617,.T.);
#10617 = EDGE_CURVE('',#10610,#10560,#10618,.T.);
#10618 = LINE('',#10619,#10620);
#10619 = CARTESIAN_POINT('',(4.79133908479,-1.758378516209,38.));
#10620 = VECTOR('',#10621,1.);
#10621 = DIRECTION('',(-1.,0.,0.));
#10622 = ORIENTED_EDGE('',*,*,#10559,.F.);
#10623 = ORIENTED_EDGE('',*,*,#2574,.F.);
#10624 = PLANE('',#10625);
#10625 = AXIS2_PLACEMENT_3D('',#10626,#10627,#10628);
#10626 = CARTESIAN_POINT('',(4.79133908479,-1.758378516209,40.));
#10627 = DIRECTION('',(0.,1.,0.));
#10628 = DIRECTION('',(-1.,0.,0.));
#10629 = ADVANCED_FACE('',(#10630),#10648,.T.);
#10630 = FACE_BOUND('',#10631,.T.);
#10631 = EDGE_LOOP('',(#10632,#10633,#10641,#10647));
#10632 = ORIENTED_EDGE('',*,*,#10592,.T.);
#10633 = ORIENTED_EDGE('',*,*,#10634,.T.);
#10634 = EDGE_CURVE('',#10585,#10635,#10637,.T.);
#10635 = VERTEX_POINT('',#10636);
#10636 = CARTESIAN_POINT('',(4.485368263465,1.468836901659,38.));
#10637 = B_SPLINE_CURVE_WITH_KNOTS('',2,(#10638,#10639,#10640),
  .UNSPECIFIED.,.F.,.F.,(3,3),(0.,1.),.PIECEWISE_BEZIER_KNOTS.);
#10638 = CARTESIAN_POINT('',(4.110053061736,1.745313846904,38.));
#10639 = CARTESIAN_POINT('',(4.334972009862,1.646925878604,38.));
#10640 = CARTESIAN_POINT('',(4.485368263465,1.468836901659,38.));
#10641 = ORIENTED_EDGE('',*,*,#10642,.F.);
#10642 = EDGE_CURVE('',#2543,#10635,#10643,.T.);
#10643 = LINE('',#10644,#10645);
#10644 = CARTESIAN_POINT('',(4.485368263465,1.468836901659,40.));
#10645 = VECTOR('',#10646,1.);
#10646 = DIRECTION('',(-0.,-0.,-1.));
#10647 = ORIENTED_EDGE('',*,*,#2542,.F.);
#10648 = SURFACE_OF_LINEAR_EXTRUSION('',#10649,#10653);
#10649 = B_SPLINE_CURVE_WITH_KNOTS('',2,(#10650,#10651,#10652),
  .UNSPECIFIED.,.F.,.F.,(3,3),(0.,1.),.PIECEWISE_BEZIER_KNOTS.);
#10650 = CARTESIAN_POINT('',(4.110053061736,1.745313846904,40.));
#10651 = CARTESIAN_POINT('',(4.334972009862,1.646925878604,40.));
#10652 = CARTESIAN_POINT('',(4.485368263465,1.468836901659,40.));
#10653 = VECTOR('',#10654,1.);
#10654 = DIRECTION('',(0.,0.,1.));
#10655 = ADVANCED_FACE('',(#10656),#10674,.T.);
#10656 = FACE_BOUND('',#10657,.T.);
#10657 = EDGE_LOOP('',(#10658,#10666,#10672,#10673));
#10658 = ORIENTED_EDGE('',*,*,#10659,.T.);
#10659 = EDGE_CURVE('',#2559,#10660,#10662,.T.);
#10660 = VERTEX_POINT('',#10661);
#10661 = CARTESIAN_POINT('',(4.79133908479,0.499141296471,38.));
#10662 = LINE('',#10663,#10664);
#10663 = CARTESIAN_POINT('',(4.79133908479,0.499141296471,40.));
#10664 = VECTOR('',#10665,1.);
#10665 = DIRECTION('',(-0.,-0.,-1.));
#10666 = ORIENTED_EDGE('',*,*,#10667,.T.);
#10667 = EDGE_CURVE('',#10660,#10610,#10668,.T.);
#10668 = LINE('',#10669,#10670);
#10669 = CARTESIAN_POINT('',(4.79133908479,0.499141296471,38.));
#10670 = VECTOR('',#10671,1.);
#10671 = DIRECTION('',(0.,-1.,0.));
#10672 = ORIENTED_EDGE('',*,*,#10609,.F.);
#10673 = ORIENTED_EDGE('',*,*,#2566,.F.);
#10674 = PLANE('',#10675);
#10675 = AXIS2_PLACEMENT_3D('',#10676,#10677,#10678);
#10676 = CARTESIAN_POINT('',(4.79133908479,0.499141296471,40.));
#10677 = DIRECTION('',(-1.,0.,0.));
#10678 = DIRECTION('',(0.,-1.,0.));
#10679 = ADVANCED_FACE('',(#10680),#10698,.T.);
#10680 = FACE_BOUND('',#10681,.T.);
#10681 = EDGE_LOOP('',(#10682,#10683,#10691,#10697));
#10682 = ORIENTED_EDGE('',*,*,#10642,.T.);
#10683 = ORIENTED_EDGE('',*,*,#10684,.T.);
#10684 = EDGE_CURVE('',#10635,#10685,#10687,.T.);
#10685 = VERTEX_POINT('',#10686);
#10686 = CARTESIAN_POINT('',(4.713439228883,1.043539711457,38.));
#10687 = B_SPLINE_CURVE_WITH_KNOTS('',2,(#10688,#10689,#10690),
  .UNSPECIFIED.,.F.,.F.,(3,3),(0.,1.),.PIECEWISE_BEZIER_KNOTS.);
#10688 = CARTESIAN_POINT('',(4.485368263465,1.468836901659,38.));
#10689 = CARTESIAN_POINT('',(4.635764517067,1.290747924713,38.));
#10690 = CARTESIAN_POINT('',(4.713439228883,1.043539711457,38.));
#10691 = ORIENTED_EDGE('',*,*,#10692,.F.);
#10692 = EDGE_CURVE('',#2551,#10685,#10693,.T.);
#10693 = LINE('',#10694,#10695);
#10694 = CARTESIAN_POINT('',(4.713439228883,1.043539711457,40.));
#10695 = VECTOR('',#10696,1.);
#10696 = DIRECTION('',(-0.,-0.,-1.));
#10697 = ORIENTED_EDGE('',*,*,#2550,.F.);
#10698 = SURFACE_OF_LINEAR_EXTRUSION('',#10699,#10703);
#10699 = B_SPLINE_CURVE_WITH_KNOTS('',2,(#10700,#10701,#10702),
  .UNSPECIFIED.,.F.,.F.,(3,3),(0.,1.),.PIECEWISE_BEZIER_KNOTS.);
#10700 = CARTESIAN_POINT('',(4.485368263465,1.468836901659,40.));
#10701 = CARTESIAN_POINT('',(4.635764517067,1.290747924713,40.));
#10702 = CARTESIAN_POINT('',(4.713439228883,1.043539711457,40.));
#10703 = VECTOR('',#10704,1.);
#10704 = DIRECTION('',(0.,0.,1.));
#10705 = ADVANCED_FACE('',(#10706),#10717,.T.);
#10706 = FACE_BOUND('',#10707,.T.);
#10707 = EDGE_LOOP('',(#10708,#10709,#10715,#10716));
#10708 = ORIENTED_EDGE('',*,*,#10692,.T.);
#10709 = ORIENTED_EDGE('',*,*,#10710,.T.);
#10710 = EDGE_CURVE('',#10685,#10660,#10711,.T.);
#10711 = B_SPLINE_CURVE_WITH_KNOTS('',2,(#10712,#10713,#10714),
  .UNSPECIFIED.,.F.,.F.,(3,3),(0.,1.),.PIECEWISE_BEZIER_KNOTS.);
#10712 = CARTESIAN_POINT('',(4.713439228883,1.043539711457,38.));
#10713 = CARTESIAN_POINT('',(4.79133908479,0.7963314982,38.));
#10714 = CARTESIAN_POINT('',(4.79133908479,0.499141296471,38.));
#10715 = ORIENTED_EDGE('',*,*,#10659,.F.);
#10716 = ORIENTED_EDGE('',*,*,#2558,.F.);
#10717 = SURFACE_OF_LINEAR_EXTRUSION('',#10718,#10722);
#10718 = B_SPLINE_CURVE_WITH_KNOTS('',2,(#10719,#10720,#10721),
  .UNSPECIFIED.,.F.,.F.,(3,3),(0.,1.),.PIECEWISE_BEZIER_KNOTS.);
#10719 = CARTESIAN_POINT('',(4.713439228883,1.043539711457,40.));
#10720 = CARTESIAN_POINT('',(4.79133908479,0.7963314982,40.));
#10721 = CARTESIAN_POINT('',(4.79133908479,0.499141296471,40.));
#10722 = VECTOR('',#10723,1.);
#10723 = DIRECTION('',(0.,0.,1.));
#10724 = ADVANCED_FACE('',(#10725),#10736,.T.);
#10725 = FACE_BOUND('',#10726,.T.);
#10726 = EDGE_LOOP('',(#10727,#10728,#10734,#10735));
#10727 = ORIENTED_EDGE('',*,*,#2717,.F.);
#10728 = ORIENTED_EDGE('',*,*,#10729,.T.);
#10729 = EDGE_CURVE('',#2718,#2654,#10730,.T.);
#10730 = LINE('',#10731,#10732);
#10731 = CARTESIAN_POINT('',(10.,2.12132034356,-12.62132034356));
#10732 = VECTOR('',#10733,1.);
#10733 = DIRECTION('',(-1.,-0.,-0.));
#10734 = ORIENTED_EDGE('',*,*,#2662,.T.);
#10735 = ORIENTED_EDGE('',*,*,#2750,.T.);
#10736 = PLANE('',#10737);
#10737 = AXIS2_PLACEMENT_3D('',#10738,#10739,#10740);
#10738 = CARTESIAN_POINT('',(10.,2.12132034356,-12.62132034356));
#10739 = DIRECTION('',(0.,-0.707106781187,-0.707106781187));
#10740 = DIRECTION('',(0.,0.707106781187,-0.707106781187));
#10741 = ADVANCED_FACE('',(#10742),#10753,.F.);
#10742 = FACE_BOUND('',#10743,.F.);
#10743 = EDGE_LOOP('',(#10744,#10745,#10746,#10747));
#10744 = ORIENTED_EDGE('',*,*,#2725,.F.);
#10745 = ORIENTED_EDGE('',*,*,#10729,.T.);
#10746 = ORIENTED_EDGE('',*,*,#2653,.T.);
#10747 = ORIENTED_EDGE('',*,*,#10748,.F.);
#10748 = EDGE_CURVE('',#2726,#2646,#10749,.T.);
#10749 = LINE('',#10750,#10751);
#10750 = CARTESIAN_POINT('',(10.,-2.12132034356,-12.62132034356));
#10751 = VECTOR('',#10752,1.);
#10752 = DIRECTION('',(-1.,-0.,-0.));
#10753 = CYLINDRICAL_SURFACE('',#10754,3.);
#10754 = AXIS2_PLACEMENT_3D('',#10755,#10756,#10757);
#10755 = CARTESIAN_POINT('',(10.,7.013793345985E-16,-14.74264068711));
#10756 = DIRECTION('',(1.,0.,0.));
#10757 = DIRECTION('',(0.,1.,0.));
#10758 = ADVANCED_FACE('',(#10759),#10765,.T.);
#10759 = FACE_BOUND('',#10760,.T.);
#10760 = EDGE_LOOP('',(#10761,#10762,#10763,#10764));
#10761 = ORIENTED_EDGE('',*,*,#2734,.F.);
#10762 = ORIENTED_EDGE('',*,*,#2692,.T.);
#10763 = ORIENTED_EDGE('',*,*,#2645,.T.);
#10764 = ORIENTED_EDGE('',*,*,#10748,.F.);
#10765 = PLANE('',#10766);
#10766 = AXIS2_PLACEMENT_3D('',#10767,#10768,#10769);
#10767 = CARTESIAN_POINT('',(10.,-4.5,-15.));
#10768 = DIRECTION('',(0.,0.707106781187,-0.707106781187));
#10769 = DIRECTION('',(0.,0.707106781187,0.707106781187));
#10770 = ADVANCED_FACE('',(#10771),#10789,.T.);
#10771 = FACE_BOUND('',#10772,.T.);
#10772 = EDGE_LOOP('',(#10773,#10774,#10775,#10776,#10777,#10778,#10779,
    #10780,#10781,#10782,#10783,#10784,#10785,#10786,#10787,#10788));
#10773 = ORIENTED_EDGE('',*,*,#3164,.F.);
#10774 = ORIENTED_EDGE('',*,*,#2774,.F.);
#10775 = ORIENTED_EDGE('',*,*,#2807,.F.);
#10776 = ORIENTED_EDGE('',*,*,#2833,.F.);
#10777 = ORIENTED_EDGE('',*,*,#2859,.F.);
#10778 = ORIENTED_EDGE('',*,*,#2885,.F.);
#10779 = ORIENTED_EDGE('',*,*,#2911,.F.);
#10780 = ORIENTED_EDGE('',*,*,#2937,.F.);
#10781 = ORIENTED_EDGE('',*,*,#2963,.F.);
#10782 = ORIENTED_EDGE('',*,*,#2989,.F.);
#10783 = ORIENTED_EDGE('',*,*,#3015,.F.);
#10784 = ORIENTED_EDGE('',*,*,#3041,.F.);
#10785 = ORIENTED_EDGE('',*,*,#3067,.F.);
#10786 = ORIENTED_EDGE('',*,*,#3093,.F.);
#10787 = ORIENTED_EDGE('',*,*,#3119,.F.);
#10788 = ORIENTED_EDGE('',*,*,#3145,.F.);
#10789 = PLANE('',#10790);
#10790 = AXIS2_PLACEMENT_3D('',#10791,#10792,#10793);
#10791 = CARTESIAN_POINT('',(-4.456357727641,-7.225838374423,38.));
#10792 = DIRECTION('',(0.,0.,1.));
#10793 = DIRECTION('',(1.,0.,0.));
#10794 = ADVANCED_FACE('',(#10795),#10848,.T.);
#10795 = FACE_BOUND('',#10796,.T.);
#10796 = EDGE_LOOP('',(#10797,#10798,#10799,#10800,#10801,#10802,#10803,
    #10804,#10805,#10806,#10807,#10808,#10809,#10810,#10811,#10812,
    #10813,#10814,#10815,#10816,#10817,#10818,#10819,#10820,#10821,
    #10822,#10823,#10824,#10825,#10826,#10827,#10828,#10829,#10830,
    #10831,#10832,#10833,#10834,#10835,#10836,#10837,#10838,#10839,
    #10840,#10841,#10842,#10843,#10844,#10845,#10846,#10847));
#10797 = ORIENTED_EDGE('',*,*,#4484,.F.);
#10798 = ORIENTED_EDGE('',*,*,#3190,.F.);
#10799 = ORIENTED_EDGE('',*,*,#3223,.F.);
#10800 = ORIENTED_EDGE('',*,*,#3249,.F.);
#10801 = ORIENTED_EDGE('',*,*,#3275,.F.);
#10802 = ORIENTED_EDGE('',*,*,#3301,.F.);
#10803 = ORIENTED_EDGE('',*,*,#3325,.F.);
#10804 = ORIENTED_EDGE('',*,*,#3351,.F.);
#10805 = ORIENTED_EDGE('',*,*,#3377,.F.);
#10806 = ORIENTED_EDGE('',*,*,#3403,.F.);
#10807 = ORIENTED_EDGE('',*,*,#3429,.F.);
#10808 = ORIENTED_EDGE('',*,*,#3455,.F.);
#10809 = ORIENTED_EDGE('',*,*,#3481,.F.);
#10810 = ORIENTED_EDGE('',*,*,#3507,.F.);
#10811 = ORIENTED_EDGE('',*,*,#3533,.F.);
#10812 = ORIENTED_EDGE('',*,*,#3559,.F.);
#10813 = ORIENTED_EDGE('',*,*,#3585,.F.);
#10814 = ORIENTED_EDGE('',*,*,#3611,.F.);
#10815 = ORIENTED_EDGE('',*,*,#3635,.F.);
#10816 = ORIENTED_EDGE('',*,*,#3661,.F.);
#10817 = ORIENTED_EDGE('',*,*,#3687,.F.);
#10818 = ORIENTED_EDGE('',*,*,#3713,.F.);
#10819 = ORIENTED_EDGE('',*,*,#3739,.F.);
#10820 = ORIENTED_EDGE('',*,*,#3765,.F.);
#10821 = ORIENTED_EDGE('',*,*,#3791,.F.);
#10822 = ORIENTED_EDGE('',*,*,#3817,.F.);
#10823 = ORIENTED_EDGE('',*,*,#3843,.F.);
#10824 = ORIENTED_EDGE('',*,*,#3869,.F.);
#10825 = ORIENTED_EDGE('',*,*,#3895,.F.);
#10826 = ORIENTED_EDGE('',*,*,#3921,.F.);
#10827 = ORIENTED_EDGE('',*,*,#3947,.F.);
#10828 = ORIENTED_EDGE('',*,*,#3973,.F.);
#10829 = ORIENTED_EDGE('',*,*,#3999,.F.);
#10830 = ORIENTED_EDGE('',*,*,#4025,.F.);
#10831 = ORIENTED_EDGE('',*,*,#4049,.F.);
#10832 = ORIENTED_EDGE('',*,*,#4075,.F.);
#10833 = ORIENTED_EDGE('',*,*,#4101,.F.);
#10834 = ORIENTED_EDGE('',*,*,#4127,.F.);
#10835 = ORIENTED_EDGE('',*,*,#4153,.F.);
#10836 = ORIENTED_EDGE('',*,*,#4179,.F.);
#10837 = ORIENTED_EDGE('',*,*,#4205,.F.);
#10838 = ORIENTED_EDGE('',*,*,#4231,.F.);
#10839 = ORIENTED_EDGE('',*,*,#4257,.F.);
#10840 = ORIENTED_EDGE('',*,*,#4283,.F.);
#10841 = ORIENTED_EDGE('',*,*,#4309,.F.);
#10842 = ORIENTED_EDGE('',*,*,#4335,.F.);
#10843 = ORIENTED_EDGE('',*,*,#4361,.F.);
#10844 = ORIENTED_EDGE('',*,*,#4387,.F.);
#10845 = ORIENTED_EDGE('',*,*,#4413,.F.);
#10846 = ORIENTED_EDGE('',*,*,#4439,.F.);
#10847 = ORIENTED_EDGE('',*,*,#4465,.F.);
#10848 = PLANE('',#10849);
#10849 = AXIS2_PLACEMENT_3D('',#10850,#10851,#10852);
#10850 = CARTESIAN_POINT('',(-5.998156814169,-6.019925888985,38.));
#10851 = DIRECTION('',(0.,0.,1.));
#10852 = DIRECTION('',(1.,0.,0.));
#10853 = ADVANCED_FACE('',(#10854,#10872),#11002,.T.);
#10854 = FACE_BOUND('',#10855,.T.);
#10855 = EDGE_LOOP('',(#10856,#10857,#10858,#10859,#10860,#10861,#10862,
    #10863,#10864,#10865,#10866,#10867,#10868,#10869,#10870,#10871));
#10856 = ORIENTED_EDGE('',*,*,#4900,.F.);
#10857 = ORIENTED_EDGE('',*,*,#4510,.F.);
#10858 = ORIENTED_EDGE('',*,*,#4543,.F.);
#10859 = ORIENTED_EDGE('',*,*,#4569,.F.);
#10860 = ORIENTED_EDGE('',*,*,#4595,.F.);
#10861 = ORIENTED_EDGE('',*,*,#4621,.F.);
#10862 = ORIENTED_EDGE('',*,*,#4647,.F.);
#10863 = ORIENTED_EDGE('',*,*,#4673,.F.);
#10864 = ORIENTED_EDGE('',*,*,#4699,.F.);
#10865 = ORIENTED_EDGE('',*,*,#4725,.F.);
#10866 = ORIENTED_EDGE('',*,*,#4751,.F.);
#10867 = ORIENTED_EDGE('',*,*,#4777,.F.);
#10868 = ORIENTED_EDGE('',*,*,#4803,.F.);
#10869 = ORIENTED_EDGE('',*,*,#4829,.F.);
#10870 = ORIENTED_EDGE('',*,*,#4855,.F.);
#10871 = ORIENTED_EDGE('',*,*,#4881,.F.);
#10872 = FACE_BOUND('',#10873,.T.);
#10873 = EDGE_LOOP('',(#10874,#10884,#10892,#10900,#10908,#10916,#10924,
    #10932,#10940,#10948,#10956,#10964,#10972,#10980,#10988,#10996));
#10874 = ORIENTED_EDGE('',*,*,#10875,.F.);
#10875 = EDGE_CURVE('',#10876,#10878,#10880,.T.);
#10876 = VERTEX_POINT('',#10877);
#10877 = CARTESIAN_POINT('',(-2.214002237487,-6.010529177014,38.));
#10878 = VERTEX_POINT('',#10879);
#10879 = CARTESIAN_POINT('',(-2.261822842675,-5.469643009867,38.));
#10880 = B_SPLINE_CURVE_WITH_KNOTS('',2,(#10881,#10882,#10883),
  .UNSPECIFIED.,.F.,.F.,(3,3),(0.,1.),.PIECEWISE_BEZIER_KNOTS.);
#10881 = CARTESIAN_POINT('',(-2.214002237487,-6.010529177014,38.));
#10882 = CARTESIAN_POINT('',(-2.214002237487,-5.683890128023,38.));
#10883 = CARTESIAN_POINT('',(-2.261822842675,-5.469643009867,38.));
#10884 = ORIENTED_EDGE('',*,*,#10885,.F.);
#10885 = EDGE_CURVE('',#10886,#10876,#10888,.T.);
#10886 = VERTEX_POINT('',#10887);
#10887 = CARTESIAN_POINT('',(-2.261822842675,-6.551415344161,38.));
#10888 = B_SPLINE_CURVE_WITH_KNOTS('',2,(#10889,#10890,#10891),
  .UNSPECIFIED.,.F.,.F.,(3,3),(0.,1.),.PIECEWISE_BEZIER_KNOTS.);
#10889 = CARTESIAN_POINT('',(-2.261822842675,-6.551415344161,38.));
#10890 = CARTESIAN_POINT('',(-2.214002237487,-6.337168226006,38.));
#10891 = CARTESIAN_POINT('',(-2.214002237487,-6.010529177014,38.));
#10892 = ORIENTED_EDGE('',*,*,#10893,.F.);
#10893 = EDGE_CURVE('',#10894,#10886,#10896,.T.);
#10894 = VERTEX_POINT('',#10895);
#10895 = CARTESIAN_POINT('',(-2.389344456507,-6.892643730329,38.));
#10896 = B_SPLINE_CURVE_WITH_KNOTS('',2,(#10897,#10898,#10899),
  .UNSPECIFIED.,.F.,.F.,(3,3),(0.,1.),.PIECEWISE_BEZIER_KNOTS.);
#10897 = CARTESIAN_POINT('',(-2.389344456507,-6.892643730329,38.));
#10898 = CARTESIAN_POINT('',(-2.309508361407,-6.765662462317,38.));
#10899 = CARTESIAN_POINT('',(-2.261822842675,-6.551415344161,38.));
#10900 = ORIENTED_EDGE('',*,*,#10901,.F.);
#10901 = EDGE_CURVE('',#10902,#10894,#10904,.T.);
#10902 = VERTEX_POINT('',#10903);
#10903 = CARTESIAN_POINT('',(-2.572926949303,-7.070552592,38.));
#10904 = B_SPLINE_CURVE_WITH_KNOTS('',2,(#10905,#10906,#10907),
  .UNSPECIFIED.,.F.,.F.,(3,3),(0.,1.),.PIECEWISE_BEZIER_KNOTS.);
#10905 = CARTESIAN_POINT('',(-2.572926949303,-7.070552592,38.));
#10906 = CARTESIAN_POINT('',(-2.469180551608,-7.019489911885,38.));
#10907 = CARTESIAN_POINT('',(-2.389344456507,-6.892643730329,38.));
#10908 = ORIENTED_EDGE('',*,*,#10909,.F.);
#10909 = EDGE_CURVE('',#10910,#10902,#10912,.T.);
#10910 = VERTEX_POINT('',#10911);
#10911 = CARTESIAN_POINT('',(-2.788795104922,-7.12148018566,38.));
#10912 = B_SPLINE_CURVE_WITH_KNOTS('',2,(#10913,#10914,#10915),
  .UNSPECIFIED.,.F.,.F.,(3,3),(0.,1.),.PIECEWISE_BEZIER_KNOTS.);
#10913 = CARTESIAN_POINT('',(-2.788795104922,-7.12148018566,38.));
#10914 = CARTESIAN_POINT('',(-2.676673346997,-7.12148018566,38.));
#10915 = CARTESIAN_POINT('',(-2.572926949303,-7.070552592,38.));
#10916 = ORIENTED_EDGE('',*,*,#10917,.F.);
#10917 = EDGE_CURVE('',#10918,#10910,#10920,.T.);
#10918 = VERTEX_POINT('',#10919);
#10919 = CARTESIAN_POINT('',(-3.001556272069,-7.070552592,38.));
#10920 = B_SPLINE_CURVE_WITH_KNOTS('',2,(#10921,#10922,#10923),
  .UNSPECIFIED.,.F.,.F.,(3,3),(0.,1.),.PIECEWISE_BEZIER_KNOTS.);
#10921 = CARTESIAN_POINT('',(-3.001556272069,-7.070552592,38.));
#10922 = CARTESIAN_POINT('',(-2.898755479562,-7.12148018566,38.));
#10923 = CARTESIAN_POINT('',(-2.788795104922,-7.12148018566,38.));
#10924 = ORIENTED_EDGE('',*,*,#10925,.F.);
#10925 = EDGE_CURVE('',#10926,#10918,#10928,.T.);
#10926 = VERTEX_POINT('',#10927);
#10927 = CARTESIAN_POINT('',(-3.183112468035,-6.892643730329,38.));
#10928 = B_SPLINE_CURVE_WITH_KNOTS('',2,(#10929,#10930,#10931),
  .UNSPECIFIED.,.F.,.F.,(3,3),(0.,1.),.PIECEWISE_BEZIER_KNOTS.);
#10929 = CARTESIAN_POINT('',(-3.183112468035,-6.892643730329,38.));
#10930 = CARTESIAN_POINT('',(-3.104221978121,-7.019489911885,38.));
#10931 = CARTESIAN_POINT('',(-3.001556272069,-7.070552592,38.));
#10932 = ORIENTED_EDGE('',*,*,#10933,.F.);
#10933 = EDGE_CURVE('',#10934,#10926,#10936,.T.);
#10934 = VERTEX_POINT('',#10935);
#10935 = CARTESIAN_POINT('',(-3.308607785038,-6.551415344161,38.));
#10936 = B_SPLINE_CURVE_WITH_KNOTS('',2,(#10937,#10938,#10939),
  .UNSPECIFIED.,.F.,.F.,(3,3),(0.,1.),.PIECEWISE_BEZIER_KNOTS.);
#10937 = CARTESIAN_POINT('',(-3.308607785038,-6.551415344161,38.));
#10938 = CARTESIAN_POINT('',(-3.261867871493,-6.765662462317,38.));
#10939 = CARTESIAN_POINT('',(-3.183112468035,-6.892643730329,38.));
#10940 = ORIENTED_EDGE('',*,*,#10941,.F.);
#10941 = EDGE_CURVE('',#10942,#10934,#10944,.T.);
#10942 = VERTEX_POINT('',#10943);
#10943 = CARTESIAN_POINT('',(-3.355212612127,-6.010529177014,38.));
#10944 = B_SPLINE_CURVE_WITH_KNOTS('',2,(#10945,#10946,#10947),
  .UNSPECIFIED.,.F.,.F.,(3,3),(0.,1.),.PIECEWISE_BEZIER_KNOTS.);
#10945 = CARTESIAN_POINT('',(-3.355212612127,-6.010529177014,38.));
#10946 = CARTESIAN_POINT('',(-3.355212612127,-6.337168226006,38.));
#10947 = CARTESIAN_POINT('',(-3.308607785038,-6.551415344161,38.));
#10948 = ORIENTED_EDGE('',*,*,#10949,.F.);
#10949 = EDGE_CURVE('',#10950,#10942,#10952,.T.);
#10950 = VERTEX_POINT('',#10951);
#10951 = CARTESIAN_POINT('',(-3.308607785038,-5.469643009867,38.));
#10952 = B_SPLINE_CURVE_WITH_KNOTS('',2,(#10953,#10954,#10955),
  .UNSPECIFIED.,.F.,.F.,(3,3),(0.,1.),.PIECEWISE_BEZIER_KNOTS.);
#10953 = CARTESIAN_POINT('',(-3.308607785038,-5.469643009867,38.));
#10954 = CARTESIAN_POINT('',(-3.355212612127,-5.683890128023,38.));
#10955 = CARTESIAN_POINT('',(-3.355212612127,-6.010529177014,38.));
#10956 = ORIENTED_EDGE('',*,*,#10957,.F.);
#10957 = EDGE_CURVE('',#10958,#10950,#10960,.T.);
#10958 = VERTEX_POINT('',#10959);
#10959 = CARTESIAN_POINT('',(-3.183112468035,-5.128549710156,38.));
#10960 = B_SPLINE_CURVE_WITH_KNOTS('',2,(#10961,#10962,#10963),
  .UNSPECIFIED.,.F.,.F.,(3,3),(0.,1.),.PIECEWISE_BEZIER_KNOTS.);
#10961 = CARTESIAN_POINT('',(-3.183112468035,-5.128549710156,38.));
#10962 = CARTESIAN_POINT('',(-3.261867871493,-5.255395891712,38.));
#10963 = CARTESIAN_POINT('',(-3.308607785038,-5.469643009867,38.));
#10964 = ORIENTED_EDGE('',*,*,#10965,.F.);
#10965 = EDGE_CURVE('',#10966,#10958,#10968,.T.);
#10966 = VERTEX_POINT('',#10967);
#10967 = CARTESIAN_POINT('',(-3.001556272069,-4.950640848484,38.));
#10968 = B_SPLINE_CURVE_WITH_KNOTS('',2,(#10969,#10970,#10971),
  .UNSPECIFIED.,.F.,.F.,(3,3),(0.,1.),.PIECEWISE_BEZIER_KNOTS.);
#10969 = CARTESIAN_POINT('',(-3.001556272069,-4.950640848484,38.));
#10970 = CARTESIAN_POINT('',(-3.104221978121,-5.001568442144,38.));
#10971 = CARTESIAN_POINT('',(-3.183112468035,-5.128549710156,38.));
#10972 = ORIENTED_EDGE('',*,*,#10973,.F.);
#10973 = EDGE_CURVE('',#10974,#10966,#10976,.T.);
#10974 = VERTEX_POINT('',#10975);
#10975 = CARTESIAN_POINT('',(-2.788795104922,-4.899578168369,38.));
#10976 = B_SPLINE_CURVE_WITH_KNOTS('',2,(#10977,#10978,#10979),
  .UNSPECIFIED.,.F.,.F.,(3,3),(0.,1.),.PIECEWISE_BEZIER_KNOTS.);
#10977 = CARTESIAN_POINT('',(-2.788795104922,-4.899578168369,38.));
#10978 = CARTESIAN_POINT('',(-2.898755479562,-4.899578168369,38.));
#10979 = CARTESIAN_POINT('',(-3.001556272069,-4.950640848484,38.));
#10980 = ORIENTED_EDGE('',*,*,#10981,.F.);
#10981 = EDGE_CURVE('',#10982,#10974,#10984,.T.);
#10982 = VERTEX_POINT('',#10983);
#10983 = CARTESIAN_POINT('',(-2.572926949303,-4.950640848484,38.));
#10984 = B_SPLINE_CURVE_WITH_KNOTS('',2,(#10985,#10986,#10987),
  .UNSPECIFIED.,.F.,.F.,(3,3),(0.,1.),.PIECEWISE_BEZIER_KNOTS.);
#10985 = CARTESIAN_POINT('',(-2.572926949303,-4.950640848484,38.));
#10986 = CARTESIAN_POINT('',(-2.676673346997,-4.899578168369,38.));
#10987 = CARTESIAN_POINT('',(-2.788795104922,-4.899578168369,38.));
#10988 = ORIENTED_EDGE('',*,*,#10989,.F.);
#10989 = EDGE_CURVE('',#10990,#10982,#10992,.T.);
#10990 = VERTEX_POINT('',#10991);
#10991 = CARTESIAN_POINT('',(-2.389344456507,-5.128549710156,38.));
#10992 = B_SPLINE_CURVE_WITH_KNOTS('',2,(#10993,#10994,#10995),
  .UNSPECIFIED.,.F.,.F.,(3,3),(0.,1.),.PIECEWISE_BEZIER_KNOTS.);
#10993 = CARTESIAN_POINT('',(-2.389344456507,-5.128549710156,38.));
#10994 = CARTESIAN_POINT('',(-2.469180551608,-5.001568442144,38.));
#10995 = CARTESIAN_POINT('',(-2.572926949303,-4.950640848484,38.));
#10996 = ORIENTED_EDGE('',*,*,#10997,.F.);
#10997 = EDGE_CURVE('',#10878,#10990,#10998,.T.);
#10998 = B_SPLINE_CURVE_WITH_KNOTS('',2,(#10999,#11000,#11001),
  .UNSPECIFIED.,.F.,.F.,(3,3),(0.,1.),.PIECEWISE_BEZIER_KNOTS.);
#10999 = CARTESIAN_POINT('',(-2.261822842675,-5.469643009867,38.));
#11000 = CARTESIAN_POINT('',(-2.309508361407,-5.255395891712,38.));
#11001 = CARTESIAN_POINT('',(-2.389344456507,-5.128549710156,38.));
#11002 = PLANE('',#11003);
#11003 = AXIS2_PLACEMENT_3D('',#11004,#11005,#11006);
#11004 = CARTESIAN_POINT('',(-2.785522161872,-6.010528938918,38.));
#11005 = DIRECTION('',(0.,0.,1.));
#11006 = DIRECTION('',(1.,0.,0.));
#11007 = ADVANCED_FACE('',(#11008,#11026),#11156,.T.);
#11008 = FACE_BOUND('',#11009,.T.);
#11009 = EDGE_LOOP('',(#11010,#11011,#11012,#11013,#11014,#11015,#11016,
    #11017,#11018,#11019,#11020,#11021,#11022,#11023,#11024,#11025));
#11010 = ORIENTED_EDGE('',*,*,#5316,.F.);
#11011 = ORIENTED_EDGE('',*,*,#4926,.F.);
#11012 = ORIENTED_EDGE('',*,*,#4959,.F.);
#11013 = ORIENTED_EDGE('',*,*,#4985,.F.);
#11014 = ORIENTED_EDGE('',*,*,#5011,.F.);
#11015 = ORIENTED_EDGE('',*,*,#5037,.F.);
#11016 = ORIENTED_EDGE('',*,*,#5063,.F.);
#11017 = ORIENTED_EDGE('',*,*,#5089,.F.);
#11018 = ORIENTED_EDGE('',*,*,#5115,.F.);
#11019 = ORIENTED_EDGE('',*,*,#5141,.F.);
#11020 = ORIENTED_EDGE('',*,*,#5167,.F.);
#11021 = ORIENTED_EDGE('',*,*,#5193,.F.);
#11022 = ORIENTED_EDGE('',*,*,#5219,.F.);
#11023 = ORIENTED_EDGE('',*,*,#5245,.F.);
#11024 = ORIENTED_EDGE('',*,*,#5271,.F.);
#11025 = ORIENTED_EDGE('',*,*,#5297,.F.);
#11026 = FACE_BOUND('',#11027,.T.);
#11027 = EDGE_LOOP('',(#11028,#11038,#11046,#11054,#11062,#11070,#11078,
    #11086,#11094,#11102,#11110,#11118,#11126,#11134,#11142,#11150));
#11028 = ORIENTED_EDGE('',*,*,#11029,.F.);
#11029 = EDGE_CURVE('',#11030,#11032,#11034,.T.);
#11030 = VERTEX_POINT('',#11031);
#11031 = CARTESIAN_POINT('',(0.189455975769,-6.010529177014,38.));
#11032 = VERTEX_POINT('',#11033);
#11033 = CARTESIAN_POINT('',(0.141635370582,-5.469643009867,38.));
#11034 = B_SPLINE_CURVE_WITH_KNOTS('',2,(#11035,#11036,#11037),
  .UNSPECIFIED.,.F.,.F.,(3,3),(0.,1.),.PIECEWISE_BEZIER_KNOTS.);
#11035 = CARTESIAN_POINT('',(0.189455975769,-6.010529177014,38.));
#11036 = CARTESIAN_POINT('',(0.189455975769,-5.683890128023,38.));
#11037 = CARTESIAN_POINT('',(0.141635370582,-5.469643009867,38.));
#11038 = ORIENTED_EDGE('',*,*,#11039,.F.);
#11039 = EDGE_CURVE('',#11040,#11030,#11042,.T.);
#11040 = VERTEX_POINT('',#11041);
#11041 = CARTESIAN_POINT('',(0.141635370582,-6.551415344161,38.));
#11042 = B_SPLINE_CURVE_WITH_KNOTS('',2,(#11043,#11044,#11045),
  .UNSPECIFIED.,.F.,.F.,(3,3),(0.,1.),.PIECEWISE_BEZIER_KNOTS.);
#11043 = CARTESIAN_POINT('',(0.141635370582,-6.551415344161,38.));
#11044 = CARTESIAN_POINT('',(0.189455975769,-6.337168226006,38.));
#11045 = CARTESIAN_POINT('',(0.189455975769,-6.010529177014,38.));
#11046 = ORIENTED_EDGE('',*,*,#11047,.F.);
#11047 = EDGE_CURVE('',#11048,#11040,#11050,.T.);
#11048 = VERTEX_POINT('',#11049);
#11049 = CARTESIAN_POINT('',(1.411375674899E-02,-6.892643730329,38.));
#11050 = B_SPLINE_CURVE_WITH_KNOTS('',2,(#11051,#11052,#11053),
  .UNSPECIFIED.,.F.,.F.,(3,3),(0.,1.),.PIECEWISE_BEZIER_KNOTS.);
#11051 = CARTESIAN_POINT('',(1.411375674899E-02,-6.892643730329,38.));
#11052 = CARTESIAN_POINT('',(9.394985184986E-02,-6.765662462317,38.));
#11053 = CARTESIAN_POINT('',(0.141635370582,-6.551415344161,38.));
#11054 = ORIENTED_EDGE('',*,*,#11055,.F.);
#11055 = EDGE_CURVE('',#11056,#11048,#11058,.T.);
#11056 = VERTEX_POINT('',#11057);
#11057 = CARTESIAN_POINT('',(-0.169468736046,-7.070552592,38.));
#11058 = B_SPLINE_CURVE_WITH_KNOTS('',2,(#11059,#11060,#11061),
  .UNSPECIFIED.,.F.,.F.,(3,3),(0.,1.),.PIECEWISE_BEZIER_KNOTS.);
#11059 = CARTESIAN_POINT('',(-0.169468736046,-7.070552592,38.));
#11060 = CARTESIAN_POINT('',(-6.572233835187E-02,-7.019489911885,38.));
#11061 = CARTESIAN_POINT('',(1.411375674899E-02,-6.892643730329,38.));
#11062 = ORIENTED_EDGE('',*,*,#11063,.F.);
#11063 = EDGE_CURVE('',#11064,#11056,#11066,.T.);
#11064 = VERTEX_POINT('',#11065);
#11065 = CARTESIAN_POINT('',(-0.385336891666,-7.12148018566,38.));
#11066 = B_SPLINE_CURVE_WITH_KNOTS('',2,(#11067,#11068,#11069),
  .UNSPECIFIED.,.F.,.F.,(3,3),(0.,1.),.PIECEWISE_BEZIER_KNOTS.);
#11067 = CARTESIAN_POINT('',(-0.385336891666,-7.12148018566,38.));
#11068 = CARTESIAN_POINT('',(-0.273215133741,-7.12148018566,38.));
#11069 = CARTESIAN_POINT('',(-0.169468736046,-7.070552592,38.));
#11070 = ORIENTED_EDGE('',*,*,#11071,.F.);
#11071 = EDGE_CURVE('',#11072,#11064,#11074,.T.);
#11072 = VERTEX_POINT('',#11073);
#11073 = CARTESIAN_POINT('',(-0.598098058813,-7.070552592,38.));
#11074 = B_SPLINE_CURVE_WITH_KNOTS('',2,(#11075,#11076,#11077),
  .UNSPECIFIED.,.F.,.F.,(3,3),(0.,1.),.PIECEWISE_BEZIER_KNOTS.);
#11075 = CARTESIAN_POINT('',(-0.598098058813,-7.070552592,38.));
#11076 = CARTESIAN_POINT('',(-0.495297266306,-7.12148018566,38.));
#11077 = CARTESIAN_POINT('',(-0.385336891666,-7.12148018566,38.));
#11078 = ORIENTED_EDGE('',*,*,#11079,.F.);
#11079 = EDGE_CURVE('',#11080,#11072,#11082,.T.);
#11080 = VERTEX_POINT('',#11081);
#11081 = CARTESIAN_POINT('',(-0.779654254778,-6.892643730329,38.));
#11082 = B_SPLINE_CURVE_WITH_KNOTS('',2,(#11083,#11084,#11085),
  .UNSPECIFIED.,.F.,.F.,(3,3),(0.,1.),.PIECEWISE_BEZIER_KNOTS.);
#11083 = CARTESIAN_POINT('',(-0.779654254778,-6.892643730329,38.));
#11084 = CARTESIAN_POINT('',(-0.700763764865,-7.019489911885,38.));
#11085 = CARTESIAN_POINT('',(-0.598098058813,-7.070552592,38.));
#11086 = ORIENTED_EDGE('',*,*,#11087,.F.);
#11087 = EDGE_CURVE('',#11088,#11080,#11090,.T.);
#11088 = VERTEX_POINT('',#11089);
#11089 = CARTESIAN_POINT('',(-0.905149571781,-6.551415344161,38.));
#11090 = B_SPLINE_CURVE_WITH_KNOTS('',2,(#11091,#11092,#11093),
  .UNSPECIFIED.,.F.,.F.,(3,3),(0.,1.),.PIECEWISE_BEZIER_KNOTS.);
#11091 = CARTESIAN_POINT('',(-0.905149571781,-6.551415344161,38.));
#11092 = CARTESIAN_POINT('',(-0.858409658237,-6.765662462317,38.));
#11093 = CARTESIAN_POINT('',(-0.779654254778,-6.892643730329,38.));
#11094 = ORIENTED_EDGE('',*,*,#11095,.F.);
#11095 = EDGE_CURVE('',#11096,#11088,#11098,.T.);
#11096 = VERTEX_POINT('',#11097);
#11097 = CARTESIAN_POINT('',(-0.951754398871,-6.010529177014,38.));
#11098 = B_SPLINE_CURVE_WITH_KNOTS('',2,(#11099,#11100,#11101),
  .UNSPECIFIED.,.F.,.F.,(3,3),(0.,1.),.PIECEWISE_BEZIER_KNOTS.);
#11099 = CARTESIAN_POINT('',(-0.951754398871,-6.010529177014,38.));
#11100 = CARTESIAN_POINT('',(-0.951754398871,-6.337168226006,38.));
#11101 = CARTESIAN_POINT('',(-0.905149571781,-6.551415344161,38.));
#11102 = ORIENTED_EDGE('',*,*,#11103,.F.);
#11103 = EDGE_CURVE('',#11104,#11096,#11106,.T.);
#11104 = VERTEX_POINT('',#11105);
#11105 = CARTESIAN_POINT('',(-0.905149571781,-5.469643009867,38.));
#11106 = B_SPLINE_CURVE_WITH_KNOTS('',2,(#11107,#11108,#11109),
  .UNSPECIFIED.,.F.,.F.,(3,3),(0.,1.),.PIECEWISE_BEZIER_KNOTS.);
#11107 = CARTESIAN_POINT('',(-0.905149571781,-5.469643009867,38.));
#11108 = CARTESIAN_POINT('',(-0.951754398871,-5.683890128023,38.));
#11109 = CARTESIAN_POINT('',(-0.951754398871,-6.010529177014,38.));
#11110 = ORIENTED_EDGE('',*,*,#11111,.F.);
#11111 = EDGE_CURVE('',#11112,#11104,#11114,.T.);
#11112 = VERTEX_POINT('',#11113);
#11113 = CARTESIAN_POINT('',(-0.779654254778,-5.128549710156,38.));
#11114 = B_SPLINE_CURVE_WITH_KNOTS('',2,(#11115,#11116,#11117),
  .UNSPECIFIED.,.F.,.F.,(3,3),(0.,1.),.PIECEWISE_BEZIER_KNOTS.);
#11115 = CARTESIAN_POINT('',(-0.779654254778,-5.128549710156,38.));
#11116 = CARTESIAN_POINT('',(-0.858409658237,-5.255395891712,38.));
#11117 = CARTESIAN_POINT('',(-0.905149571781,-5.469643009867,38.));
#11118 = ORIENTED_EDGE('',*,*,#11119,.F.);
#11119 = EDGE_CURVE('',#11120,#11112,#11122,.T.);
#11120 = VERTEX_POINT('',#11121);
#11121 = CARTESIAN_POINT('',(-0.598098058813,-4.950640848484,38.));
#11122 = B_SPLINE_CURVE_WITH_KNOTS('',2,(#11123,#11124,#11125),
  .UNSPECIFIED.,.F.,.F.,(3,3),(0.,1.),.PIECEWISE_BEZIER_KNOTS.);
#11123 = CARTESIAN_POINT('',(-0.598098058813,-4.950640848484,38.));
#11124 = CARTESIAN_POINT('',(-0.700763764865,-5.001568442144,38.));
#11125 = CARTESIAN_POINT('',(-0.779654254778,-5.128549710156,38.));
#11126 = ORIENTED_EDGE('',*,*,#11127,.F.);
#11127 = EDGE_CURVE('',#11128,#11120,#11130,.T.);
#11128 = VERTEX_POINT('',#11129);
#11129 = CARTESIAN_POINT('',(-0.385336891666,-4.899578168369,38.));
#11130 = B_SPLINE_CURVE_WITH_KNOTS('',2,(#11131,#11132,#11133),
  .UNSPECIFIED.,.F.,.F.,(3,3),(0.,1.),.PIECEWISE_BEZIER_KNOTS.);
#11131 = CARTESIAN_POINT('',(-0.385336891666,-4.899578168369,38.));
#11132 = CARTESIAN_POINT('',(-0.495297266306,-4.899578168369,38.));
#11133 = CARTESIAN_POINT('',(-0.598098058813,-4.950640848484,38.));
#11134 = ORIENTED_EDGE('',*,*,#11135,.F.);
#11135 = EDGE_CURVE('',#11136,#11128,#11138,.T.);
#11136 = VERTEX_POINT('',#11137);
#11137 = CARTESIAN_POINT('',(-0.169468736046,-4.950640848484,38.));
#11138 = B_SPLINE_CURVE_WITH_KNOTS('',2,(#11139,#11140,#11141),
  .UNSPECIFIED.,.F.,.F.,(3,3),(0.,1.),.PIECEWISE_BEZIER_KNOTS.);
#11139 = CARTESIAN_POINT('',(-0.169468736046,-4.950640848484,38.));
#11140 = CARTESIAN_POINT('',(-0.273215133741,-4.899578168369,38.));
#11141 = CARTESIAN_POINT('',(-0.385336891666,-4.899578168369,38.));
#11142 = ORIENTED_EDGE('',*,*,#11143,.F.);
#11143 = EDGE_CURVE('',#11144,#11136,#11146,.T.);
#11144 = VERTEX_POINT('',#11145);
#11145 = CARTESIAN_POINT('',(1.411375674899E-02,-5.128549710156,38.));
#11146 = B_SPLINE_CURVE_WITH_KNOTS('',2,(#11147,#11148,#11149),
  .UNSPECIFIED.,.F.,.F.,(3,3),(0.,1.),.PIECEWISE_BEZIER_KNOTS.);
#11147 = CARTESIAN_POINT('',(1.411375674899E-02,-5.128549710156,38.));
#11148 = CARTESIAN_POINT('',(-6.572233835187E-02,-5.001568442144,38.));
#11149 = CARTESIAN_POINT('',(-0.169468736046,-4.950640848484,38.));
#11150 = ORIENTED_EDGE('',*,*,#11151,.F.);
#11151 = EDGE_CURVE('',#11032,#11144,#11152,.T.);
#11152 = B_SPLINE_CURVE_WITH_KNOTS('',2,(#11153,#11154,#11155),
  .UNSPECIFIED.,.F.,.F.,(3,3),(0.,1.),.PIECEWISE_BEZIER_KNOTS.);
#11153 = CARTESIAN_POINT('',(0.141635370582,-5.469643009867,38.));
#11154 = CARTESIAN_POINT('',(9.394985184986E-02,-5.255395891712,38.));
#11155 = CARTESIAN_POINT('',(1.411375674899E-02,-5.128549710156,38.));
#11156 = PLANE('',#11157);
#11157 = AXIS2_PLACEMENT_3D('',#11158,#11159,#11160);
#11158 = CARTESIAN_POINT('',(-0.382063948616,-6.010528938918,38.));
#11159 = DIRECTION('',(0.,0.,1.));
#11160 = DIRECTION('',(1.,0.,0.));
#11161 = ADVANCED_FACE('',(#11162),#11200,.T.);
#11162 = FACE_BOUND('',#11163,.T.);
#11163 = EDGE_LOOP('',(#11164,#11165,#11166,#11167,#11168,#11169,#11170,
    #11171,#11172,#11173,#11174,#11175,#11176,#11177,#11178,#11179,
    #11180,#11181,#11182,#11183,#11184,#11185,#11186,#11187,#11188,
    #11189,#11190,#11191,#11192,#11193,#11194,#11195,#11196,#11197,
    #11198,#11199));
#11164 = ORIENTED_EDGE('',*,*,#6232,.F.);
#11165 = ORIENTED_EDGE('',*,*,#5342,.F.);
#11166 = ORIENTED_EDGE('',*,*,#5373,.F.);
#11167 = ORIENTED_EDGE('',*,*,#5397,.F.);
#11168 = ORIENTED_EDGE('',*,*,#5423,.F.);
#11169 = ORIENTED_EDGE('',*,*,#5449,.F.);
#11170 = ORIENTED_EDGE('',*,*,#5475,.F.);
#11171 = ORIENTED_EDGE('',*,*,#5501,.F.);
#11172 = ORIENTED_EDGE('',*,*,#5525,.F.);
#11173 = ORIENTED_EDGE('',*,*,#5549,.F.);
#11174 = ORIENTED_EDGE('',*,*,#5573,.F.);
#11175 = ORIENTED_EDGE('',*,*,#5599,.F.);
#11176 = ORIENTED_EDGE('',*,*,#5625,.F.);
#11177 = ORIENTED_EDGE('',*,*,#5651,.F.);
#11178 = ORIENTED_EDGE('',*,*,#5677,.F.);
#11179 = ORIENTED_EDGE('',*,*,#5703,.F.);
#11180 = ORIENTED_EDGE('',*,*,#5729,.F.);
#11181 = ORIENTED_EDGE('',*,*,#5753,.F.);
#11182 = ORIENTED_EDGE('',*,*,#5777,.F.);
#11183 = ORIENTED_EDGE('',*,*,#5801,.F.);
#11184 = ORIENTED_EDGE('',*,*,#5827,.F.);
#11185 = ORIENTED_EDGE('',*,*,#5853,.F.);
#11186 = ORIENTED_EDGE('',*,*,#5879,.F.);
#11187 = ORIENTED_EDGE('',*,*,#5905,.F.);
#11188 = ORIENTED_EDGE('',*,*,#5931,.F.);
#11189 = ORIENTED_EDGE('',*,*,#5957,.F.);
#11190 = ORIENTED_EDGE('',*,*,#5983,.F.);
#11191 = ORIENTED_EDGE('',*,*,#6009,.F.);
#11192 = ORIENTED_EDGE('',*,*,#6035,.F.);
#11193 = ORIENTED_EDGE('',*,*,#6061,.F.);
#11194 = ORIENTED_EDGE('',*,*,#6087,.F.);
#11195 = ORIENTED_EDGE('',*,*,#6113,.F.);
#11196 = ORIENTED_EDGE('',*,*,#6139,.F.);
#11197 = ORIENTED_EDGE('',*,*,#6165,.F.);
#11198 = ORIENTED_EDGE('',*,*,#6189,.F.);
#11199 = ORIENTED_EDGE('',*,*,#6215,.F.);
#11200 = PLANE('',#11201);
#11201 = AXIS2_PLACEMENT_3D('',#11202,#11203,#11204);
#11202 = CARTESIAN_POINT('',(3.352054307105,-6.393543948385,38.));
#11203 = DIRECTION('',(0.,0.,1.));
#11204 = DIRECTION('',(1.,0.,0.));
#11205 = ADVANCED_FACE('',(#11206),#11244,.T.);
#11206 = FACE_BOUND('',#11207,.T.);
#11207 = EDGE_LOOP('',(#11208,#11209,#11210,#11211,#11212,#11213,#11214,
    #11215,#11216,#11217,#11218,#11219,#11220,#11221,#11222,#11223,
    #11224,#11225,#11226,#11227,#11228,#11229,#11230,#11231,#11232,
    #11233,#11234,#11235,#11236,#11237,#11238,#11239,#11240,#11241,
    #11242,#11243));
#11208 = ORIENTED_EDGE('',*,*,#7146,.F.);
#11209 = ORIENTED_EDGE('',*,*,#6256,.F.);
#11210 = ORIENTED_EDGE('',*,*,#6287,.F.);
#11211 = ORIENTED_EDGE('',*,*,#6311,.F.);
#11212 = ORIENTED_EDGE('',*,*,#6337,.F.);
#11213 = ORIENTED_EDGE('',*,*,#6363,.F.);
#11214 = ORIENTED_EDGE('',*,*,#6389,.F.);
#11215 = ORIENTED_EDGE('',*,*,#6415,.F.);
#11216 = ORIENTED_EDGE('',*,*,#6439,.F.);
#11217 = ORIENTED_EDGE('',*,*,#6463,.F.);
#11218 = ORIENTED_EDGE('',*,*,#6487,.F.);
#11219 = ORIENTED_EDGE('',*,*,#6513,.F.);
#11220 = ORIENTED_EDGE('',*,*,#6539,.F.);
#11221 = ORIENTED_EDGE('',*,*,#6565,.F.);
#11222 = ORIENTED_EDGE('',*,*,#6591,.F.);
#11223 = ORIENTED_EDGE('',*,*,#6617,.F.);
#11224 = ORIENTED_EDGE('',*,*,#6643,.F.);
#11225 = ORIENTED_EDGE('',*,*,#6667,.F.);
#11226 = ORIENTED_EDGE('',*,*,#6691,.F.);
#11227 = ORIENTED_EDGE('',*,*,#6715,.F.);
#11228 = ORIENTED_EDGE('',*,*,#6741,.F.);
#11229 = ORIENTED_EDGE('',*,*,#6767,.F.);
#11230 = ORIENTED_EDGE('',*,*,#6793,.F.);
#11231 = ORIENTED_EDGE('',*,*,#6819,.F.);
#11232 = ORIENTED_EDGE('',*,*,#6845,.F.);
#11233 = ORIENTED_EDGE('',*,*,#6871,.F.);
#11234 = ORIENTED_EDGE('',*,*,#6897,.F.);
#11235 = ORIENTED_EDGE('',*,*,#6923,.F.);
#11236 = ORIENTED_EDGE('',*,*,#6949,.F.);
#11237 = ORIENTED_EDGE('',*,*,#6975,.F.);
#11238 = ORIENTED_EDGE('',*,*,#7001,.F.);
#11239 = ORIENTED_EDGE('',*,*,#7027,.F.);
#11240 = ORIENTED_EDGE('',*,*,#7053,.F.);
#11241 = ORIENTED_EDGE('',*,*,#7079,.F.);
#11242 = ORIENTED_EDGE('',*,*,#7103,.F.);
#11243 = ORIENTED_EDGE('',*,*,#7129,.F.);
#11244 = PLANE('',#11245);
#11245 = AXIS2_PLACEMENT_3D('',#11246,#11247,#11248);
#11246 = CARTESIAN_POINT('',(6.844849696154,-6.393543948385,38.));
#11247 = DIRECTION('',(0.,0.,1.));
#11248 = DIRECTION('',(1.,0.,0.));
#11249 = ADVANCED_FACE('',(#11250),#11256,.T.);
#11250 = FACE_BOUND('',#11251,.T.);
#11251 = EDGE_LOOP('',(#11252,#11253,#11254,#11255));
#11252 = ORIENTED_EDGE('',*,*,#7218,.F.);
#11253 = ORIENTED_EDGE('',*,*,#7170,.F.);
#11254 = ORIENTED_EDGE('',*,*,#7201,.F.);
#11255 = ORIENTED_EDGE('',*,*,#7242,.F.);
#11256 = PLANE('',#11257);
#11257 = AXIS2_PLACEMENT_3D('',#11258,#11259,#11260);
#11258 = CARTESIAN_POINT('',(-2.714925009911,0.799858072385,38.));
#11259 = DIRECTION('',(0.,0.,1.));
#11260 = DIRECTION('',(1.,0.,0.));
#11261 = ADVANCED_FACE('',(#11262),#11314,.T.);
#11262 = FACE_BOUND('',#11263,.T.);
#11263 = EDGE_LOOP('',(#11264,#11265,#11266,#11267,#11268,#11269,#11270,
    #11271,#11272,#11273,#11274,#11275,#11276,#11277,#11278,#11279,
    #11280,#11281,#11282,#11283,#11284,#11285,#11286,#11287,#11288,
    #11289,#11290,#11291,#11292,#11293,#11294,#11295,#11296,#11297,
    #11298,#11299,#11300,#11301,#11302,#11303,#11304,#11305,#11306,
    #11307,#11308,#11309,#11310,#11311,#11312,#11313));
#11264 = ORIENTED_EDGE('',*,*,#7316,.F.);
#11265 = ORIENTED_EDGE('',*,*,#7266,.F.);
#11266 = ORIENTED_EDGE('',*,*,#7297,.F.);
#11267 = ORIENTED_EDGE('',*,*,#7349,.F.);
#11268 = ORIENTED_EDGE('',*,*,#7401,.F.);
#11269 = ORIENTED_EDGE('',*,*,#7453,.F.);
#11270 = ORIENTED_EDGE('',*,*,#7505,.F.);
#11271 = ORIENTED_EDGE('',*,*,#7557,.F.);
#11272 = ORIENTED_EDGE('',*,*,#7609,.F.);
#11273 = ORIENTED_EDGE('',*,*,#7661,.F.);
#11274 = ORIENTED_EDGE('',*,*,#7713,.F.);
#11275 = ORIENTED_EDGE('',*,*,#7765,.F.);
#11276 = ORIENTED_EDGE('',*,*,#7817,.F.);
#11277 = ORIENTED_EDGE('',*,*,#7869,.F.);
#11278 = ORIENTED_EDGE('',*,*,#7921,.F.);
#11279 = ORIENTED_EDGE('',*,*,#7973,.F.);
#11280 = ORIENTED_EDGE('',*,*,#8025,.F.);
#11281 = ORIENTED_EDGE('',*,*,#8077,.F.);
#11282 = ORIENTED_EDGE('',*,*,#8129,.F.);
#11283 = ORIENTED_EDGE('',*,*,#8181,.F.);
#11284 = ORIENTED_EDGE('',*,*,#8233,.F.);
#11285 = ORIENTED_EDGE('',*,*,#8285,.F.);
#11286 = ORIENTED_EDGE('',*,*,#8337,.F.);
#11287 = ORIENTED_EDGE('',*,*,#8389,.F.);
#11288 = ORIENTED_EDGE('',*,*,#8441,.F.);
#11289 = ORIENTED_EDGE('',*,*,#8493,.F.);
#11290 = ORIENTED_EDGE('',*,*,#8538,.F.);
#11291 = ORIENTED_EDGE('',*,*,#8512,.F.);
#11292 = ORIENTED_EDGE('',*,*,#8460,.F.);
#11293 = ORIENTED_EDGE('',*,*,#8408,.F.);
#11294 = ORIENTED_EDGE('',*,*,#8356,.F.);
#11295 = ORIENTED_EDGE('',*,*,#8304,.F.);
#11296 = ORIENTED_EDGE('',*,*,#8252,.F.);
#11297 = ORIENTED_EDGE('',*,*,#8200,.F.);
#11298 = ORIENTED_EDGE('',*,*,#8148,.F.);
#11299 = ORIENTED_EDGE('',*,*,#8096,.F.);
#11300 = ORIENTED_EDGE('',*,*,#8044,.F.);
#11301 = ORIENTED_EDGE('',*,*,#7992,.F.);
#11302 = ORIENTED_EDGE('',*,*,#7940,.F.);
#11303 = ORIENTED_EDGE('',*,*,#7888,.F.);
#11304 = ORIENTED_EDGE('',*,*,#7836,.F.);
#11305 = ORIENTED_EDGE('',*,*,#7784,.F.);
#11306 = ORIENTED_EDGE('',*,*,#7732,.F.);
#11307 = ORIENTED_EDGE('',*,*,#7680,.F.);
#11308 = ORIENTED_EDGE('',*,*,#7628,.F.);
#11309 = ORIENTED_EDGE('',*,*,#7576,.F.);
#11310 = ORIENTED_EDGE('',*,*,#7524,.F.);
#11311 = ORIENTED_EDGE('',*,*,#7472,.F.);
#11312 = ORIENTED_EDGE('',*,*,#7420,.F.);
#11313 = ORIENTED_EDGE('',*,*,#7368,.F.);
#11314 = PLANE('',#11315);
#11315 = AXIS2_PLACEMENT_3D('',#11316,#11317,#11318);
#11316 = CARTESIAN_POINT('',(-0.286039022986,-7.489301746637E-03,38.));
#11317 = DIRECTION('',(0.,0.,1.));
#11318 = DIRECTION('',(1.,0.,0.));
#11319 = ADVANCED_FACE('',(#11320,#11343),#11417,.T.);
#11320 = FACE_BOUND('',#11321,.T.);
#11321 = EDGE_LOOP('',(#11322,#11323,#11324,#11325,#11326,#11327,#11328,
    #11329,#11330,#11331,#11332,#11333,#11334,#11335,#11336,#11337,
    #11338,#11339,#11340,#11341,#11342));
#11322 = ORIENTED_EDGE('',*,*,#8612,.F.);
#11323 = ORIENTED_EDGE('',*,*,#8562,.F.);
#11324 = ORIENTED_EDGE('',*,*,#8593,.F.);
#11325 = ORIENTED_EDGE('',*,*,#8643,.F.);
#11326 = ORIENTED_EDGE('',*,*,#8693,.F.);
#11327 = ORIENTED_EDGE('',*,*,#8741,.F.);
#11328 = ORIENTED_EDGE('',*,*,#8791,.F.);
#11329 = ORIENTED_EDGE('',*,*,#8843,.F.);
#11330 = ORIENTED_EDGE('',*,*,#8893,.F.);
#11331 = ORIENTED_EDGE('',*,*,#8943,.F.);
#11332 = ORIENTED_EDGE('',*,*,#8995,.F.);
#11333 = ORIENTED_EDGE('',*,*,#9047,.F.);
#11334 = ORIENTED_EDGE('',*,*,#9066,.F.);
#11335 = ORIENTED_EDGE('',*,*,#9014,.F.);
#11336 = ORIENTED_EDGE('',*,*,#8962,.F.);
#11337 = ORIENTED_EDGE('',*,*,#8910,.F.);
#11338 = ORIENTED_EDGE('',*,*,#8860,.F.);
#11339 = ORIENTED_EDGE('',*,*,#8810,.F.);
#11340 = ORIENTED_EDGE('',*,*,#8760,.F.);
#11341 = ORIENTED_EDGE('',*,*,#8710,.F.);
#11342 = ORIENTED_EDGE('',*,*,#8662,.F.);
#11343 = FACE_BOUND('',#11344,.T.);
#11344 = EDGE_LOOP('',(#11345,#11355,#11363,#11371,#11379,#11387,#11395,
    #11403,#11411));
#11345 = ORIENTED_EDGE('',*,*,#11346,.F.);
#11346 = EDGE_CURVE('',#11347,#11349,#11351,.T.);
#11347 = VERTEX_POINT('',#11348);
#11348 = CARTESIAN_POINT('',(-6.713974315786,0.864099869958,38.));
#11349 = VERTEX_POINT('',#11350);
#11350 = CARTESIAN_POINT('',(-6.133102557861,0.864099869958,38.));
#11351 = LINE('',#11352,#11353);
#11352 = CARTESIAN_POINT('',(-6.713974315786,0.864099869958,38.));
#11353 = VECTOR('',#11354,1.);
#11354 = DIRECTION('',(1.,0.,0.));
#11355 = ORIENTED_EDGE('',*,*,#11356,.F.);
#11356 = EDGE_CURVE('',#11357,#11347,#11359,.T.);
#11357 = VERTEX_POINT('',#11358);
#11358 = CARTESIAN_POINT('',(-6.713974315786,2.52116038869,38.));
#11359 = LINE('',#11360,#11361);
#11360 = CARTESIAN_POINT('',(-6.713974315786,2.52116038869,38.));
#11361 = VECTOR('',#11362,1.);
#11362 = DIRECTION('',(0.,-1.,0.));
#11363 = ORIENTED_EDGE('',*,*,#11364,.F.);
#11364 = EDGE_CURVE('',#11365,#11357,#11367,.T.);
#11365 = VERTEX_POINT('',#11366);
#11366 = CARTESIAN_POINT('',(-6.119143624143,2.52116038869,38.));
#11367 = LINE('',#11368,#11369);
#11368 = CARTESIAN_POINT('',(-6.119143624143,2.52116038869,38.));
#11369 = VECTOR('',#11370,1.);
#11370 = DIRECTION('',(-1.,0.,0.));
#11371 = ORIENTED_EDGE('',*,*,#11372,.F.);
#11372 = EDGE_CURVE('',#11373,#11365,#11375,.T.);
#11373 = VERTEX_POINT('',#11374);
#11374 = CARTESIAN_POINT('',(-5.353428566507,2.317404985232,38.));
#11375 = B_SPLINE_CURVE_WITH_KNOTS('',2,(#11376,#11377,#11378),
  .UNSPECIFIED.,.F.,.F.,(3,3),(0.,1.),.PIECEWISE_BEZIER_KNOTS.);
#11376 = CARTESIAN_POINT('',(-5.353428566507,2.317404985232,38.));
#11377 = CARTESIAN_POINT('',(-5.604013941146,2.52116038869,38.));
#11378 = CARTESIAN_POINT('',(-6.119143624143,2.52116038869,38.));
#11379 = ORIENTED_EDGE('',*,*,#11380,.F.);
#11380 = EDGE_CURVE('',#11381,#11373,#11383,.T.);
#11381 = VERTEX_POINT('',#11382);
#11382 = CARTESIAN_POINT('',(-5.102618047775,1.734056642293,38.));
#11383 = B_SPLINE_CURVE_WITH_KNOTS('',2,(#11384,#11385,#11386),
  .UNSPECIFIED.,.F.,.F.,(3,3),(0.,1.),.PIECEWISE_BEZIER_KNOTS.);
#11384 = CARTESIAN_POINT('',(-5.102618047775,1.734056642293,38.));
#11385 = CARTESIAN_POINT('',(-5.102618047775,2.113874725866,38.));
#11386 = CARTESIAN_POINT('',(-5.353428566507,2.317404985232,38.));
#11387 = ORIENTED_EDGE('',*,*,#11388,.F.);
#11388 = EDGE_CURVE('',#11389,#11381,#11391,.T.);
#11389 = VERTEX_POINT('',#11390);
#11390 = CARTESIAN_POINT('',(-5.164982961319,1.385308443445,38.));
#11391 = B_SPLINE_CURVE_WITH_KNOTS('',2,(#11392,#11393,#11394),
  .UNSPECIFIED.,.F.,.F.,(3,3),(0.,1.),.PIECEWISE_BEZIER_KNOTS.);
#11392 = CARTESIAN_POINT('',(-5.164982961319,1.385308443445,38.));
#11393 = CARTESIAN_POINT('',(-5.102618047775,1.544260172552,38.));
#11394 = CARTESIAN_POINT('',(-5.102618047775,1.734056642293,38.));
#11395 = ORIENTED_EDGE('',*,*,#11396,.F.);
#11396 = EDGE_CURVE('',#11397,#11389,#11399,.T.);
#11397 = VERTEX_POINT('',#11398);
#11398 = CARTESIAN_POINT('',(-5.353428566507,1.11085779503,38.));
#11399 = B_SPLINE_CURVE_WITH_KNOTS('',2,(#11400,#11401,#11402),
  .UNSPECIFIED.,.F.,.F.,(3,3),(0.,1.),.PIECEWISE_BEZIER_KNOTS.);
#11400 = CARTESIAN_POINT('',(-5.353428566507,1.11085779503,38.));
#11401 = CARTESIAN_POINT('',(-5.227122730772,1.226581858431,38.));
#11402 = CARTESIAN_POINT('',(-5.164982961319,1.385308443445,38.));
#11403 = ORIENTED_EDGE('',*,*,#11404,.F.);
#11404 = EDGE_CURVE('',#11405,#11397,#11407,.T.);
#11405 = VERTEX_POINT('',#11406);
#11406 = CARTESIAN_POINT('',(-5.674934330195,0.929616800794,38.));
#11407 = B_SPLINE_CURVE_WITH_KNOTS('',2,(#11408,#11409,#11410),
  .UNSPECIFIED.,.F.,.F.,(3,3),(0.,1.),.PIECEWISE_BEZIER_KNOTS.);
#11408 = CARTESIAN_POINT('',(-5.674934330195,0.929616800794,38.));
#11409 = CARTESIAN_POINT('',(-5.479509258149,0.995358875722,38.));
#11410 = CARTESIAN_POINT('',(-5.353428566507,1.11085779503,38.));
#11411 = ORIENTED_EDGE('',*,*,#11412,.F.);
#11412 = EDGE_CURVE('',#11349,#11405,#11413,.T.);
#11413 = B_SPLINE_CURVE_WITH_KNOTS('',2,(#11414,#11415,#11416),
  .UNSPECIFIED.,.F.,.F.,(3,3),(0.,1.),.PIECEWISE_BEZIER_KNOTS.);
#11414 = CARTESIAN_POINT('',(-6.133102557861,0.864099869958,38.));
#11415 = CARTESIAN_POINT('',(-5.870359402241,0.864099869958,38.));
#11416 = CARTESIAN_POINT('',(-5.674934330195,0.929616800794,38.));
#11417 = PLANE('',#11418);
#11418 = AXIS2_PLACEMENT_3D('',#11419,#11420,#11421);
#11419 = CARTESIAN_POINT('',(-5.987202216076,0.74141711374,38.));
#11420 = DIRECTION('',(0.,0.,1.));
#11421 = DIRECTION('',(1.,0.,0.));
#11422 = ADVANCED_FACE('',(#11423),#11441,.T.);
#11423 = FACE_BOUND('',#11424,.T.);
#11424 = EDGE_LOOP('',(#11425,#11426,#11427,#11428,#11429,#11430,#11431,
    #11432,#11433,#11434,#11435,#11436,#11437,#11438,#11439,#11440));
#11425 = ORIENTED_EDGE('',*,*,#9144,.F.);
#11426 = ORIENTED_EDGE('',*,*,#9092,.F.);
#11427 = ORIENTED_EDGE('',*,*,#9125,.F.);
#11428 = ORIENTED_EDGE('',*,*,#9177,.F.);
#11429 = ORIENTED_EDGE('',*,*,#9229,.F.);
#11430 = ORIENTED_EDGE('',*,*,#9281,.F.);
#11431 = ORIENTED_EDGE('',*,*,#9333,.F.);
#11432 = ORIENTED_EDGE('',*,*,#9385,.F.);
#11433 = ORIENTED_EDGE('',*,*,#9437,.F.);
#11434 = ORIENTED_EDGE('',*,*,#9482,.F.);
#11435 = ORIENTED_EDGE('',*,*,#9456,.F.);
#11436 = ORIENTED_EDGE('',*,*,#9404,.F.);
#11437 = ORIENTED_EDGE('',*,*,#9352,.F.);
#11438 = ORIENTED_EDGE('',*,*,#9300,.F.);
#11439 = ORIENTED_EDGE('',*,*,#9248,.F.);
#11440 = ORIENTED_EDGE('',*,*,#9196,.F.);
#11441 = PLANE('',#11442);
#11442 = AXIS2_PLACEMENT_3D('',#11443,#11444,#11445);
#11443 = CARTESIAN_POINT('',(-2.714925009911,0.799858072385,38.));
#11444 = DIRECTION('',(0.,0.,1.));
#11445 = DIRECTION('',(1.,0.,0.));
#11446 = ADVANCED_FACE('',(#11447,#11479),#11537,.T.);
#11447 = FACE_BOUND('',#11448,.T.);
#11448 = EDGE_LOOP('',(#11449,#11450,#11451,#11452,#11453,#11454,#11455,
    #11456,#11457,#11458,#11459,#11460,#11461,#11462,#11463,#11464,
    #11465,#11466,#11467,#11468,#11469,#11470,#11471,#11472,#11473,
    #11474,#11475,#11476,#11477,#11478));
#11449 = ORIENTED_EDGE('',*,*,#9560,.F.);
#11450 = ORIENTED_EDGE('',*,*,#9508,.F.);
#11451 = ORIENTED_EDGE('',*,*,#9541,.F.);
#11452 = ORIENTED_EDGE('',*,*,#9593,.F.);
#11453 = ORIENTED_EDGE('',*,*,#9645,.F.);
#11454 = ORIENTED_EDGE('',*,*,#9697,.F.);
#11455 = ORIENTED_EDGE('',*,*,#9749,.F.);
#11456 = ORIENTED_EDGE('',*,*,#9801,.F.);
#11457 = ORIENTED_EDGE('',*,*,#9853,.F.);
#11458 = ORIENTED_EDGE('',*,*,#9905,.F.);
#11459 = ORIENTED_EDGE('',*,*,#9957,.F.);
#11460 = ORIENTED_EDGE('',*,*,#10007,.F.);
#11461 = ORIENTED_EDGE('',*,*,#10059,.F.);
#11462 = ORIENTED_EDGE('',*,*,#10111,.F.);
#11463 = ORIENTED_EDGE('',*,*,#10161,.F.);
#11464 = ORIENTED_EDGE('',*,*,#10213,.F.);
#11465 = ORIENTED_EDGE('',*,*,#10258,.F.);
#11466 = ORIENTED_EDGE('',*,*,#10232,.F.);
#11467 = ORIENTED_EDGE('',*,*,#10180,.F.);
#11468 = ORIENTED_EDGE('',*,*,#10128,.F.);
#11469 = ORIENTED_EDGE('',*,*,#10078,.F.);
#11470 = ORIENTED_EDGE('',*,*,#10026,.F.);
#11471 = ORIENTED_EDGE('',*,*,#9976,.F.);
#11472 = ORIENTED_EDGE('',*,*,#9924,.F.);
#11473 = ORIENTED_EDGE('',*,*,#9872,.F.);
#11474 = ORIENTED_EDGE('',*,*,#9820,.F.);
#11475 = ORIENTED_EDGE('',*,*,#9768,.F.);
#11476 = ORIENTED_EDGE('',*,*,#9716,.F.);
#11477 = ORIENTED_EDGE('',*,*,#9664,.F.);
#11478 = ORIENTED_EDGE('',*,*,#9612,.F.);
#11479 = FACE_BOUND('',#11480,.T.);
#11480 = EDGE_LOOP('',(#11481,#11491,#11499,#11507,#11515,#11523,#11531)
  );
#11481 = ORIENTED_EDGE('',*,*,#11482,.F.);
#11482 = EDGE_CURVE('',#11483,#11485,#11487,.T.);
#11483 = VERTEX_POINT('',#11484);
#11484 = CARTESIAN_POINT('',(7.117077557413,1.224330417509,38.));
#11485 = VERTEX_POINT('',#11486);
#11486 = CARTESIAN_POINT('',(6.532603494012,1.013820691284,38.));
#11487 = B_SPLINE_CURVE_WITH_KNOTS('',2,(#11488,#11489,#11490),
  .UNSPECIFIED.,.F.,.F.,(3,3),(0.,1.),.PIECEWISE_BEZIER_KNOTS.);
#11488 = CARTESIAN_POINT('',(7.117077557413,1.224330417509,38.));
#11489 = CARTESIAN_POINT('',(6.743563508421,1.224330417509,38.));
#11490 = CARTESIAN_POINT('',(6.532603494012,1.013820691284,38.));
#11491 = ORIENTED_EDGE('',*,*,#11492,.F.);
#11492 = EDGE_CURVE('',#11493,#11483,#11495,.T.);
#11493 = VERTEX_POINT('',#11494);
#11494 = CARTESIAN_POINT('',(7.448939949344,1.160389495318,38.));
#11495 = B_SPLINE_CURVE_WITH_KNOTS('',2,(#11496,#11497,#11498),
  .UNSPECIFIED.,.F.,.F.,(3,3),(0.,1.),.PIECEWISE_BEZIER_KNOTS.);
#11496 = CARTESIAN_POINT('',(7.448939949344,1.160389495318,38.));
#11497 = CARTESIAN_POINT('',(7.307324315338,1.224330417509,38.));
#11498 = CARTESIAN_POINT('',(7.117077557413,1.224330417509,38.));
#11499 = ORIENTED_EDGE('',*,*,#11500,.F.);
#11500 = EDGE_CURVE('',#11501,#11493,#11503,.T.);
#11501 = VERTEX_POINT('',#11502);
#11502 = CARTESIAN_POINT('',(7.684215525712,0.986353112033,38.));
#11503 = B_SPLINE_CURVE_WITH_KNOTS('',2,(#11504,#11505,#11506),
  .UNSPECIFIED.,.F.,.F.,(3,3),(0.,1.),.PIECEWISE_BEZIER_KNOTS.);
#11504 = CARTESIAN_POINT('',(7.684215525712,0.986353112033,38.));
#11505 = CARTESIAN_POINT('',(7.590780727442,1.096673717221,38.));
#11506 = CARTESIAN_POINT('',(7.448939949344,1.160389495318,38.));
#11507 = ORIENTED_EDGE('',*,*,#11508,.F.);
#11508 = EDGE_CURVE('',#11509,#11501,#11511,.T.);
#11509 = VERTEX_POINT('',#11510);
#11510 = CARTESIAN_POINT('',(7.822453998335,0.729463702811,38.));
#11511 = B_SPLINE_CURVE_WITH_KNOTS('',2,(#11512,#11513,#11514),
  .UNSPECIFIED.,.F.,.F.,(3,3),(0.,1.),.PIECEWISE_BEZIER_KNOTS.);
#11512 = CARTESIAN_POINT('',(7.822453998335,0.729463702811,38.));
#11513 = CARTESIAN_POINT('',(7.777650323983,0.876032506846,38.));
#11514 = CARTESIAN_POINT('',(7.684215525712,0.986353112033,38.));
#11515 = ORIENTED_EDGE('',*,*,#11516,.F.);
#11516 = EDGE_CURVE('',#11517,#11509,#11519,.T.);
#11517 = VERTEX_POINT('',#11518);
#11518 = CARTESIAN_POINT('',(7.867482816779,0.417413990996,38.));
#11519 = B_SPLINE_CURVE_WITH_KNOTS('',2,(#11520,#11521,#11522),
  .UNSPECIFIED.,.F.,.F.,(3,3),(0.,1.),.PIECEWISE_BEZIER_KNOTS.);
#11520 = CARTESIAN_POINT('',(7.867482816779,0.417413990996,38.));
#11521 = CARTESIAN_POINT('',(7.867482816779,0.582894898777,38.));
#11522 = CARTESIAN_POINT('',(7.822453998335,0.729463702811,38.));
#11523 = ORIENTED_EDGE('',*,*,#11524,.F.);
#11524 = EDGE_CURVE('',#11525,#11517,#11527,.T.);
#11525 = VERTEX_POINT('',#11526);
#11526 = CARTESIAN_POINT('',(6.262880871534,0.417413990996,38.));
#11527 = LINE('',#11528,#11529);
#11528 = CARTESIAN_POINT('',(6.262880871534,0.417413990996,38.));
#11529 = VECTOR('',#11530,1.);
#11530 = DIRECTION('',(1.,0.,0.));
#11531 = ORIENTED_EDGE('',*,*,#11532,.F.);
#11532 = EDGE_CURVE('',#11485,#11525,#11533,.T.);
#11533 = B_SPLINE_CURVE_WITH_KNOTS('',2,(#11534,#11535,#11536),
  .UNSPECIFIED.,.F.,.F.,(3,3),(0.,1.),.PIECEWISE_BEZIER_KNOTS.);
#11534 = CARTESIAN_POINT('',(6.532603494012,1.013820691284,38.));
#11535 = CARTESIAN_POINT('',(6.321643479603,0.803536109151,38.));
#11536 = CARTESIAN_POINT('',(6.262880871534,0.417413990996,38.));
#11537 = PLANE('',#11538);
#11538 = AXIS2_PLACEMENT_3D('',#11539,#11540,#11541);
#11539 = CARTESIAN_POINT('',(7.065152433622,2.078987730621E-02,38.));
#11540 = DIRECTION('',(0.,0.,1.));
#11541 = DIRECTION('',(1.,0.,0.));
#11542 = ADVANCED_FACE('',(#11543),#11563,.T.);
#11543 = FACE_BOUND('',#11544,.T.);
#11544 = EDGE_LOOP('',(#11545,#11546,#11547,#11548,#11549,#11550,#11551,
    #11552,#11553,#11554,#11555,#11556,#11557,#11558,#11559,#11560,
    #11561,#11562));
#11545 = ORIENTED_EDGE('',*,*,#10332,.F.);
#11546 = ORIENTED_EDGE('',*,*,#10284,.F.);
#11547 = ORIENTED_EDGE('',*,*,#10315,.F.);
#11548 = ORIENTED_EDGE('',*,*,#10363,.F.);
#11549 = ORIENTED_EDGE('',*,*,#10413,.F.);
#11550 = ORIENTED_EDGE('',*,*,#10463,.F.);
#11551 = ORIENTED_EDGE('',*,*,#10515,.F.);
#11552 = ORIENTED_EDGE('',*,*,#10567,.F.);
#11553 = ORIENTED_EDGE('',*,*,#10617,.F.);
#11554 = ORIENTED_EDGE('',*,*,#10667,.F.);
#11555 = ORIENTED_EDGE('',*,*,#10710,.F.);
#11556 = ORIENTED_EDGE('',*,*,#10684,.F.);
#11557 = ORIENTED_EDGE('',*,*,#10634,.F.);
#11558 = ORIENTED_EDGE('',*,*,#10584,.F.);
#11559 = ORIENTED_EDGE('',*,*,#10534,.F.);
#11560 = ORIENTED_EDGE('',*,*,#10482,.F.);
#11561 = ORIENTED_EDGE('',*,*,#10432,.F.);
#11562 = ORIENTED_EDGE('',*,*,#10382,.F.);
#11563 = PLANE('',#11564);
#11564 = AXIS2_PLACEMENT_3D('',#11565,#11566,#11567);
#11565 = CARTESIAN_POINT('',(3.030845523335,0.519059027967,38.));
#11566 = DIRECTION('',(0.,0.,1.));
#11567 = DIRECTION('',(1.,0.,0.));
#11568 = ADVANCED_FACE('',(#11569),#11594,.T.);
#11569 = FACE_BOUND('',#11570,.T.);
#11570 = EDGE_LOOP('',(#11571,#11579,#11580,#11588));
#11571 = ORIENTED_EDGE('',*,*,#11572,.T.);
#11572 = EDGE_CURVE('',#11573,#10876,#11575,.T.);
#11573 = VERTEX_POINT('',#11574);
#11574 = CARTESIAN_POINT('',(-2.214002237487,-6.010529177014,40.));
#11575 = LINE('',#11576,#11577);
#11576 = CARTESIAN_POINT('',(-2.214002237487,-6.010529177014,40.));
#11577 = VECTOR('',#11578,1.);
#11578 = DIRECTION('',(-0.,-0.,-1.));
#11579 = ORIENTED_EDGE('',*,*,#10875,.T.);
#11580 = ORIENTED_EDGE('',*,*,#11581,.F.);
#11581 = EDGE_CURVE('',#11582,#10878,#11584,.T.);
#11582 = VERTEX_POINT('',#11583);
#11583 = CARTESIAN_POINT('',(-2.261822842675,-5.469643009867,40.));
#11584 = LINE('',#11585,#11586);
#11585 = CARTESIAN_POINT('',(-2.261822842675,-5.469643009867,40.));
#11586 = VECTOR('',#11587,1.);
#11587 = DIRECTION('',(-0.,-0.,-1.));
#11588 = ORIENTED_EDGE('',*,*,#11589,.F.);
#11589 = EDGE_CURVE('',#11573,#11582,#11590,.T.);
#11590 = B_SPLINE_CURVE_WITH_KNOTS('',2,(#11591,#11592,#11593),
  .UNSPECIFIED.,.F.,.F.,(3,3),(0.,1.),.PIECEWISE_BEZIER_KNOTS.);
#11591 = CARTESIAN_POINT('',(-2.214002237487,-6.010529177014,40.));
#11592 = CARTESIAN_POINT('',(-2.214002237487,-5.683890128023,40.));
#11593 = CARTESIAN_POINT('',(-2.261822842675,-5.469643009867,40.));
#11594 = SURFACE_OF_LINEAR_EXTRUSION('',#11595,#11599);
#11595 = B_SPLINE_CURVE_WITH_KNOTS('',2,(#11596,#11597,#11598),
  .UNSPECIFIED.,.F.,.F.,(3,3),(0.,1.),.PIECEWISE_BEZIER_KNOTS.);
#11596 = CARTESIAN_POINT('',(-2.214002237487,-6.010529177014,40.));
#11597 = CARTESIAN_POINT('',(-2.214002237487,-5.683890128023,40.));
#11598 = CARTESIAN_POINT('',(-2.261822842675,-5.469643009867,40.));
#11599 = VECTOR('',#11600,1.);
#11600 = DIRECTION('',(0.,0.,1.));
#11601 = ADVANCED_FACE('',(#11602),#11620,.T.);
#11602 = FACE_BOUND('',#11603,.T.);
#11603 = EDGE_LOOP('',(#11604,#11612,#11613,#11614));
#11604 = ORIENTED_EDGE('',*,*,#11605,.T.);
#11605 = EDGE_CURVE('',#11606,#10886,#11608,.T.);
#11606 = VERTEX_POINT('',#11607);
#11607 = CARTESIAN_POINT('',(-2.261822842675,-6.551415344161,40.));
#11608 = LINE('',#11609,#11610);
#11609 = CARTESIAN_POINT('',(-2.261822842675,-6.551415344161,40.));
#11610 = VECTOR('',#11611,1.);
#11611 = DIRECTION('',(-0.,-0.,-1.));
#11612 = ORIENTED_EDGE('',*,*,#10885,.T.);
#11613 = ORIENTED_EDGE('',*,*,#11572,.F.);
#11614 = ORIENTED_EDGE('',*,*,#11615,.F.);
#11615 = EDGE_CURVE('',#11606,#11573,#11616,.T.);
#11616 = B_SPLINE_CURVE_WITH_KNOTS('',2,(#11617,#11618,#11619),
  .UNSPECIFIED.,.F.,.F.,(3,3),(0.,1.),.PIECEWISE_BEZIER_KNOTS.);
#11617 = CARTESIAN_POINT('',(-2.261822842675,-6.551415344161,40.));
#11618 = CARTESIAN_POINT('',(-2.214002237487,-6.337168226006,40.));
#11619 = CARTESIAN_POINT('',(-2.214002237487,-6.010529177014,40.));
#11620 = SURFACE_OF_LINEAR_EXTRUSION('',#11621,#11625);
#11621 = B_SPLINE_CURVE_WITH_KNOTS('',2,(#11622,#11623,#11624),
  .UNSPECIFIED.,.F.,.F.,(3,3),(0.,1.),.PIECEWISE_BEZIER_KNOTS.);
#11622 = CARTESIAN_POINT('',(-2.261822842675,-6.551415344161,40.));
#11623 = CARTESIAN_POINT('',(-2.214002237487,-6.337168226006,40.));
#11624 = CARTESIAN_POINT('',(-2.214002237487,-6.010529177014,40.));
#11625 = VECTOR('',#11626,1.);
#11626 = DIRECTION('',(0.,0.,1.));
#11627 = ADVANCED_FACE('',(#11628),#11646,.T.);
#11628 = FACE_BOUND('',#11629,.T.);
#11629 = EDGE_LOOP('',(#11630,#11638,#11639,#11640));
#11630 = ORIENTED_EDGE('',*,*,#11631,.T.);
#11631 = EDGE_CURVE('',#11632,#10894,#11634,.T.);
#11632 = VERTEX_POINT('',#11633);
#11633 = CARTESIAN_POINT('',(-2.389344456507,-6.892643730329,40.));
#11634 = LINE('',#11635,#11636);
#11635 = CARTESIAN_POINT('',(-2.389344456507,-6.892643730329,40.));
#11636 = VECTOR('',#11637,1.);
#11637 = DIRECTION('',(-0.,-0.,-1.));
#11638 = ORIENTED_EDGE('',*,*,#10893,.T.);
#11639 = ORIENTED_EDGE('',*,*,#11605,.F.);
#11640 = ORIENTED_EDGE('',*,*,#11641,.F.);
#11641 = EDGE_CURVE('',#11632,#11606,#11642,.T.);
#11642 = B_SPLINE_CURVE_WITH_KNOTS('',2,(#11643,#11644,#11645),
  .UNSPECIFIED.,.F.,.F.,(3,3),(0.,1.),.PIECEWISE_BEZIER_KNOTS.);
#11643 = CARTESIAN_POINT('',(-2.389344456507,-6.892643730329,40.));
#11644 = CARTESIAN_POINT('',(-2.309508361407,-6.765662462317,40.));
#11645 = CARTESIAN_POINT('',(-2.261822842675,-6.551415344161,40.));
#11646 = SURFACE_OF_LINEAR_EXTRUSION('',#11647,#11651);
#11647 = B_SPLINE_CURVE_WITH_KNOTS('',2,(#11648,#11649,#11650),
  .UNSPECIFIED.,.F.,.F.,(3,3),(0.,1.),.PIECEWISE_BEZIER_KNOTS.);
#11648 = CARTESIAN_POINT('',(-2.389344456507,-6.892643730329,40.));
#11649 = CARTESIAN_POINT('',(-2.309508361407,-6.765662462317,40.));
#11650 = CARTESIAN_POINT('',(-2.261822842675,-6.551415344161,40.));
#11651 = VECTOR('',#11652,1.);
#11652 = DIRECTION('',(0.,0.,1.));
#11653 = ADVANCED_FACE('',(#11654),#11672,.T.);
#11654 = FACE_BOUND('',#11655,.T.);
#11655 = EDGE_LOOP('',(#11656,#11664,#11665,#11666));
#11656 = ORIENTED_EDGE('',*,*,#11657,.T.);
#11657 = EDGE_CURVE('',#11658,#10902,#11660,.T.);
#11658 = VERTEX_POINT('',#11659);
#11659 = CARTESIAN_POINT('',(-2.572926949303,-7.070552592,40.));
#11660 = LINE('',#11661,#11662);
#11661 = CARTESIAN_POINT('',(-2.572926949303,-7.070552592,40.));
#11662 = VECTOR('',#11663,1.);
#11663 = DIRECTION('',(-0.,-0.,-1.));
#11664 = ORIENTED_EDGE('',*,*,#10901,.T.);
#11665 = ORIENTED_EDGE('',*,*,#11631,.F.);
#11666 = ORIENTED_EDGE('',*,*,#11667,.F.);
#11667 = EDGE_CURVE('',#11658,#11632,#11668,.T.);
#11668 = B_SPLINE_CURVE_WITH_KNOTS('',2,(#11669,#11670,#11671),
  .UNSPECIFIED.,.F.,.F.,(3,3),(0.,1.),.PIECEWISE_BEZIER_KNOTS.);
#11669 = CARTESIAN_POINT('',(-2.572926949303,-7.070552592,40.));
#11670 = CARTESIAN_POINT('',(-2.469180551608,-7.019489911885,40.));
#11671 = CARTESIAN_POINT('',(-2.389344456507,-6.892643730329,40.));
#11672 = SURFACE_OF_LINEAR_EXTRUSION('',#11673,#11677);
#11673 = B_SPLINE_CURVE_WITH_KNOTS('',2,(#11674,#11675,#11676),
  .UNSPECIFIED.,.F.,.F.,(3,3),(0.,1.),.PIECEWISE_BEZIER_KNOTS.);
#11674 = CARTESIAN_POINT('',(-2.572926949303,-7.070552592,40.));
#11675 = CARTESIAN_POINT('',(-2.469180551608,-7.019489911885,40.));
#11676 = CARTESIAN_POINT('',(-2.389344456507,-6.892643730329,40.));
#11677 = VECTOR('',#11678,1.);
#11678 = DIRECTION('',(0.,0.,1.));
#11679 = ADVANCED_FACE('',(#11680),#11698,.T.);
#11680 = FACE_BOUND('',#11681,.T.);
#11681 = EDGE_LOOP('',(#11682,#11690,#11691,#11692));
#11682 = ORIENTED_EDGE('',*,*,#11683,.T.);
#11683 = EDGE_CURVE('',#11684,#10910,#11686,.T.);
#11684 = VERTEX_POINT('',#11685);
#11685 = CARTESIAN_POINT('',(-2.788795104922,-7.12148018566,40.));
#11686 = LINE('',#11687,#11688);
#11687 = CARTESIAN_POINT('',(-2.788795104922,-7.12148018566,40.));
#11688 = VECTOR('',#11689,1.);
#11689 = DIRECTION('',(-0.,-0.,-1.));
#11690 = ORIENTED_EDGE('',*,*,#10909,.T.);
#11691 = ORIENTED_EDGE('',*,*,#11657,.F.);
#11692 = ORIENTED_EDGE('',*,*,#11693,.F.);
#11693 = EDGE_CURVE('',#11684,#11658,#11694,.T.);
#11694 = B_SPLINE_CURVE_WITH_KNOTS('',2,(#11695,#11696,#11697),
  .UNSPECIFIED.,.F.,.F.,(3,3),(0.,1.),.PIECEWISE_BEZIER_KNOTS.);
#11695 = CARTESIAN_POINT('',(-2.788795104922,-7.12148018566,40.));
#11696 = CARTESIAN_POINT('',(-2.676673346997,-7.12148018566,40.));
#11697 = CARTESIAN_POINT('',(-2.572926949303,-7.070552592,40.));
#11698 = SURFACE_OF_LINEAR_EXTRUSION('',#11699,#11703);
#11699 = B_SPLINE_CURVE_WITH_KNOTS('',2,(#11700,#11701,#11702),
  .UNSPECIFIED.,.F.,.F.,(3,3),(0.,1.),.PIECEWISE_BEZIER_KNOTS.);
#11700 = CARTESIAN_POINT('',(-2.788795104922,-7.12148018566,40.));
#11701 = CARTESIAN_POINT('',(-2.676673346997,-7.12148018566,40.));
#11702 = CARTESIAN_POINT('',(-2.572926949303,-7.070552592,40.));
#11703 = VECTOR('',#11704,1.);
#11704 = DIRECTION('',(0.,0.,1.));
#11705 = ADVANCED_FACE('',(#11706),#11724,.T.);
#11706 = FACE_BOUND('',#11707,.T.);
#11707 = EDGE_LOOP('',(#11708,#11716,#11717,#11718));
#11708 = ORIENTED_EDGE('',*,*,#11709,.T.);
#11709 = EDGE_CURVE('',#11710,#10918,#11712,.T.);
#11710 = VERTEX_POINT('',#11711);
#11711 = CARTESIAN_POINT('',(-3.001556272069,-7.070552592,40.));
#11712 = LINE('',#11713,#11714);
#11713 = CARTESIAN_POINT('',(-3.001556272069,-7.070552592,40.));
#11714 = VECTOR('',#11715,1.);
#11715 = DIRECTION('',(-0.,-0.,-1.));
#11716 = ORIENTED_EDGE('',*,*,#10917,.T.);
#11717 = ORIENTED_EDGE('',*,*,#11683,.F.);
#11718 = ORIENTED_EDGE('',*,*,#11719,.F.);
#11719 = EDGE_CURVE('',#11710,#11684,#11720,.T.);
#11720 = B_SPLINE_CURVE_WITH_KNOTS('',2,(#11721,#11722,#11723),
  .UNSPECIFIED.,.F.,.F.,(3,3),(0.,1.),.PIECEWISE_BEZIER_KNOTS.);
#11721 = CARTESIAN_POINT('',(-3.001556272069,-7.070552592,40.));
#11722 = CARTESIAN_POINT('',(-2.898755479562,-7.12148018566,40.));
#11723 = CARTESIAN_POINT('',(-2.788795104922,-7.12148018566,40.));
#11724 = SURFACE_OF_LINEAR_EXTRUSION('',#11725,#11729);
#11725 = B_SPLINE_CURVE_WITH_KNOTS('',2,(#11726,#11727,#11728),
  .UNSPECIFIED.,.F.,.F.,(3,3),(0.,1.),.PIECEWISE_BEZIER_KNOTS.);
#11726 = CARTESIAN_POINT('',(-3.001556272069,-7.070552592,40.));
#11727 = CARTESIAN_POINT('',(-2.898755479562,-7.12148018566,40.));
#11728 = CARTESIAN_POINT('',(-2.788795104922,-7.12148018566,40.));
#11729 = VECTOR('',#11730,1.);
#11730 = DIRECTION('',(0.,0.,1.));
#11731 = ADVANCED_FACE('',(#11732),#11750,.T.);
#11732 = FACE_BOUND('',#11733,.T.);
#11733 = EDGE_LOOP('',(#11734,#11742,#11743,#11744));
#11734 = ORIENTED_EDGE('',*,*,#11735,.T.);
#11735 = EDGE_CURVE('',#11736,#10926,#11738,.T.);
#11736 = VERTEX_POINT('',#11737);
#11737 = CARTESIAN_POINT('',(-3.183112468035,-6.892643730329,40.));
#11738 = LINE('',#11739,#11740);
#11739 = CARTESIAN_POINT('',(-3.183112468035,-6.892643730329,40.));
#11740 = VECTOR('',#11741,1.);
#11741 = DIRECTION('',(-0.,-0.,-1.));
#11742 = ORIENTED_EDGE('',*,*,#10925,.T.);
#11743 = ORIENTED_EDGE('',*,*,#11709,.F.);
#11744 = ORIENTED_EDGE('',*,*,#11745,.F.);
#11745 = EDGE_CURVE('',#11736,#11710,#11746,.T.);
#11746 = B_SPLINE_CURVE_WITH_KNOTS('',2,(#11747,#11748,#11749),
  .UNSPECIFIED.,.F.,.F.,(3,3),(0.,1.),.PIECEWISE_BEZIER_KNOTS.);
#11747 = CARTESIAN_POINT('',(-3.183112468035,-6.892643730329,40.));
#11748 = CARTESIAN_POINT('',(-3.104221978121,-7.019489911885,40.));
#11749 = CARTESIAN_POINT('',(-3.001556272069,-7.070552592,40.));
#11750 = SURFACE_OF_LINEAR_EXTRUSION('',#11751,#11755);
#11751 = B_SPLINE_CURVE_WITH_KNOTS('',2,(#11752,#11753,#11754),
  .UNSPECIFIED.,.F.,.F.,(3,3),(0.,1.),.PIECEWISE_BEZIER_KNOTS.);
#11752 = CARTESIAN_POINT('',(-3.183112468035,-6.892643730329,40.));
#11753 = CARTESIAN_POINT('',(-3.104221978121,-7.019489911885,40.));
#11754 = CARTESIAN_POINT('',(-3.001556272069,-7.070552592,40.));
#11755 = VECTOR('',#11756,1.);
#11756 = DIRECTION('',(0.,0.,1.));
#11757 = ADVANCED_FACE('',(#11758),#11776,.T.);
#11758 = FACE_BOUND('',#11759,.T.);
#11759 = EDGE_LOOP('',(#11760,#11768,#11769,#11770));
#11760 = ORIENTED_EDGE('',*,*,#11761,.T.);
#11761 = EDGE_CURVE('',#11762,#10934,#11764,.T.);
#11762 = VERTEX_POINT('',#11763);
#11763 = CARTESIAN_POINT('',(-3.308607785038,-6.551415344161,40.));
#11764 = LINE('',#11765,#11766);
#11765 = CARTESIAN_POINT('',(-3.308607785038,-6.551415344161,40.));
#11766 = VECTOR('',#11767,1.);
#11767 = DIRECTION('',(-0.,-0.,-1.));
#11768 = ORIENTED_EDGE('',*,*,#10933,.T.);
#11769 = ORIENTED_EDGE('',*,*,#11735,.F.);
#11770 = ORIENTED_EDGE('',*,*,#11771,.F.);
#11771 = EDGE_CURVE('',#11762,#11736,#11772,.T.);
#11772 = B_SPLINE_CURVE_WITH_KNOTS('',2,(#11773,#11774,#11775),
  .UNSPECIFIED.,.F.,.F.,(3,3),(0.,1.),.PIECEWISE_BEZIER_KNOTS.);
#11773 = CARTESIAN_POINT('',(-3.308607785038,-6.551415344161,40.));
#11774 = CARTESIAN_POINT('',(-3.261867871493,-6.765662462317,40.));
#11775 = CARTESIAN_POINT('',(-3.183112468035,-6.892643730329,40.));
#11776 = SURFACE_OF_LINEAR_EXTRUSION('',#11777,#11781);
#11777 = B_SPLINE_CURVE_WITH_KNOTS('',2,(#11778,#11779,#11780),
  .UNSPECIFIED.,.F.,.F.,(3,3),(0.,1.),.PIECEWISE_BEZIER_KNOTS.);
#11778 = CARTESIAN_POINT('',(-3.308607785038,-6.551415344161,40.));
#11779 = CARTESIAN_POINT('',(-3.261867871493,-6.765662462317,40.));
#11780 = CARTESIAN_POINT('',(-3.183112468035,-6.892643730329,40.));
#11781 = VECTOR('',#11782,1.);
#11782 = DIRECTION('',(0.,0.,1.));
#11783 = ADVANCED_FACE('',(#11784),#11802,.T.);
#11784 = FACE_BOUND('',#11785,.T.);
#11785 = EDGE_LOOP('',(#11786,#11794,#11795,#11796));
#11786 = ORIENTED_EDGE('',*,*,#11787,.T.);
#11787 = EDGE_CURVE('',#11788,#10942,#11790,.T.);
#11788 = VERTEX_POINT('',#11789);
#11789 = CARTESIAN_POINT('',(-3.355212612127,-6.010529177014,40.));
#11790 = LINE('',#11791,#11792);
#11791 = CARTESIAN_POINT('',(-3.355212612127,-6.010529177014,40.));
#11792 = VECTOR('',#11793,1.);
#11793 = DIRECTION('',(-0.,-0.,-1.));
#11794 = ORIENTED_EDGE('',*,*,#10941,.T.);
#11795 = ORIENTED_EDGE('',*,*,#11761,.F.);
#11796 = ORIENTED_EDGE('',*,*,#11797,.F.);
#11797 = EDGE_CURVE('',#11788,#11762,#11798,.T.);
#11798 = B_SPLINE_CURVE_WITH_KNOTS('',2,(#11799,#11800,#11801),
  .UNSPECIFIED.,.F.,.F.,(3,3),(0.,1.),.PIECEWISE_BEZIER_KNOTS.);
#11799 = CARTESIAN_POINT('',(-3.355212612127,-6.010529177014,40.));
#11800 = CARTESIAN_POINT('',(-3.355212612127,-6.337168226006,40.));
#11801 = CARTESIAN_POINT('',(-3.308607785038,-6.551415344161,40.));
#11802 = SURFACE_OF_LINEAR_EXTRUSION('',#11803,#11807);
#11803 = B_SPLINE_CURVE_WITH_KNOTS('',2,(#11804,#11805,#11806),
  .UNSPECIFIED.,.F.,.F.,(3,3),(0.,1.),.PIECEWISE_BEZIER_KNOTS.);
#11804 = CARTESIAN_POINT('',(-3.355212612127,-6.010529177014,40.));
#11805 = CARTESIAN_POINT('',(-3.355212612127,-6.337168226006,40.));
#11806 = CARTESIAN_POINT('',(-3.308607785038,-6.551415344161,40.));
#11807 = VECTOR('',#11808,1.);
#11808 = DIRECTION('',(0.,0.,1.));
#11809 = ADVANCED_FACE('',(#11810),#11828,.T.);
#11810 = FACE_BOUND('',#11811,.T.);
#11811 = EDGE_LOOP('',(#11812,#11820,#11821,#11822));
#11812 = ORIENTED_EDGE('',*,*,#11813,.T.);
#11813 = EDGE_CURVE('',#11814,#10950,#11816,.T.);
#11814 = VERTEX_POINT('',#11815);
#11815 = CARTESIAN_POINT('',(-3.308607785038,-5.469643009867,40.));
#11816 = LINE('',#11817,#11818);
#11817 = CARTESIAN_POINT('',(-3.308607785038,-5.469643009867,40.));
#11818 = VECTOR('',#11819,1.);
#11819 = DIRECTION('',(-0.,-0.,-1.));
#11820 = ORIENTED_EDGE('',*,*,#10949,.T.);
#11821 = ORIENTED_EDGE('',*,*,#11787,.F.);
#11822 = ORIENTED_EDGE('',*,*,#11823,.F.);
#11823 = EDGE_CURVE('',#11814,#11788,#11824,.T.);
#11824 = B_SPLINE_CURVE_WITH_KNOTS('',2,(#11825,#11826,#11827),
  .UNSPECIFIED.,.F.,.F.,(3,3),(0.,1.),.PIECEWISE_BEZIER_KNOTS.);
#11825 = CARTESIAN_POINT('',(-3.308607785038,-5.469643009867,40.));
#11826 = CARTESIAN_POINT('',(-3.355212612127,-5.683890128023,40.));
#11827 = CARTESIAN_POINT('',(-3.355212612127,-6.010529177014,40.));
#11828 = SURFACE_OF_LINEAR_EXTRUSION('',#11829,#11833);
#11829 = B_SPLINE_CURVE_WITH_KNOTS('',2,(#11830,#11831,#11832),
  .UNSPECIFIED.,.F.,.F.,(3,3),(0.,1.),.PIECEWISE_BEZIER_KNOTS.);
#11830 = CARTESIAN_POINT('',(-3.308607785038,-5.469643009867,40.));
#11831 = CARTESIAN_POINT('',(-3.355212612127,-5.683890128023,40.));
#11832 = CARTESIAN_POINT('',(-3.355212612127,-6.010529177014,40.));
#11833 = VECTOR('',#11834,1.);
#11834 = DIRECTION('',(0.,0.,1.));
#11835 = ADVANCED_FACE('',(#11836),#11854,.T.);
#11836 = FACE_BOUND('',#11837,.T.);
#11837 = EDGE_LOOP('',(#11838,#11846,#11847,#11848));
#11838 = ORIENTED_EDGE('',*,*,#11839,.T.);
#11839 = EDGE_CURVE('',#11840,#10958,#11842,.T.);
#11840 = VERTEX_POINT('',#11841);
#11841 = CARTESIAN_POINT('',(-3.183112468035,-5.128549710156,40.));
#11842 = LINE('',#11843,#11844);
#11843 = CARTESIAN_POINT('',(-3.183112468035,-5.128549710156,40.));
#11844 = VECTOR('',#11845,1.);
#11845 = DIRECTION('',(-0.,-0.,-1.));
#11846 = ORIENTED_EDGE('',*,*,#10957,.T.);
#11847 = ORIENTED_EDGE('',*,*,#11813,.F.);
#11848 = ORIENTED_EDGE('',*,*,#11849,.F.);
#11849 = EDGE_CURVE('',#11840,#11814,#11850,.T.);
#11850 = B_SPLINE_CURVE_WITH_KNOTS('',2,(#11851,#11852,#11853),
  .UNSPECIFIED.,.F.,.F.,(3,3),(0.,1.),.PIECEWISE_BEZIER_KNOTS.);
#11851 = CARTESIAN_POINT('',(-3.183112468035,-5.128549710156,40.));
#11852 = CARTESIAN_POINT('',(-3.261867871493,-5.255395891712,40.));
#11853 = CARTESIAN_POINT('',(-3.308607785038,-5.469643009867,40.));
#11854 = SURFACE_OF_LINEAR_EXTRUSION('',#11855,#11859);
#11855 = B_SPLINE_CURVE_WITH_KNOTS('',2,(#11856,#11857,#11858),
  .UNSPECIFIED.,.F.,.F.,(3,3),(0.,1.),.PIECEWISE_BEZIER_KNOTS.);
#11856 = CARTESIAN_POINT('',(-3.183112468035,-5.128549710156,40.));
#11857 = CARTESIAN_POINT('',(-3.261867871493,-5.255395891712,40.));
#11858 = CARTESIAN_POINT('',(-3.308607785038,-5.469643009867,40.));
#11859 = VECTOR('',#11860,1.);
#11860 = DIRECTION('',(0.,0.,1.));
#11861 = ADVANCED_FACE('',(#11862),#11880,.T.);
#11862 = FACE_BOUND('',#11863,.T.);
#11863 = EDGE_LOOP('',(#11864,#11872,#11873,#11874));
#11864 = ORIENTED_EDGE('',*,*,#11865,.T.);
#11865 = EDGE_CURVE('',#11866,#10966,#11868,.T.);
#11866 = VERTEX_POINT('',#11867);
#11867 = CARTESIAN_POINT('',(-3.001556272069,-4.950640848484,40.));
#11868 = LINE('',#11869,#11870);
#11869 = CARTESIAN_POINT('',(-3.001556272069,-4.950640848484,40.));
#11870 = VECTOR('',#11871,1.);
#11871 = DIRECTION('',(-0.,-0.,-1.));
#11872 = ORIENTED_EDGE('',*,*,#10965,.T.);
#11873 = ORIENTED_EDGE('',*,*,#11839,.F.);
#11874 = ORIENTED_EDGE('',*,*,#11875,.F.);
#11875 = EDGE_CURVE('',#11866,#11840,#11876,.T.);
#11876 = B_SPLINE_CURVE_WITH_KNOTS('',2,(#11877,#11878,#11879),
  .UNSPECIFIED.,.F.,.F.,(3,3),(0.,1.),.PIECEWISE_BEZIER_KNOTS.);
#11877 = CARTESIAN_POINT('',(-3.001556272069,-4.950640848484,40.));
#11878 = CARTESIAN_POINT('',(-3.104221978121,-5.001568442144,40.));
#11879 = CARTESIAN_POINT('',(-3.183112468035,-5.128549710156,40.));
#11880 = SURFACE_OF_LINEAR_EXTRUSION('',#11881,#11885);
#11881 = B_SPLINE_CURVE_WITH_KNOTS('',2,(#11882,#11883,#11884),
  .UNSPECIFIED.,.F.,.F.,(3,3),(0.,1.),.PIECEWISE_BEZIER_KNOTS.);
#11882 = CARTESIAN_POINT('',(-3.001556272069,-4.950640848484,40.));
#11883 = CARTESIAN_POINT('',(-3.104221978121,-5.001568442144,40.));
#11884 = CARTESIAN_POINT('',(-3.183112468035,-5.128549710156,40.));
#11885 = VECTOR('',#11886,1.);
#11886 = DIRECTION('',(0.,0.,1.));
#11887 = ADVANCED_FACE('',(#11888),#11906,.T.);
#11888 = FACE_BOUND('',#11889,.T.);
#11889 = EDGE_LOOP('',(#11890,#11898,#11899,#11900));
#11890 = ORIENTED_EDGE('',*,*,#11891,.T.);
#11891 = EDGE_CURVE('',#11892,#10974,#11894,.T.);
#11892 = VERTEX_POINT('',#11893);
#11893 = CARTESIAN_POINT('',(-2.788795104922,-4.899578168369,40.));
#11894 = LINE('',#11895,#11896);
#11895 = CARTESIAN_POINT('',(-2.788795104922,-4.899578168369,40.));
#11896 = VECTOR('',#11897,1.);
#11897 = DIRECTION('',(-0.,-0.,-1.));
#11898 = ORIENTED_EDGE('',*,*,#10973,.T.);
#11899 = ORIENTED_EDGE('',*,*,#11865,.F.);
#11900 = ORIENTED_EDGE('',*,*,#11901,.F.);
#11901 = EDGE_CURVE('',#11892,#11866,#11902,.T.);
#11902 = B_SPLINE_CURVE_WITH_KNOTS('',2,(#11903,#11904,#11905),
  .UNSPECIFIED.,.F.,.F.,(3,3),(0.,1.),.PIECEWISE_BEZIER_KNOTS.);
#11903 = CARTESIAN_POINT('',(-2.788795104922,-4.899578168369,40.));
#11904 = CARTESIAN_POINT('',(-2.898755479562,-4.899578168369,40.));
#11905 = CARTESIAN_POINT('',(-3.001556272069,-4.950640848484,40.));
#11906 = SURFACE_OF_LINEAR_EXTRUSION('',#11907,#11911);
#11907 = B_SPLINE_CURVE_WITH_KNOTS('',2,(#11908,#11909,#11910),
  .UNSPECIFIED.,.F.,.F.,(3,3),(0.,1.),.PIECEWISE_BEZIER_KNOTS.);
#11908 = CARTESIAN_POINT('',(-2.788795104922,-4.899578168369,40.));
#11909 = CARTESIAN_POINT('',(-2.898755479562,-4.899578168369,40.));
#11910 = CARTESIAN_POINT('',(-3.001556272069,-4.950640848484,40.));
#11911 = VECTOR('',#11912,1.);
#11912 = DIRECTION('',(0.,0.,1.));
#11913 = ADVANCED_FACE('',(#11914),#11932,.T.);
#11914 = FACE_BOUND('',#11915,.T.);
#11915 = EDGE_LOOP('',(#11916,#11924,#11925,#11926));
#11916 = ORIENTED_EDGE('',*,*,#11917,.T.);
#11917 = EDGE_CURVE('',#11918,#10982,#11920,.T.);
#11918 = VERTEX_POINT('',#11919);
#11919 = CARTESIAN_POINT('',(-2.572926949303,-4.950640848484,40.));
#11920 = LINE('',#11921,#11922);
#11921 = CARTESIAN_POINT('',(-2.572926949303,-4.950640848484,40.));
#11922 = VECTOR('',#11923,1.);
#11923 = DIRECTION('',(-0.,-0.,-1.));
#11924 = ORIENTED_EDGE('',*,*,#10981,.T.);
#11925 = ORIENTED_EDGE('',*,*,#11891,.F.);
#11926 = ORIENTED_EDGE('',*,*,#11927,.F.);
#11927 = EDGE_CURVE('',#11918,#11892,#11928,.T.);
#11928 = B_SPLINE_CURVE_WITH_KNOTS('',2,(#11929,#11930,#11931),
  .UNSPECIFIED.,.F.,.F.,(3,3),(0.,1.),.PIECEWISE_BEZIER_KNOTS.);
#11929 = CARTESIAN_POINT('',(-2.572926949303,-4.950640848484,40.));
#11930 = CARTESIAN_POINT('',(-2.676673346997,-4.899578168369,40.));
#11931 = CARTESIAN_POINT('',(-2.788795104922,-4.899578168369,40.));
#11932 = SURFACE_OF_LINEAR_EXTRUSION('',#11933,#11937);
#11933 = B_SPLINE_CURVE_WITH_KNOTS('',2,(#11934,#11935,#11936),
  .UNSPECIFIED.,.F.,.F.,(3,3),(0.,1.),.PIECEWISE_BEZIER_KNOTS.);
#11934 = CARTESIAN_POINT('',(-2.572926949303,-4.950640848484,40.));
#11935 = CARTESIAN_POINT('',(-2.676673346997,-4.899578168369,40.));
#11936 = CARTESIAN_POINT('',(-2.788795104922,-4.899578168369,40.));
#11937 = VECTOR('',#11938,1.);
#11938 = DIRECTION('',(0.,0.,1.));
#11939 = ADVANCED_FACE('',(#11940),#11958,.T.);
#11940 = FACE_BOUND('',#11941,.T.);
#11941 = EDGE_LOOP('',(#11942,#11950,#11951,#11952));
#11942 = ORIENTED_EDGE('',*,*,#11943,.T.);
#11943 = EDGE_CURVE('',#11944,#10990,#11946,.T.);
#11944 = VERTEX_POINT('',#11945);
#11945 = CARTESIAN_POINT('',(-2.389344456507,-5.128549710156,40.));
#11946 = LINE('',#11947,#11948);
#11947 = CARTESIAN_POINT('',(-2.389344456507,-5.128549710156,40.));
#11948 = VECTOR('',#11949,1.);
#11949 = DIRECTION('',(-0.,-0.,-1.));
#11950 = ORIENTED_EDGE('',*,*,#10989,.T.);
#11951 = ORIENTED_EDGE('',*,*,#11917,.F.);
#11952 = ORIENTED_EDGE('',*,*,#11953,.F.);
#11953 = EDGE_CURVE('',#11944,#11918,#11954,.T.);
#11954 = B_SPLINE_CURVE_WITH_KNOTS('',2,(#11955,#11956,#11957),
  .UNSPECIFIED.,.F.,.F.,(3,3),(0.,1.),.PIECEWISE_BEZIER_KNOTS.);
#11955 = CARTESIAN_POINT('',(-2.389344456507,-5.128549710156,40.));
#11956 = CARTESIAN_POINT('',(-2.469180551608,-5.001568442144,40.));
#11957 = CARTESIAN_POINT('',(-2.572926949303,-4.950640848484,40.));
#11958 = SURFACE_OF_LINEAR_EXTRUSION('',#11959,#11963);
#11959 = B_SPLINE_CURVE_WITH_KNOTS('',2,(#11960,#11961,#11962),
  .UNSPECIFIED.,.F.,.F.,(3,3),(0.,1.),.PIECEWISE_BEZIER_KNOTS.);
#11960 = CARTESIAN_POINT('',(-2.389344456507,-5.128549710156,40.));
#11961 = CARTESIAN_POINT('',(-2.469180551608,-5.001568442144,40.));
#11962 = CARTESIAN_POINT('',(-2.572926949303,-4.950640848484,40.));
#11963 = VECTOR('',#11964,1.);
#11964 = DIRECTION('',(0.,0.,1.));
#11965 = ADVANCED_FACE('',(#11966),#11977,.T.);
#11966 = FACE_BOUND('',#11967,.T.);
#11967 = EDGE_LOOP('',(#11968,#11969,#11970,#11971));
#11968 = ORIENTED_EDGE('',*,*,#11581,.T.);
#11969 = ORIENTED_EDGE('',*,*,#10997,.T.);
#11970 = ORIENTED_EDGE('',*,*,#11943,.F.);
#11971 = ORIENTED_EDGE('',*,*,#11972,.F.);
#11972 = EDGE_CURVE('',#11582,#11944,#11973,.T.);
#11973 = B_SPLINE_CURVE_WITH_KNOTS('',2,(#11974,#11975,#11976),
  .UNSPECIFIED.,.F.,.F.,(3,3),(0.,1.),.PIECEWISE_BEZIER_KNOTS.);
#11974 = CARTESIAN_POINT('',(-2.261822842675,-5.469643009867,40.));
#11975 = CARTESIAN_POINT('',(-2.309508361407,-5.255395891712,40.));
#11976 = CARTESIAN_POINT('',(-2.389344456507,-5.128549710156,40.));
#11977 = SURFACE_OF_LINEAR_EXTRUSION('',#11978,#11982);
#11978 = B_SPLINE_CURVE_WITH_KNOTS('',2,(#11979,#11980,#11981),
  .UNSPECIFIED.,.F.,.F.,(3,3),(0.,1.),.PIECEWISE_BEZIER_KNOTS.);
#11979 = CARTESIAN_POINT('',(-2.261822842675,-5.469643009867,40.));
#11980 = CARTESIAN_POINT('',(-2.309508361407,-5.255395891712,40.));
#11981 = CARTESIAN_POINT('',(-2.389344456507,-5.128549710156,40.));
#11982 = VECTOR('',#11983,1.);
#11983 = DIRECTION('',(0.,0.,1.));
#11984 = ADVANCED_FACE('',(#11985),#12010,.T.);
#11985 = FACE_BOUND('',#11986,.T.);
#11986 = EDGE_LOOP('',(#11987,#11995,#11996,#12004));
#11987 = ORIENTED_EDGE('',*,*,#11988,.T.);
#11988 = EDGE_CURVE('',#11989,#11030,#11991,.T.);
#11989 = VERTEX_POINT('',#11990);
#11990 = CARTESIAN_POINT('',(0.189455975769,-6.010529177014,40.));
#11991 = LINE('',#11992,#11993);
#11992 = CARTESIAN_POINT('',(0.189455975769,-6.010529177014,40.));
#11993 = VECTOR('',#11994,1.);
#11994 = DIRECTION('',(-0.,-0.,-1.));
#11995 = ORIENTED_EDGE('',*,*,#11029,.T.);
#11996 = ORIENTED_EDGE('',*,*,#11997,.F.);
#11997 = EDGE_CURVE('',#11998,#11032,#12000,.T.);
#11998 = VERTEX_POINT('',#11999);
#11999 = CARTESIAN_POINT('',(0.141635370582,-5.469643009867,40.));
#12000 = LINE('',#12001,#12002);
#12001 = CARTESIAN_POINT('',(0.141635370582,-5.469643009867,40.));
#12002 = VECTOR('',#12003,1.);
#12003 = DIRECTION('',(-0.,-0.,-1.));
#12004 = ORIENTED_EDGE('',*,*,#12005,.F.);
#12005 = EDGE_CURVE('',#11989,#11998,#12006,.T.);
#12006 = B_SPLINE_CURVE_WITH_KNOTS('',2,(#12007,#12008,#12009),
  .UNSPECIFIED.,.F.,.F.,(3,3),(0.,1.),.PIECEWISE_BEZIER_KNOTS.);
#12007 = CARTESIAN_POINT('',(0.189455975769,-6.010529177014,40.));
#12008 = CARTESIAN_POINT('',(0.189455975769,-5.683890128023,40.));
#12009 = CARTESIAN_POINT('',(0.141635370582,-5.469643009867,40.));
#12010 = SURFACE_OF_LINEAR_EXTRUSION('',#12011,#12015);
#12011 = B_SPLINE_CURVE_WITH_KNOTS('',2,(#12012,#12013,#12014),
  .UNSPECIFIED.,.F.,.F.,(3,3),(0.,1.),.PIECEWISE_BEZIER_KNOTS.);
#12012 = CARTESIAN_POINT('',(0.189455975769,-6.010529177014,40.));
#12013 = CARTESIAN_POINT('',(0.189455975769,-5.683890128023,40.));
#12014 = CARTESIAN_POINT('',(0.141635370582,-5.469643009867,40.));
#12015 = VECTOR('',#12016,1.);
#12016 = DIRECTION('',(0.,0.,1.));
#12017 = ADVANCED_FACE('',(#12018),#12036,.T.);
#12018 = FACE_BOUND('',#12019,.T.);
#12019 = EDGE_LOOP('',(#12020,#12028,#12029,#12030));
#12020 = ORIENTED_EDGE('',*,*,#12021,.T.);
#12021 = EDGE_CURVE('',#12022,#11040,#12024,.T.);
#12022 = VERTEX_POINT('',#12023);
#12023 = CARTESIAN_POINT('',(0.141635370582,-6.551415344161,40.));
#12024 = LINE('',#12025,#12026);
#12025 = CARTESIAN_POINT('',(0.141635370582,-6.551415344161,40.));
#12026 = VECTOR('',#12027,1.);
#12027 = DIRECTION('',(-0.,-0.,-1.));
#12028 = ORIENTED_EDGE('',*,*,#11039,.T.);
#12029 = ORIENTED_EDGE('',*,*,#11988,.F.);
#12030 = ORIENTED_EDGE('',*,*,#12031,.F.);
#12031 = EDGE_CURVE('',#12022,#11989,#12032,.T.);
#12032 = B_SPLINE_CURVE_WITH_KNOTS('',2,(#12033,#12034,#12035),
  .UNSPECIFIED.,.F.,.F.,(3,3),(0.,1.),.PIECEWISE_BEZIER_KNOTS.);
#12033 = CARTESIAN_POINT('',(0.141635370582,-6.551415344161,40.));
#12034 = CARTESIAN_POINT('',(0.189455975769,-6.337168226006,40.));
#12035 = CARTESIAN_POINT('',(0.189455975769,-6.010529177014,40.));
#12036 = SURFACE_OF_LINEAR_EXTRUSION('',#12037,#12041);
#12037 = B_SPLINE_CURVE_WITH_KNOTS('',2,(#12038,#12039,#12040),
  .UNSPECIFIED.,.F.,.F.,(3,3),(0.,1.),.PIECEWISE_BEZIER_KNOTS.);
#12038 = CARTESIAN_POINT('',(0.141635370582,-6.551415344161,40.));
#12039 = CARTESIAN_POINT('',(0.189455975769,-6.337168226006,40.));
#12040 = CARTESIAN_POINT('',(0.189455975769,-6.010529177014,40.));
#12041 = VECTOR('',#12042,1.);
#12042 = DIRECTION('',(0.,0.,1.));
#12043 = ADVANCED_FACE('',(#12044),#12062,.T.);
#12044 = FACE_BOUND('',#12045,.T.);
#12045 = EDGE_LOOP('',(#12046,#12054,#12055,#12056));
#12046 = ORIENTED_EDGE('',*,*,#12047,.T.);
#12047 = EDGE_CURVE('',#12048,#11048,#12050,.T.);
#12048 = VERTEX_POINT('',#12049);
#12049 = CARTESIAN_POINT('',(1.411375674899E-02,-6.892643730329,40.));
#12050 = LINE('',#12051,#12052);
#12051 = CARTESIAN_POINT('',(1.411375674899E-02,-6.892643730329,40.));
#12052 = VECTOR('',#12053,1.);
#12053 = DIRECTION('',(-0.,-0.,-1.));
#12054 = ORIENTED_EDGE('',*,*,#11047,.T.);
#12055 = ORIENTED_EDGE('',*,*,#12021,.F.);
#12056 = ORIENTED_EDGE('',*,*,#12057,.F.);
#12057 = EDGE_CURVE('',#12048,#12022,#12058,.T.);
#12058 = B_SPLINE_CURVE_WITH_KNOTS('',2,(#12059,#12060,#12061),
  .UNSPECIFIED.,.F.,.F.,(3,3),(0.,1.),.PIECEWISE_BEZIER_KNOTS.);
#12059 = CARTESIAN_POINT('',(1.411375674899E-02,-6.892643730329,40.));
#12060 = CARTESIAN_POINT('',(9.394985184986E-02,-6.765662462317,40.));
#12061 = CARTESIAN_POINT('',(0.141635370582,-6.551415344161,40.));
#12062 = SURFACE_OF_LINEAR_EXTRUSION('',#12063,#12067);
#12063 = B_SPLINE_CURVE_WITH_KNOTS('',2,(#12064,#12065,#12066),
  .UNSPECIFIED.,.F.,.F.,(3,3),(0.,1.),.PIECEWISE_BEZIER_KNOTS.);
#12064 = CARTESIAN_POINT('',(1.411375674899E-02,-6.892643730329,40.));
#12065 = CARTESIAN_POINT('',(9.394985184986E-02,-6.765662462317,40.));
#12066 = CARTESIAN_POINT('',(0.141635370582,-6.551415344161,40.));
#12067 = VECTOR('',#12068,1.);
#12068 = DIRECTION('',(0.,0.,1.));
#12069 = ADVANCED_FACE('',(#12070),#12088,.T.);
#12070 = FACE_BOUND('',#12071,.T.);
#12071 = EDGE_LOOP('',(#12072,#12080,#12081,#12082));
#12072 = ORIENTED_EDGE('',*,*,#12073,.T.);
#12073 = EDGE_CURVE('',#12074,#11056,#12076,.T.);
#12074 = VERTEX_POINT('',#12075);
#12075 = CARTESIAN_POINT('',(-0.169468736046,-7.070552592,40.));
#12076 = LINE('',#12077,#12078);
#12077 = CARTESIAN_POINT('',(-0.169468736046,-7.070552592,40.));
#12078 = VECTOR('',#12079,1.);
#12079 = DIRECTION('',(-0.,-0.,-1.));
#12080 = ORIENTED_EDGE('',*,*,#11055,.T.);
#12081 = ORIENTED_EDGE('',*,*,#12047,.F.);
#12082 = ORIENTED_EDGE('',*,*,#12083,.F.);
#12083 = EDGE_CURVE('',#12074,#12048,#12084,.T.);
#12084 = B_SPLINE_CURVE_WITH_KNOTS('',2,(#12085,#12086,#12087),
  .UNSPECIFIED.,.F.,.F.,(3,3),(0.,1.),.PIECEWISE_BEZIER_KNOTS.);
#12085 = CARTESIAN_POINT('',(-0.169468736046,-7.070552592,40.));
#12086 = CARTESIAN_POINT('',(-6.572233835187E-02,-7.019489911885,40.));
#12087 = CARTESIAN_POINT('',(1.411375674899E-02,-6.892643730329,40.));
#12088 = SURFACE_OF_LINEAR_EXTRUSION('',#12089,#12093);
#12089 = B_SPLINE_CURVE_WITH_KNOTS('',2,(#12090,#12091,#12092),
  .UNSPECIFIED.,.F.,.F.,(3,3),(0.,1.),.PIECEWISE_BEZIER_KNOTS.);
#12090 = CARTESIAN_POINT('',(-0.169468736046,-7.070552592,40.));
#12091 = CARTESIAN_POINT('',(-6.572233835187E-02,-7.019489911885,40.));
#12092 = CARTESIAN_POINT('',(1.411375674899E-02,-6.892643730329,40.));
#12093 = VECTOR('',#12094,1.);
#12094 = DIRECTION('',(0.,0.,1.));
#12095 = ADVANCED_FACE('',(#12096),#12114,.T.);
#12096 = FACE_BOUND('',#12097,.T.);
#12097 = EDGE_LOOP('',(#12098,#12106,#12107,#12108));
#12098 = ORIENTED_EDGE('',*,*,#12099,.T.);
#12099 = EDGE_CURVE('',#12100,#11064,#12102,.T.);
#12100 = VERTEX_POINT('',#12101);
#12101 = CARTESIAN_POINT('',(-0.385336891666,-7.12148018566,40.));
#12102 = LINE('',#12103,#12104);
#12103 = CARTESIAN_POINT('',(-0.385336891666,-7.12148018566,40.));
#12104 = VECTOR('',#12105,1.);
#12105 = DIRECTION('',(-0.,-0.,-1.));
#12106 = ORIENTED_EDGE('',*,*,#11063,.T.);
#12107 = ORIENTED_EDGE('',*,*,#12073,.F.);
#12108 = ORIENTED_EDGE('',*,*,#12109,.F.);
#12109 = EDGE_CURVE('',#12100,#12074,#12110,.T.);
#12110 = B_SPLINE_CURVE_WITH_KNOTS('',2,(#12111,#12112,#12113),
  .UNSPECIFIED.,.F.,.F.,(3,3),(0.,1.),.PIECEWISE_BEZIER_KNOTS.);
#12111 = CARTESIAN_POINT('',(-0.385336891666,-7.12148018566,40.));
#12112 = CARTESIAN_POINT('',(-0.273215133741,-7.12148018566,40.));
#12113 = CARTESIAN_POINT('',(-0.169468736046,-7.070552592,40.));
#12114 = SURFACE_OF_LINEAR_EXTRUSION('',#12115,#12119);
#12115 = B_SPLINE_CURVE_WITH_KNOTS('',2,(#12116,#12117,#12118),
  .UNSPECIFIED.,.F.,.F.,(3,3),(0.,1.),.PIECEWISE_BEZIER_KNOTS.);
#12116 = CARTESIAN_POINT('',(-0.385336891666,-7.12148018566,40.));
#12117 = CARTESIAN_POINT('',(-0.273215133741,-7.12148018566,40.));
#12118 = CARTESIAN_POINT('',(-0.169468736046,-7.070552592,40.));
#12119 = VECTOR('',#12120,1.);
#12120 = DIRECTION('',(0.,0.,1.));
#12121 = ADVANCED_FACE('',(#12122),#12140,.T.);
#12122 = FACE_BOUND('',#12123,.T.);
#12123 = EDGE_LOOP('',(#12124,#12132,#12133,#12134));
#12124 = ORIENTED_EDGE('',*,*,#12125,.T.);
#12125 = EDGE_CURVE('',#12126,#11072,#12128,.T.);
#12126 = VERTEX_POINT('',#12127);
#12127 = CARTESIAN_POINT('',(-0.598098058813,-7.070552592,40.));
#12128 = LINE('',#12129,#12130);
#12129 = CARTESIAN_POINT('',(-0.598098058813,-7.070552592,40.));
#12130 = VECTOR('',#12131,1.);
#12131 = DIRECTION('',(-0.,-0.,-1.));
#12132 = ORIENTED_EDGE('',*,*,#11071,.T.);
#12133 = ORIENTED_EDGE('',*,*,#12099,.F.);
#12134 = ORIENTED_EDGE('',*,*,#12135,.F.);
#12135 = EDGE_CURVE('',#12126,#12100,#12136,.T.);
#12136 = B_SPLINE_CURVE_WITH_KNOTS('',2,(#12137,#12138,#12139),
  .UNSPECIFIED.,.F.,.F.,(3,3),(0.,1.),.PIECEWISE_BEZIER_KNOTS.);
#12137 = CARTESIAN_POINT('',(-0.598098058813,-7.070552592,40.));
#12138 = CARTESIAN_POINT('',(-0.495297266306,-7.12148018566,40.));
#12139 = CARTESIAN_POINT('',(-0.385336891666,-7.12148018566,40.));
#12140 = SURFACE_OF_LINEAR_EXTRUSION('',#12141,#12145);
#12141 = B_SPLINE_CURVE_WITH_KNOTS('',2,(#12142,#12143,#12144),
  .UNSPECIFIED.,.F.,.F.,(3,3),(0.,1.),.PIECEWISE_BEZIER_KNOTS.);
#12142 = CARTESIAN_POINT('',(-0.598098058813,-7.070552592,40.));
#12143 = CARTESIAN_POINT('',(-0.495297266306,-7.12148018566,40.));
#12144 = CARTESIAN_POINT('',(-0.385336891666,-7.12148018566,40.));
#12145 = VECTOR('',#12146,1.);
#12146 = DIRECTION('',(0.,0.,1.));
#12147 = ADVANCED_FACE('',(#12148),#12166,.T.);
#12148 = FACE_BOUND('',#12149,.T.);
#12149 = EDGE_LOOP('',(#12150,#12158,#12159,#12160));
#12150 = ORIENTED_EDGE('',*,*,#12151,.T.);
#12151 = EDGE_CURVE('',#12152,#11080,#12154,.T.);
#12152 = VERTEX_POINT('',#12153);
#12153 = CARTESIAN_POINT('',(-0.779654254778,-6.892643730329,40.));
#12154 = LINE('',#12155,#12156);
#12155 = CARTESIAN_POINT('',(-0.779654254778,-6.892643730329,40.));
#12156 = VECTOR('',#12157,1.);
#12157 = DIRECTION('',(-0.,-0.,-1.));
#12158 = ORIENTED_EDGE('',*,*,#11079,.T.);
#12159 = ORIENTED_EDGE('',*,*,#12125,.F.);
#12160 = ORIENTED_EDGE('',*,*,#12161,.F.);
#12161 = EDGE_CURVE('',#12152,#12126,#12162,.T.);
#12162 = B_SPLINE_CURVE_WITH_KNOTS('',2,(#12163,#12164,#12165),
  .UNSPECIFIED.,.F.,.F.,(3,3),(0.,1.),.PIECEWISE_BEZIER_KNOTS.);
#12163 = CARTESIAN_POINT('',(-0.779654254778,-6.892643730329,40.));
#12164 = CARTESIAN_POINT('',(-0.700763764865,-7.019489911885,40.));
#12165 = CARTESIAN_POINT('',(-0.598098058813,-7.070552592,40.));
#12166 = SURFACE_OF_LINEAR_EXTRUSION('',#12167,#12171);
#12167 = B_SPLINE_CURVE_WITH_KNOTS('',2,(#12168,#12169,#12170),
  .UNSPECIFIED.,.F.,.F.,(3,3),(0.,1.),.PIECEWISE_BEZIER_KNOTS.);
#12168 = CARTESIAN_POINT('',(-0.779654254778,-6.892643730329,40.));
#12169 = CARTESIAN_POINT('',(-0.700763764865,-7.019489911885,40.));
#12170 = CARTESIAN_POINT('',(-0.598098058813,-7.070552592,40.));
#12171 = VECTOR('',#12172,1.);
#12172 = DIRECTION('',(0.,0.,1.));
#12173 = ADVANCED_FACE('',(#12174),#12192,.T.);
#12174 = FACE_BOUND('',#12175,.T.);
#12175 = EDGE_LOOP('',(#12176,#12184,#12185,#12186));
#12176 = ORIENTED_EDGE('',*,*,#12177,.T.);
#12177 = EDGE_CURVE('',#12178,#11088,#12180,.T.);
#12178 = VERTEX_POINT('',#12179);
#12179 = CARTESIAN_POINT('',(-0.905149571781,-6.551415344161,40.));
#12180 = LINE('',#12181,#12182);
#12181 = CARTESIAN_POINT('',(-0.905149571781,-6.551415344161,40.));
#12182 = VECTOR('',#12183,1.);
#12183 = DIRECTION('',(-0.,-0.,-1.));
#12184 = ORIENTED_EDGE('',*,*,#11087,.T.);
#12185 = ORIENTED_EDGE('',*,*,#12151,.F.);
#12186 = ORIENTED_EDGE('',*,*,#12187,.F.);
#12187 = EDGE_CURVE('',#12178,#12152,#12188,.T.);
#12188 = B_SPLINE_CURVE_WITH_KNOTS('',2,(#12189,#12190,#12191),
  .UNSPECIFIED.,.F.,.F.,(3,3),(0.,1.),.PIECEWISE_BEZIER_KNOTS.);
#12189 = CARTESIAN_POINT('',(-0.905149571781,-6.551415344161,40.));
#12190 = CARTESIAN_POINT('',(-0.858409658237,-6.765662462317,40.));
#12191 = CARTESIAN_POINT('',(-0.779654254778,-6.892643730329,40.));
#12192 = SURFACE_OF_LINEAR_EXTRUSION('',#12193,#12197);
#12193 = B_SPLINE_CURVE_WITH_KNOTS('',2,(#12194,#12195,#12196),
  .UNSPECIFIED.,.F.,.F.,(3,3),(0.,1.),.PIECEWISE_BEZIER_KNOTS.);
#12194 = CARTESIAN_POINT('',(-0.905149571781,-6.551415344161,40.));
#12195 = CARTESIAN_POINT('',(-0.858409658237,-6.765662462317,40.));
#12196 = CARTESIAN_POINT('',(-0.779654254778,-6.892643730329,40.));
#12197 = VECTOR('',#12198,1.);
#12198 = DIRECTION('',(0.,0.,1.));
#12199 = ADVANCED_FACE('',(#12200),#12218,.T.);
#12200 = FACE_BOUND('',#12201,.T.);
#12201 = EDGE_LOOP('',(#12202,#12210,#12211,#12212));
#12202 = ORIENTED_EDGE('',*,*,#12203,.T.);
#12203 = EDGE_CURVE('',#12204,#11096,#12206,.T.);
#12204 = VERTEX_POINT('',#12205);
#12205 = CARTESIAN_POINT('',(-0.951754398871,-6.010529177014,40.));
#12206 = LINE('',#12207,#12208);
#12207 = CARTESIAN_POINT('',(-0.951754398871,-6.010529177014,40.));
#12208 = VECTOR('',#12209,1.);
#12209 = DIRECTION('',(-0.,-0.,-1.));
#12210 = ORIENTED_EDGE('',*,*,#11095,.T.);
#12211 = ORIENTED_EDGE('',*,*,#12177,.F.);
#12212 = ORIENTED_EDGE('',*,*,#12213,.F.);
#12213 = EDGE_CURVE('',#12204,#12178,#12214,.T.);
#12214 = B_SPLINE_CURVE_WITH_KNOTS('',2,(#12215,#12216,#12217),
  .UNSPECIFIED.,.F.,.F.,(3,3),(0.,1.),.PIECEWISE_BEZIER_KNOTS.);
#12215 = CARTESIAN_POINT('',(-0.951754398871,-6.010529177014,40.));
#12216 = CARTESIAN_POINT('',(-0.951754398871,-6.337168226006,40.));
#12217 = CARTESIAN_POINT('',(-0.905149571781,-6.551415344161,40.));
#12218 = SURFACE_OF_LINEAR_EXTRUSION('',#12219,#12223);
#12219 = B_SPLINE_CURVE_WITH_KNOTS('',2,(#12220,#12221,#12222),
  .UNSPECIFIED.,.F.,.F.,(3,3),(0.,1.),.PIECEWISE_BEZIER_KNOTS.);
#12220 = CARTESIAN_POINT('',(-0.951754398871,-6.010529177014,40.));
#12221 = CARTESIAN_POINT('',(-0.951754398871,-6.337168226006,40.));
#12222 = CARTESIAN_POINT('',(-0.905149571781,-6.551415344161,40.));
#12223 = VECTOR('',#12224,1.);
#12224 = DIRECTION('',(0.,0.,1.));
#12225 = ADVANCED_FACE('',(#12226),#12244,.T.);
#12226 = FACE_BOUND('',#12227,.T.);
#12227 = EDGE_LOOP('',(#12228,#12236,#12237,#12238));
#12228 = ORIENTED_EDGE('',*,*,#12229,.T.);
#12229 = EDGE_CURVE('',#12230,#11104,#12232,.T.);
#12230 = VERTEX_POINT('',#12231);
#12231 = CARTESIAN_POINT('',(-0.905149571781,-5.469643009867,40.));
#12232 = LINE('',#12233,#12234);
#12233 = CARTESIAN_POINT('',(-0.905149571781,-5.469643009867,40.));
#12234 = VECTOR('',#12235,1.);
#12235 = DIRECTION('',(-0.,-0.,-1.));
#12236 = ORIENTED_EDGE('',*,*,#11103,.T.);
#12237 = ORIENTED_EDGE('',*,*,#12203,.F.);
#12238 = ORIENTED_EDGE('',*,*,#12239,.F.);
#12239 = EDGE_CURVE('',#12230,#12204,#12240,.T.);
#12240 = B_SPLINE_CURVE_WITH_KNOTS('',2,(#12241,#12242,#12243),
  .UNSPECIFIED.,.F.,.F.,(3,3),(0.,1.),.PIECEWISE_BEZIER_KNOTS.);
#12241 = CARTESIAN_POINT('',(-0.905149571781,-5.469643009867,40.));
#12242 = CARTESIAN_POINT('',(-0.951754398871,-5.683890128023,40.));
#12243 = CARTESIAN_POINT('',(-0.951754398871,-6.010529177014,40.));
#12244 = SURFACE_OF_LINEAR_EXTRUSION('',#12245,#12249);
#12245 = B_SPLINE_CURVE_WITH_KNOTS('',2,(#12246,#12247,#12248),
  .UNSPECIFIED.,.F.,.F.,(3,3),(0.,1.),.PIECEWISE_BEZIER_KNOTS.);
#12246 = CARTESIAN_POINT('',(-0.905149571781,-5.469643009867,40.));
#12247 = CARTESIAN_POINT('',(-0.951754398871,-5.683890128023,40.));
#12248 = CARTESIAN_POINT('',(-0.951754398871,-6.010529177014,40.));
#12249 = VECTOR('',#12250,1.);
#12250 = DIRECTION('',(0.,0.,1.));
#12251 = ADVANCED_FACE('',(#12252),#12270,.T.);
#12252 = FACE_BOUND('',#12253,.T.);
#12253 = EDGE_LOOP('',(#12254,#12262,#12263,#12264));
#12254 = ORIENTED_EDGE('',*,*,#12255,.T.);
#12255 = EDGE_CURVE('',#12256,#11112,#12258,.T.);
#12256 = VERTEX_POINT('',#12257);
#12257 = CARTESIAN_POINT('',(-0.779654254778,-5.128549710156,40.));
#12258 = LINE('',#12259,#12260);
#12259 = CARTESIAN_POINT('',(-0.779654254778,-5.128549710156,40.));
#12260 = VECTOR('',#12261,1.);
#12261 = DIRECTION('',(-0.,-0.,-1.));
#12262 = ORIENTED_EDGE('',*,*,#11111,.T.);
#12263 = ORIENTED_EDGE('',*,*,#12229,.F.);
#12264 = ORIENTED_EDGE('',*,*,#12265,.F.);
#12265 = EDGE_CURVE('',#12256,#12230,#12266,.T.);
#12266 = B_SPLINE_CURVE_WITH_KNOTS('',2,(#12267,#12268,#12269),
  .UNSPECIFIED.,.F.,.F.,(3,3),(0.,1.),.PIECEWISE_BEZIER_KNOTS.);
#12267 = CARTESIAN_POINT('',(-0.779654254778,-5.128549710156,40.));
#12268 = CARTESIAN_POINT('',(-0.858409658237,-5.255395891712,40.));
#12269 = CARTESIAN_POINT('',(-0.905149571781,-5.469643009867,40.));
#12270 = SURFACE_OF_LINEAR_EXTRUSION('',#12271,#12275);
#12271 = B_SPLINE_CURVE_WITH_KNOTS('',2,(#12272,#12273,#12274),
  .UNSPECIFIED.,.F.,.F.,(3,3),(0.,1.),.PIECEWISE_BEZIER_KNOTS.);
#12272 = CARTESIAN_POINT('',(-0.779654254778,-5.128549710156,40.));
#12273 = CARTESIAN_POINT('',(-0.858409658237,-5.255395891712,40.));
#12274 = CARTESIAN_POINT('',(-0.905149571781,-5.469643009867,40.));
#12275 = VECTOR('',#12276,1.);
#12276 = DIRECTION('',(0.,0.,1.));
#12277 = ADVANCED_FACE('',(#12278),#12296,.T.);
#12278 = FACE_BOUND('',#12279,.T.);
#12279 = EDGE_LOOP('',(#12280,#12288,#12289,#12290));
#12280 = ORIENTED_EDGE('',*,*,#12281,.T.);
#12281 = EDGE_CURVE('',#12282,#11120,#12284,.T.);
#12282 = VERTEX_POINT('',#12283);
#12283 = CARTESIAN_POINT('',(-0.598098058813,-4.950640848484,40.));
#12284 = LINE('',#12285,#12286);
#12285 = CARTESIAN_POINT('',(-0.598098058813,-4.950640848484,40.));
#12286 = VECTOR('',#12287,1.);
#12287 = DIRECTION('',(-0.,-0.,-1.));
#12288 = ORIENTED_EDGE('',*,*,#11119,.T.);
#12289 = ORIENTED_EDGE('',*,*,#12255,.F.);
#12290 = ORIENTED_EDGE('',*,*,#12291,.F.);
#12291 = EDGE_CURVE('',#12282,#12256,#12292,.T.);
#12292 = B_SPLINE_CURVE_WITH_KNOTS('',2,(#12293,#12294,#12295),
  .UNSPECIFIED.,.F.,.F.,(3,3),(0.,1.),.PIECEWISE_BEZIER_KNOTS.);
#12293 = CARTESIAN_POINT('',(-0.598098058813,-4.950640848484,40.));
#12294 = CARTESIAN_POINT('',(-0.700763764865,-5.001568442144,40.));
#12295 = CARTESIAN_POINT('',(-0.779654254778,-5.128549710156,40.));
#12296 = SURFACE_OF_LINEAR_EXTRUSION('',#12297,#12301);
#12297 = B_SPLINE_CURVE_WITH_KNOTS('',2,(#12298,#12299,#12300),
  .UNSPECIFIED.,.F.,.F.,(3,3),(0.,1.),.PIECEWISE_BEZIER_KNOTS.);
#12298 = CARTESIAN_POINT('',(-0.598098058813,-4.950640848484,40.));
#12299 = CARTESIAN_POINT('',(-0.700763764865,-5.001568442144,40.));
#12300 = CARTESIAN_POINT('',(-0.779654254778,-5.128549710156,40.));
#12301 = VECTOR('',#12302,1.);
#12302 = DIRECTION('',(0.,0.,1.));
#12303 = ADVANCED_FACE('',(#12304),#12322,.T.);
#12304 = FACE_BOUND('',#12305,.T.);
#12305 = EDGE_LOOP('',(#12306,#12314,#12315,#12316));
#12306 = ORIENTED_EDGE('',*,*,#12307,.T.);
#12307 = EDGE_CURVE('',#12308,#11128,#12310,.T.);
#12308 = VERTEX_POINT('',#12309);
#12309 = CARTESIAN_POINT('',(-0.385336891666,-4.899578168369,40.));
#12310 = LINE('',#12311,#12312);
#12311 = CARTESIAN_POINT('',(-0.385336891666,-4.899578168369,40.));
#12312 = VECTOR('',#12313,1.);
#12313 = DIRECTION('',(-0.,-0.,-1.));
#12314 = ORIENTED_EDGE('',*,*,#11127,.T.);
#12315 = ORIENTED_EDGE('',*,*,#12281,.F.);
#12316 = ORIENTED_EDGE('',*,*,#12317,.F.);
#12317 = EDGE_CURVE('',#12308,#12282,#12318,.T.);
#12318 = B_SPLINE_CURVE_WITH_KNOTS('',2,(#12319,#12320,#12321),
  .UNSPECIFIED.,.F.,.F.,(3,3),(0.,1.),.PIECEWISE_BEZIER_KNOTS.);
#12319 = CARTESIAN_POINT('',(-0.385336891666,-4.899578168369,40.));
#12320 = CARTESIAN_POINT('',(-0.495297266306,-4.899578168369,40.));
#12321 = CARTESIAN_POINT('',(-0.598098058813,-4.950640848484,40.));
#12322 = SURFACE_OF_LINEAR_EXTRUSION('',#12323,#12327);
#12323 = B_SPLINE_CURVE_WITH_KNOTS('',2,(#12324,#12325,#12326),
  .UNSPECIFIED.,.F.,.F.,(3,3),(0.,1.),.PIECEWISE_BEZIER_KNOTS.);
#12324 = CARTESIAN_POINT('',(-0.385336891666,-4.899578168369,40.));
#12325 = CARTESIAN_POINT('',(-0.495297266306,-4.899578168369,40.));
#12326 = CARTESIAN_POINT('',(-0.598098058813,-4.950640848484,40.));
#12327 = VECTOR('',#12328,1.);
#12328 = DIRECTION('',(0.,0.,1.));
#12329 = ADVANCED_FACE('',(#12330),#12348,.T.);
#12330 = FACE_BOUND('',#12331,.T.);
#12331 = EDGE_LOOP('',(#12332,#12340,#12341,#12342));
#12332 = ORIENTED_EDGE('',*,*,#12333,.T.);
#12333 = EDGE_CURVE('',#12334,#11136,#12336,.T.);
#12334 = VERTEX_POINT('',#12335);
#12335 = CARTESIAN_POINT('',(-0.169468736046,-4.950640848484,40.));
#12336 = LINE('',#12337,#12338);
#12337 = CARTESIAN_POINT('',(-0.169468736046,-4.950640848484,40.));
#12338 = VECTOR('',#12339,1.);
#12339 = DIRECTION('',(-0.,-0.,-1.));
#12340 = ORIENTED_EDGE('',*,*,#11135,.T.);
#12341 = ORIENTED_EDGE('',*,*,#12307,.F.);
#12342 = ORIENTED_EDGE('',*,*,#12343,.F.);
#12343 = EDGE_CURVE('',#12334,#12308,#12344,.T.);
#12344 = B_SPLINE_CURVE_WITH_KNOTS('',2,(#12345,#12346,#12347),
  .UNSPECIFIED.,.F.,.F.,(3,3),(0.,1.),.PIECEWISE_BEZIER_KNOTS.);
#12345 = CARTESIAN_POINT('',(-0.169468736046,-4.950640848484,40.));
#12346 = CARTESIAN_POINT('',(-0.273215133741,-4.899578168369,40.));
#12347 = CARTESIAN_POINT('',(-0.385336891666,-4.899578168369,40.));
#12348 = SURFACE_OF_LINEAR_EXTRUSION('',#12349,#12353);
#12349 = B_SPLINE_CURVE_WITH_KNOTS('',2,(#12350,#12351,#12352),
  .UNSPECIFIED.,.F.,.F.,(3,3),(0.,1.),.PIECEWISE_BEZIER_KNOTS.);
#12350 = CARTESIAN_POINT('',(-0.169468736046,-4.950640848484,40.));
#12351 = CARTESIAN_POINT('',(-0.273215133741,-4.899578168369,40.));
#12352 = CARTESIAN_POINT('',(-0.385336891666,-4.899578168369,40.));
#12353 = VECTOR('',#12354,1.);
#12354 = DIRECTION('',(0.,0.,1.));
#12355 = ADVANCED_FACE('',(#12356),#12374,.T.);
#12356 = FACE_BOUND('',#12357,.T.);
#12357 = EDGE_LOOP('',(#12358,#12366,#12367,#12368));
#12358 = ORIENTED_EDGE('',*,*,#12359,.T.);
#12359 = EDGE_CURVE('',#12360,#11144,#12362,.T.);
#12360 = VERTEX_POINT('',#12361);
#12361 = CARTESIAN_POINT('',(1.411375674899E-02,-5.128549710156,40.));
#12362 = LINE('',#12363,#12364);
#12363 = CARTESIAN_POINT('',(1.411375674899E-02,-5.128549710156,40.));
#12364 = VECTOR('',#12365,1.);
#12365 = DIRECTION('',(-0.,-0.,-1.));
#12366 = ORIENTED_EDGE('',*,*,#11143,.T.);
#12367 = ORIENTED_EDGE('',*,*,#12333,.F.);
#12368 = ORIENTED_EDGE('',*,*,#12369,.F.);
#12369 = EDGE_CURVE('',#12360,#12334,#12370,.T.);
#12370 = B_SPLINE_CURVE_WITH_KNOTS('',2,(#12371,#12372,#12373),
  .UNSPECIFIED.,.F.,.F.,(3,3),(0.,1.),.PIECEWISE_BEZIER_KNOTS.);
#12371 = CARTESIAN_POINT('',(1.411375674899E-02,-5.128549710156,40.));
#12372 = CARTESIAN_POINT('',(-6.572233835187E-02,-5.001568442144,40.));
#12373 = CARTESIAN_POINT('',(-0.169468736046,-4.950640848484,40.));
#12374 = SURFACE_OF_LINEAR_EXTRUSION('',#12375,#12379);
#12375 = B_SPLINE_CURVE_WITH_KNOTS('',2,(#12376,#12377,#12378),
  .UNSPECIFIED.,.F.,.F.,(3,3),(0.,1.),.PIECEWISE_BEZIER_KNOTS.);
#12376 = CARTESIAN_POINT('',(1.411375674899E-02,-5.128549710156,40.));
#12377 = CARTESIAN_POINT('',(-6.572233835187E-02,-5.001568442144,40.));
#12378 = CARTESIAN_POINT('',(-0.169468736046,-4.950640848484,40.));
#12379 = VECTOR('',#12380,1.);
#12380 = DIRECTION('',(0.,0.,1.));
#12381 = ADVANCED_FACE('',(#12382),#12393,.T.);
#12382 = FACE_BOUND('',#12383,.T.);
#12383 = EDGE_LOOP('',(#12384,#12385,#12386,#12387));
#12384 = ORIENTED_EDGE('',*,*,#11997,.T.);
#12385 = ORIENTED_EDGE('',*,*,#11151,.T.);
#12386 = ORIENTED_EDGE('',*,*,#12359,.F.);
#12387 = ORIENTED_EDGE('',*,*,#12388,.F.);
#12388 = EDGE_CURVE('',#11998,#12360,#12389,.T.);
#12389 = B_SPLINE_CURVE_WITH_KNOTS('',2,(#12390,#12391,#12392),
  .UNSPECIFIED.,.F.,.F.,(3,3),(0.,1.),.PIECEWISE_BEZIER_KNOTS.);
#12390 = CARTESIAN_POINT('',(0.141635370582,-5.469643009867,40.));
#12391 = CARTESIAN_POINT('',(9.394985184986E-02,-5.255395891712,40.));
#12392 = CARTESIAN_POINT('',(1.411375674899E-02,-5.128549710156,40.));
#12393 = SURFACE_OF_LINEAR_EXTRUSION('',#12394,#12398);
#12394 = B_SPLINE_CURVE_WITH_KNOTS('',2,(#12395,#12396,#12397),
  .UNSPECIFIED.,.F.,.F.,(3,3),(0.,1.),.PIECEWISE_BEZIER_KNOTS.);
#12395 = CARTESIAN_POINT('',(0.141635370582,-5.469643009867,40.));
#12396 = CARTESIAN_POINT('',(9.394985184986E-02,-5.255395891712,40.));
#12397 = CARTESIAN_POINT('',(1.411375674899E-02,-5.128549710156,40.));
#12398 = VECTOR('',#12399,1.);
#12399 = DIRECTION('',(0.,0.,1.));
#12400 = ADVANCED_FACE('',(#12401),#12426,.T.);
#12401 = FACE_BOUND('',#12402,.T.);
#12402 = EDGE_LOOP('',(#12403,#12411,#12412,#12420));
#12403 = ORIENTED_EDGE('',*,*,#12404,.T.);
#12404 = EDGE_CURVE('',#12405,#11347,#12407,.T.);
#12405 = VERTEX_POINT('',#12406);
#12406 = CARTESIAN_POINT('',(-6.713974315786,0.864099869958,40.));
#12407 = LINE('',#12408,#12409);
#12408 = CARTESIAN_POINT('',(-6.713974315786,0.864099869958,40.));
#12409 = VECTOR('',#12410,1.);
#12410 = DIRECTION('',(-0.,-0.,-1.));
#12411 = ORIENTED_EDGE('',*,*,#11346,.T.);
#12412 = ORIENTED_EDGE('',*,*,#12413,.F.);
#12413 = EDGE_CURVE('',#12414,#11349,#12416,.T.);
#12414 = VERTEX_POINT('',#12415);
#12415 = CARTESIAN_POINT('',(-6.133102557861,0.864099869958,40.));
#12416 = LINE('',#12417,#12418);
#12417 = CARTESIAN_POINT('',(-6.133102557861,0.864099869958,40.));
#12418 = VECTOR('',#12419,1.);
#12419 = DIRECTION('',(-0.,-0.,-1.));
#12420 = ORIENTED_EDGE('',*,*,#12421,.F.);
#12421 = EDGE_CURVE('',#12405,#12414,#12422,.T.);
#12422 = LINE('',#12423,#12424);
#12423 = CARTESIAN_POINT('',(-6.713974315786,0.864099869958,40.));
#12424 = VECTOR('',#12425,1.);
#12425 = DIRECTION('',(1.,0.,0.));
#12426 = PLANE('',#12427);
#12427 = AXIS2_PLACEMENT_3D('',#12428,#12429,#12430);
#12428 = CARTESIAN_POINT('',(-6.713974315786,0.864099869958,40.));
#12429 = DIRECTION('',(0.,-1.,0.));
#12430 = DIRECTION('',(1.,0.,0.));
#12431 = ADVANCED_FACE('',(#12432),#12450,.T.);
#12432 = FACE_BOUND('',#12433,.T.);
#12433 = EDGE_LOOP('',(#12434,#12442,#12443,#12444));
#12434 = ORIENTED_EDGE('',*,*,#12435,.T.);
#12435 = EDGE_CURVE('',#12436,#11357,#12438,.T.);
#12436 = VERTEX_POINT('',#12437);
#12437 = CARTESIAN_POINT('',(-6.713974315786,2.52116038869,40.));
#12438 = LINE('',#12439,#12440);
#12439 = CARTESIAN_POINT('',(-6.713974315786,2.52116038869,40.));
#12440 = VECTOR('',#12441,1.);
#12441 = DIRECTION('',(-0.,-0.,-1.));
#12442 = ORIENTED_EDGE('',*,*,#11356,.T.);
#12443 = ORIENTED_EDGE('',*,*,#12404,.F.);
#12444 = ORIENTED_EDGE('',*,*,#12445,.F.);
#12445 = EDGE_CURVE('',#12436,#12405,#12446,.T.);
#12446 = LINE('',#12447,#12448);
#12447 = CARTESIAN_POINT('',(-6.713974315786,2.52116038869,40.));
#12448 = VECTOR('',#12449,1.);
#12449 = DIRECTION('',(0.,-1.,0.));
#12450 = PLANE('',#12451);
#12451 = AXIS2_PLACEMENT_3D('',#12452,#12453,#12454);
#12452 = CARTESIAN_POINT('',(-6.713974315786,2.52116038869,40.));
#12453 = DIRECTION('',(-1.,0.,0.));
#12454 = DIRECTION('',(0.,-1.,0.));
#12455 = ADVANCED_FACE('',(#12456),#12474,.T.);
#12456 = FACE_BOUND('',#12457,.T.);
#12457 = EDGE_LOOP('',(#12458,#12466,#12467,#12468));
#12458 = ORIENTED_EDGE('',*,*,#12459,.T.);
#12459 = EDGE_CURVE('',#12460,#11365,#12462,.T.);
#12460 = VERTEX_POINT('',#12461);
#12461 = CARTESIAN_POINT('',(-6.119143624143,2.52116038869,40.));
#12462 = LINE('',#12463,#12464);
#12463 = CARTESIAN_POINT('',(-6.119143624143,2.52116038869,40.));
#12464 = VECTOR('',#12465,1.);
#12465 = DIRECTION('',(-0.,-0.,-1.));
#12466 = ORIENTED_EDGE('',*,*,#11364,.T.);
#12467 = ORIENTED_EDGE('',*,*,#12435,.F.);
#12468 = ORIENTED_EDGE('',*,*,#12469,.F.);
#12469 = EDGE_CURVE('',#12460,#12436,#12470,.T.);
#12470 = LINE('',#12471,#12472);
#12471 = CARTESIAN_POINT('',(-6.119143624143,2.52116038869,40.));
#12472 = VECTOR('',#12473,1.);
#12473 = DIRECTION('',(-1.,0.,0.));
#12474 = PLANE('',#12475);
#12475 = AXIS2_PLACEMENT_3D('',#12476,#12477,#12478);
#12476 = CARTESIAN_POINT('',(-6.119143624143,2.52116038869,40.));
#12477 = DIRECTION('',(0.,1.,0.));
#12478 = DIRECTION('',(-1.,0.,0.));
#12479 = ADVANCED_FACE('',(#12480),#12498,.T.);
#12480 = FACE_BOUND('',#12481,.T.);
#12481 = EDGE_LOOP('',(#12482,#12490,#12491,#12492));
#12482 = ORIENTED_EDGE('',*,*,#12483,.T.);
#12483 = EDGE_CURVE('',#12484,#11373,#12486,.T.);
#12484 = VERTEX_POINT('',#12485);
#12485 = CARTESIAN_POINT('',(-5.353428566507,2.317404985232,40.));
#12486 = LINE('',#12487,#12488);
#12487 = CARTESIAN_POINT('',(-5.353428566507,2.317404985232,40.));
#12488 = VECTOR('',#12489,1.);
#12489 = DIRECTION('',(-0.,-0.,-1.));
#12490 = ORIENTED_EDGE('',*,*,#11372,.T.);
#12491 = ORIENTED_EDGE('',*,*,#12459,.F.);
#12492 = ORIENTED_EDGE('',*,*,#12493,.F.);
#12493 = EDGE_CURVE('',#12484,#12460,#12494,.T.);
#12494 = B_SPLINE_CURVE_WITH_KNOTS('',2,(#12495,#12496,#12497),
  .UNSPECIFIED.,.F.,.F.,(3,3),(0.,1.),.PIECEWISE_BEZIER_KNOTS.);
#12495 = CARTESIAN_POINT('',(-5.353428566507,2.317404985232,40.));
#12496 = CARTESIAN_POINT('',(-5.604013941146,2.52116038869,40.));
#12497 = CARTESIAN_POINT('',(-6.119143624143,2.52116038869,40.));
#12498 = SURFACE_OF_LINEAR_EXTRUSION('',#12499,#12503);
#12499 = B_SPLINE_CURVE_WITH_KNOTS('',2,(#12500,#12501,#12502),
  .UNSPECIFIED.,.F.,.F.,(3,3),(0.,1.),.PIECEWISE_BEZIER_KNOTS.);
#12500 = CARTESIAN_POINT('',(-5.353428566507,2.317404985232,40.));
#12501 = CARTESIAN_POINT('',(-5.604013941146,2.52116038869,40.));
#12502 = CARTESIAN_POINT('',(-6.119143624143,2.52116038869,40.));
#12503 = VECTOR('',#12504,1.);
#12504 = DIRECTION('',(0.,0.,1.));
#12505 = ADVANCED_FACE('',(#12506),#12524,.T.);
#12506 = FACE_BOUND('',#12507,.T.);
#12507 = EDGE_LOOP('',(#12508,#12516,#12517,#12518));
#12508 = ORIENTED_EDGE('',*,*,#12509,.T.);
#12509 = EDGE_CURVE('',#12510,#11381,#12512,.T.);
#12510 = VERTEX_POINT('',#12511);
#12511 = CARTESIAN_POINT('',(-5.102618047775,1.734056642293,40.));
#12512 = LINE('',#12513,#12514);
#12513 = CARTESIAN_POINT('',(-5.102618047775,1.734056642293,40.));
#12514 = VECTOR('',#12515,1.);
#12515 = DIRECTION('',(-0.,-0.,-1.));
#12516 = ORIENTED_EDGE('',*,*,#11380,.T.);
#12517 = ORIENTED_EDGE('',*,*,#12483,.F.);
#12518 = ORIENTED_EDGE('',*,*,#12519,.F.);
#12519 = EDGE_CURVE('',#12510,#12484,#12520,.T.);
#12520 = B_SPLINE_CURVE_WITH_KNOTS('',2,(#12521,#12522,#12523),
  .UNSPECIFIED.,.F.,.F.,(3,3),(0.,1.),.PIECEWISE_BEZIER_KNOTS.);
#12521 = CARTESIAN_POINT('',(-5.102618047775,1.734056642293,40.));
#12522 = CARTESIAN_POINT('',(-5.102618047775,2.113874725866,40.));
#12523 = CARTESIAN_POINT('',(-5.353428566507,2.317404985232,40.));
#12524 = SURFACE_OF_LINEAR_EXTRUSION('',#12525,#12529);
#12525 = B_SPLINE_CURVE_WITH_KNOTS('',2,(#12526,#12527,#12528),
  .UNSPECIFIED.,.F.,.F.,(3,3),(0.,1.),.PIECEWISE_BEZIER_KNOTS.);
#12526 = CARTESIAN_POINT('',(-5.102618047775,1.734056642293,40.));
#12527 = CARTESIAN_POINT('',(-5.102618047775,2.113874725866,40.));
#12528 = CARTESIAN_POINT('',(-5.353428566507,2.317404985232,40.));
#12529 = VECTOR('',#12530,1.);
#12530 = DIRECTION('',(0.,0.,1.));
#12531 = ADVANCED_FACE('',(#12532),#12550,.T.);
#12532 = FACE_BOUND('',#12533,.T.);
#12533 = EDGE_LOOP('',(#12534,#12542,#12543,#12544));
#12534 = ORIENTED_EDGE('',*,*,#12535,.T.);
#12535 = EDGE_CURVE('',#12536,#11389,#12538,.T.);
#12536 = VERTEX_POINT('',#12537);
#12537 = CARTESIAN_POINT('',(-5.164982961319,1.385308443445,40.));
#12538 = LINE('',#12539,#12540);
#12539 = CARTESIAN_POINT('',(-5.164982961319,1.385308443445,40.));
#12540 = VECTOR('',#12541,1.);
#12541 = DIRECTION('',(-0.,-0.,-1.));
#12542 = ORIENTED_EDGE('',*,*,#11388,.T.);
#12543 = ORIENTED_EDGE('',*,*,#12509,.F.);
#12544 = ORIENTED_EDGE('',*,*,#12545,.F.);
#12545 = EDGE_CURVE('',#12536,#12510,#12546,.T.);
#12546 = B_SPLINE_CURVE_WITH_KNOTS('',2,(#12547,#12548,#12549),
  .UNSPECIFIED.,.F.,.F.,(3,3),(0.,1.),.PIECEWISE_BEZIER_KNOTS.);
#12547 = CARTESIAN_POINT('',(-5.164982961319,1.385308443445,40.));
#12548 = CARTESIAN_POINT('',(-5.102618047775,1.544260172552,40.));
#12549 = CARTESIAN_POINT('',(-5.102618047775,1.734056642293,40.));
#12550 = SURFACE_OF_LINEAR_EXTRUSION('',#12551,#12555);
#12551 = B_SPLINE_CURVE_WITH_KNOTS('',2,(#12552,#12553,#12554),
  .UNSPECIFIED.,.F.,.F.,(3,3),(0.,1.),.PIECEWISE_BEZIER_KNOTS.);
#12552 = CARTESIAN_POINT('',(-5.164982961319,1.385308443445,40.));
#12553 = CARTESIAN_POINT('',(-5.102618047775,1.544260172552,40.));
#12554 = CARTESIAN_POINT('',(-5.102618047775,1.734056642293,40.));
#12555 = VECTOR('',#12556,1.);
#12556 = DIRECTION('',(0.,0.,1.));
#12557 = ADVANCED_FACE('',(#12558),#12576,.T.);
#12558 = FACE_BOUND('',#12559,.T.);
#12559 = EDGE_LOOP('',(#12560,#12568,#12569,#12570));
#12560 = ORIENTED_EDGE('',*,*,#12561,.T.);
#12561 = EDGE_CURVE('',#12562,#11397,#12564,.T.);
#12562 = VERTEX_POINT('',#12563);
#12563 = CARTESIAN_POINT('',(-5.353428566507,1.11085779503,40.));
#12564 = LINE('',#12565,#12566);
#12565 = CARTESIAN_POINT('',(-5.353428566507,1.11085779503,40.));
#12566 = VECTOR('',#12567,1.);
#12567 = DIRECTION('',(-0.,-0.,-1.));
#12568 = ORIENTED_EDGE('',*,*,#11396,.T.);
#12569 = ORIENTED_EDGE('',*,*,#12535,.F.);
#12570 = ORIENTED_EDGE('',*,*,#12571,.F.);
#12571 = EDGE_CURVE('',#12562,#12536,#12572,.T.);
#12572 = B_SPLINE_CURVE_WITH_KNOTS('',2,(#12573,#12574,#12575),
  .UNSPECIFIED.,.F.,.F.,(3,3),(0.,1.),.PIECEWISE_BEZIER_KNOTS.);
#12573 = CARTESIAN_POINT('',(-5.353428566507,1.11085779503,40.));
#12574 = CARTESIAN_POINT('',(-5.227122730772,1.226581858431,40.));
#12575 = CARTESIAN_POINT('',(-5.164982961319,1.385308443445,40.));
#12576 = SURFACE_OF_LINEAR_EXTRUSION('',#12577,#12581);
#12577 = B_SPLINE_CURVE_WITH_KNOTS('',2,(#12578,#12579,#12580),
  .UNSPECIFIED.,.F.,.F.,(3,3),(0.,1.),.PIECEWISE_BEZIER_KNOTS.);
#12578 = CARTESIAN_POINT('',(-5.353428566507,1.11085779503,40.));
#12579 = CARTESIAN_POINT('',(-5.227122730772,1.226581858431,40.));
#12580 = CARTESIAN_POINT('',(-5.164982961319,1.385308443445,40.));
#12581 = VECTOR('',#12582,1.);
#12582 = DIRECTION('',(0.,0.,1.));
#12583 = ADVANCED_FACE('',(#12584),#12602,.T.);
#12584 = FACE_BOUND('',#12585,.T.);
#12585 = EDGE_LOOP('',(#12586,#12594,#12595,#12596));
#12586 = ORIENTED_EDGE('',*,*,#12587,.T.);
#12587 = EDGE_CURVE('',#12588,#11405,#12590,.T.);
#12588 = VERTEX_POINT('',#12589);
#12589 = CARTESIAN_POINT('',(-5.674934330195,0.929616800794,40.));
#12590 = LINE('',#12591,#12592);
#12591 = CARTESIAN_POINT('',(-5.674934330195,0.929616800794,40.));
#12592 = VECTOR('',#12593,1.);
#12593 = DIRECTION('',(-0.,-0.,-1.));
#12594 = ORIENTED_EDGE('',*,*,#11404,.T.);
#12595 = ORIENTED_EDGE('',*,*,#12561,.F.);
#12596 = ORIENTED_EDGE('',*,*,#12597,.F.);
#12597 = EDGE_CURVE('',#12588,#12562,#12598,.T.);
#12598 = B_SPLINE_CURVE_WITH_KNOTS('',2,(#12599,#12600,#12601),
  .UNSPECIFIED.,.F.,.F.,(3,3),(0.,1.),.PIECEWISE_BEZIER_KNOTS.);
#12599 = CARTESIAN_POINT('',(-5.674934330195,0.929616800794,40.));
#12600 = CARTESIAN_POINT('',(-5.479509258149,0.995358875722,40.));
#12601 = CARTESIAN_POINT('',(-5.353428566507,1.11085779503,40.));
#12602 = SURFACE_OF_LINEAR_EXTRUSION('',#12603,#12607);
#12603 = B_SPLINE_CURVE_WITH_KNOTS('',2,(#12604,#12605,#12606),
  .UNSPECIFIED.,.F.,.F.,(3,3),(0.,1.),.PIECEWISE_BEZIER_KNOTS.);
#12604 = CARTESIAN_POINT('',(-5.674934330195,0.929616800794,40.));
#12605 = CARTESIAN_POINT('',(-5.479509258149,0.995358875722,40.));
#12606 = CARTESIAN_POINT('',(-5.353428566507,1.11085779503,40.));
#12607 = VECTOR('',#12608,1.);
#12608 = DIRECTION('',(0.,0.,1.));
#12609 = ADVANCED_FACE('',(#12610),#12621,.T.);
#12610 = FACE_BOUND('',#12611,.T.);
#12611 = EDGE_LOOP('',(#12612,#12613,#12614,#12615));
#12612 = ORIENTED_EDGE('',*,*,#12413,.T.);
#12613 = ORIENTED_EDGE('',*,*,#11412,.T.);
#12614 = ORIENTED_EDGE('',*,*,#12587,.F.);
#12615 = ORIENTED_EDGE('',*,*,#12616,.F.);
#12616 = EDGE_CURVE('',#12414,#12588,#12617,.T.);
#12617 = B_SPLINE_CURVE_WITH_KNOTS('',2,(#12618,#12619,#12620),
  .UNSPECIFIED.,.F.,.F.,(3,3),(0.,1.),.PIECEWISE_BEZIER_KNOTS.);
#12618 = CARTESIAN_POINT('',(-6.133102557861,0.864099869958,40.));
#12619 = CARTESIAN_POINT('',(-5.870359402241,0.864099869958,40.));
#12620 = CARTESIAN_POINT('',(-5.674934330195,0.929616800794,40.));
#12621 = SURFACE_OF_LINEAR_EXTRUSION('',#12622,#12626);
#12622 = B_SPLINE_CURVE_WITH_KNOTS('',2,(#12623,#12624,#12625),
  .UNSPECIFIED.,.F.,.F.,(3,3),(0.,1.),.PIECEWISE_BEZIER_KNOTS.);
#12623 = CARTESIAN_POINT('',(-6.133102557861,0.864099869958,40.));
#12624 = CARTESIAN_POINT('',(-5.870359402241,0.864099869958,40.));
#12625 = CARTESIAN_POINT('',(-5.674934330195,0.929616800794,40.));
#12626 = VECTOR('',#12627,1.);
#12627 = DIRECTION('',(0.,0.,1.));
#12628 = ADVANCED_FACE('',(#12629),#12654,.T.);
#12629 = FACE_BOUND('',#12630,.T.);
#12630 = EDGE_LOOP('',(#12631,#12639,#12640,#12648));
#12631 = ORIENTED_EDGE('',*,*,#12632,.T.);
#12632 = EDGE_CURVE('',#12633,#11483,#12635,.T.);
#12633 = VERTEX_POINT('',#12634);
#12634 = CARTESIAN_POINT('',(7.117077557413,1.224330417509,40.));
#12635 = LINE('',#12636,#12637);
#12636 = CARTESIAN_POINT('',(7.117077557413,1.224330417509,40.));
#12637 = VECTOR('',#12638,1.);
#12638 = DIRECTION('',(-0.,-0.,-1.));
#12639 = ORIENTED_EDGE('',*,*,#11482,.T.);
#12640 = ORIENTED_EDGE('',*,*,#12641,.F.);
#12641 = EDGE_CURVE('',#12642,#11485,#12644,.T.);
#12642 = VERTEX_POINT('',#12643);
#12643 = CARTESIAN_POINT('',(6.532603494012,1.013820691284,40.));
#12644 = LINE('',#12645,#12646);
#12645 = CARTESIAN_POINT('',(6.532603494012,1.013820691284,40.));
#12646 = VECTOR('',#12647,1.);
#12647 = DIRECTION('',(-0.,-0.,-1.));
#12648 = ORIENTED_EDGE('',*,*,#12649,.F.);
#12649 = EDGE_CURVE('',#12633,#12642,#12650,.T.);
#12650 = B_SPLINE_CURVE_WITH_KNOTS('',2,(#12651,#12652,#12653),
  .UNSPECIFIED.,.F.,.F.,(3,3),(0.,1.),.PIECEWISE_BEZIER_KNOTS.);
#12651 = CARTESIAN_POINT('',(7.117077557413,1.224330417509,40.));
#12652 = CARTESIAN_POINT('',(6.743563508421,1.224330417509,40.));
#12653 = CARTESIAN_POINT('',(6.532603494012,1.013820691284,40.));
#12654 = SURFACE_OF_LINEAR_EXTRUSION('',#12655,#12659);
#12655 = B_SPLINE_CURVE_WITH_KNOTS('',2,(#12656,#12657,#12658),
  .UNSPECIFIED.,.F.,.F.,(3,3),(0.,1.),.PIECEWISE_BEZIER_KNOTS.);
#12656 = CARTESIAN_POINT('',(7.117077557413,1.224330417509,40.));
#12657 = CARTESIAN_POINT('',(6.743563508421,1.224330417509,40.));
#12658 = CARTESIAN_POINT('',(6.532603494012,1.013820691284,40.));
#12659 = VECTOR('',#12660,1.);
#12660 = DIRECTION('',(0.,0.,1.));
#12661 = ADVANCED_FACE('',(#12662),#12680,.T.);
#12662 = FACE_BOUND('',#12663,.T.);
#12663 = EDGE_LOOP('',(#12664,#12672,#12673,#12674));
#12664 = ORIENTED_EDGE('',*,*,#12665,.T.);
#12665 = EDGE_CURVE('',#12666,#11493,#12668,.T.);
#12666 = VERTEX_POINT('',#12667);
#12667 = CARTESIAN_POINT('',(7.448939949344,1.160389495318,40.));
#12668 = LINE('',#12669,#12670);
#12669 = CARTESIAN_POINT('',(7.448939949344,1.160389495318,40.));
#12670 = VECTOR('',#12671,1.);
#12671 = DIRECTION('',(-0.,-0.,-1.));
#12672 = ORIENTED_EDGE('',*,*,#11492,.T.);
#12673 = ORIENTED_EDGE('',*,*,#12632,.F.);
#12674 = ORIENTED_EDGE('',*,*,#12675,.F.);
#12675 = EDGE_CURVE('',#12666,#12633,#12676,.T.);
#12676 = B_SPLINE_CURVE_WITH_KNOTS('',2,(#12677,#12678,#12679),
  .UNSPECIFIED.,.F.,.F.,(3,3),(0.,1.),.PIECEWISE_BEZIER_KNOTS.);
#12677 = CARTESIAN_POINT('',(7.448939949344,1.160389495318,40.));
#12678 = CARTESIAN_POINT('',(7.307324315338,1.224330417509,40.));
#12679 = CARTESIAN_POINT('',(7.117077557413,1.224330417509,40.));
#12680 = SURFACE_OF_LINEAR_EXTRUSION('',#12681,#12685);
#12681 = B_SPLINE_CURVE_WITH_KNOTS('',2,(#12682,#12683,#12684),
  .UNSPECIFIED.,.F.,.F.,(3,3),(0.,1.),.PIECEWISE_BEZIER_KNOTS.);
#12682 = CARTESIAN_POINT('',(7.448939949344,1.160389495318,40.));
#12683 = CARTESIAN_POINT('',(7.307324315338,1.224330417509,40.));
#12684 = CARTESIAN_POINT('',(7.117077557413,1.224330417509,40.));
#12685 = VECTOR('',#12686,1.);
#12686 = DIRECTION('',(0.,0.,1.));
#12687 = ADVANCED_FACE('',(#12688),#12706,.T.);
#12688 = FACE_BOUND('',#12689,.T.);
#12689 = EDGE_LOOP('',(#12690,#12698,#12699,#12700));
#12690 = ORIENTED_EDGE('',*,*,#12691,.T.);
#12691 = EDGE_CURVE('',#12692,#11501,#12694,.T.);
#12692 = VERTEX_POINT('',#12693);
#12693 = CARTESIAN_POINT('',(7.684215525712,0.986353112033,40.));
#12694 = LINE('',#12695,#12696);
#12695 = CARTESIAN_POINT('',(7.684215525712,0.986353112033,40.));
#12696 = VECTOR('',#12697,1.);
#12697 = DIRECTION('',(-0.,-0.,-1.));
#12698 = ORIENTED_EDGE('',*,*,#11500,.T.);
#12699 = ORIENTED_EDGE('',*,*,#12665,.F.);
#12700 = ORIENTED_EDGE('',*,*,#12701,.F.);
#12701 = EDGE_CURVE('',#12692,#12666,#12702,.T.);
#12702 = B_SPLINE_CURVE_WITH_KNOTS('',2,(#12703,#12704,#12705),
  .UNSPECIFIED.,.F.,.F.,(3,3),(0.,1.),.PIECEWISE_BEZIER_KNOTS.);
#12703 = CARTESIAN_POINT('',(7.684215525712,0.986353112033,40.));
#12704 = CARTESIAN_POINT('',(7.590780727442,1.096673717221,40.));
#12705 = CARTESIAN_POINT('',(7.448939949344,1.160389495318,40.));
#12706 = SURFACE_OF_LINEAR_EXTRUSION('',#12707,#12711);
#12707 = B_SPLINE_CURVE_WITH_KNOTS('',2,(#12708,#12709,#12710),
  .UNSPECIFIED.,.F.,.F.,(3,3),(0.,1.),.PIECEWISE_BEZIER_KNOTS.);
#12708 = CARTESIAN_POINT('',(7.684215525712,0.986353112033,40.));
#12709 = CARTESIAN_POINT('',(7.590780727442,1.096673717221,40.));
#12710 = CARTESIAN_POINT('',(7.448939949344,1.160389495318,40.));
#12711 = VECTOR('',#12712,1.);
#12712 = DIRECTION('',(0.,0.,1.));
#12713 = ADVANCED_FACE('',(#12714),#12732,.T.);
#12714 = FACE_BOUND('',#12715,.T.);
#12715 = EDGE_LOOP('',(#12716,#12724,#12725,#12726));
#12716 = ORIENTED_EDGE('',*,*,#12717,.T.);
#12717 = EDGE_CURVE('',#12718,#11509,#12720,.T.);
#12718 = VERTEX_POINT('',#12719);
#12719 = CARTESIAN_POINT('',(7.822453998335,0.729463702811,40.));
#12720 = LINE('',#12721,#12722);
#12721 = CARTESIAN_POINT('',(7.822453998335,0.729463702811,40.));
#12722 = VECTOR('',#12723,1.);
#12723 = DIRECTION('',(-0.,-0.,-1.));
#12724 = ORIENTED_EDGE('',*,*,#11508,.T.);
#12725 = ORIENTED_EDGE('',*,*,#12691,.F.);
#12726 = ORIENTED_EDGE('',*,*,#12727,.F.);
#12727 = EDGE_CURVE('',#12718,#12692,#12728,.T.);
#12728 = B_SPLINE_CURVE_WITH_KNOTS('',2,(#12729,#12730,#12731),
  .UNSPECIFIED.,.F.,.F.,(3,3),(0.,1.),.PIECEWISE_BEZIER_KNOTS.);
#12729 = CARTESIAN_POINT('',(7.822453998335,0.729463702811,40.));
#12730 = CARTESIAN_POINT('',(7.777650323983,0.876032506846,40.));
#12731 = CARTESIAN_POINT('',(7.684215525712,0.986353112033,40.));
#12732 = SURFACE_OF_LINEAR_EXTRUSION('',#12733,#12737);
#12733 = B_SPLINE_CURVE_WITH_KNOTS('',2,(#12734,#12735,#12736),
  .UNSPECIFIED.,.F.,.F.,(3,3),(0.,1.),.PIECEWISE_BEZIER_KNOTS.);
#12734 = CARTESIAN_POINT('',(7.822453998335,0.729463702811,40.));
#12735 = CARTESIAN_POINT('',(7.777650323983,0.876032506846,40.));
#12736 = CARTESIAN_POINT('',(7.684215525712,0.986353112033,40.));
#12737 = VECTOR('',#12738,1.);
#12738 = DIRECTION('',(0.,0.,1.));
#12739 = ADVANCED_FACE('',(#12740),#12758,.T.);
#12740 = FACE_BOUND('',#12741,.T.);
#12741 = EDGE_LOOP('',(#12742,#12750,#12751,#12752));
#12742 = ORIENTED_EDGE('',*,*,#12743,.T.);
#12743 = EDGE_CURVE('',#12744,#11517,#12746,.T.);
#12744 = VERTEX_POINT('',#12745);
#12745 = CARTESIAN_POINT('',(7.867482816779,0.417413990996,40.));
#12746 = LINE('',#12747,#12748);
#12747 = CARTESIAN_POINT('',(7.867482816779,0.417413990996,40.));
#12748 = VECTOR('',#12749,1.);
#12749 = DIRECTION('',(-0.,-0.,-1.));
#12750 = ORIENTED_EDGE('',*,*,#11516,.T.);
#12751 = ORIENTED_EDGE('',*,*,#12717,.F.);
#12752 = ORIENTED_EDGE('',*,*,#12753,.F.);
#12753 = EDGE_CURVE('',#12744,#12718,#12754,.T.);
#12754 = B_SPLINE_CURVE_WITH_KNOTS('',2,(#12755,#12756,#12757),
  .UNSPECIFIED.,.F.,.F.,(3,3),(0.,1.),.PIECEWISE_BEZIER_KNOTS.);
#12755 = CARTESIAN_POINT('',(7.867482816779,0.417413990996,40.));
#12756 = CARTESIAN_POINT('',(7.867482816779,0.582894898777,40.));
#12757 = CARTESIAN_POINT('',(7.822453998335,0.729463702811,40.));
#12758 = SURFACE_OF_LINEAR_EXTRUSION('',#12759,#12763);
#12759 = B_SPLINE_CURVE_WITH_KNOTS('',2,(#12760,#12761,#12762),
  .UNSPECIFIED.,.F.,.F.,(3,3),(0.,1.),.PIECEWISE_BEZIER_KNOTS.);
#12760 = CARTESIAN_POINT('',(7.867482816779,0.417413990996,40.));
#12761 = CARTESIAN_POINT('',(7.867482816779,0.582894898777,40.));
#12762 = CARTESIAN_POINT('',(7.822453998335,0.729463702811,40.));
#12763 = VECTOR('',#12764,1.);
#12764 = DIRECTION('',(0.,0.,1.));
#12765 = ADVANCED_FACE('',(#12766),#12784,.T.);
#12766 = FACE_BOUND('',#12767,.T.);
#12767 = EDGE_LOOP('',(#12768,#12776,#12777,#12778));
#12768 = ORIENTED_EDGE('',*,*,#12769,.T.);
#12769 = EDGE_CURVE('',#12770,#11525,#12772,.T.);
#12770 = VERTEX_POINT('',#12771);
#12771 = CARTESIAN_POINT('',(6.262880871534,0.417413990996,40.));
#12772 = LINE('',#12773,#12774);
#12773 = CARTESIAN_POINT('',(6.262880871534,0.417413990996,40.));
#12774 = VECTOR('',#12775,1.);
#12775 = DIRECTION('',(-0.,-0.,-1.));
#12776 = ORIENTED_EDGE('',*,*,#11524,.T.);
#12777 = ORIENTED_EDGE('',*,*,#12743,.F.);
#12778 = ORIENTED_EDGE('',*,*,#12779,.F.);
#12779 = EDGE_CURVE('',#12770,#12744,#12780,.T.);
#12780 = LINE('',#12781,#12782);
#12781 = CARTESIAN_POINT('',(6.262880871534,0.417413990996,40.));
#12782 = VECTOR('',#12783,1.);
#12783 = DIRECTION('',(1.,0.,0.));
#12784 = PLANE('',#12785);
#12785 = AXIS2_PLACEMENT_3D('',#12786,#12787,#12788);
#12786 = CARTESIAN_POINT('',(6.262880871534,0.417413990996,40.));
#12787 = DIRECTION('',(0.,-1.,0.));
#12788 = DIRECTION('',(1.,0.,0.));
#12789 = ADVANCED_FACE('',(#12790),#12801,.T.);
#12790 = FACE_BOUND('',#12791,.T.);
#12791 = EDGE_LOOP('',(#12792,#12793,#12794,#12795));
#12792 = ORIENTED_EDGE('',*,*,#12641,.T.);
#12793 = ORIENTED_EDGE('',*,*,#11532,.T.);
#12794 = ORIENTED_EDGE('',*,*,#12769,.F.);
#12795 = ORIENTED_EDGE('',*,*,#12796,.F.);
#12796 = EDGE_CURVE('',#12642,#12770,#12797,.T.);
#12797 = B_SPLINE_CURVE_WITH_KNOTS('',2,(#12798,#12799,#12800),
  .UNSPECIFIED.,.F.,.F.,(3,3),(0.,1.),.PIECEWISE_BEZIER_KNOTS.);
#12798 = CARTESIAN_POINT('',(6.532603494012,1.013820691284,40.));
#12799 = CARTESIAN_POINT('',(6.321643479603,0.803536109151,40.));
#12800 = CARTESIAN_POINT('',(6.262880871534,0.417413990996,40.));
#12801 = SURFACE_OF_LINEAR_EXTRUSION('',#12802,#12806);
#12802 = B_SPLINE_CURVE_WITH_KNOTS('',2,(#12803,#12804,#12805),
  .UNSPECIFIED.,.F.,.F.,(3,3),(0.,1.),.PIECEWISE_BEZIER_KNOTS.);
#12803 = CARTESIAN_POINT('',(6.532603494012,1.013820691284,40.));
#12804 = CARTESIAN_POINT('',(6.321643479603,0.803536109151,40.));
#12805 = CARTESIAN_POINT('',(6.262880871534,0.417413990996,40.));
#12806 = VECTOR('',#12807,1.);
#12807 = DIRECTION('',(0.,0.,1.));
#12808 = ADVANCED_FACE('',(#12809),#12827,.T.);
#12809 = FACE_BOUND('',#12810,.T.);
#12810 = EDGE_LOOP('',(#12811,#12812,#12813,#12814,#12815,#12816,#12817,
    #12818,#12819,#12820,#12821,#12822,#12823,#12824,#12825,#12826));
#12811 = ORIENTED_EDGE('',*,*,#11615,.T.);
#12812 = ORIENTED_EDGE('',*,*,#11589,.T.);
#12813 = ORIENTED_EDGE('',*,*,#11972,.T.);
#12814 = ORIENTED_EDGE('',*,*,#11953,.T.);
#12815 = ORIENTED_EDGE('',*,*,#11927,.T.);
#12816 = ORIENTED_EDGE('',*,*,#11901,.T.);
#12817 = ORIENTED_EDGE('',*,*,#11875,.T.);
#12818 = ORIENTED_EDGE('',*,*,#11849,.T.);
#12819 = ORIENTED_EDGE('',*,*,#11823,.T.);
#12820 = ORIENTED_EDGE('',*,*,#11797,.T.);
#12821 = ORIENTED_EDGE('',*,*,#11771,.T.);
#12822 = ORIENTED_EDGE('',*,*,#11745,.T.);
#12823 = ORIENTED_EDGE('',*,*,#11719,.T.);
#12824 = ORIENTED_EDGE('',*,*,#11693,.T.);
#12825 = ORIENTED_EDGE('',*,*,#11667,.T.);
#12826 = ORIENTED_EDGE('',*,*,#11641,.T.);
#12827 = PLANE('',#12828);
#12828 = AXIS2_PLACEMENT_3D('',#12829,#12830,#12831);
#12829 = CARTESIAN_POINT('',(-1.093952106032E-15,1.371473012632E-15,40.)
  );
#12830 = DIRECTION('',(0.,0.,1.));
#12831 = DIRECTION('',(1.,0.,0.));
#12832 = ADVANCED_FACE('',(#12833),#12851,.T.);
#12833 = FACE_BOUND('',#12834,.T.);
#12834 = EDGE_LOOP('',(#12835,#12836,#12837,#12838,#12839,#12840,#12841,
    #12842,#12843,#12844,#12845,#12846,#12847,#12848,#12849,#12850));
#12835 = ORIENTED_EDGE('',*,*,#12031,.T.);
#12836 = ORIENTED_EDGE('',*,*,#12005,.T.);
#12837 = ORIENTED_EDGE('',*,*,#12388,.T.);
#12838 = ORIENTED_EDGE('',*,*,#12369,.T.);
#12839 = ORIENTED_EDGE('',*,*,#12343,.T.);
#12840 = ORIENTED_EDGE('',*,*,#12317,.T.);
#12841 = ORIENTED_EDGE('',*,*,#12291,.T.);
#12842 = ORIENTED_EDGE('',*,*,#12265,.T.);
#12843 = ORIENTED_EDGE('',*,*,#12239,.T.);
#12844 = ORIENTED_EDGE('',*,*,#12213,.T.);
#12845 = ORIENTED_EDGE('',*,*,#12187,.T.);
#12846 = ORIENTED_EDGE('',*,*,#12161,.T.);
#12847 = ORIENTED_EDGE('',*,*,#12135,.T.);
#12848 = ORIENTED_EDGE('',*,*,#12109,.T.);
#12849 = ORIENTED_EDGE('',*,*,#12083,.T.);
#12850 = ORIENTED_EDGE('',*,*,#12057,.T.);
#12851 = PLANE('',#12852);
#12852 = AXIS2_PLACEMENT_3D('',#12853,#12854,#12855);
#12853 = CARTESIAN_POINT('',(-1.093952106032E-15,1.371473012632E-15,40.)
  );
#12854 = DIRECTION('',(0.,0.,1.));
#12855 = DIRECTION('',(1.,0.,0.));
#12856 = ADVANCED_FACE('',(#12857),#12868,.T.);
#12857 = FACE_BOUND('',#12858,.T.);
#12858 = EDGE_LOOP('',(#12859,#12860,#12861,#12862,#12863,#12864,#12865,
    #12866,#12867));
#12859 = ORIENTED_EDGE('',*,*,#12445,.T.);
#12860 = ORIENTED_EDGE('',*,*,#12421,.T.);
#12861 = ORIENTED_EDGE('',*,*,#12616,.T.);
#12862 = ORIENTED_EDGE('',*,*,#12597,.T.);
#12863 = ORIENTED_EDGE('',*,*,#12571,.T.);
#12864 = ORIENTED_EDGE('',*,*,#12545,.T.);
#12865 = ORIENTED_EDGE('',*,*,#12519,.T.);
#12866 = ORIENTED_EDGE('',*,*,#12493,.T.);
#12867 = ORIENTED_EDGE('',*,*,#12469,.T.);
#12868 = PLANE('',#12869);
#12869 = AXIS2_PLACEMENT_3D('',#12870,#12871,#12872);
#12870 = CARTESIAN_POINT('',(-1.093952106032E-15,1.371473012632E-15,40.)
  );
#12871 = DIRECTION('',(0.,0.,1.));
#12872 = DIRECTION('',(1.,0.,0.));
#12873 = ADVANCED_FACE('',(#12874),#12883,.T.);
#12874 = FACE_BOUND('',#12875,.T.);
#12875 = EDGE_LOOP('',(#12876,#12877,#12878,#12879,#12880,#12881,#12882)
  );
#12876 = ORIENTED_EDGE('',*,*,#12675,.T.);
#12877 = ORIENTED_EDGE('',*,*,#12649,.T.);
#12878 = ORIENTED_EDGE('',*,*,#12796,.T.);
#12879 = ORIENTED_EDGE('',*,*,#12779,.T.);
#12880 = ORIENTED_EDGE('',*,*,#12753,.T.);
#12881 = ORIENTED_EDGE('',*,*,#12727,.T.);
#12882 = ORIENTED_EDGE('',*,*,#12701,.T.);
#12883 = PLANE('',#12884);
#12884 = AXIS2_PLACEMENT_3D('',#12885,#12886,#12887);
#12885 = CARTESIAN_POINT('',(-1.093952106032E-15,1.371473012632E-15,40.)
  );
#12886 = DIRECTION('',(0.,0.,1.));
#12887 = DIRECTION('',(1.,0.,0.));
#12888 = ( GEOMETRIC_REPRESENTATION_CONTEXT(3) 
GLOBAL_UNCERTAINTY_ASSIGNED_CONTEXT((#12892)) 
GLOBAL_UNIT_ASSIGNED_CONTEXT((#12889,#12890,#12891)) 
REPRESENTATION_CONTEXT('Context #1',
  '3D Context with UNIT and UNCERTAINTY') );
#12889 = ( LENGTH_UNIT() NAMED_UNIT(*) SI_UNIT(.MILLI.,.METRE.) );
#12890 = ( NAMED_UNIT(*) PLANE_ANGLE_UNIT() SI_UNIT($,.RADIAN.) );
#12891 = ( NAMED_UNIT(*) SI_UNIT($,.STERADIAN.) SOLID_ANGLE_UNIT() );
#12892 = UNCERTAINTY_MEASURE_WITH_UNIT(LENGTH_MEASURE(5.E-07),#12889,
  'distance_accuracy_value','confusion accuracy');
#12893 = PRODUCT_RELATED_PRODUCT_CATEGORY('part',$,(#7));
#12894 = MECHANICAL_DESIGN_GEOMETRIC_PRESENTATION_REPRESENTATION('',(
    #12895),#12888);
#12895 = STYLED_ITEM('color',(#12896),#15);
#12896 = PRESENTATION_STYLE_ASSIGNMENT((#12897,#12903));
#12897 = SURFACE_STYLE_USAGE(.BOTH.,#12898);
#12898 = SURFACE_SIDE_STYLE('',(#12899));
#12899 = SURFACE_STYLE_FILL_AREA(#12900);
#12900 = FILL_AREA_STYLE('',(#12901));
#12901 = FILL_AREA_STYLE_COLOUR('',#12902);
#12902 = COLOUR_RGB('',0.678431390124,0.709803936702,0.741176476869);
#12903 = CURVE_STYLE('',#12904,POSITIVE_LENGTH_MEASURE(0.1),#12905);
#12904 = DRAUGHTING_PRE_DEFINED_CURVE_FONT('continuous');
#12905 = COLOUR_RGB('',9.803921802644E-02,9.803921802644E-02,
  9.803921802644E-02);
ENDSEC;
END-ISO-10303-21;
